lg,impl,rep,ms
10,KACTL,0,0.029434
10,simd-v0,0,0.007905
10,393435,0,0.004081
10,ours-406478,0,0.003049
10,simd-v0,1,0.007524
10,393435,1,0.004072
10,ours-406478,1,0.003054
10,KACTL,1,0.029521
10,393435,2,0.004435
10,ours-406478,2,0.003036
10,KACTL,2,0.029470
10,simd-v0,2,0.007664
10,ours-406478,3,0.003052
10,KACTL,3,0.029401
10,simd-v0,3,0.007651
10,393435,3,0.004018
10,KACTL,4,0.029407
10,simd-v0,4,0.007561
10,393435,4,0.004045
10,ours-406478,4,0.003057
10,simd-v0,5,0.007512
10,393435,5,0.004028
10,ours-406478,5,0.003030
10,KACTL,5,0.029533
10,393435,6,0.004414
10,ours-406478,6,0.003033
10,KACTL,6,0.029633
10,simd-v0,6,0.007660
10,ours-406478,7,0.003043
10,KACTL,7,0.029737
10,simd-v0,7,0.007688
10,393435,7,0.004020
10,KACTL,8,0.029636
10,simd-v0,8,0.007656
10,393435,8,0.004037
10,ours-406478,8,0.003060
10,simd-v0,9,0.007532
10,393435,9,0.004014
10,ours-406478,9,0.003027
10,KACTL,9,0.029488
10,393435,10,0.004398
10,ours-406478,10,0.003037
10,KACTL,10,0.029399
10,simd-v0,10,0.007681
10,ours-406478,11,0.003073
10,KACTL,11,0.029428
10,simd-v0,11,0.007675
10,393435,11,0.004048
10,KACTL,12,0.029340
10,simd-v0,12,0.007648
10,393435,12,0.004016
10,ours-406478,12,0.003043
10,simd-v0,13,0.007522
10,393435,13,0.004037
10,ours-406478,13,0.003036
10,KACTL,13,0.029387
10,393435,14,0.004424
10,ours-406478,14,0.003017
10,KACTL,14,0.029375
10,simd-v0,14,0.007648
10,ours-406478,15,0.003038
10,KACTL,15,0.029397
10,simd-v0,15,0.007671
10,393435,15,0.004037
10,KACTL,16,0.029343
10,simd-v0,16,0.007686
10,393435,16,0.004036
10,ours-406478,16,0.003065
10,simd-v0,17,0.007523
10,393435,17,0.004019
10,ours-406478,17,0.003049
10,KACTL,17,0.029425
10,393435,18,0.004419
10,ours-406478,18,0.003038
10,KACTL,18,0.029304
10,simd-v0,18,0.007646
10,ours-406478,19,0.003051
10,KACTL,19,0.029436
10,simd-v0,19,0.007671
10,393435,19,0.004024
10,KACTL,20,0.029441
10,simd-v0,20,0.007680
10,393435,20,0.009173
10,ours-406478,20,0.003034
10,simd-v0,21,0.007536
10,393435,21,0.004066
10,ours-406478,21,0.003020
10,KACTL,21,0.029644
10,393435,22,0.004412
10,ours-406478,22,0.003029
10,KACTL,22,0.029328
10,simd-v0,22,0.007666
10,ours-406478,23,0.003059
10,KACTL,23,0.029413
10,simd-v0,23,0.007633
10,393435,23,0.004025
10,KACTL,24,0.029320
10,simd-v0,24,0.007674
10,393435,24,0.004032
10,ours-406478,24,0.003038
10,simd-v0,25,0.007514
10,393435,25,0.004028
10,ours-406478,25,0.003029
10,KACTL,25,0.029410
10,393435,26,0.004431
10,ours-406478,26,0.003023
10,KACTL,26,0.029580
10,simd-v0,26,0.007656
10,ours-406478,27,0.003050
10,KACTL,27,0.029658
10,simd-v0,27,0.007681
10,393435,27,0.004020
10,KACTL,28,0.029353
10,simd-v0,28,0.007649
10,393435,28,0.004027
10,ours-406478,28,0.003045
10,simd-v0,29,0.007525
10,393435,29,0.004034
10,ours-406478,29,0.003018
10,KACTL,29,0.029699
10,393435,30,0.004406
10,ours-406478,30,0.003021
10,KACTL,30,0.029575
10,simd-v0,30,0.007673
10,ours-406478,31,0.003063
10,KACTL,31,0.029404
10,simd-v0,31,0.007666
10,393435,31,0.004026
10,KACTL,32,0.029399
10,simd-v0,32,0.007651
10,393435,32,0.004042
10,ours-406478,32,0.003051
10,simd-v0,33,0.007536
10,393435,33,0.004047
10,ours-406478,33,0.003026
10,KACTL,33,0.029402
10,393435,34,0.004424
10,ours-406478,34,0.003010
10,KACTL,34,0.029261
10,simd-v0,34,0.007642
10,ours-406478,35,0.003045
10,KACTL,35,0.029371
10,simd-v0,35,0.007672
10,393435,35,0.004045
10,KACTL,36,0.029381
10,simd-v0,36,0.007660
10,393435,36,0.004030
10,ours-406478,36,0.003047
10,simd-v0,37,0.007490
10,393435,37,0.004020
10,ours-406478,37,0.003035
10,KACTL,37,0.029408
10,393435,38,0.004442
10,ours-406478,38,0.003028
10,KACTL,38,0.029529
10,simd-v0,38,0.007653
10,ours-406478,39,0.003016
10,KACTL,39,0.029628
10,simd-v0,39,0.007674
10,393435,39,0.004069
10,KACTL,40,0.029596
10,simd-v0,40,0.007691
10,393435,40,0.004019
10,ours-406478,40,0.003048
10,simd-v0,41,0.007499
10,393435,41,0.004004
10,ours-406478,41,0.003046
10,KACTL,41,0.029421
10,393435,42,0.004458
10,ours-406478,42,0.003033
10,KACTL,42,0.058537
10,simd-v0,42,0.007689
10,ours-406478,43,0.003053
10,KACTL,43,0.029430
10,simd-v0,43,0.007664
10,393435,43,0.004056
10,KACTL,44,0.029350
10,simd-v0,44,0.007669
10,393435,44,0.004437
10,ours-406478,44,0.003069
10,simd-v0,45,0.007516
10,393435,45,0.004013
10,ours-406478,45,0.003067
10,KACTL,45,0.029446
10,393435,46,0.004519
10,ours-406478,46,0.003025
10,KACTL,46,0.029378
10,simd-v0,46,0.007686
10,ours-406478,47,0.003055
10,KACTL,47,0.029372
10,simd-v0,47,0.007672
10,393435,47,0.004041
10,KACTL,48,0.029406
10,simd-v0,48,0.007639
10,393435,48,0.004016
10,ours-406478,48,0.003063
10,simd-v0,49,0.007503
10,393435,49,0.004026
10,ours-406478,49,0.003036
10,KACTL,49,0.029693
10,393435,50,0.004398
10,ours-406478,50,0.003022
10,KACTL,50,0.029370
10,simd-v0,50,0.007670
10,ours-406478,51,0.003053
10,KACTL,51,0.029438
10,simd-v0,51,0.007655
10,393435,51,0.004065
10,KACTL,52,0.029407
10,simd-v0,52,0.007672
10,393435,52,0.004021
10,ours-406478,52,0.003048
10,simd-v0,53,0.007513
10,393435,53,0.004031
10,ours-406478,53,0.003046
10,KACTL,53,0.029460
10,393435,54,0.004484
10,ours-406478,54,0.003036
10,KACTL,54,0.029548
10,simd-v0,54,0.007653
10,ours-406478,55,0.003029
10,KACTL,55,0.029415
10,simd-v0,55,0.007508
10,393435,55,0.004028
10,KACTL,56,0.029671
10,simd-v0,56,0.007538
10,393435,56,0.004022
10,ours-406478,56,0.003053
10,simd-v0,57,0.007513
10,393435,57,0.004029
10,ours-406478,57,0.003047
10,KACTL,57,0.029458
10,393435,58,0.004041
10,ours-406478,58,0.003019
10,KACTL,58,0.029309
10,simd-v0,58,0.007528
10,ours-406478,59,0.003062
10,KACTL,59,0.029407
10,simd-v0,59,0.007512
10,393435,59,0.004025
10,KACTL,60,0.029394
10,simd-v0,60,0.007522
10,393435,60,0.004044
10,ours-406478,60,0.003041
10,simd-v0,61,0.007507
10,393435,61,0.004012
10,ours-406478,61,0.003036
10,KACTL,61,0.029491
10,393435,62,0.004031
10,ours-406478,62,0.003029
10,KACTL,62,0.029418
10,simd-v0,62,0.007506
10,ours-406478,63,0.003059
10,KACTL,63,0.034932
10,simd-v0,63,0.007537
10,393435,63,0.004030
10,KACTL,64,0.029290
10,simd-v0,64,0.007515
10,393435,64,0.004035
10,ours-406478,64,0.003052
10,simd-v0,65,0.007530
10,393435,65,0.004010
10,ours-406478,65,0.003030
10,KACTL,65,0.029469
10,393435,66,0.004016
10,ours-406478,66,0.003004
10,KACTL,66,0.029364
10,simd-v0,66,0.007513
10,ours-406478,67,0.003058
10,KACTL,67,0.029410
10,simd-v0,67,0.007514
10,393435,67,0.004009
10,KACTL,68,0.029434
10,simd-v0,68,0.007521
10,393435,68,0.004025
10,ours-406478,68,0.003064
10,simd-v0,69,0.007556
10,393435,69,0.004008
10,ours-406478,69,0.003027
10,KACTL,69,0.029435
10,393435,70,0.004019
10,ours-406478,70,0.003008
10,KACTL,70,0.029444
10,simd-v0,70,0.007485
10,ours-406478,71,0.003045
10,KACTL,71,0.029420
10,simd-v0,71,0.007534
10,393435,71,0.004041
10,KACTL,72,0.029398
10,simd-v0,72,0.007517
10,393435,72,0.004008
10,ours-406478,72,0.003046
10,simd-v0,73,0.007511
10,393435,73,0.003998
10,ours-406478,73,0.003028
10,KACTL,73,0.029377
10,393435,74,0.004021
10,ours-406478,74,0.003031
10,KACTL,74,0.029306
10,simd-v0,74,0.007511
10,ours-406478,75,0.003060
10,KACTL,75,0.029425
10,simd-v0,75,0.007513
10,393435,75,0.004041
10,KACTL,76,0.029369
10,simd-v0,76,0.007519
10,393435,76,0.004026
10,ours-406478,76,0.003045
10,simd-v0,77,0.007527
10,393435,77,0.004002
10,ours-406478,77,0.003026
10,KACTL,77,0.029643
10,393435,78,0.004408
10,ours-406478,78,0.003027
10,KACTL,78,0.029400
10,simd-v0,78,0.007673
10,ours-406478,79,0.003045
10,KACTL,79,0.029388
10,simd-v0,79,0.007649
10,393435,79,0.004011
10,KACTL,80,0.029387
10,simd-v0,80,0.007650
10,393435,80,0.004023
10,ours-406478,80,0.003053
10,simd-v0,81,0.007512
10,393435,81,0.004013
10,ours-406478,81,0.003059
10,KACTL,81,0.029436
10,393435,82,0.004429
10,ours-406478,82,0.003019
10,KACTL,82,0.029370
10,simd-v0,82,0.007662
10,ours-406478,83,0.003038
10,KACTL,83,0.029375
10,simd-v0,83,0.007686
10,393435,83,0.004023
10,KACTL,84,0.029395
10,simd-v0,84,0.007672
10,393435,84,0.004015
10,ours-406478,84,0.007945
10,simd-v0,85,0.007524
10,393435,85,0.004003
10,ours-406478,85,0.003006
10,KACTL,85,0.029488
10,393435,86,0.004488
10,ours-406478,86,0.003013
10,KACTL,86,0.029385
10,simd-v0,86,0.007660
10,ours-406478,87,0.003042
10,KACTL,87,0.029442
10,simd-v0,87,0.007665
10,393435,87,0.004018
10,KACTL,88,0.029340
10,simd-v0,88,0.007668
10,393435,88,0.004019
10,ours-406478,88,0.003019
10,simd-v0,89,0.007511
10,393435,89,0.004024
10,ours-406478,89,0.003028
10,KACTL,89,0.029749
10,393435,90,0.004417
10,ours-406478,90,0.003018
10,KACTL,90,0.029404
10,simd-v0,90,0.007664
10,ours-406478,91,0.003065
10,KACTL,91,0.029396
10,simd-v0,91,0.007665
10,393435,91,0.004027
10,KACTL,92,0.029320
10,simd-v0,92,0.007679
10,393435,92,0.004019
10,ours-406478,92,0.003045
10,simd-v0,93,0.007515
10,393435,93,0.003999
10,ours-406478,93,0.003044
10,KACTL,93,0.029379
10,393435,94,0.004458
10,ours-406478,94,0.003024
10,KACTL,94,0.029344
10,simd-v0,94,0.007653
10,ours-406478,95,0.003043
10,KACTL,95,0.029397
10,simd-v0,95,0.007676
10,393435,95,0.004016
10,KACTL,96,0.029397
10,simd-v0,96,0.007643
10,393435,96,0.004027
10,ours-406478,96,0.003042
10,simd-v0,97,0.007502
10,393435,97,0.004005
10,ours-406478,97,0.003027
10,KACTL,97,0.029414
10,393435,98,0.004518
10,ours-406478,98,0.003033
10,KACTL,98,0.029321
10,simd-v0,98,0.007663
10,ours-406478,99,0.003058
10,KACTL,99,0.029412
10,simd-v0,99,0.007519
10,393435,99,0.004027
10,KACTL,100,0.029375
10,simd-v0,100,0.007505
10,393435,100,0.004037
10,ours-406478,100,0.003057
10,simd-v0,101,0.007518
10,393435,101,0.004006
10,ours-406478,101,0.003020
10,KACTL,101,0.031583
10,393435,102,0.004038
10,ours-406478,102,0.003022
10,KACTL,102,0.029416
10,simd-v0,102,0.007505
10,ours-406478,103,0.003026
10,KACTL,103,0.029631
10,simd-v0,103,0.007500
10,393435,103,0.004023
10,KACTL,104,0.029374
10,simd-v0,104,0.007508
10,393435,104,0.004024
10,ours-406478,104,0.003053
10,simd-v0,105,0.007509
10,393435,105,0.004014
10,ours-406478,105,0.003032
10,KACTL,105,0.029677
10,393435,106,0.004039
10,ours-406478,106,0.003033
10,KACTL,106,0.034324
10,simd-v0,106,0.007526
10,ours-406478,107,0.003069
10,KACTL,107,0.029615
10,simd-v0,107,0.007513
10,393435,107,0.004024
10,KACTL,108,0.029592
10,simd-v0,108,0.007511
10,393435,108,0.004032
10,ours-406478,108,0.003045
10,simd-v0,109,0.007543
10,393435,109,0.004006
10,ours-406478,109,0.003033
10,KACTL,109,0.029423
10,393435,110,0.004025
10,ours-406478,110,0.003010
10,KACTL,110,0.029394
10,simd-v0,110,0.007482
10,ours-406478,111,0.003037
10,KACTL,111,0.029515
10,simd-v0,111,0.007530
10,393435,111,0.004023
10,KACTL,112,0.029617
10,simd-v0,112,0.007504
10,393435,112,0.004001
10,ours-406478,112,0.003044
10,simd-v0,113,0.007501
10,393435,113,0.004004
10,ours-406478,113,0.003052
10,KACTL,113,0.029453
10,393435,114,0.004043
10,ours-406478,114,0.003037
10,KACTL,114,0.029576
10,simd-v0,114,0.007508
10,ours-406478,115,0.003036
10,KACTL,115,0.029595
10,simd-v0,115,0.007533
10,393435,115,0.004017
10,KACTL,116,0.029400
10,simd-v0,116,0.007512
10,393435,116,0.004020
10,ours-406478,116,0.003057
10,simd-v0,117,0.007534
10,393435,117,0.004008
10,ours-406478,117,0.003026
10,KACTL,117,0.029384
10,393435,118,0.004033
10,ours-406478,118,0.003050
10,KACTL,118,0.029341
10,simd-v0,118,0.007516
10,ours-406478,119,0.003060
10,KACTL,119,0.029433
10,simd-v0,119,0.007546
10,393435,119,0.004017
10,KACTL,120,0.029366
10,simd-v0,120,0.007513
10,393435,120,0.004030
10,ours-406478,120,0.003060
10,simd-v0,121,0.007548
10,393435,121,0.004001
10,ours-406478,121,0.003022
10,KACTL,121,0.029436
10,393435,122,0.004028
10,ours-406478,122,0.003024
10,KACTL,122,0.029364
10,simd-v0,122,0.007667
10,ours-406478,123,0.003081
10,KACTL,123,0.029715
10,simd-v0,123,0.007689
10,393435,123,0.004032
10,KACTL,124,0.029692
10,simd-v0,124,0.007669
10,393435,124,0.004007
10,ours-406478,124,0.003054
10,simd-v0,125,0.007501
10,393435,125,0.004005
10,ours-406478,125,0.003031
10,KACTL,125,0.029437
10,393435,126,0.004504
10,ours-406478,126,0.003016
10,KACTL,126,0.029403
10,simd-v0,126,0.007649
10,ours-406478,127,0.003049
10,KACTL,127,0.029416
10,simd-v0,127,0.007677
10,393435,127,0.004038
10,KACTL,128,0.037495
10,simd-v0,128,0.007685
10,393435,128,0.004033
10,ours-406478,128,0.003038
10,simd-v0,129,0.007516
10,393435,129,0.004010
10,ours-406478,129,0.003045
10,KACTL,129,0.030321
10,393435,130,0.004411
10,ours-406478,130,0.003031
10,KACTL,130,0.029587
10,simd-v0,130,0.007648
10,ours-406478,131,0.003040
10,KACTL,131,0.029611
10,simd-v0,131,0.007664
10,393435,131,0.004019
10,KACTL,132,0.029449
10,simd-v0,132,0.007642
10,393435,132,0.004012
10,ours-406478,132,0.003049
10,simd-v0,133,0.007513
10,393435,133,0.004001
10,ours-406478,133,0.003017
10,KACTL,133,0.029413
10,393435,134,0.004467
10,ours-406478,134,0.003007
10,KACTL,134,0.029372
10,simd-v0,134,0.007657
10,ours-406478,135,0.003050
10,KACTL,135,0.029385
10,simd-v0,135,0.007639
10,393435,135,0.004021
10,KACTL,136,0.029373
10,simd-v0,136,0.007661
10,393435,136,0.004020
10,ours-406478,136,0.003052
10,simd-v0,137,0.007498
10,393435,137,0.004002
10,ours-406478,137,0.003035
10,KACTL,137,0.029427
10,393435,138,0.004468
10,ours-406478,138,0.003019
10,KACTL,138,0.029439
10,simd-v0,138,0.007692
10,ours-406478,139,0.003038
10,KACTL,139,0.029582
10,simd-v0,139,0.007651
10,393435,139,0.004016
10,KACTL,140,0.029437
10,simd-v0,140,0.007653
10,393435,140,0.004029
10,ours-406478,140,0.003043
10,simd-v0,141,0.007540
10,393435,141,0.003982
10,ours-406478,141,0.003032
10,KACTL,141,0.029456
10,393435,142,0.004478
10,ours-406478,142,0.003022
10,KACTL,142,0.029362
10,simd-v0,142,0.007674
10,ours-406478,143,0.003043
10,KACTL,143,0.029387
10,simd-v0,143,0.007495
10,393435,143,0.004012
10,KACTL,144,0.029440
10,simd-v0,144,0.007489
10,393435,144,0.004014
10,ours-406478,144,0.003053
10,simd-v0,145,0.007506
10,393435,145,0.004005
10,ours-406478,145,0.003038
10,KACTL,145,0.029416
10,393435,146,0.004032
10,ours-406478,146,0.003018
10,KACTL,146,0.029399
10,simd-v0,146,0.007501
10,ours-406478,147,0.003041
10,KACTL,147,0.029417
10,simd-v0,147,0.007553
10,393435,147,0.004033
10,KACTL,148,0.029473
10,simd-v0,148,0.007527
10,393435,148,0.004009
10,ours-406478,148,0.003037
10,simd-v0,149,0.007495
10,393435,149,0.004009
10,ours-406478,149,0.003039
10,KACTL,149,0.029413
10,393435,150,0.011729
10,ours-406478,150,0.003038
10,KACTL,150,0.029576
10,simd-v0,150,0.007518
10,ours-406478,151,0.003063
10,KACTL,151,0.029442
10,simd-v0,151,0.007533
10,393435,151,0.004021
10,KACTL,152,0.029404
10,simd-v0,152,0.007526
10,393435,152,0.004001
10,ours-406478,152,0.003047
10,simd-v0,153,0.007524
10,393435,153,0.003991
10,ours-406478,153,0.003045
10,KACTL,153,0.029416
10,393435,154,0.004021
10,ours-406478,154,0.003028
10,KACTL,154,0.029377
10,simd-v0,154,0.007528
10,ours-406478,155,0.003057
10,KACTL,155,0.029422
10,simd-v0,155,0.007542
10,393435,155,0.004040
10,KACTL,156,0.029417
10,simd-v0,156,0.007521
10,393435,156,0.004014
10,ours-406478,156,0.003027
10,simd-v0,157,0.007498
10,393435,157,0.004006
10,ours-406478,157,0.003046
10,KACTL,157,0.029367
10,393435,158,0.004044
10,ours-406478,158,0.003040
10,KACTL,158,0.029355
10,simd-v0,158,0.007542
10,ours-406478,159,0.003058
10,KACTL,159,0.029360
10,simd-v0,159,0.007506
10,393435,159,0.004021
10,KACTL,160,0.029438
10,simd-v0,160,0.007513
10,393435,160,0.004026
10,ours-406478,160,0.003042
10,simd-v0,161,0.007552
10,393435,161,0.004000
10,ours-406478,161,0.003028
10,KACTL,161,0.029416
10,393435,162,0.004007
10,ours-406478,162,0.003024
10,KACTL,162,0.029609
10,simd-v0,162,0.007523
10,ours-406478,163,0.003082
10,KACTL,163,0.029350
10,simd-v0,163,0.007521
10,393435,163,0.004014
10,KACTL,164,0.029362
10,simd-v0,164,0.007491
10,393435,164,0.004018
10,ours-406478,164,0.003041
10,simd-v0,165,0.007528
10,393435,165,0.004035
10,ours-406478,165,0.003037
10,KACTL,165,0.029430
10,393435,166,0.004416
10,ours-406478,166,0.003018
10,KACTL,166,0.029593
10,simd-v0,166,0.007660
10,ours-406478,167,0.003036
10,KACTL,167,0.029544
10,simd-v0,167,0.007675
10,393435,167,0.004027
10,KACTL,168,0.029596
10,simd-v0,168,0.010176
10,393435,168,0.004390
10,ours-406478,168,0.003341
10,simd-v0,169,0.007883
10,393435,169,0.004230
10,ours-406478,169,0.003252
10,KACTL,169,0.037341
10,393435,170,0.004420
10,ours-406478,170,0.003024
10,KACTL,170,0.037780
10,simd-v0,170,0.007981
10,ours-406478,171,0.003023
10,KACTL,171,0.041645
10,simd-v0,171,0.007701
10,393435,171,0.004050
10,KACTL,172,0.029355
10,simd-v0,172,0.007672
10,393435,172,0.004017
10,ours-406478,172,0.003066
10,simd-v0,173,0.007498
10,393435,173,0.004008
10,ours-406478,173,0.003046
10,KACTL,173,0.029730
10,393435,174,0.004387
10,ours-406478,174,0.003020
10,KACTL,174,0.029623
10,simd-v0,174,0.007658
10,ours-406478,175,0.003070
10,KACTL,175,0.029352
10,simd-v0,175,0.007690
10,393435,175,0.004023
10,KACTL,176,0.029423
10,simd-v0,176,0.007666
10,393435,176,0.004012
10,ours-406478,176,0.003040
10,simd-v0,177,0.007526
10,393435,177,0.003994
10,ours-406478,177,0.003047
10,KACTL,177,0.029456
10,393435,178,0.004455
10,ours-406478,178,0.003031
10,KACTL,178,0.029390
10,simd-v0,178,0.007663
10,ours-406478,179,0.003052
10,KACTL,179,0.029392
10,simd-v0,179,0.007652
10,393435,179,0.004024
10,KACTL,180,0.029335
10,simd-v0,180,0.007678
10,393435,180,0.004018
10,ours-406478,180,0.003032
10,simd-v0,181,0.007513
10,393435,181,0.004003
10,ours-406478,181,0.003040
10,KACTL,181,0.029621
10,393435,182,0.004397
10,ours-406478,182,0.003027
10,KACTL,182,0.029371
10,simd-v0,182,0.007672
10,ours-406478,183,0.003070
10,KACTL,183,0.029327
10,simd-v0,183,0.007645
10,393435,183,0.004025
10,KACTL,184,0.029404
10,simd-v0,184,0.007653
10,393435,184,0.004019
10,ours-406478,184,0.003049
10,simd-v0,185,0.007512
10,393435,185,0.004005
10,ours-406478,185,0.003032
10,KACTL,185,0.029351
10,393435,186,0.004438
10,ours-406478,186,0.003022
10,KACTL,186,0.029352
10,simd-v0,186,0.007523
10,ours-406478,187,0.003056
10,KACTL,187,0.029387
10,simd-v0,187,0.007512
10,393435,187,0.004003
10,KACTL,188,0.029590
10,simd-v0,188,0.007532
10,393435,188,0.004023
10,ours-406478,188,0.003045
10,simd-v0,189,0.007533
10,393435,189,0.004019
10,ours-406478,189,0.003045
10,KACTL,189,0.029402
10,393435,190,0.004017
10,ours-406478,190,0.003023
10,KACTL,190,0.029386
10,simd-v0,190,0.007505
10,ours-406478,191,0.003056
10,KACTL,191,0.029395
10,simd-v0,191,0.007513
10,393435,191,0.004020
10,KACTL,192,0.029592
10,simd-v0,192,0.016949
10,393435,192,0.004368
10,ours-406478,192,0.003025
10,simd-v0,193,0.007523
10,393435,193,0.004011
10,ours-406478,193,0.003028
10,KACTL,193,0.029465
10,393435,194,0.004033
10,ours-406478,194,0.003048
10,KACTL,194,0.029684
10,simd-v0,194,0.007529
10,ours-406478,195,0.003046
10,KACTL,195,0.029449
10,simd-v0,195,0.007531
10,393435,195,0.004017
10,KACTL,196,0.029361
10,simd-v0,196,0.007499
10,393435,196,0.004006
10,ours-406478,196,0.003048
10,simd-v0,197,0.007538
10,393435,197,0.004004
10,ours-406478,197,0.003019
10,KACTL,197,0.029457
10,393435,198,0.004020
10,ours-406478,198,0.003028
10,KACTL,198,0.029371
10,simd-v0,198,0.007495
10,ours-406478,199,0.003042
10,KACTL,199,0.029330
10,simd-v0,199,0.007533
10,393435,199,0.004020
10,KACTL,200,0.029394
10,simd-v0,200,0.007506
10,393435,200,0.004004
10,ours-406478,200,0.003024
10,simd-v0,201,0.007515
10,393435,201,0.004007
10,ours-406478,201,0.003039
10,KACTL,201,0.029438
10,393435,202,0.004014
10,ours-406478,202,0.003013
10,KACTL,202,0.029373
10,simd-v0,202,0.007511
10,ours-406478,203,0.003038
10,KACTL,203,0.029590
10,simd-v0,203,0.007507
10,393435,203,0.004041
10,KACTL,204,0.029395
10,simd-v0,204,0.007513
10,393435,204,0.004016
10,ours-406478,204,0.003043
10,simd-v0,205,0.007502
10,393435,205,0.004019
10,ours-406478,205,0.003054
10,KACTL,205,0.029396
10,393435,206,0.004026
10,ours-406478,206,0.003049
10,KACTL,206,0.029400
10,simd-v0,206,0.007520
10,ours-406478,207,0.003048
10,KACTL,207,0.029336
10,simd-v0,207,0.007518
10,393435,207,0.004018
10,KACTL,208,0.029370
10,simd-v0,208,0.007645
10,393435,208,0.004034
10,ours-406478,208,0.003047
10,simd-v0,209,0.007508
10,393435,209,0.003999
10,ours-406478,209,0.003035
10,KACTL,209,0.029361
10,393435,210,0.004486
10,ours-406478,210,0.003031
10,KACTL,210,0.029537
10,simd-v0,210,0.007668
10,ours-406478,211,0.003046
10,KACTL,211,0.029344
10,simd-v0,211,0.007679
10,393435,211,0.004006
10,KACTL,212,0.029391
10,simd-v0,212,0.007668
10,393435,212,0.004023
10,ours-406478,212,0.003038
10,simd-v0,213,0.007532
10,393435,213,0.003997
10,ours-406478,213,0.003052
10,KACTL,213,0.029340
10,393435,214,0.004473
10,ours-406478,214,0.011008
10,KACTL,214,0.029467
10,simd-v0,214,0.007663
10,ours-406478,215,0.003061
10,KACTL,215,0.029349
10,simd-v0,215,0.007663
10,393435,215,0.004037
10,KACTL,216,0.029350
10,simd-v0,216,0.007666
10,393435,216,0.004031
10,ours-406478,216,0.003037
10,simd-v0,217,0.007549
10,393435,217,0.003993
10,ours-406478,217,0.003036
10,KACTL,217,0.029384
10,393435,218,0.004497
10,ours-406478,218,0.003017
10,KACTL,218,0.029433
10,simd-v0,218,0.007684
10,ours-406478,219,0.003055
10,KACTL,219,0.029573
10,simd-v0,219,0.007660
10,393435,219,0.004028
10,KACTL,220,0.029553
10,simd-v0,220,0.007649
10,393435,220,0.004021
10,ours-406478,220,0.003052
10,simd-v0,221,0.007511
10,393435,221,0.004019
10,ours-406478,221,0.003049
10,KACTL,221,0.029409
10,393435,222,0.004408
10,ours-406478,222,0.003018
10,KACTL,222,0.029443
10,simd-v0,222,0.007662
10,ours-406478,223,0.003047
10,KACTL,223,0.029542
10,simd-v0,223,0.007670
10,393435,223,0.004025
10,KACTL,224,0.029358
10,simd-v0,224,0.007685
10,393435,224,0.004018
10,ours-406478,224,0.003043
10,simd-v0,225,0.007524
10,393435,225,0.003999
10,ours-406478,225,0.003014
10,KACTL,225,0.029582
10,393435,226,0.004424
10,ours-406478,226,0.003036
10,KACTL,226,0.029336
10,simd-v0,226,0.007640
10,ours-406478,227,0.003039
10,KACTL,227,0.029318
10,simd-v0,227,0.007663
10,393435,227,0.004020
10,KACTL,228,0.029347
10,simd-v0,228,0.007648
10,393435,228,0.004025
10,ours-406478,228,0.003042
10,simd-v0,229,0.007513
10,393435,229,0.003989
10,ours-406478,229,0.003046
10,KACTL,229,0.029383
10,393435,230,0.004480
10,ours-406478,230,0.003026
10,KACTL,230,0.029343
10,simd-v0,230,0.007523
10,ours-406478,231,0.003055
10,KACTL,231,0.029349
10,simd-v0,231,0.007514
10,393435,231,0.003995
10,KACTL,232,0.029367
10,simd-v0,232,0.007504
10,393435,232,0.004019
10,ours-406478,232,0.003044
10,simd-v0,233,0.007511
10,393435,233,0.004004
10,ours-406478,233,0.003028
10,KACTL,233,0.029346
10,393435,234,0.004013
10,ours-406478,234,0.003026
10,KACTL,234,0.029596
10,simd-v0,234,0.007529
10,ours-406478,235,0.003038
10,KACTL,235,0.029349
10,simd-v0,235,0.015295
10,393435,235,0.004066
10,KACTL,236,0.029464
10,simd-v0,236,0.007518
10,393435,236,0.004031
10,ours-406478,236,0.003067
10,simd-v0,237,0.007541
10,393435,237,0.004010
10,ours-406478,237,0.003034
10,KACTL,237,0.029439
10,393435,238,0.004047
10,ours-406478,238,0.003035
10,KACTL,238,0.029514
10,simd-v0,238,0.007513
10,ours-406478,239,0.003050
10,KACTL,239,0.029344
10,simd-v0,239,0.007553
10,393435,239,0.004026
10,KACTL,240,0.029407
10,simd-v0,240,0.007532
10,393435,240,0.004015
10,ours-406478,240,0.003031
10,simd-v0,241,0.007519
10,393435,241,0.004005
10,ours-406478,241,0.003060
10,KACTL,241,0.029425
10,393435,242,0.004019
10,ours-406478,242,0.003025
10,KACTL,242,0.029388
10,simd-v0,242,0.007512
10,ours-406478,243,0.003066
10,KACTL,243,0.029350
10,simd-v0,243,0.007535
10,393435,243,0.004011
10,KACTL,244,0.029367
10,simd-v0,244,0.007530
10,393435,244,0.004020
10,ours-406478,244,0.003042
10,simd-v0,245,0.007513
10,393435,245,0.004004
10,ours-406478,245,0.003041
10,KACTL,245,0.029608
10,393435,246,0.004056
10,ours-406478,246,0.003034
10,KACTL,246,0.029400
10,simd-v0,246,0.007500
10,ours-406478,247,0.003055
10,KACTL,247,0.029381
10,simd-v0,247,0.007512
10,393435,247,0.004022
10,KACTL,248,0.029334
10,simd-v0,248,0.007523
10,393435,248,0.004026
10,ours-406478,248,0.003048
10,simd-v0,249,0.007523
10,393435,249,0.003987
10,ours-406478,249,0.003040
10,KACTL,249,0.029343
10,393435,250,0.004023
10,ours-406478,250,0.003023
10,KACTL,250,0.029368
10,simd-v0,250,0.007508
10,ours-406478,251,0.003052
10,KACTL,251,0.029305
10,simd-v0,251,0.007513
10,393435,251,0.004024
10,KACTL,252,0.029339
10,simd-v0,252,0.007488
10,393435,252,0.004014
10,ours-406478,252,0.003041
10,simd-v0,253,0.007532
10,393435,253,0.004000
10,ours-406478,253,0.003038
10,KACTL,253,0.029394
10,393435,254,0.004010
10,ours-406478,254,0.003029
10,KACTL,254,0.029356
10,simd-v0,254,0.007641
10,ours-406478,255,0.003036
10,KACTL,255,0.029374
10,simd-v0,255,0.007661
10,393435,255,0.004012
10,KACTL,256,0.029379
10,simd-v0,256,0.007632
10,393435,256,0.004034
10,ours-406478,256,0.003047
10,simd-v0,257,0.007491
10,393435,257,0.004012
10,ours-406478,257,0.003047
10,KACTL,257,0.035106
10,393435,258,0.004427
10,ours-406478,258,0.003038
10,KACTL,258,0.029406
10,simd-v0,258,0.007655
10,ours-406478,259,0.003054
10,KACTL,259,0.029568
10,simd-v0,259,0.007682
10,393435,259,0.004025
10,KACTL,260,0.029411
10,simd-v0,260,0.007679
10,393435,260,0.004008
10,ours-406478,260,0.003053
10,simd-v0,261,0.007504
10,393435,261,0.004008
10,ours-406478,261,0.003045
10,KACTL,261,0.029398
10,393435,262,0.004427
10,ours-406478,262,0.003018
10,KACTL,262,0.029380
10,simd-v0,262,0.007658
10,ours-406478,263,0.003035
10,KACTL,263,0.029329
10,simd-v0,263,0.007670
10,393435,263,0.004034
10,KACTL,264,0.029435
10,simd-v0,264,0.007665
10,393435,264,0.004019
10,ours-406478,264,0.003040
10,simd-v0,265,0.007511
10,393435,265,0.003988
10,ours-406478,265,0.003033
10,KACTL,265,0.029468
10,393435,266,0.004429
10,ours-406478,266,0.003026
10,KACTL,266,0.029618
10,simd-v0,266,0.007658
10,ours-406478,267,0.003049
10,KACTL,267,0.029358
10,simd-v0,267,0.007646
10,393435,267,0.004010
10,KACTL,268,0.029402
10,simd-v0,268,0.007677
10,393435,268,0.004036
10,ours-406478,268,0.003044
10,simd-v0,269,0.007532
10,393435,269,0.004003
10,ours-406478,269,0.003032
10,KACTL,269,0.029454
10,393435,270,0.004408
10,ours-406478,270,0.003017
10,KACTL,270,0.029429
10,simd-v0,270,0.007667
10,ours-406478,271,0.003048
10,KACTL,271,0.029388
10,simd-v0,271,0.007660
10,393435,271,0.004021
10,KACTL,272,0.029383
10,simd-v0,272,0.007649
10,393435,272,0.004039
10,ours-406478,272,0.003042
10,simd-v0,273,0.007527
10,393435,273,0.004009
10,ours-406478,273,0.003034
10,KACTL,273,0.029429
10,393435,274,0.004450
10,ours-406478,274,0.003025
10,KACTL,274,0.029418
10,simd-v0,274,0.007651
10,ours-406478,275,0.003039
10,KACTL,275,0.029382
10,simd-v0,275,0.007547
10,393435,275,0.004030
10,KACTL,276,0.029627
10,simd-v0,276,0.007513
10,393435,276,0.004020
10,ours-406478,276,0.003046
10,simd-v0,277,0.007542
10,393435,277,0.004010
10,ours-406478,277,0.003022
10,KACTL,277,0.029530
10,393435,278,0.004011
10,ours-406478,278,0.003034
10,KACTL,278,0.029374
10,simd-v0,278,0.007496
10,ours-406478,279,0.003044
10,KACTL,279,0.034528
10,simd-v0,279,0.007575
10,393435,279,0.004023
10,KACTL,280,0.029605
10,simd-v0,280,0.007530
10,393435,280,0.004022
10,ours-406478,280,0.003050
10,simd-v0,281,0.007484
10,393435,281,0.004011
10,ours-406478,281,0.003047
10,KACTL,281,0.029372
10,393435,282,0.004022
10,ours-406478,282,0.003024
10,KACTL,282,0.029426
10,simd-v0,282,0.007508
10,ours-406478,283,0.003032
10,KACTL,283,0.029394
10,simd-v0,283,0.007541
10,393435,283,0.004023
10,KACTL,284,0.029347
10,simd-v0,284,0.007516
10,393435,284,0.004022
10,ours-406478,284,0.003046
10,simd-v0,285,0.007506
10,393435,285,0.004006
10,ours-406478,285,0.003036
10,KACTL,285,0.029432
10,393435,286,0.004027
10,ours-406478,286,0.003030
10,KACTL,286,0.029581
10,simd-v0,286,0.007537
10,ours-406478,287,0.003030
10,KACTL,287,0.029358
10,simd-v0,287,0.007506
10,393435,287,0.004019
10,KACTL,288,0.029379
10,simd-v0,288,0.007513
10,393435,288,0.004021
10,ours-406478,288,0.003053
10,simd-v0,289,0.007535
10,393435,289,0.004011
10,ours-406478,289,0.003050
10,KACTL,289,0.029407
10,393435,290,0.004014
10,ours-406478,290,0.003024
10,KACTL,290,0.029396
10,simd-v0,290,0.007537
10,ours-406478,291,0.003050
10,KACTL,291,0.029357
10,simd-v0,291,0.007534
10,393435,291,0.004016
10,KACTL,292,0.029587
10,simd-v0,292,0.007509
10,393435,292,0.004004
10,ours-406478,292,0.003052
10,simd-v0,293,0.007517
10,393435,293,0.003996
10,ours-406478,293,0.003036
10,KACTL,293,0.029640
10,393435,294,0.004034
10,ours-406478,294,0.003023
10,KACTL,294,0.029332
10,simd-v0,294,0.007525
10,ours-406478,295,0.003028
10,KACTL,295,0.029361
10,simd-v0,295,0.007517
10,393435,295,0.004028
10,KACTL,296,0.029345
10,simd-v0,296,0.007533
10,393435,296,0.004016
10,ours-406478,296,0.003042
10,simd-v0,297,0.007506
10,393435,297,0.004012
10,ours-406478,297,0.003045
10,KACTL,297,0.029371
10,393435,298,0.004020
10,ours-406478,298,0.003039
10,KACTL,298,0.029400
10,simd-v0,298,0.007676
10,ours-406478,299,0.003053
10,KACTL,299,0.029631
10,simd-v0,299,0.007663
10,393435,299,0.004011
10,KACTL,300,0.029461
10,simd-v0,300,0.007670
10,393435,300,0.004029
10,ours-406478,300,0.003069
10,simd-v0,301,0.012327
10,393435,301,0.004035
10,ours-406478,301,0.003038
10,KACTL,301,0.029628
10,393435,302,0.004424
10,ours-406478,302,0.003047
10,KACTL,302,0.029427
10,simd-v0,302,0.007646
10,ours-406478,303,0.003033
10,KACTL,303,0.029391
10,simd-v0,303,0.007653
10,393435,303,0.004008
10,KACTL,304,0.029446
10,simd-v0,304,0.007679
10,393435,304,0.004024
10,ours-406478,304,0.003056
10,simd-v0,305,0.007501
10,393435,305,0.003991
10,ours-406478,305,0.003042
10,KACTL,305,0.029503
10,393435,306,0.004430
10,ours-406478,306,0.003031
10,KACTL,306,0.029393
10,simd-v0,306,0.007665
10,ours-406478,307,0.003068
10,KACTL,307,0.029580
10,simd-v0,307,0.007663
10,393435,307,0.004007
10,KACTL,308,0.029436
10,simd-v0,308,0.007656
10,393435,308,0.004028
10,ours-406478,308,0.003037
10,simd-v0,309,0.007522
10,393435,309,0.004013
10,ours-406478,309,0.003042
10,KACTL,309,0.029630
10,393435,310,0.004394
10,ours-406478,310,0.003038
10,KACTL,310,0.029635
10,simd-v0,310,0.007645
10,ours-406478,311,0.003065
10,KACTL,311,0.029422
10,simd-v0,311,0.007652
10,393435,311,0.004019
10,KACTL,312,0.029360
10,simd-v0,312,0.007666
10,393435,312,0.004005
10,ours-406478,312,0.003046
10,simd-v0,313,0.007513
10,393435,313,0.004016
10,ours-406478,313,0.003045
10,KACTL,313,0.029396
10,393435,314,0.004447
10,ours-406478,314,0.003020
10,KACTL,314,0.029624
10,simd-v0,314,0.007667
10,ours-406478,315,0.003050
10,KACTL,315,0.029590
10,simd-v0,315,0.007669
10,393435,315,0.004004
10,KACTL,316,0.029376
10,simd-v0,316,0.007678
10,393435,316,0.004023
10,ours-406478,316,0.003034
10,simd-v0,317,0.007535
10,393435,317,0.004023
10,ours-406478,317,0.003043
10,KACTL,317,0.029423
10,393435,318,0.006134
10,ours-406478,318,0.003033
10,KACTL,318,0.029400
10,simd-v0,318,0.007641
10,ours-406478,319,0.003056
10,KACTL,319,0.029629
10,simd-v0,319,0.007683
10,393435,319,0.004018
10,KACTL,320,0.029412
10,simd-v0,320,0.007524
10,393435,320,0.004029
10,ours-406478,320,0.003040
10,simd-v0,321,0.007520
10,393435,321,0.003984
10,ours-406478,321,0.003057
10,KACTL,321,0.029404
10,393435,322,0.004008
10,ours-406478,322,0.003030
10,KACTL,322,0.029357
10,simd-v0,322,0.012421
10,ours-406478,323,0.003049
10,KACTL,323,0.029436
10,simd-v0,323,0.007486
10,393435,323,0.004026
10,KACTL,324,0.029455
10,simd-v0,324,0.007520
10,393435,324,0.004033
10,ours-406478,324,0.003048
10,simd-v0,325,0.007515
10,393435,325,0.004003
10,ours-406478,325,0.003044
10,KACTL,325,0.029429
10,393435,326,0.004014
10,ours-406478,326,0.003031
10,KACTL,326,0.029353
10,simd-v0,326,0.007523
10,ours-406478,327,0.003056
10,KACTL,327,0.029599
10,simd-v0,327,0.007516
10,393435,327,0.004040
10,KACTL,328,0.029417
10,simd-v0,328,0.007499
10,393435,328,0.004017
10,ours-406478,328,0.003052
10,simd-v0,329,0.007535
10,393435,329,0.004010
10,ours-406478,329,0.003037
10,KACTL,329,0.029397
10,393435,330,0.004033
10,ours-406478,330,0.003033
10,KACTL,330,0.029643
10,simd-v0,330,0.007514
10,ours-406478,331,0.003051
10,KACTL,331,0.029358
10,simd-v0,331,0.007513
10,393435,331,0.004038
10,KACTL,332,0.029457
10,simd-v0,332,0.007512
10,393435,332,0.004020
10,ours-406478,332,0.003027
10,simd-v0,333,0.007517
10,393435,333,0.004010
10,ours-406478,333,0.003043
10,KACTL,333,0.029425
10,393435,334,0.004033
10,ours-406478,334,0.003031
10,KACTL,334,0.029398
10,simd-v0,334,0.007498
10,ours-406478,335,0.003042
10,KACTL,335,0.029477
10,simd-v0,335,0.007505
10,393435,335,0.004021
10,KACTL,336,0.029425
10,simd-v0,336,0.007521
10,393435,336,0.004026
10,ours-406478,336,0.003042
10,simd-v0,337,0.007509
10,393435,337,0.004010
10,ours-406478,337,0.003042
10,KACTL,337,0.029387
10,393435,338,0.004042
10,ours-406478,338,0.003057
10,KACTL,338,0.029362
10,simd-v0,338,0.007525
10,ours-406478,339,0.003052
10,KACTL,339,0.029337
10,simd-v0,339,0.007544
10,393435,339,0.004033
10,KACTL,340,0.029656
10,simd-v0,340,0.007520
10,393435,340,0.004032
10,ours-406478,340,0.003057
10,simd-v0,341,0.007512
10,393435,341,0.004018
10,ours-406478,341,0.003031
10,KACTL,341,0.029378
10,393435,342,0.004030
10,ours-406478,342,0.003031
10,KACTL,342,0.029368
10,simd-v0,342,0.007680
10,ours-406478,343,0.003054
10,KACTL,343,0.029373
10,simd-v0,343,0.007644
10,393435,343,0.004016
10,KACTL,344,0.029611
10,simd-v0,344,0.012467
10,393435,344,0.004024
10,ours-406478,344,0.003030
10,simd-v0,345,0.007533
10,393435,345,0.004015
10,ours-406478,345,0.003035
10,KACTL,345,0.029457
10,393435,346,0.004451
10,ours-406478,346,0.003041
10,KACTL,346,0.029379
10,simd-v0,346,0.007665
10,ours-406478,347,0.003062
10,KACTL,347,0.029373
10,simd-v0,347,0.007678
10,393435,347,0.004004
10,KACTL,348,0.029371
10,simd-v0,348,0.007678
10,393435,348,0.003999
10,ours-406478,348,0.003055
10,simd-v0,349,0.007535
10,393435,349,0.003990
10,ours-406478,349,0.003039
10,KACTL,349,0.029430
10,393435,350,0.004407
10,ours-406478,350,0.003043
10,KACTL,350,0.029385
10,simd-v0,350,0.007668
10,ours-406478,351,0.003064
10,KACTL,351,0.029345
10,simd-v0,351,0.007673
10,393435,351,0.004032
10,KACTL,352,0.029413
10,simd-v0,352,0.007648
10,393435,352,0.004013
10,ours-406478,352,0.003038
10,simd-v0,353,0.007541
10,393435,353,0.004002
10,ours-406478,353,0.003044
10,KACTL,353,0.029418
10,393435,354,0.004439
10,ours-406478,354,0.003044
10,KACTL,354,0.029650
10,simd-v0,354,0.007655
10,ours-406478,355,0.003030
10,KACTL,355,0.029667
10,simd-v0,355,0.007666
10,393435,355,0.004032
10,KACTL,356,0.029406
10,simd-v0,356,0.007659
10,393435,356,0.004017
10,ours-406478,356,0.003047
10,simd-v0,357,0.007475
10,393435,357,0.004005
10,ours-406478,357,0.003042
10,KACTL,357,0.029400
10,393435,358,0.004429
10,ours-406478,358,0.003051
10,KACTL,358,0.029403
10,simd-v0,358,0.007662
10,ours-406478,359,0.003034
10,KACTL,359,0.029371
10,simd-v0,359,0.007664
10,393435,359,0.004018
10,KACTL,360,0.029389
10,simd-v0,360,0.007691
10,393435,360,0.004023
10,ours-406478,360,0.003057
10,simd-v0,361,0.007540
10,393435,361,0.004011
10,ours-406478,361,0.003044
10,KACTL,361,0.029461
10,393435,362,0.004413
10,ours-406478,362,0.003040
10,KACTL,362,0.029366
10,simd-v0,362,0.007642
10,ours-406478,363,0.003054
10,KACTL,363,0.029375
10,simd-v0,363,0.007655
10,393435,363,0.004006
10,KACTL,364,0.029376
10,simd-v0,364,0.007509
10,393435,364,0.003998
10,ours-406478,364,0.003057
10,simd-v0,365,0.007521
10,393435,365,0.004018
10,ours-406478,365,0.003056
10,KACTL,365,0.029646
10,393435,366,0.004026
10,ours-406478,366,0.003038
10,KACTL,366,0.034634
10,simd-v0,366,0.007544
10,ours-406478,367,0.003045
10,KACTL,367,0.029570
10,simd-v0,367,0.007535
10,393435,367,0.004029
10,KACTL,368,0.029410
10,simd-v0,368,0.007519
10,393435,368,0.004023
10,ours-406478,368,0.003048
10,simd-v0,369,0.007527
10,393435,369,0.004001
10,ours-406478,369,0.003024
10,KACTL,369,0.029393
10,393435,370,0.004016
10,ours-406478,370,0.003011
10,KACTL,370,0.029353
10,simd-v0,370,0.007554
10,ours-406478,371,0.003028
10,KACTL,371,0.029608
10,simd-v0,371,0.007518
10,393435,371,0.004020
10,KACTL,372,0.029404
10,simd-v0,372,0.007507
10,393435,372,0.004013
10,ours-406478,372,0.003057
10,simd-v0,373,0.007526
10,393435,373,0.004001
10,ours-406478,373,0.003031
10,KACTL,373,0.029439
10,393435,374,0.004029
10,ours-406478,374,0.003012
10,KACTL,374,0.029396
10,simd-v0,374,0.007496
10,ours-406478,375,0.003028
10,KACTL,375,0.029386
10,simd-v0,375,0.007526
10,393435,375,0.004026
10,KACTL,376,0.029384
10,simd-v0,376,0.007503
10,393435,376,0.004035
10,ours-406478,376,0.003053
10,simd-v0,377,0.007531
10,393435,377,0.004003
10,ours-406478,377,0.003030
10,KACTL,377,0.029409
10,393435,378,0.004017
10,ours-406478,378,0.003023
10,KACTL,378,0.029407
10,simd-v0,378,0.007536
10,ours-406478,379,0.003058
10,KACTL,379,0.029383
10,simd-v0,379,0.007525
10,393435,379,0.004020
10,KACTL,380,0.029395
10,simd-v0,380,0.007511
10,393435,380,0.004006
10,ours-406478,380,0.003057
10,simd-v0,381,0.007558
10,393435,381,0.003995
10,ours-406478,381,0.003019
10,KACTL,381,0.029445
10,393435,382,0.004014
10,ours-406478,382,0.003042
10,KACTL,382,0.029384
10,simd-v0,382,0.007512
10,ours-406478,383,0.003031
10,KACTL,383,0.029349
10,simd-v0,383,0.007521
10,393435,383,0.004030
10,KACTL,384,0.029397
10,simd-v0,384,0.007494
10,393435,384,0.004020
10,ours-406478,384,0.003010
10,simd-v0,385,0.007533
10,393435,385,0.004015
10,ours-406478,385,0.003027
10,KACTL,385,0.029716
10,393435,386,0.004011
10,ours-406478,386,0.003019
10,KACTL,386,0.029317
10,simd-v0,386,0.007663
10,ours-406478,387,0.003039
10,KACTL,387,0.029394
10,simd-v0,387,0.007697
10,393435,387,0.004021
10,KACTL,388,0.034559
10,simd-v0,388,0.007670
10,393435,388,0.004029
10,ours-406478,388,0.003060
10,simd-v0,389,0.007549
10,393435,389,0.004004
10,ours-406478,389,0.003034
10,KACTL,389,0.029423
10,393435,390,0.004417
10,ours-406478,390,0.003031
10,KACTL,390,0.029428
10,simd-v0,390,0.007667
10,ours-406478,391,0.003038
10,KACTL,391,0.029342
10,simd-v0,391,0.007657
10,393435,391,0.004022
10,KACTL,392,0.029380
10,simd-v0,392,0.007676
10,393435,392,0.004021
10,ours-406478,392,0.003049
10,simd-v0,393,0.007501
10,393435,393,0.004016
10,ours-406478,393,0.003042
10,KACTL,393,0.029392
10,393435,394,0.004413
10,ours-406478,394,0.003037
10,KACTL,394,0.029352
10,simd-v0,394,0.007667
10,ours-406478,395,0.003020
10,KACTL,395,0.029330
10,simd-v0,395,0.007657
10,393435,395,0.004005
10,KACTL,396,0.029377
10,simd-v0,396,0.007654
10,393435,396,0.004029
10,ours-406478,396,0.003052
10,simd-v0,397,0.007519
10,393435,397,0.004003
10,ours-406478,397,0.003041
10,KACTL,397,0.029436
10,393435,398,0.004432
10,ours-406478,398,0.003041
10,KACTL,398,0.029335
10,simd-v0,398,0.007659
10,ours-406478,399,0.003043
10,KACTL,399,0.029568
10,simd-v0,399,0.007674
10,393435,399,0.004021
10,KACTL,400,0.029353
10,simd-v0,400,0.007636
10,393435,400,0.004005
10,ours-406478,400,0.003037
10,simd-v0,401,0.007542
10,393435,401,0.004005
10,ours-406478,401,0.003031
10,KACTL,401,0.029419
10,393435,402,0.004397
10,ours-406478,402,0.003026
10,KACTL,402,0.029354
10,simd-v0,402,0.007664
10,ours-406478,403,0.003044
10,KACTL,403,0.029303
10,simd-v0,403,0.007657
10,393435,403,0.004020
10,KACTL,404,0.029332
10,simd-v0,404,0.007669
10,393435,404,0.004020
10,ours-406478,404,0.003051
10,simd-v0,405,0.007502
10,393435,405,0.004002
10,ours-406478,405,0.003041
10,KACTL,405,0.029620
10,393435,406,0.004413
10,ours-406478,406,0.003035
10,KACTL,406,0.029351
10,simd-v0,406,0.007633
10,ours-406478,407,0.003049
10,KACTL,407,0.029343
10,simd-v0,407,0.007683
10,393435,407,0.004027
10,KACTL,408,0.029396
10,simd-v0,408,0.007537
10,393435,408,0.004038
10,ours-406478,408,0.003062
10,simd-v0,409,0.007500
10,393435,409,0.003998
10,ours-406478,409,0.003027
10,KACTL,409,0.029360
10,393435,410,0.009041
10,ours-406478,410,0.003038
10,KACTL,410,0.029417
10,simd-v0,410,0.007530
10,ours-406478,411,0.003043
10,KACTL,411,0.029617
10,simd-v0,411,0.007509
10,393435,411,0.004048
10,KACTL,412,0.029619
10,simd-v0,412,0.007524
10,393435,412,0.004027
10,ours-406478,412,0.003049
10,simd-v0,413,0.007506
10,393435,413,0.003997
10,ours-406478,413,0.003042
10,KACTL,413,0.029390
10,393435,414,0.004037
10,ours-406478,414,0.003026
10,KACTL,414,0.029611
10,simd-v0,414,0.007539
10,ours-406478,415,0.003048
10,KACTL,415,0.029390
10,simd-v0,415,0.007495
10,393435,415,0.004004
10,KACTL,416,0.029416
10,simd-v0,416,0.007519
10,393435,416,0.004024
10,ours-406478,416,0.003051
10,simd-v0,417,0.007521
10,393435,417,0.004005
10,ours-406478,417,0.003033
10,KACTL,417,0.029432
10,393435,418,0.004007
10,ours-406478,418,0.003017
10,KACTL,418,0.029383
10,simd-v0,418,0.007499
10,ours-406478,419,0.003050
10,KACTL,419,0.029359
10,simd-v0,419,0.007508
10,393435,419,0.004040
10,KACTL,420,0.029592
10,simd-v0,420,0.007526
10,393435,420,0.004009
10,ours-406478,420,0.003045
10,simd-v0,421,0.007501
10,393435,421,0.004007
10,ours-406478,421,0.003040
10,KACTL,421,0.029589
10,393435,422,0.004021
10,ours-406478,422,0.003037
10,KACTL,422,0.029587
10,simd-v0,422,0.007496
10,ours-406478,423,0.003044
10,KACTL,423,0.029545
10,simd-v0,423,0.007511
10,393435,423,0.004031
10,KACTL,424,0.029380
10,simd-v0,424,0.007514
10,393435,424,0.004016
10,ours-406478,424,0.003039
10,simd-v0,425,0.007519
10,393435,425,0.004017
10,ours-406478,425,0.003036
10,KACTL,425,0.029360
10,393435,426,0.004014
10,ours-406478,426,0.003039
10,KACTL,426,0.029403
10,simd-v0,426,0.007517
10,ours-406478,427,0.003028
10,KACTL,427,0.029683
10,simd-v0,427,0.007513
10,393435,427,0.004032
10,KACTL,428,0.029437
10,simd-v0,428,0.007513
10,393435,428,0.004034
10,ours-406478,428,0.003043
10,simd-v0,429,0.007517
10,393435,429,0.004015
10,ours-406478,429,0.003028
10,KACTL,429,0.029442
10,393435,430,0.004024
10,ours-406478,430,0.003019
10,KACTL,430,0.029348
10,simd-v0,430,0.007683
10,ours-406478,431,0.003054
10,KACTL,431,0.029433
10,simd-v0,431,0.012673
10,393435,431,0.004033
10,KACTL,432,0.029697
10,simd-v0,432,0.007675
10,393435,432,0.004021
10,ours-406478,432,0.003055
10,simd-v0,433,0.007496
10,393435,433,0.003985
10,ours-406478,433,0.003023
10,KACTL,433,0.029397
10,393435,434,0.004435
10,ours-406478,434,0.003029
10,KACTL,434,0.029351
10,simd-v0,434,0.007657
10,ours-406478,435,0.003060
10,KACTL,435,0.029361
10,simd-v0,435,0.007651
10,393435,435,0.004023
10,KACTL,436,0.029399
10,simd-v0,436,0.007668
10,393435,436,0.004022
10,ours-406478,436,0.003048
10,simd-v0,437,0.007515
10,393435,437,0.004001
10,ours-406478,437,0.003039
10,KACTL,437,0.029418
10,393435,438,0.004396
10,ours-406478,438,0.003029
10,KACTL,438,0.029596
10,simd-v0,438,0.007655
10,ours-406478,439,0.003034
10,KACTL,439,0.029352
10,simd-v0,439,0.007679
10,393435,439,0.004015
10,KACTL,440,0.029449
10,simd-v0,440,0.007679
10,393435,440,0.004027
10,ours-406478,440,0.003043
10,simd-v0,441,0.007521
10,393435,441,0.004000
10,ours-406478,441,0.003030
10,KACTL,441,0.029617
10,393435,442,0.004413
10,ours-406478,442,0.003025
10,KACTL,442,0.029588
10,simd-v0,442,0.007646
10,ours-406478,443,0.003058
10,KACTL,443,0.029610
10,simd-v0,443,0.007661
10,393435,443,0.004024
10,KACTL,444,0.029403
10,simd-v0,444,0.007664
10,393435,444,0.004028
10,ours-406478,444,0.003058
10,simd-v0,445,0.007486
10,393435,445,0.004008
10,ours-406478,445,0.003037
10,KACTL,445,0.029650
10,393435,446,0.004413
10,ours-406478,446,0.003033
10,KACTL,446,0.029620
10,simd-v0,446,0.007652
10,ours-406478,447,0.003039
10,KACTL,447,0.029351
10,simd-v0,447,0.007659
10,393435,447,0.004023
10,KACTL,448,0.029370
10,simd-v0,448,0.007638
10,393435,448,0.004040
10,ours-406478,448,0.003054
10,simd-v0,449,0.007489
10,393435,449,0.004001
10,ours-406478,449,0.003040
10,KACTL,449,0.029412
10,393435,450,0.004425
10,ours-406478,450,0.003033
10,KACTL,450,0.029367
10,simd-v0,450,0.007672
10,ours-406478,451,0.003038
10,KACTL,451,0.029395
10,simd-v0,451,0.007628
10,393435,451,0.004024
10,KACTL,452,0.029371
10,simd-v0,452,0.007526
10,393435,452,0.004027
10,ours-406478,452,0.003053
10,simd-v0,453,0.007528
10,393435,453,0.004013
10,ours-406478,453,0.003050
10,KACTL,453,0.034452
10,393435,454,0.004048
10,ours-406478,454,0.003034
10,KACTL,454,0.029327
10,simd-v0,454,0.007518
10,ours-406478,455,0.003042
10,KACTL,455,0.029377
10,simd-v0,455,0.007531
10,393435,455,0.004017
10,KACTL,456,0.029411
10,simd-v0,456,0.007510
10,393435,456,0.004025
10,ours-406478,456,0.003045
10,simd-v0,457,0.007566
10,393435,457,0.004002
10,ours-406478,457,0.003033
10,KACTL,457,0.029520
10,393435,458,0.004013
10,ours-406478,458,0.003014
10,KACTL,458,0.029362
10,simd-v0,458,0.007496
10,ours-406478,459,0.003043
10,KACTL,459,0.029555
10,simd-v0,459,0.007519
10,393435,459,0.004067
10,KACTL,460,0.029615
10,simd-v0,460,0.007529
10,393435,460,0.004015
10,ours-406478,460,0.003047
10,simd-v0,461,0.007522
10,393435,461,0.004011
10,ours-406478,461,0.003049
10,KACTL,461,0.029394
10,393435,462,0.004019
10,ours-406478,462,0.003026
10,KACTL,462,0.029631
10,simd-v0,462,0.007492
10,ours-406478,463,0.003048
10,KACTL,463,0.029588
10,simd-v0,463,0.007535
10,393435,463,0.004044
10,KACTL,464,0.029390
10,simd-v0,464,0.007523
10,393435,464,0.004016
10,ours-406478,464,0.003050
10,simd-v0,465,0.007516
10,393435,465,0.003997
10,ours-406478,465,0.003036
10,KACTL,465,0.029371
10,393435,466,0.004031
10,ours-406478,466,0.003025
10,KACTL,466,0.029431
10,simd-v0,466,0.007498
10,ours-406478,467,0.003069
10,KACTL,467,0.029324
10,simd-v0,467,0.007504
10,393435,467,0.004007
10,KACTL,468,0.029388
10,simd-v0,468,0.007510
10,393435,468,0.004026
10,ours-406478,468,0.003052
10,simd-v0,469,0.007532
10,393435,469,0.003996
10,ours-406478,469,0.003047
10,KACTL,469,0.029431
10,393435,470,0.004020
10,ours-406478,470,0.003021
10,KACTL,470,0.029359
10,simd-v0,470,0.007492
10,ours-406478,471,0.003035
10,KACTL,471,0.029565
10,simd-v0,471,0.007508
10,393435,471,0.004015
10,KACTL,472,0.029587
10,simd-v0,472,0.007499
10,393435,472,0.004025
10,ours-406478,472,0.003050
10,simd-v0,473,0.007536
10,393435,473,0.004019
10,ours-406478,473,0.003036
10,KACTL,473,0.029391
10,393435,474,0.004037
10,ours-406478,474,0.003001
10,KACTL,474,0.029356
10,simd-v0,474,0.007633
10,ours-406478,475,0.003059
10,KACTL,475,0.034722
10,simd-v0,475,0.007656
10,393435,475,0.004024
10,KACTL,476,0.029317
10,simd-v0,476,0.007671
10,393435,476,0.004025
10,ours-406478,476,0.003058
10,simd-v0,477,0.007506
10,393435,477,0.004008
10,ours-406478,477,0.003038
10,KACTL,477,0.029663
10,393435,478,0.004402
10,ours-406478,478,0.003013
10,KACTL,478,0.029590
10,simd-v0,478,0.007642
10,ours-406478,479,0.003055
10,KACTL,479,0.029561
10,simd-v0,479,0.007659
10,393435,479,0.004035
10,KACTL,480,0.029397
10,simd-v0,480,0.007660
10,393435,480,0.004030
10,ours-406478,480,0.003036
10,simd-v0,481,0.007503
10,393435,481,0.003993
10,ours-406478,481,0.003040
10,KACTL,481,0.029614
10,393435,482,0.004407
10,ours-406478,482,0.003030
10,KACTL,482,0.029392
10,simd-v0,482,0.007643
10,ours-406478,483,0.003060
10,KACTL,483,0.029377
10,simd-v0,483,0.007660
10,393435,483,0.004031
10,KACTL,484,0.029344
10,simd-v0,484,0.007690
10,393435,484,0.004034
10,ours-406478,484,0.003049
10,simd-v0,485,0.007513
10,393435,485,0.003997
10,ours-406478,485,0.003037
10,KACTL,485,0.029661
10,393435,486,0.004423
10,ours-406478,486,0.003033
10,KACTL,486,0.029547
10,simd-v0,486,0.007647
10,ours-406478,487,0.003053
10,KACTL,487,0.029355
10,simd-v0,487,0.007656
10,393435,487,0.004030
10,KACTL,488,0.029351
10,simd-v0,488,0.007662
10,393435,488,0.004042
10,ours-406478,488,0.003058
10,simd-v0,489,0.007535
10,393435,489,0.004009
10,ours-406478,489,0.003046
10,KACTL,489,0.029470
10,393435,490,0.004519
10,ours-406478,490,0.003030
10,KACTL,490,0.029542
10,simd-v0,490,0.007677
10,ours-406478,491,0.003077
10,KACTL,491,0.029335
10,simd-v0,491,0.007683
10,393435,491,0.004024
10,KACTL,492,0.029632
10,simd-v0,492,0.007639
10,393435,492,0.004005
10,ours-406478,492,0.003056
10,simd-v0,493,0.007541
10,393435,493,0.004014
10,ours-406478,493,0.003030
10,KACTL,493,0.029451
10,393435,494,0.004496
10,ours-406478,494,0.003021
10,KACTL,494,0.029628
10,simd-v0,494,0.007666
10,ours-406478,495,0.003052
10,KACTL,495,0.029626
10,simd-v0,495,0.007664
10,393435,495,0.004024
10,KACTL,496,0.029409
10,simd-v0,496,0.007508
10,393435,496,0.004008
10,ours-406478,496,0.003041
10,simd-v0,497,0.012209
10,393435,497,0.004022
10,ours-406478,497,0.003035
10,KACTL,497,0.029494
10,393435,498,0.004037
10,ours-406478,498,0.003025
10,KACTL,498,0.029358
10,simd-v0,498,0.007498
10,ours-406478,499,0.003057
10,KACTL,499,0.029578
10,simd-v0,499,0.007523
10,393435,499,0.004027
10,KACTL,500,0.029586
10,simd-v0,500,0.007546
10,393435,500,0.004034
10,ours-406478,500,0.003041
10,simd-v0,501,0.007516
10,393435,501,0.004005
10,ours-406478,501,0.003056
10,KACTL,501,0.029376
10,393435,502,0.004054
10,ours-406478,502,0.003036
10,KACTL,502,0.029326
10,simd-v0,502,0.007533
10,ours-406478,503,0.003054
10,KACTL,503,0.029539
10,simd-v0,503,0.007536
10,393435,503,0.004019
10,KACTL,504,0.029367
10,simd-v0,504,0.007520
10,393435,504,0.004026
10,ours-406478,504,0.003052
10,simd-v0,505,0.007536
10,393435,505,0.004007
10,ours-406478,505,0.003040
10,KACTL,505,0.029591
10,393435,506,0.004021
10,ours-406478,506,0.003019
10,KACTL,506,0.029550
10,simd-v0,506,0.007502
10,ours-406478,507,0.003082
10,KACTL,507,0.029357
10,simd-v0,507,0.007519
10,393435,507,0.004005
10,KACTL,508,0.029354
10,simd-v0,508,0.007506
10,393435,508,0.004004
10,ours-406478,508,0.003051
10,simd-v0,509,0.007507
10,393435,509,0.004000
10,ours-406478,509,0.003028
10,KACTL,509,0.029419
10,393435,510,0.004013
10,ours-406478,510,0.003036
10,KACTL,510,0.029404
10,simd-v0,510,0.007515
10,ours-406478,511,0.003032
10,KACTL,511,0.029622
10,simd-v0,511,0.007527
10,393435,511,0.004022
10,KACTL,512,0.029418
10,simd-v0,512,0.007491
10,393435,512,0.004011
10,ours-406478,512,0.003054
10,simd-v0,513,0.007527
10,393435,513,0.004008
10,ours-406478,513,0.003043
10,KACTL,513,0.030057
10,393435,514,0.004023
10,ours-406478,514,0.003025
10,KACTL,514,0.029438
10,simd-v0,514,0.007532
10,ours-406478,515,0.003064
10,KACTL,515,0.029359
10,simd-v0,515,0.007549
10,393435,515,0.004023
10,KACTL,516,0.029359
10,simd-v0,516,0.007512
10,393435,516,0.004030
10,ours-406478,516,0.003039
10,simd-v0,517,0.007517
10,393435,517,0.004003
10,ours-406478,517,0.003029
10,KACTL,517,0.029395
10,393435,518,0.004028
10,ours-406478,518,0.003024
10,KACTL,518,0.029361
10,simd-v0,518,0.012338
10,ours-406478,519,0.003050
10,KACTL,519,0.029432
10,simd-v0,519,0.007651
10,393435,519,0.004043
10,KACTL,520,0.029575
10,simd-v0,520,0.007682
10,393435,520,0.004029
10,ours-406478,520,0.003053
10,simd-v0,521,0.007502
10,393435,521,0.003996
10,ours-406478,521,0.003042
10,KACTL,521,0.029362
10,393435,522,0.004433
10,ours-406478,522,0.003032
10,KACTL,522,0.029366
10,simd-v0,522,0.007653
10,ours-406478,523,0.003039
10,KACTL,523,0.029321
10,simd-v0,523,0.007680
10,393435,523,0.004019
10,KACTL,524,0.029568
10,simd-v0,524,0.007657
10,393435,524,0.004024
10,ours-406478,524,0.003048
10,simd-v0,525,0.007505
10,393435,525,0.004003
10,ours-406478,525,0.003019
10,KACTL,525,0.029399
10,393435,526,0.004501
10,ours-406478,526,0.003044
10,KACTL,526,0.029356
10,simd-v0,526,0.007639
10,ours-406478,527,0.003064
10,KACTL,527,0.029410
10,simd-v0,527,0.007649
10,393435,527,0.004007
10,KACTL,528,0.029359
10,simd-v0,528,0.007684
10,393435,528,0.004018
10,ours-406478,528,0.003048
10,simd-v0,529,0.007520
10,393435,529,0.003993
10,ours-406478,529,0.003022
10,KACTL,529,0.029420
10,393435,530,0.004429
10,ours-406478,530,0.003034
10,KACTL,530,0.029347
10,simd-v0,530,0.007664
10,ours-406478,531,0.003056
10,KACTL,531,0.029548
10,simd-v0,531,0.007683
10,393435,531,0.004020
10,KACTL,532,0.029573
10,simd-v0,532,0.007643
10,393435,532,0.004015
10,ours-406478,532,0.003033
10,simd-v0,533,0.007517
10,393435,533,0.003990
10,ours-406478,533,0.003020
10,KACTL,533,0.029568
10,393435,534,0.004405
10,ours-406478,534,0.003029
10,KACTL,534,0.029353
10,simd-v0,534,0.007630
10,ours-406478,535,0.003020
10,KACTL,535,0.029567
10,simd-v0,535,0.009499
10,393435,535,0.004040
10,KACTL,536,0.029377
10,simd-v0,536,0.007678
10,393435,536,0.004018
10,ours-406478,536,0.003046
10,simd-v0,537,0.007534
10,393435,537,0.004011
10,ours-406478,537,0.003047
10,KACTL,537,0.029414
10,393435,538,0.004479
10,ours-406478,538,0.003026
10,KACTL,538,0.029373
10,simd-v0,538,0.007656
10,ours-406478,539,0.003044
10,KACTL,539,0.029383
10,simd-v0,539,0.007662
10,393435,539,0.004002
10,KACTL,540,0.034353
10,simd-v0,540,0.007705
10,393435,540,0.004019
10,ours-406478,540,0.003048
10,simd-v0,541,0.007515
10,393435,541,0.004015
10,ours-406478,541,0.003055
10,KACTL,541,0.029417
10,393435,542,0.004051
10,ours-406478,542,0.003029
10,KACTL,542,0.029483
10,simd-v0,542,0.007508
10,ours-406478,543,0.003051
10,KACTL,543,0.029372
10,simd-v0,543,0.007499
10,393435,543,0.004028
10,KACTL,544,0.029365
10,simd-v0,544,0.007520
10,393435,544,0.004044
10,ours-406478,544,0.003057
10,simd-v0,545,0.007548
10,393435,545,0.003996
10,ours-406478,545,0.003046
10,KACTL,545,0.029400
10,393435,546,0.004023
10,ours-406478,546,0.003027
10,KACTL,546,0.029349
10,simd-v0,546,0.007522
10,ours-406478,547,0.003040
10,KACTL,547,0.029364
10,simd-v0,547,0.007521
10,393435,547,0.004020
10,KACTL,548,0.029403
10,simd-v0,548,0.007475
10,393435,548,0.004024
10,ours-406478,548,0.003050
10,simd-v0,549,0.007541
10,393435,549,0.004026
10,ours-406478,549,0.003038
10,KACTL,549,0.029359
10,393435,550,0.004012
10,ours-406478,550,0.003025
10,KACTL,550,0.029335
10,simd-v0,550,0.007516
10,ours-406478,551,0.003108
10,KACTL,551,0.029348
10,simd-v0,551,0.007510
10,393435,551,0.004021
10,KACTL,552,0.029371
10,simd-v0,552,0.007513
10,393435,552,0.004018
10,ours-406478,552,0.003035
10,simd-v0,553,0.007506
10,393435,553,0.004012
10,ours-406478,553,0.003024
10,KACTL,553,0.029686
10,393435,554,0.004020
10,ours-406478,554,0.003031
10,KACTL,554,0.029321
10,simd-v0,554,0.007522
10,ours-406478,555,0.003052
10,KACTL,555,0.029602
10,simd-v0,555,0.007511
10,393435,555,0.004023
10,KACTL,556,0.029602
10,simd-v0,556,0.007548
10,393435,556,0.003995
10,ours-406478,556,0.003046
10,simd-v0,557,0.007525
10,393435,557,0.004002
10,ours-406478,557,0.003028
10,KACTL,557,0.029354
10,393435,558,0.004026
10,ours-406478,558,0.003024
10,KACTL,558,0.029406
10,simd-v0,558,0.007504
10,ours-406478,559,0.003032
10,KACTL,559,0.029282
10,simd-v0,559,0.007526
10,393435,559,0.004015
10,KACTL,560,0.029316
10,simd-v0,560,0.007556
10,393435,560,0.004019
10,ours-406478,560,0.003043
10,simd-v0,561,0.007500
10,393435,561,0.004000
10,ours-406478,561,0.003037
10,KACTL,561,0.029554
10,393435,562,0.004027
10,ours-406478,562,0.003034
10,KACTL,562,0.034867
10,simd-v0,562,0.007708
10,ours-406478,563,0.003052
10,KACTL,563,0.029390
10,simd-v0,563,0.007667
10,393435,563,0.004024
10,KACTL,564,0.029411
10,simd-v0,564,0.007682
10,393435,564,0.004041
10,ours-406478,564,0.003055
10,simd-v0,565,0.007502
10,393435,565,0.004000
10,ours-406478,565,0.003035
10,KACTL,565,0.029398
10,393435,566,0.004445
10,ours-406478,566,0.003014
10,KACTL,566,0.029334
10,simd-v0,566,0.007688
10,ours-406478,567,0.003045
10,KACTL,567,0.029285
10,simd-v0,567,0.007663
10,393435,567,0.004012
10,KACTL,568,0.029585
10,simd-v0,568,0.007689
10,393435,568,0.004036
10,ours-406478,568,0.003050
10,simd-v0,569,0.007511
10,393435,569,0.004002
10,ours-406478,569,0.003025
10,KACTL,569,0.029422
10,393435,570,0.004500
10,ours-406478,570,0.003034
10,KACTL,570,0.029322
10,simd-v0,570,0.007685
10,ours-406478,571,0.003072
10,KACTL,571,0.029382
10,simd-v0,571,0.007692
10,393435,571,0.004027
10,KACTL,572,0.029396
10,simd-v0,572,0.007678
10,393435,572,0.004009
10,ours-406478,572,0.003060
10,simd-v0,573,0.007522
10,393435,573,0.003999
10,ours-406478,573,0.003030
10,KACTL,573,0.029365
10,393435,574,0.004471
10,ours-406478,574,0.003014
10,KACTL,574,0.029383
10,simd-v0,574,0.007643
10,ours-406478,575,0.003045
10,KACTL,575,0.029334
10,simd-v0,575,0.007655
10,393435,575,0.004037
10,KACTL,576,0.029381
10,simd-v0,576,0.007678
10,393435,576,0.004017
10,ours-406478,576,0.003042
10,simd-v0,577,0.007488
10,393435,577,0.004015
10,ours-406478,577,0.003027
10,KACTL,577,0.029338
10,393435,578,0.004522
10,ours-406478,578,0.003017
10,KACTL,578,0.029366
10,simd-v0,578,0.007668
10,ours-406478,579,0.003040
10,KACTL,579,0.029328
10,simd-v0,579,0.007649
10,393435,579,0.004018
10,KACTL,580,0.029590
10,simd-v0,580,0.007674
10,393435,580,0.004003
10,ours-406478,580,0.003049
10,simd-v0,581,0.007508
10,393435,581,0.004000
10,ours-406478,581,0.003037
10,KACTL,581,0.029396
10,393435,582,0.004453
10,ours-406478,582,0.003023
10,KACTL,582,0.029592
10,simd-v0,582,0.007700
10,ours-406478,583,0.003058
10,KACTL,583,0.029391
10,simd-v0,583,0.007685
10,393435,583,0.004002
10,KACTL,584,0.041777
10,simd-v0,584,0.008631
10,393435,584,0.005733
10,ours-406478,584,0.003024
10,simd-v0,585,0.007553
10,393435,585,0.004023
10,ours-406478,585,0.003037
10,KACTL,585,0.042887
10,393435,586,0.004049
10,ours-406478,586,0.003025
10,KACTL,586,0.029569
10,simd-v0,586,0.007531
10,ours-406478,587,0.003063
10,KACTL,587,0.029309
10,simd-v0,587,0.007523
10,393435,587,0.004019
10,KACTL,588,0.029323
10,simd-v0,588,0.007539
10,393435,588,0.004010
10,ours-406478,588,0.003040
10,simd-v0,589,0.007507
10,393435,589,0.004001
10,ours-406478,589,0.003038
10,KACTL,589,0.029428
10,393435,590,0.004034
10,ours-406478,590,0.003013
10,KACTL,590,0.029553
10,simd-v0,590,0.007509
10,ours-406478,591,0.003022
10,KACTL,591,0.029601
10,simd-v0,591,0.007516
10,393435,591,0.004029
10,KACTL,592,0.029342
10,simd-v0,592,0.007500
10,393435,592,0.004008
10,ours-406478,592,0.003044
10,simd-v0,593,0.007507
10,393435,593,0.004003
10,ours-406478,593,0.003035
10,KACTL,593,0.029365
10,393435,594,0.004028
10,ours-406478,594,0.003030
10,KACTL,594,0.029611
10,simd-v0,594,0.007521
10,ours-406478,595,0.003032
10,KACTL,595,0.029604
10,simd-v0,595,0.007504
10,393435,595,0.004018
10,KACTL,596,0.029417
10,simd-v0,596,0.007529
10,393435,596,0.004037
10,ours-406478,596,0.003049
10,simd-v0,597,0.007512
10,393435,597,0.003983
10,ours-406478,597,0.003039
10,KACTL,597,0.029553
10,393435,598,0.004039
10,ours-406478,598,0.003028
10,KACTL,598,0.029382
10,simd-v0,598,0.007525
10,ours-406478,599,0.003059
10,KACTL,599,0.029376
10,simd-v0,599,0.007508
10,393435,599,0.004011
10,KACTL,600,0.029321
10,simd-v0,600,0.007502
10,393435,600,0.004022
10,ours-406478,600,0.003038
10,simd-v0,601,0.007544
10,393435,601,0.004000
10,ours-406478,601,0.003024
10,KACTL,601,0.029616
10,393435,602,0.004027
10,ours-406478,602,0.003031
10,KACTL,602,0.029364
10,simd-v0,602,0.007523
10,ours-406478,603,0.003060
10,KACTL,603,0.029365
10,simd-v0,603,0.007516
10,393435,603,0.004003
10,KACTL,604,0.029350
10,simd-v0,604,0.007511
10,393435,604,0.004026
10,ours-406478,604,0.003047
10,simd-v0,605,0.007537
10,393435,605,0.003997
10,ours-406478,605,0.003052
10,KACTL,605,0.045403
10,393435,606,0.004049
10,ours-406478,606,0.003028
10,KACTL,606,0.029560
10,simd-v0,606,0.007696
10,ours-406478,607,0.003054
10,KACTL,607,0.029362
10,simd-v0,607,0.007664
10,393435,607,0.004005
10,KACTL,608,0.029316
10,simd-v0,608,0.007674
10,393435,608,0.004002
10,ours-406478,608,0.003062
10,simd-v0,609,0.007522
10,393435,609,0.003996
10,ours-406478,609,0.003034
10,KACTL,609,0.029611
10,393435,610,0.004399
10,ours-406478,610,0.003032
10,KACTL,610,0.029340
10,simd-v0,610,0.007682
10,ours-406478,611,0.003043
10,KACTL,611,0.029439
10,simd-v0,611,0.007682
10,393435,611,0.004027
10,KACTL,612,0.029386
10,simd-v0,612,0.007651
10,393435,612,0.004014
10,ours-406478,612,0.003045
10,simd-v0,613,0.007522
10,393435,613,0.003992
10,ours-406478,613,0.003031
10,KACTL,613,0.029411
10,393435,614,0.004442
10,ours-406478,614,0.003032
10,KACTL,614,0.029376
10,simd-v0,614,0.007667
10,ours-406478,615,0.003052
10,KACTL,615,0.029320
10,simd-v0,615,0.007650
10,393435,615,0.004041
10,KACTL,616,0.029354
10,simd-v0,616,0.007694
10,393435,616,0.004020
10,ours-406478,616,0.003046
10,simd-v0,617,0.007496
10,393435,617,0.004007
10,ours-406478,617,0.003022
10,KACTL,617,0.029361
10,393435,618,0.004464
10,ours-406478,618,0.003023
10,KACTL,618,0.029340
10,simd-v0,618,0.007667
10,ours-406478,619,0.003060
10,KACTL,619,0.029378
10,simd-v0,619,0.007663
10,393435,619,0.004014
10,KACTL,620,0.029591
10,simd-v0,620,0.007652
10,393435,620,0.004018
10,ours-406478,620,0.003044
10,simd-v0,621,0.007493
10,393435,621,0.004006
10,ours-406478,621,0.003024
10,KACTL,621,0.029378
10,393435,622,0.004474
10,ours-406478,622,0.003019
10,KACTL,622,0.029384
10,simd-v0,622,0.007659
10,ours-406478,623,0.003037
10,KACTL,623,0.029309
10,simd-v0,623,0.007639
10,393435,623,0.004012
10,KACTL,624,0.029350
10,simd-v0,624,0.007627
10,393435,624,0.004019
10,ours-406478,624,0.003058
10,simd-v0,625,0.007535
10,393435,625,0.003997
10,ours-406478,625,0.003022
10,KACTL,625,0.029395
10,393435,626,0.004441
10,ours-406478,626,0.003033
10,KACTL,626,0.029618
10,simd-v0,626,0.013308
10,ours-406478,627,0.003082
10,KACTL,627,0.029551
10,simd-v0,627,0.007660
10,393435,627,0.004023
10,KACTL,628,0.029402
10,simd-v0,628,0.007658
10,393435,628,0.004024
10,ours-406478,628,0.003058
10,simd-v0,629,0.007510
10,393435,629,0.004014
10,ours-406478,629,0.003024
10,KACTL,629,0.029597
10,393435,630,0.004008
10,ours-406478,630,0.003021
10,KACTL,630,0.029372
10,simd-v0,630,0.007526
10,ours-406478,631,0.003052
10,KACTL,631,0.029402
10,simd-v0,631,0.007538
10,393435,631,0.004007
10,KACTL,632,0.029371
10,simd-v0,632,0.007499
10,393435,632,0.004025
10,ours-406478,632,0.003038
10,simd-v0,633,0.007533
10,393435,633,0.003998
10,ours-406478,633,0.003033
10,KACTL,633,0.029587
10,393435,634,0.004018
10,ours-406478,634,0.003027
10,KACTL,634,0.029337
10,simd-v0,634,0.007481
10,ours-406478,635,0.003065
10,KACTL,635,0.029340
10,simd-v0,635,0.007516
10,393435,635,0.004034
10,KACTL,636,0.029356
10,simd-v0,636,0.007529
10,393435,636,0.004032
10,ours-406478,636,0.003033
10,simd-v0,637,0.007518
10,393435,637,0.004009
10,ours-406478,637,0.003041
10,KACTL,637,0.029390
10,393435,638,0.004027
10,ours-406478,638,0.003009
10,KACTL,638,0.029509
10,simd-v0,638,0.007518
10,ours-406478,639,0.003040
10,KACTL,639,0.029381
10,simd-v0,639,0.007494
10,393435,639,0.004012
10,KACTL,640,0.029314
10,simd-v0,640,0.007532
10,393435,640,0.003993
10,ours-406478,640,0.003049
10,simd-v0,641,0.007528
10,393435,641,0.004014
10,ours-406478,641,0.003040
10,KACTL,641,0.029378
10,393435,642,0.004007
10,ours-406478,642,0.003039
10,KACTL,642,0.029546
10,simd-v0,642,0.007539
10,ours-406478,643,0.003064
10,KACTL,643,0.029502
10,simd-v0,643,0.007529
10,393435,643,0.004015
10,KACTL,644,0.029353
10,simd-v0,644,0.007482
10,393435,644,0.004020
10,ours-406478,644,0.003044
10,simd-v0,645,0.007521
10,393435,645,0.004007
10,ours-406478,645,0.003035
10,KACTL,645,0.029358
10,393435,646,0.004013
10,ours-406478,646,0.003021
10,KACTL,646,0.029352
10,simd-v0,646,0.007526
10,ours-406478,647,0.003069
10,KACTL,647,0.029358
10,simd-v0,647,0.007515
10,393435,647,0.004053
10,KACTL,648,0.034270
10,simd-v0,648,0.007530
10,393435,648,0.004029
10,ours-406478,648,0.003048
10,simd-v0,649,0.007528
10,393435,649,0.004004
10,ours-406478,649,0.003036
10,KACTL,649,0.029374
10,393435,650,0.004030
10,ours-406478,650,0.003033
10,KACTL,650,0.029389
10,simd-v0,650,0.007510
10,ours-406478,651,0.003060
10,KACTL,651,0.029389
10,simd-v0,651,0.007643
10,393435,651,0.004024
10,KACTL,652,0.029577
10,simd-v0,652,0.007650
10,393435,652,0.004027
10,ours-406478,652,0.003045
10,simd-v0,653,0.007533
10,393435,653,0.004012
10,ours-406478,653,0.003043
10,KACTL,653,0.029329
10,393435,654,0.004507
10,ours-406478,654,0.003017
10,KACTL,654,0.029463
10,simd-v0,654,0.007646
10,ours-406478,655,0.003070
10,KACTL,655,0.029336
10,simd-v0,655,0.007657
10,393435,655,0.004012
10,KACTL,656,0.029604
10,simd-v0,656,0.007678
10,393435,656,0.004015
10,ours-406478,656,0.003044
10,simd-v0,657,0.007520
10,393435,657,0.004014
10,ours-406478,657,0.003030
10,KACTL,657,0.029619
10,393435,658,0.004399
10,ours-406478,658,0.003049
10,KACTL,658,0.029297
10,simd-v0,658,0.007677
10,ours-406478,659,0.003040
10,KACTL,659,0.029302
10,simd-v0,659,0.007654
10,393435,659,0.004009
10,KACTL,660,0.029302
10,simd-v0,660,0.007685
10,393435,660,0.004018
10,ours-406478,660,0.003052
10,simd-v0,661,0.007539
10,393435,661,0.003986
10,ours-406478,661,0.003028
10,KACTL,661,0.029366
10,393435,662,0.004432
10,ours-406478,662,0.003028
10,KACTL,662,0.029288
10,simd-v0,662,0.007671
10,ours-406478,663,0.003042
10,KACTL,663,0.029370
10,simd-v0,663,0.007653
10,393435,663,0.004020
10,KACTL,664,0.029286
10,simd-v0,664,0.007633
10,393435,664,0.004027
10,ours-406478,664,0.003046
10,simd-v0,665,0.007529
10,393435,665,0.004000
10,ours-406478,665,0.003034
10,KACTL,665,0.029623
10,393435,666,0.004387
10,ours-406478,666,0.003026
10,KACTL,666,0.029376
10,simd-v0,666,0.007664
10,ours-406478,667,0.003070
10,KACTL,667,0.029333
10,simd-v0,667,0.007677
10,393435,667,0.004016
10,KACTL,668,0.029404
10,simd-v0,668,0.007653
10,393435,668,0.004023
10,ours-406478,668,0.003048
10,simd-v0,669,0.007542
10,393435,669,0.004001
10,ours-406478,669,0.003031
10,KACTL,669,0.029448
10,393435,670,0.004487
10,ours-406478,670,0.003029
10,KACTL,670,0.034286
10,simd-v0,670,0.007658
10,ours-406478,671,0.003058
10,KACTL,671,0.029395
10,simd-v0,671,0.007680
10,393435,671,0.004002
10,KACTL,672,0.029316
10,simd-v0,672,0.007665
10,393435,672,0.004027
10,ours-406478,672,0.003037
10,simd-v0,673,0.007538
10,393435,673,0.004004
10,ours-406478,673,0.003033
10,KACTL,673,0.029411
10,393435,674,0.004034
10,ours-406478,674,0.003031
10,KACTL,674,0.029342
10,simd-v0,674,0.007516
10,ours-406478,675,0.003040
10,KACTL,675,0.029374
10,simd-v0,675,0.007495
10,393435,675,0.004027
10,KACTL,676,0.029563
10,simd-v0,676,0.007534
10,393435,676,0.004025
10,ours-406478,676,0.003049
10,simd-v0,677,0.007506
10,393435,677,0.003989
10,ours-406478,677,0.003052
10,KACTL,677,0.029392
10,393435,678,0.004037
10,ours-406478,678,0.003032
10,KACTL,678,0.029394
10,simd-v0,678,0.007540
10,ours-406478,679,0.003057
10,KACTL,679,0.029351
10,simd-v0,679,0.007504
10,393435,679,0.004017
10,KACTL,680,0.029346
10,simd-v0,680,0.007527
10,393435,680,0.004022
10,ours-406478,680,0.003051
10,simd-v0,681,0.007514
10,393435,681,0.004018
10,ours-406478,681,0.003036
10,KACTL,681,0.029396
10,393435,682,0.004012
10,ours-406478,682,0.003041
10,KACTL,682,0.029351
10,simd-v0,682,0.007530
10,ours-406478,683,0.003048
10,KACTL,683,0.029333
10,simd-v0,683,0.007506
10,393435,683,0.004012
10,KACTL,684,0.029390
10,simd-v0,684,0.007515
10,393435,684,0.004016
10,ours-406478,684,0.003058
10,simd-v0,685,0.007528
10,393435,685,0.004013
10,ours-406478,685,0.003032
10,KACTL,685,0.029615
10,393435,686,0.004030
10,ours-406478,686,0.003024
10,KACTL,686,0.029337
10,simd-v0,686,0.007528
10,ours-406478,687,0.003053
10,KACTL,687,0.029369
10,simd-v0,687,0.007504
10,393435,687,0.004007
10,KACTL,688,0.029331
10,simd-v0,688,0.007522
10,393435,688,0.004010
10,ours-406478,688,0.003047
10,simd-v0,689,0.007513
10,393435,689,0.004000
10,ours-406478,689,0.003034
10,KACTL,689,0.029602
10,393435,690,0.004010
10,ours-406478,690,0.003014
10,KACTL,690,0.029357
10,simd-v0,690,0.007532
10,ours-406478,691,0.003030
10,KACTL,691,0.029589
10,simd-v0,691,0.007518
10,393435,691,0.004019
10,KACTL,692,0.034496
10,simd-v0,692,0.007540
10,393435,692,0.004023
10,ours-406478,692,0.003045
10,simd-v0,693,0.007512
10,393435,693,0.004014
10,ours-406478,693,0.003042
10,KACTL,693,0.029384
10,393435,694,0.004015
10,ours-406478,694,0.003044
10,KACTL,694,0.029348
10,simd-v0,694,0.007510
10,ours-406478,695,0.003043
10,KACTL,695,0.029359
10,simd-v0,695,0.007632
10,393435,695,0.004019
10,KACTL,696,0.029383
10,simd-v0,696,0.007698
10,393435,696,0.004034
10,ours-406478,696,0.003051
10,simd-v0,697,0.007490
10,393435,697,0.004018
10,ours-406478,697,0.003041
10,KACTL,697,0.029373
10,393435,698,0.004531
10,ours-406478,698,0.003024
10,KACTL,698,0.029538
10,simd-v0,698,0.007676
10,ours-406478,699,0.003057
10,KACTL,699,0.029598
10,simd-v0,699,0.007638
10,393435,699,0.003998
10,KACTL,700,0.029573
10,simd-v0,700,0.007625
10,393435,700,0.004019
10,ours-406478,700,0.003055
10,simd-v0,701,0.007520
10,393435,701,0.004000
10,ours-406478,701,0.003030
10,KACTL,701,0.029605
10,393435,702,0.004407
10,ours-406478,702,0.003020
10,KACTL,702,0.029362
10,simd-v0,702,0.007656
10,ours-406478,703,0.003067
10,KACTL,703,0.029318
10,simd-v0,703,0.007688
10,393435,703,0.004019
10,KACTL,704,0.029317
10,simd-v0,704,0.007651
10,393435,704,0.004012
10,ours-406478,704,0.003043
10,simd-v0,705,0.007547
10,393435,705,0.004017
10,ours-406478,705,0.003040
10,KACTL,705,0.029522
10,393435,706,0.004469
10,ours-406478,706,0.003026
10,KACTL,706,0.029370
10,simd-v0,706,0.007662
10,ours-406478,707,0.003053
10,KACTL,707,0.029416
10,simd-v0,707,0.007667
10,393435,707,0.004032
10,KACTL,708,0.029575
10,simd-v0,708,0.007654
10,393435,708,0.004013
10,ours-406478,708,0.003043
10,simd-v0,709,0.007500
10,393435,709,0.004003
10,ours-406478,709,0.003046
10,KACTL,709,0.029415
10,393435,710,0.004403
10,ours-406478,710,0.003026
10,KACTL,710,0.029346
10,simd-v0,710,0.007669
10,ours-406478,711,0.003047
10,KACTL,711,0.029308
10,simd-v0,711,0.007672
10,393435,711,0.004017
10,KACTL,712,0.029392
10,simd-v0,712,0.007675
10,393435,712,0.004021
10,ours-406478,712,0.003049
10,simd-v0,713,0.007508
10,393435,713,0.004007
10,ours-406478,713,0.003032
10,KACTL,713,0.034316
10,393435,714,0.004433
10,ours-406478,714,0.003037
10,KACTL,714,0.029396
10,simd-v0,714,0.007664
10,ours-406478,715,0.003051
10,KACTL,715,0.029390
10,simd-v0,715,0.007671
10,393435,715,0.004007
10,KACTL,716,0.029302
10,simd-v0,716,0.007658
10,393435,716,0.004027
10,ours-406478,716,0.003039
10,simd-v0,717,0.007525
10,393435,717,0.004002
10,ours-406478,717,0.003018
10,KACTL,717,0.029408
10,393435,718,0.004023
10,ours-406478,718,0.003029
10,KACTL,718,0.029320
10,simd-v0,718,0.007519
10,ours-406478,719,0.003046
10,KACTL,719,0.029492
10,simd-v0,719,0.007498
10,393435,719,0.004017
10,KACTL,720,0.029378
10,simd-v0,720,0.007508
10,393435,720,0.004021
10,ours-406478,720,0.003053
10,simd-v0,721,0.007549
10,393435,721,0.004011
10,ours-406478,721,0.003022
10,KACTL,721,0.029411
10,393435,722,0.004021
10,ours-406478,722,0.003019
10,KACTL,722,0.029609
10,simd-v0,722,0.007531
10,ours-406478,723,0.003060
10,KACTL,723,0.029327
10,simd-v0,723,0.007515
10,393435,723,0.004029
10,KACTL,724,0.029321
10,simd-v0,724,0.007508
10,393435,724,0.004026
10,ours-406478,724,0.003055
10,simd-v0,725,0.007518
10,393435,725,0.004011
10,ours-406478,725,0.003021
10,KACTL,725,0.029381
10,393435,726,0.004023
10,ours-406478,726,0.003026
10,KACTL,726,0.029366
10,simd-v0,726,0.007510
10,ours-406478,727,0.003046
10,KACTL,727,0.029569
10,simd-v0,727,0.007526
10,393435,727,0.004016
10,KACTL,728,0.029500
10,simd-v0,728,0.007530
10,393435,728,0.004015
10,ours-406478,728,0.003046
10,simd-v0,729,0.007517
10,393435,729,0.004016
10,ours-406478,729,0.003035
10,KACTL,729,0.029427
10,393435,730,0.004032
10,ours-406478,730,0.003027
10,KACTL,730,0.029519
10,simd-v0,730,0.007519
10,ours-406478,731,0.003043
10,KACTL,731,0.029316
10,simd-v0,731,0.007498
10,393435,731,0.004016
10,KACTL,732,0.029310
10,simd-v0,732,0.007516
10,393435,732,0.004025
10,ours-406478,732,0.003057
10,simd-v0,733,0.007493
10,393435,733,0.003998
10,ours-406478,733,0.003040
10,KACTL,733,0.029357
10,393435,734,0.004014
10,ours-406478,734,0.003040
10,KACTL,734,0.029359
10,simd-v0,734,0.007542
10,ours-406478,735,0.003053
10,KACTL,735,0.029615
10,simd-v0,735,0.012398
10,393435,735,0.004057
10,KACTL,736,0.029422
10,simd-v0,736,0.007537
10,393435,736,0.004030
10,ours-406478,736,0.003033
10,simd-v0,737,0.007494
10,393435,737,0.004004
10,ours-406478,737,0.003036
10,KACTL,737,0.029401
10,393435,738,0.004042
10,ours-406478,738,0.003029
10,KACTL,738,0.029303
10,simd-v0,738,0.007513
10,ours-406478,739,0.003077
10,KACTL,739,0.029406
10,simd-v0,739,0.007656
10,393435,739,0.004025
10,KACTL,740,0.029358
10,simd-v0,740,0.007650
10,393435,740,0.004021
10,ours-406478,740,0.003061
10,simd-v0,741,0.007516
10,393435,741,0.004001
10,ours-406478,741,0.003049
10,KACTL,741,0.029428
10,393435,742,0.004473
10,ours-406478,742,0.003022
10,KACTL,742,0.029348
10,simd-v0,742,0.007626
10,ours-406478,743,0.003054
10,KACTL,743,0.029309
10,simd-v0,743,0.007685
10,393435,743,0.004018
10,KACTL,744,0.029401
10,simd-v0,744,0.007656
10,393435,744,0.004014
10,ours-406478,744,0.003046
10,simd-v0,745,0.007523
10,393435,745,0.004010
10,ours-406478,745,0.003033
10,KACTL,745,0.029369
10,393435,746,0.004404
10,ours-406478,746,0.003029
10,KACTL,746,0.029551
10,simd-v0,746,0.007664
10,ours-406478,747,0.003056
10,KACTL,747,0.029377
10,simd-v0,747,0.007650
10,393435,747,0.004023
10,KACTL,748,0.029413
10,simd-v0,748,0.007660
10,393435,748,0.004014
10,ours-406478,748,0.003025
10,simd-v0,749,0.007500
10,393435,749,0.003995
10,ours-406478,749,0.003061
10,KACTL,749,0.029422
10,393435,750,0.004455
10,ours-406478,750,0.003032
10,KACTL,750,0.029419
10,simd-v0,750,0.007634
10,ours-406478,751,0.003058
10,KACTL,751,0.029627
10,simd-v0,751,0.007682
10,393435,751,0.004019
10,KACTL,752,0.031063
10,simd-v0,752,0.007695
10,393435,752,0.004055
10,ours-406478,752,0.003056
10,simd-v0,753,0.007514
10,393435,753,0.003987
10,ours-406478,753,0.003020
10,KACTL,753,0.029712
10,393435,754,0.004426
10,ours-406478,754,0.003034
10,KACTL,754,0.029323
10,simd-v0,754,0.007658
10,ours-406478,755,0.003056
10,KACTL,755,0.029314
10,simd-v0,755,0.007670
10,393435,755,0.004019
10,KACTL,756,0.029364
10,simd-v0,756,0.007633
10,393435,756,0.004016
10,ours-406478,756,0.003050
10,simd-v0,757,0.007515
10,393435,757,0.004007
10,ours-406478,757,0.003018
10,KACTL,757,0.034326
10,393435,758,0.004422
10,ours-406478,758,0.003030
10,KACTL,758,0.029583
10,simd-v0,758,0.007660
10,ours-406478,759,0.003052
10,KACTL,759,0.029314
10,simd-v0,759,0.007654
10,393435,759,0.004018
10,KACTL,760,0.029338
10,simd-v0,760,0.007648
10,393435,760,0.004020
10,ours-406478,760,0.003063
10,simd-v0,761,0.007520
10,393435,761,0.004037
10,ours-406478,761,0.003023
10,KACTL,761,0.029373
10,393435,762,0.004031
10,ours-406478,762,0.003014
10,KACTL,762,0.029564
10,simd-v0,762,0.007509
10,ours-406478,763,0.003042
10,KACTL,763,0.029333
10,simd-v0,763,0.007551
10,393435,763,0.004027
10,KACTL,764,0.029327
10,simd-v0,764,0.007541
10,393435,764,0.004017
10,ours-406478,764,0.003032
10,simd-v0,765,0.007536
10,393435,765,0.004008
10,ours-406478,765,0.003039
10,KACTL,765,0.029505
10,393435,766,0.004006
10,ours-406478,766,0.003021
10,KACTL,766,0.029400
10,simd-v0,766,0.007523
10,ours-406478,767,0.003038
10,KACTL,767,0.029336
10,simd-v0,767,0.007531
10,393435,767,0.004016
10,KACTL,768,0.029345
10,simd-v0,768,0.007539
10,393435,768,0.004008
10,ours-406478,768,0.003039
10,simd-v0,769,0.007512
10,393435,769,0.004003
10,ours-406478,769,0.003032
10,KACTL,769,0.029402
10,393435,770,0.004034
10,ours-406478,770,0.003028
10,KACTL,770,0.029336
10,simd-v0,770,0.007534
10,ours-406478,771,0.003031
10,KACTL,771,0.029568
10,simd-v0,771,0.007513
10,393435,771,0.004053
10,KACTL,772,0.029542
10,simd-v0,772,0.007510
10,393435,772,0.004022
10,ours-406478,772,0.003043
10,simd-v0,773,0.007501
10,393435,773,0.003992
10,ours-406478,773,0.003026
10,KACTL,773,0.029403
10,393435,774,0.004031
10,ours-406478,774,0.003025
10,KACTL,774,0.029330
10,simd-v0,774,0.007545
10,ours-406478,775,0.003047
10,KACTL,775,0.029345
10,simd-v0,775,0.007504
10,393435,775,0.004010
10,KACTL,776,0.029306
10,simd-v0,776,0.007505
10,393435,776,0.004024
10,ours-406478,776,0.003049
10,simd-v0,777,0.007539
10,393435,777,0.004007
10,ours-406478,777,0.003025
10,KACTL,777,0.029416
10,393435,778,0.004018
10,ours-406478,778,0.003032
10,KACTL,778,0.029354
10,simd-v0,778,0.007547
10,ours-406478,779,0.003049
10,KACTL,779,0.034266
10,simd-v0,779,0.007549
10,393435,779,0.004037
10,KACTL,780,0.029330
10,simd-v0,780,0.007485
10,393435,780,0.004008
10,ours-406478,780,0.003056
10,simd-v0,781,0.007547
10,393435,781,0.004001
10,ours-406478,781,0.003034
10,KACTL,781,0.029594
10,393435,782,0.004030
10,ours-406478,782,0.003030
10,KACTL,782,0.029328
10,simd-v0,782,0.007508
10,ours-406478,783,0.003038
10,KACTL,783,0.029349
10,simd-v0,783,0.007535
10,393435,783,0.004030
10,KACTL,784,0.029415
10,simd-v0,784,0.007671
10,393435,784,0.004017
10,ours-406478,784,0.003047
10,simd-v0,785,0.007501
10,393435,785,0.004010
10,ours-406478,785,0.003046
10,KACTL,785,0.029377
10,393435,786,0.004403
10,ours-406478,786,0.003027
10,KACTL,786,0.029551
10,simd-v0,786,0.007664
10,ours-406478,787,0.003035
10,KACTL,787,0.029871
10,simd-v0,787,0.007686
10,393435,787,0.004023
10,KACTL,788,0.029380
10,simd-v0,788,0.007687
10,393435,788,0.004019
10,ours-406478,788,0.003047
10,simd-v0,789,0.007526
10,393435,789,0.003998
10,ours-406478,789,0.003038
10,KACTL,789,0.029470
10,393435,790,0.004465
10,ours-406478,790,0.003033
10,KACTL,790,0.029417
10,simd-v0,790,0.007661
10,ours-406478,791,0.003044
10,KACTL,791,0.029355
10,simd-v0,791,0.007635
10,393435,791,0.004020
10,KACTL,792,0.029332
10,simd-v0,792,0.007654
10,393435,792,0.004006
10,ours-406478,792,0.003052
10,simd-v0,793,0.007521
10,393435,793,0.003989
10,ours-406478,793,0.003034
10,KACTL,793,0.029685
10,393435,794,0.004405
10,ours-406478,794,0.003029
10,KACTL,794,0.029385
10,simd-v0,794,0.007687
10,ours-406478,795,0.003054
10,KACTL,795,0.029594
10,simd-v0,795,0.007686
10,393435,795,0.004000
10,KACTL,796,0.029398
10,simd-v0,796,0.007663
10,393435,796,0.004010
10,ours-406478,796,0.003051
10,simd-v0,797,0.007529
10,393435,797,0.004017
10,ours-406478,797,0.003034
10,KACTL,797,0.029403
10,393435,798,0.004482
10,ours-406478,798,0.003025
10,KACTL,798,0.029589
10,simd-v0,798,0.007664
10,ours-406478,799,0.003053
10,KACTL,799,0.029330
10,simd-v0,799,0.007664
10,393435,799,0.004003
10,KACTL,800,0.029605
10,simd-v0,800,0.007650
10,393435,800,0.004015
10,ours-406478,800,0.007902
10,simd-v0,801,0.007518
10,393435,801,0.004006
10,ours-406478,801,0.003023
10,KACTL,801,0.029469
10,393435,802,0.004412
10,ours-406478,802,0.003022
10,KACTL,802,0.029338
10,simd-v0,802,0.007670
10,ours-406478,803,0.003057
10,KACTL,803,0.029286
10,simd-v0,803,0.007681
10,393435,803,0.004038
10,KACTL,804,0.029519
10,simd-v0,804,0.007639
10,393435,804,0.004038
10,ours-406478,804,0.003043
10,simd-v0,805,0.007492
10,393435,805,0.004010
10,ours-406478,805,0.003038
10,KACTL,805,0.029340
10,393435,806,0.004424
10,ours-406478,806,0.003032
10,KACTL,806,0.029496
10,simd-v0,806,0.007530
10,ours-406478,807,0.003033
10,KACTL,807,0.029348
10,simd-v0,807,0.007534
10,393435,807,0.004024
10,KACTL,808,0.029369
10,simd-v0,808,0.007510
10,393435,808,0.004033
10,ours-406478,808,0.003046
10,simd-v0,809,0.007500
10,393435,809,0.004016
10,ours-406478,809,0.003050
10,KACTL,809,0.029412
10,393435,810,0.004016
10,ours-406478,810,0.003019
10,KACTL,810,0.029414
10,simd-v0,810,0.007524
10,ours-406478,811,0.003042
10,KACTL,811,0.029512
10,simd-v0,811,0.007513
10,393435,811,0.004009
10,KACTL,812,0.029340
10,simd-v0,812,0.007526
10,393435,812,0.004018
10,ours-406478,812,0.003044
10,simd-v0,813,0.007517
10,393435,813,0.003988
10,ours-406478,813,0.003046
10,KACTL,813,0.029367
10,393435,814,0.004014
10,ours-406478,814,0.003031
10,KACTL,814,0.029352
10,simd-v0,814,0.007514
10,ours-406478,815,0.003048
10,KACTL,815,0.029327
10,simd-v0,815,0.007498
10,393435,815,0.004008
10,KACTL,816,0.029321
10,simd-v0,816,0.007513
10,393435,816,0.004046
10,ours-406478,816,0.003043
10,simd-v0,817,0.007543
10,393435,817,0.004009
10,ours-406478,817,0.003027
10,KACTL,817,0.029399
10,393435,818,0.004017
10,ours-406478,818,0.003038
10,KACTL,818,0.029286
10,simd-v0,818,0.007506
10,ours-406478,819,0.003043
10,KACTL,819,0.029376
10,simd-v0,819,0.007519
10,393435,819,0.004030
10,KACTL,820,0.029406
10,simd-v0,820,0.007525
10,393435,820,0.004017
10,ours-406478,820,0.003060
10,simd-v0,821,0.007510
10,393435,821,0.004003
10,ours-406478,821,0.003019
10,KACTL,821,0.029408
10,393435,822,0.004013
10,ours-406478,822,0.003030
10,KACTL,822,0.034183
10,simd-v0,822,0.007524
10,ours-406478,823,0.003049
10,KACTL,823,0.029413
10,simd-v0,823,0.007529
10,393435,823,0.004044
10,KACTL,824,0.029451
10,simd-v0,824,0.007515
10,393435,824,0.004012
10,ours-406478,824,0.003035
10,simd-v0,825,0.007526
10,393435,825,0.004012
10,ours-406478,825,0.003036
10,KACTL,825,0.029400
10,393435,826,0.004051
10,ours-406478,826,0.003041
10,KACTL,826,0.029375
10,simd-v0,826,0.007537
10,ours-406478,827,0.003039
10,KACTL,827,0.029305
10,simd-v0,827,0.007511
10,393435,827,0.004008
10,KACTL,828,0.029360
10,simd-v0,828,0.007667
10,393435,828,0.004017
10,ours-406478,828,0.003052
10,simd-v0,829,0.007517
10,393435,829,0.003997
10,ours-406478,829,0.003045
10,KACTL,829,0.029596
10,393435,830,0.004406
10,ours-406478,830,0.003025
10,KACTL,830,0.029364
10,simd-v0,830,0.007717
10,ours-406478,831,0.003036
10,KACTL,831,0.029551
10,simd-v0,831,0.007650
10,393435,831,0.004019
10,KACTL,832,0.029386
10,simd-v0,832,0.007663
10,393435,832,0.004009
10,ours-406478,832,0.003063
10,simd-v0,833,0.007526
10,393435,833,0.004008
10,ours-406478,833,0.003011
10,KACTL,833,0.029391
10,393435,834,0.004433
10,ours-406478,834,0.003028
10,KACTL,834,0.029354
10,simd-v0,834,0.007675
10,ours-406478,835,0.003052
10,KACTL,835,0.029381
10,simd-v0,835,0.007648
10,393435,835,0.004007
10,KACTL,836,0.029349
10,simd-v0,836,0.007662
10,393435,836,0.004034
10,ours-406478,836,0.003033
10,simd-v0,837,0.007521
10,393435,837,0.004009
10,ours-406478,837,0.003042
10,KACTL,837,0.029410
10,393435,838,0.004389
10,ours-406478,838,0.003027
10,KACTL,838,0.029313
10,simd-v0,838,0.007671
10,ours-406478,839,0.003049
10,KACTL,839,0.029354
10,simd-v0,839,0.007658
10,393435,839,0.004029
10,KACTL,840,0.029291
10,simd-v0,840,0.007664
10,393435,840,0.004016
10,ours-406478,840,0.003031
10,simd-v0,841,0.007523
10,393435,841,0.003997
10,ours-406478,841,0.003038
10,KACTL,841,0.029347
10,393435,842,0.004451
10,ours-406478,842,0.003040
10,KACTL,842,0.029323
10,simd-v0,842,0.007622
10,ours-406478,843,0.003045
10,KACTL,843,0.029377
10,simd-v0,843,0.007667
10,393435,843,0.004029
10,KACTL,844,0.034378
10,simd-v0,844,0.007678
10,393435,844,0.004013
10,ours-406478,844,0.003055
10,simd-v0,845,0.007511
10,393435,845,0.003996
10,ours-406478,845,0.003047
10,KACTL,845,0.029428
10,393435,846,0.004459
10,ours-406478,846,0.003024
10,KACTL,846,0.029340
10,simd-v0,846,0.007637
10,ours-406478,847,0.003054
10,KACTL,847,0.029416
10,simd-v0,847,0.007658
10,393435,847,0.004031
10,KACTL,848,0.029410
10,simd-v0,848,0.007666
10,393435,848,0.004016
10,ours-406478,848,0.003041
10,simd-v0,849,0.007554
10,393435,849,0.004034
10,ours-406478,849,0.003043
10,KACTL,849,0.029662
10,393435,850,0.004413
10,ours-406478,850,0.003034
10,KACTL,850,0.029312
10,simd-v0,850,0.007676
10,ours-406478,851,0.003050
10,KACTL,851,0.029552
10,simd-v0,851,0.007506
10,393435,851,0.004018
10,KACTL,852,0.029637
10,simd-v0,852,0.007538
10,393435,852,0.004016
10,ours-406478,852,0.003052
10,simd-v0,853,0.007503
10,393435,853,0.003999
10,ours-406478,853,0.003025
10,KACTL,853,0.029609
10,393435,854,0.004013
10,ours-406478,854,0.003018
10,KACTL,854,0.029380
10,simd-v0,854,0.007534
10,ours-406478,855,0.003033
10,KACTL,855,0.029341
10,simd-v0,855,0.007525
10,393435,855,0.004024
10,KACTL,856,0.029574
10,simd-v0,856,0.007508
10,393435,856,0.004028
10,ours-406478,856,0.003047
10,simd-v0,857,0.007526
10,393435,857,0.004001
10,ours-406478,857,0.003026
10,KACTL,857,0.029551
10,393435,858,0.004019
10,ours-406478,858,0.003017
10,KACTL,858,0.029362
10,simd-v0,858,0.007523
10,ours-406478,859,0.003064
10,KACTL,859,0.029518
10,simd-v0,859,0.007504
10,393435,859,0.004010
10,KACTL,860,0.029312
10,simd-v0,860,0.007548
10,393435,860,0.004025
10,ours-406478,860,0.003040
10,simd-v0,861,0.007520
10,393435,861,0.003997
10,ours-406478,861,0.003037
10,KACTL,861,0.029374
10,393435,862,0.004032
10,ours-406478,862,0.003017
10,KACTL,862,0.029512
10,simd-v0,862,0.007511
10,ours-406478,863,0.003041
10,KACTL,863,0.029593
10,simd-v0,863,0.007502
10,393435,863,0.003991
10,KACTL,864,0.029406
10,simd-v0,864,0.007510
10,393435,864,0.004017
10,ours-406478,864,0.003048
10,simd-v0,865,0.007501
10,393435,865,0.004005
10,ours-406478,865,0.003034
10,KACTL,865,0.029384
10,393435,866,0.004012
10,ours-406478,866,0.003035
10,KACTL,866,0.034551
10,simd-v0,866,0.007545
10,ours-406478,867,0.003059
10,KACTL,867,0.029589
10,simd-v0,867,0.007509
10,393435,867,0.004032
10,KACTL,868,0.029405
10,simd-v0,868,0.007537
10,393435,868,0.004015
10,ours-406478,868,0.003054
10,simd-v0,869,0.007517
10,393435,869,0.004014
10,ours-406478,869,0.003032
10,KACTL,869,0.029435
10,393435,870,0.004023
10,ours-406478,870,0.003025
10,KACTL,870,0.029403
10,simd-v0,870,0.007510
10,ours-406478,871,0.003072
10,KACTL,871,0.029317
10,simd-v0,871,0.007512
10,393435,871,0.004020
10,KACTL,872,0.029318
10,simd-v0,872,0.007538
10,393435,872,0.004017
10,ours-406478,872,0.003058
10,simd-v0,873,0.007513
10,393435,873,0.003994
10,ours-406478,873,0.003030
10,KACTL,873,0.029402
10,393435,874,0.004391
10,ours-406478,874,0.003030
10,KACTL,874,0.029371
10,simd-v0,874,0.007666
10,ours-406478,875,0.003058
10,KACTL,875,0.029361
10,simd-v0,875,0.007677
10,393435,875,0.004019
10,KACTL,876,0.029607
10,simd-v0,876,0.007646
10,393435,876,0.004016
10,ours-406478,876,0.003049
10,simd-v0,877,0.007531
10,393435,877,0.004016
10,ours-406478,877,0.003039
10,KACTL,877,0.029422
10,393435,878,0.004434
10,ours-406478,878,0.003028
10,KACTL,878,0.029320
10,simd-v0,878,0.007641
10,ours-406478,879,0.003039
10,KACTL,879,0.029600
10,simd-v0,879,0.007670
10,393435,879,0.004045
10,KACTL,880,0.029518
10,simd-v0,880,0.007676
10,393435,880,0.004021
10,ours-406478,880,0.003041
10,simd-v0,881,0.007537
10,393435,881,0.003993
10,ours-406478,881,0.003035
10,KACTL,881,0.029357
10,393435,882,0.004491
10,ours-406478,882,0.003034
10,KACTL,882,0.029425
10,simd-v0,882,0.007664
10,ours-406478,883,0.003037
10,KACTL,883,0.029338
10,simd-v0,883,0.007657
10,393435,883,0.004009
10,KACTL,884,0.029339
10,simd-v0,884,0.007653
10,393435,884,0.004028
10,ours-406478,884,0.003056
10,simd-v0,885,0.007513
10,393435,885,0.003994
10,ours-406478,885,0.003033
10,KACTL,885,0.029434
10,393435,886,0.004447
10,ours-406478,886,0.003028
10,KACTL,886,0.029580
10,simd-v0,886,0.007660
10,ours-406478,887,0.003038
10,KACTL,887,0.029557
10,simd-v0,887,0.007647
10,393435,887,0.004022
10,KACTL,888,0.044976
10,simd-v0,888,0.007692
10,393435,888,0.004051
10,ours-406478,888,0.003049
10,simd-v0,889,0.007503
10,393435,889,0.004005
10,ours-406478,889,0.003050
10,KACTL,889,0.029338
10,393435,890,0.004452
10,ours-406478,890,0.003029
10,KACTL,890,0.029347
10,simd-v0,890,0.007661
10,ours-406478,891,0.003038
10,KACTL,891,0.029559
10,simd-v0,891,0.007669
10,393435,891,0.004024
10,KACTL,892,0.029393
10,simd-v0,892,0.007676
10,393435,892,0.004001
10,ours-406478,892,0.003042
10,simd-v0,893,0.007517
10,393435,893,0.004008
10,ours-406478,893,0.003037
10,KACTL,893,0.029405
10,393435,894,0.004444
10,ours-406478,894,0.003029
10,KACTL,894,0.029298
10,simd-v0,894,0.007680
10,ours-406478,895,0.003049
10,KACTL,895,0.029566
10,simd-v0,895,0.007500
10,393435,895,0.004028
10,KACTL,896,0.029317
10,simd-v0,896,0.007547
10,393435,896,0.004031
10,ours-406478,896,0.003058
10,simd-v0,897,0.007513
10,393435,897,0.004000
10,ours-406478,897,0.003028
10,KACTL,897,0.029576
10,393435,898,0.004039
10,ours-406478,898,0.003022
10,KACTL,898,0.029340
10,simd-v0,898,0.007546
10,ours-406478,899,0.003040
10,KACTL,899,0.029554
10,simd-v0,899,0.007528
10,393435,899,0.004024
10,KACTL,900,0.029360
10,simd-v0,900,0.007498
10,393435,900,0.004018
10,ours-406478,900,0.003057
10,simd-v0,901,0.007536
10,393435,901,0.004002
10,ours-406478,901,0.003029
10,KACTL,901,0.029465
10,393435,902,0.004029
10,ours-406478,902,0.003038
10,KACTL,902,0.029339
10,simd-v0,902,0.007529
10,ours-406478,903,0.003059
10,KACTL,903,0.029597
10,simd-v0,903,0.007542
10,393435,903,0.004014
10,KACTL,904,0.029319
10,simd-v0,904,0.007519
10,393435,904,0.004003
10,ours-406478,904,0.003043
10,simd-v0,905,0.007527
10,393435,905,0.004016
10,ours-406478,905,0.003031
10,KACTL,905,0.029335
10,393435,906,0.004025
10,ours-406478,906,0.003022
10,KACTL,906,0.029348
10,simd-v0,906,0.007526
10,ours-406478,907,0.003046
10,KACTL,907,0.029389
10,simd-v0,907,0.007513
10,393435,907,0.004027
10,KACTL,908,0.029337
10,simd-v0,908,0.007539
10,393435,908,0.004023
10,ours-406478,908,0.003058
10,simd-v0,909,0.007491
10,393435,909,0.003990
10,ours-406478,909,0.003046
10,KACTL,909,0.034543
10,393435,910,0.004044
10,ours-406478,910,0.003043
10,KACTL,910,0.029362
10,simd-v0,910,0.007500
10,ours-406478,911,0.003033
10,KACTL,911,0.029394
10,simd-v0,911,0.007518
10,393435,911,0.004015
10,KACTL,912,0.029554
10,simd-v0,912,0.007493
10,393435,912,0.004029
10,ours-406478,912,0.003055
10,simd-v0,913,0.007496
10,393435,913,0.004008
10,ours-406478,913,0.003037
10,KACTL,913,0.029605
10,393435,914,0.004039
10,ours-406478,914,0.003023
10,KACTL,914,0.029331
10,simd-v0,914,0.007498
10,ours-406478,915,0.003068
10,KACTL,915,0.029323
10,simd-v0,915,0.007541
10,393435,915,0.004017
10,KACTL,916,0.029526
10,simd-v0,916,0.007508
10,393435,916,0.004006
10,ours-406478,916,0.003051
10,simd-v0,917,0.007541
10,393435,917,0.003999
10,ours-406478,917,0.003041
10,KACTL,917,0.029376
10,393435,918,0.004421
10,ours-406478,918,0.003016
10,KACTL,918,0.029359
10,simd-v0,918,0.007649
10,ours-406478,919,0.003046
10,KACTL,919,0.029535
10,simd-v0,919,0.007667
10,393435,919,0.004020
10,KACTL,920,0.029601
10,simd-v0,920,0.007641
10,393435,920,0.004005
10,ours-406478,920,0.003035
10,simd-v0,921,0.007520
10,393435,921,0.004006
10,ours-406478,921,0.003030
10,KACTL,921,0.029582
10,393435,922,0.004398
10,ours-406478,922,0.003026
10,KACTL,922,0.029376
10,simd-v0,922,0.007641
10,ours-406478,923,0.003049
10,KACTL,923,0.029562
10,simd-v0,923,0.007649
10,393435,923,0.004021
10,KACTL,924,0.029339
10,simd-v0,924,0.007670
10,393435,924,0.004003
10,ours-406478,924,0.003041
10,simd-v0,925,0.007495
10,393435,925,0.004006
10,ours-406478,925,0.003037
10,KACTL,925,0.029445
10,393435,926,0.004513
10,ours-406478,926,0.003033
10,KACTL,926,0.029587
10,simd-v0,926,0.007654
10,ours-406478,927,0.003037
10,KACTL,927,0.029582
10,simd-v0,927,0.007649
10,393435,927,0.004008
10,KACTL,928,0.029555
10,simd-v0,928,0.007670
10,393435,928,0.004036
10,ours-406478,928,0.003041
10,simd-v0,929,0.007517
10,393435,929,0.004007
10,ours-406478,929,0.003027
10,KACTL,929,0.029386
10,393435,930,0.004465
10,ours-406478,930,0.003012
10,KACTL,930,0.029330
10,simd-v0,930,0.007678
10,ours-406478,931,0.003038
10,KACTL,931,0.034463
10,simd-v0,931,0.007680
10,393435,931,0.004013
10,KACTL,932,0.029389
10,simd-v0,932,0.007665
10,393435,932,0.004034
10,ours-406478,932,0.003054
10,simd-v0,933,0.007510
10,393435,933,0.003992
10,ours-406478,933,0.003016
10,KACTL,933,0.029369
10,393435,934,0.004421
10,ours-406478,934,0.003047
10,KACTL,934,0.029580
10,simd-v0,934,0.007670
10,ours-406478,935,0.003051
10,KACTL,935,0.029322
10,simd-v0,935,0.007660
10,393435,935,0.004028
10,KACTL,936,0.029342
10,simd-v0,936,0.007673
10,393435,936,0.004024
10,ours-406478,936,0.003062
10,simd-v0,937,0.007505
10,393435,937,0.003998
10,ours-406478,937,0.003022
10,KACTL,937,0.029362
10,393435,938,0.004474
10,ours-406478,938,0.003016
10,KACTL,938,0.029363
10,simd-v0,938,0.007640
10,ours-406478,939,0.003057
10,KACTL,939,0.029335
10,simd-v0,939,0.007676
10,393435,939,0.004030
10,KACTL,940,0.029552
10,simd-v0,940,0.007532
10,393435,940,0.004011
10,ours-406478,940,0.003047
10,simd-v0,941,0.007535
10,393435,941,0.004015
10,ours-406478,941,0.003037
10,KACTL,941,0.029636
10,393435,942,0.004027
10,ours-406478,942,0.003018
10,KACTL,942,0.029374
10,simd-v0,942,0.007498
10,ours-406478,943,0.003048
10,KACTL,943,0.029381
10,simd-v0,943,0.007513
10,393435,943,0.004035
10,KACTL,944,0.029349
10,simd-v0,944,0.007534
10,393435,944,0.004002
10,ours-406478,944,0.003042
10,simd-v0,945,0.007464
10,393435,945,0.004014
10,ours-406478,945,0.003029
10,KACTL,945,0.029388
10,393435,946,0.004022
10,ours-406478,946,0.003039
10,KACTL,946,0.029332
10,simd-v0,946,0.007497
10,ours-406478,947,0.003044
10,KACTL,947,0.029357
10,simd-v0,947,0.007504
10,393435,947,0.004021
10,KACTL,948,0.029383
10,simd-v0,948,0.007527
10,393435,948,0.004045
10,ours-406478,948,0.003047
10,simd-v0,949,0.007541
10,393435,949,0.004004
10,ours-406478,949,0.003027
10,KACTL,949,0.029611
10,393435,950,0.004006
10,ours-406478,950,0.003030
10,KACTL,950,0.029555
10,simd-v0,950,0.007503
10,ours-406478,951,0.003070
10,KACTL,951,0.029315
10,simd-v0,951,0.007510
10,393435,951,0.004028
10,KACTL,952,0.029326
10,simd-v0,952,0.007515
10,393435,952,0.004021
10,ours-406478,952,0.003057
10,simd-v0,953,0.012369
10,393435,953,0.004002
10,ours-406478,953,0.003035
10,KACTL,953,0.029480
10,393435,954,0.004021
10,ours-406478,954,0.003020
10,KACTL,954,0.029434
10,simd-v0,954,0.007528
10,ours-406478,955,0.003053
10,KACTL,955,0.029335
10,simd-v0,955,0.007523
10,393435,955,0.004025
10,KACTL,956,0.029335
10,simd-v0,956,0.007496
10,393435,956,0.004019
10,ours-406478,956,0.003055
10,simd-v0,957,0.007542
10,393435,957,0.004031
10,ours-406478,957,0.003040
10,KACTL,957,0.029582
10,393435,958,0.004019
10,ours-406478,958,0.003033
10,KACTL,958,0.029331
10,simd-v0,958,0.007504
10,ours-406478,959,0.003045
10,KACTL,959,0.029548
10,simd-v0,959,0.007512
10,393435,959,0.004009
10,KACTL,960,0.029298
10,simd-v0,960,0.007484
10,393435,960,0.004026
10,ours-406478,960,0.003043
10,simd-v0,961,0.007506
10,393435,961,0.003999
10,ours-406478,961,0.003034
10,KACTL,961,0.029353
10,393435,962,0.004044
10,ours-406478,962,0.003034
10,KACTL,962,0.029530
10,simd-v0,962,0.007652
10,ours-406478,963,0.003040
10,KACTL,963,0.029357
10,simd-v0,963,0.007666
10,393435,963,0.004019
10,KACTL,964,0.029349
10,simd-v0,964,0.007681
10,393435,964,0.004003
10,ours-406478,964,0.003041
10,simd-v0,965,0.007540
10,393435,965,0.004005
10,ours-406478,965,0.003046
10,KACTL,965,0.029383
10,393435,966,0.004450
10,ours-406478,966,0.003051
10,KACTL,966,0.029352
10,simd-v0,966,0.007657
10,ours-406478,967,0.003057
10,KACTL,967,0.029583
10,simd-v0,967,0.007643
10,393435,967,0.004005
10,KACTL,968,0.029515
10,simd-v0,968,0.007684
10,393435,968,0.004028
10,ours-406478,968,0.003051
10,simd-v0,969,0.007514
10,393435,969,0.003985
10,ours-406478,969,0.003026
10,KACTL,969,0.029388
10,393435,970,0.006177
10,ours-406478,970,0.003038
10,KACTL,970,0.029695
10,simd-v0,970,0.007665
10,ours-406478,971,0.003073
10,KACTL,971,0.029625
10,simd-v0,971,0.007677
10,393435,971,0.004019
10,KACTL,972,0.029386
10,simd-v0,972,0.007642
10,393435,972,0.004019
10,ours-406478,972,0.003048
10,simd-v0,973,0.007521
10,393435,973,0.003998
10,ours-406478,973,0.003039
10,KACTL,973,0.029442
10,393435,974,0.004463
10,ours-406478,974,0.003026
10,KACTL,974,0.034019
10,simd-v0,974,0.007692
10,ours-406478,975,0.003052
10,KACTL,975,0.029359
10,simd-v0,975,0.007667
10,393435,975,0.004008
10,KACTL,976,0.029640
10,simd-v0,976,0.007667
10,393435,976,0.004040
10,ours-406478,976,0.003058
10,simd-v0,977,0.007515
10,393435,977,0.004006
10,ours-406478,977,0.003024
10,KACTL,977,0.029370
10,393435,978,0.004415
10,ours-406478,978,0.003019
10,KACTL,978,0.029403
10,simd-v0,978,0.007655
10,ours-406478,979,0.003072
10,KACTL,979,0.029323
10,simd-v0,979,0.007658
10,393435,979,0.004011
10,KACTL,980,0.029381
10,simd-v0,980,0.007641
10,393435,980,0.004027
10,ours-406478,980,0.003058
10,simd-v0,981,0.007521
10,393435,981,0.004002
10,ours-406478,981,0.003033
10,KACTL,981,0.029378
10,393435,982,0.004450
10,ours-406478,982,0.003028
10,KACTL,982,0.029295
10,simd-v0,982,0.007659
10,ours-406478,983,0.003055
10,KACTL,983,0.029604
10,simd-v0,983,0.007519
10,393435,983,0.004032
10,KACTL,984,0.029315
10,simd-v0,984,0.007524
10,393435,984,0.004034
10,ours-406478,984,0.003038
10,simd-v0,985,0.007487
10,393435,985,0.003989
10,ours-406478,985,0.003028
10,KACTL,985,0.029346
10,393435,986,0.004029
10,ours-406478,986,0.003040
10,KACTL,986,0.029358
10,simd-v0,986,0.007556
10,ours-406478,987,0.003065
10,KACTL,987,0.029357
10,simd-v0,987,0.007504
10,393435,987,0.004018
10,KACTL,988,0.029564
10,simd-v0,988,0.007522
10,393435,988,0.004015
10,ours-406478,988,0.003053
10,simd-v0,989,0.007507
10,393435,989,0.003987
10,ours-406478,989,0.003041
10,KACTL,989,0.029616
10,393435,990,0.004009
10,ours-406478,990,0.003019
10,KACTL,990,0.029629
10,simd-v0,990,0.007491
10,ours-406478,991,0.003040
10,KACTL,991,0.029350
10,simd-v0,991,0.007501
10,393435,991,0.004011
10,KACTL,992,0.029374
10,simd-v0,992,0.007491
10,393435,992,0.004031
10,ours-406478,992,0.003051
10,simd-v0,993,0.007504
10,393435,993,0.003996
10,ours-406478,993,0.003025
10,KACTL,993,0.029382
10,393435,994,0.004016
10,ours-406478,994,0.003028
10,KACTL,994,0.029675
10,simd-v0,994,0.007496
10,ours-406478,995,0.003068
10,KACTL,995,0.029316
10,simd-v0,995,0.007523
10,393435,995,0.004027
10,KACTL,996,0.034189
10,simd-v0,996,0.007514
10,393435,996,0.004039
10,ours-406478,996,0.003057
10,simd-v0,997,0.007485
10,393435,997,0.003997
10,ours-406478,997,0.003024
10,KACTL,997,0.029628
10,393435,998,0.004021
10,ours-406478,998,0.003019
10,KACTL,998,0.029563
10,simd-v0,998,0.007517
10,ours-406478,999,0.003064
10,KACTL,999,0.029648
10,simd-v0,999,0.007531
10,393435,999,0.004023
10,KACTL,1000,0.029335
10,simd-v0,1000,0.007512
10,393435,1000,0.004001
10,ours-406478,1000,0.003041
11,KACTL,0,0.066135
11,simd-v0,0,0.015117
11,393435,0,0.008765
11,ours-406478,0,0.006731
11,simd-v0,1,0.014439
11,393435,1,0.008755
11,ours-406478,1,0.006644
11,KACTL,1,0.066234
11,393435,2,0.010051
11,ours-406478,2,0.006624
11,KACTL,2,0.066054
11,simd-v0,2,0.015032
11,ours-406478,3,0.006624
11,KACTL,3,0.066094
11,simd-v0,3,0.015041
11,393435,3,0.008716
11,KACTL,4,0.066129
11,simd-v0,4,0.015085
11,393435,4,0.008688
11,ours-406478,4,0.006602
11,simd-v0,5,0.014360
11,393435,5,0.008673
11,ours-406478,5,0.006607
11,KACTL,5,0.066388
11,393435,6,0.010063
11,ours-406478,6,0.006633
11,KACTL,6,0.065580
11,simd-v0,6,0.014167
11,ours-406478,7,0.006444
11,KACTL,7,0.062634
11,simd-v0,7,0.014143
11,393435,7,0.008458
11,KACTL,8,0.062495
11,simd-v0,8,0.014169
11,393435,8,0.008464
11,ours-406478,8,0.006406
11,simd-v0,9,0.014007
11,393435,9,0.008875
11,ours-406478,9,0.006447
11,KACTL,9,0.063224
11,393435,10,0.008867
11,ours-406478,10,0.006419
11,KACTL,10,0.062599
11,simd-v0,10,0.014160
11,ours-406478,11,0.006431
11,KACTL,11,0.062461
11,simd-v0,11,0.014162
11,393435,11,0.008472
11,KACTL,12,0.062481
11,simd-v0,12,0.014116
11,393435,12,0.008459
11,ours-406478,12,0.006467
11,simd-v0,13,0.014044
11,393435,13,0.008460
11,ours-406478,13,0.006432
11,KACTL,13,0.062560
11,393435,14,0.008888
11,ours-406478,14,0.006426
11,KACTL,14,0.062486
11,simd-v0,14,0.014184
11,ours-406478,15,0.006428
11,KACTL,15,0.062656
11,simd-v0,15,0.014168
11,393435,15,0.008480
11,KACTL,16,0.062483
11,simd-v0,16,0.014162
11,393435,16,0.008453
11,ours-406478,16,0.006438
11,simd-v0,17,0.014041
11,393435,17,0.008444
11,ours-406478,17,0.006431
11,KACTL,17,0.062562
11,393435,18,0.008898
11,ours-406478,18,0.006429
11,KACTL,18,0.062713
11,simd-v0,18,0.014150
11,ours-406478,19,0.006446
11,KACTL,19,0.067270
11,simd-v0,19,0.014171
11,393435,19,0.008474
11,KACTL,20,0.062486
11,simd-v0,20,0.014129
11,393435,20,0.008489
11,ours-406478,20,0.006459
11,simd-v0,21,0.014005
11,393435,21,0.008458
11,ours-406478,21,0.006424
11,KACTL,21,0.062574
11,393435,22,0.008851
11,ours-406478,22,0.006424
11,KACTL,22,0.062574
11,simd-v0,22,0.014119
11,ours-406478,23,0.006432
11,KACTL,23,0.062512
11,simd-v0,23,0.014108
11,393435,23,0.008475
11,KACTL,24,0.062504
11,simd-v0,24,0.014179
11,393435,24,0.008476
11,ours-406478,24,0.006448
11,simd-v0,25,0.013997
11,393435,25,0.008459
11,ours-406478,25,0.006430
11,KACTL,25,0.062602
11,393435,26,0.008880
11,ours-406478,26,0.006403
11,KACTL,26,0.062525
11,simd-v0,26,0.014153
11,ours-406478,27,0.006436
11,KACTL,27,0.062583
11,simd-v0,27,0.014097
11,393435,27,0.008463
11,KACTL,28,0.062553
11,simd-v0,28,0.014179
11,393435,28,0.008452
11,ours-406478,28,0.006410
11,simd-v0,29,0.014033
11,393435,29,0.008401
11,ours-406478,29,0.006429
11,KACTL,29,0.062494
11,393435,30,0.008857
11,ours-406478,30,0.006424
11,KACTL,30,0.067486
11,simd-v0,30,0.014170
11,ours-406478,31,0.006459
11,KACTL,31,0.062586
11,simd-v0,31,0.014145
11,393435,31,0.008469
11,KACTL,32,0.062497
11,simd-v0,32,0.014173
11,393435,32,0.008466
11,ours-406478,32,0.006454
11,simd-v0,33,0.014021
11,393435,33,0.008441
11,ours-406478,33,0.006456
11,KACTL,33,0.062558
11,393435,34,0.008862
11,ours-406478,34,0.006419
11,KACTL,34,0.062575
11,simd-v0,34,0.014158
11,ours-406478,35,0.006432
11,KACTL,35,0.062531
11,simd-v0,35,0.014148
11,393435,35,0.008472
11,KACTL,36,0.062364
11,simd-v0,36,0.013983
11,393435,36,0.008445
11,ours-406478,36,0.006423
11,simd-v0,37,0.014060
11,393435,37,0.008461
11,ours-406478,37,0.006420
11,KACTL,37,0.062590
11,393435,38,0.008476
11,ours-406478,38,0.006416
11,KACTL,38,0.062628
11,simd-v0,38,0.014023
11,ours-406478,39,0.006422
11,KACTL,39,0.062547
11,simd-v0,39,0.013995
11,393435,39,0.008457
11,KACTL,40,0.062467
11,simd-v0,40,0.018952
11,393435,40,0.008510
11,ours-406478,40,0.006436
11,simd-v0,41,0.014011
11,393435,41,0.008463
11,ours-406478,41,0.006424
11,KACTL,41,0.062614
11,393435,42,0.008459
11,ours-406478,42,0.006440
11,KACTL,42,0.062591
11,simd-v0,42,0.014006
11,ours-406478,43,0.006436
11,KACTL,43,0.062560
11,simd-v0,43,0.013991
11,393435,43,0.008466
11,KACTL,44,0.062462
11,simd-v0,44,0.014046
11,393435,44,0.008460
11,ours-406478,44,0.006430
11,simd-v0,45,0.014000
11,393435,45,0.008467
11,ours-406478,45,0.006428
11,KACTL,45,0.062416
11,393435,46,0.008451
11,ours-406478,46,0.006420
11,KACTL,46,0.062536
11,simd-v0,46,0.013979
11,ours-406478,47,0.006446
11,KACTL,47,0.062556
11,simd-v0,47,0.014145
11,393435,47,0.008452
11,KACTL,48,0.062541
11,simd-v0,48,0.014189
11,393435,48,0.008466
11,ours-406478,48,0.008271
11,simd-v0,49,0.014060
11,393435,49,0.008426
11,ours-406478,49,0.006427
11,KACTL,49,0.062963
11,393435,50,0.008835
11,ours-406478,50,0.006440
11,KACTL,50,0.062516
11,simd-v0,50,0.014159
11,ours-406478,51,0.006443
11,KACTL,51,0.068625
11,simd-v0,51,0.014172
11,393435,51,0.008470
11,KACTL,52,0.062603
11,simd-v0,52,0.014179
11,393435,52,0.008471
11,ours-406478,52,0.006461
11,simd-v0,53,0.014028
11,393435,53,0.008430
11,ours-406478,53,0.006410
11,KACTL,53,0.062600
11,393435,54,0.008837
11,ours-406478,54,0.006428
11,KACTL,54,0.062580
11,simd-v0,54,0.014131
11,ours-406478,55,0.006432
11,KACTL,55,0.062489
11,simd-v0,55,0.014162
11,393435,55,0.008460
11,KACTL,56,0.062573
11,simd-v0,56,0.014180
11,393435,56,0.008430
11,ours-406478,56,0.006416
11,simd-v0,57,0.014011
11,393435,57,0.008456
11,ours-406478,57,0.006400
11,KACTL,57,0.062567
11,393435,58,0.008837
11,ours-406478,58,0.006434
11,KACTL,58,0.062967
11,simd-v0,58,0.014122
11,ours-406478,59,0.006440
11,KACTL,59,0.062509
11,simd-v0,59,0.014158
11,393435,59,0.008441
11,KACTL,60,0.062344
11,simd-v0,60,0.014136
11,393435,60,0.008488
11,ours-406478,60,0.006419
11,simd-v0,61,0.014015
11,393435,61,0.008457
11,ours-406478,61,0.006421
11,KACTL,61,0.067577
11,393435,62,0.008873
11,ours-406478,62,0.006430
11,KACTL,62,0.062579
11,simd-v0,62,0.014134
11,ours-406478,63,0.006456
11,KACTL,63,0.062598
11,simd-v0,63,0.014174
11,393435,63,0.008470
11,KACTL,64,0.062551
11,simd-v0,64,0.014187
11,393435,64,0.008434
11,ours-406478,64,0.006434
11,simd-v0,65,0.014042
11,393435,65,0.008465
11,ours-406478,65,0.006415
11,KACTL,65,0.062688
11,393435,66,0.008862
11,ours-406478,66,0.006437
11,KACTL,66,0.062563
11,simd-v0,66,0.014179
11,ours-406478,67,0.006442
11,KACTL,67,0.062569
11,simd-v0,67,0.014139
11,393435,67,0.008439
11,KACTL,68,0.062601
11,simd-v0,68,0.014202
11,393435,68,0.008461
11,ours-406478,68,0.006406
11,simd-v0,69,0.014020
11,393435,69,0.008454
11,ours-406478,69,0.006418
11,KACTL,69,0.062661
11,393435,70,0.008858
11,ours-406478,70,0.006444
11,KACTL,70,0.062516
11,simd-v0,70,0.014110
11,ours-406478,71,0.006437
11,KACTL,71,0.062554
11,simd-v0,71,0.014154
11,393435,71,0.008471
11,KACTL,72,0.067755
11,simd-v0,72,0.014169
11,393435,72,0.008440
11,ours-406478,72,0.006420
11,simd-v0,73,0.013997
11,393435,73,0.008443
11,ours-406478,73,0.006409
11,KACTL,73,0.062579
11,393435,74,0.008860
11,ours-406478,74,0.006422
11,KACTL,74,0.062610
11,simd-v0,74,0.014141
11,ours-406478,75,0.006447
11,KACTL,75,0.062517
11,simd-v0,75,0.014169
11,393435,75,0.008433
11,KACTL,76,0.062558
11,simd-v0,76,0.014163
11,393435,76,0.008465
11,ours-406478,76,0.006419
11,simd-v0,77,0.014038
11,393435,77,0.008440
11,ours-406478,77,0.006440
11,KACTL,77,0.062590
11,393435,78,0.008867
11,ours-406478,78,0.006430
11,KACTL,78,0.062514
11,simd-v0,78,0.014140
11,ours-406478,79,0.006425
11,KACTL,79,0.062571
11,simd-v0,79,0.014009
11,393435,79,0.008473
11,KACTL,80,0.062530
11,simd-v0,80,0.014026
11,393435,80,0.008482
11,ours-406478,80,0.006420
11,simd-v0,81,0.013975
11,393435,81,0.008458
11,ours-406478,81,0.006432
11,KACTL,81,0.062552
11,393435,82,0.008462
11,ours-406478,82,0.006435
11,KACTL,82,0.067193
11,simd-v0,82,0.013980
11,ours-406478,83,0.006436
11,KACTL,83,0.062624
11,simd-v0,83,0.014005
11,393435,83,0.008437
11,KACTL,84,0.062522
11,simd-v0,84,0.013988
11,393435,84,0.008472
11,ours-406478,84,0.006429
11,simd-v0,85,0.014014
11,393435,85,0.008431
11,ours-406478,85,0.006412
11,KACTL,85,0.062634
11,393435,86,0.008443
11,ours-406478,86,0.006420
11,KACTL,86,0.062469
11,simd-v0,86,0.014000
11,ours-406478,87,0.006420
11,KACTL,87,0.062436
11,simd-v0,87,0.014012
11,393435,87,0.008435
11,KACTL,88,0.062486
11,simd-v0,88,0.014000
11,393435,88,0.008477
11,ours-406478,88,0.006434
11,simd-v0,89,0.013965
11,393435,89,0.008465
11,ours-406478,89,0.006426
11,KACTL,89,0.062409
11,393435,90,0.008805
11,ours-406478,90,0.006425
11,KACTL,90,0.062495
11,simd-v0,90,0.014126
11,ours-406478,91,0.006423
11,KACTL,91,0.062528
11,simd-v0,91,0.014166
11,393435,91,0.008481
11,KACTL,92,0.062454
11,simd-v0,92,0.014184
11,393435,92,0.008469
11,ours-406478,92,0.006422
11,simd-v0,93,0.014014
11,393435,93,0.008442
11,ours-406478,93,0.006448
11,KACTL,93,0.067854
11,393435,94,0.008854
11,ours-406478,94,0.006450
11,KACTL,94,0.062493
11,simd-v0,94,0.014173
11,ours-406478,95,0.006449
11,KACTL,95,0.062530
11,simd-v0,95,0.014085
11,393435,95,0.008500
11,KACTL,96,0.062459
11,simd-v0,96,0.014134
11,393435,96,0.008492
11,ours-406478,96,0.006424
11,simd-v0,97,0.013995
11,393435,97,0.008454
11,ours-406478,97,0.006432
11,KACTL,97,0.062591
11,393435,98,0.008859
11,ours-406478,98,0.006429
11,KACTL,98,0.062466
11,simd-v0,98,0.014187
11,ours-406478,99,0.006437
11,KACTL,99,0.062445
11,simd-v0,99,0.014133
11,393435,99,0.008486
11,KACTL,100,0.062527
11,simd-v0,100,0.014011
11,393435,100,0.008472
11,ours-406478,100,0.006423
11,simd-v0,101,0.013990
11,393435,101,0.008433
11,ours-406478,101,0.006416
11,KACTL,101,0.062515
11,393435,102,0.008464
11,ours-406478,102,0.006426
11,KACTL,102,0.062395
11,simd-v0,102,0.013982
11,ours-406478,103,0.006428
11,KACTL,103,0.062527
11,simd-v0,103,0.014021
11,393435,103,0.013506
11,KACTL,104,0.062567
11,simd-v0,104,0.014000
11,393435,104,0.008442
11,ours-406478,104,0.006432
11,simd-v0,105,0.014017
11,393435,105,0.008449
11,ours-406478,105,0.006449
11,KACTL,105,0.062561
11,393435,106,0.008458
11,ours-406478,106,0.006425
11,KACTL,106,0.062735
11,simd-v0,106,0.014031
11,ours-406478,107,0.006432
11,KACTL,107,0.063001
11,simd-v0,107,0.014005
11,393435,107,0.008467
11,KACTL,108,0.062473
11,simd-v0,108,0.014019
11,393435,108,0.008458
11,ours-406478,108,0.006423
11,simd-v0,109,0.013986
11,393435,109,0.008455
11,ours-406478,109,0.006422
11,KACTL,109,0.062584
11,393435,110,0.008477
11,ours-406478,110,0.006415
11,KACTL,110,0.062434
11,simd-v0,110,0.014010
11,ours-406478,111,0.006448
11,KACTL,111,0.062583
11,simd-v0,111,0.014121
11,393435,111,0.008484
11,KACTL,112,0.062498
11,simd-v0,112,0.014141
11,393435,112,0.008446
11,ours-406478,112,0.006412
11,simd-v0,113,0.013975
11,393435,113,0.008423
11,ours-406478,113,0.006422
11,KACTL,113,0.062535
11,393435,114,0.008880
11,ours-406478,114,0.006419
11,KACTL,114,0.067566
11,simd-v0,114,0.014177
11,ours-406478,115,0.006476
11,KACTL,115,0.062611
11,simd-v0,115,0.014183
11,393435,115,0.008476
11,KACTL,116,0.062548
11,simd-v0,116,0.014158
11,393435,116,0.008445
11,ours-406478,116,0.006425
11,simd-v0,117,0.014032
11,393435,117,0.008449
11,ours-406478,117,0.006443
11,KACTL,117,0.062568
11,393435,118,0.008864
11,ours-406478,118,0.006426
11,KACTL,118,0.062604
11,simd-v0,118,0.014182
11,ours-406478,119,0.006443
11,KACTL,119,0.062560
11,simd-v0,119,0.014131
11,393435,119,0.008460
11,KACTL,120,0.062448
11,simd-v0,120,0.014166
11,393435,120,0.008441
11,ours-406478,120,0.006442
11,simd-v0,121,0.014005
11,393435,121,0.008432
11,ours-406478,121,0.006434
11,KACTL,121,0.062488
11,393435,122,0.008860
11,ours-406478,122,0.006428
11,KACTL,122,0.062530
11,simd-v0,122,0.014179
11,ours-406478,123,0.006433
11,KACTL,123,0.062491
11,simd-v0,123,0.014164
11,393435,123,0.008434
11,KACTL,124,0.062554
11,simd-v0,124,0.014163
11,393435,124,0.008466
11,ours-406478,124,0.006405
11,simd-v0,125,0.014029
11,393435,125,0.008455
11,ours-406478,125,0.006449
11,KACTL,125,0.062669
11,393435,126,0.008865
11,ours-406478,126,0.006415
11,KACTL,126,0.062534
11,simd-v0,126,0.014132
11,ours-406478,127,0.006426
11,KACTL,127,0.062625
11,simd-v0,127,0.014137
11,393435,127,0.008468
11,KACTL,128,0.062631
11,simd-v0,128,0.014154
11,393435,128,0.008470
11,ours-406478,128,0.006419
11,simd-v0,129,0.014040
11,393435,129,0.008449
11,ours-406478,129,0.006421
11,KACTL,129,0.062539
11,393435,130,0.008852
11,ours-406478,130,0.006423
11,KACTL,130,0.062511
11,simd-v0,130,0.014162
11,ours-406478,131,0.006436
11,KACTL,131,0.062553
11,simd-v0,131,0.014149
11,393435,131,0.008451
11,KACTL,132,0.062464
11,simd-v0,132,0.014174
11,393435,132,0.008448
11,ours-406478,132,0.006416
11,simd-v0,133,0.014032
11,393435,133,0.008412
11,ours-406478,133,0.006423
11,KACTL,133,0.062583
11,393435,134,0.008894
11,ours-406478,134,0.006418
11,KACTL,134,0.062544
11,simd-v0,134,0.014152
11,ours-406478,135,0.006443
11,KACTL,135,0.067418
11,simd-v0,135,0.014190
11,393435,135,0.008471
11,KACTL,136,0.062438
11,simd-v0,136,0.014161
11,393435,136,0.008450
11,ours-406478,136,0.006451
11,simd-v0,137,0.014010
11,393435,137,0.008458
11,ours-406478,137,0.006426
11,KACTL,137,0.062531
11,393435,138,0.008869
11,ours-406478,138,0.006419
11,KACTL,138,0.062507
11,simd-v0,138,0.014126
11,ours-406478,139,0.006430
11,KACTL,139,0.062473
11,simd-v0,139,0.014189
11,393435,139,0.008484
11,KACTL,140,0.062564
11,simd-v0,140,0.014147
11,393435,140,0.008457
11,ours-406478,140,0.006421
11,simd-v0,141,0.014047
11,393435,141,0.008442
11,ours-406478,141,0.006444
11,KACTL,141,0.062599
11,393435,142,0.008890
11,ours-406478,142,0.006423
11,KACTL,142,0.062461
11,simd-v0,142,0.014117
11,ours-406478,143,0.006443
11,KACTL,143,0.062526
11,simd-v0,143,0.014014
11,393435,143,0.008421
11,KACTL,144,0.062478
11,simd-v0,144,0.013979
11,393435,144,0.008471
11,ours-406478,144,0.006422
11,simd-v0,145,0.014025
11,393435,145,0.008442
11,ours-406478,145,0.006412
11,KACTL,145,0.062675
11,393435,146,0.013349
11,ours-406478,146,0.006442
11,KACTL,146,0.062545
11,simd-v0,146,0.014014
11,ours-406478,147,0.006420
11,KACTL,147,0.062535
11,simd-v0,147,0.013985
11,393435,147,0.008421
11,KACTL,148,0.062469
11,simd-v0,148,0.014023
11,393435,148,0.008490
11,ours-406478,148,0.006446
11,simd-v0,149,0.013997
11,393435,149,0.008422
11,ours-406478,149,0.006394
11,KACTL,149,0.062644
11,393435,150,0.008458
11,ours-406478,150,0.006423
11,KACTL,150,0.062473
11,simd-v0,150,0.014009
11,ours-406478,151,0.006448
11,KACTL,151,0.062549
11,simd-v0,151,0.014011
11,393435,151,0.008445
11,KACTL,152,0.062483
11,simd-v0,152,0.014018
11,393435,152,0.008469
11,ours-406478,152,0.006406
11,simd-v0,153,0.014009
11,393435,153,0.008446
11,ours-406478,153,0.006400
11,KACTL,153,0.062521
11,393435,154,0.008867
11,ours-406478,154,0.006438
11,KACTL,154,0.064644
11,simd-v0,154,0.014130
11,ours-406478,155,0.006471
11,KACTL,155,0.062535
11,simd-v0,155,0.014142
11,393435,155,0.008442
11,KACTL,156,0.067479
11,simd-v0,156,0.014185
11,393435,156,0.008464
11,ours-406478,156,0.006426
11,simd-v0,157,0.014042
11,393435,157,0.008447
11,ours-406478,157,0.006419
11,KACTL,157,0.062607
11,393435,158,0.008879
11,ours-406478,158,0.006416
11,KACTL,158,0.062482
11,simd-v0,158,0.014145
11,ours-406478,159,0.006444
11,KACTL,159,0.062481
11,simd-v0,159,0.014181
11,393435,159,0.008439
11,KACTL,160,0.062388
11,simd-v0,160,0.014189
11,393435,160,0.008445
11,ours-406478,160,0.006410
11,simd-v0,161,0.014087
11,393435,161,0.008419
11,ours-406478,161,0.006426
11,KACTL,161,0.062493
11,393435,162,0.008854
11,ours-406478,162,0.006428
11,KACTL,162,0.062443
11,simd-v0,162,0.014103
11,ours-406478,163,0.006423
11,KACTL,163,0.062478
11,simd-v0,163,0.014177
11,393435,163,0.008454
11,KACTL,164,0.062373
11,simd-v0,164,0.014186
11,393435,164,0.008444
11,ours-406478,164,0.006426
11,simd-v0,165,0.013985
11,393435,165,0.008448
11,ours-406478,165,0.006416
11,KACTL,165,0.062504
11,393435,166,0.008837
11,ours-406478,166,0.006415
11,KACTL,166,0.062449
11,simd-v0,166,0.014214
11,ours-406478,167,0.006436
11,KACTL,167,0.067720
11,simd-v0,167,0.014159
11,393435,167,0.008450
11,KACTL,168,0.062457
11,simd-v0,168,0.014159
11,393435,168,0.008479
11,ours-406478,168,0.006447
11,simd-v0,169,0.014025
11,393435,169,0.008458
11,ours-406478,169,0.006448
11,KACTL,169,0.062593
11,393435,170,0.008850
11,ours-406478,170,0.006432
11,KACTL,170,0.062567
11,simd-v0,170,0.014159
11,ours-406478,171,0.006428
11,KACTL,171,0.062532
11,simd-v0,171,0.014190
11,393435,171,0.008464
11,KACTL,172,0.062493
11,simd-v0,172,0.014158
11,393435,172,0.008478
11,ours-406478,172,0.006421
11,simd-v0,173,0.013977
11,393435,173,0.008469
11,ours-406478,173,0.006415
11,KACTL,173,0.062666
11,393435,174,0.008841
11,ours-406478,174,0.006435
11,KACTL,174,0.062567
11,simd-v0,174,0.014168
11,ours-406478,175,0.006428
11,KACTL,175,0.062557
11,simd-v0,175,0.014154
11,393435,175,0.008446
11,KACTL,176,0.062512
11,simd-v0,176,0.014153
11,393435,176,0.008468
11,ours-406478,176,0.006429
11,simd-v0,177,0.014017
11,393435,177,0.008453
11,ours-406478,177,0.006424
11,KACTL,177,0.067864
11,393435,178,0.008885
11,ours-406478,178,0.006462
11,KACTL,178,0.062621
11,simd-v0,178,0.014123
11,ours-406478,179,0.006429
11,KACTL,179,0.062541
11,simd-v0,179,0.014156
11,393435,179,0.008478
11,KACTL,180,0.062402
11,simd-v0,180,0.014145
11,393435,180,0.008498
11,ours-406478,180,0.006418
11,simd-v0,181,0.013939
11,393435,181,0.008469
11,ours-406478,181,0.006439
11,KACTL,181,0.062524
11,393435,182,0.008860
11,ours-406478,182,0.006427
11,KACTL,182,0.062510
11,simd-v0,182,0.014172
11,ours-406478,183,0.006415
11,KACTL,183,0.062442
11,simd-v0,183,0.014173
11,393435,183,0.008463
11,KACTL,184,0.062513
11,simd-v0,184,0.014144
11,393435,184,0.008458
11,ours-406478,184,0.006438
11,simd-v0,185,0.014013
11,393435,185,0.008448
11,ours-406478,185,0.006437
11,KACTL,185,0.062439
11,393435,186,0.008424
11,ours-406478,186,0.006429
11,KACTL,186,0.062513
11,simd-v0,186,0.014034
11,ours-406478,187,0.006423
11,KACTL,187,0.062541
11,simd-v0,187,0.014031
11,393435,187,0.008477
11,KACTL,188,0.067424
11,simd-v0,188,0.014049
11,393435,188,0.008514
11,ours-406478,188,0.006450
11,simd-v0,189,0.013974
11,393435,189,0.008441
11,ours-406478,189,0.006432
11,KACTL,189,0.062591
11,393435,190,0.008456
11,ours-406478,190,0.006433
11,KACTL,190,0.062534
11,simd-v0,190,0.014023
11,ours-406478,191,0.006403
11,KACTL,191,0.062501
11,simd-v0,191,0.013990
11,393435,191,0.008487
11,KACTL,192,0.062568
11,simd-v0,192,0.013958
11,393435,192,0.008478
11,ours-406478,192,0.006434
11,simd-v0,193,0.013985
11,393435,193,0.008445
11,ours-406478,193,0.006439
11,KACTL,193,0.062410
11,393435,194,0.008466
11,ours-406478,194,0.006427
11,KACTL,194,0.062541
11,simd-v0,194,0.014008
11,ours-406478,195,0.006425
11,KACTL,195,0.062508
11,simd-v0,195,0.013985
11,393435,195,0.008477
11,KACTL,196,0.062507
11,simd-v0,196,0.014014
11,393435,196,0.008476
11,ours-406478,196,0.006440
11,simd-v0,197,0.014005
11,393435,197,0.008432
11,ours-406478,197,0.006444
11,KACTL,197,0.062550
11,393435,198,0.008864
11,ours-406478,198,0.006413
11,KACTL,198,0.067483
11,simd-v0,198,0.014177
11,ours-406478,199,0.006466
11,KACTL,199,0.062693
11,simd-v0,199,0.014151
11,393435,199,0.008497
11,KACTL,200,0.062485
11,simd-v0,200,0.014113
11,393435,200,0.008443
11,ours-406478,200,0.006449
11,simd-v0,201,0.014022
11,393435,201,0.008461
11,ours-406478,201,0.006439
11,KACTL,201,0.062487
11,393435,202,0.008860
11,ours-406478,202,0.006404
11,KACTL,202,0.062463
11,simd-v0,202,0.014136
11,ours-406478,203,0.006431
11,KACTL,203,0.062539
11,simd-v0,203,0.014205
11,393435,203,0.008483
11,KACTL,204,0.062886
11,simd-v0,204,0.014110
11,393435,204,0.008464
11,ours-406478,204,0.006423
11,simd-v0,205,0.014006
11,393435,205,0.008427
11,ours-406478,205,0.006436
11,KACTL,205,0.062491
11,393435,206,0.008879
11,ours-406478,206,0.006421
11,KACTL,206,0.062572
11,simd-v0,206,0.014161
11,ours-406478,207,0.006438
11,KACTL,207,0.062476
11,simd-v0,207,0.014172
11,393435,207,0.008452
11,KACTL,208,0.062414
11,simd-v0,208,0.014179
11,393435,208,0.008474
11,ours-406478,208,0.006438
11,simd-v0,209,0.014063
11,393435,209,0.008438
11,ours-406478,209,0.011469
11,KACTL,209,0.062647
11,393435,210,0.008855
11,ours-406478,210,0.006437
11,KACTL,210,0.062547
11,simd-v0,210,0.014138
11,ours-406478,211,0.006446
11,KACTL,211,0.062525
11,simd-v0,211,0.014158
11,393435,211,0.008464
11,KACTL,212,0.062441
11,simd-v0,212,0.014138
11,393435,212,0.008448
11,ours-406478,212,0.006415
11,simd-v0,213,0.014042
11,393435,213,0.008459
11,ours-406478,213,0.006436
11,KACTL,213,0.062607
11,393435,214,0.008891
11,ours-406478,214,0.006411
11,KACTL,214,0.062460
11,simd-v0,214,0.014169
11,ours-406478,215,0.006432
11,KACTL,215,0.062442
11,simd-v0,215,0.014132
11,393435,215,0.008467
11,KACTL,216,0.062408
11,simd-v0,216,0.014189
11,393435,216,0.008458
11,ours-406478,216,0.006407
11,simd-v0,217,0.014041
11,393435,217,0.008452
11,ours-406478,217,0.006433
11,KACTL,217,0.063050
11,393435,218,0.008862
11,ours-406478,218,0.006404
11,KACTL,218,0.062493
11,simd-v0,218,0.014108
11,ours-406478,219,0.006432
11,KACTL,219,0.062569
11,simd-v0,219,0.019034
11,393435,219,0.008482
11,KACTL,220,0.062521
11,simd-v0,220,0.014151
11,393435,220,0.008466
11,ours-406478,220,0.006451
11,simd-v0,221,0.013999
11,393435,221,0.008437
11,ours-406478,221,0.006435
11,KACTL,221,0.062532
11,393435,222,0.008901
11,ours-406478,222,0.006435
11,KACTL,222,0.062617
11,simd-v0,222,0.014167
11,ours-406478,223,0.006445
11,KACTL,223,0.062461
11,simd-v0,223,0.014133
11,393435,223,0.008450
11,KACTL,224,0.062462
11,simd-v0,224,0.014163
11,393435,224,0.008467
11,ours-406478,224,0.006423
11,simd-v0,225,0.014034
11,393435,225,0.008451
11,ours-406478,225,0.006411
11,KACTL,225,0.063117
11,393435,226,0.008870
11,ours-406478,226,0.006425
11,KACTL,226,0.062559
11,simd-v0,226,0.014150
11,ours-406478,227,0.006438
11,KACTL,227,0.062567
11,simd-v0,227,0.014179
11,393435,227,0.008461
11,KACTL,228,0.062455
11,simd-v0,228,0.014182
11,393435,228,0.008459
11,ours-406478,228,0.006398
11,simd-v0,229,0.014014
11,393435,229,0.008441
11,ours-406478,229,0.006418
11,KACTL,229,0.062530
11,393435,230,0.008450
11,ours-406478,230,0.006422
11,KACTL,230,0.067575
11,simd-v0,230,0.014018
11,ours-406478,231,0.006477
11,KACTL,231,0.062536
11,simd-v0,231,0.014064
11,393435,231,0.008460
11,KACTL,232,0.062527
11,simd-v0,232,0.014029
11,393435,232,0.008469
11,ours-406478,232,0.006422
11,simd-v0,233,0.014038
11,393435,233,0.008424
11,ours-406478,233,0.006424
11,KACTL,233,0.062818
11,393435,234,0.008444
11,ours-406478,234,0.006433
11,KACTL,234,0.062568
11,simd-v0,234,0.013991
11,ours-406478,235,0.006439
11,KACTL,235,0.062551
11,simd-v0,235,0.014025
11,393435,235,0.008448
11,KACTL,236,0.062411
11,simd-v0,236,0.014001
11,393435,236,0.008460
11,ours-406478,236,0.006398
11,simd-v0,237,0.014014
11,393435,237,0.008442
11,ours-406478,237,0.006420
11,KACTL,237,0.062503
11,393435,238,0.008470
11,ours-406478,238,0.006437
11,KACTL,238,0.062408
11,simd-v0,238,0.014008
11,ours-406478,239,0.006427
11,KACTL,239,0.062553
11,simd-v0,239,0.014019
11,393435,239,0.008495
11,KACTL,240,0.062546
11,simd-v0,240,0.014192
11,393435,240,0.013406
11,ours-406478,240,0.006445
11,simd-v0,241,0.014040
11,393435,241,0.008442
11,ours-406478,241,0.006413
11,KACTL,241,0.063039
11,393435,242,0.008823
11,ours-406478,242,0.006431
11,KACTL,242,0.062585
11,simd-v0,242,0.014167
11,ours-406478,243,0.006425
11,KACTL,243,0.062527
11,simd-v0,243,0.014156
11,393435,243,0.008474
11,KACTL,244,0.062461
11,simd-v0,244,0.014162
11,393435,244,0.008497
11,ours-406478,244,0.006447
11,simd-v0,245,0.014018
11,393435,245,0.008435
11,ours-406478,245,0.006415
11,KACTL,245,0.062557
11,393435,246,0.008856
11,ours-406478,246,0.006427
11,KACTL,246,0.062430
11,simd-v0,246,0.014134
11,ours-406478,247,0.006430
11,KACTL,247,0.062364
11,simd-v0,247,0.014210
11,393435,247,0.008472
11,KACTL,248,0.062487
11,simd-v0,248,0.014152
11,393435,248,0.008452
11,ours-406478,248,0.006406
11,simd-v0,249,0.014011
11,393435,249,0.008460
11,ours-406478,249,0.006438
11,KACTL,249,0.062470
11,393435,250,0.008831
11,ours-406478,250,0.006419
11,KACTL,250,0.062496
11,simd-v0,250,0.014166
11,ours-406478,251,0.006437
11,KACTL,251,0.083387
11,simd-v0,251,0.014150
11,393435,251,0.008498
11,KACTL,252,0.062591
11,simd-v0,252,0.014124
11,393435,252,0.008471
11,ours-406478,252,0.006462
11,simd-v0,253,0.013996
11,393435,253,0.008444
11,ours-406478,253,0.006439
11,KACTL,253,0.062598
11,393435,254,0.008898
11,ours-406478,254,0.006426
11,KACTL,254,0.062499
11,simd-v0,254,0.014166
11,ours-406478,255,0.006426
11,KACTL,255,0.062475
11,simd-v0,255,0.014181
11,393435,255,0.008466
11,KACTL,256,0.062460
11,simd-v0,256,0.014133
11,393435,256,0.008446
11,ours-406478,256,0.006431
11,simd-v0,257,0.014015
11,393435,257,0.008456
11,ours-406478,257,0.006406
11,KACTL,257,0.063138
11,393435,258,0.008853
11,ours-406478,258,0.006429
11,KACTL,258,0.062860
11,simd-v0,258,0.014142
11,ours-406478,259,0.006426
11,KACTL,259,0.064633
11,simd-v0,259,0.014165
11,393435,259,0.008474
11,KACTL,260,0.062462
11,simd-v0,260,0.014213
11,393435,260,0.008450
11,ours-406478,260,0.006440
11,simd-v0,261,0.014001
11,393435,261,0.008418
11,ours-406478,261,0.006412
11,KACTL,261,0.067592
11,393435,262,0.008856
11,ours-406478,262,0.006434
11,KACTL,262,0.062478
11,simd-v0,262,0.014167
11,ours-406478,263,0.006457
11,KACTL,263,0.062867
11,simd-v0,263,0.014149
11,393435,263,0.008480
11,KACTL,264,0.062804
11,simd-v0,264,0.014150
11,393435,264,0.008435
11,ours-406478,264,0.006426
11,simd-v0,265,0.014030
11,393435,265,0.008450
11,ours-406478,265,0.006433
11,KACTL,265,0.062860
11,393435,266,0.008879
11,ours-406478,266,0.006428
11,KACTL,266,0.062371
11,simd-v0,266,0.014114
11,ours-406478,267,0.006446
11,KACTL,267,0.062561
11,simd-v0,267,0.014170
11,393435,267,0.008468
11,KACTL,268,0.062390
11,simd-v0,268,0.014171
11,393435,268,0.008444
11,ours-406478,268,0.006415
11,simd-v0,269,0.014029
11,393435,269,0.008453
11,ours-406478,269,0.006418
11,KACTL,269,0.062722
11,393435,270,0.008853
11,ours-406478,270,0.006417
11,KACTL,270,0.062750
11,simd-v0,270,0.014133
11,ours-406478,271,0.006424
11,KACTL,271,0.062865
11,simd-v0,271,0.014148
11,393435,271,0.008442
11,KACTL,272,0.067436
11,simd-v0,272,0.014019
11,393435,272,0.008445
11,ours-406478,272,0.006427
11,simd-v0,273,0.013986
11,393435,273,0.008431
11,ours-406478,273,0.006438
11,KACTL,273,0.062485
11,393435,274,0.008462
11,ours-406478,274,0.006435
11,KACTL,274,0.062384
11,simd-v0,274,0.014082
11,ours-406478,275,0.006455
11,KACTL,275,0.062632
11,simd-v0,275,0.013998
11,393435,275,0.008495
11,KACTL,276,0.062392
11,simd-v0,276,0.014037
11,393435,276,0.008454
11,ours-406478,276,0.006425
11,simd-v0,277,0.014035
11,393435,277,0.008465
11,ours-406478,277,0.006411
11,KACTL,277,0.062571
11,393435,278,0.008485
11,ours-406478,278,0.006445
11,KACTL,278,0.062849
11,simd-v0,278,0.014005
11,ours-406478,279,0.006454
11,KACTL,279,0.062413
11,simd-v0,279,0.014033
11,393435,279,0.008462
11,KACTL,280,0.062375
11,simd-v0,280,0.014019
11,393435,280,0.008454
11,ours-406478,280,0.006400
11,simd-v0,281,0.014031
11,393435,281,0.008428
11,ours-406478,281,0.006419
11,KACTL,281,0.062918
11,393435,282,0.008466
11,ours-406478,282,0.006440
11,KACTL,282,0.067792
11,simd-v0,282,0.014172
11,ours-406478,283,0.006469
11,KACTL,283,0.062961
11,simd-v0,283,0.014157
11,393435,283,0.008447
11,KACTL,284,0.062858
11,simd-v0,284,0.014195
11,393435,284,0.008475
11,ours-406478,284,0.006416
11,simd-v0,285,0.013982
11,393435,285,0.008435
11,ours-406478,285,0.006424
11,KACTL,285,0.062601
11,393435,286,0.008890
11,ours-406478,286,0.006444
11,KACTL,286,0.062322
11,simd-v0,286,0.014131
11,ours-406478,287,0.006455
11,KACTL,287,0.062478
11,simd-v0,287,0.014167
11,393435,287,0.008471
11,KACTL,288,0.062344
11,simd-v0,288,0.014176
11,393435,288,0.008445
11,ours-406478,288,0.006419
11,simd-v0,289,0.014022
11,393435,289,0.008479
11,ours-406478,289,0.006415
11,KACTL,289,0.062456
11,393435,290,0.008879
11,ours-406478,290,0.006434
11,KACTL,290,0.062452
11,simd-v0,290,0.014098
11,ours-406478,291,0.006437
11,KACTL,291,0.062334
11,simd-v0,291,0.014153
11,393435,291,0.008465
11,KACTL,292,0.062421
11,simd-v0,292,0.014152
11,393435,292,0.008466
11,ours-406478,292,0.006411
11,simd-v0,293,0.013975
11,393435,293,0.008448
11,ours-406478,293,0.006401
11,KACTL,293,0.067585
11,393435,294,0.008924
11,ours-406478,294,0.006445
11,KACTL,294,0.062936
11,simd-v0,294,0.014141
11,ours-406478,295,0.006440
11,KACTL,295,0.062893
11,simd-v0,295,0.014145
11,393435,295,0.008458
11,KACTL,296,0.062494
11,simd-v0,296,0.014144
11,393435,296,0.008481
11,ours-406478,296,0.006429
11,simd-v0,297,0.014003
11,393435,297,0.008451
11,ours-406478,297,0.006403
11,KACTL,297,0.063049
11,393435,298,0.008849
11,ours-406478,298,0.006409
11,KACTL,298,0.062540
11,simd-v0,298,0.014152
11,ours-406478,299,0.006427
11,KACTL,299,0.062475
11,simd-v0,299,0.014192
11,393435,299,0.008472
11,KACTL,300,0.062401
11,simd-v0,300,0.014163
11,393435,300,0.008477
11,ours-406478,300,0.006402
11,simd-v0,301,0.014026
11,393435,301,0.008470
11,ours-406478,301,0.006422
11,KACTL,301,0.063006
11,393435,302,0.008905
11,ours-406478,302,0.006419
11,KACTL,302,0.062438
11,simd-v0,302,0.014202
11,ours-406478,303,0.006432
11,KACTL,303,0.062533
11,simd-v0,303,0.019129
11,393435,303,0.008455
11,KACTL,304,0.062573
11,simd-v0,304,0.014134
11,393435,304,0.008469
11,ours-406478,304,0.006426
11,simd-v0,305,0.013997
11,393435,305,0.008456
11,ours-406478,305,0.006399
11,KACTL,305,0.062491
11,393435,306,0.008863
11,ours-406478,306,0.006419
11,KACTL,306,0.062526
11,simd-v0,306,0.014149
11,ours-406478,307,0.006420
11,KACTL,307,0.062382
11,simd-v0,307,0.014176
11,393435,307,0.008451
11,KACTL,308,0.062422
11,simd-v0,308,0.014142
11,393435,308,0.008458
11,ours-406478,308,0.006425
11,simd-v0,309,0.013965
11,393435,309,0.008452
11,ours-406478,309,0.006407
11,KACTL,309,0.062569
11,393435,310,0.008855
11,ours-406478,310,0.006420
11,KACTL,310,0.062359
11,simd-v0,310,0.014122
11,ours-406478,311,0.006421
11,KACTL,311,0.062944
11,simd-v0,311,0.014163
11,393435,311,0.008467
11,KACTL,312,0.062643
11,simd-v0,312,0.014160
11,393435,312,0.008480
11,ours-406478,312,0.006430
11,simd-v0,313,0.014024
11,393435,313,0.008455
11,ours-406478,313,0.006420
11,KACTL,313,0.062438
11,393435,314,0.008852
11,ours-406478,314,0.006423
11,KACTL,314,0.067459
11,simd-v0,314,0.014006
11,ours-406478,315,0.006459
11,KACTL,315,0.062931
11,simd-v0,315,0.013994
11,393435,315,0.008440
11,KACTL,316,0.062335
11,simd-v0,316,0.014012
11,393435,316,0.008489
11,ours-406478,316,0.006428
11,simd-v0,317,0.014037
11,393435,317,0.008482
11,ours-406478,317,0.006446
11,KACTL,317,0.062838
11,393435,318,0.008463
11,ours-406478,318,0.006433
11,KACTL,318,0.062490
11,simd-v0,318,0.013969
11,ours-406478,319,0.006418
11,KACTL,319,0.062521
11,simd-v0,319,0.014001
11,393435,319,0.008447
11,KACTL,320,0.062442
11,simd-v0,320,0.014042
11,393435,320,0.008457
11,ours-406478,320,0.006433
11,simd-v0,321,0.013996
11,393435,321,0.008439
11,ours-406478,321,0.006409
11,KACTL,321,0.062375
11,393435,322,0.008459
11,ours-406478,322,0.006429
11,KACTL,322,0.062509
11,simd-v0,322,0.013995
11,ours-406478,323,0.006439
11,KACTL,323,0.062952
11,simd-v0,323,0.014001
11,393435,323,0.008457
11,KACTL,324,0.062408
11,simd-v0,324,0.014025
11,393435,324,0.013585
11,ours-406478,324,0.006452
11,simd-v0,325,0.013975
11,393435,325,0.008455
11,ours-406478,325,0.006400
11,KACTL,325,0.062636
11,393435,326,0.008866
11,ours-406478,326,0.006420
11,KACTL,326,0.062801
11,simd-v0,326,0.014172
11,ours-406478,327,0.006427
11,KACTL,327,0.062509
11,simd-v0,327,0.014162
11,393435,327,0.008463
11,KACTL,328,0.062544
11,simd-v0,328,0.014159
11,393435,328,0.008464
11,ours-406478,328,0.006408
11,simd-v0,329,0.014002
11,393435,329,0.008453
11,ours-406478,329,0.006396
11,KACTL,329,0.062383
11,393435,330,0.008840
11,ours-406478,330,0.006423
11,KACTL,330,0.062311
11,simd-v0,330,0.014124
11,ours-406478,331,0.006416
11,KACTL,331,0.062992
11,simd-v0,331,0.014159
11,393435,331,0.008475
11,KACTL,332,0.062838
11,simd-v0,332,0.014136
11,393435,332,0.008450
11,ours-406478,332,0.006429
11,simd-v0,333,0.014024
11,393435,333,0.008455
11,ours-406478,333,0.006435
11,KACTL,333,0.062977
11,393435,334,0.008828
11,ours-406478,334,0.006420
11,KACTL,334,0.062309
11,simd-v0,334,0.014181
11,ours-406478,335,0.006415
11,KACTL,335,0.067823
11,simd-v0,335,0.014229
11,393435,335,0.008505
11,KACTL,336,0.062356
11,simd-v0,336,0.014153
11,393435,336,0.008482
11,ours-406478,336,0.006441
11,simd-v0,337,0.014005
11,393435,337,0.008459
11,ours-406478,337,0.006411
11,KACTL,337,0.062479
11,393435,338,0.008816
11,ours-406478,338,0.006425
11,KACTL,338,0.062415
11,simd-v0,338,0.014156
11,ours-406478,339,0.006437
11,KACTL,339,0.062408
11,simd-v0,339,0.014135
11,393435,339,0.008471
11,KACTL,340,0.062940
11,simd-v0,340,0.014143
11,393435,340,0.008488
11,ours-406478,340,0.006420
11,simd-v0,341,0.013996
11,393435,341,0.008462
11,ours-406478,341,0.006418
11,KACTL,341,0.062528
11,393435,342,0.008830
11,ours-406478,342,0.006452
11,KACTL,342,0.062369
11,simd-v0,342,0.014150
11,ours-406478,343,0.006433
11,KACTL,343,0.062459
11,simd-v0,343,0.014153
11,393435,343,0.008475
11,KACTL,344,0.062796
11,simd-v0,344,0.014109
11,393435,344,0.008459
11,ours-406478,344,0.006398
11,simd-v0,345,0.014016
11,393435,345,0.008458
11,ours-406478,345,0.006440
11,KACTL,345,0.067314
11,393435,346,0.008881
11,ours-406478,346,0.006436
11,KACTL,346,0.062568
11,simd-v0,346,0.014117
11,ours-406478,347,0.006431
11,KACTL,347,0.062940
11,simd-v0,347,0.014187
11,393435,347,0.008459
11,KACTL,348,0.062461
11,simd-v0,348,0.014169
11,393435,348,0.008472
11,ours-406478,348,0.006429
11,simd-v0,349,0.013984
11,393435,349,0.008432
11,ours-406478,349,0.006423
11,KACTL,349,0.062416
11,393435,350,0.008847
11,ours-406478,350,0.006419
11,KACTL,350,0.062296
11,simd-v0,350,0.014143
11,ours-406478,351,0.006438
11,KACTL,351,0.062889
11,simd-v0,351,0.014105
11,393435,351,0.008489
11,KACTL,352,0.062414
11,simd-v0,352,0.014140
11,393435,352,0.008449
11,ours-406478,352,0.006412
11,simd-v0,353,0.014003
11,393435,353,0.008447
11,ours-406478,353,0.006421
11,KACTL,353,0.062967
11,393435,354,0.008809
11,ours-406478,354,0.006424
11,KACTL,354,0.062472
11,simd-v0,354,0.014142
11,ours-406478,355,0.006421
11,KACTL,355,0.062842
11,simd-v0,355,0.014158
11,393435,355,0.008437
11,KACTL,356,0.067810
11,simd-v0,356,0.014185
11,393435,356,0.008499
11,ours-406478,356,0.006424
11,simd-v0,357,0.014013
11,393435,357,0.008438
11,ours-406478,357,0.006427
11,KACTL,357,0.062429
11,393435,358,0.008462
11,ours-406478,358,0.006424
11,KACTL,358,0.062499
11,simd-v0,358,0.014010
11,ours-406478,359,0.006417
11,KACTL,359,0.063018
11,simd-v0,359,0.014012
11,393435,359,0.008483
11,KACTL,360,0.062335
11,simd-v0,360,0.013974
11,393435,360,0.008478
11,ours-406478,360,0.006438
11,simd-v0,361,0.014025
11,393435,361,0.008442
11,ours-406478,361,0.006416
11,KACTL,361,0.062382
11,393435,362,0.008458
11,ours-406478,362,0.006401
11,KACTL,362,0.063015
11,simd-v0,362,0.013986
11,ours-406478,363,0.006433
11,KACTL,363,0.062777
11,simd-v0,363,0.013962
11,393435,363,0.008465
11,KACTL,364,0.062375
11,simd-v0,364,0.015880
11,393435,364,0.008474
11,ours-406478,364,0.006443
11,simd-v0,365,0.014000
11,393435,365,0.008437
11,ours-406478,365,0.006411
11,KACTL,365,0.062574
11,393435,366,0.008474
11,ours-406478,366,0.006420
11,KACTL,366,0.062478
11,simd-v0,366,0.018876
11,ours-406478,367,0.006462
11,KACTL,367,0.062941
11,simd-v0,367,0.013981
11,393435,367,0.008455
11,KACTL,368,0.062433
11,simd-v0,368,0.014138
11,393435,368,0.008451
11,ours-406478,368,0.006439
11,simd-v0,369,0.013984
11,393435,369,0.008422
11,ours-406478,369,0.006431
11,KACTL,369,0.062932
11,393435,370,0.008823
11,ours-406478,370,0.006424
11,KACTL,370,0.062442
11,simd-v0,370,0.014157
11,ours-406478,371,0.006433
11,KACTL,371,0.062456
11,simd-v0,371,0.014137
11,393435,371,0.008474
11,KACTL,372,0.062309
11,simd-v0,372,0.014153
11,393435,372,0.008462
11,ours-406478,372,0.006437
11,simd-v0,373,0.014016
11,393435,373,0.008424
11,ours-406478,373,0.006426
11,KACTL,373,0.062486
11,393435,374,0.008869
11,ours-406478,374,0.006411
11,KACTL,374,0.062400
11,simd-v0,374,0.014149
11,ours-406478,375,0.006404
11,KACTL,375,0.062360
11,simd-v0,375,0.014096
11,393435,375,0.008460
11,KACTL,376,0.062478
11,simd-v0,376,0.014175
11,393435,376,0.008442
11,ours-406478,376,0.006415
11,simd-v0,377,0.014027
11,393435,377,0.008421
11,ours-406478,377,0.006414
11,KACTL,377,0.067470
11,393435,378,0.008873
11,ours-406478,378,0.006441
11,KACTL,378,0.062394
11,simd-v0,378,0.014180
11,ours-406478,379,0.006440
11,KACTL,379,0.062405
11,simd-v0,379,0.014152
11,393435,379,0.008479
11,KACTL,380,0.062398
11,simd-v0,380,0.014117
11,393435,380,0.008438
11,ours-406478,380,0.006443
11,simd-v0,381,0.013986
11,393435,381,0.008458
11,ours-406478,381,0.006437
11,KACTL,381,0.062502
11,393435,382,0.008857
11,ours-406478,382,0.006405
11,KACTL,382,0.062478
11,simd-v0,382,0.014131
11,ours-406478,383,0.006439
11,KACTL,383,0.062870
11,simd-v0,383,0.014148
11,393435,383,0.008462
11,KACTL,384,0.062883
11,simd-v0,384,0.014187
11,393435,384,0.008441
11,ours-406478,384,0.006415
11,simd-v0,385,0.014015
11,393435,385,0.008419
11,ours-406478,385,0.006405
11,KACTL,385,0.062444
11,393435,386,0.008868
11,ours-406478,386,0.006439
11,KACTL,386,0.062336
11,simd-v0,386,0.014146
11,ours-406478,387,0.006436
11,KACTL,387,0.062473
11,simd-v0,387,0.014133
11,393435,387,0.008443
11,KACTL,388,0.067579
11,simd-v0,388,0.014147
11,393435,388,0.008443
11,ours-406478,388,0.006432
11,simd-v0,389,0.014016
11,393435,389,0.008430
11,ours-406478,389,0.006439
11,KACTL,389,0.062471
11,393435,390,0.008862
11,ours-406478,390,0.006412
11,KACTL,390,0.062379
11,simd-v0,390,0.014092
11,ours-406478,391,0.006427
11,KACTL,391,0.062511
11,simd-v0,391,0.014134
11,393435,391,0.008438
11,KACTL,392,0.062385
11,simd-v0,392,0.014196
11,393435,392,0.008450
11,ours-406478,392,0.006426
11,simd-v0,393,0.014041
11,393435,393,0.008449
11,ours-406478,393,0.006419
11,KACTL,393,0.062876
11,393435,394,0.008861
11,ours-406478,394,0.006428
11,KACTL,394,0.062497
11,simd-v0,394,0.014167
11,ours-406478,395,0.006423
11,KACTL,395,0.062590
11,simd-v0,395,0.014153
11,393435,395,0.008448
11,KACTL,396,0.062359
11,simd-v0,396,0.014198
11,393435,396,0.008485
11,ours-406478,396,0.006418
11,simd-v0,397,0.013974
11,393435,397,0.008433
11,ours-406478,397,0.006407
11,KACTL,397,0.062595
11,393435,398,0.008848
11,ours-406478,398,0.006415
11,KACTL,398,0.067616
11,simd-v0,398,0.014177
11,ours-406478,399,0.006487
11,KACTL,399,0.062431
11,simd-v0,399,0.014113
11,393435,399,0.008473
11,KACTL,400,0.062988
11,simd-v0,400,0.014003
11,393435,400,0.008452
11,ours-406478,400,0.006408
11,simd-v0,401,0.014034
11,393435,401,0.008431
11,ours-406478,401,0.006438
11,KACTL,401,0.062554
11,393435,402,0.008466
11,ours-406478,402,0.006425
11,KACTL,402,0.062404
11,simd-v0,402,0.013979
11,ours-406478,403,0.006430
11,KACTL,403,0.062343
11,simd-v0,403,0.013983
11,393435,403,0.008439
11,KACTL,404,0.062409
11,simd-v0,404,0.014010
11,393435,404,0.008439
11,ours-406478,404,0.006411
11,simd-v0,405,0.014016
11,393435,405,0.008444
11,ours-406478,405,0.006413
11,KACTL,405,0.062866
11,393435,406,0.008453
11,ours-406478,406,0.006424
11,KACTL,406,0.062297
11,simd-v0,406,0.013982
11,ours-406478,407,0.006418
11,KACTL,407,0.062674
11,simd-v0,407,0.013997
11,393435,407,0.008450
11,KACTL,408,0.062717
11,simd-v0,408,0.014020
11,393435,408,0.008467
11,ours-406478,408,0.006431
11,simd-v0,409,0.018985
11,393435,409,0.008439
11,ours-406478,409,0.006432
11,KACTL,409,0.062577
11,393435,410,0.008464
11,ours-406478,410,0.006446
11,KACTL,410,0.062431
11,simd-v0,410,0.013984
11,ours-406478,411,0.006425
11,KACTL,411,0.062965
11,simd-v0,411,0.014149
11,393435,411,0.008447
11,KACTL,412,0.062398
11,simd-v0,412,0.014116
11,393435,412,0.008453
11,ours-406478,412,0.006408
11,simd-v0,413,0.014018
11,393435,413,0.008444
11,ours-406478,413,0.006407
11,KACTL,413,0.062578
11,393435,414,0.008866
11,ours-406478,414,0.006422
11,KACTL,414,0.062495
11,simd-v0,414,0.014162
11,ours-406478,415,0.006425
11,KACTL,415,0.062480
11,simd-v0,415,0.014189
11,393435,415,0.008465
11,KACTL,416,0.062999
11,simd-v0,416,0.014198
11,393435,416,0.008461
11,ours-406478,416,0.006405
11,simd-v0,417,0.013980
11,393435,417,0.008451
11,ours-406478,417,0.006411
11,KACTL,417,0.062529
11,393435,418,0.008863
11,ours-406478,418,0.006446
11,KACTL,418,0.062489
11,simd-v0,418,0.014142
11,ours-406478,419,0.006428
11,KACTL,419,0.067356
11,simd-v0,419,0.014220
11,393435,419,0.008456
11,KACTL,420,0.062531
11,simd-v0,420,0.014138
11,393435,420,0.008465
11,ours-406478,420,0.006435
11,simd-v0,421,0.014041
11,393435,421,0.008463
11,ours-406478,421,0.006417
11,KACTL,421,0.062940
11,393435,422,0.008846
11,ours-406478,422,0.006432
11,KACTL,422,0.062505
11,simd-v0,422,0.014104
11,ours-406478,423,0.006434
11,KACTL,423,0.062463
11,simd-v0,423,0.014162
11,393435,423,0.008440
11,KACTL,424,0.062320
11,simd-v0,424,0.014131
11,393435,424,0.008460
11,ours-406478,424,0.006402
11,simd-v0,425,0.013986
11,393435,425,0.008456
11,ours-406478,425,0.006417
11,KACTL,425,0.062499
11,393435,426,0.008830
11,ours-406478,426,0.006432
11,KACTL,426,0.062406
11,simd-v0,426,0.014173
11,ours-406478,427,0.006427
11,KACTL,427,0.062449
11,simd-v0,427,0.014135
11,393435,427,0.008457
11,KACTL,428,0.062892
11,simd-v0,428,0.014135
11,393435,428,0.008458
11,ours-406478,428,0.006411
11,simd-v0,429,0.014012
11,393435,429,0.008478
11,ours-406478,429,0.006410
11,KACTL,429,0.062979
11,393435,430,0.008842
11,ours-406478,430,0.006425
11,KACTL,430,0.067500
11,simd-v0,430,0.014164
11,ours-406478,431,0.006464
11,KACTL,431,0.062439
11,simd-v0,431,0.014187
11,393435,431,0.008460
11,KACTL,432,0.062440
11,simd-v0,432,0.014168
11,393435,432,0.008471
11,ours-406478,432,0.006429
11,simd-v0,433,0.014048
11,393435,433,0.008451
11,ours-406478,433,0.006412
11,KACTL,433,0.062993
11,393435,434,0.008832
11,ours-406478,434,0.006412
11,KACTL,434,0.062448
11,simd-v0,434,0.014163
11,ours-406478,435,0.006420
11,KACTL,435,0.062926
11,simd-v0,435,0.014201
11,393435,435,0.008462
11,KACTL,436,0.062433
11,simd-v0,436,0.014161
11,393435,436,0.008479
11,ours-406478,436,0.006403
11,simd-v0,437,0.013990
11,393435,437,0.008458
11,ours-406478,437,0.006426
11,KACTL,437,0.062938
11,393435,438,0.008835
11,ours-406478,438,0.006419
11,KACTL,438,0.062378
11,simd-v0,438,0.014136
11,ours-406478,439,0.006430
11,KACTL,439,0.062517
11,simd-v0,439,0.014155
11,393435,439,0.008443
11,KACTL,440,0.062361
11,simd-v0,440,0.019251
11,393435,440,0.008517
11,ours-406478,440,0.006434
11,simd-v0,441,0.013975
11,393435,441,0.008462
11,ours-406478,441,0.006422
11,KACTL,441,0.062579
11,393435,442,0.008836
11,ours-406478,442,0.006423
11,KACTL,442,0.062544
11,simd-v0,442,0.014166
11,ours-406478,443,0.006444
11,KACTL,443,0.062695
11,simd-v0,443,0.014037
11,393435,443,0.008472
11,KACTL,444,0.062936
11,simd-v0,444,0.014014
11,393435,444,0.008491
11,ours-406478,444,0.006423
11,simd-v0,445,0.014015
11,393435,445,0.008423
11,ours-406478,445,0.006418
11,KACTL,445,0.062525
11,393435,446,0.008424
11,ours-406478,446,0.006414
11,KACTL,446,0.062465
11,simd-v0,446,0.014058
11,ours-406478,447,0.006438
11,KACTL,447,0.062508
11,simd-v0,447,0.014017
11,393435,447,0.008468
11,KACTL,448,0.062839
11,simd-v0,448,0.013981
11,393435,448,0.008466
11,ours-406478,448,0.006435
11,simd-v0,449,0.014053
11,393435,449,0.008432
11,ours-406478,449,0.006428
11,KACTL,449,0.062401
11,393435,450,0.008452
11,ours-406478,450,0.006414
11,KACTL,450,0.062381
11,simd-v0,450,0.014027
11,ours-406478,451,0.006419
11,KACTL,451,0.068033
11,simd-v0,451,0.014065
11,393435,451,0.008473
11,KACTL,452,0.062580
11,simd-v0,452,0.027505
11,393435,452,0.009911
11,ours-406478,452,0.017935
11,simd-v0,453,0.014183
11,393435,453,0.008444
11,ours-406478,453,0.006431
11,KACTL,453,0.062754
11,393435,454,0.008850
11,ours-406478,454,0.006492
11,KACTL,454,0.082185
11,simd-v0,454,0.014157
11,ours-406478,455,0.006480
11,KACTL,455,0.062451
11,simd-v0,455,0.014134
11,393435,455,0.008474
11,KACTL,456,0.062460
11,simd-v0,456,0.014186
11,393435,456,0.008463
11,ours-406478,456,0.006412
11,simd-v0,457,0.013987
11,393435,457,0.008428
11,ours-406478,457,0.006405
11,KACTL,457,0.062496
11,393435,458,0.008885
11,ours-406478,458,0.006408
11,KACTL,458,0.062433
11,simd-v0,458,0.014138
11,ours-406478,459,0.006451
11,KACTL,459,0.062409
11,simd-v0,459,0.014165
11,393435,459,0.008443
11,KACTL,460,0.062455
11,simd-v0,460,0.014196
11,393435,460,0.008474
11,ours-406478,460,0.006409
11,simd-v0,461,0.014011
11,393435,461,0.008460
11,ours-406478,461,0.011979
11,KACTL,461,0.062535
11,393435,462,0.008872
11,ours-406478,462,0.006440
11,KACTL,462,0.062404
11,simd-v0,462,0.014156
11,ours-406478,463,0.006453
11,KACTL,463,0.062624
11,simd-v0,463,0.014140
11,393435,463,0.008459
11,KACTL,464,0.062376
11,simd-v0,464,0.014171
11,393435,464,0.008497
11,ours-406478,464,0.006425
11,simd-v0,465,0.014061
11,393435,465,0.008465
11,ours-406478,465,0.006422
11,KACTL,465,0.063080
11,393435,466,0.008854
11,ours-406478,466,0.006408
11,KACTL,466,0.062439
11,simd-v0,466,0.014167
11,ours-406478,467,0.006434
11,KACTL,467,0.062517
11,simd-v0,467,0.014150
11,393435,467,0.008443
11,KACTL,468,0.062396
11,simd-v0,468,0.014152
11,393435,468,0.008455
11,ours-406478,468,0.006421
11,simd-v0,469,0.014037
11,393435,469,0.008460
11,ours-406478,469,0.006441
11,KACTL,469,0.064668
11,393435,470,0.008889
11,ours-406478,470,0.006450
11,KACTL,470,0.062518
11,simd-v0,470,0.014138
11,ours-406478,471,0.006442
11,KACTL,471,0.062869
11,simd-v0,471,0.019141
11,393435,471,0.008484
11,KACTL,472,0.062583
11,simd-v0,472,0.014147
11,393435,472,0.008470
11,ours-406478,472,0.006425
11,simd-v0,473,0.014034
11,393435,473,0.008480
11,ours-406478,473,0.006411
11,KACTL,473,0.062496
11,393435,474,0.008843
11,ours-406478,474,0.006426
11,KACTL,474,0.062404
11,simd-v0,474,0.014157
11,ours-406478,475,0.006435
11,KACTL,475,0.062615
11,simd-v0,475,0.014192
11,393435,475,0.008449
11,KACTL,476,0.062408
11,simd-v0,476,0.014149
11,393435,476,0.008454
11,ours-406478,476,0.006388
11,simd-v0,477,0.013999
11,393435,477,0.008450
11,ours-406478,477,0.006399
11,KACTL,477,0.062602
11,393435,478,0.008887
11,ours-406478,478,0.006417
11,KACTL,478,0.062900
11,simd-v0,478,0.014159
11,ours-406478,479,0.006436
11,KACTL,479,0.062437
11,simd-v0,479,0.014194
11,393435,479,0.008452
11,KACTL,480,0.062367
11,simd-v0,480,0.014179
11,393435,480,0.008471
11,ours-406478,480,0.006430
11,simd-v0,481,0.014006
11,393435,481,0.008444
11,ours-406478,481,0.006417
11,KACTL,481,0.062406
11,393435,482,0.008826
11,ours-406478,482,0.006426
11,KACTL,482,0.067517
11,simd-v0,482,0.014173
11,ours-406478,483,0.006449
11,KACTL,483,0.062937
11,simd-v0,483,0.014163
11,393435,483,0.008460
11,KACTL,484,0.062840
11,simd-v0,484,0.014130
11,393435,484,0.008509
11,ours-406478,484,0.006430
11,simd-v0,485,0.014012
11,393435,485,0.008450
11,ours-406478,485,0.006411
11,KACTL,485,0.062570
11,393435,486,0.008844
11,ours-406478,486,0.006446
11,KACTL,486,0.062500
11,simd-v0,486,0.013991
11,ours-406478,487,0.006448
11,KACTL,487,0.062464
11,simd-v0,487,0.014023
11,393435,487,0.008443
11,KACTL,488,0.062438
11,simd-v0,488,0.013989
11,393435,488,0.008481
11,ours-406478,488,0.006409
11,simd-v0,489,0.014020
11,393435,489,0.008477
11,ours-406478,489,0.006393
11,KACTL,489,0.062467
11,393435,490,0.008463
11,ours-406478,490,0.006430
11,KACTL,490,0.062353
11,simd-v0,490,0.014032
11,ours-406478,491,0.006432
11,KACTL,491,0.062367
11,simd-v0,491,0.014019
11,393435,491,0.008463
11,KACTL,492,0.062426
11,simd-v0,492,0.018904
11,393435,492,0.008471
11,ours-406478,492,0.006443
11,simd-v0,493,0.014021
11,393435,493,0.008459
11,ours-406478,493,0.006417
11,KACTL,493,0.062597
11,393435,494,0.008464
11,ours-406478,494,0.006424
11,KACTL,494,0.062552
11,simd-v0,494,0.014017
11,ours-406478,495,0.006416
11,KACTL,495,0.062967
11,simd-v0,495,0.014026
11,393435,495,0.008458
11,KACTL,496,0.062735
11,simd-v0,496,0.013978
11,393435,496,0.008458
11,ours-406478,496,0.006406
11,simd-v0,497,0.014003
11,393435,497,0.008449
11,ours-406478,497,0.006429
11,KACTL,497,0.062991
11,393435,498,0.008869
11,ours-406478,498,0.006425
11,KACTL,498,0.062431
11,simd-v0,498,0.014146
11,ours-406478,499,0.006415
11,KACTL,499,0.062937
11,simd-v0,499,0.014162
11,393435,499,0.008461
11,KACTL,500,0.062432
11,simd-v0,500,0.014138
11,393435,500,0.008482
11,ours-406478,500,0.006433
11,simd-v0,501,0.013995
11,393435,501,0.008462
11,ours-406478,501,0.006423
11,KACTL,501,0.062479
11,393435,502,0.008830
11,ours-406478,502,0.006401
11,KACTL,502,0.062433
11,simd-v0,502,0.014175
11,ours-406478,503,0.006416
11,KACTL,503,0.067686
11,simd-v0,503,0.014179
11,393435,503,0.008482
11,KACTL,504,0.062376
11,simd-v0,504,0.014138
11,393435,504,0.008478
11,ours-406478,504,0.006437
11,simd-v0,505,0.013983
11,393435,505,0.008483
11,ours-406478,505,0.006426
11,KACTL,505,0.062509
11,393435,506,0.008831
11,ours-406478,506,0.006408
11,KACTL,506,0.062454
11,simd-v0,506,0.014142
11,ours-406478,507,0.006438
11,KACTL,507,0.062918
11,simd-v0,507,0.014166
11,393435,507,0.008489
11,KACTL,508,0.062371
11,simd-v0,508,0.014171
11,393435,508,0.008482
11,ours-406478,508,0.006427
11,simd-v0,509,0.014036
11,393435,509,0.008439
11,ours-406478,509,0.006434
11,KACTL,509,0.062479
11,393435,510,0.008837
11,ours-406478,510,0.006407
11,KACTL,510,0.062937
11,simd-v0,510,0.014193
11,ours-406478,511,0.006441
11,KACTL,511,0.062468
11,simd-v0,511,0.014138
11,393435,511,0.008460
11,KACTL,512,0.062861
11,simd-v0,512,0.014190
11,393435,512,0.008467
11,ours-406478,512,0.006431
11,simd-v0,513,0.014004
11,393435,513,0.008478
11,ours-406478,513,0.006433
11,KACTL,513,0.068521
11,393435,514,0.008871
11,ours-406478,514,0.006463
11,KACTL,514,0.062522
11,simd-v0,514,0.014193
11,ours-406478,515,0.006407
11,KACTL,515,0.062646
11,simd-v0,515,0.014102
11,393435,515,0.008453
11,KACTL,516,0.062391
11,simd-v0,516,0.014130
11,393435,516,0.008461
11,ours-406478,516,0.006423
11,simd-v0,517,0.014020
11,393435,517,0.008460
11,ours-406478,517,0.006437
11,KACTL,517,0.062697
11,393435,518,0.008843
11,ours-406478,518,0.006415
11,KACTL,518,0.062384
11,simd-v0,518,0.014162
11,ours-406478,519,0.006428
11,KACTL,519,0.063053
11,simd-v0,519,0.014152
11,393435,519,0.008477
11,KACTL,520,0.062475
11,simd-v0,520,0.014148
11,393435,520,0.008474
11,ours-406478,520,0.006440
11,simd-v0,521,0.013953
11,393435,521,0.008468
11,ours-406478,521,0.006426
11,KACTL,521,0.062684
11,393435,522,0.008828
11,ours-406478,522,0.006440
11,KACTL,522,0.062434
11,simd-v0,522,0.014174
11,ours-406478,523,0.006430
11,KACTL,523,0.062955
11,simd-v0,523,0.014153
11,393435,523,0.008498
11,KACTL,524,0.068315
11,simd-v0,524,0.014146
11,393435,524,0.008490
11,ours-406478,524,0.006449
11,simd-v0,525,0.013991
11,393435,525,0.008444
11,ours-406478,525,0.006422
11,KACTL,525,0.062805
11,393435,526,0.008849
11,ours-406478,526,0.006422
11,KACTL,526,0.062904
11,simd-v0,526,0.014174
11,ours-406478,527,0.006407
11,KACTL,527,0.063003
11,simd-v0,527,0.014162
11,393435,527,0.008463
11,KACTL,528,0.062446
11,simd-v0,528,0.014165
11,393435,528,0.008482
11,ours-406478,528,0.006446
11,simd-v0,529,0.014004
11,393435,529,0.008466
11,ours-406478,529,0.006426
11,KACTL,529,0.062692
11,393435,530,0.008464
11,ours-406478,530,0.006431
11,KACTL,530,0.062487
11,simd-v0,530,0.013991
11,ours-406478,531,0.006437
11,KACTL,531,0.063011
11,simd-v0,531,0.013994
11,393435,531,0.008476
11,KACTL,532,0.062899
11,simd-v0,532,0.013988
11,393435,532,0.008468
11,ours-406478,532,0.006431
11,simd-v0,533,0.014013
11,393435,533,0.008450
11,ours-406478,533,0.006436
11,KACTL,533,0.062801
11,393435,534,0.008435
11,ours-406478,534,0.006418
11,KACTL,534,0.062551
11,simd-v0,534,0.019077
11,ours-406478,535,0.006465
11,KACTL,535,0.062720
11,simd-v0,535,0.014039
11,393435,535,0.008467
11,KACTL,536,0.062495
11,simd-v0,536,0.014028
11,393435,536,0.008482
11,ours-406478,536,0.006439
11,simd-v0,537,0.014037
11,393435,537,0.008459
11,ours-406478,537,0.006420
11,KACTL,537,0.062645
11,393435,538,0.008433
11,ours-406478,538,0.006424
11,KACTL,538,0.062363
11,simd-v0,538,0.014014
11,ours-406478,539,0.006428
11,KACTL,539,0.062604
11,simd-v0,539,0.014192
11,393435,539,0.008454
11,KACTL,540,0.062422
11,simd-v0,540,0.014141
11,393435,540,0.008470
11,ours-406478,540,0.006407
11,simd-v0,541,0.013991
11,393435,541,0.008424
11,ours-406478,541,0.006436
11,KACTL,541,0.062661
11,393435,542,0.008850
11,ours-406478,542,0.006412
11,KACTL,542,0.063013
11,simd-v0,542,0.014209
11,ours-406478,543,0.006447
11,KACTL,543,0.062530
11,simd-v0,543,0.014131
11,393435,543,0.008471
11,KACTL,544,0.062412
11,simd-v0,544,0.014112
11,393435,544,0.008472
11,ours-406478,544,0.006425
11,simd-v0,545,0.013998
11,393435,545,0.008445
11,ours-406478,545,0.006430
11,KACTL,545,0.067727
11,393435,546,0.008866
11,ours-406478,546,0.006457
11,KACTL,546,0.062460
11,simd-v0,546,0.014121
11,ours-406478,547,0.006426
11,KACTL,547,0.063078
11,simd-v0,547,0.014180
11,393435,547,0.008454
11,KACTL,548,0.062401
11,simd-v0,548,0.014117
11,393435,548,0.008491
11,ours-406478,548,0.006438
11,simd-v0,549,0.014008
11,393435,549,0.008454
11,ours-406478,549,0.006442
11,KACTL,549,0.062637
11,393435,550,0.008853
11,ours-406478,550,0.006412
11,KACTL,550,0.062287
11,simd-v0,550,0.014135
11,ours-406478,551,0.006445
11,KACTL,551,0.062569
11,simd-v0,551,0.014118
11,393435,551,0.008474
11,KACTL,552,0.062283
11,simd-v0,552,0.014147
11,393435,552,0.008427
11,ours-406478,552,0.006429
11,simd-v0,553,0.014010
11,393435,553,0.008474
11,ours-406478,553,0.006423
11,KACTL,553,0.062695
11,393435,554,0.008851
11,ours-406478,554,0.006419
11,KACTL,554,0.062396
11,simd-v0,554,0.014157
11,ours-406478,555,0.006445
11,KACTL,555,0.062419
11,simd-v0,555,0.014155
11,393435,555,0.013475
11,KACTL,556,0.062534
11,simd-v0,556,0.014127
11,393435,556,0.008469
11,ours-406478,556,0.006435
11,simd-v0,557,0.013989
11,393435,557,0.008459
11,ours-406478,557,0.006424
11,KACTL,557,0.062506
11,393435,558,0.008891
11,ours-406478,558,0.006404
11,KACTL,558,0.062885
11,simd-v0,558,0.014154
11,ours-406478,559,0.006439
11,KACTL,559,0.062633
11,simd-v0,559,0.014138
11,393435,559,0.008481
11,KACTL,560,0.062440
11,simd-v0,560,0.014177
11,393435,560,0.008466
11,ours-406478,560,0.006425
11,simd-v0,561,0.014013
11,393435,561,0.008443
11,ours-406478,561,0.006424
11,KACTL,561,0.062620
11,393435,562,0.008848
11,ours-406478,562,0.006418
11,KACTL,562,0.062455
11,simd-v0,562,0.014125
11,ours-406478,563,0.006431
11,KACTL,563,0.062518
11,simd-v0,563,0.014179
11,393435,563,0.008463
11,KACTL,564,0.062392
11,simd-v0,564,0.014167
11,393435,564,0.008449
11,ours-406478,564,0.006445
11,simd-v0,565,0.014026
11,393435,565,0.008424
11,ours-406478,565,0.006420
11,KACTL,565,0.063046
11,393435,566,0.008876
11,ours-406478,566,0.006417
11,KACTL,566,0.067538
11,simd-v0,566,0.014177
11,ours-406478,567,0.006464
11,KACTL,567,0.062626
11,simd-v0,567,0.014135
11,393435,567,0.008480
11,KACTL,568,0.062919
11,simd-v0,568,0.014145
11,393435,568,0.008463
11,ours-406478,568,0.006434
11,simd-v0,569,0.013981
11,393435,569,0.008440
11,ours-406478,569,0.006423
11,KACTL,569,0.062699
11,393435,570,0.008878
11,ours-406478,570,0.006415
11,KACTL,570,0.062478
11,simd-v0,570,0.014152
11,ours-406478,571,0.006482
11,KACTL,571,0.063022
11,simd-v0,571,0.013978
11,393435,571,0.008444
11,KACTL,572,0.062911
11,simd-v0,572,0.014001
11,393435,572,0.008453
11,ours-406478,572,0.006439
11,simd-v0,573,0.014038
11,393435,573,0.008441
11,ours-406478,573,0.006436
11,KACTL,573,0.062631
11,393435,574,0.008477
11,ours-406478,574,0.006393
11,KACTL,574,0.064125
11,simd-v0,574,0.014015
11,ours-406478,575,0.006460
11,KACTL,575,0.062671
11,simd-v0,575,0.014014
11,393435,575,0.008481
11,KACTL,576,0.062912
11,simd-v0,576,0.014051
11,393435,576,0.008487
11,ours-406478,576,0.011349
11,simd-v0,577,0.014024
11,393435,577,0.008434
11,ours-406478,577,0.006433
11,KACTL,577,0.062718
11,393435,578,0.008459
11,ours-406478,578,0.006424
11,KACTL,578,0.062449
11,simd-v0,578,0.014035
11,ours-406478,579,0.006418
11,KACTL,579,0.062685
11,simd-v0,579,0.014025
11,393435,579,0.008451
11,KACTL,580,0.062422
11,simd-v0,580,0.014046
11,393435,580,0.008444
11,ours-406478,580,0.006414
11,simd-v0,581,0.014015
11,393435,581,0.008485
11,ours-406478,581,0.006414
11,KACTL,581,0.063048
11,393435,582,0.008438
11,ours-406478,582,0.006427
11,KACTL,582,0.062413
11,simd-v0,582,0.014108
11,ours-406478,583,0.006455
11,KACTL,583,0.062635
11,simd-v0,583,0.014141
11,393435,583,0.008442
11,KACTL,584,0.062790
11,simd-v0,584,0.014145
11,393435,584,0.008477
11,ours-406478,584,0.006425
11,simd-v0,585,0.014019
11,393435,585,0.008447
11,ours-406478,585,0.006419
11,KACTL,585,0.062706
11,393435,586,0.008880
11,ours-406478,586,0.006415
11,KACTL,586,0.062461
11,simd-v0,586,0.014107
11,ours-406478,587,0.006430
11,KACTL,587,0.067377
11,simd-v0,587,0.014152
11,393435,587,0.008499
11,KACTL,588,0.062936
11,simd-v0,588,0.014129
11,393435,588,0.008478
11,ours-406478,588,0.006448
11,simd-v0,589,0.014005
11,393435,589,0.008452
11,ours-406478,589,0.006430
11,KACTL,589,0.063166
11,393435,590,0.008861
11,ours-406478,590,0.006419
11,KACTL,590,0.062493
11,simd-v0,590,0.014116
11,ours-406478,591,0.006463
11,KACTL,591,0.062746
11,simd-v0,591,0.014126
11,393435,591,0.008486
11,KACTL,592,0.062387
11,simd-v0,592,0.014162
11,393435,592,0.008445
11,ours-406478,592,0.006438
11,simd-v0,593,0.013983
11,393435,593,0.008450
11,ours-406478,593,0.006430
11,KACTL,593,0.062747
11,393435,594,0.008872
11,ours-406478,594,0.006415
11,KACTL,594,0.062435
11,simd-v0,594,0.014140
11,ours-406478,595,0.006439
11,KACTL,595,0.062647
11,simd-v0,595,0.014098
11,393435,595,0.008455
11,KACTL,596,0.062523
11,simd-v0,596,0.014151
11,393435,596,0.008445
11,ours-406478,596,0.006426
11,simd-v0,597,0.014001
11,393435,597,0.008429
11,ours-406478,597,0.006415
11,KACTL,597,0.062738
11,393435,598,0.017892
11,ours-406478,598,0.006788
11,KACTL,598,0.062645
11,simd-v0,598,0.014202
11,ours-406478,599,0.006482
11,KACTL,599,0.062606
11,simd-v0,599,0.014167
11,393435,599,0.008495
11,KACTL,600,0.062528
11,simd-v0,600,0.014161
11,393435,600,0.008466
11,ours-406478,600,0.006452
11,simd-v0,601,0.013985
11,393435,601,0.008453
11,ours-406478,601,0.006441
11,KACTL,601,0.062642
11,393435,602,0.008847
11,ours-406478,602,0.006436
11,KACTL,602,0.062901
11,simd-v0,602,0.014182
11,ours-406478,603,0.006451
11,KACTL,603,0.063034
11,simd-v0,603,0.014198
11,393435,603,0.008454
11,KACTL,604,0.062446
11,simd-v0,604,0.014158
11,393435,604,0.008459
11,ours-406478,604,0.006444
11,simd-v0,605,0.013985
11,393435,605,0.008454
11,ours-406478,605,0.006441
11,KACTL,605,0.062758
11,393435,606,0.008883
11,ours-406478,606,0.006440
11,KACTL,606,0.062486
11,simd-v0,606,0.014153
11,ours-406478,607,0.006435
11,KACTL,607,0.062565
11,simd-v0,607,0.014116
11,393435,607,0.008448
11,KACTL,608,0.067604
11,simd-v0,608,0.014165
11,393435,608,0.008470
11,ours-406478,608,0.006469
11,simd-v0,609,0.013979
11,393435,609,0.008457
11,ours-406478,609,0.006454
11,KACTL,609,0.062653
11,393435,610,0.008852
11,ours-406478,610,0.006417
11,KACTL,610,0.062398
11,simd-v0,610,0.014123
11,ours-406478,611,0.006466
11,KACTL,611,0.062601
11,simd-v0,611,0.014133
11,393435,611,0.008486
11,KACTL,612,0.062358
11,simd-v0,612,0.014161
11,393435,612,0.008480
11,ours-406478,612,0.006459
11,simd-v0,613,0.014000
11,393435,613,0.008451
11,ours-406478,613,0.006447
11,KACTL,613,0.062676
11,393435,614,0.008878
11,ours-406478,614,0.006448
11,KACTL,614,0.062384
11,simd-v0,614,0.013962
11,ours-406478,615,0.006454
11,KACTL,615,0.062659
11,simd-v0,615,0.014010
11,393435,615,0.008458
11,KACTL,616,0.062489
11,simd-v0,616,0.014048
11,393435,616,0.008450
11,ours-406478,616,0.006416
11,simd-v0,617,0.014015
11,393435,617,0.008429
11,ours-406478,617,0.006443
11,KACTL,617,0.062650
11,393435,618,0.008471
11,ours-406478,618,0.006446
11,KACTL,618,0.062971
11,simd-v0,618,0.019032
11,ours-406478,619,0.006519
11,KACTL,619,0.062770
11,simd-v0,619,0.014005
11,393435,619,0.008453
11,KACTL,620,0.062491
11,simd-v0,620,0.014030
11,393435,620,0.008449
11,ours-406478,620,0.006454
11,simd-v0,621,0.014043
11,393435,621,0.008455
11,ours-406478,621,0.006457
11,KACTL,621,0.062761
11,393435,622,0.008486
11,ours-406478,622,0.006426
11,KACTL,622,0.062474
11,simd-v0,622,0.014016
11,ours-406478,623,0.006446
11,KACTL,623,0.062498
11,simd-v0,623,0.013982
11,393435,623,0.008449
11,KACTL,624,0.062485
11,simd-v0,624,0.014027
11,393435,624,0.008466
11,ours-406478,624,0.006415
11,simd-v0,625,0.014025
11,393435,625,0.008426
11,ours-406478,625,0.006410
11,KACTL,625,0.063086
11,393435,626,0.008839
11,ours-406478,626,0.006440
11,KACTL,626,0.062440
11,simd-v0,626,0.014141
11,ours-406478,627,0.006435
11,KACTL,627,0.062633
11,simd-v0,627,0.014122
11,393435,627,0.008428
11,KACTL,628,0.062484
11,simd-v0,628,0.014177
11,393435,628,0.008455
11,ours-406478,628,0.006456
11,simd-v0,629,0.013984
11,393435,629,0.008437
11,ours-406478,629,0.006449
11,KACTL,629,0.067908
11,393435,630,0.008881
11,ours-406478,630,0.006468
11,KACTL,630,0.062395
11,simd-v0,630,0.014151
11,ours-406478,631,0.006434
11,KACTL,631,0.062637
11,simd-v0,631,0.014131
11,393435,631,0.008447
11,KACTL,632,0.062523
11,simd-v0,632,0.014158
11,393435,632,0.008453
11,ours-406478,632,0.006464
11,simd-v0,633,0.014028
11,393435,633,0.008442
11,ours-406478,633,0.006457
11,KACTL,633,0.063039
11,393435,634,0.008878
11,ours-406478,634,0.006454
11,KACTL,634,0.062878
11,simd-v0,634,0.014164
11,ours-406478,635,0.006455
11,KACTL,635,0.062643
11,simd-v0,635,0.014124
11,393435,635,0.008453
11,KACTL,636,0.062426
11,simd-v0,636,0.014155
11,393435,636,0.008449
11,ours-406478,636,0.006444
11,simd-v0,637,0.014020
11,393435,637,0.008432
11,ours-406478,637,0.006429
11,KACTL,637,0.062747
11,393435,638,0.008835
11,ours-406478,638,0.006429
11,KACTL,638,0.062887
11,simd-v0,638,0.014138
11,ours-406478,639,0.006442
11,KACTL,639,0.062512
11,simd-v0,639,0.014233
11,393435,639,0.008435
11,KACTL,640,0.067392
11,simd-v0,640,0.014169
11,393435,640,0.008446
11,ours-406478,640,0.006443
11,simd-v0,641,0.013984
11,393435,641,0.008464
11,ours-406478,641,0.006444
11,KACTL,641,0.062714
11,393435,642,0.008864
11,ours-406478,642,0.006434
11,KACTL,642,0.062639
11,simd-v0,642,0.014132
11,ours-406478,643,0.006445
11,KACTL,643,0.063133
11,simd-v0,643,0.014180
11,393435,643,0.008462
11,KACTL,644,0.062548
11,simd-v0,644,0.014166
11,393435,644,0.008445
11,ours-406478,644,0.006427
11,simd-v0,645,0.014036
11,393435,645,0.008454
11,ours-406478,645,0.006454
11,KACTL,645,0.062597
11,393435,646,0.008846
11,ours-406478,646,0.006459
11,KACTL,646,0.062550
11,simd-v0,646,0.014128
11,ours-406478,647,0.006425
11,KACTL,647,0.062532
11,simd-v0,647,0.014173
11,393435,647,0.008461
11,KACTL,648,0.062588
11,simd-v0,648,0.014148
11,393435,648,0.008446
11,ours-406478,648,0.006451
11,simd-v0,649,0.013993
11,393435,649,0.008445
11,ours-406478,649,0.006415
11,KACTL,649,0.062693
11,393435,650,0.008804
11,ours-406478,650,0.006448
11,KACTL,650,0.067612
11,simd-v0,650,0.014194
11,ours-406478,651,0.006491
11,KACTL,651,0.062720
11,simd-v0,651,0.014187
11,393435,651,0.008467
11,KACTL,652,0.062513
11,simd-v0,652,0.014169
11,393435,652,0.008481
11,ours-406478,652,0.006409
11,simd-v0,653,0.013980
11,393435,653,0.008437
11,ours-406478,653,0.006424
11,KACTL,653,0.062681
11,393435,654,0.008870
11,ours-406478,654,0.006438
11,KACTL,654,0.062393
11,simd-v0,654,0.014158
11,ours-406478,655,0.006512
11,KACTL,655,0.062667
11,simd-v0,655,0.014188
11,393435,655,0.008467
11,KACTL,656,0.062493
11,simd-v0,656,0.014166
11,393435,656,0.008452
11,ours-406478,656,0.006436
11,simd-v0,657,0.014018
11,393435,657,0.008464
11,ours-406478,657,0.006425
11,KACTL,657,0.062671
11,393435,658,0.008452
11,ours-406478,658,0.006459
11,KACTL,658,0.062425
11,simd-v0,658,0.013995
11,ours-406478,659,0.006416
11,KACTL,659,0.062626
11,simd-v0,659,0.014023
11,393435,659,0.008471
11,KACTL,660,0.062423
11,simd-v0,660,0.014012
11,393435,660,0.008461
11,ours-406478,660,0.006428
11,simd-v0,661,0.019090
11,393435,661,0.008452
11,ours-406478,661,0.006470
11,KACTL,661,0.062724
11,393435,662,0.008482
11,ours-406478,662,0.006459
11,KACTL,662,0.062343
11,simd-v0,662,0.014023
11,ours-406478,663,0.006451
11,KACTL,663,0.062641
11,simd-v0,663,0.014013
11,393435,663,0.008475
11,KACTL,664,0.062493
11,simd-v0,664,0.014007
11,393435,664,0.008457
11,ours-406478,664,0.006441
11,simd-v0,665,0.014000
11,393435,665,0.008461
11,ours-406478,665,0.006459
11,KACTL,665,0.062655
11,393435,666,0.008485
11,ours-406478,666,0.006437
11,KACTL,666,0.062323
11,simd-v0,666,0.014009
11,ours-406478,667,0.006450
11,KACTL,667,0.062674
11,simd-v0,667,0.014046
11,393435,667,0.008495
11,KACTL,668,0.062413
11,simd-v0,668,0.014140
11,393435,668,0.008472
11,ours-406478,668,0.006455
11,simd-v0,669,0.013955
11,393435,669,0.008433
11,ours-406478,669,0.006449
11,KACTL,669,0.062684
11,393435,670,0.008848
11,ours-406478,670,0.006451
11,KACTL,670,0.062786
11,simd-v0,670,0.014134
11,ours-406478,671,0.006440
11,KACTL,671,0.067280
11,simd-v0,671,0.014179
11,393435,671,0.008473
11,KACTL,672,0.062521
11,simd-v0,672,0.014135
11,393435,672,0.008477
11,ours-406478,672,0.006448
11,simd-v0,673,0.013971
11,393435,673,0.008458
11,ours-406478,673,0.006433
11,KACTL,673,0.063087
11,393435,674,0.008837
11,ours-406478,674,0.006449
11,KACTL,674,0.062530
11,simd-v0,674,0.014128
11,ours-406478,675,0.006444
11,KACTL,675,0.062593
11,simd-v0,675,0.014162
11,393435,675,0.008473
11,KACTL,676,0.062449
11,simd-v0,676,0.014143
11,393435,676,0.008469
11,ours-406478,676,0.006433
11,simd-v0,677,0.013966
11,393435,677,0.008468
11,ours-406478,677,0.006443
11,KACTL,677,0.062721
11,393435,678,0.008841
11,ours-406478,678,0.006443
11,KACTL,678,0.062366
11,simd-v0,678,0.014157
11,ours-406478,679,0.006442
11,KACTL,679,0.062651
11,simd-v0,679,0.016034
11,393435,679,0.008494
11,KACTL,680,0.062468
11,simd-v0,680,0.014107
11,393435,680,0.008467
11,ours-406478,680,0.006487
11,simd-v0,681,0.014022
11,393435,681,0.008456
11,ours-406478,681,0.006457
11,KACTL,681,0.062579
11,393435,682,0.008848
11,ours-406478,682,0.011282
11,KACTL,682,0.062526
11,simd-v0,682,0.014182
11,ours-406478,683,0.006443
11,KACTL,683,0.062708
11,simd-v0,683,0.014130
11,393435,683,0.008460
11,KACTL,684,0.062490
11,simd-v0,684,0.014111
11,393435,684,0.008463
11,ours-406478,684,0.006457
11,simd-v0,685,0.014031
11,393435,685,0.008492
11,ours-406478,685,0.006449
11,KACTL,685,0.062731
11,393435,686,0.008835
11,ours-406478,686,0.006450
11,KACTL,686,0.062443
11,simd-v0,686,0.014170
11,ours-406478,687,0.006431
11,KACTL,687,0.062655
11,simd-v0,687,0.014141
11,393435,687,0.008481
11,KACTL,688,0.062558
11,simd-v0,688,0.014133
11,393435,688,0.008443
11,ours-406478,688,0.006453
11,simd-v0,689,0.013992
11,393435,689,0.008478
11,ours-406478,689,0.006451
11,KACTL,689,0.063029
11,393435,690,0.008856
11,ours-406478,690,0.006437
11,KACTL,690,0.062901
11,simd-v0,690,0.014132
11,ours-406478,691,0.006460
11,KACTL,691,0.062761
11,simd-v0,691,0.014162
11,393435,691,0.008459
11,KACTL,692,0.067247
11,simd-v0,692,0.014147
11,393435,692,0.008486
11,ours-406478,692,0.006480
11,simd-v0,693,0.013992
11,393435,693,0.008475
11,ours-406478,693,0.006430
11,KACTL,693,0.062714
11,393435,694,0.008856
11,ours-406478,694,0.006442
11,KACTL,694,0.062909
11,simd-v0,694,0.014163
11,ours-406478,695,0.006457
11,KACTL,695,0.063085
11,simd-v0,695,0.014133
11,393435,695,0.008463
11,KACTL,696,0.062501
11,simd-v0,696,0.014112
11,393435,696,0.008462
11,ours-406478,696,0.006430
11,simd-v0,697,0.013990
11,393435,697,0.008465
11,ours-406478,697,0.006459
11,KACTL,697,0.062623
11,393435,698,0.008842
11,ours-406478,698,0.006452
11,KACTL,698,0.062488
11,simd-v0,698,0.014184
11,ours-406478,699,0.006441
11,KACTL,699,0.062639
11,simd-v0,699,0.014157
11,393435,699,0.008469
11,KACTL,700,0.062587
11,simd-v0,700,0.013943
11,393435,700,0.008483
11,ours-406478,700,0.006460
11,simd-v0,701,0.013962
11,393435,701,0.008444
11,ours-406478,701,0.006428
11,KACTL,701,0.062595
11,393435,702,0.008451
11,ours-406478,702,0.006437
11,KACTL,702,0.063013
11,simd-v0,702,0.014027
11,ours-406478,703,0.006454
11,KACTL,703,0.068203
11,simd-v0,703,0.014054
11,393435,703,0.008462
11,KACTL,704,0.062480
11,simd-v0,704,0.013956
11,393435,704,0.008476
11,ours-406478,704,0.006479
11,simd-v0,705,0.013993
11,393435,705,0.008471
11,ours-406478,705,0.006447
11,KACTL,705,0.063026
11,393435,706,0.008470
11,ours-406478,706,0.006444
11,KACTL,706,0.062464
11,simd-v0,706,0.014070
11,ours-406478,707,0.006423
11,KACTL,707,0.063292
11,simd-v0,707,0.014026
11,393435,707,0.008453
11,KACTL,708,0.062472
11,simd-v0,708,0.014019
11,393435,708,0.008491
11,ours-406478,708,0.006424
11,simd-v0,709,0.013995
11,393435,709,0.008432
11,ours-406478,709,0.006444
11,KACTL,709,0.063202
11,393435,710,0.008468
11,ours-406478,710,0.006439
11,KACTL,710,0.062500
11,simd-v0,710,0.014035
11,ours-406478,711,0.006444
11,KACTL,711,0.062619
11,simd-v0,711,0.014142
11,393435,711,0.008461
11,KACTL,712,0.062545
11,simd-v0,712,0.014158
11,393435,712,0.008444
11,ours-406478,712,0.006435
11,simd-v0,713,0.014027
11,393435,713,0.008454
11,ours-406478,713,0.006455
11,KACTL,713,0.068403
11,393435,714,0.008886
11,ours-406478,714,0.006479
11,KACTL,714,0.062480
11,simd-v0,714,0.014189
11,ours-406478,715,0.006446
11,KACTL,715,0.062707
11,simd-v0,715,0.014138
11,393435,715,0.008463
11,KACTL,716,0.063013
11,simd-v0,716,0.014171
11,393435,716,0.008450
11,ours-406478,716,0.006465
11,simd-v0,717,0.014016
11,393435,717,0.008424
11,ours-406478,717,0.006441
11,KACTL,717,0.063216
11,393435,718,0.008854
11,ours-406478,718,0.006437
11,KACTL,718,0.062844
11,simd-v0,718,0.014157
11,ours-406478,719,0.006440
11,KACTL,719,0.062960
11,simd-v0,719,0.014142
11,393435,719,0.008478
11,KACTL,720,0.062961
11,simd-v0,720,0.014167
11,393435,720,0.008462
11,ours-406478,720,0.006445
11,simd-v0,721,0.013984
11,393435,721,0.008444
11,ours-406478,721,0.006453
11,KACTL,721,0.063172
11,393435,722,0.008846
11,ours-406478,722,0.006427
11,KACTL,722,0.062406
11,simd-v0,722,0.014202
11,ours-406478,723,0.006441
11,KACTL,723,0.062654
11,simd-v0,723,0.014136
11,393435,723,0.008485
11,KACTL,724,0.067613
11,simd-v0,724,0.014176
11,393435,724,0.008488
11,ours-406478,724,0.006440
11,simd-v0,725,0.013968
11,393435,725,0.008458
11,ours-406478,725,0.006441
11,KACTL,725,0.063237
11,393435,726,0.008860
11,ours-406478,726,0.006451
11,KACTL,726,0.062610
11,simd-v0,726,0.014146
11,ours-406478,727,0.006457
11,KACTL,727,0.062651
11,simd-v0,727,0.014142
11,393435,727,0.008460
11,KACTL,728,0.062516
11,simd-v0,728,0.014142
11,393435,728,0.008463
11,ours-406478,728,0.006458
11,simd-v0,729,0.013967
11,393435,729,0.008447
11,ours-406478,729,0.006450
11,KACTL,729,0.062744
11,393435,730,0.008845
11,ours-406478,730,0.006437
11,KACTL,730,0.062449
11,simd-v0,730,0.014157
11,ours-406478,731,0.006426
11,KACTL,731,0.063050
11,simd-v0,731,0.014113
11,393435,731,0.008469
11,KACTL,732,0.062511
11,simd-v0,732,0.014171
11,393435,732,0.008443
11,ours-406478,732,0.006466
11,simd-v0,733,0.013940
11,393435,733,0.008442
11,ours-406478,733,0.006442
11,KACTL,733,0.062652
11,393435,734,0.008835
11,ours-406478,734,0.006426
11,KACTL,734,0.067178
11,simd-v0,734,0.014170
11,ours-406478,735,0.006485
11,KACTL,735,0.062660
11,simd-v0,735,0.014153
11,393435,735,0.008490
11,KACTL,736,0.062507
11,simd-v0,736,0.014178
11,393435,736,0.008448
11,ours-406478,736,0.006446
11,simd-v0,737,0.013974
11,393435,737,0.008455
11,ours-406478,737,0.006467
11,KACTL,737,0.062815
11,393435,738,0.008855
11,ours-406478,738,0.006432
11,KACTL,738,0.062476
11,simd-v0,738,0.014161
11,ours-406478,739,0.006452
11,KACTL,739,0.062715
11,simd-v0,739,0.014142
11,393435,739,0.008466
11,KACTL,740,0.062504
11,simd-v0,740,0.014122
11,393435,740,0.008492
11,ours-406478,740,0.006501
11,simd-v0,741,0.014008
11,393435,741,0.008459
11,ours-406478,741,0.006450
11,KACTL,741,0.062668
11,393435,742,0.008863
11,ours-406478,742,0.006435
11,KACTL,742,0.062430
11,simd-v0,742,0.014143
11,ours-406478,743,0.006434
11,KACTL,743,0.062634
11,simd-v0,743,0.013981
11,393435,743,0.008474
11,KACTL,744,0.062404
11,simd-v0,744,0.013971
11,393435,744,0.008463
11,ours-406478,744,0.006477
11,simd-v0,745,0.014017
11,393435,745,0.013435
11,ours-406478,745,0.006496
11,KACTL,745,0.062707
11,393435,746,0.008465
11,ours-406478,746,0.006441
11,KACTL,746,0.062566
11,simd-v0,746,0.013987
11,ours-406478,747,0.006475
11,KACTL,747,0.062701
11,simd-v0,747,0.013983
11,393435,747,0.008455
11,KACTL,748,0.062886
11,simd-v0,748,0.013993
11,393435,748,0.008455
11,ours-406478,748,0.006471
11,simd-v0,749,0.014013
11,393435,749,0.008420
11,ours-406478,749,0.006434
11,KACTL,749,0.062758
11,393435,750,0.008489
11,ours-406478,750,0.006440
11,KACTL,750,0.062465
11,simd-v0,750,0.014017
11,ours-406478,751,0.006440
11,KACTL,751,0.062730
11,simd-v0,751,0.013988
11,393435,751,0.008456
11,KACTL,752,0.062457
11,simd-v0,752,0.014024
11,393435,752,0.008440
11,ours-406478,752,0.006444
11,simd-v0,753,0.014015
11,393435,753,0.008454
11,ours-406478,753,0.006433
11,KACTL,753,0.062673
11,393435,754,0.008844
11,ours-406478,754,0.006446
11,KACTL,754,0.062370
11,simd-v0,754,0.014143
11,ours-406478,755,0.006461
11,KACTL,755,0.067434
11,simd-v0,755,0.014186
11,393435,755,0.008496
11,KACTL,756,0.062521
11,simd-v0,756,0.014157
11,393435,756,0.008465
11,ours-406478,756,0.006464
11,simd-v0,757,0.013983
11,393435,757,0.008454
11,ours-406478,757,0.006440
11,KACTL,757,0.063103
11,393435,758,0.008847
11,ours-406478,758,0.006429
11,KACTL,758,0.062483
11,simd-v0,758,0.014182
11,ours-406478,759,0.006444
11,KACTL,759,0.062679
11,simd-v0,759,0.014113
11,393435,759,0.008479
11,KACTL,760,0.062479
11,simd-v0,760,0.014133
11,393435,760,0.008471
11,ours-406478,760,0.006445
11,simd-v0,761,0.014033
11,393435,761,0.008414
11,ours-406478,761,0.006419
11,KACTL,761,0.062816
11,393435,762,0.008884
11,ours-406478,762,0.006453
11,KACTL,762,0.062425
11,simd-v0,762,0.014114
11,ours-406478,763,0.006445
11,KACTL,763,0.062593
11,simd-v0,763,0.014120
11,393435,763,0.008456
11,KACTL,764,0.062446
11,simd-v0,764,0.014165
11,393435,764,0.008425
11,ours-406478,764,0.006431
11,simd-v0,765,0.013986
11,393435,765,0.008462
11,ours-406478,765,0.006425
11,KACTL,765,0.062630
11,393435,766,0.008852
11,ours-406478,766,0.006440
11,KACTL,766,0.067643
11,simd-v0,766,0.014174
11,ours-406478,767,0.006500
11,KACTL,767,0.062588
11,simd-v0,767,0.014122
11,393435,767,0.008461
11,KACTL,768,0.062341
11,simd-v0,768,0.014163
11,393435,768,0.008473
11,ours-406478,768,0.006446
11,simd-v0,769,0.014031
11,393435,769,0.008435
11,ours-406478,769,0.006453
11,KACTL,769,0.062737
11,393435,770,0.008873
11,ours-406478,770,0.006439
11,KACTL,770,0.062477
11,simd-v0,770,0.014157
11,ours-406478,771,0.006457
11,KACTL,771,0.063024
11,simd-v0,771,0.014177
11,393435,771,0.008428
11,KACTL,772,0.062541
11,simd-v0,772,0.014186
11,393435,772,0.008464
11,ours-406478,772,0.006456
11,simd-v0,773,0.013990
11,393435,773,0.008446
11,ours-406478,773,0.006436
11,KACTL,773,0.062740
11,393435,774,0.008855
11,ours-406478,774,0.006449
11,KACTL,774,0.062412
11,simd-v0,774,0.014172
11,ours-406478,775,0.006443
11,KACTL,775,0.062586
11,simd-v0,775,0.014143
11,393435,775,0.008475
11,KACTL,776,0.062473
11,simd-v0,776,0.018882
11,393435,776,0.008466
11,ours-406478,776,0.006477
11,simd-v0,777,0.013997
11,393435,777,0.008449
11,ours-406478,777,0.006436
11,KACTL,777,0.062831
11,393435,778,0.008874
11,ours-406478,778,0.006442
11,KACTL,778,0.062516
11,simd-v0,778,0.014189
11,ours-406478,779,0.006453
11,KACTL,779,0.063072
11,simd-v0,779,0.014172
11,393435,779,0.008460
11,KACTL,780,0.062484
11,simd-v0,780,0.014195
11,393435,780,0.008462
11,ours-406478,780,0.006433
11,simd-v0,781,0.014035
11,393435,781,0.008445
11,ours-406478,781,0.006488
11,KACTL,781,0.062701
11,393435,782,0.008887
11,ours-406478,782,0.006444
11,KACTL,782,0.062403
11,simd-v0,782,0.014133
11,ours-406478,783,0.006454
11,KACTL,783,0.062668
11,simd-v0,783,0.014181
11,393435,783,0.008481
11,KACTL,784,0.062513
11,simd-v0,784,0.014179
11,393435,784,0.008462
11,ours-406478,784,0.008335
11,simd-v0,785,0.014055
11,393435,785,0.008447
11,ours-406478,785,0.006466
11,KACTL,785,0.062806
11,393435,786,0.008481
11,ours-406478,786,0.006435
11,KACTL,786,0.062401
11,simd-v0,786,0.013990
11,ours-406478,787,0.006460
11,KACTL,787,0.154451
11,simd-v0,787,0.014021
11,393435,787,0.008477
11,KACTL,788,0.062935
11,simd-v0,788,0.014016
11,393435,788,0.008465
11,ours-406478,788,0.006462
11,simd-v0,789,0.014040
11,393435,789,0.008434
11,ours-406478,789,0.006438
11,KACTL,789,0.062737
11,393435,790,0.008451
11,ours-406478,790,0.006467
11,KACTL,790,0.062861
11,simd-v0,790,0.014002
11,ours-406478,791,0.006435
11,KACTL,791,0.062663
11,simd-v0,791,0.014033
11,393435,791,0.008469
11,KACTL,792,0.062558
11,simd-v0,792,0.014039
11,393435,792,0.008491
11,ours-406478,792,0.006435
11,simd-v0,793,0.014017
11,393435,793,0.008434
11,ours-406478,793,0.006426
11,KACTL,793,0.062752
11,393435,794,0.008459
11,ours-406478,794,0.006443
11,KACTL,794,0.062414
11,simd-v0,794,0.014009
11,ours-406478,795,0.006440
11,KACTL,795,0.062617
11,simd-v0,795,0.014178
11,393435,795,0.008439
11,KACTL,796,0.062495
11,simd-v0,796,0.014175
11,393435,796,0.013571
11,ours-406478,796,0.006476
11,simd-v0,797,0.014041
11,393435,797,0.008460
11,ours-406478,797,0.006450
11,KACTL,797,0.062745
11,393435,798,0.008843
11,ours-406478,798,0.006453
11,KACTL,798,0.062918
11,simd-v0,798,0.014137
11,ours-406478,799,0.006461
11,KACTL,799,0.062622
11,simd-v0,799,0.014152
11,393435,799,0.008448
11,KACTL,800,0.062450
11,simd-v0,800,0.014134
11,393435,800,0.008471
11,ours-406478,800,0.006442
11,simd-v0,801,0.014009
11,393435,801,0.008464
11,ours-406478,801,0.006427
11,KACTL,801,0.062653
11,393435,802,0.008874
11,ours-406478,802,0.006465
11,KACTL,802,0.062487
11,simd-v0,802,0.014125
11,ours-406478,803,0.006431
11,KACTL,803,0.062602
11,simd-v0,803,0.014168
11,393435,803,0.008479
11,KACTL,804,0.063010
11,simd-v0,804,0.014173
11,393435,804,0.008477
11,ours-406478,804,0.006459
11,simd-v0,805,0.014007
11,393435,805,0.008465
11,ours-406478,805,0.006462
11,KACTL,805,0.062683
11,393435,806,0.008847
11,ours-406478,806,0.006433
11,KACTL,806,0.062382
11,simd-v0,806,0.014168
11,ours-406478,807,0.006429
11,KACTL,807,0.067549
11,simd-v0,807,0.014195
11,393435,807,0.008441
11,KACTL,808,0.062466
11,simd-v0,808,0.014171
11,393435,808,0.008465
11,ours-406478,808,0.006472
11,simd-v0,809,0.013993
11,393435,809,0.008465
11,ours-406478,809,0.006430
11,KACTL,809,0.062807
11,393435,810,0.008842
11,ours-406478,810,0.006423
11,KACTL,810,0.062457
11,simd-v0,810,0.014185
11,ours-406478,811,0.006457
11,KACTL,811,0.062617
11,simd-v0,811,0.014173
11,393435,811,0.008467
11,KACTL,812,0.062495
11,simd-v0,812,0.014143
11,393435,812,0.008463
11,ours-406478,812,0.006414
11,simd-v0,813,0.014005
11,393435,813,0.008488
11,ours-406478,813,0.006434
11,KACTL,813,0.062714
11,393435,814,0.008832
11,ours-406478,814,0.006439
11,KACTL,814,0.062835
11,simd-v0,814,0.014152
11,ours-406478,815,0.006442
11,KACTL,815,0.062572
11,simd-v0,815,0.014151
11,393435,815,0.008472
11,KACTL,816,0.062478
11,simd-v0,816,0.014176
11,393435,816,0.008460
11,ours-406478,816,0.006456
11,simd-v0,817,0.013980
11,393435,817,0.008442
11,ours-406478,817,0.006438
11,KACTL,817,0.067563
11,393435,818,0.008873
11,ours-406478,818,0.006467
11,KACTL,818,0.062438
11,simd-v0,818,0.014095
11,ours-406478,819,0.006425
11,KACTL,819,0.062571
11,simd-v0,819,0.014196
11,393435,819,0.008453
11,KACTL,820,0.062451
11,simd-v0,820,0.014160
11,393435,820,0.008499
11,ours-406478,820,0.006433
11,simd-v0,821,0.013991
11,393435,821,0.008462
11,ours-406478,821,0.006458
11,KACTL,821,0.062702
11,393435,822,0.008852
11,ours-406478,822,0.006435
11,KACTL,822,0.062689
11,simd-v0,822,0.014186
11,ours-406478,823,0.006426
11,KACTL,823,0.062563
11,simd-v0,823,0.014134
11,393435,823,0.008473
11,KACTL,824,0.062482
11,simd-v0,824,0.014123
11,393435,824,0.008466
11,ours-406478,824,0.006473
11,simd-v0,825,0.013981
11,393435,825,0.008483
11,ours-406478,825,0.006441
11,KACTL,825,0.062605
11,393435,826,0.008855
11,ours-406478,826,0.006461
11,KACTL,826,0.062452
11,simd-v0,826,0.014179
11,ours-406478,827,0.006451
11,KACTL,827,0.062621
11,simd-v0,827,0.013983
11,393435,827,0.008496
11,KACTL,828,0.067565
11,simd-v0,828,0.013992
11,393435,828,0.008488
11,ours-406478,828,0.006462
11,simd-v0,829,0.014012
11,393435,829,0.008470
11,ours-406478,829,0.006427
11,KACTL,829,0.062855
11,393435,830,0.008462
11,ours-406478,830,0.006432
11,KACTL,830,0.062462
11,simd-v0,830,0.014047
11,ours-406478,831,0.006454
11,KACTL,831,0.062680
11,simd-v0,831,0.014015
11,393435,831,0.008448
11,KACTL,832,0.062535
11,simd-v0,832,0.014009
11,393435,832,0.008488
11,ours-406478,832,0.006445
11,simd-v0,833,0.014014
11,393435,833,0.008471
11,ours-406478,833,0.006453
11,KACTL,833,0.062872
11,393435,834,0.008460
11,ours-406478,834,0.006448
11,KACTL,834,0.062493
11,simd-v0,834,0.013999
11,ours-406478,835,0.006424
11,KACTL,835,0.062679
11,simd-v0,835,0.013977
11,393435,835,0.008457
11,KACTL,836,0.062541
11,simd-v0,836,0.013987
11,393435,836,0.008475
11,ours-406478,836,0.006434
11,simd-v0,837,0.013999
11,393435,837,0.008452
11,ours-406478,837,0.006450
11,KACTL,837,0.062900
11,393435,838,0.008477
11,ours-406478,838,0.006440
11,KACTL,838,0.062928
11,simd-v0,838,0.019099
11,ours-406478,839,0.006512
11,KACTL,839,0.062606
11,simd-v0,839,0.014167
11,393435,839,0.008477
11,KACTL,840,0.062976
11,simd-v0,840,0.014150
11,393435,840,0.008478
11,ours-406478,840,0.006469
11,simd-v0,841,0.013974
11,393435,841,0.008449
11,ours-406478,841,0.006449
11,KACTL,841,0.062710
11,393435,842,0.008819
11,ours-406478,842,0.006434
11,KACTL,842,0.062342
11,simd-v0,842,0.014174
11,ours-406478,843,0.006450
11,KACTL,843,0.062647
11,simd-v0,843,0.014130
11,393435,843,0.008454
11,KACTL,844,0.062444
11,simd-v0,844,0.014107
11,393435,844,0.008475
11,ours-406478,844,0.006443
11,simd-v0,845,0.014013
11,393435,845,0.008446
11,ours-406478,845,0.006451
11,KACTL,845,0.062682
11,393435,846,0.008855
11,ours-406478,846,0.006454
11,KACTL,846,0.062447
11,simd-v0,846,0.014153
11,ours-406478,847,0.006468
11,KACTL,847,0.063160
11,simd-v0,847,0.014164
11,393435,847,0.008492
11,KACTL,848,0.062492
11,simd-v0,848,0.014149
11,393435,848,0.008492
11,ours-406478,848,0.006467
11,simd-v0,849,0.013981
11,393435,849,0.008443
11,ours-406478,849,0.006443
11,KACTL,849,0.067687
11,393435,850,0.008488
11,ours-406478,850,0.006466
11,KACTL,850,0.062388
11,simd-v0,850,0.014004
11,ours-406478,851,0.006453
11,KACTL,851,0.062605
11,simd-v0,851,0.013985
11,393435,851,0.008474
11,KACTL,852,0.062932
11,simd-v0,852,0.014030
11,393435,852,0.008466
11,ours-406478,852,0.006475
11,simd-v0,853,0.014004
11,393435,853,0.008430
11,ours-406478,853,0.006443
11,KACTL,853,0.062764
11,393435,854,0.008466
11,ours-406478,854,0.006440
11,KACTL,854,0.062391
11,simd-v0,854,0.014029
11,ours-406478,855,0.006412
11,KACTL,855,0.062983
11,simd-v0,855,0.013995
11,393435,855,0.008489
11,KACTL,856,0.062496
11,simd-v0,856,0.014024
11,393435,856,0.008456
11,ours-406478,856,0.006460
11,simd-v0,857,0.014019
11,393435,857,0.008425
11,ours-406478,857,0.006438
11,KACTL,857,0.062698
11,393435,858,0.008446
11,ours-406478,858,0.006429
11,KACTL,858,0.062893
11,simd-v0,858,0.013993
11,ours-406478,859,0.006454
11,KACTL,859,0.062942
11,simd-v0,859,0.014180
11,393435,859,0.008473
11,KACTL,860,0.062594
11,simd-v0,860,0.014116
11,393435,860,0.008456
11,ours-406478,860,0.006472
11,simd-v0,861,0.014028
11,393435,861,0.008458
11,ours-406478,861,0.006448
11,KACTL,861,0.062712
11,393435,862,0.008859
11,ours-406478,862,0.006449
11,KACTL,862,0.062356
11,simd-v0,862,0.014151
11,ours-406478,863,0.006454
11,KACTL,863,0.062582
11,simd-v0,863,0.014135
11,393435,863,0.008475
11,KACTL,864,0.062438
11,simd-v0,864,0.014164
11,393435,864,0.008462
11,ours-406478,864,0.006441
11,simd-v0,865,0.014041
11,393435,865,0.008418
11,ours-406478,865,0.006453
11,KACTL,865,0.063220
11,393435,866,0.008879
11,ours-406478,866,0.006446
11,KACTL,866,0.062412
11,simd-v0,866,0.014155
11,ours-406478,867,0.006464
11,KACTL,867,0.062545
11,simd-v0,867,0.014180
11,393435,867,0.008499
11,KACTL,868,0.062460
11,simd-v0,868,0.014183
11,393435,868,0.008417
11,ours-406478,868,0.006456
11,simd-v0,869,0.014016
11,393435,869,0.008432
11,ours-406478,869,0.006435
11,KACTL,869,0.063156
11,393435,870,0.008857
11,ours-406478,870,0.006440
11,KACTL,870,0.067464
11,simd-v0,870,0.014143
11,ours-406478,871,0.006470
11,KACTL,871,0.062586
11,simd-v0,871,0.014230
11,393435,871,0.008491
11,KACTL,872,0.062370
11,simd-v0,872,0.014183
11,393435,872,0.008430
11,ours-406478,872,0.006450
11,simd-v0,873,0.014038
11,393435,873,0.008436
11,ours-406478,873,0.006449
11,KACTL,873,0.063108
11,393435,874,0.008872
11,ours-406478,874,0.006449
11,KACTL,874,0.062392
11,simd-v0,874,0.014122
11,ours-406478,875,0.006468
11,KACTL,875,0.062978
11,simd-v0,875,0.014128
11,393435,875,0.008458
11,KACTL,876,0.062421
11,simd-v0,876,0.014175
11,393435,876,0.008466
11,ours-406478,876,0.006437
11,simd-v0,877,0.014040
11,393435,877,0.008446
11,ours-406478,877,0.006426
11,KACTL,877,0.063181
11,393435,878,0.008858
11,ours-406478,878,0.006448
11,KACTL,878,0.062802
11,simd-v0,878,0.014134
11,ours-406478,879,0.006440
11,KACTL,879,0.062953
11,simd-v0,879,0.014162
11,393435,879,0.008480
11,KACTL,880,0.062482
11,simd-v0,880,0.014202
11,393435,880,0.008476
11,ours-406478,880,0.006445
11,simd-v0,881,0.018912
11,393435,881,0.008477
11,ours-406478,881,0.006462
11,KACTL,881,0.062783
11,393435,882,0.008877
11,ours-406478,882,0.006429
11,KACTL,882,0.062423
11,simd-v0,882,0.014144
11,ours-406478,883,0.006460
11,KACTL,883,0.062590
11,simd-v0,883,0.014162
11,393435,883,0.008470
11,KACTL,884,0.062449
11,simd-v0,884,0.014173
11,393435,884,0.008464
11,ours-406478,884,0.006431
11,simd-v0,885,0.013996
11,393435,885,0.008425
11,ours-406478,885,0.006448
11,KACTL,885,0.062639
11,393435,886,0.011444
11,ours-406478,886,0.010530
11,KACTL,886,0.085186
11,simd-v0,886,0.015773
11,ours-406478,887,0.008724
11,KACTL,887,0.102546
11,simd-v0,887,0.016538
11,393435,887,0.010335
11,KACTL,888,0.090015
11,simd-v0,888,0.015557
11,393435,888,0.009259
11,ours-406478,888,0.025344
11,simd-v0,889,0.014040
11,393435,889,0.008440
11,ours-406478,889,0.006442
11,KACTL,889,0.063224
11,393435,890,0.008858
11,ours-406478,890,0.006406
11,KACTL,890,0.068805
11,simd-v0,890,0.014197
11,ours-406478,891,0.006459
11,KACTL,891,0.062766
11,simd-v0,891,0.014147
11,393435,891,0.008465
11,KACTL,892,0.062426
11,simd-v0,892,0.014191
11,393435,892,0.008480
11,ours-406478,892,0.006416
11,simd-v0,893,0.014035
11,393435,893,0.008443
11,ours-406478,893,0.006434
11,KACTL,893,0.062750
11,393435,894,0.008863
11,ours-406478,894,0.006405
11,KACTL,894,0.062925
11,simd-v0,894,0.014179
11,ours-406478,895,0.006434
11,KACTL,895,0.062819
11,simd-v0,895,0.014147
11,393435,895,0.008480
11,KACTL,896,0.062489
11,simd-v0,896,0.014181
11,393435,896,0.008464
11,ours-406478,896,0.006411
11,simd-v0,897,0.013978
11,393435,897,0.008461
11,ours-406478,897,0.006416
11,KACTL,897,0.062684
11,393435,898,0.008860
11,ours-406478,898,0.006414
11,KACTL,898,0.062506
11,simd-v0,898,0.014157
11,ours-406478,899,0.006452
11,KACTL,899,0.062643
11,simd-v0,899,0.014151
11,393435,899,0.008460
11,KACTL,900,0.062542
11,simd-v0,900,0.019363
11,393435,900,0.008488
11,ours-406478,900,0.006422
11,simd-v0,901,0.014013
11,393435,901,0.008459
11,ours-406478,901,0.006432
11,KACTL,901,0.062773
11,393435,902,0.008853
11,ours-406478,902,0.006440
11,KACTL,902,0.062540
11,simd-v0,902,0.014164
11,ours-406478,903,0.006456
11,KACTL,903,0.062791
11,simd-v0,903,0.014155
11,393435,903,0.008481
11,KACTL,904,0.063010
11,simd-v0,904,0.014193
11,393435,904,0.008463
11,ours-406478,904,0.006426
11,simd-v0,905,0.014008
11,393435,905,0.008453
11,ours-406478,905,0.006425
11,KACTL,905,0.063154
11,393435,906,0.008855
11,ours-406478,906,0.006416
11,KACTL,906,0.062464
11,simd-v0,906,0.014165
11,ours-406478,907,0.006428
11,KACTL,907,0.062621
11,simd-v0,907,0.014135
11,393435,907,0.008452
11,KACTL,908,0.062538
11,simd-v0,908,0.014160
11,393435,908,0.008436
11,ours-406478,908,0.006448
11,simd-v0,909,0.014039
11,393435,909,0.008457
11,ours-406478,909,0.006423
11,KACTL,909,0.062663
11,393435,910,0.008874
11,ours-406478,910,0.006429
11,KACTL,910,0.062484
11,simd-v0,910,0.014134
11,ours-406478,911,0.006434
11,KACTL,911,0.067774
11,simd-v0,911,0.014154
11,393435,911,0.008481
11,KACTL,912,0.062445
11,simd-v0,912,0.014035
11,393435,912,0.008438
11,ours-406478,912,0.006448
11,simd-v0,913,0.013988
11,393435,913,0.008440
11,ours-406478,913,0.006415
11,KACTL,913,0.063039
11,393435,914,0.008454
11,ours-406478,914,0.006393
11,KACTL,914,0.062344
11,simd-v0,914,0.013944
11,ours-406478,915,0.006439
11,KACTL,915,0.062570
11,simd-v0,915,0.014006
11,393435,915,0.008473
11,KACTL,916,0.062933
11,simd-v0,916,0.013998
11,393435,916,0.008453
11,ours-406478,916,0.006408
11,simd-v0,917,0.014037
11,393435,917,0.008435
11,ours-406478,917,0.006414
11,KACTL,917,0.063085
11,393435,918,0.008510
11,ours-406478,918,0.006421
11,KACTL,918,0.062393
11,simd-v0,918,0.014003
11,ours-406478,919,0.006439
11,KACTL,919,0.062658
11,simd-v0,919,0.013977
11,393435,919,0.008467
11,KACTL,920,0.062544
11,simd-v0,920,0.014037
11,393435,920,0.008442
11,ours-406478,920,0.006406
11,simd-v0,921,0.014044
11,393435,921,0.008439
11,ours-406478,921,0.006422
11,KACTL,921,0.067978
11,393435,922,0.008492
11,ours-406478,922,0.006451
11,KACTL,922,0.062402
11,simd-v0,922,0.014138
11,ours-406478,923,0.006441
11,KACTL,923,0.062605
11,simd-v0,923,0.014114
11,393435,923,0.008490
11,KACTL,924,0.062566
11,simd-v0,924,0.014192
11,393435,924,0.008445
11,ours-406478,924,0.006426
11,simd-v0,925,0.013995
11,393435,925,0.008434
11,ours-406478,925,0.006414
11,KACTL,925,0.063138
11,393435,926,0.008875
11,ours-406478,926,0.006424
11,KACTL,926,0.062862
11,simd-v0,926,0.014161
11,ours-406478,927,0.006452
11,KACTL,927,0.062696
11,simd-v0,927,0.014155
11,393435,927,0.008461
11,KACTL,928,0.062455
11,simd-v0,928,0.014187
11,393435,928,0.008448
11,ours-406478,928,0.006424
11,simd-v0,929,0.014000
11,393435,929,0.008412
11,ours-406478,929,0.006431
11,KACTL,929,0.062616
11,393435,930,0.008875
11,ours-406478,930,0.006423
11,KACTL,930,0.062436
11,simd-v0,930,0.014109
11,ours-406478,931,0.006453
11,KACTL,931,0.062704
11,simd-v0,931,0.014183
11,393435,931,0.008483
11,KACTL,932,0.067614
11,simd-v0,932,0.014157
11,393435,932,0.008414
11,ours-406478,932,0.006433
11,simd-v0,933,0.014020
11,393435,933,0.008447
11,ours-406478,933,0.006424
11,KACTL,933,0.062756
11,393435,934,0.008861
11,ours-406478,934,0.006420
11,KACTL,934,0.062474
11,simd-v0,934,0.014172
11,ours-406478,935,0.006434
11,KACTL,935,0.062716
11,simd-v0,935,0.014180
11,393435,935,0.008453
11,KACTL,936,0.144663
11,simd-v0,936,0.014194
11,393435,936,0.008506
11,ours-406478,936,0.006464
11,simd-v0,937,0.013981
11,393435,937,0.008486
11,ours-406478,937,0.006402
11,KACTL,937,0.062774
11,393435,938,0.008848
11,ours-406478,938,0.006439
11,KACTL,938,0.062526
11,simd-v0,938,0.014147
11,ours-406478,939,0.006447
11,KACTL,939,0.062628
11,simd-v0,939,0.014120
11,393435,939,0.008500
11,KACTL,940,0.062431
11,simd-v0,940,0.014158
11,393435,940,0.008456
11,ours-406478,940,0.006422
11,simd-v0,941,0.013991
11,393435,941,0.008472
11,ours-406478,941,0.006410
11,KACTL,941,0.067942
11,393435,942,0.008883
11,ours-406478,942,0.006440
11,KACTL,942,0.062547
11,simd-v0,942,0.014154
11,ours-406478,943,0.006435
11,KACTL,943,0.062698
11,simd-v0,943,0.014143
11,393435,943,0.008490
11,KACTL,944,0.062558
11,simd-v0,944,0.014093
11,393435,944,0.008453
11,ours-406478,944,0.006424
11,simd-v0,945,0.014006
11,393435,945,0.008468
11,ours-406478,945,0.006420
11,KACTL,945,0.063225
11,393435,946,0.008859
11,ours-406478,946,0.006437
11,KACTL,946,0.062754
11,simd-v0,946,0.014208
11,ours-406478,947,0.006433
11,KACTL,947,0.062665
11,simd-v0,947,0.014146
11,393435,947,0.008486
11,KACTL,948,0.085448
11,simd-v0,948,0.016281
11,393435,948,0.010244
11,ours-406478,948,0.008308
11,simd-v0,949,0.016083
11,393435,949,0.010544
11,ours-406478,949,0.009495
11,KACTL,949,0.109794
11,393435,950,0.026022
11,ours-406478,950,0.008030
11,KACTL,950,0.118821
11,simd-v0,950,0.017573
11,ours-406478,951,0.009599
11,KACTL,951,0.116947
11,simd-v0,951,0.017282
11,393435,951,0.011130
11,KACTL,952,0.112468
11,simd-v0,952,0.015951
11,393435,952,0.009525
11,ours-406478,952,0.007868
11,simd-v0,953,0.015416
11,393435,953,0.009564
11,ours-406478,953,0.007709
11,KACTL,953,0.103262
11,393435,954,0.010139
11,ours-406478,954,0.007710
11,KACTL,954,0.091457
11,simd-v0,954,0.014148
11,ours-406478,955,0.006472
11,KACTL,955,0.062706
11,simd-v0,955,0.014160
11,393435,955,0.008504
11,KACTL,956,0.062537
11,simd-v0,956,0.014141
11,393435,956,0.008472
11,ours-406478,956,0.006433
11,simd-v0,957,0.014042
11,393435,957,0.008472
11,ours-406478,957,0.006455
11,KACTL,957,0.062614
11,393435,958,0.008897
11,ours-406478,958,0.006433
11,KACTL,958,0.062962
11,simd-v0,958,0.014159
11,ours-406478,959,0.023523
11,KACTL,959,0.093388
11,simd-v0,959,0.014219
11,393435,959,0.008488
11,KACTL,960,0.062607
11,simd-v0,960,0.014157
11,393435,960,0.008430
11,ours-406478,960,0.006480
11,simd-v0,961,0.014033
11,393435,961,0.008447
11,ours-406478,961,0.006443
11,KACTL,961,0.062710
11,393435,962,0.008844
11,ours-406478,962,0.006415
11,KACTL,962,0.062447
11,simd-v0,962,0.014174
11,ours-406478,963,0.006451
11,KACTL,963,0.081127
11,simd-v0,963,0.016821
11,393435,963,0.010834
11,KACTL,964,0.112862
11,simd-v0,964,0.016918
11,393435,964,0.010920
11,ours-406478,964,0.009581
11,simd-v0,965,0.016849
11,393435,965,0.010772
11,ours-406478,965,0.009725
11,KACTL,965,0.090679
11,393435,966,0.008910
11,ours-406478,966,0.006471
11,KACTL,966,0.062461
11,simd-v0,966,0.014196
11,ours-406478,967,0.006465
11,KACTL,967,0.062627
11,simd-v0,967,0.036539
11,393435,967,0.008485
11,KACTL,968,0.063123
11,simd-v0,968,0.014155
11,393435,968,0.008444
11,ours-406478,968,0.006437
11,simd-v0,969,0.014022
11,393435,969,0.008456
11,ours-406478,969,0.006421
11,KACTL,969,0.062738
11,393435,970,0.008855
11,ours-406478,970,0.006455
11,KACTL,970,0.062688
11,simd-v0,970,0.017905
11,ours-406478,971,0.009167
11,KACTL,971,0.095995
11,simd-v0,971,0.014154
11,393435,971,0.008490
11,KACTL,972,0.062960
11,simd-v0,972,0.014172
11,393435,972,0.008466
11,ours-406478,972,0.006477
11,simd-v0,973,0.014016
11,393435,973,0.008456
11,ours-406478,973,0.006432
11,KACTL,973,0.062621
11,393435,974,0.008857
11,ours-406478,974,0.006443
11,KACTL,974,0.062945
11,simd-v0,974,0.014132
11,ours-406478,975,0.006469
11,KACTL,975,0.062481
11,simd-v0,975,0.014131
11,393435,975,0.008460
11,KACTL,976,0.062563
11,simd-v0,976,0.014177
11,393435,976,0.008428
11,ours-406478,976,0.006435
11,simd-v0,977,0.014060
11,393435,977,0.008416
11,ours-406478,977,0.006432
11,KACTL,977,0.080066
11,393435,978,0.008859
11,ours-406478,978,0.006469
11,KACTL,978,0.063053
11,simd-v0,978,0.014210
11,ours-406478,979,0.006439
11,KACTL,979,0.062540
11,simd-v0,979,0.014145
11,393435,979,0.008452
11,KACTL,980,0.062898
11,simd-v0,980,0.014191
11,393435,980,0.008470
11,ours-406478,980,0.006461
11,simd-v0,981,0.013987
11,393435,981,0.008452
11,ours-406478,981,0.006426
11,KACTL,981,0.062488
11,393435,982,0.008873
11,ours-406478,982,0.006454
11,KACTL,982,0.062450
11,simd-v0,982,0.014176
11,ours-406478,983,0.006423
11,KACTL,983,0.062966
11,simd-v0,983,0.014166
11,393435,983,0.008461
11,KACTL,984,0.062450
11,simd-v0,984,0.014150
11,393435,984,0.008446
11,ours-406478,984,0.006479
11,simd-v0,985,0.013991
11,393435,985,0.008444
11,ours-406478,985,0.006488
11,KACTL,985,0.065206
11,393435,986,0.008859
11,ours-406478,986,0.006462
11,KACTL,986,0.062451
11,simd-v0,986,0.014146
11,ours-406478,987,0.006439
11,KACTL,987,0.062842
11,simd-v0,987,0.014194
11,393435,987,0.008465
11,KACTL,988,0.077459
11,simd-v0,988,0.014202
11,393435,988,0.008486
11,ours-406478,988,0.006460
11,simd-v0,989,0.014037
11,393435,989,0.008456
11,ours-406478,989,0.006448
11,KACTL,989,0.063106
11,393435,990,0.008442
11,ours-406478,990,0.006422
11,KACTL,990,0.062486
11,simd-v0,990,0.013996
11,ours-406478,991,0.006443
11,KACTL,991,0.062661
11,simd-v0,991,0.014075
11,393435,991,0.008452
11,KACTL,992,0.062714
11,simd-v0,992,0.014076
11,393435,992,0.008454
11,ours-406478,992,0.006446
11,simd-v0,993,0.014013
11,393435,993,0.008450
11,ours-406478,993,0.006431
11,KACTL,993,0.063142
11,393435,994,0.008486
11,ours-406478,994,0.006416
11,KACTL,994,0.062420
11,simd-v0,994,0.013983
11,ours-406478,995,0.009857
11,KACTL,995,0.110198
11,simd-v0,995,0.016671
11,393435,995,0.011024
11,KACTL,996,0.086880
11,simd-v0,996,0.014042
11,393435,996,0.008519
11,ours-406478,996,0.006480
11,simd-v0,997,0.014023
11,393435,997,0.008434
11,ours-406478,997,0.006432
11,KACTL,997,0.089356
11,393435,998,0.008532
11,ours-406478,998,0.006459
11,KACTL,998,0.062422
11,simd-v0,998,0.014028
11,ours-406478,999,0.006480
11,KACTL,999,0.062715
11,simd-v0,999,0.014161
11,393435,999,0.008471
11,KACTL,1000,0.062477
11,simd-v0,1000,0.014178
11,393435,1000,0.008465
11,ours-406478,1000,0.006420
12,KACTL,0,0.133266
12,simd-v0,0,0.027744
12,393435,0,0.018405
12,ours-406478,0,0.013895
12,simd-v0,1,0.027538
12,393435,1,0.018297
12,ours-406478,1,0.013800
12,KACTL,1,0.133451
12,393435,2,0.018732
12,ours-406478,2,0.013789
12,KACTL,2,0.133545
12,simd-v0,2,0.027699
12,ours-406478,3,0.013812
12,KACTL,3,0.133315
12,simd-v0,3,0.027643
12,393435,3,0.018289
12,KACTL,4,0.156971
12,simd-v0,4,0.027720
12,393435,4,0.018346
12,ours-406478,4,0.013781
12,simd-v0,5,0.027497
12,393435,5,0.018284
12,ours-406478,5,0.013739
12,KACTL,5,0.134335
12,393435,6,0.018711
12,ours-406478,6,0.013791
12,KACTL,6,0.133142
12,simd-v0,6,0.027678
12,ours-406478,7,0.013810
12,KACTL,7,0.133249
12,simd-v0,7,0.027709
12,393435,7,0.018304
12,KACTL,8,0.133088
12,simd-v0,8,0.027681
12,393435,8,0.018332
12,ours-406478,8,0.013782
12,simd-v0,9,0.027517
12,393435,9,0.018292
12,ours-406478,9,0.013790
12,KACTL,9,0.160660
12,393435,10,0.018705
12,ours-406478,10,0.013828
12,KACTL,10,0.133253
12,simd-v0,10,0.027657
12,ours-406478,11,0.013821
12,KACTL,11,0.133140
12,simd-v0,11,0.027715
12,393435,11,0.018292
12,KACTL,12,0.133193
12,simd-v0,12,0.027711
12,393435,12,0.018308
12,ours-406478,12,0.013781
12,simd-v0,13,0.027518
12,393435,13,0.018328
12,ours-406478,13,0.013823
12,KACTL,13,0.133278
12,393435,14,0.018701
12,ours-406478,14,0.013811
12,KACTL,14,0.146939
12,simd-v0,14,0.027766
12,ours-406478,15,0.013825
12,KACTL,15,0.133283
12,simd-v0,15,0.027633
12,393435,15,0.018328
12,KACTL,16,0.134148
12,simd-v0,16,0.027656
12,393435,16,0.018315
12,ours-406478,16,0.013815
12,simd-v0,17,0.027558
12,393435,17,0.018300
12,ours-406478,17,0.013792
12,KACTL,17,0.134105
12,393435,18,0.018707
12,ours-406478,18,0.013767
12,KACTL,18,0.133260
12,simd-v0,18,0.027687
12,ours-406478,19,0.013785
12,KACTL,19,0.154582
12,simd-v0,19,0.027714
12,393435,19,0.018304
12,KACTL,20,0.133197
12,simd-v0,20,0.027697
12,393435,20,0.018350
12,ours-406478,20,0.013814
12,simd-v0,21,0.027495
12,393435,21,0.018336
12,ours-406478,21,0.013826
12,KACTL,21,0.133321
12,393435,22,0.018682
12,ours-406478,22,0.013816
12,KACTL,22,0.133256
12,simd-v0,22,0.027741
12,ours-406478,23,0.013744
12,KACTL,23,0.134108
12,simd-v0,23,0.027670
12,393435,23,0.018309
12,KACTL,24,0.154761
12,simd-v0,24,0.027750
12,393435,24,0.018323
12,ours-406478,24,0.013804
12,simd-v0,25,0.027552
12,393435,25,0.018318
12,ours-406478,25,0.013784
12,KACTL,25,0.133261
12,393435,26,0.018686
12,ours-406478,26,0.013776
12,KACTL,26,0.133314
12,simd-v0,26,0.027649
12,ours-406478,27,0.013816
12,KACTL,27,0.134333
12,simd-v0,27,0.027682
12,393435,27,0.018350
12,KACTL,28,0.133461
12,simd-v0,28,0.027687
12,393435,28,0.018309
12,ours-406478,28,0.013800
12,simd-v0,29,0.027493
12,393435,29,0.018299
12,ours-406478,29,0.044036
12,KACTL,29,0.133667
12,393435,30,0.018731
12,ours-406478,30,0.013807
12,KACTL,30,0.133450
12,simd-v0,30,0.027677
12,ours-406478,31,0.013846
12,KACTL,31,0.133249
12,simd-v0,31,0.027667
12,393435,31,0.018331
12,KACTL,32,0.134178
12,simd-v0,32,0.027702
12,393435,32,0.018292
12,ours-406478,32,0.013831
12,simd-v0,33,0.027494
12,393435,33,0.018323
12,ours-406478,33,0.013815
12,KACTL,33,0.133208
12,393435,34,0.018685
12,ours-406478,34,0.013831
12,KACTL,34,0.134823
12,simd-v0,34,0.027680
12,ours-406478,35,0.013849
12,KACTL,35,0.133336
12,simd-v0,35,0.027699
12,393435,35,0.018698
12,KACTL,36,0.133788
12,simd-v0,36,0.027685
12,393435,36,0.018309
12,ours-406478,36,0.013813
12,simd-v0,37,0.027462
12,393435,37,0.018331
12,ours-406478,37,0.013769
12,KACTL,37,0.134384
12,393435,38,0.021253
12,ours-406478,38,0.013842
12,KACTL,38,0.133616
12,simd-v0,38,0.027646
12,ours-406478,39,0.013842
12,KACTL,39,0.144375
12,simd-v0,39,0.027683
12,393435,39,0.018312
12,KACTL,40,0.133416
12,simd-v0,40,0.027717
12,393435,40,0.018308
12,ours-406478,40,0.013828
12,simd-v0,41,0.027513
12,393435,41,0.018298
12,ours-406478,41,0.013833
12,KACTL,41,0.133431
12,393435,42,0.018693
12,ours-406478,42,0.013795
12,KACTL,42,0.134341
12,simd-v0,42,0.027682
12,ours-406478,43,0.013796
12,KACTL,43,0.133251
12,simd-v0,43,0.027657
12,393435,43,0.018277
12,KACTL,44,0.144647
12,simd-v0,44,0.027683
12,393435,44,0.018358
12,ours-406478,44,0.013808
12,simd-v0,45,0.027563
12,393435,45,0.018323
12,ours-406478,45,0.013771
12,KACTL,45,0.133319
12,393435,46,0.018691
12,ours-406478,46,0.013798
12,KACTL,46,0.133418
12,simd-v0,46,0.027691
12,ours-406478,47,0.013762
12,KACTL,47,0.133305
12,simd-v0,47,0.027666
12,393435,47,0.018261
12,KACTL,48,0.133313
12,simd-v0,48,0.027712
12,393435,48,0.018326
12,ours-406478,48,0.013781
12,simd-v0,49,0.052319
12,393435,49,0.018327
12,ours-406478,49,0.013815
12,KACTL,49,0.133391
12,393435,50,0.018654
12,ours-406478,50,0.013821
12,KACTL,50,0.133280
12,simd-v0,50,0.027682
12,ours-406478,51,0.013812
12,KACTL,51,0.134405
12,simd-v0,51,0.027580
12,393435,51,0.018302
12,KACTL,52,0.134447
12,simd-v0,52,0.027677
12,393435,52,0.018263
12,ours-406478,52,0.013782
12,simd-v0,53,0.027495
12,393435,53,0.018271
12,ours-406478,53,0.013788
12,KACTL,53,0.133401
12,393435,54,0.030260
12,ours-406478,54,0.013843
12,KACTL,54,0.133459
12,simd-v0,54,0.027695
12,ours-406478,55,0.013791
12,KACTL,55,0.133499
12,simd-v0,55,0.027709
12,393435,55,0.018375
12,KACTL,56,0.134363
12,simd-v0,56,0.027641
12,393435,56,0.018326
12,ours-406478,56,0.013800
12,simd-v0,57,0.027626
12,393435,57,0.018303
12,ours-406478,57,0.013769
12,KACTL,57,0.133388
12,393435,58,0.018713
12,ours-406478,58,0.013745
12,KACTL,58,0.133384
12,simd-v0,58,0.027688
12,ours-406478,59,0.034227
12,KACTL,59,0.133450
12,simd-v0,59,0.027697
12,393435,59,0.018305
12,KACTL,60,0.133380
12,simd-v0,60,0.027674
12,393435,60,0.018314
12,ours-406478,60,0.013831
12,simd-v0,61,0.027532
12,393435,61,0.018318
12,ours-406478,61,0.013820
12,KACTL,61,0.133242
12,393435,62,0.018689
12,ours-406478,62,0.013793
12,KACTL,62,0.133307
12,simd-v0,62,0.027700
12,ours-406478,63,0.013802
12,KACTL,63,0.134044
12,simd-v0,63,0.027681
12,393435,63,0.027524
12,KACTL,64,0.133408
12,simd-v0,64,0.027630
12,393435,64,0.018305
12,ours-406478,64,0.013822
12,simd-v0,65,0.027575
12,393435,65,0.018342
12,ours-406478,65,0.013780
12,KACTL,65,0.133412
12,393435,66,0.018678
12,ours-406478,66,0.013768
12,KACTL,66,0.133243
12,simd-v0,66,0.027669
12,ours-406478,67,0.013804
12,KACTL,67,0.134166
12,simd-v0,67,0.027658
12,393435,67,0.018318
12,KACTL,68,0.133215
12,simd-v0,68,0.027658
12,393435,68,0.018318
12,ours-406478,68,0.030550
12,simd-v0,69,0.027818
12,393435,69,0.018341
12,ours-406478,69,0.013774
12,KACTL,69,0.133401
12,393435,70,0.018669
12,ours-406478,70,0.013831
12,KACTL,70,0.133602
12,simd-v0,70,0.027640
12,ours-406478,71,0.013801
12,KACTL,71,0.134291
12,simd-v0,71,0.027707
12,393435,71,0.018305
12,KACTL,72,0.133831
12,simd-v0,72,0.027672
12,393435,72,0.018326
12,ours-406478,72,0.013803
12,simd-v0,73,0.027559
12,393435,73,0.018346
12,ours-406478,73,0.013824
12,KACTL,73,0.155430
12,393435,74,0.018734
12,ours-406478,74,0.013779
12,KACTL,74,0.134214
12,simd-v0,74,0.027684
12,ours-406478,75,0.013820
12,KACTL,75,0.134346
12,simd-v0,75,0.027675
12,393435,75,0.018378
12,KACTL,76,0.134292
12,simd-v0,76,0.027732
12,393435,76,0.018311
12,ours-406478,76,0.013773
12,simd-v0,77,0.027540
12,393435,77,0.018287
12,ours-406478,77,0.013816
12,KACTL,77,0.134317
12,393435,78,0.018692
12,ours-406478,78,0.013815
12,KACTL,78,0.142650
12,simd-v0,78,0.028767
12,ours-406478,79,0.013828
12,KACTL,79,0.133426
12,simd-v0,79,0.027600
12,393435,79,0.018670
12,KACTL,80,0.133532
12,simd-v0,80,0.027662
12,393435,80,0.018326
12,ours-406478,80,0.013858
12,simd-v0,81,0.027452
12,393435,81,0.018326
12,ours-406478,81,0.013811
12,KACTL,81,0.133366
12,393435,82,0.018655
12,ours-406478,82,0.013818
12,KACTL,82,0.134176
12,simd-v0,82,0.027738
12,ours-406478,83,0.013778
12,KACTL,83,0.133125
12,simd-v0,83,0.047040
12,393435,83,0.018348
12,KACTL,84,0.133492
12,simd-v0,84,0.027629
12,393435,84,0.018298
12,ours-406478,84,0.013805
12,simd-v0,85,0.027511
12,393435,85,0.018303
12,ours-406478,85,0.013799
12,KACTL,85,0.134364
12,393435,86,0.018726
12,ours-406478,86,0.013777
12,KACTL,86,0.133358
12,simd-v0,86,0.027665
12,ours-406478,87,0.013807
12,KACTL,87,0.135230
12,simd-v0,87,0.027813
12,393435,87,0.018313
12,KACTL,88,0.133402
12,simd-v0,88,0.058799
12,393435,88,0.018329
12,ours-406478,88,0.013803
12,simd-v0,89,0.027565
12,393435,89,0.018351
12,ours-406478,89,0.013797
12,KACTL,89,0.133376
12,393435,90,0.018700
12,ours-406478,90,0.013784
12,KACTL,90,0.134169
12,simd-v0,90,0.027636
12,ours-406478,91,0.013738
12,KACTL,91,0.133207
12,simd-v0,91,0.027609
12,393435,91,0.018333
12,KACTL,92,0.133177
12,simd-v0,92,0.027622
12,393435,92,0.018259
12,ours-406478,92,0.013783
12,simd-v0,93,0.027465
12,393435,93,0.018316
12,ours-406478,93,0.013838
12,KACTL,93,0.158875
12,393435,94,0.018734
12,ours-406478,94,0.013801
12,KACTL,94,0.133308
12,simd-v0,94,0.027613
12,ours-406478,95,0.013750
12,KACTL,95,0.133342
12,simd-v0,95,0.027674
12,393435,95,0.018338
12,KACTL,96,0.133428
12,simd-v0,96,0.027676
12,393435,96,0.018284
12,ours-406478,96,0.013823
12,simd-v0,97,0.027490
12,393435,97,0.018246
12,ours-406478,97,0.013827
12,KACTL,97,0.133262
12,393435,98,0.018686
12,ours-406478,98,0.013814
12,KACTL,98,0.150289
12,simd-v0,98,0.027685
12,ours-406478,99,0.013826
12,KACTL,99,0.133475
12,simd-v0,99,0.027638
12,393435,99,0.018344
12,KACTL,100,0.134139
12,simd-v0,100,0.027689
12,393435,100,0.018347
12,ours-406478,100,0.013798
12,simd-v0,101,0.027505
12,393435,101,0.018338
12,ours-406478,101,0.013810
12,KACTL,101,0.133345
12,393435,102,0.018751
12,ours-406478,102,0.013794
12,KACTL,102,0.133190
12,simd-v0,102,0.027679
12,ours-406478,103,0.013794
12,KACTL,103,0.138473
12,simd-v0,103,0.027691
12,393435,103,0.018316
12,KACTL,104,0.133514
12,simd-v0,104,0.027685
12,393435,104,0.018366
12,ours-406478,104,0.013773
12,simd-v0,105,0.027513
12,393435,105,0.018366
12,ours-406478,105,0.013818
12,KACTL,105,0.133437
12,393435,106,0.018689
12,ours-406478,106,0.013806
12,KACTL,106,0.133291
12,simd-v0,106,0.027720
12,ours-406478,107,0.013801
12,KACTL,107,0.134298
12,simd-v0,107,0.027670
12,393435,107,0.018297
12,KACTL,108,0.138360
12,simd-v0,108,0.027732
12,393435,108,0.018309
12,ours-406478,108,0.013807
12,simd-v0,109,0.027488
12,393435,109,0.018320
12,ours-406478,109,0.013777
12,KACTL,109,0.133422
12,393435,110,0.018673
12,ours-406478,110,0.013837
12,KACTL,110,0.133230
12,simd-v0,110,0.027693
12,ours-406478,111,0.013827
12,KACTL,111,0.133352
12,simd-v0,111,0.027659
12,393435,111,0.018308
12,KACTL,112,0.134271
12,simd-v0,112,0.027655
12,393435,112,0.018300
12,ours-406478,112,0.013800
12,simd-v0,113,0.027544
12,393435,113,0.018316
12,ours-406478,113,0.013777
12,KACTL,113,0.138582
12,393435,114,0.018713
12,ours-406478,114,0.013813
12,KACTL,114,0.133255
12,simd-v0,114,0.027645
12,ours-406478,115,0.013774
12,KACTL,115,0.133267
12,simd-v0,115,0.027685
12,393435,115,0.018343
12,KACTL,116,0.133913
12,simd-v0,116,0.027656
12,393435,116,0.018321
12,ours-406478,116,0.013775
12,simd-v0,117,0.027518
12,393435,117,0.018302
12,ours-406478,117,0.013845
12,KACTL,117,0.133145
12,393435,118,0.018629
12,ours-406478,118,0.013785
12,KACTL,118,0.138609
12,simd-v0,118,0.027644
12,ours-406478,119,0.013811
12,KACTL,119,0.133229
12,simd-v0,119,0.027689
12,393435,119,0.018310
12,KACTL,120,0.133312
12,simd-v0,120,0.027656
12,393435,120,0.018339
12,ours-406478,120,0.013820
12,simd-v0,121,0.027552
12,393435,121,0.018302
12,ours-406478,121,0.013800
12,KACTL,121,0.133315
12,393435,122,0.018710
12,ours-406478,122,0.013831
12,KACTL,122,0.133363
12,simd-v0,122,0.027694
12,ours-406478,123,0.013801
12,KACTL,123,0.138475
12,simd-v0,123,0.027729
12,393435,123,0.018329
12,KACTL,124,0.133422
12,simd-v0,124,0.027663
12,393435,124,0.018336
12,ours-406478,124,0.013810
12,simd-v0,125,0.027539
12,393435,125,0.018344
12,ours-406478,125,0.013817
12,KACTL,125,0.133558
12,393435,126,0.018674
12,ours-406478,126,0.013819
12,KACTL,126,0.133276
12,simd-v0,126,0.027690
12,ours-406478,127,0.013792
12,KACTL,127,0.133226
12,simd-v0,127,0.027723
12,393435,127,0.018305
12,KACTL,128,0.138326
12,simd-v0,128,0.027730
12,393435,128,0.018300
12,ours-406478,128,0.013807
12,simd-v0,129,0.027536
12,393435,129,0.018319
12,ours-406478,129,0.013813
12,KACTL,129,0.133556
12,393435,130,0.018652
12,ours-406478,130,0.013827
12,KACTL,130,0.133346
12,simd-v0,130,0.027680
12,ours-406478,131,0.013822
12,KACTL,131,0.134200
12,simd-v0,131,0.027634
12,393435,131,0.018314
12,KACTL,132,0.133467
12,simd-v0,132,0.027687
12,393435,132,0.018313
12,ours-406478,132,0.013777
12,simd-v0,133,0.027530
12,393435,133,0.018307
12,ours-406478,133,0.013780
12,KACTL,133,0.138150
12,393435,134,0.018747
12,ours-406478,134,0.013783
12,KACTL,134,0.133253
12,simd-v0,134,0.027681
12,ours-406478,135,0.013760
12,KACTL,135,0.134274
12,simd-v0,135,0.027654
12,393435,135,0.018378
12,KACTL,136,0.133455
12,simd-v0,136,0.027660
12,393435,136,0.018259
12,ours-406478,136,0.013833
12,simd-v0,137,0.027544
12,393435,137,0.018300
12,ours-406478,137,0.013826
12,KACTL,137,0.135528
12,393435,138,0.018761
12,ours-406478,138,0.013803
12,KACTL,138,0.138226
12,simd-v0,138,0.027690
12,ours-406478,139,0.013819
12,KACTL,139,0.133498
12,simd-v0,139,0.027686
12,393435,139,0.018305
12,KACTL,140,0.133374
12,simd-v0,140,0.027635
12,393435,140,0.018301
12,ours-406478,140,0.013849
12,simd-v0,141,0.027546
12,393435,141,0.018323
12,ours-406478,141,0.013815
12,KACTL,141,0.133330
12,393435,142,0.018683
12,ours-406478,142,0.013785
12,KACTL,142,0.133345
12,simd-v0,142,0.027649
12,ours-406478,143,0.013822
12,KACTL,143,0.138017
12,simd-v0,143,0.027678
12,393435,143,0.018404
12,KACTL,144,0.133849
12,simd-v0,144,0.027656
12,393435,144,0.018296
12,ours-406478,144,0.013853
12,simd-v0,145,0.027528
12,393435,145,0.018279
12,ours-406478,145,0.013824
12,KACTL,145,0.133103
12,393435,146,0.018670
12,ours-406478,146,0.013768
12,KACTL,146,0.133126
12,simd-v0,146,0.027681
12,ours-406478,147,0.013808
12,KACTL,147,0.133104
12,simd-v0,147,0.027636
12,393435,147,0.018317
12,KACTL,148,0.133192
12,simd-v0,148,0.032876
12,393435,148,0.018339
12,ours-406478,148,0.013775
12,simd-v0,149,0.027541
12,393435,149,0.018281
12,ours-406478,149,0.013817
12,KACTL,149,0.133432
12,393435,150,0.018698
12,ours-406478,150,0.013806
12,KACTL,150,0.133312
12,simd-v0,150,0.027673
12,ours-406478,151,0.013799
12,KACTL,151,0.134262
12,simd-v0,151,0.027615
12,393435,151,0.018316
12,KACTL,152,0.133244
12,simd-v0,152,0.027638
12,393435,152,0.018290
12,ours-406478,152,0.013773
12,simd-v0,153,0.027518
12,393435,153,0.018303
12,ours-406478,153,0.013821
12,KACTL,153,0.138345
12,393435,154,0.018722
12,ours-406478,154,0.013812
12,KACTL,154,0.134246
12,simd-v0,154,0.027687
12,ours-406478,155,0.013768
12,KACTL,155,0.133307
12,simd-v0,155,0.027671
12,393435,155,0.018331
12,KACTL,156,0.133403
12,simd-v0,156,0.027672
12,393435,156,0.018293
12,ours-406478,156,0.013793
12,simd-v0,157,0.027536
12,393435,157,0.018321
12,ours-406478,157,0.013782
12,KACTL,157,0.133163
12,393435,158,0.018681
12,ours-406478,158,0.013780
12,KACTL,158,0.138066
12,simd-v0,158,0.027710
12,ours-406478,159,0.013820
12,KACTL,159,0.134241
12,simd-v0,159,0.027620
12,393435,159,0.018382
12,KACTL,160,0.133316
12,simd-v0,160,0.027687
12,393435,160,0.018318
12,ours-406478,160,0.013804
12,simd-v0,161,0.027517
12,393435,161,0.018315
12,ours-406478,161,0.013811
12,KACTL,161,0.133177
12,393435,162,0.018684
12,ours-406478,162,0.013809
12,KACTL,162,0.133779
12,simd-v0,162,0.027714
12,ours-406478,163,0.013761
12,KACTL,163,0.133151
12,simd-v0,163,0.033030
12,393435,163,0.018341
12,KACTL,164,0.133274
12,simd-v0,164,0.027650
12,393435,164,0.018308
12,ours-406478,164,0.013783
12,simd-v0,165,0.027703
12,393435,165,0.018342
12,ours-406478,165,0.013832
12,KACTL,165,0.133441
12,393435,166,0.018677
12,ours-406478,166,0.013821
12,KACTL,166,0.133305
12,simd-v0,166,0.027703
12,ours-406478,167,0.013780
12,KACTL,167,0.133184
12,simd-v0,167,0.027656
12,393435,167,0.018310
12,KACTL,168,0.133311
12,simd-v0,168,0.027705
12,393435,168,0.024868
12,ours-406478,168,0.013833
12,simd-v0,169,0.027547
12,393435,169,0.018330
12,ours-406478,169,0.013783
12,KACTL,169,0.133358
12,393435,170,0.018655
12,ours-406478,170,0.013825
12,KACTL,170,0.134197
12,simd-v0,170,0.027687
12,ours-406478,171,0.013789
12,KACTL,171,0.134305
12,simd-v0,171,0.027655
12,393435,171,0.018314
12,KACTL,172,0.134207
12,simd-v0,172,0.027643
12,393435,172,0.018327
12,ours-406478,172,0.013828
12,simd-v0,173,0.027503
12,393435,173,0.018337
12,ours-406478,173,0.013803
12,KACTL,173,0.138281
12,393435,174,0.018719
12,ours-406478,174,0.013849
12,KACTL,174,0.133332
12,simd-v0,174,0.027705
12,ours-406478,175,0.013764
12,KACTL,175,0.134227
12,simd-v0,175,0.027656
12,393435,175,0.018309
12,KACTL,176,0.133230
12,simd-v0,176,0.027720
12,393435,176,0.018346
12,ours-406478,176,0.013812
12,simd-v0,177,0.027505
12,393435,177,0.018296
12,ours-406478,177,0.013789
12,KACTL,177,0.134206
12,393435,178,0.018640
12,ours-406478,178,0.013818
12,KACTL,178,0.134184
12,simd-v0,178,0.032854
12,ours-406478,179,0.013821
12,KACTL,179,0.133354
12,simd-v0,179,0.027641
12,393435,179,0.018292
12,KACTL,180,0.133476
12,simd-v0,180,0.027582
12,393435,180,0.018337
12,ours-406478,180,0.013847
12,simd-v0,181,0.027493
12,393435,181,0.018272
12,ours-406478,181,0.013811
12,KACTL,181,0.133197
12,393435,182,0.018673
12,ours-406478,182,0.013786
12,KACTL,182,0.133254
12,simd-v0,182,0.027644
12,ours-406478,183,0.013809
12,KACTL,183,0.133278
12,simd-v0,183,0.027683
12,393435,183,0.018703
12,KACTL,184,0.133543
12,simd-v0,184,0.027674
12,393435,184,0.018304
12,ours-406478,184,0.013812
12,simd-v0,185,0.027505
12,393435,185,0.018293
12,ours-406478,185,0.013831
12,KACTL,185,0.133260
12,393435,186,0.018667
12,ours-406478,186,0.013788
12,KACTL,186,0.133141
12,simd-v0,186,0.027633
12,ours-406478,187,0.013809
12,KACTL,187,0.133268
12,simd-v0,187,0.029675
12,393435,187,0.018350
12,KACTL,188,0.134478
12,simd-v0,188,0.027653
12,393435,188,0.023559
12,ours-406478,188,0.013804
12,simd-v0,189,0.027524
12,393435,189,0.018300
12,ours-406478,189,0.013845
12,KACTL,189,0.134450
12,393435,190,0.018683
12,ours-406478,190,0.013827
12,KACTL,190,0.133367
12,simd-v0,190,0.027623
12,ours-406478,191,0.013813
12,KACTL,191,0.134110
12,simd-v0,191,0.027624
12,393435,191,0.018314
12,KACTL,192,0.133279
12,simd-v0,192,0.027667
12,393435,192,0.018275
12,ours-406478,192,0.013807
12,simd-v0,193,0.027524
12,393435,193,0.018303
12,ours-406478,193,0.013820
12,KACTL,193,0.138081
12,393435,194,0.018738
12,ours-406478,194,0.013811
12,KACTL,194,0.133264
12,simd-v0,194,0.027674
12,ours-406478,195,0.013748
12,KACTL,195,0.133349
12,simd-v0,195,0.027651
12,393435,195,0.018333
12,KACTL,196,0.133479
12,simd-v0,196,0.027636
12,393435,196,0.018352
12,ours-406478,196,0.013846
12,simd-v0,197,0.027492
12,393435,197,0.018332
12,ours-406478,197,0.013800
12,KACTL,197,0.133304
12,393435,198,0.018677
12,ours-406478,198,0.013835
12,KACTL,198,0.133376
12,simd-v0,198,0.032894
12,ours-406478,199,0.013816
12,KACTL,199,0.133642
12,simd-v0,199,0.027712
12,393435,199,0.018322
12,KACTL,200,0.133252
12,simd-v0,200,0.027646
12,393435,200,0.018337
12,ours-406478,200,0.013814
12,simd-v0,201,0.027517
12,393435,201,0.018343
12,ours-406478,201,0.013774
12,KACTL,201,0.134070
12,393435,202,0.018682
12,ours-406478,202,0.013777
12,KACTL,202,0.133284
12,simd-v0,202,0.027682
12,ours-406478,203,0.013817
12,KACTL,203,0.134118
12,simd-v0,203,0.027658
12,393435,203,0.023637
12,KACTL,204,0.133938
12,simd-v0,204,0.027669
12,393435,204,0.018339
12,ours-406478,204,0.013787
12,simd-v0,205,0.027521
12,393435,205,0.018329
12,ours-406478,205,0.013779
12,KACTL,205,0.133280
12,393435,206,0.018690
12,ours-406478,206,0.013802
12,KACTL,206,0.133143
12,simd-v0,206,0.027697
12,ours-406478,207,0.013778
12,KACTL,207,0.133394
12,simd-v0,207,0.027717
12,393435,207,0.018300
12,KACTL,208,0.133319
12,simd-v0,208,0.027628
12,393435,208,0.018318
12,ours-406478,208,0.013770
12,simd-v0,209,0.027621
12,393435,209,0.018333
12,ours-406478,209,0.013834
12,KACTL,209,0.133333
12,393435,210,0.018673
12,ours-406478,210,0.013818
12,KACTL,210,0.133355
12,simd-v0,210,0.027645
12,ours-406478,211,0.013766
12,KACTL,211,0.133309
12,simd-v0,211,0.027703
12,393435,211,0.018309
12,KACTL,212,0.133331
12,simd-v0,212,0.027671
12,393435,212,0.018365
12,ours-406478,212,0.013778
12,simd-v0,213,0.027543
12,393435,213,0.018301
12,ours-406478,213,0.013813
12,KACTL,213,0.134394
12,393435,214,0.024014
12,ours-406478,214,0.013815
12,KACTL,214,0.133485
12,simd-v0,214,0.027663
12,ours-406478,215,0.013772
12,KACTL,215,0.134295
12,simd-v0,215,0.027640
12,393435,215,0.018272
12,KACTL,216,0.133065
12,simd-v0,216,0.027706
12,393435,216,0.018329
12,ours-406478,216,0.013781
12,simd-v0,217,0.027562
12,393435,217,0.018331
12,ours-406478,217,0.013799
12,KACTL,217,0.133185
12,393435,218,0.018631
12,ours-406478,218,0.013799
12,KACTL,218,0.133234
12,simd-v0,218,0.027715
12,ours-406478,219,0.018762
12,KACTL,219,0.133201
12,simd-v0,219,0.027729
12,393435,219,0.018341
12,KACTL,220,0.133304
12,simd-v0,220,0.027654
12,393435,220,0.018274
12,ours-406478,220,0.013805
12,simd-v0,221,0.027526
12,393435,221,0.018294
12,ours-406478,221,0.013814
12,KACTL,221,0.133333
12,393435,222,0.018658
12,ours-406478,222,0.013786
12,KACTL,222,0.134308
12,simd-v0,222,0.027739
12,ours-406478,223,0.013804
12,KACTL,223,0.134328
12,simd-v0,223,0.027623
12,393435,223,0.018288
12,KACTL,224,0.139137
12,simd-v0,224,0.027687
12,393435,224,0.018314
12,ours-406478,224,0.013841
12,simd-v0,225,0.027464
12,393435,225,0.018327
12,ours-406478,225,0.013860
12,KACTL,225,0.133282
12,393435,226,0.018687
12,ours-406478,226,0.013814
12,KACTL,226,0.133289
12,simd-v0,226,0.027696
12,ours-406478,227,0.013785
12,KACTL,227,0.134426
12,simd-v0,227,0.027694
12,393435,227,0.018289
12,KACTL,228,0.133324
12,simd-v0,228,0.027666
12,393435,228,0.018324
12,ours-406478,228,0.013791
12,simd-v0,229,0.032822
12,393435,229,0.018364
12,ours-406478,229,0.013790
12,KACTL,229,0.133481
12,393435,230,0.018676
12,ours-406478,230,0.013801
12,KACTL,230,0.151768
12,simd-v0,230,0.031898
12,ours-406478,231,0.014527
12,KACTL,231,0.171736
12,simd-v0,231,0.030374
12,393435,231,0.019583
12,KACTL,232,0.158655
12,simd-v0,232,0.027710
12,393435,232,0.018301
12,ours-406478,232,0.013835
12,simd-v0,233,0.027528
12,393435,233,0.018326
12,ours-406478,233,0.013821
12,KACTL,233,0.138583
12,393435,234,0.018739
12,ours-406478,234,0.013787
12,KACTL,234,0.133304
12,simd-v0,234,0.027658
12,ours-406478,235,0.013787
12,KACTL,235,0.134062
12,simd-v0,235,0.027638
12,393435,235,0.018343
12,KACTL,236,0.134154
12,simd-v0,236,0.027673
12,393435,236,0.018283
12,ours-406478,236,0.013781
12,simd-v0,237,0.027586
12,393435,237,0.018316
12,ours-406478,237,0.013787
12,KACTL,237,0.135847
12,393435,238,0.018784
12,ours-406478,238,0.013820
12,KACTL,238,0.138344
12,simd-v0,238,0.027736
12,ours-406478,239,0.013820
12,KACTL,239,0.134224
12,simd-v0,239,0.027729
12,393435,239,0.018350
12,KACTL,240,0.133335
12,simd-v0,240,0.027693
12,393435,240,0.018360
12,ours-406478,240,0.013795
12,simd-v0,241,0.027512
12,393435,241,0.018350
12,ours-406478,241,0.013776
12,KACTL,241,0.133319
12,393435,242,0.018743
12,ours-406478,242,0.013792
12,KACTL,242,0.133311
12,simd-v0,242,0.027681
12,ours-406478,243,0.013793
12,KACTL,243,0.139225
12,simd-v0,243,0.027714
12,393435,243,0.018324
12,KACTL,244,0.134265
12,simd-v0,244,0.027666
12,393435,244,0.018330
12,ours-406478,244,0.013798
12,simd-v0,245,0.027544
12,393435,245,0.018339
12,ours-406478,245,0.013787
12,KACTL,245,0.134530
12,393435,246,0.018655
12,ours-406478,246,0.013846
12,KACTL,246,0.133556
12,simd-v0,246,0.027669
12,ours-406478,247,0.013755
12,KACTL,247,0.134332
12,simd-v0,247,0.027659
12,393435,247,0.018324
12,KACTL,248,0.138101
12,simd-v0,248,0.027627
12,393435,248,0.018364
12,ours-406478,248,0.013803
12,simd-v0,249,0.027507
12,393435,249,0.018323
12,ours-406478,249,0.014160
12,KACTL,249,0.133415
12,393435,250,0.018700
12,ours-406478,250,0.013838
12,KACTL,250,0.133315
12,simd-v0,250,0.027703
12,ours-406478,251,0.013787
12,KACTL,251,0.133334
12,simd-v0,251,0.027629
12,393435,251,0.018337
12,KACTL,252,0.133392
12,simd-v0,252,0.027636
12,393435,252,0.018330
12,ours-406478,252,0.013799
12,simd-v0,253,0.027497
12,393435,253,0.018319
12,ours-406478,253,0.013821
12,KACTL,253,0.138451
12,393435,254,0.018701
12,ours-406478,254,0.013808
12,KACTL,254,0.133826
12,simd-v0,254,0.027654
12,ours-406478,255,0.013771
12,KACTL,255,0.134309
12,simd-v0,255,0.027662
12,393435,255,0.018355
12,KACTL,256,0.133453
12,simd-v0,256,0.027677
12,393435,256,0.018266
12,ours-406478,256,0.013803
12,simd-v0,257,0.027512
12,393435,257,0.018342
12,ours-406478,257,0.013802
12,KACTL,257,0.134819
12,393435,258,0.018710
12,ours-406478,258,0.013779
12,KACTL,258,0.152593
12,simd-v0,258,0.027734
12,ours-406478,259,0.013788
12,KACTL,259,0.133230
12,simd-v0,259,0.027651
12,393435,259,0.018302
12,KACTL,260,0.134153
12,simd-v0,260,0.027708
12,393435,260,0.018327
12,ours-406478,260,0.013806
12,simd-v0,261,0.027468
12,393435,261,0.018351
12,ours-406478,261,0.013804
12,KACTL,261,0.133254
12,393435,262,0.018669
12,ours-406478,262,0.013789
12,KACTL,262,0.133524
12,simd-v0,262,0.027686
12,ours-406478,263,0.013810
12,KACTL,263,0.138239
12,simd-v0,263,0.027644
12,393435,263,0.018346
12,KACTL,264,0.133320
12,simd-v0,264,0.027615
12,393435,264,0.018341
12,ours-406478,264,0.013785
12,simd-v0,265,0.027496
12,393435,265,0.018356
12,ours-406478,265,0.013767
12,KACTL,265,0.133244
12,393435,266,0.018681
12,ours-406478,266,0.013801
12,KACTL,266,0.133244
12,simd-v0,266,0.027720
12,ours-406478,267,0.013773
12,KACTL,267,0.133218
12,simd-v0,267,0.027626
12,393435,267,0.018285
12,KACTL,268,0.138188
12,simd-v0,268,0.027651
12,393435,268,0.018333
12,ours-406478,268,0.013798
12,simd-v0,269,0.027466
12,393435,269,0.018341
12,ours-406478,269,0.013783
12,KACTL,269,0.133266
12,393435,270,0.018643
12,ours-406478,270,0.013869
12,KACTL,270,0.134330
12,simd-v0,270,0.027626
12,ours-406478,271,0.013831
12,KACTL,271,0.133265
12,simd-v0,271,0.027641
12,393435,271,0.018362
12,KACTL,272,0.133388
12,simd-v0,272,0.027670
12,393435,272,0.018338
12,ours-406478,272,0.013788
12,simd-v0,273,0.027487
12,393435,273,0.018332
12,ours-406478,273,0.013800
12,KACTL,273,0.138358
12,393435,274,0.018687
12,ours-406478,274,0.013816
12,KACTL,274,0.133469
12,simd-v0,274,0.027677
12,ours-406478,275,0.013756
12,KACTL,275,0.133316
12,simd-v0,275,0.027697
12,393435,275,0.018302
12,KACTL,276,0.133320
12,simd-v0,276,0.027570
12,393435,276,0.018340
12,ours-406478,276,0.013768
12,simd-v0,277,0.027515
12,393435,277,0.018366
12,ours-406478,277,0.013764
12,KACTL,277,0.133317
12,393435,278,0.018673
12,ours-406478,278,0.013785
12,KACTL,278,0.138226
12,simd-v0,278,0.027630
12,ours-406478,279,0.013797
12,KACTL,279,0.133317
12,simd-v0,279,0.027688
12,393435,279,0.018473
12,KACTL,280,0.134305
12,simd-v0,280,0.027646
12,393435,280,0.018306
12,ours-406478,280,0.013815
12,simd-v0,281,0.027525
12,393435,281,0.018352
12,ours-406478,281,0.013838
12,KACTL,281,0.133388
12,393435,282,0.018711
12,ours-406478,282,0.013815
12,KACTL,282,0.133450
12,simd-v0,282,0.027701
12,ours-406478,283,0.013770
12,KACTL,283,0.138073
12,simd-v0,283,0.027657
12,393435,283,0.018296
12,KACTL,284,0.134372
12,simd-v0,284,0.027678
12,393435,284,0.018340
12,ours-406478,284,0.013834
12,simd-v0,285,0.027543
12,393435,285,0.018279
12,ours-406478,285,0.013792
12,KACTL,285,0.133280
12,393435,286,0.018625
12,ours-406478,286,0.013794
12,KACTL,286,0.133326
12,simd-v0,286,0.027657
12,ours-406478,287,0.013787
12,KACTL,287,0.134998
12,simd-v0,287,0.027730
12,393435,287,0.018322
12,KACTL,288,0.133360
12,simd-v0,288,0.033070
12,393435,288,0.018349
12,ours-406478,288,0.013849
12,simd-v0,289,0.027478
12,393435,289,0.018340
12,ours-406478,289,0.013791
12,KACTL,289,0.133482
12,393435,290,0.018684
12,ours-406478,290,0.013794
12,KACTL,290,0.133335
12,simd-v0,290,0.029677
12,ours-406478,291,0.018134
12,KACTL,291,0.216028
12,simd-v0,291,0.027812
12,393435,291,0.018903
12,KACTL,292,0.133611
12,simd-v0,292,0.027656
12,393435,292,0.018367
12,ours-406478,292,0.013974
12,simd-v0,293,0.027462
12,393435,293,0.018368
12,ours-406478,293,0.020702
12,KACTL,293,0.133327
12,393435,294,0.018712
12,ours-406478,294,0.013796
12,KACTL,294,0.134194
12,simd-v0,294,0.027664
12,ours-406478,295,0.013832
12,KACTL,295,0.133498
12,simd-v0,295,0.027703
12,393435,295,0.018369
12,KACTL,296,0.133482
12,simd-v0,296,0.027691
12,393435,296,0.018366
12,ours-406478,296,0.013865
12,simd-v0,297,0.027537
12,393435,297,0.018322
12,ours-406478,297,0.013811
12,KACTL,297,0.134249
12,393435,298,0.018725
12,ours-406478,298,0.013801
12,KACTL,298,0.139026
12,simd-v0,298,0.027707
12,ours-406478,299,0.013809
12,KACTL,299,0.134155
12,simd-v0,299,0.027652
12,393435,299,0.018351
12,KACTL,300,0.133390
12,simd-v0,300,0.027588
12,393435,300,0.018363
12,ours-406478,300,0.013780
12,simd-v0,301,0.027457
12,393435,301,0.018320
12,ours-406478,301,0.013815
12,KACTL,301,0.133351
12,393435,302,0.018693
12,ours-406478,302,0.013790
12,KACTL,302,0.133544
12,simd-v0,302,0.027688
12,ours-406478,303,0.013778
12,KACTL,303,0.139104
12,simd-v0,303,0.027769
12,393435,303,0.018357
12,KACTL,304,0.133399
12,simd-v0,304,0.027629
12,393435,304,0.018345
12,ours-406478,304,0.013809
12,simd-v0,305,0.027559
12,393435,305,0.018361
12,ours-406478,305,0.013761
12,KACTL,305,0.133283
12,393435,306,0.026354
12,ours-406478,306,0.021075
12,KACTL,306,0.143488
12,simd-v0,306,0.027667
12,ours-406478,307,0.013837
12,KACTL,307,0.134169
12,simd-v0,307,0.027709
12,393435,307,0.018321
12,KACTL,308,0.139063
12,simd-v0,308,0.027750
12,393435,308,0.018340
12,ours-406478,308,0.013812
12,simd-v0,309,0.027511
12,393435,309,0.018328
12,ours-406478,309,0.013814
12,KACTL,309,0.133235
12,393435,310,0.018672
12,ours-406478,310,0.013784
12,KACTL,310,0.133487
12,simd-v0,310,0.027706
12,ours-406478,311,0.013815
12,KACTL,311,0.133357
12,simd-v0,311,0.027656
12,393435,311,0.018320
12,KACTL,312,0.133375
12,simd-v0,312,0.027682
12,393435,312,0.018349
12,ours-406478,312,0.013820
12,simd-v0,313,0.027503
12,393435,313,0.023655
12,ours-406478,313,0.013812
12,KACTL,313,0.133357
12,393435,314,0.018704
12,ours-406478,314,0.013802
12,KACTL,314,0.133574
12,simd-v0,314,0.027652
12,ours-406478,315,0.013774
12,KACTL,315,0.133185
12,simd-v0,315,0.027658
12,393435,315,0.018306
12,KACTL,316,0.133338
12,simd-v0,316,0.027717
12,393435,316,0.018342
12,ours-406478,316,0.013808
12,simd-v0,317,0.027582
12,393435,317,0.018333
12,ours-406478,317,0.013813
12,KACTL,317,0.133332
12,393435,318,0.018710
12,ours-406478,318,0.013788
12,KACTL,318,0.138373
12,simd-v0,318,0.027743
12,ours-406478,319,0.013799
12,KACTL,319,0.133358
12,simd-v0,319,0.027701
12,393435,319,0.018332
12,KACTL,320,0.133506
12,simd-v0,320,0.027684
12,393435,320,0.018345
12,ours-406478,320,0.013775
12,simd-v0,321,0.027568
12,393435,321,0.018313
12,ours-406478,321,0.013777
12,KACTL,321,0.133373
12,393435,322,0.018715
12,ours-406478,322,0.013799
12,KACTL,322,0.133552
12,simd-v0,322,0.027655
12,ours-406478,323,0.013791
12,KACTL,323,0.138345
12,simd-v0,323,0.027696
12,393435,323,0.018352
12,KACTL,324,0.133325
12,simd-v0,324,0.027656
12,393435,324,0.018372
12,ours-406478,324,0.013830
12,simd-v0,325,0.027537
12,393435,325,0.018391
12,ours-406478,325,0.013811
12,KACTL,325,0.133422
12,393435,326,0.018663
12,ours-406478,326,0.013807
12,KACTL,326,0.133459
12,simd-v0,326,0.027651
12,ours-406478,327,0.013774
12,KACTL,327,0.133325
12,simd-v0,327,0.027658
12,393435,327,0.018333
12,KACTL,328,0.138873
12,simd-v0,328,0.027646
12,393435,328,0.018341
12,ours-406478,328,0.013808
12,simd-v0,329,0.027497
12,393435,329,0.018329
12,ours-406478,329,0.013767
12,KACTL,329,0.133376
12,393435,330,0.018683
12,ours-406478,330,0.013791
12,KACTL,330,0.133294
12,simd-v0,330,0.027627
12,ours-406478,331,0.013791
12,KACTL,331,0.133422
12,simd-v0,331,0.027694
12,393435,331,0.018326
12,KACTL,332,0.133364
12,simd-v0,332,0.027656
12,393435,332,0.018308
12,ours-406478,332,0.013822
12,simd-v0,333,0.027508
12,393435,333,0.018315
12,ours-406478,333,0.013785
12,KACTL,333,0.138481
12,393435,334,0.018666
12,ours-406478,334,0.013858
12,KACTL,334,0.134265
12,simd-v0,334,0.027707
12,ours-406478,335,0.013783
12,KACTL,335,0.133353
12,simd-v0,335,0.027633
12,393435,335,0.018278
12,KACTL,336,0.133408
12,simd-v0,336,0.027701
12,393435,336,0.018373
12,ours-406478,336,0.013835
12,simd-v0,337,0.027527
12,393435,337,0.018342
12,ours-406478,337,0.016082
12,KACTL,337,0.133444
12,393435,338,0.018696
12,ours-406478,338,0.013828
12,KACTL,338,0.195622
12,simd-v0,338,0.035626
12,ours-406478,339,0.020610
12,KACTL,339,0.210076
12,simd-v0,339,0.027876
12,393435,339,0.018712
12,KACTL,340,0.133516
12,simd-v0,340,0.027621
12,393435,340,0.018366
12,ours-406478,340,0.013847
12,simd-v0,341,0.027560
12,393435,341,0.018344
12,ours-406478,341,0.013794
12,KACTL,341,0.133380
12,393435,342,0.018688
12,ours-406478,342,0.013788
12,KACTL,342,0.158664
12,simd-v0,342,0.027684
12,ours-406478,343,0.013808
12,KACTL,343,0.133253
12,simd-v0,343,0.027659
12,393435,343,0.018361
12,KACTL,344,0.133207
12,simd-v0,344,0.027673
12,393435,344,0.018339
12,ours-406478,344,0.013802
12,simd-v0,345,0.027494
12,393435,345,0.018330
12,ours-406478,345,0.013752
12,KACTL,345,0.133162
12,393435,346,0.018697
12,ours-406478,346,0.013788
12,KACTL,346,0.133143
12,simd-v0,346,0.027654
12,ours-406478,347,0.013812
12,KACTL,347,0.143544
12,simd-v0,347,0.027698
12,393435,347,0.018299
12,KACTL,348,0.133386
12,simd-v0,348,0.027655
12,393435,348,0.018299
12,ours-406478,348,0.013771
12,simd-v0,349,0.027536
12,393435,349,0.018366
12,ours-406478,349,0.013785
12,KACTL,349,0.134166
12,393435,350,0.018665
12,ours-406478,350,0.013797
12,KACTL,350,0.133224
12,simd-v0,350,0.027620
12,ours-406478,351,0.013767
12,KACTL,351,0.133252
12,simd-v0,351,0.027627
12,393435,351,0.018350
12,KACTL,352,0.149324
12,simd-v0,352,0.027698
12,393435,352,0.018360
12,ours-406478,352,0.013815
12,simd-v0,353,0.027573
12,393435,353,0.018295
12,ours-406478,353,0.013811
12,KACTL,353,0.133162
12,393435,354,0.018728
12,ours-406478,354,0.013783
12,KACTL,354,0.133328
12,simd-v0,354,0.027662
12,ours-406478,355,0.013778
12,KACTL,355,0.133192
12,simd-v0,355,0.027695
12,393435,355,0.018333
12,KACTL,356,0.133264
12,simd-v0,356,0.027696
12,393435,356,0.018303
12,ours-406478,356,0.013787
12,simd-v0,357,0.027457
12,393435,357,0.018307
12,ours-406478,357,0.013830
12,KACTL,357,0.143889
12,393435,358,0.018753
12,ours-406478,358,0.013799
12,KACTL,358,0.133326
12,simd-v0,358,0.027706
12,ours-406478,359,0.013805
12,KACTL,359,0.133082
12,simd-v0,359,0.027649
12,393435,359,0.018314
12,KACTL,360,0.133214
12,simd-v0,360,0.027635
12,393435,360,0.018298
12,ours-406478,360,0.013856
12,simd-v0,361,0.027477
12,393435,361,0.018340
12,ours-406478,361,0.013845
12,KACTL,361,0.133358
12,393435,362,0.018712
12,ours-406478,362,0.013802
12,KACTL,362,0.159850
12,simd-v0,362,0.027671
12,ours-406478,363,0.013836
12,KACTL,363,0.133106
12,simd-v0,363,0.027702
12,393435,363,0.018361
12,KACTL,364,0.133138
12,simd-v0,364,0.027666
12,393435,364,0.018312
12,ours-406478,364,0.013819
12,simd-v0,365,0.027527
12,393435,365,0.018297
12,ours-406478,365,0.013813
12,KACTL,365,0.134136
12,393435,366,0.018664
12,ours-406478,366,0.013780
12,KACTL,366,0.133983
12,simd-v0,366,0.027633
12,ours-406478,367,0.013844
12,KACTL,367,0.145081
12,simd-v0,367,0.027687
12,393435,367,0.018358
12,KACTL,368,0.133344
12,simd-v0,368,0.027735
12,393435,368,0.018309
12,ours-406478,368,0.013804
12,simd-v0,369,0.039359
12,393435,369,0.021517
12,ours-406478,369,0.013825
12,KACTL,369,0.133454
12,393435,370,0.018658
12,ours-406478,370,0.013815
12,KACTL,370,0.133309
12,simd-v0,370,0.027695
12,ours-406478,371,0.013813
12,KACTL,371,0.133142
12,simd-v0,371,0.027674
12,393435,371,0.018374
12,KACTL,372,0.154174
12,simd-v0,372,0.027739
12,393435,372,0.018332
12,ours-406478,372,0.013813
12,simd-v0,373,0.027548
12,393435,373,0.018291
12,ours-406478,373,0.013781
12,KACTL,373,0.133168
12,393435,374,0.018696
12,ours-406478,374,0.013805
12,KACTL,374,0.133352
12,simd-v0,374,0.027612
12,ours-406478,375,0.013769
12,KACTL,375,0.133271
12,simd-v0,375,0.027699
12,393435,375,0.018351
12,KACTL,376,0.133255
12,simd-v0,376,0.027617
12,393435,376,0.018342
12,ours-406478,376,0.013806
12,simd-v0,377,0.027518
12,393435,377,0.026470
12,ours-406478,377,0.014923
12,KACTL,377,0.133343
12,393435,378,0.018726
12,ours-406478,378,0.013791
12,KACTL,378,0.135502
12,simd-v0,378,0.032644
12,ours-406478,379,0.020644
12,KACTL,379,0.185678
12,simd-v0,379,0.027710
12,393435,379,0.018543
12,KACTL,380,0.133227
12,simd-v0,380,0.027629
12,393435,380,0.018347
12,ours-406478,380,0.013832
12,simd-v0,381,0.027505
12,393435,381,0.018343
12,ours-406478,381,0.013778
12,KACTL,381,0.157977
12,393435,382,0.018749
12,ours-406478,382,0.013843
12,KACTL,382,0.133599
12,simd-v0,382,0.027629
12,ours-406478,383,0.013786
12,KACTL,383,0.133542
12,simd-v0,383,0.027675
12,393435,383,0.018299
12,KACTL,384,0.134564
12,simd-v0,384,0.027678
12,393435,384,0.018350
12,ours-406478,384,0.013804
12,simd-v0,385,0.027519
12,393435,385,0.018297
12,ours-406478,385,0.013800
12,KACTL,385,0.136131
12,393435,386,0.018693
12,ours-406478,386,0.013789
12,KACTL,386,0.155766
12,simd-v0,386,0.027702
12,ours-406478,387,0.013804
12,KACTL,387,0.133401
12,simd-v0,387,0.027687
12,393435,387,0.018310
12,KACTL,388,0.134293
12,simd-v0,388,0.027630
12,393435,388,0.018320
12,ours-406478,388,0.013775
12,simd-v0,389,0.027522
12,393435,389,0.018309
12,ours-406478,389,0.013760
12,KACTL,389,0.133285
12,393435,390,0.018700
12,ours-406478,390,0.013824
12,KACTL,390,0.133367
12,simd-v0,390,0.027652
12,ours-406478,391,0.013770
12,KACTL,391,0.142396
12,simd-v0,391,0.027927
12,393435,391,0.018352
12,KACTL,392,0.133463
12,simd-v0,392,0.027638
12,393435,392,0.018384
12,ours-406478,392,0.013773
12,simd-v0,393,0.027557
12,393435,393,0.018324
12,ours-406478,393,0.013787
12,KACTL,393,0.133269
12,393435,394,0.018707
12,ours-406478,394,0.013785
12,KACTL,394,0.133498
12,simd-v0,394,0.027624
12,ours-406478,395,0.013789
12,KACTL,395,0.133192
12,simd-v0,395,0.027772
12,393435,395,0.018346
12,KACTL,396,0.133402
12,simd-v0,396,0.042076
12,393435,396,0.018343
12,ours-406478,396,0.013840
12,simd-v0,397,0.027564
12,393435,397,0.018326
12,ours-406478,397,0.013779
12,KACTL,397,0.134140
12,393435,398,0.018772
12,ours-406478,398,0.013833
12,KACTL,398,0.133259
12,simd-v0,398,0.027692
12,ours-406478,399,0.013822
12,KACTL,399,0.133241
12,simd-v0,399,0.027681
12,393435,399,0.018365
12,KACTL,400,0.133916
12,simd-v0,400,0.027659
12,393435,400,0.018327
12,ours-406478,400,0.013811
12,simd-v0,401,0.027555
12,393435,401,0.018306
12,ours-406478,401,0.013820
12,KACTL,401,0.154870
12,393435,402,0.018774
12,ours-406478,402,0.013816
12,KACTL,402,0.133444
12,simd-v0,402,0.027672
12,ours-406478,403,0.013804
12,KACTL,403,0.133216
12,simd-v0,403,0.027672
12,393435,403,0.018311
12,KACTL,404,0.133365
12,simd-v0,404,0.027671
12,393435,404,0.018346
12,ours-406478,404,0.013809
12,simd-v0,405,0.027525
12,393435,405,0.018305
12,ours-406478,405,0.013826
12,KACTL,405,0.133219
12,393435,406,0.018654
12,ours-406478,406,0.013814
12,KACTL,406,0.156598
12,simd-v0,406,0.027726
12,ours-406478,407,0.013814
12,KACTL,407,0.133215
12,simd-v0,407,0.027718
12,393435,407,0.018328
12,KACTL,408,0.133344
12,simd-v0,408,0.027702
12,393435,408,0.018343
12,ours-406478,408,0.013792
12,simd-v0,409,0.027498
12,393435,409,0.018337
12,ours-406478,409,0.013772
12,KACTL,409,0.133295
12,393435,410,0.018678
12,ours-406478,410,0.013834
12,KACTL,410,0.133299
12,simd-v0,410,0.027693
12,ours-406478,411,0.013825
12,KACTL,411,0.153608
12,simd-v0,411,0.027733
12,393435,411,0.018345
12,KACTL,412,0.133328
12,simd-v0,412,0.027673
12,393435,412,0.018339
12,ours-406478,412,0.013805
12,simd-v0,413,0.027541
12,393435,413,0.018277
12,ours-406478,413,0.013820
12,KACTL,413,0.134125
12,393435,414,0.018698
12,ours-406478,414,0.013818
12,KACTL,414,0.133199
12,simd-v0,414,0.027709
12,ours-406478,415,0.013801
12,KACTL,415,0.133141
12,simd-v0,415,0.027689
12,393435,415,0.018302
12,KACTL,416,0.153851
12,simd-v0,416,0.027637
12,393435,416,0.018310
12,ours-406478,416,0.013833
12,simd-v0,417,0.027508
12,393435,417,0.018322
12,ours-406478,417,0.013816
12,KACTL,417,0.133190
12,393435,418,0.018693
12,ours-406478,418,0.013801
12,KACTL,418,0.133514
12,simd-v0,418,0.027743
12,ours-406478,419,0.013819
12,KACTL,419,0.133163
12,simd-v0,419,0.027724
12,393435,419,0.018326
12,KACTL,420,0.133278
12,simd-v0,420,0.027669
12,393435,420,0.018356
12,ours-406478,420,0.013774
12,simd-v0,421,0.027524
12,393435,421,0.018319
12,ours-406478,421,0.013785
12,KACTL,421,0.153270
12,393435,422,0.018743
12,ours-406478,422,0.013774
12,KACTL,422,0.133314
12,simd-v0,422,0.027712
12,ours-406478,423,0.013789
12,KACTL,423,0.133100
12,simd-v0,423,0.027663
12,393435,423,0.018351
12,KACTL,424,0.133322
12,simd-v0,424,0.027560
12,393435,424,0.018347
12,ours-406478,424,0.013813
12,simd-v0,425,0.027537
12,393435,425,0.018297
12,ours-406478,425,0.013816
12,KACTL,425,0.133113
12,393435,426,0.018733
12,ours-406478,426,0.013791
12,KACTL,426,0.156160
12,simd-v0,426,0.027746
12,ours-406478,427,0.013865
12,KACTL,427,0.133186
12,simd-v0,427,0.027624
12,393435,427,0.018304
12,KACTL,428,0.133278
12,simd-v0,428,0.027690
12,393435,428,0.018310
12,ours-406478,428,0.013810
12,simd-v0,429,0.027447
12,393435,429,0.018307
12,ours-406478,429,0.013832
12,KACTL,429,0.133107
12,393435,430,0.018688
12,ours-406478,430,0.013823
12,KACTL,430,0.133218
12,simd-v0,430,0.027699
12,ours-406478,431,0.013776
12,KACTL,431,0.151990
12,simd-v0,431,0.027719
12,393435,431,0.018344
12,KACTL,432,0.133483
12,simd-v0,432,0.027712
12,393435,432,0.018342
12,ours-406478,432,0.013811
12,simd-v0,433,0.027519
12,393435,433,0.018346
12,ours-406478,433,0.013779
12,KACTL,433,0.133316
12,393435,434,0.018698
12,ours-406478,434,0.013791
12,KACTL,434,0.133411
12,simd-v0,434,0.027637
12,ours-406478,435,0.013746
12,KACTL,435,0.135139
12,simd-v0,435,0.027725
12,393435,435,0.018339
12,KACTL,436,0.138477
12,simd-v0,436,0.027708
12,393435,436,0.018321
12,ours-406478,436,0.013777
12,simd-v0,437,0.027477
12,393435,437,0.018332
12,ours-406478,437,0.013763
12,KACTL,437,0.133256
12,393435,438,0.018686
12,ours-406478,438,0.013796
12,KACTL,438,0.133214
12,simd-v0,438,0.027667
12,ours-406478,439,0.013768
12,KACTL,439,0.133053
12,simd-v0,439,0.027708
12,393435,439,0.018330
12,KACTL,440,0.134149
12,simd-v0,440,0.027709
12,393435,440,0.018334
12,ours-406478,440,0.013771
12,simd-v0,441,0.027553
12,393435,441,0.018321
12,ours-406478,441,0.019054
12,KACTL,441,0.133250
12,393435,442,0.018694
12,ours-406478,442,0.013814
12,KACTL,442,0.133259
12,simd-v0,442,0.027645
12,ours-406478,443,0.013808
12,KACTL,443,0.133209
12,simd-v0,443,0.027616
12,393435,443,0.018314
12,KACTL,444,0.133098
12,simd-v0,444,0.027653
12,393435,444,0.018340
12,ours-406478,444,0.013843
12,simd-v0,445,0.027578
12,393435,445,0.018296
12,ours-406478,445,0.013786
12,KACTL,445,0.134050
12,393435,446,0.018702
12,ours-406478,446,0.013807
12,KACTL,446,0.138370
12,simd-v0,446,0.027686
12,ours-406478,447,0.013837
12,KACTL,447,0.133107
12,simd-v0,447,0.027656
12,393435,447,0.018313
12,KACTL,448,0.133221
12,simd-v0,448,0.027665
12,393435,448,0.018315
12,ours-406478,448,0.013823
12,simd-v0,449,0.027541
12,393435,449,0.018309
12,ours-406478,449,0.013820
12,KACTL,449,0.133308
12,393435,450,0.018744
12,ours-406478,450,0.013819
12,KACTL,450,0.133223
12,simd-v0,450,0.027664
12,ours-406478,451,0.013782
12,KACTL,451,0.138205
12,simd-v0,451,0.027720
12,393435,451,0.018309
12,KACTL,452,0.133871
12,simd-v0,452,0.027636
12,393435,452,0.018320
12,ours-406478,452,0.013814
12,simd-v0,453,0.027553
12,393435,453,0.018328
12,ours-406478,453,0.013793
12,KACTL,453,0.133221
12,393435,454,0.018707
12,ours-406478,454,0.013786
12,KACTL,454,0.133353
12,simd-v0,454,0.027743
12,ours-406478,455,0.013801
12,KACTL,455,0.133115
12,simd-v0,455,0.027637
12,393435,455,0.018300
12,KACTL,456,0.138182
12,simd-v0,456,0.027577
12,393435,456,0.018345
12,ours-406478,456,0.013786
12,simd-v0,457,0.027551
12,393435,457,0.018337
12,ours-406478,457,0.013771
12,KACTL,457,0.134102
12,393435,458,0.018702
12,ours-406478,458,0.013791
12,KACTL,458,0.133239
12,simd-v0,458,0.027546
12,ours-406478,459,0.013783
12,KACTL,459,0.133093
12,simd-v0,459,0.027665
12,393435,459,0.018358
12,KACTL,460,0.133089
12,simd-v0,460,0.027644
12,393435,460,0.018323
12,ours-406478,460,0.014178
12,simd-v0,461,0.027497
12,393435,461,0.018322
12,ours-406478,461,0.013809
12,KACTL,461,0.138225
12,393435,462,0.018692
12,ours-406478,462,0.013794
12,KACTL,462,0.133314
12,simd-v0,462,0.027662
12,ours-406478,463,0.013796
12,KACTL,463,0.133139
12,simd-v0,463,0.027676
12,393435,463,0.018301
12,KACTL,464,0.133097
12,simd-v0,464,0.027717
12,393435,464,0.018312
12,ours-406478,464,0.013802
12,simd-v0,465,0.027528
12,393435,465,0.018319
12,ours-406478,465,0.013774
12,KACTL,465,0.133139
12,393435,466,0.018670
12,ours-406478,466,0.013800
12,KACTL,466,0.138410
12,simd-v0,466,0.027685
12,ours-406478,467,0.013853
12,KACTL,467,0.133177
12,simd-v0,467,0.027661
12,393435,467,0.018306
12,KACTL,468,0.133312
12,simd-v0,468,0.027572
12,393435,468,0.018314
12,ours-406478,468,0.013851
12,simd-v0,469,0.027583
12,393435,469,0.018294
12,ours-406478,469,0.013800
12,KACTL,469,0.133051
12,393435,470,0.018661
12,ours-406478,470,0.013830
12,KACTL,470,0.133244
12,simd-v0,470,0.027564
12,ours-406478,471,0.013834
12,KACTL,471,0.138220
12,simd-v0,471,0.027689
12,393435,471,0.018318
12,KACTL,472,0.133270
12,simd-v0,472,0.027660
12,393435,472,0.018366
12,ours-406478,472,0.013824
12,simd-v0,473,0.027594
12,393435,473,0.018299
12,ours-406478,473,0.013846
12,KACTL,473,0.133168
12,393435,474,0.018703
12,ours-406478,474,0.013768
12,KACTL,474,0.134128
12,simd-v0,474,0.027678
12,ours-406478,475,0.013830
12,KACTL,475,0.133288
12,simd-v0,475,0.027667
12,393435,475,0.018287
12,KACTL,476,0.138776
12,simd-v0,476,0.027713
12,393435,476,0.018303
12,ours-406478,476,0.013851
12,simd-v0,477,0.027530
12,393435,477,0.018274
12,ours-406478,477,0.013825
12,KACTL,477,0.134201
12,393435,478,0.018693
12,ours-406478,478,0.013815
12,KACTL,478,0.152629
12,simd-v0,478,0.027686
12,ours-406478,479,0.013876
12,KACTL,479,0.133160
12,simd-v0,479,0.027652
12,393435,479,0.018303
12,KACTL,480,0.133187
12,simd-v0,480,0.027635
12,393435,480,0.018294
12,ours-406478,480,0.013775
12,simd-v0,481,0.027473
12,393435,481,0.018326
12,ours-406478,481,0.013836
12,KACTL,481,0.139322
12,393435,482,0.018728
12,ours-406478,482,0.013819
12,KACTL,482,0.133271
12,simd-v0,482,0.027696
12,ours-406478,483,0.013783
12,KACTL,483,0.133100
12,simd-v0,483,0.027638
12,393435,483,0.018324
12,KACTL,484,0.134348
12,simd-v0,484,0.027713
12,393435,484,0.018301
12,ours-406478,484,0.013789
12,simd-v0,485,0.027549
12,393435,485,0.018321
12,ours-406478,485,0.013807
12,KACTL,485,0.135172
12,393435,486,0.018695
12,ours-406478,486,0.013820
12,KACTL,486,0.138372
12,simd-v0,486,0.027673
12,ours-406478,487,0.013838
12,KACTL,487,0.133142
12,simd-v0,487,0.027731
12,393435,487,0.018315
12,KACTL,488,0.133271
12,simd-v0,488,0.027648
12,393435,488,0.018390
12,ours-406478,488,0.013797
12,simd-v0,489,0.027505
12,393435,489,0.018309
12,ours-406478,489,0.013809
12,KACTL,489,0.134170
12,393435,490,0.018738
12,ours-406478,490,0.013799
12,KACTL,490,0.133296
12,simd-v0,490,0.027730
12,ours-406478,491,0.013815
12,KACTL,491,0.138129
12,simd-v0,491,0.027681
12,393435,491,0.018309
12,KACTL,492,0.133366
12,simd-v0,492,0.027713
12,393435,492,0.018290
12,ours-406478,492,0.013818
12,simd-v0,493,0.027516
12,393435,493,0.018283
12,ours-406478,493,0.013834
12,KACTL,493,0.133307
12,393435,494,0.018681
12,ours-406478,494,0.013801
12,KACTL,494,0.134083
12,simd-v0,494,0.027692
12,ours-406478,495,0.013807
12,KACTL,495,0.133129
12,simd-v0,495,0.027742
12,393435,495,0.018371
12,KACTL,496,0.138100
12,simd-v0,496,0.027677
12,393435,496,0.018338
12,ours-406478,496,0.013816
12,simd-v0,497,0.027499
12,393435,497,0.018322
12,ours-406478,497,0.013830
12,KACTL,497,0.133203
12,393435,498,0.018711
12,ours-406478,498,0.013795
12,KACTL,498,0.133358
12,simd-v0,498,0.027643
12,ours-406478,499,0.013815
12,KACTL,499,0.133135
12,simd-v0,499,0.027702
12,393435,499,0.018304
12,KACTL,500,0.133242
12,simd-v0,500,0.027633
12,393435,500,0.018293
12,ours-406478,500,0.013792
12,simd-v0,501,0.027524
12,393435,501,0.018316
12,ours-406478,501,0.013789
12,KACTL,501,0.138144
12,393435,502,0.018719
12,ours-406478,502,0.013818
12,KACTL,502,0.134050
12,simd-v0,502,0.027612
12,ours-406478,503,0.014152
12,KACTL,503,0.133136
12,simd-v0,503,0.027675
12,393435,503,0.018321
12,KACTL,504,0.133277
12,simd-v0,504,0.027675
12,393435,504,0.018362
12,ours-406478,504,0.013803
12,simd-v0,505,0.027500
12,393435,505,0.018346
12,ours-406478,505,0.013815
12,KACTL,505,0.133125
12,393435,506,0.018732
12,ours-406478,506,0.013802
12,KACTL,506,0.138345
12,simd-v0,506,0.027672
12,ours-406478,507,0.013840
12,KACTL,507,0.133163
12,simd-v0,507,0.027708
12,393435,507,0.018367
12,KACTL,508,0.133244
12,simd-v0,508,0.027623
12,393435,508,0.018319
12,ours-406478,508,0.013809
12,simd-v0,509,0.027528
12,393435,509,0.018294
12,ours-406478,509,0.013778
12,KACTL,509,0.133194
12,393435,510,0.018724
12,ours-406478,510,0.013805
12,KACTL,510,0.133659
12,simd-v0,510,0.027629
12,ours-406478,511,0.013824
12,KACTL,511,0.138162
12,simd-v0,511,0.027679
12,393435,511,0.018337
12,KACTL,512,0.133240
12,simd-v0,512,0.027663
12,393435,512,0.018334
12,ours-406478,512,0.013805
12,simd-v0,513,0.027531
12,393435,513,0.018332
12,ours-406478,513,0.013773
12,KACTL,513,0.134344
12,393435,514,0.018725
12,ours-406478,514,0.013816
12,KACTL,514,0.133341
12,simd-v0,514,0.027725
12,ours-406478,515,0.013821
12,KACTL,515,0.133295
12,simd-v0,515,0.027694
12,393435,515,0.018348
12,KACTL,516,0.137962
12,simd-v0,516,0.027687
12,393435,516,0.018292
12,ours-406478,516,0.013792
12,simd-v0,517,0.027534
12,393435,517,0.018353
12,ours-406478,517,0.013785
12,KACTL,517,0.133079
12,393435,518,0.018708
12,ours-406478,518,0.013785
12,KACTL,518,0.133432
12,simd-v0,518,0.027720
12,ours-406478,519,0.013777
12,KACTL,519,0.134130
12,simd-v0,519,0.027675
12,393435,519,0.018367
12,KACTL,520,0.134116
12,simd-v0,520,0.027678
12,393435,520,0.018324
12,ours-406478,520,0.013772
12,simd-v0,521,0.027578
12,393435,521,0.018343
12,ours-406478,521,0.013770
12,KACTL,521,0.138825
12,393435,522,0.018704
12,ours-406478,522,0.013803
12,KACTL,522,0.133399
12,simd-v0,522,0.027660
12,ours-406478,523,0.013814
12,KACTL,523,0.134301
12,simd-v0,523,0.027656
12,393435,523,0.018307
12,KACTL,524,0.133168
12,simd-v0,524,0.027675
12,393435,524,0.018281
12,ours-406478,524,0.013800
12,simd-v0,525,0.027521
12,393435,525,0.018381
12,ours-406478,525,0.013789
12,KACTL,525,0.133402
12,393435,526,0.018676
12,ours-406478,526,0.013800
12,KACTL,526,0.153364
12,simd-v0,526,0.027700
12,ours-406478,527,0.013798
12,KACTL,527,0.134259
12,simd-v0,527,0.027583
12,393435,527,0.018364
12,KACTL,528,0.134212
12,simd-v0,528,0.027648
12,393435,528,0.018299
12,ours-406478,528,0.013804
12,simd-v0,529,0.027567
12,393435,529,0.018320
12,ours-406478,529,0.013820
12,KACTL,529,0.133196
12,393435,530,0.018687
12,ours-406478,530,0.013807
12,KACTL,530,0.133178
12,simd-v0,530,0.027750
12,ours-406478,531,0.013790
12,KACTL,531,0.138332
12,simd-v0,531,0.027722
12,393435,531,0.018312
12,KACTL,532,0.134333
12,simd-v0,532,0.027645
12,393435,532,0.018298
12,ours-406478,532,0.013808
12,simd-v0,533,0.027526
12,393435,533,0.018331
12,ours-406478,533,0.013827
12,KACTL,533,0.133201
12,393435,534,0.018708
12,ours-406478,534,0.013781
12,KACTL,534,0.133383
12,simd-v0,534,0.027768
12,ours-406478,535,0.013821
12,KACTL,535,0.134917
12,simd-v0,535,0.027743
12,393435,535,0.018360
12,KACTL,536,0.139281
12,simd-v0,536,0.027698
12,393435,536,0.018332
12,ours-406478,536,0.013792
12,simd-v0,537,0.027522
12,393435,537,0.018322
12,ours-406478,537,0.013781
12,KACTL,537,0.134223
12,393435,538,0.018700
12,ours-406478,538,0.013823
12,KACTL,538,0.133285
12,simd-v0,538,0.027691
12,ours-406478,539,0.013805
12,KACTL,539,0.133165
12,simd-v0,539,0.027752
12,393435,539,0.018322
12,KACTL,540,0.133217
12,simd-v0,540,0.027711
12,393435,540,0.018296
12,ours-406478,540,0.013787
12,simd-v0,541,0.027508
12,393435,541,0.018300
12,ours-406478,541,0.013814
12,KACTL,541,0.138072
12,393435,542,0.018721
12,ours-406478,542,0.013796
12,KACTL,542,0.133197
12,simd-v0,542,0.027696
12,ours-406478,543,0.013756
12,KACTL,543,0.133242
12,simd-v0,543,0.027669
12,393435,543,0.018333
12,KACTL,544,0.133256
12,simd-v0,544,0.027676
12,393435,544,0.018305
12,ours-406478,544,0.013809
12,simd-v0,545,0.027629
12,393435,545,0.018401
12,ours-406478,545,0.013847
12,KACTL,545,0.133192
12,393435,546,0.018676
12,ours-406478,546,0.013792
12,KACTL,546,0.138520
12,simd-v0,546,0.027735
12,ours-406478,547,0.013802
12,KACTL,547,0.133317
12,simd-v0,547,0.027676
12,393435,547,0.018356
12,KACTL,548,0.146247
12,simd-v0,548,0.029499
12,393435,548,0.021023
12,ours-406478,548,0.017087
12,simd-v0,549,0.027550
12,393435,549,0.018348
12,ours-406478,549,0.013802
12,KACTL,549,0.133452
12,393435,550,0.018712
12,ours-406478,550,0.013789
12,KACTL,550,0.133381
12,simd-v0,550,0.027671
12,ours-406478,551,0.013799
12,KACTL,551,0.138519
12,simd-v0,551,0.027752
12,393435,551,0.018351
12,KACTL,552,0.133398
12,simd-v0,552,0.027677
12,393435,552,0.018310
12,ours-406478,552,0.013828
12,simd-v0,553,0.027562
12,393435,553,0.018333
12,ours-406478,553,0.013801
12,KACTL,553,0.133285
12,393435,554,0.018694
12,ours-406478,554,0.013791
12,KACTL,554,0.133246
12,simd-v0,554,0.027627
12,ours-406478,555,0.013790
12,KACTL,555,0.134066
12,simd-v0,555,0.027649
12,393435,555,0.018346
12,KACTL,556,0.138106
12,simd-v0,556,0.027747
12,393435,556,0.018391
12,ours-406478,556,0.013776
12,simd-v0,557,0.027554
12,393435,557,0.018325
12,ours-406478,557,0.013827
12,KACTL,557,0.133258
12,393435,558,0.018716
12,ours-406478,558,0.013758
12,KACTL,558,0.134194
12,simd-v0,558,0.027678
12,ours-406478,559,0.013806
12,KACTL,559,0.133266
12,simd-v0,559,0.027703
12,393435,559,0.018338
12,KACTL,560,0.133230
12,simd-v0,560,0.027681
12,393435,560,0.018291
12,ours-406478,560,0.013764
12,simd-v0,561,0.027643
12,393435,561,0.018302
12,ours-406478,561,0.013767
12,KACTL,561,0.138006
12,393435,562,0.018696
12,ours-406478,562,0.013784
12,KACTL,562,0.133368
12,simd-v0,562,0.027706
12,ours-406478,563,0.013771
12,KACTL,563,0.133132
12,simd-v0,563,0.027684
12,393435,563,0.018318
12,KACTL,564,0.134312
12,simd-v0,564,0.027675
12,393435,564,0.018343
12,ours-406478,564,0.013808
12,simd-v0,565,0.027555
12,393435,565,0.018314
12,ours-406478,565,0.013788
12,KACTL,565,0.133286
12,393435,566,0.018698
12,ours-406478,566,0.013787
12,KACTL,566,0.138590
12,simd-v0,566,0.027691
12,ours-406478,567,0.013798
12,KACTL,567,0.133094
12,simd-v0,567,0.027742
12,393435,567,0.018355
12,KACTL,568,0.133311
12,simd-v0,568,0.027688
12,393435,568,0.018328
12,ours-406478,568,0.013793
12,simd-v0,569,0.027496
12,393435,569,0.018294
12,ours-406478,569,0.013787
12,KACTL,569,0.133240
12,393435,570,0.018715
12,ours-406478,570,0.013781
12,KACTL,570,0.133307
12,simd-v0,570,0.027710
12,ours-406478,571,0.013791
12,KACTL,571,0.138075
12,simd-v0,571,0.027673
12,393435,571,0.018355
12,KACTL,572,0.133254
12,simd-v0,572,0.027668
12,393435,572,0.018333
12,ours-406478,572,0.013817
12,simd-v0,573,0.027568
12,393435,573,0.018302
12,ours-406478,573,0.013810
12,KACTL,573,0.133273
12,393435,574,0.018700
12,ours-406478,574,0.013761
12,KACTL,574,0.133488
12,simd-v0,574,0.027678
12,ours-406478,575,0.013792
12,KACTL,575,0.133264
12,simd-v0,575,0.027690
12,393435,575,0.018311
12,KACTL,576,0.133464
12,simd-v0,576,0.032924
12,393435,576,0.018394
12,ours-406478,576,0.013828
12,simd-v0,577,0.027531
12,393435,577,0.018346
12,ours-406478,577,0.013808
12,KACTL,577,0.133324
12,393435,578,0.018715
12,ours-406478,578,0.013838
12,KACTL,578,0.134351
12,simd-v0,578,0.027692
12,ours-406478,579,0.013772
12,KACTL,579,0.133324
12,simd-v0,579,0.027683
12,393435,579,0.018332
12,KACTL,580,0.133245
12,simd-v0,580,0.027648
12,393435,580,0.018326
12,ours-406478,580,0.013799
12,simd-v0,581,0.027593
12,393435,581,0.018288
12,ours-406478,581,0.013786
12,KACTL,581,0.138779
12,393435,582,0.018738
12,ours-406478,582,0.013797
12,KACTL,582,0.134341
12,simd-v0,582,0.027674
12,ours-406478,583,0.013805
12,KACTL,583,0.133120
12,simd-v0,583,0.027671
12,393435,583,0.018374
12,KACTL,584,0.133369
12,simd-v0,584,0.027661
12,393435,584,0.018326
12,ours-406478,584,0.013793
12,simd-v0,585,0.027509
12,393435,585,0.018317
12,ours-406478,585,0.013778
12,KACTL,585,0.135161
12,393435,586,0.018687
12,ours-406478,586,0.013805
12,KACTL,586,0.145700
12,simd-v0,586,0.027678
12,ours-406478,587,0.013869
12,KACTL,587,0.133219
12,simd-v0,587,0.027665
12,393435,587,0.018323
12,KACTL,588,0.133399
12,simd-v0,588,0.027675
12,393435,588,0.018312
12,ours-406478,588,0.013881
12,simd-v0,589,0.027509
12,393435,589,0.018316
12,ours-406478,589,0.013832
12,KACTL,589,0.133202
12,393435,590,0.018710
12,ours-406478,590,0.013846
12,KACTL,590,0.133304
12,simd-v0,590,0.027692
12,ours-406478,591,0.013808
12,KACTL,591,0.138077
12,simd-v0,591,0.027729
12,393435,591,0.018336
12,KACTL,592,0.133316
12,simd-v0,592,0.027671
12,393435,592,0.018280
12,ours-406478,592,0.013849
12,simd-v0,593,0.027518
12,393435,593,0.018316
12,ours-406478,593,0.013875
12,KACTL,593,0.133070
12,393435,594,0.018674
12,ours-406478,594,0.013886
12,KACTL,594,0.133169
12,simd-v0,594,0.027655
12,ours-406478,595,0.013830
12,KACTL,595,0.133116
12,simd-v0,595,0.027640
12,393435,595,0.018352
12,KACTL,596,0.133088
12,simd-v0,596,0.032769
12,393435,596,0.018336
12,ours-406478,596,0.013855
12,simd-v0,597,0.027522
12,393435,597,0.018335
12,ours-406478,597,0.013851
12,KACTL,597,0.133245
12,393435,598,0.018716
12,ours-406478,598,0.013831
12,KACTL,598,0.133283
12,simd-v0,598,0.027687
12,ours-406478,599,0.013847
12,KACTL,599,0.134080
12,simd-v0,599,0.027708
12,393435,599,0.018304
12,KACTL,600,0.133214
12,simd-v0,600,0.027654
12,393435,600,0.018321
12,ours-406478,600,0.013842
12,simd-v0,601,0.027497
12,393435,601,0.018326
12,ours-406478,601,0.013855
12,KACTL,601,0.138403
12,393435,602,0.018748
12,ours-406478,602,0.013883
12,KACTL,602,0.134080
12,simd-v0,602,0.027640
12,ours-406478,603,0.013807
12,KACTL,603,0.134149
12,simd-v0,603,0.027669
12,393435,603,0.018332
12,KACTL,604,0.134005
12,simd-v0,604,0.027678
12,393435,604,0.018335
12,ours-406478,604,0.013837
12,simd-v0,605,0.027488
12,393435,605,0.018336
12,ours-406478,605,0.013810
12,KACTL,605,0.133181
12,393435,606,0.018708
12,ours-406478,606,0.013814
12,KACTL,606,0.138069
12,simd-v0,606,0.027718
12,ours-406478,607,0.013874
12,KACTL,607,0.132945
12,simd-v0,607,0.027656
12,393435,607,0.018340
12,KACTL,608,0.134164
12,simd-v0,608,0.027655
12,393435,608,0.018305
12,ours-406478,608,0.013848
12,simd-v0,609,0.027552
12,393435,609,0.018326
12,ours-406478,609,0.013835
12,KACTL,609,0.133128
12,393435,610,0.018759
12,ours-406478,610,0.013809
12,KACTL,610,0.133276
12,simd-v0,610,0.027696
12,ours-406478,611,0.013842
12,KACTL,611,0.133261
12,simd-v0,611,0.032925
12,393435,611,0.018369
12,KACTL,612,0.133578
12,simd-v0,612,0.027669
12,393435,612,0.018311
12,ours-406478,612,0.013826
12,simd-v0,613,0.027502
12,393435,613,0.018315
12,ours-406478,613,0.013845
12,KACTL,613,0.133171
12,393435,614,0.018717
12,ours-406478,614,0.013795
12,KACTL,614,0.133264
12,simd-v0,614,0.027684
12,ours-406478,615,0.013797
12,KACTL,615,0.133084
12,simd-v0,615,0.027727
12,393435,615,0.018338
12,KACTL,616,0.133286
12,simd-v0,616,0.027624
12,393435,616,0.023474
12,ours-406478,616,0.013868
12,simd-v0,617,0.027482
12,393435,617,0.018301
12,ours-406478,617,0.013847
12,KACTL,617,0.133177
12,393435,618,0.018710
12,ours-406478,618,0.013805
12,KACTL,618,0.133114
12,simd-v0,618,0.027681
12,ours-406478,619,0.013839
12,KACTL,619,0.133105
12,simd-v0,619,0.027639
12,393435,619,0.018367
12,KACTL,620,0.134295
12,simd-v0,620,0.027661
12,393435,620,0.018321
12,ours-406478,620,0.013882
12,simd-v0,621,0.027551
12,393435,621,0.018349
12,ours-406478,621,0.013843
12,KACTL,621,0.137873
12,393435,622,0.018717
12,ours-406478,622,0.013822
12,KACTL,622,0.133244
12,simd-v0,622,0.027634
12,ours-406478,623,0.013814
12,KACTL,623,0.133155
12,simd-v0,623,0.027668
12,393435,623,0.018365
12,KACTL,624,0.134205
12,simd-v0,624,0.027693
12,393435,624,0.018333
12,ours-406478,624,0.013811
12,simd-v0,625,0.027544
12,393435,625,0.018315
12,ours-406478,625,0.013828
12,KACTL,625,0.133259
12,393435,626,0.018710
12,ours-406478,626,0.013855
12,KACTL,626,0.133260
12,simd-v0,626,0.033300
12,ours-406478,627,0.013806
12,KACTL,627,0.133119
12,simd-v0,627,0.027713
12,393435,627,0.018373
12,KACTL,628,0.133181
12,simd-v0,628,0.027687
12,393435,628,0.018300
12,ours-406478,628,0.013868
12,simd-v0,629,0.027480
12,393435,629,0.018362
12,ours-406478,629,0.014156
12,KACTL,629,0.133436
12,393435,630,0.018723
12,ours-406478,630,0.013870
12,KACTL,630,0.133547
12,simd-v0,630,0.027672
12,ours-406478,631,0.013789
12,KACTL,631,0.133219
12,simd-v0,631,0.027621
12,393435,631,0.026745
12,KACTL,632,0.144866
12,simd-v0,632,0.027716
12,393435,632,0.018337
12,ours-406478,632,0.013843
12,simd-v0,633,0.027472
12,393435,633,0.018329
12,ours-406478,633,0.013782
12,KACTL,633,0.134134
12,393435,634,0.018716
12,ours-406478,634,0.013763
12,KACTL,634,0.133384
12,simd-v0,634,0.027637
12,ours-406478,635,0.013785
12,KACTL,635,0.133123
12,simd-v0,635,0.029680
12,393435,635,0.018365
12,KACTL,636,0.134274
12,simd-v0,636,0.027692
12,393435,636,0.028661
12,ours-406478,636,0.013800
12,simd-v0,637,0.027555
12,393435,637,0.018340
12,ours-406478,637,0.013802
12,KACTL,637,0.133330
12,393435,638,0.018699
12,ours-406478,638,0.013767
12,KACTL,638,0.134349
12,simd-v0,638,0.027758
12,ours-406478,639,0.013745
12,KACTL,639,0.133064
12,simd-v0,639,0.027646
12,393435,639,0.018330
12,KACTL,640,0.133262
12,simd-v0,640,0.027670
12,393435,640,0.018299
12,ours-406478,640,0.013787
12,simd-v0,641,0.027482
12,393435,641,0.018307
12,ours-406478,641,0.013782
12,KACTL,641,0.137987
12,393435,642,0.018714
12,ours-406478,642,0.013824
12,KACTL,642,0.133171
12,simd-v0,642,0.027700
12,ours-406478,643,0.013761
12,KACTL,643,0.133186
12,simd-v0,643,0.027690
12,393435,643,0.018358
12,KACTL,644,0.133200
12,simd-v0,644,0.027698
12,393435,644,0.018333
12,ours-406478,644,0.013817
12,simd-v0,645,0.027547
12,393435,645,0.018385
12,ours-406478,645,0.013743
12,KACTL,645,0.133180
12,393435,646,0.018704
12,ours-406478,646,0.013817
12,KACTL,646,0.133310
12,simd-v0,646,0.032885
12,ours-406478,647,0.013801
12,KACTL,647,0.133217
12,simd-v0,647,0.027660
12,393435,647,0.018352
12,KACTL,648,0.133150
12,simd-v0,648,0.027634
12,393435,648,0.018347
12,ours-406478,648,0.013786
12,simd-v0,649,0.027497
12,393435,649,0.018350
12,ours-406478,649,0.013791
12,KACTL,649,0.133114
12,393435,650,0.018677
12,ours-406478,650,0.013781
12,KACTL,650,0.133263
12,simd-v0,650,0.027711
12,ours-406478,651,0.013805
12,KACTL,651,0.133058
12,simd-v0,651,0.027696
12,393435,651,0.023530
12,KACTL,652,0.133258
12,simd-v0,652,0.027680
12,393435,652,0.018347
12,ours-406478,652,0.013770
12,simd-v0,653,0.027453
12,393435,653,0.018341
12,ours-406478,653,0.013801
12,KACTL,653,0.133182
12,393435,654,0.018700
12,ours-406478,654,0.013829
12,KACTL,654,0.133247
12,simd-v0,654,0.027661
12,ours-406478,655,0.013830
12,KACTL,655,0.134142
12,simd-v0,655,0.027718
12,393435,655,0.018359
12,KACTL,656,0.133181
12,simd-v0,656,0.027679
12,393435,656,0.018303
12,ours-406478,656,0.019016
12,simd-v0,657,0.027836
12,393435,657,0.018362
12,ours-406478,657,0.013835
12,KACTL,657,0.133194
12,393435,658,0.018687
12,ours-406478,658,0.013818
12,KACTL,658,0.133289
12,simd-v0,658,0.027664
12,ours-406478,659,0.013772
12,KACTL,659,0.133086
12,simd-v0,659,0.027665
12,393435,659,0.018358
12,KACTL,660,0.134149
12,simd-v0,660,0.027681
12,393435,660,0.018367
12,ours-406478,660,0.013788
12,simd-v0,661,0.027551
12,393435,661,0.018320
12,ours-406478,661,0.013756
12,KACTL,661,0.138863
12,393435,662,0.018731
12,ours-406478,662,0.013830
12,KACTL,662,0.133177
12,simd-v0,662,0.027685
12,ours-406478,663,0.013798
12,KACTL,663,0.132978
12,simd-v0,663,0.027701
12,393435,663,0.018330
12,KACTL,664,0.133208
12,simd-v0,664,0.027681
12,393435,664,0.018321
12,ours-406478,664,0.013809
12,simd-v0,665,0.027508
12,393435,665,0.018326
12,ours-406478,665,0.013790
12,KACTL,665,0.133220
12,393435,666,0.018706
12,ours-406478,666,0.013799
12,KACTL,666,0.134133
12,simd-v0,666,0.027719
12,ours-406478,667,0.019193
12,KACTL,667,0.133257
12,simd-v0,667,0.027738
12,393435,667,0.018308
12,KACTL,668,0.133194
12,simd-v0,668,0.027638
12,393435,668,0.018301
12,ours-406478,668,0.013777
12,simd-v0,669,0.027467
12,393435,669,0.018340
12,ours-406478,669,0.013780
12,KACTL,669,0.133228
12,393435,670,0.018670
12,ours-406478,670,0.013859
12,KACTL,670,0.133313
12,simd-v0,670,0.027701
12,ours-406478,671,0.013804
12,KACTL,671,0.134096
12,simd-v0,671,0.027684
12,393435,671,0.018700
12,KACTL,672,0.138693
12,simd-v0,672,0.027708
12,393435,672,0.018324
12,ours-406478,672,0.013817
12,simd-v0,673,0.027555
12,393435,673,0.018322
12,ours-406478,673,0.013780
12,KACTL,673,0.133329
12,393435,674,0.018675
12,ours-406478,674,0.013817
12,KACTL,674,0.133350
12,simd-v0,674,0.027654
12,ours-406478,675,0.013806
12,KACTL,675,0.133069
12,simd-v0,675,0.027628
12,393435,675,0.018327
12,KACTL,676,0.133233
12,simd-v0,676,0.027638
12,393435,676,0.018268
12,ours-406478,676,0.013808
12,simd-v0,677,0.032628
12,393435,677,0.018345
12,ours-406478,677,0.013816
12,KACTL,677,0.133230
12,393435,678,0.018694
12,ours-406478,678,0.013827
12,KACTL,678,0.133230
12,simd-v0,678,0.027685
12,ours-406478,679,0.013797
12,KACTL,679,0.133189
12,simd-v0,679,0.027725
12,393435,679,0.018342
12,KACTL,680,0.133204
12,simd-v0,680,0.027706
12,393435,680,0.018311
12,ours-406478,680,0.013806
12,simd-v0,681,0.027456
12,393435,681,0.018335
12,ours-406478,681,0.013828
12,KACTL,681,0.134048
12,393435,682,0.024601
12,ours-406478,682,0.013813
12,KACTL,682,0.133455
12,simd-v0,682,0.027666
12,ours-406478,683,0.013797
12,KACTL,683,0.133302
12,simd-v0,683,0.027681
12,393435,683,0.018333
12,KACTL,684,0.134114
12,simd-v0,684,0.027715
12,393435,684,0.018311
12,ours-406478,684,0.013811
12,simd-v0,685,0.027557
12,393435,685,0.018335
12,ours-406478,685,0.013811
12,KACTL,685,0.133131
12,393435,686,0.020537
12,ours-406478,686,0.013785
12,KACTL,686,0.134290
12,simd-v0,686,0.027682
12,ours-406478,687,0.013784
12,KACTL,687,0.138186
12,simd-v0,687,0.027653
12,393435,687,0.018353
12,KACTL,688,0.134168
12,simd-v0,688,0.027715
12,393435,688,0.018337
12,ours-406478,688,0.013832
12,simd-v0,689,0.027531
12,393435,689,0.018294
12,ours-406478,689,0.013825
12,KACTL,689,0.132987
12,393435,690,0.018675
12,ours-406478,690,0.013818
12,KACTL,690,0.133318
12,simd-v0,690,0.027639
12,ours-406478,691,0.013820
12,KACTL,691,0.133024
12,simd-v0,691,0.027741
12,393435,691,0.018350
12,KACTL,692,0.138233
12,simd-v0,692,0.027707
12,393435,692,0.018342
12,ours-406478,692,0.013823
12,simd-v0,693,0.027517
12,393435,693,0.018328
12,ours-406478,693,0.013813
12,KACTL,693,0.133191
12,393435,694,0.018725
12,ours-406478,694,0.013757
12,KACTL,694,0.133310
12,simd-v0,694,0.027696
12,ours-406478,695,0.013779
12,KACTL,695,0.133105
12,simd-v0,695,0.027686
12,393435,695,0.018366
12,KACTL,696,0.133236
12,simd-v0,696,0.027708
12,393435,696,0.018317
12,ours-406478,696,0.013826
12,simd-v0,697,0.027495
12,393435,697,0.023796
12,ours-406478,697,0.013815
12,KACTL,697,0.133231
12,393435,698,0.018692
12,ours-406478,698,0.013794
12,KACTL,698,0.134240
12,simd-v0,698,0.027641
12,ours-406478,699,0.013776
12,KACTL,699,0.134075
12,simd-v0,699,0.027693
12,393435,699,0.018344
12,KACTL,700,0.133096
12,simd-v0,700,0.027675
12,393435,700,0.018291
12,ours-406478,700,0.013788
12,simd-v0,701,0.027514
12,393435,701,0.018311
12,ours-406478,701,0.013824
12,KACTL,701,0.133115
12,393435,702,0.018708
12,ours-406478,702,0.013812
12,KACTL,702,0.138228
12,simd-v0,702,0.027696
12,ours-406478,703,0.013790
12,KACTL,703,0.133114
12,simd-v0,703,0.027667
12,393435,703,0.018337
12,KACTL,704,0.133234
12,simd-v0,704,0.027684
12,393435,704,0.018326
12,ours-406478,704,0.013804
12,simd-v0,705,0.027511
12,393435,705,0.018317
12,ours-406478,705,0.013793
12,KACTL,705,0.133131
12,393435,706,0.018704
12,ours-406478,706,0.013788
12,KACTL,706,0.133295
12,simd-v0,706,0.027692
12,ours-406478,707,0.013804
12,KACTL,707,0.138470
12,simd-v0,707,0.027729
12,393435,707,0.018344
12,KACTL,708,0.133523
12,simd-v0,708,0.027583
12,393435,708,0.018332
12,ours-406478,708,0.013764
12,simd-v0,709,0.027553
12,393435,709,0.018290
12,ours-406478,709,0.013811
12,KACTL,709,0.133288
12,393435,710,0.018716
12,ours-406478,710,0.013834
12,KACTL,710,0.134191
12,simd-v0,710,0.027657
12,ours-406478,711,0.013783
12,KACTL,711,0.134051
12,simd-v0,711,0.027677
12,393435,711,0.018316
12,KACTL,712,0.138054
12,simd-v0,712,0.027753
12,393435,712,0.018340
12,ours-406478,712,0.013811
12,simd-v0,713,0.027515
12,393435,713,0.018333
12,ours-406478,713,0.013776
12,KACTL,713,0.133310
12,393435,714,0.018718
12,ours-406478,714,0.013827
12,KACTL,714,0.133501
12,simd-v0,714,0.027676
12,ours-406478,715,0.013805
12,KACTL,715,0.133204
12,simd-v0,715,0.027713
12,393435,715,0.018316
12,KACTL,716,0.133245
12,simd-v0,716,0.027726
12,393435,716,0.018323
12,ours-406478,716,0.013735
12,simd-v0,717,0.027528
12,393435,717,0.018367
12,ours-406478,717,0.019294
12,KACTL,717,0.133398
12,393435,718,0.018689
12,ours-406478,718,0.013802
12,KACTL,718,0.133210
12,simd-v0,718,0.027742
12,ours-406478,719,0.013751
12,KACTL,719,0.132956
12,simd-v0,719,0.027652
12,393435,719,0.018320
12,KACTL,720,0.133107
12,simd-v0,720,0.027664
12,393435,720,0.018330
12,ours-406478,720,0.013815
12,simd-v0,721,0.027515
12,393435,721,0.018312
12,ours-406478,721,0.013804
12,KACTL,721,0.133097
12,393435,722,0.018689
12,ours-406478,722,0.013759
12,KACTL,722,0.138399
12,simd-v0,722,0.027715
12,ours-406478,723,0.013830
12,KACTL,723,0.133134
12,simd-v0,723,0.027678
12,393435,723,0.018312
12,KACTL,724,0.133186
12,simd-v0,724,0.027709
12,393435,724,0.018304
12,ours-406478,724,0.013823
12,simd-v0,725,0.027552
12,393435,725,0.018321
12,ours-406478,725,0.013758
12,KACTL,725,0.133156
12,393435,726,0.018711
12,ours-406478,726,0.013795
12,KACTL,726,0.133197
12,simd-v0,726,0.027691
12,ours-406478,727,0.013760
12,KACTL,727,0.138389
12,simd-v0,727,0.027728
12,393435,727,0.018333
12,KACTL,728,0.133208
12,simd-v0,728,0.027699
12,393435,728,0.018294
12,ours-406478,728,0.013766
12,simd-v0,729,0.027540
12,393435,729,0.018325
12,ours-406478,729,0.013812
12,KACTL,729,0.133173
12,393435,730,0.018690
12,ours-406478,730,0.013823
12,KACTL,730,0.133201
12,simd-v0,730,0.027684
12,ours-406478,731,0.013760
12,KACTL,731,0.133862
12,simd-v0,731,0.027645
12,393435,731,0.018310
12,KACTL,732,0.138700
12,simd-v0,732,0.027679
12,393435,732,0.018325
12,ours-406478,732,0.013798
12,simd-v0,733,0.027502
12,393435,733,0.018301
12,ours-406478,733,0.013774
12,KACTL,733,0.133267
12,393435,734,0.018681
12,ours-406478,734,0.013807
12,KACTL,734,0.133384
12,simd-v0,734,0.027640
12,ours-406478,735,0.013734
12,KACTL,735,0.134159
12,simd-v0,735,0.027727
12,393435,735,0.018320
12,KACTL,736,0.135142
12,simd-v0,736,0.027663
12,393435,736,0.018339
12,ours-406478,736,0.013806
12,simd-v0,737,0.027562
12,393435,737,0.018304
12,ours-406478,737,0.013780
12,KACTL,737,0.138515
12,393435,738,0.018684
12,ours-406478,738,0.013835
12,KACTL,738,0.133328
12,simd-v0,738,0.027696
12,ours-406478,739,0.013804
12,KACTL,739,0.133291
12,simd-v0,739,0.027691
12,393435,739,0.018272
12,KACTL,740,0.133235
12,simd-v0,740,0.027643
12,393435,740,0.018310
12,ours-406478,740,0.013791
12,simd-v0,741,0.027529
12,393435,741,0.018347
12,ours-406478,741,0.013829
12,KACTL,741,0.133092
12,393435,742,0.018706
12,ours-406478,742,0.013808
12,KACTL,742,0.138714
12,simd-v0,742,0.027727
12,ours-406478,743,0.013802
12,KACTL,743,0.133243
12,simd-v0,743,0.027685
12,393435,743,0.018304
12,KACTL,744,0.133328
12,simd-v0,744,0.027613
12,393435,744,0.018323
12,ours-406478,744,0.013771
12,simd-v0,745,0.027471
12,393435,745,0.018316
12,ours-406478,745,0.013828
12,KACTL,745,0.134136
12,393435,746,0.018651
12,ours-406478,746,0.013832
12,KACTL,746,0.133250
12,simd-v0,746,0.027683
12,ours-406478,747,0.013761
12,KACTL,747,0.138472
12,simd-v0,747,0.027686
12,393435,747,0.018310
12,KACTL,748,0.133314
12,simd-v0,748,0.027705
12,393435,748,0.018298
12,ours-406478,748,0.013865
12,simd-v0,749,0.027499
12,393435,749,0.018347
12,ours-406478,749,0.013788
12,KACTL,749,0.133194
12,393435,750,0.018664
12,ours-406478,750,0.013812
12,KACTL,750,0.133293
12,simd-v0,750,0.027682
12,ours-406478,751,0.013769
12,KACTL,751,0.133135
12,simd-v0,751,0.027676
12,393435,751,0.018264
12,KACTL,752,0.138010
12,simd-v0,752,0.027640
12,393435,752,0.018335
12,ours-406478,752,0.013803
12,simd-v0,753,0.027570
12,393435,753,0.018326
12,ours-406478,753,0.013812
12,KACTL,753,0.133210
12,393435,754,0.018637
12,ours-406478,754,0.013814
12,KACTL,754,0.133393
12,simd-v0,754,0.027684
12,ours-406478,755,0.013758
12,KACTL,755,0.133041
12,simd-v0,755,0.027656
12,393435,755,0.018285
12,KACTL,756,0.133151
12,simd-v0,756,0.027714
12,393435,756,0.018296
12,ours-406478,756,0.013819
12,simd-v0,757,0.027513
12,393435,757,0.018304
12,ours-406478,757,0.013790
12,KACTL,757,0.138556
12,393435,758,0.018693
12,ours-406478,758,0.013783
12,KACTL,758,0.133201
12,simd-v0,758,0.027707
12,ours-406478,759,0.013788
12,KACTL,759,0.133158
12,simd-v0,759,0.027663
12,393435,759,0.018316
12,KACTL,760,0.133171
12,simd-v0,760,0.027673
12,393435,760,0.018291
12,ours-406478,760,0.013830
12,simd-v0,761,0.027501
12,393435,761,0.018304
12,ours-406478,761,0.013816
12,KACTL,761,0.133999
12,393435,762,0.018662
12,ours-406478,762,0.013831
12,KACTL,762,0.138711
12,simd-v0,762,0.027738
12,ours-406478,763,0.013800
12,KACTL,763,0.133203
12,simd-v0,763,0.027671
12,393435,763,0.018307
12,KACTL,764,0.133311
12,simd-v0,764,0.027651
12,393435,764,0.018288
12,ours-406478,764,0.013830
12,simd-v0,765,0.027492
12,393435,765,0.018302
12,ours-406478,765,0.013839
12,KACTL,765,0.133160
12,393435,766,0.018661
12,ours-406478,766,0.013805
12,KACTL,766,0.134072
12,simd-v0,766,0.027695
12,ours-406478,767,0.013795
12,KACTL,767,0.138008
12,simd-v0,767,0.027700
12,393435,767,0.018338
12,KACTL,768,0.133159
12,simd-v0,768,0.027665
12,393435,768,0.018298
12,ours-406478,768,0.013852
12,simd-v0,769,0.027539
12,393435,769,0.018306
12,ours-406478,769,0.013792
12,KACTL,769,0.133248
12,393435,770,0.018670
12,ours-406478,770,0.013782
12,KACTL,770,0.133197
12,simd-v0,770,0.027667
12,ours-406478,771,0.013819
12,KACTL,771,0.133012
12,simd-v0,771,0.027681
12,393435,771,0.018318
12,KACTL,772,0.137824
12,simd-v0,772,0.027755
12,393435,772,0.018314
12,ours-406478,772,0.013793
12,simd-v0,773,0.027516
12,393435,773,0.018311
12,ours-406478,773,0.013835
12,KACTL,773,0.133154
12,393435,774,0.018691
12,ours-406478,774,0.013761
12,KACTL,774,0.133292
12,simd-v0,774,0.027675
12,ours-406478,775,0.013804
12,KACTL,775,0.133118
12,simd-v0,775,0.027688
12,393435,775,0.018285
12,KACTL,776,0.133275
12,simd-v0,776,0.027671
12,393435,776,0.018297
12,ours-406478,776,0.013837
12,simd-v0,777,0.027537
12,393435,777,0.018305
12,ours-406478,777,0.013815
12,KACTL,777,0.138328
12,393435,778,0.018713
12,ours-406478,778,0.013799
12,KACTL,778,0.133321
12,simd-v0,778,0.027692
12,ours-406478,779,0.013799
12,KACTL,779,0.134107
12,simd-v0,779,0.027692
12,393435,779,0.018295
12,KACTL,780,0.134188
12,simd-v0,780,0.027659
12,393435,780,0.018269
12,ours-406478,780,0.013796
12,simd-v0,781,0.027507
12,393435,781,0.018279
12,ours-406478,781,0.013798
12,KACTL,781,0.133176
12,393435,782,0.018678
12,ours-406478,782,0.013807
12,KACTL,782,0.137960
12,simd-v0,782,0.027635
12,ours-406478,783,0.013825
12,KACTL,783,0.133162
12,simd-v0,783,0.027675
12,393435,783,0.018345
12,KACTL,784,0.133156
12,simd-v0,784,0.027646
12,393435,784,0.018327
12,ours-406478,784,0.013794
12,simd-v0,785,0.027544
12,393435,785,0.018307
12,ours-406478,785,0.013835
12,KACTL,785,0.133002
12,393435,786,0.018658
12,ours-406478,786,0.013809
12,KACTL,786,0.135112
12,simd-v0,786,0.027739
12,ours-406478,787,0.013815
12,KACTL,787,0.137826
12,simd-v0,787,0.027674
12,393435,787,0.018334
12,KACTL,788,0.133165
12,simd-v0,788,0.027690
12,393435,788,0.018305
12,ours-406478,788,0.013840
12,simd-v0,789,0.027610
12,393435,789,0.018295
12,ours-406478,789,0.013805
12,KACTL,789,0.133136
12,393435,790,0.018687
12,ours-406478,790,0.013762
12,KACTL,790,0.133272
12,simd-v0,790,0.027697
12,ours-406478,791,0.013794
12,KACTL,791,0.134006
12,simd-v0,791,0.027669
12,393435,791,0.018332
12,KACTL,792,0.134134
12,simd-v0,792,0.032809
12,393435,792,0.018376
12,ours-406478,792,0.013793
12,simd-v0,793,0.027491
12,393435,793,0.018303
12,ours-406478,793,0.013818
12,KACTL,793,0.134070
12,393435,794,0.018714
12,ours-406478,794,0.013778
12,KACTL,794,0.133115
12,simd-v0,794,0.027645
12,ours-406478,795,0.013823
12,KACTL,795,0.133301
12,simd-v0,795,0.027669
12,393435,795,0.018301
12,KACTL,796,0.134174
12,simd-v0,796,0.027661
12,393435,796,0.018317
12,ours-406478,796,0.013782
12,simd-v0,797,0.027533
12,393435,797,0.018293
12,ours-406478,797,0.013830
12,KACTL,797,0.145923
12,393435,798,0.018717
12,ours-406478,798,0.013878
12,KACTL,798,0.133360
12,simd-v0,798,0.027669
12,ours-406478,799,0.013818
12,KACTL,799,0.133104
12,simd-v0,799,0.027621
12,393435,799,0.018360
12,KACTL,800,0.133201
12,simd-v0,800,0.027633
12,393435,800,0.018336
12,ours-406478,800,0.013766
12,simd-v0,801,0.027517
12,393435,801,0.018342
12,ours-406478,801,0.013815
12,KACTL,801,0.133227
12,393435,802,0.018675
12,ours-406478,802,0.013803
12,KACTL,802,0.138083
12,simd-v0,802,0.027739
12,ours-406478,803,0.013819
12,KACTL,803,0.133174
12,simd-v0,803,0.027692
12,393435,803,0.018351
12,KACTL,804,0.133259
12,simd-v0,804,0.027661
12,393435,804,0.018330
12,ours-406478,804,0.013781
12,simd-v0,805,0.027551
12,393435,805,0.018324
12,ours-406478,805,0.013775
12,KACTL,805,0.133335
12,393435,806,0.018668
12,ours-406478,806,0.013785
12,KACTL,806,0.133103
12,simd-v0,806,0.027709
12,ours-406478,807,0.013776
12,KACTL,807,0.133355
12,simd-v0,807,0.032698
12,393435,807,0.018335
12,KACTL,808,0.133258
12,simd-v0,808,0.027669
12,393435,808,0.018340
12,ours-406478,808,0.013803
12,simd-v0,809,0.027551
12,393435,809,0.018364
12,ours-406478,809,0.013768
12,KACTL,809,0.133236
12,393435,810,0.018661
12,ours-406478,810,0.013837
12,KACTL,810,0.133233
12,simd-v0,810,0.027743
12,ours-406478,811,0.013765
12,KACTL,811,0.134021
12,simd-v0,811,0.027660
12,393435,811,0.018314
12,KACTL,812,0.133219
12,simd-v0,812,0.032865
12,393435,812,0.018351
12,ours-406478,812,0.013860
12,simd-v0,813,0.027600
12,393435,813,0.018339
12,ours-406478,813,0.013789
12,KACTL,813,0.133258
12,393435,814,0.018659
12,ours-406478,814,0.013849
12,KACTL,814,0.134183
12,simd-v0,814,0.027686
12,ours-406478,815,0.013784
12,KACTL,815,0.133199
12,simd-v0,815,0.027658
12,393435,815,0.018252
12,KACTL,816,0.133201
12,simd-v0,816,0.027676
12,393435,816,0.018332
12,ours-406478,816,0.013788
12,simd-v0,817,0.027553
12,393435,817,0.018313
12,ours-406478,817,0.013811
12,KACTL,817,0.138037
12,393435,818,0.018677
12,ours-406478,818,0.013843
12,KACTL,818,0.133238
12,simd-v0,818,0.027637
12,ours-406478,819,0.013764
12,KACTL,819,0.133245
12,simd-v0,819,0.027654
12,393435,819,0.018343
12,KACTL,820,0.133276
12,simd-v0,820,0.027622
12,393435,820,0.018316
12,ours-406478,820,0.013788
12,simd-v0,821,0.027518
12,393435,821,0.018343
12,ours-406478,821,0.013815
12,KACTL,821,0.133195
12,393435,822,0.018674
12,ours-406478,822,0.013831
12,KACTL,822,0.133269
12,simd-v0,822,0.032595
12,ours-406478,823,0.013844
12,KACTL,823,0.133227
12,simd-v0,823,0.027663
12,393435,823,0.018310
12,KACTL,824,0.133198
12,simd-v0,824,0.027689
12,393435,824,0.018328
12,ours-406478,824,0.013820
12,simd-v0,825,0.027540
12,393435,825,0.018328
12,ours-406478,825,0.013815
12,KACTL,825,0.133214
12,393435,826,0.018696
12,ours-406478,826,0.013823
12,KACTL,826,0.133251
12,simd-v0,826,0.027691
12,ours-406478,827,0.013755
12,KACTL,827,0.134158
12,simd-v0,827,0.032956
12,393435,827,0.018376
12,KACTL,828,0.133264
12,simd-v0,828,0.027688
12,393435,828,0.018331
12,ours-406478,828,0.013816
12,simd-v0,829,0.027528
12,393435,829,0.018348
12,ours-406478,829,0.013825
12,KACTL,829,0.133178
12,393435,830,0.018679
12,ours-406478,830,0.013816
12,KACTL,830,0.133212
12,simd-v0,830,0.027697
12,ours-406478,831,0.013800
12,KACTL,831,0.133015
12,simd-v0,831,0.027625
12,393435,831,0.018313
12,KACTL,832,0.133242
12,simd-v0,832,0.027683
12,393435,832,0.018322
12,ours-406478,832,0.014238
12,simd-v0,833,0.027494
12,393435,833,0.018309
12,ours-406478,833,0.013828
12,KACTL,833,0.133117
12,393435,834,0.018692
12,ours-406478,834,0.013794
12,KACTL,834,0.133204
12,simd-v0,834,0.027738
12,ours-406478,835,0.013801
12,KACTL,835,0.133155
12,simd-v0,835,0.027633
12,393435,835,0.018326
12,KACTL,836,0.133275
12,simd-v0,836,0.027650
12,393435,836,0.018319
12,ours-406478,836,0.015674
12,simd-v0,837,0.027830
12,393435,837,0.018324
12,ours-406478,837,0.013791
12,KACTL,837,0.137979
12,393435,838,0.018727
12,ours-406478,838,0.013819
12,KACTL,838,0.133263
12,simd-v0,838,0.027627
12,ours-406478,839,0.013765
12,KACTL,839,0.134148
12,simd-v0,839,0.027621
12,393435,839,0.018301
12,KACTL,840,0.133333
12,simd-v0,840,0.027634
12,393435,840,0.018343
12,ours-406478,840,0.013813
12,simd-v0,841,0.027482
12,393435,841,0.018338
12,ours-406478,841,0.013814
12,KACTL,841,0.133337
12,393435,842,0.018697
12,ours-406478,842,0.013818
12,KACTL,842,0.133216
12,simd-v0,842,0.032574
12,ours-406478,843,0.013818
12,KACTL,843,0.133130
12,simd-v0,843,0.027671
12,393435,843,0.018344
12,KACTL,844,0.134086
12,simd-v0,844,0.027627
12,393435,844,0.018323
12,ours-406478,844,0.013840
12,simd-v0,845,0.027524
12,393435,845,0.018295
12,ours-406478,845,0.013845
12,KACTL,845,0.133162
12,393435,846,0.018660
12,ours-406478,846,0.013813
12,KACTL,846,0.133339
12,simd-v0,846,0.027682
12,ours-406478,847,0.013804
12,KACTL,847,0.133123
12,simd-v0,847,0.027695
12,393435,847,0.018317
12,KACTL,848,0.133464
12,simd-v0,848,0.027661
12,393435,848,0.018339
12,ours-406478,848,0.013809
12,simd-v0,849,0.027507
12,393435,849,0.018300
12,ours-406478,849,0.013792
12,KACTL,849,0.185092
12,393435,850,0.018757
12,ours-406478,850,0.013856
12,KACTL,850,0.133579
12,simd-v0,850,0.027681
12,ours-406478,851,0.013834
12,KACTL,851,0.133202
12,simd-v0,851,0.027615
12,393435,851,0.018315
12,KACTL,852,0.134242
12,simd-v0,852,0.043276
12,393435,852,0.018350
12,ours-406478,852,0.013814
12,simd-v0,853,0.027613
12,393435,853,0.018328
12,ours-406478,853,0.013769
12,KACTL,853,0.133320
12,393435,854,0.018686
12,ours-406478,854,0.013804
12,KACTL,854,0.133382
12,simd-v0,854,0.027652
12,ours-406478,855,0.013800
12,KACTL,855,0.133089
12,simd-v0,855,0.027678
12,393435,855,0.018300
12,KACTL,856,0.133164
12,simd-v0,856,0.027691
12,393435,856,0.018291
12,ours-406478,856,0.013779
12,simd-v0,857,0.027542
12,393435,857,0.018284
12,ours-406478,857,0.013806
12,KACTL,857,0.154184
12,393435,858,0.018711
12,ours-406478,858,0.013805
12,KACTL,858,0.133382
12,simd-v0,858,0.027692
12,ours-406478,859,0.013816
12,KACTL,859,0.133076
12,simd-v0,859,0.027647
12,393435,859,0.018324
12,KACTL,860,0.134311
12,simd-v0,860,0.027634
12,393435,860,0.018289
12,ours-406478,860,0.013806
12,simd-v0,861,0.027508
12,393435,861,0.018261
12,ours-406478,861,0.013851
12,KACTL,861,0.133214
12,393435,862,0.018659
12,ours-406478,862,0.013798
12,KACTL,862,0.150902
12,simd-v0,862,0.027710
12,ours-406478,863,0.013830
12,KACTL,863,0.134046
12,simd-v0,863,0.027708
12,393435,863,0.018271
12,KACTL,864,0.134161
12,simd-v0,864,0.027689
12,393435,864,0.018326
12,ours-406478,864,0.013776
12,simd-v0,865,0.027540
12,393435,865,0.018312
12,ours-406478,865,0.013795
12,KACTL,865,0.133175
12,393435,866,0.018687
12,ours-406478,866,0.013772
12,KACTL,866,0.133225
12,simd-v0,866,0.027684
12,ours-406478,867,0.013809
12,KACTL,867,0.152520
12,simd-v0,867,0.027758
12,393435,867,0.018303
12,KACTL,868,0.133105
12,simd-v0,868,0.027633
12,393435,868,0.018278
12,ours-406478,868,0.013836
12,simd-v0,869,0.027515
12,393435,869,0.018342
12,ours-406478,869,0.013811
12,KACTL,869,0.133074
12,393435,870,0.018669
12,ours-406478,870,0.013816
12,KACTL,870,0.133200
12,simd-v0,870,0.027615
12,ours-406478,871,0.013779
12,KACTL,871,0.134013
12,simd-v0,871,0.027674
12,393435,871,0.018297
12,KACTL,872,0.158313
12,simd-v0,872,0.027704
12,393435,872,0.018340
12,ours-406478,872,0.013811
12,simd-v0,873,0.027531
12,393435,873,0.018294
12,ours-406478,873,0.013796
12,KACTL,873,0.134234
12,393435,874,0.018687
12,ours-406478,874,0.013813
12,KACTL,874,0.133268
12,simd-v0,874,0.027632
12,ours-406478,875,0.013782
12,KACTL,875,0.133216
12,simd-v0,875,0.027656
12,393435,875,0.018277
12,KACTL,876,0.133382
12,simd-v0,876,0.027707
12,393435,876,0.018314
12,ours-406478,876,0.013787
12,simd-v0,877,0.027528
12,393435,877,0.018335
12,ours-406478,877,0.013818
12,KACTL,877,0.154498
12,393435,878,0.018747
12,ours-406478,878,0.013792
12,KACTL,878,0.133102
12,simd-v0,878,0.027688
12,ours-406478,879,0.013807
12,KACTL,879,0.133217
12,simd-v0,879,0.027667
12,393435,879,0.018278
12,KACTL,880,0.133154
12,simd-v0,880,0.027617
12,393435,880,0.018276
12,ours-406478,880,0.013820
12,simd-v0,881,0.027555
12,393435,881,0.018293
12,ours-406478,881,0.013826
12,KACTL,881,0.133061
12,393435,882,0.018679
12,ours-406478,882,0.013788
12,KACTL,882,0.143999
12,simd-v0,882,0.027683
12,ours-406478,883,0.014123
12,KACTL,883,0.133222
12,simd-v0,883,0.027684
12,393435,883,0.018313
12,KACTL,884,0.134183
12,simd-v0,884,0.027656
12,393435,884,0.018337
12,ours-406478,884,0.013783
12,simd-v0,885,0.027497
12,393435,885,0.018330
12,ours-406478,885,0.013770
12,KACTL,885,0.133229
12,393435,886,0.018690
12,ours-406478,886,0.013804
12,KACTL,886,0.135942
12,simd-v0,886,0.027689
12,ours-406478,887,0.013782
12,KACTL,887,0.151946
12,simd-v0,887,0.027730
12,393435,887,0.018356
12,KACTL,888,0.133147
12,simd-v0,888,0.027631
12,393435,888,0.018318
12,ours-406478,888,0.013876
12,simd-v0,889,0.027515
12,393435,889,0.018320
12,ours-406478,889,0.013843
12,KACTL,889,0.133067
12,393435,890,0.018640
12,ours-406478,890,0.013784
12,KACTL,890,0.133033
12,simd-v0,890,0.027643
12,ours-406478,891,0.013801
12,KACTL,891,0.133024
12,simd-v0,891,0.027623
12,393435,891,0.018334
12,KACTL,892,0.155065
12,simd-v0,892,0.027636
12,393435,892,0.018340
12,ours-406478,892,0.013815
12,simd-v0,893,0.027529
12,393435,893,0.018306
12,ours-406478,893,0.013750
12,KACTL,893,0.133248
12,393435,894,0.018665
12,ours-406478,894,0.013820
12,KACTL,894,0.133172
12,simd-v0,894,0.027634
12,ours-406478,895,0.013758
12,KACTL,895,0.133989
12,simd-v0,895,0.027658
12,393435,895,0.018300
12,KACTL,896,0.134107
12,simd-v0,896,0.027705
12,393435,896,0.018295
12,ours-406478,896,0.013825
12,simd-v0,897,0.027519
12,393435,897,0.018322
12,ours-406478,897,0.013791
12,KACTL,897,0.144152
12,393435,898,0.018735
12,ours-406478,898,0.013846
12,KACTL,898,0.133287
12,simd-v0,898,0.027736
12,ours-406478,899,0.013786
12,KACTL,899,0.133339
12,simd-v0,899,0.027681
12,393435,899,0.018280
12,KACTL,900,0.133128
12,simd-v0,900,0.027649
12,393435,900,0.018317
12,ours-406478,900,0.013776
12,simd-v0,901,0.027542
12,393435,901,0.018344
12,ours-406478,901,0.013778
12,KACTL,901,0.133172
12,393435,902,0.018651
12,ours-406478,902,0.013827
12,KACTL,902,0.148962
12,simd-v0,902,0.027618
12,ours-406478,903,0.013831
12,KACTL,903,0.133229
12,simd-v0,903,0.027656
12,393435,903,0.018342
12,KACTL,904,0.133234
12,simd-v0,904,0.027665
12,393435,904,0.018272
12,ours-406478,904,0.013833
12,simd-v0,905,0.027546
12,393435,905,0.018288
12,ours-406478,905,0.013792
12,KACTL,905,0.133244
12,393435,906,0.018697
12,ours-406478,906,0.013794
12,KACTL,906,0.134249
12,simd-v0,906,0.027625
12,ours-406478,907,0.013781
12,KACTL,907,0.154099
12,simd-v0,907,0.027683
12,393435,907,0.018325
12,KACTL,908,0.133338
12,simd-v0,908,0.027674
12,393435,908,0.018338
12,ours-406478,908,0.013820
12,simd-v0,909,0.027527
12,393435,909,0.018330
12,ours-406478,909,0.013833
12,KACTL,909,0.133337
12,393435,910,0.018636
12,ours-406478,910,0.013830
12,KACTL,910,0.133295
12,simd-v0,910,0.027661
12,ours-406478,911,0.013772
12,KACTL,911,0.133198
12,simd-v0,911,0.027688
12,393435,911,0.018309
12,KACTL,912,0.144013
12,simd-v0,912,0.027698
12,393435,912,0.018332
12,ours-406478,912,0.013819
12,simd-v0,913,0.027533
12,393435,913,0.018271
12,ours-406478,913,0.013782
12,KACTL,913,0.133233
12,393435,914,0.018653
12,ours-406478,914,0.013820
12,KACTL,914,0.134262
12,simd-v0,914,0.027646
12,ours-406478,915,0.013779
12,KACTL,915,0.133090
12,simd-v0,915,0.027687
12,393435,915,0.018311
12,KACTL,916,0.133287
12,simd-v0,916,0.027621
12,393435,916,0.018317
12,ours-406478,916,0.013821
12,simd-v0,917,0.027493
12,393435,917,0.018306
12,ours-406478,917,0.023044
12,KACTL,917,0.133311
12,393435,918,0.018692
12,ours-406478,918,0.013845
12,KACTL,918,0.133182
12,simd-v0,918,0.027646
12,ours-406478,919,0.013811
12,KACTL,919,0.134066
12,simd-v0,919,0.027639
12,393435,919,0.018307
12,KACTL,920,0.134021
12,simd-v0,920,0.027687
12,393435,920,0.018322
12,ours-406478,920,0.013784
12,simd-v0,921,0.027534
12,393435,921,0.018299
12,ours-406478,921,0.013832
12,KACTL,921,0.140327
12,393435,922,0.026669
12,ours-406478,922,0.013839
12,KACTL,922,0.143192
12,simd-v0,922,0.027721
12,ours-406478,923,0.013808
12,KACTL,923,0.133341
12,simd-v0,923,0.027665
12,393435,923,0.018355
12,KACTL,924,0.133209
12,simd-v0,924,0.027615
12,393435,924,0.018295
12,ours-406478,924,0.013821
12,simd-v0,925,0.027521
12,393435,925,0.018705
12,ours-406478,925,0.013801
12,KACTL,925,0.133241
12,393435,926,0.018671
12,ours-406478,926,0.013831
12,KACTL,926,0.133261
12,simd-v0,926,0.027653
12,ours-406478,927,0.013808
12,KACTL,927,0.150099
12,simd-v0,927,0.027725
12,393435,927,0.018348
12,KACTL,928,0.133278
12,simd-v0,928,0.027667
12,393435,928,0.018313
12,ours-406478,928,0.013816
12,simd-v0,929,0.027503
12,393435,929,0.018344
12,ours-406478,929,0.013796
12,KACTL,929,0.133110
12,393435,930,0.018699
12,ours-406478,930,0.013818
12,KACTL,930,0.133296
12,simd-v0,930,0.027579
12,ours-406478,931,0.013805
12,KACTL,931,0.132980
12,simd-v0,931,0.027654
12,393435,931,0.018317
12,KACTL,932,0.138862
12,simd-v0,932,0.027681
12,393435,932,0.018314
12,ours-406478,932,0.013848
12,simd-v0,933,0.027537
12,393435,933,0.018321
12,ours-406478,933,0.013832
12,KACTL,933,0.133274
12,393435,934,0.018740
12,ours-406478,934,0.013806
12,KACTL,934,0.133368
12,simd-v0,934,0.027694
12,ours-406478,935,0.013807
12,KACTL,935,0.134156
12,simd-v0,935,0.027663
12,393435,935,0.018323
12,KACTL,936,0.135385
12,simd-v0,936,0.027706
12,393435,936,0.018341
12,ours-406478,936,0.013781
12,simd-v0,937,0.027527
12,393435,937,0.023554
12,ours-406478,937,0.013787
12,KACTL,937,0.133493
12,393435,938,0.018706
12,ours-406478,938,0.013803
12,KACTL,938,0.133345
12,simd-v0,938,0.027622
12,ours-406478,939,0.013780
12,KACTL,939,0.133246
12,simd-v0,939,0.027613
12,393435,939,0.018335
12,KACTL,940,0.133264
12,simd-v0,940,0.027679
12,393435,940,0.018347
12,ours-406478,940,0.013863
12,simd-v0,941,0.027509
12,393435,941,0.018324
12,ours-406478,941,0.013822
12,KACTL,941,0.133241
12,393435,942,0.018697
12,ours-406478,942,0.013810
12,KACTL,942,0.138168
12,simd-v0,942,0.027649
12,ours-406478,943,0.013789
12,KACTL,943,0.133164
12,simd-v0,943,0.027646
12,393435,943,0.018318
12,KACTL,944,0.133262
12,simd-v0,944,0.027658
12,393435,944,0.018329
12,ours-406478,944,0.013822
12,simd-v0,945,0.027563
12,393435,945,0.018329
12,ours-406478,945,0.013780
12,KACTL,945,0.133291
12,393435,946,0.018705
12,ours-406478,946,0.013755
12,KACTL,946,0.133341
12,simd-v0,946,0.027676
12,ours-406478,947,0.013804
12,KACTL,947,0.138352
12,simd-v0,947,0.027701
12,393435,947,0.018340
12,KACTL,948,0.133330
12,simd-v0,948,0.027658
12,393435,948,0.018330
12,ours-406478,948,0.013805
12,simd-v0,949,0.027538
12,393435,949,0.018335
12,ours-406478,949,0.013771
12,KACTL,949,0.133311
12,393435,950,0.018701
12,ours-406478,950,0.013787
12,KACTL,950,0.133289
12,simd-v0,950,0.027706
12,ours-406478,951,0.013771
12,KACTL,951,0.133163
12,simd-v0,951,0.027692
12,393435,951,0.018314
12,KACTL,952,0.138344
12,simd-v0,952,0.027681
12,393435,952,0.018338
12,ours-406478,952,0.013816
12,simd-v0,953,0.027595
12,393435,953,0.018349
12,ours-406478,953,0.013804
12,KACTL,953,0.133160
12,393435,954,0.018680
12,ours-406478,954,0.013824
12,KACTL,954,0.133331
12,simd-v0,954,0.027690
12,ours-406478,955,0.013819
12,KACTL,955,0.133146
12,simd-v0,955,0.027680
12,393435,955,0.018322
12,KACTL,956,0.133785
12,simd-v0,956,0.027672
12,393435,956,0.018336
12,ours-406478,956,0.013784
12,simd-v0,957,0.027561
12,393435,957,0.018317
12,ours-406478,957,0.013775
12,KACTL,957,0.133373
12,393435,958,0.018698
12,ours-406478,958,0.013825
12,KACTL,958,0.133258
12,simd-v0,958,0.027638
12,ours-406478,959,0.013766
12,KACTL,959,0.133103
12,simd-v0,959,0.027637
12,393435,959,0.018313
12,KACTL,960,0.133279
12,simd-v0,960,0.027654
12,393435,960,0.018349
12,ours-406478,960,0.013774
12,simd-v0,961,0.027486
12,393435,961,0.018344
12,ours-406478,961,0.013727
12,KACTL,961,0.133287
12,393435,962,0.018709
12,ours-406478,962,0.013819
12,KACTL,962,0.153044
12,simd-v0,962,0.027656
12,ours-406478,963,0.013915
12,KACTL,963,0.133165
12,simd-v0,963,0.027641
12,393435,963,0.018393
12,KACTL,964,0.133336
12,simd-v0,964,0.027663
12,393435,964,0.018341
12,ours-406478,964,0.013826
12,simd-v0,965,0.027509
12,393435,965,0.018317
12,ours-406478,965,0.013858
12,KACTL,965,0.133261
12,393435,966,0.018701
12,ours-406478,966,0.013840
12,KACTL,966,0.133214
12,simd-v0,966,0.027690
12,ours-406478,967,0.013825
12,KACTL,967,0.138326
12,simd-v0,967,0.027614
12,393435,967,0.018352
12,KACTL,968,0.133226
12,simd-v0,968,0.027663
12,393435,968,0.018322
12,ours-406478,968,0.013857
12,simd-v0,969,0.027511
12,393435,969,0.018317
12,ours-406478,969,0.013853
12,KACTL,969,0.134122
12,393435,970,0.018729
12,ours-406478,970,0.013805
12,KACTL,970,0.133319
12,simd-v0,970,0.027630
12,ours-406478,971,0.013833
12,KACTL,971,0.133266
12,simd-v0,971,0.027720
12,393435,971,0.018356
12,KACTL,972,0.138244
12,simd-v0,972,0.027676
12,393435,972,0.018367
12,ours-406478,972,0.013837
12,simd-v0,973,0.027474
12,393435,973,0.018347
12,ours-406478,973,0.013815
12,KACTL,973,0.133388
12,393435,974,0.018700
12,ours-406478,974,0.013834
12,KACTL,974,0.134197
12,simd-v0,974,0.027661
12,ours-406478,975,0.013824
12,KACTL,975,0.133174
12,simd-v0,975,0.027678
12,393435,975,0.018364
12,KACTL,976,0.133270
12,simd-v0,976,0.027665
12,393435,976,0.018301
12,ours-406478,976,0.013811
12,simd-v0,977,0.027565
12,393435,977,0.018348
12,ours-406478,977,0.013793
12,KACTL,977,0.138319
12,393435,978,0.018756
12,ours-406478,978,0.013837
12,KACTL,978,0.133251
12,simd-v0,978,0.027701
12,ours-406478,979,0.013802
12,KACTL,979,0.133201
12,simd-v0,979,0.027655
12,393435,979,0.018361
12,KACTL,980,0.133189
12,simd-v0,980,0.027694
12,393435,980,0.018344
12,ours-406478,980,0.013837
12,simd-v0,981,0.027513
12,393435,981,0.018343
12,ours-406478,981,0.013829
12,KACTL,981,0.133193
12,393435,982,0.018717
12,ours-406478,982,0.013856
12,KACTL,982,0.139268
12,simd-v0,982,0.027665
12,ours-406478,983,0.013838
12,KACTL,983,0.133335
12,simd-v0,983,0.027664
12,393435,983,0.018364
12,KACTL,984,0.133317
12,simd-v0,984,0.027633
12,393435,984,0.018349
12,ours-406478,984,0.013821
12,simd-v0,985,0.027555
12,393435,985,0.018324
12,ours-406478,985,0.013813
12,KACTL,985,0.134102
12,393435,986,0.018731
12,ours-406478,986,0.013800
12,KACTL,986,0.135333
12,simd-v0,986,0.027674
12,ours-406478,987,0.013832
12,KACTL,987,0.138375
12,simd-v0,987,0.027676
12,393435,987,0.018353
12,KACTL,988,0.133331
12,simd-v0,988,0.027695
12,393435,988,0.018329
12,ours-406478,988,0.013816
12,simd-v0,989,0.027437
12,393435,989,0.018335
12,ours-406478,989,0.013827
12,KACTL,989,0.133176
12,393435,990,0.018710
12,ours-406478,990,0.013827
12,KACTL,990,0.133431
12,simd-v0,990,0.027640
12,ours-406478,991,0.013822
12,KACTL,991,0.133217
12,simd-v0,991,0.027666
12,393435,991,0.018354
12,KACTL,992,0.137920
12,simd-v0,992,0.027715
12,393435,992,0.018352
12,ours-406478,992,0.013856
12,simd-v0,993,0.027504
12,393435,993,0.018319
12,ours-406478,993,0.013812
12,KACTL,993,0.133246
12,393435,994,0.018700
12,ours-406478,994,0.013830
12,KACTL,994,0.133407
12,simd-v0,994,0.027673
12,ours-406478,995,0.013816
12,KACTL,995,0.133197
12,simd-v0,995,0.027654
12,393435,995,0.018393
12,KACTL,996,0.134184
12,simd-v0,996,0.027655
12,393435,996,0.018328
12,ours-406478,996,0.013814
12,simd-v0,997,0.027563
12,393435,997,0.018312
12,ours-406478,997,0.013808
12,KACTL,997,0.138064
12,393435,998,0.018737
12,ours-406478,998,0.013839
12,KACTL,998,0.133323
12,simd-v0,998,0.027598
12,ours-406478,999,0.013778
12,KACTL,999,0.133219
12,simd-v0,999,0.027649
12,393435,999,0.018379
12,KACTL,1000,0.133145
12,simd-v0,1000,0.027634
12,393435,1000,0.018354
12,ours-406478,1000,0.013785
13,KACTL,0,0.284682
13,simd-v0,0,0.056035
13,393435,0,0.039471
13,ours-406478,0,0.030550
13,simd-v0,1,0.056153
13,393435,1,0.039453
13,ours-406478,1,0.030571
13,KACTL,1,0.284192
13,393435,2,0.039051
13,ours-406478,2,0.030519
13,KACTL,2,0.289605
13,simd-v0,2,0.056085
13,ours-406478,3,0.030640
13,KACTL,3,0.284001
13,simd-v0,3,0.056088
13,393435,3,0.039382
13,KACTL,4,0.289238
13,simd-v0,4,0.056164
13,393435,4,0.039457
13,ours-406478,4,0.030505
13,simd-v0,5,0.056137
13,393435,5,0.038751
13,ours-406478,5,0.030531
13,KACTL,5,0.286099
13,393435,6,0.039115
13,ours-406478,6,0.030549
13,KACTL,6,0.284450
13,simd-v0,6,0.061135
13,ours-406478,7,0.030430
13,KACTL,7,0.284143
13,simd-v0,7,0.056090
13,393435,7,0.039485
13,KACTL,8,0.283956
13,simd-v0,8,0.056074
13,393435,8,0.039469
13,ours-406478,8,0.030498
13,simd-v0,9,0.056090
13,393435,9,0.039104
13,ours-406478,9,0.030447
13,KACTL,9,0.284017
13,393435,10,0.039110
13,ours-406478,10,0.030377
13,KACTL,10,0.284017
13,simd-v0,10,0.056075
13,ours-406478,11,0.030533
13,KACTL,11,0.289579
13,simd-v0,11,0.056138
13,393435,11,0.039528
13,KACTL,12,0.284149
13,simd-v0,12,0.056054
13,393435,12,0.039451
13,ours-406478,12,0.030465
13,simd-v0,13,0.056006
13,393435,13,0.039421
13,ours-406478,13,0.030552
13,KACTL,13,0.286078
13,393435,14,0.044321
13,ours-406478,14,0.030432
13,KACTL,14,0.284191
13,simd-v0,14,0.055983
13,ours-406478,15,0.029820
13,KACTL,15,0.284446
13,simd-v0,15,0.056090
13,393435,15,0.038720
13,KACTL,16,0.288939
13,simd-v0,16,0.056087
13,393435,16,0.039495
13,ours-406478,16,0.030469
13,simd-v0,17,0.056121
13,393435,17,0.038676
13,ours-406478,17,0.030407
13,KACTL,17,0.283957
13,393435,18,0.039083
13,ours-406478,18,0.030446
13,KACTL,18,0.290277
13,simd-v0,18,0.056205
13,ours-406478,19,0.030575
13,KACTL,19,0.285770
13,simd-v0,19,0.056097
13,393435,19,0.038849
13,KACTL,20,0.284415
13,simd-v0,20,0.056017
13,393435,20,0.039468
13,ours-406478,20,0.030453
13,simd-v0,21,0.056144
13,393435,21,0.043906
13,ours-406478,21,0.030349
13,KACTL,21,0.284681
13,393435,22,0.039126
13,ours-406478,22,0.030406
13,KACTL,22,0.284126
13,simd-v0,22,0.055949
13,ours-406478,23,0.030545
13,KACTL,23,0.289803
13,simd-v0,23,0.056079
13,393435,23,0.039453
13,KACTL,24,0.284259
13,simd-v0,24,0.056119
13,393435,24,0.039489
13,ours-406478,24,0.030489
13,simd-v0,25,0.056159
13,393435,25,0.038763
13,ours-406478,25,0.030492
13,KACTL,25,0.290440
13,393435,26,0.039088
13,ours-406478,26,0.030474
13,KACTL,26,0.284846
13,simd-v0,26,0.055961
13,ours-406478,27,0.030491
13,KACTL,27,0.283972
13,simd-v0,27,0.056049
13,393435,27,0.038735
13,KACTL,28,0.289416
13,simd-v0,28,0.056101
13,393435,28,0.039443
13,ours-406478,28,0.030570
13,simd-v0,29,0.056105
13,393435,29,0.038755
13,ours-406478,29,0.030464
13,KACTL,29,0.330786
13,393435,30,0.039229
13,ours-406478,30,0.030447
13,KACTL,30,0.290091
13,simd-v0,30,0.056261
13,ours-406478,31,0.030567
13,KACTL,31,0.284511
13,simd-v0,31,0.056011
13,393435,31,0.039489
13,KACTL,32,0.285834
13,simd-v0,32,0.056151
13,393435,32,0.039441
13,ours-406478,32,0.035884
13,simd-v0,33,0.056136
13,393435,33,0.039433
13,ours-406478,33,0.030423
13,KACTL,33,0.284586
13,393435,34,0.039091
13,ours-406478,34,0.030469
13,KACTL,34,0.284357
13,simd-v0,34,0.056192
13,ours-406478,35,0.030562
13,KACTL,35,0.289268
13,simd-v0,35,0.056260
13,393435,35,0.039485
13,KACTL,36,0.284366
13,simd-v0,36,0.056025
13,393435,36,0.038747
13,ours-406478,36,0.030515
13,simd-v0,37,0.056239
13,393435,37,0.038794
13,ours-406478,37,0.031916
13,KACTL,37,0.289748
13,393435,38,0.039159
13,ours-406478,38,0.030463
13,KACTL,38,0.284207
13,simd-v0,38,0.056117
13,ours-406478,39,0.030548
13,KACTL,39,0.284483
13,simd-v0,39,0.056142
13,393435,39,0.038748
13,KACTL,40,0.289765
13,simd-v0,40,0.056088
13,393435,40,0.039466
13,ours-406478,40,0.030436
13,simd-v0,41,0.056057
13,393435,41,0.039452
13,ours-406478,41,0.030560
13,KACTL,41,0.286259
13,393435,42,0.039121
13,ours-406478,42,0.030491
13,KACTL,42,0.289385
13,simd-v0,42,0.056137
13,ours-406478,43,0.030609
13,KACTL,43,0.284315
13,simd-v0,43,0.056234
13,393435,43,0.038727
13,KACTL,44,0.284389
13,simd-v0,44,0.056077
13,393435,44,0.043520
13,ours-406478,44,0.029847
13,simd-v0,45,0.055931
13,393435,45,0.038771
13,ours-406478,45,0.029869
13,KACTL,45,0.284442
13,393435,46,0.039102
13,ours-406478,46,0.030413
13,KACTL,46,0.284586
13,simd-v0,46,0.056074
13,ours-406478,47,0.030558
13,KACTL,47,0.290663
13,simd-v0,47,0.055970
13,393435,47,0.039434
13,KACTL,48,0.284524
13,simd-v0,48,0.056045
13,393435,48,0.039471
13,ours-406478,48,0.030508
13,simd-v0,49,0.056047
13,393435,49,0.039412
13,ours-406478,49,0.030466
13,KACTL,49,0.290352
13,393435,50,0.039083
13,ours-406478,50,0.030455
13,KACTL,50,0.284417
13,simd-v0,50,0.056053
13,ours-406478,51,0.030503
13,KACTL,51,0.285135
13,simd-v0,51,0.056187
13,393435,51,0.043977
13,KACTL,52,0.284715
13,simd-v0,52,0.056170
13,393435,52,0.039480
13,ours-406478,52,0.030463
13,simd-v0,53,0.056102
13,393435,53,0.038776
13,ours-406478,53,0.030209
13,KACTL,53,0.284455
13,393435,54,0.039167
13,ours-406478,54,0.030496
13,KACTL,54,0.289757
13,simd-v0,54,0.056033
13,ours-406478,55,0.030496
13,KACTL,55,0.284607
13,simd-v0,55,0.056060
13,393435,55,0.039499
13,KACTL,56,0.284489
13,simd-v0,56,0.069180
13,393435,56,0.039228
13,ours-406478,56,0.030446
13,simd-v0,57,0.056140
13,393435,57,0.038804
13,ours-406478,57,0.030452
13,KACTL,57,0.285157
13,393435,58,0.039095
13,ours-406478,58,0.030416
13,KACTL,58,0.284946
13,simd-v0,58,0.056052
13,ours-406478,59,0.036102
13,KACTL,59,0.284688
13,simd-v0,59,0.056187
13,393435,59,0.038759
13,KACTL,60,0.284625
13,simd-v0,60,0.056083
13,393435,60,0.038681
13,ours-406478,60,0.032400
13,simd-v0,61,0.056113
13,393435,61,0.038743
13,ours-406478,61,0.030497
13,KACTL,61,0.289646
13,393435,62,0.039185
13,ours-406478,62,0.030476
13,KACTL,62,0.284220
13,simd-v0,62,0.056057
13,ours-406478,63,0.030528
13,KACTL,63,0.284385
13,simd-v0,63,0.061162
13,393435,63,0.039369
13,KACTL,64,0.284581
13,simd-v0,64,0.056082
13,393435,64,0.039398
13,ours-406478,64,0.030424
13,simd-v0,65,0.056147
13,393435,65,0.039447
13,ours-406478,65,0.030474
13,KACTL,65,0.284589
13,393435,66,0.039078
13,ours-406478,66,0.030495
13,KACTL,66,0.289396
13,simd-v0,66,0.056118
13,ours-406478,67,0.030544
13,KACTL,67,0.286193
13,simd-v0,67,0.056147
13,393435,67,0.038758
13,KACTL,68,0.289317
13,simd-v0,68,0.056063
13,393435,68,0.038744
13,ours-406478,68,0.029835
13,simd-v0,69,0.055872
13,393435,69,0.038818
13,ours-406478,69,0.029871
13,KACTL,69,0.284519
13,393435,70,0.039036
13,ours-406478,70,0.030454
13,KACTL,70,0.285194
13,simd-v0,70,0.061187
13,ours-406478,71,0.030402
13,KACTL,71,0.285022
13,simd-v0,71,0.055932
13,393435,71,0.039500
13,KACTL,72,0.284302
13,simd-v0,72,0.056147
13,393435,72,0.038724
13,ours-406478,72,0.030405
13,simd-v0,73,0.056037
13,393435,73,0.038792
13,ours-406478,73,0.030508
13,KACTL,73,0.289296
13,393435,74,0.039137
13,ours-406478,74,0.030420
13,KACTL,74,0.284424
13,simd-v0,74,0.056057
13,ours-406478,75,0.030516
13,KACTL,75,0.294748
13,simd-v0,75,0.056114
13,393435,75,0.039462
13,KACTL,76,0.284191
13,simd-v0,76,0.056069
13,393435,76,0.038829
13,ours-406478,76,0.030412
13,simd-v0,77,0.056241
13,393435,77,0.039462
13,ours-406478,77,0.030497
13,KACTL,77,0.284205
13,393435,78,0.044487
13,ours-406478,78,0.030441
13,KACTL,78,0.284515
13,simd-v0,78,0.056072
13,ours-406478,79,0.030521
13,KACTL,79,0.284397
13,simd-v0,79,0.056073
13,393435,79,0.038844
13,KACTL,80,0.289448
13,simd-v0,80,0.056061
13,393435,80,0.039410
13,ours-406478,80,0.030479
13,simd-v0,81,0.056157
13,393435,81,0.038690
13,ours-406478,81,0.030489
13,KACTL,81,0.284270
13,393435,82,0.039092
13,ours-406478,82,0.030464
13,KACTL,82,0.289524
13,simd-v0,82,0.056042
13,ours-406478,83,0.030504
13,KACTL,83,0.284259
13,simd-v0,83,0.056120
13,393435,83,0.039559
13,KACTL,84,0.284337
13,simd-v0,84,0.057810
13,393435,84,0.039273
13,ours-406478,84,0.030482
13,simd-v0,85,0.056114
13,393435,85,0.044902
13,ours-406478,85,0.030318
13,KACTL,85,0.284570
13,393435,86,0.039150
13,ours-406478,86,0.030544
13,KACTL,86,0.284313
13,simd-v0,86,0.056074
13,ours-406478,87,0.029816
13,KACTL,87,0.289402
13,simd-v0,87,0.056140
13,393435,87,0.038797
13,KACTL,88,0.284941
13,simd-v0,88,0.056089
13,393435,88,0.038765
13,ours-406478,88,0.029865
13,simd-v0,89,0.055954
13,393435,89,0.038739
13,ours-406478,89,0.029848
13,KACTL,89,0.291177
13,393435,90,0.039124
13,ours-406478,90,0.030430
13,KACTL,90,0.284285
13,simd-v0,90,0.056152
13,ours-406478,91,0.030539
13,KACTL,91,0.286057
13,simd-v0,91,0.056139
13,393435,91,0.039625
13,KACTL,92,0.289648
13,simd-v0,92,0.056110
13,393435,92,0.039511
13,ours-406478,92,0.030521
13,simd-v0,93,0.056093
13,393435,93,0.038710
13,ours-406478,93,0.030410
13,KACTL,93,0.305453
13,393435,94,0.039178
13,ours-406478,94,0.030437
13,KACTL,94,0.289288
13,simd-v0,94,0.056122
13,ours-406478,95,0.030559
13,KACTL,95,0.284321
13,simd-v0,95,0.056218
13,393435,95,0.039529
13,KACTL,96,0.284499
13,simd-v0,96,0.056011
13,393435,96,0.039521
13,ours-406478,96,0.030467
13,simd-v0,97,0.061251
13,393435,97,0.039338
13,ours-406478,97,0.030207
13,KACTL,97,0.284807
13,393435,98,0.039074
13,ours-406478,98,0.030481
13,KACTL,98,0.284327
13,simd-v0,98,0.056034
13,ours-406478,99,0.030550
13,KACTL,99,0.289724
13,simd-v0,99,0.056142
13,393435,99,0.039493
13,KACTL,100,0.284215
13,simd-v0,100,0.056076
13,393435,100,0.039463
13,ours-406478,100,0.030544
13,simd-v0,101,0.056123
13,393435,101,0.038708
13,ours-406478,101,0.030479
13,KACTL,101,0.291405
13,393435,102,0.039177
13,ours-406478,102,0.030478
13,KACTL,102,0.284685
13,simd-v0,102,0.056103
13,ours-406478,103,0.030523
13,KACTL,103,0.285615
13,simd-v0,103,0.056031
13,393435,103,0.038794
13,KACTL,104,0.289970
13,simd-v0,104,0.056181
13,393435,104,0.039543
13,ours-406478,104,0.030465
13,simd-v0,105,0.056113
13,393435,105,0.048333
13,ours-406478,105,0.030349
13,KACTL,105,0.284769
13,393435,106,0.039180
13,ours-406478,106,0.030403
13,KACTL,106,0.290038
13,simd-v0,106,0.056114
13,ours-406478,107,0.029835
13,KACTL,107,0.284335
13,simd-v0,107,0.056065
13,393435,107,0.038840
13,KACTL,108,0.287206
13,simd-v0,108,0.056102
13,393435,108,0.044678
13,ours-406478,108,0.030347
13,simd-v0,109,0.056032
13,393435,109,0.038772
13,ours-406478,109,0.030489
13,KACTL,109,0.284368
13,393435,110,0.039031
13,ours-406478,110,0.030461
13,KACTL,110,0.284854
13,simd-v0,110,0.056020
13,ours-406478,111,0.030545
13,KACTL,111,0.290194
13,simd-v0,111,0.056095
13,393435,111,0.039425
13,KACTL,112,0.284869
13,simd-v0,112,0.056138
13,393435,112,0.038766
13,ours-406478,112,0.030427
13,simd-v0,113,0.056060
13,393435,113,0.038726
13,ours-406478,113,0.030412
13,KACTL,113,0.290674
13,393435,114,0.039152
13,ours-406478,114,0.029848
13,KACTL,114,0.284483
13,simd-v0,114,0.056081
13,ours-406478,115,0.029800
13,KACTL,115,0.284387
13,simd-v0,115,0.056063
13,393435,115,0.038740
13,KACTL,116,0.289449
13,simd-v0,116,0.056062
13,393435,116,0.039457
13,ours-406478,116,0.030504
13,simd-v0,117,0.056162
13,393435,117,0.038751
13,ours-406478,117,0.030405
13,KACTL,117,0.285510
13,393435,118,0.039071
13,ours-406478,118,0.030457
13,KACTL,118,0.289470
13,simd-v0,118,0.056133
13,ours-406478,119,0.030526
13,KACTL,119,0.284357
13,simd-v0,119,0.056193
13,393435,119,0.038888
13,KACTL,120,0.285508
13,simd-v0,120,0.061243
13,393435,120,0.039307
13,ours-406478,120,0.030423
13,simd-v0,121,0.056067
13,393435,121,0.038754
13,ours-406478,121,0.030459
13,KACTL,121,0.285846
13,393435,122,0.039147
13,ours-406478,122,0.030482
13,KACTL,122,0.284411
13,simd-v0,122,0.056198
13,ours-406478,123,0.030522
13,KACTL,123,0.289539
13,simd-v0,123,0.056142
13,393435,123,0.038734
13,KACTL,124,0.284522
13,simd-v0,124,0.056152
13,393435,124,0.038707
13,ours-406478,124,0.029779
13,simd-v0,125,0.055906
13,393435,125,0.038745
13,ours-406478,125,0.029847
13,KACTL,125,0.290258
13,393435,126,0.039164
13,ours-406478,126,0.030497
13,KACTL,126,0.284472
13,simd-v0,126,0.056048
13,ours-406478,127,0.030559
13,KACTL,127,0.284206
13,simd-v0,127,0.061556
13,393435,127,0.039362
13,KACTL,128,0.284502
13,simd-v0,128,0.056121
13,393435,128,0.039380
13,ours-406478,128,0.030410
13,simd-v0,129,0.055979
13,393435,129,0.039455
13,ours-406478,129,0.030433
13,KACTL,129,0.284108
13,393435,130,0.039096
13,ours-406478,130,0.030470
13,KACTL,130,0.290611
13,simd-v0,130,0.056092
13,ours-406478,131,0.030529
13,KACTL,131,0.284311
13,simd-v0,131,0.056051
13,393435,131,0.039471
13,KACTL,132,0.291591
13,simd-v0,132,0.056144
13,393435,132,0.039448
13,ours-406478,132,0.030435
13,simd-v0,133,0.056078
13,393435,133,0.038724
13,ours-406478,133,0.030498
13,KACTL,133,0.284271
13,393435,134,0.039083
13,ours-406478,134,0.030489
13,KACTL,134,0.285932
13,simd-v0,134,0.056050
13,ours-406478,135,0.051864
13,KACTL,135,0.284404
13,simd-v0,135,0.056106
13,393435,135,0.038787
13,KACTL,136,0.284299
13,simd-v0,136,0.056056
13,393435,136,0.038713
13,ours-406478,136,0.029826
13,simd-v0,137,0.055907
13,393435,137,0.038743
13,ours-406478,137,0.029843
13,KACTL,137,0.289261
13,393435,138,0.039152
13,ours-406478,138,0.030441
13,KACTL,138,0.284641
13,simd-v0,138,0.056121
13,ours-406478,139,0.030521
13,KACTL,139,0.288892
13,simd-v0,139,0.056111
13,393435,139,0.039135
13,KACTL,140,0.284230
13,simd-v0,140,0.056053
13,393435,140,0.039446
13,ours-406478,140,0.030522
13,simd-v0,141,0.056084
13,393435,141,0.038761
13,ours-406478,141,0.030527
13,KACTL,141,0.284286
13,393435,142,0.038979
13,ours-406478,142,0.035673
13,KACTL,142,0.284321
13,simd-v0,142,0.056019
13,ours-406478,143,0.030514
13,KACTL,143,0.284380
13,simd-v0,143,0.056024
13,393435,143,0.038748
13,KACTL,144,0.289642
13,simd-v0,144,0.056004
13,393435,144,0.039409
13,ours-406478,144,0.030444
13,simd-v0,145,0.055986
13,393435,145,0.039404
13,ours-406478,145,0.030475
13,KACTL,145,0.285637
13,393435,146,0.039150
13,ours-406478,146,0.030442
13,KACTL,146,0.288755
13,simd-v0,146,0.056100
13,ours-406478,147,0.030529
13,KACTL,147,0.285707
13,simd-v0,147,0.056062
13,393435,147,0.038670
13,KACTL,148,0.284218
13,simd-v0,148,0.055992
13,393435,148,0.038819
13,ours-406478,148,0.029857
13,simd-v0,149,0.055847
13,393435,149,0.038727
13,ours-406478,149,0.030228
13,KACTL,149,0.284138
13,393435,150,0.039112
13,ours-406478,150,0.030404
13,KACTL,150,0.284670
13,simd-v0,150,0.056072
13,ours-406478,151,0.030552
13,KACTL,151,0.288940
13,simd-v0,151,0.056087
13,393435,151,0.039458
13,KACTL,152,0.284542
13,simd-v0,152,0.056079
13,393435,152,0.039489
13,ours-406478,152,0.030503
13,simd-v0,153,0.056015
13,393435,153,0.038837
13,ours-406478,153,0.030506
13,KACTL,153,0.288767
13,393435,154,0.039134
13,ours-406478,154,0.030502
13,KACTL,154,0.284422
13,simd-v0,154,0.056145
13,ours-406478,155,0.030564
13,KACTL,155,0.284326
13,simd-v0,155,0.056051
13,393435,155,0.040465
13,KACTL,156,0.289292
13,simd-v0,156,0.056141
13,393435,156,0.039476
13,ours-406478,156,0.030515
13,simd-v0,157,0.056015
13,393435,157,0.038771
13,ours-406478,157,0.030385
13,KACTL,157,0.284330
13,393435,158,0.039058
13,ours-406478,158,0.030503
13,KACTL,158,0.289595
13,simd-v0,158,0.056154
13,ours-406478,159,0.030532
13,KACTL,159,0.284318
13,simd-v0,159,0.056050
13,393435,159,0.039415
13,KACTL,160,0.285590
13,simd-v0,160,0.056021
13,393435,160,0.039434
13,ours-406478,160,0.030447
13,simd-v0,161,0.061306
13,393435,161,0.039407
13,ours-406478,161,0.030410
13,KACTL,161,0.284311
13,393435,162,0.039107
13,ours-406478,162,0.029837
13,KACTL,162,0.285888
13,simd-v0,162,0.056098
13,ours-406478,163,0.029837
13,KACTL,163,0.289746
13,simd-v0,163,0.056065
13,393435,163,0.038734
13,KACTL,164,0.286449
13,simd-v0,164,0.056008
13,393435,164,0.039493
13,ours-406478,164,0.030560
13,simd-v0,165,0.056043
13,393435,165,0.039476
13,ours-406478,165,0.030498
13,KACTL,165,0.291178
13,393435,166,0.039158
13,ours-406478,166,0.030482
13,KACTL,166,0.284537
13,simd-v0,166,0.056025
13,ours-406478,167,0.030495
13,KACTL,167,0.284361
13,simd-v0,167,0.056119
13,393435,167,0.039443
13,KACTL,168,0.290008
13,simd-v0,168,0.056121
13,393435,168,0.039481
13,ours-406478,168,0.030481
13,simd-v0,169,0.056106
13,393435,169,0.039464
13,ours-406478,169,0.030489
13,KACTL,169,0.285715
13,393435,170,0.039105
13,ours-406478,170,0.030461
13,KACTL,170,0.289138
13,simd-v0,170,0.056094
13,ours-406478,171,0.030594
13,KACTL,171,0.284265
13,simd-v0,171,0.056096
13,393435,171,0.039511
13,KACTL,172,0.283962
13,simd-v0,172,0.056016
13,393435,172,0.039410
13,ours-406478,172,0.035721
13,simd-v0,173,0.056177
13,393435,173,0.039504
13,ours-406478,173,0.030469
13,KACTL,173,0.284229
13,393435,174,0.039089
13,ours-406478,174,0.029818
13,KACTL,174,0.286238
13,simd-v0,174,0.056108
13,ours-406478,175,0.029839
13,KACTL,175,0.289451
13,simd-v0,175,0.056068
13,393435,175,0.038831
13,KACTL,176,0.284358
13,simd-v0,176,0.056044
13,393435,176,0.039541
13,ours-406478,176,0.030475
13,simd-v0,177,0.055993
13,393435,177,0.039435
13,ours-406478,177,0.030530
13,KACTL,177,0.289142
13,393435,178,0.039195
13,ours-406478,178,0.030509
13,KACTL,178,0.284475
13,simd-v0,178,0.055970
13,ours-406478,179,0.030482
13,KACTL,179,0.286669
13,simd-v0,179,0.056083
13,393435,179,0.039454
13,KACTL,180,0.290097
13,simd-v0,180,0.056030
13,393435,180,0.039486
13,ours-406478,180,0.030504
13,simd-v0,181,0.056057
13,393435,181,0.039475
13,ours-406478,181,0.030435
13,KACTL,181,0.284550
13,393435,182,0.039096
13,ours-406478,182,0.030424
13,KACTL,182,0.289958
13,simd-v0,182,0.056148
13,ours-406478,183,0.030522
13,KACTL,183,0.284783
13,simd-v0,183,0.056035
13,393435,183,0.038822
13,KACTL,184,0.284334
13,simd-v0,184,0.056015
13,393435,184,0.044629
13,ours-406478,184,0.030309
13,simd-v0,185,0.056136
13,393435,185,0.039388
13,ours-406478,185,0.030471
13,KACTL,185,0.284460
13,393435,186,0.039144
13,ours-406478,186,0.030474
13,KACTL,186,0.284496
13,simd-v0,186,0.056088
13,ours-406478,187,0.030535
13,KACTL,187,0.289255
13,simd-v0,187,0.056054
13,393435,187,0.039502
13,KACTL,188,0.284651
13,simd-v0,188,0.056123
13,393435,188,0.038774
13,ours-406478,188,0.029878
13,simd-v0,189,0.055990
13,393435,189,0.038745
13,ours-406478,189,0.029847
13,KACTL,189,0.289434
13,393435,190,0.039160
13,ours-406478,190,0.029874
13,KACTL,190,0.284645
13,simd-v0,190,0.056015
13,ours-406478,191,0.030530
13,KACTL,191,0.284678
13,simd-v0,191,0.056023
13,393435,191,0.039419
13,KACTL,192,0.284435
13,simd-v0,192,0.056084
13,393435,192,0.039467
13,ours-406478,192,0.030568
13,simd-v0,193,0.056110
13,393435,193,0.039508
13,ours-406478,193,0.030483
13,KACTL,193,0.284336
13,393435,194,0.039085
13,ours-406478,194,0.030463
13,KACTL,194,0.289372
13,simd-v0,194,0.056140
13,ours-406478,195,0.030548
13,KACTL,195,0.284336
13,simd-v0,195,0.056161
13,393435,195,0.038803
13,KACTL,196,0.284191
13,simd-v0,196,0.061290
13,393435,196,0.039323
13,ours-406478,196,0.030456
13,simd-v0,197,0.056111
13,393435,197,0.039456
13,ours-406478,197,0.030483
13,KACTL,197,0.284507
13,393435,198,0.039101
13,ours-406478,198,0.030496
13,KACTL,198,0.284636
13,simd-v0,198,0.056017
13,ours-406478,199,0.030503
13,KACTL,199,0.289882
13,simd-v0,199,0.055983
13,393435,199,0.039468
13,KACTL,200,0.284677
13,simd-v0,200,0.056083
13,393435,200,0.039490
13,ours-406478,200,0.030466
13,simd-v0,201,0.056148
13,393435,201,0.039452
13,ours-406478,201,0.030511
13,KACTL,201,0.289502
13,393435,202,0.039178
13,ours-406478,202,0.030418
13,KACTL,202,0.284409
13,simd-v0,202,0.056026
13,ours-406478,203,0.029798
13,KACTL,203,0.286748
13,simd-v0,203,0.060929
13,393435,203,0.038831
13,KACTL,204,0.284474
13,simd-v0,204,0.056083
13,393435,204,0.038706
13,ours-406478,204,0.029815
13,simd-v0,205,0.055797
13,393435,205,0.038772
13,ours-406478,205,0.029902
13,KACTL,205,0.284090
13,393435,206,0.039080
13,ours-406478,206,0.030472
13,KACTL,206,0.289297
13,simd-v0,206,0.056035
13,ours-406478,207,0.030499
13,KACTL,207,0.286390
13,simd-v0,207,0.056057
13,393435,207,0.039519
13,KACTL,208,0.301029
13,simd-v0,208,0.056240
13,393435,208,0.038782
13,ours-406478,208,0.030549
13,simd-v0,209,0.056044
13,393435,209,0.039471
13,ours-406478,209,0.030453
13,KACTL,209,0.284428
13,393435,210,0.039172
13,ours-406478,210,0.030485
13,KACTL,210,0.284560
13,simd-v0,210,0.061208
13,ours-406478,211,0.030388
13,KACTL,211,0.284558
13,simd-v0,211,0.056004
13,393435,211,0.039488
13,KACTL,212,0.284751
13,simd-v0,212,0.056075
13,393435,212,0.039437
13,ours-406478,212,0.030496
13,simd-v0,213,0.055944
13,393435,213,0.038729
13,ours-406478,213,0.030430
13,KACTL,213,0.307872
13,393435,214,0.039119
13,ours-406478,214,0.030403
13,KACTL,214,0.284274
13,simd-v0,214,0.056088
13,ours-406478,215,0.030530
13,KACTL,215,0.289465
13,simd-v0,215,0.056184
13,393435,215,0.039534
13,KACTL,216,0.284526
13,simd-v0,216,0.056153
13,393435,216,0.039477
13,ours-406478,216,0.030427
13,simd-v0,217,0.055946
13,393435,217,0.038811
13,ours-406478,217,0.030509
13,KACTL,217,0.284458
13,393435,218,0.043962
13,ours-406478,218,0.029858
13,KACTL,218,0.284457
13,simd-v0,218,0.056039
13,ours-406478,219,0.029816
13,KACTL,219,0.285548
13,simd-v0,219,0.055999
13,393435,219,0.038705
13,KACTL,220,0.290440
13,simd-v0,220,0.056139
13,393435,220,0.039450
13,ours-406478,220,0.030455
13,simd-v0,221,0.056078
13,393435,221,0.039496
13,ours-406478,221,0.030449
13,KACTL,221,0.286256
13,393435,222,0.039073
13,ours-406478,222,0.030465
13,KACTL,222,0.289063
13,simd-v0,222,0.056123
13,ours-406478,223,0.030524
13,KACTL,223,0.284365
13,simd-v0,223,0.055978
13,393435,223,0.038687
13,KACTL,224,0.285139
13,simd-v0,224,0.056037
13,393435,224,0.039512
13,ours-406478,224,0.030422
13,simd-v0,225,0.056173
13,393435,225,0.044560
13,ours-406478,225,0.030310
13,KACTL,225,0.284572
13,393435,226,0.039114
13,ours-406478,226,0.030399
13,KACTL,226,0.284358
13,simd-v0,226,0.056037
13,ours-406478,227,0.030530
13,KACTL,227,0.298291
13,simd-v0,227,0.056092
13,393435,227,0.038701
13,KACTL,228,0.284524
13,simd-v0,228,0.056031
13,393435,228,0.038753
13,ours-406478,228,0.029814
13,simd-v0,229,0.055879
13,393435,229,0.038730
13,ours-406478,229,0.029839
13,KACTL,229,0.289527
13,393435,230,0.039150
13,ours-406478,230,0.030442
13,KACTL,230,0.284589
13,simd-v0,230,0.056160
13,ours-406478,231,0.030529
13,KACTL,231,0.284513
13,simd-v0,231,0.056048
13,393435,231,0.038754
13,KACTL,232,0.290662
13,simd-v0,232,0.056090
13,393435,232,0.039429
13,ours-406478,232,0.030460
13,simd-v0,233,0.056101
13,393435,233,0.038743
13,ours-406478,233,0.030440
13,KACTL,233,0.284418
13,393435,234,0.039143
13,ours-406478,234,0.030499
13,KACTL,234,0.289595
13,simd-v0,234,0.056087
13,ours-406478,235,0.029855
13,KACTL,235,0.284624
13,simd-v0,235,0.056117
13,393435,235,0.038774
13,KACTL,236,0.285788
13,simd-v0,236,0.056117
13,393435,236,0.039424
13,ours-406478,236,0.030577
13,simd-v0,237,0.061157
13,393435,237,0.039275
13,ours-406478,237,0.030466
13,KACTL,237,0.284251
13,393435,238,0.039090
13,ours-406478,238,0.030439
13,KACTL,238,0.284404
13,simd-v0,238,0.056121
13,ours-406478,239,0.030528
13,KACTL,239,0.289875
13,simd-v0,239,0.055988
13,393435,239,0.038755
13,KACTL,240,0.285665
13,simd-v0,240,0.056021
13,393435,240,0.038732
13,ours-406478,240,0.029855
13,simd-v0,241,0.055969
13,393435,241,0.038807
13,ours-406478,241,0.029813
13,KACTL,241,0.289421
13,393435,242,0.039138
13,ours-406478,242,0.030528
13,KACTL,242,0.284171
13,simd-v0,242,0.055987
13,ours-406478,243,0.030525
13,KACTL,243,0.284320
13,simd-v0,243,0.056027
13,393435,243,0.038733
13,KACTL,244,0.289903
13,simd-v0,244,0.056102
13,393435,244,0.039434
13,ours-406478,244,0.030474
13,simd-v0,245,0.056168
13,393435,245,0.039410
13,ours-406478,245,0.030425
13,KACTL,245,0.284116
13,393435,246,0.039111
13,ours-406478,246,0.030425
13,KACTL,246,0.290410
13,simd-v0,246,0.056159
13,ours-406478,247,0.029824
13,KACTL,247,0.285049
13,simd-v0,247,0.055990
13,393435,247,0.038747
13,KACTL,248,0.284289
13,simd-v0,248,0.056088
13,393435,248,0.038762
13,ours-406478,248,0.035617
13,simd-v0,249,0.056095
13,393435,249,0.039453
13,ours-406478,249,0.030500
13,KACTL,249,0.284326
13,393435,250,0.039074
13,ours-406478,250,0.030457
13,KACTL,250,0.284149
13,simd-v0,250,0.057995
13,ours-406478,251,0.030335
13,KACTL,251,0.289208
13,simd-v0,251,0.056048
13,393435,251,0.038781
13,KACTL,252,0.284185
13,simd-v0,252,0.056037
13,393435,252,0.038797
13,ours-406478,252,0.029839
13,simd-v0,253,0.055991
13,393435,253,0.038732
13,ours-406478,253,0.029826
13,KACTL,253,0.289538
13,393435,254,0.039052
13,ours-406478,254,0.030478
13,KACTL,254,0.284341
13,simd-v0,254,0.056071
13,ours-406478,255,0.030477
13,KACTL,255,0.283996
13,simd-v0,255,0.056092
13,393435,255,0.038705
13,KACTL,256,0.289751
13,simd-v0,256,0.056090
13,393435,256,0.039272
13,ours-406478,256,0.030305
13,simd-v0,257,0.056003
13,393435,257,0.039451
13,ours-406478,257,0.030492
13,KACTL,257,0.296279
13,393435,258,0.039094
13,ours-406478,258,0.030439
13,KACTL,258,0.289416
13,simd-v0,258,0.056061
13,ours-406478,259,0.030456
13,KACTL,259,0.284824
13,simd-v0,259,0.056150
13,393435,259,0.039428
13,KACTL,260,0.285089
13,simd-v0,260,0.061253
13,393435,260,0.039442
13,ours-406478,260,0.030517
13,simd-v0,261,0.056088
13,393435,261,0.039421
13,ours-406478,261,0.030450
13,KACTL,261,0.284145
13,393435,262,0.039003
13,ours-406478,262,0.030419
13,KACTL,262,0.284956
13,simd-v0,262,0.056113
13,ours-406478,263,0.030527
13,KACTL,263,0.289568
13,simd-v0,263,0.056047
13,393435,263,0.039479
13,KACTL,264,0.284359
13,simd-v0,264,0.055996
13,393435,264,0.039443
13,ours-406478,264,0.030467
13,simd-v0,265,0.056148
13,393435,265,0.039455
13,ours-406478,265,0.030506
13,KACTL,265,0.289609
13,393435,266,0.039081
13,ours-406478,266,0.029875
13,KACTL,266,0.284391
13,simd-v0,266,0.056105
13,ours-406478,267,0.029863
13,KACTL,267,0.284362
13,simd-v0,267,0.056050
13,393435,267,0.043701
13,KACTL,268,0.284208
13,simd-v0,268,0.056010
13,393435,268,0.039461
13,ours-406478,268,0.030496
13,simd-v0,269,0.055997
13,393435,269,0.039464
13,ours-406478,269,0.030437
13,KACTL,269,0.286527
13,393435,270,0.039060
13,ours-406478,270,0.030466
13,KACTL,270,0.289418
13,simd-v0,270,0.056270
13,ours-406478,271,0.029837
13,KACTL,271,0.286714
13,simd-v0,271,0.056161
13,393435,271,0.038666
13,KACTL,272,0.284227
13,simd-v0,272,0.056061
13,393435,272,0.038704
13,ours-406478,272,0.029841
13,simd-v0,273,0.056003
13,393435,273,0.038659
13,ours-406478,273,0.030446
13,KACTL,273,0.284798
13,393435,274,0.039093
13,ours-406478,274,0.030440
13,KACTL,274,0.286935
13,simd-v0,274,0.056054
13,ours-406478,275,0.035922
13,KACTL,275,0.284561
13,simd-v0,275,0.056160
13,393435,275,0.039459
13,KACTL,276,0.285552
13,simd-v0,276,0.056133
13,393435,276,0.038727
13,ours-406478,276,0.030514
13,simd-v0,277,0.056089
13,393435,277,0.039364
13,ours-406478,277,0.030424
13,KACTL,277,0.290308
13,393435,278,0.039192
13,ours-406478,278,0.030395
13,KACTL,278,0.286168
13,simd-v0,278,0.056125
13,ours-406478,279,0.030559
13,KACTL,279,0.284590
13,simd-v0,279,0.061381
13,393435,279,0.039282
13,KACTL,280,0.284598
13,simd-v0,280,0.056036
13,393435,280,0.039481
13,ours-406478,280,0.030451
13,simd-v0,281,0.056079
13,393435,281,0.038684
13,ours-406478,281,0.030463
13,KACTL,281,0.286591
13,393435,282,0.039062
13,ours-406478,282,0.030397
13,KACTL,282,0.289691
13,simd-v0,282,0.056167
13,ours-406478,283,0.029778
13,KACTL,283,0.284438
13,simd-v0,283,0.056130
13,393435,283,0.038804
13,KACTL,284,0.289379
13,simd-v0,284,0.056084
13,393435,284,0.038749
13,ours-406478,284,0.029877
13,simd-v0,285,0.056028
13,393435,285,0.038728
13,ours-406478,285,0.030513
13,KACTL,285,0.286509
13,393435,286,0.039088
13,ours-406478,286,0.030438
13,KACTL,286,0.285684
13,simd-v0,286,0.061606
13,ours-406478,287,0.030409
13,KACTL,287,0.284221
13,simd-v0,287,0.056071
13,393435,287,0.039431
13,KACTL,288,0.284019
13,simd-v0,288,0.056100
13,393435,288,0.039408
13,ours-406478,288,0.030483
13,simd-v0,289,0.056037
13,393435,289,0.039450
13,ours-406478,289,0.035754
13,KACTL,289,0.284639
13,393435,290,0.039124
13,ours-406478,290,0.029889
13,KACTL,290,0.286016
13,simd-v0,290,0.056059
13,ours-406478,291,0.029812
13,KACTL,291,0.302313
13,simd-v0,291,0.055981
13,393435,291,0.038725
13,KACTL,292,0.284111
13,simd-v0,292,0.056082
13,393435,292,0.039123
13,ours-406478,292,0.030419
13,simd-v0,293,0.056096
13,393435,293,0.042301
13,ours-406478,293,0.033665
13,KACTL,293,0.333587
13,393435,294,0.039237
13,ours-406478,294,0.030495
13,KACTL,294,0.286014
13,simd-v0,294,0.056102
13,ours-406478,295,0.030594
13,KACTL,295,0.284545
13,simd-v0,295,0.055991
13,393435,295,0.038825
13,KACTL,296,0.289928
13,simd-v0,296,0.056049
13,393435,296,0.039486
13,ours-406478,296,0.030463
13,simd-v0,297,0.056136
13,393435,297,0.039459
13,ours-406478,297,0.030465
13,KACTL,297,0.285292
13,393435,298,0.039047
13,ours-406478,298,0.030431
13,KACTL,298,0.291690
13,simd-v0,298,0.056124
13,ours-406478,299,0.030524
13,KACTL,299,0.284548
13,simd-v0,299,0.056083
13,393435,299,0.039471
13,KACTL,300,0.284284
13,simd-v0,300,0.056129
13,393435,300,0.038728
13,ours-406478,300,0.030480
13,simd-v0,301,0.061968
13,393435,301,0.039324
13,ours-406478,301,0.030612
13,KACTL,301,0.284418
13,393435,302,0.039101
13,ours-406478,302,0.030519
13,KACTL,302,0.284085
13,simd-v0,302,0.056058
13,ours-406478,303,0.030529
13,KACTL,303,0.298307
13,simd-v0,303,0.056110
13,393435,303,0.039480
13,KACTL,304,0.284181
13,simd-v0,304,0.056186
13,393435,304,0.038750
13,ours-406478,304,0.030505
13,simd-v0,305,0.056079
13,393435,305,0.038728
13,ours-406478,305,0.030568
13,KACTL,305,0.290306
13,393435,306,0.039119
13,ours-406478,306,0.030397
13,KACTL,306,0.284363
13,simd-v0,306,0.056048
13,ours-406478,307,0.030542
13,KACTL,307,0.284447
13,simd-v0,307,0.056030
13,393435,307,0.038776
13,KACTL,308,0.289768
13,simd-v0,308,0.056026
13,393435,308,0.039462
13,ours-406478,308,0.030189
13,simd-v0,309,0.056086
13,393435,309,0.039531
13,ours-406478,309,0.030450
13,KACTL,309,0.285570
13,393435,310,0.039077
13,ours-406478,310,0.030489
13,KACTL,310,0.289836
13,simd-v0,310,0.056086
13,ours-406478,311,0.030520
13,KACTL,311,0.285090
13,simd-v0,311,0.056079
13,393435,311,0.038777
13,KACTL,312,0.315971
13,simd-v0,312,0.070741
13,393435,312,0.039154
13,ours-406478,312,0.030458
13,simd-v0,313,0.056110
13,393435,313,0.039453
13,ours-406478,313,0.030516
13,KACTL,313,0.284678
13,393435,314,0.039095
13,ours-406478,314,0.030496
13,KACTL,314,0.284013
13,simd-v0,314,0.056012
13,ours-406478,315,0.030538
13,KACTL,315,0.291499
13,simd-v0,315,0.056094
13,393435,315,0.039518
13,KACTL,316,0.285666
13,simd-v0,316,0.056026
13,393435,316,0.038754
13,ours-406478,316,0.030466
13,simd-v0,317,0.056110
13,393435,317,0.039387
13,ours-406478,317,0.030507
13,KACTL,317,0.297609
13,393435,318,0.039125
13,ours-406478,318,0.030457
13,KACTL,318,0.286610
13,simd-v0,318,0.056047
13,ours-406478,319,0.029850
13,KACTL,319,0.285093
13,simd-v0,319,0.062001
13,393435,319,0.038803
13,KACTL,320,0.284549
13,simd-v0,320,0.056062
13,393435,320,0.038766
13,ours-406478,320,0.029872
13,simd-v0,321,0.055915
13,393435,321,0.038681
13,ours-406478,321,0.029844
13,KACTL,321,0.286480
13,393435,322,0.039162
13,ours-406478,322,0.030521
13,KACTL,322,0.289425
13,simd-v0,322,0.056226
13,ours-406478,323,0.030528
13,KACTL,323,0.285672
13,simd-v0,323,0.056046
13,393435,323,0.039538
13,KACTL,324,0.289426
13,simd-v0,324,0.056099
13,393435,324,0.039491
13,ours-406478,324,0.030496
13,simd-v0,325,0.056175
13,393435,325,0.038733
13,ours-406478,325,0.030378
13,KACTL,325,0.284531
13,393435,326,0.039076
13,ours-406478,326,0.029833
13,KACTL,326,0.284555
13,simd-v0,326,0.056014
13,ours-406478,327,0.030254
13,KACTL,327,0.284507
13,simd-v0,327,0.056010
13,393435,327,0.038814
13,KACTL,328,0.284017
13,simd-v0,328,0.056120
13,393435,328,0.038727
13,ours-406478,328,0.030556
13,simd-v0,329,0.056186
13,393435,329,0.038687
13,ours-406478,329,0.030499
13,KACTL,329,0.289480
13,393435,330,0.039086
13,ours-406478,330,0.030426
13,KACTL,330,0.283928
13,simd-v0,330,0.056117
13,ours-406478,331,0.030502
13,KACTL,331,0.285225
13,simd-v0,331,0.056191
13,393435,331,0.039377
13,KACTL,332,0.284541
13,simd-v0,332,0.056121
13,393435,332,0.039426
13,ours-406478,332,0.030521
13,simd-v0,333,0.056060
13,393435,333,0.039469
13,ours-406478,333,0.030479
13,KACTL,333,0.284630
13,393435,334,0.039005
13,ours-406478,334,0.034925
13,KACTL,334,0.284069
13,simd-v0,334,0.056160
13,ours-406478,335,0.029858
13,KACTL,335,0.284478
13,simd-v0,335,0.056061
13,393435,335,0.039429
13,KACTL,336,0.289236
13,simd-v0,336,0.056122
13,393435,336,0.039467
13,ours-406478,336,0.030463
13,simd-v0,337,0.056114
13,393435,337,0.039431
13,ours-406478,337,0.030524
13,KACTL,337,0.284594
13,393435,338,0.039047
13,ours-406478,338,0.030455
13,KACTL,338,0.285893
13,simd-v0,338,0.061227
13,ours-406478,339,0.030350
13,KACTL,339,0.284453
13,simd-v0,339,0.056104
13,393435,339,0.038751
13,KACTL,340,0.284347
13,simd-v0,340,0.056057
13,393435,340,0.039465
13,ours-406478,340,0.030497
13,simd-v0,341,0.056126
13,393435,341,0.038699
13,ours-406478,341,0.035808
13,KACTL,341,0.284302
13,393435,342,0.039045
13,ours-406478,342,0.030439
13,KACTL,342,0.284060
13,simd-v0,342,0.056245
13,ours-406478,343,0.030497
13,KACTL,343,0.289230
13,simd-v0,343,0.056115
13,393435,343,0.039466
13,KACTL,344,0.285938
13,simd-v0,344,0.056269
13,393435,344,0.038773
13,ours-406478,344,0.030519
13,simd-v0,345,0.056088
13,393435,345,0.038792
13,ours-406478,345,0.030540
13,KACTL,345,0.285889
13,393435,346,0.044281
13,ours-406478,346,0.030331
13,KACTL,346,0.284738
13,simd-v0,346,0.056022
13,ours-406478,347,0.030506
13,KACTL,347,0.284196
13,simd-v0,347,0.056147
13,393435,347,0.039465
13,KACTL,348,0.289366
13,simd-v0,348,0.056036
13,393435,348,0.039505
13,ours-406478,348,0.030482
13,simd-v0,349,0.055979
13,393435,349,0.039432
13,ours-406478,349,0.030423
13,KACTL,349,0.286267
13,393435,350,0.039062
13,ours-406478,350,0.030512
13,KACTL,350,0.289939
13,simd-v0,350,0.056208
13,ours-406478,351,0.029851
13,KACTL,351,0.284425
13,simd-v0,351,0.056059
13,393435,351,0.038758
13,KACTL,352,0.284365
13,simd-v0,352,0.056072
13,393435,352,0.038741
13,ours-406478,352,0.030524
13,simd-v0,353,0.056073
13,393435,353,0.044651
13,ours-406478,353,0.030334
13,KACTL,353,0.284279
13,393435,354,0.039061
13,ours-406478,354,0.030464
13,KACTL,354,0.284324
13,simd-v0,354,0.056087
13,ours-406478,355,0.030475
13,KACTL,355,0.289859
13,simd-v0,355,0.056143
13,393435,355,0.039483
13,KACTL,356,0.285359
13,simd-v0,356,0.056003
13,393435,356,0.039431
13,ours-406478,356,0.030473
13,simd-v0,357,0.056091
13,393435,357,0.039454
13,ours-406478,357,0.030425
13,KACTL,357,0.289431
13,393435,358,0.039057
13,ours-406478,358,0.030429
13,KACTL,358,0.284164
13,simd-v0,358,0.056088
13,ours-406478,359,0.030521
13,KACTL,359,0.284491
13,simd-v0,359,0.056056
13,393435,359,0.038759
13,KACTL,360,0.289738
13,simd-v0,360,0.056060
13,393435,360,0.039472
13,ours-406478,360,0.030483
13,simd-v0,361,0.056147
13,393435,361,0.038752
13,ours-406478,361,0.030436
13,KACTL,361,0.284615
13,393435,362,0.039125
13,ours-406478,362,0.030517
13,KACTL,362,0.289044
13,simd-v0,362,0.056095
13,ours-406478,363,0.030505
13,KACTL,363,0.284578
13,simd-v0,363,0.056147
13,393435,363,0.038801
13,KACTL,364,0.284747
13,simd-v0,364,0.056052
13,393435,364,0.039478
13,ours-406478,364,0.030518
13,simd-v0,365,0.061243
13,393435,365,0.039314
13,ours-406478,365,0.030393
13,KACTL,365,0.284318
13,393435,366,0.039064
13,ours-406478,366,0.030445
13,KACTL,366,0.284321
13,simd-v0,366,0.056107
13,ours-406478,367,0.030515
13,KACTL,367,0.289679
13,simd-v0,367,0.056085
13,393435,367,0.038677
13,KACTL,368,0.284189
13,simd-v0,368,0.056181
13,393435,368,0.038753
13,ours-406478,368,0.029830
13,simd-v0,369,0.055931
13,393435,369,0.038793
13,ours-406478,369,0.029890
13,KACTL,369,0.291121
13,393435,370,0.039101
13,ours-406478,370,0.030414
13,KACTL,370,0.284072
13,simd-v0,370,0.056096
13,ours-406478,371,0.030500
13,KACTL,371,0.284409
13,simd-v0,371,0.056170
13,393435,371,0.039462
13,KACTL,372,0.289307
13,simd-v0,372,0.055966
13,393435,372,0.039434
13,ours-406478,372,0.030439
13,simd-v0,373,0.056228
13,393435,373,0.038715
13,ours-406478,373,0.030434
13,KACTL,373,0.284651
13,393435,374,0.039043
13,ours-406478,374,0.030495
13,KACTL,374,0.290302
13,simd-v0,374,0.056129
13,ours-406478,375,0.030550
13,KACTL,375,0.284925
13,simd-v0,375,0.056137
13,393435,375,0.039524
13,KACTL,376,0.295768
13,simd-v0,376,0.056337
13,393435,376,0.044776
13,ours-406478,376,0.030476
13,simd-v0,377,0.060518
13,393435,377,0.039245
13,ours-406478,377,0.030445
13,KACTL,377,0.285307
13,393435,378,0.039126
13,ours-406478,378,0.030427
13,KACTL,378,0.284688
13,simd-v0,378,0.056103
13,ours-406478,379,0.030497
13,KACTL,379,0.294765
13,simd-v0,379,0.056015
13,393435,379,0.038775
13,KACTL,380,0.284687
13,simd-v0,380,0.056082
13,393435,380,0.038732
13,ours-406478,380,0.029837
13,simd-v0,381,0.055940
13,393435,381,0.038729
13,ours-406478,381,0.029840
13,KACTL,381,0.290970
13,393435,382,0.039049
13,ours-406478,382,0.030415
13,KACTL,382,0.284448
13,simd-v0,382,0.056203
13,ours-406478,383,0.030591
13,KACTL,383,0.284522
13,simd-v0,383,0.056112
13,393435,383,0.043896
13,KACTL,384,0.283914
13,simd-v0,384,0.056024
13,393435,384,0.039474
13,ours-406478,384,0.030565
13,simd-v0,385,0.056229
13,393435,385,0.039538
13,ours-406478,385,0.030514
13,KACTL,385,0.285671
13,393435,386,0.039097
13,ours-406478,386,0.030488
13,KACTL,386,0.289950
13,simd-v0,386,0.056076
13,ours-406478,387,0.029842
13,KACTL,387,0.284300
13,simd-v0,387,0.056110
13,393435,387,0.038752
13,KACTL,388,0.284378
13,simd-v0,388,0.061023
13,393435,388,0.038692
13,ours-406478,388,0.030507
13,simd-v0,389,0.056055
13,393435,389,0.039391
13,ours-406478,389,0.030474
13,KACTL,389,0.284201
13,393435,390,0.039101
13,ours-406478,390,0.030442
13,KACTL,390,0.283993
13,simd-v0,390,0.056094
13,ours-406478,391,0.030582
13,KACTL,391,0.307233
13,simd-v0,391,0.056143
13,393435,391,0.039462
13,KACTL,392,0.284578
13,simd-v0,392,0.056028
13,393435,392,0.039437
13,ours-406478,392,0.030486
13,simd-v0,393,0.057931
13,393435,393,0.039099
13,ours-406478,393,0.030458
13,KACTL,393,0.289865
13,393435,394,0.039067
13,ours-406478,394,0.030529
13,KACTL,394,0.284653
13,simd-v0,394,0.056121
13,ours-406478,395,0.030458
13,KACTL,395,0.284764
13,simd-v0,395,0.061226
13,393435,395,0.039251
13,KACTL,396,0.284443
13,simd-v0,396,0.056041
13,393435,396,0.038742
13,ours-406478,396,0.029842
13,simd-v0,397,0.055926
13,393435,397,0.038753
13,ours-406478,397,0.029861
13,KACTL,397,0.286438
13,393435,398,0.039078
13,ours-406478,398,0.029885
13,KACTL,398,0.289549
13,simd-v0,398,0.056087
13,ours-406478,399,0.030561
13,KACTL,399,0.284465
13,simd-v0,399,0.055990
13,393435,399,0.039491
13,KACTL,400,0.289281
13,simd-v0,400,0.056002
13,393435,400,0.039441
13,ours-406478,400,0.030500
13,simd-v0,401,0.055906
13,393435,401,0.039467
13,ours-406478,401,0.030408
13,KACTL,401,0.284422
13,393435,402,0.039080
13,ours-406478,402,0.030438
13,KACTL,402,0.284136
13,simd-v0,402,0.061783
13,ours-406478,403,0.030339
13,KACTL,403,0.284347
13,simd-v0,403,0.056072
13,393435,403,0.038767
13,KACTL,404,0.284142
13,simd-v0,404,0.056135
13,393435,404,0.038798
13,ours-406478,404,0.029858
13,simd-v0,405,0.056038
13,393435,405,0.038704
13,ours-406478,405,0.029829
13,KACTL,405,0.289842
13,393435,406,0.039053
13,ours-406478,406,0.030426
13,KACTL,406,0.285030
13,simd-v0,406,0.056023
13,ours-406478,407,0.030535
13,KACTL,407,0.289131
13,simd-v0,407,0.056088
13,393435,407,0.039519
13,KACTL,408,0.284174
13,simd-v0,408,0.056150
13,393435,408,0.039443
13,ours-406478,408,0.030509
13,simd-v0,409,0.056092
13,393435,409,0.039464
13,ours-406478,409,0.030501
13,KACTL,409,0.284454
13,393435,410,0.039088
13,ours-406478,410,0.030226
13,KACTL,410,0.285991
13,simd-v0,410,0.055980
13,ours-406478,411,0.029817
13,KACTL,411,0.284378
13,simd-v0,411,0.056052
13,393435,411,0.038779
13,KACTL,412,0.289110
13,simd-v0,412,0.056066
13,393435,412,0.038743
13,ours-406478,412,0.030478
13,simd-v0,413,0.064700
13,393435,413,0.053998
13,ours-406478,413,0.030607
13,KACTL,413,0.284973
13,393435,414,0.039096
13,ours-406478,414,0.030526
13,KACTL,414,0.299473
13,simd-v0,414,0.056146
13,ours-406478,415,0.030545
13,KACTL,415,0.284557
13,simd-v0,415,0.056024
13,393435,415,0.038801
13,KACTL,416,0.284117
13,simd-v0,416,0.058014
13,393435,416,0.038838
13,ours-406478,416,0.029889
13,simd-v0,417,0.055977
13,393435,417,0.047912
13,ours-406478,417,0.029850
13,KACTL,417,0.284763
13,393435,418,0.039051
13,ours-406478,418,0.030442
13,KACTL,418,0.284043
13,simd-v0,418,0.055985
13,ours-406478,419,0.030509
13,KACTL,419,0.304090
13,simd-v0,419,0.056153
13,393435,419,0.039459
13,KACTL,420,0.284176
13,simd-v0,420,0.056149
13,393435,420,0.038769
13,ours-406478,420,0.030584
13,simd-v0,421,0.056003
13,393435,421,0.039408
13,ours-406478,421,0.030519
13,KACTL,421,0.296993
13,393435,422,0.039109
13,ours-406478,422,0.037412
13,KACTL,422,0.293497
13,simd-v0,422,0.056224
13,ours-406478,423,0.030597
13,KACTL,423,0.284533
13,simd-v0,423,0.055994
13,393435,423,0.039488
13,KACTL,424,0.306116
13,simd-v0,424,0.056142
13,393435,424,0.038787
13,ours-406478,424,0.030493
13,simd-v0,425,0.056115
13,393435,425,0.039444
13,ours-406478,425,0.030475
13,KACTL,425,0.285667
13,393435,426,0.039102
13,ours-406478,426,0.030497
13,KACTL,426,0.305956
13,simd-v0,426,0.056052
13,ours-406478,427,0.030584
13,KACTL,427,0.284522
13,simd-v0,427,0.056046
13,393435,427,0.038717
13,KACTL,428,0.286194
13,simd-v0,428,0.056057
13,393435,428,0.057738
13,ours-406478,428,0.030245
13,simd-v0,429,0.056097
13,393435,429,0.039499
13,ours-406478,429,0.030472
13,KACTL,429,0.286276
13,393435,430,0.039100
13,ours-406478,430,0.029811
13,KACTL,430,0.285660
13,simd-v0,430,0.056093
13,ours-406478,431,0.029909
13,KACTL,431,0.294480
13,simd-v0,431,0.056088
13,393435,431,0.038828
13,KACTL,432,0.284455
13,simd-v0,432,0.056168
13,393435,432,0.038693
13,ours-406478,432,0.030558
13,simd-v0,433,0.055991
13,393435,433,0.039461
13,ours-406478,433,0.030517
13,KACTL,433,0.298282
13,393435,434,0.039135
13,ours-406478,434,0.030453
13,KACTL,434,0.286091
13,simd-v0,434,0.056093
13,ours-406478,435,0.030503
13,KACTL,435,0.285339
13,simd-v0,435,0.056136
13,393435,435,0.049176
13,KACTL,436,0.284541
13,simd-v0,436,0.056128
13,393435,436,0.039469
13,ours-406478,436,0.030585
13,simd-v0,437,0.056176
13,393435,437,0.039412
13,ours-406478,437,0.030413
13,KACTL,437,0.285556
13,393435,438,0.039074
13,ours-406478,438,0.030536
13,KACTL,438,0.297128
13,simd-v0,438,0.056156
13,ours-406478,439,0.030585
13,KACTL,439,0.284436
13,simd-v0,439,0.056092
13,393435,439,0.038702
13,KACTL,440,0.297673
13,simd-v0,440,0.056092
13,393435,440,0.038697
13,ours-406478,440,0.029851
13,simd-v0,441,0.055984
13,393435,441,0.038789
13,ours-406478,441,0.029849
13,KACTL,441,0.286158
13,393435,442,0.039097
13,ours-406478,442,0.030517
13,KACTL,442,0.284503
13,simd-v0,442,0.076188
13,ours-406478,443,0.030379
13,KACTL,443,0.284534
13,simd-v0,443,0.056099
13,393435,443,0.038758
13,KACTL,444,0.284342
13,simd-v0,444,0.056056
13,393435,444,0.038697
13,ours-406478,444,0.030532
13,simd-v0,445,0.056041
13,393435,445,0.038740
13,ours-406478,445,0.038325
13,KACTL,445,0.297200
13,393435,446,0.038993
13,ours-406478,446,0.030516
13,KACTL,446,0.284844
13,simd-v0,446,0.056061
13,ours-406478,447,0.030495
13,KACTL,447,0.296904
13,simd-v0,447,0.056158
13,393435,447,0.038820
13,KACTL,448,0.285270
13,simd-v0,448,0.056119
13,393435,448,0.039450
13,ours-406478,448,0.030465
13,simd-v0,449,0.056133
13,393435,449,0.039409
13,ours-406478,449,0.030463
13,KACTL,449,0.284949
13,393435,450,0.057986
13,ours-406478,450,0.030327
13,KACTL,450,0.284299
13,simd-v0,450,0.056082
13,ours-406478,451,0.030525
13,KACTL,451,0.284798
13,simd-v0,451,0.056033
13,393435,451,0.038752
13,KACTL,452,0.289389
13,simd-v0,452,0.056071
13,393435,452,0.038738
13,ours-406478,452,0.029866
13,simd-v0,453,0.055944
13,393435,453,0.038675
13,ours-406478,453,0.029806
13,KACTL,453,0.284503
13,393435,454,0.039050
13,ours-406478,454,0.030508
13,KACTL,454,0.289466
13,simd-v0,454,0.056103
13,ours-406478,455,0.030563
13,KACTL,455,0.284424
13,simd-v0,455,0.055987
13,393435,455,0.038792
13,KACTL,456,0.283914
13,simd-v0,456,0.056011
13,393435,456,0.038810
13,ours-406478,456,0.030459
13,simd-v0,457,0.061285
13,393435,457,0.039396
13,ours-406478,457,0.030372
13,KACTL,457,0.284711
13,393435,458,0.039073
13,ours-406478,458,0.030501
13,KACTL,458,0.284003
13,simd-v0,458,0.055991
13,ours-406478,459,0.029812
13,KACTL,459,0.290648
13,simd-v0,459,0.056182
13,393435,459,0.038785
13,KACTL,460,0.284318
13,simd-v0,460,0.056037
13,393435,460,0.038740
13,ours-406478,460,0.030490
13,simd-v0,461,0.056046
13,393435,461,0.038759
13,ours-406478,461,0.030493
13,KACTL,461,0.289426
13,393435,462,0.039051
13,ours-406478,462,0.030459
13,KACTL,462,0.284204
13,simd-v0,462,0.056119
13,ours-406478,463,0.030497
13,KACTL,463,0.284601
13,simd-v0,463,0.057989
13,393435,463,0.039251
13,KACTL,464,0.290109
13,simd-v0,464,0.056086
13,393435,464,0.039549
13,ours-406478,464,0.030466
13,simd-v0,465,0.056092
13,393435,465,0.038691
13,ours-406478,465,0.030523
13,KACTL,465,0.284685
13,393435,466,0.039090
13,ours-406478,466,0.030476
13,KACTL,466,0.288729
13,simd-v0,466,0.056025
13,ours-406478,467,0.030536
13,KACTL,467,0.284522
13,simd-v0,467,0.056154
13,393435,467,0.039428
13,KACTL,468,0.284516
13,simd-v0,468,0.056097
13,393435,468,0.038721
13,ours-406478,468,0.030505
13,simd-v0,469,0.065005
13,393435,469,0.039263
13,ours-406478,469,0.030488
13,KACTL,469,0.284350
13,393435,470,0.039074
13,ours-406478,470,0.030481
13,KACTL,470,0.285181
13,simd-v0,470,0.056036
13,ours-406478,471,0.029848
13,KACTL,471,0.289272
13,simd-v0,471,0.056020
13,393435,471,0.038724
13,KACTL,472,0.284200
13,simd-v0,472,0.056120
13,393435,472,0.038676
13,ours-406478,472,0.030510
13,simd-v0,473,0.056184
13,393435,473,0.038746
13,ours-406478,473,0.030463
13,KACTL,473,0.290484
13,393435,474,0.039079
13,ours-406478,474,0.030454
13,KACTL,474,0.284785
13,simd-v0,474,0.056036
13,ours-406478,475,0.030535
13,KACTL,475,0.286133
13,simd-v0,475,0.056112
13,393435,475,0.039457
13,KACTL,476,0.289454
13,simd-v0,476,0.056207
13,393435,476,0.039478
13,ours-406478,476,0.030537
13,simd-v0,477,0.056078
13,393435,477,0.038794
13,ours-406478,477,0.030216
13,KACTL,477,0.285488
13,393435,478,0.039121
13,ours-406478,478,0.030448
13,KACTL,478,0.289233
13,simd-v0,478,0.056118
13,ours-406478,479,0.030577
13,KACTL,479,0.284579
13,simd-v0,479,0.056141
13,393435,479,0.039444
13,KACTL,480,0.284755
13,simd-v0,480,0.056122
13,393435,480,0.043604
13,ours-406478,480,0.029867
13,simd-v0,481,0.055983
13,393435,481,0.038763
13,ours-406478,481,0.029847
13,KACTL,481,0.285628
13,393435,482,0.039072
13,ours-406478,482,0.029809
13,KACTL,482,0.284266
13,simd-v0,482,0.056087
13,ours-406478,483,0.030571
13,KACTL,483,0.289531
13,simd-v0,483,0.056017
13,393435,483,0.039408
13,KACTL,484,0.284136
13,simd-v0,484,0.056100
13,393435,484,0.039414
13,ours-406478,484,0.030587
13,simd-v0,485,0.056050
13,393435,485,0.039326
13,ours-406478,485,0.030489
13,KACTL,485,0.289314
13,393435,486,0.039111
13,ours-406478,486,0.030479
13,KACTL,486,0.284056
13,simd-v0,486,0.056060
13,ours-406478,487,0.030571
13,KACTL,487,0.286496
13,simd-v0,487,0.056186
13,393435,487,0.043798
13,KACTL,488,0.284160
13,simd-v0,488,0.056030
13,393435,488,0.038730
13,ours-406478,488,0.029871
13,simd-v0,489,0.055916
13,393435,489,0.038717
13,ours-406478,489,0.029842
13,KACTL,489,0.284482
13,393435,490,0.039063
13,ours-406478,490,0.030466
13,KACTL,490,0.290041
13,simd-v0,490,0.056062
13,ours-406478,491,0.030565
13,KACTL,491,0.284597
13,simd-v0,491,0.056110
13,393435,491,0.039435
13,KACTL,492,0.284252
13,simd-v0,492,0.061436
13,393435,492,0.039283
13,ours-406478,492,0.030455
13,simd-v0,493,0.056054
13,393435,493,0.038678
13,ours-406478,493,0.030496
13,KACTL,493,0.286472
13,393435,494,0.039061
13,ours-406478,494,0.030478
13,KACTL,494,0.284259
13,simd-v0,494,0.056148
13,ours-406478,495,0.029839
13,KACTL,495,0.289646
13,simd-v0,495,0.056180
13,393435,495,0.038802
13,KACTL,496,0.284436
13,simd-v0,496,0.056096
13,393435,496,0.038744
13,ours-406478,496,0.029850
13,simd-v0,497,0.055890
13,393435,497,0.039443
13,ours-406478,497,0.030477
13,KACTL,497,0.289911
13,393435,498,0.039040
13,ours-406478,498,0.030478
13,KACTL,498,0.284112
13,simd-v0,498,0.056072
13,ours-406478,499,0.030467
13,KACTL,499,0.284673
13,simd-v0,499,0.061351
13,393435,499,0.039336
13,KACTL,500,0.284390
13,simd-v0,500,0.056077
13,393435,500,0.039416
13,ours-406478,500,0.030504
13,simd-v0,501,0.056083
13,393435,501,0.039428
13,ours-406478,501,0.030478
13,KACTL,501,0.284181
13,393435,502,0.039052
13,ours-406478,502,0.030441
13,KACTL,502,0.289002
13,simd-v0,502,0.056146
13,ours-406478,503,0.030575
13,KACTL,503,0.285842
13,simd-v0,503,0.056039
13,393435,503,0.038813
13,KACTL,504,0.288918
13,simd-v0,504,0.056014
13,393435,504,0.038774
13,ours-406478,504,0.030564
13,simd-v0,505,0.056102
13,393435,505,0.039458
13,ours-406478,505,0.030398
13,KACTL,505,0.284216
13,393435,506,0.039096
13,ours-406478,506,0.030435
13,KACTL,506,0.285766
13,simd-v0,506,0.056054
13,ours-406478,507,0.035446
13,KACTL,507,0.284729
13,simd-v0,507,0.055988
13,393435,507,0.038779
13,KACTL,508,0.284258
13,simd-v0,508,0.056088
13,393435,508,0.038719
13,ours-406478,508,0.030465
13,simd-v0,509,0.056069
13,393435,509,0.038722
13,ours-406478,509,0.030467
13,KACTL,509,0.289312
13,393435,510,0.039084
13,ours-406478,510,0.030511
13,KACTL,510,0.284287
13,simd-v0,510,0.056036
13,ours-406478,511,0.030491
13,KACTL,511,0.291077
13,simd-v0,511,0.056055
13,393435,511,0.039442
13,KACTL,512,0.284114
13,simd-v0,512,0.056055
13,393435,512,0.039214
13,ours-406478,512,0.030334
13,simd-v0,513,0.056048
13,393435,513,0.038733
13,ours-406478,513,0.030478
13,KACTL,513,0.286676
13,393435,514,0.039056
13,ours-406478,514,0.035801
13,KACTL,514,0.284288
13,simd-v0,514,0.056063
13,ours-406478,515,0.030514
13,KACTL,515,0.284452
13,simd-v0,515,0.056092
13,393435,515,0.038743
13,KACTL,516,0.289185
13,simd-v0,516,0.056086
13,393435,516,0.038798
13,ours-406478,516,0.030505
13,simd-v0,517,0.056115
13,393435,517,0.039496
13,ours-406478,517,0.030495
13,KACTL,517,0.284151
13,393435,518,0.039119
13,ours-406478,518,0.030508
13,KACTL,518,0.284145
13,simd-v0,518,0.061334
13,ours-406478,519,0.030395
13,KACTL,519,0.284351
13,simd-v0,519,0.056043
13,393435,519,0.039087
13,KACTL,520,0.285967
13,simd-v0,520,0.056082
13,393435,520,0.038719
13,ours-406478,520,0.030489
13,simd-v0,521,0.056017
13,393435,521,0.039504
13,ours-406478,521,0.035969
13,KACTL,521,0.284476
13,393435,522,0.039060
13,ours-406478,522,0.030404
13,KACTL,522,0.284744
13,simd-v0,522,0.056171
13,ours-406478,523,0.030540
13,KACTL,523,0.289194
13,simd-v0,523,0.056018
13,393435,523,0.038795
13,KACTL,524,0.284234
13,simd-v0,524,0.056177
13,393435,524,0.039511
13,ours-406478,524,0.030481
13,simd-v0,525,0.056034
13,393435,525,0.038721
13,ours-406478,525,0.030478
13,KACTL,525,0.284415
13,393435,526,0.044318
13,ours-406478,526,0.030274
13,KACTL,526,0.284058
13,simd-v0,526,0.056075
13,ours-406478,527,0.030504
13,KACTL,527,0.284409
13,simd-v0,527,0.056046
13,393435,527,0.038700
13,KACTL,528,0.289081
13,simd-v0,528,0.056149
13,393435,528,0.039451
13,ours-406478,528,0.030532
13,simd-v0,529,0.056029
13,393435,529,0.039496
13,ours-406478,529,0.030492
13,KACTL,529,0.286388
13,393435,530,0.039077
13,ours-406478,530,0.030474
13,KACTL,530,0.289279
13,simd-v0,530,0.055981
13,ours-406478,531,0.030518
13,KACTL,531,0.284350
13,simd-v0,531,0.056100
13,393435,531,0.039380
13,KACTL,532,0.284608
13,simd-v0,532,0.056218
13,393435,532,0.039471
13,ours-406478,532,0.030481
13,simd-v0,533,0.056122
13,393435,533,0.039102
13,ours-406478,533,0.030549
13,KACTL,533,0.284336
13,393435,534,0.039028
13,ours-406478,534,0.029892
13,KACTL,534,0.284206
13,simd-v0,534,0.056035
13,ours-406478,535,0.031600
13,KACTL,535,0.289872
13,simd-v0,535,0.056035
13,393435,535,0.039521
13,KACTL,536,0.284114
13,simd-v0,536,0.056025
13,393435,536,0.039448
13,ours-406478,536,0.030564
13,simd-v0,537,0.056053
13,393435,537,0.038755
13,ours-406478,537,0.030485
13,KACTL,537,0.288917
13,393435,538,0.039120
13,ours-406478,538,0.030485
13,KACTL,538,0.284316
13,simd-v0,538,0.056108
13,ours-406478,539,0.030552
13,KACTL,539,0.284719
13,simd-v0,539,0.056230
13,393435,539,0.039423
13,KACTL,540,0.289348
13,simd-v0,540,0.055917
13,393435,540,0.039447
13,ours-406478,540,0.030469
13,simd-v0,541,0.056098
13,393435,541,0.039465
13,ours-406478,541,0.030444
13,KACTL,541,0.284385
13,393435,542,0.039049
13,ours-406478,542,0.030442
13,KACTL,542,0.289160
13,simd-v0,542,0.055979
13,ours-406478,543,0.029843
13,KACTL,543,0.284457
13,simd-v0,543,0.055929
13,393435,543,0.038742
13,KACTL,544,0.284180
13,simd-v0,544,0.056117
13,393435,544,0.038747
13,ours-406478,544,0.029834
13,simd-v0,545,0.060780
13,393435,545,0.038741
13,ours-406478,545,0.029857
13,KACTL,545,0.284603
13,393435,546,0.039046
13,ours-406478,546,0.030457
13,KACTL,546,0.286249
13,simd-v0,546,0.056110
13,ours-406478,547,0.030521
13,KACTL,547,0.303441
13,simd-v0,547,0.056078
13,393435,547,0.039453
13,KACTL,548,0.284277
13,simd-v0,548,0.056123
13,393435,548,0.038701
13,ours-406478,548,0.030476
13,simd-v0,549,0.056124
13,393435,549,0.038697
13,ours-406478,549,0.030476
13,KACTL,549,0.292975
13,393435,550,0.039144
13,ours-406478,550,0.030405
13,KACTL,550,0.286059
13,simd-v0,550,0.055959
13,ours-406478,551,0.030518
13,KACTL,551,0.284256
13,simd-v0,551,0.056020
13,393435,551,0.039412
13,KACTL,552,0.289959
13,simd-v0,552,0.056180
13,393435,552,0.039420
13,ours-406478,552,0.030456
13,simd-v0,553,0.056074
13,393435,553,0.039458
13,ours-406478,553,0.030521
13,KACTL,553,0.284420
13,393435,554,0.039037
13,ours-406478,554,0.030411
13,KACTL,554,0.290072
13,simd-v0,554,0.056122
13,ours-406478,555,0.030510
13,KACTL,555,0.286044
13,simd-v0,555,0.056025
13,393435,555,0.038742
13,KACTL,556,0.284122
13,simd-v0,556,0.055998
13,393435,556,0.044661
13,ours-406478,556,0.029846
13,simd-v0,557,0.055942
13,393435,557,0.038807
13,ours-406478,557,0.029843
13,KACTL,557,0.284236
13,393435,558,0.039104
13,ours-406478,558,0.030441
13,KACTL,558,0.285588
13,simd-v0,558,0.056146
13,ours-406478,559,0.030595
13,KACTL,559,0.289475
13,simd-v0,559,0.056009
13,393435,559,0.039500
13,KACTL,560,0.284532
13,simd-v0,560,0.056243
13,393435,560,0.039464
13,ours-406478,560,0.030473
13,simd-v0,561,0.056147
13,393435,561,0.039389
13,ours-406478,561,0.030441
13,KACTL,561,0.289018
13,393435,562,0.039124
13,ours-406478,562,0.030421
13,KACTL,562,0.284279
13,simd-v0,562,0.056098
13,ours-406478,563,0.029849
13,KACTL,563,0.284388
13,simd-v0,563,0.056090
13,393435,563,0.043694
13,KACTL,564,0.284259
13,simd-v0,564,0.056075
13,393435,564,0.039475
13,ours-406478,564,0.030498
13,simd-v0,565,0.056025
13,393435,565,0.038765
13,ours-406478,565,0.030435
13,KACTL,565,0.284370
13,393435,566,0.039076
13,ours-406478,566,0.030450
13,KACTL,566,0.289055
13,simd-v0,566,0.056082
13,ours-406478,567,0.030505
13,KACTL,567,0.284060
13,simd-v0,567,0.056062
13,393435,567,0.038811
13,KACTL,568,0.285848
13,simd-v0,568,0.061210
13,393435,568,0.039309
13,ours-406478,568,0.030477
13,simd-v0,569,0.056069
13,393435,569,0.038799
13,ours-406478,569,0.030515
13,KACTL,569,0.286410
13,393435,570,0.039112
13,ours-406478,570,0.030479
13,KACTL,570,0.284135
13,simd-v0,570,0.055998
13,ours-406478,571,0.030520
13,KACTL,571,0.289150
13,simd-v0,571,0.056093
13,393435,571,0.039408
13,KACTL,572,0.284326
13,simd-v0,572,0.056125
13,393435,572,0.038746
13,ours-406478,572,0.030474
13,simd-v0,573,0.055934
13,393435,573,0.038760
13,ours-406478,573,0.030424
13,KACTL,573,0.289752
13,393435,574,0.039154
13,ours-406478,574,0.030424
13,KACTL,574,0.284070
13,simd-v0,574,0.056081
13,ours-406478,575,0.030545
13,KACTL,575,0.284481
13,simd-v0,575,0.061363
13,393435,575,0.039318
13,KACTL,576,0.284628
13,simd-v0,576,0.056133
13,393435,576,0.039487
13,ours-406478,576,0.030608
13,simd-v0,577,0.056132
13,393435,577,0.038777
13,ours-406478,577,0.030484
13,KACTL,577,0.283944
13,393435,578,0.039126
13,ours-406478,578,0.030496
13,KACTL,578,0.288989
13,simd-v0,578,0.056068
13,ours-406478,579,0.030530
13,KACTL,579,0.284157
13,simd-v0,579,0.056054
13,393435,579,0.039534
13,KACTL,580,0.290381
13,simd-v0,580,0.056210
13,393435,580,0.039443
13,ours-406478,580,0.030489
13,simd-v0,581,0.056060
13,393435,581,0.039517
13,ours-406478,581,0.030542
13,KACTL,581,0.284163
13,393435,582,0.039075
13,ours-406478,582,0.029833
13,KACTL,582,0.286232
13,simd-v0,582,0.056195
13,ours-406478,583,0.034666
13,KACTL,583,0.284433
13,simd-v0,583,0.056133
13,393435,583,0.038842
13,KACTL,584,0.283890
13,simd-v0,584,0.056093
13,393435,584,0.039500
13,ours-406478,584,0.030498
13,simd-v0,585,0.056024
13,393435,585,0.038720
13,ours-406478,585,0.030457
13,KACTL,585,0.289661
13,393435,586,0.039153
13,ours-406478,586,0.030575
13,KACTL,586,0.284054
13,simd-v0,586,0.056016
13,ours-406478,587,0.030549
13,KACTL,587,0.284554
13,simd-v0,587,0.056032
13,393435,587,0.039364
13,KACTL,588,0.284997
13,simd-v0,588,0.056087
13,393435,588,0.039448
13,ours-406478,588,0.030502
13,simd-v0,589,0.056085
13,393435,589,0.039426
13,ours-406478,589,0.030483
13,KACTL,589,0.284164
13,393435,590,0.039092
13,ours-406478,590,0.035538
13,KACTL,590,0.284191
13,simd-v0,590,0.056142
13,ours-406478,591,0.030534
13,KACTL,591,0.284466
13,simd-v0,591,0.056035
13,393435,591,0.038826
13,KACTL,592,0.291256
13,simd-v0,592,0.056054
13,393435,592,0.038819
13,ours-406478,592,0.029857
13,simd-v0,593,0.055853
13,393435,593,0.038712
13,ours-406478,593,0.029834
13,KACTL,593,0.284050
13,393435,594,0.039176
13,ours-406478,594,0.030542
13,KACTL,594,0.284236
13,simd-v0,594,0.061315
13,ours-406478,595,0.030387
13,KACTL,595,0.285652
13,simd-v0,595,0.056042
13,393435,595,0.039479
13,KACTL,596,0.302228
13,simd-v0,596,0.056121
13,393435,596,0.039497
13,ours-406478,596,0.030477
13,simd-v0,597,0.056040
13,393435,597,0.044077
13,ours-406478,597,0.030389
13,KACTL,597,0.285644
13,393435,598,0.039092
13,ours-406478,598,0.030448
13,KACTL,598,0.286395
13,simd-v0,598,0.055961
13,ours-406478,599,0.030492
13,KACTL,599,0.289324
13,simd-v0,599,0.056103
13,393435,599,0.039494
13,KACTL,600,0.286082
13,simd-v0,600,0.056157
13,393435,600,0.039451
13,ours-406478,600,0.030444
13,simd-v0,601,0.056117
13,393435,601,0.039412
13,ours-406478,601,0.030452
13,KACTL,601,0.291219
13,393435,602,0.039249
13,ours-406478,602,0.030435
13,KACTL,602,0.284379
13,simd-v0,602,0.056154
13,ours-406478,603,0.030530
13,KACTL,603,0.284264
13,simd-v0,603,0.056095
13,393435,603,0.038708
13,KACTL,604,0.289393
13,simd-v0,604,0.056047
13,393435,604,0.039475
13,ours-406478,604,0.030494
13,simd-v0,605,0.056151
13,393435,605,0.038799
13,ours-406478,605,0.030539
13,KACTL,605,0.284369
13,393435,606,0.039074
13,ours-406478,606,0.030420
13,KACTL,606,0.291369
13,simd-v0,606,0.056150
13,ours-406478,607,0.030494
13,KACTL,607,0.284614
13,simd-v0,607,0.056147
13,393435,607,0.039503
13,KACTL,608,0.284192
13,simd-v0,608,0.056094
13,393435,608,0.039466
13,ours-406478,608,0.030506
13,simd-v0,609,0.061352
13,393435,609,0.039292
13,ours-406478,609,0.030525
13,KACTL,609,0.284679
13,393435,610,0.039100
13,ours-406478,610,0.030497
13,KACTL,610,0.284096
13,simd-v0,610,0.056083
13,ours-406478,611,0.029808
13,KACTL,611,0.289327
13,simd-v0,611,0.056083
13,393435,611,0.038740
13,KACTL,612,0.284332
13,simd-v0,612,0.056131
13,393435,612,0.038778
13,ours-406478,612,0.029871
13,simd-v0,613,0.056071
13,393435,613,0.038714
13,ours-406478,613,0.030512
13,KACTL,613,0.289932
13,393435,614,0.039172
13,ours-406478,614,0.030513
13,KACTL,614,0.284631
13,simd-v0,614,0.056126
13,ours-406478,615,0.030507
13,KACTL,615,0.284357
13,simd-v0,615,0.056019
13,393435,615,0.038723
13,KACTL,616,0.288769
13,simd-v0,616,0.056210
13,393435,616,0.039503
13,ours-406478,616,0.030532
13,simd-v0,617,0.056095
13,393435,617,0.039527
13,ours-406478,617,0.030484
13,KACTL,617,0.284657
13,393435,618,0.039069
13,ours-406478,618,0.030491
13,KACTL,618,0.289289
13,simd-v0,618,0.056166
13,ours-406478,619,0.030553
13,KACTL,619,0.284413
13,simd-v0,619,0.056112
13,393435,619,0.038782
13,KACTL,620,0.284969
13,simd-v0,620,0.056001
13,393435,620,0.039423
13,ours-406478,620,0.035771
13,simd-v0,621,0.056142
13,393435,621,0.038813
13,ours-406478,621,0.030551
13,KACTL,621,0.285217
13,393435,622,0.039073
13,ours-406478,622,0.030434
13,KACTL,622,0.284707
13,simd-v0,622,0.056112
13,ours-406478,623,0.029841
13,KACTL,623,0.289101
13,simd-v0,623,0.056024
13,393435,623,0.038772
13,KACTL,624,0.283914
13,simd-v0,624,0.056103
13,393435,624,0.038707
13,ours-406478,624,0.029819
13,simd-v0,625,0.055896
13,393435,625,0.038726
13,ours-406478,625,0.029890
13,KACTL,625,0.297636
13,393435,626,0.039167
13,ours-406478,626,0.030540
13,KACTL,626,0.284820
13,simd-v0,626,0.056196
13,ours-406478,627,0.030546
13,KACTL,627,0.284627
13,simd-v0,627,0.056065
13,393435,627,0.038693
13,KACTL,628,0.289789
13,simd-v0,628,0.056146
13,393435,628,0.039491
13,ours-406478,628,0.030506
13,simd-v0,629,0.056113
13,393435,629,0.038700
13,ours-406478,629,0.030469
13,KACTL,629,0.284576
13,393435,630,0.040911
13,ours-406478,630,0.030283
13,KACTL,630,0.289164
13,simd-v0,630,0.056162
13,ours-406478,631,0.030502
13,KACTL,631,0.285813
13,simd-v0,631,0.056177
13,393435,631,0.038712
13,KACTL,632,0.284393
13,simd-v0,632,0.056046
13,393435,632,0.043810
13,ours-406478,632,0.030263
13,simd-v0,633,0.056141
13,393435,633,0.038780
13,ours-406478,633,0.030406
13,KACTL,633,0.284629
13,393435,634,0.039074
13,ours-406478,634,0.030421
13,KACTL,634,0.284035
13,simd-v0,634,0.055910
13,ours-406478,635,0.030576
13,KACTL,635,0.290187
13,simd-v0,635,0.056129
13,393435,635,0.039497
13,KACTL,636,0.284291
13,simd-v0,636,0.055988
13,393435,636,0.038769
13,ours-406478,636,0.030511
13,simd-v0,637,0.056034
13,393435,637,0.038696
13,ours-406478,637,0.030489
13,KACTL,637,0.289856
13,393435,638,0.039097
13,ours-406478,638,0.030463
13,KACTL,638,0.284381
13,simd-v0,638,0.056052
13,ours-406478,639,0.030485
13,KACTL,639,0.285794
13,simd-v0,639,0.056027
13,393435,639,0.044026
13,KACTL,640,0.284020
13,simd-v0,640,0.056093
13,393435,640,0.038756
13,ours-406478,640,0.030574
13,simd-v0,641,0.056020
13,393435,641,0.038722
13,ours-406478,641,0.030514
13,KACTL,641,0.286296
13,393435,642,0.039086
13,ours-406478,642,0.030481
13,KACTL,642,0.290946
13,simd-v0,642,0.056139
13,ours-406478,643,0.030553
13,KACTL,643,0.284165
13,simd-v0,643,0.056083
13,393435,643,0.039530
13,KACTL,644,0.284255
13,simd-v0,644,0.061483
13,393435,644,0.039311
13,ours-406478,644,0.030496
13,simd-v0,645,0.056022
13,393435,645,0.039424
13,ours-406478,645,0.030495
13,KACTL,645,0.284454
13,393435,646,0.039097
13,ours-406478,646,0.030482
13,KACTL,646,0.284442
13,simd-v0,646,0.056141
13,ours-406478,647,0.030574
13,KACTL,647,0.290074
13,simd-v0,647,0.056113
13,393435,647,0.038781
13,KACTL,648,0.283988
13,simd-v0,648,0.056065
13,393435,648,0.038780
13,ours-406478,648,0.029860
13,simd-v0,649,0.055941
13,393435,649,0.038680
13,ours-406478,649,0.029838
13,KACTL,649,0.289311
13,393435,650,0.039126
13,ours-406478,650,0.030451
13,KACTL,650,0.284036
13,simd-v0,650,0.056033
13,ours-406478,651,0.030574
13,KACTL,651,0.284114
13,simd-v0,651,0.061126
13,393435,651,0.039259
13,KACTL,652,0.285592
13,simd-v0,652,0.056138
13,393435,652,0.038692
13,ours-406478,652,0.030513
13,simd-v0,653,0.056032
13,393435,653,0.038717
13,ours-406478,653,0.030492
13,KACTL,653,0.286158
13,393435,654,0.039151
13,ours-406478,654,0.030415
13,KACTL,654,0.289330
13,simd-v0,654,0.056130
13,ours-406478,655,0.030544
13,KACTL,655,0.285284
13,simd-v0,655,0.056073
13,393435,655,0.039443
13,KACTL,656,0.289046
13,simd-v0,656,0.056057
13,393435,656,0.038755
13,ours-406478,656,0.030546
13,simd-v0,657,0.056031
13,393435,657,0.039474
13,ours-406478,657,0.030438
13,KACTL,657,0.284905
13,393435,658,0.039115
13,ours-406478,658,0.030501
13,KACTL,658,0.284278
13,simd-v0,658,0.061402
13,ours-406478,659,0.030463
13,KACTL,659,0.284900
13,simd-v0,659,0.056099
13,393435,659,0.038754
13,KACTL,660,0.284224
13,simd-v0,660,0.056083
13,393435,660,0.038680
13,ours-406478,660,0.029802
13,simd-v0,661,0.055882
13,393435,661,0.038720
13,ours-406478,661,0.029833
13,KACTL,661,0.289803
13,393435,662,0.039152
13,ours-406478,662,0.030465
13,KACTL,662,0.284019
13,simd-v0,662,0.056122
13,ours-406478,663,0.030528
13,KACTL,663,0.289190
13,simd-v0,663,0.056041
13,393435,663,0.039529
13,KACTL,664,0.284426
13,simd-v0,664,0.056077
13,393435,664,0.038717
13,ours-406478,664,0.030486
13,simd-v0,665,0.056042
13,393435,665,0.039411
13,ours-406478,665,0.030510
13,KACTL,665,0.284092
13,393435,666,0.039009
13,ours-406478,666,0.035914
13,KACTL,666,0.284318
13,simd-v0,666,0.056063
13,ours-406478,667,0.030518
13,KACTL,667,0.284583
13,simd-v0,667,0.056034
13,393435,667,0.038762
13,KACTL,668,0.289392
13,simd-v0,668,0.056148
13,393435,668,0.039449
13,ours-406478,668,0.030440
13,simd-v0,669,0.056025
13,393435,669,0.038724
13,ours-406478,669,0.030484
13,KACTL,669,0.284287
13,393435,670,0.039114
13,ours-406478,670,0.030514
13,KACTL,670,0.284244
13,simd-v0,670,0.061348
13,ours-406478,671,0.030407
13,KACTL,671,0.284107
13,simd-v0,671,0.055967
13,393435,671,0.038731
13,KACTL,672,0.284244
13,simd-v0,672,0.056100
13,393435,672,0.038716
13,ours-406478,672,0.029894
13,simd-v0,673,0.055932
13,393435,673,0.038699
13,ours-406478,673,0.034889
13,KACTL,673,0.284122
13,393435,674,0.039098
13,ours-406478,674,0.030511
13,KACTL,674,0.283792
13,simd-v0,674,0.056109
13,ours-406478,675,0.030446
13,KACTL,675,0.289360
13,simd-v0,675,0.056069
13,393435,675,0.039483
13,KACTL,676,0.284221
13,simd-v0,676,0.056039
13,393435,676,0.038781
13,ours-406478,676,0.030497
13,simd-v0,677,0.056010
13,393435,677,0.038707
13,ours-406478,677,0.030460
13,KACTL,677,0.286250
13,393435,678,0.044226
13,ours-406478,678,0.030335
13,KACTL,678,0.283657
13,simd-v0,678,0.056104
13,ours-406478,679,0.030557
13,KACTL,679,0.284273
13,simd-v0,679,0.056160
13,393435,679,0.039441
13,KACTL,680,0.289154
13,simd-v0,680,0.056051
13,393435,680,0.038745
13,ours-406478,680,0.030520
13,simd-v0,681,0.056000
13,393435,681,0.039510
13,ours-406478,681,0.030432
13,KACTL,681,0.284249
13,393435,682,0.039092
13,ours-406478,682,0.030389
13,KACTL,682,0.299941
13,simd-v0,682,0.056157
13,ours-406478,683,0.030540
13,KACTL,683,0.284290
13,simd-v0,683,0.056136
13,393435,683,0.038776
13,KACTL,684,0.284034
13,simd-v0,684,0.056090
13,393435,684,0.038686
13,ours-406478,684,0.029831
13,simd-v0,685,0.061042
13,393435,685,0.038736
13,ours-406478,685,0.029798
13,KACTL,685,0.284857
13,393435,686,0.039148
13,ours-406478,686,0.030540
13,KACTL,686,0.284192
13,simd-v0,686,0.056054
13,ours-406478,687,0.030500
13,KACTL,687,0.291176
13,simd-v0,687,0.056187
13,393435,687,0.038747
13,KACTL,688,0.284365
13,simd-v0,688,0.056154
13,393435,688,0.038696
13,ours-406478,688,0.030187
13,simd-v0,689,0.056117
13,393435,689,0.039475
13,ours-406478,689,0.030492
13,KACTL,689,0.289087
13,393435,690,0.039083
13,ours-406478,690,0.030467
13,KACTL,690,0.284194
13,simd-v0,690,0.056057
13,ours-406478,691,0.030536
13,KACTL,691,0.284157
13,simd-v0,691,0.056120
13,393435,691,0.039450
13,KACTL,692,0.289282
13,simd-v0,692,0.056113
13,393435,692,0.039467
13,ours-406478,692,0.030471
13,simd-v0,693,0.056064
13,393435,693,0.038752
13,ours-406478,693,0.030474
13,KACTL,693,0.286413
13,393435,694,0.039059
13,ours-406478,694,0.030531
13,KACTL,694,0.289127
13,simd-v0,694,0.056113
13,ours-406478,695,0.030538
13,KACTL,695,0.284236
13,simd-v0,695,0.056071
13,393435,695,0.039442
13,KACTL,696,0.284136
13,simd-v0,696,0.056147
13,393435,696,0.038791
13,ours-406478,696,0.030456
13,simd-v0,697,0.061259
13,393435,697,0.039313
13,ours-406478,697,0.030474
13,KACTL,697,0.284323
13,393435,698,0.039084
13,ours-406478,698,0.030446
13,KACTL,698,0.284003
13,simd-v0,698,0.056185
13,ours-406478,699,0.030609
13,KACTL,699,0.289260
13,simd-v0,699,0.056023
13,393435,699,0.039444
13,KACTL,700,0.284284
13,simd-v0,700,0.055976
13,393435,700,0.038700
13,ours-406478,700,0.030402
13,simd-v0,701,0.056133
13,393435,701,0.038764
13,ours-406478,701,0.030529
13,KACTL,701,0.292229
13,393435,702,0.039097
13,ours-406478,702,0.030486
13,KACTL,702,0.284102
13,simd-v0,702,0.056053
13,ours-406478,703,0.030500
13,KACTL,703,0.284180
13,simd-v0,703,0.056002
13,393435,703,0.039370
13,KACTL,704,0.304463
13,simd-v0,704,0.056140
13,393435,704,0.039465
13,ours-406478,704,0.030585
13,simd-v0,705,0.056154
13,393435,705,0.038742
13,ours-406478,705,0.030450
13,KACTL,705,0.284107
13,393435,706,0.039081
13,ours-406478,706,0.030424
13,KACTL,706,0.289534
13,simd-v0,706,0.056119
13,ours-406478,707,0.030540
13,KACTL,707,0.284378
13,simd-v0,707,0.056104
13,393435,707,0.038728
13,KACTL,708,0.286064
13,simd-v0,708,0.056060
13,393435,708,0.043657
13,ours-406478,708,0.029881
13,simd-v0,709,0.055935
13,393435,709,0.038770
13,ours-406478,709,0.029832
13,KACTL,709,0.285426
13,393435,710,0.039018
13,ours-406478,710,0.030421
13,KACTL,710,0.283843
13,simd-v0,710,0.056047
13,ours-406478,711,0.030521
13,KACTL,711,0.289168
13,simd-v0,711,0.056114
13,393435,711,0.039484
13,KACTL,712,0.284058
13,simd-v0,712,0.056120
13,393435,712,0.038799
13,ours-406478,712,0.030472
13,simd-v0,713,0.056176
13,393435,713,0.038721
13,ours-406478,713,0.030449
13,KACTL,713,0.289739
13,393435,714,0.039062
13,ours-406478,714,0.030497
13,KACTL,714,0.284065
13,simd-v0,714,0.056079
13,ours-406478,715,0.030553
13,KACTL,715,0.284332
13,simd-v0,715,0.056095
13,393435,715,0.044084
13,KACTL,716,0.284376
13,simd-v0,716,0.056095
13,393435,716,0.039541
13,ours-406478,716,0.030476
13,simd-v0,717,0.056120
13,393435,717,0.039384
13,ours-406478,717,0.030466
13,KACTL,717,0.285505
13,393435,718,0.039050
13,ours-406478,718,0.030543
13,KACTL,718,0.288868
13,simd-v0,718,0.056107
13,ours-406478,719,0.030554
13,KACTL,719,0.285594
13,simd-v0,719,0.056046
13,393435,719,0.039400
13,KACTL,720,0.284010
13,simd-v0,720,0.061239
13,393435,720,0.039302
13,ours-406478,720,0.030365
13,simd-v0,721,0.056058
13,393435,721,0.039425
13,ours-406478,721,0.030468
13,KACTL,721,0.283957
13,393435,722,0.039135
13,ours-406478,722,0.030493
13,KACTL,722,0.284222
13,simd-v0,722,0.056087
13,ours-406478,723,0.029862
13,KACTL,723,0.289620
13,simd-v0,723,0.056158
13,393435,723,0.038723
13,KACTL,724,0.284057
13,simd-v0,724,0.056051
13,393435,724,0.038706
13,ours-406478,724,0.030447
13,simd-v0,725,0.057902
13,393435,725,0.039266
13,ours-406478,725,0.030483
13,KACTL,725,0.289498
13,393435,726,0.039183
13,ours-406478,726,0.030499
13,KACTL,726,0.283914
13,simd-v0,726,0.056064
13,ours-406478,727,0.030548
13,KACTL,727,0.284402
13,simd-v0,727,0.061196
13,393435,727,0.039337
13,KACTL,728,0.284262
13,simd-v0,728,0.056147
13,393435,728,0.039523
13,ours-406478,728,0.030452
13,simd-v0,729,0.056096
13,393435,729,0.038754
13,ours-406478,729,0.030456
13,KACTL,729,0.286242
13,393435,730,0.039125
13,ours-406478,730,0.029851
13,KACTL,730,0.289108
13,simd-v0,730,0.056003
13,ours-406478,731,0.030410
13,KACTL,731,0.284425
13,simd-v0,731,0.056100
13,393435,731,0.039509
13,KACTL,732,0.289031
13,simd-v0,732,0.056110
13,393435,732,0.038747
13,ours-406478,732,0.030458
13,simd-v0,733,0.056121
13,393435,733,0.039457
13,ours-406478,733,0.030491
13,KACTL,733,0.284338
13,393435,734,0.039069
13,ours-406478,734,0.030514
13,KACTL,734,0.284442
13,simd-v0,734,0.056078
13,ours-406478,735,0.035255
13,KACTL,735,0.284654
13,simd-v0,735,0.056081
13,393435,735,0.039434
13,KACTL,736,0.284121
13,simd-v0,736,0.056147
13,393435,736,0.038699
13,ours-406478,736,0.030477
13,simd-v0,737,0.056080
13,393435,737,0.039416
13,ours-406478,737,0.030419
13,KACTL,737,0.289584
13,393435,738,0.039090
13,ours-406478,738,0.030390
13,KACTL,738,0.283959
13,simd-v0,738,0.056161
13,ours-406478,739,0.030531
13,KACTL,739,0.290402
13,simd-v0,739,0.056111
13,393435,739,0.039438
13,KACTL,740,0.284108
13,simd-v0,740,0.055918
13,393435,740,0.039453
13,ours-406478,740,0.030476
13,simd-v0,741,0.056124
13,393435,741,0.038682
13,ours-406478,741,0.030559
13,KACTL,741,0.284121
13,393435,742,0.039032
13,ours-406478,742,0.034907
13,KACTL,742,0.284244
13,simd-v0,742,0.056103
13,ours-406478,743,0.029854
13,KACTL,743,0.284237
13,simd-v0,743,0.056154
13,393435,743,0.038751
13,KACTL,744,0.288984
13,simd-v0,744,0.056123
13,393435,744,0.039444
13,ours-406478,744,0.030564
13,simd-v0,745,0.056070
13,393435,745,0.038757
13,ours-406478,745,0.030479
13,KACTL,745,0.284366
13,393435,746,0.039064
13,ours-406478,746,0.030466
13,KACTL,746,0.284113
13,simd-v0,746,0.060695
13,ours-406478,747,0.029857
13,KACTL,747,0.284843
13,simd-v0,747,0.056092
13,393435,747,0.038784
13,KACTL,748,0.284192
13,simd-v0,748,0.055995
13,393435,748,0.040730
13,ours-406478,748,0.030335
13,simd-v0,749,0.056069
13,393435,749,0.038705
13,ours-406478,749,0.035604
13,KACTL,749,0.284178
13,393435,750,0.039074
13,ours-406478,750,0.030493
13,KACTL,750,0.284218
13,simd-v0,750,0.056056
13,ours-406478,751,0.030575
13,KACTL,751,0.289167
13,simd-v0,751,0.056065
13,393435,751,0.038783
13,KACTL,752,0.285521
13,simd-v0,752,0.056151
13,393435,752,0.039447
13,ours-406478,752,0.030511
13,simd-v0,753,0.056109
13,393435,753,0.038729
13,ours-406478,753,0.030486
13,KACTL,753,0.284608
13,393435,754,0.044290
13,ours-406478,754,0.030318
13,KACTL,754,0.284316
13,simd-v0,754,0.056095
13,ours-406478,755,0.030567
13,KACTL,755,0.283928
13,simd-v0,755,0.056053
13,393435,755,0.038760
13,KACTL,756,0.289158
13,simd-v0,756,0.056144
13,393435,756,0.039490
13,ours-406478,756,0.030430
13,simd-v0,757,0.056016
13,393435,757,0.039466
13,ours-406478,757,0.030476
13,KACTL,757,0.283924
13,393435,758,0.039107
13,ours-406478,758,0.030514
13,KACTL,758,0.290368
13,simd-v0,758,0.056007
13,ours-406478,759,0.029868
13,KACTL,759,0.284244
13,simd-v0,759,0.056023
13,393435,759,0.038774
13,KACTL,760,0.284065
13,simd-v0,760,0.056125
13,393435,760,0.038703
13,ours-406478,760,0.030512
13,simd-v0,761,0.056079
13,393435,761,0.044079
13,ours-406478,761,0.030280
13,KACTL,761,0.284181
13,393435,762,0.039141
13,ours-406478,762,0.030509
13,KACTL,762,0.283849
13,simd-v0,762,0.056052
13,ours-406478,763,0.030567
13,KACTL,763,0.289296
13,simd-v0,763,0.056098
13,393435,763,0.038788
13,KACTL,764,0.284271
13,simd-v0,764,0.056145
13,393435,764,0.038725
13,ours-406478,764,0.029854
13,simd-v0,765,0.055936
13,393435,765,0.038819
13,ours-406478,765,0.029819
13,KACTL,765,0.289096
13,393435,766,0.039114
13,ours-406478,766,0.030497
13,KACTL,766,0.284246
13,simd-v0,766,0.056034
13,ours-406478,767,0.030501
13,KACTL,767,0.284384
13,simd-v0,767,0.056104
13,393435,767,0.039532
13,KACTL,768,0.289154
13,simd-v0,768,0.056088
13,393435,768,0.039499
13,ours-406478,768,0.030549
13,simd-v0,769,0.056151
13,393435,769,0.039425
13,ours-406478,769,0.030501
13,KACTL,769,0.284376
13,393435,770,0.039050
13,ours-406478,770,0.030467
13,KACTL,770,0.289733
13,simd-v0,770,0.056091
13,ours-406478,771,0.029851
13,KACTL,771,0.286529
13,simd-v0,771,0.056175
13,393435,771,0.038801
13,KACTL,772,0.285873
13,simd-v0,772,0.056107
13,393435,772,0.038692
13,ours-406478,772,0.029823
13,simd-v0,773,0.061382
13,393435,773,0.039165
13,ours-406478,773,0.030409
13,KACTL,773,0.284274
13,393435,774,0.039163
13,ours-406478,774,0.030507
13,KACTL,774,0.284065
13,simd-v0,774,0.056218
13,ours-406478,775,0.030584
13,KACTL,775,0.290109
13,simd-v0,775,0.056036
13,393435,775,0.039429
13,KACTL,776,0.284559
13,simd-v0,776,0.056036
13,393435,776,0.039468
13,ours-406478,776,0.030521
13,simd-v0,777,0.056130
13,393435,777,0.038713
13,ours-406478,777,0.030554
13,KACTL,777,0.289435
13,393435,778,0.039134
13,ours-406478,778,0.030482
13,KACTL,778,0.283988
13,simd-v0,778,0.056151
13,ours-406478,779,0.030530
13,KACTL,779,0.284429
13,simd-v0,779,0.056094
13,393435,779,0.038704
13,KACTL,780,0.289669
13,simd-v0,780,0.056104
13,393435,780,0.039424
13,ours-406478,780,0.030586
13,simd-v0,781,0.056074
13,393435,781,0.038730
13,ours-406478,781,0.030471
13,KACTL,781,0.284193
13,393435,782,0.039039
13,ours-406478,782,0.030446
13,KACTL,782,0.296323
13,simd-v0,782,0.056095
13,ours-406478,783,0.030614
13,KACTL,783,0.286062
13,simd-v0,783,0.055995
13,393435,783,0.038773
13,KACTL,784,0.284172
13,simd-v0,784,0.056115
13,393435,784,0.038727
13,ours-406478,784,0.030230
13,simd-v0,785,0.056135
13,393435,785,0.039444
13,ours-406478,785,0.030373
13,KACTL,785,0.284133
13,393435,786,0.039065
13,ours-406478,786,0.030463
13,KACTL,786,0.284566
13,simd-v0,786,0.056084
13,ours-406478,787,0.030546
13,KACTL,787,0.289521
13,simd-v0,787,0.056066
13,393435,787,0.039471
13,KACTL,788,0.283854
13,simd-v0,788,0.056129
13,393435,788,0.038760
13,ours-406478,788,0.030548
13,simd-v0,789,0.056080
13,393435,789,0.039446
13,ours-406478,789,0.030473
13,KACTL,789,0.289936
13,393435,790,0.039124
13,ours-406478,790,0.030479
13,KACTL,790,0.284397
13,simd-v0,790,0.056130
13,ours-406478,791,0.030562
13,KACTL,791,0.284514
13,simd-v0,791,0.056070
13,393435,791,0.039536
13,KACTL,792,0.289526
13,simd-v0,792,0.056183
13,393435,792,0.039481
13,ours-406478,792,0.030484
13,simd-v0,793,0.056156
13,393435,793,0.039426
13,ours-406478,793,0.030430
13,KACTL,793,0.284837
13,393435,794,0.039007
13,ours-406478,794,0.030445
13,KACTL,794,0.289705
13,simd-v0,794,0.056160
13,ours-406478,795,0.029848
13,KACTL,795,0.284472
13,simd-v0,795,0.056108
13,393435,795,0.038764
13,KACTL,796,0.285545
13,simd-v0,796,0.062559
13,393435,796,0.038711
13,ours-406478,796,0.029817
13,simd-v0,797,0.056043
13,393435,797,0.039455
13,ours-406478,797,0.030424
13,KACTL,797,0.284555
13,393435,798,0.039107
13,ours-406478,798,0.030419
13,KACTL,798,0.285839
13,simd-v0,798,0.055949
13,ours-406478,799,0.030548
13,KACTL,799,0.289577
13,simd-v0,799,0.055975
13,393435,799,0.039476
13,KACTL,800,0.284381
13,simd-v0,800,0.056118
13,393435,800,0.039486
13,ours-406478,800,0.030519
13,simd-v0,801,0.056062
13,393435,801,0.039460
13,ours-406478,801,0.030409
13,KACTL,801,0.290751
13,393435,802,0.039123
13,ours-406478,802,0.029836
13,KACTL,802,0.284695
13,simd-v0,802,0.055997
13,ours-406478,803,0.029770
13,KACTL,803,0.284728
13,simd-v0,803,0.056258
13,393435,803,0.043569
13,KACTL,804,0.284090
13,simd-v0,804,0.056003
13,393435,804,0.039429
13,ours-406478,804,0.030534
13,simd-v0,805,0.056092
13,393435,805,0.039501
13,ours-406478,805,0.030449
13,KACTL,805,0.284070
13,393435,806,0.039085
13,ours-406478,806,0.030458
13,KACTL,806,0.289633
13,simd-v0,806,0.056090
13,ours-406478,807,0.030520
13,KACTL,807,0.284326
13,simd-v0,807,0.056051
13,393435,807,0.038754
13,KACTL,808,0.284361
13,simd-v0,808,0.060854
13,393435,808,0.039271
13,ours-406478,808,0.030464
13,simd-v0,809,0.056122
13,393435,809,0.039437
13,ours-406478,809,0.030408
13,KACTL,809,0.284376
13,393435,810,0.039088
13,ours-406478,810,0.030487
13,KACTL,810,0.283958
13,simd-v0,810,0.056093
13,ours-406478,811,0.035609
13,KACTL,811,0.284521
13,simd-v0,811,0.063058
13,393435,811,0.043910
13,KACTL,812,0.316443
13,simd-v0,812,0.056095
13,393435,812,0.059958
13,ours-406478,812,0.039838
13,simd-v0,813,0.073977
13,393435,813,0.059598
13,ours-406478,813,0.064488
13,KACTL,813,0.429145
13,393435,814,0.088000
13,ours-406478,814,0.038542
13,KACTL,814,0.357327
13,simd-v0,814,0.070233
13,ours-406478,815,0.038388
13,KACTL,815,0.345131
13,simd-v0,815,0.070218
13,393435,815,0.048859
13,KACTL,816,0.345470
13,simd-v0,816,0.076135
13,393435,816,0.048859
13,ours-406478,816,0.038237
13,simd-v0,817,0.069769
13,393435,817,0.048771
13,ours-406478,817,0.038605
13,KACTL,817,0.350982
13,393435,818,0.050051
13,ours-406478,818,0.038479
13,KACTL,818,0.357470
13,simd-v0,818,0.070295
13,ours-406478,819,0.038488
13,KACTL,819,0.377000
13,simd-v0,819,0.070324
13,393435,819,0.048842
13,KACTL,820,0.355452
13,simd-v0,820,0.067716
13,393435,820,0.048138
13,ours-406478,820,0.039943
13,simd-v0,821,0.069568
13,393435,821,0.048822
13,ours-406478,821,0.038579
13,KACTL,821,0.352290
13,393435,822,0.050141
13,ours-406478,822,0.038517
13,KACTL,822,0.358387
13,simd-v0,822,0.070388
13,ours-406478,823,0.038547
13,KACTL,823,0.349735
13,simd-v0,823,0.070173
13,393435,823,0.048781
13,KACTL,824,0.357169
13,simd-v0,824,0.070305
13,393435,824,0.048810
13,ours-406478,824,0.038577
13,simd-v0,825,0.069648
13,393435,825,0.048757
13,ours-406478,825,0.038599
13,KACTL,825,0.347978
13,393435,826,0.050110
13,ours-406478,826,0.038550
13,KACTL,826,0.353152
13,simd-v0,826,0.070283
13,ours-406478,827,0.038597
13,KACTL,827,0.348001
13,simd-v0,827,0.070222
13,393435,827,0.048780
13,KACTL,828,0.355257
13,simd-v0,828,0.070745
13,393435,828,0.048165
13,ours-406478,828,0.039965
13,simd-v0,829,0.069624
13,393435,829,0.048826
13,ours-406478,829,0.038498
13,KACTL,829,0.352445
13,393435,830,0.050125
13,ours-406478,830,0.049410
13,KACTL,830,0.352448
13,simd-v0,830,0.070273
13,ours-406478,831,0.038393
13,KACTL,831,0.349900
13,simd-v0,831,0.070168
13,393435,831,0.048766
13,KACTL,832,0.355273
13,simd-v0,832,0.070223
13,393435,832,0.048727
13,ours-406478,832,0.038491
13,simd-v0,833,0.069584
13,393435,833,0.048884
13,ours-406478,833,0.038519
13,KACTL,833,0.360559
13,393435,834,0.049386
13,ours-406478,834,0.030655
13,KACTL,834,0.293559
13,simd-v0,834,0.058258
13,ours-406478,835,0.030654
13,KACTL,835,0.297847
13,simd-v0,835,0.057522
13,393435,835,0.039804
13,KACTL,836,0.297391
13,simd-v0,836,0.058494
13,393435,836,0.038749
13,ours-406478,836,0.029862
13,simd-v0,837,0.055855
13,393435,837,0.038695
13,ours-406478,837,0.029800
13,KACTL,837,0.284060
13,393435,838,0.039078
13,ours-406478,838,0.031724
13,KACTL,838,0.289311
13,simd-v0,838,0.056133
13,ours-406478,839,0.029839
13,KACTL,839,0.284348
13,simd-v0,839,0.056026
13,393435,839,0.038779
13,KACTL,840,0.284313
13,simd-v0,840,0.056094
13,393435,840,0.038731
13,ours-406478,840,0.034916
13,simd-v0,841,0.055986
13,393435,841,0.038750
13,ours-406478,841,0.029798
13,KACTL,841,0.284267
13,393435,842,0.039054
13,ours-406478,842,0.029856
13,KACTL,842,0.283533
13,simd-v0,842,0.056122
13,ours-406478,843,0.029810
13,KACTL,843,0.290705
13,simd-v0,843,0.056057
13,393435,843,0.038709
13,KACTL,844,0.284075
13,simd-v0,844,0.056073
13,393435,844,0.038716
13,ours-406478,844,0.029841
13,simd-v0,845,0.055924
13,393435,845,0.038772
13,ours-406478,845,0.029847
13,KACTL,845,0.289613
13,393435,846,0.039110
13,ours-406478,846,0.029860
13,KACTL,846,0.285923
13,simd-v0,846,0.056095
13,ours-406478,847,0.029821
13,KACTL,847,0.284892
13,simd-v0,847,0.056077
13,393435,847,0.038721
13,KACTL,848,0.289443
13,simd-v0,848,0.056115
13,393435,848,0.038771
13,ours-406478,848,0.029864
13,simd-v0,849,0.055837
13,393435,849,0.038752
13,ours-406478,849,0.029831
13,KACTL,849,0.284335
13,393435,850,0.039058
13,ours-406478,850,0.030451
13,KACTL,850,0.289868
13,simd-v0,850,0.056170
13,ours-406478,851,0.030537
13,KACTL,851,0.321409
13,simd-v0,851,0.056167
13,393435,851,0.039522
13,KACTL,852,0.285760
13,simd-v0,852,0.061808
13,393435,852,0.039282
13,ours-406478,852,0.030597
13,simd-v0,853,0.056074
13,393435,853,0.039436
13,ours-406478,853,0.030438
13,KACTL,853,0.284391
13,393435,854,0.039078
13,ours-406478,854,0.030407
13,KACTL,854,0.284708
13,simd-v0,854,0.056107
13,ours-406478,855,0.029806
13,KACTL,855,0.297233
13,simd-v0,855,0.056218
13,393435,855,0.038740
13,KACTL,856,0.285416
13,simd-v0,856,0.056181
13,393435,856,0.039451
13,ours-406478,856,0.030483
13,simd-v0,857,0.055998
13,393435,857,0.039439
13,ours-406478,857,0.030487
13,KACTL,857,0.290137
13,393435,858,0.039117
13,ours-406478,858,0.030458
13,KACTL,858,0.286084
13,simd-v0,858,0.056052
13,ours-406478,859,0.030489
13,KACTL,859,0.284642
13,simd-v0,859,0.061369
13,393435,859,0.039244
13,KACTL,860,0.284354
13,simd-v0,860,0.056142
13,393435,860,0.039407
13,ours-406478,860,0.030472
13,simd-v0,861,0.056096
13,393435,861,0.038714
13,ours-406478,861,0.030445
13,KACTL,861,0.286514
13,393435,862,0.039161
13,ours-406478,862,0.030458
13,KACTL,862,0.289010
13,simd-v0,862,0.056165
13,ours-406478,863,0.030597
13,KACTL,863,0.284409
13,simd-v0,863,0.056061
13,393435,863,0.039482
13,KACTL,864,0.290855
13,simd-v0,864,0.056035
13,393435,864,0.039499
13,ours-406478,864,0.030506
13,simd-v0,865,0.056105
13,393435,865,0.039460
13,ours-406478,865,0.030478
13,KACTL,865,0.284929
13,393435,866,0.039098
13,ours-406478,866,0.030421
13,KACTL,866,0.284350
13,simd-v0,866,0.061278
13,ours-406478,867,0.029881
13,KACTL,867,0.284161
13,simd-v0,867,0.056062
13,393435,867,0.038779
13,KACTL,868,0.284278
13,simd-v0,868,0.055972
13,393435,868,0.038761
13,ours-406478,868,0.029855
13,simd-v0,869,0.056148
13,393435,869,0.039430
13,ours-406478,869,0.030472
13,KACTL,869,0.290216
13,393435,870,0.039128
13,ours-406478,870,0.030456
13,KACTL,870,0.284354
13,simd-v0,870,0.055998
13,ours-406478,871,0.030532
13,KACTL,871,0.289845
13,simd-v0,871,0.056133
13,393435,871,0.039442
13,KACTL,872,0.284229
13,simd-v0,872,0.056017
13,393435,872,0.038743
13,ours-406478,872,0.030537
13,simd-v0,873,0.056064
13,393435,873,0.038708
13,ours-406478,873,0.030505
13,KACTL,873,0.284737
13,393435,874,0.039082
13,ours-406478,874,0.036387
13,KACTL,874,0.284373
13,simd-v0,874,0.056103
13,ours-406478,875,0.030513
13,KACTL,875,0.285690
13,simd-v0,875,0.056100
13,393435,875,0.039512
13,KACTL,876,0.288895
13,simd-v0,876,0.056153
13,393435,876,0.039500
13,ours-406478,876,0.030416
13,simd-v0,877,0.056095
13,393435,877,0.039467
13,ours-406478,877,0.030460
13,KACTL,877,0.284653
13,393435,878,0.039073
13,ours-406478,878,0.030451
13,KACTL,878,0.288725
13,simd-v0,878,0.056147
13,ours-406478,879,0.029806
13,KACTL,879,0.284358
13,simd-v0,879,0.056126
13,393435,879,0.038767
13,KACTL,880,0.284185
13,simd-v0,880,0.056099
13,393435,880,0.038693
13,ours-406478,880,0.029873
13,simd-v0,881,0.055970
13,393435,881,0.039452
13,ours-406478,881,0.035447
13,KACTL,881,0.283902
13,393435,882,0.039050
13,ours-406478,882,0.030489
13,KACTL,882,0.284009
13,simd-v0,882,0.056045
13,ours-406478,883,0.030578
13,KACTL,883,0.289744
13,simd-v0,883,0.056073
13,393435,883,0.039494
13,KACTL,884,0.283955
13,simd-v0,884,0.056082
13,393435,884,0.039490
13,ours-406478,884,0.030523
13,simd-v0,885,0.056120
13,393435,885,0.038778
13,ours-406478,885,0.030468
13,KACTL,885,0.290839
13,393435,886,0.039140
13,ours-406478,886,0.029858
13,KACTL,886,0.284366
13,simd-v0,886,0.056137
13,ours-406478,887,0.029818
13,KACTL,887,0.283902
13,simd-v0,887,0.056225
13,393435,887,0.038831
13,KACTL,888,0.289241
13,simd-v0,888,0.056119
13,393435,888,0.039480
13,ours-406478,888,0.030418
13,simd-v0,889,0.056155
13,393435,889,0.038678
13,ours-406478,889,0.030431
13,KACTL,889,0.284110
13,393435,890,0.039052
13,ours-406478,890,0.030485
13,KACTL,890,0.288899
13,simd-v0,890,0.056213
13,ours-406478,891,0.030523
13,KACTL,891,0.284616
13,simd-v0,891,0.056088
13,393435,891,0.039461
13,KACTL,892,0.284406
13,simd-v0,892,0.056093
13,393435,892,0.038716
13,ours-406478,892,0.030507
13,simd-v0,893,0.061205
13,393435,893,0.039340
13,ours-406478,893,0.030450
13,KACTL,893,0.285303
13,393435,894,0.039048
13,ours-406478,894,0.030467
13,KACTL,894,0.284070
13,simd-v0,894,0.055936
13,ours-406478,895,0.030467
13,KACTL,895,0.290608
13,simd-v0,895,0.056224
13,393435,895,0.038714
13,KACTL,896,0.284157
13,simd-v0,896,0.056128
13,393435,896,0.038694
13,ours-406478,896,0.029832
13,simd-v0,897,0.055941
13,393435,897,0.038705
13,ours-406478,897,0.029830
13,KACTL,897,0.288857
13,393435,898,0.039074
13,ours-406478,898,0.030480
13,KACTL,898,0.284313
13,simd-v0,898,0.056145
13,ours-406478,899,0.030520
13,KACTL,899,0.284108
13,simd-v0,899,0.056139
13,393435,899,0.039121
13,KACTL,900,0.289633
13,simd-v0,900,0.056096
13,393435,900,0.039434
13,ours-406478,900,0.030539
13,simd-v0,901,0.056139
13,393435,901,0.038759
13,ours-406478,901,0.030492
13,KACTL,901,0.284255
13,393435,902,0.039082
13,ours-406478,902,0.030373
13,KACTL,902,0.289753
13,simd-v0,902,0.056066
13,ours-406478,903,0.030476
13,KACTL,903,0.284309
13,simd-v0,903,0.056157
13,393435,903,0.039456
13,KACTL,904,0.284392
13,simd-v0,904,0.056152
13,393435,904,0.038783
13,ours-406478,904,0.030500
13,simd-v0,905,0.061295
13,393435,905,0.039275
13,ours-406478,905,0.030474
13,KACTL,905,0.284000
13,393435,906,0.039041
13,ours-406478,906,0.029830
13,KACTL,906,0.284308
13,simd-v0,906,0.056117
13,ours-406478,907,0.029806
13,KACTL,907,0.289515
13,simd-v0,907,0.056111
13,393435,907,0.039435
13,KACTL,908,0.284208
13,simd-v0,908,0.056069
13,393435,908,0.039483
13,ours-406478,908,0.030487
13,simd-v0,909,0.056077
13,393435,909,0.038709
13,ours-406478,909,0.030448
13,KACTL,909,0.292774
13,393435,910,0.039124
13,ours-406478,910,0.030486
13,KACTL,910,0.284587
13,simd-v0,910,0.056042
13,ours-406478,911,0.030545
13,KACTL,911,0.284859
13,simd-v0,911,0.056032
13,393435,911,0.038841
13,KACTL,912,0.289642
13,simd-v0,912,0.056051
13,393435,912,0.039461
13,ours-406478,912,0.030476
13,simd-v0,913,0.056076
13,393435,913,0.039466
13,ours-406478,913,0.030495
13,KACTL,913,0.284485
13,393435,914,0.039019
13,ours-406478,914,0.030465
13,KACTL,914,0.289202
13,simd-v0,914,0.056055
13,ours-406478,915,0.030541
13,KACTL,915,0.284461
13,simd-v0,915,0.056007
13,393435,915,0.039524
13,KACTL,916,0.284402
13,simd-v0,916,0.056050
13,393435,916,0.044506
13,ours-406478,916,0.030376
13,simd-v0,917,0.056068
13,393435,917,0.039413
13,ours-406478,917,0.030490
13,KACTL,917,0.284108
13,393435,918,0.039093
13,ours-406478,918,0.029831
13,KACTL,918,0.284425
13,simd-v0,918,0.056015
13,ours-406478,919,0.029814
13,KACTL,919,0.289491
13,simd-v0,919,0.055998
13,393435,919,0.039478
13,KACTL,920,0.284068
13,simd-v0,920,0.055970
13,393435,920,0.039421
13,ours-406478,920,0.030613
13,simd-v0,921,0.055915
13,393435,921,0.038767
13,ours-406478,921,0.030482
13,KACTL,921,0.289402
13,393435,922,0.039111
13,ours-406478,922,0.030471
13,KACTL,922,0.286007
13,simd-v0,922,0.056132
13,ours-406478,923,0.029851
13,KACTL,923,0.284239
13,simd-v0,923,0.056060
13,393435,923,0.038727
13,KACTL,924,0.290427
13,simd-v0,924,0.056123
13,393435,924,0.039496
13,ours-406478,924,0.030465
13,simd-v0,925,0.056076
13,393435,925,0.039454
13,ours-406478,925,0.030513
13,KACTL,925,0.284217
13,393435,926,0.039130
13,ours-406478,926,0.030446
13,KACTL,926,0.289507
13,simd-v0,926,0.056116
13,ours-406478,927,0.030527
13,KACTL,927,0.284474
13,simd-v0,927,0.056078
13,393435,927,0.038796
13,KACTL,928,0.284480
13,simd-v0,928,0.060932
13,393435,928,0.038768
13,ours-406478,928,0.029815
13,simd-v0,929,0.055911
13,393435,929,0.038774
13,ours-406478,929,0.029838
13,KACTL,929,0.284403
13,393435,930,0.039109
13,ours-406478,930,0.030449
13,KACTL,930,0.283888
13,simd-v0,930,0.056085
13,ours-406478,931,0.030535
13,KACTL,931,0.288881
13,simd-v0,931,0.056097
13,393435,931,0.039507
13,KACTL,932,0.284022
13,simd-v0,932,0.056155
13,393435,932,0.038756
13,ours-406478,932,0.030495
13,simd-v0,933,0.057873
13,393435,933,0.039304
13,ours-406478,933,0.030441
13,KACTL,933,0.297275
13,393435,934,0.039148
13,ours-406478,934,0.030537
13,KACTL,934,0.284094
13,simd-v0,934,0.056163
13,ours-406478,935,0.029836
13,KACTL,935,0.284803
13,simd-v0,935,0.056036
13,393435,935,0.043586
13,KACTL,936,0.284178
13,simd-v0,936,0.056095
13,393435,936,0.038707
13,ours-406478,936,0.029849
13,simd-v0,937,0.056080
13,393435,937,0.038749
13,ours-406478,937,0.030423
13,KACTL,937,0.284957
13,393435,938,0.039033
13,ours-406478,938,0.030370
13,KACTL,938,0.289760
13,simd-v0,938,0.056121
13,ours-406478,939,0.030574
13,KACTL,939,0.284116
13,simd-v0,939,0.056144
13,393435,939,0.039398
13,KACTL,940,0.288866
13,simd-v0,940,0.056037
13,393435,940,0.039466
13,ours-406478,940,0.030488
13,simd-v0,941,0.056016
13,393435,941,0.039440
13,ours-406478,941,0.030473
13,KACTL,941,0.284076
13,393435,942,0.039098
13,ours-406478,942,0.030468
13,KACTL,942,0.284080
13,simd-v0,942,0.056020
13,ours-406478,943,0.035673
13,KACTL,943,0.284723
13,simd-v0,943,0.056142
13,393435,943,0.039461
13,KACTL,944,0.284186
13,simd-v0,944,0.056056
13,393435,944,0.039522
13,ours-406478,944,0.030506
13,simd-v0,945,0.056104
13,393435,945,0.039455
13,ours-406478,945,0.030471
13,KACTL,945,0.289232
13,393435,946,0.039104
13,ours-406478,946,0.030414
13,KACTL,946,0.284221
13,simd-v0,946,0.056077
13,ours-406478,947,0.029825
13,KACTL,947,0.284134
13,simd-v0,947,0.060852
13,393435,947,0.038776
13,KACTL,948,0.284396
13,simd-v0,948,0.056113
13,393435,948,0.038729
13,ours-406478,948,0.029784
13,simd-v0,949,0.055950
13,393435,949,0.039471
13,ours-406478,949,0.030431
13,KACTL,949,0.284445
13,393435,950,0.039090
13,ours-406478,950,0.035481
13,KACTL,950,0.284300
13,simd-v0,950,0.056032
13,ours-406478,951,0.030538
13,KACTL,951,0.284377
13,simd-v0,951,0.056139
13,393435,951,0.038692
13,KACTL,952,0.288780
13,simd-v0,952,0.056065
13,393435,952,0.038734
13,ours-406478,952,0.029830
13,simd-v0,953,0.055908
13,393435,953,0.038680
13,ours-406478,953,0.029846
13,KACTL,953,0.284341
13,393435,954,0.039136
13,ours-406478,954,0.030474
13,KACTL,954,0.283978
13,simd-v0,954,0.060999
13,ours-406478,955,0.030425
13,KACTL,955,0.283961
13,simd-v0,955,0.056054
13,393435,955,0.039380
13,KACTL,956,0.284157
13,simd-v0,956,0.056136
13,393435,956,0.041272
13,ours-406478,956,0.030344
13,simd-v0,957,0.055982
13,393435,957,0.038773
13,ours-406478,957,0.035613
13,KACTL,957,0.284504
13,393435,958,0.039115
13,ours-406478,958,0.030459
13,KACTL,958,0.284156
13,simd-v0,958,0.056091
13,ours-406478,959,0.030477
13,KACTL,959,0.289023
13,simd-v0,959,0.056142
13,393435,959,0.039505
13,KACTL,960,0.283906
13,simd-v0,960,0.056053
13,393435,960,0.038764
13,ours-406478,960,0.030494
13,simd-v0,961,0.056153
13,393435,961,0.038776
13,ours-406478,961,0.030497
13,KACTL,961,0.284245
13,393435,962,0.044154
13,ours-406478,962,0.030406
13,KACTL,962,0.284222
13,simd-v0,962,0.056093
13,ours-406478,963,0.030566
13,KACTL,963,0.284340
13,simd-v0,963,0.056065
13,393435,963,0.038695
13,KACTL,964,0.289050
13,simd-v0,964,0.056039
13,393435,964,0.039460
13,ours-406478,964,0.030420
13,simd-v0,965,0.056033
13,393435,965,0.039438
13,ours-406478,965,0.030488
13,KACTL,965,0.300353
13,393435,966,0.042877
13,ours-406478,966,0.030678
13,KACTL,966,0.290042
13,simd-v0,966,0.056192
13,ours-406478,967,0.030576
13,KACTL,967,0.284325
13,simd-v0,967,0.056118
13,393435,967,0.038757
13,KACTL,968,0.283955
13,simd-v0,968,0.055950
13,393435,968,0.039420
13,ours-406478,968,0.030451
13,simd-v0,969,0.056113
13,393435,969,0.045066
13,ours-406478,969,0.030273
13,KACTL,969,0.284537
13,393435,970,0.039109
13,ours-406478,970,0.030390
13,KACTL,970,0.284272
13,simd-v0,970,0.056041
13,ours-406478,971,0.029808
13,KACTL,971,0.289120
13,simd-v0,971,0.055986
13,393435,971,0.038787
13,KACTL,972,0.284174
13,simd-v0,972,0.056113
13,393435,972,0.038738
13,ours-406478,972,0.029831
13,simd-v0,973,0.055811
13,393435,973,0.038712
13,ours-406478,973,0.029846
13,KACTL,973,0.290178
13,393435,974,0.039153
13,ours-406478,974,0.030468
13,KACTL,974,0.284608
13,simd-v0,974,0.056124
13,ours-406478,975,0.030524
13,KACTL,975,0.284087
13,simd-v0,975,0.056113
13,393435,975,0.039432
13,KACTL,976,0.289340
13,simd-v0,976,0.056065
13,393435,976,0.039503
13,ours-406478,976,0.030445
13,simd-v0,977,0.056140
13,393435,977,0.039413
13,ours-406478,977,0.030432
13,KACTL,977,0.284670
13,393435,978,0.039107
13,ours-406478,978,0.030379
13,KACTL,978,0.289663
13,simd-v0,978,0.056083
13,ours-406478,979,0.030550
13,KACTL,979,0.284180
13,simd-v0,979,0.056059
13,393435,979,0.038900
13,KACTL,980,0.286045
13,simd-v0,980,0.056075
13,393435,980,0.039479
13,ours-406478,980,0.030515
13,simd-v0,981,0.062014
13,393435,981,0.039285
13,ours-406478,981,0.030466
13,KACTL,981,0.284148
13,393435,982,0.039080
13,ours-406478,982,0.030399
13,KACTL,982,0.284169
13,simd-v0,982,0.056061
13,ours-406478,983,0.030490
13,KACTL,983,0.289948
13,simd-v0,983,0.056084
13,393435,983,0.039442
13,KACTL,984,0.284087
13,simd-v0,984,0.056062
13,393435,984,0.039425
13,ours-406478,984,0.030437
13,simd-v0,985,0.056066
13,393435,985,0.039447
13,ours-406478,985,0.030488
13,KACTL,985,0.290706
13,393435,986,0.039166
13,ours-406478,986,0.029858
13,KACTL,986,0.283846
13,simd-v0,986,0.056003
13,ours-406478,987,0.029821
13,KACTL,987,0.284487
13,simd-v0,987,0.056080
13,393435,987,0.039468
13,KACTL,988,0.289000
13,simd-v0,988,0.056185
13,393435,988,0.039427
13,ours-406478,988,0.030445
13,simd-v0,989,0.056045
13,393435,989,0.039502
13,ours-406478,989,0.030458
13,KACTL,989,0.284394
13,393435,990,0.039093
13,ours-406478,990,0.030441
13,KACTL,990,0.290007
13,simd-v0,990,0.056098
13,ours-406478,991,0.029884
13,KACTL,991,0.284117
13,simd-v0,991,0.056080
13,393435,991,0.038702
13,KACTL,992,0.284168
13,simd-v0,992,0.056005
13,393435,992,0.044703
13,ours-406478,992,0.030421
13,simd-v0,993,0.056089
13,393435,993,0.039505
13,ours-406478,993,0.030474
13,KACTL,993,0.284147
13,393435,994,0.039066
13,ours-406478,994,0.030443
13,KACTL,994,0.284093
13,simd-v0,994,0.056011
13,ours-406478,995,0.030530
13,KACTL,995,0.291119
13,simd-v0,995,0.056148
13,393435,995,0.038720
13,KACTL,996,0.284853
13,simd-v0,996,0.055999
13,393435,996,0.038716
13,ours-406478,996,0.029844
13,simd-v0,997,0.056055
13,393435,997,0.038755
13,ours-406478,997,0.029860
13,KACTL,997,0.289138
13,393435,998,0.039138
13,ours-406478,998,0.030494
13,KACTL,998,0.284193
13,simd-v0,998,0.056048
13,ours-406478,999,0.030535
13,KACTL,999,0.284205
13,simd-v0,999,0.056114
13,393435,999,0.038763
13,KACTL,1000,0.289428
13,simd-v0,1000,0.056056
13,393435,1000,0.039429
13,ours-406478,1000,0.030431
14,KACTL,0,0.654968
14,simd-v0,0,0.121550
14,393435,0,0.083859
14,ours-406478,0,0.065601
14,simd-v0,1,0.116467
14,393435,1,0.083737
14,ours-406478,1,0.065512
14,KACTL,1,0.673462
14,393435,2,0.083943
14,ours-406478,2,0.065723
14,KACTL,2,0.657546
14,simd-v0,2,0.121766
14,ours-406478,3,0.065739
14,KACTL,3,0.650901
14,simd-v0,3,0.116440
14,393435,3,0.088965
14,KACTL,4,0.655567
14,simd-v0,4,0.116466
14,393435,4,0.083756
14,ours-406478,4,0.065603
14,simd-v0,5,0.120729
14,393435,5,0.083894
14,ours-406478,5,0.065619
14,KACTL,5,0.650603
14,393435,6,0.088887
14,ours-406478,6,0.065626
14,KACTL,6,0.655738
14,simd-v0,6,0.116312
14,ours-406478,7,0.065649
14,KACTL,7,0.657489
14,simd-v0,7,0.116275
14,393435,7,0.083730
14,KACTL,8,0.661387
14,simd-v0,8,0.116194
14,393435,8,0.083758
14,ours-406478,8,0.065616
14,simd-v0,9,0.118315
14,393435,9,0.083787
14,ours-406478,9,0.070759
14,KACTL,9,0.654353
14,393435,10,0.083841
14,ours-406478,10,0.065615
14,KACTL,10,0.662033
14,simd-v0,10,0.116302
14,ours-406478,11,0.065591
14,KACTL,11,0.657405
14,simd-v0,11,0.116372
14,393435,11,0.083887
14,KACTL,12,0.661166
14,simd-v0,12,0.116349
14,393435,12,0.083740
14,ours-406478,12,0.065468
14,simd-v0,13,0.116157
14,393435,13,0.083741
14,ours-406478,13,0.065612
14,KACTL,13,0.660814
14,393435,14,0.083835
14,ours-406478,14,0.065636
14,KACTL,14,0.662718
14,simd-v0,14,0.116307
14,ours-406478,15,0.065542
14,KACTL,15,0.656101
14,simd-v0,15,0.116284
14,393435,15,0.083752
14,KACTL,16,0.659593
14,simd-v0,16,0.116317
14,393435,16,0.083787
14,ours-406478,16,0.065594
14,simd-v0,17,0.116095
14,393435,17,0.083809
14,ours-406478,17,0.065646
14,KACTL,17,0.656698
14,393435,18,0.083862
14,ours-406478,18,0.065682
14,KACTL,18,0.660561
14,simd-v0,18,0.116522
14,ours-406478,19,0.065484
14,KACTL,19,0.655767
14,simd-v0,19,0.121309
14,393435,19,0.083816
14,KACTL,20,0.654259
14,simd-v0,20,0.116224
14,393435,20,0.083734
14,ours-406478,20,0.065632
14,simd-v0,21,0.116280
14,393435,21,0.083707
14,ours-406478,21,0.065592
14,KACTL,21,0.659435
14,393435,22,0.083730
14,ours-406478,22,0.065538
14,KACTL,22,0.654889
14,simd-v0,22,0.116161
14,ours-406478,23,0.070719
14,KACTL,23,0.651680
14,simd-v0,23,0.116237
14,393435,23,0.083814
14,KACTL,24,0.660172
14,simd-v0,24,0.116204
14,393435,24,0.083723
14,ours-406478,24,0.065627
14,simd-v0,25,0.116212
14,393435,25,0.088764
14,ours-406478,25,0.065618
14,KACTL,25,0.650455
14,393435,26,0.083799
14,ours-406478,26,0.065595
14,KACTL,26,0.661128
14,simd-v0,26,0.116294
14,ours-406478,27,0.065719
14,KACTL,27,0.656130
14,simd-v0,27,0.116230
14,393435,27,0.083830
14,KACTL,28,0.660826
14,simd-v0,28,0.116443
14,393435,28,0.083805
14,ours-406478,28,0.065633
14,simd-v0,29,0.116173
14,393435,29,0.083797
14,ours-406478,29,0.065582
14,KACTL,29,0.657704
14,393435,30,0.083801
14,ours-406478,30,0.065653
14,KACTL,30,0.661339
14,simd-v0,30,0.116212
14,ours-406478,31,0.065578
14,KACTL,31,0.655803
14,simd-v0,31,0.116424
14,393435,31,0.083777
14,KACTL,32,0.662882
14,simd-v0,32,0.116224
14,393435,32,0.083803
14,ours-406478,32,0.065532
14,simd-v0,33,0.116224
14,393435,33,0.083795
14,ours-406478,33,0.065526
14,KACTL,33,0.658004
14,393435,34,0.083863
14,ours-406478,34,0.065538
14,KACTL,34,0.662730
14,simd-v0,34,0.116333
14,ours-406478,35,0.065502
14,KACTL,35,0.650990
14,simd-v0,35,0.121551
14,393435,35,0.083878
14,KACTL,36,0.655789
14,simd-v0,36,0.116216
14,393435,36,0.103400
14,ours-406478,36,0.065669
14,simd-v0,37,0.116218
14,393435,37,0.083753
14,ours-406478,37,0.065572
14,KACTL,37,0.655559
14,393435,38,0.083786
14,ours-406478,38,0.065474
14,KACTL,38,0.653545
14,simd-v0,38,0.121442
14,ours-406478,39,0.065476
14,KACTL,39,0.650587
14,simd-v0,39,0.116309
14,393435,39,0.083802
14,KACTL,40,0.660301
14,simd-v0,40,0.116531
14,393435,40,0.103234
14,ours-406478,40,0.065639
14,simd-v0,41,0.126382
14,393435,41,0.083922
14,ours-406478,41,0.065601
14,KACTL,41,0.653124
14,393435,42,0.083765
14,ours-406478,42,0.070733
14,KACTL,42,0.654671
14,simd-v0,42,0.116275
14,ours-406478,43,0.065583
14,KACTL,43,0.657210
14,simd-v0,43,0.116265
14,393435,43,0.083755
14,KACTL,44,0.660341
14,simd-v0,44,0.116308
14,393435,44,0.083719
14,ours-406478,44,0.065540
14,simd-v0,45,0.116182
14,393435,45,0.083790
14,ours-406478,45,0.065527
14,KACTL,45,0.656625
14,393435,46,0.083807
14,ours-406478,46,0.065548
14,KACTL,46,0.660799
14,simd-v0,46,0.116179
14,ours-406478,47,0.065525
14,KACTL,47,0.656495
14,simd-v0,47,0.116330
14,393435,47,0.083840
14,KACTL,48,0.660800
14,simd-v0,48,0.116129
14,393435,48,0.083822
14,ours-406478,48,0.065560
14,simd-v0,49,0.116151
14,393435,49,0.083814
14,ours-406478,49,0.065482
14,KACTL,49,0.656624
14,393435,50,0.083798
14,ours-406478,50,0.065587
14,KACTL,50,0.659893
14,simd-v0,50,0.116065
14,ours-406478,51,0.065525
14,KACTL,51,0.658778
14,simd-v0,51,0.116353
14,393435,51,0.083801
14,KACTL,52,0.655596
14,simd-v0,52,0.121083
14,393435,52,0.083715
14,ours-406478,52,0.065627
14,simd-v0,53,0.116241
14,393435,53,0.083759
14,ours-406478,53,0.065576
14,KACTL,53,0.656353
14,393435,54,0.083860
14,ours-406478,54,0.065539
14,KACTL,54,0.654891
14,simd-v0,54,0.116175
14,ours-406478,55,0.065586
14,KACTL,55,0.651434
14,simd-v0,55,0.116287
14,393435,55,0.102549
14,KACTL,56,0.664145
14,simd-v0,56,0.116338
14,393435,56,0.083876
14,ours-406478,56,0.071280
14,simd-v0,57,0.116396
14,393435,57,0.083804
14,ours-406478,57,0.065543
14,KACTL,57,0.651384
14,393435,58,0.088849
14,ours-406478,58,0.065604
14,KACTL,58,0.655327
14,simd-v0,58,0.116292
14,ours-406478,59,0.065462
14,KACTL,59,0.656001
14,simd-v0,59,0.116333
14,393435,59,0.083808
14,KACTL,60,0.663090
14,simd-v0,60,0.116211
14,393435,60,0.083722
14,ours-406478,60,0.065505
14,simd-v0,61,0.116292
14,393435,61,0.083773
14,ours-406478,61,0.065552
14,KACTL,61,0.651872
14,393435,62,0.083819
14,ours-406478,62,0.067476
14,KACTL,62,0.660968
14,simd-v0,62,0.116349
14,ours-406478,63,0.065509
14,KACTL,63,0.702881
14,simd-v0,63,0.116570
14,393435,63,0.083897
14,KACTL,64,0.662286
14,simd-v0,64,0.116333
14,393435,64,0.083791
14,ours-406478,64,0.065846
14,simd-v0,65,0.116300
14,393435,65,0.083720
14,ours-406478,65,0.065559
14,KACTL,65,0.657814
14,393435,66,0.083872
14,ours-406478,66,0.065533
14,KACTL,66,0.659887
14,simd-v0,66,0.116415
14,ours-406478,67,0.065463
14,KACTL,67,0.660252
14,simd-v0,67,0.116212
14,393435,67,0.083738
14,KACTL,68,0.659446
14,simd-v0,68,0.116201
14,393435,68,0.083748
14,ours-406478,68,0.065614
14,simd-v0,69,0.116282
14,393435,69,0.083822
14,ours-406478,69,0.065442
14,KACTL,69,0.656490
14,393435,70,0.083837
14,ours-406478,70,0.065516
14,KACTL,70,0.659585
14,simd-v0,70,0.116347
14,ours-406478,71,0.065480
14,KACTL,71,0.651366
14,simd-v0,71,0.131169
14,393435,71,0.083991
14,KACTL,72,0.658465
14,simd-v0,72,0.116321
14,393435,72,0.089042
14,ours-406478,72,0.065693
14,simd-v0,73,0.116254
14,393435,73,0.083817
14,ours-406478,73,0.065544
14,KACTL,73,0.657877
14,393435,74,0.083859
14,ours-406478,74,0.065521
14,KACTL,74,0.657725
14,simd-v0,74,0.125537
14,ours-406478,75,0.065522
14,KACTL,75,0.651570
14,simd-v0,75,0.116187
14,393435,75,0.083839
14,KACTL,76,0.664048
14,simd-v0,76,0.116236
14,393435,76,0.083908
14,ours-406478,76,0.065553
14,simd-v0,77,0.121480
14,393435,77,0.083858
14,ours-406478,77,0.065512
14,KACTL,77,0.652196
14,393435,78,0.083801
14,ours-406478,78,0.070870
14,KACTL,78,0.655955
14,simd-v0,78,0.116255
14,ours-406478,79,0.065562
14,KACTL,79,0.659061
14,simd-v0,79,0.116306
14,393435,79,0.083758
14,KACTL,80,0.661189
14,simd-v0,80,0.116269
14,393435,80,0.083805
14,ours-406478,80,0.065580
14,simd-v0,81,0.116316
14,393435,81,0.083835
14,ours-406478,81,0.065605
14,KACTL,81,0.658269
14,393435,82,0.083812
14,ours-406478,82,0.065548
14,KACTL,82,0.660692
14,simd-v0,82,0.116252
14,ours-406478,83,0.065562
14,KACTL,83,0.659250
14,simd-v0,83,0.116323
14,393435,83,0.083880
14,KACTL,84,0.659729
14,simd-v0,84,0.116312
14,393435,84,0.083781
14,ours-406478,84,0.065557
14,simd-v0,85,0.116116
14,393435,85,0.083769
14,ours-406478,85,0.065491
14,KACTL,85,0.657464
14,393435,86,0.083783
14,ours-406478,86,0.065600
14,KACTL,86,0.660151
14,simd-v0,86,0.116210
14,ours-406478,87,0.065549
14,KACTL,87,0.657108
14,simd-v0,87,0.116211
14,393435,87,0.083851
14,KACTL,88,0.655972
14,simd-v0,88,0.121065
14,393435,88,0.083802
14,ours-406478,88,0.065597
14,simd-v0,89,0.116181
14,393435,89,0.083865
14,ours-406478,89,0.065520
14,KACTL,89,0.656648
14,393435,90,0.083817
14,ours-406478,90,0.065573
14,KACTL,90,0.655652
14,simd-v0,90,0.122669
14,ours-406478,91,0.065611
14,KACTL,91,0.651795
14,simd-v0,91,0.116227
14,393435,91,0.089003
14,KACTL,92,0.658024
14,simd-v0,92,0.116236
14,393435,92,0.083749
14,ours-406478,92,0.065608
14,simd-v0,93,0.116213
14,393435,93,0.083730
14,ours-406478,93,0.065475
14,KACTL,93,0.652419
14,393435,94,0.088742
14,ours-406478,94,0.065521
14,KACTL,94,0.654443
14,simd-v0,94,0.116379
14,ours-406478,95,0.065549
14,KACTL,95,0.658320
14,simd-v0,95,0.116285
14,393435,95,0.083703
14,KACTL,96,0.659555
14,simd-v0,96,0.116233
14,393435,96,0.083753
14,ours-406478,96,0.065577
14,simd-v0,97,0.116226
14,393435,97,0.083723
14,ours-406478,97,0.070626
14,KACTL,97,0.650917
14,393435,98,0.083768
14,ours-406478,98,0.065519
14,KACTL,98,0.665173
14,simd-v0,98,0.116193
14,ours-406478,99,0.065562
14,KACTL,99,0.659185
14,simd-v0,99,0.116357
14,393435,99,0.083777
14,KACTL,100,0.661296
14,simd-v0,100,0.116507
14,393435,100,0.083716
14,ours-406478,100,0.065604
14,simd-v0,101,0.116265
14,393435,101,0.083707
14,ours-406478,101,0.065485
14,KACTL,101,0.656158
14,393435,102,0.083790
14,ours-406478,102,0.065533
14,KACTL,102,0.660368
14,simd-v0,102,0.116176
14,ours-406478,103,0.065562
14,KACTL,103,0.660227
14,simd-v0,103,0.116049
14,393435,103,0.083811
14,KACTL,104,0.664722
14,simd-v0,104,0.116280
14,393435,104,0.083741
14,ours-406478,104,0.065552
14,simd-v0,105,0.116228
14,393435,105,0.083716
14,ours-406478,105,0.065505
14,KACTL,105,0.656845
14,393435,106,0.083838
14,ours-406478,106,0.065517
14,KACTL,106,0.668195
14,simd-v0,106,0.116338
14,ours-406478,107,0.065567
14,KACTL,107,0.652277
14,simd-v0,107,0.121197
14,393435,107,0.083927
14,KACTL,108,0.655747
14,simd-v0,108,0.116107
14,393435,108,0.088977
14,ours-406478,108,0.065601
14,simd-v0,109,0.116182
14,393435,109,0.083870
14,ours-406478,109,0.065559
14,KACTL,109,0.655808
14,393435,110,0.083720
14,ours-406478,110,0.065481
14,KACTL,110,0.655108
14,simd-v0,110,0.116096
14,ours-406478,111,0.070649
14,KACTL,111,0.651261
14,simd-v0,111,0.116201
14,393435,111,0.083808
14,KACTL,112,0.665133
14,simd-v0,112,0.116344
14,393435,112,0.083754
14,ours-406478,112,0.065530
14,simd-v0,113,0.116265
14,393435,113,0.088707
14,ours-406478,113,0.065526
14,KACTL,113,0.650838
14,393435,114,0.083768
14,ours-406478,114,0.065526
14,KACTL,114,0.661347
14,simd-v0,114,0.116355
14,ours-406478,115,0.065577
14,KACTL,115,0.659287
14,simd-v0,115,0.116201
14,393435,115,0.083927
14,KACTL,116,0.661675
14,simd-v0,116,0.116203
14,393435,116,0.083783
14,ours-406478,116,0.065544
14,simd-v0,117,0.116244
14,393435,117,0.083785
14,ours-406478,117,0.065533
14,KACTL,117,0.656977
14,393435,118,0.083834
14,ours-406478,118,0.065466
14,KACTL,118,0.661031
14,simd-v0,118,0.116332
14,ours-406478,119,0.065532
14,KACTL,119,0.657365
14,simd-v0,119,0.116277
14,393435,119,0.083757
14,KACTL,120,0.658497
14,simd-v0,120,0.116191
14,393435,120,0.083704
14,ours-406478,120,0.065558
14,simd-v0,121,0.116242
14,393435,121,0.083803
14,ours-406478,121,0.065449
14,KACTL,121,0.657242
14,393435,122,0.083838
14,ours-406478,122,0.065623
14,KACTL,122,0.660326
14,simd-v0,122,0.116169
14,ours-406478,123,0.065538
14,KACTL,123,0.651415
14,simd-v0,123,0.128490
14,393435,123,0.083800
14,KACTL,124,0.656097
14,simd-v0,124,0.116224
14,393435,124,0.088782
14,ours-406478,124,0.065540
14,simd-v0,125,0.116156
14,393435,125,0.083780
14,ours-406478,125,0.065565
14,KACTL,125,0.660194
14,393435,126,0.083815
14,ours-406478,126,0.065571
14,KACTL,126,0.655670
14,simd-v0,126,0.121238
14,ours-406478,127,0.065565
14,KACTL,127,0.653786
14,simd-v0,127,0.116125
14,393435,127,0.083761
14,KACTL,128,0.660380
14,simd-v0,128,0.116225
14,393435,128,0.083761
14,ours-406478,128,0.065549
14,simd-v0,129,0.121323
14,393435,129,0.083842
14,ours-406478,129,0.065499
14,KACTL,129,0.651687
14,393435,130,0.083737
14,ours-406478,130,0.070688
14,KACTL,130,0.655386
14,simd-v0,130,0.116174
14,ours-406478,131,0.065543
14,KACTL,131,0.659324
14,simd-v0,131,0.116311
14,393435,131,0.083824
14,KACTL,132,0.662397
14,simd-v0,132,0.116259
14,393435,132,0.083746
14,ours-406478,132,0.065550
14,simd-v0,133,0.116192
14,393435,133,0.083784
14,ours-406478,133,0.065548
14,KACTL,133,0.657064
14,393435,134,0.083843
14,ours-406478,134,0.065485
14,KACTL,134,0.662311
14,simd-v0,134,0.116179
14,ours-406478,135,0.065526
14,KACTL,135,0.655606
14,simd-v0,135,0.116092
14,393435,135,0.083774
14,KACTL,136,0.665638
14,simd-v0,136,0.116389
14,393435,136,0.083809
14,ours-406478,136,0.065629
14,simd-v0,137,0.116267
14,393435,137,0.083796
14,ours-406478,137,0.065515
14,KACTL,137,0.658501
14,393435,138,0.083857
14,ours-406478,138,0.065536
14,KACTL,138,0.661153
14,simd-v0,138,0.116343
14,ours-406478,139,0.065448
14,KACTL,139,0.656185
14,simd-v0,139,0.116192
14,393435,139,0.083753
14,KACTL,140,0.655551
14,simd-v0,140,0.121272
14,393435,140,0.083756
14,ours-406478,140,0.065529
14,simd-v0,141,0.116166
14,393435,141,0.083761
14,ours-406478,141,0.065519
14,KACTL,141,0.670860
14,393435,142,0.083827
14,ours-406478,142,0.065512
14,KACTL,142,0.663721
14,simd-v0,142,0.116313
14,ours-406478,143,0.065648
14,KACTL,143,0.652968
14,simd-v0,143,0.116337
14,393435,143,0.088821
14,KACTL,144,0.656090
14,simd-v0,144,0.116152
14,393435,144,0.083778
14,ours-406478,144,0.070593
14,simd-v0,145,0.116257
14,393435,145,0.083769
14,ours-406478,145,0.065572
14,KACTL,145,0.653939
14,393435,146,0.088769
14,ours-406478,146,0.065549
14,KACTL,146,0.655829
14,simd-v0,146,0.117889
14,ours-406478,147,0.065605
14,KACTL,147,0.657050
14,simd-v0,147,0.116273
14,393435,147,0.083855
14,KACTL,148,0.661117
14,simd-v0,148,0.116278
14,393435,148,0.083749
14,ours-406478,148,0.065583
14,simd-v0,149,0.116084
14,393435,149,0.083791
14,ours-406478,149,0.070902
14,KACTL,149,0.654546
14,393435,150,0.083831
14,ours-406478,150,0.065535
14,KACTL,150,0.661609
14,simd-v0,150,0.116186
14,ours-406478,151,0.065518
14,KACTL,151,0.655980
14,simd-v0,151,0.116144
14,393435,151,0.083816
14,KACTL,152,0.660865
14,simd-v0,152,0.116349
14,393435,152,0.083631
14,ours-406478,152,0.065547
14,simd-v0,153,0.116309
14,393435,153,0.083605
14,ours-406478,153,0.065524
14,KACTL,153,0.656178
14,393435,154,0.083753
14,ours-406478,154,0.065552
14,KACTL,154,0.659923
14,simd-v0,154,0.116229
14,ours-406478,155,0.065470
14,KACTL,155,0.658923
14,simd-v0,155,0.116202
14,393435,155,0.083789
14,KACTL,156,0.659733
14,simd-v0,156,0.116262
14,393435,156,0.083744
14,ours-406478,156,0.065594
14,simd-v0,157,0.116309
14,393435,157,0.083767
14,ours-406478,157,0.065492
14,KACTL,157,0.659443
14,393435,158,0.083837
14,ours-406478,158,0.065548
14,KACTL,158,0.660249
14,simd-v0,158,0.116267
14,ours-406478,159,0.065555
14,KACTL,159,0.650939
14,simd-v0,159,0.121327
14,393435,159,0.083870
14,KACTL,160,0.655225
14,simd-v0,160,0.116105
14,393435,160,0.088930
14,ours-406478,160,0.065528
14,simd-v0,161,0.116173
14,393435,161,0.083773
14,ours-406478,161,0.065477
14,KACTL,161,0.656329
14,393435,162,0.083797
14,ours-406478,162,0.065524
14,KACTL,162,0.654910
14,simd-v0,162,0.116229
14,ours-406478,163,0.070660
14,KACTL,163,0.651254
14,simd-v0,163,0.116210
14,393435,163,0.083816
14,KACTL,164,0.663192
14,simd-v0,164,0.116262
14,393435,164,0.083773
14,ours-406478,164,0.065519
14,simd-v0,165,0.116209
14,393435,165,0.088972
14,ours-406478,165,0.065552
14,KACTL,165,0.652414
14,393435,166,0.083892
14,ours-406478,166,0.065534
14,KACTL,166,0.660042
14,simd-v0,166,0.116363
14,ours-406478,167,0.065552
14,KACTL,167,0.657216
14,simd-v0,167,0.116407
14,393435,167,0.083788
14,KACTL,168,0.662172
14,simd-v0,168,0.116180
14,393435,168,0.083757
14,ours-406478,168,0.065513
14,simd-v0,169,0.116246
14,393435,169,0.083715
14,ours-406478,169,0.065523
14,KACTL,169,0.656668
14,393435,170,0.083800
14,ours-406478,170,0.065655
14,KACTL,170,0.661726
14,simd-v0,170,0.116420
14,ours-406478,171,0.065617
14,KACTL,171,0.656835
14,simd-v0,171,0.116219
14,393435,171,0.083835
14,KACTL,172,0.660117
14,simd-v0,172,0.116412
14,393435,172,0.083806
14,ours-406478,172,0.065608
14,simd-v0,173,0.116138
14,393435,173,0.083744
14,ours-406478,173,0.065543
14,KACTL,173,0.656692
14,393435,174,0.083773
14,ours-406478,174,0.065596
14,KACTL,174,0.682788
14,simd-v0,174,0.116193
14,ours-406478,175,0.065734
14,KACTL,175,0.660093
14,simd-v0,175,0.116239
14,393435,175,0.083794
14,KACTL,176,0.659487
14,simd-v0,176,0.125803
14,393435,176,0.083811
14,ours-406478,176,0.065533
14,simd-v0,177,0.116197
14,393435,177,0.083832
14,ours-406478,177,0.065567
14,KACTL,177,0.656351
14,393435,178,0.083751
14,ours-406478,178,0.065493
14,KACTL,178,0.657509
14,simd-v0,178,0.121377
14,ours-406478,179,0.065604
14,KACTL,179,0.650653
14,simd-v0,179,0.116143
14,393435,179,0.083800
14,KACTL,180,0.663259
14,simd-v0,180,0.116178
14,393435,180,0.083780
14,ours-406478,180,0.065443
14,simd-v0,181,0.121264
14,393435,181,0.083868
14,ours-406478,181,0.065555
14,KACTL,181,0.650334
14,393435,182,0.083723
14,ours-406478,182,0.070765
14,KACTL,182,0.656214
14,simd-v0,182,0.116267
14,ours-406478,183,0.065546
14,KACTL,183,0.656377
14,simd-v0,183,0.116279
14,393435,183,0.083805
14,KACTL,184,0.659678
14,simd-v0,184,0.116169
14,393435,184,0.083727
14,ours-406478,184,0.065561
14,simd-v0,185,0.116154
14,393435,185,0.083774
14,ours-406478,185,0.065534
14,KACTL,185,0.655858
14,393435,186,0.083833
14,ours-406478,186,0.065640
14,KACTL,186,0.661961
14,simd-v0,186,0.116245
14,ours-406478,187,0.065504
14,KACTL,187,0.655990
14,simd-v0,187,0.116267
14,393435,187,0.083805
14,KACTL,188,0.659719
14,simd-v0,188,0.116173
14,393435,188,0.083781
14,ours-406478,188,0.065507
14,simd-v0,189,0.116283
14,393435,189,0.083818
14,ours-406478,189,0.065458
14,KACTL,189,0.662093
14,393435,190,0.083774
14,ours-406478,190,0.065563
14,KACTL,190,0.660454
14,simd-v0,190,0.116214
14,ours-406478,191,0.065522
14,KACTL,191,0.656304
14,simd-v0,191,0.116360
14,393435,191,0.083767
14,KACTL,192,0.655488
14,simd-v0,192,0.121712
14,393435,192,0.083759
14,ours-406478,192,0.065511
14,simd-v0,193,0.116285
14,393435,193,0.083670
14,ours-406478,193,0.065532
14,KACTL,193,0.657582
14,393435,194,0.083900
14,ours-406478,194,0.065533
14,KACTL,194,0.657014
14,simd-v0,194,0.116248
14,ours-406478,195,0.065484
14,KACTL,195,0.651809
14,simd-v0,195,0.116341
14,393435,195,0.088859
14,KACTL,196,0.656396
14,simd-v0,196,0.116258
14,393435,196,0.083733
14,ours-406478,196,0.065546
14,simd-v0,197,0.116348
14,393435,197,0.083826
14,ours-406478,197,0.065558
14,KACTL,197,0.651475
14,393435,198,0.089014
14,ours-406478,198,0.065553
14,KACTL,198,0.656323
14,simd-v0,198,0.116246
14,ours-406478,199,0.065554
14,KACTL,199,0.657097
14,simd-v0,199,0.116196
14,393435,199,0.083865
14,KACTL,200,0.661896
14,simd-v0,200,0.116541
14,393435,200,0.083732
14,ours-406478,200,0.065509
14,simd-v0,201,0.116205
14,393435,201,0.083815
14,ours-406478,201,0.071145
14,KACTL,201,0.651967
14,393435,202,0.083725
14,ours-406478,202,0.065585
14,KACTL,202,0.662112
14,simd-v0,202,0.116160
14,ours-406478,203,0.065580
14,KACTL,203,0.656986
14,simd-v0,203,0.116345
14,393435,203,0.083777
14,KACTL,204,0.660717
14,simd-v0,204,0.116312
14,393435,204,0.083707
14,ours-406478,204,0.065544
14,simd-v0,205,0.116141
14,393435,205,0.083684
14,ours-406478,205,0.065546
14,KACTL,205,0.657193
14,393435,206,0.083739
14,ours-406478,206,0.065537
14,KACTL,206,0.661064
14,simd-v0,206,0.116209
14,ours-406478,207,0.065557
14,KACTL,207,0.657370
14,simd-v0,207,0.116275
14,393435,207,0.083813
14,KACTL,208,0.666253
14,simd-v0,208,0.116287
14,393435,208,0.083728
14,ours-406478,208,0.065552
14,simd-v0,209,0.116180
14,393435,209,0.083751
14,ours-406478,209,0.065514
14,KACTL,209,0.669272
14,393435,210,0.083797
14,ours-406478,210,0.065555
14,KACTL,210,0.663374
14,simd-v0,210,0.116130
14,ours-406478,211,0.065563
14,KACTL,211,0.651356
14,simd-v0,211,0.121578
14,393435,211,0.083811
14,KACTL,212,0.655152
14,simd-v0,212,0.116071
14,393435,212,0.088908
14,ours-406478,212,0.065558
14,simd-v0,213,0.116266
14,393435,213,0.083865
14,ours-406478,213,0.065502
14,KACTL,213,0.655867
14,393435,214,0.083822
14,ours-406478,214,0.065519
14,KACTL,214,0.655642
14,simd-v0,214,0.116204
14,ours-406478,215,0.070770
14,KACTL,215,0.665763
14,simd-v0,215,0.116292
14,393435,215,0.083758
14,KACTL,216,0.661740
14,simd-v0,216,0.116194
14,393435,216,0.083688
14,ours-406478,216,0.065644
14,simd-v0,217,0.116183
14,393435,217,0.088911
14,ours-406478,217,0.065570
14,KACTL,217,0.652105
14,393435,218,0.083722
14,ours-406478,218,0.065484
14,KACTL,218,0.660602
14,simd-v0,218,0.116295
14,ours-406478,219,0.065551
14,KACTL,219,0.656835
14,simd-v0,219,0.116309
14,393435,219,0.083805
14,KACTL,220,0.660088
14,simd-v0,220,0.116194
14,393435,220,0.083767
14,ours-406478,220,0.065543
14,simd-v0,221,0.116278
14,393435,221,0.085673
14,ours-406478,221,0.065494
14,KACTL,221,0.655988
14,393435,222,0.083789
14,ours-406478,222,0.065565
14,KACTL,222,0.660221
14,simd-v0,222,0.116208
14,ours-406478,223,0.065493
14,KACTL,223,0.656222
14,simd-v0,223,0.116265
14,393435,223,0.083839
14,KACTL,224,0.662138
14,simd-v0,224,0.116242
14,393435,224,0.083721
14,ours-406478,224,0.065587
14,simd-v0,225,0.116240
14,393435,225,0.083871
14,ours-406478,225,0.065476
14,KACTL,225,0.656758
14,393435,226,0.083785
14,ours-406478,226,0.065579
14,KACTL,226,0.660379
14,simd-v0,226,0.116192
14,ours-406478,227,0.065605
14,KACTL,227,0.655115
14,simd-v0,227,0.116240
14,393435,227,0.083750
14,KACTL,228,0.654094
14,simd-v0,228,0.116260
14,393435,228,0.083816
14,ours-406478,228,0.065609
14,simd-v0,229,0.116259
14,393435,229,0.083830
14,ours-406478,229,0.065591
14,KACTL,229,0.656430
14,393435,230,0.083817
14,ours-406478,230,0.065560
14,KACTL,230,0.654847
14,simd-v0,230,0.121279
14,ours-406478,231,0.065530
14,KACTL,231,0.650986
14,simd-v0,231,0.118012
14,393435,231,0.083824
14,KACTL,232,0.661769
14,simd-v0,232,0.116235
14,393435,232,0.083745
14,ours-406478,232,0.065545
14,simd-v0,233,0.121144
14,393435,233,0.083807
14,ours-406478,233,0.065547
14,KACTL,233,0.651834
14,393435,234,0.083759
14,ours-406478,234,0.079743
14,KACTL,234,0.670272
14,simd-v0,234,0.116445
14,ours-406478,235,0.065670
14,KACTL,235,0.656500
14,simd-v0,235,0.116364
14,393435,235,0.084060
14,KACTL,236,0.661168
14,simd-v0,236,0.116361
14,393435,236,0.083660
14,ours-406478,236,0.065531
14,simd-v0,237,0.116440
14,393435,237,0.083759
14,ours-406478,237,0.065572
14,KACTL,237,0.658271
14,393435,238,0.083849
14,ours-406478,238,0.065567
14,KACTL,238,0.664734
14,simd-v0,238,0.116278
14,ours-406478,239,0.065553
14,KACTL,239,0.656450
14,simd-v0,239,0.116307
14,393435,239,0.083767
14,KACTL,240,0.659845
14,simd-v0,240,0.116181
14,393435,240,0.083727
14,ours-406478,240,0.065507
14,simd-v0,241,0.116381
14,393435,241,0.083841
14,ours-406478,241,0.065572
14,KACTL,241,0.656579
14,393435,242,0.083837
14,ours-406478,242,0.065532
14,KACTL,242,0.662484
14,simd-v0,242,0.116421
14,ours-406478,243,0.065487
14,KACTL,243,0.664008
14,simd-v0,243,0.116314
14,393435,243,0.083831
14,KACTL,244,0.656192
14,simd-v0,244,0.121497
14,393435,244,0.083832
14,ours-406478,244,0.065522
14,simd-v0,245,0.116333
14,393435,245,0.083786
14,ours-406478,245,0.065539
14,KACTL,245,0.656106
14,393435,246,0.083778
14,ours-406478,246,0.065554
14,KACTL,246,0.672743
14,simd-v0,246,0.126634
14,ours-406478,247,0.084535
14,KACTL,247,0.651837
14,simd-v0,247,0.122015
14,393435,247,0.083939
14,KACTL,248,0.655542
14,simd-v0,248,0.116398
14,393435,248,0.083758
14,ours-406478,248,0.065569
14,simd-v0,249,0.116153
14,393435,249,0.083810
14,ours-406478,249,0.065540
14,KACTL,249,0.656458
14,393435,250,0.083818
14,ours-406478,250,0.065466
14,KACTL,250,0.655613
14,simd-v0,250,0.116311
14,ours-406478,251,0.070698
14,KACTL,251,0.651829
14,simd-v0,251,0.116100
14,393435,251,0.083755
14,KACTL,252,0.660030
14,simd-v0,252,0.116282
14,393435,252,0.083749
14,ours-406478,252,0.065587
14,simd-v0,253,0.118203
14,393435,253,0.088967
14,ours-406478,253,0.065606
14,KACTL,253,0.653610
14,393435,254,0.083776
14,ours-406478,254,0.065554
14,KACTL,254,0.659863
14,simd-v0,254,0.116140
14,ours-406478,255,0.065534
14,KACTL,255,0.658559
14,simd-v0,255,0.116190
14,393435,255,0.083807
14,KACTL,256,0.662453
14,simd-v0,256,0.116280
14,393435,256,0.083764
14,ours-406478,256,0.065563
14,simd-v0,257,0.116325
14,393435,257,0.083790
14,ours-406478,257,0.065566
14,KACTL,257,0.695426
14,393435,258,0.083837
14,ours-406478,258,0.065620
14,KACTL,258,0.657531
14,simd-v0,258,0.116460
14,ours-406478,259,0.065483
14,KACTL,259,0.660121
14,simd-v0,259,0.116182
14,393435,259,0.083811
14,KACTL,260,0.655050
14,simd-v0,260,0.116196
14,393435,260,0.083705
14,ours-406478,260,0.065580
14,simd-v0,261,0.116301
14,393435,261,0.083679
14,ours-406478,261,0.065564
14,KACTL,261,0.661774
14,393435,262,0.083784
14,ours-406478,262,0.065517
14,KACTL,262,0.653437
14,simd-v0,262,0.116217
14,ours-406478,263,0.065464
14,KACTL,263,0.661767
14,simd-v0,263,0.116191
14,393435,263,0.083752
14,KACTL,264,0.649794
14,simd-v0,264,0.121683
14,393435,264,0.083811
14,ours-406478,264,0.065538
14,simd-v0,265,0.116128
14,393435,265,0.083876
14,ours-406478,265,0.065591
14,KACTL,265,0.659931
14,393435,266,0.083857
14,ours-406478,266,0.073180
14,KACTL,266,0.665094
14,simd-v0,266,0.121897
14,ours-406478,267,0.065645
14,KACTL,267,0.657878
14,simd-v0,267,0.116175
14,393435,267,0.089260
14,KACTL,268,0.678529
14,simd-v0,268,0.116237
14,393435,268,0.083946
14,ours-406478,268,0.065783
14,simd-v0,269,0.121993
14,393435,269,0.083780
14,ours-406478,269,0.065531
14,KACTL,269,0.654317
14,393435,270,0.088986
14,ours-406478,270,0.065567
14,KACTL,270,0.648972
14,simd-v0,270,0.116215
14,ours-406478,271,0.065503
14,KACTL,271,0.660387
14,simd-v0,271,0.116323
14,393435,271,0.083758
14,KACTL,272,0.653709
14,simd-v0,272,0.116239
14,393435,272,0.083773
14,ours-406478,272,0.065432
14,simd-v0,273,0.116323
14,393435,273,0.083754
14,ours-406478,273,0.070717
14,KACTL,273,0.654501
14,393435,274,0.083775
14,ours-406478,274,0.065492
14,KACTL,274,0.658674
14,simd-v0,274,0.116232
14,ours-406478,275,0.065508
14,KACTL,275,0.659737
14,simd-v0,275,0.116220
14,393435,275,0.083824
14,KACTL,276,0.656168
14,simd-v0,276,0.116395
14,393435,276,0.083798
14,ours-406478,276,0.065538
14,simd-v0,277,0.116219
14,393435,277,0.083770
14,ours-406478,277,0.065531
14,KACTL,277,0.660990
14,393435,278,0.083900
14,ours-406478,278,0.065571
14,KACTL,278,0.662538
14,simd-v0,278,0.116341
14,ours-406478,279,0.065569
14,KACTL,279,0.659242
14,simd-v0,279,0.116316
14,393435,279,0.083873
14,KACTL,280,0.649330
14,simd-v0,280,0.121204
14,393435,280,0.083756
14,ours-406478,280,0.065537
14,simd-v0,281,0.116247
14,393435,281,0.083816
14,ours-406478,281,0.065483
14,KACTL,281,0.659484
14,393435,282,0.083799
14,ours-406478,282,0.065535
14,KACTL,282,0.653267
14,simd-v0,282,0.116217
14,ours-406478,283,0.065587
14,KACTL,283,0.655966
14,simd-v0,283,0.121710
14,393435,283,0.083831
14,KACTL,284,0.649174
14,simd-v0,284,0.117986
14,393435,284,0.083777
14,ours-406478,284,0.071224
14,simd-v0,285,0.116207
14,393435,285,0.083861
14,ours-406478,285,0.065542
14,KACTL,285,0.656214
14,393435,286,0.088876
14,ours-406478,286,0.065556
14,KACTL,286,0.650012
14,simd-v0,286,0.116317
14,ours-406478,287,0.065460
14,KACTL,287,0.661151
14,simd-v0,287,0.116361
14,393435,287,0.083879
14,KACTL,288,0.657566
14,simd-v0,288,0.116348
14,393435,288,0.083819
14,ours-406478,288,0.065597
14,simd-v0,289,0.116399
14,393435,289,0.088722
14,ours-406478,289,0.065559
14,KACTL,289,0.654324
14,393435,290,0.083796
14,ours-406478,290,0.065531
14,KACTL,290,0.653962
14,simd-v0,290,0.116236
14,ours-406478,291,0.065555
14,KACTL,291,0.659629
14,simd-v0,291,0.116312
14,393435,291,0.083801
14,KACTL,292,0.653597
14,simd-v0,292,0.116184
14,393435,292,0.083813
14,ours-406478,292,0.065586
14,simd-v0,293,0.116125
14,393435,293,0.083827
14,ours-406478,293,0.065500
14,KACTL,293,0.660492
14,393435,294,0.083849
14,ours-406478,294,0.065614
14,KACTL,294,0.656017
14,simd-v0,294,0.116365
14,ours-406478,295,0.065525
14,KACTL,295,0.661595
14,simd-v0,295,0.116407
14,393435,295,0.083774
14,KACTL,296,0.656280
14,simd-v0,296,0.116348
14,393435,296,0.083735
14,ours-406478,296,0.065555
14,simd-v0,297,0.116293
14,393435,297,0.083771
14,ours-406478,297,0.065538
14,KACTL,297,0.661016
14,393435,298,0.083785
14,ours-406478,298,0.065565
14,KACTL,298,0.653885
14,simd-v0,298,0.116340
14,ours-406478,299,0.065524
14,KACTL,299,0.654951
14,simd-v0,299,0.121484
14,393435,299,0.083811
14,KACTL,300,0.648816
14,simd-v0,300,0.116343
14,393435,300,0.083740
14,ours-406478,300,0.065551
14,simd-v0,301,0.116483
14,393435,301,0.083849
14,ours-406478,301,0.065486
14,KACTL,301,0.659874
14,393435,302,0.083819
14,ours-406478,302,0.065503
14,KACTL,302,0.647872
14,simd-v0,302,0.116236
14,ours-406478,303,0.070788
14,KACTL,303,0.654572
14,simd-v0,303,0.116232
14,393435,303,0.083862
14,KACTL,304,0.654186
14,simd-v0,304,0.116194
14,393435,304,0.083818
14,ours-406478,304,0.065538
14,simd-v0,305,0.116159
14,393435,305,0.088834
14,ours-406478,305,0.065516
14,KACTL,305,0.656052
14,393435,306,0.085517
14,ours-406478,306,0.065539
14,KACTL,306,0.653166
14,simd-v0,306,0.116167
14,ours-406478,307,0.065584
14,KACTL,307,0.660628
14,simd-v0,307,0.116253
14,393435,307,0.083829
14,KACTL,308,0.653639
14,simd-v0,308,0.116242
14,393435,308,0.083766
14,ours-406478,308,0.065583
14,simd-v0,309,0.116210
14,393435,309,0.083693
14,ours-406478,309,0.065606
14,KACTL,309,0.660556
14,393435,310,0.083796
14,ours-406478,310,0.065580
14,KACTL,310,0.654002
14,simd-v0,310,0.116192
14,ours-406478,311,0.065526
14,KACTL,311,0.659613
14,simd-v0,311,0.116228
14,393435,311,0.083826
14,KACTL,312,0.653828
14,simd-v0,312,0.116279
14,393435,312,0.083770
14,ours-406478,312,0.065481
14,simd-v0,313,0.116256
14,393435,313,0.083765
14,ours-406478,313,0.065576
14,KACTL,313,0.675620
14,393435,314,0.083866
14,ours-406478,314,0.065495
14,KACTL,314,0.656206
14,simd-v0,314,0.116406
14,ours-406478,315,0.065565
14,KACTL,315,0.655479
14,simd-v0,315,0.121292
14,393435,315,0.083726
14,KACTL,316,0.649011
14,simd-v0,316,0.117918
14,393435,316,0.088900
14,ours-406478,316,0.065514
14,simd-v0,317,0.116265
14,393435,317,0.083757
14,ours-406478,317,0.065525
14,KACTL,317,0.660007
14,393435,318,0.083782
14,ours-406478,318,0.065473
14,KACTL,318,0.647765
14,simd-v0,318,0.116255
14,ours-406478,319,0.070484
14,KACTL,319,0.654113
14,simd-v0,319,0.116097
14,393435,319,0.083754
14,KACTL,320,0.655637
14,simd-v0,320,0.116342
14,393435,320,0.083785
14,ours-406478,320,0.065571
14,simd-v0,321,0.116100
14,393435,321,0.088724
14,ours-406478,321,0.065539
14,KACTL,321,0.654948
14,393435,322,0.083848
14,ours-406478,322,0.065539
14,KACTL,322,0.654843
14,simd-v0,322,0.116317
14,ours-406478,323,0.065471
14,KACTL,323,0.661001
14,simd-v0,323,0.116200
14,393435,323,0.083819
14,KACTL,324,0.746099
14,simd-v0,324,0.116765
14,393435,324,0.083869
14,ours-406478,324,0.080204
14,simd-v0,325,0.116329
14,393435,325,0.083927
14,ours-406478,325,0.071016
14,KACTL,325,0.656002
14,393435,326,0.083836
14,ours-406478,326,0.065525
14,KACTL,326,0.653807
14,simd-v0,326,0.116138
14,ours-406478,327,0.065547
14,KACTL,327,0.791364
14,simd-v0,327,0.116364
14,393435,327,0.083993
14,KACTL,328,0.656366
14,simd-v0,328,0.116229
14,393435,328,0.083746
14,ours-406478,328,0.065843
14,simd-v0,329,0.116236
14,393435,329,0.083814
14,ours-406478,329,0.065544
14,KACTL,329,0.661593
14,393435,330,0.083778
14,ours-406478,330,0.065504
14,KACTL,330,0.654639
14,simd-v0,330,0.116237
14,ours-406478,331,0.065507
14,KACTL,331,0.659933
14,simd-v0,331,0.116233
14,393435,331,0.083837
14,KACTL,332,0.653248
14,simd-v0,332,0.116203
14,393435,332,0.083751
14,ours-406478,332,0.065603
14,simd-v0,333,0.116150
14,393435,333,0.083762
14,ours-406478,333,0.065435
14,KACTL,333,0.659761
14,393435,334,0.083742
14,ours-406478,334,0.065548
14,KACTL,334,0.686235
14,simd-v0,334,0.116316
14,ours-406478,335,0.065572
14,KACTL,335,0.658608
14,simd-v0,335,0.116196
14,393435,335,0.083888
14,KACTL,336,0.648846
14,simd-v0,336,0.121294
14,393435,336,0.083795
14,ours-406478,336,0.065458
14,simd-v0,337,0.116191
14,393435,337,0.083786
14,ours-406478,337,0.065512
14,KACTL,337,0.663913
14,393435,338,0.083802
14,ours-406478,338,0.065517
14,KACTL,338,0.649404
14,simd-v0,338,0.121605
14,ours-406478,339,0.065551
14,KACTL,339,0.653960
14,simd-v0,339,0.116288
14,393435,339,0.088923
14,KACTL,340,0.648514
14,simd-v0,340,0.116277
14,393435,340,0.083745
14,ours-406478,340,0.065579
14,simd-v0,341,0.121573
14,393435,341,0.083890
14,ours-406478,341,0.065474
14,KACTL,341,0.654597
14,393435,342,0.083790
14,ours-406478,342,0.070842
14,KACTL,342,0.650469
14,simd-v0,342,0.116222
14,ours-406478,343,0.065487
14,KACTL,343,0.661627
14,simd-v0,343,0.116326
14,393435,343,0.083763
14,KACTL,344,0.653344
14,simd-v0,344,0.116350
14,393435,344,0.083763
14,ours-406478,344,0.065463
14,simd-v0,345,0.142319
14,393435,345,0.083895
14,ours-406478,345,0.071031
14,KACTL,345,0.656744
14,393435,346,0.083823
14,ours-406478,346,0.065477
14,KACTL,346,0.654828
14,simd-v0,346,0.116530
14,ours-406478,347,0.065504
14,KACTL,347,0.659957
14,simd-v0,347,0.116224
14,393435,347,0.083824
14,KACTL,348,0.673338
14,simd-v0,348,0.116095
14,393435,348,0.083836
14,ours-406478,348,0.065587
14,simd-v0,349,0.116146
14,393435,349,0.083771
14,ours-406478,349,0.065457
14,KACTL,349,0.660215
14,393435,350,0.083862
14,ours-406478,350,0.065467
14,KACTL,350,0.652943
14,simd-v0,350,0.116316
14,ours-406478,351,0.065624
14,KACTL,351,0.659663
14,simd-v0,351,0.116219
14,393435,351,0.083872
14,KACTL,352,0.649914
14,simd-v0,352,0.121426
14,393435,352,0.083709
14,ours-406478,352,0.065602
14,simd-v0,353,0.116175
14,393435,353,0.083843
14,ours-406478,353,0.065413
14,KACTL,353,0.658447
14,393435,354,0.083762
14,ours-406478,354,0.065509
14,KACTL,354,0.656842
14,simd-v0,354,0.116227
14,ours-406478,355,0.065478
14,KACTL,355,0.653317
14,simd-v0,355,0.121345
14,393435,355,0.083828
14,KACTL,356,0.648819
14,simd-v0,356,0.116185
14,393435,356,0.083752
14,ours-406478,356,0.070601
14,simd-v0,357,0.116348
14,393435,357,0.083828
14,ours-406478,357,0.065597
14,KACTL,357,0.654583
14,393435,358,0.088790
14,ours-406478,358,0.065564
14,KACTL,358,0.648800
14,simd-v0,358,0.118100
14,ours-406478,359,0.065469
14,KACTL,359,0.658953
14,simd-v0,359,0.116254
14,393435,359,0.083762
14,KACTL,360,0.656930
14,simd-v0,360,0.116448
14,393435,360,0.083781
14,ours-406478,360,0.065507
14,simd-v0,361,0.116371
14,393435,361,0.083833
14,ours-406478,361,0.070598
14,KACTL,361,0.654674
14,393435,362,0.083776
14,ours-406478,362,0.065527
14,KACTL,362,0.656834
14,simd-v0,362,0.116225
14,ours-406478,363,0.065560
14,KACTL,363,0.659593
14,simd-v0,363,0.116215
14,393435,363,0.083792
14,KACTL,364,0.652916
14,simd-v0,364,0.116403
14,393435,364,0.083829
14,ours-406478,364,0.065585
14,simd-v0,365,0.116218
14,393435,365,0.083739
14,ours-406478,365,0.065509
14,KACTL,365,0.659626
14,393435,366,0.083808
14,ours-406478,366,0.065513
14,KACTL,366,0.653100
14,simd-v0,366,0.116236
14,ours-406478,367,0.065573
14,KACTL,367,0.660867
14,simd-v0,367,0.116096
14,393435,367,0.083767
14,KACTL,368,0.653096
14,simd-v0,368,0.116405
14,393435,368,0.083758
14,ours-406478,368,0.065730
14,simd-v0,369,0.116320
14,393435,369,0.083735
14,ours-406478,369,0.065466
14,KACTL,369,0.661402
14,393435,370,0.083749
14,ours-406478,370,0.065581
14,KACTL,370,0.654408
14,simd-v0,370,0.116210
14,ours-406478,371,0.065503
14,KACTL,371,0.654678
14,simd-v0,371,0.121261
14,393435,371,0.083824
14,KACTL,372,0.649112
14,simd-v0,372,0.116115
14,393435,372,0.083819
14,ours-406478,372,0.070085
14,simd-v0,373,0.116241
14,393435,373,0.083776
14,ours-406478,373,0.065470
14,KACTL,373,0.661188
14,393435,374,0.083837
14,ours-406478,374,0.065510
14,KACTL,374,0.650028
14,simd-v0,374,0.116347
14,ours-406478,375,0.070557
14,KACTL,375,0.655426
14,simd-v0,375,0.116306
14,393435,375,0.083859
14,KACTL,376,0.656644
14,simd-v0,376,0.116160
14,393435,376,0.083701
14,ours-406478,376,0.065501
14,simd-v0,377,0.116340
14,393435,377,0.088966
14,ours-406478,377,0.065592
14,KACTL,377,0.655216
14,393435,378,0.083816
14,ours-406478,378,0.065451
14,KACTL,378,0.656176
14,simd-v0,378,0.116234
14,ours-406478,379,0.065518
14,KACTL,379,0.661618
14,simd-v0,379,0.116256
14,393435,379,0.083768
14,KACTL,380,0.655532
14,simd-v0,380,0.116274
14,393435,380,0.083765
14,ours-406478,380,0.065507
14,simd-v0,381,0.116220
14,393435,381,0.083855
14,ours-406478,381,0.065500
14,KACTL,381,0.661971
14,393435,382,0.083816
14,ours-406478,382,0.065503
14,KACTL,382,0.655872
14,simd-v0,382,0.116221
14,ours-406478,383,0.065547
14,KACTL,383,0.676210
14,simd-v0,383,0.116372
14,393435,383,0.083825
14,KACTL,384,0.654899
14,simd-v0,384,0.116217
14,393435,384,0.083764
14,ours-406478,384,0.065639
14,simd-v0,385,0.116316
14,393435,385,0.083808
14,ours-406478,385,0.065482
14,KACTL,385,0.659757
14,393435,386,0.083780
14,ours-406478,386,0.065470
14,KACTL,386,0.653460
14,simd-v0,386,0.116275
14,ours-406478,387,0.065522
14,KACTL,387,0.655091
14,simd-v0,387,0.121336
14,393435,387,0.083796
14,KACTL,388,0.648242
14,simd-v0,388,0.116235
14,393435,388,0.088927
14,ours-406478,388,0.065604
14,simd-v0,389,0.116282
14,393435,389,0.083816
14,ours-406478,389,0.065563
14,KACTL,389,0.662017
14,393435,390,0.083827
14,ours-406478,390,0.065619
14,KACTL,390,0.650629
14,simd-v0,390,0.121883
14,ours-406478,391,0.065567
14,KACTL,391,0.654812
14,simd-v0,391,0.116216
14,393435,391,0.083822
14,KACTL,392,0.657707
14,simd-v0,392,0.116379
14,393435,392,0.083752
14,ours-406478,392,0.065500
14,simd-v0,393,0.121228
14,393435,393,0.083837
14,ours-406478,393,0.065499
14,KACTL,393,0.654958
14,393435,394,0.083718
14,ours-406478,394,0.065503
14,KACTL,394,0.689692
14,simd-v0,394,0.116488
14,ours-406478,395,0.065657
14,KACTL,395,0.660634
14,simd-v0,395,0.116424
14,393435,395,0.083969
14,KACTL,396,0.654052
14,simd-v0,396,0.116274
14,393435,396,0.083685
14,ours-406478,396,0.065686
14,simd-v0,397,0.116263
14,393435,397,0.083845
14,ours-406478,397,0.065508
14,KACTL,397,0.660140
14,393435,398,0.083810
14,ours-406478,398,0.065529
14,KACTL,398,0.655032
14,simd-v0,398,0.116143
14,ours-406478,399,0.065526
14,KACTL,399,0.659601
14,simd-v0,399,0.116285
14,393435,399,0.083754
14,KACTL,400,0.655379
14,simd-v0,400,0.116249
14,393435,400,0.083808
14,ours-406478,400,0.065545
14,simd-v0,401,0.116310
14,393435,401,0.083773
14,ours-406478,401,0.065549
14,KACTL,401,0.661295
14,393435,402,0.083839
14,ours-406478,402,0.065537
14,KACTL,402,0.654191
14,simd-v0,402,0.116320
14,ours-406478,403,0.065573
14,KACTL,403,0.659581
14,simd-v0,403,0.116385
14,393435,403,0.083766
14,KACTL,404,0.649215
14,simd-v0,404,0.121260
14,393435,404,0.083776
14,ours-406478,404,0.065527
14,simd-v0,405,0.116179
14,393435,405,0.083724
14,ours-406478,405,0.065532
14,KACTL,405,0.659904
14,393435,406,0.083749
14,ours-406478,406,0.065554
14,KACTL,406,0.651413
14,simd-v0,406,0.121244
14,ours-406478,407,0.065606
14,KACTL,407,0.655307
14,simd-v0,407,0.116181
14,393435,407,0.088992
14,KACTL,408,0.649876
14,simd-v0,408,0.125927
14,393435,408,0.083722
14,ours-406478,408,0.065653
14,simd-v0,409,0.121383
14,393435,409,0.083855
14,ours-406478,409,0.065531
14,KACTL,409,0.654256
14,393435,410,0.088878
14,ours-406478,410,0.065617
14,KACTL,410,0.649843
14,simd-v0,410,0.116460
14,ours-406478,411,0.065537
14,KACTL,411,0.659720
14,simd-v0,411,0.116299
14,393435,411,0.083787
14,KACTL,412,0.656272
14,simd-v0,412,0.116405
14,393435,412,0.083711
14,ours-406478,412,0.065578
14,simd-v0,413,0.116309
14,393435,413,0.083832
14,ours-406478,413,0.070881
14,KACTL,413,0.654685
14,393435,414,0.083772
14,ours-406478,414,0.065464
14,KACTL,414,0.654392
14,simd-v0,414,0.116384
14,ours-406478,415,0.065542
14,KACTL,415,0.660532
14,simd-v0,415,0.116243
14,393435,415,0.083779
14,KACTL,416,0.652845
14,simd-v0,416,0.116242
14,393435,416,0.083695
14,ours-406478,416,0.065566
14,simd-v0,417,0.116286
14,393435,417,0.083682
14,ours-406478,417,0.065474
14,KACTL,417,0.659708
14,393435,418,0.083819
14,ours-406478,418,0.065515
14,KACTL,418,0.661443
14,simd-v0,418,0.116245
14,ours-406478,419,0.065524
14,KACTL,419,0.658831
14,simd-v0,419,0.116149
14,393435,419,0.083785
14,KACTL,420,0.649505
14,simd-v0,420,0.121272
14,393435,420,0.083711
14,ours-406478,420,0.065448
14,simd-v0,421,0.116256
14,393435,421,0.083641
14,ours-406478,421,0.065452
14,KACTL,421,0.660574
14,393435,422,0.083802
14,ours-406478,422,0.065449
14,KACTL,422,0.656273
14,simd-v0,422,0.116260
14,ours-406478,423,0.065536
14,KACTL,423,0.653921
14,simd-v0,423,0.116270
14,393435,423,0.088913
14,KACTL,424,0.647822
14,simd-v0,424,0.116296
14,393435,424,0.083693
14,ours-406478,424,0.070651
14,simd-v0,425,0.116393
14,393435,425,0.083801
14,ours-406478,425,0.065443
14,KACTL,425,0.654795
14,393435,426,0.088818
14,ours-406478,426,0.065509
14,KACTL,426,0.648651
14,simd-v0,426,0.116208
14,ours-406478,427,0.065506
14,KACTL,427,0.661292
14,simd-v0,427,0.116409
14,393435,427,0.083788
14,KACTL,428,0.654662
14,simd-v0,428,0.116328
14,393435,428,0.083699
14,ours-406478,428,0.065494
14,simd-v0,429,0.116373
14,393435,429,0.083760
14,ours-406478,429,0.070602
14,KACTL,429,0.656131
14,393435,430,0.083811
14,ours-406478,430,0.065500
14,KACTL,430,0.654288
14,simd-v0,430,0.116348
14,ours-406478,431,0.065539
14,KACTL,431,0.660074
14,simd-v0,431,0.116198
14,393435,431,0.083852
14,KACTL,432,0.653451
14,simd-v0,432,0.116365
14,393435,432,0.083727
14,ours-406478,432,0.065551
14,simd-v0,433,0.116250
14,393435,433,0.083830
14,ours-406478,433,0.065487
14,KACTL,433,0.661051
14,393435,434,0.083801
14,ours-406478,434,0.065513
14,KACTL,434,0.653079
14,simd-v0,434,0.116362
14,ours-406478,435,0.065571
14,KACTL,435,0.659182
14,simd-v0,435,0.116178
14,393435,435,0.083888
14,KACTL,436,0.648783
14,simd-v0,436,0.116318
14,393435,436,0.083751
14,ours-406478,436,0.065536
14,simd-v0,437,0.116196
14,393435,437,0.083837
14,ours-406478,437,0.065473
14,KACTL,437,0.661168
14,393435,438,0.083736
14,ours-406478,438,0.065567
14,KACTL,438,0.652703
14,simd-v0,438,0.116323
14,ours-406478,439,0.065560
14,KACTL,439,0.654692
14,simd-v0,439,0.121522
14,393435,439,0.083866
14,KACTL,440,0.649980
14,simd-v0,440,0.116142
14,393435,440,0.083890
14,ours-406478,440,0.070838
14,simd-v0,441,0.116407
14,393435,441,0.083760
14,ours-406478,441,0.065461
14,KACTL,441,0.655518
14,393435,442,0.088759
14,ours-406478,442,0.065567
14,KACTL,442,0.661149
14,simd-v0,442,0.125213
14,ours-406478,443,0.077717
14,KACTL,443,0.761467
14,simd-v0,443,0.119713
14,393435,443,0.093969
14,KACTL,444,0.650583
14,simd-v0,444,0.116398
14,393435,444,0.083868
14,ours-406478,444,0.065992
14,simd-v0,445,0.121661
14,393435,445,0.083800
14,ours-406478,445,0.065628
14,KACTL,445,0.656304
14,393435,446,0.083853
14,ours-406478,446,0.070874
14,KACTL,446,0.648976
14,simd-v0,446,0.116253
14,ours-406478,447,0.065544
14,KACTL,447,0.659906
14,simd-v0,447,0.116284
14,393435,447,0.083798
14,KACTL,448,0.655228
14,simd-v0,448,0.116196
14,393435,448,0.083782
14,ours-406478,448,0.065609
14,simd-v0,449,0.116253
14,393435,449,0.083783
14,ours-406478,449,0.065562
14,KACTL,449,0.662243
14,393435,450,0.083787
14,ours-406478,450,0.065503
14,KACTL,450,0.655069
14,simd-v0,450,0.116116
14,ours-406478,451,0.065571
14,KACTL,451,0.660883
14,simd-v0,451,0.116343
14,393435,451,0.083795
14,KACTL,452,0.653672
14,simd-v0,452,0.116302
14,393435,452,0.083698
14,ours-406478,452,0.065603
14,simd-v0,453,0.116130
14,393435,453,0.083730
14,ours-406478,453,0.065549
14,KACTL,453,0.660706
14,393435,454,0.083837
14,ours-406478,454,0.065467
14,KACTL,454,0.680085
14,simd-v0,454,0.116393
14,ours-406478,455,0.065677
14,KACTL,455,0.658836
14,simd-v0,455,0.116235
14,393435,455,0.084028
14,KACTL,456,0.649343
14,simd-v0,456,0.121728
14,393435,456,0.083839
14,ours-406478,456,0.065577
14,simd-v0,457,0.116137
14,393435,457,0.083805
14,ours-406478,457,0.065458
14,KACTL,457,0.663990
14,393435,458,0.083795
14,ours-406478,458,0.065527
14,KACTL,458,0.653831
14,simd-v0,458,0.116398
14,ours-406478,459,0.065485
14,KACTL,459,0.655649
14,simd-v0,459,0.116228
14,393435,459,0.088764
14,KACTL,460,0.648985
14,simd-v0,460,0.116193
14,393435,460,0.083716
14,ours-406478,460,0.070706
14,simd-v0,461,0.116245
14,393435,461,0.083804
14,ours-406478,461,0.065552
14,KACTL,461,0.654675
14,393435,462,0.088828
14,ours-406478,462,0.065527
14,KACTL,462,0.648813
14,simd-v0,462,0.116456
14,ours-406478,463,0.065540
14,KACTL,463,0.662244
14,simd-v0,463,0.116317
14,393435,463,0.083747
14,KACTL,464,0.654951
14,simd-v0,464,0.116345
14,393435,464,0.083653
14,ours-406478,464,0.065546
14,simd-v0,465,0.118227
14,393435,465,0.083826
14,ours-406478,465,0.070904
14,KACTL,465,0.655138
14,393435,466,0.083734
14,ours-406478,466,0.065439
14,KACTL,466,0.653318
14,simd-v0,466,0.116347
14,ours-406478,467,0.065626
14,KACTL,467,0.659362
14,simd-v0,467,0.116424
14,393435,467,0.083784
14,KACTL,468,0.656229
14,simd-v0,468,0.116446
14,393435,468,0.083727
14,ours-406478,468,0.065573
14,simd-v0,469,0.116239
14,393435,469,0.083737
14,ours-406478,469,0.065484
14,KACTL,469,0.660981
14,393435,470,0.083747
14,ours-406478,470,0.065557
14,KACTL,470,0.657092
14,simd-v0,470,0.116244
14,ours-406478,471,0.065511
14,KACTL,471,0.660049
14,simd-v0,471,0.116291
14,393435,471,0.083694
14,KACTL,472,0.657015
14,simd-v0,472,0.116185
14,393435,472,0.083828
14,ours-406478,472,0.065546
14,simd-v0,473,0.116338
14,393435,473,0.083782
14,ours-406478,473,0.065499
14,KACTL,473,0.660545
14,393435,474,0.083809
14,ours-406478,474,0.065500
14,KACTL,474,0.653460
14,simd-v0,474,0.116445
14,ours-406478,475,0.065454
14,KACTL,475,0.656706
14,simd-v0,475,0.121371
14,393435,475,0.083779
14,KACTL,476,0.649462
14,simd-v0,476,0.116050
14,393435,476,0.083834
14,ours-406478,476,0.070548
14,simd-v0,477,0.116404
14,393435,477,0.083782
14,ours-406478,477,0.065409
14,KACTL,477,0.664407
14,393435,478,0.094970
14,ours-406478,478,0.065603
14,KACTL,478,0.648801
14,simd-v0,478,0.116422
14,ours-406478,479,0.070965
14,KACTL,479,0.655060
14,simd-v0,479,0.116306
14,393435,479,0.083729
14,KACTL,480,0.654917
14,simd-v0,480,0.116445
14,393435,480,0.083749
14,ours-406478,480,0.065535
14,simd-v0,481,0.116096
14,393435,481,0.089123
14,ours-406478,481,0.065573
14,KACTL,481,0.654004
14,393435,482,0.083807
14,ours-406478,482,0.065473
14,KACTL,482,0.655322
14,simd-v0,482,0.116269
14,ours-406478,483,0.065536
14,KACTL,483,0.660923
14,simd-v0,483,0.116319
14,393435,483,0.083820
14,KACTL,484,0.653960
14,simd-v0,484,0.116348
14,393435,484,0.083727
14,ours-406478,484,0.065474
14,simd-v0,485,0.116292
14,393435,485,0.083706
14,ours-406478,485,0.065495
14,KACTL,485,0.659524
14,393435,486,0.083734
14,ours-406478,486,0.065517
14,KACTL,486,0.657117
14,simd-v0,486,0.116268
14,ours-406478,487,0.065441
14,KACTL,487,0.660362
14,simd-v0,487,0.116321
14,393435,487,0.083851
14,KACTL,488,0.652739
14,simd-v0,488,0.116166
14,393435,488,0.083734
14,ours-406478,488,0.065570
14,simd-v0,489,0.116139
14,393435,489,0.083849
14,ours-406478,489,0.065572
14,KACTL,489,0.660420
14,393435,490,0.083831
14,ours-406478,490,0.065506
14,KACTL,490,0.653610
14,simd-v0,490,0.116112
14,ours-406478,491,0.065544
14,KACTL,491,0.653886
14,simd-v0,491,0.121247
14,393435,491,0.083808
14,KACTL,492,0.649337
14,simd-v0,492,0.116301
14,393435,492,0.088974
14,ours-406478,492,0.065497
14,simd-v0,493,0.116300
14,393435,493,0.083788
14,ours-406478,493,0.065509
14,KACTL,493,0.658590
14,393435,494,0.083784
14,ours-406478,494,0.065565
14,KACTL,494,0.648892
14,simd-v0,494,0.116334
14,ours-406478,495,0.071661
14,KACTL,495,0.655374
14,simd-v0,495,0.116195
14,393435,495,0.083891
14,KACTL,496,0.656139
14,simd-v0,496,0.116204
14,393435,496,0.083718
14,ours-406478,496,0.067509
14,simd-v0,497,0.116330
14,393435,497,0.083808
14,ours-406478,497,0.065528
14,KACTL,497,0.655617
14,393435,498,0.083808
14,ours-406478,498,0.065559
14,KACTL,498,0.654010
14,simd-v0,498,0.116343
14,ours-406478,499,0.065451
14,KACTL,499,0.661198
14,simd-v0,499,0.116182
14,393435,499,0.083773
14,KACTL,500,0.654211
14,simd-v0,500,0.116245
14,393435,500,0.083707
14,ours-406478,500,0.065530
14,simd-v0,501,0.116267
14,393435,501,0.083703
14,ours-406478,501,0.065528
14,KACTL,501,0.663402
14,393435,502,0.083805
14,ours-406478,502,0.065546
14,KACTL,502,0.653190
14,simd-v0,502,0.116204
14,ours-406478,503,0.065545
14,KACTL,503,0.660682
14,simd-v0,503,0.116148
14,393435,503,0.083836
14,KACTL,504,0.654883
14,simd-v0,504,0.116193
14,393435,504,0.083747
14,ours-406478,504,0.065559
14,simd-v0,505,0.116264
14,393435,505,0.083742
14,ours-406478,505,0.065530
14,KACTL,505,0.660045
14,393435,506,0.083886
14,ours-406478,506,0.065487
14,KACTL,506,0.654176
14,simd-v0,506,0.116389
14,ours-406478,507,0.065599
14,KACTL,507,0.661861
14,simd-v0,507,0.116247
14,393435,507,0.083856
14,KACTL,508,0.649003
14,simd-v0,508,0.116192
14,393435,508,0.089477
14,ours-406478,508,0.065556
14,simd-v0,509,0.116234
14,393435,509,0.083717
14,ours-406478,509,0.065527
14,KACTL,509,0.659980
14,393435,510,0.083755
14,ours-406478,510,0.065512
14,KACTL,510,0.650243
14,simd-v0,510,0.121694
14,ours-406478,511,0.065599
14,KACTL,511,0.654314
14,simd-v0,511,0.116214
14,393435,511,0.083714
14,KACTL,512,0.674950
14,simd-v0,512,0.119735
14,393435,512,0.083907
14,ours-406478,512,0.065766
14,simd-v0,513,0.121977
14,393435,513,0.083764
14,ours-406478,513,0.065537
14,KACTL,513,0.658885
14,393435,514,0.083796
14,ours-406478,514,0.070620
14,KACTL,514,0.652151
14,simd-v0,514,0.116172
14,ours-406478,515,0.065433
14,KACTL,515,0.658573
14,simd-v0,515,0.116207
14,393435,515,0.083776
14,KACTL,516,0.656361
14,simd-v0,516,0.116375
14,393435,516,0.083770
14,ours-406478,516,0.065578
14,simd-v0,517,0.116206
14,393435,517,0.083848
14,ours-406478,517,0.065569
14,KACTL,517,0.660921
14,393435,518,0.083810
14,ours-406478,518,0.065536
14,KACTL,518,0.658658
14,simd-v0,518,0.116300
14,ours-406478,519,0.065544
14,KACTL,519,0.661169
14,simd-v0,519,0.116300
14,393435,519,0.083793
14,KACTL,520,0.656713
14,simd-v0,520,0.116343
14,393435,520,0.083790
14,ours-406478,520,0.065531
14,simd-v0,521,0.116153
14,393435,521,0.083705
14,ours-406478,521,0.065550
14,KACTL,521,0.659536
14,393435,522,0.083772
14,ours-406478,522,0.065568
14,KACTL,522,0.656640
14,simd-v0,522,0.116221
14,ours-406478,523,0.065512
14,KACTL,523,0.659472
14,simd-v0,523,0.116438
14,393435,523,0.083759
14,KACTL,524,0.651186
14,simd-v0,524,0.121308
14,393435,524,0.083726
14,ours-406478,524,0.065553
14,simd-v0,525,0.116223
14,393435,525,0.083755
14,ours-406478,525,0.065466
14,KACTL,525,0.730436
14,393435,526,0.089810
14,ours-406478,526,0.079918
14,KACTL,526,1.061496
14,simd-v0,526,0.120234
14,ours-406478,527,0.067160
14,KACTL,527,0.684074
14,simd-v0,527,0.116870
14,393435,527,0.085582
14,KACTL,528,0.661628
14,simd-v0,528,0.116386
14,393435,528,0.083409
14,ours-406478,528,0.065792
14,simd-v0,529,0.116124
14,393435,529,0.083308
14,ours-406478,529,0.064531
14,KACTL,529,0.662609
14,393435,530,0.083745
14,ours-406478,530,0.065622
14,KACTL,530,0.663398
14,simd-v0,530,0.116331
14,ours-406478,531,0.065571
14,KACTL,531,0.662296
14,simd-v0,531,0.116325
14,393435,531,0.083789
14,KACTL,532,0.658025
14,simd-v0,532,0.116358
14,393435,532,0.083919
14,ours-406478,532,0.065583
14,simd-v0,533,0.116387
14,393435,533,0.083608
14,ours-406478,533,0.065568
14,KACTL,533,0.661303
14,393435,534,0.083662
14,ours-406478,534,0.065587
14,KACTL,534,0.658934
14,simd-v0,534,0.116280
14,ours-406478,535,0.065514
14,KACTL,535,0.655061
14,simd-v0,535,0.121605
14,393435,535,0.083665
14,KACTL,536,0.653045
14,simd-v0,536,0.116223
14,393435,536,0.089488
14,ours-406478,536,0.065636
14,simd-v0,537,0.116534
14,393435,537,0.083736
14,ours-406478,537,0.065544
14,KACTL,537,0.661526
14,393435,538,0.083683
14,ours-406478,538,0.065604
14,KACTL,538,0.654701
14,simd-v0,538,0.121657
14,ours-406478,539,0.065581
14,KACTL,539,0.653354
14,simd-v0,539,0.116271
14,393435,539,0.083920
14,KACTL,540,0.655638
14,simd-v0,540,0.116262
14,393435,540,0.083845
14,ours-406478,540,0.065612
14,simd-v0,541,0.122178
14,393435,541,0.083849
14,ours-406478,541,0.065502
14,KACTL,541,0.657133
14,393435,542,0.083651
14,ours-406478,542,0.070813
14,KACTL,542,0.652036
14,simd-v0,542,0.116160
14,ours-406478,543,0.065624
14,KACTL,543,0.660003
14,simd-v0,543,0.116136
14,393435,543,0.083584
14,KACTL,544,0.657188
14,simd-v0,544,0.116292
14,393435,544,0.083602
14,ours-406478,544,0.065482
14,simd-v0,545,0.116125
14,393435,545,0.083571
14,ours-406478,545,0.065586
14,KACTL,545,0.659613
14,393435,546,0.083651
14,ours-406478,546,0.065589
14,KACTL,546,0.656110
14,simd-v0,546,0.116284
14,ours-406478,547,0.065545
14,KACTL,547,0.659120
14,simd-v0,547,0.116307
14,393435,547,0.083700
14,KACTL,548,0.655380
14,simd-v0,548,0.116196
14,393435,548,0.083663
14,ours-406478,548,0.065506
14,simd-v0,549,0.116147
14,393435,549,0.083596
14,ours-406478,549,0.065544
14,KACTL,549,0.663428
14,393435,550,0.083658
14,ours-406478,550,0.065588
14,KACTL,550,0.659325
14,simd-v0,550,0.116097
14,ours-406478,551,0.065592
14,KACTL,551,0.658367
14,simd-v0,551,0.116442
14,393435,551,0.083644
14,KACTL,552,0.652022
14,simd-v0,552,0.121294
14,393435,552,0.083705
14,ours-406478,552,0.065581
14,simd-v0,553,0.116246
14,393435,553,0.083533
14,ours-406478,553,0.065498
14,KACTL,553,0.660350
14,393435,554,0.083693
14,ours-406478,554,0.065567
14,KACTL,554,0.650560
14,simd-v0,554,0.121223
14,ours-406478,555,0.065613
14,KACTL,555,0.653687
14,simd-v0,555,0.116274
14,393435,555,0.089231
14,KACTL,556,0.652006
14,simd-v0,556,0.116189
14,393435,556,0.083687
14,ours-406478,556,0.065585
14,simd-v0,557,0.121697
14,393435,557,0.083875
14,ours-406478,557,0.065616
14,KACTL,557,0.652862
14,393435,558,0.083641
14,ours-406478,558,0.070475
14,KACTL,558,0.651052
14,simd-v0,558,0.116208
14,ours-406478,559,0.065529
14,KACTL,559,0.660413
14,simd-v0,559,0.116293
14,393435,559,0.083835
14,KACTL,560,0.667928
14,simd-v0,560,0.116300
14,393435,560,0.083764
14,ours-406478,560,0.065738
14,simd-v0,561,0.116241
14,393435,561,0.083654
14,ours-406478,561,0.071190
14,KACTL,561,0.653956
14,393435,562,0.083840
14,ours-406478,562,0.065496
14,KACTL,562,0.657120
14,simd-v0,562,0.116307
14,ours-406478,563,0.065596
14,KACTL,563,0.661152
14,simd-v0,563,0.116259
14,393435,563,0.083841
14,KACTL,564,0.655198
14,simd-v0,564,0.116200
14,393435,564,0.083676
14,ours-406478,564,0.065564
14,simd-v0,565,0.116245
14,393435,565,0.083591
14,ours-406478,565,0.065617
14,KACTL,565,0.660284
14,393435,566,0.083667
14,ours-406478,566,0.065581
14,KACTL,566,0.656131
14,simd-v0,566,0.116181
14,ours-406478,567,0.065526
14,KACTL,567,0.660276
14,simd-v0,567,0.116176
14,393435,567,0.083895
14,KACTL,568,0.651465
14,simd-v0,568,0.121373
14,393435,568,0.083644
14,ours-406478,568,0.065614
14,simd-v0,569,0.116129
14,393435,569,0.083616
14,ours-406478,569,0.065524
14,KACTL,569,0.658808
14,393435,570,0.083683
14,ours-406478,570,0.065577
14,KACTL,570,0.660616
14,simd-v0,570,0.116254
14,ours-406478,571,0.065604
14,KACTL,571,0.654887
14,simd-v0,571,0.116203
14,393435,571,0.088808
14,KACTL,572,0.653029
14,simd-v0,572,0.116221
14,393435,572,0.083563
14,ours-406478,572,0.070829
14,simd-v0,573,0.116338
14,393435,573,0.083822
14,ours-406478,573,0.065558
14,KACTL,573,0.655134
14,393435,574,0.088676
14,ours-406478,574,0.065578
14,KACTL,574,0.652023
14,simd-v0,574,0.116390
14,ours-406478,575,0.065528
14,KACTL,575,0.661749
14,simd-v0,575,0.116306
14,393435,575,0.083670
14,KACTL,576,0.656732
14,simd-v0,576,0.116161
14,393435,576,0.083611
14,ours-406478,576,0.065198
14,simd-v0,577,0.116194
14,393435,577,0.083611
14,ours-406478,577,0.070488
14,KACTL,577,0.654498
14,393435,578,0.083646
14,ours-406478,578,0.065527
14,KACTL,578,0.657502
14,simd-v0,578,0.116229
14,ours-406478,579,0.065526
14,KACTL,579,0.658079
14,simd-v0,579,0.116318
14,393435,579,0.083618
14,KACTL,580,0.655486
14,simd-v0,580,0.116316
14,393435,580,0.083602
14,ours-406478,580,0.065557
14,simd-v0,581,0.116147
14,393435,581,0.083627
14,ours-406478,581,0.065558
14,KACTL,581,0.660745
14,393435,582,0.083542
14,ours-406478,582,0.065558
14,KACTL,582,0.656518
14,simd-v0,582,0.116272
14,ours-406478,583,0.065540
14,KACTL,583,0.659805
14,simd-v0,583,0.116324
14,393435,583,0.083672
14,KACTL,584,0.655122
14,simd-v0,584,0.116353
14,393435,584,0.083658
14,ours-406478,584,0.065614
14,simd-v0,585,0.116280
14,393435,585,0.083593
14,ours-406478,585,0.065516
14,KACTL,585,0.658767
14,393435,586,0.083839
14,ours-406478,586,0.065613
14,KACTL,586,0.656644
14,simd-v0,586,0.116116
14,ours-406478,587,0.065507
14,KACTL,587,0.654731
14,simd-v0,587,0.121302
14,393435,587,0.083804
14,KACTL,588,0.652132
14,simd-v0,588,0.116328
14,393435,588,0.091049
14,ours-406478,588,0.082948
14,simd-v0,589,0.116406
14,393435,589,0.083784
14,ours-406478,589,0.065515
14,KACTL,589,0.668204
14,393435,590,0.083950
14,ours-406478,590,0.065537
14,KACTL,590,0.652568
14,simd-v0,590,0.116313
14,ours-406478,591,0.070824
14,KACTL,591,0.655460
14,simd-v0,591,0.116365
14,393435,591,0.085751
14,KACTL,592,0.655851
14,simd-v0,592,0.116250
14,393435,592,0.083735
14,ours-406478,592,0.065469
14,simd-v0,593,0.116166
14,393435,593,0.088966
14,ours-406478,593,0.065540
14,KACTL,593,0.654438
14,393435,594,0.083642
14,ours-406478,594,0.065524
14,KACTL,594,0.656270
14,simd-v0,594,0.116304
14,ours-406478,595,0.065501
14,KACTL,595,0.658654
14,simd-v0,595,0.116257
14,393435,595,0.083687
14,KACTL,596,0.656298
14,simd-v0,596,0.116393
14,393435,596,0.083643
14,ours-406478,596,0.065544
14,simd-v0,597,0.116301
14,393435,597,0.083634
14,ours-406478,597,0.065563
14,KACTL,597,0.660457
14,393435,598,0.083682
14,ours-406478,598,0.065514
14,KACTL,598,0.656514
14,simd-v0,598,0.116317
14,ours-406478,599,0.065468
14,KACTL,599,0.659171
14,simd-v0,599,0.116259
14,393435,599,0.083591
14,KACTL,600,0.656839
14,simd-v0,600,0.116435
14,393435,600,0.083656
14,ours-406478,600,0.065583
14,simd-v0,601,0.116375
14,393435,601,0.083618
14,ours-406478,601,0.065509
14,KACTL,601,0.658350
14,393435,602,0.083642
14,ours-406478,602,0.065569
14,KACTL,602,0.657503
14,simd-v0,602,0.116176
14,ours-406478,603,0.065579
14,KACTL,603,0.659770
14,simd-v0,603,0.116373
14,393435,603,0.083832
14,KACTL,604,0.651620
14,simd-v0,604,0.116269
14,393435,604,0.088772
14,ours-406478,604,0.065649
14,simd-v0,605,0.116342
14,393435,605,0.083547
14,ours-406478,605,0.065473
14,KACTL,605,0.657779
14,393435,606,0.083749
14,ours-406478,606,0.065472
14,KACTL,606,0.651070
14,simd-v0,606,0.121280
14,ours-406478,607,0.065584
14,KACTL,607,0.655810
14,simd-v0,607,0.116078
14,393435,607,0.083626
14,KACTL,608,0.657491
14,simd-v0,608,0.116375
14,393435,608,0.083667
14,ours-406478,608,0.065552
14,simd-v0,609,0.121128
14,393435,609,0.083673
14,ours-406478,609,0.065534
14,KACTL,609,0.653108
14,393435,610,0.083570
14,ours-406478,610,0.070845
14,KACTL,610,0.654442
14,simd-v0,610,0.115981
14,ours-406478,611,0.065514
14,KACTL,611,0.661248
14,simd-v0,611,0.116218
14,393435,611,0.083695
14,KACTL,612,0.656361
14,simd-v0,612,0.116268
14,393435,612,0.083717
14,ours-406478,612,0.065539
14,simd-v0,613,0.116347
14,393435,613,0.085651
14,ours-406478,613,0.065586
14,KACTL,613,0.659106
14,393435,614,0.083657
14,ours-406478,614,0.065545
14,KACTL,614,0.656473
14,simd-v0,614,0.116390
14,ours-406478,615,0.065516
14,KACTL,615,0.659807
14,simd-v0,615,0.116305
14,393435,615,0.083630
14,KACTL,616,0.656052
14,simd-v0,616,0.116310
14,393435,616,0.083605
14,ours-406478,616,0.065515
14,simd-v0,617,0.116250
14,393435,617,0.083569
14,ours-406478,617,0.065552
14,KACTL,617,0.658018
14,393435,618,0.083823
14,ours-406478,618,0.065589
14,KACTL,618,0.655832
14,simd-v0,618,0.116253
14,ours-406478,619,0.065572
14,KACTL,619,0.658949
14,simd-v0,619,0.116180
14,393435,619,0.083663
14,KACTL,620,0.651433
14,simd-v0,620,0.121213
14,393435,620,0.083622
14,ours-406478,620,0.065575
14,simd-v0,621,0.116096
14,393435,621,0.083801
14,ours-406478,621,0.065620
14,KACTL,621,0.660151
14,393435,622,0.083826
14,ours-406478,622,0.065535
14,KACTL,622,0.681534
14,simd-v0,622,0.122154
14,ours-406478,623,0.065712
14,KACTL,623,0.654147
14,simd-v0,623,0.118293
14,393435,623,0.105896
14,KACTL,624,0.650599
14,simd-v0,624,0.116154
14,393435,624,0.083702
14,ours-406478,624,0.070934
14,simd-v0,625,0.116312
14,393435,625,0.083703
14,ours-406478,625,0.065528
14,KACTL,625,0.654470
14,393435,626,0.088818
14,ours-406478,626,0.065603
14,KACTL,626,0.651173
14,simd-v0,626,0.116256
14,ours-406478,627,0.065507
14,KACTL,627,0.659155
14,simd-v0,627,0.116123
14,393435,627,0.083844
14,KACTL,628,0.657294
14,simd-v0,628,0.116219
14,393435,628,0.083622
14,ours-406478,628,0.065522
14,simd-v0,629,0.116186
14,393435,629,0.083668
14,ours-406478,629,0.071837
14,KACTL,629,0.655415
14,393435,630,0.083628
14,ours-406478,630,0.065541
14,KACTL,630,0.656605
14,simd-v0,630,0.116242
14,ours-406478,631,0.065562
14,KACTL,631,0.658855
14,simd-v0,631,0.116228
14,393435,631,0.083647
14,KACTL,632,0.655751
14,simd-v0,632,0.116071
14,393435,632,0.083624
14,ours-406478,632,0.065428
14,simd-v0,633,0.116277
14,393435,633,0.083664
14,ours-406478,633,0.065439
14,KACTL,633,0.659897
14,393435,634,0.083729
14,ours-406478,634,0.065528
14,KACTL,634,0.658120
14,simd-v0,634,0.116268
14,ours-406478,635,0.065487
14,KACTL,635,0.658316
14,simd-v0,635,0.116453
14,393435,635,0.083646
14,KACTL,636,0.654913
14,simd-v0,636,0.116352
14,393435,636,0.083593
14,ours-406478,636,0.065522
14,simd-v0,637,0.116229
14,393435,637,0.083552
14,ours-406478,637,0.065547
14,KACTL,637,0.659829
14,393435,638,0.083698
14,ours-406478,638,0.065606
14,KACTL,638,0.655597
14,simd-v0,638,0.116134
14,ours-406478,639,0.065518
14,KACTL,639,0.657098
14,simd-v0,639,0.121335
14,393435,639,0.083647
14,KACTL,640,0.652039
14,simd-v0,640,0.116301
14,393435,640,0.083527
14,ours-406478,640,0.069813
14,simd-v0,641,0.116125
14,393435,641,0.083682
14,ours-406478,641,0.065551
14,KACTL,641,0.659829
14,393435,642,0.083719
14,ours-406478,642,0.065549
14,KACTL,642,0.652226
14,simd-v0,642,0.116335
14,ours-406478,643,0.070619
14,KACTL,643,0.654669
14,simd-v0,643,0.116368
14,393435,643,0.083644
14,KACTL,644,0.658504
14,simd-v0,644,0.116418
14,393435,644,0.083682
14,ours-406478,644,0.065512
14,simd-v0,645,0.118135
14,393435,645,0.088721
14,ours-406478,645,0.065510
14,KACTL,645,0.653351
14,393435,646,0.083603
14,ours-406478,646,0.065534
14,KACTL,646,0.657409
14,simd-v0,646,0.116199
14,ours-406478,647,0.065549
14,KACTL,647,0.659993
14,simd-v0,647,0.116160
14,393435,647,0.083647
14,KACTL,648,0.657220
14,simd-v0,648,0.116192
14,393435,648,0.083643
14,ours-406478,648,0.065480
14,simd-v0,649,0.116294
14,393435,649,0.083559
14,ours-406478,649,0.065606
14,KACTL,649,0.659830
14,393435,650,0.083581
14,ours-406478,650,0.065142
14,KACTL,650,0.655954
14,simd-v0,650,0.116233
14,ours-406478,651,0.065521
14,KACTL,651,0.658888
14,simd-v0,651,0.116207
14,393435,651,0.083594
14,KACTL,652,0.656096
14,simd-v0,652,0.116336
14,393435,652,0.083581
14,ours-406478,652,0.065185
14,simd-v0,653,0.116189
14,393435,653,0.083575
14,ours-406478,653,0.065554
14,KACTL,653,0.658997
14,393435,654,0.083568
14,ours-406478,654,0.065561
14,KACTL,654,0.655160
14,simd-v0,654,0.116157
14,ours-406478,655,0.065611
14,KACTL,655,0.656114
14,simd-v0,655,0.121666
14,393435,655,0.083661
14,KACTL,656,0.650827
14,simd-v0,656,0.116242
14,393435,656,0.088599
14,ours-406478,656,0.065530
14,simd-v0,657,0.116320
14,393435,657,0.083611
14,ours-406478,657,0.065586
14,KACTL,657,0.658858
14,393435,658,0.083660
14,ours-406478,658,0.065599
14,KACTL,658,0.651148
14,simd-v0,658,0.116224
14,ours-406478,659,0.082715
14,KACTL,659,0.653903
14,simd-v0,659,0.116184
14,393435,659,0.083679
14,KACTL,660,0.657854
14,simd-v0,660,0.116297
14,393435,660,0.083652
14,ours-406478,660,0.065502
14,simd-v0,661,0.121418
14,393435,661,0.083678
14,ours-406478,661,0.065496
14,KACTL,661,0.653907
14,393435,662,0.083609
14,ours-406478,662,0.065519
14,KACTL,662,0.656399
14,simd-v0,662,0.116248
14,ours-406478,663,0.065524
14,KACTL,663,0.659179
14,simd-v0,663,0.116265
14,393435,663,0.083678
14,KACTL,664,0.658484
14,simd-v0,664,0.116339
14,393435,664,0.083671
14,ours-406478,664,0.065254
14,simd-v0,665,0.116267
14,393435,665,0.083647
14,ours-406478,665,0.065551
14,KACTL,665,0.660797
14,393435,666,0.083628
14,ours-406478,666,0.065474
14,KACTL,666,0.658251
14,simd-v0,666,0.116256
14,ours-406478,667,0.065550
14,KACTL,667,0.660696
14,simd-v0,667,0.116194
14,393435,667,0.083606
14,KACTL,668,0.655835
14,simd-v0,668,0.116307
14,393435,668,0.083586
14,ours-406478,668,0.065592
14,simd-v0,669,0.116316
14,393435,669,0.083608
14,ours-406478,669,0.065468
14,KACTL,669,0.659644
14,393435,670,0.083648
14,ours-406478,670,0.065532
14,KACTL,670,0.656935
14,simd-v0,670,0.116192
14,ours-406478,671,0.065592
14,KACTL,671,0.658070
14,simd-v0,671,0.116350
14,393435,671,0.083587
14,KACTL,672,0.650579
14,simd-v0,672,0.121218
14,393435,672,0.083656
14,ours-406478,672,0.065512
14,simd-v0,673,0.120864
14,393435,673,0.083623
14,ours-406478,673,0.065520
14,KACTL,673,0.658864
14,393435,674,0.083644
14,ours-406478,674,0.065507
14,KACTL,674,0.650493
14,simd-v0,674,0.137150
14,ours-406478,675,0.065619
14,KACTL,675,0.654941
14,simd-v0,675,0.116521
14,393435,675,0.089509
14,KACTL,676,0.655588
14,simd-v0,676,0.116266
14,393435,676,0.085759
14,ours-406478,676,0.065639
14,simd-v0,677,0.121429
14,393435,677,0.083852
14,ours-406478,677,0.065614
14,KACTL,677,0.653746
14,393435,678,0.083657
14,ours-406478,678,0.069856
14,KACTL,678,0.651285
14,simd-v0,678,0.116300
14,ours-406478,679,0.065479
14,KACTL,679,0.659541
14,simd-v0,679,0.116257
14,393435,679,0.083655
14,KACTL,680,0.656352
14,simd-v0,680,0.116148
14,393435,680,0.083668
14,ours-406478,680,0.065560
14,simd-v0,681,0.116220
14,393435,681,0.083618
14,ours-406478,681,0.070762
14,KACTL,681,0.653885
14,393435,682,0.083557
14,ours-406478,682,0.065555
14,KACTL,682,0.657061
14,simd-v0,682,0.116204
14,ours-406478,683,0.065607
14,KACTL,683,0.659027
14,simd-v0,683,0.116349
14,393435,683,0.083592
14,KACTL,684,0.655094
14,simd-v0,684,0.116346
14,393435,684,0.083585
14,ours-406478,684,0.065590
14,simd-v0,685,0.116234
14,393435,685,0.083622
14,ours-406478,685,0.065511
14,KACTL,685,0.658302
14,393435,686,0.083680
14,ours-406478,686,0.065545
14,KACTL,686,0.655290
14,simd-v0,686,0.116257
14,ours-406478,687,0.065479
14,KACTL,687,0.660271
14,simd-v0,687,0.116288
14,393435,687,0.083570
14,KACTL,688,0.651460
14,simd-v0,688,0.121202
14,393435,688,0.083628
14,ours-406478,688,0.065556
14,simd-v0,689,0.116134
14,393435,689,0.083541
14,ours-406478,689,0.065517
14,KACTL,689,0.659312
14,393435,690,0.083641
14,ours-406478,690,0.065227
14,KACTL,690,0.655567
14,simd-v0,690,0.116262
14,ours-406478,691,0.065546
14,KACTL,691,0.654448
14,simd-v0,691,0.116217
14,393435,691,0.088847
14,KACTL,692,0.651151
14,simd-v0,692,0.116311
14,393435,692,0.083573
14,ours-406478,692,0.070612
14,simd-v0,693,0.116223
14,393435,693,0.083631
14,ours-406478,693,0.065496
14,KACTL,693,0.653216
14,393435,694,0.104411
14,ours-406478,694,0.065564
14,KACTL,694,0.653387
14,simd-v0,694,0.116170
14,ours-406478,695,0.065400
14,KACTL,695,0.658797
14,simd-v0,695,0.116184
14,393435,695,0.083603
14,KACTL,696,0.658223
14,simd-v0,696,0.116301
14,393435,696,0.083612
14,ours-406478,696,0.065543
14,simd-v0,697,0.116252
14,393435,697,0.083546
14,ours-406478,697,0.070686
14,KACTL,697,0.655077
14,393435,698,0.083552
14,ours-406478,698,0.067335
14,KACTL,698,0.657118
14,simd-v0,698,0.116421
14,ours-406478,699,0.065484
14,KACTL,699,0.664117
14,simd-v0,699,0.116160
14,393435,699,0.083640
14,KACTL,700,0.656937
14,simd-v0,700,0.116352
14,393435,700,0.083626
14,ours-406478,700,0.065653
14,simd-v0,701,0.116293
14,393435,701,0.083520
14,ours-406478,701,0.065533
14,KACTL,701,0.660105
14,393435,702,0.083625
14,ours-406478,702,0.065540
14,KACTL,702,0.655963
14,simd-v0,702,0.116152
14,ours-406478,703,0.065541
14,KACTL,703,0.659004
14,simd-v0,703,0.116377
14,393435,703,0.083625
14,KACTL,704,0.660650
14,simd-v0,704,0.116203
14,393435,704,0.083556
14,ours-406478,704,0.065520
14,simd-v0,705,0.116406
14,393435,705,0.083567
14,ours-406478,705,0.065556
14,KACTL,705,0.658452
14,393435,706,0.083971
14,ours-406478,706,0.065574
14,KACTL,706,0.656611
14,simd-v0,706,0.116233
14,ours-406478,707,0.065566
14,KACTL,707,0.654512
14,simd-v0,707,0.121120
14,393435,707,0.083683
14,KACTL,708,0.651588
14,simd-v0,708,0.119163
14,393435,708,0.094816
14,ours-406478,708,0.071938
14,simd-v0,709,0.116288
14,393435,709,0.083640
14,ours-406478,709,0.065501
14,KACTL,709,0.661283
14,393435,710,0.083683
14,ours-406478,710,0.065483
14,KACTL,710,0.651138
14,simd-v0,710,0.116317
14,ours-406478,711,0.070814
14,KACTL,711,0.653450
14,simd-v0,711,0.116479
14,393435,711,0.083633
14,KACTL,712,0.657425
14,simd-v0,712,0.116262
14,393435,712,0.083677
14,ours-406478,712,0.065575
14,simd-v0,713,0.116349
14,393435,713,0.088661
14,ours-406478,713,0.065506
14,KACTL,713,0.653666
14,393435,714,0.083544
14,ours-406478,714,0.065510
14,KACTL,714,0.657339
14,simd-v0,714,0.116350
14,ours-406478,715,0.065518
14,KACTL,715,0.658550
14,simd-v0,715,0.116219
14,393435,715,0.083625
14,KACTL,716,0.656022
14,simd-v0,716,0.116215
14,393435,716,0.083614
14,ours-406478,716,0.065588
14,simd-v0,717,0.116184
14,393435,717,0.083587
14,ours-406478,717,0.065512
14,KACTL,717,0.659761
14,393435,718,0.083618
14,ours-406478,718,0.065542
14,KACTL,718,0.655552
14,simd-v0,718,0.116338
14,ours-406478,719,0.065582
14,KACTL,719,0.660343
14,simd-v0,719,0.116313
14,393435,719,0.083554
14,KACTL,720,0.655466
14,simd-v0,720,0.116164
14,393435,720,0.083661
14,ours-406478,720,0.065546
14,simd-v0,721,0.116298
14,393435,721,0.083593
14,ours-406478,721,0.065519
14,KACTL,721,0.658953
14,393435,722,0.083600
14,ours-406478,722,0.065616
14,KACTL,722,0.655588
14,simd-v0,722,0.116244
14,ours-406478,723,0.065560
14,KACTL,723,0.653906
14,simd-v0,723,0.121128
14,393435,723,0.083630
14,KACTL,724,0.651704
14,simd-v0,724,0.116280
14,393435,724,0.088605
14,ours-406478,724,0.065550
14,simd-v0,725,0.116290
14,393435,725,0.083614
14,ours-406478,725,0.065497
14,KACTL,725,0.659608
14,393435,726,0.083544
14,ours-406478,726,0.065504
14,KACTL,726,0.651728
14,simd-v0,726,0.121209
14,ours-406478,727,0.065547
14,KACTL,727,0.653812
14,simd-v0,727,0.116199
14,393435,727,0.083660
14,KACTL,728,0.657643
14,simd-v0,728,0.116260
14,393435,728,0.083629
14,ours-406478,728,0.065585
14,simd-v0,729,0.125840
14,393435,729,0.083618
14,ours-406478,729,0.065519
14,KACTL,729,0.653849
14,393435,730,0.085523
14,ours-406478,730,0.070846
14,KACTL,730,0.651103
14,simd-v0,730,0.116210
14,ours-406478,731,0.065490
14,KACTL,731,0.658273
14,simd-v0,731,0.116303
14,393435,731,0.083631
14,KACTL,732,0.656000
14,simd-v0,732,0.116270
14,393435,732,0.083589
14,ours-406478,732,0.065533
14,simd-v0,733,0.116139
14,393435,733,0.083609
14,ours-406478,733,0.065472
14,KACTL,733,0.658932
14,393435,734,0.083656
14,ours-406478,734,0.065496
14,KACTL,734,0.683687
14,simd-v0,734,0.116810
14,ours-406478,735,0.065795
14,KACTL,735,0.660111
14,simd-v0,735,0.116074
14,393435,735,0.083704
14,KACTL,736,0.656597
14,simd-v0,736,0.116117
14,393435,736,0.083566
14,ours-406478,736,0.065713
14,simd-v0,737,0.116243
14,393435,737,0.083627
14,ours-406478,737,0.065442
14,KACTL,737,0.658825
14,393435,738,0.083657
14,ours-406478,738,0.065513
14,KACTL,738,0.656901
14,simd-v0,738,0.116241
14,ours-406478,739,0.065629
14,KACTL,739,0.659562
14,simd-v0,739,0.116315
14,393435,739,0.083519
14,KACTL,740,0.653275
14,simd-v0,740,0.121570
14,393435,740,0.083622
14,ours-406478,740,0.065557
14,simd-v0,741,0.116225
14,393435,741,0.083599
14,ours-406478,741,0.065558
14,KACTL,741,0.658322
14,393435,742,0.083598
14,ours-406478,742,0.065527
14,KACTL,742,0.651792
14,simd-v0,742,0.121407
14,ours-406478,743,0.065566
14,KACTL,743,0.653499
14,simd-v0,743,0.116223
14,393435,743,0.088916
14,KACTL,744,0.651227
14,simd-v0,744,0.116434
14,393435,744,0.083532
14,ours-406478,744,0.065515
14,simd-v0,745,0.121386
14,393435,745,0.083686
14,ours-406478,745,0.065514
14,KACTL,745,0.656083
14,393435,746,0.088951
14,ours-406478,746,0.065525
14,KACTL,746,0.651095
14,simd-v0,746,0.116574
14,ours-406478,747,0.079487
14,KACTL,747,0.668103
14,simd-v0,747,0.116369
14,393435,747,0.083718
14,KACTL,748,0.656962
14,simd-v0,748,0.116377
14,393435,748,0.083755
14,ours-406478,748,0.065657
14,simd-v0,749,0.116263
14,393435,749,0.083575
14,ours-406478,749,0.070735
14,KACTL,749,0.653312
14,393435,750,0.083640
14,ours-406478,750,0.065525
14,KACTL,750,0.657114
14,simd-v0,750,0.116300
14,ours-406478,751,0.065539
14,KACTL,751,0.663333
14,simd-v0,751,0.116368
14,393435,751,0.083591
14,KACTL,752,0.656760
14,simd-v0,752,0.116308
14,393435,752,0.083637
14,ours-406478,752,0.065577
14,simd-v0,753,0.116148
14,393435,753,0.083664
14,ours-406478,753,0.065567
14,KACTL,753,0.658280
14,393435,754,0.083651
14,ours-406478,754,0.065527
14,KACTL,754,0.658463
14,simd-v0,754,0.116062
14,ours-406478,755,0.065590
14,KACTL,755,0.658021
14,simd-v0,755,0.116246
14,393435,755,0.083659
14,KACTL,756,0.657163
14,simd-v0,756,0.116209
14,393435,756,0.083539
14,ours-406478,756,0.065545
14,simd-v0,757,0.116213
14,393435,757,0.083551
14,ours-406478,757,0.065443
14,KACTL,757,0.659183
14,393435,758,0.083679
14,ours-406478,758,0.065535
14,KACTL,758,0.655764
14,simd-v0,758,0.116161
14,ours-406478,759,0.065520
14,KACTL,759,0.653281
14,simd-v0,759,0.121827
14,393435,759,0.083552
14,KACTL,760,0.651961
14,simd-v0,760,0.116128
14,393435,760,0.083613
14,ours-406478,760,0.070743
14,simd-v0,761,0.116269
14,393435,761,0.083582
14,ours-406478,761,0.065469
14,KACTL,761,0.656611
14,393435,762,0.083541
14,ours-406478,762,0.065457
14,KACTL,762,0.653573
14,simd-v0,762,0.116298
14,ours-406478,763,0.070909
14,KACTL,763,0.655275
14,simd-v0,763,0.116221
14,393435,763,0.083601
14,KACTL,764,0.675426
14,simd-v0,764,0.116502
14,393435,764,0.083660
14,ours-406478,764,0.065571
14,simd-v0,765,0.116163
14,393435,765,0.089023
14,ours-406478,765,0.065533
14,KACTL,765,0.653837
14,393435,766,0.083570
14,ours-406478,766,0.065450
14,KACTL,766,0.657624
14,simd-v0,766,0.116245
14,ours-406478,767,0.065557
14,KACTL,767,0.658667
14,simd-v0,767,0.116255
14,393435,767,0.083626
14,KACTL,768,0.657016
14,simd-v0,768,0.116447
14,393435,768,0.083790
14,ours-406478,768,0.065535
14,simd-v0,769,0.116219
14,393435,769,0.083552
14,ours-406478,769,0.065497
14,KACTL,769,0.660821
14,393435,770,0.083662
14,ours-406478,770,0.065552
14,KACTL,770,0.656256
14,simd-v0,770,0.116204
14,ours-406478,771,0.065507
14,KACTL,771,0.660441
14,simd-v0,771,0.116329
14,393435,771,0.083644
14,KACTL,772,0.657386
14,simd-v0,772,0.116293
14,393435,772,0.083554
14,ours-406478,772,0.065551
14,simd-v0,773,0.116267
14,393435,773,0.083548
14,ours-406478,773,0.065485
14,KACTL,773,0.659740
14,393435,774,0.083860
14,ours-406478,774,0.065533
14,KACTL,774,0.656696
14,simd-v0,774,0.116165
14,ours-406478,775,0.065516
14,KACTL,775,0.653936
14,simd-v0,775,0.121394
14,393435,775,0.083563
14,KACTL,776,0.650949
14,simd-v0,776,0.116268
14,393435,776,0.088779
14,ours-406478,776,0.065547
14,simd-v0,777,0.116248
14,393435,777,0.083534
14,ours-406478,777,0.065555
14,KACTL,777,0.693418
14,393435,778,0.083676
14,ours-406478,778,0.065712
14,KACTL,778,0.651038
14,simd-v0,778,0.127135
14,ours-406478,779,0.065613
14,KACTL,779,0.654767
14,simd-v0,779,0.116246
14,393435,779,0.083707
14,KACTL,780,0.656045
14,simd-v0,780,0.116333
14,393435,780,0.083587
14,ours-406478,780,0.065587
14,simd-v0,781,0.121434
14,393435,781,0.083692
14,ours-406478,781,0.065505
14,KACTL,781,0.653792
14,393435,782,0.083678
14,ours-406478,782,0.070507
14,KACTL,782,0.651245
14,simd-v0,782,0.116173
14,ours-406478,783,0.067295
14,KACTL,783,0.660077
14,simd-v0,783,0.116286
14,393435,783,0.083595
14,KACTL,784,0.658580
14,simd-v0,784,0.116352
14,393435,784,0.083585
14,ours-406478,784,0.065519
14,simd-v0,785,0.116179
14,393435,785,0.083587
14,ours-406478,785,0.065546
14,KACTL,785,0.659423
14,393435,786,0.083617
14,ours-406478,786,0.065499
14,KACTL,786,0.655835
14,simd-v0,786,0.116366
14,ours-406478,787,0.065570
14,KACTL,787,0.659766
14,simd-v0,787,0.116077
14,393435,787,0.083511
14,KACTL,788,0.655496
14,simd-v0,788,0.116272
14,393435,788,0.083667
14,ours-406478,788,0.065592
14,simd-v0,789,0.116395
14,393435,789,0.083662
14,ours-406478,789,0.065521
14,KACTL,789,0.658822
14,393435,790,0.083590
14,ours-406478,790,0.065493
14,KACTL,790,0.656994
14,simd-v0,790,0.116325
14,ours-406478,791,0.065550
14,KACTL,791,0.657936
14,simd-v0,791,0.116259
14,393435,791,0.083664
14,KACTL,792,0.651448
14,simd-v0,792,0.121007
14,393435,792,0.083650
14,ours-406478,792,0.065514
14,simd-v0,793,0.116377
14,393435,793,0.083495
14,ours-406478,793,0.065473
14,KACTL,793,0.661757
14,393435,794,0.083628
14,ours-406478,794,0.065576
14,KACTL,794,0.651146
14,simd-v0,794,0.121395
14,ours-406478,795,0.065503
14,KACTL,795,0.654290
14,simd-v0,795,0.116304
14,393435,795,0.088643
14,KACTL,796,0.681882
14,simd-v0,796,0.116400
14,393435,796,0.083611
14,ours-406478,796,0.071108
14,simd-v0,797,0.116206
14,393435,797,0.083553
14,ours-406478,797,0.065499
14,KACTL,797,0.654087
14,393435,798,0.088721
14,ours-406478,798,0.065533
14,KACTL,798,0.651094
14,simd-v0,798,0.116050
14,ours-406478,799,0.065589
14,KACTL,799,0.658144
14,simd-v0,799,0.116147
14,393435,799,0.083632
14,KACTL,800,0.657159
14,simd-v0,800,0.116392
14,393435,800,0.083590
14,ours-406478,800,0.065516
14,simd-v0,801,0.116350
14,393435,801,0.083567
14,ours-406478,801,0.070896
14,KACTL,801,0.654064
14,393435,802,0.083598
14,ours-406478,802,0.065523
14,KACTL,802,0.656719
14,simd-v0,802,0.116125
14,ours-406478,803,0.065582
14,KACTL,803,0.659174
14,simd-v0,803,0.116218
14,393435,803,0.083596
14,KACTL,804,0.657605
14,simd-v0,804,0.116312
14,393435,804,0.083590
14,ours-406478,804,0.065526
14,simd-v0,805,0.116317
14,393435,805,0.083612
14,ours-406478,805,0.065505
14,KACTL,805,0.659143
14,393435,806,0.083686
14,ours-406478,806,0.065539
14,KACTL,806,0.655517
14,simd-v0,806,0.116426
14,ours-406478,807,0.065578
14,KACTL,807,0.659403
14,simd-v0,807,0.116204
14,393435,807,0.083579
14,KACTL,808,0.655103
14,simd-v0,808,0.115971
14,393435,808,0.083617
14,ours-406478,808,0.065554
14,simd-v0,809,0.116211
14,393435,809,0.083602
14,ours-406478,809,0.065463
14,KACTL,809,0.659089
14,393435,810,0.083628
14,ours-406478,810,0.065497
14,KACTL,810,0.656552
14,simd-v0,810,0.116290
14,ours-406478,811,0.065641
14,KACTL,811,0.653927
14,simd-v0,811,0.121427
14,393435,811,0.083672
14,KACTL,812,0.650971
14,simd-v0,812,0.116237
14,393435,812,0.083556
14,ours-406478,812,0.082189
14,simd-v0,813,0.116232
14,393435,813,0.083664
14,ours-406478,813,0.065522
14,KACTL,813,0.653308
14,393435,814,0.083585
14,ours-406478,814,0.065497
14,KACTL,814,0.651771
14,simd-v0,814,0.118115
14,ours-406478,815,0.070636
14,KACTL,815,0.654226
14,simd-v0,815,0.116267
14,393435,815,0.083652
14,KACTL,816,0.658722
14,simd-v0,816,0.116224
14,393435,816,0.083629
14,ours-406478,816,0.065586
14,simd-v0,817,0.116332
14,393435,817,0.088659
14,ours-406478,817,0.065514
14,KACTL,817,0.653397
14,393435,818,0.083603
14,ours-406478,818,0.065470
14,KACTL,818,0.656382
14,simd-v0,818,0.116090
14,ours-406478,819,0.065526
14,KACTL,819,0.658704
14,simd-v0,819,0.116135
14,393435,819,0.083597
14,KACTL,820,0.657723
14,simd-v0,820,0.116063
14,393435,820,0.083630
14,ours-406478,820,0.065487
14,simd-v0,821,0.116240
14,393435,821,0.083517
14,ours-406478,821,0.065522
14,KACTL,821,0.659410
14,393435,822,0.083676
14,ours-406478,822,0.065490
14,KACTL,822,0.655964
14,simd-v0,822,0.116326
14,ours-406478,823,0.065511
14,KACTL,823,0.658089
14,simd-v0,823,0.116222
14,393435,823,0.083641
14,KACTL,824,0.656056
14,simd-v0,824,0.116232
14,393435,824,0.083626
14,ours-406478,824,0.065484
14,simd-v0,825,0.116217
14,393435,825,0.083584
14,ours-406478,825,0.065546
14,KACTL,825,0.662031
14,393435,826,0.083530
14,ours-406478,826,0.065504
14,KACTL,826,0.655778
14,simd-v0,826,0.116316
14,ours-406478,827,0.065549
14,KACTL,827,0.653394
14,simd-v0,827,0.121491
14,393435,827,0.083610
14,KACTL,828,0.651052
14,simd-v0,828,0.116312
14,393435,828,0.088732
14,ours-406478,828,0.065570
14,simd-v0,829,0.116169
14,393435,829,0.083589
14,ours-406478,829,0.065549
14,KACTL,829,0.661170
14,393435,830,0.083771
14,ours-406478,830,0.065616
14,KACTL,830,0.651068
14,simd-v0,830,0.116143
14,ours-406478,831,0.070714
14,KACTL,831,0.653895
14,simd-v0,831,0.116193
14,393435,831,0.083635
14,KACTL,832,0.657411
14,simd-v0,832,0.116290
14,393435,832,0.083666
14,ours-406478,832,0.065613
14,simd-v0,833,0.116269
14,393435,833,0.088836
14,ours-406478,833,0.065526
14,KACTL,833,0.655232
14,393435,834,0.083587
14,ours-406478,834,0.065574
14,KACTL,834,0.656713
14,simd-v0,834,0.116224
14,ours-406478,835,0.065501
14,KACTL,835,0.658691
14,simd-v0,835,0.116316
14,393435,835,0.083545
14,KACTL,836,0.657795
14,simd-v0,836,0.116292
14,393435,836,0.083579
14,ours-406478,836,0.065497
14,simd-v0,837,0.116054
14,393435,837,0.083558
14,ours-406478,837,0.065497
14,KACTL,837,0.659616
14,393435,838,0.083551
14,ours-406478,838,0.065597
14,KACTL,838,0.657678
14,simd-v0,838,0.116276
14,ours-406478,839,0.065546
14,KACTL,839,0.658296
14,simd-v0,839,0.116099
14,393435,839,0.083747
14,KACTL,840,0.659115
14,simd-v0,840,0.116112
14,393435,840,0.083583
14,ours-406478,840,0.065568
14,simd-v0,841,0.116221
14,393435,841,0.083631
14,ours-406478,841,0.065506
14,KACTL,841,0.659968
14,393435,842,0.083623
14,ours-406478,842,0.065505
14,KACTL,842,0.655408
14,simd-v0,842,0.116178
14,ours-406478,843,0.065525
14,KACTL,843,0.658182
14,simd-v0,843,0.116386
14,393435,843,0.083622
14,KACTL,844,0.650199
14,simd-v0,844,0.116263
14,393435,844,0.088504
14,ours-406478,844,0.065561
14,simd-v0,845,0.116322
14,393435,845,0.083631
14,ours-406478,845,0.065472
14,KACTL,845,0.657824
14,393435,846,0.083575
14,ours-406478,846,0.065521
14,KACTL,846,0.654229
14,simd-v0,846,0.121093
14,ours-406478,847,0.065508
14,KACTL,847,0.654703
14,simd-v0,847,0.116269
14,393435,847,0.083585
14,KACTL,848,0.672338
14,simd-v0,848,0.116223
14,393435,848,0.083533
14,ours-406478,848,0.065620
14,simd-v0,849,0.121405
14,393435,849,0.083642
14,ours-406478,849,0.065605
14,KACTL,849,0.654789
14,393435,850,0.083548
14,ours-406478,850,0.070767
14,KACTL,850,0.651195
14,simd-v0,850,0.116352
14,ours-406478,851,0.065535
14,KACTL,851,0.658347
14,simd-v0,851,0.116370
14,393435,851,0.083591
14,KACTL,852,0.655636
14,simd-v0,852,0.116270
14,393435,852,0.083571
14,ours-406478,852,0.065490
14,simd-v0,853,0.116346
14,393435,853,0.083508
14,ours-406478,853,0.065564
14,KACTL,853,0.659504
14,393435,854,0.083628
14,ours-406478,854,0.065532
14,KACTL,854,0.656957
14,simd-v0,854,0.116352
14,ours-406478,855,0.065535
14,KACTL,855,0.659490
14,simd-v0,855,0.116289
14,393435,855,0.083570
14,KACTL,856,0.655928
14,simd-v0,856,0.116225
14,393435,856,0.083648
14,ours-406478,856,0.065513
14,simd-v0,857,0.116139
14,393435,857,0.083554
14,ours-406478,857,0.065558
14,KACTL,857,0.663996
14,393435,858,0.083674
14,ours-406478,858,0.065553
14,KACTL,858,0.656129
14,simd-v0,858,0.116254
14,ours-406478,859,0.065505
14,KACTL,859,0.658987
14,simd-v0,859,0.116218
14,393435,859,0.083547
14,KACTL,860,0.649940
14,simd-v0,860,0.121481
14,393435,860,0.083564
14,ours-406478,860,0.065474
14,simd-v0,861,0.116201
14,393435,861,0.083599
14,ours-406478,861,0.065515
14,KACTL,861,0.659056
14,393435,862,0.083605
14,ours-406478,862,0.065505
14,KACTL,862,0.651298
14,simd-v0,862,0.121323
14,ours-406478,863,0.065525
14,KACTL,863,0.654109
14,simd-v0,863,0.116280
14,393435,863,0.088811
14,KACTL,864,0.652602
14,simd-v0,864,0.116345
14,393435,864,0.083620
14,ours-406478,864,0.065574
14,simd-v0,865,0.121401
14,393435,865,0.083677
14,ours-406478,865,0.065525
14,KACTL,865,0.653556
14,393435,866,0.088811
14,ours-406478,866,0.065569
14,KACTL,866,0.651512
14,simd-v0,866,0.116274
14,ours-406478,867,0.065488
14,KACTL,867,0.659167
14,simd-v0,867,0.116046
14,393435,867,0.083675
14,KACTL,868,0.659516
14,simd-v0,868,0.116312
14,393435,868,0.083585
14,ours-406478,868,0.065503
14,simd-v0,869,0.116253
14,393435,869,0.083618
14,ours-406478,869,0.070899
14,KACTL,869,0.653278
14,393435,870,0.083609
14,ours-406478,870,0.065523
14,KACTL,870,0.662891
14,simd-v0,870,0.116113
14,ours-406478,871,0.065599
14,KACTL,871,0.658408
14,simd-v0,871,0.116258
14,393435,871,0.083649
14,KACTL,872,0.656047
14,simd-v0,872,0.116307
14,393435,872,0.083571
14,ours-406478,872,0.065533
14,simd-v0,873,0.116168
14,393435,873,0.083580
14,ours-406478,873,0.065614
14,KACTL,873,0.660158
14,393435,874,0.083607
14,ours-406478,874,0.065513
14,KACTL,874,0.656260
14,simd-v0,874,0.116245
14,ours-406478,875,0.065578
14,KACTL,875,0.660763
14,simd-v0,875,0.116207
14,393435,875,0.083635
14,KACTL,876,0.650982
14,simd-v0,876,0.121409
14,393435,876,0.083557
14,ours-406478,876,0.065464
14,simd-v0,877,0.116250
14,393435,877,0.083592
14,ours-406478,877,0.065467
14,KACTL,877,0.659029
14,393435,878,0.083655
14,ours-406478,878,0.065596
14,KACTL,878,0.657719
14,simd-v0,878,0.116245
14,ours-406478,879,0.065478
14,KACTL,879,0.654675
14,simd-v0,879,0.116257
14,393435,879,0.083669
14,KACTL,880,0.650914
14,simd-v0,880,0.116242
14,393435,880,0.083570
14,ours-406478,880,0.070722
14,simd-v0,881,0.116260
14,393435,881,0.083577
14,ours-406478,881,0.065528
14,KACTL,881,0.654211
14,393435,882,0.088837
14,ours-406478,882,0.065558
14,KACTL,882,0.650787
14,simd-v0,882,0.116276
14,ours-406478,883,0.065514
14,KACTL,883,0.674944
14,simd-v0,883,0.116181
14,393435,883,0.083784
14,KACTL,884,0.658719
14,simd-v0,884,0.116276
14,393435,884,0.083564
14,ours-406478,884,0.065573
14,simd-v0,885,0.116230
14,393435,885,0.088680
14,ours-406478,885,0.065604
14,KACTL,885,0.653738
14,393435,886,0.083558
14,ours-406478,886,0.065554
14,KACTL,886,0.658109
14,simd-v0,886,0.116360
14,ours-406478,887,0.065457
14,KACTL,887,0.660569
14,simd-v0,887,0.116263
14,393435,887,0.083650
14,KACTL,888,0.656668
14,simd-v0,888,0.116216
14,393435,888,0.083663
14,ours-406478,888,0.065477
14,simd-v0,889,0.116229
14,393435,889,0.083583
14,ours-406478,889,0.065479
14,KACTL,889,0.661729
14,393435,890,0.083653
14,ours-406478,890,0.065523
14,KACTL,890,0.657244
14,simd-v0,890,0.116294
14,ours-406478,891,0.065484
14,KACTL,891,0.659755
14,simd-v0,891,0.116312
14,393435,891,0.083602
14,KACTL,892,0.655985
14,simd-v0,892,0.116270
14,393435,892,0.083591
14,ours-406478,892,0.065512
14,simd-v0,893,0.116231
14,393435,893,0.083637
14,ours-406478,893,0.065542
14,KACTL,893,0.660011
14,393435,894,0.083597
14,ours-406478,894,0.065543
14,KACTL,894,0.655793
14,simd-v0,894,0.116257
14,ours-406478,895,0.065539
14,KACTL,895,0.655034
14,simd-v0,895,0.134211
14,393435,895,0.083768
14,KACTL,896,0.652881
14,simd-v0,896,0.116260
14,393435,896,0.089184
14,ours-406478,896,0.065765
14,simd-v0,897,0.116271
14,393435,897,0.083658
14,ours-406478,897,0.065477
14,KACTL,897,0.659239
14,393435,898,0.083592
14,ours-406478,898,0.065559
14,KACTL,898,0.653360
14,simd-v0,898,0.116304
14,ours-406478,899,0.071401
14,KACTL,899,0.653958
14,simd-v0,899,0.116365
14,393435,899,0.085550
14,KACTL,900,0.658059
14,simd-v0,900,0.116316
14,393435,900,0.083784
14,ours-406478,900,0.065484
14,simd-v0,901,0.116243
14,393435,901,0.088827
14,ours-406478,901,0.065542
14,KACTL,901,0.653450
14,393435,902,0.083505
14,ours-406478,902,0.065524
14,KACTL,902,0.655974
14,simd-v0,902,0.116200
14,ours-406478,903,0.065528
14,KACTL,903,0.658874
14,simd-v0,903,0.116282
14,393435,903,0.083592
14,KACTL,904,0.656438
14,simd-v0,904,0.116330
14,393435,904,0.083686
14,ours-406478,904,0.065489
14,simd-v0,905,0.116206
14,393435,905,0.083576
14,ours-406478,905,0.065529
14,KACTL,905,0.659748
14,393435,906,0.083609
14,ours-406478,906,0.065510
14,KACTL,906,0.657183
14,simd-v0,906,0.116392
14,ours-406478,907,0.065542
14,KACTL,907,0.658416
14,simd-v0,907,0.116211
14,393435,907,0.083596
14,KACTL,908,0.656300
14,simd-v0,908,0.116208
14,393435,908,0.083546
14,ours-406478,908,0.065501
14,simd-v0,909,0.116110
14,393435,909,0.083563
14,ours-406478,909,0.065529
14,KACTL,909,0.659363
14,393435,910,0.083595
14,ours-406478,910,0.065612
14,KACTL,910,0.657678
14,simd-v0,910,0.116266
14,ours-406478,911,0.065512
14,KACTL,911,0.660139
14,simd-v0,911,0.116405
14,393435,911,0.083684
14,KACTL,912,0.650581
14,simd-v0,912,0.116264
14,393435,912,0.088605
14,ours-406478,912,0.065506
14,simd-v0,913,0.116173
14,393435,913,0.083519
14,ours-406478,913,0.065667
14,KACTL,913,0.658321
14,393435,914,0.083618
14,ours-406478,914,0.065562
14,KACTL,914,0.650206
14,simd-v0,914,0.121357
14,ours-406478,915,0.065597
14,KACTL,915,0.653884
14,simd-v0,915,0.116149
14,393435,915,0.083616
14,KACTL,916,0.657579
14,simd-v0,916,0.116166
14,393435,916,0.083672
14,ours-406478,916,0.065671
14,simd-v0,917,0.121357
14,393435,917,0.083633
14,ours-406478,917,0.065508
14,KACTL,917,0.653964
14,393435,918,0.083563
14,ours-406478,918,0.086086
14,KACTL,918,0.652343
14,simd-v0,918,0.116207
14,ours-406478,919,0.065593
14,KACTL,919,0.659692
14,simd-v0,919,0.116168
14,393435,919,0.083640
14,KACTL,920,0.655832
14,simd-v0,920,0.116282
14,393435,920,0.083618
14,ours-406478,920,0.065570
14,simd-v0,921,0.116082
14,393435,921,0.085650
14,ours-406478,921,0.065563
14,KACTL,921,0.659743
14,393435,922,0.083838
14,ours-406478,922,0.065571
14,KACTL,922,0.655449
14,simd-v0,922,0.116363
14,ours-406478,923,0.065576
14,KACTL,923,0.658608
14,simd-v0,923,0.116281
14,393435,923,0.083779
14,KACTL,924,0.656521
14,simd-v0,924,0.116297
14,393435,924,0.083737
14,ours-406478,924,0.065591
14,simd-v0,925,0.116363
14,393435,925,0.083753
14,ours-406478,925,0.065559
14,KACTL,925,0.658550
14,393435,926,0.083784
14,ours-406478,926,0.065428
14,KACTL,926,0.655251
14,simd-v0,926,0.116185
14,ours-406478,927,0.065511
14,KACTL,927,0.658351
14,simd-v0,927,0.116310
14,393435,927,0.083852
14,KACTL,928,0.651555
14,simd-v0,928,0.121193
14,393435,928,0.083605
14,ours-406478,928,0.065488
14,simd-v0,929,0.116320
14,393435,929,0.083615
14,ours-406478,929,0.065472
14,KACTL,929,0.658480
14,393435,930,0.083674
14,ours-406478,930,0.065476
14,KACTL,930,0.650781
14,simd-v0,930,0.121024
14,ours-406478,931,0.065557
14,KACTL,931,0.653523
14,simd-v0,931,0.118180
14,393435,931,0.088869
14,KACTL,932,0.651626
14,simd-v0,932,0.115988
14,393435,932,0.083804
14,ours-406478,932,0.065566
14,simd-v0,933,0.121114
14,393435,933,0.083626
14,ours-406478,933,0.065489
14,KACTL,933,0.655735
14,393435,934,0.088763
14,ours-406478,934,0.065561
14,KACTL,934,0.651231
14,simd-v0,934,0.116034
14,ours-406478,935,0.065512
14,KACTL,935,0.658817
14,simd-v0,935,0.116211
14,393435,935,0.083806
14,KACTL,936,0.655799
14,simd-v0,936,0.116185
14,393435,936,0.083691
14,ours-406478,936,0.065149
14,simd-v0,937,0.116221
14,393435,937,0.083550
14,ours-406478,937,0.070497
14,KACTL,937,0.654098
14,393435,938,0.083635
14,ours-406478,938,0.065547
14,KACTL,938,0.656921
14,simd-v0,938,0.116283
14,ours-406478,939,0.065473
14,KACTL,939,0.658349
14,simd-v0,939,0.116255
14,393435,939,0.083738
14,KACTL,940,0.655554
14,simd-v0,940,0.116311
14,393435,940,0.083634
14,ours-406478,940,0.065468
14,simd-v0,941,0.116348
14,393435,941,0.083522
14,ours-406478,941,0.065547
14,KACTL,941,0.658372
14,393435,942,0.083812
14,ours-406478,942,0.065557
14,KACTL,942,0.658713
14,simd-v0,942,0.116297
14,ours-406478,943,0.065542
14,KACTL,943,0.658941
14,simd-v0,943,0.116244
14,393435,943,0.083820
14,KACTL,944,0.650572
14,simd-v0,944,0.121357
14,393435,944,0.083760
14,ours-406478,944,0.065512
14,simd-v0,945,0.116277
14,393435,945,0.083756
14,ours-406478,945,0.065439
14,KACTL,945,0.659339
14,393435,946,0.083840
14,ours-406478,946,0.065558
14,KACTL,946,0.655565
14,simd-v0,946,0.116263
14,ours-406478,947,0.065598
14,KACTL,947,0.653205
14,simd-v0,947,0.115996
14,393435,947,0.088997
14,KACTL,948,0.651604
14,simd-v0,948,0.116269
14,393435,948,0.083803
14,ours-406478,948,0.070692
14,simd-v0,949,0.116299
14,393435,949,0.083767
14,ours-406478,949,0.065581
14,KACTL,949,0.652841
14,393435,950,0.089056
14,ours-406478,950,0.065560
14,KACTL,950,0.650142
14,simd-v0,950,0.116126
14,ours-406478,951,0.065534
14,KACTL,951,0.662122
14,simd-v0,951,0.116194
14,393435,951,0.083743
14,KACTL,952,0.656522
14,simd-v0,952,0.116178
14,393435,952,0.083615
14,ours-406478,952,0.065545
14,simd-v0,953,0.118120
14,393435,953,0.083750
14,ours-406478,953,0.070793
14,KACTL,953,0.653892
14,393435,954,0.083770
14,ours-406478,954,0.065542
14,KACTL,954,0.656037
14,simd-v0,954,0.116348
14,ours-406478,955,0.065421
14,KACTL,955,0.658241
14,simd-v0,955,0.116288
14,393435,955,0.083817
14,KACTL,956,0.655549
14,simd-v0,956,0.116152
14,393435,956,0.083657
14,ours-406478,956,0.065541
14,simd-v0,957,0.116108
14,393435,957,0.083681
14,ours-406478,957,0.065130
14,KACTL,957,0.659436
14,393435,958,0.083821
14,ours-406478,958,0.065504
14,KACTL,958,0.655962
14,simd-v0,958,0.116300
14,ours-406478,959,0.065551
14,KACTL,959,0.658101
14,simd-v0,959,0.116287
14,393435,959,0.083786
14,KACTL,960,0.656234
14,simd-v0,960,0.116280
14,393435,960,0.083743
14,ours-406478,960,0.065515
14,simd-v0,961,0.116259
14,393435,961,0.083825
14,ours-406478,961,0.065517
14,KACTL,961,0.660496
14,393435,962,0.083747
14,ours-406478,962,0.065444
14,KACTL,962,0.656098
14,simd-v0,962,0.116336
14,ours-406478,963,0.065603
14,KACTL,963,0.654817
14,simd-v0,963,0.121207
14,393435,963,0.083813
14,KACTL,964,0.651300
14,simd-v0,964,0.116180
14,393435,964,0.083740
14,ours-406478,964,0.070791
14,simd-v0,965,0.116261
14,393435,965,0.083657
14,ours-406478,965,0.065485
14,KACTL,965,0.654415
14,393435,966,0.083718
14,ours-406478,966,0.065488
14,KACTL,966,0.651390
14,simd-v0,966,0.116204
14,ours-406478,967,0.070631
14,KACTL,967,0.654017
14,simd-v0,967,0.116135
14,393435,967,0.083796
14,KACTL,968,0.656211
14,simd-v0,968,0.116239
14,393435,968,0.083673
14,ours-406478,968,0.065550
14,simd-v0,969,0.116193
14,393435,969,0.088952
14,ours-406478,969,0.065543
14,KACTL,969,0.653983
14,393435,970,0.083761
14,ours-406478,970,0.065142
14,KACTL,970,0.655910
14,simd-v0,970,0.116330
14,ours-406478,971,0.065547
14,KACTL,971,0.659171
14,simd-v0,971,0.116318
14,393435,971,0.083759
14,KACTL,972,0.658386
14,simd-v0,972,0.116144
14,393435,972,0.083602
14,ours-406478,972,0.065560
14,simd-v0,973,0.116327
14,393435,973,0.083875
14,ours-406478,973,0.065479
14,KACTL,973,0.658788
14,393435,974,0.083856
14,ours-406478,974,0.065537
14,KACTL,974,0.657594
14,simd-v0,974,0.116497
14,ours-406478,975,0.065482
14,KACTL,975,0.660010
14,simd-v0,975,0.116185
14,393435,975,0.083817
14,KACTL,976,0.656360
14,simd-v0,976,0.116314
14,393435,976,0.088311
14,ours-406478,976,0.088190
14,simd-v0,977,0.116399
14,393435,977,0.083808
14,ours-406478,977,0.065575
14,KACTL,977,0.659986
14,393435,978,0.083763
14,ours-406478,978,0.065571
14,KACTL,978,0.656302
14,simd-v0,978,0.116362
14,ours-406478,979,0.065528
14,KACTL,979,0.654762
14,simd-v0,979,0.121569
14,393435,979,0.083590
14,KACTL,980,0.652183
14,simd-v0,980,0.116136
14,393435,980,0.088869
14,ours-406478,980,0.065617
14,simd-v0,981,0.116262
14,393435,981,0.083789
14,ours-406478,981,0.065596
14,KACTL,981,0.659284
14,393435,982,0.083829
14,ours-406478,982,0.065576
14,KACTL,982,0.650124
14,simd-v0,982,0.121486
14,ours-406478,983,0.065620
14,KACTL,983,0.655244
14,simd-v0,983,0.116203
14,393435,983,0.083709
14,KACTL,984,0.656760
14,simd-v0,984,0.116180
14,393435,984,0.083726
14,ours-406478,984,0.067542
14,simd-v0,985,0.121375
14,393435,985,0.083828
14,ours-406478,985,0.065570
14,KACTL,985,0.655234
14,393435,986,0.083603
14,ours-406478,986,0.065593
14,KACTL,986,0.653606
14,simd-v0,986,0.121745
14,ours-406478,987,0.065706
14,KACTL,987,0.693735
14,simd-v0,987,0.116411
14,393435,987,0.083848
14,KACTL,988,0.659801
14,simd-v0,988,0.116317
14,393435,988,0.083633
14,ours-406478,988,0.065687
14,simd-v0,989,0.116224
14,393435,989,0.083567
14,ours-406478,989,0.065509
14,KACTL,989,0.658725
14,393435,990,0.083736
14,ours-406478,990,0.065510
14,KACTL,990,0.689962
14,simd-v0,990,0.116379
14,ours-406478,991,0.065839
14,KACTL,991,0.662718
14,simd-v0,991,0.116195
14,393435,991,0.083733
14,KACTL,992,0.657054
14,simd-v0,992,0.116422
14,393435,992,0.083677
14,ours-406478,992,0.065572
14,simd-v0,993,0.116189
14,393435,993,0.083668
14,ours-406478,993,0.065436
14,KACTL,993,0.660264
14,393435,994,0.083687
14,ours-406478,994,0.065542
14,KACTL,994,0.656892
14,simd-v0,994,0.116178
14,ours-406478,995,0.065524
14,KACTL,995,0.665072
14,simd-v0,995,0.116364
14,393435,995,0.083605
14,KACTL,996,0.651139
14,simd-v0,996,0.121736
14,393435,996,0.083794
14,ours-406478,996,0.065524
14,simd-v0,997,0.116189
14,393435,997,0.083535
14,ours-406478,997,0.065559
14,KACTL,997,0.660482
14,393435,998,0.083704
14,ours-406478,998,0.065588
14,KACTL,998,0.656849
14,simd-v0,998,0.116368
14,ours-406478,999,0.065533
14,KACTL,999,0.653740
14,simd-v0,999,0.121439
14,393435,999,0.083736
14,KACTL,1000,0.651258
14,simd-v0,1000,0.116200
14,393435,1000,0.083555
14,ours-406478,1000,0.070991
15,KACTL,0,1.891310
15,simd-v0,0,0.307883
15,393435,0,0.238331
15,ours-406478,0,0.178545
15,simd-v0,1,0.329227
15,393435,1,0.238845
15,ours-406478,1,0.177849
15,KACTL,1,1.843377
15,393435,2,0.219681
15,ours-406478,2,0.177929
15,KACTL,2,1.821648
15,simd-v0,2,0.309010
15,ours-406478,3,0.178398
15,KACTL,3,1.718039
15,simd-v0,3,0.241859
15,393435,3,0.183233
15,KACTL,4,1.511973
15,simd-v0,4,0.242950
15,393435,4,0.175892
15,ours-406478,4,0.139872
15,simd-v0,5,0.242436
15,393435,5,0.175786
15,ours-406478,5,0.138287
15,KACTL,5,1.522676
15,393435,6,0.176670
15,ours-406478,6,0.138596
15,KACTL,6,1.512318
15,simd-v0,6,0.243126
15,ours-406478,7,0.138623
15,KACTL,7,1.518260
15,simd-v0,7,0.242841
15,393435,7,0.176314
15,KACTL,8,1.513933
15,simd-v0,8,0.242906
15,393435,8,0.176007
15,ours-406478,8,0.139244
15,simd-v0,9,0.241679
15,393435,9,0.182408
15,ours-406478,9,0.138480
15,KACTL,9,1.510776
15,393435,10,0.176758
15,ours-406478,10,0.144134
15,KACTL,10,1.510122
15,simd-v0,10,0.242868
15,ours-406478,11,0.138415
15,KACTL,11,1.516734
15,simd-v0,11,0.243073
15,393435,11,0.176377
15,KACTL,12,1.516037
15,simd-v0,12,0.242414
15,393435,12,0.175975
15,ours-406478,12,0.146655
15,simd-v0,13,0.242881
15,393435,13,0.176077
15,ours-406478,13,0.137897
15,KACTL,13,1.519930
15,393435,14,0.176721
15,ours-406478,14,0.138636
15,KACTL,14,1.511736
15,simd-v0,14,0.243213
15,ours-406478,15,0.138539
15,KACTL,15,1.550668
15,simd-v0,15,0.248421
15,393435,15,0.177154
15,KACTL,16,1.519506
15,simd-v0,16,0.248364
15,393435,16,0.176204
15,ours-406478,16,0.139491
15,simd-v0,17,0.242009
15,393435,17,0.178689
15,ours-406478,17,0.144427
15,KACTL,17,1.512211
15,393435,18,0.176721
15,ours-406478,18,0.138512
15,KACTL,18,1.510799
15,simd-v0,18,0.243387
15,ours-406478,19,0.138602
15,KACTL,19,1.519229
15,simd-v0,19,0.242876
15,393435,19,0.176503
15,KACTL,20,1.515012
15,simd-v0,20,0.242625
15,393435,20,0.175849
15,ours-406478,20,0.145631
15,simd-v0,21,0.243061
15,393435,21,0.175891
15,ours-406478,21,0.138256
15,KACTL,21,1.519324
15,393435,22,0.177208
15,ours-406478,22,0.138677
15,KACTL,22,1.512582
15,simd-v0,22,0.248353
15,ours-406478,23,0.138654
15,KACTL,23,1.514120
15,simd-v0,23,0.248664
15,393435,23,0.176586
15,KACTL,24,1.511898
15,simd-v0,24,0.248376
15,393435,24,0.175992
15,ours-406478,24,0.139311
15,simd-v0,25,0.242040
15,393435,25,0.175790
15,ours-406478,25,0.144364
15,KACTL,25,1.512643
15,393435,26,0.176677
15,ours-406478,26,0.138527
15,KACTL,26,1.518824
15,simd-v0,26,0.243530
15,ours-406478,27,0.138564
15,KACTL,27,1.516622
15,simd-v0,27,0.242135
15,393435,27,0.176600
15,KACTL,28,1.512382
15,simd-v0,28,0.243087
15,393435,28,0.175993
15,ours-406478,28,0.139312
15,simd-v0,29,0.247887
15,393435,29,0.175801
15,ours-406478,29,0.138158
15,KACTL,29,1.514886
15,393435,30,0.177049
15,ours-406478,30,0.138611
15,KACTL,30,1.507351
15,simd-v0,30,0.248820
15,ours-406478,31,0.138538
15,KACTL,31,1.512970
15,simd-v0,31,0.255022
15,393435,31,0.176710
15,KACTL,32,1.513246
15,simd-v0,32,0.248731
15,393435,32,0.175970
15,ours-406478,32,0.139319
15,simd-v0,33,0.242130
15,393435,33,0.175689
15,ours-406478,33,0.138122
15,KACTL,33,1.517208
15,393435,34,0.176626
15,ours-406478,34,0.138540
15,KACTL,34,1.511950
15,simd-v0,34,0.242561
15,ours-406478,35,0.138663
15,KACTL,35,1.516018
15,simd-v0,35,0.242627
15,393435,35,0.176344
15,KACTL,36,1.520409
15,simd-v0,36,0.242812
15,393435,36,0.176016
15,ours-406478,36,0.139281
15,simd-v0,37,0.248257
15,393435,37,0.176092
15,ours-406478,37,0.138306
15,KACTL,37,1.560545
15,393435,38,0.181676
15,ours-406478,38,0.139112
15,KACTL,38,1.506336
15,simd-v0,38,0.249175
15,ours-406478,39,0.138891
15,KACTL,39,1.512555
15,simd-v0,39,0.248037
15,393435,39,0.176589
15,KACTL,40,1.513068
15,simd-v0,40,0.245824
15,393435,40,0.181596
15,ours-406478,40,0.139373
15,simd-v0,41,0.241681
15,393435,41,0.175703
15,ours-406478,41,0.138258
15,KACTL,41,1.516597
15,393435,42,0.176509
15,ours-406478,42,0.138604
15,KACTL,42,1.517000
15,simd-v0,42,0.243249
15,ours-406478,43,0.138863
15,KACTL,43,1.516161
15,simd-v0,43,0.242377
15,393435,43,0.176306
15,KACTL,44,1.519291
15,simd-v0,44,0.242475
15,393435,44,0.175990
15,ours-406478,44,0.139266
15,simd-v0,45,0.248436
15,393435,45,0.176183
15,ours-406478,45,0.138185
15,KACTL,45,1.512750
15,393435,46,0.181721
15,ours-406478,46,0.138541
15,KACTL,46,1.514426
15,simd-v0,46,0.243484
15,ours-406478,47,0.138538
15,KACTL,47,1.543884
15,simd-v0,47,0.242933
15,393435,47,0.183225
15,KACTL,48,1.510899
15,simd-v0,48,0.242611
15,393435,48,0.181655
15,ours-406478,48,0.139710
15,simd-v0,49,0.242056
15,393435,49,0.175789
15,ours-406478,49,0.138257
15,KACTL,49,1.524069
15,393435,50,0.176496
15,ours-406478,50,0.138562
15,KACTL,50,1.515153
15,simd-v0,50,0.243319
15,ours-406478,51,0.138529
15,KACTL,51,1.518906
15,simd-v0,51,0.242165
15,393435,51,0.176592
15,KACTL,52,1.513362
15,simd-v0,52,0.242277
15,393435,52,0.175893
15,ours-406478,52,0.139172
15,simd-v0,53,0.241726
15,393435,53,0.182287
15,ours-406478,53,0.138373
15,KACTL,53,1.511218
15,393435,54,0.182419
15,ours-406478,54,0.138687
15,KACTL,54,1.554344
15,simd-v0,54,0.246129
15,ours-406478,55,0.144706
15,KACTL,55,1.512840
15,simd-v0,55,0.242768
15,393435,55,0.182567
15,KACTL,56,1.513251
15,simd-v0,56,0.242553
15,393435,56,0.181821
15,ours-406478,56,0.139342
15,simd-v0,57,0.242211
15,393435,57,0.175762
15,ours-406478,57,0.138168
15,KACTL,57,1.522238
15,393435,58,0.176565
15,ours-406478,58,0.138660
15,KACTL,58,1.549997
15,simd-v0,58,0.243226
15,ours-406478,59,0.138896
15,KACTL,59,1.517786
15,simd-v0,59,0.242896
15,393435,59,0.176653
15,KACTL,60,1.513960
15,simd-v0,60,0.242216
15,393435,60,0.175997
15,ours-406478,60,0.139484
15,simd-v0,61,0.241720
15,393435,61,0.182148
15,ours-406478,61,0.138549
15,KACTL,61,1.511238
15,393435,62,0.176435
15,ours-406478,62,0.138565
15,KACTL,62,1.508952
15,simd-v0,62,0.243116
15,ours-406478,63,0.162666
15,KACTL,63,1.510730
15,simd-v0,63,0.242365
15,393435,63,0.182246
15,KACTL,64,1.512337
15,simd-v0,64,0.242407
15,393435,64,0.181727
15,ours-406478,64,0.139334
15,simd-v0,65,0.242314
15,393435,65,0.175743
15,ours-406478,65,0.138087
15,KACTL,65,1.516891
15,393435,66,0.176637
15,ours-406478,66,0.138534
15,KACTL,66,1.515799
15,simd-v0,66,0.242813
15,ours-406478,67,0.138477
15,KACTL,67,1.516425
15,simd-v0,67,0.242034
15,393435,67,0.176318
15,KACTL,68,1.512581
15,simd-v0,68,0.242400
15,393435,68,0.175921
15,ours-406478,68,0.139194
15,simd-v0,69,0.242258
15,393435,69,0.185065
15,ours-406478,69,0.138350
15,KACTL,69,1.511255
15,393435,70,0.176605
15,ours-406478,70,0.144196
15,KACTL,70,1.507451
15,simd-v0,70,0.242963
15,ours-406478,71,0.138537
15,KACTL,71,1.544202
15,simd-v0,71,0.242777
15,393435,71,0.176559
15,KACTL,72,1.516305
15,simd-v0,72,0.242112
15,393435,72,0.175760
15,ours-406478,72,0.145880
15,simd-v0,73,0.242903
15,393435,73,0.175895
15,ours-406478,73,0.137882
15,KACTL,73,1.521286
15,393435,74,0.176847
15,ours-406478,74,0.138627
15,KACTL,74,1.513378
15,simd-v0,74,0.242580
15,ours-406478,75,0.138429
15,KACTL,75,1.510041
15,simd-v0,75,0.248126
15,393435,75,0.176419
15,KACTL,76,1.514624
15,simd-v0,76,0.248594
15,393435,76,0.175958
15,ours-406478,76,0.139288
15,simd-v0,77,0.242242
15,393435,77,0.175564
15,ours-406478,77,0.144495
15,KACTL,77,1.513902
15,393435,78,0.176497
15,ours-406478,78,0.138533
15,KACTL,78,1.535607
15,simd-v0,78,0.242990
15,ours-406478,79,0.138764
15,KACTL,79,1.518974
15,simd-v0,79,0.243189
15,393435,79,0.176461
15,KACTL,80,1.516491
15,simd-v0,80,0.242703
15,393435,80,0.175725
15,ours-406478,80,0.145574
15,simd-v0,81,0.242054
15,393435,81,0.175634
15,ours-406478,81,0.138188
15,KACTL,81,1.516355
15,393435,82,0.176579
15,ours-406478,82,0.138607
15,KACTL,82,1.510194
15,simd-v0,82,0.249261
15,ours-406478,83,0.138599
15,KACTL,83,1.513488
15,simd-v0,83,0.248401
15,393435,83,0.176333
15,KACTL,84,1.510472
15,simd-v0,84,0.248249
15,393435,84,0.175946
15,ours-406478,84,0.139330
15,simd-v0,85,0.242181
15,393435,85,0.175565
15,ours-406478,85,0.144171
15,KACTL,85,1.513167
15,393435,86,0.176511
15,ours-406478,86,0.138520
15,KACTL,86,1.512545
15,simd-v0,86,0.243080
15,ours-406478,87,0.138786
15,KACTL,87,1.517329
15,simd-v0,87,0.243127
15,393435,87,0.176229
15,KACTL,88,1.515344
15,simd-v0,88,0.242308
15,393435,88,0.175801
15,ours-406478,88,0.139124
15,simd-v0,89,0.248445
15,393435,89,0.176034
15,ours-406478,89,0.138188
15,KACTL,89,1.518409
15,393435,90,0.176813
15,ours-406478,90,0.138529
15,KACTL,90,1.507315
15,simd-v0,90,0.249051
15,ours-406478,91,0.138587
15,KACTL,91,1.511247
15,simd-v0,91,0.248860
15,393435,91,0.176342
15,KACTL,92,1.509109
15,simd-v0,92,0.251895
15,393435,92,0.175896
15,ours-406478,92,0.139083
15,simd-v0,93,0.241664
15,393435,93,0.175557
15,ours-406478,93,0.138046
15,KACTL,93,1.517306
15,393435,94,0.176450
15,ours-406478,94,0.138623
15,KACTL,94,1.525613
15,simd-v0,94,0.243367
15,ours-406478,95,0.138650
15,KACTL,95,1.519106
15,simd-v0,95,0.242327
15,393435,95,0.176518
15,KACTL,96,1.513358
15,simd-v0,96,0.245332
15,393435,96,0.175814
15,ours-406478,96,0.139210
15,simd-v0,97,0.248560
15,393435,97,0.175732
15,ours-406478,97,0.138382
15,KACTL,97,1.515280
15,393435,98,0.182219
15,ours-406478,98,0.138619
15,KACTL,98,1.506718
15,simd-v0,98,0.249113
15,ours-406478,99,0.138765
15,KACTL,99,1.510602
15,simd-v0,99,0.243186
15,393435,99,0.182303
15,KACTL,100,1.508423
15,simd-v0,100,0.242328
15,393435,100,0.181550
15,ours-406478,100,0.139266
15,simd-v0,101,0.241895
15,393435,101,0.175537
15,ours-406478,101,0.138130
15,KACTL,101,1.517035
15,393435,102,0.176629
15,ours-406478,102,0.138585
15,KACTL,102,1.522054
15,simd-v0,102,0.243164
15,ours-406478,103,0.138689
15,KACTL,103,1.516960
15,simd-v0,103,0.242485
15,393435,103,0.176281
15,KACTL,104,1.530705
15,simd-v0,104,0.242729
15,393435,104,0.176198
15,ours-406478,104,0.139067
15,simd-v0,105,0.242142
15,393435,105,0.182360
15,ours-406478,105,0.138170
15,KACTL,105,1.511434
15,393435,106,0.181754
15,ours-406478,106,0.138739
15,KACTL,106,1.512904
15,simd-v0,106,0.246305
15,ours-406478,107,0.144978
15,KACTL,107,1.518576
15,simd-v0,107,0.242814
15,393435,107,0.182436
15,KACTL,108,1.507656
15,simd-v0,108,0.242848
15,393435,108,0.181583
15,ours-406478,108,0.139433
15,simd-v0,109,0.242031
15,393435,109,0.175768
15,ours-406478,109,0.138242
15,KACTL,109,1.530143
15,393435,110,0.176436
15,ours-406478,110,0.138825
15,KACTL,110,1.514321
15,simd-v0,110,0.243268
15,ours-406478,111,0.138652
15,KACTL,111,1.523569
15,simd-v0,111,0.242531
15,393435,111,0.176186
15,KACTL,112,1.514607
15,simd-v0,112,0.242518
15,393435,112,0.175848
15,ours-406478,112,0.139169
15,simd-v0,113,0.241554
15,393435,113,0.182339
15,ours-406478,113,0.138251
15,KACTL,113,1.513543
15,393435,114,0.176587
15,ours-406478,114,0.144258
15,KACTL,114,1.509528
15,simd-v0,114,0.243655
15,ours-406478,115,0.144448
15,KACTL,115,1.509954
15,simd-v0,115,0.242093
15,393435,115,0.176360
15,KACTL,116,1.517411
15,simd-v0,116,0.242550
15,393435,116,0.175835
15,ours-406478,116,0.145285
15,simd-v0,117,0.242291
15,393435,117,0.175973
15,ours-406478,117,0.137920
15,KACTL,117,1.516617
15,393435,118,0.176638
15,ours-406478,118,0.138653
15,KACTL,118,1.539642
15,simd-v0,118,0.243679
15,ours-406478,119,0.138749
15,KACTL,119,1.528271
15,simd-v0,119,0.242488
15,393435,119,0.176604
15,KACTL,120,1.509147
15,simd-v0,120,0.248457
15,393435,120,0.176000
15,ours-406478,120,0.139307
15,simd-v0,121,0.242235
15,393435,121,0.184695
15,ours-406478,121,0.138384
15,KACTL,121,1.510312
15,393435,122,0.176736
15,ours-406478,122,0.143994
15,KACTL,122,1.510951
15,simd-v0,122,0.242838
15,ours-406478,123,0.138689
15,KACTL,123,1.515755
15,simd-v0,123,0.242658
15,393435,123,0.176297
15,KACTL,124,1.514527
15,simd-v0,124,0.242963
15,393435,124,0.175756
15,ours-406478,124,0.145835
15,simd-v0,125,0.242570
15,393435,125,0.175935
15,ours-406478,125,0.138062
15,KACTL,125,1.530349
15,393435,126,0.176482
15,ours-406478,126,0.138623
15,KACTL,126,1.518513
15,simd-v0,126,0.243228
15,ours-406478,127,0.138588
15,KACTL,127,1.510119
15,simd-v0,127,0.248408
15,393435,127,0.176343
15,KACTL,128,1.509650
15,simd-v0,128,0.248210
15,393435,128,0.175819
15,ours-406478,128,0.139134
15,simd-v0,129,0.242103
15,393435,129,0.175823
15,ours-406478,129,0.144399
15,KACTL,129,1.514136
15,393435,130,0.176411
15,ours-406478,130,0.138581
15,KACTL,130,1.519653
15,simd-v0,130,0.242820
15,ours-406478,131,0.138758
15,KACTL,131,1.516942
15,simd-v0,131,0.242115
15,393435,131,0.176267
15,KACTL,132,1.515894
15,simd-v0,132,0.242555
15,393435,132,0.175891
15,ours-406478,132,0.139317
15,simd-v0,133,0.248748
15,393435,133,0.175940
15,ours-406478,133,0.138300
15,KACTL,133,1.571428
15,393435,134,0.176616
15,ours-406478,134,0.138900
15,KACTL,134,1.507530
15,simd-v0,134,0.249418
15,ours-406478,135,0.139058
15,KACTL,135,1.514047
15,simd-v0,135,0.248396
15,393435,135,0.176472
15,KACTL,136,1.511625
15,simd-v0,136,0.248746
15,393435,136,0.175981
15,ours-406478,136,0.139329
15,simd-v0,137,0.242102
15,393435,137,0.175628
15,ours-406478,137,0.144118
15,KACTL,137,1.512062
15,393435,138,0.176620
15,ours-406478,138,0.138370
15,KACTL,138,1.514490
15,simd-v0,138,0.243091
15,ours-406478,139,0.138715
15,KACTL,139,1.516269
15,simd-v0,139,0.242584
15,393435,139,0.176420
15,KACTL,140,1.517658
15,simd-v0,140,0.242817
15,393435,140,0.175967
15,ours-406478,140,0.139101
15,simd-v0,141,0.248840
15,393435,141,0.175945
15,ours-406478,141,0.138314
15,KACTL,141,1.551462
15,393435,142,0.176651
15,ours-406478,142,0.138932
15,KACTL,142,1.511392
15,simd-v0,142,0.249193
15,ours-406478,143,0.166075
15,KACTL,143,1.513937
15,simd-v0,143,0.248308
15,393435,143,0.176997
15,KACTL,144,1.509215
15,simd-v0,144,0.250595
15,393435,144,0.175957
15,ours-406478,144,0.139432
15,simd-v0,145,0.242127
15,393435,145,0.175572
15,ours-406478,145,0.143913
15,KACTL,145,1.533996
15,393435,146,0.176442
15,ours-406478,146,0.138691
15,KACTL,146,1.513457
15,simd-v0,146,0.243011
15,ours-406478,147,0.138706
15,KACTL,147,1.518572
15,simd-v0,147,0.242959
15,393435,147,0.176474
15,KACTL,148,1.516020
15,simd-v0,148,0.242634
15,393435,148,0.175927
15,ours-406478,148,0.139302
15,simd-v0,149,0.265898
15,393435,149,0.176426
15,ours-406478,149,0.138543
15,KACTL,149,1.521782
15,393435,150,0.176733
15,ours-406478,150,0.138681
15,KACTL,150,1.507416
15,simd-v0,150,0.249118
15,ours-406478,151,0.138694
15,KACTL,151,1.513760
15,simd-v0,151,0.248533
15,393435,151,0.176431
15,KACTL,152,1.507564
15,simd-v0,152,0.248599
15,393435,152,0.175996
15,ours-406478,152,0.139138
15,simd-v0,153,0.242284
15,393435,153,0.175793
15,ours-406478,153,0.138146
15,KACTL,153,1.520041
15,393435,154,0.176566
15,ours-406478,154,0.138523
15,KACTL,154,1.513561
15,simd-v0,154,0.243447
15,ours-406478,155,0.138775
15,KACTL,155,1.516103
15,simd-v0,155,0.242780
15,393435,155,0.176481
15,KACTL,156,1.512915
15,simd-v0,156,0.242345
15,393435,156,0.175821
15,ours-406478,156,0.139085
15,simd-v0,157,0.248918
15,393435,157,0.175728
15,ours-406478,157,0.138286
15,KACTL,157,1.514627
15,393435,158,0.182007
15,ours-406478,158,0.138558
15,KACTL,158,1.513515
15,simd-v0,158,0.251692
15,ours-406478,159,0.138838
15,KACTL,159,1.511638
15,simd-v0,159,0.242921
15,393435,159,0.182082
15,KACTL,160,1.513673
15,simd-v0,160,0.242911
15,393435,160,0.181411
15,ours-406478,160,0.138890
15,simd-v0,161,0.241860
15,393435,161,0.175744
15,ours-406478,161,0.138156
15,KACTL,161,1.525170
15,393435,162,0.176696
15,ours-406478,162,0.138621
15,KACTL,162,1.512414
15,simd-v0,162,0.242676
15,ours-406478,163,0.138600
15,KACTL,163,1.523370
15,simd-v0,163,0.242939
15,393435,163,0.176246
15,KACTL,164,1.521188
15,simd-v0,164,0.242916
15,393435,164,0.176031
15,ours-406478,164,0.139183
15,simd-v0,165,0.242018
15,393435,165,0.182785
15,ours-406478,165,0.138236
15,KACTL,165,1.509378
15,393435,166,0.182111
15,ours-406478,166,0.138660
15,KACTL,166,1.510926
15,simd-v0,166,0.242888
15,ours-406478,167,0.144896
15,KACTL,167,1.509633
15,simd-v0,167,0.242753
15,393435,167,0.183113
15,KACTL,168,1.508644
15,simd-v0,168,0.242501
15,393435,168,0.181854
15,ours-406478,168,0.139142
15,simd-v0,169,0.242210
15,393435,169,0.175508
15,ours-406478,169,0.138217
15,KACTL,169,1.517228
15,393435,170,0.176666
15,ours-406478,170,0.138800
15,KACTL,170,1.512223
15,simd-v0,170,0.242375
15,ours-406478,171,0.138630
15,KACTL,171,1.515315
15,simd-v0,171,0.242429
15,393435,171,0.176358
15,KACTL,172,1.515658
15,simd-v0,172,0.242619
15,393435,172,0.175926
15,ours-406478,172,0.139198
15,simd-v0,173,0.242057
15,393435,173,0.184766
15,ours-406478,173,0.138352
15,KACTL,173,1.514892
15,393435,174,0.176780
15,ours-406478,174,0.144313
15,KACTL,174,1.507954
15,simd-v0,174,0.242881
15,ours-406478,175,0.138414
15,KACTL,175,1.519297
15,simd-v0,175,0.242673
15,393435,175,0.176366
15,KACTL,176,1.514906
15,simd-v0,176,0.242329
15,393435,176,0.175863
15,ours-406478,176,0.145856
15,simd-v0,177,0.242979
15,393435,177,0.175898
15,ours-406478,177,0.138005
15,KACTL,177,1.520166
15,393435,178,0.176693
15,ours-406478,178,0.138648
15,KACTL,178,1.517790
15,simd-v0,178,0.242664
15,ours-406478,179,0.138658
15,KACTL,179,1.510950
15,simd-v0,179,0.397073
15,393435,179,0.176567
15,KACTL,180,1.528911
15,simd-v0,180,0.243033
15,393435,180,0.176461
15,ours-406478,180,0.139502
15,simd-v0,181,0.242028
15,393435,181,0.182007
15,ours-406478,181,0.138220
15,KACTL,181,1.510522
15,393435,182,0.176840
15,ours-406478,182,0.143842
15,KACTL,182,1.509360
15,simd-v0,182,0.242810
15,ours-406478,183,0.144576
15,KACTL,183,1.512964
15,simd-v0,183,0.242527
15,393435,183,0.182356
15,KACTL,184,1.510612
15,simd-v0,184,0.242934
15,393435,184,0.175953
15,ours-406478,184,0.145716
15,simd-v0,185,0.242161
15,393435,185,0.175850
15,ours-406478,185,0.138286
15,KACTL,185,1.516808
15,393435,186,0.176592
15,ours-406478,186,0.138665
15,KACTL,186,1.512849
15,simd-v0,186,0.242823
15,ours-406478,187,0.138623
15,KACTL,187,1.517679
15,simd-v0,187,0.242341
15,393435,187,0.176525
15,KACTL,188,1.510897
15,simd-v0,188,0.247583
15,393435,188,0.175789
15,ours-406478,188,0.139369
15,simd-v0,189,0.242154
15,393435,189,0.181786
15,ours-406478,189,0.138119
15,KACTL,189,1.513283
15,393435,190,0.176966
15,ours-406478,190,0.144164
15,KACTL,190,1.507854
15,simd-v0,190,0.242762
15,ours-406478,191,0.138346
15,KACTL,191,1.518585
15,simd-v0,191,0.243381
15,393435,191,0.176198
15,KACTL,192,1.514588
15,simd-v0,192,0.242716
15,393435,192,0.175885
15,ours-406478,192,0.145871
15,simd-v0,193,0.242474
15,393435,193,0.175826
15,ours-406478,193,0.138025
15,KACTL,193,1.517108
15,393435,194,0.176753
15,ours-406478,194,0.138616
15,KACTL,194,1.510541
15,simd-v0,194,0.243287
15,ours-406478,195,0.138687
15,KACTL,195,1.511467
15,simd-v0,195,0.266321
15,393435,195,0.176401
15,KACTL,196,1.508243
15,simd-v0,196,0.250920
15,393435,196,0.176073
15,ours-406478,196,0.139468
15,simd-v0,197,0.241673
15,393435,197,0.175600
15,ours-406478,197,0.144301
15,KACTL,197,1.513235
15,393435,198,0.176651
15,ours-406478,198,0.138698
15,KACTL,198,1.514419
15,simd-v0,198,0.242869
15,ours-406478,199,0.138740
15,KACTL,199,1.519284
15,simd-v0,199,0.243083
15,393435,199,0.176419
15,KACTL,200,1.514789
15,simd-v0,200,0.243018
15,393435,200,0.175791
15,ours-406478,200,0.139334
15,simd-v0,201,0.248065
15,393435,201,0.175791
15,ours-406478,201,0.138271
15,KACTL,201,1.519773
15,393435,202,0.176888
15,ours-406478,202,0.138727
15,KACTL,202,1.509509
15,simd-v0,202,0.249376
15,ours-406478,203,0.138730
15,KACTL,203,1.514278
15,simd-v0,203,0.248784
15,393435,203,0.176434
15,KACTL,204,1.511308
15,simd-v0,204,0.248561
15,393435,204,0.175795
15,ours-406478,204,0.139492
15,simd-v0,205,0.241961
15,393435,205,0.175515
15,ours-406478,205,0.137966
15,KACTL,205,1.516928
15,393435,206,0.176636
15,ours-406478,206,0.138807
15,KACTL,206,1.515761
15,simd-v0,206,0.243092
15,ours-406478,207,0.138809
15,KACTL,207,1.515574
15,simd-v0,207,0.242359
15,393435,207,0.176426
15,KACTL,208,1.512905
15,simd-v0,208,0.243077
15,393435,208,0.175818
15,ours-406478,208,0.139308
15,simd-v0,209,0.249182
15,393435,209,0.175820
15,ours-406478,209,0.138350
15,KACTL,209,1.514649
15,393435,210,0.182284
15,ours-406478,210,0.138543
15,KACTL,210,1.510611
15,simd-v0,210,0.251723
15,ours-406478,211,0.138783
15,KACTL,211,1.515435
15,simd-v0,211,0.242677
15,393435,211,0.176288
15,KACTL,212,1.553990
15,simd-v0,212,0.242943
15,393435,212,0.176412
15,ours-406478,212,0.139283
15,simd-v0,213,0.241777
15,393435,213,0.175716
15,ours-406478,213,0.138062
15,KACTL,213,1.516666
15,393435,214,0.176699
15,ours-406478,214,0.138498
15,KACTL,214,1.512375
15,simd-v0,214,0.242921
15,ours-406478,215,0.138716
15,KACTL,215,1.525097
15,simd-v0,215,0.242875
15,393435,215,0.176704
15,KACTL,216,1.517227
15,simd-v0,216,0.242573
15,393435,216,0.175994
15,ours-406478,216,0.139278
15,simd-v0,217,0.248036
15,393435,217,0.175596
15,ours-406478,217,0.138335
15,KACTL,217,1.513879
15,393435,218,0.182093
15,ours-406478,218,0.138560
15,KACTL,218,1.508131
15,simd-v0,218,0.249433
15,ours-406478,219,0.138732
15,KACTL,219,1.511641
15,simd-v0,219,0.242641
15,393435,219,0.182127
15,KACTL,220,1.564310
15,simd-v0,220,0.243073
15,393435,220,0.182446
15,ours-406478,220,0.139749
15,simd-v0,221,0.241480
15,393435,221,0.175741
15,ours-406478,221,0.138195
15,KACTL,221,1.517302
15,393435,222,0.176295
15,ours-406478,222,0.138641
15,KACTL,222,1.516176
15,simd-v0,222,0.243115
15,ours-406478,223,0.138770
15,KACTL,223,1.518447
15,simd-v0,223,0.242329
15,393435,223,0.176369
15,KACTL,224,1.514816
15,simd-v0,224,0.242341
15,393435,224,0.175831
15,ours-406478,224,0.139468
15,simd-v0,225,0.245199
15,393435,225,0.175834
15,ours-406478,225,0.138359
15,KACTL,225,1.513869
15,393435,226,0.182608
15,ours-406478,226,0.138708
15,KACTL,226,1.510644
15,simd-v0,226,0.243116
15,ours-406478,227,0.144600
15,KACTL,227,1.531438
15,simd-v0,227,0.242072
15,393435,227,0.182501
15,KACTL,228,1.508172
15,simd-v0,228,0.242919
15,393435,228,0.181564
15,ours-406478,228,0.139250
15,simd-v0,229,0.242277
15,393435,229,0.175713
15,ours-406478,229,0.138288
15,KACTL,229,1.518707
15,393435,230,0.176503
15,ours-406478,230,0.138709
15,KACTL,230,1.515265
15,simd-v0,230,0.242964
15,ours-406478,231,0.138753
15,KACTL,231,1.518020
15,simd-v0,231,0.242450
15,393435,231,0.202735
15,KACTL,232,1.513349
15,simd-v0,232,0.242696
15,393435,232,0.176325
15,ours-406478,232,0.139532
15,simd-v0,233,0.241998
15,393435,233,0.183075
15,ours-406478,233,0.138321
15,KACTL,233,1.514030
15,393435,234,0.176461
15,ours-406478,234,0.143767
15,KACTL,234,1.510563
15,simd-v0,234,0.243229
15,ours-406478,235,0.144930
15,KACTL,235,1.509944
15,simd-v0,235,0.242932
15,393435,235,0.182309
15,KACTL,236,1.509607
15,simd-v0,236,0.242862
15,393435,236,0.175732
15,ours-406478,236,0.139420
15,simd-v0,237,0.241961
15,393435,237,0.175853
15,ours-406478,237,0.138289
15,KACTL,237,1.518713
15,393435,238,0.176591
15,ours-406478,238,0.138616
15,KACTL,238,1.512693
15,simd-v0,238,0.242765
15,ours-406478,239,0.138839
15,KACTL,239,1.515419
15,simd-v0,239,0.242522
15,393435,239,0.176367
15,KACTL,240,1.523262
15,simd-v0,240,0.243057
15,393435,240,0.176086
15,ours-406478,240,0.139414
15,simd-v0,241,0.242224
15,393435,241,0.182427
15,ours-406478,241,0.138403
15,KACTL,241,1.514395
15,393435,242,0.176886
15,ours-406478,242,0.144135
15,KACTL,242,1.513763
15,simd-v0,242,0.242723
15,ours-406478,243,0.138492
15,KACTL,243,1.530637
15,simd-v0,243,0.242606
15,393435,243,0.178597
15,KACTL,244,1.531214
15,simd-v0,244,0.242914
15,393435,244,0.176282
15,ours-406478,244,0.146566
15,simd-v0,245,0.242298
15,393435,245,0.176052
15,ours-406478,245,0.138242
15,KACTL,245,1.520009
15,393435,246,0.176563
15,ours-406478,246,0.138657
15,KACTL,246,1.512311
15,simd-v0,246,0.243485
15,ours-406478,247,0.138749
15,KACTL,247,1.511274
15,simd-v0,247,0.247727
15,393435,247,0.176432
15,KACTL,248,1.508138
15,simd-v0,248,0.248194
15,393435,248,0.176078
15,ours-406478,248,0.139707
15,simd-v0,249,0.242190
15,393435,249,0.175640
15,ours-406478,249,0.144524
15,KACTL,249,1.513080
15,393435,250,0.176634
15,ours-406478,250,0.138590
15,KACTL,250,1.514731
15,simd-v0,250,0.243321
15,ours-406478,251,0.138687
15,KACTL,251,1.558277
15,simd-v0,251,0.242873
15,393435,251,0.176468
15,KACTL,252,1.516834
15,simd-v0,252,0.242834
15,393435,252,0.176009
15,ours-406478,252,0.146339
15,simd-v0,253,0.242506
15,393435,253,0.176058
15,ours-406478,253,0.138255
15,KACTL,253,1.517837
15,393435,254,0.176746
15,ours-406478,254,0.138850
15,KACTL,254,1.510820
15,simd-v0,254,0.248237
15,ours-406478,255,0.138742
15,KACTL,255,1.514493
15,simd-v0,255,0.248281
15,393435,255,0.176320
15,KACTL,256,1.510723
15,simd-v0,256,0.247945
15,393435,256,0.175909
15,ours-406478,256,0.139743
15,simd-v0,257,0.242216
15,393435,257,0.175670
15,ours-406478,257,0.145188
15,KACTL,257,1.570836
15,393435,258,0.176080
15,ours-406478,258,0.141392
15,KACTL,258,1.535955
15,simd-v0,258,0.243705
15,ours-406478,259,0.138844
15,KACTL,259,1.518017
15,simd-v0,259,0.243281
15,393435,259,0.176707
15,KACTL,260,1.515012
15,simd-v0,260,0.242326
15,393435,260,0.175987
15,ours-406478,260,0.145500
15,simd-v0,261,0.242482
15,393435,261,0.175897
15,ours-406478,261,0.138063
15,KACTL,261,1.518951
15,393435,262,0.176067
15,ours-406478,262,0.138640
15,KACTL,262,1.513053
15,simd-v0,262,0.248821
15,ours-406478,263,0.138837
15,KACTL,263,1.512249
15,simd-v0,263,0.249279
15,393435,263,0.176525
15,KACTL,264,1.510580
15,simd-v0,264,0.247945
15,393435,264,0.175934
15,ours-406478,264,0.139206
15,simd-v0,265,0.241903
15,393435,265,0.175592
15,ours-406478,265,0.144201
15,KACTL,265,1.511271
15,393435,266,0.176413
15,ours-406478,266,0.138789
15,KACTL,266,1.514201
15,simd-v0,266,0.243456
15,ours-406478,267,0.138902
15,KACTL,267,1.696794
15,simd-v0,267,0.243161
15,393435,267,0.176560
15,KACTL,268,1.515173
15,simd-v0,268,0.242510
15,393435,268,0.176259
15,ours-406478,268,0.146367
15,simd-v0,269,0.242260
15,393435,269,0.175874
15,ours-406478,269,0.138138
15,KACTL,269,1.516465
15,393435,270,0.176368
15,ours-406478,270,0.138737
15,KACTL,270,1.529917
15,simd-v0,270,0.242765
15,ours-406478,271,0.138884
15,KACTL,271,1.517679
15,simd-v0,271,0.242665
15,393435,271,0.176587
15,KACTL,272,1.514597
15,simd-v0,272,0.247998
15,393435,272,0.176126
15,ours-406478,272,0.139258
15,simd-v0,273,0.242247
15,393435,273,0.181767
15,ours-406478,273,0.138260
15,KACTL,273,1.515456
15,393435,274,0.176263
15,ours-406478,274,0.158846
15,KACTL,274,1.511907
15,simd-v0,274,0.243280
15,ours-406478,275,0.138688
15,KACTL,275,1.517598
15,simd-v0,275,0.242452
15,393435,275,0.176653
15,KACTL,276,1.514503
15,simd-v0,276,0.242197
15,393435,276,0.175691
15,ours-406478,276,0.147711
15,simd-v0,277,0.242437
15,393435,277,0.176092
15,ours-406478,277,0.138077
15,KACTL,277,1.522342
15,393435,278,0.176101
15,ours-406478,278,0.138668
15,KACTL,278,1.514064
15,simd-v0,278,0.243135
15,ours-406478,279,0.138812
15,KACTL,279,1.513024
15,simd-v0,279,0.248217
15,393435,279,0.176506
15,KACTL,280,1.508491
15,simd-v0,280,0.249388
15,393435,280,0.176077
15,ours-406478,280,0.139189
15,simd-v0,281,0.242246
15,393435,281,0.175727
15,ours-406478,281,0.143993
15,KACTL,281,1.514966
15,393435,282,0.176269
15,ours-406478,282,0.138701
15,KACTL,282,1.513285
15,simd-v0,282,0.243241
15,ours-406478,283,0.139046
15,KACTL,283,1.518404
15,simd-v0,283,0.242497
15,393435,283,0.176497
15,KACTL,284,1.517074
15,simd-v0,284,0.242368
15,393435,284,0.175976
15,ours-406478,284,0.139422
15,simd-v0,285,0.260867
15,393435,285,0.176143
15,ours-406478,285,0.138694
15,KACTL,285,1.515884
15,393435,286,0.176404
15,ours-406478,286,0.138679
15,KACTL,286,1.509727
15,simd-v0,286,0.248447
15,ours-406478,287,0.138951
15,KACTL,287,1.512121
15,simd-v0,287,0.248927
15,393435,287,0.176380
15,KACTL,288,1.515070
15,simd-v0,288,0.248136
15,393435,288,0.176040
15,ours-406478,288,0.139321
15,simd-v0,289,0.242176
15,393435,289,0.175764
15,ours-406478,289,0.138182
15,KACTL,289,1.538860
15,393435,290,0.176199
15,ours-406478,290,0.138688
15,KACTL,290,1.514736
15,simd-v0,290,0.243533
15,ours-406478,291,0.138940
15,KACTL,291,1.522056
15,simd-v0,291,0.242847
15,393435,291,0.176536
15,KACTL,292,1.514659
15,simd-v0,292,0.242532
15,393435,292,0.175762
15,ours-406478,292,0.139092
15,simd-v0,293,0.248602
15,393435,293,0.175884
15,ours-406478,293,0.138088
15,KACTL,293,1.514617
15,393435,294,0.181522
15,ours-406478,294,0.138418
15,KACTL,294,1.514785
15,simd-v0,294,0.249413
15,ours-406478,295,0.138819
15,KACTL,295,1.512031
15,simd-v0,295,0.249949
15,393435,295,0.176540
15,KACTL,296,1.510523
15,simd-v0,296,0.242595
15,393435,296,0.181766
15,ours-406478,296,0.139265
15,simd-v0,297,0.242154
15,393435,297,0.175595
15,ours-406478,297,0.138077
15,KACTL,297,1.516375
15,393435,298,0.176264
15,ours-406478,298,0.138753
15,KACTL,298,1.514434
15,simd-v0,298,0.242737
15,ours-406478,299,0.138800
15,KACTL,299,1.517223
15,simd-v0,299,0.242434
15,393435,299,0.176258
15,KACTL,300,1.546835
15,simd-v0,300,0.242979
15,393435,300,0.176386
15,ours-406478,300,0.139297
15,simd-v0,301,0.262465
15,393435,301,0.176345
15,ours-406478,301,0.138425
15,KACTL,301,1.516625
15,393435,302,0.191662
15,ours-406478,302,0.138781
15,KACTL,302,1.515662
15,simd-v0,302,0.257157
15,ours-406478,303,0.139263
15,KACTL,303,1.528592
15,simd-v0,303,0.260462
15,393435,303,0.176520
15,KACTL,304,1.516463
15,simd-v0,304,0.255441
15,393435,304,0.176320
15,ours-406478,304,0.139385
15,simd-v0,305,0.242225
15,393435,305,0.175666
15,ours-406478,305,0.138061
15,KACTL,305,1.540047
15,393435,306,0.176374
15,ours-406478,306,0.138723
15,KACTL,306,1.515433
15,simd-v0,306,0.243108
15,ours-406478,307,0.138954
15,KACTL,307,1.518873
15,simd-v0,307,0.242890
15,393435,307,0.176335
15,KACTL,308,1.516736
15,simd-v0,308,0.242193
15,393435,308,0.176028
15,ours-406478,308,0.139451
15,simd-v0,309,0.248203
15,393435,309,0.175546
15,ours-406478,309,0.138243
15,KACTL,309,1.512453
15,393435,310,0.183522
15,ours-406478,310,0.138536
15,KACTL,310,1.510541
15,simd-v0,310,0.248395
15,ours-406478,311,0.138843
15,KACTL,311,1.512816
15,simd-v0,311,0.242512
15,393435,311,0.181861
15,KACTL,312,1.509773
15,simd-v0,312,0.242462
15,393435,312,0.182133
15,ours-406478,312,0.139432
15,simd-v0,313,0.241932
15,393435,313,0.175599
15,ours-406478,313,0.137984
15,KACTL,313,1.521407
15,393435,314,0.176435
15,ours-406478,314,0.138476
15,KACTL,314,1.514554
15,simd-v0,314,0.242565
15,ours-406478,315,0.138716
15,KACTL,315,1.517015
15,simd-v0,315,0.242385
15,393435,315,0.176523
15,KACTL,316,1.513058
15,simd-v0,316,0.242441
15,393435,316,0.176050
15,ours-406478,316,0.139015
15,simd-v0,317,0.242047
15,393435,317,0.182269
15,ours-406478,317,0.138303
15,KACTL,317,1.512949
15,393435,318,0.181608
15,ours-406478,318,0.138642
15,KACTL,318,1.773726
15,simd-v0,318,0.321494
15,ours-406478,319,0.179168
15,KACTL,319,1.874269
15,simd-v0,319,0.305780
15,393435,319,0.222710
15,KACTL,320,1.849538
15,simd-v0,320,0.313743
15,393435,320,0.222819
15,ours-406478,320,0.181301
15,simd-v0,321,0.319581
15,393435,321,0.230982
15,ours-406478,321,0.178526
15,KACTL,321,1.849380
15,393435,322,0.222898
15,ours-406478,322,0.178877
15,KACTL,322,1.764681
15,simd-v0,322,0.243122
15,ours-406478,323,0.138702
15,KACTL,323,1.520086
15,simd-v0,323,0.242432
15,393435,323,0.176397
15,KACTL,324,1.515246
15,simd-v0,324,0.242382
15,393435,324,0.175851
15,ours-406478,324,0.139160
15,simd-v0,325,0.248380
15,393435,325,0.175945
15,ours-406478,325,0.138166
15,KACTL,325,1.511690
15,393435,326,0.181784
15,ours-406478,326,0.138678
15,KACTL,326,1.509402
15,simd-v0,326,0.249332
15,ours-406478,327,0.138810
15,KACTL,327,1.511846
15,simd-v0,327,0.245702
15,393435,327,0.182210
15,KACTL,328,1.508687
15,simd-v0,328,0.242912
15,393435,328,0.181727
15,ours-406478,328,0.139010
15,simd-v0,329,0.242267
15,393435,329,0.175549
15,ours-406478,329,0.138066
15,KACTL,329,1.532233
15,393435,330,0.176422
15,ours-406478,330,0.138750
15,KACTL,330,1.513292
15,simd-v0,330,0.243072
15,ours-406478,331,0.138987
15,KACTL,331,1.520083
15,simd-v0,331,0.242434
15,393435,331,0.176465
15,KACTL,332,1.518775
15,simd-v0,332,0.242659
15,393435,332,0.175998
15,ours-406478,332,0.139290
15,simd-v0,333,0.242306
15,393435,333,0.175778
15,ours-406478,333,0.138259
15,KACTL,333,1.512542
15,393435,334,0.181412
15,ours-406478,334,0.138579
15,KACTL,334,1.508612
15,simd-v0,334,0.243151
15,ours-406478,335,0.151318
15,KACTL,335,1.512862
15,simd-v0,335,0.242822
15,393435,335,0.182320
15,KACTL,336,1.509400
15,simd-v0,336,0.242749
15,393435,336,0.181610
15,ours-406478,336,0.139183
15,simd-v0,337,0.242356
15,393435,337,0.175745
15,ours-406478,337,0.138127
15,KACTL,337,1.520875
15,393435,338,0.176496
15,ours-406478,338,0.138555
15,KACTL,338,1.514448
15,simd-v0,338,0.242885
15,ours-406478,339,0.138700
15,KACTL,339,1.521086
15,simd-v0,339,0.242639
15,393435,339,0.176155
15,KACTL,340,1.512395
15,simd-v0,340,0.242811
15,393435,340,0.175972
15,ours-406478,340,0.138964
15,simd-v0,341,0.241943
15,393435,341,0.205003
15,ours-406478,341,0.138486
15,KACTL,341,1.512682
15,393435,342,0.179632
15,ours-406478,342,0.144093
15,KACTL,342,1.508438
15,simd-v0,342,0.243737
15,ours-406478,343,0.145419
15,KACTL,343,1.511743
15,simd-v0,343,0.242560
15,393435,343,0.182056
15,KACTL,344,1.510864
15,simd-v0,344,0.242427
15,393435,344,0.175896
15,ours-406478,344,0.145490
15,simd-v0,345,0.242452
15,393435,345,0.175851
15,ours-406478,345,0.137994
15,KACTL,345,1.517663
15,393435,346,0.176243
15,ours-406478,346,0.138405
15,KACTL,346,1.514192
15,simd-v0,346,0.243098
15,ours-406478,347,0.138831
15,KACTL,347,1.516105
15,simd-v0,347,0.242458
15,393435,347,0.176246
15,KACTL,348,1.510742
15,simd-v0,348,0.248612
15,393435,348,0.176008
15,ours-406478,348,0.139154
15,simd-v0,349,0.242178
15,393435,349,0.181653
15,ours-406478,349,0.138236
15,KACTL,349,1.683108
15,393435,350,0.197863
15,ours-406478,350,0.158543
15,KACTL,350,1.732491
15,simd-v0,350,0.270262
15,ours-406478,351,0.162093
15,KACTL,351,1.653738
15,simd-v0,351,0.245302
15,393435,351,0.176637
15,KACTL,352,1.528943
15,simd-v0,352,0.247747
15,393435,352,0.176321
15,ours-406478,352,0.139451
15,simd-v0,353,0.241939
15,393435,353,0.189955
15,ours-406478,353,0.138443
15,KACTL,353,1.529154
15,393435,354,0.192302
15,ours-406478,354,0.138771
15,KACTL,354,1.509795
15,simd-v0,354,0.249829
15,ours-406478,355,0.154608
15,KACTL,355,1.512603
15,simd-v0,355,0.242186
15,393435,355,0.185351
15,KACTL,356,1.524031
15,simd-v0,356,0.243111
15,393435,356,0.190081
15,ours-406478,356,0.139162
15,simd-v0,357,0.242289
15,393435,357,0.175877
15,ours-406478,357,0.138010
15,KACTL,357,1.520834
15,393435,358,0.176498
15,ours-406478,358,0.138350
15,KACTL,358,1.522388
15,simd-v0,358,0.243608
15,ours-406478,359,0.138747
15,KACTL,359,1.526508
15,simd-v0,359,0.242568
15,393435,359,0.176597
15,KACTL,360,1.533523
15,simd-v0,360,0.242649
15,393435,360,0.176046
15,ours-406478,360,0.139450
15,simd-v0,361,0.242538
15,393435,361,0.192028
15,ours-406478,361,0.138323
15,KACTL,361,1.511800
15,393435,362,0.176296
15,ours-406478,362,0.138505
15,KACTL,362,1.508799
15,simd-v0,362,0.242740
15,ours-406478,363,0.145058
15,KACTL,363,1.512057
15,simd-v0,363,0.242691
15,393435,363,0.182348
15,KACTL,364,1.509227
15,simd-v0,364,0.242294
15,393435,364,0.175925
15,ours-406478,364,0.139211
15,simd-v0,365,0.242180
15,393435,365,0.175779
15,ours-406478,365,0.138122
15,KACTL,365,1.519175
15,393435,366,0.176445
15,ours-406478,366,0.138523
15,KACTL,366,1.514526
15,simd-v0,366,0.242881
15,ours-406478,367,0.138707
15,KACTL,367,1.515590
15,simd-v0,367,0.242248
15,393435,367,0.176424
15,KACTL,368,1.553442
15,simd-v0,368,0.243239
15,393435,368,0.176478
15,ours-406478,368,0.139256
15,simd-v0,369,0.242278
15,393435,369,0.183208
15,ours-406478,369,0.138204
15,KACTL,369,1.511815
15,393435,370,0.176311
15,ours-406478,370,0.146017
15,KACTL,370,1.507560
15,simd-v0,370,0.243130
15,ours-406478,371,0.138699
15,KACTL,371,1.509500
15,simd-v0,371,0.243542
15,393435,371,0.176520
15,KACTL,372,1.514385
15,simd-v0,372,0.242532
15,393435,372,0.175887
15,ours-406478,372,0.145626
15,simd-v0,373,0.242906
15,393435,373,0.176027
15,ours-406478,373,0.137962
15,KACTL,373,1.517016
15,393435,374,0.176312
15,ours-406478,374,0.138429
15,KACTL,374,1.515928
15,simd-v0,374,0.242867
15,ours-406478,375,0.138550
15,KACTL,375,1.511742
15,simd-v0,375,0.248227
15,393435,375,0.176606
15,KACTL,376,1.550794
15,simd-v0,376,0.249481
15,393435,376,0.176327
15,ours-406478,376,0.139167
15,simd-v0,377,0.242443
15,393435,377,0.175623
15,ours-406478,377,0.138307
15,KACTL,377,1.513536
15,393435,378,0.176438
15,ours-406478,378,0.143686
15,KACTL,378,1.507816
15,simd-v0,378,0.242697
15,ours-406478,379,0.138746
15,KACTL,379,1.519090
15,simd-v0,379,0.242782
15,393435,379,0.176397
15,KACTL,380,1.514599
15,simd-v0,380,0.242348
15,393435,380,0.175926
15,ours-406478,380,0.145671
15,simd-v0,381,0.242523
15,393435,381,0.175782
15,ours-406478,381,0.138173
15,KACTL,381,1.517538
15,393435,382,0.176475
15,ours-406478,382,0.138464
15,KACTL,382,1.509769
15,simd-v0,382,0.249179
15,ours-406478,383,0.138616
15,KACTL,383,1.510743
15,simd-v0,383,0.265264
15,393435,383,0.176527
15,KACTL,384,1.512413
15,simd-v0,384,0.248808
15,393435,384,0.175978
15,ours-406478,384,0.139063
15,simd-v0,385,0.242159
15,393435,385,0.175897
15,ours-406478,385,0.144481
15,KACTL,385,1.510369
15,393435,386,0.176236
15,ours-406478,386,0.138360
15,KACTL,386,1.517755
15,simd-v0,386,0.242894
15,ours-406478,387,0.138613
15,KACTL,387,1.517637
15,simd-v0,387,0.242888
15,393435,387,0.176439
15,KACTL,388,1.515392
15,simd-v0,388,0.242406
15,393435,388,0.176014
15,ours-406478,388,0.139050
15,simd-v0,389,0.250597
15,393435,389,0.175851
15,ours-406478,389,0.138324
15,KACTL,389,1.521135
15,393435,390,0.176467
15,ours-406478,390,0.138635
15,KACTL,390,1.507908
15,simd-v0,390,0.248761
15,ours-406478,391,0.138939
15,KACTL,391,1.516254
15,simd-v0,391,0.248470
15,393435,391,0.176378
15,KACTL,392,1.510607
15,simd-v0,392,0.248593
15,393435,392,0.176101
15,ours-406478,392,0.139177
15,simd-v0,393,0.242432
15,393435,393,0.175698
15,ours-406478,393,0.138035
15,KACTL,393,1.519048
15,393435,394,0.176552
15,ours-406478,394,0.138578
15,KACTL,394,1.517312
15,simd-v0,394,0.243028
15,ours-406478,395,0.138631
15,KACTL,395,1.518063
15,simd-v0,395,0.242625
15,393435,395,0.176554
15,KACTL,396,1.518574
15,simd-v0,396,0.242403
15,393435,396,0.176021
15,ours-406478,396,0.139021
15,simd-v0,397,0.248553
15,393435,397,0.175764
15,ours-406478,397,0.138137
15,KACTL,397,1.516293
15,393435,398,0.181441
15,ours-406478,398,0.138482
15,KACTL,398,1.510920
15,simd-v0,398,0.248618
15,ours-406478,399,0.138695
15,KACTL,399,1.530567
15,simd-v0,399,0.242683
15,393435,399,0.176394
15,KACTL,400,1.511975
15,simd-v0,400,0.243122
15,393435,400,0.181644
15,ours-406478,400,0.139098
15,simd-v0,401,0.242208
15,393435,401,0.175751
15,ours-406478,401,0.138014
15,KACTL,401,1.519182
15,393435,402,0.176385
15,ours-406478,402,0.138432
15,KACTL,402,1.518351
15,simd-v0,402,0.242306
15,ours-406478,403,0.138752
15,KACTL,403,1.517574
15,simd-v0,403,0.242722
15,393435,403,0.176314
15,KACTL,404,1.514312
15,simd-v0,404,0.242512
15,393435,404,0.175960
15,ours-406478,404,0.139195
15,simd-v0,405,0.242064
15,393435,405,0.175920
15,ours-406478,405,0.138171
15,KACTL,405,1.511348
15,393435,406,0.181581
15,ours-406478,406,0.138441
15,KACTL,406,1.509997
15,simd-v0,406,0.242766
15,ours-406478,407,0.144732
15,KACTL,407,1.511307
15,simd-v0,407,0.242477
15,393435,407,0.183801
15,KACTL,408,1.508470
15,simd-v0,408,0.242312
15,393435,408,0.181595
15,ours-406478,408,0.139173
15,simd-v0,409,0.241809
15,393435,409,0.175783
15,ours-406478,409,0.138143
15,KACTL,409,1.518040
15,393435,410,0.176445
15,ours-406478,410,0.138605
15,KACTL,410,1.513520
15,simd-v0,410,0.242736
15,ours-406478,411,0.138762
15,KACTL,411,1.515110
15,simd-v0,411,0.242665
15,393435,411,0.176178
15,KACTL,412,1.520863
15,simd-v0,412,0.242688
15,393435,412,0.175968
15,ours-406478,412,0.139183
15,simd-v0,413,0.242036
15,393435,413,0.182093
15,ours-406478,413,0.138226
15,KACTL,413,1.511774
15,393435,414,0.176143
15,ours-406478,414,0.143776
15,KACTL,414,1.507750
15,simd-v0,414,0.243132
15,ours-406478,415,0.138796
15,KACTL,415,1.554599
15,simd-v0,415,0.242102
15,393435,415,0.182372
15,KACTL,416,1.506696
15,simd-v0,416,0.242991
15,393435,416,0.176202
15,ours-406478,416,0.145464
15,simd-v0,417,0.242410
15,393435,417,0.175959
15,ours-406478,417,0.137976
15,KACTL,417,1.520530
15,393435,418,0.176292
15,ours-406478,418,0.138620
15,KACTL,418,1.514197
15,simd-v0,418,0.243198
15,ours-406478,419,0.138892
15,KACTL,419,1.516847
15,simd-v0,419,0.243107
15,393435,419,0.176506
15,KACTL,420,1.509420
15,simd-v0,420,0.248539
15,393435,420,0.175990
15,ours-406478,420,0.139163
15,simd-v0,421,0.242350
15,393435,421,0.181994
15,ours-406478,421,0.138213
15,KACTL,421,1.512768
15,393435,422,0.176243
15,ours-406478,422,0.146160
15,KACTL,422,1.509801
15,simd-v0,422,0.243079
15,ours-406478,423,0.138667
15,KACTL,423,1.515133
15,simd-v0,423,0.242725
15,393435,423,0.176383
15,KACTL,424,1.517163
15,simd-v0,424,0.242641
15,393435,424,0.175957
15,ours-406478,424,0.145235
15,simd-v0,425,0.243031
15,393435,425,0.175959
15,ours-406478,425,0.138233
15,KACTL,425,1.518724
15,393435,426,0.176429
15,ours-406478,426,0.138671
15,KACTL,426,1.511425
15,simd-v0,426,0.248703
15,ours-406478,427,0.138908
15,KACTL,427,1.511759
15,simd-v0,427,0.248436
15,393435,427,0.176645
15,KACTL,428,1.510822
15,simd-v0,428,0.247925
15,393435,428,0.176270
15,ours-406478,428,0.139021
15,simd-v0,429,0.241868
15,393435,429,0.176006
15,ours-406478,429,0.144634
15,KACTL,429,1.509827
15,393435,430,0.176161
15,ours-406478,430,0.138559
15,KACTL,430,1.516606
15,simd-v0,430,0.242997
15,ours-406478,431,0.138899
15,KACTL,431,1.521359
15,simd-v0,431,0.242405
15,393435,431,0.176527
15,KACTL,432,1.517382
15,simd-v0,432,0.242130
15,393435,432,0.175922
15,ours-406478,432,0.139150
15,simd-v0,433,0.248650
15,393435,433,0.176049
15,ours-406478,433,0.138099
15,KACTL,433,1.517657
15,393435,434,0.176559
15,ours-406478,434,0.138640
15,KACTL,434,1.510552
15,simd-v0,434,0.248614
15,ours-406478,435,0.138856
15,KACTL,435,1.517216
15,simd-v0,435,0.248034
15,393435,435,0.176399
15,KACTL,436,1.513256
15,simd-v0,436,0.247833
15,393435,436,0.176021
15,ours-406478,436,0.139075
15,simd-v0,437,0.242403
15,393435,437,0.175766
15,ours-406478,437,0.138110
15,KACTL,437,1.517963
15,393435,438,0.176394
15,ours-406478,438,0.138524
15,KACTL,438,1.517830
15,simd-v0,438,0.243120
15,ours-406478,439,0.138831
15,KACTL,439,1.524573
15,simd-v0,439,0.242946
15,393435,439,0.176368
15,KACTL,440,1.514282
15,simd-v0,440,0.242630
15,393435,440,0.176028
15,ours-406478,440,0.139193
15,simd-v0,441,0.251015
15,393435,441,0.175972
15,ours-406478,441,0.138175
15,KACTL,441,1.517776
15,393435,442,0.181347
15,ours-406478,442,0.138573
15,KACTL,442,1.508209
15,simd-v0,442,0.248586
15,ours-406478,443,0.138551
15,KACTL,443,1.510609
15,simd-v0,443,0.242889
15,393435,443,0.182046
15,KACTL,444,1.510307
15,simd-v0,444,0.242840
15,393435,444,0.181430
15,ours-406478,444,0.139220
15,simd-v0,445,0.242279
15,393435,445,0.175640
15,ours-406478,445,0.137987
15,KACTL,445,1.520113
15,393435,446,0.176380
15,ours-406478,446,0.138410
15,KACTL,446,1.528193
15,simd-v0,446,0.243192
15,ours-406478,447,0.139005
15,KACTL,447,1.517549
15,simd-v0,447,0.242294
15,393435,447,0.176469
15,KACTL,448,1.514048
15,simd-v0,448,0.242357
15,393435,448,0.176025
15,ours-406478,448,0.144333
15,simd-v0,449,0.285475
15,393435,449,0.176306
15,ours-406478,449,0.138466
15,KACTL,449,1.541213
15,393435,450,0.182363
15,ours-406478,450,0.138608
15,KACTL,450,1.519100
15,simd-v0,450,0.249201
15,ours-406478,451,0.139006
15,KACTL,451,1.517872
15,simd-v0,451,0.242504
15,393435,451,0.182539
15,KACTL,452,1.508784
15,simd-v0,452,0.242602
15,393435,452,0.181823
15,ours-406478,452,0.139246
15,simd-v0,453,0.241910
15,393435,453,0.175674
15,ours-406478,453,0.138180
15,KACTL,453,1.557049
15,393435,454,0.176223
15,ours-406478,454,0.138856
15,KACTL,454,1.517412
15,simd-v0,454,0.243399
15,ours-406478,455,0.138915
15,KACTL,455,1.520265
15,simd-v0,455,0.242649
15,393435,455,0.176424
15,KACTL,456,1.515157
15,simd-v0,456,0.242137
15,393435,456,0.175998
15,ours-406478,456,0.139055
15,simd-v0,457,0.248630
15,393435,457,0.175741
15,ours-406478,457,0.137991
15,KACTL,457,1.515883
15,393435,458,0.182552
15,ours-406478,458,0.138345
15,KACTL,458,1.538894
15,simd-v0,458,0.249006
15,ours-406478,459,0.138999
15,KACTL,459,1.512228
15,simd-v0,459,0.242806
15,393435,459,0.185227
15,KACTL,460,1.511070
15,simd-v0,460,0.242715
15,393435,460,0.182189
15,ours-406478,460,0.139223
15,simd-v0,461,0.241657
15,393435,461,0.175653
15,ours-406478,461,0.138115
15,KACTL,461,1.540707
15,393435,462,0.176072
15,ours-406478,462,0.138764
15,KACTL,462,1.560167
15,simd-v0,462,0.242900
15,ours-406478,463,0.138995
15,KACTL,463,1.521754
15,simd-v0,463,0.242747
15,393435,463,0.176959
15,KACTL,464,1.516872
15,simd-v0,464,0.242689
15,393435,464,0.176226
15,ours-406478,464,0.139143
15,simd-v0,465,0.248885
15,393435,465,0.175854
15,ours-406478,465,0.138160
15,KACTL,465,1.512626
15,393435,466,0.181448
15,ours-406478,466,0.138359
15,KACTL,466,1.509062
15,simd-v0,466,0.243080
15,ours-406478,467,0.144788
15,KACTL,467,1.511322
15,simd-v0,467,0.242636
15,393435,467,0.182265
15,KACTL,468,1.514912
15,simd-v0,468,0.242755
15,393435,468,0.181858
15,ours-406478,468,0.139123
15,simd-v0,469,0.241660
15,393435,469,0.176004
15,ours-406478,469,0.138137
15,KACTL,469,1.521716
15,393435,470,0.176447
15,ours-406478,470,0.138618
15,KACTL,470,1.525417
15,simd-v0,470,0.242978
15,ours-406478,471,0.138886
15,KACTL,471,1.516778
15,simd-v0,471,0.242090
15,393435,471,0.176720
15,KACTL,472,1.515409
15,simd-v0,472,0.242189
15,393435,472,0.176045
15,ours-406478,472,0.139118
15,simd-v0,473,0.241996
15,393435,473,0.182388
15,ours-406478,473,0.138191
15,KACTL,473,1.514956
15,393435,474,0.179271
15,ours-406478,474,0.143790
15,KACTL,474,1.507366
15,simd-v0,474,0.242776
15,ours-406478,475,0.144736
15,KACTL,475,1.511416
15,simd-v0,475,0.242788
15,393435,475,0.182256
15,KACTL,476,1.507870
15,simd-v0,476,0.242792
15,393435,476,0.176203
15,ours-406478,476,0.145181
15,simd-v0,477,0.242558
15,393435,477,0.175783
15,ours-406478,477,0.138071
15,KACTL,477,1.532027
15,393435,478,0.176379
15,ours-406478,478,0.138649
15,KACTL,478,1.517857
15,simd-v0,478,0.243214
15,ours-406478,479,0.138871
15,KACTL,479,1.517153
15,simd-v0,479,0.243037
15,393435,479,0.176446
15,KACTL,480,1.513962
15,simd-v0,480,0.242702
15,393435,480,0.175899
15,ours-406478,480,0.139186
15,simd-v0,481,0.242247
15,393435,481,0.182219
15,ours-406478,481,0.138210
15,KACTL,481,1.513312
15,393435,482,0.176313
15,ours-406478,482,0.143815
15,KACTL,482,1.506841
15,simd-v0,482,0.242624
15,ours-406478,483,0.138687
15,KACTL,483,1.521134
15,simd-v0,483,0.242984
15,393435,483,0.176405
15,KACTL,484,1.516631
15,simd-v0,484,0.242455
15,393435,484,0.175843
15,ours-406478,484,0.145615
15,simd-v0,485,0.242585
15,393435,485,0.175876
15,ours-406478,485,0.137988
15,KACTL,485,1.516455
15,393435,486,0.176100
15,ours-406478,486,0.138512
15,KACTL,486,1.576349
15,simd-v0,486,0.243390
15,ours-406478,487,0.139130
15,KACTL,487,1.525307
15,simd-v0,487,0.242948
15,393435,487,0.177040
15,KACTL,488,1.511612
15,simd-v0,488,0.248041
15,393435,488,0.176285
15,ours-406478,488,0.139388
15,simd-v0,489,0.242188
15,393435,489,0.182486
15,ours-406478,489,0.138270
15,KACTL,489,1.513051
15,393435,490,0.176522
15,ours-406478,490,0.144115
15,KACTL,490,1.508392
15,simd-v0,490,0.242727
15,ours-406478,491,0.138686
15,KACTL,491,1.517631
15,simd-v0,491,0.242043
15,393435,491,0.176460
15,KACTL,492,1.514813
15,simd-v0,492,0.242299
15,393435,492,0.175933
15,ours-406478,492,0.163939
15,simd-v0,493,0.242168
15,393435,493,0.176291
15,ours-406478,493,0.138000
15,KACTL,493,1.518071
15,393435,494,0.176322
15,ours-406478,494,0.138657
15,KACTL,494,1.510973
15,simd-v0,494,0.242817
15,ours-406478,495,0.138771
15,KACTL,495,1.512686
15,simd-v0,495,0.247770
15,393435,495,0.176470
15,KACTL,496,1.511887
15,simd-v0,496,0.247685
15,393435,496,0.176223
15,ours-406478,496,0.139236
15,simd-v0,497,0.241832
15,393435,497,0.175756
15,ours-406478,497,0.144990
15,KACTL,497,1.510481
15,393435,498,0.176478
15,ours-406478,498,0.138418
15,KACTL,498,1.513746
15,simd-v0,498,0.243112
15,ours-406478,499,0.138791
15,KACTL,499,1.517940
15,simd-v0,499,0.242816
15,393435,499,0.176602
15,KACTL,500,1.514504
15,simd-v0,500,0.242146
15,393435,500,0.202519
15,ours-406478,500,0.148061
15,simd-v0,501,0.277386
15,393435,501,0.196517
15,ours-406478,501,0.139150
15,KACTL,501,1.532221
15,393435,502,0.176630
15,ours-406478,502,0.138615
15,KACTL,502,1.518065
15,simd-v0,502,0.243156
15,ours-406478,503,0.138856
15,KACTL,503,1.512218
15,simd-v0,503,0.248531
15,393435,503,0.176714
15,KACTL,504,1.508927
15,simd-v0,504,0.248020
15,393435,504,0.176100
15,ours-406478,504,0.139330
15,simd-v0,505,0.241962
15,393435,505,0.175612
15,ours-406478,505,0.144127
15,KACTL,505,1.512123
15,393435,506,0.176176
15,ours-406478,506,0.138566
15,KACTL,506,1.513049
15,simd-v0,506,0.242816
15,ours-406478,507,0.138815
15,KACTL,507,1.523086
15,simd-v0,507,0.242686
15,393435,507,0.176479
15,KACTL,508,1.514955
15,simd-v0,508,0.242647
15,393435,508,0.176020
15,ours-406478,508,0.138949
15,simd-v0,509,0.248070
15,393435,509,0.175862
15,ours-406478,509,0.138181
15,KACTL,509,1.520040
15,393435,510,0.176399
15,ours-406478,510,0.138338
15,KACTL,510,1.507923
15,simd-v0,510,0.248600
15,ours-406478,511,0.138724
15,KACTL,511,1.510505
15,simd-v0,511,0.250273
15,393435,511,0.176627
15,KACTL,512,1.509986
15,simd-v0,512,0.247534
15,393435,512,0.176195
15,ours-406478,512,0.139384
15,simd-v0,513,0.242374
15,393435,513,0.175761
15,ours-406478,513,0.138001
15,KACTL,513,1.519850
15,393435,514,0.176349
15,ours-406478,514,0.138475
15,KACTL,514,1.512807
15,simd-v0,514,0.242996
15,ours-406478,515,0.138681
15,KACTL,515,1.518941
15,simd-v0,515,0.243136
15,393435,515,0.176779
15,KACTL,516,1.524983
15,simd-v0,516,0.242541
15,393435,516,0.176253
15,ours-406478,516,0.139444
15,simd-v0,517,0.248782
15,393435,517,0.175864
15,ours-406478,517,0.137951
15,KACTL,517,1.510982
15,393435,518,0.181680
15,ours-406478,518,0.138637
15,KACTL,518,1.507644
15,simd-v0,518,0.249218
15,ours-406478,519,0.138869
15,KACTL,519,1.510172
15,simd-v0,519,0.248312
15,393435,519,0.176632
15,KACTL,520,1.509430
15,simd-v0,520,0.242465
15,393435,520,0.181687
15,ours-406478,520,0.139252
15,simd-v0,521,0.242039
15,393435,521,0.175579
15,ours-406478,521,0.138022
15,KACTL,521,1.515846
15,393435,522,0.176518
15,ours-406478,522,0.138679
15,KACTL,522,1.516404
15,simd-v0,522,0.243180
15,ours-406478,523,0.138827
15,KACTL,523,1.514618
15,simd-v0,523,0.242196
15,393435,523,0.176534
15,KACTL,524,1.515667
15,simd-v0,524,0.242610
15,393435,524,0.176127
15,ours-406478,524,0.139193
15,simd-v0,525,0.242053
15,393435,525,0.175721
15,ours-406478,525,0.138012
15,KACTL,525,1.509752
15,393435,526,0.183739
15,ours-406478,526,0.138721
15,KACTL,526,1.548541
15,simd-v0,526,0.250106
15,ours-406478,527,0.139202
15,KACTL,527,1.511746
15,simd-v0,527,0.242842
15,393435,527,0.183052
15,KACTL,528,1.510423
15,simd-v0,528,0.242474
15,393435,528,0.182662
15,ours-406478,528,0.139218
15,simd-v0,529,0.242283
15,393435,529,0.175941
15,ours-406478,529,0.137987
15,KACTL,529,1.515807
15,393435,530,0.176388
15,ours-406478,530,0.138658
15,KACTL,530,1.514250
15,simd-v0,530,0.242840
15,ours-406478,531,0.138822
15,KACTL,531,1.512443
15,simd-v0,531,0.242951
15,393435,531,0.176660
15,KACTL,532,1.535607
15,simd-v0,532,0.242920
15,393435,532,0.176230
15,ours-406478,532,0.139173
15,simd-v0,533,0.242131
15,393435,533,0.181888
15,ours-406478,533,0.138285
15,KACTL,533,1.511940
15,393435,534,0.176298
15,ours-406478,534,0.138411
15,KACTL,534,1.513883
15,simd-v0,534,0.242831
15,ours-406478,535,0.144672
15,KACTL,535,1.510263
15,simd-v0,535,0.242508
15,393435,535,0.182470
15,KACTL,536,1.509176
15,simd-v0,536,0.242623
15,393435,536,0.175994
15,ours-406478,536,0.139204
15,simd-v0,537,0.242159
15,393435,537,0.175787
15,ours-406478,537,0.138078
15,KACTL,537,1.520443
15,393435,538,0.176493
15,ours-406478,538,0.138626
15,KACTL,538,1.515102
15,simd-v0,538,0.242730
15,ours-406478,539,0.138705
15,KACTL,539,1.514179
15,simd-v0,539,0.242845
15,393435,539,0.176380
15,KACTL,540,1.516338
15,simd-v0,540,0.242610
15,393435,540,0.176121
15,ours-406478,540,0.139075
15,simd-v0,541,0.242084
15,393435,541,0.192784
15,ours-406478,541,0.138151
15,KACTL,541,1.515068
15,393435,542,0.176612
15,ours-406478,542,0.143778
15,KACTL,542,1.508579
15,simd-v0,542,0.242676
15,ours-406478,543,0.138705
15,KACTL,543,1.516578
15,simd-v0,543,0.242792
15,393435,543,0.176426
15,KACTL,544,1.515245
15,simd-v0,544,0.242385
15,393435,544,0.176076
15,ours-406478,544,0.148061
15,simd-v0,545,0.242423
15,393435,545,0.176179
15,ours-406478,545,0.137888
15,KACTL,545,1.516170
15,393435,546,0.176431
15,ours-406478,546,0.138616
15,KACTL,546,1.513596
15,simd-v0,546,0.242600
15,ours-406478,547,0.138700
15,KACTL,547,1.509865
15,simd-v0,547,0.254375
15,393435,547,0.176527
15,KACTL,548,1.511572
15,simd-v0,548,0.247922
15,393435,548,0.176178
15,ours-406478,548,0.139175
15,simd-v0,549,0.241999
15,393435,549,0.175909
15,ours-406478,549,0.144793
15,KACTL,549,1.511225
15,393435,550,0.176474
15,ours-406478,550,0.138564
15,KACTL,550,1.513885
15,simd-v0,550,0.242960
15,ours-406478,551,0.138715
15,KACTL,551,1.514704
15,simd-v0,551,0.242840
15,393435,551,0.176396
15,KACTL,552,1.517852
15,simd-v0,552,0.242318
15,393435,552,0.176172
15,ours-406478,552,0.139139
15,simd-v0,553,0.248570
15,393435,553,0.175868
15,ours-406478,553,0.138066
15,KACTL,553,1.516558
15,393435,554,0.176150
15,ours-406478,554,0.138692
15,KACTL,554,1.509254
15,simd-v0,554,0.248462
15,ours-406478,555,0.138884
15,KACTL,555,1.510544
15,simd-v0,555,0.248369
15,393435,555,0.176673
15,KACTL,556,1.508960
15,simd-v0,556,0.248215
15,393435,556,0.176142
15,ours-406478,556,0.139204
15,simd-v0,557,0.242231
15,393435,557,0.175777
15,ours-406478,557,0.137912
15,KACTL,557,1.516186
15,393435,558,0.176435
15,ours-406478,558,0.138304
15,KACTL,558,1.514001
15,simd-v0,558,0.242846
15,ours-406478,559,0.138660
15,KACTL,559,1.518434
15,simd-v0,559,0.242268
15,393435,559,0.176414
15,KACTL,560,1.516479
15,simd-v0,560,0.242341
15,393435,560,0.176179
15,ours-406478,560,0.139201
15,simd-v0,561,0.248469
15,393435,561,0.175990
15,ours-406478,561,0.138207
15,KACTL,561,1.509296
15,393435,562,0.181643
15,ours-406478,562,0.138392
15,KACTL,562,1.507706
15,simd-v0,562,0.248716
15,ours-406478,563,0.138742
15,KACTL,563,1.522011
15,simd-v0,563,0.244748
15,393435,563,0.176818
15,KACTL,564,1.509748
15,simd-v0,564,0.242760
15,393435,564,0.181762
15,ours-406478,564,0.139225
15,simd-v0,565,0.242228
15,393435,565,0.175760
15,ours-406478,565,0.137909
15,KACTL,565,1.515298
15,393435,566,0.176572
15,ours-406478,566,0.138361
15,KACTL,566,1.513700
15,simd-v0,566,0.242695
15,ours-406478,567,0.138837
15,KACTL,567,1.516018
15,simd-v0,567,0.242641
15,393435,567,0.176529
15,KACTL,568,1.515770
15,simd-v0,568,0.242147
15,393435,568,0.176069
15,ours-406478,568,0.139080
15,simd-v0,569,0.242054
15,393435,569,0.184282
15,ours-406478,569,0.138210
15,KACTL,569,1.509400
15,393435,570,0.181491
15,ours-406478,570,0.138570
15,KACTL,570,1.508706
15,simd-v0,570,0.243107
15,ours-406478,571,0.144541
15,KACTL,571,1.511567
15,simd-v0,571,0.243152
15,393435,571,0.182182
15,KACTL,572,1.509163
15,simd-v0,572,0.242804
15,393435,572,0.181822
15,ours-406478,572,0.139225
15,simd-v0,573,0.242296
15,393435,573,0.175741
15,ours-406478,573,0.137961
15,KACTL,573,1.519869
15,393435,574,0.176551
15,ours-406478,574,0.138636
15,KACTL,574,1.517540
15,simd-v0,574,0.242826
15,ours-406478,575,0.138778
15,KACTL,575,1.515183
15,simd-v0,575,0.242574
15,393435,575,0.176434
15,KACTL,576,1.514208
15,simd-v0,576,0.242181
15,393435,576,0.176070
15,ours-406478,576,0.139215
15,simd-v0,577,0.241656
15,393435,577,0.182799
15,ours-406478,577,0.138182
15,KACTL,577,1.507813
15,393435,578,0.176266
15,ours-406478,578,0.145612
15,KACTL,578,1.511000
15,simd-v0,578,0.243007
15,ours-406478,579,0.138791
15,KACTL,579,1.529506
15,simd-v0,579,0.242720
15,393435,579,0.176674
15,KACTL,580,1.517508
15,simd-v0,580,0.242428
15,393435,580,0.176165
15,ours-406478,580,0.145191
15,simd-v0,581,0.242270
15,393435,581,0.176003
15,ours-406478,581,0.138063
15,KACTL,581,1.516114
15,393435,582,0.176639
15,ours-406478,582,0.138459
15,KACTL,582,1.512317
15,simd-v0,582,0.242716
15,ours-406478,583,0.138685
15,KACTL,583,1.511503
15,simd-v0,583,0.242754
15,393435,583,0.176504
15,KACTL,584,1.509494
15,simd-v0,584,0.248426
15,393435,584,0.176242
15,ours-406478,584,0.139170
15,simd-v0,585,0.242238
15,393435,585,0.175728
15,ours-406478,585,0.144232
15,KACTL,585,1.514788
15,393435,586,0.176387
15,ours-406478,586,0.138370
15,KACTL,586,1.524320
15,simd-v0,586,0.243509
15,ours-406478,587,0.139108
15,KACTL,587,1.517553
15,simd-v0,587,0.243232
15,393435,587,0.176601
15,KACTL,588,1.515609
15,simd-v0,588,0.242793
15,393435,588,0.176148
15,ours-406478,588,0.145592
15,simd-v0,589,0.242852
15,393435,589,0.175819
15,ours-406478,589,0.138149
15,KACTL,589,1.515933
15,393435,590,0.176427
15,ours-406478,590,0.145868
15,KACTL,590,1.509033
15,simd-v0,590,0.248990
15,ours-406478,591,0.138677
15,KACTL,591,1.509408
15,simd-v0,591,0.249134
15,393435,591,0.176606
16,KACTL,0,3.262293
16,simd-v0,0,0.514839
16,393435,0,0.376535
16,ours-406478,0,0.306779
16,simd-v0,1,0.506869
16,393435,1,0.385136
16,ours-406478,1,0.298298
16,KACTL,1,3.260035
16,393435,2,0.383667
16,ours-406478,2,0.298607
16,KACTL,2,3.262324
16,simd-v0,2,0.540253
16,ours-406478,3,0.298793
16,KACTL,3,3.268197
16,simd-v0,3,0.507079
16,393435,3,0.377183
16,KACTL,4,3.281341
16,simd-v0,4,0.506977
16,393435,4,0.385259
16,ours-406478,4,0.298413
16,simd-v0,5,0.515721
16,393435,5,0.377078
16,ours-406478,5,0.298650
16,KACTL,5,3.284981
16,393435,6,0.376874
16,ours-406478,6,0.298647
16,KACTL,6,3.309932
16,simd-v0,6,0.506821
16,ours-406478,7,0.307295
16,KACTL,7,3.264605
16,simd-v0,7,0.507324
16,393435,7,0.384960
16,KACTL,8,3.268603
16,simd-v0,8,0.513649
16,393435,8,0.376914
16,ours-406478,8,0.298639
16,simd-v0,9,0.516226
16,393435,9,0.377177
16,ours-406478,9,0.306595
16,KACTL,9,3.261645
16,393435,10,0.377018
16,ours-406478,10,0.306790
16,KACTL,10,3.262245
16,simd-v0,10,0.515285
16,ours-406478,11,0.298544
16,KACTL,11,3.258248
16,simd-v0,11,0.513351
16,393435,11,0.376737
16,KACTL,12,3.266437
16,simd-v0,12,0.514920
16,393435,12,0.377081
16,ours-406478,12,0.326751
16,simd-v0,13,0.506991
16,393435,13,0.385738
16,ours-406478,13,0.298216
16,KACTL,13,3.258858
16,393435,14,0.383290
16,ours-406478,14,0.298676
16,KACTL,14,3.270140
16,simd-v0,14,0.516145
16,ours-406478,15,0.298366
16,KACTL,15,3.268049
16,simd-v0,15,0.507601
16,393435,15,0.376944
16,KACTL,16,3.273005
16,simd-v0,16,0.506521
16,393435,16,0.387832
16,ours-406478,16,0.298554
16,simd-v0,17,0.515026
16,393435,17,0.377090
16,ours-406478,17,0.298304
16,KACTL,17,3.276544
16,393435,18,0.376903
16,ours-406478,18,0.298374
16,KACTL,18,3.281161
16,simd-v0,18,0.507366
16,ours-406478,19,0.306981
16,KACTL,19,3.267494
16,simd-v0,19,0.506708
16,393435,19,0.385146
16,KACTL,20,3.282139
16,simd-v0,20,0.514913
16,393435,20,0.377352
16,ours-406478,20,0.298363
16,simd-v0,21,0.515421
16,393435,21,0.377191
16,ours-406478,21,0.308754
16,KACTL,21,3.291690
16,393435,22,0.377124
16,ours-406478,22,0.306471
16,KACTL,22,3.258679
16,simd-v0,22,0.514198
16,ours-406478,23,0.298401
16,KACTL,23,3.262586
16,simd-v0,23,0.514705
16,393435,23,0.377064
16,KACTL,24,3.271196
16,simd-v0,24,0.513577
16,393435,24,0.376729
16,ours-406478,24,0.305854
16,simd-v0,25,0.505939
16,393435,25,0.384587
16,ours-406478,25,0.298220
16,KACTL,25,3.264898
16,393435,26,0.383462
16,ours-406478,26,0.298481
16,KACTL,26,3.271363
16,simd-v0,26,0.515645
16,ours-406478,27,0.298283
16,KACTL,27,3.263479
16,simd-v0,27,0.511138
16,393435,27,0.376862
16,KACTL,28,3.264098
16,simd-v0,28,0.507545
16,393435,28,0.384993
16,ours-406478,28,0.298577
16,simd-v0,29,0.515267
16,393435,29,0.376894
16,ours-406478,29,0.298181
16,KACTL,29,3.345498
16,393435,30,0.377279
16,ours-406478,30,0.298264
16,KACTL,30,3.271588
16,simd-v0,30,0.506402
16,ours-406478,31,0.307088
16,KACTL,31,3.255459
16,simd-v0,31,0.507159
16,393435,31,0.385088
16,KACTL,32,3.268678
16,simd-v0,32,0.515280
16,393435,32,0.376994
16,ours-406478,32,0.298143
16,simd-v0,33,0.515909
16,393435,33,0.377099
16,ours-406478,33,0.306324
16,KACTL,33,3.253456
16,393435,34,0.376785
16,ours-406478,34,0.306383
16,KACTL,34,3.275323
16,simd-v0,34,0.513951
16,ours-406478,35,0.298574
16,KACTL,35,3.261904
16,simd-v0,35,0.515088
16,393435,35,0.377283
16,KACTL,36,3.272444
16,simd-v0,36,0.515254
16,393435,36,0.376941
16,ours-406478,36,0.306232
16,simd-v0,37,0.507653
16,393435,37,0.384729
16,ours-406478,37,0.298115
16,KACTL,37,3.260562
16,393435,38,0.383064
16,ours-406478,38,0.298427
16,KACTL,38,3.272818
16,simd-v0,38,0.516761
16,ours-406478,39,0.298500
16,KACTL,39,3.285517
16,simd-v0,39,0.507154
16,393435,39,0.376906
16,KACTL,40,3.278519
16,simd-v0,40,0.506940
16,393435,40,0.397512
16,ours-406478,40,0.298479
16,simd-v0,41,0.515575
16,393435,41,0.377021
16,ours-406478,41,0.298347
16,KACTL,41,3.291047
16,393435,42,0.377081
16,ours-406478,42,0.298714
16,KACTL,42,3.279651
16,simd-v0,42,0.536281
16,ours-406478,43,0.327432
16,KACTL,43,3.319774
16,simd-v0,43,0.519739
16,393435,43,0.377226
16,KACTL,44,3.332546
16,simd-v0,44,0.529736
16,393435,44,0.377350
16,ours-406478,44,0.307727
16,simd-v0,45,0.507448
16,393435,45,0.409884
16,ours-406478,45,0.298150
16,KACTL,45,3.274738
16,393435,46,0.387264
16,ours-406478,46,0.298710
16,KACTL,46,3.285302
16,simd-v0,46,0.517637
16,ours-406478,47,0.298422
16,KACTL,47,3.269849
16,simd-v0,47,0.521368
16,393435,47,0.377131
16,KACTL,48,3.310078
16,simd-v0,48,0.506744
16,393435,48,0.384531
16,ours-406478,48,0.298611
16,simd-v0,49,0.515506
16,393435,49,0.376974
16,ours-406478,49,0.298417
16,KACTL,49,3.272064
16,393435,50,0.377192
16,ours-406478,50,0.298588
16,KACTL,50,3.276772
16,simd-v0,50,0.507105
16,ours-406478,51,0.306815
16,KACTL,51,3.255147
16,simd-v0,51,0.506476
16,393435,51,0.385030
16,KACTL,52,3.271037
16,simd-v0,52,0.514693
16,393435,52,0.377008
16,ours-406478,52,0.298363
16,simd-v0,53,0.516135
16,393435,53,0.376965
16,ours-406478,53,0.306693
16,KACTL,53,3.267310
16,393435,54,0.376918
16,ours-406478,54,0.306422
16,KACTL,54,3.284600
16,simd-v0,54,0.514458
16,ours-406478,55,0.298622
16,KACTL,55,3.257877
16,simd-v0,55,0.514439
16,393435,55,0.377158
16,KACTL,56,3.276335
16,simd-v0,56,0.515412
16,393435,56,0.377144
16,ours-406478,56,0.306235
16,simd-v0,57,0.506563
16,393435,57,0.384638
16,ours-406478,57,0.298134
16,KACTL,57,3.295903
16,393435,58,0.383937
16,ours-406478,58,0.298806
16,KACTL,58,3.265757
16,simd-v0,58,0.516513
16,ours-406478,59,0.298658
16,KACTL,59,3.263004
16,simd-v0,59,0.507736
16,393435,59,0.377023
16,KACTL,60,3.273510
16,simd-v0,60,0.506482
16,393435,60,0.385507
16,ours-406478,60,0.298328
16,simd-v0,61,0.515352
16,393435,61,0.376594
16,ours-406478,61,0.298672
16,KACTL,61,3.287203
16,393435,62,0.377398
16,ours-406478,62,0.298644
16,KACTL,62,3.287084
16,simd-v0,62,0.506469
16,ours-406478,63,0.307250
16,KACTL,63,3.255137
16,simd-v0,63,0.506964
16,393435,63,0.385463
16,KACTL,64,3.267581
16,simd-v0,64,0.517005
16,393435,64,0.377116
16,ours-406478,64,0.298407
16,simd-v0,65,0.515734
16,393435,65,0.376929
16,ours-406478,65,0.306945
16,KACTL,65,3.271417
16,393435,66,0.377097
16,ours-406478,66,0.306697
16,KACTL,66,3.266254
16,simd-v0,66,0.514093
16,ours-406478,67,0.301472
16,KACTL,67,3.274692
16,simd-v0,67,0.515519
16,393435,67,0.377138
16,KACTL,68,3.265307
16,simd-v0,68,0.515297
16,393435,68,0.376913
16,ours-406478,68,0.324477
16,simd-v0,69,0.506520
16,393435,69,0.387573
16,ours-406478,69,0.298407
16,KACTL,69,3.265253
16,393435,70,0.383562
16,ours-406478,70,0.298636
16,KACTL,70,3.261618
16,simd-v0,70,0.515648
16,ours-406478,71,0.298509
16,KACTL,71,3.264801
16,simd-v0,71,0.515395
16,393435,71,0.376962
16,KACTL,72,3.271788
16,simd-v0,72,0.507199
16,393435,72,0.402095
16,ours-406478,72,0.298218
16,simd-v0,73,0.515415
16,393435,73,0.377206
16,ours-406478,73,0.298303
16,KACTL,73,3.265015
16,393435,74,0.376836
16,ours-406478,74,0.298806
16,KACTL,74,3.267052
16,simd-v0,74,0.506351
16,ours-406478,75,0.298615
16,KACTL,75,3.262247
16,simd-v0,75,0.508088
16,393435,75,0.385114
16,KACTL,76,3.274512
16,simd-v0,76,0.513536
16,393435,76,0.377230
16,ours-406478,76,0.298208
16,simd-v0,77,0.515670
16,393435,77,0.376735
16,ours-406478,77,0.306626
16,KACTL,77,3.262390
16,393435,78,0.376934
16,ours-406478,78,0.306678
16,KACTL,78,3.277415
16,simd-v0,78,0.506578
16,ours-406478,79,0.306891
16,KACTL,79,3.256947
16,simd-v0,79,0.514332
16,393435,79,0.377165
16,KACTL,80,3.270279
16,simd-v0,80,0.514870
16,393435,80,0.376996
16,ours-406478,80,0.306223
16,simd-v0,81,0.506592
16,393435,81,0.384997
16,ours-406478,81,0.298290
16,KACTL,81,3.256401
16,393435,82,0.383479
16,ours-406478,82,0.298401
16,KACTL,82,3.263754
16,simd-v0,82,0.514491
16,ours-406478,83,0.298211
16,KACTL,83,3.281816
16,simd-v0,83,0.514686
16,393435,83,0.376911
16,KACTL,84,3.276508
16,simd-v0,84,0.506865
16,393435,84,0.384509
16,ours-406478,84,0.298227
16,simd-v0,85,0.506919
16,393435,85,0.377517
16,ours-406478,85,0.298141
16,KACTL,85,3.273709
16,393435,86,0.384842
16,ours-406478,86,0.298479
16,KACTL,86,3.282103
16,simd-v0,86,0.507377
16,ours-406478,87,0.298606
16,KACTL,87,3.264222
16,simd-v0,87,0.506249
16,393435,87,0.388132
16,KACTL,88,3.262808
16,simd-v0,88,0.520136
16,393435,88,0.380172
16,ours-406478,88,0.298170
16,simd-v0,89,0.515712
16,393435,89,0.377320
16,ours-406478,89,0.306370
16,KACTL,89,3.255964
16,393435,90,0.376759
16,ours-406478,90,0.306468
16,KACTL,90,3.277563
16,simd-v0,90,0.507196
16,ours-406478,91,0.309345
16,KACTL,91,3.262296
16,simd-v0,91,0.514725
16,393435,91,0.377162
16,KACTL,92,3.269579
16,simd-v0,92,0.514703
16,393435,92,0.377083
16,ours-406478,92,0.306212
16,simd-v0,93,0.507533
16,393435,93,0.385119
16,ours-406478,93,0.301732
16,KACTL,93,3.261297
16,393435,94,0.383558
16,ours-406478,94,0.298415
16,KACTL,94,3.260457
16,simd-v0,94,0.514418
16,ours-406478,95,0.298519
16,KACTL,95,3.261198
16,simd-v0,95,0.514664
16,393435,95,0.376819
16,KACTL,96,3.269386
16,simd-v0,96,0.506509
16,393435,96,0.384808
16,ours-406478,96,0.298146
16,simd-v0,97,0.507486
16,393435,97,0.385059
16,ours-406478,97,0.297972
16,KACTL,97,3.276224
16,393435,98,0.384531
16,ours-406478,98,0.298398
16,KACTL,98,3.263993
16,simd-v0,98,0.507198
16,ours-406478,99,0.298452
16,KACTL,99,3.272919
16,simd-v0,99,0.506703
16,393435,99,0.385066
16,KACTL,100,3.264922
16,simd-v0,100,0.506694
16,393435,100,0.384633
16,ours-406478,100,0.298261
16,simd-v0,101,0.536230
16,393435,101,0.377217
16,ours-406478,101,0.298093
16,KACTL,101,3.258565
16,393435,102,0.376764
16,ours-406478,102,0.298177
16,KACTL,102,3.262522
16,simd-v0,102,0.506313
16,ours-406478,103,0.306669
16,KACTL,103,3.260796
16,simd-v0,103,0.514114
16,393435,103,0.376887
16,KACTL,104,3.268738
16,simd-v0,104,0.513936
16,393435,104,0.377080
16,ours-406478,104,0.298217
16,simd-v0,105,0.518101
16,393435,105,0.377270
16,ours-406478,105,0.306575
16,KACTL,105,3.334392
16,393435,106,0.384844
16,ours-406478,106,0.298296
16,KACTL,106,3.268550
16,simd-v0,106,0.514962
16,ours-406478,107,0.298388
16,KACTL,107,3.267708
16,simd-v0,107,0.514802
16,393435,107,0.376959
16,KACTL,108,3.273576
16,simd-v0,108,0.507413
16,393435,108,0.385333
16,ours-406478,108,0.298475
16,simd-v0,109,0.506819
16,393435,109,0.385219
16,ours-406478,109,0.298132
16,KACTL,109,3.261314
16,393435,110,0.383509
16,ours-406478,110,0.298321
16,KACTL,110,3.262959
16,simd-v0,110,0.507501
16,ours-406478,111,0.298224
16,KACTL,111,3.260653
16,simd-v0,111,0.506930
16,393435,111,0.390002
16,KACTL,112,3.260620
16,simd-v0,112,0.506916
16,393435,112,0.388428
16,ours-406478,112,0.298613
16,simd-v0,113,0.515418
16,393435,113,0.377088
16,ours-406478,113,0.298169
16,KACTL,113,3.279225
16,393435,114,0.377458
16,ours-406478,114,0.306800
16,KACTL,114,3.257309
16,simd-v0,114,0.506323
16,ours-406478,115,0.309728
16,KACTL,115,3.286754
16,simd-v0,115,0.516611
16,393435,115,0.376972
16,KACTL,116,3.264894
16,simd-v0,116,0.515159
16,393435,116,0.376925
16,ours-406478,116,0.306766
16,simd-v0,117,0.506914
16,393435,117,0.385294
16,ours-406478,117,0.301802
16,KACTL,117,3.259672
16,393435,118,0.383495
16,ours-406478,118,0.298453
16,KACTL,118,3.266243
16,simd-v0,118,0.514412
16,ours-406478,119,0.298328
16,KACTL,119,3.280490
16,simd-v0,119,0.514978
16,393435,119,0.377264
16,KACTL,120,3.270493
16,simd-v0,120,0.507016
16,393435,120,0.385525
16,ours-406478,120,0.298182
16,simd-v0,121,0.505523
16,393435,121,0.385317
16,ours-406478,121,0.298135
16,KACTL,121,3.266188
16,393435,122,0.383358
16,ours-406478,122,0.298476
16,KACTL,122,3.266372
16,simd-v0,122,0.507618
16,ours-406478,123,0.298475
16,KACTL,123,3.260965
16,simd-v0,123,0.506333
16,393435,123,0.385257
16,KACTL,124,3.260685
16,simd-v0,124,0.506823
16,393435,124,0.385046
16,ours-406478,124,0.297971
16,simd-v0,125,0.515024
16,393435,125,0.377387
16,ours-406478,125,0.298237
16,KACTL,125,3.266078
16,393435,126,0.377018
16,ours-406478,126,0.298480
16,KACTL,126,3.283861
16,simd-v0,126,0.506938
16,ours-406478,127,0.306998
16,KACTL,127,3.270947
16,simd-v0,127,0.507262
16,393435,127,0.376849
16,KACTL,128,3.268055
16,simd-v0,128,0.514954
16,393435,128,0.377092
16,ours-406478,128,0.298320
16,simd-v0,129,0.506923
16,393435,129,0.377009
16,ours-406478,129,0.306856
16,KACTL,129,3.258661
16,393435,130,0.376995
16,ours-406478,130,0.306247
16,KACTL,130,3.296985
16,simd-v0,130,0.514369
16,ours-406478,131,0.298430
16,KACTL,131,3.256750
16,simd-v0,131,0.513620
16,393435,131,0.377183
16,KACTL,132,3.275250
16,simd-v0,132,0.506481
16,393435,132,0.376728
16,ours-406478,132,0.298394
16,simd-v0,133,0.506181
16,393435,133,0.385197
16,ours-406478,133,0.298336
16,KACTL,133,3.268990
16,393435,134,0.383605
16,ours-406478,134,0.298495
16,KACTL,134,3.266352
16,simd-v0,134,0.514977
16,ours-406478,135,0.298281
16,KACTL,135,3.267672
16,simd-v0,135,0.505974
16,393435,135,0.386504
16,KACTL,136,3.261050
16,simd-v0,136,0.507095
16,393435,136,0.387210
16,ours-406478,136,0.298356
16,simd-v0,137,0.515166
16,393435,137,0.377321
16,ours-406478,137,0.298236
16,KACTL,137,3.262796
16,393435,138,0.377024
16,ours-406478,138,0.298295
16,KACTL,138,3.273975
16,simd-v0,138,0.506753
16,ours-406478,139,0.307068
16,KACTL,139,3.255749
16,simd-v0,139,0.507048
16,393435,139,0.385425
16,KACTL,140,3.256845
16,simd-v0,140,0.521017
16,393435,140,0.376863
16,ours-406478,140,0.298322
16,simd-v0,141,0.517366
16,393435,141,0.377078
16,ours-406478,141,0.308912
16,KACTL,141,3.260684
16,393435,142,0.376791
16,ours-406478,142,0.306837
16,KACTL,142,3.270818
16,simd-v0,142,0.515362
16,ours-406478,143,0.298441
16,KACTL,143,3.258468
16,simd-v0,143,0.514542
16,393435,143,0.376956
16,KACTL,144,3.260770
16,simd-v0,144,0.514415
16,393435,144,0.376996
16,ours-406478,144,0.306341
16,simd-v0,145,0.507298
16,393435,145,0.385184
16,ours-406478,145,0.298034
16,KACTL,145,3.260806
16,393435,146,0.383085
16,ours-406478,146,0.298496
16,KACTL,146,3.263338
16,simd-v0,146,0.515049
16,ours-406478,147,0.298295
16,KACTL,147,3.259780
16,simd-v0,147,0.512149
16,393435,147,0.376865
16,KACTL,148,3.267642
16,simd-v0,148,0.507726
16,393435,148,0.385107
16,ours-406478,148,0.298043
16,simd-v0,149,0.515435
16,393435,149,0.376709
16,ours-406478,149,0.298337
16,KACTL,149,3.258186
16,393435,150,0.379699
16,ours-406478,150,0.298628
16,KACTL,150,3.265044
16,simd-v0,150,0.506647
16,ours-406478,151,0.298377
16,KACTL,151,3.263057
16,simd-v0,151,0.507883
16,393435,151,0.384951
16,KACTL,152,3.263555
16,simd-v0,152,0.513822
16,393435,152,0.376820
16,ours-406478,152,0.297891
16,simd-v0,153,0.515610
16,393435,153,0.376975
16,ours-406478,153,0.306814
16,KACTL,153,3.285170
16,393435,154,0.376794
16,ours-406478,154,0.306610
16,KACTL,154,3.266323
16,simd-v0,154,0.526616
16,ours-406478,155,0.305537
16,KACTL,155,3.318089
16,simd-v0,155,0.514501
16,393435,155,0.377145
16,KACTL,156,3.268738
16,simd-v0,156,0.515577
16,393435,156,0.376708
16,ours-406478,156,0.306411
16,simd-v0,157,0.505995
16,393435,157,0.385000
16,ours-406478,157,0.297898
16,KACTL,157,3.255918
16,393435,158,0.383479
16,ours-406478,158,0.298426
16,KACTL,158,3.272222
16,simd-v0,158,0.514930
16,ours-406478,159,0.298161
16,KACTL,159,3.264889
16,simd-v0,159,0.517247
16,393435,159,0.376973
16,KACTL,160,3.267190
16,simd-v0,160,0.506515
16,393435,160,0.404705
16,ours-406478,160,0.298298
16,simd-v0,161,0.514950
16,393435,161,0.377033
16,ours-406478,161,0.298067
16,KACTL,161,3.273412
16,393435,162,0.377136
16,ours-406478,162,0.298446
16,KACTL,162,3.273197
16,simd-v0,162,0.507284
16,ours-406478,163,0.298101
16,KACTL,163,3.263406
16,simd-v0,163,0.506330
16,393435,163,0.385218
16,KACTL,164,3.264000
16,simd-v0,164,0.513775
16,393435,164,0.376988
16,ours-406478,164,0.297978
16,simd-v0,165,0.515641
16,393435,165,0.377092
16,ours-406478,165,0.306515
16,KACTL,165,3.255986
16,393435,166,0.376922
16,ours-406478,166,0.306485
16,KACTL,166,3.299280
16,simd-v0,166,0.507283
16,ours-406478,167,0.298521
16,KACTL,167,3.256960
16,simd-v0,167,0.513799
16,393435,167,0.377160
16,KACTL,168,3.273586
16,simd-v0,168,0.515268
16,393435,168,0.376877
16,ours-406478,168,0.307410
16,simd-v0,169,0.506872
16,393435,169,0.384925
16,ours-406478,169,0.298113
16,KACTL,169,3.258772
16,393435,170,0.383301
16,ours-406478,170,0.298469
16,KACTL,170,3.270383
16,simd-v0,170,0.514939
16,ours-406478,171,0.298382
16,KACTL,171,3.268423
16,simd-v0,171,0.516966
16,393435,171,0.376827
16,KACTL,172,3.279204
16,simd-v0,172,0.507358
16,393435,172,0.385183
16,ours-406478,172,0.298056
16,simd-v0,173,0.507138
16,393435,173,0.377002
16,ours-406478,173,0.298075
16,KACTL,173,3.260686
16,393435,174,0.379940
16,ours-406478,174,0.298241
16,KACTL,174,3.270309
16,simd-v0,174,0.507231
16,ours-406478,175,0.298278
16,KACTL,175,3.266504
16,simd-v0,175,0.507596
16,393435,175,0.396791
16,KACTL,176,3.271422
16,simd-v0,176,0.513942
16,393435,176,0.377017
16,ours-406478,176,0.298148
16,simd-v0,177,0.515004
16,393435,177,0.377354
16,ours-406478,177,0.306562
16,KACTL,177,3.254416
16,393435,178,0.376928
16,ours-406478,178,0.306386
16,KACTL,178,3.270902
16,simd-v0,178,0.507054
16,ours-406478,179,0.306444
16,KACTL,179,3.257072
16,simd-v0,179,0.513894
16,393435,179,0.376883
16,KACTL,180,3.269374
16,simd-v0,180,0.513774
16,393435,180,0.377116
16,ours-406478,180,0.306311
16,simd-v0,181,0.507462
16,393435,181,0.385480
16,ours-406478,181,0.298209
16,KACTL,181,3.268592
16,393435,182,0.384233
16,ours-406478,182,0.298253
16,KACTL,182,3.265880
16,simd-v0,182,0.514144
16,ours-406478,183,0.298171
16,KACTL,183,3.278441
16,simd-v0,183,0.514559
16,393435,183,0.394342
16,KACTL,184,3.277114
16,simd-v0,184,0.506937
16,393435,184,0.385087
16,ours-406478,184,0.319329
16,simd-v0,185,0.506787
16,393435,185,0.378433
16,ours-406478,185,0.297923
16,KACTL,185,3.408135
16,393435,186,0.376736
16,ours-406478,186,0.298373
16,KACTL,186,3.270829
16,simd-v0,186,0.507422
16,ours-406478,187,0.324469
16,KACTL,187,4.211348
16,simd-v0,187,0.679328
16,393435,187,0.468973
16,KACTL,188,3.930852
16,simd-v0,188,0.663384
16,393435,188,0.468588
16,ours-406478,188,0.400126
16,simd-v0,189,0.604771
16,393435,189,0.385334
16,ours-406478,189,0.298284
16,KACTL,189,3.281969
16,393435,190,0.383929
16,ours-406478,190,0.298328
16,KACTL,190,3.270795
16,simd-v0,190,0.517427
16,ours-406478,191,0.298572
16,KACTL,191,3.271158
16,simd-v0,191,0.506120
16,393435,191,0.376860
16,KACTL,192,3.292324
16,simd-v0,192,0.506737
16,393435,192,0.386422
16,ours-406478,192,0.298183
16,simd-v0,193,0.516160
16,393435,193,0.377195
16,ours-406478,193,0.298043
16,KACTL,193,3.260511
16,393435,194,0.376881
16,ours-406478,194,0.298185
16,KACTL,194,3.300369
16,simd-v0,194,0.507587
16,ours-406478,195,0.306686
16,KACTL,195,3.263111
16,simd-v0,195,0.507595
16,393435,195,0.386217
16,KACTL,196,3.263508
16,simd-v0,196,0.549168
16,393435,196,0.377344
16,ours-406478,196,0.298021
16,simd-v0,197,0.524257
16,393435,197,0.377101
16,ours-406478,197,0.306695
16,KACTL,197,3.258642
16,393435,198,0.376772
16,ours-406478,198,0.306318
16,KACTL,198,3.269742
16,simd-v0,198,0.549017
16,ours-406478,199,0.298068
16,KACTL,199,3.259036
16,simd-v0,199,0.513342
16,393435,199,0.376758
16,KACTL,200,3.274997
16,simd-v0,200,0.507457
16,393435,200,0.376909
16,ours-406478,200,0.298528
16,simd-v0,201,0.506716
16,393435,201,0.385044
16,ours-406478,201,0.298042
16,KACTL,201,3.265580
16,393435,202,0.383220
16,ours-406478,202,0.298377
16,KACTL,202,3.288260
16,simd-v0,202,0.515251
16,ours-406478,203,0.298331
16,KACTL,203,3.271379
16,simd-v0,203,0.507060
16,393435,203,0.385000
16,KACTL,204,3.270629
16,simd-v0,204,0.507208
16,393435,204,0.384962
16,ours-406478,204,0.298411
16,simd-v0,205,0.514691
16,393435,205,0.377190
16,ours-406478,205,0.298336
16,KACTL,205,3.262229
16,393435,206,0.376887
16,ours-406478,206,0.298592
16,KACTL,206,3.269943
16,simd-v0,206,0.507394
16,ours-406478,207,0.306780
16,KACTL,207,3.259013
16,simd-v0,207,0.507342
16,393435,207,0.385035
16,KACTL,208,3.281479
16,simd-v0,208,0.514462
16,393435,208,0.377418
16,ours-406478,208,0.297921
16,simd-v0,209,0.515816
16,393435,209,0.377086
16,ours-406478,209,0.306395
16,KACTL,209,3.262310
16,393435,210,0.376992
16,ours-406478,210,0.306592
16,KACTL,210,3.282664
16,simd-v0,210,0.514439
16,ours-406478,211,0.298285
16,KACTL,211,3.278101
16,simd-v0,211,0.514135
16,393435,211,0.377052
16,KACTL,212,3.268260
16,simd-v0,212,0.509790
16,393435,212,0.376916
16,ours-406478,212,0.306782
16,simd-v0,213,0.506513
16,393435,213,0.385089
16,ours-406478,213,0.298216
16,KACTL,213,3.275357
16,393435,214,0.389832
16,ours-406478,214,0.298496
16,KACTL,214,3.273442
16,simd-v0,214,0.517613
16,ours-406478,215,0.298200
16,KACTL,215,3.265915
16,simd-v0,215,0.506453
16,393435,215,0.385173
16,KACTL,216,3.267246
16,simd-v0,216,0.507252
16,393435,216,0.385116
16,ours-406478,216,0.298183
16,simd-v0,217,0.515655
16,393435,217,0.377324
16,ours-406478,217,0.298121
16,KACTL,217,3.269340
16,393435,218,0.376807
16,ours-406478,218,0.298591
16,KACTL,218,3.278783
16,simd-v0,218,0.506491
16,ours-406478,219,0.306641
16,KACTL,219,3.256046
16,simd-v0,219,0.507003
16,393435,219,0.384932
16,KACTL,220,3.266860
16,simd-v0,220,0.514472
16,393435,220,0.376895
16,ours-406478,220,0.314607
16,simd-v0,221,0.516016
16,393435,221,0.377283
16,ours-406478,221,0.306427
16,KACTL,221,3.257919
16,393435,222,0.376743
16,ours-406478,222,0.306332
16,KACTL,222,3.270646
16,simd-v0,222,0.514267
16,ours-406478,223,0.298453
16,KACTL,223,3.262108
16,simd-v0,223,0.514367
16,393435,223,0.377046
16,KACTL,224,3.583492
16,simd-v0,224,0.508319
16,393435,224,0.388453
16,ours-406478,224,0.298793
16,simd-v0,225,0.516645
16,393435,225,0.377310
16,ours-406478,225,0.297986
16,KACTL,225,3.277664
16,393435,226,0.377263
16,ours-406478,226,0.298503
16,KACTL,226,3.275565
16,simd-v0,226,0.507559
16,ours-406478,227,0.306616
16,KACTL,227,3.257417
16,simd-v0,227,0.507487
16,393435,227,0.387659
16,KACTL,228,3.261960
16,simd-v0,228,0.513786
16,393435,228,0.377244
16,ours-406478,228,0.298348
16,simd-v0,229,0.516648
16,393435,229,0.376995
16,ours-406478,229,0.306716
16,KACTL,229,3.253995
16,393435,230,0.377022
16,ours-406478,230,0.309824
16,KACTL,230,3.262402
16,simd-v0,230,0.514980
16,ours-406478,231,0.298053
16,KACTL,231,3.259600
16,simd-v0,231,0.514950
16,393435,231,0.377005
16,KACTL,232,3.274554
16,simd-v0,232,0.514616
16,393435,232,0.376975
16,ours-406478,232,0.321082
16,simd-v0,233,0.508052
16,393435,233,0.385817
16,ours-406478,233,0.297987
16,KACTL,233,3.267201
16,393435,234,0.383130
16,ours-406478,234,0.298207
16,KACTL,234,3.265084
16,simd-v0,234,0.515554
16,ours-406478,235,0.298198
16,KACTL,235,3.263548
16,simd-v0,235,0.507176
16,393435,235,0.376943
16,KACTL,236,3.269416
16,simd-v0,236,0.507243
16,393435,236,0.385076
16,ours-406478,236,0.298174
16,simd-v0,237,0.517230
16,393435,237,0.376941
16,ours-406478,237,0.298148
16,KACTL,237,3.269622
16,393435,238,0.376543
16,ours-406478,238,0.298385
16,KACTL,238,3.294005
16,simd-v0,238,0.507136
16,ours-406478,239,0.306114
16,KACTL,239,3.255099
16,simd-v0,239,0.507220
16,393435,239,0.385253
16,KACTL,240,3.280909
16,simd-v0,240,0.514677
16,393435,240,0.376802
16,ours-406478,240,0.298121
16,simd-v0,241,0.519147
16,393435,241,0.377073
16,ours-406478,241,0.306248
16,KACTL,241,3.261198
16,393435,242,0.376670
16,ours-406478,242,0.306341
16,KACTL,242,3.271362
16,simd-v0,242,0.514057
16,ours-406478,243,0.298163
16,KACTL,243,3.267568
16,simd-v0,243,0.515203
16,393435,243,0.377106
16,KACTL,244,3.265753
16,simd-v0,244,0.515032
16,393435,244,0.377230
16,ours-406478,244,0.306382
16,simd-v0,245,0.506366
16,393435,245,0.385079
16,ours-406478,245,0.297911
16,KACTL,245,3.260938
16,393435,246,0.383545
16,ours-406478,246,0.298339
16,KACTL,246,3.266726
16,simd-v0,246,0.515189
16,ours-406478,247,0.298123
16,KACTL,247,3.276229
16,simd-v0,247,0.517026
16,393435,247,0.376864
16,KACTL,248,3.261001
16,simd-v0,248,0.508076
16,393435,248,0.385384
16,ours-406478,248,0.297947
16,simd-v0,249,0.515309
16,393435,249,0.376762
16,ours-406478,249,0.297935
16,KACTL,249,3.268971
16,393435,250,0.376795
16,ours-406478,250,0.298323
16,KACTL,250,3.272194
16,simd-v0,250,0.506661
16,ours-406478,251,0.298160
16,KACTL,251,3.263776
16,simd-v0,251,0.506795
16,393435,251,0.387277
16,KACTL,252,3.257691
16,simd-v0,252,0.513966
16,393435,252,0.376953
16,ours-406478,252,0.297992
16,simd-v0,253,0.515166
16,393435,253,0.376911
16,ours-406478,253,0.306671
16,KACTL,253,3.255512
16,393435,254,0.376681
16,ours-406478,254,0.306252
16,KACTL,254,3.280193
16,simd-v0,254,0.507587
16,ours-406478,255,0.306528
16,KACTL,255,3.265870
16,simd-v0,255,0.514182
16,393435,255,0.376957
16,KACTL,256,3.266206
16,simd-v0,256,0.514552
16,393435,256,0.377142
16,ours-406478,256,0.306591
16,simd-v0,257,0.506582
16,393435,257,0.384955
16,ours-406478,257,0.297966
16,KACTL,257,3.291466
16,393435,258,0.384018
16,ours-406478,258,0.298279
16,KACTL,258,3.265000
16,simd-v0,258,0.515304
16,ours-406478,259,0.298279
16,KACTL,259,3.266373
16,simd-v0,259,0.515864
16,393435,259,0.376932
16,KACTL,260,3.264797
16,simd-v0,260,0.511907
16,393435,260,0.393883
16,ours-406478,260,0.298321
16,simd-v0,261,0.507212
16,393435,261,0.386446
16,ours-406478,261,0.297999
16,KACTL,261,3.285899
16,393435,262,0.377309
16,ours-406478,262,0.298348
16,KACTL,262,3.278178
16,simd-v0,262,0.510808
16,ours-406478,263,0.298235
16,KACTL,263,3.270498
16,simd-v0,263,0.506910
16,393435,263,0.385020
16,KACTL,264,3.257632
16,simd-v0,264,0.514338
16,393435,264,0.376923
16,ours-406478,264,0.298323
16,simd-v0,265,0.519172
16,393435,265,0.377004
16,ours-406478,265,0.306530
16,KACTL,265,3.255844
16,393435,266,0.377089
16,ours-406478,266,0.306335
16,KACTL,266,3.262946
16,simd-v0,266,0.507187
16,ours-406478,267,0.306904
16,KACTL,267,3.254662
16,simd-v0,267,0.514082
16,393435,267,0.376880
16,KACTL,268,3.260013
16,simd-v0,268,0.525448
16,393435,268,0.377026
16,ours-406478,268,0.306950
16,simd-v0,269,0.507031
16,393435,269,0.385659
16,ours-406478,269,0.298098
16,KACTL,269,3.255830
16,393435,270,0.383151
16,ours-406478,270,0.298490
16,KACTL,270,3.264840
16,simd-v0,270,0.514307
16,ours-406478,271,0.298225
16,KACTL,271,3.263509
16,simd-v0,271,0.516019
16,393435,271,0.376838
16,KACTL,272,3.264814
16,simd-v0,272,0.507274
16,393435,272,0.385042
16,ours-406478,272,0.297962
16,simd-v0,273,0.507316
16,393435,273,0.385685
16,ours-406478,273,0.298111
16,KACTL,273,3.264601
16,393435,274,0.382646
16,ours-406478,274,0.298268
16,KACTL,274,3.261183
16,simd-v0,274,0.507553
16,ours-406478,275,0.298390
16,KACTL,275,3.334826
16,simd-v0,275,0.507059
16,393435,275,0.396172
16,KACTL,276,3.263987
16,simd-v0,276,0.513873
16,393435,276,0.376667
16,ours-406478,276,0.298067
16,simd-v0,277,0.515411
16,393435,277,0.377053
16,ours-406478,277,0.306650
16,KACTL,277,3.257658
16,393435,278,0.376722
16,ours-406478,278,0.306294
16,KACTL,278,3.267130
16,simd-v0,278,0.506902
16,ours-406478,279,0.306667
16,KACTL,279,3.255514
16,simd-v0,279,0.514483
16,393435,279,0.376229
16,KACTL,280,3.278453
16,simd-v0,280,0.514912
16,393435,280,0.376636
16,ours-406478,280,0.306114
16,simd-v0,281,0.506636
16,393435,281,0.385032
16,ours-406478,281,0.298034
16,KACTL,281,3.258290
16,393435,282,0.383027
16,ours-406478,282,0.298707
16,KACTL,282,3.265398
16,simd-v0,282,0.515137
16,ours-406478,283,0.298095
16,KACTL,283,3.268013
16,simd-v0,283,0.515685
16,393435,283,0.376907
16,KACTL,284,3.267537
16,simd-v0,284,0.510458
16,393435,284,0.384719
16,ours-406478,284,0.298252
16,simd-v0,285,0.506653
16,393435,285,0.385355
16,ours-406478,285,0.298157
16,KACTL,285,3.266015
16,393435,286,0.382284
16,ours-406478,286,0.298398
16,KACTL,286,3.259349
16,simd-v0,286,0.519580
16,ours-406478,287,0.298429
16,KACTL,287,3.262727
16,simd-v0,287,0.507250
16,393435,287,0.385044
16,KACTL,288,3.258540
16,simd-v0,288,0.506626
16,393435,288,0.384505
16,ours-406478,288,0.298186
16,simd-v0,289,0.524040
16,393435,289,0.377136
16,ours-406478,289,0.298210
16,KACTL,289,3.264943
16,393435,290,0.376816
16,ours-406478,290,0.298397
16,KACTL,290,3.305958
16,simd-v0,290,0.507689
16,ours-406478,291,0.307239
16,KACTL,291,3.257891
16,simd-v0,291,0.515434
16,393435,291,0.377076
16,KACTL,292,3.267003
16,simd-v0,292,0.514488
16,393435,292,0.377005
16,ours-406478,292,0.298112
16,simd-v0,293,0.506423
16,393435,293,0.377116
16,ours-406478,293,0.306439
16,KACTL,293,3.263679
16,393435,294,0.376293
16,ours-406478,294,0.306268
16,KACTL,294,3.276332
16,simd-v0,294,0.514615
16,ours-406478,295,0.298356
16,KACTL,295,3.260714
16,simd-v0,295,0.513994
16,393435,295,0.377095
16,KACTL,296,3.284571
16,simd-v0,296,0.506568
16,393435,296,0.376418
16,ours-406478,296,0.298238
16,simd-v0,297,0.507232
16,393435,297,0.384942
16,ours-406478,297,0.298513
16,KACTL,297,3.275433
16,393435,298,0.383528
16,ours-406478,298,0.298319
16,KACTL,298,3.266276
16,simd-v0,298,0.515550
16,ours-406478,299,0.298066
16,KACTL,299,3.263127
16,simd-v0,299,0.506961
16,393435,299,0.384454
16,KACTL,300,3.269075
16,simd-v0,300,0.506674
16,393435,300,0.384753
16,ours-406478,300,0.298249
16,simd-v0,301,0.514523
16,393435,301,0.376987
16,ours-406478,301,0.298326
16,KACTL,301,3.265640
16,393435,302,0.376621
16,ours-406478,302,0.298146
16,KACTL,302,3.269623
16,simd-v0,302,0.530522
16,ours-406478,303,0.306128
16,KACTL,303,3.286840
16,simd-v0,303,0.506722
16,393435,303,0.376619
16,KACTL,304,3.277314
16,simd-v0,304,0.522394
16,393435,304,0.377106
16,ours-406478,304,0.297996
16,simd-v0,305,0.506523
16,393435,305,0.376932
16,ours-406478,305,0.306387
16,KACTL,305,3.265602
16,393435,306,0.376757
16,ours-406478,306,0.298729
16,KACTL,306,3.265145
16,simd-v0,306,0.514552
16,ours-406478,307,0.298128
16,KACTL,307,3.264692
16,simd-v0,307,0.515008
16,393435,307,0.376769
16,KACTL,308,3.279202
16,simd-v0,308,0.510464
16,393435,308,0.376739
16,ours-406478,308,0.298300
16,simd-v0,309,0.506432
16,393435,309,0.384897
16,ours-406478,309,0.298045
16,KACTL,309,3.257801
16,393435,310,0.382957
16,ours-406478,310,0.298465
16,KACTL,310,3.262775
16,simd-v0,310,0.517788
16,ours-406478,311,0.298468
16,KACTL,311,3.263312
16,simd-v0,311,0.507287
16,393435,311,0.402186
16,KACTL,312,3.260715
16,simd-v0,312,0.507879
16,393435,312,0.384855
16,ours-406478,312,0.298365
16,simd-v0,313,0.514943
16,393435,313,0.379880
16,ours-406478,313,0.298235
16,KACTL,313,3.259437
16,393435,314,0.376662
16,ours-406478,314,0.298684
16,KACTL,314,3.267099
16,simd-v0,314,0.506938
16,ours-406478,315,0.306723
16,KACTL,315,3.283831
16,simd-v0,315,0.507128
16,393435,315,0.385033
16,KACTL,316,3.261106
16,simd-v0,316,0.514565
16,393435,316,0.376711
16,ours-406478,316,0.298256
16,simd-v0,317,0.515509
16,393435,317,0.376953
16,ours-406478,317,0.306802
16,KACTL,317,3.258871
16,393435,318,0.376658
16,ours-406478,318,0.306508
16,KACTL,318,3.265400
16,simd-v0,318,0.515054
16,ours-406478,319,0.298524
16,KACTL,319,3.265590
16,simd-v0,319,0.513753
16,393435,319,0.376891
16,KACTL,320,3.270165
16,simd-v0,320,0.516364
16,393435,320,0.377076
16,ours-406478,320,0.306387
16,simd-v0,321,0.507293
16,393435,321,0.385023
16,ours-406478,321,0.298005
16,KACTL,321,3.258926
16,393435,322,0.383079
16,ours-406478,322,0.298153
16,KACTL,322,3.275592
16,simd-v0,322,0.515105
16,ours-406478,323,0.298450
16,KACTL,323,3.306124
16,simd-v0,323,0.506959
16,393435,323,0.384910
16,KACTL,324,3.262590
16,simd-v0,324,0.506988
16,393435,324,0.385210
16,ours-406478,324,0.297957
16,simd-v0,325,0.515135
16,393435,325,0.376901
16,ours-406478,325,0.297957
16,KACTL,325,3.263793
16,393435,326,0.376974
16,ours-406478,326,0.298006
16,KACTL,326,3.285598
16,simd-v0,326,0.507721
16,ours-406478,327,0.306765
16,KACTL,327,3.260002
16,simd-v0,327,0.506902
16,393435,327,0.385179
16,KACTL,328,3.257647
16,simd-v0,328,0.514175
16,393435,328,0.376831
16,ours-406478,328,0.298130
16,simd-v0,329,0.515548
16,393435,329,0.376855
16,ours-406478,329,0.306251
16,KACTL,329,3.261785
16,393435,330,0.376825
16,ours-406478,330,0.356653
16,KACTL,330,3.304611
16,simd-v0,330,0.514995
16,ours-406478,331,0.298584
16,KACTL,331,3.265812
16,simd-v0,331,0.514080
16,393435,331,0.376843
16,KACTL,332,3.274006
16,simd-v0,332,0.510323
16,393435,332,0.377005
16,ours-406478,332,0.305851
16,simd-v0,333,0.505362
16,393435,333,0.384965
16,ours-406478,333,0.297919
16,KACTL,333,3.306449
17,KACTL,0,6.879140
17,simd-v0,0,1.094930
17,393435,0,0.785229
17,ours-406478,0,0.638351
17,simd-v0,1,1.072108
17,393435,1,0.794139
17,ours-406478,1,0.637910
17,KACTL,1,6.885554
17,393435,2,0.809260
17,ours-406478,2,0.629049
17,KACTL,2,6.865622
17,simd-v0,2,1.100599
17,ours-406478,3,0.629197
17,KACTL,3,6.872977
17,simd-v0,3,1.087476
17,393435,3,0.806021
17,KACTL,4,6.871679
17,simd-v0,4,1.089474
17,393435,4,0.794515
17,ours-406478,4,0.638432
17,simd-v0,5,1.070369
17,393435,5,0.793967
17,ours-406478,5,0.637704
17,KACTL,5,6.879810
17,393435,6,0.811715
17,ours-406478,6,0.629100
17,KACTL,6,6.894632
17,simd-v0,6,1.090728
17,ours-406478,7,0.629992
17,KACTL,7,6.883770
17,simd-v0,7,1.090761
17,393435,7,0.795039
17,KACTL,8,6.873213
17,simd-v0,8,1.089544
17,393435,8,0.797238
17,ours-406478,8,0.637815
17,simd-v0,9,1.071476
17,393435,9,0.793982
17,ours-406478,9,0.637168
17,KACTL,9,6.903173
17,393435,10,0.799772
17,ours-406478,10,0.629343
17,KACTL,10,6.875137
17,simd-v0,10,1.097366
17,ours-406478,11,0.638054
17,KACTL,11,6.890931
17,simd-v0,11,1.086712
17,393435,11,0.796612
17,KACTL,12,6.856676
17,simd-v0,12,1.093476
17,393435,12,0.795028
17,ours-406478,12,0.639436
17,simd-v0,13,1.070902
17,393435,13,0.807260
17,ours-406478,13,0.638700
17,KACTL,13,6.877530
17,393435,14,0.808168
17,ours-406478,14,0.638626
17,KACTL,14,6.872407
17,simd-v0,14,1.089561
17,ours-406478,15,0.640334
17,KACTL,15,6.941900
17,simd-v0,15,1.088595
17,393435,15,0.795167
17,KACTL,16,6.889827
17,simd-v0,16,1.092842
17,393435,16,0.794271
17,ours-406478,16,0.638161
17,simd-v0,17,1.075877
17,393435,17,0.793540
17,ours-406478,17,0.636974
17,KACTL,17,6.865273
17,393435,18,0.799681
17,ours-406478,18,0.639722
17,KACTL,18,6.870077
17,simd-v0,18,1.091896
17,ours-406478,19,0.638127
17,KACTL,19,6.875733
17,simd-v0,19,1.084608
17,393435,19,0.801253
17,KACTL,20,6.874970
17,simd-v0,20,1.086308
17,393435,20,0.794062
17,ours-406478,20,0.637762
17,simd-v0,21,1.104033
17,393435,21,0.794720
17,ours-406478,21,0.629002
17,KACTL,21,6.872793
17,393435,22,0.813002
17,ours-406478,22,0.639009
17,KACTL,22,6.861281
17,simd-v0,22,1.084327
17,ours-406478,23,0.638169
17,KACTL,23,6.883955
17,simd-v0,23,1.084625
17,393435,23,0.794624
17,KACTL,24,6.896361
17,simd-v0,24,1.083692
17,393435,24,0.793739
17,ours-406478,24,0.637576
17,simd-v0,25,1.068718
17,393435,25,0.793495
17,ours-406478,25,0.628993
17,KACTL,25,6.870676
17,393435,26,0.810213
17,ours-406478,26,0.637964
17,KACTL,26,6.898118
17,simd-v0,26,1.086071
17,ours-406478,27,0.638572
17,KACTL,27,6.866371
17,simd-v0,27,1.083481
17,393435,27,0.794728
17,KACTL,28,6.862739
17,simd-v0,28,1.085421
17,393435,28,0.793531
17,ours-406478,28,0.628998
17,simd-v0,29,1.069447
17,393435,29,0.785097
17,ours-406478,29,0.629063
17,KACTL,29,6.925884
17,393435,30,0.810682
17,ours-406478,30,0.657843
17,KACTL,30,6.869762
17,simd-v0,30,1.084036
17,ours-406478,31,0.650049
17,KACTL,31,6.889232
17,simd-v0,31,1.086497
17,393435,31,0.794753
17,KACTL,32,6.860360
17,simd-v0,32,1.088410
17,393435,32,0.794017
17,ours-406478,32,0.629116
17,simd-v0,33,1.077449
17,393435,33,0.785372
17,ours-406478,33,0.638662
17,KACTL,33,6.879326
17,393435,34,0.813101
17,ours-406478,34,0.637847
17,KACTL,34,6.871480
17,simd-v0,34,1.084620
17,ours-406478,35,0.637324
17,KACTL,35,6.871545
17,simd-v0,35,1.083875
17,393435,35,0.792974
17,KACTL,36,6.889763
17,simd-v0,36,1.092756
17,393435,36,0.807990
17,ours-406478,36,0.629226
17,simd-v0,37,1.072374
17,393435,37,0.853022
17,ours-406478,37,0.677313
17,KACTL,37,6.879728
17,393435,38,0.812820
17,ours-406478,38,0.638474
17,KACTL,38,6.942259
17,simd-v0,38,1.088566
17,ours-406478,39,0.638617
17,KACTL,39,6.877353
17,simd-v0,39,1.085140
17,393435,39,0.793957
17,KACTL,40,6.909367
17,simd-v0,40,1.093098
17,393435,40,0.794556
17,ours-406478,40,0.629450
17,simd-v0,41,1.079356
17,393435,41,0.785589
17,ours-406478,41,0.639875
17,KACTL,41,6.872617
17,393435,42,0.809515
17,ours-406478,42,0.639739
17,KACTL,42,6.902338
17,simd-v0,42,1.084310
17,ours-406478,43,0.637950
17,KACTL,43,6.898741
17,simd-v0,43,1.089286
17,393435,43,0.794028
17,KACTL,44,6.882660
17,simd-v0,44,1.086916
17,393435,44,0.793789
17,ours-406478,44,0.629270
17,simd-v0,45,1.070181
17,393435,45,0.785419
17,ours-406478,45,0.637837
17,KACTL,45,6.884256
17,393435,46,0.812323
17,ours-406478,46,0.637771
17,KACTL,46,6.903683
17,simd-v0,46,1.091596
17,ours-406478,47,0.629585
17,KACTL,47,6.886290
17,simd-v0,47,1.083422
17,393435,47,0.796671
17,KACTL,48,6.896919
17,simd-v0,48,1.085587
17,393435,48,0.793391
17,ours-406478,48,0.632911
17,simd-v0,49,1.072743
17,393435,49,0.786542
17,ours-406478,49,0.638743
17,KACTL,49,6.871002
17,393435,50,0.808751
17,ours-406478,50,0.637260
17,KACTL,50,6.876234
17,simd-v0,50,1.085190
17,ours-406478,51,0.629530
17,KACTL,51,6.869625
17,simd-v0,51,1.099061
17,393435,51,0.785435
17,KACTL,52,6.856392
17,simd-v0,52,1.096426
17,393435,52,0.785271
17,ours-406478,52,0.639173
17,simd-v0,53,1.074171
17,393435,53,0.794232
17,ours-406478,53,0.637703
17,KACTL,53,6.890793
17,393435,54,0.810252
17,ours-406478,54,0.629238
17,KACTL,54,6.859887
17,simd-v0,54,1.098641
17,ours-406478,55,0.628928
17,KACTL,55,6.877838
17,simd-v0,55,1.085923
17,393435,55,0.795757
17,KACTL,56,6.861724
17,simd-v0,56,1.086031
17,393435,56,0.794572
17,ours-406478,56,0.637818
17,simd-v0,57,1.070702
17,393435,57,0.796022
17,ours-406478,57,0.648390
17,KACTL,57,6.892034
17,393435,58,0.808185
17,ours-406478,58,0.628763
17,KACTL,58,6.870967
17,simd-v0,58,1.086476
17,ours-406478,59,0.628482
17,KACTL,59,6.880440
17,simd-v0,59,1.089539
17,393435,59,0.794135
17,KACTL,60,6.868543
17,simd-v0,60,1.088165
17,393435,60,0.793860
17,ours-406478,60,0.637947
17,simd-v0,61,1.071929
17,393435,61,0.793608
17,ours-406478,61,0.637211
17,KACTL,61,6.924998
17,393435,62,0.809783
17,ours-406478,62,0.629351
17,KACTL,62,6.871795
17,simd-v0,62,1.087198
17,ours-406478,63,0.637757
17,KACTL,63,6.867388
17,simd-v0,63,1.093819
17,393435,63,0.794339
17,KACTL,64,6.969863
17,simd-v0,64,1.086314
17,393435,64,0.794739
17,ours-406478,64,0.637894
17,simd-v0,65,1.070720
17,393435,65,0.793667
17,ours-406478,65,0.637458
17,KACTL,65,7.027090
17,393435,66,0.807118
17,ours-406478,66,0.629305
17,KACTL,66,6.879203
17,simd-v0,66,1.090035
17,ours-406478,67,0.629012
17,KACTL,67,6.882513
17,simd-v0,67,1.086460
17,393435,67,0.793904
17,KACTL,68,6.882847
17,simd-v0,68,1.089964
17,393435,68,0.794577
17,ours-406478,68,0.658487
17,simd-v0,69,1.073182
17,393435,69,0.794847
17,ours-406478,69,0.637620
17,KACTL,69,6.876730
17,393435,70,0.807946
17,ours-406478,70,0.628792
17,KACTL,70,6.869103
17,simd-v0,70,1.088689
17,ours-406478,71,0.638247
17,KACTL,71,6.881449
17,simd-v0,71,1.091292
17,393435,71,0.794042
17,KACTL,72,6.927665
17,simd-v0,72,1.087352
17,393435,72,0.794390
17,ours-406478,72,0.638036
17,simd-v0,73,1.072187
17,393435,73,0.793465
17,ours-406478,73,0.637881
17,KACTL,73,7.017165
17,393435,74,0.821346
17,ours-406478,74,0.628456
17,KACTL,74,7.038025
17,simd-v0,74,1.091308
17,ours-406478,75,0.629107
17,KACTL,75,6.919331
17,simd-v0,75,1.093585
17,393435,75,0.785772
17,KACTL,76,6.876714
17,simd-v0,76,1.121759
17,393435,76,0.785582
17,ours-406478,76,0.629675
17,simd-v0,77,1.071597
17,393435,77,0.793949
17,ours-406478,77,0.637897
17,KACTL,77,6.865435
17,393435,78,0.810914
17,ours-406478,78,0.629116
17,KACTL,78,6.863318
17,simd-v0,78,1.097334
17,ours-406478,79,0.629223
17,KACTL,79,6.906925
17,simd-v0,79,1.091726
17,393435,79,0.785532
17,KACTL,80,6.885976
17,simd-v0,80,1.093692
17,393435,80,0.785370
17,ours-406478,80,0.639410
17,simd-v0,81,1.071472
17,393435,81,0.794603
17,ours-406478,81,0.637895
17,KACTL,81,6.883358
17,393435,82,0.809249
17,ours-406478,82,0.629020
17,KACTL,82,6.913467
17,simd-v0,82,1.094312
17,ours-406478,83,0.628740
17,KACTL,83,6.904339
17,simd-v0,83,1.093288
17,393435,83,0.795783
17,KACTL,84,6.861461
17,simd-v0,84,1.086497
17,393435,84,0.797610
17,ours-406478,84,0.638301
17,simd-v0,85,1.071658
17,393435,85,0.794453
17,ours-406478,85,0.637757
17,KACTL,85,6.881828
17,393435,86,0.809087
17,ours-406478,86,0.629464
17,KACTL,86,6.872929
17,simd-v0,86,1.096874
17,ours-406478,87,0.629117
17,KACTL,87,6.890009
17,simd-v0,87,1.089481
17,393435,87,0.796746
17,KACTL,88,6.865406
17,simd-v0,88,1.090060
17,393435,88,0.795003
17,ours-406478,88,0.640527
17,simd-v0,89,1.072536
17,393435,89,0.794797
17,ours-406478,89,0.657920
17,KACTL,89,6.879265
17,393435,90,0.815673
17,ours-406478,90,0.629173
17,KACTL,90,6.892575
17,simd-v0,90,1.089502
17,ours-406478,91,0.641442
17,KACTL,91,6.876523
17,simd-v0,91,1.088601
17,393435,91,0.794959
17,KACTL,92,6.877620
17,simd-v0,92,1.091840
17,393435,92,0.794480
17,ours-406478,92,0.638153
17,simd-v0,93,1.076463
17,393435,93,0.793883
17,ours-406478,93,0.637344
17,KACTL,93,6.893946
17,393435,94,0.800556
17,ours-406478,94,0.632827
17,KACTL,94,6.920879
17,simd-v0,94,1.090446
17,ours-406478,95,0.639799
17,KACTL,95,6.900754
17,simd-v0,95,1.090967
17,393435,95,0.794514
17,KACTL,96,6.864115
17,simd-v0,96,1.089983
17,393435,96,0.794319
17,ours-406478,96,0.657345
17,simd-v0,97,1.073727
17,393435,97,0.797202
17,ours-406478,97,0.637380
17,KACTL,97,6.867432
17,393435,98,0.800151
17,ours-406478,98,0.638031
17,KACTL,98,6.914091
17,simd-v0,98,1.087932
17,ours-406478,99,0.637874
17,KACTL,99,6.930453
17,simd-v0,99,1.089992
17,393435,99,0.795416
17,KACTL,100,6.866233
17,simd-v0,100,1.084654
17,393435,100,0.793766
17,ours-406478,100,0.637995
17,simd-v0,101,1.072606
17,393435,101,0.793857
17,ours-406478,101,0.637350
17,KACTL,101,6.877593
17,393435,102,0.798659
17,ours-406478,102,0.637968
17,KACTL,102,6.864595
17,simd-v0,102,1.092277
17,ours-406478,103,0.647910
17,KACTL,103,6.912604
17,simd-v0,103,1.085663
17,393435,103,0.795212
17,KACTL,104,6.872609
17,simd-v0,104,1.093114
17,393435,104,0.794271
17,ours-406478,104,0.638465
17,simd-v0,105,1.072219
17,393435,105,0.794195
17,ours-406478,105,0.628883
17,KACTL,105,6.873648
17,393435,106,0.813784
17,ours-406478,106,0.638443
17,KACTL,106,6.897936
17,simd-v0,106,1.083524
17,ours-406478,107,0.638443
17,KACTL,107,6.903994
17,simd-v0,107,1.086762
17,393435,107,0.794003
17,KACTL,108,6.876799
17,simd-v0,108,1.086263
17,393435,108,0.794166
17,ours-406478,108,0.638128
17,simd-v0,109,1.070652
17,393435,109,0.793801
17,ours-406478,109,0.629064
17,KACTL,109,6.884828
17,393435,110,0.813103
17,ours-406478,110,0.638138
17,KACTL,110,6.876173
17,simd-v0,110,1.091237
17,ours-406478,111,0.638465
17,KACTL,111,6.880173
17,simd-v0,111,1.083952
17,393435,111,0.794317
17,KACTL,112,6.866994
17,simd-v0,112,1.087639
17,393435,112,0.793862
17,ours-406478,112,0.637328
17,simd-v0,113,1.069460
17,393435,113,0.810593
17,ours-406478,113,0.629103
17,KACTL,113,6.873588
17,393435,114,0.810850
17,ours-406478,114,0.638452
17,KACTL,114,6.877396
17,simd-v0,114,1.085051
17,ours-406478,115,0.638535
17,KACTL,115,6.905047
17,simd-v0,115,1.087468
17,393435,115,0.795083
17,KACTL,116,6.865297
17,simd-v0,116,1.090324
17,393435,116,0.793710
17,ours-406478,116,0.629598
17,simd-v0,117,1.082550
17,393435,117,0.785763
17,ours-406478,117,0.629017
17,KACTL,117,6.882254
17,393435,118,0.845210
17,ours-406478,118,0.638053
17,KACTL,118,6.912452
17,simd-v0,118,1.090326
17,ours-406478,119,0.638096
17,KACTL,119,6.871912
17,simd-v0,119,1.089519
17,393435,119,0.802078
17,KACTL,120,6.862562
17,simd-v0,120,1.085249
17,393435,120,0.793686
17,ours-406478,120,0.628803
17,simd-v0,121,1.077388
17,393435,121,0.785244
17,ours-406478,121,0.638043
17,KACTL,121,6.886292
17,393435,122,0.809147
17,ours-406478,122,0.637949
17,KACTL,122,6.876832
17,simd-v0,122,1.090543
17,ours-406478,123,0.637728
17,KACTL,123,6.887501
17,simd-v0,123,1.114390
17,393435,123,0.797578
17,KACTL,124,6.866341
17,simd-v0,124,1.088575
17,393435,124,0.793806
17,ours-406478,124,0.632618
17,simd-v0,125,1.071369
17,393435,125,0.785867
17,ours-406478,125,0.638215
17,KACTL,125,6.898042
17,393435,126,0.811411
17,ours-406478,126,0.638091
17,KACTL,126,6.890956
17,simd-v0,126,1.087040
17,ours-406478,127,0.634420
17,KACTL,127,6.868945
17,simd-v0,127,1.086030
17,393435,127,0.785522
17,KACTL,128,6.864146
17,simd-v0,128,1.083854
17,393435,128,0.785436
17,ours-406478,128,0.629188
17,simd-v0,129,1.076013
17,393435,129,0.794252
17,ours-406478,129,0.637776
17,KACTL,129,6.875067
17,393435,130,0.811198
17,ours-406478,130,0.629068
17,KACTL,130,6.868597
17,simd-v0,130,1.084417
17,ours-406478,131,0.629278
17,KACTL,131,6.879306
17,simd-v0,131,1.091142
17,393435,131,0.785475
17,KACTL,132,6.868586
17,simd-v0,132,1.136283
17,393435,132,0.785959
17,ours-406478,132,0.639391
17,simd-v0,133,1.073217
17,393435,133,0.797139
17,ours-406478,133,0.638687
17,KACTL,133,6.892760
17,393435,134,0.810397
17,ours-406478,134,0.628809
17,KACTL,134,6.860750
17,simd-v0,134,1.096753
17,ours-406478,135,0.629242
17,KACTL,135,6.878384
17,simd-v0,135,1.091862
17,393435,135,0.795533
17,KACTL,136,6.864050
17,simd-v0,136,1.088302
17,393435,136,0.794953
17,ours-406478,136,0.650064
17,simd-v0,137,1.073014
17,393435,137,0.794868
17,ours-406478,137,0.637828
17,KACTL,137,6.870484
17,393435,138,0.809781
17,ours-406478,138,0.628619
17,KACTL,138,6.883098
17,simd-v0,138,1.087129
17,ours-406478,139,0.629381
17,KACTL,139,6.914454
17,simd-v0,139,1.091811
17,393435,139,0.794404
17,KACTL,140,6.879701
17,simd-v0,140,1.089385
17,393435,140,0.794518
17,ours-406478,140,0.638424
17,simd-v0,141,1.069953
17,393435,141,0.793848
17,ours-406478,141,0.637273
17,KACTL,141,6.896110
17,393435,142,0.812258
17,ours-406478,142,0.629380
17,KACTL,142,6.906789
17,simd-v0,142,1.089188
17,ours-406478,143,0.640229
17,KACTL,143,6.895462
17,simd-v0,143,1.090083
17,393435,143,0.794535
17,KACTL,144,6.872612
17,simd-v0,144,1.089401
17,393435,144,0.794092
17,ours-406478,144,0.638235
17,simd-v0,145,1.070060
17,393435,145,0.793446
17,ours-406478,145,0.637722
17,KACTL,145,6.875489
17,393435,146,0.800320
17,ours-406478,146,0.629733
17,KACTL,146,6.894152
17,simd-v0,146,1.097417
17,ours-406478,147,0.638262
17,KACTL,147,6.881643
17,simd-v0,147,1.089835
17,393435,147,0.794640
17,KACTL,148,6.856854
17,simd-v0,148,1.083923
17,393435,148,0.794077
17,ours-406478,148,0.638449
17,simd-v0,149,1.072607
17,393435,149,0.793712
17,ours-406478,149,0.637332
17,KACTL,149,6.923434
17,393435,150,0.803710
17,ours-406478,150,0.629796
17,KACTL,150,6.890209
17,simd-v0,150,1.090947
17,ours-406478,151,0.657956
17,KACTL,151,6.891678
17,simd-v0,151,1.085560
17,393435,151,0.794986
17,KACTL,152,6.927356
17,simd-v0,152,1.087625
17,393435,152,0.794543
17,ours-406478,152,0.638505
17,simd-v0,153,1.071618
17,393435,153,0.794325
17,ours-406478,153,0.637175
17,KACTL,153,6.911680
17,393435,154,0.799756
17,ours-406478,154,0.629438
17,KACTL,154,6.869600
17,simd-v0,154,1.089487
17,ours-406478,155,0.638270
17,KACTL,155,6.864778
17,simd-v0,155,1.090946
17,393435,155,0.793604
17,KACTL,156,6.875628
17,simd-v0,156,1.088903
17,393435,156,0.794464
17,ours-406478,156,0.638316
17,simd-v0,157,1.070232
17,393435,157,0.793485
17,ours-406478,157,0.629274
17,KACTL,157,6.878516
18,KACTL,0,14.513258
18,simd-v0,0,2.266248
18,393435,0,1.699633
18,ours-406478,0,1.391142
18,simd-v0,1,2.250816
18,393435,1,1.710981
18,ours-406478,1,1.390301
18,KACTL,1,14.434210
18,393435,2,1.871124
18,ours-406478,2,1.388503
18,KACTL,2,14.515705
18,simd-v0,2,2.273259
18,ours-406478,3,1.390426
18,KACTL,3,14.407385
18,simd-v0,3,2.273483
18,393435,3,1.702261
18,KACTL,4,14.484889
18,simd-v0,4,2.271946
18,393435,4,1.705548
18,ours-406478,4,1.379163
18,simd-v0,5,2.241435
18,393435,5,1.719335
18,ours-406478,5,1.389373
18,KACTL,5,14.474981
18,393435,6,1.719017
18,ours-406478,6,1.379298
18,KACTL,6,14.505967
18,simd-v0,6,2.264046
18,ours-406478,7,1.390734
18,KACTL,7,14.368838
18,simd-v0,7,2.268774
18,393435,7,1.701921
18,KACTL,8,14.506710
18,simd-v0,8,2.278161
18,393435,8,1.702401
18,ours-406478,8,1.379409
18,simd-v0,9,2.248090
18,393435,9,1.701483
18,ours-406478,9,1.391750
18,KACTL,9,14.370677
18,393435,10,1.715001
18,ours-406478,10,1.387639
18,KACTL,10,14.468774
18,simd-v0,10,2.257579
18,ours-406478,11,1.380685
18,KACTL,11,14.431728
18,simd-v0,11,2.292269
18,393435,11,1.703140
18,KACTL,12,14.482908
18,simd-v0,12,2.269875
18,393435,12,1.701584
18,ours-406478,12,1.379694
18,simd-v0,13,2.247739
18,393435,13,1.706246
18,ours-406478,13,1.389842
18,KACTL,13,14.457070
18,393435,14,1.715927
18,ours-406478,14,1.394175
18,KACTL,14,14.495547
18,simd-v0,14,2.287197
18,ours-406478,15,1.391239
18,KACTL,15,14.403118
18,simd-v0,15,2.307553
18,393435,15,1.722442
18,KACTL,16,14.548512
18,simd-v0,16,2.304020
18,393435,16,1.711855
18,ours-406478,16,1.381359
18,simd-v0,17,2.258365
18,393435,17,1.701268
18,ours-406478,17,1.381459
18,KACTL,17,14.492109
18,393435,18,1.730122
18,ours-406478,18,1.381614
18,KACTL,18,14.536183
18,simd-v0,18,2.265567
18,ours-406478,19,1.390594
18,KACTL,19,14.415767
18,simd-v0,19,2.254507
18,393435,19,1.720487
18,KACTL,20,14.501640
18,simd-v0,20,2.262332
18,393435,20,1.710907
18,ours-406478,20,1.385696
18,simd-v0,21,2.255532
18,393435,21,1.709774
18,ours-406478,21,1.380437
18,KACTL,21,14.396557
18,393435,22,1.727592
18,ours-406478,22,1.380133
18,KACTL,22,14.484275
18,simd-v0,22,2.266995
18,ours-406478,23,1.388757
18,KACTL,23,14.376446
18,simd-v0,23,2.277352
18,393435,23,1.710906
18,KACTL,24,14.501597
18,simd-v0,24,2.284153
18,393435,24,1.714294
18,ours-406478,24,1.382033
18,simd-v0,25,2.255840
18,393435,25,1.702255
18,ours-406478,25,1.379478
18,KACTL,25,14.380652
18,393435,26,1.716250
18,ours-406478,26,1.379886
18,KACTL,26,14.495899
18,simd-v0,26,2.265361
18,ours-406478,27,1.434450
18,KACTL,27,14.414631
18,simd-v0,27,2.278539
18,393435,27,1.730021
18,KACTL,28,14.482419
18,simd-v0,28,2.284831
18,393435,28,1.710766
18,ours-406478,28,1.382043
18,simd-v0,29,2.257209
18,393435,29,1.707013
18,ours-406478,29,1.384327
18,KACTL,29,14.413352
18,393435,30,1.721067
18,ours-406478,30,1.379794
18,KACTL,30,14.502468
18,simd-v0,30,2.263768
18,ours-406478,31,1.387686
18,KACTL,31,14.410926
18,simd-v0,31,2.278532
18,393435,31,1.711058
18,KACTL,32,14.481239
18,simd-v0,32,2.259820
18,393435,32,1.712042
18,ours-406478,32,1.381795
18,simd-v0,33,2.251622
18,393435,33,1.713916
18,ours-406478,33,1.379899
18,KACTL,33,14.414366
18,393435,34,1.739148
18,ours-406478,34,1.385100
18,KACTL,34,14.459392
18,simd-v0,34,2.263123
18,ours-406478,35,1.403681
18,KACTL,35,14.380671
18,simd-v0,35,2.276383
18,393435,35,1.710994
18,KACTL,36,14.479946
18,simd-v0,36,2.273762
18,393435,36,1.706902
18,ours-406478,36,1.381400
18,simd-v0,37,2.257636
18,393435,37,1.701478
18,ours-406478,37,1.379845
18,KACTL,37,14.442985
18,393435,38,1.730316
18,ours-406478,38,1.381400
18,KACTL,38,14.498394
18,simd-v0,38,2.262901
18,ours-406478,39,1.389844
18,KACTL,39,14.365190
18,simd-v0,39,2.276142
18,393435,39,1.712309
18,KACTL,40,14.529134
18,simd-v0,40,2.273788
18,393435,40,1.709696
18,ours-406478,40,1.391210
18,simd-v0,41,2.250445
18,393435,41,1.701656
18,ours-406478,41,1.379794
18,KACTL,41,14.480090
18,393435,42,1.723976
18,ours-406478,42,1.380061
18,KACTL,42,14.500246
18,simd-v0,42,2.260418
18,ours-406478,43,1.404838
18,KACTL,43,14.358894
18,simd-v0,43,2.275868
18,393435,43,1.709615
18,KACTL,44,14.480818
18,simd-v0,44,2.272782
18,393435,44,1.714405
18,ours-406478,44,1.379553
18,simd-v0,45,2.254497
18,393435,45,1.701472
18,ours-406478,45,1.381209
18,KACTL,45,14.396445
18,393435,46,1.716987
18,ours-406478,46,1.379742
18,KACTL,46,14.465752
18,simd-v0,46,2.261976
18,ours-406478,47,1.389713
18,KACTL,47,14.418125
18,simd-v0,47,2.290238
18,393435,47,1.712777
18,KACTL,48,14.522113
18,simd-v0,48,2.274203
18,393435,48,1.708562
18,ours-406478,48,1.380816
18,simd-v0,49,2.255387
18,393435,49,1.702744
18,ours-406478,49,1.385347
18,KACTL,49,14.385801
18,393435,50,1.717346
18,ours-406478,50,1.381161
18,KACTL,50,14.767784
18,simd-v0,50,2.262626
18,ours-406478,51,1.379246
18,KACTL,51,14.642959
18,simd-v0,51,2.261865
18,393435,51,1.723660
18,KACTL,52,14.516570
18,simd-v0,52,2.260643
18,393435,52,1.711201
18,ours-406478,52,1.390614
18,simd-v0,53,2.250692
18,393435,53,1.713968
18,ours-406478,53,1.380662
18,KACTL,53,14.378762
18,393435,54,1.729453
18,ours-406478,54,1.380325
18,KACTL,54,14.525828
18,simd-v0,54,2.272075
18,ours-406478,55,1.385399
18,KACTL,55,14.431622
18,simd-v0,55,2.263601
18,393435,55,1.711581
18,KACTL,56,14.481620
18,simd-v0,56,2.280479
18,393435,56,1.710103
18,ours-406478,56,1.390395
18,simd-v0,57,2.249244
18,393435,57,1.715892
18,ours-406478,57,1.381142
18,KACTL,57,14.445142
18,393435,58,1.733369
18,ours-406478,58,1.390713
18,KACTL,58,14.545328
18,simd-v0,58,2.279779
18,ours-406478,59,1.381737
18,KACTL,59,14.402978
18,simd-v0,59,2.263123
18,393435,59,1.722363
18,KACTL,60,14.510929
18,simd-v0,60,2.260003
18,393435,60,1.713090
18,ours-406478,60,1.389040
18,simd-v0,61,2.252177
18,393435,61,1.712622
18,ours-406478,61,1.389687
18,KACTL,61,14.413286
18,393435,62,1.726374
18,ours-406478,62,1.389910
18,KACTL,62,14.489458
18,simd-v0,62,2.274286
18,ours-406478,63,1.381833
18,KACTL,63,14.391488
18,simd-v0,63,2.267667
18,393435,63,1.711695
18,KACTL,64,14.490904
18,simd-v0,64,2.316957
18,393435,64,1.711719
18,ours-406478,64,1.389650
18,simd-v0,65,2.245552
18,393435,65,1.732988
18,ours-406478,65,1.391769
18,KACTL,65,14.411339
18,393435,66,1.725041
18,ours-406478,66,1.388880
18,KACTL,66,14.629687
18,simd-v0,66,2.285695
18,ours-406478,67,1.379742
18,KACTL,67,14.396942
18,simd-v0,67,2.264740
18,393435,67,1.704058
18,KACTL,68,14.537640
18,simd-v0,68,2.271885
18,393435,68,1.702513
18,ours-406478,68,1.379383
18,simd-v0,69,2.250603
18,393435,69,1.702798
18,ours-406478,69,1.389784
18,KACTL,69,14.388909
18,393435,70,1.717413
18,ours-406478,70,1.387892
18,KACTL,70,14.528167
18,simd-v0,70,2.266684
18,ours-406478,71,1.432692
18,KACTL,71,14.435612
18,simd-v0,71,2.268187
18,393435,71,1.702353
18,KACTL,72,14.527383
18,simd-v0,72,2.273395
18,393435,72,1.709067
18,ours-406478,72,1.385238
18,simd-v0,73,2.256644
18,393435,73,1.700704
18,ours-406478,73,1.380341
18,KACTL,73,14.460514
18,393435,74,1.723246
18,ours-406478,74,1.380837
18,KACTL,74,14.530511
18,simd-v0,74,2.260691
19,KACTL,0,30.473657
19,simd-v0,0,4.864974
19,393435,0,3.586803
19,ours-406478,0,2.876807
19,simd-v0,1,4.851651
19,393435,1,3.547931
19,ours-406478,1,2.889122
19,KACTL,1,30.367829
19,393435,2,3.581733
19,ours-406478,2,2.869516
19,KACTL,2,30.514891
19,simd-v0,2,4.863312
19,ours-406478,3,2.871726
19,KACTL,3,30.338576
19,simd-v0,3,4.889220
19,393435,3,3.568108
19,KACTL,4,30.651763
19,simd-v0,4,4.863179
19,393435,4,3.598100
19,ours-406478,4,2.905400
19,simd-v0,5,4.927709
19,393435,5,3.598676
19,ours-406478,5,2.927878
19,KACTL,5,30.488417
19,393435,6,3.576051
19,ours-406478,6,2.874116
19,KACTL,6,30.514147
19,simd-v0,6,4.866493
19,ours-406478,7,2.857864
19,KACTL,7,30.400570
19,simd-v0,7,4.861899
19,393435,7,3.547262
19,KACTL,8,30.526446
19,simd-v0,8,4.854848
19,393435,8,3.555301
19,ours-406478,8,2.984627
19,simd-v0,9,4.844818
19,393435,9,3.564375
19,ours-406478,9,2.872600
19,KACTL,9,30.420463
19,393435,10,3.586974
19,ours-406478,10,2.870721
19,KACTL,10,30.495219
19,simd-v0,10,4.857336
19,ours-406478,11,2.874244
19,KACTL,11,30.359053
19,simd-v0,11,4.879990
19,393435,11,3.564037
19,KACTL,12,30.532165
19,simd-v0,12,4.862440
19,393435,12,3.585381
19,ours-406478,12,2.879996
19,simd-v0,13,4.844897
19,393435,13,3.563499
19,ours-406478,13,2.891428
19,KACTL,13,30.352002
19,393435,14,3.564310
19,ours-406478,14,2.868952
19,KACTL,14,30.663589
19,simd-v0,14,4.877609
19,ours-406478,15,2.873215
19,KACTL,15,30.435138
19,simd-v0,15,4.869510
19,393435,15,3.589391
19,KACTL,16,30.618437
19,simd-v0,16,4.861730
19,393435,16,3.549091
19,ours-406478,16,2.870981
19,simd-v0,17,4.847411
19,393435,17,3.557460
19,ours-406478,17,2.875481
19,KACTL,17,30.665367
19,393435,18,3.579905
19,ours-406478,18,2.871097
19,KACTL,18,30.579896
19,simd-v0,18,4.873472
19,ours-406478,19,2.859378
19,KACTL,19,30.345810
19,simd-v0,19,4.848876
19,393435,19,3.548122
19,KACTL,20,30.565684
19,simd-v0,20,4.863141
19,393435,20,3.546944
19,ours-406478,20,2.875181
19,simd-v0,21,4.832569
19,393435,21,3.560366
19,ours-406478,21,2.878506
19,KACTL,21,30.358664
19,393435,22,3.578414
19,ours-406478,22,2.874264
19,KACTL,22,30.516706
19,simd-v0,22,4.868427
19,ours-406478,23,2.865675
19,KACTL,23,30.397164
19,simd-v0,23,4.865606
19,393435,23,3.551961
19,KACTL,24,30.491136
19,simd-v0,24,4.866556
19,393435,24,3.552222
19,ours-406478,24,2.900118
19,simd-v0,25,4.866861
19,393435,25,3.556914
19,ours-406478,25,2.872817
19,KACTL,25,30.495864
19,393435,26,3.577586
19,ours-406478,26,2.873201
19,KACTL,26,30.472484
19,simd-v0,26,4.857080
19,ours-406478,27,2.873310
19,KACTL,27,30.455005
19,simd-v0,27,4.866526
19,393435,27,3.575564
19,KACTL,28,30.620861
19,simd-v0,28,4.859789
19,393435,28,3.557052
19,ours-406478,28,2.881188
19,simd-v0,29,4.851201
19,393435,29,3.545036
19,ours-406478,29,2.868365
19,KACTL,29,30.383984
19,393435,30,3.561854
19,ours-406478,30,2.858320
19,KACTL,30,30.528007
19,simd-v0,30,4.845942
19,ours-406478,31,2.870440
19,KACTL,31,30.353209
19,simd-v0,31,4.855997
19,393435,31,3.570247
19,KACTL,32,31.142831
19,simd-v0,32,4.884286
19,393435,32,3.566380
19,ours-406478,32,2.875590
19,simd-v0,33,4.846790
19,393435,33,3.562102
19,ours-406478,33,2.869642
19,KACTL,33,30.366971
19,393435,34,3.577401
19,ours-406478,34,2.874663
19,KACTL,34,30.571127
19,simd-v0,34,4.865668
20,KACTL,0,68.171738
20,simd-v0,0,10.423425
20,393435,0,7.567530
20,ours-406478,0,6.274343
20,simd-v0,1,10.375791
20,393435,1,7.669699
20,ours-406478,1,6.301016
20,KACTL,1,65.460163
20,393435,2,7.588527
20,ours-406478,2,6.270641
20,KACTL,2,68.120895
20,simd-v0,2,10.482050
20,ours-406478,3,6.256872
20,KACTL,3,65.497734
20,simd-v0,3,10.362312
20,393435,3,7.581132
20,KACTL,4,68.349954
20,simd-v0,4,10.382613
20,393435,4,7.586462
20,ours-406478,4,6.306897
20,simd-v0,5,10.384721
20,393435,5,7.563871
20,ours-406478,5,6.261112
20,KACTL,5,65.606115
20,393435,6,7.594885
20,ours-406478,6,6.284950
20,KACTL,6,68.473422
20,simd-v0,6,10.998601
20,ours-406478,7,8.295720
20,KACTL,7,70.556390
20,simd-v0,7,10.608390
20,393435,7,7.986042
20,KACTL,8,72.385643
20,simd-v0,8,10.594276
20,393435,8,7.647398
20,ours-406478,8,6.469918
20,simd-v0,9,10.432915
20,393435,9,7.588895
20,ours-406478,9,6.278897
20,KACTL,9,69.925581
20,393435,10,11.216137
20,ours-406478,10,8.856103
20,KACTL,10,85.479615
20,simd-v0,10,11.561682
20,ours-406478,11,6.373545
20,KACTL,11,65.904389
20,simd-v0,11,10.789322
20,393435,11,8.154369
20,KACTL,12,68.334398
20,simd-v0,12,10.634494
20,393435,12,7.647451
20,ours-406478,12,6.445617
20,simd-v0,13,10.408751
20,393435,13,7.586026
20,ours-406478,13,6.268736
20,KACTL,13,65.657610
20,393435,14,7.603548
20,ours-406478,14,6.307261
20,KACTL,14,68.371756
20,simd-v0,14,10.737520
20,ours-406478,15,6.414950
20,KACTL,15,65.698493
20,simd-v0,15,10.480397
20,393435,15,7.837870
21,KACTL,0,221.846739
21,simd-v0,0,22.862790
21,393435,0,16.593686
21,ours-406478,0,13.617657
21,simd-v0,1,22.081690
21,393435,1,15.923581
21,ours-406478,1,13.206772
21,KACTL,1,181.323087
21,393435,2,16.336841
21,ours-406478,2,13.550758
21,KACTL,2,222.962432
21,simd-v0,2,24.751015
21,ours-406478,3,13.588495
21,KACTL,3,180.525858
21,simd-v0,3,22.618684
21,393435,3,16.698453
21,KACTL,4,221.145159
21,simd-v0,4,22.453587
21,393435,4,16.245820
21,ours-406478,4,13.769948
21,simd-v0,5,22.199420
21,393435,5,15.955733
21,ours-406478,5,13.110648
21,KACTL,5,180.606732
21,393435,6,16.122192
21,ours-406478,6,13.509537
21,KACTL,6,221.548581
21,simd-v0,6,23.075810
21,ours-406478,7,13.421449
21,KACTL,7,179.860237
21,simd-v0,7,22.476506
21,393435,7,16.812888
21,KACTL,8,221.321467
21,simd-v0,8,22.484508
21,393435,8,16.232795
21,ours-406478,8,13.726011
21,simd-v0,9,22.055011
21,393435,9,15.880451
21,ours-406478,9,13.122414
21,KACTL,9,180.195344
21,393435,10,16.046163
21,ours-406478,10,13.272302
21,KACTL,10,221.089870
21,simd-v0,10,22.607917
22,KACTL,0,541.819160
22,simd-v0,0,48.941547
22,393435,0,35.554870
22,ours-406478,0,29.539517
22,simd-v0,1,46.733077
22,393435,1,34.354835
22,ours-406478,1,28.519057
22,KACTL,1,487.689411
22,393435,2,35.309214
22,ours-406478,2,29.490686
22,KACTL,2,541.577509
22,simd-v0,2,49.087335
22,ours-406478,3,29.501681
22,KACTL,3,485.457452
22,simd-v0,3,48.869817
22,393435,3,35.496976
22,KACTL,4,539.674174
22,simd-v0,4,48.872385
22,393435,4,35.408463
22,ours-406478,4,29.430183
22,simd-v0,5,47.603689
22,393435,5,34.760144
22,ours-406478,5,28.906200
22,KACTL,5,492.182516
22,393435,6,36.295546
22,ours-406478,6,29.507052
22,KACTL,6,540.194955
22,simd-v0,6,48.933779
22,ours-406478,7,29.552675
22,KACTL,7,488.468246
22,simd-v0,7,49.399533
22,393435,7,35.412542
22,KACTL,8,542.416785
22,simd-v0,8,49.153594
22,393435,8,35.352463
22,ours-406478,8,29.585015
22,simd-v0,9,48.054912
22,393435,9,34.721210
22,ours-406478,9,28.704287
22,KACTL,9,486.965515
22,393435,10,35.445986
22,ours-406478,10,29.484615
22,KACTL,10,541.405421
22,simd-v0,10,48.925672
