lg,impl,rep,ms
10,KACTL,0,0.034255
10,simd-v0,0,0.008928
10,393435,0,0.005363
10,ours-406478,0,0.003951
10,simd-v0,1,0.008828
10,393435,1,0.004688
10,ours-406478,1,0.003702
10,KACTL,1,0.034323
10,393435,2,0.005050
10,ours-406478,2,0.003698
10,KACTL,2,0.034079
10,simd-v0,2,0.008916
10,ours-406478,3,0.003707
10,KACTL,3,0.034164
10,simd-v0,3,0.008897
10,393435,3,0.004700
10,KACTL,4,0.034052
10,simd-v0,4,0.008917
10,393435,4,0.004660
10,ours-406478,4,0.003673
10,simd-v0,5,0.008785
10,393435,5,0.004661
10,ours-406478,5,0.003664
10,KACTL,5,0.042722
10,393435,6,0.005087
10,ours-406478,6,0.003687
10,KACTL,6,0.034094
10,simd-v0,6,0.008923
10,ours-406478,7,0.003699
10,KACTL,7,0.034119
10,simd-v0,7,0.008903
10,393435,7,0.004666
10,KACTL,8,0.034140
10,simd-v0,8,0.008907
10,393435,8,0.004676
10,ours-406478,8,0.003711
10,simd-v0,9,0.008752
10,393435,9,0.005261
10,ours-406478,9,0.003828
10,KACTL,9,0.035332
10,393435,10,0.005216
10,ours-406478,10,0.003805
10,KACTL,10,0.035210
10,simd-v0,10,0.009206
10,ours-406478,11,0.003813
10,KACTL,11,0.035258
10,simd-v0,11,0.009221
10,393435,11,0.004847
10,KACTL,12,0.035501
10,simd-v0,12,0.009338
10,393435,12,0.004988
10,ours-406478,12,0.003957
10,simd-v0,13,0.009341
10,393435,13,0.004982
10,ours-406478,13,0.003937
10,KACTL,13,0.036488
10,393435,14,0.005048
10,ours-406478,14,0.003942
10,KACTL,14,0.036395
10,simd-v0,14,0.009372
10,ours-406478,15,0.004149
10,KACTL,15,0.037681
10,simd-v0,15,0.009835
10,393435,15,0.005167
10,KACTL,16,0.037729
10,simd-v0,16,0.009840
10,393435,16,0.005178
10,ours-406478,16,0.004124
10,simd-v0,17,0.009641
10,393435,17,0.005163
10,ours-406478,17,0.004093
10,KACTL,17,0.037884
10,393435,18,0.018581
10,ours-406478,18,0.004090
10,KACTL,18,0.037728
10,simd-v0,18,0.009806
10,ours-406478,19,0.004123
10,KACTL,19,0.037720
10,simd-v0,19,0.009815
10,393435,19,0.005191
10,KACTL,20,0.038003
10,simd-v0,20,0.009836
10,393435,20,0.005187
10,ours-406478,20,0.004091
10,simd-v0,21,0.009668
10,393435,21,0.005152
10,ours-406478,21,0.004053
10,KACTL,21,0.038148
10,393435,22,0.005574
10,ours-406478,22,0.004073
10,KACTL,22,0.037805
10,simd-v0,22,0.017190
10,ours-406478,23,0.004080
10,KACTL,23,0.037899
10,simd-v0,23,0.009830
10,393435,23,0.005154
10,KACTL,24,0.037695
10,simd-v0,24,0.009844
10,393435,24,0.005174
10,ours-406478,24,0.004066
10,simd-v0,25,0.009659
10,393435,25,0.005890
10,ours-406478,25,0.003664
10,KACTL,25,0.034194
10,393435,26,0.005023
10,ours-406478,26,0.003701
10,KACTL,26,0.034082
10,simd-v0,26,0.008915
10,ours-406478,27,0.003705
10,KACTL,27,0.034117
10,simd-v0,27,0.008849
10,393435,27,0.004680
10,KACTL,28,0.034349
10,simd-v0,28,0.008886
10,393435,28,0.004677
10,ours-406478,28,0.003694
10,simd-v0,29,0.008731
10,393435,29,0.004672
10,ours-406478,29,0.003696
10,KACTL,29,0.034340
10,393435,30,0.005043
10,ours-406478,30,0.003687
10,KACTL,30,0.034075
10,simd-v0,30,0.008899
10,ours-406478,31,0.003705
10,KACTL,31,0.034078
10,simd-v0,31,0.008910
10,393435,31,0.004669
10,KACTL,32,0.034293
10,simd-v0,32,0.008864
10,393435,32,0.004670
10,ours-406478,32,0.003710
10,simd-v0,33,0.008724
10,393435,33,0.004658
10,ours-406478,33,0.003688
10,KACTL,33,0.034223
10,393435,34,0.005041
10,ours-406478,34,0.003689
10,KACTL,34,0.034050
10,simd-v0,34,0.008873
10,ours-406478,35,0.003682
10,KACTL,35,0.034155
10,simd-v0,35,0.008889
10,393435,35,0.004686
10,KACTL,36,0.034249
10,simd-v0,36,0.008882
10,393435,36,0.004669
10,ours-406478,36,0.003687
10,simd-v0,37,0.008740
10,393435,37,0.004671
10,ours-406478,37,0.003703
10,KACTL,37,0.034140
10,393435,38,0.005042
10,ours-406478,38,0.003704
10,KACTL,38,0.034098
10,simd-v0,38,0.008885
10,ours-406478,39,0.003705
10,KACTL,39,0.034081
10,simd-v0,39,0.008744
10,393435,39,0.004671
10,KACTL,40,0.034022
10,simd-v0,40,0.008819
10,393435,40,0.004653
10,ours-406478,40,0.003678
10,simd-v0,41,0.008732
10,393435,41,0.004693
10,ours-406478,41,0.003699
10,KACTL,41,0.034475
10,393435,42,0.004760
10,ours-406478,42,0.003685
10,KACTL,42,0.034071
10,simd-v0,42,0.008809
10,ours-406478,43,0.003684
10,KACTL,43,0.034160
10,simd-v0,43,0.008777
10,393435,43,0.004678
10,KACTL,44,0.034110
10,simd-v0,44,0.008776
10,393435,44,0.004722
10,ours-406478,44,0.003684
10,simd-v0,45,0.008775
10,393435,45,0.004685
10,ours-406478,45,0.003700
10,KACTL,45,0.034219
10,393435,46,0.004731
10,ours-406478,46,0.003686
10,KACTL,46,0.034060
10,simd-v0,46,0.008768
10,ours-406478,47,0.003700
10,KACTL,47,0.034089
10,simd-v0,47,0.008789
10,393435,47,0.004682
10,KACTL,48,0.034054
10,simd-v0,48,0.008778
10,393435,48,0.004679
10,ours-406478,48,0.003692
10,simd-v0,49,0.008706
10,393435,49,0.004665
10,ours-406478,49,0.003688
10,KACTL,49,0.034123
10,393435,50,0.004737
10,ours-406478,50,0.003696
10,KACTL,50,0.034008
10,simd-v0,50,0.008795
10,ours-406478,51,0.003679
10,KACTL,51,0.034080
10,simd-v0,51,0.008810
10,393435,51,0.004663
10,KACTL,52,0.034138
10,simd-v0,52,0.008886
10,393435,52,0.004676
10,ours-406478,52,0.003724
10,simd-v0,53,0.008749
10,393435,53,0.004676
10,ours-406478,53,0.003686
10,KACTL,53,0.034094
10,393435,54,0.005034
10,ours-406478,54,0.003695
10,KACTL,54,0.034060
10,simd-v0,54,0.008896
10,ours-406478,55,0.003690
10,KACTL,55,0.034067
10,simd-v0,55,0.008941
10,393435,55,0.004679
10,KACTL,56,0.034096
10,simd-v0,56,0.008894
10,393435,56,0.004665
10,ours-406478,56,0.003705
10,simd-v0,57,0.008737
10,393435,57,0.004662
10,ours-406478,57,0.003681
10,KACTL,57,0.034067
10,393435,58,0.005029
10,ours-406478,58,0.003668
10,KACTL,58,0.034040
10,simd-v0,58,0.008886
10,ours-406478,59,0.003703
10,KACTL,59,0.040636
10,simd-v0,59,0.008875
10,393435,59,0.004654
10,KACTL,60,0.034020
10,simd-v0,60,0.008906
10,393435,60,0.004682
10,ours-406478,60,0.003696
10,simd-v0,61,0.008748
10,393435,61,0.004668
10,ours-406478,61,0.003702
10,KACTL,61,0.036743
10,393435,62,0.005057
10,ours-406478,62,0.003680
10,KACTL,62,0.034151
10,simd-v0,62,0.009679
10,ours-406478,63,0.003665
10,KACTL,63,0.035516
10,simd-v0,63,0.009649
10,393435,63,0.004832
10,KACTL,64,0.035528
10,simd-v0,64,0.009695
10,393435,64,0.004821
10,ours-406478,64,0.003639
10,simd-v0,65,0.009023
10,393435,65,0.004824
10,ours-406478,65,0.003647
10,KACTL,65,0.035567
10,393435,66,0.006245
10,ours-406478,66,0.003613
10,KACTL,66,0.035520
10,simd-v0,66,0.009683
10,ours-406478,67,0.003679
10,KACTL,67,0.035816
10,simd-v0,67,0.009665
10,393435,67,0.004808
10,KACTL,68,0.035468
10,simd-v0,68,0.009682
10,393435,68,0.004826
10,ours-406478,68,0.003656
10,simd-v0,69,0.009000
10,393435,69,0.004822
10,ours-406478,69,0.003641
10,KACTL,69,0.035903
10,393435,70,0.006239
10,ours-406478,70,0.003631
10,KACTL,70,0.036014
10,simd-v0,70,0.009681
10,ours-406478,71,0.003673
10,KACTL,71,0.036179
10,simd-v0,71,0.009666
10,393435,71,0.004833
10,KACTL,72,0.036054
10,simd-v0,72,0.009648
10,393435,72,0.004821
10,ours-406478,72,0.003667
10,simd-v0,73,0.009013
10,393435,73,0.004831
10,ours-406478,73,0.003638
10,KACTL,73,0.035944
10,393435,74,0.006243
10,ours-406478,74,0.003636
10,KACTL,74,0.035681
10,simd-v0,74,0.008885
10,ours-406478,75,0.003542
10,KACTL,75,0.034066
10,simd-v0,75,0.008871
10,393435,75,0.004664
10,KACTL,76,0.034076
10,simd-v0,76,0.008894
10,393435,76,0.004656
10,ours-406478,76,0.003535
10,simd-v0,77,0.008741
10,393435,77,0.029373
10,ours-406478,77,0.003541
10,KACTL,77,0.034248
10,393435,78,0.005063
10,ours-406478,78,0.003502
10,KACTL,78,0.034098
10,simd-v0,78,0.008875
10,ours-406478,79,0.003530
10,KACTL,79,0.034099
10,simd-v0,79,0.008893
10,393435,79,0.004671
10,KACTL,80,0.034085
10,simd-v0,80,0.008864
10,393435,80,0.004662
10,ours-406478,80,0.003542
10,simd-v0,81,0.008759
10,393435,81,0.004660
10,ours-406478,81,0.003532
10,KACTL,81,0.034181
10,393435,82,0.005043
10,ours-406478,82,0.003497
10,KACTL,82,0.034084
10,simd-v0,82,0.008900
10,ours-406478,83,0.003540
10,KACTL,83,0.034145
10,simd-v0,83,0.008856
10,393435,83,0.004695
10,KACTL,84,0.034101
10,simd-v0,84,0.008844
10,393435,84,0.004657
10,ours-406478,84,0.003515
10,simd-v0,85,0.008710
10,393435,85,0.004646
10,ours-406478,85,0.003522
10,KACTL,85,0.034193
10,393435,86,0.005036
10,ours-406478,86,0.003531
10,KACTL,86,0.034084
10,simd-v0,86,0.008901
10,ours-406478,87,0.003534
10,KACTL,87,0.034211
10,simd-v0,87,0.008728
10,393435,87,0.004684
10,KACTL,88,0.034270
10,simd-v0,88,0.008734
10,393435,88,0.004679
10,ours-406478,88,0.003490
10,simd-v0,89,0.008749
10,393435,89,0.004670
10,ours-406478,89,0.003549
10,KACTL,89,0.034252
10,393435,90,0.004669
10,ours-406478,90,0.003504
10,KACTL,90,0.034091
10,simd-v0,90,0.008720
10,ours-406478,91,0.003555
10,KACTL,91,0.034344
10,simd-v0,91,0.008731
10,393435,91,0.004700
10,KACTL,92,0.034280
10,simd-v0,92,0.008736
10,393435,92,0.004666
10,ours-406478,92,0.003541
10,simd-v0,93,0.008717
10,393435,93,0.004666
10,ours-406478,93,0.003519
10,KACTL,93,0.034117
10,393435,94,0.004680
10,ours-406478,94,0.003533
10,KACTL,94,0.034026
10,simd-v0,94,0.008715
10,ours-406478,95,0.003558
10,KACTL,95,0.040585
10,simd-v0,95,0.008885
10,393435,95,0.004688
10,KACTL,96,0.034101
10,simd-v0,96,0.008719
10,393435,96,0.004667
10,ours-406478,96,0.003555
10,simd-v0,97,0.008770
10,393435,97,0.004650
10,ours-406478,97,0.003526
10,KACTL,97,0.034195
10,393435,98,0.004678
10,ours-406478,98,0.003515
10,KACTL,98,0.034149
10,simd-v0,98,0.008751
10,ours-406478,99,0.003533
10,KACTL,99,0.034180
10,simd-v0,99,0.008721
10,393435,99,0.004681
10,KACTL,100,0.034411
10,simd-v0,100,0.009014
10,393435,100,0.004812
10,ours-406478,100,0.003654
10,simd-v0,101,0.009029
10,393435,101,0.004806
10,ours-406478,101,0.003645
10,KACTL,101,0.035280
10,393435,102,0.004823
10,ours-406478,102,0.003631
10,KACTL,102,0.035230
10,simd-v0,102,0.009028
10,ours-406478,103,0.003642
10,KACTL,103,0.035277
10,simd-v0,103,0.009025
10,393435,103,0.004825
10,KACTL,104,0.035263
10,simd-v0,104,0.009025
10,393435,104,0.004805
10,ours-406478,104,0.003664
10,simd-v0,105,0.009036
10,393435,105,0.004809
10,ours-406478,105,0.003638
10,KACTL,105,0.035283
10,393435,106,0.004812
10,ours-406478,106,0.003626
10,KACTL,106,0.035882
10,simd-v0,106,0.009670
10,ours-406478,107,0.003683
10,KACTL,107,0.035883
10,simd-v0,107,0.009679
10,393435,107,0.004818
10,KACTL,108,0.035999
10,simd-v0,108,0.009667
10,393435,108,0.004817
10,ours-406478,108,0.003641
10,simd-v0,109,0.009027
10,393435,109,0.004838
10,ours-406478,109,0.003649
10,KACTL,109,0.035964
10,393435,110,0.006253
10,ours-406478,110,0.003638
10,KACTL,110,0.035860
10,simd-v0,110,0.009683
10,ours-406478,111,0.003650
10,KACTL,111,0.035923
10,simd-v0,111,0.009657
10,393435,111,0.004824
10,KACTL,112,0.035844
10,simd-v0,112,0.009659
10,393435,112,0.004811
10,ours-406478,112,0.003643
10,simd-v0,113,0.009009
10,393435,113,0.004828
10,ours-406478,113,0.003637
10,KACTL,113,0.047314
10,393435,114,0.006280
10,ours-406478,114,0.003627
10,KACTL,114,0.061287
10,simd-v0,114,0.009714
10,ours-406478,115,0.003643
10,KACTL,115,0.035982
10,simd-v0,115,0.009657
10,393435,115,0.004864
10,KACTL,116,0.035913
10,simd-v0,116,0.009653
10,393435,116,0.004836
10,ours-406478,116,0.003662
10,simd-v0,117,0.009032
10,393435,117,0.004830
10,ours-406478,117,0.003628
10,KACTL,117,0.035920
10,393435,118,0.006242
10,ours-406478,118,0.003630
10,KACTL,118,0.036184
10,simd-v0,118,0.009664
10,ours-406478,119,0.003643
10,KACTL,119,0.035850
10,simd-v0,119,0.009697
10,393435,119,0.004835
10,KACTL,120,0.036304
10,simd-v0,120,0.009923
10,393435,120,0.004983
10,ours-406478,120,0.003798
10,simd-v0,121,0.009347
10,393435,121,0.005005
10,ours-406478,121,0.003746
10,KACTL,121,0.037054
10,393435,122,0.006408
10,ours-406478,122,0.003762
10,KACTL,122,0.037078
10,simd-v0,122,0.009956
10,ours-406478,123,0.003772
10,KACTL,123,0.036515
10,simd-v0,123,0.009357
10,393435,123,0.004977
10,KACTL,124,0.036476
10,simd-v0,124,0.009305
10,393435,124,0.005001
10,ours-406478,124,0.003781
10,simd-v0,125,0.009309
10,393435,125,0.004978
10,ours-406478,125,0.003764
10,KACTL,125,0.036811
10,393435,126,0.005006
10,ours-406478,126,0.003770
10,KACTL,126,0.036456
10,simd-v0,126,0.009321
10,ours-406478,127,0.003787
10,KACTL,127,0.036501
10,simd-v0,127,0.009327
10,393435,127,0.004987
10,KACTL,128,0.036551
10,simd-v0,128,0.009326
10,393435,128,0.004985
10,ours-406478,128,0.003759
10,simd-v0,129,0.009296
10,393435,129,0.004977
10,ours-406478,129,0.003765
10,KACTL,129,0.037414
10,393435,130,0.004989
10,ours-406478,130,0.003755
10,KACTL,130,0.052635
10,simd-v0,130,0.010028
10,ours-406478,131,0.003782
10,KACTL,131,0.037608
10,simd-v0,131,0.009949
10,393435,131,0.004998
10,KACTL,132,0.036545
10,simd-v0,132,0.009297
10,393435,132,0.005006
10,ours-406478,132,0.003777
10,simd-v0,133,0.009326
10,393435,133,0.004964
10,ours-406478,133,0.003765
10,KACTL,133,0.036737
10,393435,134,0.005010
10,ours-406478,134,0.003763
10,KACTL,134,0.036821
10,simd-v0,134,0.008995
10,ours-406478,135,0.003823
10,KACTL,135,0.035285
10,simd-v0,135,0.009018
10,393435,135,0.004842
10,KACTL,136,0.035303
10,simd-v0,136,0.009024
10,393435,136,0.004819
10,ours-406478,136,0.003837
10,simd-v0,137,0.009011
10,393435,137,0.004783
10,ours-406478,137,0.003797
10,KACTL,137,0.035540
10,393435,138,0.004840
10,ours-406478,138,0.003809
10,KACTL,138,0.035246
10,simd-v0,138,0.008986
10,ours-406478,139,0.003816
10,KACTL,139,0.035470
10,simd-v0,139,0.009017
10,393435,139,0.004824
10,KACTL,140,0.035237
10,simd-v0,140,0.009060
10,393435,140,0.004819
10,ours-406478,140,0.003832
10,simd-v0,141,0.009013
10,393435,141,0.004805
10,ours-406478,141,0.003815
10,KACTL,141,0.035288
10,393435,142,0.004804
10,ours-406478,142,0.003796
10,KACTL,142,0.035142
10,simd-v0,142,0.009009
10,ours-406478,143,0.003821
10,KACTL,143,0.035257
10,simd-v0,143,0.009011
10,393435,143,0.004831
10,KACTL,144,0.035216
10,simd-v0,144,0.009017
10,393435,144,0.004852
10,ours-406478,144,0.003828
10,simd-v0,145,0.009024
10,393435,145,0.004803
10,ours-406478,145,0.003803
10,KACTL,145,0.035224
10,393435,146,0.004836
10,ours-406478,146,0.003809
10,KACTL,146,0.035447
10,simd-v0,146,0.009028
10,ours-406478,147,0.003836
10,KACTL,147,0.035147
10,simd-v0,147,0.009057
10,393435,147,0.004843
10,KACTL,148,0.041876
10,simd-v0,148,0.009026
10,393435,148,0.004853
10,ours-406478,148,0.003837
10,simd-v0,149,0.009023
10,393435,149,0.004832
10,ours-406478,149,0.003807
10,KACTL,149,0.035300
10,393435,150,0.004843
10,ours-406478,150,0.003814
10,KACTL,150,0.035242
10,simd-v0,150,0.009013
10,ours-406478,151,0.003806
10,KACTL,151,0.035466
10,simd-v0,151,0.009036
10,393435,151,0.004826
10,KACTL,152,0.035540
10,simd-v0,152,0.009006
10,393435,152,0.004838
10,ours-406478,152,0.003820
10,simd-v0,153,0.009028
10,393435,153,0.004816
10,ours-406478,153,0.003799
10,KACTL,153,0.035203
10,393435,154,0.004826
10,ours-406478,154,0.003814
10,KACTL,154,0.035201
10,simd-v0,154,0.009034
10,ours-406478,155,0.003812
10,KACTL,155,0.035223
10,simd-v0,155,0.009042
10,393435,155,0.004836
10,KACTL,156,0.035154
10,simd-v0,156,0.009022
10,393435,156,0.004827
10,ours-406478,156,0.003835
10,simd-v0,157,0.009012
10,393435,157,0.004796
10,ours-406478,157,0.003804
10,KACTL,157,0.035518
10,393435,158,0.004840
10,ours-406478,158,0.003799
10,KACTL,158,0.035241
10,simd-v0,158,0.009049
10,ours-406478,159,0.003819
10,KACTL,159,0.035428
10,simd-v0,159,0.009018
10,393435,159,0.004821
10,KACTL,160,0.035534
10,simd-v0,160,0.009020
10,393435,160,0.004818
10,ours-406478,160,0.003819
10,simd-v0,161,0.009033
10,393435,161,0.004852
10,ours-406478,161,0.003790
10,KACTL,161,0.035180
10,393435,162,0.004820
10,ours-406478,162,0.003826
10,KACTL,162,0.035244
10,simd-v0,162,0.009029
10,ours-406478,163,0.003801
10,KACTL,163,0.035144
10,simd-v0,163,0.009057
10,393435,163,0.004824
10,KACTL,164,0.035584
10,simd-v0,164,0.009024
10,393435,164,0.004815
10,ours-406478,164,0.003833
10,simd-v0,165,0.009022
10,393435,165,0.004828
10,ours-406478,165,0.003784
10,KACTL,165,0.035271
10,393435,166,0.004806
10,ours-406478,166,0.003798
10,KACTL,166,0.042743
10,simd-v0,166,0.009691
10,ours-406478,167,0.003818
10,KACTL,167,0.035220
10,simd-v0,167,0.009044
10,393435,167,0.004860
10,KACTL,168,0.035332
10,simd-v0,168,0.009009
10,393435,168,0.004805
10,ours-406478,168,0.003794
10,simd-v0,169,0.009028
10,393435,169,0.004806
10,ours-406478,169,0.003813
10,KACTL,169,0.035269
10,393435,170,0.004816
10,ours-406478,170,0.003800
10,KACTL,170,0.035215
10,simd-v0,170,0.009054
10,ours-406478,171,0.003791
10,KACTL,171,0.035169
10,simd-v0,171,0.009020
10,393435,171,0.004846
10,KACTL,172,0.035230
10,simd-v0,172,0.009043
10,393435,172,0.004818
10,ours-406478,172,0.003842
10,simd-v0,173,0.009037
10,393435,173,0.004818
10,ours-406478,173,0.003797
10,KACTL,173,0.035815
10,393435,174,0.004823
10,ours-406478,174,0.003796
10,KACTL,174,0.035451
10,simd-v0,174,0.009038
10,ours-406478,175,0.003828
10,KACTL,175,0.035456
10,simd-v0,175,0.009052
10,393435,175,0.004831
10,KACTL,176,0.035472
10,simd-v0,176,0.009013
10,393435,176,0.004835
10,ours-406478,176,0.003818
10,simd-v0,177,0.009054
10,393435,177,0.004804
10,ours-406478,177,0.003782
10,KACTL,177,0.035482
10,393435,178,0.004815
10,ours-406478,178,0.003803
10,KACTL,178,0.035872
10,simd-v0,178,0.009673
10,ours-406478,179,0.003819
10,KACTL,179,0.036064
10,simd-v0,179,0.009671
10,393435,179,0.004842
10,KACTL,180,0.035874
10,simd-v0,180,0.009658
10,393435,180,0.004836
10,ours-406478,180,0.003820
10,simd-v0,181,0.009007
10,393435,181,0.004838
10,ours-406478,181,0.003801
10,KACTL,181,0.035881
10,393435,182,0.006257
10,ours-406478,182,0.003801
10,KACTL,182,0.036165
10,simd-v0,182,0.009662
10,ours-406478,183,0.003837
10,KACTL,183,0.035889
10,simd-v0,183,0.009675
10,393435,183,0.004837
10,KACTL,184,0.046245
10,simd-v0,184,0.009702
10,393435,184,0.004858
10,ours-406478,184,0.003841
10,simd-v0,185,0.009021
10,393435,185,0.004833
10,ours-406478,185,0.003811
10,KACTL,185,0.035951
10,393435,186,0.006273
10,ours-406478,186,0.003808
10,KACTL,186,0.036052
10,simd-v0,186,0.009653
10,ours-406478,187,0.003829
10,KACTL,187,0.035804
10,simd-v0,187,0.009664
10,393435,187,0.004840
10,KACTL,188,0.035748
10,simd-v0,188,0.009654
10,393435,188,0.004850
10,ours-406478,188,0.003844
10,simd-v0,189,0.009004
10,393435,189,0.004856
10,ours-406478,189,0.003821
10,KACTL,189,0.035909
10,393435,190,0.006281
10,ours-406478,190,0.003803
10,KACTL,190,0.035864
10,simd-v0,190,0.009657
10,ours-406478,191,0.003854
10,KACTL,191,0.044062
10,simd-v0,191,0.010666
10,393435,191,0.005417
10,KACTL,192,0.048350
10,simd-v0,192,0.009701
10,393435,192,0.004839
10,ours-406478,192,0.003843
10,simd-v0,193,0.009015
10,393435,193,0.004815
10,ours-406478,193,0.003793
10,KACTL,193,0.035911
10,393435,194,0.006247
10,ours-406478,194,0.003816
10,KACTL,194,0.035898
10,simd-v0,194,0.009640
10,ours-406478,195,0.003841
10,KACTL,195,0.035899
10,simd-v0,195,0.009676
10,393435,195,0.004831
10,KACTL,196,0.035282
10,simd-v0,196,0.009001
10,393435,196,0.004842
10,ours-406478,196,0.003840
10,simd-v0,197,0.009059
10,393435,197,0.004826
10,ours-406478,197,0.003803
10,KACTL,197,0.035269
10,393435,198,0.004831
10,ours-406478,198,0.003805
10,KACTL,198,0.035379
10,simd-v0,198,0.009012
10,ours-406478,199,0.003832
10,KACTL,199,0.035262
10,simd-v0,199,0.009071
10,393435,199,0.004826
10,KACTL,200,0.035236
10,simd-v0,200,0.009004
10,393435,200,0.004816
10,ours-406478,200,0.003831
10,simd-v0,201,0.008995
10,393435,201,0.004811
10,ours-406478,201,0.003812
10,KACTL,201,0.043501
10,393435,202,0.006266
10,ours-406478,202,0.003804
10,KACTL,202,0.035238
10,simd-v0,202,0.009016
10,ours-406478,203,0.003822
10,KACTL,203,0.035277
10,simd-v0,203,0.009016
10,393435,203,0.004822
10,KACTL,204,0.035188
10,simd-v0,204,0.008998
10,393435,204,0.004843
10,ours-406478,204,0.003831
10,simd-v0,205,0.009015
10,393435,205,0.004811
10,ours-406478,205,0.003806
10,KACTL,205,0.035264
10,393435,206,0.004848
10,ours-406478,206,0.003812
10,KACTL,206,0.035912
10,simd-v0,206,0.008741
10,ours-406478,207,0.003935
10,KACTL,207,0.034363
10,simd-v0,207,0.008784
10,393435,207,0.004765
10,KACTL,208,0.034386
10,simd-v0,208,0.008771
10,393435,208,0.004747
10,ours-406478,208,0.003931
10,simd-v0,209,0.008767
10,393435,209,0.004795
10,ours-406478,209,0.003917
10,KACTL,209,0.034373
10,393435,210,0.004755
10,ours-406478,210,0.003890
10,KACTL,210,0.034051
10,simd-v0,210,0.008765
10,ours-406478,211,0.003931
10,KACTL,211,0.033975
10,simd-v0,211,0.008765
10,393435,211,0.004760
10,KACTL,212,0.034129
10,simd-v0,212,0.008749
10,393435,212,0.004719
10,ours-406478,212,0.003940
10,simd-v0,213,0.008775
10,393435,213,0.004811
10,ours-406478,213,0.003925
10,KACTL,213,0.034048
10,393435,214,0.004728
10,ours-406478,214,0.003913
10,KACTL,214,0.034175
10,simd-v0,214,0.008934
10,ours-406478,215,0.003924
10,KACTL,215,0.034039
10,simd-v0,215,0.008958
10,393435,215,0.004783
10,KACTL,216,0.034141
10,simd-v0,216,0.008932
10,393435,216,0.004792
10,ours-406478,216,0.003913
10,simd-v0,217,0.008782
10,393435,217,0.004787
10,ours-406478,217,0.003922
10,KACTL,217,0.034270
10,393435,218,0.005123
10,ours-406478,218,0.003900
10,KACTL,218,0.034062
10,simd-v0,218,0.008910
10,ours-406478,219,0.003950
10,KACTL,219,0.034045
10,simd-v0,219,0.008929
10,393435,219,0.004787
10,KACTL,220,0.040296
10,simd-v0,220,0.008935
10,393435,220,0.004764
10,ours-406478,220,0.003954
10,simd-v0,221,0.008761
10,393435,221,0.004764
10,ours-406478,221,0.003909
10,KACTL,221,0.034378
10,393435,222,0.005120
10,ours-406478,222,0.003914
10,KACTL,222,0.033984
10,simd-v0,222,0.008953
10,ours-406478,223,0.003961
10,KACTL,223,0.034098
10,simd-v0,223,0.008911
10,393435,223,0.004748
10,KACTL,224,0.034365
10,simd-v0,224,0.008930
10,393435,224,0.004765
10,ours-406478,224,0.003927
10,simd-v0,225,0.008773
10,393435,225,0.004745
10,ours-406478,225,0.003916
10,KACTL,225,0.034103
10,393435,226,0.005122
10,ours-406478,226,0.003910
10,KACTL,226,0.034298
10,simd-v0,226,0.008953
10,ours-406478,227,0.003925
10,KACTL,227,0.034093
10,simd-v0,227,0.008934
10,393435,227,0.004760
10,KACTL,228,0.034166
10,simd-v0,228,0.008915
10,393435,228,0.004755
10,ours-406478,228,0.003912
10,simd-v0,229,0.008781
10,393435,229,0.004769
10,ours-406478,229,0.003908
10,KACTL,229,0.034286
10,393435,230,0.005131
10,ours-406478,230,0.003895
10,KACTL,230,0.034452
10,simd-v0,230,0.008927
10,ours-406478,231,0.003906
10,KACTL,231,0.034073
10,simd-v0,231,0.008914
10,393435,231,0.004800
10,KACTL,232,0.034393
10,simd-v0,232,0.008889
10,393435,232,0.004727
10,ours-406478,232,0.003938
10,simd-v0,233,0.008798
10,393435,233,0.004749
10,ours-406478,233,0.003923
10,KACTL,233,0.034391
10,393435,234,0.005145
10,ours-406478,234,0.003915
10,KACTL,234,0.034135
10,simd-v0,234,0.008957
10,ours-406478,235,0.003906
10,KACTL,235,0.034072
10,simd-v0,235,0.008937
10,393435,235,0.004770
10,KACTL,236,0.034068
10,simd-v0,236,0.008957
10,393435,236,0.004783
10,ours-406478,236,0.003910
10,simd-v0,237,0.008795
10,393435,237,0.004800
10,ours-406478,237,0.003936
10,KACTL,237,0.035081
10,393435,238,0.006351
10,ours-406478,238,0.003798
10,KACTL,238,0.042547
10,simd-v0,238,0.010363
10,ours-406478,239,0.003826
10,KACTL,239,0.036054
10,simd-v0,239,0.010326
10,393435,239,0.004854
10,KACTL,240,0.036498
10,simd-v0,240,0.010331
10,393435,240,0.004820
10,ours-406478,240,0.003846
10,simd-v0,241,0.011353
10,393435,241,0.004838
10,ours-406478,241,0.003805
10,KACTL,241,0.036131
10,393435,242,0.014204
10,ours-406478,242,0.003695
10,KACTL,242,0.034067
10,simd-v0,242,0.008768
10,ours-406478,243,0.003698
10,KACTL,243,0.034117
10,simd-v0,243,0.008786
10,393435,243,0.004686
10,KACTL,244,0.034095
10,simd-v0,244,0.008778
10,393435,244,0.004678
10,ours-406478,244,0.003723
10,simd-v0,245,0.008734
10,393435,245,0.004668
10,ours-406478,245,0.003677
10,KACTL,245,0.034135
10,393435,246,0.004726
10,ours-406478,246,0.003687
10,KACTL,246,0.034138
10,simd-v0,246,0.008784
10,ours-406478,247,0.003707
10,KACTL,247,0.034334
10,simd-v0,247,0.008781
10,393435,247,0.004682
10,KACTL,248,0.034075
10,simd-v0,248,0.008747
10,393435,248,0.004668
10,ours-406478,248,0.003705
10,simd-v0,249,0.008750
10,393435,249,0.004682
10,ours-406478,249,0.003682
10,KACTL,249,0.034197
10,393435,250,0.004697
10,ours-406478,250,0.003671
10,KACTL,250,0.034137
10,simd-v0,250,0.008786
10,ours-406478,251,0.003722
10,KACTL,251,0.034090
10,simd-v0,251,0.008761
10,393435,251,0.004664
10,KACTL,252,0.034107
10,simd-v0,252,0.008786
10,393435,252,0.004691
10,ours-406478,252,0.003698
10,simd-v0,253,0.008732
10,393435,253,0.004681
10,ours-406478,253,0.003695
10,KACTL,253,0.034154
10,393435,254,0.004724
10,ours-406478,254,0.003668
10,KACTL,254,0.034428
10,simd-v0,254,0.008776
10,ours-406478,255,0.003725
10,KACTL,255,0.034188
10,simd-v0,255,0.008790
10,393435,255,0.004665
10,KACTL,256,0.034220
10,simd-v0,256,0.008895
10,393435,256,0.014544
10,ours-406478,256,0.003689
10,simd-v0,257,0.008727
10,393435,257,0.004658
10,ours-406478,257,0.003690
10,KACTL,257,0.035175
10,393435,258,0.005027
10,ours-406478,258,0.003669
10,KACTL,258,0.034210
10,simd-v0,258,0.008904
10,ours-406478,259,0.003711
10,KACTL,259,0.034184
10,simd-v0,259,0.008863
10,393435,259,0.004670
10,KACTL,260,0.034080
10,simd-v0,260,0.008894
10,393435,260,0.004672
10,ours-406478,260,0.003698
10,simd-v0,261,0.008728
10,393435,261,0.004648
10,ours-406478,261,0.003698
10,KACTL,261,0.034494
10,393435,262,0.005056
10,ours-406478,262,0.003676
10,KACTL,262,0.034533
10,simd-v0,262,0.008883
10,ours-406478,263,0.003692
10,KACTL,263,0.034190
10,simd-v0,263,0.008911
10,393435,263,0.004669
10,KACTL,264,0.034337
10,simd-v0,264,0.008890
10,393435,264,0.004672
10,ours-406478,264,0.003686
10,simd-v0,265,0.008752
10,393435,265,0.004664
10,ours-406478,265,0.003656
10,KACTL,265,0.034156
10,393435,266,0.005047
10,ours-406478,266,0.003693
10,KACTL,266,0.034140
10,simd-v0,266,0.008877
10,ours-406478,267,0.003680
10,KACTL,267,0.034184
10,simd-v0,267,0.008881
10,393435,267,0.004671
10,KACTL,268,0.034306
10,simd-v0,268,0.008879
10,393435,268,0.004676
10,ours-406478,268,0.003680
10,simd-v0,269,0.008736
10,393435,269,0.004672
10,ours-406478,269,0.003666
10,KACTL,269,0.034222
10,393435,270,0.005068
10,ours-406478,270,0.003680
10,KACTL,270,0.034127
10,simd-v0,270,0.008890
10,ours-406478,271,0.003701
10,KACTL,271,0.034187
10,simd-v0,271,0.008873
10,393435,271,0.004669
10,KACTL,272,0.034223
10,simd-v0,272,0.008908
10,393435,272,0.004662
10,ours-406478,272,0.003709
10,simd-v0,273,0.008731
10,393435,273,0.004692
10,ours-406478,273,0.003672
10,KACTL,273,0.034210
10,393435,274,0.005057
10,ours-406478,274,0.003673
10,KACTL,274,0.034184
10,simd-v0,274,0.008843
10,ours-406478,275,0.003705
10,KACTL,275,0.044824
10,simd-v0,275,0.008901
10,393435,275,0.004672
10,KACTL,276,0.034215
10,simd-v0,276,0.008895
10,393435,276,0.004665
10,ours-406478,276,0.003697
10,simd-v0,277,0.008725
10,393435,277,0.004677
10,ours-406478,277,0.003693
10,KACTL,277,0.034293
10,393435,278,0.005052
10,ours-406478,278,0.003680
10,KACTL,278,0.034204
10,simd-v0,278,0.008876
10,ours-406478,279,0.003709
10,KACTL,279,0.034177
10,simd-v0,279,0.008914
10,393435,279,0.004657
10,KACTL,280,0.034255
10,simd-v0,280,0.008902
10,393435,280,0.004654
10,ours-406478,280,0.003690
10,simd-v0,281,0.008701
10,393435,281,0.004640
10,ours-406478,281,0.003694
10,KACTL,281,0.034208
10,393435,282,0.005036
10,ours-406478,282,0.003687
10,KACTL,282,0.034171
10,simd-v0,282,0.008888
10,ours-406478,283,0.003680
10,KACTL,283,0.034218
10,simd-v0,283,0.008896
10,393435,283,0.004698
10,KACTL,284,0.034467
10,simd-v0,284,0.008894
10,393435,284,0.004669
10,ours-406478,284,0.003706
10,simd-v0,285,0.008746
10,393435,285,0.004673
10,ours-406478,285,0.003687
10,KACTL,285,0.034235
10,393435,286,0.005053
10,ours-406478,286,0.003683
10,KACTL,286,0.034240
10,simd-v0,286,0.008894
10,ours-406478,287,0.003678
10,KACTL,287,0.034445
10,simd-v0,287,0.008879
10,393435,287,0.004686
10,KACTL,288,0.034246
10,simd-v0,288,0.008900
10,393435,288,0.004678
10,ours-406478,288,0.003697
10,simd-v0,289,0.008735
10,393435,289,0.004666
10,ours-406478,289,0.003707
10,KACTL,289,0.034499
10,393435,290,0.005035
10,ours-406478,290,0.003674
10,KACTL,290,0.034244
10,simd-v0,290,0.008886
10,ours-406478,291,0.003699
10,KACTL,291,0.035004
10,simd-v0,291,0.009158
10,393435,291,0.004831
10,KACTL,292,0.035386
10,simd-v0,292,0.009176
10,393435,292,0.004831
10,ours-406478,292,0.003837
10,simd-v0,293,0.009007
10,393435,293,0.004812
10,ours-406478,293,0.003829
10,KACTL,293,0.041787
10,393435,294,0.005919
10,ours-406478,294,0.003930
10,KACTL,294,0.036587
10,simd-v0,294,0.009381
10,ours-406478,295,0.003946
10,KACTL,295,0.036511
10,simd-v0,295,0.009379
10,393435,295,0.005000
10,KACTL,296,0.036567
10,simd-v0,296,0.009354
10,393435,296,0.004997
10,ours-406478,296,0.003957
10,simd-v0,297,0.009327
10,393435,297,0.005002
10,ours-406478,297,0.003951
10,KACTL,297,0.036600
10,393435,298,0.015163
10,ours-406478,298,0.003924
10,KACTL,298,0.036532
10,simd-v0,298,0.009398
10,ours-406478,299,0.003959
10,KACTL,299,0.036484
10,simd-v0,299,0.009411
10,393435,299,0.004995
10,KACTL,300,0.036543
10,simd-v0,300,0.009441
10,393435,300,0.005011
10,ours-406478,300,0.003959
10,simd-v0,301,0.009354
10,393435,301,0.004989
10,ours-406478,301,0.003932
10,KACTL,301,0.036955
10,393435,302,0.005046
10,ours-406478,302,0.003931
10,KACTL,302,0.036560
10,simd-v0,302,0.009397
10,ours-406478,303,0.003920
10,KACTL,303,0.036620
10,simd-v0,303,0.009381
10,393435,303,0.004976
10,KACTL,304,0.036898
10,simd-v0,304,0.009404
10,393435,304,0.005007
10,ours-406478,304,0.003955
10,simd-v0,305,0.009331
10,393435,305,0.004975
10,ours-406478,305,0.003948
10,KACTL,305,0.036623
10,393435,306,0.005062
10,ours-406478,306,0.003948
10,KACTL,306,0.036567
10,simd-v0,306,0.009385
10,ours-406478,307,0.003960
10,KACTL,307,0.036554
10,simd-v0,307,0.009398
10,393435,307,0.004995
10,KACTL,308,0.036613
10,simd-v0,308,0.009362
10,393435,308,0.004990
10,ours-406478,308,0.003940
10,simd-v0,309,0.009342
10,393435,309,0.005010
10,ours-406478,309,0.003958
10,KACTL,309,0.036572
10,393435,310,0.005044
10,ours-406478,310,0.003924
10,KACTL,310,0.036759
10,simd-v0,310,0.009385
10,ours-406478,311,0.010476
10,KACTL,311,0.036952
10,simd-v0,311,0.009402
10,393435,311,0.005004
10,KACTL,312,0.037369
10,simd-v0,312,0.009242
10,393435,312,0.004913
10,ours-406478,312,0.004071
10,simd-v0,313,0.009049
10,393435,313,0.004922
10,ours-406478,313,0.004036
10,KACTL,313,0.035381
10,393435,314,0.005273
10,ours-406478,314,0.004043
10,KACTL,314,0.035415
10,simd-v0,314,0.018260
10,ours-406478,315,0.003889
10,KACTL,315,0.034179
10,simd-v0,315,0.008931
10,393435,315,0.004726
10,KACTL,316,0.034241
10,simd-v0,316,0.008942
10,393435,316,0.004812
10,ours-406478,316,0.003933
10,simd-v0,317,0.008747
10,393435,317,0.004773
10,ours-406478,317,0.003901
10,KACTL,317,0.034211
10,393435,318,0.005134
10,ours-406478,318,0.003907
10,KACTL,318,0.034169
10,simd-v0,318,0.008927
10,ours-406478,319,0.003930
10,KACTL,319,0.034463
10,simd-v0,319,0.008958
10,393435,319,0.004750
10,KACTL,320,0.034248
10,simd-v0,320,0.008921
10,393435,320,0.004774
10,ours-406478,320,0.003920
10,simd-v0,321,0.008779
10,393435,321,0.004741
10,ours-406478,321,0.003915
10,KACTL,321,0.034552
10,393435,322,0.005110
10,ours-406478,322,0.003918
10,KACTL,322,0.034213
10,simd-v0,322,0.008937
10,ours-406478,323,0.003921
10,KACTL,323,0.034145
10,simd-v0,323,0.008950
10,393435,323,0.004762
10,KACTL,324,0.034551
10,simd-v0,324,0.008929
10,393435,324,0.004725
10,ours-406478,324,0.003930
10,simd-v0,325,0.008773
10,393435,325,0.004824
10,ours-406478,325,0.003924
10,KACTL,325,0.034224
10,393435,326,0.005096
10,ours-406478,326,0.003934
10,KACTL,326,0.034142
10,simd-v0,326,0.008954
10,ours-406478,327,0.003918
10,KACTL,327,0.034279
10,simd-v0,327,0.008907
10,393435,327,0.004745
10,KACTL,328,0.034289
10,simd-v0,328,0.008936
10,393435,328,0.004743
10,ours-406478,328,0.003925
10,simd-v0,329,0.008776
10,393435,329,0.010684
10,ours-406478,329,0.003920
10,KACTL,329,0.034327
10,393435,330,0.005109
10,ours-406478,330,0.003886
10,KACTL,330,0.034269
10,simd-v0,330,0.008957
10,ours-406478,331,0.003935
10,KACTL,331,0.034198
10,simd-v0,331,0.008939
10,393435,331,0.004735
10,KACTL,332,0.034474
10,simd-v0,332,0.008932
10,393435,332,0.004825
10,ours-406478,332,0.003943
10,simd-v0,333,0.008767
10,393435,333,0.004740
10,ours-406478,333,0.003885
10,KACTL,333,0.034562
10,393435,334,0.004830
10,ours-406478,334,0.003917
10,KACTL,334,0.034226
10,simd-v0,334,0.008820
10,ours-406478,335,0.003918
10,KACTL,335,0.034160
10,simd-v0,335,0.008849
10,393435,335,0.004752
10,KACTL,336,0.034283
10,simd-v0,336,0.008823
10,393435,336,0.004778
10,ours-406478,336,0.003936
10,simd-v0,337,0.008808
10,393435,337,0.004776
10,ours-406478,337,0.003916
10,KACTL,337,0.034214
10,393435,338,0.004819
10,ours-406478,338,0.003912
10,KACTL,338,0.034271
10,simd-v0,338,0.008809
10,ours-406478,339,0.003918
10,KACTL,339,0.034449
10,simd-v0,339,0.008845
10,393435,339,0.004764
10,KACTL,340,0.034588
10,simd-v0,340,0.008843
10,393435,340,0.004763
10,ours-406478,340,0.003931
10,simd-v0,341,0.008791
10,393435,341,0.004748
10,ours-406478,341,0.003906
10,KACTL,341,0.034561
10,393435,342,0.004778
10,ours-406478,342,0.003913
10,KACTL,342,0.034281
10,simd-v0,342,0.008845
10,ours-406478,343,0.003939
10,KACTL,343,0.034250
10,simd-v0,343,0.008860
10,393435,343,0.004760
10,KACTL,344,0.034198
10,simd-v0,344,0.008788
10,393435,344,0.004793
10,ours-406478,344,0.003945
10,simd-v0,345,0.008747
10,393435,345,0.004738
10,ours-406478,345,0.003917
10,KACTL,345,0.034258
10,393435,346,0.005119
10,ours-406478,346,0.003924
10,KACTL,346,0.034222
10,simd-v0,346,0.008900
10,ours-406478,347,0.003940
10,KACTL,347,0.040278
10,simd-v0,347,0.008978
10,393435,347,0.004739
10,KACTL,348,0.034212
10,simd-v0,348,0.008926
10,393435,348,0.004750
10,ours-406478,348,0.003943
10,simd-v0,349,0.008798
10,393435,349,0.004771
10,ours-406478,349,0.003879
10,KACTL,349,0.034536
10,393435,350,0.005129
10,ours-406478,350,0.003906
10,KACTL,350,0.034258
10,simd-v0,350,0.008940
10,ours-406478,351,0.003924
10,KACTL,351,0.034227
10,simd-v0,351,0.008919
10,393435,351,0.004790
10,KACTL,352,0.034254
10,simd-v0,352,0.008926
10,393435,352,0.004769
10,ours-406478,352,0.003921
10,simd-v0,353,0.008750
10,393435,353,0.004760
10,ours-406478,353,0.003928
10,KACTL,353,0.034320
10,393435,354,0.005089
10,ours-406478,354,0.003894
10,KACTL,354,0.034458
10,simd-v0,354,0.008945
10,ours-406478,355,0.003939
10,KACTL,355,0.034148
10,simd-v0,355,0.008897
10,393435,355,0.004744
10,KACTL,356,0.034166
10,simd-v0,356,0.008940
10,393435,356,0.004740
10,ours-406478,356,0.003934
10,simd-v0,357,0.008749
10,393435,357,0.004806
10,ours-406478,357,0.003927
10,KACTL,357,0.034236
10,393435,358,0.005144
10,ours-406478,358,0.003920
10,KACTL,358,0.034231
10,simd-v0,358,0.008925
10,ours-406478,359,0.003928
10,KACTL,359,0.034201
10,simd-v0,359,0.008914
10,393435,359,0.004718
10,KACTL,360,0.034552
10,simd-v0,360,0.008942
10,393435,360,0.004747
10,ours-406478,360,0.003923
10,simd-v0,361,0.008778
10,393435,361,0.004811
10,ours-406478,361,0.003930
10,KACTL,361,0.034210
10,393435,362,0.005112
10,ours-406478,362,0.003931
10,KACTL,362,0.034239
10,simd-v0,362,0.008902
10,ours-406478,363,0.003928
10,KACTL,363,0.034114
10,simd-v0,363,0.008949
10,393435,363,0.004796
10,KACTL,364,0.034202
10,simd-v0,364,0.008937
10,393435,364,0.004804
10,ours-406478,364,0.003933
10,simd-v0,365,0.008767
10,393435,365,0.004816
10,ours-406478,365,0.003891
10,KACTL,365,0.034396
10,393435,366,0.011517
10,ours-406478,366,0.003941
10,KACTL,366,0.034308
10,simd-v0,366,0.008928
10,ours-406478,367,0.003925
10,KACTL,367,0.034383
10,simd-v0,367,0.008920
10,393435,367,0.004774
10,KACTL,368,0.034476
10,simd-v0,368,0.018349
10,393435,368,0.004793
10,ours-406478,368,0.003938
10,simd-v0,369,0.008772
10,393435,369,0.004804
10,ours-406478,369,0.003909
10,KACTL,369,0.034342
10,393435,370,0.007263
10,ours-406478,370,0.003857
10,KACTL,370,0.035278
10,simd-v0,370,0.009219
10,ours-406478,371,0.003822
10,KACTL,371,0.035203
10,simd-v0,371,0.009168
10,393435,371,0.004809
10,KACTL,372,0.035305
10,simd-v0,372,0.009175
10,393435,372,0.004829
10,ours-406478,372,0.003842
10,simd-v0,373,0.009005
10,393435,373,0.004820
10,ours-406478,373,0.003788
10,KACTL,373,0.036384
10,393435,374,0.006348
10,ours-406478,374,0.003806
10,KACTL,374,0.036423
10,simd-v0,374,0.010333
10,ours-406478,375,0.003817
10,KACTL,375,0.036399
10,simd-v0,375,0.010334
10,393435,375,0.004834
10,KACTL,376,0.036700
10,simd-v0,376,0.010373
10,393435,376,0.004853
10,ours-406478,376,0.003823
10,simd-v0,377,0.009074
10,393435,377,0.004843
10,ours-406478,377,0.003818
10,KACTL,377,0.036442
10,393435,378,0.005050
10,ours-406478,378,0.003690
10,KACTL,378,0.034230
10,simd-v0,378,0.008873
10,ours-406478,379,0.003683
10,KACTL,379,0.034160
10,simd-v0,379,0.008864
10,393435,379,0.004660
10,KACTL,380,0.034220
10,simd-v0,380,0.008913
10,393435,380,0.004676
10,ours-406478,380,0.003682
10,simd-v0,381,0.008749
10,393435,381,0.004667
10,ours-406478,381,0.003697
10,KACTL,381,0.034240
10,393435,382,0.005045
10,ours-406478,382,0.003673
10,KACTL,382,0.034490
10,simd-v0,382,0.008895
10,ours-406478,383,0.003711
10,KACTL,383,0.034255
10,simd-v0,383,0.008887
10,393435,383,0.010843
10,KACTL,384,0.034270
10,simd-v0,384,0.008883
10,393435,384,0.004682
10,ours-406478,384,0.003693
10,simd-v0,385,0.008739
10,393435,385,0.004671
10,ours-406478,385,0.003700
10,KACTL,385,0.034319
10,393435,386,0.005052
10,ours-406478,386,0.003678
10,KACTL,386,0.034147
10,simd-v0,386,0.008886
10,ours-406478,387,0.003701
10,KACTL,387,0.034112
10,simd-v0,387,0.008896
10,393435,387,0.004662
10,KACTL,388,0.034146
10,simd-v0,388,0.008855
10,393435,388,0.004668
10,ours-406478,388,0.003697
10,simd-v0,389,0.008729
10,393435,389,0.004666
10,ours-406478,389,0.003684
10,KACTL,389,0.034572
10,393435,390,0.005054
10,ours-406478,390,0.003692
10,KACTL,390,0.034273
10,simd-v0,390,0.008834
10,ours-406478,391,0.003708
10,KACTL,391,0.034282
10,simd-v0,391,0.008880
10,393435,391,0.004670
10,KACTL,392,0.034248
10,simd-v0,392,0.008908
10,393435,392,0.004682
10,ours-406478,392,0.003692
10,simd-v0,393,0.008729
10,393435,393,0.004650
10,ours-406478,393,0.003680
10,KACTL,393,0.034215
10,393435,394,0.005054
10,ours-406478,394,0.003675
10,KACTL,394,0.034200
10,simd-v0,394,0.008883
10,ours-406478,395,0.003699
10,KACTL,395,0.034230
10,simd-v0,395,0.008851
10,393435,395,0.004659
10,KACTL,396,0.034227
10,simd-v0,396,0.008890
10,393435,396,0.004663
10,ours-406478,396,0.003708
10,simd-v0,397,0.008703
10,393435,397,0.004667
10,ours-406478,397,0.003684
10,KACTL,397,0.034191
10,393435,398,0.005055
10,ours-406478,398,0.003688
10,KACTL,398,0.034222
10,simd-v0,398,0.008858
10,ours-406478,399,0.003699
10,KACTL,399,0.034283
10,simd-v0,399,0.008889
10,393435,399,0.004663
10,KACTL,400,0.034447
10,simd-v0,400,0.008858
10,393435,400,0.005050
10,ours-406478,400,0.003827
10,simd-v0,401,0.009048
10,393435,401,0.004819
10,ours-406478,401,0.003817
10,KACTL,401,0.035673
10,393435,402,0.005233
10,ours-406478,402,0.003811
10,KACTL,402,0.043089
10,simd-v0,402,0.009391
10,ours-406478,403,0.003966
10,KACTL,403,0.036516
10,simd-v0,403,0.009391
10,393435,403,0.004970
10,KACTL,404,0.036534
10,simd-v0,404,0.009404
10,393435,404,0.004988
10,ours-406478,404,0.003970
10,simd-v0,405,0.009338
10,393435,405,0.005002
10,ours-406478,405,0.003947
10,KACTL,405,0.036556
10,393435,406,0.005043
10,ours-406478,406,0.003923
10,KACTL,406,0.036581
10,simd-v0,406,0.009387
10,ours-406478,407,0.003960
10,KACTL,407,0.036537
10,simd-v0,407,0.009375
10,393435,407,0.004984
10,KACTL,408,0.036971
10,simd-v0,408,0.009387
10,393435,408,0.005000
10,ours-406478,408,0.003949
10,simd-v0,409,0.009335
10,393435,409,0.005021
10,ours-406478,409,0.003948
10,KACTL,409,0.036718
10,393435,410,0.005056
10,ours-406478,410,0.003930
10,KACTL,410,0.036516
10,simd-v0,410,0.009379
10,ours-406478,411,0.003949
10,KACTL,411,0.036586
10,simd-v0,411,0.009361
10,393435,411,0.004991
10,KACTL,412,0.036614
10,simd-v0,412,0.009374
10,393435,412,0.004989
10,ours-406478,412,0.003974
10,simd-v0,413,0.009334
10,393435,413,0.004986
10,ours-406478,413,0.003933
10,KACTL,413,0.036567
10,393435,414,0.005037
10,ours-406478,414,0.003939
10,KACTL,414,0.036838
10,simd-v0,414,0.009402
10,ours-406478,415,0.003950
10,KACTL,415,0.036617
10,simd-v0,415,0.009384
10,393435,415,0.004991
10,KACTL,416,0.036573
10,simd-v0,416,0.009377
10,393435,416,0.004997
10,ours-406478,416,0.003961
10,simd-v0,417,0.009333
10,393435,417,0.004991
10,ours-406478,417,0.003954
10,KACTL,417,0.036543
10,393435,418,0.005046
10,ours-406478,418,0.003963
10,KACTL,418,0.036523
10,simd-v0,418,0.009398
10,ours-406478,419,0.003962
10,KACTL,419,0.036828
10,simd-v0,419,0.009380
10,393435,419,0.012377
10,KACTL,420,0.036616
10,simd-v0,420,0.009386
10,393435,420,0.004975
10,ours-406478,420,0.003964
10,simd-v0,421,0.009315
10,393435,421,0.005003
10,ours-406478,421,0.003957
10,KACTL,421,0.036667
10,393435,422,0.005055
10,ours-406478,422,0.003950
10,KACTL,422,0.039010
10,simd-v0,422,0.009529
10,ours-406478,423,0.003953
10,KACTL,423,0.036553
10,simd-v0,423,0.009504
10,393435,423,0.005003
10,KACTL,424,0.036685
10,simd-v0,424,0.009499
10,393435,424,0.004961
10,ours-406478,424,0.003926
10,simd-v0,425,0.009345
10,393435,425,0.004987
10,ours-406478,425,0.003961
10,KACTL,425,0.036555
10,393435,426,0.005411
10,ours-406478,426,0.003933
10,KACTL,426,0.036500
10,simd-v0,426,0.009539
10,ours-406478,427,0.003937
10,KACTL,427,0.036638
10,simd-v0,427,0.009484
10,393435,427,0.005015
10,KACTL,428,0.036686
10,simd-v0,428,0.009515
10,393435,428,0.004978
10,ours-406478,428,0.003971
10,simd-v0,429,0.009355
10,393435,429,0.004993
10,ours-406478,429,0.003925
10,KACTL,429,0.036567
10,393435,430,0.005379
10,ours-406478,430,0.003913
10,KACTL,430,0.036556
10,simd-v0,430,0.009513
10,ours-406478,431,0.003956
10,KACTL,431,0.036398
10,simd-v0,431,0.009477
10,393435,431,0.005021
10,KACTL,432,0.036616
10,simd-v0,432,0.009359
10,393435,432,0.004996
10,ours-406478,432,0.003973
10,simd-v0,433,0.009320
10,393435,433,0.004995
10,ours-406478,433,0.003925
10,KACTL,433,0.036578
10,393435,434,0.005397
10,ours-406478,434,0.003939
10,KACTL,434,0.036575
10,simd-v0,434,0.009480
10,ours-406478,435,0.003931
10,KACTL,435,0.036631
10,simd-v0,435,0.009497
10,393435,435,0.004995
10,KACTL,436,0.036562
10,simd-v0,436,0.009499
10,393435,436,0.004997
10,ours-406478,436,0.003962
10,simd-v0,437,0.009309
10,393435,437,0.004978
10,ours-406478,437,0.010797
10,KACTL,437,0.036857
10,393435,438,0.005393
10,ours-406478,438,0.003930
10,KACTL,438,0.036524
10,simd-v0,438,0.009493
10,ours-406478,439,0.003962
10,KACTL,439,0.036604
10,simd-v0,439,0.009450
10,393435,439,0.004990
10,KACTL,440,0.036473
10,simd-v0,440,0.009518
10,393435,440,0.005027
10,ours-406478,440,0.003932
10,simd-v0,441,0.009342
10,393435,441,0.004997
10,ours-406478,441,0.003933
10,KACTL,441,0.036658
10,393435,442,0.005384
10,ours-406478,442,0.003935
10,KACTL,442,0.037202
10,simd-v0,442,0.009229
10,ours-406478,443,0.004069
10,KACTL,443,0.035343
10,simd-v0,443,0.009211
10,393435,443,0.004907
10,KACTL,444,0.035387
10,simd-v0,444,0.009251
10,393435,444,0.004936
10,ours-406478,444,0.004032
10,simd-v0,445,0.009078
10,393435,445,0.004969
10,ours-406478,445,0.004047
10,KACTL,445,0.035423
10,393435,446,0.005259
10,ours-406478,446,0.004029
10,KACTL,446,0.035301
10,simd-v0,446,0.009231
10,ours-406478,447,0.004014
10,KACTL,447,0.035354
10,simd-v0,447,0.009233
10,393435,447,0.004931
10,KACTL,448,0.035423
10,simd-v0,448,0.009217
10,393435,448,0.004902
10,ours-406478,448,0.004059
10,simd-v0,449,0.009040
10,393435,449,0.004940
10,ours-406478,449,0.004054
10,KACTL,449,0.035622
10,393435,450,0.005300
10,ours-406478,450,0.004029
10,KACTL,450,0.035350
10,simd-v0,450,0.009221
10,ours-406478,451,0.004086
10,KACTL,451,0.035249
10,simd-v0,451,0.009231
10,393435,451,0.004954
10,KACTL,452,0.035804
10,simd-v0,452,0.009214
10,393435,452,0.004916
10,ours-406478,452,0.004045
10,simd-v0,453,0.009072
10,393435,453,0.004927
10,ours-406478,453,0.004037
10,KACTL,453,0.035320
10,393435,454,0.005294
10,ours-406478,454,0.004044
10,KACTL,454,0.035674
10,simd-v0,454,0.009235
10,ours-406478,455,0.010652
10,KACTL,455,0.035414
10,simd-v0,455,0.009211
10,393435,455,0.004936
10,KACTL,456,0.035350
10,simd-v0,456,0.009248
10,393435,456,0.004905
10,ours-406478,456,0.004049
10,simd-v0,457,0.009066
10,393435,457,0.004924
10,ours-406478,457,0.004017
10,KACTL,457,0.035360
10,393435,458,0.005280
10,ours-406478,458,0.004052
10,KACTL,458,0.035315
10,simd-v0,458,0.009231
10,ours-406478,459,0.004067
10,KACTL,459,0.035260
10,simd-v0,459,0.009230
10,393435,459,0.004930
10,KACTL,460,0.035417
10,simd-v0,460,0.009236
10,393435,460,0.004915
10,ours-406478,460,0.004053
10,simd-v0,461,0.009054
10,393435,461,0.004940
10,ours-406478,461,0.004050
10,KACTL,461,0.035376
10,393435,462,0.005250
10,ours-406478,462,0.004045
10,KACTL,462,0.035582
10,simd-v0,462,0.009244
10,ours-406478,463,0.004044
10,KACTL,463,0.035254
10,simd-v0,463,0.009208
10,393435,463,0.004983
10,KACTL,464,0.035302
10,simd-v0,464,0.009232
10,393435,464,0.004940
10,ours-406478,464,0.004076
10,simd-v0,465,0.009087
10,393435,465,0.004948
10,ours-406478,465,0.004024
10,KACTL,465,0.035583
10,393435,466,0.005316
10,ours-406478,466,0.004016
10,KACTL,466,0.035342
10,simd-v0,466,0.009232
10,ours-406478,467,0.004041
10,KACTL,467,0.035310
10,simd-v0,467,0.009204
10,393435,467,0.004899
10,KACTL,468,0.035313
10,simd-v0,468,0.009223
10,393435,468,0.004920
10,ours-406478,468,0.004061
10,simd-v0,469,0.009074
10,393435,469,0.004924
10,ours-406478,469,0.004090
10,KACTL,469,0.035366
10,393435,470,0.005300
10,ours-406478,470,0.004042
10,KACTL,470,0.035326
10,simd-v0,470,0.009227
10,ours-406478,471,0.004058
10,KACTL,471,0.035302
10,simd-v0,471,0.009219
10,393435,471,0.004904
10,KACTL,472,0.035304
10,simd-v0,472,0.009203
10,393435,472,0.011417
10,ours-406478,472,0.004057
10,simd-v0,473,0.009077
10,393435,473,0.004879
10,ours-406478,473,0.004040
10,KACTL,473,0.035383
10,393435,474,0.005298
10,ours-406478,474,0.004051
10,KACTL,474,0.035349
10,simd-v0,474,0.009206
10,ours-406478,475,0.004055
10,KACTL,475,0.035364
10,simd-v0,475,0.009229
10,393435,475,0.004917
10,KACTL,476,0.035514
10,simd-v0,476,0.009229
10,393435,476,0.004927
10,ours-406478,476,0.004057
10,simd-v0,477,0.009062
10,393435,477,0.004918
10,ours-406478,477,0.004049
10,KACTL,477,0.035377
10,393435,478,0.015915
10,ours-406478,478,0.004035
10,KACTL,478,0.035305
10,simd-v0,478,0.009219
10,ours-406478,479,0.004067
10,KACTL,479,0.035280
10,simd-v0,479,0.009238
10,393435,479,0.004915
10,KACTL,480,0.035357
10,simd-v0,480,0.009242
10,393435,480,0.004914
10,ours-406478,480,0.004073
10,simd-v0,481,0.009024
10,393435,481,0.004963
10,ours-406478,481,0.004029
10,KACTL,481,0.035682
10,393435,482,0.005292
10,ours-406478,482,0.004043
10,KACTL,482,0.035443
10,simd-v0,482,0.009244
10,ours-406478,483,0.004068
10,KACTL,483,0.035375
10,simd-v0,483,0.009229
10,393435,483,0.004915
10,KACTL,484,0.035300
10,simd-v0,484,0.009251
10,393435,484,0.004932
10,ours-406478,484,0.004041
10,simd-v0,485,0.009028
10,393435,485,0.004887
10,ours-406478,485,0.004065
10,KACTL,485,0.035690
10,393435,486,0.005298
10,ours-406478,486,0.004040
10,KACTL,486,0.036476
10,simd-v0,486,0.008944
10,ours-406478,487,0.003949
10,KACTL,487,0.034118
10,simd-v0,487,0.008907
10,393435,487,0.004760
10,KACTL,488,0.034124
10,simd-v0,488,0.008974
10,393435,488,0.004773
10,ours-406478,488,0.003926
10,simd-v0,489,0.008739
10,393435,489,0.004763
10,ours-406478,489,0.003915
10,KACTL,489,0.034220
10,393435,490,0.005127
10,ours-406478,490,0.003940
10,KACTL,490,0.040594
10,simd-v0,490,0.008957
10,ours-406478,491,0.003917
10,KACTL,491,0.034215
10,simd-v0,491,0.008919
10,393435,491,0.004751
10,KACTL,492,0.034261
10,simd-v0,492,0.008930
10,393435,492,0.004727
10,ours-406478,492,0.003943
10,simd-v0,493,0.008780
10,393435,493,0.004756
10,ours-406478,493,0.003910
10,KACTL,493,0.034223
10,393435,494,0.005113
10,ours-406478,494,0.003925
10,KACTL,494,0.034205
10,simd-v0,494,0.008911
10,ours-406478,495,0.003923
10,KACTL,495,0.034221
10,simd-v0,495,0.008946
10,393435,495,0.004754
10,KACTL,496,0.034389
10,simd-v0,496,0.008918
10,393435,496,0.004753
10,ours-406478,496,0.003930
10,simd-v0,497,0.008794
10,393435,497,0.004749
10,ours-406478,497,0.003907
10,KACTL,497,0.034215
10,393435,498,0.005124
10,ours-406478,498,0.003898
10,KACTL,498,0.034136
10,simd-v0,498,0.008965
10,ours-406478,499,0.003934
10,KACTL,499,0.034190
10,simd-v0,499,0.008952
10,393435,499,0.005119
10,KACTL,500,0.057015
10,simd-v0,500,0.008959
10,393435,500,0.004788
10,ours-406478,500,0.003910
10,simd-v0,501,0.008732
10,393435,501,0.004762
10,ours-406478,501,0.003941
10,KACTL,501,0.034259
10,393435,502,0.005125
10,ours-406478,502,0.003915
10,KACTL,502,0.034196
10,simd-v0,502,0.008927
10,ours-406478,503,0.003910
10,KACTL,503,0.034130
10,simd-v0,503,0.008896
10,393435,503,0.004770
10,KACTL,504,0.034155
10,simd-v0,504,0.008926
10,393435,504,0.004752
10,ours-406478,504,0.003931
10,simd-v0,505,0.008766
10,393435,505,0.004758
10,ours-406478,505,0.003916
10,KACTL,505,0.034453
10,393435,506,0.005113
10,ours-406478,506,0.003933
10,KACTL,506,0.034471
10,simd-v0,506,0.008938
10,ours-406478,507,0.003927
10,KACTL,507,0.034432
10,simd-v0,507,0.008945
10,393435,507,0.004745
10,KACTL,508,0.034243
10,simd-v0,508,0.015633
10,393435,508,0.004788
10,ours-406478,508,0.003888
10,simd-v0,509,0.008740
10,393435,509,0.004745
10,ours-406478,509,0.003888
10,KACTL,509,0.034243
10,393435,510,0.005133
10,ours-406478,510,0.003926
10,KACTL,510,0.034331
10,simd-v0,510,0.008919
10,ours-406478,511,0.003927
10,KACTL,511,0.034144
10,simd-v0,511,0.008954
10,393435,511,0.004738
10,KACTL,512,0.034330
10,simd-v0,512,0.008942
10,393435,512,0.004795
10,ours-406478,512,0.003937
10,simd-v0,513,0.008796
10,393435,513,0.004751
10,ours-406478,513,0.003907
10,KACTL,513,0.034772
10,393435,514,0.005117
10,ours-406478,514,0.003900
10,KACTL,514,0.034187
10,simd-v0,514,0.008902
10,ours-406478,515,0.003923
10,KACTL,515,0.034111
10,simd-v0,515,0.008953
10,393435,515,0.004779
10,KACTL,516,0.034099
10,simd-v0,516,0.008915
10,393435,516,0.004751
10,ours-406478,516,0.003944
10,simd-v0,517,0.008794
10,393435,517,0.004761
10,ours-406478,517,0.003896
10,KACTL,517,0.034165
10,393435,518,0.005103
10,ours-406478,518,0.003914
10,KACTL,518,0.034039
10,simd-v0,518,0.008931
10,ours-406478,519,0.003933
10,KACTL,519,0.034268
10,simd-v0,519,0.008936
10,393435,519,0.004762
10,KACTL,520,0.034141
10,simd-v0,520,0.008930
10,393435,520,0.004764
10,ours-406478,520,0.003922
10,simd-v0,521,0.008775
10,393435,521,0.004780
10,ours-406478,521,0.003922
10,KACTL,521,0.034425
10,393435,522,0.005125
10,ours-406478,522,0.003891
10,KACTL,522,0.034106
10,simd-v0,522,0.008928
10,ours-406478,523,0.003944
10,KACTL,523,0.034357
10,simd-v0,523,0.008949
10,393435,523,0.004761
10,KACTL,524,0.034316
10,simd-v0,524,0.008938
10,393435,524,0.004797
10,ours-406478,524,0.003931
10,simd-v0,525,0.008747
10,393435,525,0.004730
10,ours-406478,525,0.003906
10,KACTL,525,0.034326
10,393435,526,0.005128
10,ours-406478,526,0.003880
10,KACTL,526,0.034355
10,simd-v0,526,0.008929
10,ours-406478,527,0.003928
10,KACTL,527,0.040216
10,simd-v0,527,0.008944
10,393435,527,0.004783
10,KACTL,528,0.034070
10,simd-v0,528,0.008928
10,393435,528,0.004748
10,ours-406478,528,0.003918
10,simd-v0,529,0.008796
10,393435,529,0.004785
10,ours-406478,529,0.003926
10,KACTL,529,0.034093
10,393435,530,0.005108
10,ours-406478,530,0.003901
10,KACTL,530,0.034124
10,simd-v0,530,0.008913
10,ours-406478,531,0.003939
10,KACTL,531,0.034178
10,simd-v0,531,0.008938
10,393435,531,0.004747
10,KACTL,532,0.034121
10,simd-v0,532,0.008942
10,393435,532,0.004748
10,ours-406478,532,0.003947
10,simd-v0,533,0.008770
10,393435,533,0.004723
10,ours-406478,533,0.003913
10,KACTL,533,0.034362
10,393435,534,0.005083
10,ours-406478,534,0.003922
10,KACTL,534,0.034103
10,simd-v0,534,0.008910
10,ours-406478,535,0.003925
10,KACTL,535,0.034343
10,simd-v0,535,0.008937
10,393435,535,0.004761
10,KACTL,536,0.034116
10,simd-v0,536,0.008939
10,393435,536,0.004734
10,ours-406478,536,0.003944
10,simd-v0,537,0.008796
10,393435,537,0.004777
10,ours-406478,537,0.003888
10,KACTL,537,0.034359
10,393435,538,0.005088
10,ours-406478,538,0.003872
10,KACTL,538,0.034085
10,simd-v0,538,0.008938
10,ours-406478,539,0.003918
10,KACTL,539,0.034116
10,simd-v0,539,0.008923
10,393435,539,0.004756
10,KACTL,540,0.034107
10,simd-v0,540,0.008927
10,393435,540,0.004797
10,ours-406478,540,0.003930
10,simd-v0,541,0.008788
10,393435,541,0.004765
10,ours-406478,541,0.003918
10,KACTL,541,0.034114
10,393435,542,0.005108
10,ours-406478,542,0.003903
10,KACTL,542,0.034099
10,simd-v0,542,0.008922
10,ours-406478,543,0.003906
10,KACTL,543,0.034124
10,simd-v0,543,0.008946
10,393435,543,0.004753
10,KACTL,544,0.034327
10,simd-v0,544,0.008951
10,393435,544,0.004765
10,ours-406478,544,0.003905
10,simd-v0,545,0.008772
10,393435,545,0.004749
10,ours-406478,545,0.003934
10,KACTL,545,0.040664
10,393435,546,0.005129
10,ours-406478,546,0.003903
10,KACTL,546,0.034376
10,simd-v0,546,0.008936
10,ours-406478,547,0.003936
10,KACTL,547,0.034038
10,simd-v0,547,0.008928
10,393435,547,0.004757
10,KACTL,548,0.034071
10,simd-v0,548,0.008938
10,393435,548,0.004760
10,ours-406478,548,0.003929
10,simd-v0,549,0.008773
10,393435,549,0.004754
10,ours-406478,549,0.003953
10,KACTL,549,0.034106
10,393435,550,0.005138
10,ours-406478,550,0.003909
10,KACTL,550,0.034333
10,simd-v0,550,0.008939
10,ours-406478,551,0.003946
10,KACTL,551,0.034134
10,simd-v0,551,0.008930
10,393435,551,0.004821
10,KACTL,552,0.038610
10,simd-v0,552,0.009964
10,393435,552,0.005375
10,ours-406478,552,0.003906
10,simd-v0,553,0.008781
10,393435,553,0.004759
10,ours-406478,553,0.003903
10,KACTL,553,0.034457
10,393435,554,0.005127
10,ours-406478,554,0.003938
10,KACTL,554,0.034101
10,simd-v0,554,0.008951
10,ours-406478,555,0.003932
10,KACTL,555,0.034306
10,simd-v0,555,0.008945
10,393435,555,0.004764
10,KACTL,556,0.034047
10,simd-v0,556,0.008960
10,393435,556,0.004773
10,ours-406478,556,0.003838
10,simd-v0,557,0.009031
10,393435,557,0.004803
10,ours-406478,557,0.003789
10,KACTL,557,0.035535
10,393435,558,0.005242
10,ours-406478,558,0.003801
10,KACTL,558,0.035477
10,simd-v0,558,0.009156
10,ours-406478,559,0.003836
10,KACTL,559,0.035201
10,simd-v0,559,0.009204
10,393435,559,0.004827
10,KACTL,560,0.035459
10,simd-v0,560,0.009196
10,393435,560,0.004825
10,ours-406478,560,0.003828
10,simd-v0,561,0.009008
10,393435,561,0.004811
10,ours-406478,561,0.003807
10,KACTL,561,0.035124
10,393435,562,0.005231
10,ours-406478,562,0.003823
10,KACTL,562,0.035405
10,simd-v0,562,0.009172
10,ours-406478,563,0.003834
10,KACTL,563,0.035156
10,simd-v0,563,0.016009
10,393435,563,0.004826
10,KACTL,564,0.035303
10,simd-v0,564,0.009184
10,393435,564,0.004838
10,ours-406478,564,0.003823
10,simd-v0,565,0.009000
10,393435,565,0.004823
10,ours-406478,565,0.003813
10,KACTL,565,0.035597
10,393435,566,0.005047
10,ours-406478,566,0.003689
10,KACTL,566,0.034367
10,simd-v0,566,0.008871
10,ours-406478,567,0.003727
10,KACTL,567,0.034068
10,simd-v0,567,0.008886
10,393435,567,0.004662
10,KACTL,568,0.034073
10,simd-v0,568,0.008881
10,393435,568,0.004665
10,ours-406478,568,0.003708
10,simd-v0,569,0.008763
10,393435,569,0.004658
10,ours-406478,569,0.003691
10,KACTL,569,0.034095
10,393435,570,0.004664
10,ours-406478,570,0.003687
10,KACTL,570,0.034073
10,simd-v0,570,0.008719
10,ours-406478,571,0.003706
10,KACTL,571,0.034084
10,simd-v0,571,0.008751
10,393435,571,0.005192
10,KACTL,572,0.035236
10,simd-v0,572,0.009002
10,393435,572,0.004832
10,ours-406478,572,0.003834
10,simd-v0,573,0.009024
10,393435,573,0.004819
10,ours-406478,573,0.003808
10,KACTL,573,0.035472
10,393435,574,0.004702
10,ours-406478,574,0.003680
10,KACTL,574,0.033992
10,simd-v0,574,0.009351
10,ours-406478,575,0.003932
10,KACTL,575,0.036450
10,simd-v0,575,0.009350
10,393435,575,0.005009
10,KACTL,576,0.036695
10,simd-v0,576,0.009326
10,393435,576,0.004987
10,ours-406478,576,0.003963
10,simd-v0,577,0.009347
10,393435,577,0.004998
10,ours-406478,577,0.003942
10,KACTL,577,0.036538
10,393435,578,0.004986
10,ours-406478,578,0.003959
10,KACTL,578,0.036730
10,simd-v0,578,0.009316
10,ours-406478,579,0.003979
10,KACTL,579,0.036740
10,simd-v0,579,0.009354
10,393435,579,0.005022
10,KACTL,580,0.036798
10,simd-v0,580,0.009310
10,393435,580,0.005004
10,ours-406478,580,0.003949
10,simd-v0,581,0.009326
10,393435,581,0.004968
10,ours-406478,581,0.003956
10,KACTL,581,0.043415
10,393435,582,0.005419
10,ours-406478,582,0.003928
10,KACTL,582,0.036772
10,simd-v0,582,0.009329
10,ours-406478,583,0.003954
10,KACTL,583,0.036753
10,simd-v0,583,0.009346
10,393435,583,0.004984
10,KACTL,584,0.036687
10,simd-v0,584,0.009335
10,393435,584,0.005010
10,ours-406478,584,0.003977
10,simd-v0,585,0.009306
10,393435,585,0.004959
10,ours-406478,585,0.003929
10,KACTL,585,0.036485
10,393435,586,0.004992
10,ours-406478,586,0.003929
10,KACTL,586,0.036773
10,simd-v0,586,0.009341
10,ours-406478,587,0.003970
10,KACTL,587,0.036461
10,simd-v0,587,0.009326
10,393435,587,0.004993
10,KACTL,588,0.036516
10,simd-v0,588,0.009350
10,393435,588,0.004991
10,ours-406478,588,0.003946
10,simd-v0,589,0.009331
10,393435,589,0.004970
10,ours-406478,589,0.003942
10,KACTL,589,0.036364
10,393435,590,0.004951
10,ours-406478,590,0.003933
10,KACTL,590,0.036443
10,simd-v0,590,0.009385
10,ours-406478,591,0.003986
10,KACTL,591,0.036658
10,simd-v0,591,0.009312
10,393435,591,0.004992
10,KACTL,592,0.036686
10,simd-v0,592,0.009332
10,393435,592,0.004985
10,ours-406478,592,0.003928
10,simd-v0,593,0.009303
10,393435,593,0.005002
10,ours-406478,593,0.003962
10,KACTL,593,0.036732
10,393435,594,0.004975
10,ours-406478,594,0.003944
10,KACTL,594,0.036739
10,simd-v0,594,0.009356
10,ours-406478,595,0.003930
10,KACTL,595,0.036383
10,simd-v0,595,0.009344
10,393435,595,0.005006
10,KACTL,596,0.036452
10,simd-v0,596,0.009316
10,393435,596,0.004995
10,ours-406478,596,0.003980
10,simd-v0,597,0.009308
10,393435,597,0.004991
10,ours-406478,597,0.003942
10,KACTL,597,0.036720
10,393435,598,0.004994
10,ours-406478,598,0.003933
10,KACTL,598,0.036707
10,simd-v0,598,0.009307
10,ours-406478,599,0.003975
10,KACTL,599,0.042852
10,simd-v0,599,0.009352
10,393435,599,0.004997
10,KACTL,600,0.036416
10,simd-v0,600,0.009348
10,393435,600,0.005009
10,ours-406478,600,0.003966
10,simd-v0,601,0.009308
10,393435,601,0.004998
10,ours-406478,601,0.003973
10,KACTL,601,0.038859
10,393435,602,0.005005
10,ours-406478,602,0.003915
10,KACTL,602,0.036478
10,simd-v0,602,0.009301
10,ours-406478,603,0.003966
10,KACTL,603,0.036444
10,simd-v0,603,0.009351
10,393435,603,0.004988
10,KACTL,604,0.036604
10,simd-v0,604,0.009317
10,393435,604,0.005007
10,ours-406478,604,0.003968
10,simd-v0,605,0.009341
10,393435,605,0.004974
10,ours-406478,605,0.003950
10,KACTL,605,0.036420
10,393435,606,0.004984
10,ours-406478,606,0.003931
10,KACTL,606,0.036431
10,simd-v0,606,0.009315
10,ours-406478,607,0.003954
10,KACTL,607,0.036407
10,simd-v0,607,0.009356
10,393435,607,0.004992
10,KACTL,608,0.036771
10,simd-v0,608,0.009371
10,393435,608,0.004985
10,ours-406478,608,0.003970
10,simd-v0,609,0.009329
10,393435,609,0.004995
10,ours-406478,609,0.003944
10,KACTL,609,0.036486
10,393435,610,0.004999
10,ours-406478,610,0.003934
10,KACTL,610,0.036460
10,simd-v0,610,0.009337
10,ours-406478,611,0.003949
10,KACTL,611,0.036412
10,simd-v0,611,0.009305
10,393435,611,0.004989
10,KACTL,612,0.036724
10,simd-v0,612,0.009307
10,393435,612,0.004985
10,ours-406478,612,0.003956
10,simd-v0,613,0.009361
10,393435,613,0.005005
10,ours-406478,613,0.003961
10,KACTL,613,0.036537
10,393435,614,0.004980
10,ours-406478,614,0.003949
10,KACTL,614,0.036443
10,simd-v0,614,0.009335
10,ours-406478,615,0.003929
10,KACTL,615,0.036409
10,simd-v0,615,0.009328
10,393435,615,0.005028
10,KACTL,616,0.036419
10,simd-v0,616,0.016012
10,393435,616,0.005014
10,ours-406478,616,0.003959
10,simd-v0,617,0.009338
10,393435,617,0.004990
10,ours-406478,617,0.003946
10,KACTL,617,0.036785
10,393435,618,0.004998
10,ours-406478,618,0.003935
10,KACTL,618,0.036457
10,simd-v0,618,0.009322
10,ours-406478,619,0.003973
10,KACTL,619,0.036525
10,simd-v0,619,0.009322
10,393435,619,0.004984
10,KACTL,620,0.036428
10,simd-v0,620,0.009319
10,393435,620,0.005023
10,ours-406478,620,0.003949
10,simd-v0,621,0.009297
10,393435,621,0.004969
10,ours-406478,621,0.003940
10,KACTL,621,0.036390
10,393435,622,0.004986
10,ours-406478,622,0.003939
10,KACTL,622,0.036684
10,simd-v0,622,0.015484
10,ours-406478,623,0.003697
10,KACTL,623,0.034538
10,simd-v0,623,0.010031
10,393435,623,0.004664
10,KACTL,624,0.034512
10,simd-v0,624,0.010075
10,393435,624,0.004668
10,ours-406478,624,0.003696
10,simd-v0,625,0.008724
10,393435,625,0.004677
10,ours-406478,625,0.003688
10,KACTL,625,0.034862
10,393435,626,0.006188
10,ours-406478,626,0.003696
10,KACTL,626,0.034502
10,simd-v0,626,0.010042
10,ours-406478,627,0.003706
10,KACTL,627,0.034817
10,simd-v0,627,0.010050
10,393435,627,0.004683
10,KACTL,628,0.034821
10,simd-v0,628,0.010094
10,393435,628,0.004684
10,ours-406478,628,0.003672
10,simd-v0,629,0.008766
10,393435,629,0.004674
10,ours-406478,629,0.003700
10,KACTL,629,0.034568
10,393435,630,0.006179
10,ours-406478,630,0.003675
10,KACTL,630,0.034530
10,simd-v0,630,0.010070
10,ours-406478,631,0.003708
10,KACTL,631,0.034717
10,simd-v0,631,0.010041
10,393435,631,0.004666
10,KACTL,632,0.034808
10,simd-v0,632,0.010088
10,393435,632,0.004668
10,ours-406478,632,0.003700
10,simd-v0,633,0.008698
10,393435,633,0.004674
10,ours-406478,633,0.003674
10,KACTL,633,0.034630
10,393435,634,0.006184
10,ours-406478,634,0.003684
10,KACTL,634,0.041623
10,simd-v0,634,0.010097
10,ours-406478,635,0.003703
10,KACTL,635,0.034574
10,simd-v0,635,0.010040
10,393435,635,0.004672
10,KACTL,636,0.034512
10,simd-v0,636,0.010064
10,393435,636,0.004675
10,ours-406478,636,0.003711
10,simd-v0,637,0.008707
10,393435,637,0.004672
10,ours-406478,637,0.003690
10,KACTL,637,0.034528
10,393435,638,0.006189
10,ours-406478,638,0.003674
10,KACTL,638,0.034845
10,simd-v0,638,0.010073
10,ours-406478,639,0.003718
10,KACTL,639,0.034499
10,simd-v0,639,0.010058
10,393435,639,0.004662
10,KACTL,640,0.034461
10,simd-v0,640,0.010067
10,393435,640,0.004673
10,ours-406478,640,0.003706
10,simd-v0,641,0.008730
10,393435,641,0.004662
10,ours-406478,641,0.003710
10,KACTL,641,0.034062
10,393435,642,0.004683
10,ours-406478,642,0.003685
10,KACTL,642,0.033956
10,simd-v0,642,0.008750
10,ours-406478,643,0.003717
10,KACTL,643,0.034099
10,simd-v0,643,0.008723
10,393435,643,0.004659
10,KACTL,644,0.034055
10,simd-v0,644,0.008728
10,393435,644,0.004676
10,ours-406478,644,0.003715
10,simd-v0,645,0.008741
10,393435,645,0.004673
10,ours-406478,645,0.003689
10,KACTL,645,0.034302
10,393435,646,0.004690
10,ours-406478,646,0.003680
10,KACTL,646,0.034333
10,simd-v0,646,0.008713
10,ours-406478,647,0.003687
10,KACTL,647,0.034015
10,simd-v0,647,0.008726
10,393435,647,0.004672
10,KACTL,648,0.034013
10,simd-v0,648,0.008723
10,393435,648,0.004661
10,ours-406478,648,0.003686
10,simd-v0,649,0.008756
10,393435,649,0.004650
10,ours-406478,649,0.003691
10,KACTL,649,0.034084
10,393435,650,0.004692
10,ours-406478,650,0.003699
10,KACTL,650,0.034049
10,simd-v0,650,0.008744
10,ours-406478,651,0.003724
10,KACTL,651,0.034068
10,simd-v0,651,0.008722
10,393435,651,0.004663
10,KACTL,652,0.034067
10,simd-v0,652,0.008717
10,393435,652,0.004663
10,ours-406478,652,0.010597
10,simd-v0,653,0.011935
10,393435,653,0.005573
10,ours-406478,653,0.016884
10,KACTL,653,0.034380
10,393435,654,0.004679
10,ours-406478,654,0.003688
10,KACTL,654,0.034083
10,simd-v0,654,0.008704
10,ours-406478,655,0.003699
10,KACTL,655,0.034048
10,simd-v0,655,0.008730
10,393435,655,0.004671
10,KACTL,656,0.034093
10,simd-v0,656,0.008724
10,393435,656,0.004673
10,ours-406478,656,0.003714
10,simd-v0,657,0.008734
10,393435,657,0.004659
10,ours-406478,657,0.003668
10,KACTL,657,0.034319
10,393435,658,0.004679
10,ours-406478,658,0.003683
10,KACTL,658,0.034052
10,simd-v0,658,0.008708
10,ours-406478,659,0.003699
10,KACTL,659,0.034040
10,simd-v0,659,0.008882
10,393435,659,0.004676
10,KACTL,660,0.034007
10,simd-v0,660,0.008885
10,393435,660,0.004656
10,ours-406478,660,0.003695
10,simd-v0,661,0.008732
10,393435,661,0.004682
10,ours-406478,661,0.003706
10,KACTL,661,0.034160
10,393435,662,0.005053
10,ours-406478,662,0.003685
10,KACTL,662,0.034328
10,simd-v0,662,0.008896
10,ours-406478,663,0.003704
10,KACTL,663,0.034112
10,simd-v0,663,0.008867
10,393435,663,0.004674
10,KACTL,664,0.034109
10,simd-v0,664,0.008881
10,393435,664,0.004696
10,ours-406478,664,0.003687
10,simd-v0,665,0.008732
10,393435,665,0.004684
10,ours-406478,665,0.003696
10,KACTL,665,0.034078
10,393435,666,0.005041
10,ours-406478,666,0.003690
10,KACTL,666,0.034313
10,simd-v0,666,0.008887
10,ours-406478,667,0.003715
10,KACTL,667,0.034113
10,simd-v0,667,0.008850
10,393435,667,0.004670
10,KACTL,668,0.034055
10,simd-v0,668,0.008883
10,393435,668,0.004658
10,ours-406478,668,0.003692
10,simd-v0,669,0.008692
10,393435,669,0.004626
10,ours-406478,669,0.003691
10,KACTL,669,0.034169
10,393435,670,0.005069
10,ours-406478,670,0.003678
10,KACTL,670,0.034132
10,simd-v0,670,0.008905
10,ours-406478,671,0.003710
10,KACTL,671,0.053387
10,simd-v0,671,0.008905
10,393435,671,0.004684
10,KACTL,672,0.034182
10,simd-v0,672,0.008883
10,393435,672,0.004677
10,ours-406478,672,0.003706
10,simd-v0,673,0.008728
10,393435,673,0.004673
10,ours-406478,673,0.003679
10,KACTL,673,0.034178
10,393435,674,0.005054
10,ours-406478,674,0.003696
10,KACTL,674,0.034133
10,simd-v0,674,0.008875
10,ours-406478,675,0.003699
10,KACTL,675,0.034004
10,simd-v0,675,0.008855
10,393435,675,0.004672
10,KACTL,676,0.034050
10,simd-v0,676,0.008930
10,393435,676,0.004675
10,ours-406478,676,0.003708
10,simd-v0,677,0.008722
10,393435,677,0.004660
10,ours-406478,677,0.003686
10,KACTL,677,0.034125
10,393435,678,0.005057
10,ours-406478,678,0.003689
10,KACTL,678,0.034033
10,simd-v0,678,0.008864
10,ours-406478,679,0.003706
10,KACTL,679,0.034050
10,simd-v0,679,0.008888
10,393435,679,0.004704
10,KACTL,680,0.034432
10,simd-v0,680,0.008869
10,393435,680,0.004670
10,ours-406478,680,0.003709
10,simd-v0,681,0.008718
10,393435,681,0.004690
10,ours-406478,681,0.003674
10,KACTL,681,0.034154
10,393435,682,0.005064
10,ours-406478,682,0.003682
10,KACTL,682,0.034300
10,simd-v0,682,0.008895
10,ours-406478,683,0.003702
10,KACTL,683,0.034037
10,simd-v0,683,0.008869
10,393435,683,0.004681
10,KACTL,684,0.034064
10,simd-v0,684,0.008883
10,393435,684,0.004666
10,ours-406478,684,0.003702
10,simd-v0,685,0.008727
10,393435,685,0.004670
10,ours-406478,685,0.003689
10,KACTL,685,0.034122
10,393435,686,0.005045
10,ours-406478,686,0.003666
10,KACTL,686,0.034375
10,simd-v0,686,0.008880
10,ours-406478,687,0.003729
10,KACTL,687,0.034087
10,simd-v0,687,0.008883
10,393435,687,0.004686
10,KACTL,688,0.034328
10,simd-v0,688,0.008911
10,393435,688,0.004675
10,ours-406478,688,0.003702
10,simd-v0,689,0.008733
10,393435,689,0.004693
10,ours-406478,689,0.003697
10,KACTL,689,0.040852
10,393435,690,0.005057
10,ours-406478,690,0.003699
10,KACTL,690,0.034483
10,simd-v0,690,0.008877
10,ours-406478,691,0.003689
10,KACTL,691,0.034117
10,simd-v0,691,0.015344
10,393435,691,0.004827
10,KACTL,692,0.035853
10,simd-v0,692,0.009161
10,393435,692,0.004819
10,ours-406478,692,0.003818
10,simd-v0,693,0.009001
10,393435,693,0.004823
10,ours-406478,693,0.003839
10,KACTL,693,0.035203
10,393435,694,0.005217
10,ours-406478,694,0.003804
10,KACTL,694,0.035678
10,simd-v0,694,0.009474
10,ours-406478,695,0.003958
10,KACTL,695,0.036454
10,simd-v0,695,0.009498
10,393435,695,0.005244
10,KACTL,696,0.036741
10,simd-v0,696,0.009507
10,393435,696,0.004992
10,ours-406478,696,0.003963
10,simd-v0,697,0.009333
10,393435,697,0.004990
10,ours-406478,697,0.003950
10,KACTL,697,0.036487
10,393435,698,0.005389
10,ours-406478,698,0.003934
10,KACTL,698,0.036431
10,simd-v0,698,0.015001
10,ours-406478,699,0.003817
10,KACTL,699,0.035244
10,simd-v0,699,0.009174
10,393435,699,0.004827
10,KACTL,700,0.035520
10,simd-v0,700,0.009192
10,393435,700,0.004834
10,ours-406478,700,0.003813
10,simd-v0,701,0.009033
10,393435,701,0.004825
10,ours-406478,701,0.003807
10,KACTL,701,0.035231
10,393435,702,0.005219
10,ours-406478,702,0.003802
10,KACTL,702,0.035212
10,simd-v0,702,0.009193
10,ours-406478,703,0.004087
10,KACTL,703,0.036413
10,simd-v0,703,0.010375
10,393435,703,0.004913
10,KACTL,704,0.035359
10,simd-v0,704,0.009196
10,393435,704,0.004912
10,ours-406478,704,0.004047
10,simd-v0,705,0.009073
10,393435,705,0.004952
10,ours-406478,705,0.004056
10,KACTL,705,0.035231
10,393435,706,0.005299
10,ours-406478,706,0.004043
10,KACTL,706,0.035549
10,simd-v0,706,0.009206
10,ours-406478,707,0.004046
10,KACTL,707,0.042081
10,simd-v0,707,0.009220
10,393435,707,0.004911
10,KACTL,708,0.035228
10,simd-v0,708,0.009205
10,393435,708,0.004936
10,ours-406478,708,0.004069
10,simd-v0,709,0.009067
10,393435,709,0.004918
10,ours-406478,709,0.004053
10,KACTL,709,0.035289
10,393435,710,0.005076
10,ours-406478,710,0.003920
10,KACTL,710,0.034078
10,simd-v0,710,0.008935
10,ours-406478,711,0.003919
10,KACTL,711,0.034336
10,simd-v0,711,0.008922
10,393435,711,0.005200
10,KACTL,712,0.035172
10,simd-v0,712,0.009218
10,393435,712,0.004907
10,ours-406478,712,0.004052
10,simd-v0,713,0.009092
10,393435,713,0.004950
10,ours-406478,713,0.004040
10,KACTL,713,0.035211
10,393435,714,0.005307
10,ours-406478,714,0.004055
10,KACTL,714,0.035548
10,simd-v0,714,0.009224
10,ours-406478,715,0.004051
10,KACTL,715,0.035195
10,simd-v0,715,0.009246
10,393435,715,0.004927
10,KACTL,716,0.035542
10,simd-v0,716,0.009049
10,393435,716,0.004931
10,ours-406478,716,0.004062
10,simd-v0,717,0.009086
10,393435,717,0.004940
10,ours-406478,717,0.004032
10,KACTL,717,0.035265
10,393435,718,0.004906
10,ours-406478,718,0.004029
10,KACTL,718,0.035589
10,simd-v0,718,0.009104
10,ours-406478,719,0.004061
10,KACTL,719,0.035277
10,simd-v0,719,0.009066
10,393435,719,0.004912
10,KACTL,720,0.035204
10,simd-v0,720,0.009064
10,393435,720,0.004888
10,ours-406478,720,0.004058
10,simd-v0,721,0.009054
10,393435,721,0.004918
10,ours-406478,721,0.004039
10,KACTL,721,0.035201
10,393435,722,0.004921
10,ours-406478,722,0.004051
10,KACTL,722,0.035218
10,simd-v0,722,0.009222
10,ours-406478,723,0.004058
10,KACTL,723,0.035270
10,simd-v0,723,0.009036
10,393435,723,0.004979
10,KACTL,724,0.035282
10,simd-v0,724,0.009037
10,393435,724,0.004949
10,ours-406478,724,0.004071
10,simd-v0,725,0.009049
10,393435,725,0.011653
10,ours-406478,725,0.004033
10,KACTL,725,0.035260
10,393435,726,0.004936
10,ours-406478,726,0.004043
10,KACTL,726,0.035190
10,simd-v0,726,0.009075
10,ours-406478,727,0.004072
10,KACTL,727,0.035234
10,simd-v0,727,0.009062
10,393435,727,0.004918
10,KACTL,728,0.035416
10,simd-v0,728,0.009054
10,393435,728,0.004981
10,ours-406478,728,0.004065
10,simd-v0,729,0.009075
10,393435,729,0.004904
10,ours-406478,729,0.004051
10,KACTL,729,0.035474
10,393435,730,0.004919
10,ours-406478,730,0.004052
10,KACTL,730,0.035466
10,simd-v0,730,0.009030
10,ours-406478,731,0.004069
10,KACTL,731,0.035215
10,simd-v0,731,0.009052
10,393435,731,0.004926
10,KACTL,732,0.035494
10,simd-v0,732,0.009081
10,393435,732,0.004926
10,ours-406478,732,0.004059
10,simd-v0,733,0.009070
10,393435,733,0.004874
10,ours-406478,733,0.004042
10,KACTL,733,0.035229
10,393435,734,0.004917
10,ours-406478,734,0.004050
10,KACTL,734,0.035199
10,simd-v0,734,0.009189
10,ours-406478,735,0.004073
10,KACTL,735,0.035182
10,simd-v0,735,0.009242
10,393435,735,0.004922
10,KACTL,736,0.035195
10,simd-v0,736,0.009243
10,393435,736,0.004927
10,ours-406478,736,0.004063
10,simd-v0,737,0.009048
10,393435,737,0.004919
10,ours-406478,737,0.004014
10,KACTL,737,0.035224
10,393435,738,0.005288
10,ours-406478,738,0.004055
10,KACTL,738,0.035277
10,simd-v0,738,0.009220
10,ours-406478,739,0.004061
10,KACTL,739,0.035232
10,simd-v0,739,0.009225
10,393435,739,0.004915
10,KACTL,740,0.035415
10,simd-v0,740,0.009243
10,393435,740,0.004950
10,ours-406478,740,0.004071
10,simd-v0,741,0.009077
10,393435,741,0.004888
10,ours-406478,741,0.004041
10,KACTL,741,0.035472
10,393435,742,0.005291
10,ours-406478,742,0.004066
10,KACTL,742,0.035503
10,simd-v0,742,0.009219
10,ours-406478,743,0.004060
10,KACTL,743,0.042109
10,simd-v0,743,0.009252
10,393435,743,0.004924
10,KACTL,744,0.035264
10,simd-v0,744,0.009222
10,393435,744,0.004933
10,ours-406478,744,0.004088
10,simd-v0,745,0.009063
10,393435,745,0.004928
10,ours-406478,745,0.004062
10,KACTL,745,0.035536
10,393435,746,0.005271
10,ours-406478,746,0.004037
10,KACTL,746,0.035216
10,simd-v0,746,0.009230
10,ours-406478,747,0.004143
10,KACTL,747,0.035485
10,simd-v0,747,0.008969
10,393435,747,0.004776
10,KACTL,748,0.034379
10,simd-v0,748,0.008924
10,393435,748,0.004803
10,ours-406478,748,0.003938
10,simd-v0,749,0.008746
10,393435,749,0.004760
10,ours-406478,749,0.003924
10,KACTL,749,0.034378
10,393435,750,0.005123
10,ours-406478,750,0.003899
10,KACTL,750,0.034344
10,simd-v0,750,0.008929
10,ours-406478,751,0.003919
10,KACTL,751,0.034132
10,simd-v0,751,0.008973
10,393435,751,0.004766
10,KACTL,752,0.034139
10,simd-v0,752,0.008897
10,393435,752,0.004726
10,ours-406478,752,0.003933
10,simd-v0,753,0.008787
10,393435,753,0.004821
10,ours-406478,753,0.003918
10,KACTL,753,0.034097
10,393435,754,0.004732
10,ours-406478,754,0.003915
10,KACTL,754,0.034264
10,simd-v0,754,0.008772
10,ours-406478,755,0.003935
10,KACTL,755,0.034347
10,simd-v0,755,0.008744
10,393435,755,0.004741
10,KACTL,756,0.034023
10,simd-v0,756,0.008779
10,393435,756,0.004768
10,ours-406478,756,0.003896
10,simd-v0,757,0.008796
10,393435,757,0.004761
10,ours-406478,757,0.003917
10,KACTL,757,0.034421
10,393435,758,0.004753
10,ours-406478,758,0.003909
10,KACTL,758,0.034116
10,simd-v0,758,0.008768
10,ours-406478,759,0.004060
10,KACTL,759,0.034394
10,simd-v0,759,0.008757
10,393435,759,0.004746
10,KACTL,760,0.035380
10,simd-v0,760,0.009059
10,393435,760,0.004833
10,ours-406478,760,0.003812
10,simd-v0,761,0.009010
10,393435,761,0.004843
10,ours-406478,761,0.003810
10,KACTL,761,0.041951
10,393435,762,0.005223
10,ours-406478,762,0.003800
10,KACTL,762,0.035236
10,simd-v0,762,0.009036
10,ours-406478,763,0.003825
10,KACTL,763,0.035142
10,simd-v0,763,0.009063
10,393435,763,0.004823
10,KACTL,764,0.035276
10,simd-v0,764,0.009019
10,393435,764,0.004841
10,ours-406478,764,0.003785
10,simd-v0,765,0.009017
10,393435,765,0.004831
10,ours-406478,765,0.003815
10,KACTL,765,0.035284
10,393435,766,0.004813
10,ours-406478,766,0.003815
10,KACTL,766,0.035231
10,simd-v0,766,0.009001
10,ours-406478,767,0.003827
10,KACTL,767,0.035447
10,simd-v0,767,0.009019
10,393435,767,0.004827
10,KACTL,768,0.035462
10,simd-v0,768,0.009013
10,393435,768,0.004831
10,ours-406478,768,0.003833
10,simd-v0,769,0.009044
10,393435,769,0.004816
10,ours-406478,769,0.003802
10,KACTL,769,0.035276
10,393435,770,0.004817
10,ours-406478,770,0.003786
10,KACTL,770,0.035489
10,simd-v0,770,0.009031
10,ours-406478,771,0.003819
10,KACTL,771,0.035202
10,simd-v0,771,0.009010
10,393435,771,0.004836
10,KACTL,772,0.035491
10,simd-v0,772,0.009032
10,393435,772,0.004815
10,ours-406478,772,0.003828
10,simd-v0,773,0.009004
10,393435,773,0.004840
10,ours-406478,773,0.003807
10,KACTL,773,0.035243
10,393435,774,0.004815
10,ours-406478,774,0.004811
10,KACTL,774,0.034104
10,simd-v0,774,0.008760
10,ours-406478,775,0.003713
10,KACTL,775,0.034075
10,simd-v0,775,0.008725
10,393435,775,0.004667
10,KACTL,776,0.034340
10,simd-v0,776,0.008730
10,393435,776,0.004674
10,ours-406478,776,0.003704
10,simd-v0,777,0.008740
10,393435,777,0.004673
10,ours-406478,777,0.003698
10,KACTL,777,0.034377
10,393435,778,0.004649
10,ours-406478,778,0.003677
10,KACTL,778,0.034389
10,simd-v0,778,0.008707
10,ours-406478,779,0.003685
10,KACTL,779,0.034089
10,simd-v0,779,0.014953
10,393435,779,0.004686
10,KACTL,780,0.034351
10,simd-v0,780,0.008715
10,393435,780,0.004678
10,ours-406478,780,0.003701
10,simd-v0,781,0.008742
10,393435,781,0.004661
10,ours-406478,781,0.003693
10,KACTL,781,0.034161
10,393435,782,0.004678
10,ours-406478,782,0.003681
10,KACTL,782,0.036421
10,simd-v0,782,0.008740
10,ours-406478,783,0.003687
10,KACTL,783,0.034117
10,simd-v0,783,0.008736
10,393435,783,0.004648
10,KACTL,784,0.034200
10,simd-v0,784,0.008730
10,393435,784,0.004672
10,ours-406478,784,0.003708
10,simd-v0,785,0.008746
10,393435,785,0.004680
10,ours-406478,785,0.003679
10,KACTL,785,0.034125
10,393435,786,0.004665
10,ours-406478,786,0.003695
10,KACTL,786,0.034349
10,simd-v0,786,0.008738
10,ours-406478,787,0.003705
10,KACTL,787,0.034124
10,simd-v0,787,0.008716
10,393435,787,0.004674
10,KACTL,788,0.034126
10,simd-v0,788,0.008705
10,393435,788,0.004672
10,ours-406478,788,0.003698
10,simd-v0,789,0.008753
10,393435,789,0.004681
10,ours-406478,789,0.003679
10,KACTL,789,0.034335
10,393435,790,0.004668
10,ours-406478,790,0.003699
10,KACTL,790,0.034389
10,simd-v0,790,0.008741
10,ours-406478,791,0.003703
10,KACTL,791,0.034113
10,simd-v0,791,0.008711
10,393435,791,0.004666
10,KACTL,792,0.034129
10,simd-v0,792,0.008749
10,393435,792,0.004678
10,ours-406478,792,0.003696
10,simd-v0,793,0.008717
10,393435,793,0.004683
10,ours-406478,793,0.003676
10,KACTL,793,0.034163
10,393435,794,0.004706
10,ours-406478,794,0.003686
10,KACTL,794,0.034139
10,simd-v0,794,0.008727
10,ours-406478,795,0.003699
10,KACTL,795,0.034128
10,simd-v0,795,0.008745
10,393435,795,0.004672
10,KACTL,796,0.034078
10,simd-v0,796,0.008697
10,393435,796,0.004669
10,ours-406478,796,0.003709
10,simd-v0,797,0.008800
10,393435,797,0.004658
10,ours-406478,797,0.003700
10,KACTL,797,0.034094
10,393435,798,0.004657
10,ours-406478,798,0.003683
10,KACTL,798,0.041106
10,simd-v0,798,0.008913
10,ours-406478,799,0.003694
10,KACTL,799,0.034081
10,simd-v0,799,0.008704
10,393435,799,0.004664
10,KACTL,800,0.034172
10,simd-v0,800,0.008711
10,393435,800,0.004656
10,ours-406478,800,0.003697
10,simd-v0,801,0.008743
10,393435,801,0.004644
10,ours-406478,801,0.003682
10,KACTL,801,0.034214
10,393435,802,0.004677
10,ours-406478,802,0.003674
10,KACTL,802,0.034163
10,simd-v0,802,0.008740
10,ours-406478,803,0.003703
10,KACTL,803,0.034148
10,simd-v0,803,0.008694
10,393435,803,0.004686
10,KACTL,804,0.034071
10,simd-v0,804,0.008743
10,393435,804,0.004682
10,ours-406478,804,0.003674
10,simd-v0,805,0.008751
10,393435,805,0.004687
10,ours-406478,805,0.003693
10,KACTL,805,0.034375
10,393435,806,0.004656
10,ours-406478,806,0.003652
10,KACTL,806,0.034049
10,simd-v0,806,0.008782
10,ours-406478,807,0.003687
10,KACTL,807,0.034309
10,simd-v0,807,0.008729
10,393435,807,0.004674
10,KACTL,808,0.034046
10,simd-v0,808,0.008757
10,393435,808,0.004666
10,ours-406478,808,0.003712
10,simd-v0,809,0.008728
10,393435,809,0.004678
10,ours-406478,809,0.003699
10,KACTL,809,0.034311
10,393435,810,0.005055
10,ours-406478,810,0.003680
10,KACTL,810,0.034037
10,simd-v0,810,0.008859
10,ours-406478,811,0.003733
10,KACTL,811,0.034272
10,simd-v0,811,0.008878
10,393435,811,0.004659
10,KACTL,812,0.034065
10,simd-v0,812,0.008907
10,393435,812,0.004664
10,ours-406478,812,0.003703
10,simd-v0,813,0.008712
10,393435,813,0.004650
10,ours-406478,813,0.003706
10,KACTL,813,0.034237
10,393435,814,0.005045
10,ours-406478,814,0.003680
10,KACTL,814,0.033989
10,simd-v0,814,0.008878
10,ours-406478,815,0.003693
10,KACTL,815,0.033987
10,simd-v0,815,0.008904
10,393435,815,0.004672
10,KACTL,816,0.034297
10,simd-v0,816,0.008890
10,393435,816,0.004669
10,ours-406478,816,0.003705
10,simd-v0,817,0.015112
10,393435,817,0.004691
10,ours-406478,817,0.003694
10,KACTL,817,0.034159
10,393435,818,0.005045
10,ours-406478,818,0.003687
10,KACTL,818,0.034033
10,simd-v0,818,0.008864
10,ours-406478,819,0.003690
10,KACTL,819,0.034066
10,simd-v0,819,0.008889
10,393435,819,0.004680
10,KACTL,820,0.034345
10,simd-v0,820,0.008891
10,393435,820,0.004652
10,ours-406478,820,0.003704
10,simd-v0,821,0.008729
10,393435,821,0.004665
10,ours-406478,821,0.003697
10,KACTL,821,0.034142
10,393435,822,0.005061
10,ours-406478,822,0.003687
10,KACTL,822,0.034070
10,simd-v0,822,0.008919
10,ours-406478,823,0.003694
10,KACTL,823,0.034103
10,simd-v0,823,0.008841
10,393435,823,0.004681
10,KACTL,824,0.034120
10,simd-v0,824,0.008919
10,393435,824,0.004670
10,ours-406478,824,0.003703
10,simd-v0,825,0.008695
10,393435,825,0.004692
10,ours-406478,825,0.003690
10,KACTL,825,0.034163
10,393435,826,0.005034
10,ours-406478,826,0.003689
10,KACTL,826,0.034146
10,simd-v0,826,0.008894
10,ours-406478,827,0.003708
10,KACTL,827,0.034107
10,simd-v0,827,0.008892
10,393435,827,0.004670
10,KACTL,828,0.034090
10,simd-v0,828,0.008900
10,393435,828,0.004665
10,ours-406478,828,0.003713
10,simd-v0,829,0.008724
10,393435,829,0.004651
10,ours-406478,829,0.003704
10,KACTL,829,0.034366
10,393435,830,0.005029
10,ours-406478,830,0.003689
10,KACTL,830,0.034320
10,simd-v0,830,0.008925
10,ours-406478,831,0.003722
10,KACTL,831,0.034094
10,simd-v0,831,0.008892
10,393435,831,0.004672
10,KACTL,832,0.034039
10,simd-v0,832,0.008883
10,393435,832,0.004665
10,ours-406478,832,0.003709
10,simd-v0,833,0.008759
10,393435,833,0.004674
10,ours-406478,833,0.003700
10,KACTL,833,0.034068
10,393435,834,0.005070
10,ours-406478,834,0.003710
10,KACTL,834,0.034284
10,simd-v0,834,0.008870
10,ours-406478,835,0.003680
10,KACTL,835,0.040726
10,simd-v0,835,0.008868
10,393435,835,0.004676
10,KACTL,836,0.034341
10,simd-v0,836,0.008854
10,393435,836,0.004658
10,ours-406478,836,0.003694
10,simd-v0,837,0.008743
10,393435,837,0.004679
10,ours-406478,837,0.003680
10,KACTL,837,0.034323
10,393435,838,0.005038
10,ours-406478,838,0.003683
10,KACTL,838,0.034306
10,simd-v0,838,0.008911
10,ours-406478,839,0.003715
10,KACTL,839,0.034134
10,simd-v0,839,0.008875
10,393435,839,0.004672
10,KACTL,840,0.034106
10,simd-v0,840,0.008909
10,393435,840,0.004672
10,ours-406478,840,0.003706
10,simd-v0,841,0.008718
10,393435,841,0.004679
10,ours-406478,841,0.003704
10,KACTL,841,0.034415
10,393435,842,0.005018
10,ours-406478,842,0.003676
10,KACTL,842,0.034061
10,simd-v0,842,0.008878
10,ours-406478,843,0.003713
10,KACTL,843,0.034095
10,simd-v0,843,0.008874
10,393435,843,0.004672
10,KACTL,844,0.034121
10,simd-v0,844,0.008875
10,393435,844,0.004686
10,ours-406478,844,0.003709
10,simd-v0,845,0.008714
10,393435,845,0.004667
10,ours-406478,845,0.003691
10,KACTL,845,0.034149
10,393435,846,0.005053
10,ours-406478,846,0.003683
10,KACTL,846,0.034053
10,simd-v0,846,0.008859
10,ours-406478,847,0.003714
10,KACTL,847,0.034102
10,simd-v0,847,0.008925
10,393435,847,0.004669
10,KACTL,848,0.034039
10,simd-v0,848,0.008888
10,393435,848,0.004655
10,ours-406478,848,0.003705
10,simd-v0,849,0.008895
10,393435,849,0.004665
10,ours-406478,849,0.003706
10,KACTL,849,0.034192
10,393435,850,0.005062
10,ours-406478,850,0.003681
10,KACTL,850,0.034135
10,simd-v0,850,0.008880
10,ours-406478,851,0.003697
10,KACTL,851,0.034051
10,simd-v0,851,0.008874
10,393435,851,0.004671
10,KACTL,852,0.034067
10,simd-v0,852,0.008881
10,393435,852,0.004665
10,ours-406478,852,0.003708
10,simd-v0,853,0.008732
10,393435,853,0.004672
10,ours-406478,853,0.003688
10,KACTL,853,0.034193
10,393435,854,0.005046
10,ours-406478,854,0.003703
10,KACTL,854,0.041432
10,simd-v0,854,0.008933
10,ours-406478,855,0.003716
10,KACTL,855,0.034509
10,simd-v0,855,0.009184
10,393435,855,0.004835
10,KACTL,856,0.035533
10,simd-v0,856,0.009170
10,393435,856,0.004816
10,ours-406478,856,0.003857
10,simd-v0,857,0.009027
10,393435,857,0.005319
10,ours-406478,857,0.003834
10,KACTL,857,0.035305
10,393435,858,0.005198
10,ours-406478,858,0.003808
10,KACTL,858,0.035993
10,simd-v0,858,0.009551
10,ours-406478,859,0.003962
10,KACTL,859,0.036373
10,simd-v0,859,0.009477
10,393435,859,0.004989
10,KACTL,860,0.036739
10,simd-v0,860,0.009500
10,393435,860,0.005000
10,ours-406478,860,0.003943
10,simd-v0,861,0.009323
10,393435,861,0.004975
10,ours-406478,861,0.003939
10,KACTL,861,0.036457
10,393435,862,0.005392
10,ours-406478,862,0.003944
10,KACTL,862,0.036404
10,simd-v0,862,0.009516
10,ours-406478,863,0.003960
10,KACTL,863,0.036408
10,simd-v0,863,0.009483
10,393435,863,0.004986
10,KACTL,864,0.036372
10,simd-v0,864,0.009501
10,393435,864,0.004976
10,ours-406478,864,0.003975
10,simd-v0,865,0.009300
10,393435,865,0.005018
10,ours-406478,865,0.003925
10,KACTL,865,0.036438
10,393435,866,0.005375
10,ours-406478,866,0.003955
10,KACTL,866,0.036696
10,simd-v0,866,0.009474
10,ours-406478,867,0.003971
10,KACTL,867,0.036766
10,simd-v0,867,0.009518
10,393435,867,0.004995
10,KACTL,868,0.036457
10,simd-v0,868,0.009392
10,393435,868,0.004999
10,ours-406478,868,0.003960
10,simd-v0,869,0.009276
10,393435,869,0.004977
10,ours-406478,869,0.003935
10,KACTL,869,0.036790
10,393435,870,0.005082
10,ours-406478,870,0.003940
10,KACTL,870,0.036704
10,simd-v0,870,0.009400
10,ours-406478,871,0.003976
10,KACTL,871,0.036438
10,simd-v0,871,0.016402
10,393435,871,0.005023
10,KACTL,872,0.036597
10,simd-v0,872,0.009392
10,393435,872,0.004972
10,ours-406478,872,0.003951
10,simd-v0,873,0.009337
10,393435,873,0.004993
10,ours-406478,873,0.003943
10,KACTL,873,0.036482
10,393435,874,0.005027
10,ours-406478,874,0.003934
10,KACTL,874,0.036405
10,simd-v0,874,0.009384
10,ours-406478,875,0.003985
10,KACTL,875,0.036413
10,simd-v0,875,0.009426
10,393435,875,0.005006
10,KACTL,876,0.036715
10,simd-v0,876,0.009359
10,393435,876,0.004997
10,ours-406478,876,0.003966
10,simd-v0,877,0.009334
10,393435,877,0.004982
10,ours-406478,877,0.003953
10,KACTL,877,0.036395
10,393435,878,0.005071
10,ours-406478,878,0.003944
10,KACTL,878,0.036413
10,simd-v0,878,0.009406
10,ours-406478,879,0.004165
10,KACTL,879,0.036364
10,simd-v0,879,0.009195
10,393435,879,0.004830
10,KACTL,880,0.035237
10,simd-v0,880,0.009182
10,393435,880,0.004828
10,ours-406478,880,0.003822
10,simd-v0,881,0.009025
10,393435,881,0.004836
10,ours-406478,881,0.003809
10,KACTL,881,0.035291
10,393435,882,0.005214
10,ours-406478,882,0.003802
10,KACTL,882,0.035244
10,simd-v0,882,0.009173
10,ours-406478,883,0.003829
10,KACTL,883,0.035184
10,simd-v0,883,0.009171
10,393435,883,0.004846
10,KACTL,884,0.035203
10,simd-v0,884,0.009171
10,393435,884,0.004827
10,ours-406478,884,0.003836
10,simd-v0,885,0.009008
10,393435,885,0.004834
10,ours-406478,885,0.003804
10,KACTL,885,0.035507
10,393435,886,0.005206
10,ours-406478,886,0.003806
10,KACTL,886,0.035244
10,simd-v0,886,0.009172
10,ours-406478,887,0.003825
10,KACTL,887,0.035192
10,simd-v0,887,0.009189
10,393435,887,0.004819
10,KACTL,888,0.035213
10,simd-v0,888,0.009183
10,393435,888,0.004814
10,ours-406478,888,0.003819
10,simd-v0,889,0.009027
10,393435,889,0.004831
10,ours-406478,889,0.003812
10,KACTL,889,0.042420
10,393435,890,0.005253
10,ours-406478,890,0.003795
10,KACTL,890,0.035278
10,simd-v0,890,0.009180
10,ours-406478,891,0.003817
10,KACTL,891,0.035286
10,simd-v0,891,0.009180
10,393435,891,0.004848
10,KACTL,892,0.035222
10,simd-v0,892,0.009183
10,393435,892,0.004821
10,ours-406478,892,0.003809
10,simd-v0,893,0.009034
10,393435,893,0.004828
10,ours-406478,893,0.003811
10,KACTL,893,0.035191
10,393435,894,0.005218
10,ours-406478,894,0.003820
10,KACTL,894,0.035438
10,simd-v0,894,0.009181
10,ours-406478,895,0.003811
10,KACTL,895,0.035367
10,simd-v0,895,0.009186
10,393435,895,0.004807
10,KACTL,896,0.035224
10,simd-v0,896,0.009197
10,393435,896,0.004828
10,ours-406478,896,0.003831
10,simd-v0,897,0.009037
10,393435,897,0.004834
10,ours-406478,897,0.003795
10,KACTL,897,0.035265
10,393435,898,0.005215
10,ours-406478,898,0.003799
10,KACTL,898,0.035193
10,simd-v0,898,0.009170
10,ours-406478,899,0.003844
10,KACTL,899,0.035463
10,simd-v0,899,0.009181
10,393435,899,0.004825
10,KACTL,900,0.035133
10,simd-v0,900,0.009165
10,393435,900,0.004805
10,ours-406478,900,0.003827
10,simd-v0,901,0.009053
10,393435,901,0.004822
10,ours-406478,901,0.003804
10,KACTL,901,0.035181
10,393435,902,0.005210
10,ours-406478,902,0.003807
10,KACTL,902,0.035258
10,simd-v0,902,0.009183
10,ours-406478,903,0.003832
10,KACTL,903,0.035485
10,simd-v0,903,0.009157
10,393435,903,0.004842
10,KACTL,904,0.035296
10,simd-v0,904,0.009197
10,393435,904,0.004817
10,ours-406478,904,0.003825
10,simd-v0,905,0.009016
10,393435,905,0.004846
10,ours-406478,905,0.003802
10,KACTL,905,0.035216
10,393435,906,0.005238
10,ours-406478,906,0.003810
10,KACTL,906,0.035481
10,simd-v0,906,0.009200
10,ours-406478,907,0.003795
10,KACTL,907,0.041831
10,simd-v0,907,0.009240
10,393435,907,0.004839
10,KACTL,908,0.035229
10,simd-v0,908,0.010636
10,393435,908,0.004776
10,ours-406478,908,0.003951
10,simd-v0,909,0.008766
10,393435,909,0.004728
10,ours-406478,909,0.003915
10,KACTL,909,0.034103
10,393435,910,0.005145
10,ours-406478,910,0.003921
10,KACTL,910,0.034344
10,simd-v0,910,0.008929
10,ours-406478,911,0.003922
10,KACTL,911,0.034151
10,simd-v0,911,0.008903
10,393435,911,0.004760
10,KACTL,912,0.034126
10,simd-v0,912,0.008912
10,393435,912,0.004733
10,ours-406478,912,0.003915
10,simd-v0,913,0.008768
10,393435,913,0.004799
10,ours-406478,913,0.003912
10,KACTL,913,0.034084
10,393435,914,0.005123
10,ours-406478,914,0.003910
10,KACTL,914,0.034024
10,simd-v0,914,0.008915
10,ours-406478,915,0.003940
10,KACTL,915,0.034067
10,simd-v0,915,0.008940
10,393435,915,0.004779
10,KACTL,916,0.034447
10,simd-v0,916,0.008925
10,393435,916,0.004745
10,ours-406478,916,0.003915
10,simd-v0,917,0.008753
10,393435,917,0.004755
10,ours-406478,917,0.003912
10,KACTL,917,0.034119
10,393435,918,0.005102
10,ours-406478,918,0.003916
10,KACTL,918,0.034267
10,simd-v0,918,0.008918
10,ours-406478,919,0.003943
10,KACTL,919,0.034086
10,simd-v0,919,0.008914
10,393435,919,0.004739
10,KACTL,920,0.034081
10,simd-v0,920,0.008929
10,393435,920,0.004762
10,ours-406478,920,0.003935
10,simd-v0,921,0.008769
10,393435,921,0.004724
10,ours-406478,921,0.003933
10,KACTL,921,0.034453
10,393435,922,0.005108
10,ours-406478,922,0.003904
10,KACTL,922,0.034316
10,simd-v0,922,0.008902
10,ours-406478,923,0.003941
10,KACTL,923,0.034075
10,simd-v0,923,0.008914
10,393435,923,0.004770
10,KACTL,924,0.034111
10,simd-v0,924,0.008938
10,393435,924,0.004826
10,ours-406478,924,0.003933
10,simd-v0,925,0.008777
10,393435,925,0.004719
10,ours-406478,925,0.003904
10,KACTL,925,0.034081
10,393435,926,0.012645
10,ours-406478,926,0.003911
10,KACTL,926,0.034389
10,simd-v0,926,0.008923
10,ours-406478,927,0.003927
10,KACTL,927,0.034094
10,simd-v0,927,0.008960
10,393435,927,0.004796
10,KACTL,928,0.034299
10,simd-v0,928,0.008909
10,393435,928,0.004771
10,ours-406478,928,0.003898
10,simd-v0,929,0.009038
10,393435,929,0.004817
10,ours-406478,929,0.003807
10,KACTL,929,0.035552
10,393435,930,0.005242
10,ours-406478,930,0.003813
10,KACTL,930,0.035255
10,simd-v0,930,0.009189
10,ours-406478,931,0.003849
10,KACTL,931,0.035475
10,simd-v0,931,0.009174
10,393435,931,0.004831
10,KACTL,932,0.035148
10,simd-v0,932,0.009141
10,393435,932,0.004822
10,ours-406478,932,0.003837
10,simd-v0,933,0.009021
10,393435,933,0.004808
10,ours-406478,933,0.003780
10,KACTL,933,0.035217
10,393435,934,0.005210
10,ours-406478,934,0.003799
10,KACTL,934,0.035161
10,simd-v0,934,0.009154
10,ours-406478,935,0.003809
10,KACTL,935,0.035101
10,simd-v0,935,0.009211
10,393435,935,0.004845
10,KACTL,936,0.035398
10,simd-v0,936,0.009177
10,393435,936,0.004836
10,ours-406478,936,0.003829
10,simd-v0,937,0.009017
10,393435,937,0.004821
10,ours-406478,937,0.003811
10,KACTL,937,0.035523
10,393435,938,0.005075
10,ours-406478,938,0.003688
10,KACTL,938,0.034381
10,simd-v0,938,0.008870
10,ours-406478,939,0.003713
10,KACTL,939,0.034282
10,simd-v0,939,0.008888
10,393435,939,0.004698
10,KACTL,940,0.034262
10,simd-v0,940,0.008881
10,393435,940,0.004659
10,ours-406478,940,0.003680
10,simd-v0,941,0.008777
10,393435,941,0.004678
10,ours-406478,941,0.003688
10,KACTL,941,0.034036
10,393435,942,0.005053
10,ours-406478,942,0.003680
10,KACTL,942,0.034054
10,simd-v0,942,0.008862
10,ours-406478,943,0.003720
10,KACTL,943,0.034081
10,simd-v0,943,0.008876
10,393435,943,0.004662
10,KACTL,944,0.040600
10,simd-v0,944,0.008880
10,393435,944,0.004641
10,ours-406478,944,0.003691
10,simd-v0,945,0.008729
10,393435,945,0.004667
10,ours-406478,945,0.003685
10,KACTL,945,0.034401
10,393435,946,0.005065
10,ours-406478,946,0.003657
10,KACTL,946,0.034043
10,simd-v0,946,0.008922
10,ours-406478,947,0.003709
10,KACTL,947,0.034202
10,simd-v0,947,0.008883
10,393435,947,0.004671
10,KACTL,948,0.034337
10,simd-v0,948,0.008921
10,393435,948,0.004690
10,ours-406478,948,0.003701
10,simd-v0,949,0.008714
10,393435,949,0.004661
10,ours-406478,949,0.003678
10,KACTL,949,0.034415
10,393435,950,0.005044
10,ours-406478,950,0.003679
10,KACTL,950,0.034095
10,simd-v0,950,0.008842
10,ours-406478,951,0.003731
10,KACTL,951,0.034323
10,simd-v0,951,0.008864
10,393435,951,0.004647
10,KACTL,952,0.034370
10,simd-v0,952,0.008889
10,393435,952,0.004686
10,ours-406478,952,0.003709
10,simd-v0,953,0.008735
10,393435,953,0.004657
10,ours-406478,953,0.003711
10,KACTL,953,0.034422
10,393435,954,0.005044
10,ours-406478,954,0.003708
10,KACTL,954,0.034020
10,simd-v0,954,0.008888
10,ours-406478,955,0.003694
10,KACTL,955,0.034305
10,simd-v0,955,0.008881
10,393435,955,0.004657
10,KACTL,956,0.034084
10,simd-v0,956,0.008896
10,393435,956,0.004674
10,ours-406478,956,0.003687
10,simd-v0,957,0.008766
10,393435,957,0.004686
10,ours-406478,957,0.003670
10,KACTL,957,0.034149
10,393435,958,0.005030
10,ours-406478,958,0.003663
10,KACTL,958,0.034010
10,simd-v0,958,0.008893
10,ours-406478,959,0.003720
10,KACTL,959,0.034103
10,simd-v0,959,0.008851
10,393435,959,0.004666
10,KACTL,960,0.034379
10,simd-v0,960,0.008893
10,393435,960,0.004687
10,ours-406478,960,0.003686
10,simd-v0,961,0.008737
10,393435,961,0.004673
10,ours-406478,961,0.003692
10,KACTL,961,0.034111
10,393435,962,0.005041
10,ours-406478,962,0.003699
10,KACTL,962,0.034067
10,simd-v0,962,0.015612
10,ours-406478,963,0.003682
10,KACTL,963,0.034126
10,simd-v0,963,0.008884
10,393435,963,0.004665
10,KACTL,964,0.034138
10,simd-v0,964,0.008912
10,393435,964,0.004697
10,ours-406478,964,0.003689
10,simd-v0,965,0.008720
10,393435,965,0.004673
10,ours-406478,965,0.003708
10,KACTL,965,0.036171
10,393435,966,0.005056
10,ours-406478,966,0.003671
10,KACTL,966,0.034340
10,simd-v0,966,0.008925
10,ours-406478,967,0.003704
10,KACTL,967,0.034072
10,simd-v0,967,0.008903
10,393435,967,0.004660
10,KACTL,968,0.034058
10,simd-v0,968,0.008901
10,393435,968,0.004644
10,ours-406478,968,0.003717
10,simd-v0,969,0.008712
10,393435,969,0.004664
10,ours-406478,969,0.003678
10,KACTL,969,0.034427
10,393435,970,0.005066
10,ours-406478,970,0.003663
10,KACTL,970,0.034122
10,simd-v0,970,0.008884
10,ours-406478,971,0.003712
10,KACTL,971,0.034193
10,simd-v0,971,0.008894
10,393435,971,0.004675
10,KACTL,972,0.034077
10,simd-v0,972,0.008867
10,393435,972,0.004667
10,ours-406478,972,0.003712
10,simd-v0,973,0.008723
10,393435,973,0.004669
10,ours-406478,973,0.003691
10,KACTL,973,0.034439
10,393435,974,0.005044
10,ours-406478,974,0.003691
10,KACTL,974,0.034306
10,simd-v0,974,0.008903
10,ours-406478,975,0.003704
10,KACTL,975,0.034100
10,simd-v0,975,0.008853
10,393435,975,0.005032
10,KACTL,976,0.034407
10,simd-v0,976,0.008886
10,393435,976,0.004662
10,ours-406478,976,0.003718
10,simd-v0,977,0.008757
10,393435,977,0.004671
10,ours-406478,977,0.003684
10,KACTL,977,0.034096
10,393435,978,0.005039
10,ours-406478,978,0.003674
10,KACTL,978,0.034051
10,simd-v0,978,0.008913
10,ours-406478,979,0.003702
10,KACTL,979,0.034307
10,simd-v0,979,0.013557
10,393435,979,0.004846
10,KACTL,980,0.035413
10,simd-v0,980,0.009173
10,393435,980,0.004835
10,ours-406478,980,0.003825
10,simd-v0,981,0.009295
10,393435,981,0.004993
10,ours-406478,981,0.010641
10,KACTL,981,0.036802
10,393435,982,0.005403
10,ours-406478,982,0.003938
10,KACTL,982,0.036479
10,simd-v0,982,0.009517
10,ours-406478,983,0.003940
10,KACTL,983,0.036636
10,simd-v0,983,0.009539
10,393435,983,0.005000
10,KACTL,984,0.036412
10,simd-v0,984,0.009496
10,393435,984,0.004990
10,ours-406478,984,0.003963
10,simd-v0,985,0.010285
10,393435,985,0.004827
10,ours-406478,985,0.003825
10,KACTL,985,0.035198
10,393435,986,0.005221
10,ours-406478,986,0.003816
10,KACTL,986,0.036149
10,simd-v0,986,0.009498
10,ours-406478,987,0.003943
10,KACTL,987,0.036337
10,simd-v0,987,0.009501
10,393435,987,0.004983
10,KACTL,988,0.036341
10,simd-v0,988,0.009525
10,393435,988,0.005012
10,ours-406478,988,0.003951
10,simd-v0,989,0.009327
10,393435,989,0.004979
10,ours-406478,989,0.003932
10,KACTL,989,0.036731
10,393435,990,0.005390
10,ours-406478,990,0.003945
10,KACTL,990,0.036496
10,simd-v0,990,0.009517
10,ours-406478,991,0.003972
10,KACTL,991,0.036421
10,simd-v0,991,0.009468
10,393435,991,0.004990
10,KACTL,992,0.036425
10,simd-v0,992,0.009524
10,393435,992,0.004980
10,ours-406478,992,0.003941
10,simd-v0,993,0.009310
10,393435,993,0.005010
10,ours-406478,993,0.003950
10,KACTL,993,0.036380
10,393435,994,0.005393
10,ours-406478,994,0.003945
10,KACTL,994,0.036644
10,simd-v0,994,0.009522
10,ours-406478,995,0.003989
10,KACTL,995,0.036340
10,simd-v0,995,0.009474
10,393435,995,0.004960
10,KACTL,996,0.036368
10,simd-v0,996,0.009536
10,393435,996,0.004991
10,ours-406478,996,0.003946
10,simd-v0,997,0.009309
10,393435,997,0.005017
10,ours-406478,997,0.003969
10,KACTL,997,0.036483
10,393435,998,0.005400
10,ours-406478,998,0.003956
10,KACTL,998,0.043438
10,simd-v0,998,0.009903
10,ours-406478,999,0.004930
10,KACTL,999,0.050367
10,simd-v0,999,0.010427
10,393435,999,0.005553
10,KACTL,1000,0.049358
10,simd-v0,1000,0.010616
10,393435,1000,0.005491
10,ours-406478,1000,0.004478
11,KACTL,0,0.073027
11,simd-v0,0,0.016549
11,393435,0,0.010060
11,ours-406478,0,0.008087
11,simd-v0,1,0.016336
11,393435,1,0.010004
11,ours-406478,1,0.007789
11,KACTL,1,0.078696
11,393435,2,0.010382
11,ours-406478,2,0.007853
11,KACTL,2,0.072560
11,simd-v0,2,0.016430
11,ours-406478,3,0.007779
11,KACTL,3,0.072713
11,simd-v0,3,0.016426
11,393435,3,0.010035
11,KACTL,4,0.072849
11,simd-v0,4,0.016430
11,393435,4,0.010038
11,ours-406478,4,0.007784
11,simd-v0,5,0.016270
11,393435,5,0.010007
11,ours-406478,5,0.007792
11,KACTL,5,0.072909
11,393435,6,0.010341
11,ours-406478,6,0.007812
11,KACTL,6,0.072626
11,simd-v0,6,0.016491
11,ours-406478,7,0.007824
11,KACTL,7,0.072574
11,simd-v0,7,0.016448
11,393435,7,0.009985
11,KACTL,8,0.072526
11,simd-v0,8,0.016436
11,393435,8,0.009998
11,ours-406478,8,0.007807
11,simd-v0,9,0.016249
11,393435,9,0.009986
11,ours-406478,9,0.007776
11,KACTL,9,0.072960
11,393435,10,0.010370
11,ours-406478,10,0.007826
11,KACTL,10,0.072479
11,simd-v0,10,0.023044
11,ours-406478,11,0.007783
11,KACTL,11,0.072627
11,simd-v0,11,0.016464
11,393435,11,0.010003
11,KACTL,12,0.072514
11,simd-v0,12,0.016444
11,393435,12,0.010013
11,ours-406478,12,0.007780
11,simd-v0,13,0.016334
11,393435,13,0.009961
11,ours-406478,13,0.007781
11,KACTL,13,0.072523
11,393435,14,0.010358
11,ours-406478,14,0.007820
11,KACTL,14,0.072438
11,simd-v0,14,0.016500
11,ours-406478,15,0.007734
11,KACTL,15,0.072622
11,simd-v0,15,0.016469
11,393435,15,0.009979
11,KACTL,16,0.072632
11,simd-v0,16,0.016433
11,393435,16,0.010000
11,ours-406478,16,0.007800
11,simd-v0,17,0.016290
11,393435,17,0.010011
11,ours-406478,17,0.007806
11,KACTL,17,0.073024
11,393435,18,0.010375
11,ours-406478,18,0.007805
11,KACTL,18,0.072989
11,simd-v0,18,0.016466
11,ours-406478,19,0.007762
11,KACTL,19,0.072584
11,simd-v0,19,0.024161
11,393435,19,0.010068
11,KACTL,20,0.072556
11,simd-v0,20,0.016476
11,393435,20,0.010003
11,ours-406478,20,0.007800
11,simd-v0,21,0.016277
11,393435,21,0.010002
11,ours-406478,21,0.007802
11,KACTL,21,0.072667
11,393435,22,0.010364
11,ours-406478,22,0.007835
11,KACTL,22,0.072656
11,simd-v0,22,0.016425
11,ours-406478,23,0.007769
11,KACTL,23,0.072565
11,simd-v0,23,0.016431
11,393435,23,0.009986
11,KACTL,24,0.072338
11,simd-v0,24,0.016381
11,393435,24,0.010015
11,ours-406478,24,0.007655
11,simd-v0,25,0.016267
11,393435,25,0.010013
11,ours-406478,25,0.007801
11,KACTL,25,0.072921
11,393435,26,0.010375
11,ours-406478,26,0.007799
11,KACTL,26,0.072352
11,simd-v0,26,0.016354
11,ours-406478,27,0.007764
11,KACTL,27,0.072475
11,simd-v0,27,0.016473
11,393435,27,0.009996
11,KACTL,28,0.072931
11,simd-v0,28,0.022827
11,393435,28,0.010023
11,ours-406478,28,0.007819
11,simd-v0,29,0.016262
11,393435,29,0.010006
11,ours-406478,29,0.007804
11,KACTL,29,0.072569
11,393435,30,0.010349
11,ours-406478,30,0.010510
11,KACTL,30,0.072505
11,simd-v0,30,0.016448
11,ours-406478,31,0.007809
11,KACTL,31,0.072567
11,simd-v0,31,0.016446
11,393435,31,0.010038
11,KACTL,32,0.072569
11,simd-v0,32,0.016470
11,393435,32,0.009983
11,ours-406478,32,0.007776
11,simd-v0,33,0.016264
11,393435,33,0.010021
11,ours-406478,33,0.007779
11,KACTL,33,0.072503
11,393435,34,0.010356
11,ours-406478,34,0.007829
11,KACTL,34,0.072375
11,simd-v0,34,0.016483
11,ours-406478,35,0.007800
11,KACTL,35,0.072475
11,simd-v0,35,0.016424
11,393435,35,0.009960
11,KACTL,36,0.073004
11,simd-v0,36,0.016432
11,393435,36,0.009995
11,ours-406478,36,0.007777
11,simd-v0,37,0.016250
11,393435,37,0.009980
11,ours-406478,37,0.007782
11,KACTL,37,0.078703
11,393435,38,0.010380
11,ours-406478,38,0.007785
11,KACTL,38,0.072517
11,simd-v0,38,0.016439
11,ours-406478,39,0.007821
11,KACTL,39,0.073191
11,simd-v0,39,0.016440
11,393435,39,0.009964
11,KACTL,40,0.072488
11,simd-v0,40,0.016452
11,393435,40,0.010005
11,ours-406478,40,0.007814
11,simd-v0,41,0.016292
11,393435,41,0.009993
11,ours-406478,41,0.007809
11,KACTL,41,0.072565
11,393435,42,0.010360
11,ours-406478,42,0.007805
11,KACTL,42,0.072615
11,simd-v0,42,0.016443
11,ours-406478,43,0.007785
11,KACTL,43,0.072385
11,simd-v0,43,0.016447
11,393435,43,0.009985
11,KACTL,44,0.072384
11,simd-v0,44,0.016437
11,393435,44,0.009998
11,ours-406478,44,0.007818
11,simd-v0,45,0.016294
11,393435,45,0.010009
11,ours-406478,45,0.007805
11,KACTL,45,0.072522
11,393435,46,0.010340
11,ours-406478,46,0.007829
11,KACTL,46,0.078622
11,simd-v0,46,0.016491
11,ours-406478,47,0.007780
11,KACTL,47,0.072602
11,simd-v0,47,0.016480
11,393435,47,0.009980
11,KACTL,48,0.072582
11,simd-v0,48,0.016417
11,393435,48,0.010004
11,ours-406478,48,0.007808
11,simd-v0,49,0.016283
11,393435,49,0.009994
11,ours-406478,49,0.007798
11,KACTL,49,0.072536
11,393435,50,0.010338
11,ours-406478,50,0.007815
11,KACTL,50,0.072488
11,simd-v0,50,0.016433
11,ours-406478,51,0.007805
11,KACTL,51,0.072404
11,simd-v0,51,0.016434
11,393435,51,0.009966
11,KACTL,52,0.072462
11,simd-v0,52,0.016445
11,393435,52,0.010020
11,ours-406478,52,0.007752
11,simd-v0,53,0.016299
11,393435,53,0.010022
11,ours-406478,53,0.007775
11,KACTL,53,0.072490
11,393435,54,0.010345
11,ours-406478,54,0.007806
11,KACTL,54,0.072434
11,simd-v0,54,0.016425
11,ours-406478,55,0.007802
11,KACTL,55,0.072447
11,simd-v0,55,0.022997
11,393435,55,0.010021
11,KACTL,56,0.073196
11,simd-v0,56,0.016311
11,393435,56,0.010003
11,ours-406478,56,0.007791
11,simd-v0,57,0.016243
11,393435,57,0.010021
11,ours-406478,57,0.007808
11,KACTL,57,0.072360
11,393435,58,0.010327
11,ours-406478,58,0.007800
11,KACTL,58,0.072585
11,simd-v0,58,0.016470
11,ours-406478,59,0.007798
11,KACTL,59,0.072360
11,simd-v0,59,0.016451
11,393435,59,0.009988
11,KACTL,60,0.072397
11,simd-v0,60,0.016441
11,393435,60,0.010001
11,ours-406478,60,0.007827
11,simd-v0,61,0.016253
11,393435,61,0.009986
11,ours-406478,61,0.007776
11,KACTL,61,0.072406
11,393435,62,0.010357
11,ours-406478,62,0.007782
11,KACTL,62,0.072597
11,simd-v0,62,0.016478
11,ours-406478,63,0.007770
11,KACTL,63,0.072456
11,simd-v0,63,0.016471
11,393435,63,0.009991
11,KACTL,64,0.072437
11,simd-v0,64,0.016451
11,393435,64,0.016742
11,ours-406478,64,0.007803
11,simd-v0,65,0.016241
11,393435,65,0.010021
11,ours-406478,65,0.007743
11,KACTL,65,0.072563
11,393435,66,0.010343
11,ours-406478,66,0.007865
11,KACTL,66,0.072419
11,simd-v0,66,0.016417
11,ours-406478,67,0.007803
11,KACTL,67,0.072420
11,simd-v0,67,0.017490
11,393435,67,0.010158
11,KACTL,68,0.073656
11,simd-v0,68,0.017439
11,393435,68,0.010200
11,ours-406478,68,0.007707
11,simd-v0,69,0.016774
11,393435,69,0.010195
11,ours-406478,69,0.007724
11,KACTL,69,0.073597
11,393435,70,0.011612
11,ours-406478,70,0.007727
11,KACTL,70,0.073695
11,simd-v0,70,0.017475
11,ours-406478,71,0.007749
11,KACTL,71,0.074062
11,simd-v0,71,0.017488
11,393435,71,0.010146
11,KACTL,72,0.073723
11,simd-v0,72,0.017437
11,393435,72,0.010157
11,ours-406478,72,0.007727
11,simd-v0,73,0.016786
11,393435,73,0.010197
11,ours-406478,73,0.007712
11,KACTL,73,0.087916
11,393435,74,0.010213
11,ours-406478,74,0.007501
11,KACTL,74,0.072585
11,simd-v0,74,0.016422
11,ours-406478,75,0.007480
11,KACTL,75,0.072470
11,simd-v0,75,0.016437
11,393435,75,0.009788
11,KACTL,76,0.072523
11,simd-v0,76,0.016424
11,393435,76,0.009795
11,ours-406478,76,0.007490
11,simd-v0,77,0.016314
11,393435,77,0.009800
11,ours-406478,77,0.007474
11,KACTL,77,0.072405
11,393435,78,0.010177
11,ours-406478,78,0.007454
11,KACTL,78,0.072919
11,simd-v0,78,0.016467
11,ours-406478,79,0.007494
11,KACTL,79,0.072537
11,simd-v0,79,0.016420
11,393435,79,0.009872
11,KACTL,80,0.072565
11,simd-v0,80,0.016429
11,393435,80,0.009830
11,ours-406478,80,0.007487
11,simd-v0,81,0.016290
11,393435,81,0.010186
11,ours-406478,81,0.007731
11,KACTL,81,0.073953
11,393435,82,0.011558
11,ours-406478,82,0.007727
11,KACTL,82,0.082384
11,simd-v0,82,0.017444
11,ours-406478,83,0.007752
11,KACTL,83,0.073901
11,simd-v0,83,0.017507
11,393435,83,0.010144
11,KACTL,84,0.074208
11,simd-v0,84,0.017419
11,393435,84,0.010121
11,ours-406478,84,0.007718
11,simd-v0,85,0.016821
11,393435,85,0.010137
11,ours-406478,85,0.007706
11,KACTL,85,0.074113
11,393435,86,0.011624
11,ours-406478,86,0.007744
11,KACTL,86,0.074123
11,simd-v0,86,0.017486
11,ours-406478,87,0.007728
11,KACTL,87,0.074048
11,simd-v0,87,0.017421
11,393435,87,0.010141
11,KACTL,88,0.074130
11,simd-v0,88,0.017486
11,393435,88,0.010155
11,ours-406478,88,0.007693
11,simd-v0,89,0.016822
11,393435,89,0.010162
11,ours-406478,89,0.007719
11,KACTL,89,0.074714
11,393435,90,0.011562
11,ours-406478,90,0.007705
11,KACTL,90,0.079147
11,simd-v0,90,0.018593
11,ours-406478,91,0.008296
11,KACTL,91,0.085821
11,simd-v0,91,0.018641
11,393435,91,0.010873
11,KACTL,92,0.079082
11,simd-v0,92,0.018568
11,393435,92,0.010880
11,ours-406478,92,0.008289
11,simd-v0,93,0.018028
11,393435,93,0.010858
11,ours-406478,93,0.008271
11,KACTL,93,0.079934
11,393435,94,0.012293
11,ours-406478,94,0.008239
11,KACTL,94,0.079971
11,simd-v0,94,0.018679
11,ours-406478,95,0.008263
11,KACTL,95,0.079786
11,simd-v0,95,0.018622
11,393435,95,0.010849
11,KACTL,96,0.079785
11,simd-v0,96,0.018587
11,393435,96,0.010868
11,ours-406478,96,0.008264
11,simd-v0,97,0.017994
11,393435,97,0.010891
11,ours-406478,97,0.008265
11,KACTL,97,0.079895
11,393435,98,0.012283
11,ours-406478,98,0.008272
11,KACTL,98,0.079854
11,simd-v0,98,0.018602
11,ours-406478,99,0.008275
11,KACTL,99,0.086625
11,simd-v0,99,0.018563
11,393435,99,0.010859
11,KACTL,100,0.079730
11,simd-v0,100,0.018593
11,393435,100,0.010867
11,ours-406478,100,0.008273
11,simd-v0,101,0.017984
11,393435,101,0.010842
11,ours-406478,101,0.008257
11,KACTL,101,0.081331
11,393435,102,0.012298
11,ours-406478,102,0.008242
11,KACTL,102,0.081275
11,simd-v0,102,0.017580
11,ours-406478,103,0.008340
11,KACTL,103,0.077310
11,simd-v0,103,0.017593
11,393435,103,0.010662
11,KACTL,104,0.077396
11,simd-v0,104,0.017609
11,393435,104,0.010675
11,ours-406478,104,0.008340
11,simd-v0,105,0.017415
11,393435,105,0.010683
11,ours-406478,105,0.008330
11,KACTL,105,0.077404
11,393435,106,0.011086
11,ours-406478,106,0.008316
11,KACTL,106,0.077508
11,simd-v0,106,0.017454
11,ours-406478,107,0.008337
11,KACTL,107,0.077505
11,simd-v0,107,0.023883
11,393435,107,0.010699
11,KACTL,108,0.077616
11,simd-v0,108,0.017456
11,393435,108,0.010639
11,ours-406478,108,0.008315
11,simd-v0,109,0.017425
11,393435,109,0.010684
11,ours-406478,109,0.008330
11,KACTL,109,0.077972
11,393435,110,0.010739
11,ours-406478,110,0.008369
11,KACTL,110,0.077394
11,simd-v0,110,0.017462
11,ours-406478,111,0.008333
11,KACTL,111,0.077290
11,simd-v0,111,0.017451
11,393435,111,0.010687
11,KACTL,112,0.077297
11,simd-v0,112,0.017581
11,393435,112,0.010677
11,ours-406478,112,0.008333
11,simd-v0,113,0.017380
11,393435,113,0.010677
11,ours-406478,113,0.008326
11,KACTL,113,0.077739
11,393435,114,0.012107
11,ours-406478,114,0.008338
11,KACTL,114,0.077637
11,simd-v0,114,0.018034
11,ours-406478,115,0.008319
11,KACTL,115,0.077214
11,simd-v0,115,0.018038
11,393435,115,0.010661
11,KACTL,116,0.083889
11,simd-v0,116,0.018019
11,393435,116,0.010677
11,ours-406478,116,0.008329
11,simd-v0,117,0.017345
11,393435,117,0.010672
11,ours-406478,117,0.008226
11,KACTL,117,0.079723
11,393435,118,0.012121
11,ours-406478,118,0.008288
11,KACTL,118,0.077108
11,simd-v0,118,0.018053
11,ours-406478,119,0.008318
11,KACTL,119,0.076596
11,simd-v0,119,0.018032
11,393435,119,0.011632
11,KACTL,120,0.074060
11,simd-v0,120,0.017481
11,393435,120,0.010297
11,ours-406478,120,0.008045
11,simd-v0,121,0.016818
11,393435,121,0.010343
11,ours-406478,121,0.008020
11,KACTL,121,0.074167
11,393435,122,0.011724
11,ours-406478,122,0.008010
11,KACTL,122,0.074180
11,simd-v0,122,0.017451
11,ours-406478,123,0.008031
11,KACTL,123,0.074149
11,simd-v0,123,0.017471
11,393435,123,0.010289
11,KACTL,124,0.074160
11,simd-v0,124,0.017492
11,393435,124,0.016757
11,ours-406478,124,0.008052
11,simd-v0,125,0.016877
11,393435,125,0.010347
11,ours-406478,125,0.008073
11,KACTL,125,0.074230
11,393435,126,0.011715
11,ours-406478,126,0.008053
11,KACTL,126,0.075333
11,simd-v0,126,0.018007
11,ours-406478,127,0.008328
11,KACTL,127,0.077226
11,simd-v0,127,0.018097
11,393435,127,0.010664
11,KACTL,128,0.077209
11,simd-v0,128,0.017967
11,393435,128,0.010694
11,ours-406478,128,0.008315
11,simd-v0,129,0.017401
11,393435,129,0.010689
11,ours-406478,129,0.008356
11,KACTL,129,0.077756
11,393435,130,0.012077
11,ours-406478,130,0.008317
11,KACTL,130,0.077180
11,simd-v0,130,0.018057
11,ours-406478,131,0.008364
11,KACTL,131,0.077205
11,simd-v0,131,0.018040
11,393435,131,0.010700
11,KACTL,132,0.077120
11,simd-v0,132,0.018047
11,393435,132,0.010697
11,ours-406478,132,0.008349
11,simd-v0,133,0.017353
11,393435,133,0.010653
11,ours-406478,133,0.008356
11,KACTL,133,0.083603
11,393435,134,0.012064
11,ours-406478,134,0.008303
11,KACTL,134,0.077275
11,simd-v0,134,0.018004
11,ours-406478,135,0.008299
11,KACTL,135,0.077358
11,simd-v0,135,0.018044
11,393435,135,0.010665
11,KACTL,136,0.078566
11,simd-v0,136,0.018007
11,393435,136,0.010700
11,ours-406478,136,0.008338
11,simd-v0,137,0.017351
11,393435,137,0.010683
11,ours-406478,137,0.008348
11,KACTL,137,0.076444
11,393435,138,0.010561
11,ours-406478,138,0.008561
11,KACTL,138,0.074861
11,simd-v0,138,0.016858
11,ours-406478,139,0.008572
11,KACTL,139,0.074831
11,simd-v0,139,0.016925
11,393435,139,0.010542
11,KACTL,140,0.074853
11,simd-v0,140,0.017200
11,393435,140,0.010565
11,ours-406478,140,0.008583
11,simd-v0,141,0.016912
11,393435,141,0.010535
11,ours-406478,141,0.008538
11,KACTL,141,0.081053
11,393435,142,0.010942
11,ours-406478,142,0.008559
11,KACTL,142,0.075358
11,simd-v0,142,0.016887
11,ours-406478,143,0.008542
11,KACTL,143,0.075308
11,simd-v0,143,0.016909
11,393435,143,0.010555
11,KACTL,144,0.074746
11,simd-v0,144,0.017119
11,393435,144,0.010596
11,ours-406478,144,0.008559
11,simd-v0,145,0.016935
11,393435,145,0.010587
11,ours-406478,145,0.008571
11,KACTL,145,0.074757
11,393435,146,0.010964
11,ours-406478,146,0.008596
11,KACTL,146,0.074898
11,simd-v0,146,0.017084
11,ours-406478,147,0.008533
11,KACTL,147,0.074800
11,simd-v0,147,0.017048
11,393435,147,0.010565
11,KACTL,148,0.075295
11,simd-v0,148,0.017130
11,393435,148,0.010544
11,ours-406478,148,0.008555
11,simd-v0,149,0.016916
11,393435,149,0.010543
11,ours-406478,149,0.008633
11,KACTL,149,0.074888
11,393435,150,0.011100
11,ours-406478,150,0.008594
11,KACTL,150,0.082165
11,simd-v0,150,0.028843
11,ours-406478,151,0.008565
11,KACTL,151,0.074834
11,simd-v0,151,0.017094
11,393435,151,0.010591
11,KACTL,152,0.074815
11,simd-v0,152,0.017091
11,393435,152,0.010575
11,ours-406478,152,0.008556
11,simd-v0,153,0.016935
11,393435,153,0.010561
11,ours-406478,153,0.008597
11,KACTL,153,0.100273
11,393435,154,0.010930
11,ours-406478,154,0.008590
11,KACTL,154,0.091274
11,simd-v0,154,0.017035
11,ours-406478,155,0.008571
11,KACTL,155,0.074927
11,simd-v0,155,0.016930
11,393435,155,0.010565
11,KACTL,156,0.074819
11,simd-v0,156,0.017105
11,393435,156,0.010552
11,ours-406478,156,0.008565
11,simd-v0,157,0.016898
11,393435,157,0.010574
11,ours-406478,157,0.008571
11,KACTL,157,0.074911
11,393435,158,0.010565
11,ours-406478,158,0.008562
11,KACTL,158,0.084008
11,simd-v0,158,0.017108
11,ours-406478,159,0.008568
11,KACTL,159,0.074897
11,simd-v0,159,0.016903
11,393435,159,0.010623
11,KACTL,160,0.075376
11,simd-v0,160,0.017046
11,393435,160,0.010569
11,ours-406478,160,0.008580
11,simd-v0,161,0.016855
11,393435,161,0.010573
11,ours-406478,161,0.008542
11,KACTL,161,0.074956
11,393435,162,0.010593
11,ours-406478,162,0.008563
11,KACTL,162,0.074813
11,simd-v0,162,0.017045
11,ours-406478,163,0.008576
11,KACTL,163,0.074772
11,simd-v0,163,0.017052
11,393435,163,0.010602
11,KACTL,164,0.074851
11,simd-v0,164,0.017079
11,393435,164,0.010542
11,ours-406478,164,0.008572
11,simd-v0,165,0.016970
11,393435,165,0.010566
11,ours-406478,165,0.008543
11,KACTL,165,0.075460
11,393435,166,0.010896
11,ours-406478,166,0.008594
11,KACTL,166,0.074863
11,simd-v0,166,0.017026
11,ours-406478,167,0.008584
11,KACTL,167,0.081278
11,simd-v0,167,0.017092
11,393435,167,0.010563
11,KACTL,168,0.074845
11,simd-v0,168,0.018755
11,393435,168,0.010231
11,ours-406478,168,0.008319
11,simd-v0,169,0.016345
11,393435,169,0.010234
11,ours-406478,169,0.008323
11,KACTL,169,0.072597
11,393435,170,0.010609
11,ours-406478,170,0.008280
11,KACTL,170,0.072445
11,simd-v0,170,0.016529
11,ours-406478,171,0.008301
11,KACTL,171,0.072320
11,simd-v0,171,0.016570
11,393435,171,0.010182
11,KACTL,172,0.073052
11,simd-v0,172,0.016530
11,393435,172,0.010231
11,ours-406478,172,0.008277
11,simd-v0,173,0.016365
11,393435,173,0.010216
11,ours-406478,173,0.008269
11,KACTL,173,0.072487
11,393435,174,0.010559
11,ours-406478,174,0.008312
11,KACTL,174,0.072468
11,simd-v0,174,0.016554
11,ours-406478,175,0.008284
11,KACTL,175,0.072365
11,simd-v0,175,0.016512
11,393435,175,0.010250
11,KACTL,176,0.079987
11,simd-v0,176,0.016497
11,393435,176,0.010260
11,ours-406478,176,0.008260
11,simd-v0,177,0.016349
11,393435,177,0.010270
11,ours-406478,177,0.008293
11,KACTL,177,0.072548
11,393435,178,0.010610
11,ours-406478,178,0.008258
11,KACTL,178,0.073024
11,simd-v0,178,0.016516
11,ours-406478,179,0.008284
11,KACTL,179,0.072609
11,simd-v0,179,0.016486
11,393435,179,0.010222
11,KACTL,180,0.072825
11,simd-v0,180,0.016493
11,393435,180,0.010250
11,ours-406478,180,0.008301
11,simd-v0,181,0.016405
11,393435,181,0.010227
11,ours-406478,181,0.008310
11,KACTL,181,0.072416
11,393435,182,0.010540
11,ours-406478,182,0.008339
11,KACTL,182,0.072991
11,simd-v0,182,0.016646
11,ours-406478,183,0.008552
11,KACTL,183,0.074843
11,simd-v0,183,0.017076
11,393435,183,0.010617
11,KACTL,184,0.074865
11,simd-v0,184,0.017126
11,393435,184,0.010573
11,ours-406478,184,0.008588
11,simd-v0,185,0.016919
11,393435,185,0.017653
11,ours-406478,185,0.008555
11,KACTL,185,0.074987
11,393435,186,0.010943
11,ours-406478,186,0.008575
11,KACTL,186,0.074858
11,simd-v0,186,0.017056
11,ours-406478,187,0.008546
11,KACTL,187,0.074914
11,simd-v0,187,0.017066
11,393435,187,0.010556
11,KACTL,188,0.075007
11,simd-v0,188,0.017076
11,393435,188,0.010581
11,ours-406478,188,0.008593
11,simd-v0,189,0.016879
11,393435,189,0.010571
11,ours-406478,189,0.008536
11,KACTL,189,0.098830
11,393435,190,0.021841
11,ours-406478,190,0.008965
11,KACTL,190,0.075188
11,simd-v0,190,0.017066
11,ours-406478,191,0.008535
11,KACTL,191,0.074742
11,simd-v0,191,0.017074
11,393435,191,0.010595
11,KACTL,192,0.077186
11,simd-v0,192,0.018209
11,393435,192,0.011066
11,ours-406478,192,0.008619
11,simd-v0,193,0.018051
11,393435,193,0.011096
11,ours-406478,193,0.008618
11,KACTL,193,0.087425
11,393435,194,0.011416
11,ours-406478,194,0.008624
11,KACTL,194,0.080316
11,simd-v0,194,0.018876
11,ours-406478,195,0.007806
11,KACTL,195,0.072542
11,simd-v0,195,0.016430
11,393435,195,0.009989
11,KACTL,196,0.073049
11,simd-v0,196,0.016453
11,393435,196,0.009948
11,ours-406478,196,0.007777
11,simd-v0,197,0.016272
11,393435,197,0.009999
11,ours-406478,197,0.007779
11,KACTL,197,0.072405
11,393435,198,0.010338
11,ours-406478,198,0.007832
11,KACTL,198,0.072438
11,simd-v0,198,0.016419
11,ours-406478,199,0.007831
11,KACTL,199,0.072348
11,simd-v0,199,0.016466
11,393435,199,0.009997
11,KACTL,200,0.072456
11,simd-v0,200,0.016429
11,393435,200,0.009972
11,ours-406478,200,0.007806
11,simd-v0,201,0.016285
11,393435,201,0.009979
11,ours-406478,201,0.007825
11,KACTL,201,0.072465
11,393435,202,0.010315
11,ours-406478,202,0.007810
11,KACTL,202,0.079200
11,simd-v0,202,0.016482
11,ours-406478,203,0.007785
11,KACTL,203,0.074447
11,simd-v0,203,0.016492
11,393435,203,0.009957
11,KACTL,204,0.072493
11,simd-v0,204,0.016459
11,393435,204,0.009962
11,ours-406478,204,0.007812
11,simd-v0,205,0.016302
11,393435,205,0.009958
11,ours-406478,205,0.007820
11,KACTL,205,0.072467
11,393435,206,0.010345
11,ours-406478,206,0.007806
11,KACTL,206,0.072833
11,simd-v0,206,0.016388
11,ours-406478,207,0.007815
11,KACTL,207,0.072367
11,simd-v0,207,0.016423
11,393435,207,0.009980
11,KACTL,208,0.072471
11,simd-v0,208,0.016463
11,393435,208,0.009983
11,ours-406478,208,0.007814
11,simd-v0,209,0.016258
11,393435,209,0.009982
11,ours-406478,209,0.007830
11,KACTL,209,0.072365
11,393435,210,0.010325
11,ours-406478,210,0.007849
11,KACTL,210,0.072446
11,simd-v0,210,0.016459
11,ours-406478,211,0.007801
11,KACTL,211,0.078897
11,simd-v0,211,0.016516
11,393435,211,0.009976
11,KACTL,212,0.072579
11,simd-v0,212,0.016446
11,393435,212,0.009976
11,ours-406478,212,0.007817
11,simd-v0,213,0.016278
11,393435,213,0.010005
11,ours-406478,213,0.007788
11,KACTL,213,0.072343
11,393435,214,0.010318
11,ours-406478,214,0.007792
11,KACTL,214,0.072483
11,simd-v0,214,0.016427
11,ours-406478,215,0.007794
11,KACTL,215,0.072888
11,simd-v0,215,0.016495
11,393435,215,0.009997
11,KACTL,216,0.072388
11,simd-v0,216,0.016447
11,393435,216,0.010002
11,ours-406478,216,0.007760
11,simd-v0,217,0.016328
11,393435,217,0.010020
11,ours-406478,217,0.007810
11,KACTL,217,0.072360
11,393435,218,0.010332
11,ours-406478,218,0.007809
11,KACTL,218,0.072578
11,simd-v0,218,0.016443
11,ours-406478,219,0.007803
11,KACTL,219,0.072339
11,simd-v0,219,0.016420
11,393435,219,0.010018
11,KACTL,220,0.078740
11,simd-v0,220,0.016498
11,393435,220,0.010000
11,ours-406478,220,0.007820
11,simd-v0,221,0.016267
11,393435,221,0.009967
11,ours-406478,221,0.007809
11,KACTL,221,0.072405
11,393435,222,0.010358
11,ours-406478,222,0.007814
11,KACTL,222,0.072449
11,simd-v0,222,0.016453
11,ours-406478,223,0.007791
11,KACTL,223,0.072355
11,simd-v0,223,0.016460
11,393435,223,0.010009
11,KACTL,224,0.072366
11,simd-v0,224,0.016448
11,393435,224,0.009994
11,ours-406478,224,0.007824
11,simd-v0,225,0.016261
11,393435,225,0.009998
11,ours-406478,225,0.007823
11,KACTL,225,0.073145
11,393435,226,0.010687
11,ours-406478,226,0.008051
11,KACTL,226,0.074834
11,simd-v0,226,0.017037
11,ours-406478,227,0.008336
11,KACTL,227,0.077928
11,simd-v0,227,0.017581
11,393435,227,0.010664
11,KACTL,228,0.077550
11,simd-v0,228,0.017545
11,393435,228,0.013377
11,ours-406478,228,0.008592
11,simd-v0,229,0.016882
11,393435,229,0.017550
11,ours-406478,229,0.008570
11,KACTL,229,0.074802
11,393435,230,0.010906
11,ours-406478,230,0.008573
11,KACTL,230,0.075045
11,simd-v0,230,0.017076
11,ours-406478,231,0.008572
11,KACTL,231,0.074828
11,simd-v0,231,0.017031
11,393435,231,0.010571
11,KACTL,232,0.074861
11,simd-v0,232,0.017119
11,393435,232,0.010922
11,ours-406478,232,0.008505
11,simd-v0,233,0.016901
11,393435,233,0.010595
11,ours-406478,233,0.008572
11,KACTL,233,0.074895
11,393435,234,0.010942
11,ours-406478,234,0.008634
11,KACTL,234,0.074991
11,simd-v0,234,0.017077
11,ours-406478,235,0.008573
11,KACTL,235,0.074930
11,simd-v0,235,0.017114
11,393435,235,0.010570
11,KACTL,236,0.075400
11,simd-v0,236,0.017036
11,393435,236,0.010596
11,ours-406478,236,0.008573
11,simd-v0,237,0.016892
11,393435,237,0.010585
11,ours-406478,237,0.008594
11,KACTL,237,0.081234
11,393435,238,0.010966
11,ours-406478,238,0.008597
11,KACTL,238,0.074865
11,simd-v0,238,0.017075
11,ours-406478,239,0.008573
11,KACTL,239,0.074808
11,simd-v0,239,0.017080
11,393435,239,0.010590
11,KACTL,240,0.075393
11,simd-v0,240,0.017065
11,393435,240,0.010576
11,ours-406478,240,0.008551
11,simd-v0,241,0.016881
11,393435,241,0.010591
11,ours-406478,241,0.008585
11,KACTL,241,0.074802
11,393435,242,0.010943
11,ours-406478,242,0.008584
11,KACTL,242,0.074799
11,simd-v0,242,0.017079
11,ours-406478,243,0.008561
11,KACTL,243,0.074842
11,simd-v0,243,0.017061
11,393435,243,0.010595
11,KACTL,244,0.075559
11,simd-v0,244,0.017046
11,393435,244,0.010655
11,ours-406478,244,0.008566
11,simd-v0,245,0.016939
11,393435,245,0.010573
11,ours-406478,245,0.008571
11,KACTL,245,0.074929
11,393435,246,0.010927
11,ours-406478,246,0.008543
11,KACTL,246,0.101135
11,simd-v0,246,0.017092
11,ours-406478,247,0.008595
11,KACTL,247,0.074956
11,simd-v0,247,0.017035
11,393435,247,0.010628
11,KACTL,248,0.074742
11,simd-v0,248,0.017093
11,393435,248,0.010560
11,ours-406478,248,0.008548
11,simd-v0,249,0.016931
11,393435,249,0.010580
11,ours-406478,249,0.008569
11,KACTL,249,0.074939
11,393435,250,0.010955
11,ours-406478,250,0.008621
11,KACTL,250,0.074976
11,simd-v0,250,0.017138
11,ours-406478,251,0.008573
11,KACTL,251,0.074783
11,simd-v0,251,0.017014
11,393435,251,0.010598
11,KACTL,252,0.074780
11,simd-v0,252,0.017042
11,393435,252,0.010582
11,ours-406478,252,0.008559
11,simd-v0,253,0.016896
11,393435,253,0.010611
11,ours-406478,253,0.008592
11,KACTL,253,0.075320
11,393435,254,0.010980
11,ours-406478,254,0.008565
11,KACTL,254,0.074832
11,simd-v0,254,0.024211
11,ours-406478,255,0.008567
11,KACTL,255,0.074917
11,simd-v0,255,0.017072
11,393435,255,0.010626
11,KACTL,256,0.074772
11,simd-v0,256,0.017048
11,393435,256,0.010583
11,ours-406478,256,0.008527
11,simd-v0,257,0.016920
11,393435,257,0.010592
11,ours-406478,257,0.008576
11,KACTL,257,0.075386
11,393435,258,0.010927
11,ours-406478,258,0.008590
11,KACTL,258,0.075431
11,simd-v0,258,0.017076
11,ours-406478,259,0.008565
11,KACTL,259,0.074675
11,simd-v0,259,0.017078
11,393435,259,0.010580
11,KACTL,260,0.075233
11,simd-v0,260,0.017090
11,393435,260,0.010587
11,ours-406478,260,0.008559
11,simd-v0,261,0.016915
11,393435,261,0.010571
11,ours-406478,261,0.008572
11,KACTL,261,0.074699
11,393435,262,0.010930
11,ours-406478,262,0.008553
11,KACTL,262,0.075279
11,simd-v0,262,0.017103
11,ours-406478,263,0.008533
11,KACTL,263,0.080984
11,simd-v0,263,0.017046
11,393435,263,0.010599
11,KACTL,264,0.075423
11,simd-v0,264,0.017083
11,393435,264,0.010569
11,ours-406478,264,0.008584
11,simd-v0,265,0.016903
11,393435,265,0.010624
11,ours-406478,265,0.008607
11,KACTL,265,0.074791
11,393435,266,0.010949
11,ours-406478,266,0.008562
11,KACTL,266,0.074855
11,simd-v0,266,0.017086
11,ours-406478,267,0.008533
11,KACTL,267,0.074700
11,simd-v0,267,0.017097
11,393435,267,0.010569
11,KACTL,268,0.074905
11,simd-v0,268,0.017001
11,393435,268,0.010557
11,ours-406478,268,0.008603
11,simd-v0,269,0.016962
11,393435,269,0.010573
11,ours-406478,269,0.008596
11,KACTL,269,0.075371
11,393435,270,0.010958
11,ours-406478,270,0.008564
11,KACTL,270,0.074929
11,simd-v0,270,0.017067
11,ours-406478,271,0.008558
11,KACTL,271,0.074769
11,simd-v0,271,0.017019
11,393435,271,0.010609
11,KACTL,272,0.081379
11,simd-v0,272,0.017129
11,393435,272,0.010559
11,ours-406478,272,0.008573
11,simd-v0,273,0.016892
11,393435,273,0.010615
11,ours-406478,273,0.008581
11,KACTL,273,0.074976
11,393435,274,0.010987
11,ours-406478,274,0.008624
11,KACTL,274,0.074811
11,simd-v0,274,0.017123
11,ours-406478,275,0.008560
11,KACTL,275,0.075441
11,simd-v0,275,0.017052
11,393435,275,0.010612
11,KACTL,276,0.075440
11,simd-v0,276,0.020428
11,393435,276,0.011575
11,ours-406478,276,0.010398
11,simd-v0,277,0.017170
11,393435,277,0.010582
11,ours-406478,277,0.008616
11,KACTL,277,0.075018
11,393435,278,0.010962
11,ours-406478,278,0.008573
11,KACTL,278,0.086312
11,simd-v0,278,0.017091
11,ours-406478,279,0.008577
11,KACTL,279,0.074841
11,simd-v0,279,0.017040
11,393435,279,0.010614
11,KACTL,280,0.074870
11,simd-v0,280,0.026972
11,393435,280,0.010622
11,ours-406478,280,0.008580
11,simd-v0,281,0.016960
11,393435,281,0.010568
11,ours-406478,281,0.008620
11,KACTL,281,0.075164
11,393435,282,0.010947
11,ours-406478,282,0.008544
11,KACTL,282,0.075044
11,simd-v0,282,0.016999
11,ours-406478,283,0.008569
11,KACTL,283,0.074902
11,simd-v0,283,0.017103
11,393435,283,0.010577
11,KACTL,284,0.074976
11,simd-v0,284,0.017045
11,393435,284,0.010607
11,ours-406478,284,0.008595
11,simd-v0,285,0.016938
11,393435,285,0.010572
11,ours-406478,285,0.008575
11,KACTL,285,0.074975
11,393435,286,0.010903
11,ours-406478,286,0.008554
11,KACTL,286,0.074892
11,simd-v0,286,0.017030
11,ours-406478,287,0.008623
11,KACTL,287,0.074823
11,simd-v0,287,0.017012
11,393435,287,0.010597
11,KACTL,288,0.074842
11,simd-v0,288,0.017012
11,393435,288,0.010577
11,ours-406478,288,0.008580
11,simd-v0,289,0.016946
11,393435,289,0.010553
11,ours-406478,289,0.008562
11,KACTL,289,0.081053
11,393435,290,0.010972
11,ours-406478,290,0.008591
11,KACTL,290,0.077609
11,simd-v0,290,0.017118
11,ours-406478,291,0.008536
11,KACTL,291,0.075086
11,simd-v0,291,0.017031
11,393435,291,0.010569
11,KACTL,292,0.075006
11,simd-v0,292,0.017064
11,393435,292,0.010564
11,ours-406478,292,0.008570
11,simd-v0,293,0.016859
11,393435,293,0.010580
11,ours-406478,293,0.008572
11,KACTL,293,0.075007
11,393435,294,0.010922
11,ours-406478,294,0.008577
11,KACTL,294,0.074994
11,simd-v0,294,0.017015
11,ours-406478,295,0.008582
11,KACTL,295,0.075419
11,simd-v0,295,0.017072
11,393435,295,0.010586
11,KACTL,296,0.074867
11,simd-v0,296,0.017082
11,393435,296,0.010562
11,ours-406478,296,0.008601
11,simd-v0,297,0.016941
11,393435,297,0.010593
11,ours-406478,297,0.008566
11,KACTL,297,0.074946
11,393435,298,0.020705
11,ours-406478,298,0.008547
11,KACTL,298,0.075095
11,simd-v0,298,0.017028
11,ours-406478,299,0.008575
11,KACTL,299,0.075437
11,simd-v0,299,0.017031
11,393435,299,0.010606
11,KACTL,300,0.074944
11,simd-v0,300,0.017077
11,393435,300,0.010534
11,ours-406478,300,0.008590
11,simd-v0,301,0.016924
11,393435,301,0.010608
11,ours-406478,301,0.008623
11,KACTL,301,0.075459
11,393435,302,0.010963
11,ours-406478,302,0.008590
11,KACTL,302,0.074912
11,simd-v0,302,0.017054
11,ours-406478,303,0.008564
11,KACTL,303,0.074881
11,simd-v0,303,0.017078
11,393435,303,0.010559
11,KACTL,304,0.075337
11,simd-v0,304,0.017102
11,393435,304,0.010554
11,ours-406478,304,0.008559
11,simd-v0,305,0.016884
11,393435,305,0.010606
11,ours-406478,305,0.008576
11,KACTL,305,0.075004
11,393435,306,0.010964
11,ours-406478,306,0.008538
11,KACTL,306,0.081131
11,simd-v0,306,0.017088
11,ours-406478,307,0.008559
11,KACTL,307,0.075334
11,simd-v0,307,0.017087
11,393435,307,0.010642
11,KACTL,308,0.074989
11,simd-v0,308,0.017082
11,393435,308,0.010560
11,ours-406478,308,0.008582
11,simd-v0,309,0.016857
11,393435,309,0.010583
11,ours-406478,309,0.008581
11,KACTL,309,0.074863
11,393435,310,0.010929
11,ours-406478,310,0.008511
11,KACTL,310,0.075034
11,simd-v0,310,0.017048
11,ours-406478,311,0.008610
11,KACTL,311,0.074851
11,simd-v0,311,0.017086
11,393435,311,0.010556
11,KACTL,312,0.074818
11,simd-v0,312,0.017087
11,393435,312,0.010574
11,ours-406478,312,0.008573
11,simd-v0,313,0.016860
11,393435,313,0.010570
11,ours-406478,313,0.008587
11,KACTL,313,0.074818
11,393435,314,0.010952
11,ours-406478,314,0.008597
11,KACTL,314,0.075479
11,simd-v0,314,0.024249
11,ours-406478,315,0.008601
11,KACTL,315,0.081555
11,simd-v0,315,0.017102
11,393435,315,0.010570
11,KACTL,316,0.075502
11,simd-v0,316,0.017118
11,393435,316,0.010587
11,ours-406478,316,0.008598
11,simd-v0,317,0.017081
11,393435,317,0.010593
11,ours-406478,317,0.008553
11,KACTL,317,0.075029
11,393435,318,0.010948
11,ours-406478,318,0.008567
11,KACTL,318,0.075202
11,simd-v0,318,0.016491
11,ours-406478,319,0.008277
11,KACTL,319,0.072512
11,simd-v0,319,0.016526
11,393435,319,0.010271
11,KACTL,320,0.072427
11,simd-v0,320,0.016522
11,393435,320,0.010273
11,ours-406478,320,0.008289
11,simd-v0,321,0.016391
11,393435,321,0.010248
11,ours-406478,321,0.008287
11,KACTL,321,0.072987
11,393435,322,0.010585
11,ours-406478,322,0.008253
11,KACTL,322,0.072508
11,simd-v0,322,0.016516
11,ours-406478,323,0.008291
11,KACTL,323,0.072881
11,simd-v0,323,0.023294
11,393435,323,0.016280
11,KACTL,324,0.074812
11,simd-v0,324,0.016990
11,393435,324,0.010359
11,ours-406478,324,0.008078
11,simd-v0,325,0.016830
11,393435,325,0.010313
11,ours-406478,325,0.008061
11,KACTL,325,0.074950
11,393435,326,0.010721
11,ours-406478,326,0.008059
11,KACTL,326,0.074827
11,simd-v0,326,0.016992
11,ours-406478,327,0.008037
11,KACTL,327,0.075353
11,simd-v0,327,0.016955
11,393435,327,0.010333
11,KACTL,328,0.075381
11,simd-v0,328,0.017001
11,393435,328,0.010344
11,ours-406478,328,0.008071
11,simd-v0,329,0.016844
11,393435,329,0.010354
11,ours-406478,329,0.008056
11,KACTL,329,0.074875
11,393435,330,0.010723
11,ours-406478,330,0.008047
11,KACTL,330,0.074851
11,simd-v0,330,0.017022
11,ours-406478,331,0.008043
11,KACTL,331,0.074961
11,simd-v0,331,0.016407
11,393435,331,0.010008
11,KACTL,332,0.072508
11,simd-v0,332,0.022504
11,393435,332,0.010057
11,ours-406478,332,0.007797
11,simd-v0,333,0.016326
11,393435,333,0.010005
11,ours-406478,333,0.007762
11,KACTL,333,0.073069
11,393435,334,0.010329
11,ours-406478,334,0.007820
11,KACTL,334,0.072507
11,simd-v0,334,0.016423
11,ours-406478,335,0.007743
11,KACTL,335,0.072398
11,simd-v0,335,0.016430
11,393435,335,0.010032
11,KACTL,336,0.072462
11,simd-v0,336,0.016483
11,393435,336,0.009989
11,ours-406478,336,0.007753
11,simd-v0,337,0.016318
11,393435,337,0.009996
11,ours-406478,337,0.007764
11,KACTL,337,0.072522
11,393435,338,0.010350
11,ours-406478,338,0.007774
11,KACTL,338,0.072515
11,simd-v0,338,0.016417
11,ours-406478,339,0.007751
11,KACTL,339,0.072492
11,simd-v0,339,0.016319
11,393435,339,0.010039
11,KACTL,340,0.072956
11,simd-v0,340,0.016435
11,393435,340,0.010002
11,ours-406478,340,0.007823
11,simd-v0,341,0.016267
11,393435,341,0.010013
11,ours-406478,341,0.007793
11,KACTL,341,0.078569
11,393435,342,0.010352
11,ours-406478,342,0.007812
11,KACTL,342,0.072454
11,simd-v0,342,0.016446
11,ours-406478,343,0.007772
11,KACTL,343,0.072459
11,simd-v0,343,0.016433
11,393435,343,0.009998
11,KACTL,344,0.072871
11,simd-v0,344,0.016409
11,393435,344,0.010038
11,ours-406478,344,0.007796
11,simd-v0,345,0.016329
11,393435,345,0.009992
11,ours-406478,345,0.007762
11,KACTL,345,0.072875
11,393435,346,0.010386
11,ours-406478,346,0.007792
11,KACTL,346,0.072497
11,simd-v0,346,0.016451
11,ours-406478,347,0.007806
11,KACTL,347,0.072998
11,simd-v0,347,0.016313
11,393435,347,0.010004
11,KACTL,348,0.073008
11,simd-v0,348,0.016445
11,393435,348,0.010017
11,ours-406478,348,0.007802
11,simd-v0,349,0.016270
11,393435,349,0.010046
11,ours-406478,349,0.007813
11,KACTL,349,0.072424
11,393435,350,0.010389
11,ours-406478,350,0.007814
11,KACTL,350,0.078363
11,simd-v0,350,0.016464
11,ours-406478,351,0.007818
11,KACTL,351,0.072493
11,simd-v0,351,0.016434
11,393435,351,0.010038
11,KACTL,352,0.072514
11,simd-v0,352,0.016462
11,393435,352,0.010013
11,ours-406478,352,0.007783
11,simd-v0,353,0.016261
11,393435,353,0.010028
11,ours-406478,353,0.007811
11,KACTL,353,0.072505
11,393435,354,0.010380
11,ours-406478,354,0.007791
11,KACTL,354,0.072289
11,simd-v0,354,0.016422
11,ours-406478,355,0.007774
11,KACTL,355,0.072433
11,simd-v0,355,0.016434
11,393435,355,0.010005
11,KACTL,356,0.072500
11,simd-v0,356,0.016438
11,393435,356,0.010037
11,ours-406478,356,0.007807
11,simd-v0,357,0.016274
11,393435,357,0.009989
11,ours-406478,357,0.007803
11,KACTL,357,0.072456
11,393435,358,0.010375
11,ours-406478,358,0.007735
11,KACTL,358,0.072365
11,simd-v0,358,0.016428
11,ours-406478,359,0.007777
11,KACTL,359,0.072973
11,simd-v0,359,0.023015
11,393435,359,0.010064
11,KACTL,360,0.072534
11,simd-v0,360,0.016460
11,393435,360,0.010026
11,ours-406478,360,0.007783
11,simd-v0,361,0.016297
11,393435,361,0.010002
11,ours-406478,361,0.007813
11,KACTL,361,0.072453
11,393435,362,0.010401
11,ours-406478,362,0.007817
11,KACTL,362,0.072486
11,simd-v0,362,0.016393
11,ours-406478,363,0.007764
11,KACTL,363,0.072492
11,simd-v0,363,0.016290
11,393435,363,0.009973
11,KACTL,364,0.074062
11,simd-v0,364,0.017035
11,393435,364,0.010396
11,ours-406478,364,0.008053
11,simd-v0,365,0.016815
11,393435,365,0.010348
11,ours-406478,365,0.008053
11,KACTL,365,0.075532
11,393435,366,0.011067
11,ours-406478,366,0.008348
11,KACTL,366,0.077473
11,simd-v0,366,0.017577
11,ours-406478,367,0.008312
11,KACTL,367,0.078035
11,simd-v0,367,0.017582
11,393435,367,0.010702
11,KACTL,368,0.083784
11,simd-v0,368,0.017543
11,393435,368,0.010704
11,ours-406478,368,0.008336
11,simd-v0,369,0.017411
11,393435,369,0.010680
11,ours-406478,369,0.008330
11,KACTL,369,0.078072
11,393435,370,0.011062
11,ours-406478,370,0.008209
11,KACTL,370,0.077475
11,simd-v0,370,0.017533
11,ours-406478,371,0.008337
11,KACTL,371,0.077457
11,simd-v0,371,0.017620
11,393435,371,0.010707
11,KACTL,372,0.077390
11,simd-v0,372,0.017601
11,393435,372,0.010650
11,ours-406478,372,0.008362
11,simd-v0,373,0.017446
11,393435,373,0.010734
11,ours-406478,373,0.008309
11,KACTL,373,0.077452
11,393435,374,0.011065
11,ours-406478,374,0.008320
11,KACTL,374,0.077374
11,simd-v0,374,0.017611
11,ours-406478,375,0.008319
11,KACTL,375,0.077551
11,simd-v0,375,0.017586
11,393435,375,0.010688
11,KACTL,376,0.077386
11,simd-v0,376,0.017567
11,393435,376,0.010682
11,ours-406478,376,0.008372
11,simd-v0,377,0.023964
11,393435,377,0.010723
11,ours-406478,377,0.008345
11,KACTL,377,0.077460
11,393435,378,0.011075
11,ours-406478,378,0.008323
11,KACTL,378,0.080068
11,simd-v0,378,0.017029
11,ours-406478,379,0.008082
11,KACTL,379,0.074846
11,simd-v0,379,0.016986
11,393435,379,0.010360
11,KACTL,380,0.074829
11,simd-v0,380,0.016970
11,393435,380,0.010346
11,ours-406478,380,0.008076
11,simd-v0,381,0.016875
11,393435,381,0.010327
11,ours-406478,381,0.008097
11,KACTL,381,0.074787
11,393435,382,0.010668
11,ours-406478,382,0.008068
11,KACTL,382,0.074786
11,simd-v0,382,0.016987
11,ours-406478,383,0.008040
11,KACTL,383,0.074764
11,simd-v0,383,0.016980
11,393435,383,0.010346
11,KACTL,384,0.074888
11,simd-v0,384,0.016972
11,393435,384,0.010341
11,ours-406478,384,0.008061
11,simd-v0,385,0.016838
11,393435,385,0.010331
11,ours-406478,385,0.008069
11,KACTL,385,0.081348
11,393435,386,0.010716
11,ours-406478,386,0.008074
11,KACTL,386,0.074943
11,simd-v0,386,0.016990
11,ours-406478,387,0.008043
11,KACTL,387,0.074926
11,simd-v0,387,0.016985
11,393435,387,0.010321
11,KACTL,388,0.074813
11,simd-v0,388,0.017013
11,393435,388,0.010342
11,ours-406478,388,0.007911
11,simd-v0,389,0.016839
11,393435,389,0.010453
11,ours-406478,389,0.008390
11,KACTL,389,0.075062
11,393435,390,0.010724
11,ours-406478,390,0.011395
11,KACTL,390,0.084176
11,simd-v0,390,0.016485
11,ours-406478,391,0.007777
11,KACTL,391,0.072552
11,simd-v0,391,0.016433
11,393435,391,0.010007
11,KACTL,392,0.072602
11,simd-v0,392,0.016434
11,393435,392,0.009997
11,ours-406478,392,0.007792
11,simd-v0,393,0.016275
11,393435,393,0.010010
11,ours-406478,393,0.007805
11,KACTL,393,0.072523
11,393435,394,0.010347
11,ours-406478,394,0.007782
11,KACTL,394,0.078857
11,simd-v0,394,0.016479
11,ours-406478,395,0.007763
11,KACTL,395,0.072467
11,simd-v0,395,0.016434
11,393435,395,0.009998
11,KACTL,396,0.073031
11,simd-v0,396,0.016412
11,393435,396,0.010061
11,ours-406478,396,0.007787
11,simd-v0,397,0.016261
11,393435,397,0.010031
11,ours-406478,397,0.007783
11,KACTL,397,0.072431
11,393435,398,0.010350
11,ours-406478,398,0.007780
11,KACTL,398,0.072467
11,simd-v0,398,0.016469
11,ours-406478,399,0.007762
11,KACTL,399,0.073007
11,simd-v0,399,0.016481
11,393435,399,0.009979
11,KACTL,400,0.072402
11,simd-v0,400,0.016451
11,393435,400,0.009988
11,ours-406478,400,0.007822
11,simd-v0,401,0.016267
11,393435,401,0.010021
11,ours-406478,401,0.007842
11,KACTL,401,0.073041
11,393435,402,0.010379
11,ours-406478,402,0.007813
11,KACTL,402,0.072482
11,simd-v0,402,0.016454
11,ours-406478,403,0.007801
11,KACTL,403,0.079023
11,simd-v0,403,0.016530
11,393435,403,0.010036
11,KACTL,404,0.072469
11,simd-v0,404,0.016418
11,393435,404,0.010056
11,ours-406478,404,0.007841
11,simd-v0,405,0.016276
11,393435,405,0.009994
11,ours-406478,405,0.007836
11,KACTL,405,0.072516
11,393435,406,0.010384
11,ours-406478,406,0.007770
11,KACTL,406,0.072495
11,simd-v0,406,0.016449
11,ours-406478,407,0.007800
11,KACTL,407,0.073000
11,simd-v0,407,0.016446
11,393435,407,0.009962
11,KACTL,408,0.074435
11,simd-v0,408,0.016992
11,393435,408,0.010343
11,ours-406478,408,0.008085
11,simd-v0,409,0.016836
11,393435,409,0.010353
11,ours-406478,409,0.008049
11,KACTL,409,0.075203
11,393435,410,0.010719
11,ours-406478,410,0.008082
11,KACTL,410,0.075470
11,simd-v0,410,0.016983
11,ours-406478,411,0.008097
11,KACTL,411,0.075741
11,simd-v0,411,0.017620
11,393435,411,0.010737
11,KACTL,412,0.084193
11,simd-v0,412,0.017606
11,393435,412,0.010652
11,ours-406478,412,0.008373
11,simd-v0,413,0.017397
11,393435,413,0.010683
11,ours-406478,413,0.008375
11,KACTL,413,0.077414
11,393435,414,0.011106
11,ours-406478,414,0.008374
11,KACTL,414,0.077519
11,simd-v0,414,0.017588
11,ours-406478,415,0.008330
11,KACTL,415,0.077482
11,simd-v0,415,0.017581
11,393435,415,0.010704
11,KACTL,416,0.077524
11,simd-v0,416,0.017523
11,393435,416,0.010664
11,ours-406478,416,0.008377
11,simd-v0,417,0.017468
11,393435,417,0.010687
11,ours-406478,417,0.008340
11,KACTL,417,0.077372
11,393435,418,0.011099
11,ours-406478,418,0.008350
11,KACTL,418,0.077889
11,simd-v0,418,0.017627
11,ours-406478,419,0.008321
11,KACTL,419,0.077400
11,simd-v0,419,0.017555
11,393435,419,0.010686
11,KACTL,420,0.077354
11,simd-v0,420,0.024286
11,393435,420,0.010731
11,ours-406478,420,0.008408
11,simd-v0,421,0.017381
11,393435,421,0.010668
11,ours-406478,421,0.008355
11,KACTL,421,0.077503
11,393435,422,0.011095
11,ours-406478,422,0.008392
11,KACTL,422,0.077482
11,simd-v0,422,0.017631
11,ours-406478,423,0.008304
11,KACTL,423,0.077476
11,simd-v0,423,0.017572
11,393435,423,0.010721
11,KACTL,424,0.077507
11,simd-v0,424,0.017547
11,393435,424,0.010669
11,ours-406478,424,0.008360
11,simd-v0,425,0.017472
11,393435,425,0.010695
11,ours-406478,425,0.008377
11,KACTL,425,0.077425
11,393435,426,0.011025
11,ours-406478,426,0.008357
11,KACTL,426,0.077935
11,simd-v0,426,0.017566
11,ours-406478,427,0.008347
11,KACTL,427,0.077436
11,simd-v0,427,0.017590
11,393435,427,0.010696
11,KACTL,428,0.077569
11,simd-v0,428,0.017621
11,393435,428,0.010683
11,ours-406478,428,0.008360
11,simd-v0,429,0.024211
11,393435,429,0.010718
11,ours-406478,429,0.008360
11,KACTL,429,0.077465
11,393435,430,0.011076
11,ours-406478,430,0.008333
11,KACTL,430,0.077403
11,simd-v0,430,0.017546
11,ours-406478,431,0.008319
11,KACTL,431,0.076419
11,simd-v0,431,0.017027
11,393435,431,0.010614
11,KACTL,432,0.075383
11,simd-v0,432,0.017051
11,393435,432,0.010607
11,ours-406478,432,0.008592
11,simd-v0,433,0.016896
11,393435,433,0.010589
11,ours-406478,433,0.008564
11,KACTL,433,0.074947
11,393435,434,0.010929
11,ours-406478,434,0.008532
11,KACTL,434,0.074979
11,simd-v0,434,0.017062
11,ours-406478,435,0.008582
11,KACTL,435,0.075197
11,simd-v0,435,0.017077
11,393435,435,0.010631
11,KACTL,436,0.075007
11,simd-v0,436,0.017071
11,393435,436,0.010603
11,ours-406478,436,0.008558
11,simd-v0,437,0.016870
11,393435,437,0.010552
11,ours-406478,437,0.008610
11,KACTL,437,0.081336
11,393435,438,0.011000
11,ours-406478,438,0.008590
11,KACTL,438,0.075364
11,simd-v0,438,0.017105
11,ours-406478,439,0.008554
11,KACTL,439,0.074842
11,simd-v0,439,0.017062
11,393435,439,0.010559
11,KACTL,440,0.074804
11,simd-v0,440,0.017077
11,393435,440,0.010609
11,ours-406478,440,0.008594
11,simd-v0,441,0.016860
11,393435,441,0.010566
11,ours-406478,441,0.008583
11,KACTL,441,0.074891
11,393435,442,0.010947
11,ours-406478,442,0.008564
11,KACTL,442,0.075497
11,simd-v0,442,0.017054
11,ours-406478,443,0.008593
11,KACTL,443,0.074795
11,simd-v0,443,0.017095
11,393435,443,0.010939
11,KACTL,444,0.075504
11,simd-v0,444,0.017054
11,393435,444,0.010596
11,ours-406478,444,0.008630
11,simd-v0,445,0.016848
11,393435,445,0.010611
11,ours-406478,445,0.008573
11,KACTL,445,0.074811
11,393435,446,0.010920
11,ours-406478,446,0.008598
11,KACTL,446,0.081431
11,simd-v0,446,0.017054
11,ours-406478,447,0.008551
11,KACTL,447,0.074883
11,simd-v0,447,0.017088
11,393435,447,0.010590
11,KACTL,448,0.074886
11,simd-v0,448,0.017077
11,393435,448,0.010591
11,ours-406478,448,0.008607
11,simd-v0,449,0.016930
11,393435,449,0.010565
11,ours-406478,449,0.008587
11,KACTL,449,0.075395
11,393435,450,0.010975
11,ours-406478,450,0.008607
11,KACTL,450,0.075480
11,simd-v0,450,0.017105
11,ours-406478,451,0.008605
11,KACTL,451,0.074965
11,simd-v0,451,0.017079
11,393435,451,0.010607
11,KACTL,452,0.075305
11,simd-v0,452,0.017122
11,393435,452,0.010586
11,ours-406478,452,0.008609
11,simd-v0,453,0.016854
11,393435,453,0.010587
11,ours-406478,453,0.008554
11,KACTL,453,0.074813
11,393435,454,0.010967
11,ours-406478,454,0.008588
11,KACTL,454,0.075269
11,simd-v0,454,0.017091
11,ours-406478,455,0.008933
11,KACTL,455,0.074882
11,simd-v0,455,0.017048
11,393435,455,0.010579
11,KACTL,456,0.075059
11,simd-v0,456,0.017102
11,393435,456,0.010565
11,ours-406478,456,0.008582
11,simd-v0,457,0.016922
11,393435,457,0.010641
11,ours-406478,457,0.008600
11,KACTL,457,0.074981
11,393435,458,0.010920
11,ours-406478,458,0.008598
11,KACTL,458,0.074898
11,simd-v0,458,0.017038
11,ours-406478,459,0.008564
11,KACTL,459,0.074930
11,simd-v0,459,0.017088
11,393435,459,0.010592
11,KACTL,460,0.074879
11,simd-v0,460,0.017108
11,393435,460,0.010597
11,ours-406478,460,0.008599
11,simd-v0,461,0.016886
11,393435,461,0.010615
11,ours-406478,461,0.008594
11,KACTL,461,0.075517
11,393435,462,0.010956
11,ours-406478,462,0.008564
11,KACTL,462,0.075690
11,simd-v0,462,0.016513
11,ours-406478,463,0.008249
11,KACTL,463,0.078330
11,simd-v0,463,0.016524
11,393435,463,0.010268
11,KACTL,464,0.072469
11,simd-v0,464,0.016585
11,393435,464,0.010235
11,ours-406478,464,0.008347
11,simd-v0,465,0.018471
11,393435,465,0.010278
11,ours-406478,465,0.008345
11,KACTL,465,0.072483
11,393435,466,0.010576
11,ours-406478,466,0.008315
11,KACTL,466,0.072454
11,simd-v0,466,0.016507
11,ours-406478,467,0.008307
11,KACTL,467,0.072931
11,simd-v0,467,0.016460
11,393435,467,0.010252
11,KACTL,468,0.072444
11,simd-v0,468,0.016521
11,393435,468,0.010256
11,ours-406478,468,0.008260
11,simd-v0,469,0.016423
11,393435,469,0.010240
11,ours-406478,469,0.008314
11,KACTL,469,0.072446
11,393435,470,0.010562
11,ours-406478,470,0.008306
11,KACTL,470,0.072509
11,simd-v0,470,0.016545
11,ours-406478,471,0.008335
11,KACTL,471,0.072472
11,simd-v0,471,0.016518
11,393435,471,0.010271
11,KACTL,472,0.078875
11,simd-v0,472,0.016532
11,393435,472,0.010267
11,ours-406478,472,0.008335
11,simd-v0,473,0.016320
11,393435,473,0.010252
11,ours-406478,473,0.008289
11,KACTL,473,0.072550
11,393435,474,0.010604
11,ours-406478,474,0.008326
11,KACTL,474,0.072361
11,simd-v0,474,0.016493
11,ours-406478,475,0.008334
11,KACTL,475,0.072459
11,simd-v0,475,0.016529
11,393435,475,0.010262
11,KACTL,476,0.072954
11,simd-v0,476,0.018955
11,393435,476,0.010599
11,ours-406478,476,0.008602
11,simd-v0,477,0.016919
11,393435,477,0.010563
11,ours-406478,477,0.008571
11,KACTL,477,0.074851
11,393435,478,0.010974
11,ours-406478,478,0.008620
11,KACTL,478,0.074963
11,simd-v0,478,0.017089
11,ours-406478,479,0.008494
11,KACTL,479,0.074743
11,simd-v0,479,0.016995
11,393435,479,0.010566
11,KACTL,480,0.074989
11,simd-v0,480,0.017029
11,393435,480,0.010599
11,ours-406478,480,0.008553
11,simd-v0,481,0.016938
11,393435,481,0.010597
11,ours-406478,481,0.008561
11,KACTL,481,0.081687
11,393435,482,0.010970
11,ours-406478,482,0.008572
11,KACTL,482,0.075518
11,simd-v0,482,0.017068
11,ours-406478,483,0.008599
11,KACTL,483,0.074859
11,simd-v0,483,0.017041
11,393435,483,0.010585
11,KACTL,484,0.075418
11,simd-v0,484,0.017031
11,393435,484,0.010610
11,ours-406478,484,0.008569
11,simd-v0,485,0.016881
11,393435,485,0.010572
11,ours-406478,485,0.008587
11,KACTL,485,0.074837
11,393435,486,0.011013
11,ours-406478,486,0.008617
11,KACTL,486,0.074901
11,simd-v0,486,0.017106
11,ours-406478,487,0.008575
11,KACTL,487,0.074960
11,simd-v0,487,0.016997
11,393435,487,0.010577
11,KACTL,488,0.074928
11,simd-v0,488,0.017112
11,393435,488,0.010593
11,ours-406478,488,0.008587
11,simd-v0,489,0.016907
11,393435,489,0.010586
11,ours-406478,489,0.008557
11,KACTL,489,0.075340
11,393435,490,0.017926
11,ours-406478,490,0.008545
11,KACTL,490,0.074984
11,simd-v0,490,0.017059
11,ours-406478,491,0.008533
11,KACTL,491,0.074882
11,simd-v0,491,0.017065
11,393435,491,0.010561
11,KACTL,492,0.074739
11,simd-v0,492,0.017060
11,393435,492,0.010597
11,ours-406478,492,0.008576
11,simd-v0,493,0.016837
11,393435,493,0.010602
11,ours-406478,493,0.008565
11,KACTL,493,0.075430
11,393435,494,0.010952
11,ours-406478,494,0.008575
11,KACTL,494,0.074844
11,simd-v0,494,0.017040
11,ours-406478,495,0.008568
11,KACTL,495,0.075276
11,simd-v0,495,0.017031
11,393435,495,0.010641
11,KACTL,496,0.074882
11,simd-v0,496,0.017045
11,393435,496,0.010563
11,ours-406478,496,0.008569
11,simd-v0,497,0.016936
11,393435,497,0.010583
11,ours-406478,497,0.008586
11,KACTL,497,0.074752
11,393435,498,0.010940
11,ours-406478,498,0.008574
11,KACTL,498,0.081743
11,simd-v0,498,0.017070
11,ours-406478,499,0.008585
11,KACTL,499,0.074802
11,simd-v0,499,0.017096
11,393435,499,0.010554
11,KACTL,500,0.074790
11,simd-v0,500,0.017024
11,393435,500,0.010574
11,ours-406478,500,0.008586
11,simd-v0,501,0.016855
11,393435,501,0.010581
11,ours-406478,501,0.008566
11,KACTL,501,0.074854
11,393435,502,0.010966
11,ours-406478,502,0.008556
11,KACTL,502,0.074763
11,simd-v0,502,0.017042
11,ours-406478,503,0.008579
11,KACTL,503,0.074804
11,simd-v0,503,0.017046
11,393435,503,0.010633
11,KACTL,504,0.074829
11,simd-v0,504,0.017092
11,393435,504,0.010595
11,ours-406478,504,0.008586
11,simd-v0,505,0.016907
11,393435,505,0.010583
11,ours-406478,505,0.008566
11,KACTL,505,0.075393
11,393435,506,0.010959
11,ours-406478,506,0.008563
11,KACTL,506,0.074930
11,simd-v0,506,0.017091
11,ours-406478,507,0.008569
11,KACTL,507,0.082007
11,simd-v0,507,0.017100
11,393435,507,0.010571
11,KACTL,508,0.075020
11,simd-v0,508,0.017060
11,393435,508,0.010606
11,ours-406478,508,0.008600
11,simd-v0,509,0.016920
11,393435,509,0.010601
11,ours-406478,509,0.008600
11,KACTL,509,0.074917
11,393435,510,0.010960
11,ours-406478,510,0.008587
11,KACTL,510,0.074812
11,simd-v0,510,0.017062
11,ours-406478,511,0.008584
11,KACTL,511,0.074878
11,simd-v0,511,0.017047
11,393435,511,0.010599
11,KACTL,512,0.074768
11,simd-v0,512,0.017063
11,393435,512,0.010598
11,ours-406478,512,0.008594
11,simd-v0,513,0.016861
11,393435,513,0.010618
11,ours-406478,513,0.008589
11,KACTL,513,0.075926
11,393435,514,0.010948
11,ours-406478,514,0.008602
11,KACTL,514,0.091208
11,simd-v0,514,0.020550
11,ours-406478,515,0.009991
11,KACTL,515,0.075229
11,simd-v0,515,0.024152
11,393435,515,0.010634
11,KACTL,516,0.075528
11,simd-v0,516,0.017106
11,393435,516,0.010609
11,ours-406478,516,0.008614
11,simd-v0,517,0.016865
11,393435,517,0.010610
11,ours-406478,517,0.008585
11,KACTL,517,0.075063
11,393435,518,0.010914
11,ours-406478,518,0.008564
11,KACTL,518,0.074911
11,simd-v0,518,0.017088
11,ours-406478,519,0.008548
11,KACTL,519,0.075337
11,simd-v0,519,0.017038
11,393435,519,0.010580
11,KACTL,520,0.074766
11,simd-v0,520,0.017052
11,393435,520,0.010623
11,ours-406478,520,0.008619
11,simd-v0,521,0.016948
11,393435,521,0.010628
11,ours-406478,521,0.008580
11,KACTL,521,0.074880
11,393435,522,0.010949
11,ours-406478,522,0.008560
11,KACTL,522,0.074859
11,simd-v0,522,0.017072
11,ours-406478,523,0.008552
11,KACTL,523,0.074837
11,simd-v0,523,0.017032
11,393435,523,0.010583
11,KACTL,524,0.081218
11,simd-v0,524,0.017084
11,393435,524,0.010626
11,ours-406478,524,0.008560
11,simd-v0,525,0.016925
11,393435,525,0.010608
11,ours-406478,525,0.008743
11,KACTL,525,0.075026
11,393435,526,0.010936
11,ours-406478,526,0.008669
11,KACTL,526,0.080996
11,simd-v0,526,0.018243
11,ours-406478,527,0.008638
11,KACTL,527,0.081066
11,simd-v0,527,0.016634
11,393435,527,0.010023
11,KACTL,528,0.072399
11,simd-v0,528,0.016405
11,393435,528,0.010041
11,ours-406478,528,0.007829
11,simd-v0,529,0.016303
11,393435,529,0.009984
11,ours-406478,529,0.007783
11,KACTL,529,0.072999
11,393435,530,0.010378
11,ours-406478,530,0.007797
11,KACTL,530,0.072412
11,simd-v0,530,0.016476
11,ours-406478,531,0.007784
11,KACTL,531,0.072484
11,simd-v0,531,0.016423
11,393435,531,0.010022
11,KACTL,532,0.072439
11,simd-v0,532,0.016411
11,393435,532,0.010045
11,ours-406478,532,0.007841
11,simd-v0,533,0.016247
11,393435,533,0.021818
11,ours-406478,533,0.021646
11,KACTL,533,0.072708
11,393435,534,0.010431
11,ours-406478,534,0.007786
11,KACTL,534,0.072449
11,simd-v0,534,0.016433
11,ours-406478,535,0.007790
11,KACTL,535,0.074100
11,simd-v0,535,0.017010
11,393435,535,0.010342
11,KACTL,536,0.074909
11,simd-v0,536,0.017019
11,393435,536,0.010356
11,ours-406478,536,0.008014
11,simd-v0,537,0.016828
11,393435,537,0.010352
11,ours-406478,537,0.008063
11,KACTL,537,0.074906
11,393435,538,0.010702
11,ours-406478,538,0.008065
11,KACTL,538,0.074824
11,simd-v0,538,0.016998
11,ours-406478,539,0.008052
11,KACTL,539,0.074875
11,simd-v0,539,0.016999
11,393435,539,0.010298
11,KACTL,540,0.074820
11,simd-v0,540,0.016970
11,393435,540,0.010349
11,ours-406478,540,0.008042
11,simd-v0,541,0.016765
11,393435,541,0.010297
11,ours-406478,541,0.008021
11,KACTL,541,0.081736
11,393435,542,0.010752
11,ours-406478,542,0.008068
11,KACTL,542,0.074888
11,simd-v0,542,0.016959
11,ours-406478,543,0.008042
11,KACTL,543,0.074946
11,simd-v0,543,0.017048
11,393435,543,0.010335
11,KACTL,544,0.074918
11,simd-v0,544,0.016980
11,393435,544,0.010345
11,ours-406478,544,0.008082
11,simd-v0,545,0.016792
11,393435,545,0.010360
11,ours-406478,545,0.008072
11,KACTL,545,0.075029
11,393435,546,0.010669
11,ours-406478,546,0.008073
11,KACTL,546,0.074957
11,simd-v0,546,0.017033
11,ours-406478,547,0.008041
11,KACTL,547,0.074959
11,simd-v0,547,0.017036
11,393435,547,0.010329
11,KACTL,548,0.075016
11,simd-v0,548,0.017055
11,393435,548,0.010333
11,ours-406478,548,0.008079
11,simd-v0,549,0.016782
11,393435,549,0.010378
11,ours-406478,549,0.008079
11,KACTL,549,0.074960
11,393435,550,0.010705
11,ours-406478,550,0.007981
11,KACTL,550,0.081180
11,simd-v0,550,0.017036
11,ours-406478,551,0.008061
11,KACTL,551,0.074919
11,simd-v0,551,0.019195
11,393435,551,0.010402
11,KACTL,552,0.074985
11,simd-v0,552,0.017041
11,393435,552,0.010371
11,ours-406478,552,0.008072
11,simd-v0,553,0.016856
11,393435,553,0.010318
11,ours-406478,553,0.008023
11,KACTL,553,0.075522
11,393435,554,0.010715
11,ours-406478,554,0.008087
11,KACTL,554,0.075482
11,simd-v0,554,0.017420
11,ours-406478,555,0.008322
11,KACTL,555,0.077512
11,simd-v0,555,0.017474
11,393435,555,0.010703
11,KACTL,556,0.077442
11,simd-v0,556,0.017495
11,393435,556,0.010694
11,ours-406478,556,0.008338
11,simd-v0,557,0.017440
11,393435,557,0.010698
11,ours-406478,557,0.008300
11,KACTL,557,0.077386
11,393435,558,0.010731
11,ours-406478,558,0.008347
11,KACTL,558,0.077467
11,simd-v0,558,0.017493
11,ours-406478,559,0.008354
11,KACTL,559,0.084418
11,simd-v0,559,0.017530
11,393435,559,0.010695
11,KACTL,560,0.077494
11,simd-v0,560,0.017415
11,393435,560,0.010702
11,ours-406478,560,0.008347
11,simd-v0,561,0.017443
11,393435,561,0.011843
11,ours-406478,561,0.008572
11,KACTL,561,0.074971
11,393435,562,0.010904
11,ours-406478,562,0.008603
11,KACTL,562,0.074931
11,simd-v0,562,0.016985
11,ours-406478,563,0.008570
11,KACTL,563,0.074909
11,simd-v0,563,0.017084
11,393435,563,0.010580
11,KACTL,564,0.074702
11,simd-v0,564,0.017063
11,393435,564,0.010561
11,ours-406478,564,0.008594
11,simd-v0,565,0.016922
11,393435,565,0.010566
11,ours-406478,565,0.008615
11,KACTL,565,0.075429
11,393435,566,0.010962
11,ours-406478,566,0.008571
11,KACTL,566,0.074770
11,simd-v0,566,0.017067
11,ours-406478,567,0.008528
11,KACTL,567,0.080794
11,simd-v0,567,0.017075
11,393435,567,0.010603
11,KACTL,568,0.075419
11,simd-v0,568,0.017055
11,393435,568,0.010602
11,ours-406478,568,0.008551
11,simd-v0,569,0.016894
11,393435,569,0.010559
11,ours-406478,569,0.008518
11,KACTL,569,0.074840
11,393435,570,0.010952
11,ours-406478,570,0.008590
11,KACTL,570,0.074938
11,simd-v0,570,0.017111
11,ours-406478,571,0.008573
11,KACTL,571,0.074989
11,simd-v0,571,0.017043
11,393435,571,0.010604
11,KACTL,572,0.074856
11,simd-v0,572,0.017062
11,393435,572,0.010565
11,ours-406478,572,0.008584
11,simd-v0,573,0.016916
11,393435,573,0.010564
11,ours-406478,573,0.008591
11,KACTL,573,0.075438
11,393435,574,0.010930
11,ours-406478,574,0.008560
11,KACTL,574,0.074833
11,simd-v0,574,0.017088
11,ours-406478,575,0.008546
11,KACTL,575,0.074948
11,simd-v0,575,0.017105
11,393435,575,0.010600
11,KACTL,576,0.081366
11,simd-v0,576,0.017092
11,393435,576,0.010577
11,ours-406478,576,0.008593
11,simd-v0,577,0.016895
11,393435,577,0.010540
11,ours-406478,577,0.008630
11,KACTL,577,0.074879
11,393435,578,0.010937
11,ours-406478,578,0.008590
11,KACTL,578,0.074870
11,simd-v0,578,0.017044
11,ours-406478,579,0.008557
11,KACTL,579,0.075480
11,simd-v0,579,0.017160
11,393435,579,0.010566
11,KACTL,580,0.074759
11,simd-v0,580,0.017044
11,393435,580,0.010582
11,ours-406478,580,0.008563
11,simd-v0,581,0.016952
11,393435,581,0.010609
11,ours-406478,581,0.008562
11,KACTL,581,0.074875
11,393435,582,0.010927
11,ours-406478,582,0.008568
11,KACTL,582,0.074924
11,simd-v0,582,0.017069
11,ours-406478,583,0.008541
11,KACTL,583,0.074857
11,simd-v0,583,0.017079
11,393435,583,0.010586
11,KACTL,584,0.075406
11,simd-v0,584,0.017098
11,393435,584,0.010584
11,ours-406478,584,0.008518
11,simd-v0,585,0.023375
11,393435,585,0.010617
11,ours-406478,585,0.008607
11,KACTL,585,0.074945
11,393435,586,0.010979
11,ours-406478,586,0.008557
11,KACTL,586,0.074874
11,simd-v0,586,0.017063
11,ours-406478,587,0.008546
11,KACTL,587,0.074936
11,simd-v0,587,0.017107
11,393435,587,0.010595
11,KACTL,588,0.074970
11,simd-v0,588,0.017031
11,393435,588,0.010589
11,ours-406478,588,0.008577
11,simd-v0,589,0.016917
11,393435,589,0.010591
11,ours-406478,589,0.008578
11,KACTL,589,0.075465
11,393435,590,0.010949
11,ours-406478,590,0.008584
11,KACTL,590,0.074823
11,simd-v0,590,0.017030
11,ours-406478,591,0.008560
11,KACTL,591,0.074873
11,simd-v0,591,0.017080
11,393435,591,0.010573
11,KACTL,592,0.074736
11,simd-v0,592,0.017110
11,393435,592,0.010580
11,ours-406478,592,0.008576
11,simd-v0,593,0.016936
11,393435,593,0.010577
11,ours-406478,593,0.008556
11,KACTL,593,0.081488
11,393435,594,0.010966
11,ours-406478,594,0.008617
11,KACTL,594,0.074919
11,simd-v0,594,0.017137
11,ours-406478,595,0.008558
11,KACTL,595,0.074850
11,simd-v0,595,0.017043
11,393435,595,0.010593
11,KACTL,596,0.074784
11,simd-v0,596,0.017041
11,393435,596,0.010871
11,ours-406478,596,0.008689
11,simd-v0,597,0.016905
11,393435,597,0.010605
11,ours-406478,597,0.008564
11,KACTL,597,0.075003
11,393435,598,0.010920
11,ours-406478,598,0.008568
11,KACTL,598,0.074805
11,simd-v0,598,0.017051
11,ours-406478,599,0.008576
11,KACTL,599,0.074951
11,simd-v0,599,0.017083
11,393435,599,0.010597
11,KACTL,600,0.074855
11,simd-v0,600,0.017076
11,393435,600,0.010551
11,ours-406478,600,0.009669
11,simd-v0,601,0.016349
11,393435,601,0.010237
11,ours-406478,601,0.008323
11,KACTL,601,0.072523
11,393435,602,0.010572
11,ours-406478,602,0.008314
11,KACTL,602,0.078557
11,simd-v0,602,0.016519
11,ours-406478,603,0.008294
11,KACTL,603,0.072496
11,simd-v0,603,0.016533
11,393435,603,0.010238
11,KACTL,604,0.072980
11,simd-v0,604,0.016526
11,393435,604,0.010266
11,ours-406478,604,0.008347
11,simd-v0,605,0.016310
11,393435,605,0.010264
11,ours-406478,605,0.008268
11,KACTL,605,0.072516
11,393435,606,0.010571
11,ours-406478,606,0.008293
11,KACTL,606,0.072530
11,simd-v0,606,0.016532
11,ours-406478,607,0.008288
11,KACTL,607,0.072435
11,simd-v0,607,0.016505
11,393435,607,0.010239
11,KACTL,608,0.072469
11,simd-v0,608,0.016507
11,393435,608,0.010224
11,ours-406478,608,0.008266
11,simd-v0,609,0.016331
11,393435,609,0.010258
11,ours-406478,609,0.008327
11,KACTL,609,0.072527
11,393435,610,0.010595
11,ours-406478,610,0.008282
11,KACTL,610,0.072914
11,simd-v0,610,0.016550
11,ours-406478,611,0.008288
11,KACTL,611,0.078787
11,simd-v0,611,0.020373
11,393435,611,0.010221
11,KACTL,612,0.074019
11,simd-v0,612,0.016970
11,393435,612,0.010342
11,ours-406478,612,0.008093
11,simd-v0,613,0.016864
11,393435,613,0.010334
11,ours-406478,613,0.008069
11,KACTL,613,0.075030
11,393435,614,0.010696
11,ours-406478,614,0.008090
11,KACTL,614,0.076769
11,simd-v0,614,0.018154
11,ours-406478,615,0.008062
11,KACTL,615,0.076929
11,simd-v0,615,0.018193
11,393435,615,0.010336
11,KACTL,616,0.073549
11,simd-v0,616,0.016495
11,393435,616,0.010019
11,ours-406478,616,0.007781
11,simd-v0,617,0.016281
11,393435,617,0.009983
11,ours-406478,617,0.007780
11,KACTL,617,0.072834
11,393435,618,0.010345
11,ours-406478,618,0.007776
11,KACTL,618,0.072980
11,simd-v0,618,0.016392
11,ours-406478,619,0.007807
11,KACTL,619,0.072532
11,simd-v0,619,0.016452
11,393435,619,0.009998
11,KACTL,620,0.078670
11,simd-v0,620,0.016519
11,393435,620,0.009996
11,ours-406478,620,0.007815
11,simd-v0,621,0.016303
11,393435,621,0.009991
11,ours-406478,621,0.007822
11,KACTL,621,0.072435
11,393435,622,0.010375
11,ours-406478,622,0.007787
11,KACTL,622,0.072767
11,simd-v0,622,0.016459
11,ours-406478,623,0.007801
11,KACTL,623,0.072345
11,simd-v0,623,0.016468
11,393435,623,0.009996
11,KACTL,624,0.072442
11,simd-v0,624,0.016499
11,393435,624,0.009981
11,ours-406478,624,0.007788
11,simd-v0,625,0.016334
11,393435,625,0.009979
11,ours-406478,625,0.007772
11,KACTL,625,0.072416
11,393435,626,0.010341
11,ours-406478,626,0.007806
11,KACTL,626,0.072424
11,simd-v0,626,0.016420
11,ours-406478,627,0.007826
11,KACTL,627,0.072553
11,simd-v0,627,0.016408
11,393435,627,0.010017
11,KACTL,628,0.072361
11,simd-v0,628,0.016456
11,393435,628,0.009981
11,ours-406478,628,0.007790
11,simd-v0,629,0.038955
11,393435,629,0.010045
11,ours-406478,629,0.007830
11,KACTL,629,0.072513
11,393435,630,0.010355
11,ours-406478,630,0.007803
11,KACTL,630,0.072423
11,simd-v0,630,0.016424
11,ours-406478,631,0.007798
11,KACTL,631,0.072503
11,simd-v0,631,0.016460
11,393435,631,0.010001
11,KACTL,632,0.072439
11,simd-v0,632,0.016504
11,393435,632,0.009987
11,ours-406478,632,0.007818
11,simd-v0,633,0.016272
11,393435,633,0.009983
11,ours-406478,633,0.007782
11,KACTL,633,0.072470
11,393435,634,0.010335
11,ours-406478,634,0.007795
11,KACTL,634,0.072444
11,simd-v0,634,0.016478
11,ours-406478,635,0.007801
11,KACTL,635,0.072536
11,simd-v0,635,0.016461
11,393435,635,0.010011
11,KACTL,636,0.072906
11,simd-v0,636,0.016430
11,393435,636,0.009981
11,ours-406478,636,0.007775
11,simd-v0,637,0.016294
11,393435,637,0.010018
11,ours-406478,637,0.008056
11,KACTL,637,0.084038
11,393435,638,0.010733
11,ours-406478,638,0.008346
11,KACTL,638,0.077425
11,simd-v0,638,0.017472
11,ours-406478,639,0.008311
11,KACTL,639,0.079729
11,simd-v0,639,0.017580
11,393435,639,0.010710
11,KACTL,640,0.077539
11,simd-v0,640,0.017591
11,393435,640,0.010707
11,ours-406478,640,0.008365
11,simd-v0,641,0.017403
11,393435,641,0.010693
11,ours-406478,641,0.008279
11,KACTL,641,0.078017
11,393435,642,0.011025
11,ours-406478,642,0.008321
11,KACTL,642,0.078104
11,simd-v0,642,0.017563
11,ours-406478,643,0.008336
11,KACTL,643,0.077570
11,simd-v0,643,0.017595
11,393435,643,0.010689
11,KACTL,644,0.077393
11,simd-v0,644,0.017595
11,393435,644,0.010709
11,ours-406478,644,0.008332
11,simd-v0,645,0.017374
11,393435,645,0.010724
11,ours-406478,645,0.008350
11,KACTL,645,0.077512
11,393435,646,0.011164
11,ours-406478,646,0.008342
11,KACTL,646,0.083939
11,simd-v0,646,0.017587
11,ours-406478,647,0.008324
11,KACTL,647,0.077486
11,simd-v0,647,0.017546
11,393435,647,0.010664
11,KACTL,648,0.076343
11,simd-v0,648,0.017047
11,393435,648,0.010496
11,ours-406478,648,0.008613
11,simd-v0,649,0.016883
11,393435,649,0.010595
11,ours-406478,649,0.008608
11,KACTL,649,0.074814
11,393435,650,0.010913
11,ours-406478,650,0.008594
11,KACTL,650,0.074912
11,simd-v0,650,0.017056
11,ours-406478,651,0.008543
11,KACTL,651,0.075051
11,simd-v0,651,0.017080
11,393435,651,0.010607
11,KACTL,652,0.074777
11,simd-v0,652,0.017006
11,393435,652,0.010531
11,ours-406478,652,0.008611
11,simd-v0,653,0.016896
11,393435,653,0.010589
11,ours-406478,653,0.008528
11,KACTL,653,0.074896
11,393435,654,0.018554
11,ours-406478,654,0.008363
11,KACTL,654,0.072423
11,simd-v0,654,0.023175
11,ours-406478,655,0.008305
11,KACTL,655,0.072783
11,simd-v0,655,0.016518
11,393435,655,0.010209
11,KACTL,656,0.072517
11,simd-v0,656,0.016539
11,393435,656,0.010261
11,ours-406478,656,0.008264
11,simd-v0,657,0.016384
11,393435,657,0.010281
11,ours-406478,657,0.008269
11,KACTL,657,0.072494
11,393435,658,0.010647
11,ours-406478,658,0.008312
11,KACTL,658,0.073127
11,simd-v0,658,0.016515
11,ours-406478,659,0.008266
11,KACTL,659,0.074349
11,simd-v0,659,0.016958
11,393435,659,0.010318
11,KACTL,660,0.075262
11,simd-v0,660,0.016984
11,393435,660,0.010362
11,ours-406478,660,0.007916
11,simd-v0,661,0.016821
11,393435,661,0.010332
11,ours-406478,661,0.008063
11,KACTL,661,0.074901
11,393435,662,0.010708
11,ours-406478,662,0.008051
11,KACTL,662,0.074913
11,simd-v0,662,0.017002
11,ours-406478,663,0.008010
11,KACTL,663,0.081279
11,simd-v0,663,0.017005
11,393435,663,0.010326
11,KACTL,664,0.075488
11,simd-v0,664,0.017016
11,393435,664,0.010318
11,ours-406478,664,0.008082
11,simd-v0,665,0.016814
11,393435,665,0.010379
11,ours-406478,665,0.008026
11,KACTL,665,0.074798
11,393435,666,0.010725
11,ours-406478,666,0.008059
11,KACTL,666,0.074354
11,simd-v0,666,0.016481
11,ours-406478,667,0.007789
11,KACTL,667,0.072392
11,simd-v0,667,0.016430
11,393435,667,0.009972
11,KACTL,668,0.072359
11,simd-v0,668,0.016457
11,393435,668,0.009955
11,ours-406478,668,0.007859
11,simd-v0,669,0.016243
11,393435,669,0.009984
11,ours-406478,669,0.007698
11,KACTL,669,0.072495
11,393435,670,0.010363
11,ours-406478,670,0.007771
11,KACTL,670,0.072447
11,simd-v0,670,0.016413
11,ours-406478,671,0.007775
11,KACTL,671,0.072459
11,simd-v0,671,0.016429
11,393435,671,0.009986
11,KACTL,672,0.078650
11,simd-v0,672,0.016456
11,393435,672,0.010007
11,ours-406478,672,0.007786
11,simd-v0,673,0.016254
11,393435,673,0.009996
11,ours-406478,673,0.007837
11,KACTL,673,0.072647
11,393435,674,0.010358
11,ours-406478,674,0.007770
11,KACTL,674,0.072382
11,simd-v0,674,0.016479
11,ours-406478,675,0.007798
11,KACTL,675,0.072541
11,simd-v0,675,0.016468
11,393435,675,0.009971
11,KACTL,676,0.072449
11,simd-v0,676,0.016422
11,393435,676,0.009942
11,ours-406478,676,0.007838
11,simd-v0,677,0.016324
11,393435,677,0.009986
11,ours-406478,677,0.007829
11,KACTL,677,0.073135
11,393435,678,0.010306
11,ours-406478,678,0.007824
11,KACTL,678,0.072555
11,simd-v0,678,0.016470
11,ours-406478,679,0.007792
11,KACTL,679,0.072610
11,simd-v0,679,0.016415
11,393435,679,0.009998
11,KACTL,680,0.072442
11,simd-v0,680,0.016469
11,393435,680,0.009971
11,ours-406478,680,0.007816
11,simd-v0,681,0.016297
11,393435,681,0.009957
11,ours-406478,681,0.007732
11,KACTL,681,0.078853
11,393435,682,0.010423
11,ours-406478,682,0.007806
11,KACTL,682,0.072437
11,simd-v0,682,0.016437
11,ours-406478,683,0.007799
11,KACTL,683,0.072501
11,simd-v0,683,0.016456
11,393435,683,0.009985
11,KACTL,684,0.072358
11,simd-v0,684,0.016450
11,393435,684,0.009963
11,ours-406478,684,0.007641
11,simd-v0,685,0.016298
11,393435,685,0.010005
11,ours-406478,685,0.007830
11,KACTL,685,0.072414
11,393435,686,0.010321
11,ours-406478,686,0.007836
11,KACTL,686,0.072917
11,simd-v0,686,0.016377
11,ours-406478,687,0.007834
11,KACTL,687,0.072559
11,simd-v0,687,0.016413
11,393435,687,0.009997
11,KACTL,688,0.072375
11,simd-v0,688,0.016414
11,393435,688,0.010003
11,ours-406478,688,0.007763
11,simd-v0,689,0.016298
11,393435,689,0.009988
11,ours-406478,689,0.007804
11,KACTL,689,0.072589
11,393435,690,0.010344
11,ours-406478,690,0.007813
11,KACTL,690,0.078591
11,simd-v0,690,0.016446
11,ours-406478,691,0.007853
11,KACTL,691,0.072424
11,simd-v0,691,0.016418
11,393435,691,0.010038
11,KACTL,692,0.072677
11,simd-v0,692,0.016500
11,393435,692,0.009935
11,ours-406478,692,0.007800
11,simd-v0,693,0.016254
11,393435,693,0.010009
11,ours-406478,693,0.007801
11,KACTL,693,0.073129
11,393435,694,0.010327
11,ours-406478,694,0.007839
11,KACTL,694,0.072515
11,simd-v0,694,0.016403
11,ours-406478,695,0.007812
11,KACTL,695,0.072579
11,simd-v0,695,0.016446
11,393435,695,0.009978
11,KACTL,696,0.072511
11,simd-v0,696,0.016458
11,393435,696,0.010022
11,ours-406478,696,0.007776
11,simd-v0,697,0.016428
11,393435,697,0.009950
11,ours-406478,697,0.007794
11,KACTL,697,0.072597
11,393435,698,0.010330
11,ours-406478,698,0.007762
11,KACTL,698,0.072450
11,simd-v0,698,0.016454
11,ours-406478,699,0.007810
11,KACTL,699,0.078468
11,simd-v0,699,0.016494
11,393435,699,0.010007
11,KACTL,700,0.072428
11,simd-v0,700,0.016421
11,393435,700,0.009976
11,ours-406478,700,0.007808
11,simd-v0,701,0.016319
11,393435,701,0.009956
11,ours-406478,701,0.007788
11,KACTL,701,0.072507
11,393435,702,0.010319
11,ours-406478,702,0.007760
11,KACTL,702,0.072581
11,simd-v0,702,0.016433
11,ours-406478,703,0.007815
11,KACTL,703,0.072389
11,simd-v0,703,0.016457
11,393435,703,0.009989
11,KACTL,704,0.072708
11,simd-v0,704,0.016451
11,393435,704,0.010001
11,ours-406478,704,0.007779
11,simd-v0,705,0.016286
11,393435,705,0.010003
11,ours-406478,705,0.007818
11,KACTL,705,0.072538
11,393435,706,0.010340
11,ours-406478,706,0.007663
11,KACTL,706,0.072979
11,simd-v0,706,0.016447
11,ours-406478,707,0.007777
11,KACTL,707,0.072969
11,simd-v0,707,0.016490
11,393435,707,0.010018
11,KACTL,708,0.073255
11,simd-v0,708,0.023727
11,393435,708,0.010337
11,ours-406478,708,0.008081
11,simd-v0,709,0.016878
11,393435,709,0.010652
11,ours-406478,709,0.008361
11,KACTL,709,0.077607
11,393435,710,0.011046
11,ours-406478,710,0.008360
11,KACTL,710,0.078157
11,simd-v0,710,0.017585
11,ours-406478,711,0.008312
11,KACTL,711,0.078090
11,simd-v0,711,0.017612
11,393435,711,0.010632
11,KACTL,712,0.077577
11,simd-v0,712,0.017590
11,393435,712,0.010700
11,ours-406478,712,0.008296
11,simd-v0,713,0.017409
11,393435,713,0.010679
11,ours-406478,713,0.008331
11,KACTL,713,0.077483
11,393435,714,0.011038
11,ours-406478,714,0.008365
11,KACTL,714,0.077539
11,simd-v0,714,0.017625
11,ours-406478,715,0.008332
11,KACTL,715,0.077507
11,simd-v0,715,0.017572
11,393435,715,0.010647
11,KACTL,716,0.077513
11,simd-v0,716,0.017586
11,393435,716,0.010691
11,ours-406478,716,0.008329
11,simd-v0,717,0.024508
11,393435,717,0.010725
11,ours-406478,717,0.008343
11,KACTL,717,0.077512
11,393435,718,0.011073
11,ours-406478,718,0.008166
11,KACTL,718,0.077412
11,simd-v0,718,0.017559
11,ours-406478,719,0.008340
11,KACTL,719,0.077534
11,simd-v0,719,0.017666
11,393435,719,0.010672
11,KACTL,720,0.077449
11,simd-v0,720,0.017575
11,393435,720,0.010678
11,ours-406478,720,0.008327
11,simd-v0,721,0.017392
11,393435,721,0.010644
11,ours-406478,721,0.008306
11,KACTL,721,0.077435
11,393435,722,0.011051
11,ours-406478,722,0.008365
11,KACTL,722,0.077479
11,simd-v0,722,0.017570
11,ours-406478,723,0.008341
11,KACTL,723,0.077453
11,simd-v0,723,0.017596
11,393435,723,0.010680
11,KACTL,724,0.077495
11,simd-v0,724,0.017597
11,393435,724,0.010688
11,ours-406478,724,0.008353
11,simd-v0,725,0.017446
11,393435,725,0.010688
11,ours-406478,725,0.008349
11,KACTL,725,0.084260
11,393435,726,0.011075
11,ours-406478,726,0.008324
11,KACTL,726,0.077488
11,simd-v0,726,0.020499
11,ours-406478,727,0.008584
11,KACTL,727,0.078217
11,simd-v0,727,0.017590
11,393435,727,0.010654
11,KACTL,728,0.077804
11,simd-v0,728,0.017558
11,393435,728,0.010703
11,ours-406478,728,0.008336
11,simd-v0,729,0.017420
11,393435,729,0.010673
11,ours-406478,729,0.008299
11,KACTL,729,0.077404
11,393435,730,0.011062
11,ours-406478,730,0.008269
11,KACTL,730,0.077329
11,simd-v0,730,0.018552
11,ours-406478,731,0.008575
11,KACTL,731,0.074773
11,simd-v0,731,0.017114
11,393435,731,0.010536
11,KACTL,732,0.076670
11,simd-v0,732,0.017519
11,393435,732,0.010640
11,ours-406478,732,0.008337
11,simd-v0,733,0.017445
11,393435,733,0.010732
11,ours-406478,733,0.008341
11,KACTL,733,0.077334
11,393435,734,0.018051
11,ours-406478,734,0.008339
11,KACTL,734,0.076627
11,simd-v0,734,0.016485
11,ours-406478,735,0.007789
11,KACTL,735,0.072521
11,simd-v0,735,0.016419
11,393435,735,0.009966
11,KACTL,736,0.072423
11,simd-v0,736,0.016438
11,393435,736,0.009979
11,ours-406478,736,0.007802
11,simd-v0,737,0.016298
11,393435,737,0.009999
11,ours-406478,737,0.007808
11,KACTL,737,0.072487
11,393435,738,0.010330
11,ours-406478,738,0.007811
11,KACTL,738,0.072918
11,simd-v0,738,0.016405
11,ours-406478,739,0.007788
11,KACTL,739,0.072564
11,simd-v0,739,0.016430
11,393435,739,0.009992
11,KACTL,740,0.072367
11,simd-v0,740,0.016482
11,393435,740,0.009978
11,ours-406478,740,0.007740
11,simd-v0,741,0.016289
11,393435,741,0.009945
11,ours-406478,741,0.007781
11,KACTL,741,0.072505
11,393435,742,0.010363
11,ours-406478,742,0.007643
11,KACTL,742,0.072398
11,simd-v0,742,0.022868
11,ours-406478,743,0.007805
11,KACTL,743,0.072523
11,simd-v0,743,0.016464
11,393435,743,0.010004
11,KACTL,744,0.072551
11,simd-v0,744,0.016489
11,393435,744,0.009971
11,ours-406478,744,0.007804
11,simd-v0,745,0.016328
11,393435,745,0.009973
11,ours-406478,745,0.007797
11,KACTL,745,0.073072
11,393435,746,0.010317
11,ours-406478,746,0.007820
11,KACTL,746,0.072359
11,simd-v0,746,0.016455
11,ours-406478,747,0.007810
11,KACTL,747,0.072581
11,simd-v0,747,0.016508
11,393435,747,0.009973
11,KACTL,748,0.072539
11,simd-v0,748,0.016455
11,393435,748,0.010001
11,ours-406478,748,0.007783
11,simd-v0,749,0.016377
11,393435,749,0.009972
11,ours-406478,749,0.007762
11,KACTL,749,0.072416
11,393435,750,0.010362
11,ours-406478,750,0.007815
11,KACTL,750,0.072452
11,simd-v0,750,0.016412
11,ours-406478,751,0.007791
11,KACTL,751,0.072483
11,simd-v0,751,0.016432
11,393435,751,0.009984
11,KACTL,752,0.073064
11,simd-v0,752,0.016427
11,393435,752,0.009971
11,ours-406478,752,0.007798
11,simd-v0,753,0.016307
11,393435,753,0.009947
11,ours-406478,753,0.007815
11,KACTL,753,0.072509
11,393435,754,0.010311
11,ours-406478,754,0.007821
11,KACTL,754,0.072799
11,simd-v0,754,0.016437
11,ours-406478,755,0.007830
11,KACTL,755,0.072530
11,simd-v0,755,0.016447
11,393435,755,0.009977
11,KACTL,756,0.072423
11,simd-v0,756,0.016457
11,393435,756,0.009971
11,ours-406478,756,0.007813
11,simd-v0,757,0.016294
11,393435,757,0.009983
11,ours-406478,757,0.007777
11,KACTL,757,0.072395
11,393435,758,0.010371
11,ours-406478,758,0.007812
11,KACTL,758,0.072461
11,simd-v0,758,0.016453
11,ours-406478,759,0.007781
11,KACTL,759,0.072620
11,simd-v0,759,0.016412
11,393435,759,0.010023
11,KACTL,760,0.072948
11,simd-v0,760,0.016429
11,393435,760,0.010015
11,ours-406478,760,0.007823
11,simd-v0,761,0.022422
11,393435,761,0.010023
11,ours-406478,761,0.007805
11,KACTL,761,0.072540
11,393435,762,0.010348
11,ours-406478,762,0.007758
11,KACTL,762,0.072375
11,simd-v0,762,0.016433
11,ours-406478,763,0.007746
11,KACTL,763,0.072572
11,simd-v0,763,0.016425
11,393435,763,0.009980
11,KACTL,764,0.072487
11,simd-v0,764,0.016401
11,393435,764,0.010004
11,ours-406478,764,0.007794
11,simd-v0,765,0.016242
11,393435,765,0.009993
11,ours-406478,765,0.007790
11,KACTL,765,0.072419
11,393435,766,0.010335
11,ours-406478,766,0.007794
11,KACTL,766,0.072949
11,simd-v0,766,0.016447
11,ours-406478,767,0.007770
11,KACTL,767,0.072567
11,simd-v0,767,0.016392
11,393435,767,0.010004
11,KACTL,768,0.072384
11,simd-v0,768,0.016440
11,393435,768,0.009995
11,ours-406478,768,0.007825
11,simd-v0,769,0.016332
11,393435,769,0.010011
11,ours-406478,769,0.007785
11,KACTL,769,0.072482
11,393435,770,0.016993
11,ours-406478,770,0.007757
11,KACTL,770,0.072559
11,simd-v0,770,0.016488
11,ours-406478,771,0.007797
11,KACTL,771,0.072674
11,simd-v0,771,0.016443
11,393435,771,0.010007
11,KACTL,772,0.072420
11,simd-v0,772,0.016426
11,393435,772,0.010008
11,ours-406478,772,0.007806
11,simd-v0,773,0.016250
11,393435,773,0.010005
11,ours-406478,773,0.007811
11,KACTL,773,0.072571
11,393435,774,0.010348
11,ours-406478,774,0.007789
11,KACTL,774,0.072446
11,simd-v0,774,0.016481
11,ours-406478,775,0.007782
11,KACTL,775,0.075229
11,simd-v0,775,0.019925
11,393435,775,0.010679
11,KACTL,776,0.077494
11,simd-v0,776,0.017495
11,393435,776,0.010641
11,ours-406478,776,0.008313
11,simd-v0,777,0.017433
11,393435,777,0.010648
11,ours-406478,777,0.008348
11,KACTL,777,0.077574
11,393435,778,0.011053
11,ours-406478,778,0.008340
11,KACTL,778,0.083889
11,simd-v0,778,0.017625
11,ours-406478,779,0.008331
11,KACTL,779,0.077643
11,simd-v0,779,0.017548
11,393435,779,0.010680
11,KACTL,780,0.077395
11,simd-v0,780,0.017555
11,393435,780,0.010659
11,ours-406478,780,0.008301
11,simd-v0,781,0.017419
11,393435,781,0.010657
11,ours-406478,781,0.008721
11,KACTL,781,0.078161
11,393435,782,0.011080
11,ours-406478,782,0.008366
11,KACTL,782,0.077341
11,simd-v0,782,0.017487
11,ours-406478,783,0.008264
11,KACTL,783,0.078340
11,simd-v0,783,0.017416
11,393435,783,0.010648
11,KACTL,784,0.077436
11,simd-v0,784,0.017485
11,393435,784,0.010643
11,ours-406478,784,0.008331
11,simd-v0,785,0.017430
11,393435,785,0.010694
11,ours-406478,785,0.008331
11,KACTL,785,0.077596
11,393435,786,0.010721
11,ours-406478,786,0.008345
11,KACTL,786,0.077776
11,simd-v0,786,0.017426
11,ours-406478,787,0.008331
11,KACTL,787,0.084822
11,simd-v0,787,0.017460
11,393435,787,0.010701
11,KACTL,788,0.077389
11,simd-v0,788,0.017545
11,393435,788,0.010645
11,ours-406478,788,0.008336
11,simd-v0,789,0.017416
11,393435,789,0.010672
11,ours-406478,789,0.008327
11,KACTL,789,0.077541
11,393435,790,0.011026
11,ours-406478,790,0.008324
11,KACTL,790,0.077452
11,simd-v0,790,0.017550
11,ours-406478,791,0.008317
11,KACTL,791,0.077654
11,simd-v0,791,0.017613
11,393435,791,0.010673
11,KACTL,792,0.077267
11,simd-v0,792,0.017542
11,393435,792,0.010703
11,ours-406478,792,0.008337
11,simd-v0,793,0.017450
11,393435,793,0.010663
11,ours-406478,793,0.008320
11,KACTL,793,0.077468
11,393435,794,0.011029
11,ours-406478,794,0.008363
11,KACTL,794,0.077488
11,simd-v0,794,0.017496
11,ours-406478,795,0.008329
11,KACTL,795,0.085322
11,simd-v0,795,0.017496
11,393435,795,0.010673
11,KACTL,796,0.077379
11,simd-v0,796,0.017462
11,393435,796,0.010700
11,ours-406478,796,0.008321
11,simd-v0,797,0.017535
11,393435,797,0.010679
11,ours-406478,797,0.008332
11,KACTL,797,0.077427
11,393435,798,0.010680
11,ours-406478,798,0.008366
11,KACTL,798,0.077358
11,simd-v0,798,0.017431
11,ours-406478,799,0.008300
11,KACTL,799,0.078062
11,simd-v0,799,0.017452
11,393435,799,0.010671
11,KACTL,800,0.074528
11,simd-v0,800,0.016418
11,393435,800,0.009986
11,ours-406478,800,0.007814
11,simd-v0,801,0.016252
11,393435,801,0.010000
11,ours-406478,801,0.007791
11,KACTL,801,0.072365
11,393435,802,0.010318
11,ours-406478,802,0.007815
11,KACTL,802,0.073011
11,simd-v0,802,0.016426
11,ours-406478,803,0.007799
11,KACTL,803,0.072475
11,simd-v0,803,0.016408
11,393435,803,0.009986
11,KACTL,804,0.079402
11,simd-v0,804,0.016429
11,393435,804,0.010014
11,ours-406478,804,0.007771
11,simd-v0,805,0.016293
11,393435,805,0.009992
11,ours-406478,805,0.007796
11,KACTL,805,0.072559
11,393435,806,0.010356
11,ours-406478,806,0.007829
11,KACTL,806,0.072616
11,simd-v0,806,0.016434
11,ours-406478,807,0.007789
11,KACTL,807,0.072681
11,simd-v0,807,0.016434
11,393435,807,0.010000
11,KACTL,808,0.073106
11,simd-v0,808,0.016439
11,393435,808,0.009980
11,ours-406478,808,0.007780
11,simd-v0,809,0.016234
11,393435,809,0.009989
11,ours-406478,809,0.007856
11,KACTL,809,0.072865
11,393435,810,0.010347
11,ours-406478,810,0.007707
11,KACTL,810,0.072456
11,simd-v0,810,0.016449
11,ours-406478,811,0.007748
11,KACTL,811,0.072547
11,simd-v0,811,0.016458
11,393435,811,0.009975
11,KACTL,812,0.072495
11,simd-v0,812,0.016459
11,393435,812,0.009963
11,ours-406478,812,0.007803
11,simd-v0,813,0.016254
11,393435,813,0.009985
11,ours-406478,813,0.007809
11,KACTL,813,0.079303
11,393435,814,0.010399
11,ours-406478,814,0.007806
11,KACTL,814,0.074616
11,simd-v0,814,0.016459
11,ours-406478,815,0.007802
11,KACTL,815,0.072584
11,simd-v0,815,0.016458
11,393435,815,0.009988
11,KACTL,816,0.072799
11,simd-v0,816,0.016415
11,393435,816,0.010004
11,ours-406478,816,0.007850
11,simd-v0,817,0.016256
11,393435,817,0.010002
11,ours-406478,817,0.007789
11,KACTL,817,0.072441
11,393435,818,0.010351
11,ours-406478,818,0.007794
11,KACTL,818,0.073911
11,simd-v0,818,0.016428
11,ours-406478,819,0.007744
11,KACTL,819,0.073004
11,simd-v0,819,0.016453
11,393435,819,0.009992
11,KACTL,820,0.072692
11,simd-v0,820,0.016456
11,393435,820,0.010012
11,ours-406478,820,0.007838
11,simd-v0,821,0.016285
11,393435,821,0.010013
11,ours-406478,821,0.007787
11,KACTL,821,0.072950
11,393435,822,0.010351
11,ours-406478,822,0.007775
11,KACTL,822,0.098381
11,simd-v0,822,0.016448
11,ours-406478,823,0.007846
11,KACTL,823,0.073032
11,simd-v0,823,0.016472
11,393435,823,0.010387
11,KACTL,824,0.072650
11,simd-v0,824,0.016446
11,393435,824,0.009977
11,ours-406478,824,0.007820
11,simd-v0,825,0.016268
11,393435,825,0.009991
11,ours-406478,825,0.007783
11,KACTL,825,0.072415
11,393435,826,0.010373
11,ours-406478,826,0.007825
11,KACTL,826,0.072908
11,simd-v0,826,0.016445
11,ours-406478,827,0.007803
11,KACTL,827,0.072449
11,simd-v0,827,0.016449
11,393435,827,0.010024
11,KACTL,828,0.072454
11,simd-v0,828,0.016452
11,393435,828,0.009998
11,ours-406478,828,0.007808
11,simd-v0,829,0.016323
11,393435,829,0.010037
11,ours-406478,829,0.007832
11,KACTL,829,0.072463
11,393435,830,0.010344
11,ours-406478,830,0.007777
11,KACTL,830,0.072524
11,simd-v0,830,0.016406
11,ours-406478,831,0.007769
11,KACTL,831,0.078984
11,simd-v0,831,0.016475
11,393435,831,0.010031
11,KACTL,832,0.072493
11,simd-v0,832,0.016450
11,393435,832,0.010020
11,ours-406478,832,0.007834
11,simd-v0,833,0.016297
11,393435,833,0.010034
11,ours-406478,833,0.007849
11,KACTL,833,0.072718
11,393435,834,0.010340
11,ours-406478,834,0.007836
11,KACTL,834,0.073026
11,simd-v0,834,0.016436
11,ours-406478,835,0.007804
11,KACTL,835,0.072509
11,simd-v0,835,0.016449
11,393435,835,0.010005
11,KACTL,836,0.072466
11,simd-v0,836,0.016463
11,393435,836,0.009999
11,ours-406478,836,0.007772
11,simd-v0,837,0.016302
11,393435,837,0.009985
11,ours-406478,837,0.007768
11,KACTL,837,0.072596
11,393435,838,0.010381
11,ours-406478,838,0.007795
11,KACTL,838,0.072468
11,simd-v0,838,0.016465
11,ours-406478,839,0.007742
11,KACTL,839,0.072444
11,simd-v0,839,0.016416
11,393435,839,0.010007
11,KACTL,840,0.078713
11,simd-v0,840,0.016477
11,393435,840,0.010015
11,ours-406478,840,0.007753
11,simd-v0,841,0.016346
11,393435,841,0.010018
11,ours-406478,841,0.007789
11,KACTL,841,0.072537
11,393435,842,0.010338
11,ours-406478,842,0.007784
11,KACTL,842,0.072381
11,simd-v0,842,0.016480
11,ours-406478,843,0.007799
11,KACTL,843,0.072544
11,simd-v0,843,0.016451
11,393435,843,0.010011
11,KACTL,844,0.072347
11,simd-v0,844,0.016474
11,393435,844,0.009997
11,ours-406478,844,0.007768
11,simd-v0,845,0.016299
11,393435,845,0.010025
11,ours-406478,845,0.007787
11,KACTL,845,0.074453
11,393435,846,0.010671
11,ours-406478,846,0.008071
11,KACTL,846,0.074842
11,simd-v0,846,0.016989
11,ours-406478,847,0.008084
11,KACTL,847,0.074849
11,simd-v0,847,0.016975
11,393435,847,0.010348
11,KACTL,848,0.074713
11,simd-v0,848,0.017003
11,393435,848,0.010346
11,ours-406478,848,0.008048
11,simd-v0,849,0.023698
11,393435,849,0.010423
11,ours-406478,849,0.008003
11,KACTL,849,0.074881
11,393435,850,0.010739
11,ours-406478,850,0.008059
11,KACTL,850,0.075357
11,simd-v0,850,0.017006
11,ours-406478,851,0.008061
11,KACTL,851,0.074870
11,simd-v0,851,0.017013
11,393435,851,0.010358
11,KACTL,852,0.074893
11,simd-v0,852,0.017010
11,393435,852,0.010379
11,ours-406478,852,0.008052
11,simd-v0,853,0.016875
11,393435,853,0.010298
11,ours-406478,853,0.008042
11,KACTL,853,0.075485
11,393435,854,0.010699
11,ours-406478,854,0.008034
11,KACTL,854,0.074844
11,simd-v0,854,0.016935
11,ours-406478,855,0.008063
11,KACTL,855,0.074981
11,simd-v0,855,0.016995
11,393435,855,0.010348
11,KACTL,856,0.074787
11,simd-v0,856,0.016996
11,393435,856,0.010350
11,ours-406478,856,0.008095
11,simd-v0,857,0.016825
11,393435,857,0.010320
11,ours-406478,857,0.008060
11,KACTL,857,0.081284
11,393435,858,0.010790
11,ours-406478,858,0.008060
11,KACTL,858,0.074814
11,simd-v0,858,0.017027
11,ours-406478,859,0.008006
11,KACTL,859,0.074960
11,simd-v0,859,0.016966
11,393435,859,0.010334
11,KACTL,860,0.074846
11,simd-v0,860,0.017027
11,393435,860,0.010374
11,ours-406478,860,0.008019
11,simd-v0,861,0.016790
11,393435,861,0.010337
11,ours-406478,861,0.008016
11,KACTL,861,0.075000
11,393435,862,0.010715
11,ours-406478,862,0.008048
11,KACTL,862,0.074939
11,simd-v0,862,0.016986
11,ours-406478,863,0.008071
11,KACTL,863,0.074879
11,simd-v0,863,0.016940
11,393435,863,0.010362
11,KACTL,864,0.074831
11,simd-v0,864,0.017033
11,393435,864,0.010407
11,ours-406478,864,0.007831
11,simd-v0,865,0.016864
11,393435,865,0.010318
11,ours-406478,865,0.008040
11,KACTL,865,0.074925
11,393435,866,0.010699
11,ours-406478,866,0.008068
11,KACTL,866,0.081355
11,simd-v0,866,0.017005
11,ours-406478,867,0.008069
11,KACTL,867,0.074972
11,simd-v0,867,0.016986
11,393435,867,0.010320
11,KACTL,868,0.074990
11,simd-v0,868,0.017010
11,393435,868,0.010378
11,ours-406478,868,0.008084
11,simd-v0,869,0.016789
11,393435,869,0.010357
11,ours-406478,869,0.008050
11,KACTL,869,0.074997
11,393435,870,0.010731
11,ours-406478,870,0.008027
11,KACTL,870,0.075382
11,simd-v0,870,0.016968
11,ours-406478,871,0.008040
11,KACTL,871,0.074767
11,simd-v0,871,0.016974
11,393435,871,0.010373
11,KACTL,872,0.074778
11,simd-v0,872,0.017016
11,393435,872,0.010335
11,ours-406478,872,0.007998
11,simd-v0,873,0.016843
11,393435,873,0.010337
11,ours-406478,873,0.008059
11,KACTL,873,0.074950
11,393435,874,0.010703
11,ours-406478,874,0.008062
11,KACTL,874,0.075463
11,simd-v0,874,0.016973
11,ours-406478,875,0.008063
11,KACTL,875,0.080748
11,simd-v0,875,0.016543
11,393435,875,0.010243
11,KACTL,876,0.072409
11,simd-v0,876,0.016496
11,393435,876,0.010238
11,ours-406478,876,0.008295
11,simd-v0,877,0.016345
11,393435,877,0.010269
11,ours-406478,877,0.008295
11,KACTL,877,0.073076
11,393435,878,0.010597
11,ours-406478,878,0.008284
11,KACTL,878,0.072995
11,simd-v0,878,0.016534
11,ours-406478,879,0.008271
11,KACTL,879,0.072577
11,simd-v0,879,0.016539
11,393435,879,0.010246
11,KACTL,880,0.072939
11,simd-v0,880,0.016517
11,393435,880,0.010233
11,ours-406478,880,0.008263
11,simd-v0,881,0.016387
11,393435,881,0.010247
11,ours-406478,881,0.008290
11,KACTL,881,0.072511
11,393435,882,0.010586
11,ours-406478,882,0.008290
11,KACTL,882,0.073476
11,simd-v0,882,0.017106
11,ours-406478,883,0.008574
11,KACTL,883,0.074920
11,simd-v0,883,0.017067
11,393435,883,0.010559
11,KACTL,884,0.081357
11,simd-v0,884,0.019934
11,393435,884,0.010633
11,ours-406478,884,0.008556
11,simd-v0,885,0.016905
11,393435,885,0.010541
11,ours-406478,885,0.008566
11,KACTL,885,0.074965
11,393435,886,0.010936
11,ours-406478,886,0.008540
11,KACTL,886,0.075128
11,simd-v0,886,0.017045
11,ours-406478,887,0.008568
11,KACTL,887,0.074828
11,simd-v0,887,0.017032
11,393435,887,0.010620
11,KACTL,888,0.074784
11,simd-v0,888,0.017035
11,393435,888,0.010584
11,ours-406478,888,0.008602
11,simd-v0,889,0.016897
11,393435,889,0.010626
11,ours-406478,889,0.008615
11,KACTL,889,0.074791
11,393435,890,0.010944
11,ours-406478,890,0.008567
11,KACTL,890,0.075308
11,simd-v0,890,0.017056
11,ours-406478,891,0.008538
11,KACTL,891,0.074859
11,simd-v0,891,0.017090
11,393435,891,0.010623
11,KACTL,892,0.074804
11,simd-v0,892,0.023819
11,393435,892,0.010644
11,ours-406478,892,0.008566
11,simd-v0,893,0.016915
11,393435,893,0.010576
11,ours-406478,893,0.008576
11,KACTL,893,0.075004
11,393435,894,0.010969
11,ours-406478,894,0.008583
11,KACTL,894,0.075162
11,simd-v0,894,0.017076
11,ours-406478,895,0.008601
11,KACTL,895,0.074898
11,simd-v0,895,0.017104
11,393435,895,0.010620
11,KACTL,896,0.074883
11,simd-v0,896,0.017137
11,393435,896,0.010581
11,ours-406478,896,0.008625
11,simd-v0,897,0.016930
11,393435,897,0.010587
11,ours-406478,897,0.008532
11,KACTL,897,0.074870
11,393435,898,0.010962
11,ours-406478,898,0.008579
11,KACTL,898,0.074880
11,simd-v0,898,0.017089
11,ours-406478,899,0.008545
11,KACTL,899,0.074969
11,simd-v0,899,0.017048
11,393435,899,0.010617
11,KACTL,900,0.074797
11,simd-v0,900,0.017071
11,393435,900,0.010605
11,ours-406478,900,0.008561
11,simd-v0,901,0.016907
11,393435,901,0.010598
11,ours-406478,901,0.008556
11,KACTL,901,0.081497
11,393435,902,0.011026
11,ours-406478,902,0.008576
11,KACTL,902,0.077317
11,simd-v0,902,0.017092
11,ours-406478,903,0.008552
11,KACTL,903,0.074937
11,simd-v0,903,0.017101
11,393435,903,0.010599
11,KACTL,904,0.075505
11,simd-v0,904,0.017133
11,393435,904,0.010657
11,ours-406478,904,0.008615
11,simd-v0,905,0.016861
11,393435,905,0.010604
11,ours-406478,905,0.008590
11,KACTL,905,0.075429
11,393435,906,0.010993
11,ours-406478,906,0.008599
11,KACTL,906,0.075402
11,simd-v0,906,0.017006
11,ours-406478,907,0.008580
11,KACTL,907,0.075036
11,simd-v0,907,0.017039
11,393435,907,0.010542
11,KACTL,908,0.075178
11,simd-v0,908,0.017074
11,393435,908,0.010608
11,ours-406478,908,0.008550
11,simd-v0,909,0.016924
11,393435,909,0.010551
11,ours-406478,909,0.008605
11,KACTL,909,0.074998
11,393435,910,0.018302
11,ours-406478,910,0.008552
11,KACTL,910,0.075524
11,simd-v0,910,0.017047
11,ours-406478,911,0.008603
11,KACTL,911,0.074937
11,simd-v0,911,0.017053
11,393435,911,0.010549
11,KACTL,912,0.075381
11,simd-v0,912,0.017106
11,393435,912,0.010609
11,ours-406478,912,0.008564
11,simd-v0,913,0.016958
11,393435,913,0.010536
11,ours-406478,913,0.008560
11,KACTL,913,0.074927
11,393435,914,0.010955
11,ours-406478,914,0.008575
11,KACTL,914,0.075378
11,simd-v0,914,0.017114
11,ours-406478,915,0.008573
11,KACTL,915,0.075354
11,simd-v0,915,0.017058
11,393435,915,0.010566
11,KACTL,916,0.074833
11,simd-v0,916,0.017072
11,393435,916,0.010569
11,ours-406478,916,0.008623
11,simd-v0,917,0.016932
11,393435,917,0.010593
11,ours-406478,917,0.008594
11,KACTL,917,0.075521
11,393435,918,0.010975
11,ours-406478,918,0.008605
11,KACTL,918,0.081290
11,simd-v0,918,0.017040
11,ours-406478,919,0.008562
11,KACTL,919,0.074836
11,simd-v0,919,0.017082
11,393435,919,0.010588
11,KACTL,920,0.074904
11,simd-v0,920,0.017108
11,393435,920,0.010547
11,ours-406478,920,0.008558
11,simd-v0,921,0.016980
11,393435,921,0.010613
11,ours-406478,921,0.008572
11,KACTL,921,0.075052
11,393435,922,0.010966
11,ours-406478,922,0.008564
11,KACTL,922,0.074799
11,simd-v0,922,0.019738
11,ours-406478,923,0.008577
11,KACTL,923,0.075383
11,simd-v0,923,0.017118
11,393435,923,0.010592
11,KACTL,924,0.075002
11,simd-v0,924,0.017021
11,393435,924,0.010616
11,ours-406478,924,0.008571
11,simd-v0,925,0.016920
11,393435,925,0.010592
11,ours-406478,925,0.008560
11,KACTL,925,0.075004
11,393435,926,0.010964
11,ours-406478,926,0.008581
11,KACTL,926,0.074942
11,simd-v0,926,0.017054
11,ours-406478,927,0.008626
11,KACTL,927,0.082228
11,simd-v0,927,0.017080
11,393435,927,0.010635
11,KACTL,928,0.074968
11,simd-v0,928,0.017065
11,393435,928,0.010564
11,ours-406478,928,0.008559
11,simd-v0,929,0.016957
11,393435,929,0.010534
11,ours-406478,929,0.008599
11,KACTL,929,0.075525
11,393435,930,0.010953
11,ours-406478,930,0.008619
11,KACTL,930,0.074905
11,simd-v0,930,0.017047
11,ours-406478,931,0.008578
11,KACTL,931,0.074916
11,simd-v0,931,0.017050
11,393435,931,0.010602
11,KACTL,932,0.074815
11,simd-v0,932,0.017040
11,393435,932,0.010599
11,ours-406478,932,0.008598
11,simd-v0,933,0.016918
11,393435,933,0.010589
11,ours-406478,933,0.008594
11,KACTL,933,0.074880
11,393435,934,0.010927
11,ours-406478,934,0.008567
11,KACTL,934,0.076185
11,simd-v0,934,0.016476
11,ours-406478,935,0.008302
11,KACTL,935,0.072453
11,simd-v0,935,0.016514
11,393435,935,0.010230
11,KACTL,936,0.079411
11,simd-v0,936,0.016564
11,393435,936,0.010262
11,ours-406478,936,0.008359
11,simd-v0,937,0.016334
11,393435,937,0.010229
11,ours-406478,937,0.008619
11,KACTL,937,0.074967
11,393435,938,0.010921
11,ours-406478,938,0.008620
11,KACTL,938,0.074765
11,simd-v0,938,0.017026
11,ours-406478,939,0.008591
11,KACTL,939,0.074778
11,simd-v0,939,0.017086
11,393435,939,0.010576
11,KACTL,940,0.074841
11,simd-v0,940,0.017035
11,393435,940,0.010581
11,ours-406478,940,0.008541
11,simd-v0,941,0.016918
11,393435,941,0.010603
11,ours-406478,941,0.008590
11,KACTL,941,0.074894
11,393435,942,0.010934
11,ours-406478,942,0.008590
11,KACTL,942,0.074790
11,simd-v0,942,0.017102
11,ours-406478,943,0.008543
11,KACTL,943,0.074893
11,simd-v0,943,0.017094
11,393435,943,0.010602
11,KACTL,944,0.074713
11,simd-v0,944,0.023705
11,393435,944,0.010603
11,ours-406478,944,0.008563
11,simd-v0,945,0.016885
11,393435,945,0.010563
11,ours-406478,945,0.008624
11,KACTL,945,0.074993
11,393435,946,0.010955
11,ours-406478,946,0.008573
11,KACTL,946,0.075472
11,simd-v0,946,0.017115
11,ours-406478,947,0.008493
11,KACTL,947,0.074857
11,simd-v0,947,0.017101
11,393435,947,0.010594
11,KACTL,948,0.074897
11,simd-v0,948,0.017022
11,393435,948,0.010615
11,ours-406478,948,0.008601
11,simd-v0,949,0.016926
11,393435,949,0.010599
11,ours-406478,949,0.008546
11,KACTL,949,0.074967
11,393435,950,0.010957
11,ours-406478,950,0.008604
11,KACTL,950,0.075012
11,simd-v0,950,0.017059
11,ours-406478,951,0.008576
11,KACTL,951,0.074957
11,simd-v0,951,0.017070
11,393435,951,0.010578
11,KACTL,952,0.074795
11,simd-v0,952,0.017066
11,393435,952,0.010547
11,ours-406478,952,0.008527
11,simd-v0,953,0.016914
11,393435,953,0.010577
11,ours-406478,953,0.008586
11,KACTL,953,0.081234
11,393435,954,0.011008
11,ours-406478,954,0.008561
11,KACTL,954,0.074764
11,simd-v0,954,0.017058
11,ours-406478,955,0.008561
11,KACTL,955,0.075510
11,simd-v0,955,0.017064
11,393435,955,0.010565
11,KACTL,956,0.074846
11,simd-v0,956,0.017067
11,393435,956,0.010615
11,ours-406478,956,0.008591
11,simd-v0,957,0.016905
11,393435,957,0.010576
11,ours-406478,957,0.008573
11,KACTL,957,0.074807
11,393435,958,0.010979
11,ours-406478,958,0.008580
11,KACTL,958,0.074941
11,simd-v0,958,0.017034
11,ours-406478,959,0.008568
11,KACTL,959,0.075333
11,simd-v0,959,0.017031
11,393435,959,0.010605
11,KACTL,960,0.074858
11,simd-v0,960,0.017123
11,393435,960,0.010569
11,ours-406478,960,0.008559
11,simd-v0,961,0.016888
11,393435,961,0.010582
11,ours-406478,961,0.008599
11,KACTL,961,0.074908
11,393435,962,0.017965
11,ours-406478,962,0.008569
11,KACTL,962,0.074941
11,simd-v0,962,0.017122
11,ours-406478,963,0.008534
11,KACTL,963,0.074910
11,simd-v0,963,0.017052
11,393435,963,0.010612
11,KACTL,964,0.075436
11,simd-v0,964,0.017032
11,393435,964,0.010578
11,ours-406478,964,0.008571
11,simd-v0,965,0.016887
11,393435,965,0.010607
11,ours-406478,965,0.008562
11,KACTL,965,0.074895
11,393435,966,0.010910
11,ours-406478,966,0.008589
11,KACTL,966,0.074773
11,simd-v0,966,0.017089
11,ours-406478,967,0.008607
11,KACTL,967,0.074852
11,simd-v0,967,0.017067
11,393435,967,0.010577
11,KACTL,968,0.075336
11,simd-v0,968,0.017164
11,393435,968,0.010596
11,ours-406478,968,0.008598
11,simd-v0,969,0.016917
11,393435,969,0.010603
11,ours-406478,969,0.008626
11,KACTL,969,0.074830
11,393435,970,0.010975
11,ours-406478,970,0.008592
11,KACTL,970,0.082039
11,simd-v0,970,0.017043
11,ours-406478,971,0.008555
11,KACTL,971,0.075247
11,simd-v0,971,0.017074
11,393435,971,0.010605
11,KACTL,972,0.074808
11,simd-v0,972,0.017067
11,393435,972,0.010571
11,ours-406478,972,0.008570
11,simd-v0,973,0.016947
11,393435,973,0.010619
11,ours-406478,973,0.008606
11,KACTL,973,0.074953
11,393435,974,0.010944
11,ours-406478,974,0.008579
11,KACTL,974,0.074777
11,simd-v0,974,0.017017
11,ours-406478,975,0.008563
11,KACTL,975,0.074893
11,simd-v0,975,0.017037
11,393435,975,0.010588
11,KACTL,976,0.074834
11,simd-v0,976,0.017019
11,393435,976,0.010613
11,ours-406478,976,0.008635
11,simd-v0,977,0.016899
11,393435,977,0.010626
11,ours-406478,977,0.008623
11,KACTL,977,0.074925
11,393435,978,0.010941
11,ours-406478,978,0.008593
11,KACTL,978,0.074730
11,simd-v0,978,0.017095
11,ours-406478,979,0.008599
11,KACTL,979,0.081971
11,simd-v0,979,0.017053
11,393435,979,0.010623
11,KACTL,980,0.074949
11,simd-v0,980,0.017064
11,393435,980,0.010598
11,ours-406478,980,0.008591
11,simd-v0,981,0.016952
11,393435,981,0.010596
11,ours-406478,981,0.008597
11,KACTL,981,0.075469
11,393435,982,0.010975
11,ours-406478,982,0.008594
11,KACTL,982,0.084700
11,simd-v0,982,0.017093
11,ours-406478,983,0.008552
11,KACTL,983,0.074958
11,simd-v0,983,0.017012
11,393435,983,0.010584
11,KACTL,984,0.075383
11,simd-v0,984,0.017075
11,393435,984,0.010589
11,ours-406478,984,0.008541
11,simd-v0,985,0.016854
11,393435,985,0.010538
11,ours-406478,985,0.008526
11,KACTL,985,0.074863
11,393435,986,0.010966
11,ours-406478,986,0.008585
11,KACTL,986,0.074836
11,simd-v0,986,0.017027
11,ours-406478,987,0.008565
11,KACTL,987,0.075435
11,simd-v0,987,0.017056
11,393435,987,0.017367
11,KACTL,988,0.074906
11,simd-v0,988,0.017135
11,393435,988,0.010560
11,ours-406478,988,0.008627
11,simd-v0,989,0.016858
11,393435,989,0.010576
11,ours-406478,989,0.010788
11,KACTL,989,0.075134
11,393435,990,0.011021
11,ours-406478,990,0.008567
11,KACTL,990,0.074810
11,simd-v0,990,0.017044
11,ours-406478,991,0.008592
11,KACTL,991,0.075079
11,simd-v0,991,0.017019
11,393435,991,0.010581
11,KACTL,992,0.074955
11,simd-v0,992,0.017073
11,393435,992,0.010597
11,ours-406478,992,0.008895
11,simd-v0,993,0.016934
11,393435,993,0.010613
11,ours-406478,993,0.008585
11,KACTL,993,0.074956
11,393435,994,0.010875
11,ours-406478,994,0.008572
11,KACTL,994,0.074887
11,simd-v0,994,0.017034
11,ours-406478,995,0.008530
11,KACTL,995,0.074901
11,simd-v0,995,0.017030
11,393435,995,0.010577
11,KACTL,996,0.081364
11,simd-v0,996,0.017037
11,393435,996,0.010631
11,ours-406478,996,0.008592
11,simd-v0,997,0.016896
11,393435,997,0.010605
11,ours-406478,997,0.008553
11,KACTL,997,0.075054
11,393435,998,0.010922
11,ours-406478,998,0.008563
11,KACTL,998,0.075000
11,simd-v0,998,0.017120
11,ours-406478,999,0.008585
11,KACTL,999,0.075077
11,simd-v0,999,0.017101
11,393435,999,0.010615
11,KACTL,1000,0.075031
11,simd-v0,1000,0.017086
11,393435,1000,0.010557
11,ours-406478,1000,0.008537
12,KACTL,0,0.166288
12,simd-v0,0,0.033545
12,393435,0,0.022269
12,ours-406478,0,0.018673
12,simd-v0,1,0.033472
12,393435,1,0.022241
12,ours-406478,1,0.018546
12,KACTL,1,0.159988
12,393435,2,0.022613
12,ours-406478,2,0.018492
12,KACTL,2,0.178501
12,simd-v0,2,0.035751
12,ours-406478,3,0.018610
12,KACTL,3,0.170839
12,simd-v0,3,0.034489
12,393435,3,0.022824
12,KACTL,4,0.174881
12,simd-v0,4,0.034445
12,393435,4,0.022811
12,ours-406478,4,0.017911
12,simd-v0,5,0.034541
12,393435,5,0.022767
12,ours-406478,5,0.017932
12,KACTL,5,0.165397
12,393435,6,0.022870
12,ours-406478,6,0.017882
12,KACTL,6,0.172704
12,simd-v0,6,0.034371
12,ours-406478,7,0.017926
12,KACTL,7,0.165636
12,simd-v0,7,0.034323
12,393435,7,0.022762
12,KACTL,8,0.165418
12,simd-v0,8,0.034372
12,393435,8,0.022774
12,ours-406478,8,0.017827
12,simd-v0,9,0.034512
12,393435,9,0.022727
12,ours-406478,9,0.017933
12,KACTL,9,0.165511
12,393435,10,0.023107
12,ours-406478,10,0.017926
12,KACTL,10,0.172775
12,simd-v0,10,0.034448
12,ours-406478,11,0.017920
12,KACTL,11,0.166410
12,simd-v0,11,0.034393
12,393435,11,0.022786
12,KACTL,12,0.165559
12,simd-v0,12,0.034360
12,393435,12,0.022758
12,ours-406478,12,0.017937
12,simd-v0,13,0.034320
12,393435,13,0.022809
12,ours-406478,13,0.017988
12,KACTL,13,0.165511
12,393435,14,0.023084
12,ours-406478,14,0.017966
12,KACTL,14,0.172553
12,simd-v0,14,0.034442
12,ours-406478,15,0.017934
12,KACTL,15,0.165570
12,simd-v0,15,0.034504
12,393435,15,0.022748
12,KACTL,16,0.165673
12,simd-v0,16,0.034418
12,393435,16,0.022718
12,ours-406478,16,0.017941
12,simd-v0,17,0.034567
12,393435,17,0.022789
12,ours-406478,17,0.017934
12,KACTL,17,0.165583
12,393435,18,0.023124
12,ours-406478,18,0.017942
12,KACTL,18,0.170423
12,simd-v0,18,0.033592
12,ours-406478,19,0.018515
12,KACTL,19,0.160044
12,simd-v0,19,0.033523
12,393435,19,0.022286
12,KACTL,20,0.160027
12,simd-v0,20,0.033549
12,393435,20,0.022232
12,ours-406478,20,0.018685
12,simd-v0,21,0.033386
12,393435,21,0.022233
12,ours-406478,21,0.018473
12,KACTL,21,0.160262
12,393435,22,0.022531
12,ours-406478,22,0.018588
12,KACTL,22,0.166370
12,simd-v0,22,0.033472
12,ours-406478,23,0.018549
12,KACTL,23,0.160198
12,simd-v0,23,0.033574
12,393435,23,0.022273
12,KACTL,24,0.159931
12,simd-v0,24,0.033537
12,393435,24,0.022205
12,ours-406478,24,0.018480
12,simd-v0,25,0.037623
12,393435,25,0.022231
12,ours-406478,25,0.018495
12,KACTL,25,0.159965
12,393435,26,0.022560
12,ours-406478,26,0.018533
12,KACTL,26,0.166110
12,simd-v0,26,0.033577
12,ours-406478,27,0.018429
12,KACTL,27,0.160681
12,simd-v0,27,0.033439
12,393435,27,0.022193
12,KACTL,28,0.159867
12,simd-v0,28,0.033494
12,393435,28,0.022226
12,ours-406478,28,0.018565
12,simd-v0,29,0.033598
12,393435,29,0.022246
12,ours-406478,29,0.018459
12,KACTL,29,0.160088
12,393435,30,0.022594
12,ours-406478,30,0.018536
12,KACTL,30,0.159907
12,simd-v0,30,0.043730
12,ours-406478,31,0.017823
12,KACTL,31,0.163870
12,simd-v0,31,0.034934
12,393435,31,0.022760
12,KACTL,32,0.161296
12,simd-v0,32,0.034882
12,393435,32,0.022767
12,ours-406478,32,0.017986
12,simd-v0,33,0.036289
12,393435,33,0.022751
12,ours-406478,33,0.017941
12,KACTL,33,0.161191
12,393435,34,0.024147
12,ours-406478,34,0.017935
12,KACTL,34,0.161880
12,simd-v0,34,0.044259
12,ours-406478,35,0.017822
12,KACTL,35,0.161410
12,simd-v0,35,0.034943
12,393435,35,0.024193
12,KACTL,36,0.161239
12,simd-v0,36,0.034894
12,393435,36,0.022704
12,ours-406478,36,0.017996
12,simd-v0,37,0.034282
12,393435,37,0.022753
12,ours-406478,37,0.017936
12,KACTL,37,0.161430
12,393435,38,0.024170
12,ours-406478,38,0.017927
12,KACTL,38,0.161594
12,simd-v0,38,0.034852
12,ours-406478,39,0.024787
12,KACTL,39,0.161677
12,simd-v0,39,0.034879
12,393435,39,0.022738
12,KACTL,40,0.161688
12,simd-v0,40,0.034889
12,393435,40,0.022735
12,ours-406478,40,0.018026
12,simd-v0,41,0.034314
12,393435,41,0.022716
12,ours-406478,41,0.017957
12,KACTL,41,0.161886
12,393435,42,0.024165
12,ours-406478,42,0.017965
12,KACTL,42,0.161255
12,simd-v0,42,0.034855
12,ours-406478,43,0.017990
12,KACTL,43,0.168033
12,simd-v0,43,0.034922
12,393435,43,0.022772
12,KACTL,44,0.161200
12,simd-v0,44,0.034893
12,393435,44,0.022797
12,ours-406478,44,0.018988
12,simd-v0,45,0.033129
12,393435,45,0.021949
12,ours-406478,45,0.017390
12,KACTL,45,0.159216
12,393435,46,0.024159
12,ours-406478,46,0.017951
12,KACTL,46,0.161251
12,simd-v0,46,0.033531
12,ours-406478,47,0.018531
12,KACTL,47,0.191640
12,simd-v0,47,0.033601
12,393435,47,0.022239
12,KACTL,48,0.159975
12,simd-v0,48,0.033528
12,393435,48,0.022307
12,ours-406478,48,0.018598
12,simd-v0,49,0.033946
12,393435,49,0.022744
12,ours-406478,49,0.017851
12,KACTL,49,0.165528
12,393435,50,0.023088
12,ours-406478,50,0.017932
12,KACTL,50,0.165358
12,simd-v0,50,0.034416
12,ours-406478,51,0.017955
12,KACTL,51,0.173987
12,simd-v0,51,0.034454
12,393435,51,0.022755
12,KACTL,52,0.165372
12,simd-v0,52,0.034364
12,393435,52,0.022757
12,ours-406478,52,0.017905
12,simd-v0,53,0.034570
12,393435,53,0.022744
12,ours-406478,53,0.017939
12,KACTL,53,0.165659
12,393435,54,0.023132
12,ours-406478,54,0.018104
12,KACTL,54,0.175071
12,simd-v0,54,0.034415
12,ours-406478,55,0.017925
12,KACTL,55,0.174090
12,simd-v0,55,0.034395
12,393435,55,0.022757
12,KACTL,56,0.165716
12,simd-v0,56,0.034493
12,393435,56,0.022736
12,ours-406478,56,0.017985
12,simd-v0,57,0.034509
12,393435,57,0.022738
12,ours-406478,57,0.017860
12,KACTL,57,0.165424
12,393435,58,0.023101
12,ours-406478,58,0.018001
12,KACTL,58,0.165413
12,simd-v0,58,0.034451
12,ours-406478,59,0.017930
12,KACTL,59,0.172590
12,simd-v0,59,0.034437
12,393435,59,0.022711
12,KACTL,60,0.165402
12,simd-v0,60,0.034427
12,393435,60,0.022764
12,ours-406478,60,0.017988
12,simd-v0,61,0.034518
12,393435,61,0.022797
12,ours-406478,61,0.017888
12,KACTL,61,0.165676
12,393435,62,0.023065
12,ours-406478,62,0.017899
12,KACTL,62,0.165196
12,simd-v0,62,0.034413
12,ours-406478,63,0.017965
12,KACTL,63,0.173264
12,simd-v0,63,0.034417
12,393435,63,0.022802
12,KACTL,64,0.165492
12,simd-v0,64,0.034469
12,393435,64,0.022805
12,ours-406478,64,0.017953
12,simd-v0,65,0.034482
12,393435,65,0.022778
12,ours-406478,65,0.019196
12,KACTL,65,0.160009
12,393435,66,0.022505
12,ours-406478,66,0.018491
12,KACTL,66,0.160967
12,simd-v0,66,0.033414
12,ours-406478,67,0.018529
12,KACTL,67,0.167489
12,simd-v0,67,0.033557
12,393435,67,0.022223
12,KACTL,68,0.159638
12,simd-v0,68,0.033505
12,393435,68,0.022176
12,ours-406478,68,0.018523
12,simd-v0,69,0.033620
12,393435,69,0.022219
12,ours-406478,69,0.018515
12,KACTL,69,0.159892
12,393435,70,0.022615
12,ours-406478,70,0.018513
12,KACTL,70,0.159829
12,simd-v0,70,0.033547
12,ours-406478,71,0.018547
12,KACTL,71,0.166303
12,simd-v0,71,0.033520
12,393435,71,0.022293
12,KACTL,72,0.162136
12,simd-v0,72,0.033621
12,393435,72,0.022248
12,ours-406478,72,0.018607
12,simd-v0,73,0.033570
12,393435,73,0.022186
12,ours-406478,73,0.018532
12,KACTL,73,0.160020
12,393435,74,0.022586
12,ours-406478,74,0.018444
12,KACTL,74,0.159693
12,simd-v0,74,0.033543
12,ours-406478,75,0.018532
12,KACTL,75,0.171394
12,simd-v0,75,0.034454
12,393435,75,0.022776
12,KACTL,76,0.165456
12,simd-v0,76,0.034411
12,393435,76,0.022756
12,ours-406478,76,0.017936
12,simd-v0,77,0.034452
12,393435,77,0.022724
12,ours-406478,77,0.018030
12,KACTL,77,0.165578
12,393435,78,0.022807
12,ours-406478,78,0.017850
12,KACTL,78,0.165466
12,simd-v0,78,0.034343
12,ours-406478,79,0.017921
12,KACTL,79,0.174871
12,simd-v0,79,0.034303
12,393435,79,0.022832
12,KACTL,80,0.165679
12,simd-v0,80,0.034422
12,393435,80,0.022753
12,ours-406478,80,0.017971
12,simd-v0,81,0.034529
12,393435,81,0.022723
12,ours-406478,81,0.017972
12,KACTL,81,0.165551
12,393435,82,0.023099
12,ours-406478,82,0.017972
12,KACTL,82,0.165440
12,simd-v0,82,0.034414
12,ours-406478,83,0.017937
12,KACTL,83,0.215401
12,simd-v0,83,0.034517
12,393435,83,0.022804
12,KACTL,84,0.197323
12,simd-v0,84,0.034458
12,393435,84,0.022767
12,ours-406478,84,0.017996
12,simd-v0,85,0.034486
12,393435,85,0.022768
12,ours-406478,85,0.017932
12,KACTL,85,0.165424
12,393435,86,0.023086
12,ours-406478,86,0.017968
12,KACTL,86,0.165388
12,simd-v0,86,0.034458
12,ours-406478,87,0.017877
12,KACTL,87,0.191228
12,simd-v0,87,0.034514
12,393435,87,0.022787
12,KACTL,88,0.165243
12,simd-v0,88,0.034403
12,393435,88,0.022720
12,ours-406478,88,0.017990
12,simd-v0,89,0.034446
12,393435,89,0.022755
12,ours-406478,89,0.017910
12,KACTL,89,0.165516
12,393435,90,0.023125
12,ours-406478,90,0.018034
12,KACTL,90,0.166480
12,simd-v0,90,0.034507
12,ours-406478,91,0.017915
12,KACTL,91,0.183161
12,simd-v0,91,0.033598
12,393435,91,0.022272
12,KACTL,92,0.160029
12,simd-v0,92,0.033566
12,393435,92,0.022202
12,ours-406478,92,0.018618
12,simd-v0,93,0.033589
12,393435,93,0.022143
12,ours-406478,93,0.018495
12,KACTL,93,0.160056
12,393435,94,0.022666
12,ours-406478,94,0.018540
12,KACTL,94,0.159810
12,simd-v0,94,0.033543
12,ours-406478,95,0.018452
12,KACTL,95,0.177180
12,simd-v0,95,0.034468
12,393435,95,0.022800
12,KACTL,96,0.165303
12,simd-v0,96,0.034399
12,393435,96,0.022747
12,ours-406478,96,0.017780
12,simd-v0,97,0.034556
12,393435,97,0.022737
12,ours-406478,97,0.017910
12,KACTL,97,0.165635
12,393435,98,0.023150
12,ours-406478,98,0.018000
12,KACTL,98,0.165237
12,simd-v0,98,0.034394
12,ours-406478,99,0.017988
12,KACTL,99,0.173315
12,simd-v0,99,0.034529
12,393435,99,0.022772
12,KACTL,100,0.166233
12,simd-v0,100,0.034391
12,393435,100,0.022771
12,ours-406478,100,0.017993
12,simd-v0,101,0.034391
12,393435,101,0.022769
12,ours-406478,101,0.017932
12,KACTL,101,0.165584
12,393435,102,0.023107
12,ours-406478,102,0.017953
12,KACTL,102,0.165398
12,simd-v0,102,0.034266
12,ours-406478,103,0.017899
12,KACTL,103,0.172352
12,simd-v0,103,0.034419
12,393435,103,0.022721
12,KACTL,104,0.165446
12,simd-v0,104,0.034410
12,393435,104,0.022772
12,ours-406478,104,0.017888
12,simd-v0,105,0.034373
12,393435,105,0.022720
12,ours-406478,105,0.017965
12,KACTL,105,0.165464
12,393435,106,0.023134
12,ours-406478,106,0.017916
12,KACTL,106,0.165343
12,simd-v0,106,0.034358
12,ours-406478,107,0.017939
12,KACTL,107,0.172189
12,simd-v0,107,0.034501
12,393435,107,0.022742
12,KACTL,108,0.165531
12,simd-v0,108,0.034415
12,393435,108,0.022748
12,ours-406478,108,0.017957
12,simd-v0,109,0.034556
12,393435,109,0.022732
12,ours-406478,109,0.017796
12,KACTL,109,0.165381
12,393435,110,0.023143
12,ours-406478,110,0.017986
12,KACTL,110,0.165327
12,simd-v0,110,0.034467
12,ours-406478,111,0.017942
12,KACTL,111,0.171591
12,simd-v0,111,0.033561
12,393435,111,0.022202
12,KACTL,112,0.163024
12,simd-v0,112,0.033563
12,393435,112,0.022239
12,ours-406478,112,0.018585
12,simd-v0,113,0.033915
12,393435,113,0.022759
12,ours-406478,113,0.017793
12,KACTL,113,0.165483
12,393435,114,0.023150
12,ours-406478,114,0.017965
12,KACTL,114,0.165277
12,simd-v0,114,0.034372
12,ours-406478,115,0.017708
12,KACTL,115,0.172072
12,simd-v0,115,0.034397
12,393435,115,0.022769
12,KACTL,116,0.171202
12,simd-v0,116,0.034409
12,393435,116,0.023172
12,ours-406478,116,0.018001
12,simd-v0,117,0.034284
12,393435,117,0.022791
12,ours-406478,117,0.017924
12,KACTL,117,0.165520
12,393435,118,0.022789
12,ours-406478,118,0.017965
12,KACTL,118,0.165546
12,simd-v0,118,0.034284
12,ours-406478,119,0.017959
12,KACTL,119,0.172194
12,simd-v0,119,0.034307
12,393435,119,0.022726
12,KACTL,120,0.165446
12,simd-v0,120,0.034399
12,393435,120,0.022766
12,ours-406478,120,0.017961
12,simd-v0,121,0.034441
12,393435,121,0.022773
12,ours-406478,121,0.017951
12,KACTL,121,0.165532
12,393435,122,0.023141
12,ours-406478,122,0.017942
12,KACTL,122,0.165340
12,simd-v0,122,0.034414
12,ours-406478,123,0.017861
12,KACTL,123,0.172290
12,simd-v0,123,0.034422
12,393435,123,0.022776
12,KACTL,124,0.165487
12,simd-v0,124,0.034498
12,393435,124,0.022786
12,ours-406478,124,0.017997
12,simd-v0,125,0.034497
12,393435,125,0.022751
12,ours-406478,125,0.018032
12,KACTL,125,0.165570
12,393435,126,0.023110
12,ours-406478,126,0.017921
12,KACTL,126,0.165375
12,simd-v0,126,0.034403
12,ours-406478,127,0.017897
12,KACTL,127,0.172078
12,simd-v0,127,0.034507
12,393435,127,0.022794
12,KACTL,128,0.165472
12,simd-v0,128,0.034418
12,393435,128,0.022732
12,ours-406478,128,0.017798
12,simd-v0,129,0.034370
12,393435,129,0.022756
12,ours-406478,129,0.017903
12,KACTL,129,0.161469
12,393435,130,0.022596
12,ours-406478,130,0.018584
12,KACTL,130,0.160774
12,simd-v0,130,0.033501
12,ours-406478,131,0.018607
12,KACTL,131,0.172203
12,simd-v0,131,0.034439
12,393435,131,0.022749
12,KACTL,132,0.165588
12,simd-v0,132,0.034420
12,393435,132,0.022767
12,ours-406478,132,0.017968
12,simd-v0,133,0.034403
12,393435,133,0.022743
12,ours-406478,133,0.017991
12,KACTL,133,0.165649
12,393435,134,0.023122
12,ours-406478,134,0.017919
12,KACTL,134,0.165453
12,simd-v0,134,0.034323
12,ours-406478,135,0.017950
12,KACTL,135,0.171978
12,simd-v0,135,0.034466
12,393435,135,0.022775
12,KACTL,136,0.165361
12,simd-v0,136,0.034510
12,393435,136,0.022688
12,ours-406478,136,0.018017
12,simd-v0,137,0.034324
12,393435,137,0.022769
12,ours-406478,137,0.017954
12,KACTL,137,0.165618
12,393435,138,0.022753
12,ours-406478,138,0.017890
12,KACTL,138,0.165495
12,simd-v0,138,0.034376
12,ours-406478,139,0.017899
12,KACTL,139,0.172052
12,simd-v0,139,0.034326
12,393435,139,0.022746
12,KACTL,140,0.165412
12,simd-v0,140,0.034364
12,393435,140,0.022787
12,ours-406478,140,0.017949
12,simd-v0,141,0.034537
12,393435,141,0.022730
12,ours-406478,141,0.017971
12,KACTL,141,0.165438
12,393435,142,0.023149
12,ours-406478,142,0.017972
12,KACTL,142,0.165400
12,simd-v0,142,0.034381
12,ours-406478,143,0.017952
12,KACTL,143,0.172202
12,simd-v0,143,0.034472
12,393435,143,0.022763
12,KACTL,144,0.165579
12,simd-v0,144,0.034449
12,393435,144,0.022730
12,ours-406478,144,0.017945
12,simd-v0,145,0.034529
12,393435,145,0.022744
12,ours-406478,145,0.017943
12,KACTL,145,0.165506
12,393435,146,0.023143
12,ours-406478,146,0.017986
12,KACTL,146,0.165409
12,simd-v0,146,0.034448
12,ours-406478,147,0.017935
12,KACTL,147,0.171824
12,simd-v0,147,0.033502
12,393435,147,0.022255
12,KACTL,148,0.159999
12,simd-v0,148,0.033483
12,393435,148,0.022280
12,ours-406478,148,0.018620
12,simd-v0,149,0.033572
12,393435,149,0.022093
12,ours-406478,149,0.018548
12,KACTL,149,0.159891
12,393435,150,0.022602
12,ours-406478,150,0.018490
12,KACTL,150,0.159764
12,simd-v0,150,0.033603
12,ours-406478,151,0.018548
12,KACTL,151,0.163634
12,simd-v0,151,0.040958
12,393435,151,0.022793
12,KACTL,152,0.169125
12,simd-v0,152,0.034341
12,393435,152,0.022745
12,ours-406478,152,0.017770
12,simd-v0,153,0.034295
12,393435,153,0.022721
12,ours-406478,153,0.017929
12,KACTL,153,0.165545
12,393435,154,0.022810
12,ours-406478,154,0.017969
12,KACTL,154,0.165291
12,simd-v0,154,0.034331
12,ours-406478,155,0.017889
12,KACTL,155,0.165504
12,simd-v0,155,0.040942
12,393435,155,0.022807
12,KACTL,156,0.165658
12,simd-v0,156,0.034309
12,393435,156,0.022719
12,ours-406478,156,0.017862
12,simd-v0,157,0.034498
12,393435,157,0.026783
12,ours-406478,157,0.028585
12,KACTL,157,0.165562
12,393435,158,0.023146
12,ours-406478,158,0.017978
12,KACTL,158,0.165235
12,simd-v0,158,0.034374
12,ours-406478,159,0.017858
12,KACTL,159,0.165380
12,simd-v0,159,0.041570
12,393435,159,0.022765
12,KACTL,160,0.165625
12,simd-v0,160,0.034297
12,393435,160,0.022750
12,ours-406478,160,0.017933
12,simd-v0,161,0.034342
12,393435,161,0.022713
12,ours-406478,161,0.018042
12,KACTL,161,0.165516
12,393435,162,0.022773
12,ours-406478,162,0.017969
12,KACTL,162,0.165364
12,simd-v0,162,0.034444
12,ours-406478,163,0.017965
12,KACTL,163,0.165326
12,simd-v0,163,0.041517
12,393435,163,0.022815
12,KACTL,164,0.165710
12,simd-v0,164,0.034335
12,393435,164,0.022735
12,ours-406478,164,0.017936
12,simd-v0,165,0.034480
12,393435,165,0.022755
12,ours-406478,165,0.017940
12,KACTL,165,0.165636
12,393435,166,0.023131
12,ours-406478,166,0.017946
12,KACTL,166,0.165410
12,simd-v0,166,0.034449
12,ours-406478,167,0.017987
12,KACTL,167,0.164812
12,simd-v0,167,0.040129
12,393435,167,0.022271
12,KACTL,168,0.160037
12,simd-v0,168,0.033507
12,393435,168,0.022167
12,ours-406478,168,0.018531
12,simd-v0,169,0.033667
12,393435,169,0.022275
12,ours-406478,169,0.018522
12,KACTL,169,0.160990
12,393435,170,0.022591
12,ours-406478,170,0.018559
12,KACTL,170,0.164771
12,simd-v0,170,0.034358
12,ours-406478,171,0.017930
12,KACTL,171,0.165581
12,simd-v0,171,0.034400
12,393435,171,0.029655
12,KACTL,172,0.165485
12,simd-v0,172,0.033263
12,393435,172,0.021977
12,ours-406478,172,0.017428
12,simd-v0,173,0.033342
12,393435,173,0.022030
12,ours-406478,173,0.017355
12,KACTL,173,0.160943
12,393435,174,0.022355
12,ours-406478,174,0.017349
12,KACTL,174,0.159909
12,simd-v0,174,0.033303
12,ours-406478,175,0.017326
12,KACTL,175,0.159929
12,simd-v0,175,0.033223
12,393435,175,0.021952
12,KACTL,176,0.167359
12,simd-v0,176,0.033222
12,393435,176,0.021992
12,ours-406478,176,0.017226
12,simd-v0,177,0.033350
12,393435,177,0.022017
12,ours-406478,177,0.017324
12,KACTL,177,0.160603
12,393435,178,0.023083
12,ours-406478,178,0.017916
12,KACTL,178,0.165651
12,simd-v0,178,0.034413
12,ours-406478,179,0.017938
12,KACTL,179,0.165747
12,simd-v0,179,0.034358
12,393435,179,0.022742
12,KACTL,180,0.173009
12,simd-v0,180,0.034443
12,393435,180,0.022700
12,ours-406478,180,0.017974
12,simd-v0,181,0.034506
12,393435,181,0.022750
12,ours-406478,181,0.017991
12,KACTL,181,0.165380
12,393435,182,0.023146
12,ours-406478,182,0.017960
12,KACTL,182,0.165462
12,simd-v0,182,0.034460
12,ours-406478,183,0.018002
12,KACTL,183,0.165675
12,simd-v0,183,0.034379
12,393435,183,0.022670
12,KACTL,184,0.172289
12,simd-v0,184,0.034436
12,393435,184,0.022781
12,ours-406478,184,0.017778
12,simd-v0,185,0.034532
12,393435,185,0.022726
12,ours-406478,185,0.017944
12,KACTL,185,0.165567
12,393435,186,0.031261
12,ours-406478,186,0.017922
12,KACTL,186,0.165469
12,simd-v0,186,0.033537
12,ours-406478,187,0.018502
12,KACTL,187,0.160050
12,simd-v0,187,0.033567
12,393435,187,0.022210
12,KACTL,188,0.167557
12,simd-v0,188,0.033518
12,393435,188,0.022195
12,ours-406478,188,0.018571
12,simd-v0,189,0.033727
12,393435,189,0.022790
12,ours-406478,189,0.017925
12,KACTL,189,0.165585
12,393435,190,0.022847
12,ours-406478,190,0.017994
12,KACTL,190,0.165688
12,simd-v0,190,0.034354
12,ours-406478,191,0.017932
12,KACTL,191,0.165669
12,simd-v0,191,0.034235
12,393435,191,0.022772
12,KACTL,192,0.173224
12,simd-v0,192,0.034334
12,393435,192,0.022796
12,ours-406478,192,0.020269
12,simd-v0,193,0.034284
12,393435,193,0.022717
12,ours-406478,193,0.017879
12,KACTL,193,0.165642
12,393435,194,0.022783
12,ours-406478,194,0.017938
12,KACTL,194,0.165371
12,simd-v0,194,0.034284
12,ours-406478,195,0.017872
12,KACTL,195,0.165456
12,simd-v0,195,0.034347
12,393435,195,0.022738
12,KACTL,196,0.173016
12,simd-v0,196,0.034476
12,393435,196,0.022786
12,ours-406478,196,0.017976
12,simd-v0,197,0.034474
12,393435,197,0.022743
12,ours-406478,197,0.017981
12,KACTL,197,0.165511
12,393435,198,0.023080
12,ours-406478,198,0.017993
12,KACTL,198,0.165524
12,simd-v0,198,0.034433
12,ours-406478,199,0.017929
12,KACTL,199,0.165628
12,simd-v0,199,0.034403
12,393435,199,0.022728
12,KACTL,200,0.173378
12,simd-v0,200,0.034461
12,393435,200,0.022760
12,ours-406478,200,0.017997
12,simd-v0,201,0.034458
12,393435,201,0.022697
12,ours-406478,201,0.018005
12,KACTL,201,0.165473
12,393435,202,0.023128
12,ours-406478,202,0.017966
12,KACTL,202,0.165602
12,simd-v0,202,0.034493
12,ours-406478,203,0.017912
12,KACTL,203,0.165590
12,simd-v0,203,0.034409
12,393435,203,0.022753
12,KACTL,204,0.172665
12,simd-v0,204,0.034480
12,393435,204,0.022733
12,ours-406478,204,0.017893
12,simd-v0,205,0.034492
12,393435,205,0.022712
12,ours-406478,205,0.017893
12,KACTL,205,0.161844
12,393435,206,0.022625
12,ours-406478,206,0.018555
12,KACTL,206,0.161120
12,simd-v0,206,0.033521
12,ours-406478,207,0.018458
12,KACTL,207,0.160330
12,simd-v0,207,0.033544
12,393435,207,0.022196
12,KACTL,208,0.166961
12,simd-v0,208,0.033587
12,393435,208,0.022229
12,ours-406478,208,0.018541
12,simd-v0,209,0.033658
12,393435,209,0.022241
12,ours-406478,209,0.018514
12,KACTL,209,0.159977
12,393435,210,0.022636
12,ours-406478,210,0.018458
12,KACTL,210,0.160074
12,simd-v0,210,0.033503
12,ours-406478,211,0.018620
12,KACTL,211,0.160008
12,simd-v0,211,0.033496
12,393435,211,0.022274
12,KACTL,212,0.165935
12,simd-v0,212,0.033496
12,393435,212,0.022245
12,ours-406478,212,0.018522
12,simd-v0,213,0.033852
12,393435,213,0.022787
12,ours-406478,213,0.017914
12,KACTL,213,0.166603
12,393435,214,0.023087
12,ours-406478,214,0.018001
12,KACTL,214,0.165449
12,simd-v0,214,0.034473
12,ours-406478,215,0.017860
12,KACTL,215,0.165602
12,simd-v0,215,0.034415
12,393435,215,0.022756
12,KACTL,216,0.187891
12,simd-v0,216,0.034505
12,393435,216,0.022777
12,ours-406478,216,0.018062
12,simd-v0,217,0.034404
12,393435,217,0.022707
12,ours-406478,217,0.017983
12,KACTL,217,0.165551
12,393435,218,0.023125
12,ours-406478,218,0.018006
12,KACTL,218,0.165531
12,simd-v0,218,0.034392
12,ours-406478,219,0.017910
12,KACTL,219,0.165397
12,simd-v0,219,0.034400
12,393435,219,0.022727
12,KACTL,220,0.172038
12,simd-v0,220,0.034364
12,393435,220,0.022725
12,ours-406478,220,0.017716
12,simd-v0,221,0.034370
12,393435,221,0.022770
12,ours-406478,221,0.017935
12,KACTL,221,0.165477
12,393435,222,0.023102
12,ours-406478,222,0.017931
12,KACTL,222,0.165409
12,simd-v0,222,0.034404
12,ours-406478,223,0.017916
12,KACTL,223,0.181529
12,simd-v0,223,0.034469
12,393435,223,0.022728
12,KACTL,224,0.172133
12,simd-v0,224,0.034450
12,393435,224,0.022823
12,ours-406478,224,0.018012
12,simd-v0,225,0.034431
12,393435,225,0.022735
12,ours-406478,225,0.017793
12,KACTL,225,0.165480
12,393435,226,0.022820
12,ours-406478,226,0.017909
12,KACTL,226,0.165477
12,simd-v0,226,0.034359
12,ours-406478,227,0.017884
12,KACTL,227,0.165344
12,simd-v0,227,0.034305
12,393435,227,0.022766
12,KACTL,228,0.171885
12,simd-v0,228,0.034471
12,393435,228,0.022732
12,ours-406478,228,0.017948
12,simd-v0,229,0.034451
12,393435,229,0.022725
12,ours-406478,229,0.019291
12,KACTL,229,0.160003
12,393435,230,0.022598
12,ours-406478,230,0.018569
12,KACTL,230,0.159917
12,simd-v0,230,0.038567
12,ours-406478,231,0.018559
12,KACTL,231,0.159842
12,simd-v0,231,0.033589
12,393435,231,0.022321
12,KACTL,232,0.159773
12,simd-v0,232,0.040252
12,393435,232,0.021519
12,ours-406478,232,0.017934
12,simd-v0,233,0.032490
12,393435,233,0.021442
12,ours-406478,233,0.018000
12,KACTL,233,0.157199
12,393435,234,0.021778
12,ours-406478,234,0.017877
12,KACTL,234,0.154665
12,simd-v0,234,0.032477
12,ours-406478,235,0.017876
12,KACTL,235,0.154752
12,simd-v0,235,0.032371
12,393435,235,0.021498
12,KACTL,236,0.154847
12,simd-v0,236,0.032413
12,393435,236,0.021897
12,ours-406478,236,0.024750
12,simd-v0,237,0.032462
12,393435,237,0.021519
12,ours-406478,237,0.017934
12,KACTL,237,0.154923
12,393435,238,0.021894
12,ours-406478,238,0.017970
12,KACTL,238,0.154832
12,simd-v0,238,0.032466
12,ours-406478,239,0.017876
12,KACTL,239,0.154775
12,simd-v0,239,0.032473
12,393435,239,0.021536
12,KACTL,240,0.155810
12,simd-v0,240,0.032469
12,393435,240,0.021563
12,ours-406478,240,0.017964
12,simd-v0,241,0.032541
12,393435,241,0.028047
12,ours-406478,241,0.017883
12,KACTL,241,0.155665
12,393435,242,0.021849
12,ours-406478,242,0.018015
12,KACTL,242,0.154915
12,simd-v0,242,0.032472
12,ours-406478,243,0.018030
12,KACTL,243,0.154763
12,simd-v0,243,0.032427
12,393435,243,0.021478
12,KACTL,244,0.155479
12,simd-v0,244,0.033553
12,393435,244,0.022262
12,ours-406478,244,0.018491
12,simd-v0,245,0.033928
12,393435,245,0.022743
12,ours-406478,245,0.017976
12,KACTL,245,0.177514
12,393435,246,0.023973
12,ours-406478,246,0.018578
12,KACTL,246,0.171322
12,simd-v0,246,0.035631
12,ours-406478,247,0.018579
12,KACTL,247,0.171422
12,simd-v0,247,0.035688
12,393435,247,0.023587
12,KACTL,248,0.171272
12,simd-v0,248,0.035622
12,393435,248,0.023570
12,ours-406478,248,0.018589
12,simd-v0,249,0.035440
12,393435,249,0.023951
12,ours-406478,249,0.018269
12,KACTL,249,0.166690
12,393435,250,0.023092
12,ours-406478,250,0.017983
12,KACTL,250,0.165402
12,simd-v0,250,0.034468
12,ours-406478,251,0.017991
12,KACTL,251,0.165460
12,simd-v0,251,0.034390
12,393435,251,0.022795
12,KACTL,252,0.166571
12,simd-v0,252,0.034447
12,393435,252,0.022726
12,ours-406478,252,0.017763
12,simd-v0,253,0.034403
12,393435,253,0.022797
12,ours-406478,253,0.017874
12,KACTL,253,0.172292
12,393435,254,0.023108
12,ours-406478,254,0.017966
12,KACTL,254,0.165528
12,simd-v0,254,0.034366
12,ours-406478,255,0.017945
12,KACTL,255,0.165405
12,simd-v0,255,0.034312
12,393435,255,0.022783
12,KACTL,256,0.166281
12,simd-v0,256,0.034348
12,393435,256,0.022774
12,ours-406478,256,0.017958
12,simd-v0,257,0.034277
12,393435,257,0.022751
12,ours-406478,257,0.017900
12,KACTL,257,0.174974
12,393435,258,0.023200
12,ours-406478,258,0.017918
12,KACTL,258,0.165658
12,simd-v0,258,0.034376
12,ours-406478,259,0.017918
12,KACTL,259,0.165548
12,simd-v0,259,0.034479
12,393435,259,0.022790
12,KACTL,260,0.165537
12,simd-v0,260,0.034388
12,393435,260,0.022745
12,ours-406478,260,0.017920
12,simd-v0,261,0.034226
12,393435,261,0.022745
12,ours-406478,261,0.017982
12,KACTL,261,0.167934
12,393435,262,0.022545
12,ours-406478,262,0.018586
12,KACTL,262,0.159929
12,simd-v0,262,0.033457
12,ours-406478,263,0.018566
12,KACTL,263,0.165267
12,simd-v0,263,0.034320
12,393435,263,0.022753
12,KACTL,264,0.165453
12,simd-v0,264,0.034260
12,393435,264,0.022730
12,ours-406478,264,0.017761
12,simd-v0,265,0.034308
12,393435,265,0.022756
12,ours-406478,265,0.017964
12,KACTL,265,0.172935
12,393435,266,0.023189
12,ours-406478,266,0.017954
12,KACTL,266,0.165355
12,simd-v0,266,0.034311
12,ours-406478,267,0.017805
12,KACTL,267,0.166437
12,simd-v0,267,0.034473
12,393435,267,0.022791
12,KACTL,268,0.165371
12,simd-v0,268,0.034306
12,393435,268,0.022745
12,ours-406478,268,0.017925
12,simd-v0,269,0.034352
12,393435,269,0.022720
12,ours-406478,269,0.017951
12,KACTL,269,0.172192
12,393435,270,0.022824
12,ours-406478,270,0.017897
12,KACTL,270,0.165186
12,simd-v0,270,0.034349
12,ours-406478,271,0.017807
12,KACTL,271,0.165607
12,simd-v0,271,0.034428
12,393435,271,0.022787
12,KACTL,272,0.165275
12,simd-v0,272,0.034429
12,393435,272,0.022723
12,ours-406478,272,0.017962
12,simd-v0,273,0.034464
12,393435,273,0.022763
12,ours-406478,273,0.017920
12,KACTL,273,0.172426
12,393435,274,0.022828
12,ours-406478,274,0.017968
12,KACTL,274,0.167922
12,simd-v0,274,0.034267
12,ours-406478,275,0.018009
12,KACTL,275,0.165359
12,simd-v0,275,0.034324
12,393435,275,0.022788
12,KACTL,276,0.165373
12,simd-v0,276,0.034267
12,393435,276,0.022750
12,ours-406478,276,0.017806
12,simd-v0,277,0.034413
12,393435,277,0.022770
12,ours-406478,277,0.017888
12,KACTL,277,0.172230
12,393435,278,0.023124
12,ours-406478,278,0.018006
12,KACTL,278,0.165292
12,simd-v0,278,0.034421
12,ours-406478,279,0.017904
12,KACTL,279,0.165406
12,simd-v0,279,0.033550
12,393435,279,0.022187
12,KACTL,280,0.159884
12,simd-v0,280,0.033522
12,393435,280,0.022327
12,ours-406478,280,0.018626
12,simd-v0,281,0.033703
12,393435,281,0.022169
12,ours-406478,281,0.018535
12,KACTL,281,0.167570
12,393435,282,0.022617
12,ours-406478,282,0.018626
12,KACTL,282,0.159919
12,simd-v0,282,0.033615
12,ours-406478,283,0.018485
12,KACTL,283,0.159902
12,simd-v0,283,0.033555
12,393435,283,0.022288
12,KACTL,284,0.159886
12,simd-v0,284,0.033496
12,393435,284,0.022182
12,ours-406478,284,0.018461
12,simd-v0,285,0.033594
12,393435,285,0.022165
12,ours-406478,285,0.018634
12,KACTL,285,0.166338
12,393435,286,0.022686
12,ours-406478,286,0.018538
12,KACTL,286,0.159935
12,simd-v0,286,0.033533
12,ours-406478,287,0.018555
12,KACTL,287,0.164942
12,simd-v0,287,0.034374
12,393435,287,0.022705
12,KACTL,288,0.165339
12,simd-v0,288,0.034401
12,393435,288,0.022765
12,ours-406478,288,0.018058
12,simd-v0,289,0.034482
12,393435,289,0.022717
12,ours-406478,289,0.018004
12,KACTL,289,0.171915
12,393435,290,0.023130
12,ours-406478,290,0.017939
12,KACTL,290,0.165316
12,simd-v0,290,0.034447
12,ours-406478,291,0.017902
12,KACTL,291,0.165543
12,simd-v0,291,0.034414
12,393435,291,0.023144
12,KACTL,292,0.165374
12,simd-v0,292,0.034417
12,393435,292,0.022743
12,ours-406478,292,0.018024
12,simd-v0,293,0.034412
12,393435,293,0.022739
12,ours-406478,293,0.017955
12,KACTL,293,0.172183
12,393435,294,0.023129
12,ours-406478,294,0.017935
12,KACTL,294,0.165338
12,simd-v0,294,0.034485
12,ours-406478,295,0.017932
12,KACTL,295,0.165555
12,simd-v0,295,0.034494
12,393435,295,0.022801
12,KACTL,296,0.165313
12,simd-v0,296,0.034435
12,393435,296,0.022762
12,ours-406478,296,0.017887
12,simd-v0,297,0.034434
12,393435,297,0.022793
12,ours-406478,297,0.017985
12,KACTL,297,0.172369
12,393435,298,0.023162
12,ours-406478,298,0.017946
12,KACTL,298,0.165574
12,simd-v0,298,0.034419
12,ours-406478,299,0.017921
12,KACTL,299,0.165542
12,simd-v0,299,0.034363
12,393435,299,0.022742
12,KACTL,300,0.165522
12,simd-v0,300,0.034451
12,393435,300,0.022741
12,ours-406478,300,0.017958
12,simd-v0,301,0.034526
12,393435,301,0.022719
12,ours-406478,301,0.017990
12,KACTL,301,0.171861
12,393435,302,0.023182
12,ours-406478,302,0.018030
12,KACTL,302,0.166253
12,simd-v0,302,0.033256
12,ours-406478,303,0.017250
12,KACTL,303,0.159372
12,simd-v0,303,0.032455
12,393435,303,0.021427
12,KACTL,304,0.154542
12,simd-v0,304,0.032445
12,393435,304,0.021445
12,ours-406478,304,0.017903
12,simd-v0,305,0.032320
12,393435,305,0.021534
12,ours-406478,305,0.018014
12,KACTL,305,0.155956
12,393435,306,0.029787
12,ours-406478,306,0.017824
12,KACTL,306,0.164219
12,simd-v0,306,0.034442
12,ours-406478,307,0.017325
12,KACTL,307,0.165464
12,simd-v0,307,0.034472
12,393435,307,0.023751
12,KACTL,308,0.165481
12,simd-v0,308,0.034396
12,393435,308,0.022767
12,ours-406478,308,0.017935
12,simd-v0,309,0.034437
12,393435,309,0.022755
12,ours-406478,309,0.017927
12,KACTL,309,0.166740
12,393435,310,0.023149
12,ours-406478,310,0.024921
12,KACTL,310,0.165655
12,simd-v0,310,0.034398
12,ours-406478,311,0.017985
12,KACTL,311,0.165511
12,simd-v0,311,0.034423
12,393435,311,0.022738
12,KACTL,312,0.165300
12,simd-v0,312,0.034415
12,393435,312,0.022744
12,ours-406478,312,0.017927
12,simd-v0,313,0.034236
12,393435,313,0.022742
12,ours-406478,313,0.017931
12,KACTL,313,0.166515
12,393435,314,0.023092
12,ours-406478,314,0.024700
12,KACTL,314,0.167755
12,simd-v0,314,0.034422
12,ours-406478,315,0.017903
12,KACTL,315,0.165218
12,simd-v0,315,0.034435
12,393435,315,0.022775
12,KACTL,316,0.165303
12,simd-v0,316,0.034447
12,393435,316,0.022774
12,ours-406478,316,0.017925
12,simd-v0,317,0.034349
12,393435,317,0.022723
12,ours-406478,317,0.017896
12,KACTL,317,0.165631
12,393435,318,0.023131
12,ours-406478,318,0.024853
12,KACTL,318,0.180804
12,simd-v0,318,0.034375
12,ours-406478,319,0.017954
12,KACTL,319,0.165530
12,simd-v0,319,0.034446
12,393435,319,0.022777
12,KACTL,320,0.165440
12,simd-v0,320,0.034442
12,393435,320,0.022775
12,ours-406478,320,0.018016
12,simd-v0,321,0.034450
12,393435,321,0.022734
12,ours-406478,321,0.017958
12,KACTL,321,0.165539
12,393435,322,0.023083
12,ours-406478,322,0.024875
12,KACTL,322,0.164015
12,simd-v0,322,0.033497
12,ours-406478,323,0.018684
12,KACTL,323,0.160002
12,simd-v0,323,0.034840
12,393435,323,0.022721
12,KACTL,324,0.162228
12,simd-v0,324,0.034940
12,393435,324,0.022740
12,ours-406478,324,0.017970
12,simd-v0,325,0.036463
12,393435,325,0.022733
12,ours-406478,325,0.017964
12,KACTL,325,0.161182
12,393435,326,0.024165
12,ours-406478,326,0.018019
12,KACTL,326,0.167224
12,simd-v0,326,0.034889
12,ours-406478,327,0.017915
12,KACTL,327,0.161285
12,simd-v0,327,0.034934
12,393435,327,0.022807
12,KACTL,328,0.162064
12,simd-v0,328,0.034874
12,393435,328,0.022738
12,ours-406478,328,0.017804
12,simd-v0,329,0.034284
12,393435,329,0.022707
12,ours-406478,329,0.017946
12,KACTL,329,0.161252
12,393435,330,0.024151
12,ours-406478,330,0.017823
12,KACTL,330,0.168294
12,simd-v0,330,0.034868
12,ours-406478,331,0.017963
12,KACTL,331,0.161680
12,simd-v0,331,0.034837
12,393435,331,0.022764
12,KACTL,332,0.161441
12,simd-v0,332,0.034914
12,393435,332,0.022725
12,ours-406478,332,0.017809
12,simd-v0,333,0.034225
12,393435,333,0.022677
12,ours-406478,333,0.017995
12,KACTL,333,0.161579
12,393435,334,0.024197
12,ours-406478,334,0.017808
12,KACTL,334,0.171013
12,simd-v0,334,0.034964
12,ours-406478,335,0.017973
12,KACTL,335,0.161717
12,simd-v0,335,0.034901
12,393435,335,0.022748
12,KACTL,336,0.161183
12,simd-v0,336,0.034922
12,393435,336,0.022734
12,ours-406478,336,0.017881
12,simd-v0,337,0.034275
12,393435,337,0.022744
12,ours-406478,337,0.017971
12,KACTL,337,0.161168
12,393435,338,0.024142
12,ours-406478,338,0.017915
12,KACTL,338,0.167979
12,simd-v0,338,0.034944
12,ours-406478,339,0.017868
12,KACTL,339,0.161271
12,simd-v0,339,0.033569
12,393435,339,0.022270
12,KACTL,340,0.159978
12,simd-v0,340,0.033473
12,393435,340,0.022659
12,ours-406478,340,0.018543
12,simd-v0,341,0.033689
12,393435,341,0.022723
12,ours-406478,341,0.017938
12,KACTL,341,0.161216
12,393435,342,0.024138
12,ours-406478,342,0.017942
12,KACTL,342,0.194542
12,simd-v0,342,0.034855
12,ours-406478,343,0.017899
12,KACTL,343,0.176674
12,simd-v0,343,0.035086
12,393435,343,0.028196
12,KACTL,344,0.174733
12,simd-v0,344,0.034879
12,393435,344,0.022760
12,ours-406478,344,0.017737
12,simd-v0,345,0.034285
12,393435,345,0.022722
12,ours-406478,345,0.018013
12,KACTL,345,0.161223
12,393435,346,0.024166
12,ours-406478,346,0.017960
12,KACTL,346,0.168937
12,simd-v0,346,0.034913
12,ours-406478,347,0.017922
12,KACTL,347,0.161259
12,simd-v0,347,0.034862
12,393435,347,0.022731
12,KACTL,348,0.162172
12,simd-v0,348,0.034904
12,393435,348,0.022791
12,ours-406478,348,0.017974
12,simd-v0,349,0.034289
12,393435,349,0.022763
12,ours-406478,349,0.017968
12,KACTL,349,0.161340
12,393435,350,0.024107
12,ours-406478,350,0.017946
12,KACTL,350,0.187069
12,simd-v0,350,0.034855
12,ours-406478,351,0.017953
12,KACTL,351,0.161480
12,simd-v0,351,0.034898
12,393435,351,0.022737
12,KACTL,352,0.161328
12,simd-v0,352,0.034918
12,393435,352,0.022721
12,ours-406478,352,0.017952
12,simd-v0,353,0.036426
12,393435,353,0.022785
12,ours-406478,353,0.017844
12,KACTL,353,0.161385
12,393435,354,0.024146
12,ours-406478,354,0.017935
12,KACTL,354,0.167588
12,simd-v0,354,0.034930
12,ours-406478,355,0.017886
12,KACTL,355,0.163446
12,simd-v0,355,0.034849
12,393435,355,0.022730
12,KACTL,356,0.161076
12,simd-v0,356,0.034868
12,393435,356,0.022732
12,ours-406478,356,0.017953
12,simd-v0,357,0.034246
12,393435,357,0.023232
12,ours-406478,357,0.016749
12,KACTL,357,0.159850
12,393435,358,0.022769
12,ours-406478,358,0.016795
12,KACTL,358,0.165844
12,simd-v0,358,0.033307
12,ours-406478,359,0.016774
12,KACTL,359,0.159887
12,simd-v0,359,0.033280
12,393435,359,0.022027
12,KACTL,360,0.159886
12,simd-v0,360,0.033442
12,393435,360,0.021254
12,ours-406478,360,0.016798
12,simd-v0,361,0.034006
12,393435,361,0.021273
12,ours-406478,361,0.016762
12,KACTL,361,0.160061
12,393435,362,0.022728
12,ours-406478,362,0.016756
12,KACTL,362,0.166301
12,simd-v0,362,0.033395
12,ours-406478,363,0.016790
12,KACTL,363,0.159618
12,simd-v0,363,0.032237
12,393435,363,0.021279
12,KACTL,364,0.154726
12,simd-v0,364,0.032165
12,393435,364,0.021265
12,ours-406478,364,0.016547
12,simd-v0,365,0.032097
12,393435,365,0.021300
12,ours-406478,365,0.016756
12,KACTL,365,0.154867
12,393435,366,0.021603
12,ours-406478,366,0.016751
12,KACTL,366,0.155912
12,simd-v0,366,0.032185
12,ours-406478,367,0.023455
12,KACTL,367,0.155051
12,simd-v0,367,0.032186
12,393435,367,0.021265
12,KACTL,368,0.154675
12,simd-v0,368,0.032200
12,393435,368,0.021277
12,ours-406478,368,0.016764
12,simd-v0,369,0.032337
12,393435,369,0.021268
12,ours-406478,369,0.016863
12,KACTL,369,0.155599
12,393435,370,0.021613
12,ours-406478,370,0.016800
12,KACTL,370,0.154785
12,simd-v0,370,0.032167
12,ours-406478,371,0.016750
12,KACTL,371,0.162770
12,simd-v0,371,0.034469
12,393435,371,0.022777
12,KACTL,372,0.169572
12,simd-v0,372,0.034409
12,393435,372,0.022757
12,ours-406478,372,0.018002
12,simd-v0,373,0.034518
12,393435,373,0.022699
12,ours-406478,373,0.017873
12,KACTL,373,0.165503
12,393435,374,0.023104
12,ours-406478,374,0.017962
12,KACTL,374,0.161011
12,simd-v0,374,0.033537
12,ours-406478,375,0.018521
12,KACTL,375,0.166766
12,simd-v0,375,0.033554
12,393435,375,0.022170
12,KACTL,376,0.160971
12,simd-v0,376,0.033569
12,393435,376,0.022337
12,ours-406478,376,0.018569
12,simd-v0,377,0.033596
12,393435,377,0.022258
12,ours-406478,377,0.018524
12,KACTL,377,0.160099
12,393435,378,0.022587
12,ours-406478,378,0.018482
12,KACTL,378,0.159952
12,simd-v0,378,0.033588
12,ours-406478,379,0.018547
12,KACTL,379,0.166705
12,simd-v0,379,0.034929
12,393435,379,0.022773
12,KACTL,380,0.162217
12,simd-v0,380,0.034944
12,393435,380,0.022704
12,ours-406478,380,0.017956
12,simd-v0,381,0.036246
12,393435,381,0.022759
12,ours-406478,381,0.017737
12,KACTL,381,0.161294
12,393435,382,0.024146
12,ours-406478,382,0.017955
12,KACTL,382,0.161130
12,simd-v0,382,0.034855
12,ours-406478,383,0.017909
12,KACTL,383,0.168687
12,simd-v0,383,0.034907
12,393435,383,0.022801
12,KACTL,384,0.161171
12,simd-v0,384,0.034949
12,393435,384,0.022750
12,ours-406478,384,0.017947
12,simd-v0,385,0.070530
12,393435,385,0.022870
12,ours-406478,385,0.018019
12,KACTL,385,0.161364
12,393435,386,0.024132
12,ours-406478,386,0.017986
12,KACTL,386,0.161163
12,simd-v0,386,0.034929
12,ours-406478,387,0.017992
12,KACTL,387,0.168192
12,simd-v0,387,0.034986
12,393435,387,0.022783
12,KACTL,388,0.161130
12,simd-v0,388,0.034863
12,393435,388,0.022751
12,ours-406478,388,0.018004
12,simd-v0,389,0.034223
12,393435,389,0.022749
12,ours-406478,389,0.017989
12,KACTL,389,0.161144
12,393435,390,0.024166
12,ours-406478,390,0.017940
12,KACTL,390,0.161024
12,simd-v0,390,0.034872
12,ours-406478,391,0.017929
12,KACTL,391,0.167160
12,simd-v0,391,0.034950
12,393435,391,0.022768
12,KACTL,392,0.161099
12,simd-v0,392,0.034863
12,393435,392,0.022798
12,ours-406478,392,0.017954
12,simd-v0,393,0.036154
12,393435,393,0.022718
12,ours-406478,393,0.017995
12,KACTL,393,0.160894
12,393435,394,0.024172
12,ours-406478,394,0.017914
12,KACTL,394,0.161049
12,simd-v0,394,0.035042
12,ours-406478,395,0.017891
12,KACTL,395,0.167894
12,simd-v0,395,0.033574
12,393435,395,0.022286
12,KACTL,396,0.162262
12,simd-v0,396,0.033567
12,393435,396,0.022236
12,ours-406478,396,0.018575
12,simd-v0,397,0.033686
12,393435,397,0.022786
12,ours-406478,397,0.017951
12,KACTL,397,0.161324
12,393435,398,0.024152
12,ours-406478,398,0.017945
12,KACTL,398,0.160947
12,simd-v0,398,0.034871
12,ours-406478,399,0.017933
12,KACTL,399,0.162029
12,simd-v0,399,0.043669
12,393435,399,0.022783
12,KACTL,400,0.161098
12,simd-v0,400,0.034891
12,393435,400,0.022759
12,ours-406478,400,0.018032
12,simd-v0,401,0.036206
12,393435,401,0.022767
12,ours-406478,401,0.017987
12,KACTL,401,0.162191
12,393435,402,0.024166
12,ours-406478,402,0.017979
12,KACTL,402,0.162218
12,simd-v0,402,0.034852
12,ours-406478,403,0.017901
12,KACTL,403,0.161195
12,simd-v0,403,0.044147
12,393435,403,0.022794
12,KACTL,404,0.161145
12,simd-v0,404,0.034879
12,393435,404,0.022725
12,ours-406478,404,0.017969
12,simd-v0,405,0.034301
12,393435,405,0.022793
12,ours-406478,405,0.017910
12,KACTL,405,0.161251
12,393435,406,0.024172
12,ours-406478,406,0.017948
12,KACTL,406,0.161155
12,simd-v0,406,0.034821
12,ours-406478,407,0.017975
12,KACTL,407,0.161499
12,simd-v0,407,0.034899
12,393435,407,0.035948
12,KACTL,408,0.161170
12,simd-v0,408,0.034888
12,393435,408,0.022678
12,ours-406478,408,0.017981
12,simd-v0,409,0.034259
12,393435,409,0.022710
12,ours-406478,409,0.017927
12,KACTL,409,0.161537
12,393435,410,0.024110
12,ours-406478,410,0.017973
12,KACTL,410,0.161720
12,simd-v0,410,0.033768
12,ours-406478,411,0.017363
12,KACTL,411,0.155936
12,simd-v0,411,0.033750
12,393435,411,0.022006
12,KACTL,412,0.163530
12,simd-v0,412,0.033758
12,393435,412,0.021997
12,ours-406478,412,0.017399
12,simd-v0,413,0.033089
12,393435,413,0.021953
12,ours-406478,413,0.017380
12,KACTL,413,0.160003
12,393435,414,0.023464
12,ours-406478,414,0.017348
12,KACTL,414,0.165047
12,simd-v0,414,0.034510
12,ours-406478,415,0.017334
12,KACTL,415,0.165321
12,simd-v0,415,0.034397
12,393435,415,0.021983
12,KACTL,416,0.164390
12,simd-v0,416,0.032192
12,393435,416,0.021309
12,ours-406478,416,0.016790
12,simd-v0,417,0.032056
12,393435,417,0.021261
12,ours-406478,417,0.016744
12,KACTL,417,0.154591
12,393435,418,0.021633
12,ours-406478,418,0.016824
12,KACTL,418,0.154680
12,simd-v0,418,0.032184
12,ours-406478,419,0.016838
12,KACTL,419,0.154757
12,simd-v0,419,0.032214
12,393435,419,0.021366
12,KACTL,420,0.162018
12,simd-v0,420,0.032216
12,393435,420,0.021245
12,ours-406478,420,0.016775
12,simd-v0,421,0.032023
12,393435,421,0.021287
12,ours-406478,421,0.016784
12,KACTL,421,0.154542
12,393435,422,0.021616
12,ours-406478,422,0.016841
12,KACTL,422,0.154771
12,simd-v0,422,0.032218
12,ours-406478,423,0.016744
12,KACTL,423,0.154517
12,simd-v0,423,0.032164
12,393435,423,0.021263
12,KACTL,424,0.154590
12,simd-v0,424,0.039441
12,393435,424,0.021308
12,ours-406478,424,0.016631
12,simd-v0,425,0.032327
12,393435,425,0.021300
12,ours-406478,425,0.016823
12,KACTL,425,0.155932
12,393435,426,0.021653
12,ours-406478,426,0.016792
12,KACTL,426,0.182133
12,simd-v0,426,0.032201
12,ours-406478,427,0.016795
12,KACTL,427,0.154548
12,simd-v0,427,0.032159
12,393435,427,0.021301
12,KACTL,428,0.154796
12,simd-v0,428,0.032239
12,393435,428,0.021248
12,ours-406478,428,0.023410
12,simd-v0,429,0.032283
12,393435,429,0.021292
12,ours-406478,429,0.016781
12,KACTL,429,0.155783
12,393435,430,0.021655
12,ours-406478,430,0.016774
12,KACTL,430,0.154686
12,simd-v0,430,0.032188
12,ours-406478,431,0.016810
12,KACTL,431,0.154352
12,simd-v0,431,0.032254
12,393435,431,0.021267
12,KACTL,432,0.154450
12,simd-v0,432,0.032172
12,393435,432,0.021244
12,ours-406478,432,0.016796
12,simd-v0,433,0.032043
12,393435,433,0.021243
12,ours-406478,433,0.024094
12,KACTL,433,0.154725
12,393435,434,0.021602
12,ours-406478,434,0.016744
12,KACTL,434,0.154629
12,simd-v0,434,0.032228
12,ours-406478,435,0.016776
12,KACTL,435,0.154698
12,simd-v0,435,0.032195
12,393435,435,0.021285
12,KACTL,436,0.154559
12,simd-v0,436,0.032256
12,393435,436,0.021267
12,ours-406478,436,0.016780
12,simd-v0,437,0.032291
12,393435,437,0.021252
12,ours-406478,437,0.016772
12,KACTL,437,0.161218
12,393435,438,0.021621
12,ours-406478,438,0.016634
12,KACTL,438,0.157664
12,simd-v0,438,0.032222
12,ours-406478,439,0.016732
12,KACTL,439,0.154642
12,simd-v0,439,0.032163
12,393435,439,0.021247
12,KACTL,440,0.154561
12,simd-v0,440,0.032196
12,393435,440,0.021250
12,ours-406478,440,0.016816
12,simd-v0,441,0.032250
12,393435,441,0.021310
12,ours-406478,441,0.016554
12,KACTL,441,0.161049
12,393435,442,0.021644
12,ours-406478,442,0.016793
12,KACTL,442,0.154583
12,simd-v0,442,0.032194
12,ours-406478,443,0.016799
12,KACTL,443,0.154714
12,simd-v0,443,0.032266
12,393435,443,0.021252
12,KACTL,444,0.154599
12,simd-v0,444,0.032185
12,393435,444,0.021290
12,ours-406478,444,0.016752
12,simd-v0,445,0.032080
12,393435,445,0.021280
12,ours-406478,445,0.016779
12,KACTL,445,0.154811
12,393435,446,0.021600
12,ours-406478,446,0.016815
12,KACTL,446,0.160476
12,simd-v0,446,0.032253
12,ours-406478,447,0.016826
12,KACTL,447,0.154845
12,simd-v0,447,0.032265
12,393435,447,0.021328
12,KACTL,448,0.154490
12,simd-v0,448,0.032159
12,393435,448,0.021257
12,ours-406478,448,0.016748
12,simd-v0,449,0.032057
12,393435,449,0.021265
12,ours-406478,449,0.016772
12,KACTL,449,0.155864
12,393435,450,0.021608
12,ours-406478,450,0.016757
12,KACTL,450,0.160862
12,simd-v0,450,0.032254
12,ours-406478,451,0.016757
12,KACTL,451,0.154790
12,simd-v0,451,0.032250
12,393435,451,0.021271
12,KACTL,452,0.154649
12,simd-v0,452,0.032171
12,393435,452,0.021244
12,ours-406478,452,0.016776
12,simd-v0,453,0.032301
12,393435,453,0.021289
12,ours-406478,453,0.016742
12,KACTL,453,0.154781
12,393435,454,0.021592
12,ours-406478,454,0.016793
12,KACTL,454,0.161052
12,simd-v0,454,0.032319
12,ours-406478,455,0.016760
12,KACTL,455,0.154743
12,simd-v0,455,0.032186
12,393435,455,0.023331
12,KACTL,456,0.160503
12,simd-v0,456,0.033325
12,393435,456,0.021998
12,ours-406478,456,0.017344
12,simd-v0,457,0.033337
12,393435,457,0.021987
12,ours-406478,457,0.017321
12,KACTL,457,0.159574
12,393435,458,0.022337
12,ours-406478,458,0.017394
12,KACTL,458,0.159702
12,simd-v0,458,0.033391
12,ours-406478,459,0.024376
12,KACTL,459,0.159867
12,simd-v0,459,0.033272
12,393435,459,0.021968
12,KACTL,460,0.159644
12,simd-v0,460,0.033343
12,393435,460,0.021973
12,ours-406478,460,0.017936
12,simd-v0,461,0.033091
12,393435,461,0.022038
12,ours-406478,461,0.017226
12,KACTL,461,0.160859
12,393435,462,0.022348
12,ours-406478,462,0.017320
12,KACTL,462,0.159761
12,simd-v0,462,0.033276
12,ours-406478,463,0.017326
12,KACTL,463,0.166217
12,simd-v0,463,0.033273
12,393435,463,0.022002
12,KACTL,464,0.159797
12,simd-v0,464,0.033245
12,393435,464,0.021949
12,ours-406478,464,0.017421
12,simd-v0,465,0.033342
12,393435,465,0.021950
12,ours-406478,465,0.017384
12,KACTL,465,0.158429
12,393435,466,0.021820
12,ours-406478,466,0.017925
12,KACTL,466,0.154698
12,simd-v0,466,0.032416
12,ours-406478,467,0.017917
12,KACTL,467,0.166130
12,simd-v0,467,0.033262
12,393435,467,0.021980
12,KACTL,468,0.159962
12,simd-v0,468,0.033223
12,393435,468,0.046886
12,ours-406478,468,0.017307
12,simd-v0,469,0.033330
12,393435,469,0.021953
12,ours-406478,469,0.017192
12,KACTL,469,0.160019
12,393435,470,0.022339
12,ours-406478,470,0.017348
12,KACTL,470,0.159916
12,simd-v0,470,0.033242
12,ours-406478,471,0.017339
12,KACTL,471,0.166280
12,simd-v0,471,0.033311
12,393435,471,0.021938
12,KACTL,472,0.160878
12,simd-v0,472,0.033286
12,393435,472,0.021966
12,ours-406478,472,0.017873
12,simd-v0,473,0.032239
12,393435,473,0.021281
12,ours-406478,473,0.017286
12,KACTL,473,0.160060
12,393435,474,0.022374
12,ours-406478,474,0.017375
12,KACTL,474,0.160882
12,simd-v0,474,0.033312
12,ours-406478,475,0.017358
12,KACTL,475,0.166183
12,simd-v0,475,0.033337
12,393435,475,0.022000
12,KACTL,476,0.159848
12,simd-v0,476,0.033317
12,393435,476,0.021969
12,ours-406478,476,0.017360
12,simd-v0,477,0.033330
12,393435,477,0.022008
12,ours-406478,477,0.017374
12,KACTL,477,0.159743
12,393435,478,0.022289
12,ours-406478,478,0.017369
12,KACTL,478,0.159567
12,simd-v0,478,0.033325
12,ours-406478,479,0.017357
12,KACTL,479,0.159841
12,simd-v0,479,0.040002
12,393435,479,0.021977
12,KACTL,480,0.162083
12,simd-v0,480,0.033262
12,393435,480,0.021981
12,ours-406478,480,0.017312
12,simd-v0,481,0.033375
12,393435,481,0.021972
12,ours-406478,481,0.017390
12,KACTL,481,0.159916
12,393435,482,0.022338
12,ours-406478,482,0.017362
12,KACTL,482,0.159797
12,simd-v0,482,0.033292
12,ours-406478,483,0.017291
12,KACTL,483,0.159874
12,simd-v0,483,0.033240
12,393435,483,0.028860
12,KACTL,484,0.159952
12,simd-v0,484,0.033257
12,393435,484,0.023017
12,ours-406478,484,0.016830
12,simd-v0,485,0.032305
12,393435,485,0.021254
12,ours-406478,485,0.016798
12,KACTL,485,0.154825
12,393435,486,0.021628
12,ours-406478,486,0.016627
12,KACTL,486,0.154569
12,simd-v0,486,0.032156
12,ours-406478,487,0.016767
12,KACTL,487,0.154602
12,simd-v0,487,0.032271
12,393435,487,0.021260
12,KACTL,488,0.171424
12,simd-v0,488,0.032268
12,393435,488,0.021282
12,ours-406478,488,0.016856
12,simd-v0,489,0.032319
12,393435,489,0.021310
12,ours-406478,489,0.016784
12,KACTL,489,0.154732
12,393435,490,0.021633
12,ours-406478,490,0.016614
12,KACTL,490,0.154625
12,simd-v0,490,0.032243
12,ours-406478,491,0.016719
12,KACTL,491,0.154654
12,simd-v0,491,0.032235
12,393435,491,0.021262
12,KACTL,492,0.162624
12,simd-v0,492,0.032194
12,393435,492,0.021254
12,ours-406478,492,0.016838
12,simd-v0,493,0.032239
12,393435,493,0.021280
12,ours-406478,493,0.016649
12,KACTL,493,0.154657
12,393435,494,0.021610
12,ours-406478,494,0.016780
12,KACTL,494,0.154498
12,simd-v0,494,0.032206
12,ours-406478,495,0.016659
12,KACTL,495,0.154844
12,simd-v0,495,0.032320
12,393435,495,0.021288
12,KACTL,496,0.154669
12,simd-v0,496,0.038894
12,393435,496,0.021283
12,ours-406478,496,0.016641
12,simd-v0,497,0.032296
12,393435,497,0.021262
12,ours-406478,497,0.016800
12,KACTL,497,0.154954
12,393435,498,0.021618
12,ours-406478,498,0.016722
12,KACTL,498,0.154713
12,simd-v0,498,0.032255
12,ours-406478,499,0.016642
12,KACTL,499,0.154814
12,simd-v0,499,0.032179
12,393435,499,0.021272
12,KACTL,500,0.154828
12,simd-v0,500,0.032218
12,393435,500,0.021258
12,ours-406478,500,0.016800
12,simd-v0,501,0.038824
12,393435,501,0.021301
12,ours-406478,501,0.016648
12,KACTL,501,0.154723
12,393435,502,0.021651
12,ours-406478,502,0.016777
12,KACTL,502,0.160513
12,simd-v0,502,0.034468
12,ours-406478,503,0.018220
12,KACTL,503,0.165473
12,simd-v0,503,0.034446
12,393435,503,0.022796
12,KACTL,504,0.165273
12,simd-v0,504,0.034392
12,393435,504,0.022726
12,ours-406478,504,0.017902
12,simd-v0,505,0.034563
12,393435,505,0.030101
12,ours-406478,505,0.017917
12,KACTL,505,0.165400
12,393435,506,0.023163
12,ours-406478,506,0.017997
12,KACTL,506,0.165349
12,simd-v0,506,0.034407
12,ours-406478,507,0.017902
12,KACTL,507,0.166494
12,simd-v0,507,0.034447
12,393435,507,0.022746
12,KACTL,508,0.165423
12,simd-v0,508,0.034301
12,393435,508,0.022751
12,ours-406478,508,0.017908
12,simd-v0,509,0.034503
12,393435,509,0.030948
12,ours-406478,509,0.017858
12,KACTL,509,0.166649
12,393435,510,0.023113
12,ours-406478,510,0.017984
12,KACTL,510,0.202255
12,simd-v0,510,0.034491
12,ours-406478,511,0.017941
12,KACTL,511,0.166812
12,simd-v0,511,0.034395
12,393435,511,0.022744
12,KACTL,512,0.165321
12,simd-v0,512,0.034362
12,393435,512,0.022746
12,ours-406478,512,0.017828
12,simd-v0,513,0.041902
12,393435,513,0.022688
12,ours-406478,513,0.017957
12,KACTL,513,0.167795
12,393435,514,0.023143
12,ours-406478,514,0.017945
12,KACTL,514,0.165628
12,simd-v0,514,0.034446
12,ours-406478,515,0.018002
12,KACTL,515,0.165575
12,simd-v0,515,0.034475
12,393435,515,0.022800
12,KACTL,516,0.165443
12,simd-v0,516,0.034391
12,393435,516,0.022751
12,ours-406478,516,0.017939
12,simd-v0,517,0.041333
12,393435,517,0.022809
12,ours-406478,517,0.017947
12,KACTL,517,0.162767
12,393435,518,0.022558
12,ours-406478,518,0.018503
12,KACTL,518,0.159905
12,simd-v0,518,0.033515
12,ours-406478,519,0.018543
12,KACTL,519,0.159962
12,simd-v0,519,0.033505
12,393435,519,0.022194
12,KACTL,520,0.159933
12,simd-v0,520,0.033532
12,393435,520,0.022145
12,ours-406478,520,0.018586
12,simd-v0,521,0.033632
12,393435,521,0.022510
12,ours-406478,521,0.018246
12,KACTL,521,0.167593
12,393435,522,0.023184
12,ours-406478,522,0.017932
12,KACTL,522,0.165367
12,simd-v0,522,0.034424
12,ours-406478,523,0.017912
12,KACTL,523,0.165488
12,simd-v0,523,0.034456
12,393435,523,0.022736
12,KACTL,524,0.166564
12,simd-v0,524,0.034451
12,393435,524,0.022754
12,ours-406478,524,0.017953
12,simd-v0,525,0.034542
12,393435,525,0.022723
12,ours-406478,525,0.025158
12,KACTL,525,0.165469
12,393435,526,0.023194
12,ours-406478,526,0.017951
12,KACTL,526,0.167203
12,simd-v0,526,0.034436
12,ours-406478,527,0.017933
12,KACTL,527,0.165510
12,simd-v0,527,0.034400
12,393435,527,0.022738
12,KACTL,528,0.165461
12,simd-v0,528,0.034463
12,393435,528,0.022799
12,ours-406478,528,0.018033
12,simd-v0,529,0.034466
12,393435,529,0.022783
12,ours-406478,529,0.024871
12,KACTL,529,0.165561
12,393435,530,0.023086
12,ours-406478,530,0.017987
12,KACTL,530,0.165476
12,simd-v0,530,0.034419
12,ours-406478,531,0.017946
12,KACTL,531,0.166552
12,simd-v0,531,0.034461
12,393435,531,0.022776
12,KACTL,532,0.165239
12,simd-v0,532,0.034415
12,393435,532,0.022727
12,ours-406478,532,0.017957
12,simd-v0,533,0.034492
12,393435,533,0.022763
12,ours-406478,533,0.025306
12,KACTL,533,0.165546
12,393435,534,0.023124
12,ours-406478,534,0.017973
12,KACTL,534,0.165479
12,simd-v0,534,0.034487
12,ours-406478,535,0.017919
12,KACTL,535,0.165394
12,simd-v0,535,0.034426
12,393435,535,0.022770
12,KACTL,536,0.165532
12,simd-v0,536,0.034347
12,393435,536,0.022761
12,ours-406478,536,0.017975
12,simd-v0,537,0.034507
12,393435,537,0.022747
12,ours-406478,537,0.018004
12,KACTL,537,0.168965
12,393435,538,0.022610
12,ours-406478,538,0.018569
12,KACTL,538,0.159880
12,simd-v0,538,0.033479
12,ours-406478,539,0.018502
12,KACTL,539,0.165787
12,simd-v0,539,0.034410
12,393435,539,0.022774
12,KACTL,540,0.165431
12,simd-v0,540,0.034519
12,393435,540,0.022757
12,ours-406478,540,0.017995
12,simd-v0,541,0.034599
12,393435,541,0.022780
12,ours-406478,541,0.017943
12,KACTL,541,0.172226
12,393435,542,0.023138
12,ours-406478,542,0.017945
12,KACTL,542,0.165364
12,simd-v0,542,0.034375
12,ours-406478,543,0.017823
12,KACTL,543,0.165480
12,simd-v0,543,0.034397
12,393435,543,0.022764
12,KACTL,544,0.165172
12,simd-v0,544,0.034403
12,393435,544,0.022754
12,ours-406478,544,0.017814
12,simd-v0,545,0.034380
12,393435,545,0.022720
12,ours-406478,545,0.017882
12,KACTL,545,0.172536
12,393435,546,0.023163
12,ours-406478,546,0.017975
12,KACTL,546,0.165417
12,simd-v0,546,0.034495
12,ours-406478,547,0.017918
12,KACTL,547,0.165442
12,simd-v0,547,0.034507
12,393435,547,0.022749
12,KACTL,548,0.165393
12,simd-v0,548,0.034498
12,393435,548,0.022705
12,ours-406478,548,0.017778
12,simd-v0,549,0.034313
12,393435,549,0.022723
12,ours-406478,549,0.017917
12,KACTL,549,0.172385
12,393435,550,0.023119
12,ours-406478,550,0.017912
12,KACTL,550,0.165380
12,simd-v0,550,0.034423
12,ours-406478,551,0.017910
12,KACTL,551,0.165348
12,simd-v0,551,0.034382
12,393435,551,0.022768
12,KACTL,552,0.156594
12,simd-v0,552,0.032128
12,393435,552,0.021308
12,ours-406478,552,0.016702
12,simd-v0,553,0.032279
12,393435,553,0.021268
12,ours-406478,553,0.016812
12,KACTL,553,0.161977
12,393435,554,0.021683
12,ours-406478,554,0.016800
12,KACTL,554,0.155680
12,simd-v0,554,0.032240
12,ours-406478,555,0.016832
12,KACTL,555,0.154885
12,simd-v0,555,0.032224
12,393435,555,0.021247
12,KACTL,556,0.154867
12,simd-v0,556,0.032201
12,393435,556,0.021275
12,ours-406478,556,0.016825
12,simd-v0,557,0.032017
12,393435,557,0.021240
12,ours-406478,557,0.016764
12,KACTL,557,0.162021
12,393435,558,0.021673
12,ours-406478,558,0.016798
12,KACTL,558,0.154818
12,simd-v0,558,0.032139
12,ours-406478,559,0.016816
12,KACTL,559,0.154673
12,simd-v0,559,0.032230
12,393435,559,0.021320
12,KACTL,560,0.154815
12,simd-v0,560,0.032242
12,393435,560,0.021284
12,ours-406478,560,0.016735
12,simd-v0,561,0.032078
12,393435,561,0.021288
12,ours-406478,561,0.016793
12,KACTL,561,0.154658
12,393435,562,0.021637
12,ours-406478,562,0.016798
12,KACTL,562,0.160864
12,simd-v0,562,0.034474
12,ours-406478,563,0.016700
12,KACTL,563,0.154811
12,simd-v0,563,0.032165
12,393435,563,0.021335
12,KACTL,564,0.154733
12,simd-v0,564,0.032131
12,393435,564,0.021291
12,ours-406478,564,0.016653
12,simd-v0,565,0.031975
12,393435,565,0.021313
12,ours-406478,565,0.016725
12,KACTL,565,0.157068
12,393435,566,0.022351
12,ours-406478,566,0.017415
12,KACTL,566,0.169579
12,simd-v0,566,0.034412
12,ours-406478,567,0.017957
12,KACTL,567,0.166732
12,simd-v0,567,0.034466
12,393435,567,0.022803
12,KACTL,568,0.165402
12,simd-v0,568,0.034358
12,393435,568,0.022795
12,ours-406478,568,0.017809
12,simd-v0,569,0.034441
12,393435,569,0.022752
12,ours-406478,569,0.017770
12,KACTL,569,0.165449
12,393435,570,0.023129
12,ours-406478,570,0.017901
12,KACTL,570,0.172962
12,simd-v0,570,0.034455
12,ours-406478,571,0.017877
12,KACTL,571,0.165427
12,simd-v0,571,0.034413
12,393435,571,0.022712
12,KACTL,572,0.165925
12,simd-v0,572,0.033525
12,393435,572,0.022306
12,ours-406478,572,0.018555
12,simd-v0,573,0.033671
12,393435,573,0.022211
12,ours-406478,573,0.018534
12,KACTL,573,0.168195
12,393435,574,0.023912
12,ours-406478,574,0.018571
12,KACTL,574,0.180142
12,simd-v0,574,0.035573
12,ours-406478,575,0.018517
12,KACTL,575,0.171236
12,simd-v0,575,0.035646
12,393435,575,0.023569
12,KACTL,576,0.172589
12,simd-v0,576,0.035608
12,393435,576,0.023614
12,ours-406478,576,0.018588
12,simd-v0,577,0.035619
12,393435,577,0.023581
12,ours-406478,577,0.018566
12,KACTL,577,0.167217
12,393435,578,0.023088
12,ours-406478,578,0.017808
12,KACTL,578,0.172532
12,simd-v0,578,0.034457
12,ours-406478,579,0.017849
12,KACTL,579,0.165512
12,simd-v0,579,0.034370
12,393435,579,0.022698
12,KACTL,580,0.165298
12,simd-v0,580,0.034413
12,393435,580,0.022708
12,ours-406478,580,0.017972
12,simd-v0,581,0.034557
12,393435,581,0.022759
12,ours-406478,581,0.017975
12,KACTL,581,0.165354
12,393435,582,0.022804
12,ours-406478,582,0.018024
12,KACTL,582,0.172095
12,simd-v0,582,0.034363
12,ours-406478,583,0.017890
12,KACTL,583,0.165162
12,simd-v0,583,0.034398
12,393435,583,0.022716
12,KACTL,584,0.165299
12,simd-v0,584,0.034411
12,393435,584,0.022762
12,ours-406478,584,0.018005
12,simd-v0,585,0.034500
12,393435,585,0.022678
12,ours-406478,585,0.017969
12,KACTL,585,0.165318
12,393435,586,0.023097
12,ours-406478,586,0.017861
12,KACTL,586,0.172235
12,simd-v0,586,0.034439
12,ours-406478,587,0.017939
12,KACTL,587,0.165566
12,simd-v0,587,0.034441
12,393435,587,0.022755
12,KACTL,588,0.165347
12,simd-v0,588,0.034416
12,393435,588,0.022749
12,ours-406478,588,0.017963
12,simd-v0,589,0.034234
12,393435,589,0.022728
12,ours-406478,589,0.017947
12,KACTL,589,0.165297
12,393435,590,0.022580
12,ours-406478,590,0.018492
12,KACTL,590,0.166384
12,simd-v0,590,0.033571
12,ours-406478,591,0.018510
12,KACTL,591,0.159932
12,simd-v0,591,0.033548
12,393435,591,0.022267
12,KACTL,592,0.160909
12,simd-v0,592,0.033555
12,393435,592,0.022181
12,ours-406478,592,0.018520
12,simd-v0,593,0.033620
12,393435,593,0.022232
12,ours-406478,593,0.018521
12,KACTL,593,0.159767
12,393435,594,0.022500
12,ours-406478,594,0.018472
12,KACTL,594,0.167879
12,simd-v0,594,0.033627
12,ours-406478,595,0.018559
12,KACTL,595,0.164822
12,simd-v0,595,0.034424
12,393435,595,0.022709
12,KACTL,596,0.165424
12,simd-v0,596,0.034433
12,393435,596,0.022714
12,ours-406478,596,0.017807
12,simd-v0,597,0.034553
12,393435,597,0.022731
12,ours-406478,597,0.017890
12,KACTL,597,0.161678
12,393435,598,0.022366
12,ours-406478,598,0.017344
12,KACTL,598,0.167378
12,simd-v0,598,0.033276
12,ours-406478,599,0.017326
12,KACTL,599,0.160050
12,simd-v0,599,0.033240
12,393435,599,0.021986
12,KACTL,600,0.159946
12,simd-v0,600,0.033283
12,393435,600,0.021977
12,ours-406478,600,0.017375
12,simd-v0,601,0.033353
12,393435,601,0.022002
12,ours-406478,601,0.017373
12,KACTL,601,0.161066
12,393435,602,0.022351
12,ours-406478,602,0.017609
12,KACTL,602,0.159844
12,simd-v0,602,0.039918
12,ours-406478,603,0.017157
12,KACTL,603,0.162229
12,simd-v0,603,0.033291
12,393435,603,0.022005
12,KACTL,604,0.160315
12,simd-v0,604,0.032240
12,393435,604,0.021270
12,ours-406478,604,0.016837
12,simd-v0,605,0.032236
12,393435,605,0.021276
12,ours-406478,605,0.016762
12,KACTL,605,0.154674
12,393435,606,0.021651
12,ours-406478,606,0.016774
12,KACTL,606,0.154501
12,simd-v0,606,0.032182
12,ours-406478,607,0.016764
12,KACTL,607,0.171447
12,simd-v0,607,0.032210
12,393435,607,0.021306
12,KACTL,608,0.154531
12,simd-v0,608,0.032218
12,393435,608,0.021252
12,ours-406478,608,0.016784
12,simd-v0,609,0.032032
12,393435,609,0.021245
12,ours-406478,609,0.016712
12,KACTL,609,0.154778
12,393435,610,0.021635
12,ours-406478,610,0.016777
12,KACTL,610,0.155412
12,simd-v0,610,0.032193
12,ours-406478,611,0.016790
12,KACTL,611,0.161315
12,simd-v0,611,0.032272
12,393435,611,0.021224
12,KACTL,612,0.154930
12,simd-v0,612,0.032202
12,393435,612,0.021271
12,ours-406478,612,0.016854
12,simd-v0,613,0.032016
12,393435,613,0.021253
12,ours-406478,613,0.016821
12,KACTL,613,0.159489
12,393435,614,0.023092
12,ours-406478,614,0.017983
12,KACTL,614,0.166660
12,simd-v0,614,0.034406
12,ours-406478,615,0.017908
12,KACTL,615,0.171811
12,simd-v0,615,0.043286
12,393435,615,0.022717
12,KACTL,616,0.165428
12,simd-v0,616,0.034439
12,393435,616,0.022718
12,ours-406478,616,0.017944
12,simd-v0,617,0.034421
12,393435,617,0.022746
12,ours-406478,617,0.017733
12,KACTL,617,0.166234
12,393435,618,0.023106
12,ours-406478,618,0.017977
12,KACTL,618,0.166860
12,simd-v0,618,0.034404
12,ours-406478,619,0.017879
12,KACTL,619,0.171153
12,simd-v0,619,0.033215
12,393435,619,0.022008
12,KACTL,620,0.160243
12,simd-v0,620,0.033219
12,393435,620,0.021990
12,ours-406478,620,0.017316
12,simd-v0,621,0.033112
12,393435,621,0.021988
12,ours-406478,621,0.017363
12,KACTL,621,0.160141
12,393435,622,0.022349
12,ours-406478,622,0.017372
12,KACTL,622,0.160007
12,simd-v0,622,0.033314
12,ours-406478,623,0.017332
12,KACTL,623,0.170891
12,simd-v0,623,0.044710
12,393435,623,0.022035
12,KACTL,624,0.163798
12,simd-v0,624,0.034418
12,393435,624,0.022739
12,ours-406478,624,0.017991
12,simd-v0,625,0.034491
12,393435,625,0.022732
12,ours-406478,625,0.017961
12,KACTL,625,0.165359
12,393435,626,0.023112
12,ours-406478,626,0.017977
12,KACTL,626,0.165490
12,simd-v0,626,0.034512
12,ours-406478,627,0.017934
12,KACTL,627,0.172087
12,simd-v0,627,0.034419
12,393435,627,0.022784
12,KACTL,628,0.165491
12,simd-v0,628,0.034468
12,393435,628,0.022775
12,ours-406478,628,0.017932
12,simd-v0,629,0.034958
12,393435,629,0.022138
12,ours-406478,629,0.018791
12,KACTL,629,0.159929
12,393435,630,0.022523
12,ours-406478,630,0.018625
12,KACTL,630,0.159828
12,simd-v0,630,0.033549
12,ours-406478,631,0.018547
12,KACTL,631,0.164777
12,simd-v0,631,0.041956
12,393435,631,0.022782
12,KACTL,632,0.165306
12,simd-v0,632,0.034435
12,393435,632,0.022699
12,ours-406478,632,0.017943
12,simd-v0,633,0.034228
12,393435,633,0.022737
12,ours-406478,633,0.017939
12,KACTL,633,0.165441
12,393435,634,0.023072
12,ours-406478,634,0.017937
12,KACTL,634,0.165769
12,simd-v0,634,0.034443
12,ours-406478,635,0.017959
12,KACTL,635,0.165511
12,simd-v0,635,0.041271
12,393435,635,0.022793
12,KACTL,636,0.165335
12,simd-v0,636,0.034443
12,393435,636,0.022747
12,ours-406478,636,0.017809
12,simd-v0,637,0.034524
12,393435,637,0.022765
12,ours-406478,637,0.017870
12,KACTL,637,0.165548
12,393435,638,0.023102
12,ours-406478,638,0.017977
12,KACTL,638,0.165386
12,simd-v0,638,0.034460
12,ours-406478,639,0.017857
12,KACTL,639,0.212676
12,simd-v0,639,0.034354
12,393435,639,0.022749
12,KACTL,640,0.165562
12,simd-v0,640,0.034492
12,393435,640,0.022776
12,ours-406478,640,0.017942
12,simd-v0,641,0.034422
12,393435,641,0.022693
12,ours-406478,641,0.017937
12,KACTL,641,0.165292
12,393435,642,0.023089
12,ours-406478,642,0.017911
12,KACTL,642,0.165173
12,simd-v0,642,0.034515
12,ours-406478,643,0.017951
12,KACTL,643,0.171736
12,simd-v0,643,0.034387
12,393435,643,0.022787
12,KACTL,644,0.167903
12,simd-v0,644,0.034440
12,393435,644,0.022795
12,ours-406478,644,0.017921
12,simd-v0,645,0.034482
12,393435,645,0.022787
12,ours-406478,645,0.017965
12,KACTL,645,0.165718
12,393435,646,0.023064
12,ours-406478,646,0.017986
12,KACTL,646,0.165574
12,simd-v0,646,0.034435
12,ours-406478,647,0.017967
12,KACTL,647,0.169941
12,simd-v0,647,0.034267
12,393435,647,0.021514
12,KACTL,648,0.154935
12,simd-v0,648,0.032464
12,393435,648,0.021539
12,ours-406478,648,0.017913
12,simd-v0,649,0.032452
12,393435,649,0.021449
12,ours-406478,649,0.017914
12,KACTL,649,0.154875
12,393435,650,0.021858
12,ours-406478,650,0.017910
12,KACTL,650,0.154878
12,simd-v0,650,0.032465
12,ours-406478,651,0.017933
12,KACTL,651,0.155764
12,simd-v0,651,0.032490
12,393435,651,0.021462
12,KACTL,652,0.161802
12,simd-v0,652,0.032480
12,393435,652,0.021505
12,ours-406478,652,0.017957
12,simd-v0,653,0.032287
12,393435,653,0.021494
12,ours-406478,653,0.017923
12,KACTL,653,0.154840
12,393435,654,0.021818
12,ours-406478,654,0.018014
12,KACTL,654,0.155856
12,simd-v0,654,0.032475
12,ours-406478,655,0.017878
12,KACTL,655,0.154838
12,simd-v0,655,0.034030
12,393435,655,0.021498
12,KACTL,656,0.167902
12,simd-v0,656,0.033334
12,393435,656,0.021986
12,ours-406478,656,0.017415
12,simd-v0,657,0.035050
12,393435,657,0.021981
12,ours-406478,657,0.017309
12,KACTL,657,0.159362
12,393435,658,0.021623
12,ours-406478,658,0.016821
12,KACTL,658,0.155824
12,simd-v0,658,0.032186
12,ours-406478,659,0.016740
12,KACTL,659,0.154877
12,simd-v0,659,0.032225
12,393435,659,0.021190
12,KACTL,660,0.160904
12,simd-v0,660,0.032265
12,393435,660,0.021241
12,ours-406478,660,0.016792
12,simd-v0,661,0.032030
12,393435,661,0.021323
12,ours-406478,661,0.016855
12,KACTL,661,0.155785
12,393435,662,0.021635
12,ours-406478,662,0.016835
12,KACTL,662,0.154648
12,simd-v0,662,0.032256
12,ours-406478,663,0.016680
12,KACTL,663,0.159756
12,simd-v0,663,0.033275
12,393435,663,0.021997
12,KACTL,664,0.159843
12,simd-v0,664,0.047989
12,393435,664,0.022024
12,ours-406478,664,0.017375
12,simd-v0,665,0.033326
12,393435,665,0.022002
12,ours-406478,665,0.017397
12,KACTL,665,0.160090
12,393435,666,0.022352
12,ours-406478,666,0.017315
12,KACTL,666,0.159921
12,simd-v0,666,0.033290
12,ours-406478,667,0.017361
12,KACTL,667,0.159824
12,simd-v0,667,0.033359
12,393435,667,0.022002
12,KACTL,668,0.159856
12,simd-v0,668,0.033244
12,393435,668,0.028491
12,ours-406478,668,0.017279
12,simd-v0,669,0.033085
12,393435,669,0.021922
12,ours-406478,669,0.017357
12,KACTL,669,0.160034
12,393435,670,0.022359
12,ours-406478,670,0.017365
12,KACTL,670,0.159945
12,simd-v0,670,0.033280
12,ours-406478,671,0.017345
12,KACTL,671,0.160079
12,simd-v0,671,0.033271
12,393435,671,0.022704
12,KACTL,672,0.160085
12,simd-v0,672,0.033307
12,393435,672,0.023424
12,ours-406478,672,0.017398
12,simd-v0,673,0.046641
12,393435,673,0.022046
12,ours-406478,673,0.017343
12,KACTL,673,0.159924
12,393435,674,0.022299
12,ours-406478,674,0.017177
12,KACTL,674,0.160093
12,simd-v0,674,0.033325
12,ours-406478,675,0.017331
12,KACTL,675,0.157642
12,simd-v0,675,0.032175
12,393435,675,0.021271
12,KACTL,676,0.154826
12,simd-v0,676,0.032256
12,393435,676,0.021280
12,ours-406478,676,0.016758
12,simd-v0,677,0.032335
12,393435,677,0.021266
12,ours-406478,677,0.023532
12,KACTL,677,0.154874
12,393435,678,0.021605
12,ours-406478,678,0.016861
12,KACTL,678,0.154845
12,simd-v0,678,0.032161
12,ours-406478,679,0.016766
12,KACTL,679,0.155877
12,simd-v0,679,0.032189
12,393435,679,0.021301
12,KACTL,680,0.154635
12,simd-v0,680,0.032162
12,393435,680,0.021247
12,ours-406478,680,0.016805
12,simd-v0,681,0.032354
12,393435,681,0.021262
12,ours-406478,681,0.016787
12,KACTL,681,0.161112
12,393435,682,0.021639
12,ours-406478,682,0.016647
12,KACTL,682,0.154875
12,simd-v0,682,0.032230
12,ours-406478,683,0.016743
12,KACTL,683,0.154873
12,simd-v0,683,0.032210
12,393435,683,0.021259
12,KACTL,684,0.154744
12,simd-v0,684,0.032176
12,393435,684,0.021273
12,ours-406478,684,0.016769
12,simd-v0,685,0.032338
12,393435,685,0.021270
12,ours-406478,685,0.016717
12,KACTL,685,0.160822
12,393435,686,0.021674
12,ours-406478,686,0.016880
12,KACTL,686,0.156619
12,simd-v0,686,0.032178
12,ours-406478,687,0.016736
12,KACTL,687,0.154821
12,simd-v0,687,0.032230
12,393435,687,0.021286
12,KACTL,688,0.154795
12,simd-v0,688,0.032224
12,393435,688,0.021308
12,ours-406478,688,0.016770
12,simd-v0,689,0.032309
12,393435,689,0.021314
12,ours-406478,689,0.016738
12,KACTL,689,0.154828
12,393435,690,0.021622
12,ours-406478,690,0.022792
12,KACTL,690,0.154889
12,simd-v0,690,0.032216
12,ours-406478,691,0.016767
12,KACTL,691,0.154812
12,simd-v0,691,0.032204
12,393435,691,0.021238
12,KACTL,692,0.154726
12,simd-v0,692,0.032232
12,393435,692,0.021317
12,ours-406478,692,0.016795
12,simd-v0,693,0.032295
12,393435,693,0.021276
12,ours-406478,693,0.016820
12,KACTL,693,0.155848
12,393435,694,0.021598
12,ours-406478,694,0.016799
12,KACTL,694,0.161569
12,simd-v0,694,0.032283
12,ours-406478,695,0.016764
12,KACTL,695,0.154735
12,simd-v0,695,0.032252
12,393435,695,0.021230
12,KACTL,696,0.154513
12,simd-v0,696,0.032144
12,393435,696,0.021272
12,ours-406478,696,0.016796
12,simd-v0,697,0.032103
12,393435,697,0.021247
12,ours-406478,697,0.016715
12,KACTL,697,0.158891
12,393435,698,0.022325
12,ours-406478,698,0.017374
12,KACTL,698,0.172172
12,simd-v0,698,0.034424
12,ours-406478,699,0.017858
12,KACTL,699,0.165375
12,simd-v0,699,0.034438
12,393435,699,0.022756
12,KACTL,700,0.165599
12,simd-v0,700,0.034397
12,393435,700,0.022717
12,ours-406478,700,0.017910
12,simd-v0,701,0.034486
12,393435,701,0.022710
12,ours-406478,701,0.017826
12,KACTL,701,0.166489
12,393435,702,0.023132
12,ours-406478,702,0.017950
12,KACTL,702,0.172329
12,simd-v0,702,0.034437
12,ours-406478,703,0.017959
12,KACTL,703,0.165679
12,simd-v0,703,0.034378
12,393435,703,0.022772
12,KACTL,704,0.165537
12,simd-v0,704,0.034380
12,393435,704,0.022730
12,ours-406478,704,0.017923
12,simd-v0,705,0.034357
12,393435,705,0.022735
12,ours-406478,705,0.017953
12,KACTL,705,0.165702
12,393435,706,0.023098
12,ours-406478,706,0.017963
12,KACTL,706,0.171977
12,simd-v0,706,0.038919
12,ours-406478,707,0.017801
12,KACTL,707,0.164176
12,simd-v0,707,0.033476
12,393435,707,0.022173
12,KACTL,708,0.160159
12,simd-v0,708,0.033531
12,393435,708,0.022165
12,ours-406478,708,0.018549
12,simd-v0,709,0.033889
12,393435,709,0.022728
12,ours-406478,709,0.017963
12,KACTL,709,0.165529
12,393435,710,0.023111
12,ours-406478,710,0.017870
12,KACTL,710,0.171897
12,simd-v0,710,0.034477
12,ours-406478,711,0.017912
12,KACTL,711,0.175550
12,simd-v0,711,0.034389
12,393435,711,0.022780
12,KACTL,712,0.165469
12,simd-v0,712,0.034391
12,393435,712,0.022734
12,ours-406478,712,0.017926
12,simd-v0,713,0.034462
12,393435,713,0.022773
12,ours-406478,713,0.017920
12,KACTL,713,0.165592
12,393435,714,0.022783
12,ours-406478,714,0.017908
12,KACTL,714,0.172158
12,simd-v0,714,0.034346
12,ours-406478,715,0.017829
12,KACTL,715,0.165509
12,simd-v0,715,0.034298
12,393435,715,0.022810
12,KACTL,716,0.165449
12,simd-v0,716,0.034401
12,393435,716,0.022739
12,ours-406478,716,0.017877
12,simd-v0,717,0.034573
12,393435,717,0.022717
12,ours-406478,717,0.017950
12,KACTL,717,0.165707
12,393435,718,0.023081
12,ours-406478,718,0.017952
12,KACTL,718,0.165387
12,simd-v0,718,0.034478
12,ours-406478,719,0.017814
12,KACTL,719,0.165311
12,simd-v0,719,0.034437
12,393435,719,0.022763
12,KACTL,720,0.165438
12,simd-v0,720,0.034512
12,393435,720,0.022710
12,ours-406478,720,0.017995
12,simd-v0,721,0.034557
12,393435,721,0.022706
12,ours-406478,721,0.017909
12,KACTL,721,0.165417
12,393435,722,0.023092
12,ours-406478,722,0.017964
12,KACTL,722,0.165384
12,simd-v0,722,0.041710
12,ours-406478,723,0.017803
12,KACTL,723,0.165679
12,simd-v0,723,0.034428
12,393435,723,0.022720
12,KACTL,724,0.165474
12,simd-v0,724,0.034399
12,393435,724,0.022723
12,ours-406478,724,0.018006
12,simd-v0,725,0.034447
12,393435,725,0.022669
12,ours-406478,725,0.017961
12,KACTL,725,0.162426
12,393435,726,0.022600
12,ours-406478,726,0.018520
12,KACTL,726,0.164959
12,simd-v0,726,0.041352
12,ours-406478,727,0.017807
12,KACTL,727,0.167882
12,simd-v0,727,0.034421
12,393435,727,0.022727
12,KACTL,728,0.165425
12,simd-v0,728,0.034418
12,393435,728,0.022788
12,ours-406478,728,0.017968
12,simd-v0,729,0.034265
12,393435,729,0.022756
12,ours-406478,729,0.017882
12,KACTL,729,0.166800
12,393435,730,0.023099
12,ours-406478,730,0.018006
12,KACTL,730,0.165510
12,simd-v0,730,0.041526
12,ours-406478,731,0.017835
12,KACTL,731,0.165493
12,simd-v0,731,0.034397
12,393435,731,0.022800
12,KACTL,732,0.165602
12,simd-v0,732,0.034527
12,393435,732,0.022709
12,ours-406478,732,0.017969
12,simd-v0,733,0.034498
12,393435,733,0.022794
12,ours-406478,733,0.017934
12,KACTL,733,0.165586
12,393435,734,0.023088
12,ours-406478,734,0.017573
12,KACTL,734,0.165510
12,simd-v0,734,0.041248
12,ours-406478,735,0.017789
12,KACTL,735,0.166458
12,simd-v0,735,0.034439
12,393435,735,0.022846
12,KACTL,736,0.165494
12,simd-v0,736,0.034484
12,393435,736,0.022741
12,ours-406478,736,0.017952
12,simd-v0,737,0.034481
12,393435,737,0.022698
12,ours-406478,737,0.017945
12,KACTL,737,0.165460
12,393435,738,0.023114
12,ours-406478,738,0.017973
12,KACTL,738,0.165349
12,simd-v0,738,0.034419
12,ours-406478,739,0.024693
12,KACTL,739,0.165455
12,simd-v0,739,0.034295
12,393435,739,0.022795
12,KACTL,740,0.166527
12,simd-v0,740,0.034322
12,393435,740,0.022778
12,ours-406478,740,0.017910
12,simd-v0,741,0.034304
12,393435,741,0.022776
12,ours-406478,741,0.017968
12,KACTL,741,0.165479
12,393435,742,0.023149
12,ours-406478,742,0.017946
12,KACTL,742,0.165881
12,simd-v0,742,0.033504
12,ours-406478,743,0.025535
12,KACTL,743,0.160061
12,simd-v0,743,0.033536
12,393435,743,0.022208
12,KACTL,744,0.159934
12,simd-v0,744,0.033481
12,393435,744,0.022240
12,ours-406478,744,0.018565
12,simd-v0,745,0.033992
12,393435,745,0.022782
12,ours-406478,745,0.017905
12,KACTL,745,0.165393
12,393435,746,0.023114
12,ours-406478,746,0.017925
12,KACTL,746,0.165503
12,simd-v0,746,0.034445
12,ours-406478,747,0.017874
12,KACTL,747,0.172225
12,simd-v0,747,0.034443
12,393435,747,0.022751
12,KACTL,748,0.165439
12,simd-v0,748,0.034472
12,393435,748,0.022811
12,ours-406478,748,0.017940
12,simd-v0,749,0.034495
12,393435,749,0.022745
12,ours-406478,749,0.017790
12,KACTL,749,0.166668
12,393435,750,0.023067
12,ours-406478,750,0.017975
12,KACTL,750,0.165318
12,simd-v0,750,0.034460
12,ours-406478,751,0.017962
12,KACTL,751,0.171978
12,simd-v0,751,0.034482
12,393435,751,0.022732
12,KACTL,752,0.165400
12,simd-v0,752,0.034455
12,393435,752,0.022728
12,ours-406478,752,0.017964
12,simd-v0,753,0.034443
12,393435,753,0.022746
12,ours-406478,753,0.017894
12,KACTL,753,0.165455
12,393435,754,0.023086
12,ours-406478,754,0.017709
12,KACTL,754,0.165515
12,simd-v0,754,0.034502
12,ours-406478,755,0.017958
12,KACTL,755,0.172112
12,simd-v0,755,0.034503
12,393435,755,0.022698
12,KACTL,756,0.166752
12,simd-v0,756,0.034345
12,393435,756,0.022731
12,ours-406478,756,0.017821
12,simd-v0,757,0.034534
12,393435,757,0.022733
12,ours-406478,757,0.017920
12,KACTL,757,0.165792
12,393435,758,0.023079
12,ours-406478,758,0.017983
12,KACTL,758,0.165381
12,simd-v0,758,0.034473
12,ours-406478,759,0.017882
12,KACTL,759,0.182009
12,simd-v0,759,0.034419
12,393435,759,0.022793
12,KACTL,760,0.165364
12,simd-v0,760,0.034444
12,393435,760,0.022746
12,ours-406478,760,0.017953
12,simd-v0,761,0.034460
12,393435,761,0.022702
12,ours-406478,761,0.018946
12,KACTL,761,0.161051
12,393435,762,0.022504
12,ours-406478,762,0.018570
12,KACTL,762,0.164716
12,simd-v0,762,0.034435
12,ours-406478,763,0.017947
12,KACTL,763,0.172666
12,simd-v0,763,0.034455
12,393435,763,0.022717
12,KACTL,764,0.169270
12,simd-v0,764,0.044491
12,393435,764,0.022733
12,ours-406478,764,0.017993
12,simd-v0,765,0.034284
12,393435,765,0.022763
12,ours-406478,765,0.018019
12,KACTL,765,0.165473
12,393435,766,0.023127
12,ours-406478,766,0.017921
12,KACTL,766,0.165507
12,simd-v0,766,0.034421
12,ours-406478,767,0.017742
12,KACTL,767,0.172309
12,simd-v0,767,0.037412
12,393435,767,0.022748
12,KACTL,768,0.165500
12,simd-v0,768,0.034480
12,393435,768,0.022800
12,ours-406478,768,0.017978
12,simd-v0,769,0.034453
12,393435,769,0.022722
12,ours-406478,769,0.017962
12,KACTL,769,0.165352
12,393435,770,0.022787
12,ours-406478,770,0.017945
12,KACTL,770,0.165385
12,simd-v0,770,0.034337
12,ours-406478,771,0.017948
12,KACTL,771,0.172204
12,simd-v0,771,0.034279
12,393435,771,0.022718
12,KACTL,772,0.165697
12,simd-v0,772,0.034620
12,393435,772,0.034246
12,ours-406478,772,0.017833
12,simd-v0,773,0.034560
12,393435,773,0.022786
12,ours-406478,773,0.017964
12,KACTL,773,0.165413
12,393435,774,0.023069
12,ours-406478,774,0.017967
12,KACTL,774,0.166637
12,simd-v0,774,0.034375
12,ours-406478,775,0.017969
12,KACTL,775,0.172285
12,simd-v0,775,0.034477
12,393435,775,0.022737
12,KACTL,776,0.166461
12,simd-v0,776,0.034432
12,393435,776,0.022733
12,ours-406478,776,0.017917
12,simd-v0,777,0.034480
12,393435,777,0.022763
12,ours-406478,777,0.017718
12,KACTL,777,0.165596
12,393435,778,0.023095
12,ours-406478,778,0.017999
12,KACTL,778,0.163010
12,simd-v0,778,0.033559
12,ours-406478,779,0.018588
12,KACTL,779,0.172295
12,simd-v0,779,0.034486
12,393435,779,0.022769
12,KACTL,780,0.166615
12,simd-v0,780,0.034419
12,393435,780,0.022896
12,ours-406478,780,0.018008
12,simd-v0,781,0.034480
12,393435,781,0.022712
12,ours-406478,781,0.017964
12,KACTL,781,0.165460
12,393435,782,0.023110
12,ours-406478,782,0.017934
12,KACTL,782,0.164665
12,simd-v0,782,0.033281
12,ours-406478,783,0.017368
12,KACTL,783,0.166660
12,simd-v0,783,0.033407
12,393435,783,0.022015
12,KACTL,784,0.161196
12,simd-v0,784,0.033240
12,393435,784,0.022014
12,ours-406478,784,0.017316
12,simd-v0,785,0.033326
12,393435,785,0.022033
12,ours-406478,785,0.017389
12,KACTL,785,0.161064
12,393435,786,0.022339
12,ours-406478,786,0.017175
12,KACTL,786,0.159816
12,simd-v0,786,0.033300
12,ours-406478,787,0.017344
12,KACTL,787,0.166311
12,simd-v0,787,0.033425
12,393435,787,0.021975
12,KACTL,788,0.159986
12,simd-v0,788,0.033257
12,393435,788,0.022003
12,ours-406478,788,0.017342
12,simd-v0,789,0.033339
12,393435,789,0.022003
12,ours-406478,789,0.017323
12,KACTL,789,0.160019
12,393435,790,0.022322
12,ours-406478,790,0.017330
12,KACTL,790,0.159869
12,simd-v0,790,0.033331
12,ours-406478,791,0.017331
12,KACTL,791,0.166448
12,simd-v0,791,0.033340
12,393435,791,0.021961
12,KACTL,792,0.160534
12,simd-v0,792,0.033287
12,393435,792,0.021973
12,ours-406478,792,0.017434
12,simd-v0,793,0.033331
12,393435,793,0.021963
12,ours-406478,793,0.017319
12,KACTL,793,0.160011
12,393435,794,0.022332
12,ours-406478,794,0.017389
12,KACTL,794,0.160085
12,simd-v0,794,0.033314
12,ours-406478,795,0.017326
12,KACTL,795,0.166310
12,simd-v0,795,0.033285
12,393435,795,0.022529
12,KACTL,796,0.154803
12,simd-v0,796,0.032426
12,393435,796,0.021470
12,ours-406478,796,0.017907
12,simd-v0,797,0.032842
12,393435,797,0.022046
12,ours-406478,797,0.017323
12,KACTL,797,0.160042
12,393435,798,0.022275
12,ours-406478,798,0.017419
12,KACTL,798,0.160180
12,simd-v0,798,0.033283
12,ours-406478,799,0.017183
12,KACTL,799,0.163696
12,simd-v0,799,0.041428
12,393435,799,0.022807
12,KACTL,800,0.165665
12,simd-v0,800,0.034415
12,393435,800,0.022772
12,ours-406478,800,0.017818
12,simd-v0,801,0.034502
12,393435,801,0.022772
12,ours-406478,801,0.017988
12,KACTL,801,0.165455
12,393435,802,0.029630
12,ours-406478,802,0.017930
12,KACTL,802,0.166786
12,simd-v0,802,0.034305
12,ours-406478,803,0.017976
12,KACTL,803,0.165536
12,simd-v0,803,0.040868
12,393435,803,0.022731
12,KACTL,804,0.166931
12,simd-v0,804,0.034062
12,393435,804,0.021290
12,ours-406478,804,0.016631
12,simd-v0,805,0.032264
12,393435,805,0.021268
12,ours-406478,805,0.016849
12,KACTL,805,0.155061
12,393435,806,0.021615
12,ours-406478,806,0.016862
12,KACTL,806,0.154911
12,simd-v0,806,0.032205
12,ours-406478,807,0.016715
12,KACTL,807,0.154822
12,simd-v0,807,0.033595
12,393435,807,0.021958
12,KACTL,808,0.162430
12,simd-v0,808,0.033657
12,393435,808,0.024344
12,ours-406478,808,0.016560
12,simd-v0,809,0.035070
12,393435,809,0.021985
12,ours-406478,809,0.016533
12,KACTL,809,0.156195
12,393435,810,0.023407
12,ours-406478,810,0.016560
12,KACTL,810,0.155973
12,simd-v0,810,0.033612
12,ours-406478,811,0.016510
12,KACTL,811,0.156125
12,simd-v0,811,0.034603
12,393435,811,0.021283
12,KACTL,812,0.161355
12,simd-v0,812,0.033724
12,393435,812,0.021975
12,ours-406478,812,0.016555
12,simd-v0,813,0.032959
12,393435,813,0.021977
12,ours-406478,813,0.016561
12,KACTL,813,0.156495
12,393435,814,0.023374
12,ours-406478,814,0.016537
12,KACTL,814,0.156400
12,simd-v0,814,0.033653
12,ours-406478,815,0.016516
12,KACTL,815,0.156501
12,simd-v0,815,0.033723
12,393435,815,0.021982
12,KACTL,816,0.162212
12,simd-v0,816,0.033677
12,393435,816,0.021942
12,ours-406478,816,0.016579
12,simd-v0,817,0.035221
12,393435,817,0.021971
12,ours-406478,817,0.016576
12,KACTL,817,0.156082
12,393435,818,0.023343
12,ours-406478,818,0.016550
12,KACTL,818,0.156368
12,simd-v0,818,0.033702
12,ours-406478,819,0.016514
12,KACTL,819,0.157132
12,simd-v0,819,0.033665
12,393435,819,0.022005
12,KACTL,820,0.156211
12,simd-v0,820,0.033652
12,393435,820,0.028335
12,ours-406478,820,0.016587
12,simd-v0,821,0.033065
12,393435,821,0.021989
12,ours-406478,821,0.016546
12,KACTL,821,0.156453
12,393435,822,0.023373
12,ours-406478,822,0.016613
12,KACTL,822,0.156235
12,simd-v0,822,0.033679
12,ours-406478,823,0.016556
12,KACTL,823,0.156262
12,simd-v0,823,0.033595
12,393435,823,0.022030
12,KACTL,824,0.157302
12,simd-v0,824,0.032205
12,393435,824,0.021280
12,ours-406478,824,0.016772
12,simd-v0,825,0.038381
12,393435,825,0.021282
12,ours-406478,825,0.016781
12,KACTL,825,0.154871
12,393435,826,0.021633
12,ours-406478,826,0.016789
12,KACTL,826,0.155099
12,simd-v0,826,0.032291
12,ours-406478,827,0.016800
12,KACTL,827,0.155046
12,simd-v0,827,0.032098
12,393435,827,0.021226
12,KACTL,828,0.154835
12,simd-v0,828,0.032250
12,393435,828,0.021247
12,ours-406478,828,0.016763
12,simd-v0,829,0.032026
12,393435,829,0.021229
12,ours-406478,829,0.016778
12,KACTL,829,0.161259
12,393435,830,0.021614
12,ours-406478,830,0.016835
12,KACTL,830,0.154839
12,simd-v0,830,0.032233
12,ours-406478,831,0.016737
12,KACTL,831,0.154737
12,simd-v0,831,0.032209
12,393435,831,0.021247
12,KACTL,832,0.154901
12,simd-v0,832,0.032155
12,393435,832,0.021276
12,ours-406478,832,0.016819
12,simd-v0,833,0.032053
12,393435,833,0.021266
12,ours-406478,833,0.016819
12,KACTL,833,0.161205
12,393435,834,0.021646
12,ours-406478,834,0.016755
12,KACTL,834,0.155052
12,simd-v0,834,0.032207
12,ours-406478,835,0.016799
12,KACTL,835,0.154884
12,simd-v0,835,0.032195
12,393435,835,0.021217
12,KACTL,836,0.155084
12,simd-v0,836,0.032210
12,393435,836,0.021260
12,ours-406478,836,0.016821
12,simd-v0,837,0.032265
12,393435,837,0.021306
12,ours-406478,837,0.016515
12,KACTL,837,0.154820
12,393435,838,0.027994
12,ours-406478,838,0.016756
12,KACTL,838,0.154901
12,simd-v0,838,0.032268
12,ours-406478,839,0.016794
12,KACTL,839,0.155010
12,simd-v0,839,0.032228
12,393435,839,0.021280
12,KACTL,840,0.154816
12,simd-v0,840,0.032184
12,393435,840,0.021274
12,ours-406478,840,0.016975
12,simd-v0,841,0.032228
12,393435,841,0.021296
12,ours-406478,841,0.016701
12,KACTL,841,0.154922
12,393435,842,0.021599
12,ours-406478,842,0.016729
12,KACTL,842,0.161287
12,simd-v0,842,0.032225
12,ours-406478,843,0.016678
12,KACTL,843,0.154867
12,simd-v0,843,0.032225
12,393435,843,0.021239
12,KACTL,844,0.154888
12,simd-v0,844,0.032238
12,393435,844,0.021284
12,ours-406478,844,0.016839
12,simd-v0,845,0.032246
12,393435,845,0.021252
12,ours-406478,845,0.016836
12,KACTL,845,0.154953
12,393435,846,0.021617
12,ours-406478,846,0.016801
12,KACTL,846,0.160968
12,simd-v0,846,0.032272
12,ours-406478,847,0.016758
12,KACTL,847,0.156019
12,simd-v0,847,0.032226
12,393435,847,0.021286
12,KACTL,848,0.154802
12,simd-v0,848,0.032176
12,393435,848,0.021254
12,ours-406478,848,0.016766
12,simd-v0,849,0.032049
12,393435,849,0.021254
12,ours-406478,849,0.016776
12,KACTL,849,0.154805
12,393435,850,0.021616
12,ours-406478,850,0.016832
12,KACTL,850,0.155946
12,simd-v0,850,0.038498
12,ours-406478,851,0.016708
12,KACTL,851,0.156999
12,simd-v0,851,0.032232
12,393435,851,0.021332
12,KACTL,852,0.155030
12,simd-v0,852,0.032217
12,393435,852,0.021261
12,ours-406478,852,0.016690
12,simd-v0,853,0.032329
12,393435,853,0.021284
12,ours-406478,853,0.016720
12,KACTL,853,0.154979
12,393435,854,0.021644
12,ours-406478,854,0.016835
12,KACTL,854,0.155041
12,simd-v0,854,0.032197
12,ours-406478,855,0.016770
12,KACTL,855,0.162652
12,simd-v0,855,0.032239
12,393435,855,0.021245
12,KACTL,856,0.154779
12,simd-v0,856,0.032200
12,393435,856,0.021250
12,ours-406478,856,0.016803
12,simd-v0,857,0.032133
12,393435,857,0.021255
12,ours-406478,857,0.016815
12,KACTL,857,0.155066
12,393435,858,0.021594
12,ours-406478,858,0.016665
12,KACTL,858,0.154817
12,simd-v0,858,0.032226
12,ours-406478,859,0.016786
12,KACTL,859,0.161661
12,simd-v0,859,0.032233
12,393435,859,0.021273
12,KACTL,860,0.154862
12,simd-v0,860,0.032177
12,393435,860,0.021246
12,ours-406478,860,0.016681
12,simd-v0,861,0.032318
12,393435,861,0.021312
12,ours-406478,861,0.016815
12,KACTL,861,0.154828
12,393435,862,0.021627
12,ours-406478,862,0.016620
12,KACTL,862,0.155829
12,simd-v0,862,0.032240
12,ours-406478,863,0.016800
12,KACTL,863,0.154627
12,simd-v0,863,0.038699
12,393435,863,0.021322
12,KACTL,864,0.154977
12,simd-v0,864,0.032140
12,393435,864,0.021298
12,ours-406478,864,0.016884
12,simd-v0,865,0.032048
12,393435,865,0.021268
12,ours-406478,865,0.016779
12,KACTL,865,0.154839
12,393435,866,0.021655
12,ours-406478,866,0.016724
12,KACTL,866,0.154782
12,simd-v0,866,0.032256
12,ours-406478,867,0.016766
12,KACTL,867,0.154851
12,simd-v0,867,0.032180
12,393435,867,0.021280
12,KACTL,868,0.161090
12,simd-v0,868,0.032215
12,393435,868,0.021292
12,ours-406478,868,0.016825
12,simd-v0,869,0.032295
12,393435,869,0.021266
12,ours-406478,869,0.016839
12,KACTL,869,0.154933
12,393435,870,0.021643
12,ours-406478,870,0.016778
12,KACTL,870,0.155071
12,simd-v0,870,0.032223
12,ours-406478,871,0.016804
12,KACTL,871,0.154642
12,simd-v0,871,0.032275
12,393435,871,0.021271
12,KACTL,872,0.161161
12,simd-v0,872,0.032286
12,393435,872,0.021296
12,ours-406478,872,0.016797
12,simd-v0,873,0.032331
12,393435,873,0.021300
12,ours-406478,873,0.016733
12,KACTL,873,0.155159
12,393435,874,0.021639
12,ours-406478,874,0.016869
12,KACTL,874,0.154705
12,simd-v0,874,0.032202
12,ours-406478,875,0.016832
12,KACTL,875,0.155847
12,simd-v0,875,0.032178
12,393435,875,0.021265
12,KACTL,876,0.154911
12,simd-v0,876,0.038296
12,393435,876,0.021290
12,ours-406478,876,0.016836
12,simd-v0,877,0.032055
12,393435,877,0.021293
12,ours-406478,877,0.016818
12,KACTL,877,0.155058
12,393435,878,0.021318
12,ours-406478,878,0.016818
12,KACTL,878,0.154843
12,simd-v0,878,0.032107
12,ours-406478,879,0.016719
12,KACTL,879,0.154841
12,simd-v0,879,0.032139
12,393435,879,0.021255
12,KACTL,880,0.154891
12,simd-v0,880,0.032237
12,393435,880,0.021274
12,ours-406478,880,0.016771
12,simd-v0,881,0.038835
12,393435,881,0.021290
12,ours-406478,881,0.016732
12,KACTL,881,0.154919
12,393435,882,0.021655
12,ours-406478,882,0.016771
12,KACTL,882,0.154796
12,simd-v0,882,0.032224
12,ours-406478,883,0.017080
12,KACTL,883,0.155027
12,simd-v0,883,0.032168
12,393435,883,0.021333
12,KACTL,884,0.155099
12,simd-v0,884,0.032183
12,393435,884,0.021285
12,ours-406478,884,0.016812
12,simd-v0,885,0.032325
12,393435,885,0.021325
12,ours-406478,885,0.016776
12,KACTL,885,0.161167
12,393435,886,0.021682
12,ours-406478,886,0.016850
12,KACTL,886,0.154911
12,simd-v0,886,0.032188
12,ours-406478,887,0.016752
12,KACTL,887,0.154973
12,simd-v0,887,0.032244
12,393435,887,0.021310
12,KACTL,888,0.154938
12,simd-v0,888,0.032225
12,393435,888,0.021309
12,ours-406478,888,0.016837
12,simd-v0,889,0.032398
12,393435,889,0.021286
12,ours-406478,889,0.016842
12,KACTL,889,0.160978
12,393435,890,0.021602
12,ours-406478,890,0.016765
12,KACTL,890,0.155001
12,simd-v0,890,0.032199
12,ours-406478,891,0.016780
12,KACTL,891,0.154859
12,simd-v0,891,0.032204
12,393435,891,0.021299
12,KACTL,892,0.155025
12,simd-v0,892,0.032196
12,393435,892,0.021255
12,ours-406478,892,0.016776
12,simd-v0,893,0.032279
12,393435,893,0.021230
12,ours-406478,893,0.016834
12,KACTL,893,0.161266
12,393435,894,0.021690
12,ours-406478,894,0.016761
12,KACTL,894,0.157067
12,simd-v0,894,0.032243
12,ours-406478,895,0.016785
12,KACTL,895,0.156883
12,simd-v0,895,0.033234
12,393435,895,0.021996
12,KACTL,896,0.161135
12,simd-v0,896,0.033303
12,393435,896,0.021960
12,ours-406478,896,0.017347
12,simd-v0,897,0.033336
12,393435,897,0.021959
12,ours-406478,897,0.017334
12,KACTL,897,0.159981
12,393435,898,0.022308
12,ours-406478,898,0.017263
12,KACTL,898,0.184412
12,simd-v0,898,0.033250
12,ours-406478,899,0.017302
12,KACTL,899,0.160014
12,simd-v0,899,0.033346
12,393435,899,0.022017
12,KACTL,900,0.160004
12,simd-v0,900,0.033250
12,393435,900,0.021967
12,ours-406478,900,0.017334
12,simd-v0,901,0.033359
12,393435,901,0.021951
12,ours-406478,901,0.017366
12,KACTL,901,0.157178
12,393435,902,0.023400
12,ours-406478,902,0.017343
12,KACTL,902,0.163828
12,simd-v0,902,0.033753
12,ours-406478,903,0.017249
12,KACTL,903,0.156113
12,simd-v0,903,0.033750
12,393435,903,0.021975
12,KACTL,904,0.156032
12,simd-v0,904,0.033783
12,393435,904,0.021980
12,ours-406478,904,0.017379
12,simd-v0,905,0.033160
12,393435,905,0.021955
12,ours-406478,905,0.017385
12,KACTL,905,0.157205
12,393435,906,0.023388
12,ours-406478,906,0.017149
12,KACTL,906,0.162075
12,simd-v0,906,0.033868
12,ours-406478,907,0.017279
12,KACTL,907,0.158477
12,simd-v0,907,0.034909
12,393435,907,0.022722
12,KACTL,908,0.161221
12,simd-v0,908,0.034957
12,393435,908,0.022711
12,ours-406478,908,0.017975
12,simd-v0,909,0.034291
12,393435,909,0.022750
12,ours-406478,909,0.017975
12,KACTL,909,0.163811
12,393435,910,0.023063
12,ours-406478,910,0.017967
12,KACTL,910,0.172107
12,simd-v0,910,0.034471
12,ours-406478,911,0.017901
12,KACTL,911,0.165472
12,simd-v0,911,0.034404
12,393435,911,0.022735
12,KACTL,912,0.165564
12,simd-v0,912,0.032080
12,393435,912,0.021279
12,ours-406478,912,0.016811
12,simd-v0,913,0.032110
12,393435,913,0.021263
12,ours-406478,913,0.016591
12,KACTL,913,0.155064
12,393435,914,0.021330
12,ours-406478,914,0.016787
12,KACTL,914,0.161021
12,simd-v0,914,0.032143
12,ours-406478,915,0.016767
12,KACTL,915,0.157912
12,simd-v0,915,0.033233
12,393435,915,0.022018
12,KACTL,916,0.160030
12,simd-v0,916,0.033208
12,393435,916,0.021977
12,ours-406478,916,0.016602
12,simd-v0,917,0.033194
12,393435,917,0.021971
12,ours-406478,917,0.016560
12,KACTL,917,0.160019
12,393435,918,0.022336
12,ours-406478,918,0.016541
12,KACTL,918,0.160461
12,simd-v0,918,0.032051
12,ours-406478,919,0.022402
12,KACTL,919,0.154864
12,simd-v0,919,0.039635
12,393435,919,0.021982
12,KACTL,920,0.156148
12,simd-v0,920,0.033727
12,393435,920,0.021991
12,ours-406478,920,0.016538
12,simd-v0,921,0.033007
12,393435,921,0.021972
12,ours-406478,921,0.016554
12,KACTL,921,0.156326
12,393435,922,0.023401
12,ours-406478,922,0.016552
12,KACTL,922,0.156790
12,simd-v0,922,0.033657
12,ours-406478,923,0.016544
12,KACTL,923,0.162581
12,simd-v0,923,0.033663
12,393435,923,0.022034
12,KACTL,924,0.156192
12,simd-v0,924,0.033674
12,393435,924,0.022002
12,ours-406478,924,0.016563
12,simd-v0,925,0.033026
12,393435,925,0.023401
12,ours-406478,925,0.016606
12,KACTL,925,0.156090
12,393435,926,0.023372
12,ours-406478,926,0.016596
12,KACTL,926,0.156894
12,simd-v0,926,0.033739
12,ours-406478,927,0.016611
12,KACTL,927,0.162212
12,simd-v0,927,0.033658
12,393435,927,0.021946
12,KACTL,928,0.156069
12,simd-v0,928,0.033717
12,393435,928,0.021964
12,ours-406478,928,0.016545
12,simd-v0,929,0.034983
12,393435,929,0.021959
12,ours-406478,929,0.016586
12,KACTL,929,0.156159
12,393435,930,0.023362
12,ours-406478,930,0.016596
12,KACTL,930,0.160753
12,simd-v0,930,0.033206
12,ours-406478,931,0.016570
12,KACTL,931,0.166155
12,simd-v0,931,0.033231
12,393435,931,0.022251
12,KACTL,932,0.166669
12,simd-v0,932,0.036248
12,393435,932,0.022739
12,ours-406478,932,0.018026
12,simd-v0,933,0.034329
12,393435,933,0.022731
12,ours-406478,933,0.017943
12,KACTL,933,0.165428
12,393435,934,0.022851
12,ours-406478,934,0.017976
12,KACTL,934,0.165351
12,simd-v0,934,0.034305
12,ours-406478,935,0.017891
12,KACTL,935,0.171518
12,simd-v0,935,0.034408
12,393435,935,0.022756
12,KACTL,936,0.167727
12,simd-v0,936,0.034487
12,393435,936,0.022752
12,ours-406478,936,0.017923
12,simd-v0,937,0.034266
12,393435,937,0.022739
12,ours-406478,937,0.017950
12,KACTL,937,0.165523
12,393435,938,0.023072
12,ours-406478,938,0.017971
12,KACTL,938,0.165425
12,simd-v0,938,0.034314
12,ours-406478,939,0.017843
12,KACTL,939,0.174154
12,simd-v0,939,0.032251
12,393435,939,0.021293
12,KACTL,940,0.155014
12,simd-v0,940,0.032198
12,393435,940,0.021283
12,ours-406478,940,0.016601
12,simd-v0,941,0.032034
12,393435,941,0.021263
12,ours-406478,941,0.016783
12,KACTL,941,0.155834
12,393435,942,0.021598
12,ours-406478,942,0.016758
12,KACTL,942,0.159295
12,simd-v0,942,0.033268
12,ours-406478,943,0.017297
12,KACTL,943,0.160090
12,simd-v0,943,0.033280
12,393435,943,0.030697
12,KACTL,944,0.156062
12,simd-v0,944,0.033809
12,393435,944,0.021975
12,ours-406478,944,0.017369
12,simd-v0,945,0.033112
12,393435,945,0.021987
12,ours-406478,945,0.017285
12,KACTL,945,0.156046
12,393435,946,0.023421
12,ours-406478,946,0.017186
12,KACTL,946,0.156045
12,simd-v0,946,0.033789
12,ours-406478,947,0.017344
12,KACTL,947,0.155954
12,simd-v0,947,0.033765
12,393435,947,0.021968
12,KACTL,948,0.162418
12,simd-v0,948,0.033771
12,393435,948,0.021997
12,ours-406478,948,0.017232
12,simd-v0,949,0.035124
12,393435,949,0.021990
12,ours-406478,949,0.017371
12,KACTL,949,0.165430
12,393435,950,0.023482
12,ours-406478,950,0.017297
12,KACTL,950,0.165429
12,simd-v0,950,0.035272
12,ours-406478,951,0.016712
12,KACTL,951,0.154912
12,simd-v0,951,0.032173
12,393435,951,0.021268
12,KACTL,952,0.161069
12,simd-v0,952,0.032197
12,393435,952,0.021316
12,ours-406478,952,0.016757
12,simd-v0,953,0.032023
12,393435,953,0.021297
12,ours-406478,953,0.016825
12,KACTL,953,0.154943
12,393435,954,0.021628
12,ours-406478,954,0.016738
12,KACTL,954,0.154907
12,simd-v0,954,0.032183
12,ours-406478,955,0.016778
12,KACTL,955,0.154737
12,simd-v0,955,0.032164
12,393435,955,0.021282
12,KACTL,956,0.160771
12,simd-v0,956,0.032270
12,393435,956,0.021261
12,ours-406478,956,0.016713
12,simd-v0,957,0.032022
12,393435,957,0.021268
12,ours-406478,957,0.016761
12,KACTL,957,0.154870
12,393435,958,0.021605
12,ours-406478,958,0.016819
12,KACTL,958,0.154791
12,simd-v0,958,0.032235
12,ours-406478,959,0.016780
12,KACTL,959,0.154738
12,simd-v0,959,0.032183
12,393435,959,0.021255
12,KACTL,960,0.154811
12,simd-v0,960,0.032198
12,393435,960,0.021249
12,ours-406478,960,0.023168
12,simd-v0,961,0.032188
12,393435,961,0.021272
12,ours-406478,961,0.016820
12,KACTL,961,0.155061
12,393435,962,0.021627
12,ours-406478,962,0.016840
12,KACTL,962,0.154732
12,simd-v0,962,0.032277
12,ours-406478,963,0.016733
12,KACTL,963,0.154736
12,simd-v0,963,0.032188
12,393435,963,0.021285
12,KACTL,964,0.155443
12,simd-v0,964,0.032252
12,393435,964,0.021308
12,ours-406478,964,0.016824
12,simd-v0,965,0.032374
12,393435,965,0.021273
12,ours-406478,965,0.023009
12,KACTL,965,0.158188
12,393435,966,0.022378
12,ours-406478,966,0.017349
12,KACTL,966,0.155958
12,simd-v0,966,0.034222
12,ours-406478,967,0.017986
12,KACTL,967,0.159756
12,simd-v0,967,0.033320
12,393435,967,0.022010
12,KACTL,968,0.159990
12,simd-v0,968,0.033272
12,393435,968,0.021988
12,ours-406478,968,0.017328
12,simd-v0,969,0.033317
12,393435,969,0.021996
12,ours-406478,969,0.017366
12,KACTL,969,0.166617
12,393435,970,0.022374
12,ours-406478,970,0.017397
12,KACTL,970,0.161129
12,simd-v0,970,0.033381
12,ours-406478,971,0.017337
12,KACTL,971,0.159946
12,simd-v0,971,0.033324
12,393435,971,0.021985
12,KACTL,972,0.159937
12,simd-v0,972,0.033209
12,393435,972,0.021995
12,ours-406478,972,0.017339
12,simd-v0,973,0.033045
12,393435,973,0.021933
12,ours-406478,973,0.017417
12,KACTL,973,0.166361
12,393435,974,0.022378
12,ours-406478,974,0.017353
12,KACTL,974,0.160008
12,simd-v0,974,0.033223
12,ours-406478,975,0.017303
12,KACTL,975,0.159987
12,simd-v0,975,0.033333
12,393435,975,0.022002
12,KACTL,976,0.159918
12,simd-v0,976,0.033211
12,393435,976,0.022011
12,ours-406478,976,0.017322
12,simd-v0,977,0.033351
12,393435,977,0.021975
12,ours-406478,977,0.017362
12,KACTL,977,0.167257
12,393435,978,0.026311
12,ours-406478,978,0.017934
12,KACTL,978,0.168035
12,simd-v0,978,0.034453
12,ours-406478,979,0.018005
12,KACTL,979,0.165584
12,simd-v0,979,0.034433
12,393435,979,0.022708
12,KACTL,980,0.165388
12,simd-v0,980,0.034257
12,393435,980,0.022736
12,ours-406478,980,0.017918
12,simd-v0,981,0.034308
12,393435,981,0.022743
12,ours-406478,981,0.017796
12,KACTL,981,0.171913
12,393435,982,0.022790
12,ours-406478,982,0.017946
12,KACTL,982,0.166703
12,simd-v0,982,0.034300
12,ours-406478,983,0.017888
12,KACTL,983,0.165510
12,simd-v0,983,0.035042
12,393435,983,0.022267
12,KACTL,984,0.159847
12,simd-v0,984,0.033459
12,393435,984,0.022347
12,ours-406478,984,0.018575
12,simd-v0,985,0.033851
12,393435,985,0.022732
12,ours-406478,985,0.017910
12,KACTL,985,0.171993
12,393435,986,0.023137
12,ours-406478,986,0.017992
12,KACTL,986,0.166038
12,simd-v0,986,0.033256
12,ours-406478,987,0.017126
12,KACTL,987,0.159813
12,simd-v0,987,0.033309
12,393435,987,0.021995
12,KACTL,988,0.160151
12,simd-v0,988,0.033304
12,393435,988,0.022016
12,ours-406478,988,0.017425
12,simd-v0,989,0.033334
12,393435,989,0.021949
12,ours-406478,989,0.017383
12,KACTL,989,0.161059
12,393435,990,0.022421
12,ours-406478,990,0.017299
12,KACTL,990,0.160135
12,simd-v0,990,0.033214
12,ours-406478,991,0.017304
12,KACTL,991,0.159874
12,simd-v0,991,0.033273
12,393435,991,0.021984
12,KACTL,992,0.160144
12,simd-v0,992,0.033170
12,393435,992,0.022012
12,ours-406478,992,0.017267
12,simd-v0,993,0.033353
12,393435,993,0.021989
12,ours-406478,993,0.017361
12,KACTL,993,0.159978
12,393435,994,0.022324
12,ours-406478,994,0.017219
12,KACTL,994,0.159978
12,simd-v0,994,0.033286
12,ours-406478,995,0.017303
12,KACTL,995,0.159836
12,simd-v0,995,0.033264
12,393435,995,0.022000
12,KACTL,996,0.159921
12,simd-v0,996,0.033289
12,393435,996,0.021955
12,ours-406478,996,0.017396
12,simd-v0,997,0.033311
12,393435,997,0.021968
12,ours-406478,997,0.017144
12,KACTL,997,0.160213
12,393435,998,0.022340
12,ours-406478,998,0.017367
12,KACTL,998,0.166606
12,simd-v0,998,0.033316
12,ours-406478,999,0.017266
12,KACTL,999,0.160044
12,simd-v0,999,0.033279
12,393435,999,0.022718
12,KACTL,1000,0.165825
12,simd-v0,1000,0.034371
12,393435,1000,0.022742
12,ours-406478,1000,0.017966
13,KACTL,0,0.330239
13,simd-v0,0,0.065352
13,393435,0,0.045779
13,ours-406478,0,0.035983
13,simd-v0,1,0.065327
13,393435,1,0.046069
13,ours-406478,1,0.036496
13,KACTL,1,0.337703
13,393435,2,0.046073
13,ours-406478,2,0.036434
13,KACTL,2,0.330299
13,simd-v0,2,0.065354
13,ours-406478,3,0.036492
13,KACTL,3,0.337967
13,simd-v0,3,0.065278
13,393435,3,0.046127
13,KACTL,4,0.330243
13,simd-v0,4,0.065251
13,393435,4,0.046155
13,ours-406478,4,0.036220
13,simd-v0,5,0.065276
13,393435,5,0.046128
13,ours-406478,5,0.036329
13,KACTL,5,0.338540
13,393435,6,0.046067
13,ours-406478,6,0.036382
13,KACTL,6,0.330172
13,simd-v0,6,0.065295
13,ours-406478,7,0.036569
13,KACTL,7,0.336478
13,simd-v0,7,0.065358
13,393435,7,0.046188
13,KACTL,8,0.343560
13,simd-v0,8,0.069618
13,393435,8,0.049540
13,ours-406478,8,0.037590
13,simd-v0,9,0.067522
13,393435,9,0.047481
13,ours-406478,9,0.037374
13,KACTL,9,0.348180
13,393435,10,0.051033
13,ours-406478,10,0.040822
13,KACTL,10,0.379050
13,simd-v0,10,0.067423
13,ours-406478,11,0.037719
13,KACTL,11,0.367634
13,simd-v0,11,0.067473
13,393435,11,0.047769
13,KACTL,12,0.341763
13,simd-v0,12,0.067434
13,393435,12,0.047611
13,ours-406478,12,0.037642
13,simd-v0,13,0.067440
13,393435,13,0.047691
13,ours-406478,13,0.050320
13,KACTL,13,0.333065
13,393435,14,0.047039
13,ours-406478,14,0.038932
13,KACTL,14,0.330328
13,simd-v0,14,0.067968
13,ours-406478,15,0.039900
13,KACTL,15,0.337632
13,simd-v0,15,0.068005
13,393435,15,0.049924
13,KACTL,16,0.339884
13,simd-v0,16,0.067507
13,393435,16,0.046100
13,ours-406478,16,0.036477
13,simd-v0,17,0.065352
13,393435,17,0.046167
13,ours-406478,17,0.043105
13,KACTL,17,0.330032
13,393435,18,0.046073
13,ours-406478,18,0.036404
13,KACTL,18,0.330000
13,simd-v0,18,0.065364
13,ours-406478,19,0.036448
13,KACTL,19,0.336966
13,simd-v0,19,0.065306
13,393435,19,0.046191
13,KACTL,20,0.330217
13,simd-v0,20,0.065369
13,393435,20,0.046164
13,ours-406478,20,0.036085
13,simd-v0,21,0.065308
13,393435,21,0.046141
13,ours-406478,21,0.036246
13,KACTL,21,0.336377
13,393435,22,0.046061
13,ours-406478,22,0.036190
13,KACTL,22,0.333963
13,simd-v0,22,0.067548
13,ours-406478,23,0.037777
13,KACTL,23,0.347691
13,simd-v0,23,0.067535
13,393435,23,0.047694
13,KACTL,24,0.336319
13,simd-v0,24,0.067943
13,393435,24,0.049971
13,ours-406478,24,0.039618
13,simd-v0,25,0.069113
13,393435,25,0.049984
13,ours-406478,25,0.039778
13,KACTL,25,0.345599
13,393435,26,0.047563
13,ours-406478,26,0.037349
13,KACTL,26,0.341318
13,simd-v0,26,0.067502
13,ours-406478,27,0.037309
13,KACTL,27,0.348713
13,simd-v0,27,0.067633
13,393435,27,0.047743
13,KACTL,28,0.341573
13,simd-v0,28,0.067500
13,393435,28,0.047241
13,ours-406478,28,0.037649
13,simd-v0,29,0.067454
13,393435,29,0.047743
13,ours-406478,29,0.044122
13,KACTL,29,0.333441
13,393435,30,0.046052
13,ours-406478,30,0.036553
13,KACTL,30,0.330200
13,simd-v0,30,0.065357
13,ours-406478,31,0.036212
13,KACTL,31,0.336820
13,simd-v0,31,0.065342
13,393435,31,0.046177
13,KACTL,32,0.330137
13,simd-v0,32,0.065368
13,393435,32,0.046082
13,ours-406478,32,0.036305
13,simd-v0,33,0.065316
13,393435,33,0.046188
13,ours-406478,33,0.036473
13,KACTL,33,0.336460
13,393435,34,0.046056
13,ours-406478,34,0.036127
13,KACTL,34,0.330276
13,simd-v0,34,0.065335
13,ours-406478,35,0.036405
13,KACTL,35,0.336553
13,simd-v0,35,0.065360
13,393435,35,0.046103
13,KACTL,36,0.330492
13,simd-v0,36,0.065257
13,393435,36,0.046211
13,ours-406478,36,0.036483
13,simd-v0,37,0.065239
13,393435,37,0.046097
13,ours-406478,37,0.036370
13,KACTL,37,0.337280
13,393435,38,0.046076
13,ours-406478,38,0.036340
13,KACTL,38,0.330085
13,simd-v0,38,0.065295
13,ours-406478,39,0.036487
13,KACTL,39,0.349259
13,simd-v0,39,0.069867
13,393435,39,0.049162
13,KACTL,40,0.353082
13,simd-v0,40,0.069832
13,393435,40,0.049241
13,ours-406478,40,0.038935
13,simd-v0,41,0.069843
13,393435,41,0.049190
13,ours-406478,41,0.038932
13,KACTL,41,0.358567
13,393435,42,0.050231
13,ours-406478,42,0.040498
13,KACTL,42,0.341825
13,simd-v0,42,0.070358
13,ours-406478,43,0.041184
13,KACTL,43,0.348722
13,simd-v0,43,0.070368
13,393435,43,0.048862
13,KACTL,44,0.345019
13,simd-v0,44,0.070414
13,393435,44,0.048778
13,ours-406478,44,0.038601
13,simd-v0,45,0.069668
13,393435,45,0.059738
13,ours-406478,45,0.038433
13,KACTL,45,0.345233
13,393435,46,0.056055
13,ours-406478,46,0.039658
13,KACTL,46,0.341418
13,simd-v0,46,0.067784
13,ours-406478,47,0.040212
13,KACTL,47,0.348477
13,simd-v0,47,0.070227
13,393435,47,0.051607
13,KACTL,48,0.341302
13,simd-v0,48,0.070331
13,393435,48,0.051453
13,ours-406478,48,0.041039
13,simd-v0,49,0.080528
13,393435,49,0.050227
13,ours-406478,49,0.040537
13,KACTL,49,0.341271
13,393435,50,0.050263
13,ours-406478,50,0.038733
13,KACTL,50,0.342498
13,simd-v0,50,0.079295
13,ours-406478,51,0.038602
13,KACTL,51,0.342658
13,simd-v0,51,0.070216
13,393435,51,0.051660
13,KACTL,52,0.377080
13,simd-v0,52,0.070273
13,393435,52,0.062016
13,ours-406478,52,0.039754
13,simd-v0,53,0.071502
13,393435,53,0.051506
13,ours-406478,53,0.039787
13,KACTL,53,0.342529
13,393435,54,0.050223
13,ours-406478,54,0.038582
13,KACTL,54,0.349589
13,simd-v0,54,0.067801
13,ours-406478,55,0.039818
13,KACTL,55,0.344200
13,simd-v0,55,0.070245
13,393435,55,0.051545
13,KACTL,56,0.341687
13,simd-v0,56,0.078983
13,393435,56,0.050255
13,ours-406478,56,0.040771
13,simd-v0,57,0.071396
13,393435,57,0.051571
13,ours-406478,57,0.041154
13,KACTL,57,0.341777
13,393435,58,0.050175
13,ours-406478,58,0.038602
13,KACTL,58,0.348868
13,simd-v0,58,0.070322
13,ours-406478,59,0.038861
13,KACTL,59,0.342826
13,simd-v0,59,0.070334
13,393435,59,0.048840
13,KACTL,60,0.352180
13,simd-v0,60,0.070311
13,393435,60,0.048744
13,ours-406478,60,0.038602
13,simd-v0,61,0.069585
13,393435,61,0.048899
13,ours-406478,61,0.038600
13,KACTL,61,0.342960
13,393435,62,0.050222
13,ours-406478,62,0.038616
13,KACTL,62,0.348942
13,simd-v0,62,0.070888
13,ours-406478,63,0.039815
13,KACTL,63,0.341354
13,simd-v0,63,0.070311
13,393435,63,0.051534
13,KACTL,64,0.347613
13,simd-v0,64,0.072622
13,393435,64,0.050260
13,ours-406478,64,0.039844
13,simd-v0,65,0.071516
13,393435,65,0.051562
13,ours-406478,65,0.041320
13,KACTL,65,0.342153
13,393435,66,0.050194
13,ours-406478,66,0.038504
13,KACTL,66,0.350336
13,simd-v0,66,0.070376
13,ours-406478,67,0.038563
13,KACTL,67,0.342598
13,simd-v0,67,0.070314
13,393435,67,0.051628
13,KACTL,68,0.347895
13,simd-v0,68,0.070339
13,393435,68,0.048871
13,ours-406478,68,0.038828
13,simd-v0,69,0.069684
13,393435,69,0.049219
13,ours-406478,69,0.037235
13,KACTL,69,0.346404
13,393435,70,0.045933
13,ours-406478,70,0.036598
13,KACTL,70,0.337389
13,simd-v0,70,0.065416
13,ours-406478,71,0.036076
13,KACTL,71,0.331810
13,simd-v0,71,0.065325
13,393435,71,0.046213
13,KACTL,72,0.337902
13,simd-v0,72,0.065388
13,393435,72,0.046205
13,ours-406478,72,0.036608
13,simd-v0,73,0.065336
13,393435,73,0.046095
13,ours-406478,73,0.036138
13,KACTL,73,0.330959
13,393435,74,0.045972
13,ours-406478,74,0.036286
13,KACTL,74,0.337172
13,simd-v0,74,0.065456
13,ours-406478,75,0.036479
13,KACTL,75,0.330486
13,simd-v0,75,0.065219
13,393435,75,0.046129
13,KACTL,76,0.336934
13,simd-v0,76,0.065328
13,393435,76,0.046255
13,ours-406478,76,0.036371
13,simd-v0,77,0.065363
13,393435,77,0.046108
13,ours-406478,77,0.036564
13,KACTL,77,0.332563
13,393435,78,0.046032
13,ours-406478,78,0.036264
13,KACTL,78,0.349544
13,simd-v0,78,0.065288
13,ours-406478,79,0.036335
13,KACTL,79,0.330197
13,simd-v0,79,0.067789
13,393435,79,0.049315
13,KACTL,80,0.338260
13,simd-v0,80,0.067829
13,393435,80,0.049305
13,ours-406478,80,0.038455
13,simd-v0,81,0.068770
13,393435,81,0.049442
13,ours-406478,81,0.035106
13,KACTL,81,0.330530
13,393435,82,0.045398
13,ours-406478,82,0.034715
13,KACTL,82,0.336951
13,simd-v0,82,0.065043
13,ours-406478,83,0.034733
13,KACTL,83,0.330587
13,simd-v0,83,0.065033
13,393435,83,0.045520
13,KACTL,84,0.336490
13,simd-v0,84,0.067170
13,393435,84,0.045434
13,ours-406478,84,0.035181
13,simd-v0,85,0.065194
13,393435,85,0.045507
13,ours-406478,85,0.035110
13,KACTL,85,0.331696
13,393435,86,0.045341
13,ours-406478,86,0.035090
13,KACTL,86,0.336701
13,simd-v0,86,0.064941
13,ours-406478,87,0.035163
13,KACTL,87,0.330203
13,simd-v0,87,0.065045
13,393435,87,0.045570
13,KACTL,88,0.336295
13,simd-v0,88,0.065066
13,393435,88,0.045495
13,ours-406478,88,0.035123
13,simd-v0,89,0.064929
13,393435,89,0.045524
13,ours-406478,89,0.035112
13,KACTL,89,0.330232
13,393435,90,0.047995
13,ours-406478,90,0.038557
13,KACTL,90,0.337668
13,simd-v0,90,0.067837
13,ours-406478,91,0.038556
13,KACTL,91,0.331604
13,simd-v0,91,0.067719
13,393435,91,0.049328
13,KACTL,92,0.336885
13,simd-v0,92,0.067665
13,393435,92,0.046560
13,ours-406478,92,0.035903
13,simd-v0,93,0.067000
13,393435,93,0.046499
13,ours-406478,93,0.035877
13,KACTL,93,0.331433
13,393435,94,0.047862
13,ours-406478,94,0.035929
13,KACTL,94,0.336836
13,simd-v0,94,0.067466
13,ours-406478,95,0.038558
13,KACTL,95,0.331435
13,simd-v0,95,0.067656
13,393435,95,0.050057
13,KACTL,96,0.335863
13,simd-v0,96,0.065303
13,393435,96,0.045684
13,ours-406478,96,0.036017
13,simd-v0,97,0.065137
13,393435,97,0.045762
13,ours-406478,97,0.036274
13,KACTL,97,0.330479
13,393435,98,0.046077
13,ours-406478,98,0.036167
13,KACTL,98,0.336117
13,simd-v0,98,0.065230
13,ours-406478,99,0.036568
13,KACTL,99,0.330273
13,simd-v0,99,0.065222
13,393435,99,0.046144
13,KACTL,100,0.402129
13,simd-v0,100,0.065490
13,393435,100,0.047732
13,ours-406478,100,0.037751
13,simd-v0,101,0.067528
13,393435,101,0.048750
13,ours-406478,101,0.038725
13,KACTL,101,0.339724
13,393435,102,0.050177
13,ours-406478,102,0.040466
13,KACTL,102,0.367460
13,simd-v0,102,0.070223
13,ours-406478,103,0.038628
13,KACTL,103,0.342235
13,simd-v0,103,0.070330
13,393435,103,0.049834
13,KACTL,104,0.358113
13,simd-v0,104,0.070897
13,393435,104,0.048578
13,ours-406478,104,0.040262
13,simd-v0,105,0.072054
13,393435,105,0.053195
13,ours-406478,105,0.042510
13,KACTL,105,0.341119
13,393435,106,0.051921
13,ours-406478,106,0.039988
13,KACTL,106,0.349417
13,simd-v0,106,0.072755
13,ours-406478,107,0.039979
13,KACTL,107,0.342686
13,simd-v0,107,0.070198
13,393435,107,0.048901
13,KACTL,108,0.349773
13,simd-v0,108,0.070273
13,393435,108,0.051596
13,ours-406478,108,0.040621
13,simd-v0,109,0.071439
13,393435,109,0.051490
13,ours-406478,109,0.040080
13,KACTL,109,0.340749
13,393435,110,0.050209
13,ours-406478,110,0.045151
13,KACTL,110,0.347240
13,simd-v0,110,0.069832
13,ours-406478,111,0.039011
13,KACTL,111,0.329979
13,simd-v0,111,0.065202
13,393435,111,0.045706
13,KACTL,112,0.336787
13,simd-v0,112,0.065329
13,393435,112,0.046231
13,ours-406478,112,0.036291
13,simd-v0,113,0.065254
13,393435,113,0.046233
13,ours-406478,113,0.036324
13,KACTL,113,0.330245
13,393435,114,0.046058
13,ours-406478,114,0.036320
13,KACTL,114,0.329739
13,simd-v0,114,0.065326
13,ours-406478,115,0.036190
13,KACTL,115,0.331079
13,simd-v0,115,0.065267
13,393435,115,0.046162
13,KACTL,116,0.336504
13,simd-v0,116,0.065214
13,393435,116,0.046129
13,ours-406478,116,0.036413
13,simd-v0,117,0.065382
13,393435,117,0.046174
13,ours-406478,117,0.036445
13,KACTL,117,0.330512
13,393435,118,0.046072
13,ours-406478,118,0.036426
13,KACTL,118,0.336678
13,simd-v0,118,0.065303
13,ours-406478,119,0.036306
13,KACTL,119,0.330252
13,simd-v0,119,0.065239
13,393435,119,0.046224
13,KACTL,120,0.336213
13,simd-v0,120,0.065361
13,393435,120,0.046138
13,ours-406478,120,0.036294
13,simd-v0,121,0.065189
13,393435,121,0.046169
13,ours-406478,121,0.036352
13,KACTL,121,0.343367
13,393435,122,0.048931
13,ours-406478,122,0.038398
13,KACTL,122,0.359795
13,simd-v0,122,0.069684
13,ours-406478,123,0.038575
13,KACTL,123,0.352711
13,simd-v0,123,0.069886
13,393435,123,0.049248
13,KACTL,124,0.340944
13,simd-v0,124,0.065243
13,393435,124,0.046238
13,ours-406478,124,0.036438
13,simd-v0,125,0.065332
13,393435,125,0.046204
13,ours-406478,125,0.036410
13,KACTL,125,0.329917
13,393435,126,0.046009
13,ours-406478,126,0.036284
13,KACTL,126,0.342287
13,simd-v0,126,0.065312
13,ours-406478,127,0.036505
13,KACTL,127,0.330145
13,simd-v0,127,0.065266
13,393435,127,0.046178
13,KACTL,128,0.336892
13,simd-v0,128,0.065243
13,393435,128,0.046061
13,ours-406478,128,0.036517
13,simd-v0,129,0.065439
13,393435,129,0.046189
13,ours-406478,129,0.036396
13,KACTL,129,0.330504
13,393435,130,0.045994
13,ours-406478,130,0.036358
13,KACTL,130,0.336997
13,simd-v0,130,0.065301
13,ours-406478,131,0.036402
13,KACTL,131,0.330153
13,simd-v0,131,0.065301
13,393435,131,0.046159
13,KACTL,132,0.336469
13,simd-v0,132,0.065255
13,393435,132,0.046208
13,ours-406478,132,0.036375
13,simd-v0,133,0.065251
13,393435,133,0.046127
13,ours-406478,133,0.036405
13,KACTL,133,0.330375
13,393435,134,0.046042
13,ours-406478,134,0.036376
13,KACTL,134,0.338443
13,simd-v0,134,0.065309
13,ours-406478,135,0.036505
13,KACTL,135,0.336598
13,simd-v0,135,0.067447
13,393435,135,0.047721
13,KACTL,136,0.347397
13,simd-v0,136,0.067444
13,393435,136,0.047723
13,ours-406478,136,0.037623
13,simd-v0,137,0.067484
13,393435,137,0.047685
13,ours-406478,137,0.037569
13,KACTL,137,0.341275
13,393435,138,0.048147
13,ours-406478,138,0.041007
13,KACTL,138,0.347548
13,simd-v0,138,0.067620
13,ours-406478,139,0.037677
13,KACTL,139,0.341168
13,simd-v0,139,0.067604
13,393435,139,0.047564
13,KACTL,140,0.348145
13,simd-v0,140,0.067393
13,393435,140,0.047728
13,ours-406478,140,0.037770
13,simd-v0,141,0.067534
13,393435,141,0.047683
13,ours-406478,141,0.037388
13,KACTL,141,0.341328
13,393435,142,0.047582
13,ours-406478,142,0.037496
13,KACTL,142,0.348517
13,simd-v0,142,0.067511
13,ours-406478,143,0.037610
13,KACTL,143,0.333967
13,simd-v0,143,0.065356
13,393435,143,0.046191
13,KACTL,144,0.338201
13,simd-v0,144,0.065307
13,393435,144,0.046160
13,ours-406478,144,0.036432
13,simd-v0,145,0.065291
13,393435,145,0.046239
13,ours-406478,145,0.036460
13,KACTL,145,0.330399
13,393435,146,0.046095
13,ours-406478,146,0.036381
13,KACTL,146,0.343382
13,simd-v0,146,0.066077
13,ours-406478,147,0.037460
13,KACTL,147,0.341703
13,simd-v0,147,0.068604
13,393435,147,0.049695
13,KACTL,148,0.359347
13,simd-v0,148,0.068688
13,393435,148,0.049750
13,ours-406478,148,0.039670
13,simd-v0,149,0.068752
13,393435,149,0.046176
13,ours-406478,149,0.036304
13,KACTL,149,0.330644
13,393435,150,0.045983
13,ours-406478,150,0.036564
13,KACTL,150,0.336789
13,simd-v0,150,0.065391
13,ours-406478,151,0.036262
13,KACTL,151,0.330086
13,simd-v0,151,0.065296
13,393435,151,0.046237
13,KACTL,152,0.337176
13,simd-v0,152,0.065316
13,393435,152,0.046179
13,ours-406478,152,0.036456
13,simd-v0,153,0.065325
13,393435,153,0.046150
13,ours-406478,153,0.036376
13,KACTL,153,0.330627
13,393435,154,0.045998
13,ours-406478,154,0.036436
13,KACTL,154,0.337307
13,simd-v0,154,0.065333
13,ours-406478,155,0.036613
13,KACTL,155,0.330069
13,simd-v0,155,0.065411
13,393435,155,0.046167
13,KACTL,156,0.336652
13,simd-v0,156,0.065448
13,393435,156,0.046169
13,ours-406478,156,0.036494
13,simd-v0,157,0.065325
13,393435,157,0.046248
13,ours-406478,157,0.036484
13,KACTL,157,0.330127
13,393435,158,0.046070
13,ours-406478,158,0.036469
13,KACTL,158,0.336403
13,simd-v0,158,0.065391
13,ours-406478,159,0.036543
13,KACTL,159,0.330176
13,simd-v0,159,0.065241
13,393435,159,0.046153
13,KACTL,160,0.336143
13,simd-v0,160,0.065223
13,393435,160,0.046180
13,ours-406478,160,0.036458
13,simd-v0,161,0.065263
13,393435,161,0.046206
13,ours-406478,161,0.036113
13,KACTL,161,0.329837
13,393435,162,0.046092
13,ours-406478,162,0.036259
13,KACTL,162,0.336392
13,simd-v0,162,0.065288
13,ours-406478,163,0.036410
13,KACTL,163,0.339233
13,simd-v0,163,0.069859
13,393435,163,0.049247
13,KACTL,164,0.359028
13,simd-v0,164,0.072818
13,393435,164,0.049269
13,ours-406478,164,0.038934
13,simd-v0,165,0.069836
13,393435,165,0.049233
13,ours-406478,165,0.038738
13,KACTL,165,0.352719
13,393435,166,0.049209
13,ours-406478,166,0.038753
13,KACTL,166,0.368763
13,simd-v0,166,0.070595
13,ours-406478,167,0.037609
13,KACTL,167,0.338749
13,simd-v0,167,0.067931
13,393435,167,0.050047
13,KACTL,168,0.337052
13,simd-v0,168,0.068014
13,393435,168,0.049902
13,ours-406478,168,0.039821
13,simd-v0,169,0.069113
13,393435,169,0.050093
13,ours-406478,169,0.040404
13,KACTL,169,0.342844
13,393435,170,0.047575
13,ours-406478,170,0.038093
13,KACTL,170,0.336538
13,simd-v0,170,0.065312
13,ours-406478,171,0.036003
13,KACTL,171,0.330244
13,simd-v0,171,0.065356
13,393435,171,0.045839
13,KACTL,172,0.336160
13,simd-v0,172,0.065354
13,393435,172,0.045741
13,ours-406478,172,0.036162
13,simd-v0,173,0.065186
13,393435,173,0.045718
13,ours-406478,173,0.036104
13,KACTL,173,0.330679
13,393435,174,0.045991
13,ours-406478,174,0.035977
13,KACTL,174,0.339150
13,simd-v0,174,0.065415
13,ours-406478,175,0.035840
13,KACTL,175,0.330374
13,simd-v0,175,0.065303
13,393435,175,0.046222
13,KACTL,176,0.347467
13,simd-v0,176,0.067560
13,393435,176,0.047568
13,ours-406478,176,0.037637
13,simd-v0,177,0.067547
13,393435,177,0.047712
13,ours-406478,177,0.037567
13,KACTL,177,0.335227
13,393435,178,0.048511
13,ours-406478,178,0.039865
13,KACTL,178,0.363129
13,simd-v0,178,0.065617
13,ours-406478,179,0.038990
13,KACTL,179,0.331071
13,simd-v0,179,0.067962
13,393435,179,0.050030
13,KACTL,180,0.339391
13,simd-v0,180,0.067948
13,393435,180,0.050074
13,ours-406478,180,0.039983
13,simd-v0,181,0.069078
13,393435,181,0.049997
13,ours-406478,181,0.039979
13,KACTL,181,0.331299
13,393435,182,0.048579
13,ours-406478,182,0.037309
13,KACTL,182,0.337992
13,simd-v0,182,0.067966
13,ours-406478,183,0.037186
13,KACTL,183,0.331633
13,simd-v0,183,0.067963
13,393435,183,0.047713
13,KACTL,184,0.349728
13,simd-v0,184,0.067626
13,393435,184,0.047192
13,ours-406478,184,0.037544
13,simd-v0,185,0.067498
13,393435,185,0.048599
13,ours-406478,185,0.038924
13,KACTL,185,0.352924
13,393435,186,0.049212
13,ours-406478,186,0.038872
13,KACTL,186,0.359540
13,simd-v0,186,0.069853
13,ours-406478,187,0.038788
13,KACTL,187,0.353009
13,simd-v0,187,0.068981
13,393435,187,0.050714
13,KACTL,188,0.361637
13,simd-v0,188,0.069134
13,393435,188,0.050774
13,ours-406478,188,0.042269
13,simd-v0,189,0.069780
13,393435,189,0.049191
13,ours-406478,189,0.038698
13,KACTL,189,0.368499
13,393435,190,0.048864
13,ours-406478,190,0.038656
13,KACTL,190,0.353102
13,simd-v0,190,0.069651
13,ours-406478,191,0.038676
13,KACTL,191,0.352553
13,simd-v0,191,0.079263
13,393435,191,0.050261
13,KACTL,192,0.340941
13,simd-v0,192,0.070375
13,393435,192,0.051494
13,ours-406478,192,0.041103
13,simd-v0,193,0.071340
13,393435,193,0.051494
13,ours-406478,193,0.041079
13,KACTL,193,0.347854
13,393435,194,0.050347
13,ours-406478,194,0.038538
13,KACTL,194,0.342358
13,simd-v0,194,0.070250
13,ours-406478,195,0.038500
13,KACTL,195,0.348306
13,simd-v0,195,0.070279
13,393435,195,0.051573
13,KACTL,196,0.341322
13,simd-v0,196,0.070992
13,393435,196,0.048665
13,ours-406478,196,0.040278
13,simd-v0,197,0.070169
13,393435,197,0.051530
13,ours-406478,197,0.040530
13,KACTL,197,0.349127
13,393435,198,0.050197
13,ours-406478,198,0.038684
13,KACTL,198,0.342127
13,simd-v0,198,0.070271
13,ours-406478,199,0.038587
13,KACTL,199,0.348969
13,simd-v0,199,0.070205
13,393435,199,0.051560
13,KACTL,200,0.341519
13,simd-v0,200,0.070218
13,393435,200,0.051619
13,ours-406478,200,0.040690
13,simd-v0,201,0.071365
13,393435,201,0.051581
13,ours-406478,201,0.040760
13,KACTL,201,0.349051
13,393435,202,0.050291
13,ours-406478,202,0.038462
13,KACTL,202,0.342680
13,simd-v0,202,0.070150
13,ours-406478,203,0.038599
13,KACTL,203,0.349878
13,simd-v0,203,0.072399
13,393435,203,0.050294
13,KACTL,204,0.341153
13,simd-v0,204,0.070259
13,393435,204,0.052536
13,ours-406478,204,0.040305
13,simd-v0,205,0.071370
13,393435,205,0.051526
13,ours-406478,205,0.038499
13,KACTL,205,0.353856
13,393435,206,0.050147
13,ours-406478,206,0.038494
13,KACTL,206,0.339314
13,simd-v0,206,0.067904
13,ours-406478,207,0.037290
13,KACTL,207,0.337989
13,simd-v0,207,0.068016
13,393435,207,0.049911
13,KACTL,208,0.331395
13,simd-v0,208,0.070218
13,393435,208,0.051553
13,ours-406478,208,0.041197
13,simd-v0,209,0.071460
13,393435,209,0.051515
13,ours-406478,209,0.047686
13,KACTL,209,0.339352
13,393435,210,0.047608
13,ours-406478,210,0.037385
13,KACTL,210,0.333489
13,simd-v0,210,0.065213
13,ours-406478,211,0.036022
13,KACTL,211,0.336175
13,simd-v0,211,0.065399
13,393435,211,0.046225
13,KACTL,212,0.330018
13,simd-v0,212,0.065309
13,393435,212,0.046269
13,ours-406478,212,0.036449
13,simd-v0,213,0.065287
13,393435,213,0.046265
13,ours-406478,213,0.036160
13,KACTL,213,0.336135
13,393435,214,0.046078
13,ours-406478,214,0.036347
13,KACTL,214,0.331016
13,simd-v0,214,0.065305
13,ours-406478,215,0.036599
13,KACTL,215,0.336633
13,simd-v0,215,0.065288
13,393435,215,0.046187
13,KACTL,216,0.330219
13,simd-v0,216,0.065200
13,393435,216,0.046168
13,ours-406478,216,0.036299
13,simd-v0,217,0.065267
13,393435,217,0.046205
13,ours-406478,217,0.036363
13,KACTL,217,0.336694
13,393435,218,0.046193
13,ours-406478,218,0.038744
13,KACTL,218,0.343465
13,simd-v0,218,0.065365
13,ours-406478,219,0.036535
13,KACTL,219,0.338046
13,simd-v0,219,0.065259
13,393435,219,0.046126
13,KACTL,220,0.329985
13,simd-v0,220,0.065312
13,393435,220,0.046242
13,ours-406478,220,0.036379
13,simd-v0,221,0.065226
13,393435,221,0.046135
13,ours-406478,221,0.036344
13,KACTL,221,0.336974
13,393435,222,0.046057
13,ours-406478,222,0.036428
13,KACTL,222,0.330300
13,simd-v0,222,0.065278
13,ours-406478,223,0.036567
13,KACTL,223,0.336054
13,simd-v0,223,0.067520
13,393435,223,0.046088
13,KACTL,224,0.330107
13,simd-v0,224,0.065232
13,393435,224,0.046229
13,ours-406478,224,0.036487
13,simd-v0,225,0.065265
13,393435,225,0.046255
13,ours-406478,225,0.036462
13,KACTL,225,0.336567
13,393435,226,0.046060
13,ours-406478,226,0.036331
13,KACTL,226,0.330095
13,simd-v0,226,0.065176
13,ours-406478,227,0.036375
13,KACTL,227,0.336127
13,simd-v0,227,0.065371
13,393435,227,0.046137
13,KACTL,228,0.329936
13,simd-v0,228,0.065199
13,393435,228,0.046148
13,ours-406478,228,0.036588
13,simd-v0,229,0.065263
13,393435,229,0.046172
13,ours-406478,229,0.036442
13,KACTL,229,0.346072
13,393435,230,0.046104
13,ours-406478,230,0.036272
13,KACTL,230,0.330478
13,simd-v0,230,0.065330
13,ours-406478,231,0.036281
13,KACTL,231,0.344557
13,simd-v0,231,0.065330
13,393435,231,0.046302
13,KACTL,232,0.330281
13,simd-v0,232,0.065253
13,393435,232,0.046092
13,ours-406478,232,0.036530
13,simd-v0,233,0.065172
13,393435,233,0.046193
13,ours-406478,233,0.036340
13,KACTL,233,0.336483
13,393435,234,0.046066
13,ours-406478,234,0.036385
13,KACTL,234,0.330558
13,simd-v0,234,0.065319
13,ours-406478,235,0.036526
13,KACTL,235,0.343831
13,simd-v0,235,0.067530
13,393435,235,0.049666
13,KACTL,236,0.352785
13,simd-v0,236,0.068662
13,393435,236,0.049656
13,ours-406478,236,0.039534
13,simd-v0,237,0.068820
13,393435,237,0.049635
13,ours-406478,237,0.037635
13,KACTL,237,0.346808
13,393435,238,0.046019
13,ours-406478,238,0.036356
13,KACTL,238,0.330228
13,simd-v0,238,0.065351
13,ours-406478,239,0.036359
13,KACTL,239,0.336525
13,simd-v0,239,0.065309
13,393435,239,0.046229
13,KACTL,240,0.330187
13,simd-v0,240,0.065219
13,393435,240,0.046207
13,ours-406478,240,0.036456
13,simd-v0,241,0.065312
13,393435,241,0.046197
13,ours-406478,241,0.036386
13,KACTL,241,0.346934
13,393435,242,0.047622
13,ours-406478,242,0.037520
13,KACTL,242,0.342634
13,simd-v0,242,0.067432
13,ours-406478,243,0.037778
13,KACTL,243,0.347212
13,simd-v0,243,0.065230
13,393435,243,0.049041
13,KACTL,244,0.329927
13,simd-v0,244,0.067477
13,393435,244,0.047751
13,ours-406478,244,0.037715
13,simd-v0,245,0.067388
13,393435,245,0.047644
13,ours-406478,245,0.037680
13,KACTL,245,0.341608
13,393435,246,0.046022
13,ours-406478,246,0.036439
13,KACTL,246,0.330327
13,simd-v0,246,0.065297
13,ours-406478,247,0.036425
13,KACTL,247,0.345315
13,simd-v0,247,0.067628
13,393435,247,0.047543
13,KACTL,248,0.341340
13,simd-v0,248,0.067594
13,393435,248,0.047605
13,ours-406478,248,0.037608
13,simd-v0,249,0.067576
13,393435,249,0.047666
13,ours-406478,249,0.037534
13,KACTL,249,0.348658
13,393435,250,0.047560
13,ours-406478,250,0.037504
13,KACTL,250,0.338524
13,simd-v0,250,0.067859
13,ours-406478,251,0.039962
13,KACTL,251,0.337512
13,simd-v0,251,0.067975
13,393435,251,0.050054
13,KACTL,252,0.329817
13,simd-v0,252,0.067957
13,393435,252,0.050075
13,ours-406478,252,0.039832
13,simd-v0,253,0.069012
13,393435,253,0.049997
13,ours-406478,253,0.039736
13,KACTL,253,0.338858
13,393435,254,0.047019
13,ours-406478,254,0.038881
13,KACTL,254,0.330236
13,simd-v0,254,0.068033
13,ours-406478,255,0.037344
13,KACTL,255,0.345233
13,simd-v0,255,0.067654
13,393435,255,0.047260
13,KACTL,256,0.343565
13,simd-v0,256,0.069740
13,393435,256,0.049122
13,ours-406478,256,0.038929
13,simd-v0,257,0.069787
13,393435,257,0.049250
13,ours-406478,257,0.038929
13,KACTL,257,0.380466
13,393435,258,0.049299
13,ours-406478,258,0.043846
13,KACTL,258,0.355257
13,simd-v0,258,0.069967
13,ours-406478,259,0.038961
13,KACTL,259,0.360515
13,simd-v0,259,0.070090
13,393435,259,0.049208
13,KACTL,260,0.352860
13,simd-v0,260,0.069866
13,393435,260,0.049324
13,ours-406478,260,0.038966
13,simd-v0,261,0.069813
13,393435,261,0.049245
13,ours-406478,261,0.045512
13,KACTL,261,0.352777
13,393435,262,0.049763
13,ours-406478,262,0.042325
13,KACTL,262,0.352923
13,simd-v0,262,0.069925
13,ours-406478,263,0.041158
13,KACTL,263,0.350935
13,simd-v0,263,0.070188
13,393435,263,0.051529
13,KACTL,264,0.341079
13,simd-v0,264,0.070319
13,393435,264,0.051511
13,ours-406478,264,0.040742
13,simd-v0,265,0.080186
13,393435,265,0.050258
13,ours-406478,265,0.040883
13,KACTL,265,0.341575
13,393435,266,0.050229
13,ours-406478,266,0.038292
13,KACTL,266,0.341756
13,simd-v0,266,0.070306
13,ours-406478,267,0.047451
13,KACTL,267,0.342537
13,simd-v0,267,0.070231
13,393435,267,0.048888
13,KACTL,268,0.341351
13,simd-v0,268,0.070210
13,393435,268,0.051511
13,ours-406478,268,0.049569
13,simd-v0,269,0.070303
13,393435,269,0.051466
13,ours-406478,269,0.040701
13,KACTL,269,0.333541
13,393435,270,0.049826
13,ours-406478,270,0.038603
13,KACTL,270,0.331770
13,simd-v0,270,0.077117
13,ours-406478,271,0.037199
13,KACTL,271,0.331744
13,simd-v0,271,0.068015
13,393435,271,0.047307
13,KACTL,272,0.334278
13,simd-v0,272,0.068036
13,393435,272,0.054248
13,ours-406478,272,0.037154
13,simd-v0,273,0.067472
13,393435,273,0.047322
13,ours-406478,273,0.037314
13,KACTL,273,0.343485
13,393435,274,0.045946
13,ours-406478,274,0.035940
13,KACTL,274,0.331500
13,simd-v0,274,0.071546
13,ours-406478,275,0.035847
13,KACTL,275,0.330378
13,simd-v0,275,0.065369
13,393435,275,0.045706
13,KACTL,276,0.331739
13,simd-v0,276,0.065322
13,393435,276,0.045668
13,ours-406478,276,0.041535
13,simd-v0,277,0.065103
13,393435,277,0.045660
13,ours-406478,277,0.035866
13,KACTL,277,0.331979
13,393435,278,0.047562
13,ours-406478,278,0.038145
13,KACTL,278,0.340665
13,simd-v0,278,0.073097
13,ours-406478,279,0.038560
13,KACTL,279,0.341380
13,simd-v0,279,0.067561
13,393435,279,0.047234
13,KACTL,280,0.344714
13,simd-v0,280,0.068648
13,393435,280,0.053696
13,ours-406478,280,0.037107
13,simd-v0,281,0.067268
13,393435,281,0.047224
13,ours-406478,281,0.037332
13,KACTL,281,0.330549
13,393435,282,0.046009
13,ours-406478,282,0.035930
13,KACTL,282,0.330183
13,simd-v0,282,0.071534
13,ours-406478,283,0.035927
13,KACTL,283,0.333010
13,simd-v0,283,0.065406
13,393435,283,0.045707
13,KACTL,284,0.330126
13,simd-v0,284,0.065278
13,393435,284,0.046157
13,ours-406478,284,0.043425
13,simd-v0,285,0.065380
13,393435,285,0.046229
13,ours-406478,285,0.036354
13,KACTL,285,0.330413
13,393435,286,0.046069
13,ours-406478,286,0.036203
13,KACTL,286,0.331312
13,simd-v0,286,0.067367
13,ours-406478,287,0.043710
13,KACTL,287,0.351570
13,simd-v0,287,0.068999
13,393435,287,0.050686
13,KACTL,288,0.353773
13,simd-v0,288,0.068866
13,393435,288,0.058882
13,ours-406478,288,0.041993
13,simd-v0,289,0.070952
13,393435,289,0.049258
13,ours-406478,289,0.038958
13,KACTL,289,0.342711
13,393435,290,0.050142
13,ours-406478,290,0.041132
13,KACTL,290,0.348710
13,simd-v0,290,0.070197
13,ours-406478,291,0.038489
13,KACTL,291,0.342658
13,simd-v0,291,0.070325
13,393435,291,0.048849
13,KACTL,292,0.343559
13,simd-v0,292,0.079334
13,393435,292,0.051009
13,ours-406478,292,0.040167
13,simd-v0,293,0.071267
13,393435,293,0.051539
13,ours-406478,293,0.040573
13,KACTL,293,0.341577
13,393435,294,0.050176
13,ours-406478,294,0.041209
13,KACTL,294,0.363463
13,simd-v0,294,0.070368
13,ours-406478,295,0.038534
13,KACTL,295,0.342594
13,simd-v0,295,0.070184
13,393435,295,0.048851
13,KACTL,296,0.349845
13,simd-v0,296,0.070374
13,393435,296,0.052369
13,ours-406478,296,0.040158
13,simd-v0,297,0.069193
13,393435,297,0.051513
13,ours-406478,297,0.040998
13,KACTL,297,0.341783
13,393435,298,0.050180
13,ours-406478,298,0.040545
13,KACTL,298,0.348256
13,simd-v0,298,0.070339
13,ours-406478,299,0.038420
13,KACTL,299,0.340251
13,simd-v0,299,0.067898
13,393435,299,0.047212
13,KACTL,300,0.337667
13,simd-v0,300,0.068069
13,393435,300,0.049964
13,ours-406478,300,0.040039
13,simd-v0,301,0.069158
13,393435,301,0.049945
13,ours-406478,301,0.039524
13,KACTL,301,0.333235
13,393435,302,0.047489
13,ours-406478,302,0.037626
13,KACTL,302,0.348723
13,simd-v0,302,0.067284
13,ours-406478,303,0.035867
13,KACTL,303,0.338559
13,simd-v0,303,0.066725
13,393435,303,0.047155
13,KACTL,304,0.342493
13,simd-v0,304,0.065253
13,393435,304,0.046167
13,ours-406478,304,0.036529
13,simd-v0,305,0.065358
13,393435,305,0.046192
13,ours-406478,305,0.036133
13,KACTL,305,0.330276
13,393435,306,0.046024
13,ours-406478,306,0.036443
13,KACTL,306,0.337073
13,simd-v0,306,0.065364
13,ours-406478,307,0.036488
13,KACTL,307,0.330459
13,simd-v0,307,0.067726
13,393435,307,0.049308
13,KACTL,308,0.337309
13,simd-v0,308,0.067750
13,393435,308,0.049233
13,ours-406478,308,0.037246
13,simd-v0,309,0.066982
13,393435,309,0.049348
13,ours-406478,309,0.038515
13,KACTL,309,0.331366
13,393435,310,0.047929
13,ours-406478,310,0.038455
13,KACTL,310,0.337807
13,simd-v0,310,0.067824
13,ours-406478,311,0.035794
13,KACTL,311,0.331722
13,simd-v0,311,0.067822
13,393435,311,0.046409
13,KACTL,312,0.353673
13,simd-v0,312,0.078169
13,393435,312,0.048016
13,ours-406478,312,0.042922
13,simd-v0,313,0.072543
13,393435,313,0.049269
13,ours-406478,313,0.038477
13,KACTL,313,0.331338
13,393435,314,0.047890
13,ours-406478,314,0.037962
13,KACTL,314,0.339405
13,simd-v0,314,0.067834
13,ours-406478,315,0.035840
13,KACTL,315,0.331706
13,simd-v0,315,0.065382
13,393435,315,0.045744
13,KACTL,316,0.465630
13,simd-v0,316,0.065321
13,393435,316,0.046068
13,ours-406478,316,0.036269
13,simd-v0,317,0.065406
13,393435,317,0.046203
13,ours-406478,317,0.036577
13,KACTL,317,0.335539
13,393435,318,0.048643
13,ours-406478,318,0.040002
13,KACTL,318,0.337603
13,simd-v0,318,0.067942
13,ours-406478,319,0.039908
13,KACTL,319,0.331356
13,simd-v0,319,0.067949
13,393435,319,0.050110
13,KACTL,320,0.367459
13,simd-v0,320,0.067929
13,393435,320,0.047307
13,ours-406478,320,0.037350
13,simd-v0,321,0.067373
13,393435,321,0.047233
13,ours-406478,321,0.037342
13,KACTL,321,0.335476
13,393435,322,0.052490
13,ours-406478,322,0.045413
13,KACTL,322,0.345884
13,simd-v0,322,0.070258
13,ours-406478,323,0.038491
13,KACTL,323,0.342994
13,simd-v0,323,0.067870
13,393435,323,0.048226
13,KACTL,324,0.355785
13,simd-v0,324,0.067991
13,393435,324,0.048204
13,ours-406478,324,0.039870
13,simd-v0,325,0.072079
13,393435,325,0.050543
13,ours-406478,325,0.040086
13,KACTL,325,0.342290
13,393435,326,0.059116
13,ours-406478,326,0.038401
13,KACTL,326,0.342623
13,simd-v0,326,0.070338
13,ours-406478,327,0.040919
13,KACTL,327,0.341470
13,simd-v0,327,0.070316
13,393435,327,0.060434
13,KACTL,328,0.341313
13,simd-v0,328,0.070237
13,393435,328,0.048829
13,ours-406478,328,0.038524
13,simd-v0,329,0.069590
13,393435,329,0.048850
13,ours-406478,329,0.038493
13,KACTL,329,0.348462
13,393435,330,0.050184
13,ours-406478,330,0.038578
13,KACTL,330,0.357298
13,simd-v0,330,0.070228
13,ours-406478,331,0.041416
13,KACTL,331,0.342332
13,simd-v0,331,0.079658
13,393435,331,0.050240
13,KACTL,332,0.341367
13,simd-v0,332,0.070189
13,393435,332,0.049413
13,ours-406478,332,0.039852
13,simd-v0,333,0.069546
13,393435,333,0.048770
13,ours-406478,333,0.038520
13,KACTL,333,0.348464
13,393435,334,0.050163
13,ours-406478,334,0.038448
13,KACTL,334,0.342498
13,simd-v0,334,0.070320
13,ours-406478,335,0.041135
13,KACTL,335,0.348239
13,simd-v0,335,0.070287
13,393435,335,0.051520
13,KACTL,336,0.341127
13,simd-v0,336,0.070300
13,393435,336,0.051540
13,ours-406478,336,0.041030
13,simd-v0,337,0.071326
13,393435,337,0.051580
13,ours-406478,337,0.040932
13,KACTL,337,0.346493
13,393435,338,0.048581
13,ours-406478,338,0.039869
13,KACTL,338,0.336425
13,simd-v0,338,0.067513
13,ours-406478,339,0.037212
13,KACTL,339,0.350326
13,simd-v0,339,0.069758
13,393435,339,0.048879
13,KACTL,340,0.353151
13,simd-v0,340,0.069812
13,393435,340,0.050016
13,ours-406478,340,0.042396
13,simd-v0,341,0.070683
13,393435,341,0.048904
13,ours-406478,341,0.038570
13,KACTL,341,0.361685
13,393435,342,0.048907
13,ours-406478,342,0.038716
13,KACTL,342,0.352854
13,simd-v0,342,0.069769
13,ours-406478,343,0.038950
13,KACTL,343,0.359942
13,simd-v0,343,0.069850
13,393435,343,0.048293
13,KACTL,344,0.330575
13,simd-v0,344,0.065325
13,393435,344,0.046172
13,ours-406478,344,0.036419
13,simd-v0,345,0.065358
13,393435,345,0.046099
13,ours-406478,345,0.036387
13,KACTL,345,0.337075
13,393435,346,0.045988
13,ours-406478,346,0.036458
13,KACTL,346,0.330319
13,simd-v0,346,0.065279
13,ours-406478,347,0.036258
13,KACTL,347,0.338189
13,simd-v0,347,0.065371
13,393435,347,0.046111
13,KACTL,348,0.352224
13,simd-v0,348,0.069650
13,393435,348,0.048777
13,ours-406478,348,0.039834
13,simd-v0,349,0.069000
13,393435,349,0.050755
13,ours-406478,349,0.042261
13,KACTL,349,0.360363
13,393435,350,0.049132
13,ours-406478,350,0.038974
13,KACTL,350,0.352761
13,simd-v0,350,0.069801
13,ours-406478,351,0.038596
13,KACTL,351,0.359927
13,simd-v0,351,0.069830
13,393435,351,0.049394
13,KACTL,352,0.353477
13,simd-v0,352,0.069983
13,393435,352,0.049238
13,ours-406478,352,0.038668
13,simd-v0,353,0.069796
13,393435,353,0.055970
13,ours-406478,353,0.038851
13,KACTL,353,0.353070
13,393435,354,0.047607
13,ours-406478,354,0.037731
13,KACTL,354,0.331984
13,simd-v0,354,0.067809
13,ours-406478,355,0.039866
13,KACTL,355,0.337879
13,simd-v0,355,0.067924
13,393435,355,0.049970
13,KACTL,356,0.331452
13,simd-v0,356,0.067955
13,393435,356,0.047178
13,ours-406478,356,0.037149
13,simd-v0,357,0.074211
13,393435,357,0.047259
13,ours-406478,357,0.037155
13,KACTL,357,0.336430
13,393435,358,0.045948
13,ours-406478,358,0.036476
13,KACTL,358,0.330214
13,simd-v0,358,0.065232
13,ours-406478,359,0.036269
13,KACTL,359,0.352421
13,simd-v0,359,0.065294
13,393435,359,0.046192
13,KACTL,360,0.330307
13,simd-v0,360,0.065318
13,393435,360,0.046287
13,ours-406478,360,0.036314
13,simd-v0,361,0.065445
13,393435,361,0.052960
13,ours-406478,361,0.036294
13,KACTL,361,0.333238
13,393435,362,0.046089
13,ours-406478,362,0.036432
13,KACTL,362,0.330282
13,simd-v0,362,0.065313
13,ours-406478,363,0.036427
13,KACTL,363,0.338439
13,simd-v0,363,0.065399
13,393435,363,0.046143
13,KACTL,364,0.346074
13,simd-v0,364,0.065365
13,393435,364,0.046214
13,ours-406478,364,0.036295
13,simd-v0,365,0.065323
13,393435,365,0.052782
13,ours-406478,365,0.036219
13,KACTL,365,0.330223
13,393435,366,0.045963
13,ours-406478,366,0.036266
13,KACTL,366,0.330127
13,simd-v0,366,0.065244
13,ours-406478,367,0.036546
13,KACTL,367,0.336620
13,simd-v0,367,0.065437
13,393435,367,0.046233
13,KACTL,368,0.330343
13,simd-v0,368,0.067665
13,393435,368,0.049277
13,ours-406478,368,0.038532
13,simd-v0,369,0.068879
13,393435,369,0.058176
13,ours-406478,369,0.038454
13,KACTL,369,0.332526
13,393435,370,0.045422
13,ours-406478,370,0.035051
13,KACTL,370,0.332865
13,simd-v0,370,0.067846
13,ours-406478,371,0.035821
13,KACTL,371,0.337820
13,simd-v0,371,0.067789
13,393435,371,0.046547
13,KACTL,372,0.331463
13,simd-v0,372,0.067816
13,393435,372,0.049267
13,ours-406478,372,0.038475
13,simd-v0,373,0.068825
13,393435,373,0.049427
13,ours-406478,373,0.046039
13,KACTL,373,0.329966
13,393435,374,0.047951
13,ours-406478,374,0.038529
13,KACTL,374,0.331375
13,simd-v0,374,0.067674
13,ours-406478,375,0.035836
13,KACTL,375,0.337878
13,simd-v0,375,0.067857
13,393435,375,0.046649
13,KACTL,376,0.331808
13,simd-v0,376,0.065214
13,393435,376,0.046184
13,ours-406478,376,0.036220
13,simd-v0,377,0.065354
13,393435,377,0.046242
13,ours-406478,377,0.042781
13,KACTL,377,0.330203
13,393435,378,0.046016
13,ours-406478,378,0.036480
13,KACTL,378,0.330255
13,simd-v0,378,0.065398
13,ours-406478,379,0.037070
13,KACTL,379,0.349438
13,simd-v0,379,0.067481
13,393435,379,0.047707
13,KACTL,380,0.341335
13,simd-v0,380,0.067439
13,393435,380,0.047631
13,ours-406478,380,0.037382
13,simd-v0,381,0.067528
13,393435,381,0.047688
13,ours-406478,381,0.044485
13,KACTL,381,0.336774
13,393435,382,0.048633
13,ours-406478,382,0.039800
13,KACTL,382,0.331673
13,simd-v0,382,0.068079
13,ours-406478,383,0.039862
13,KACTL,383,0.345428
13,simd-v0,383,0.070189
13,393435,383,0.051573
13,KACTL,384,0.341648
13,simd-v0,384,0.069571
13,393435,384,0.048298
13,ours-406478,384,0.039800
13,simd-v0,385,0.069659
13,393435,385,0.055578
13,ours-406478,385,0.038403
13,KACTL,385,0.342529
13,393435,386,0.050244
13,ours-406478,386,0.038511
13,KACTL,386,0.342896
13,simd-v0,386,0.070231
13,ours-406478,387,0.041281
13,KACTL,387,0.348564
13,simd-v0,387,0.070232
13,393435,387,0.051545
13,KACTL,388,0.342126
13,simd-v0,388,0.070269
13,393435,388,0.051525
13,ours-406478,388,0.041183
13,simd-v0,389,0.080490
13,393435,389,0.050227
13,ours-406478,389,0.040977
13,KACTL,389,0.342421
13,393435,390,0.050144
13,ours-406478,390,0.040957
13,KACTL,390,0.341250
13,simd-v0,390,0.070191
13,ours-406478,391,0.047360
13,KACTL,391,0.342436
13,simd-v0,391,0.070304
13,393435,391,0.048776
13,KACTL,392,0.342290
13,simd-v0,392,0.070300
13,393435,392,0.052077
13,ours-406478,392,0.046814
13,simd-v0,393,0.069730
13,393435,393,0.050241
13,ours-406478,393,0.040878
13,KACTL,393,0.342115
13,393435,394,0.050181
13,ours-406478,394,0.040996
13,KACTL,394,0.342617
13,simd-v0,394,0.078475
13,ours-406478,395,0.038526
13,KACTL,395,0.342294
13,simd-v0,395,0.070381
13,393435,395,0.048902
13,KACTL,396,0.342736
13,simd-v0,396,0.079322
13,393435,396,0.050927
13,ours-406478,396,0.040875
13,simd-v0,397,0.071270
13,393435,397,0.051544
13,ours-406478,397,0.041091
13,KACTL,397,0.342330
13,393435,398,0.050167
13,ours-406478,398,0.040762
13,KACTL,398,0.347654
13,simd-v0,398,0.070223
13,ours-406478,399,0.038545
13,KACTL,399,0.343030
13,simd-v0,399,0.070243
13,393435,399,0.048835
13,KACTL,400,0.336324
13,simd-v0,400,0.067903
13,393435,400,0.050458
13,ours-406478,400,0.038865
13,simd-v0,401,0.070160
13,393435,401,0.048799
13,ours-406478,401,0.039887
13,KACTL,401,0.331352
13,393435,402,0.048557
13,ours-406478,402,0.039888
13,KACTL,402,0.338140
13,simd-v0,402,0.067987
13,ours-406478,403,0.037111
13,KACTL,403,0.337116
13,simd-v0,403,0.067477
13,393435,403,0.047195
13,KACTL,404,0.338887
13,simd-v0,404,0.065252
13,393435,404,0.046187
13,ours-406478,404,0.036349
13,simd-v0,405,0.065402
13,393435,405,0.046196
13,ours-406478,405,0.036569
13,KACTL,405,0.330424
13,393435,406,0.046012
13,ours-406478,406,0.036044
13,KACTL,406,0.337467
13,simd-v0,406,0.065366
13,ours-406478,407,0.036474
13,KACTL,407,0.330599
13,simd-v0,407,0.065418
13,393435,407,0.046177
13,KACTL,408,0.330727
13,simd-v0,408,0.071623
13,393435,408,0.046066
13,ours-406478,408,0.036257
13,simd-v0,409,0.065324
13,393435,409,0.046183
13,ours-406478,409,0.036419
13,KACTL,409,0.337789
13,393435,410,0.047520
13,ours-406478,410,0.037614
13,KACTL,410,0.350002
13,simd-v0,410,0.067544
13,ours-406478,411,0.037645
13,KACTL,411,0.341180
13,simd-v0,411,0.068199
13,393435,411,0.046136
13,KACTL,412,0.332519
13,simd-v0,412,0.072125
13,393435,412,0.046086
13,ours-406478,412,0.036485
13,simd-v0,413,0.065244
13,393435,413,0.046223
13,ours-406478,413,0.036295
13,KACTL,413,0.330247
13,393435,414,0.045996
13,ours-406478,414,0.036112
13,KACTL,414,0.337384
13,simd-v0,414,0.065368
13,ours-406478,415,0.036327
13,KACTL,415,0.330366
13,simd-v0,415,0.065259
13,393435,415,0.046186
13,KACTL,416,0.330578
13,simd-v0,416,0.072004
13,393435,416,0.045990
13,ours-406478,416,0.036396
13,simd-v0,417,0.065378
13,393435,417,0.046158
13,ours-406478,417,0.036447
13,KACTL,417,0.330105
13,393435,418,0.045999
13,ours-406478,418,0.036406
13,KACTL,418,0.344957
13,simd-v0,418,0.067598
13,ours-406478,419,0.037515
13,KACTL,419,0.341373
13,simd-v0,419,0.067534
13,393435,419,0.049991
13,KACTL,420,0.332055
13,simd-v0,420,0.076602
13,393435,420,0.049907
13,ours-406478,420,0.039867
13,simd-v0,421,0.067367
13,393435,421,0.049332
13,ours-406478,421,0.037019
13,KACTL,421,0.331485
13,393435,422,0.048569
13,ours-406478,422,0.037391
13,KACTL,422,0.337833
13,simd-v0,422,0.067987
13,ours-406478,423,0.039763
13,KACTL,423,0.331837
13,simd-v0,423,0.067884
13,393435,423,0.050000
13,KACTL,424,0.330701
13,simd-v0,424,0.081815
13,393435,424,0.048887
13,ours-406478,424,0.039794
13,simd-v0,425,0.067314
13,393435,425,0.047206
13,ours-406478,425,0.037145
13,KACTL,425,0.331515
13,393435,426,0.046973
13,ours-406478,426,0.038459
13,KACTL,426,0.340364
13,simd-v0,426,0.067989
13,ours-406478,427,0.039694
13,KACTL,427,0.333677
13,simd-v0,427,0.070269
13,393435,427,0.051596
13,KACTL,428,0.342019
13,simd-v0,428,0.079007
13,393435,428,0.050229
13,ours-406478,428,0.041086
13,simd-v0,429,0.069657
13,393435,429,0.048780
13,ours-406478,429,0.038579
13,KACTL,429,0.342495
13,393435,430,0.050201
13,ours-406478,430,0.038575
13,KACTL,430,0.357067
13,simd-v0,430,0.068111
13,ours-406478,431,0.035926
13,KACTL,431,0.330972
13,simd-v0,431,0.065301
13,393435,431,0.046185
13,KACTL,432,0.336325
13,simd-v0,432,0.065346
13,393435,432,0.046188
13,ours-406478,432,0.036433
13,simd-v0,433,0.065260
13,393435,433,0.046113
13,ours-406478,433,0.036389
13,KACTL,433,0.330380
13,393435,434,0.045987
13,ours-406478,434,0.036387
13,KACTL,434,0.336715
13,simd-v0,434,0.065328
13,ours-406478,435,0.036509
13,KACTL,435,0.330536
13,simd-v0,435,0.065208
13,393435,435,0.046182
13,KACTL,436,0.330173
13,simd-v0,436,0.072117
13,393435,436,0.045998
13,ours-406478,436,0.036269
13,simd-v0,437,0.065324
13,393435,437,0.046151
13,ours-406478,437,0.036439
13,KACTL,437,0.332417
13,393435,438,0.045947
13,ours-406478,438,0.036275
13,KACTL,438,0.336786
13,simd-v0,438,0.065316
13,ours-406478,439,0.036401
13,KACTL,439,0.330313
13,simd-v0,439,0.065473
13,393435,439,0.046156
13,KACTL,440,0.330239
13,simd-v0,440,0.072917
13,393435,440,0.047585
13,ours-406478,440,0.037723
13,simd-v0,441,0.067503
13,393435,441,0.050631
13,ours-406478,441,0.036976
13,KACTL,441,0.341051
13,393435,442,0.047545
13,ours-406478,442,0.037369
13,KACTL,442,0.359082
13,simd-v0,442,0.069029
13,ours-406478,443,0.042245
13,KACTL,443,0.353133
13,simd-v0,443,0.069877
13,393435,443,0.049190
13,KACTL,444,0.360556
13,simd-v0,444,0.069842
13,393435,444,0.049198
13,ours-406478,444,0.038835
13,simd-v0,445,0.069818
13,393435,445,0.049233
13,ours-406478,445,0.038919
13,KACTL,445,0.353915
13,393435,446,0.049075
13,ours-406478,446,0.039064
13,KACTL,446,0.355243
13,simd-v0,446,0.070270
13,ours-406478,447,0.041180
13,KACTL,447,0.342139
13,simd-v0,447,0.070247
13,393435,447,0.051609
13,KACTL,448,0.348475
13,simd-v0,448,0.070221
13,393435,448,0.051480
13,ours-406478,448,0.040337
13,simd-v0,449,0.071385
13,393435,449,0.051554
13,ours-406478,449,0.040568
13,KACTL,449,0.342379
13,393435,450,0.050182
13,ours-406478,450,0.038454
13,KACTL,450,0.350393
13,simd-v0,450,0.067886
13,ours-406478,451,0.039860
13,KACTL,451,0.343850
13,simd-v0,451,0.070224
13,393435,451,0.051626
13,KACTL,452,0.348559
13,simd-v0,452,0.070346
13,393435,452,0.051517
13,ours-406478,452,0.040622
13,simd-v0,453,0.071412
13,393435,453,0.051519
13,ours-406478,453,0.038610
13,KACTL,453,0.342815
13,393435,454,0.050210
13,ours-406478,454,0.038488
13,KACTL,454,0.349634
13,simd-v0,454,0.070388
13,ours-406478,455,0.038542
13,KACTL,455,0.342494
13,simd-v0,455,0.070347
13,393435,455,0.051577
13,KACTL,456,0.351077
13,simd-v0,456,0.070261
13,393435,456,0.051586
13,ours-406478,456,0.040512
13,simd-v0,457,0.071339
13,393435,457,0.051566
13,ours-406478,457,0.038507
13,KACTL,457,0.342437
13,393435,458,0.050150
13,ours-406478,458,0.044861
13,KACTL,458,0.342450
13,simd-v0,458,0.070895
13,ours-406478,459,0.039875
13,KACTL,459,0.344803
13,simd-v0,459,0.070215
13,393435,459,0.051487
13,KACTL,460,0.350595
13,simd-v0,460,0.075550
13,393435,460,0.051448
13,ours-406478,460,0.038682
13,simd-v0,461,0.069800
13,393435,461,0.049267
13,ours-406478,461,0.037279
13,KACTL,461,0.330276
13,393435,462,0.052897
13,ours-406478,462,0.036024
13,KACTL,462,0.330278
13,simd-v0,462,0.065179
13,ours-406478,463,0.036130
13,KACTL,463,0.330189
13,simd-v0,463,0.065283
13,393435,463,0.046140
13,KACTL,464,0.337106
13,simd-v0,464,0.065413
13,393435,464,0.046177
13,ours-406478,464,0.036632
13,simd-v0,465,0.065353
13,393435,465,0.046132
13,ours-406478,465,0.036354
13,KACTL,465,0.330035
13,393435,466,0.052639
13,ours-406478,466,0.036361
13,KACTL,466,0.330532
13,simd-v0,466,0.065337
13,ours-406478,467,0.036518
13,KACTL,467,0.330364
13,simd-v0,467,0.065304
13,393435,467,0.046078
13,KACTL,468,0.336573
13,simd-v0,468,0.065407
13,393435,468,0.046162
13,ours-406478,468,0.036449
13,simd-v0,469,0.065327
13,393435,469,0.046176
13,ours-406478,469,0.036574
13,KACTL,469,0.330244
13,393435,470,0.046030
13,ours-406478,470,0.043405
13,KACTL,470,0.330316
13,simd-v0,470,0.065184
13,ours-406478,471,0.036337
13,KACTL,471,0.330181
13,simd-v0,471,0.067262
13,393435,471,0.047688
13,KACTL,472,0.347800
13,simd-v0,472,0.067480
13,393435,472,0.047700
13,ours-406478,472,0.037641
13,simd-v0,473,0.067520
13,393435,473,0.047677
13,ours-406478,473,0.037580
13,KACTL,473,0.341512
13,393435,474,0.047522
13,ours-406478,474,0.044612
13,KACTL,474,0.341698
13,simd-v0,474,0.067476
13,ours-406478,475,0.037638
13,KACTL,475,0.341303
13,simd-v0,475,0.066836
13,393435,475,0.049329
13,KACTL,476,0.347980
13,simd-v0,476,0.066807
13,393435,476,0.049233
13,ours-406478,476,0.041133
13,simd-v0,477,0.067660
13,393435,477,0.049882
13,ours-406478,477,0.038712
13,KACTL,477,0.331483
13,393435,478,0.055664
13,ours-406478,478,0.036965
13,KACTL,478,0.341298
13,simd-v0,478,0.067551
13,ours-406478,479,0.036252
13,KACTL,479,0.341372
13,simd-v0,479,0.067359
13,393435,479,0.047600
13,KACTL,480,0.351131
13,simd-v0,480,0.067535
13,393435,480,0.047705
13,ours-406478,480,0.037673
13,simd-v0,481,0.067460
13,393435,481,0.047635
13,ours-406478,481,0.037636
13,KACTL,481,0.341425
13,393435,482,0.054449
13,ours-406478,482,0.037561
13,KACTL,482,0.347813
13,simd-v0,482,0.069723
13,ours-406478,483,0.038497
13,KACTL,483,0.352736
13,simd-v0,483,0.069730
13,393435,483,0.055994
13,KACTL,484,0.353121
13,simd-v0,484,0.069705
13,393435,484,0.048779
13,ours-406478,484,0.038554
13,simd-v0,485,0.069404
13,393435,485,0.049221
13,ours-406478,485,0.041075
13,KACTL,485,0.348872
13,393435,486,0.048570
13,ours-406478,486,0.039851
13,KACTL,486,0.334452
13,simd-v0,486,0.067576
13,ours-406478,487,0.037546
13,KACTL,487,0.338913
13,simd-v0,487,0.071841
13,393435,487,0.046044
13,KACTL,488,0.332646
13,simd-v0,488,0.065255
13,393435,488,0.046126
13,ours-406478,488,0.036568
13,simd-v0,489,0.065346
13,393435,489,0.046141
13,ours-406478,489,0.036527
13,KACTL,489,0.345795
13,393435,490,0.046017
13,ours-406478,490,0.036499
13,KACTL,490,0.330551
13,simd-v0,490,0.065252
13,ours-406478,491,0.036379
13,KACTL,491,0.331126
13,simd-v0,491,0.065279
13,393435,491,0.053339
13,KACTL,492,0.330268
13,simd-v0,492,0.067739
13,393435,492,0.049355
13,ours-406478,492,0.038513
13,simd-v0,493,0.068909
13,393435,493,0.049292
13,ours-406478,493,0.038469
13,KACTL,493,0.337318
13,393435,494,0.045376
13,ours-406478,494,0.034719
13,KACTL,494,0.330486
13,simd-v0,494,0.065139
13,ours-406478,495,0.034659
13,KACTL,495,0.330163
13,simd-v0,495,0.064944
13,393435,495,0.051490
13,KACTL,496,0.331598
13,simd-v0,496,0.067749
13,393435,496,0.049266
13,ours-406478,496,0.038491
13,simd-v0,497,0.069010
13,393435,497,0.049295
13,ours-406478,497,0.038534
13,KACTL,497,0.337440
13,393435,498,0.047886
13,ours-406478,498,0.035821
13,KACTL,498,0.331726
13,simd-v0,498,0.067768
13,ours-406478,499,0.035872
13,KACTL,499,0.331657
13,simd-v0,499,0.067699
13,393435,499,0.052494
13,KACTL,500,0.333944
13,simd-v0,500,0.067055
13,393435,500,0.046155
13,ours-406478,500,0.036032
13,simd-v0,501,0.065343
13,393435,501,0.046134
13,ours-406478,501,0.036338
13,KACTL,501,0.332718
13,393435,502,0.046018
13,ours-406478,502,0.036259
13,KACTL,502,0.330950
13,simd-v0,502,0.065346
13,ours-406478,503,0.036265
13,KACTL,503,0.329925
13,simd-v0,503,0.065284
13,393435,503,0.046149
13,KACTL,504,0.336758
13,simd-v0,504,0.065283
13,393435,504,0.046187
13,ours-406478,504,0.036490
13,simd-v0,505,0.065336
13,393435,505,0.046089
13,ours-406478,505,0.036253
13,KACTL,505,0.330130
13,393435,506,0.052802
13,ours-406478,506,0.036391
13,KACTL,506,0.330538
13,simd-v0,506,0.065212
13,ours-406478,507,0.036295
13,KACTL,507,0.330477
13,simd-v0,507,0.065297
13,393435,507,0.046107
13,KACTL,508,0.336649
13,simd-v0,508,0.065337
13,393435,508,0.046144
13,ours-406478,508,0.036424
13,simd-v0,509,0.065337
13,393435,509,0.046111
13,ours-406478,509,0.036593
13,KACTL,509,0.330600
13,393435,510,0.045948
13,ours-406478,510,0.042735
13,KACTL,510,0.330337
13,simd-v0,510,0.065231
13,ours-406478,511,0.036427
13,KACTL,511,0.330232
13,simd-v0,511,0.065306
13,393435,511,0.046198
13,KACTL,512,0.336598
13,simd-v0,512,0.065327
13,393435,512,0.046001
13,ours-406478,512,0.036554
13,simd-v0,513,0.065237
13,393435,513,0.046123
13,ours-406478,513,0.036270
13,KACTL,513,0.330850
13,393435,514,0.046028
13,ours-406478,514,0.036173
13,KACTL,514,0.337254
13,simd-v0,514,0.065405
13,ours-406478,515,0.036452
13,KACTL,515,0.330847
13,simd-v0,515,0.065298
13,393435,515,0.046197
13,KACTL,516,0.337317
13,simd-v0,516,0.065366
13,393435,516,0.046094
13,ours-406478,516,0.036460
13,simd-v0,517,0.065324
13,393435,517,0.046107
13,ours-406478,517,0.036406
13,KACTL,517,0.330415
13,393435,518,0.045985
13,ours-406478,518,0.036243
13,KACTL,518,0.336698
13,simd-v0,518,0.065310
13,ours-406478,519,0.036178
13,KACTL,519,0.332565
13,simd-v0,519,0.065287
13,393435,519,0.046050
13,KACTL,520,0.336693
13,simd-v0,520,0.067387
13,393435,520,0.045988
13,ours-406478,520,0.036168
13,simd-v0,521,0.065362
13,393435,521,0.046116
13,ours-406478,521,0.036487
13,KACTL,521,0.330410
13,393435,522,0.046015
13,ours-406478,522,0.036479
13,KACTL,522,0.337181
13,simd-v0,522,0.065459
13,ours-406478,523,0.036326
13,KACTL,523,0.330674
13,simd-v0,523,0.067824
13,393435,523,0.046528
13,KACTL,524,0.337069
13,simd-v0,524,0.067798
13,393435,524,0.049295
13,ours-406478,524,0.038446
13,simd-v0,525,0.068909
13,393435,525,0.049300
13,ours-406478,525,0.038295
13,KACTL,525,0.331714
13,393435,526,0.047830
13,ours-406478,526,0.038445
13,KACTL,526,0.338582
13,simd-v0,526,0.067796
13,ours-406478,527,0.035860
13,KACTL,527,0.331935
13,simd-v0,527,0.067835
13,393435,527,0.046483
13,KACTL,528,0.338118
13,simd-v0,528,0.067705
13,393435,528,0.046505
13,ours-406478,528,0.038500
13,simd-v0,529,0.068847
13,393435,529,0.049189
13,ours-406478,529,0.038496
13,KACTL,529,0.331684
13,393435,530,0.047877
13,ours-406478,530,0.038479
13,KACTL,530,0.338374
13,simd-v0,530,0.067706
13,ours-406478,531,0.035827
13,KACTL,531,0.331710
13,simd-v0,531,0.065230
13,393435,531,0.045728
13,KACTL,532,0.354149
13,simd-v0,532,0.065297
13,393435,532,0.045696
13,ours-406478,532,0.036136
13,simd-v0,533,0.065145
13,393435,533,0.046174
13,ours-406478,533,0.036452
13,KACTL,533,0.330730
13,393435,534,0.045972
13,ours-406478,534,0.036253
13,KACTL,534,0.336621
13,simd-v0,534,0.065406
13,ours-406478,535,0.036410
13,KACTL,535,0.330585
13,simd-v0,535,0.065355
13,393435,535,0.046197
13,KACTL,536,0.336648
13,simd-v0,536,0.065367
13,393435,536,0.046042
13,ours-406478,536,0.036444
13,simd-v0,537,0.065241
13,393435,537,0.046145
13,ours-406478,537,0.036337
13,KACTL,537,0.330873
13,393435,538,0.046062
13,ours-406478,538,0.036469
13,KACTL,538,0.342630
13,simd-v0,538,0.065246
13,ours-406478,539,0.036487
13,KACTL,539,0.330344
13,simd-v0,539,0.065376
13,393435,539,0.046167
13,KACTL,540,0.336960
13,simd-v0,540,0.065321
13,393435,540,0.048380
13,ours-406478,540,0.036320
13,simd-v0,541,0.065259
13,393435,541,0.046184
13,ours-406478,541,0.036357
13,KACTL,541,0.330467
13,393435,542,0.046000
13,ours-406478,542,0.036441
13,KACTL,542,0.336713
13,simd-v0,542,0.065352
13,ours-406478,543,0.036517
13,KACTL,543,0.330661
13,simd-v0,543,0.065179
13,393435,543,0.046172
13,KACTL,544,0.336892
13,simd-v0,544,0.065387
13,393435,544,0.046111
13,ours-406478,544,0.036126
13,simd-v0,545,0.065233
13,393435,545,0.046167
13,ours-406478,545,0.036437
13,KACTL,545,0.331081
13,393435,546,0.045994
13,ours-406478,546,0.036501
13,KACTL,546,0.336768
13,simd-v0,546,0.065348
13,ours-406478,547,0.036316
13,KACTL,547,0.377596
13,simd-v0,547,0.065257
13,393435,547,0.046171
13,KACTL,548,0.339276
13,simd-v0,548,0.065314
13,393435,548,0.046185
13,ours-406478,548,0.036335
13,simd-v0,549,0.065325
13,393435,549,0.046170
13,ours-406478,549,0.036351
13,KACTL,549,0.330879
13,393435,550,0.045987
13,ours-406478,550,0.036477
13,KACTL,550,0.337486
13,simd-v0,550,0.065338
13,ours-406478,551,0.036203
13,KACTL,551,0.334239
13,simd-v0,551,0.067462
13,393435,551,0.047239
13,KACTL,552,0.341350
13,simd-v0,552,0.067979
13,393435,552,0.049929
13,ours-406478,552,0.039925
13,simd-v0,553,0.069071
13,393435,553,0.049956
13,ours-406478,553,0.039973
13,KACTL,553,0.331640
13,393435,554,0.048637
13,ours-406478,554,0.037343
13,KACTL,554,0.355713
13,simd-v0,554,0.068881
13,ours-406478,555,0.037297
13,KACTL,555,0.334193
13,simd-v0,555,0.065334
13,393435,555,0.046184
13,KACTL,556,0.352357
13,simd-v0,556,0.065333
13,393435,556,0.046183
13,ours-406478,556,0.036399
13,simd-v0,557,0.065249
13,393435,557,0.046113
13,ours-406478,557,0.036511
13,KACTL,557,0.331653
13,393435,558,0.045965
13,ours-406478,558,0.036372
13,KACTL,558,0.337287
13,simd-v0,558,0.065419
13,ours-406478,559,0.036399
13,KACTL,559,0.330353
13,simd-v0,559,0.065286
13,393435,559,0.046173
13,KACTL,560,0.338271
13,simd-v0,560,0.065373
13,393435,560,0.046237
13,ours-406478,560,0.038378
13,simd-v0,561,0.065233
13,393435,561,0.046205
13,ours-406478,561,0.036169
13,KACTL,561,0.331037
13,393435,562,0.046084
13,ours-406478,562,0.036336
13,KACTL,562,0.337678
13,simd-v0,562,0.065311
13,ours-406478,563,0.036308
13,KACTL,563,0.330362
13,simd-v0,563,0.065285
13,393435,563,0.046109
13,KACTL,564,0.337494
13,simd-v0,564,0.065386
13,393435,564,0.046182
13,ours-406478,564,0.036497
13,simd-v0,565,0.065362
13,393435,565,0.046168
13,ours-406478,565,0.036082
13,KACTL,565,0.330670
13,393435,566,0.045985
13,ours-406478,566,0.036405
13,KACTL,566,0.336585
13,simd-v0,566,0.065418
13,ours-406478,567,0.036362
13,KACTL,567,0.330398
13,simd-v0,567,0.065260
13,393435,567,0.046154
13,KACTL,568,0.329947
13,simd-v0,568,0.074068
13,393435,568,0.047574
13,ours-406478,568,0.037443
13,simd-v0,569,0.067683
13,393435,569,0.046027
13,ours-406478,569,0.037644
13,KACTL,569,0.341842
13,393435,570,0.047489
13,ours-406478,570,0.037285
13,KACTL,570,0.352267
13,simd-v0,570,0.067545
13,ours-406478,571,0.037322
13,KACTL,571,0.337436
13,simd-v0,571,0.065398
13,393435,571,0.045755
13,KACTL,572,0.330700
13,simd-v0,572,0.065316
13,393435,572,0.046157
13,ours-406478,572,0.036469
13,simd-v0,573,0.065351
13,393435,573,0.046167
13,ours-406478,573,0.036359
13,KACTL,573,0.330677
13,393435,574,0.046053
13,ours-406478,574,0.036388
13,KACTL,574,0.336937
13,simd-v0,574,0.065314
13,ours-406478,575,0.036430
13,KACTL,575,0.330379
13,simd-v0,575,0.065378
13,393435,575,0.046224
13,KACTL,576,0.330474
13,simd-v0,576,0.071829
13,393435,576,0.046041
13,ours-406478,576,0.037189
13,simd-v0,577,0.067524
13,393435,577,0.047640
13,ours-406478,577,0.037687
13,KACTL,577,0.341491
13,393435,578,0.047575
13,ours-406478,578,0.037545
13,KACTL,578,0.348465
13,simd-v0,578,0.067922
13,ours-406478,579,0.039816
13,KACTL,579,0.332451
13,simd-v0,579,0.067830
13,393435,579,0.049990
13,KACTL,580,0.341076
13,simd-v0,580,0.074192
13,393435,580,0.045682
13,ours-406478,580,0.036092
13,simd-v0,581,0.067310
13,393435,581,0.045736
13,ours-406478,581,0.036218
13,KACTL,581,0.330501
13,393435,582,0.045955
13,ours-406478,582,0.036054
13,KACTL,582,0.336646
13,simd-v0,582,0.065249
13,ours-406478,583,0.036333
13,KACTL,583,0.335942
13,simd-v0,583,0.067509
13,393435,583,0.047692
13,KACTL,584,0.349749
13,simd-v0,584,0.074245
13,393435,584,0.047568
13,ours-406478,584,0.037425
13,simd-v0,585,0.067478
13,393435,585,0.047635
13,ours-406478,585,0.037557
13,KACTL,585,0.343219
13,393435,586,0.047483
13,ours-406478,586,0.037459
13,KACTL,586,0.352790
13,simd-v0,586,0.067535
13,ours-406478,587,0.037511
13,KACTL,587,0.341583
13,simd-v0,587,0.067441
13,393435,587,0.047642
13,KACTL,588,0.338472
13,simd-v0,588,0.065597
13,393435,588,0.047170
13,ours-406478,588,0.038938
13,simd-v0,589,0.068062
13,393435,589,0.047598
13,ours-406478,589,0.037675
13,KACTL,589,0.341319
13,393435,590,0.046033
13,ours-406478,590,0.036347
13,KACTL,590,0.337554
13,simd-v0,590,0.065373
13,ours-406478,591,0.036507
13,KACTL,591,0.330378
13,simd-v0,591,0.065177
13,393435,591,0.046197
13,KACTL,592,0.330497
13,simd-v0,592,0.071894
13,393435,592,0.046046
13,ours-406478,592,0.036266
13,simd-v0,593,0.065379
13,393435,593,0.046118
13,ours-406478,593,0.036292
13,KACTL,593,0.330473
13,393435,594,0.046032
13,ours-406478,594,0.036469
13,KACTL,594,0.337206
13,simd-v0,594,0.065273
13,ours-406478,595,0.036346
13,KACTL,595,0.331339
13,simd-v0,595,0.067316
13,393435,595,0.047710
13,KACTL,596,0.352146
13,simd-v0,596,0.076919
13,393435,596,0.049289
13,ours-406478,596,0.039033
13,simd-v0,597,0.085859
13,393435,597,0.050193
13,ours-406478,597,0.042418
13,KACTL,597,0.344155
13,393435,598,0.050227
13,ours-406478,598,0.040469
13,KACTL,598,0.340495
13,simd-v0,598,0.068033
13,ours-406478,599,0.039892
13,KACTL,599,0.331579
13,simd-v0,599,0.067664
13,393435,599,0.050012
13,KACTL,600,0.337415
13,simd-v0,600,0.068027
13,393435,600,0.047213
13,ours-406478,600,0.037002
13,simd-v0,601,0.069581
13,393435,601,0.047221
13,ours-406478,601,0.037286
13,KACTL,601,0.331948
13,393435,602,0.048622
13,ours-406478,602,0.037300
13,KACTL,602,0.337579
13,simd-v0,602,0.068018
13,ours-406478,603,0.040011
13,KACTL,603,0.331251
13,simd-v0,603,0.068018
13,393435,603,0.050027
13,KACTL,604,0.336191
13,simd-v0,604,0.068028
13,393435,604,0.047290
13,ours-406478,604,0.037244
13,simd-v0,605,0.067385
13,393435,605,0.047159
13,ours-406478,605,0.037402
13,KACTL,605,0.331872
13,393435,606,0.046981
13,ours-406478,606,0.038537
13,KACTL,606,0.339470
13,simd-v0,606,0.067531
13,ours-406478,607,0.037637
13,KACTL,607,0.337012
13,simd-v0,607,0.065385
13,393435,607,0.046332
13,KACTL,608,0.337363
13,simd-v0,608,0.065250
13,393435,608,0.046128
13,ours-406478,608,0.036467
13,simd-v0,609,0.065252
13,393435,609,0.046166
13,ours-406478,609,0.036342
13,KACTL,609,0.330657
13,393435,610,0.046012
13,ours-406478,610,0.036343
13,KACTL,610,0.336659
13,simd-v0,610,0.065393
13,ours-406478,611,0.036290
13,KACTL,611,0.330771
13,simd-v0,611,0.065378
13,393435,611,0.046139
13,KACTL,612,0.330515
13,simd-v0,612,0.071651
13,393435,612,0.046039
13,ours-406478,612,0.036433
13,simd-v0,613,0.065146
13,393435,613,0.045971
13,ours-406478,613,0.038492
13,KACTL,613,0.331922
13,393435,614,0.047934
13,ours-406478,614,0.038517
13,KACTL,614,0.337181
13,simd-v0,614,0.065050
13,ours-406478,615,0.035079
13,KACTL,615,0.330583
13,simd-v0,615,0.065028
13,393435,615,0.045064
13,KACTL,616,0.331505
13,simd-v0,616,0.071714
13,393435,616,0.045082
13,ours-406478,616,0.034698
13,simd-v0,617,0.064848
13,393435,617,0.045069
13,ours-406478,617,0.036137
13,KACTL,617,0.332043
13,393435,618,0.045366
13,ours-406478,618,0.035048
13,KACTL,618,0.337166
13,simd-v0,618,0.065154
13,ours-406478,619,0.035108
13,KACTL,619,0.330734
13,simd-v0,619,0.065136
13,393435,619,0.045484
13,KACTL,620,0.330583
13,simd-v0,620,0.065165
13,393435,620,0.051880
13,ours-406478,620,0.035095
13,simd-v0,621,0.064941
13,393435,621,0.045528
13,ours-406478,621,0.037277
13,KACTL,621,0.330641
13,393435,622,0.045318
13,ours-406478,622,0.035083
13,KACTL,622,0.330926
13,simd-v0,622,0.086751
13,ours-406478,623,0.035140
13,KACTL,623,0.331112
13,simd-v0,623,0.067422
13,393435,623,0.049339
13,KACTL,624,0.332582
13,simd-v0,624,0.067683
13,393435,624,0.058126
13,ours-406478,624,0.037281
13,simd-v0,625,0.068844
13,393435,625,0.049292
13,ours-406478,625,0.038515
13,KACTL,625,0.332232
13,393435,626,0.047823
13,ours-406478,626,0.035832
13,KACTL,626,0.337898
13,simd-v0,626,0.067832
13,ours-406478,627,0.035831
13,KACTL,627,0.332032
13,simd-v0,627,0.067734
13,393435,627,0.049259
13,KACTL,628,0.330611
13,simd-v0,628,0.067775
13,393435,628,0.057765
13,ours-406478,628,0.037307
13,simd-v0,629,0.068870
13,393435,629,0.049248
13,ours-406478,629,0.038492
13,KACTL,629,0.331785
13,393435,630,0.045977
13,ours-406478,630,0.036103
13,KACTL,630,0.330500
13,simd-v0,630,0.065167
13,ours-406478,631,0.035829
13,KACTL,631,0.330658
13,simd-v0,631,0.065186
13,393435,631,0.046225
13,KACTL,632,0.330631
13,simd-v0,632,0.065321
13,393435,632,0.052720
13,ours-406478,632,0.036288
13,simd-v0,633,0.065368
13,393435,633,0.046142
13,ours-406478,633,0.036243
13,KACTL,633,0.330654
13,393435,634,0.045958
13,ours-406478,634,0.036340
13,KACTL,634,0.340457
13,simd-v0,634,0.073979
13,ours-406478,635,0.037499
13,KACTL,635,0.341702
13,simd-v0,635,0.067407
13,393435,635,0.047697
13,KACTL,636,0.341203
13,simd-v0,636,0.067525
13,393435,636,0.054202
13,ours-406478,636,0.037428
13,simd-v0,637,0.068306
13,393435,637,0.046099
13,ours-406478,637,0.036416
13,KACTL,637,0.330702
13,393435,638,0.045992
13,ours-406478,638,0.036413
13,KACTL,638,0.330627
13,simd-v0,638,0.071797
13,ours-406478,639,0.036325
13,KACTL,639,0.330864
13,simd-v0,639,0.065332
13,393435,639,0.046170
13,KACTL,640,0.331861
13,simd-v0,640,0.065362
13,393435,640,0.046283
13,ours-406478,640,0.042519
13,simd-v0,641,0.065233
13,393435,641,0.046089
13,ours-406478,641,0.036499
13,KACTL,641,0.333098
13,393435,642,0.046019
13,ours-406478,642,0.036303
13,KACTL,642,0.330355
13,simd-v0,642,0.071697
13,ours-406478,643,0.036361
13,KACTL,643,0.330757
13,simd-v0,643,0.065300
13,393435,643,0.046106
13,KACTL,644,0.330815
13,simd-v0,644,0.065226
13,393435,644,0.046165
13,ours-406478,644,0.036473
13,simd-v0,645,0.071826
13,393435,645,0.046002
13,ours-406478,645,0.036366
13,KACTL,645,0.330171
13,393435,646,0.045950
13,ours-406478,646,0.036468
13,KACTL,646,0.330437
13,simd-v0,646,0.065234
13,ours-406478,647,0.042662
13,KACTL,647,0.330753
13,simd-v0,647,0.065340
13,393435,647,0.046143
13,KACTL,648,0.331966
13,simd-v0,648,0.065284
13,393435,648,0.046190
13,ours-406478,648,0.036404
13,simd-v0,649,0.071500
13,393435,649,0.045959
13,ours-406478,649,0.036495
13,KACTL,649,0.330663
13,393435,650,0.046088
13,ours-406478,650,0.036513
13,KACTL,650,0.330239
13,simd-v0,650,0.067808
13,ours-406478,651,0.038481
13,KACTL,651,0.339734
13,simd-v0,651,0.067800
13,393435,651,0.049322
13,KACTL,652,0.330400
13,simd-v0,652,0.067672
13,393435,652,0.049355
13,ours-406478,652,0.038511
13,simd-v0,653,0.075118
13,393435,653,0.045405
13,ours-406478,653,0.035029
13,KACTL,653,0.330660
13,393435,654,0.045281
13,ours-406478,654,0.035136
13,KACTL,654,0.330549
13,simd-v0,654,0.066040
13,ours-406478,655,0.035845
13,KACTL,655,0.338247
13,simd-v0,655,0.067873
13,393435,655,0.046542
13,KACTL,656,0.331867
13,simd-v0,656,0.067771
13,393435,656,0.049320
13,ours-406478,656,0.038559
13,simd-v0,657,0.078316
13,393435,657,0.047974
13,ours-406478,657,0.038500
13,KACTL,657,0.331938
13,393435,658,0.047823
13,ours-406478,658,0.038559
13,KACTL,658,0.330629
13,simd-v0,658,0.067096
13,ours-406478,659,0.036006
13,KACTL,659,0.337420
13,simd-v0,659,0.065438
13,393435,659,0.045699
13,KACTL,660,0.330521
13,simd-v0,660,0.065319
13,393435,660,0.046109
13,ours-406478,660,0.036361
13,simd-v0,661,0.065316
13,393435,661,0.052276
13,ours-406478,661,0.036325
13,KACTL,661,0.335194
13,393435,662,0.047557
13,ours-406478,662,0.037772
13,KACTL,662,0.353313
13,simd-v0,662,0.069851
13,ours-406478,663,0.038767
13,KACTL,663,0.362242
13,simd-v0,663,0.069847
13,393435,663,0.049179
13,KACTL,664,0.348059
13,simd-v0,664,0.070191
13,393435,664,0.051528
13,ours-406478,664,0.040671
13,simd-v0,665,0.080218
13,393435,665,0.050201
13,ours-406478,665,0.040901
13,KACTL,665,0.341859
13,393435,666,0.050153
13,ours-406478,666,0.040768
13,KACTL,666,0.341311
13,simd-v0,666,0.076671
13,ours-406478,667,0.039742
13,KACTL,667,0.343116
13,simd-v0,667,0.070302
13,393435,667,0.048928
13,KACTL,668,0.331473
13,simd-v0,668,0.067918
13,393435,668,0.049916
13,ours-406478,668,0.038686
13,simd-v0,669,0.069126
13,393435,669,0.049973
13,ours-406478,669,0.039913
13,KACTL,669,0.332082
13,393435,670,0.048499
13,ours-406478,670,0.039956
13,KACTL,670,0.330940
13,simd-v0,670,0.076956
13,ours-406478,671,0.037252
13,KACTL,671,0.331680
13,simd-v0,671,0.068024
13,393435,671,0.047255
13,KACTL,672,0.334935
13,simd-v0,672,0.067556
13,393435,672,0.054233
13,ours-406478,672,0.037376
13,simd-v0,673,0.067628
13,393435,673,0.047597
13,ours-406478,673,0.039587
13,KACTL,673,0.376419
13,393435,674,0.047191
13,ours-406478,674,0.037529
13,KACTL,674,0.361738
13,simd-v0,674,0.065228
13,ours-406478,675,0.036407
13,KACTL,675,0.330687
13,simd-v0,675,0.065306
13,393435,675,0.046389
13,KACTL,676,0.342292
13,simd-v0,676,0.073898
13,393435,676,0.047568
13,ours-406478,676,0.037594
13,simd-v0,677,0.067386
13,393435,677,0.047597
13,ours-406478,677,0.037426
13,KACTL,677,0.341827
13,393435,678,0.047503
13,ours-406478,678,0.037648
13,KACTL,678,0.348734
13,simd-v0,678,0.067473
13,ours-406478,679,0.037525
13,KACTL,679,0.341534
13,simd-v0,679,0.067466
13,393435,679,0.047635
13,KACTL,680,0.332292
13,simd-v0,680,0.071539
13,393435,680,0.046165
13,ours-406478,680,0.036513
13,simd-v0,681,0.065265
13,393435,681,0.048260
13,ours-406478,681,0.036361
13,KACTL,681,0.332348
13,393435,682,0.046046
13,ours-406478,682,0.036400
13,KACTL,682,0.337429
13,simd-v0,682,0.065306
13,ours-406478,683,0.036399
13,KACTL,683,0.331936
13,simd-v0,683,0.065381
13,393435,683,0.046183
13,KACTL,684,0.331093
13,simd-v0,684,0.071613
13,393435,684,0.046038
13,ours-406478,684,0.036486
13,simd-v0,685,0.065360
13,393435,685,0.046192
13,ours-406478,685,0.036260
13,KACTL,685,0.330894
13,393435,686,0.046020
13,ours-406478,686,0.036429
13,KACTL,686,0.336196
13,simd-v0,686,0.065243
13,ours-406478,687,0.036283
13,KACTL,687,0.330639
13,simd-v0,687,0.065311
13,393435,687,0.046123
13,KACTL,688,0.330802
13,simd-v0,688,0.065272
13,393435,688,0.065223
13,ours-406478,688,0.036239
13,simd-v0,689,0.065346
13,393435,689,0.046222
13,ours-406478,689,0.036454
13,KACTL,689,0.331555
13,393435,690,0.046076
13,ours-406478,690,0.036471
13,KACTL,690,0.330311
13,simd-v0,690,0.071879
13,ours-406478,691,0.036409
13,KACTL,691,0.330961
13,simd-v0,691,0.065396
13,393435,691,0.046144
13,KACTL,692,0.330259
13,simd-v0,692,0.065251
13,393435,692,0.052515
13,ours-406478,692,0.036346
13,simd-v0,693,0.066736
13,393435,693,0.047717
13,ours-406478,693,0.037470
13,KACTL,693,0.342013
13,393435,694,0.047563
13,ours-406478,694,0.037493
13,KACTL,694,0.343623
13,simd-v0,694,0.074181
13,ours-406478,695,0.037455
13,KACTL,695,0.399817
13,simd-v0,695,0.067686
13,393435,695,0.047679
13,KACTL,696,0.343107
13,simd-v0,696,0.076942
13,393435,696,0.048803
13,ours-406478,696,0.039740
13,simd-v0,697,0.069187
13,393435,697,0.050064
13,ours-406478,697,0.039926
13,KACTL,697,0.352893
13,393435,698,0.048626
13,ours-406478,698,0.040074
13,KACTL,698,0.396583
13,simd-v0,698,0.067992
13,ours-406478,699,0.037251
13,KACTL,699,0.342479
13,simd-v0,699,0.067890
13,393435,699,0.048238
13,KACTL,700,0.349108
13,simd-v0,700,0.067855
13,393435,700,0.050618
13,ours-406478,700,0.039879
13,simd-v0,701,0.070875
13,393435,701,0.053341
13,ours-406478,701,0.042659
13,KACTL,701,0.342205
13,393435,702,0.051988
13,ours-406478,702,0.042628
13,KACTL,702,0.350738
13,simd-v0,702,0.072987
13,ours-406478,703,0.048961
13,KACTL,703,0.343185
13,simd-v0,703,0.070264
13,393435,703,0.048866
13,KACTL,704,0.350575
13,simd-v0,704,0.070264
13,393435,704,0.048856
13,ours-406478,704,0.038549
13,simd-v0,705,0.069806
13,393435,705,0.051443
13,ours-406478,705,0.041110
13,KACTL,705,0.341560
13,393435,706,0.050126
13,ours-406478,706,0.040827
13,KACTL,706,0.350673
13,simd-v0,706,0.070151
13,ours-406478,707,0.038569
13,KACTL,707,0.343254
13,simd-v0,707,0.070253
13,393435,707,0.048914
13,KACTL,708,0.350756
13,simd-v0,708,0.070246
13,393435,708,0.049812
13,ours-406478,708,0.039887
13,simd-v0,709,0.069676
13,393435,709,0.051539
13,ours-406478,709,0.040990
13,KACTL,709,0.342100
13,393435,710,0.050241
13,ours-406478,710,0.064087
13,KACTL,710,0.346485
13,simd-v0,710,0.070307
13,ours-406478,711,0.038422
13,KACTL,711,0.343157
13,simd-v0,711,0.070255
13,393435,711,0.048930
13,KACTL,712,0.350122
13,simd-v0,712,0.070362
13,393435,712,0.048843
13,ours-406478,712,0.041212
13,simd-v0,713,0.071549
13,393435,713,0.051562
13,ours-406478,713,0.041200
13,KACTL,713,0.353379
13,393435,714,0.050264
13,ours-406478,714,0.041244
13,KACTL,714,0.374520
13,simd-v0,714,0.070288
13,ours-406478,715,0.038474
13,KACTL,715,0.387803
13,simd-v0,715,0.070333
13,393435,715,0.048970
13,KACTL,716,0.342844
13,simd-v0,716,0.067842
13,393435,716,0.048643
13,ours-406478,716,0.040359
13,simd-v0,717,0.070236
13,393435,717,0.051583
13,ours-406478,717,0.040631
13,KACTL,717,0.348744
13,393435,718,0.050205
13,ours-406478,718,0.040971
13,KACTL,718,0.341592
13,simd-v0,718,0.070289
13,ours-406478,719,0.038541
13,KACTL,719,0.349681
13,simd-v0,719,0.070368
13,393435,719,0.050883
13,KACTL,720,0.342460
13,simd-v0,720,0.070196
13,393435,720,0.051670
13,ours-406478,720,0.041227
13,simd-v0,721,0.071252
13,393435,721,0.051620
13,ours-406478,721,0.041159
13,KACTL,721,0.349117
13,393435,722,0.050216
13,ours-406478,722,0.040722
13,KACTL,722,0.341205
13,simd-v0,722,0.070331
13,ours-406478,723,0.038615
13,KACTL,723,0.349652
13,simd-v0,723,0.070272
13,393435,723,0.048867
13,KACTL,724,0.342698
13,simd-v0,724,0.071455
13,393435,724,0.048642
13,ours-406478,724,0.040097
13,simd-v0,725,0.071431
13,393435,725,0.051623
13,ours-406478,725,0.040987
13,KACTL,725,0.349395
13,393435,726,0.050221
13,ours-406478,726,0.040982
13,KACTL,726,0.341034
13,simd-v0,726,0.070059
13,ours-406478,727,0.038453
13,KACTL,727,0.348839
13,simd-v0,727,0.070265
13,393435,727,0.048950
13,KACTL,728,0.342419
13,simd-v0,728,0.070313
13,393435,728,0.051579
13,ours-406478,728,0.040750
13,simd-v0,729,0.071343
13,393435,729,0.060515
13,ours-406478,729,0.040138
13,KACTL,729,0.341763
13,393435,730,0.050251
13,ours-406478,730,0.040940
13,KACTL,730,0.343668
13,simd-v0,730,0.070267
13,ours-406478,731,0.039704
13,KACTL,731,0.349676
13,simd-v0,731,0.070289
13,393435,731,0.048829
13,KACTL,732,0.342983
13,simd-v0,732,0.070920
13,393435,732,0.048571
13,ours-406478,732,0.040306
13,simd-v0,733,0.094928
13,393435,733,0.050256
13,ours-406478,733,0.040541
13,KACTL,733,0.367326
13,393435,734,0.049539
13,ours-406478,734,0.039824
13,KACTL,734,0.342046
13,simd-v0,734,0.074648
13,ours-406478,735,0.037069
13,KACTL,735,0.342468
13,simd-v0,735,0.067452
13,393435,735,0.047312
13,KACTL,736,0.338910
13,simd-v0,736,0.065356
13,393435,736,0.052533
13,ours-406478,736,0.036238
13,simd-v0,737,0.065334
13,393435,737,0.046285
13,ours-406478,737,0.036524
13,KACTL,737,0.330659
13,393435,738,0.046045
13,ours-406478,738,0.036349
13,KACTL,738,0.338213
13,simd-v0,738,0.074115
13,ours-406478,739,0.037435
13,KACTL,739,0.344183
13,simd-v0,739,0.067647
13,393435,739,0.047764
13,KACTL,740,0.348782
13,simd-v0,740,0.068679
13,393435,740,0.058763
13,ours-406478,740,0.040779
13,simd-v0,741,0.068675
13,393435,741,0.049772
13,ours-406478,741,0.039547
13,KACTL,741,0.349835
13,393435,742,0.051994
13,ours-406478,742,0.037242
13,KACTL,742,0.344612
13,simd-v0,742,0.065228
13,ours-406478,743,0.036068
13,KACTL,743,0.330390
13,simd-v0,743,0.065296
13,393435,743,0.045765
13,KACTL,744,0.330439
13,simd-v0,744,0.065237
13,393435,744,0.052658
13,ours-406478,744,0.036250
13,simd-v0,745,0.065357
13,393435,745,0.046189
13,ours-406478,745,0.036573
13,KACTL,745,0.330739
13,393435,746,0.046013
13,ours-406478,746,0.036309
13,KACTL,746,0.330565
13,simd-v0,746,0.072054
13,ours-406478,747,0.036240
13,KACTL,747,0.330677
13,simd-v0,747,0.065264
13,393435,747,0.046272
13,KACTL,748,0.330630
13,simd-v0,748,0.065325
13,393435,748,0.054028
13,ours-406478,748,0.036337
13,simd-v0,749,0.065435
13,393435,749,0.046226
13,ours-406478,749,0.036211
13,KACTL,749,0.330670
13,393435,750,0.046036
13,ours-406478,750,0.036454
13,KACTL,750,0.330690
13,simd-v0,750,0.071752
13,ours-406478,751,0.036347
13,KACTL,751,0.330701
13,simd-v0,751,0.065328
13,393435,751,0.046236
13,KACTL,752,0.330215
13,simd-v0,752,0.065314
13,393435,752,0.046240
13,ours-406478,752,0.048641
13,simd-v0,753,0.077490
13,393435,753,0.046119
13,ours-406478,753,0.036557
13,KACTL,753,0.368075
13,393435,754,0.049724
13,ours-406478,754,0.038885
13,KACTL,754,0.360528
13,simd-v0,754,0.069920
13,ours-406478,755,0.038515
13,KACTL,755,0.353594
13,simd-v0,755,0.069683
13,393435,755,0.048831
13,KACTL,756,0.352969
13,simd-v0,756,0.076682
13,393435,756,0.048960
13,ours-406478,756,0.038697
13,simd-v0,757,0.070536
13,393435,757,0.050431
13,ours-406478,757,0.042520
13,KACTL,757,0.353617
13,393435,758,0.049172
13,ours-406478,758,0.039036
13,KACTL,758,0.350518
13,simd-v0,758,0.070328
13,ours-406478,759,0.043454
13,KACTL,759,0.341731
13,simd-v0,759,0.070230
13,393435,759,0.051555
13,KACTL,760,0.347362
13,simd-v0,760,0.070347
13,393435,760,0.048886
13,ours-406478,760,0.038495
13,simd-v0,761,0.069521
13,393435,761,0.048845
13,ours-406478,761,0.038600
13,KACTL,761,0.342804
13,393435,762,0.050240
13,ours-406478,762,0.038458
13,KACTL,762,0.349323
13,simd-v0,762,0.070255
13,ours-406478,763,0.041058
13,KACTL,763,0.341132
13,simd-v0,763,0.070111
13,393435,763,0.051639
13,KACTL,764,0.348120
13,simd-v0,764,0.070284
13,393435,764,0.050026
13,ours-406478,764,0.039603
13,simd-v0,765,0.069049
13,393435,765,0.050818
13,ours-406478,765,0.038934
13,KACTL,765,0.330225
13,393435,766,0.048545
13,ours-406478,766,0.039809
13,KACTL,766,0.338033
13,simd-v0,766,0.067788
13,ours-406478,767,0.037370
13,KACTL,767,0.331764
13,simd-v0,767,0.067969
13,393435,767,0.047303
13,KACTL,768,0.338775
13,simd-v0,768,0.068024
13,393435,768,0.049927
13,ours-406478,768,0.039780
13,simd-v0,769,0.069119
13,393435,769,0.049935
13,ours-406478,769,0.039488
13,KACTL,769,0.330715
13,393435,770,0.048561
13,ours-406478,770,0.040037
13,KACTL,770,0.343433
13,simd-v0,770,0.067519
13,ours-406478,771,0.037043
13,KACTL,771,0.333599
13,simd-v0,771,0.065232
13,393435,771,0.045708
13,KACTL,772,0.336416
13,simd-v0,772,0.065262
13,393435,772,0.046187
13,ours-406478,772,0.036386
13,simd-v0,773,0.065232
13,393435,773,0.058665
13,ours-406478,773,0.036193
13,KACTL,773,0.330923
13,393435,774,0.046031
13,ours-406478,774,0.036340
13,KACTL,774,0.337872
13,simd-v0,774,0.065407
13,ours-406478,775,0.036404
13,KACTL,775,0.330579
13,simd-v0,775,0.065243
13,393435,775,0.046110
13,KACTL,776,0.336918
13,simd-v0,776,0.065433
13,393435,776,0.046206
13,ours-406478,776,0.036454
13,simd-v0,777,0.065352
13,393435,777,0.060089
13,ours-406478,777,0.046215
13,KACTL,777,0.331322
13,393435,778,0.046115
13,ours-406478,778,0.036534
13,KACTL,778,0.337349
13,simd-v0,778,0.067567
13,ours-406478,779,0.036229
13,KACTL,779,0.416575
13,simd-v0,779,0.076960
13,393435,779,0.050786
13,KACTL,780,0.564109
13,simd-v0,780,0.080631
13,393435,780,0.056224
13,ours-406478,780,0.050925
13,simd-v0,781,0.079491
13,393435,781,0.056727
13,ours-406478,781,0.049236
13,KACTL,781,0.592488
13,393435,782,0.057167
13,ours-406478,782,0.050358
13,KACTL,782,0.596022
13,simd-v0,782,0.082842
13,ours-406478,783,0.052093
13,KACTL,783,0.610767
13,simd-v0,783,0.082891
13,393435,783,0.071080
13,KACTL,784,0.633087
13,simd-v0,784,0.088250
13,393435,784,0.062733
13,ours-406478,784,0.057904
13,simd-v0,785,0.098245
13,393435,785,0.060885
13,ours-406478,785,0.052878
13,KACTL,785,0.641954
13,393435,786,0.061250
13,ours-406478,786,0.051307
13,KACTL,786,0.651928
13,simd-v0,786,0.083537
13,ours-406478,787,0.052367
13,KACTL,787,0.651804
13,simd-v0,787,0.084131
13,393435,787,0.060561
13,KACTL,788,0.653674
13,simd-v0,788,0.083734
13,393435,788,0.058462
13,ours-406478,788,0.051433
13,simd-v0,789,0.083493
13,393435,789,0.058781
13,ours-406478,789,0.050325
13,KACTL,789,0.648898
13,393435,790,0.063207
13,ours-406478,790,0.052662
13,KACTL,790,0.654854
13,simd-v0,790,0.084955
13,ours-406478,791,0.053929
13,KACTL,791,0.662650
13,simd-v0,791,0.085536
13,393435,791,0.060569
13,KACTL,792,0.661941
13,simd-v0,792,0.082507
13,393435,792,0.057965
13,ours-406478,792,0.050698
13,simd-v0,793,0.082517
13,393435,793,0.058784
13,ours-406478,793,0.061085
13,KACTL,793,0.672797
13,393435,794,0.058920
13,ours-406478,794,0.051715
13,KACTL,794,0.457359
13,simd-v0,794,0.070326
13,ours-406478,795,0.038638
13,KACTL,795,0.344527
13,simd-v0,795,0.067596
13,393435,795,0.047805
13,KACTL,796,0.361670
13,simd-v0,796,0.065285
13,393435,796,0.046142
13,ours-406478,796,0.036464
13,simd-v0,797,0.065460
13,393435,797,0.046145
13,ours-406478,797,0.036351
13,KACTL,797,0.331027
13,393435,798,0.046033
13,ours-406478,798,0.036370
13,KACTL,798,0.358548
13,simd-v0,798,0.065394
13,ours-406478,799,0.036362
13,KACTL,799,0.331249
13,simd-v0,799,0.065430
13,393435,799,0.046200
13,KACTL,800,0.338624
13,simd-v0,800,0.065335
13,393435,800,0.046140
13,ours-406478,800,0.036526
13,simd-v0,801,0.065291
13,393435,801,0.046194
13,ours-406478,801,0.036442
13,KACTL,801,0.331130
13,393435,802,0.046024
13,ours-406478,802,0.036346
13,KACTL,802,0.346557
13,simd-v0,802,0.065333
13,ours-406478,803,0.036499
13,KACTL,803,0.330857
13,simd-v0,803,0.065280
13,393435,803,0.046207
13,KACTL,804,0.337941
13,simd-v0,804,0.065331
13,393435,804,0.046092
13,ours-406478,804,0.036221
13,simd-v0,805,0.067661
13,393435,805,0.046087
13,ours-406478,805,0.036101
13,KACTL,805,0.331172
13,393435,806,0.046023
13,ours-406478,806,0.036257
13,KACTL,806,0.354007
13,simd-v0,806,0.065326
13,ours-406478,807,0.036475
13,KACTL,807,0.360902
13,simd-v0,807,0.065338
13,393435,807,0.046202
13,KACTL,808,0.340165
13,simd-v0,808,0.065266
13,393435,808,0.046094
13,ours-406478,808,0.036473
13,simd-v0,809,0.065300
13,393435,809,0.046111
13,ours-406478,809,0.036367
13,KACTL,809,0.330987
13,393435,810,0.046019
13,ours-406478,810,0.036342
13,KACTL,810,0.351366
13,simd-v0,810,0.065426
13,ours-406478,811,0.036379
13,KACTL,811,0.331124
13,simd-v0,811,0.065337
13,393435,811,0.046194
13,KACTL,812,0.340050
13,simd-v0,812,0.065480
13,393435,812,0.046226
13,ours-406478,812,0.036557
13,simd-v0,813,0.065418
13,393435,813,0.046135
13,ours-406478,813,0.036470
13,KACTL,813,0.330999
13,393435,814,0.046034
13,ours-406478,814,0.036220
13,KACTL,814,0.359236
13,simd-v0,814,0.065442
13,ours-406478,815,0.036432
13,KACTL,815,0.331164
13,simd-v0,815,0.065344
13,393435,815,0.046216
13,KACTL,816,0.338385
13,simd-v0,816,0.065326
13,393435,816,0.046066
13,ours-406478,816,0.036468
13,simd-v0,817,0.065446
13,393435,817,0.046182
13,ours-406478,817,0.036345
13,KACTL,817,0.330347
13,393435,818,0.046004
13,ours-406478,818,0.036556
13,KACTL,818,0.355510
13,simd-v0,818,0.065190
13,ours-406478,819,0.036258
13,KACTL,819,0.331411
13,simd-v0,819,0.065378
13,393435,819,0.046148
13,KACTL,820,0.337336
13,simd-v0,820,0.065332
13,393435,820,0.046184
13,ours-406478,820,0.036272
13,simd-v0,821,0.065416
13,393435,821,0.046113
13,ours-406478,821,0.036411
13,KACTL,821,0.330731
13,393435,822,0.045990
13,ours-406478,822,0.036096
13,KACTL,822,0.339718
13,simd-v0,822,0.067468
13,ours-406478,823,0.037624
13,KACTL,823,0.343137
13,simd-v0,823,0.067553
13,393435,823,0.047696
13,KACTL,824,0.339207
13,simd-v0,824,0.068074
13,393435,824,0.049883
13,ours-406478,824,0.039916
13,simd-v0,825,0.069362
13,393435,825,0.050024
13,ours-406478,825,0.039713
13,KACTL,825,0.333525
13,393435,826,0.047510
13,ours-406478,826,0.037416
13,KACTL,826,0.357667
13,simd-v0,826,0.078829
13,ours-406478,827,0.058929
13,KACTL,827,0.333335
13,simd-v0,827,0.065352
13,393435,827,0.046669
13,KACTL,828,0.349593
13,simd-v0,828,0.065310
13,393435,828,0.046353
13,ours-406478,828,0.036441
13,simd-v0,829,0.065310
13,393435,829,0.046162
13,ours-406478,829,0.036128
13,KACTL,829,0.330977
13,393435,830,0.046045
13,ours-406478,830,0.048759
13,KACTL,830,0.332972
13,simd-v0,830,0.065291
13,ours-406478,831,0.036424
13,KACTL,831,0.331237
13,simd-v0,831,0.065494
13,393435,831,0.046366
13,KACTL,832,0.338751
13,simd-v0,832,0.065417
13,393435,832,0.046255
13,ours-406478,832,0.036828
13,simd-v0,833,0.065410
13,393435,833,0.046165
13,ours-406478,833,0.036349
13,KACTL,833,0.330735
13,393435,834,0.046442
13,ours-406478,834,0.043572
13,KACTL,834,0.330529
13,simd-v0,834,0.065161
13,ours-406478,835,0.036842
13,KACTL,835,0.330723
13,simd-v0,835,0.065326
13,393435,835,0.046548
13,KACTL,836,0.337742
13,simd-v0,836,0.065348
13,393435,836,0.046180
13,ours-406478,836,0.036643
13,simd-v0,837,0.065441
13,393435,837,0.046509
13,ours-406478,837,0.037387
13,KACTL,837,0.346856
13,393435,838,0.049127
13,ours-406478,838,0.039200
13,KACTL,838,0.361720
13,simd-v0,838,0.070003
13,ours-406478,839,0.039044
13,KACTL,839,0.353444
13,simd-v0,839,0.069791
13,393435,839,0.050148
13,KACTL,840,0.360384
13,simd-v0,840,0.069905
13,393435,840,0.049659
13,ours-406478,840,0.039242
13,simd-v0,841,0.069789
13,393435,841,0.049179
13,ours-406478,841,0.039046
13,KACTL,841,0.360856
13,393435,842,0.050299
13,ours-406478,842,0.041000
13,KACTL,842,0.341325
13,simd-v0,842,0.070622
13,ours-406478,843,0.041217
13,KACTL,843,0.341529
13,simd-v0,843,0.067707
13,393435,843,0.056814
13,KACTL,844,0.341917
13,simd-v0,844,0.068012
13,393435,844,0.048473
13,ours-406478,844,0.040456
13,simd-v0,845,0.070253
13,393435,845,0.051525
13,ours-406478,845,0.041100
13,KACTL,845,0.348337
13,393435,846,0.050381
13,ours-406478,846,0.038850
13,KACTL,846,0.342946
13,simd-v0,846,0.070482
13,ours-406478,847,0.038588
13,KACTL,847,0.342927
13,simd-v0,847,0.079019
13,393435,847,0.050398
13,KACTL,848,0.345758
13,simd-v0,848,0.070382
13,393435,848,0.051564
13,ours-406478,848,0.041502
13,simd-v0,849,0.071349
13,393435,849,0.051486
13,ours-406478,849,0.040857
13,KACTL,849,0.349400
13,393435,850,0.050269
13,ours-406478,850,0.038853
13,KACTL,850,0.345408
13,simd-v0,850,0.070509
13,ours-406478,851,0.038494
13,KACTL,851,0.339497
13,simd-v0,851,0.068107
13,393435,851,0.050352
13,KACTL,852,0.330182
13,simd-v0,852,0.068036
13,393435,852,0.051240
13,ours-406478,852,0.039403
13,simd-v0,853,0.067055
13,393435,853,0.049825
13,ours-406478,853,0.039913
13,KACTL,853,0.346346
13,393435,854,0.047784
13,ours-406478,854,0.037484
13,KACTL,854,0.336527
13,simd-v0,854,0.065317
13,ours-406478,855,0.036017
13,KACTL,855,0.336418
13,simd-v0,855,0.065339
13,393435,855,0.046376
13,KACTL,856,0.330690
13,simd-v0,856,0.065291
13,393435,856,0.046359
13,ours-406478,856,0.036655
13,simd-v0,857,0.065352
13,393435,857,0.046144
13,ours-406478,857,0.036390
13,KACTL,857,0.337708
13,393435,858,0.047894
13,ours-406478,858,0.038556
13,KACTL,858,0.330416
13,simd-v0,858,0.067998
13,ours-406478,859,0.038788
13,KACTL,859,0.337788
13,simd-v0,859,0.067832
13,393435,859,0.046565
13,KACTL,860,0.331098
13,simd-v0,860,0.067772
13,393435,860,0.049316
13,ours-406478,860,0.038802
13,simd-v0,861,0.068861
13,393435,861,0.049262
13,ours-406478,861,0.038717
13,KACTL,861,0.338052
13,393435,862,0.048163
13,ours-406478,862,0.036026
13,KACTL,862,0.331901
13,simd-v0,862,0.067721
13,ours-406478,863,0.035985
13,KACTL,863,0.338175
13,simd-v0,863,0.067955
13,393435,863,0.049405
13,KACTL,864,0.332758
13,simd-v0,864,0.067946
13,393435,864,0.049261
13,ours-406478,864,0.038754
13,simd-v0,865,0.069030
13,393435,865,0.049235
13,ours-406478,865,0.038602
13,KACTL,865,0.337194
13,393435,866,0.046335
13,ours-406478,866,0.036156
13,KACTL,866,0.330613
13,simd-v0,866,0.065730
13,ours-406478,867,0.036121
13,KACTL,867,0.336548
13,simd-v0,867,0.065505
13,393435,867,0.045884
13,KACTL,868,0.332717
13,simd-v0,868,0.065407
13,393435,868,0.046300
13,ours-406478,868,0.036640
13,simd-v0,869,0.065263
13,393435,869,0.046300
13,ours-406478,869,0.036152
13,KACTL,869,0.337138
13,393435,870,0.046240
13,ours-406478,870,0.036458
13,KACTL,870,0.330573
13,simd-v0,870,0.065263
13,ours-406478,871,0.036592
13,KACTL,871,0.337225
13,simd-v0,871,0.065373
13,393435,871,0.046222
13,KACTL,872,0.332617
13,simd-v0,872,0.067437
13,393435,872,0.047726
13,ours-406478,872,0.037831
13,simd-v0,873,0.067573
13,393435,873,0.047762
13,ours-406478,873,0.037598
13,KACTL,873,0.347760
13,393435,874,0.048455
13,ours-406478,874,0.041202
13,KACTL,874,0.341492
13,simd-v0,874,0.067591
13,ours-406478,875,0.037908
13,KACTL,875,0.347851
13,simd-v0,875,0.067650
13,393435,875,0.047761
13,KACTL,876,0.342639
13,simd-v0,876,0.067419
13,393435,876,0.047650
13,ours-406478,876,0.037670
13,simd-v0,877,0.067455
13,393435,877,0.047753
13,ours-406478,877,0.037710
13,KACTL,877,0.360340
13,393435,878,0.049254
13,ours-406478,878,0.041092
13,KACTL,878,0.341972
13,simd-v0,878,0.070455
13,ours-406478,879,0.041197
13,KACTL,879,0.349071
13,simd-v0,879,0.070409
13,393435,879,0.051823
13,KACTL,880,0.341593
13,simd-v0,880,0.070212
13,393435,880,0.048956
13,ours-406478,880,0.038636
13,simd-v0,881,0.069621
13,393435,881,0.048729
13,ours-406478,881,0.038570
13,KACTL,881,0.342668
13,393435,882,0.048681
13,ours-406478,882,0.042603
13,KACTL,882,0.331595
13,simd-v0,882,0.068261
13,ours-406478,883,0.037483
13,KACTL,883,0.360841
13,simd-v0,883,0.068771
13,393435,883,0.049966
13,KACTL,884,0.339948
13,simd-v0,884,0.065326
13,393435,884,0.045657
13,ours-406478,884,0.036071
13,simd-v0,885,0.065206
13,393435,885,0.045597
13,ours-406478,885,0.035934
13,KACTL,885,0.337444
13,393435,886,0.046021
13,ours-406478,886,0.036334
13,KACTL,886,0.330881
13,simd-v0,886,0.065250
13,ours-406478,887,0.036543
13,KACTL,887,0.336500
13,simd-v0,887,0.065268
13,393435,887,0.048437
13,KACTL,888,0.330717
13,simd-v0,888,0.065270
13,393435,888,0.046283
13,ours-406478,888,0.036535
13,simd-v0,889,0.065230
13,393435,889,0.046194
13,ours-406478,889,0.036556
13,KACTL,889,0.337494
13,393435,890,0.046071
13,ours-406478,890,0.036139
13,KACTL,890,0.330428
13,simd-v0,890,0.065328
13,ours-406478,891,0.036512
13,KACTL,891,0.345983
13,simd-v0,891,0.065359
13,393435,891,0.046149
13,KACTL,892,0.330435
13,simd-v0,892,0.065363
13,393435,892,0.046169
13,ours-406478,892,0.036613
13,simd-v0,893,0.065401
13,393435,893,0.046169
13,ours-406478,893,0.036285
13,KACTL,893,0.338112
13,393435,894,0.046050
13,ours-406478,894,0.036511
13,KACTL,894,0.330517
13,simd-v0,894,0.065612
13,ours-406478,895,0.036478
13,KACTL,895,0.337173
13,simd-v0,895,0.065382
13,393435,895,0.046414
13,KACTL,896,0.331709
13,simd-v0,896,0.065299
13,393435,896,0.046027
13,ours-406478,896,0.036716
13,simd-v0,897,0.065304
13,393435,897,0.046099
13,ours-406478,897,0.036389
13,KACTL,897,0.337240
13,393435,898,0.046055
13,ours-406478,898,0.036531
13,KACTL,898,0.330281
13,simd-v0,898,0.065535
13,ours-406478,899,0.036516
13,KACTL,899,0.336389
13,simd-v0,899,0.065303
13,393435,899,0.046372
13,KACTL,900,0.330486
13,simd-v0,900,0.065298
13,393435,900,0.046244
13,ours-406478,900,0.036831
13,simd-v0,901,0.065396
13,393435,901,0.046313
13,ours-406478,901,0.036184
13,KACTL,901,0.337134
13,393435,902,0.046056
13,ours-406478,902,0.036237
13,KACTL,902,0.331961
13,simd-v0,902,0.065233
13,ours-406478,903,0.036571
13,KACTL,903,0.336218
13,simd-v0,903,0.065271
13,393435,903,0.046294
13,KACTL,904,0.330823
13,simd-v0,904,0.065205
13,393435,904,0.046028
13,ours-406478,904,0.036255
13,simd-v0,905,0.065363
13,393435,905,0.046114
13,ours-406478,905,0.036428
13,KACTL,905,0.337057
13,393435,906,0.046123
13,ours-406478,906,0.036461
13,KACTL,906,0.330554
13,simd-v0,906,0.065393
13,ours-406478,907,0.036524
13,KACTL,907,0.330422
13,simd-v0,907,0.071797
13,393435,907,0.046193
13,KACTL,908,0.333361
13,simd-v0,908,0.065528
13,393435,908,0.046125
13,ours-406478,908,0.036474
13,simd-v0,909,0.065370
13,393435,909,0.046231
13,ours-406478,909,0.036183
13,KACTL,909,0.337406
13,393435,910,0.046059
13,ours-406478,910,0.036208
13,KACTL,910,0.330615
13,simd-v0,910,0.065349
13,ours-406478,911,0.036503
13,KACTL,911,0.330358
13,simd-v0,911,0.071969
13,393435,911,0.046043
13,KACTL,912,0.330729
13,simd-v0,912,0.065445
13,393435,912,0.046099
13,ours-406478,912,0.036580
13,simd-v0,913,0.065349
13,393435,913,0.046549
13,ours-406478,913,0.036376
13,KACTL,913,0.336699
13,393435,914,0.046084
13,ours-406478,914,0.036558
13,KACTL,914,0.330455
13,simd-v0,914,0.065693
13,ours-406478,915,0.039121
13,KACTL,915,0.341816
13,simd-v0,915,0.066772
13,393435,915,0.057791
13,KACTL,916,0.342305
13,simd-v0,916,0.067452
13,393435,916,0.047944
13,ours-406478,916,0.037881
13,simd-v0,917,0.067399
13,393435,917,0.047740
13,ours-406478,917,0.037477
13,KACTL,917,0.350399
13,393435,918,0.047712
13,ours-406478,918,0.037849
13,KACTL,918,0.340655
13,simd-v0,918,0.065298
13,ours-406478,919,0.036617
13,KACTL,919,0.330614
13,simd-v0,919,0.071504
13,393435,919,0.045896
13,KACTL,920,0.330833
13,simd-v0,920,0.067879
13,393435,920,0.049253
13,ours-406478,920,0.038828
13,simd-v0,921,0.069009
13,393435,921,0.049254
13,ours-406478,921,0.035885
13,KACTL,921,0.339340
13,393435,922,0.050184
13,ours-406478,922,0.034739
13,KACTL,922,0.330441
13,simd-v0,922,0.065166
13,ours-406478,923,0.034675
13,KACTL,923,0.330516
13,simd-v0,923,0.065059
13,393435,923,0.051654
13,KACTL,924,0.330437
13,simd-v0,924,0.065186
13,393435,924,0.045010
13,ours-406478,924,0.034806
13,simd-v0,925,0.065031
13,393435,925,0.045184
13,ours-406478,925,0.035007
13,KACTL,925,0.338810
13,393435,926,0.048030
13,ours-406478,926,0.035828
13,KACTL,926,0.331731
13,simd-v0,926,0.067826
13,ours-406478,927,0.035812
13,KACTL,927,0.332321
13,simd-v0,927,0.067916
13,393435,927,0.059235
13,KACTL,928,0.332935
13,simd-v0,928,0.065291
13,393435,928,0.046180
13,ours-406478,928,0.036293
13,simd-v0,929,0.065222
13,393435,929,0.046193
13,ours-406478,929,0.036445
13,KACTL,929,0.336923
13,393435,930,0.046053
13,ours-406478,930,0.036553
13,KACTL,930,0.333902
13,simd-v0,930,0.069757
13,ours-406478,931,0.038483
13,KACTL,931,0.353664
13,simd-v0,931,0.069683
13,393435,931,0.056258
13,KACTL,932,0.346353
13,simd-v0,932,0.070245
13,393435,932,0.051958
13,ours-406478,932,0.040933
13,simd-v0,933,0.071421
13,393435,933,0.051742
13,ours-406478,933,0.040683
13,KACTL,933,0.348910
13,393435,934,0.050229
13,ours-406478,934,0.038423
13,KACTL,934,0.343239
13,simd-v0,934,0.070307
13,ours-406478,935,0.038417
13,KACTL,935,0.343224
13,simd-v0,935,0.079529
13,393435,935,0.050357
13,KACTL,936,0.342193
13,simd-v0,936,0.067871
13,393435,936,0.048623
13,ours-406478,936,0.040693
13,simd-v0,937,0.071477
13,393435,937,0.051515
13,ours-406478,937,0.041160
13,KACTL,937,0.350114
13,393435,938,0.050394
13,ours-406478,938,0.038592
13,KACTL,938,0.343039
13,simd-v0,938,0.070350
13,ours-406478,939,0.038642
13,KACTL,939,0.349611
13,simd-v0,939,0.070255
13,393435,939,0.051748
13,KACTL,940,0.342187
13,simd-v0,940,0.070295
13,393435,940,0.051464
13,ours-406478,940,0.041235
13,simd-v0,941,0.071324
13,393435,941,0.051547
13,ours-406478,941,0.041202
13,KACTL,941,0.366155
13,393435,942,0.050258
13,ours-406478,942,0.038361
13,KACTL,942,0.342534
13,simd-v0,942,0.070573
13,ours-406478,943,0.038468
13,KACTL,943,0.349660
13,simd-v0,943,0.070474
13,393435,943,0.051535
13,KACTL,944,0.343848
13,simd-v0,944,0.070514
13,393435,944,0.048734
13,ours-406478,944,0.040266
13,simd-v0,945,0.070295
13,393435,945,0.051537
13,ours-406478,945,0.038480
13,KACTL,945,0.349554
13,393435,946,0.050349
13,ours-406478,946,0.038205
13,KACTL,946,0.342906
13,simd-v0,946,0.070366
13,ours-406478,947,0.038442
13,KACTL,947,0.349345
13,simd-v0,947,0.075568
13,393435,947,0.050507
13,KACTL,948,0.339306
13,simd-v0,948,0.068102
13,393435,948,0.049916
13,ours-406478,948,0.039869
13,simd-v0,949,0.069183
13,393435,949,0.047180
13,ours-406478,949,0.043539
13,KACTL,949,0.332764
13,393435,950,0.048818
13,ours-406478,950,0.037325
13,KACTL,950,0.341765
13,simd-v0,950,0.067536
13,ours-406478,951,0.037193
13,KACTL,951,0.346211
13,simd-v0,951,0.065417
13,393435,951,0.046608
13,KACTL,952,0.342213
13,simd-v0,952,0.067537
13,393435,952,0.047935
13,ours-406478,952,0.040494
13,simd-v0,953,0.068873
13,393435,953,0.054527
13,ours-406478,953,0.037490
13,KACTL,953,0.332970
13,393435,954,0.046049
13,ours-406478,954,0.036430
13,KACTL,954,0.330598
13,simd-v0,954,0.065252
13,ours-406478,955,0.036565
13,KACTL,955,0.337695
13,simd-v0,955,0.065344
13,393435,955,0.046341
13,KACTL,956,0.335432
13,simd-v0,956,0.067718
13,393435,956,0.047148
13,ours-406478,956,0.036613
13,simd-v0,957,0.065447
13,393435,957,0.047233
13,ours-406478,957,0.050568
13,KACTL,957,0.341812
13,393435,958,0.047706
13,ours-406478,958,0.037500
13,KACTL,958,0.331922
13,simd-v0,958,0.068098
13,ours-406478,959,0.039637
13,KACTL,959,0.338402
13,simd-v0,959,0.067962
13,393435,959,0.050106
13,KACTL,960,0.330208
13,simd-v0,960,0.068008
13,393435,960,0.049917
13,ours-406478,960,0.039945
13,simd-v0,961,0.069160
13,393435,961,0.057893
13,ours-406478,961,0.039142
13,KACTL,961,0.343421
13,393435,962,0.046013
13,ours-406478,962,0.036007
13,KACTL,962,0.330431
13,simd-v0,962,0.065362
13,ours-406478,963,0.036079
13,KACTL,963,0.336745
13,simd-v0,963,0.065472
13,393435,963,0.046313
13,KACTL,964,0.333182
13,simd-v0,964,0.065310
13,393435,964,0.046103
13,ours-406478,964,0.036362
13,simd-v0,965,0.065390
13,393435,965,0.046135
13,ours-406478,965,0.042418
13,KACTL,965,0.330368
13,393435,966,0.046007
13,ours-406478,966,0.036597
13,KACTL,966,0.332727
13,simd-v0,966,0.065229
13,ours-406478,967,0.036473
13,KACTL,967,0.338737
13,simd-v0,967,0.065430
13,393435,967,0.046197
13,KACTL,968,0.330408
13,simd-v0,968,0.065268
13,393435,968,0.046119
13,ours-406478,968,0.036584
13,simd-v0,969,0.065277
13,393435,969,0.046215
13,ours-406478,969,0.036368
13,KACTL,969,0.345568
13,393435,970,0.047696
13,ours-406478,970,0.037336
13,KACTL,970,0.341620
13,simd-v0,970,0.067691
13,ours-406478,971,0.037515
13,KACTL,971,0.347798
13,simd-v0,971,0.067513
13,393435,971,0.047728
13,KACTL,972,0.341305
13,simd-v0,972,0.067532
13,393435,972,0.048778
13,ours-406478,972,0.037503
13,simd-v0,973,0.067253
13,393435,973,0.047658
13,ours-406478,973,0.044055
13,KACTL,973,0.341840
13,393435,974,0.047563
13,ours-406478,974,0.037477
13,KACTL,974,0.341443
13,simd-v0,974,0.067504
13,ours-406478,975,0.037286
13,KACTL,975,0.348094
13,simd-v0,975,0.067750
13,393435,975,0.047707
13,KACTL,976,0.341515
13,simd-v0,976,0.067674
13,393435,976,0.047649
13,ours-406478,976,0.037735
13,simd-v0,977,0.067433
13,393435,977,0.054454
13,ours-406478,977,0.037584
13,KACTL,977,0.332327
13,393435,978,0.047070
13,ours-406478,978,0.039130
13,KACTL,978,0.330266
13,simd-v0,978,0.068041
13,ours-406478,979,0.039881
13,KACTL,979,0.339495
13,simd-v0,979,0.068013
13,393435,979,0.050003
13,KACTL,980,0.330447
13,simd-v0,980,0.068223
13,393435,980,0.051506
13,ours-406478,980,0.040581
13,simd-v0,981,0.071350
13,393435,981,0.060604
13,ours-406478,981,0.039845
13,KACTL,981,0.342324
13,393435,982,0.050177
13,ours-406478,982,0.038592
13,KACTL,982,0.354475
13,simd-v0,982,0.069967
13,ours-406478,983,0.038546
13,KACTL,983,0.342968
13,simd-v0,983,0.065428
13,393435,983,0.046172
13,KACTL,984,0.330099
13,simd-v0,984,0.065292
13,393435,984,0.046096
13,ours-406478,984,0.036399
13,simd-v0,985,0.071953
13,393435,985,0.046016
13,ours-406478,985,0.036468
13,KACTL,985,0.331249
13,393435,986,0.045950
13,ours-406478,986,0.036298
13,KACTL,986,0.330349
13,simd-v0,986,0.065393
13,ours-406478,987,0.036346
13,KACTL,987,0.339395
13,simd-v0,987,0.065522
13,393435,987,0.046354
13,KACTL,988,0.332471
13,simd-v0,988,0.065328
13,393435,988,0.046119
13,ours-406478,988,0.036461
13,simd-v0,989,0.065264
13,393435,989,0.054611
13,ours-406478,989,0.036436
13,KACTL,989,0.330940
13,393435,990,0.046134
13,ours-406478,990,0.036336
13,KACTL,990,0.329879
13,simd-v0,990,0.065318
13,ours-406478,991,0.036311
13,KACTL,991,0.336660
13,simd-v0,991,0.065533
13,393435,991,0.046177
13,KACTL,992,0.331084
13,simd-v0,992,0.065294
13,393435,992,0.046234
13,ours-406478,992,0.036277
13,simd-v0,993,0.065391
13,393435,993,0.046131
13,ours-406478,993,0.037528
13,KACTL,993,0.349605
13,393435,994,0.049171
13,ours-406478,994,0.038739
13,KACTL,994,0.353448
13,simd-v0,994,0.069214
13,ours-406478,995,0.039741
13,KACTL,995,0.360274
13,simd-v0,995,0.069829
13,393435,995,0.049073
13,KACTL,996,0.353390
13,simd-v0,996,0.069856
13,393435,996,0.049205
13,ours-406478,996,0.039322
13,simd-v0,997,0.076844
13,393435,997,0.049196
13,ours-406478,997,0.038991
13,KACTL,997,0.353539
13,393435,998,0.049099
13,ours-406478,998,0.038770
13,KACTL,998,0.346212
13,simd-v0,998,0.079216
13,ours-406478,999,0.040103
13,KACTL,999,0.342637
13,simd-v0,999,0.070443
13,393435,999,0.051559
13,KACTL,1000,0.343987
13,simd-v0,1000,0.070320
13,393435,1000,0.058313
13,ours-406478,1000,0.038503
14,KACTL,0,0.770689
14,simd-v0,0,0.136066
14,393435,0,0.097788
14,ours-406478,0,0.078878
14,simd-v0,1,0.153137
14,393435,1,0.097641
14,ours-406478,1,0.078869
14,KACTL,1,0.764141
14,393435,2,0.098028
14,ours-406478,2,0.078636
14,KACTL,2,0.764666
14,simd-v0,2,0.136448
14,ours-406478,3,0.078529
14,KACTL,3,0.762133
14,simd-v0,3,0.136968
14,393435,3,0.101678
14,KACTL,4,0.767747
14,simd-v0,4,0.140193
14,393435,4,0.101623
14,ours-406478,4,0.077788
14,simd-v0,5,0.141585
14,393435,5,0.097291
14,ours-406478,5,0.075891
14,KACTL,5,0.761729
14,393435,6,0.101926
14,ours-406478,6,0.080773
14,KACTL,6,0.772432
14,simd-v0,6,0.140248
14,ours-406478,7,0.081598
14,KACTL,7,0.769524
14,simd-v0,7,0.145111
14,393435,7,0.102858
14,KACTL,8,0.805176
14,simd-v0,8,0.146698
14,393435,8,0.101974
14,ours-406478,8,0.083754
14,simd-v0,9,0.141670
14,393435,9,0.101832
14,ours-406478,9,0.084341
14,KACTL,9,0.796339
14,393435,10,0.103819
14,ours-406478,10,0.083237
14,KACTL,10,0.790533
14,simd-v0,10,0.146095
14,ours-406478,11,0.087180
14,KACTL,11,0.786755
14,simd-v0,11,0.141640
14,393435,11,0.101229
14,KACTL,12,0.845720
14,simd-v0,12,0.142150
14,393435,12,0.101629
14,ours-406478,12,0.088797
14,simd-v0,13,0.146090
14,393435,13,0.105259
14,ours-406478,13,0.086977
14,KACTL,13,0.786635
14,393435,14,0.105261
14,ours-406478,14,0.087106
14,KACTL,14,0.792813
14,simd-v0,14,0.140470
14,ours-406478,15,0.081276
14,KACTL,15,0.792046
14,simd-v0,15,0.137502
14,393435,15,0.098735
14,KACTL,16,0.774375
14,simd-v0,16,0.135912
14,393435,16,0.097641
14,ours-406478,16,0.079270
14,simd-v0,17,0.136029
14,393435,17,0.097540
14,ours-406478,17,0.078764
14,KACTL,17,0.764414
14,393435,18,0.097865
14,ours-406478,18,0.078710
14,KACTL,18,0.763381
14,simd-v0,18,0.135827
14,ours-406478,19,0.078542
14,KACTL,19,0.760094
14,simd-v0,19,0.135845
14,393435,19,0.097799
14,KACTL,20,0.764726
14,simd-v0,20,0.136287
14,393435,20,0.097684
14,ours-406478,20,0.085300
14,simd-v0,21,0.135896
14,393435,21,0.097629
14,ours-406478,21,0.078668
14,KACTL,21,0.810045
14,393435,22,0.105609
14,ours-406478,22,0.087496
14,KACTL,22,0.784768
14,simd-v0,22,0.140614
14,ours-406478,23,0.081631
14,KACTL,23,0.785979
14,simd-v0,23,0.152085
14,393435,23,0.103355
14,KACTL,24,0.767713
14,simd-v0,24,0.136045
14,393435,24,0.097424
14,ours-406478,24,0.079261
14,simd-v0,25,0.135884
14,393435,25,0.097644
14,ours-406478,25,0.078295
14,KACTL,25,0.762123
14,393435,26,0.097464
14,ours-406478,26,0.078601
14,KACTL,26,0.802852
14,simd-v0,26,0.135891
14,ours-406478,27,0.078895
14,KACTL,27,0.761223
14,simd-v0,27,0.136099
14,393435,27,0.097652
14,KACTL,28,0.764275
14,simd-v0,28,0.136008
14,393435,28,0.097489
14,ours-406478,28,0.078702
14,simd-v0,29,0.142160
14,393435,29,0.097584
14,ours-406478,29,0.078551
14,KACTL,29,0.761398
14,393435,30,0.097533
14,ours-406478,30,0.078814
14,KACTL,30,0.763767
14,simd-v0,30,0.136024
14,ours-406478,31,0.078809
14,KACTL,31,0.759895
14,simd-v0,31,0.135976
14,393435,31,0.097785
14,KACTL,32,0.762975
14,simd-v0,32,0.135922
14,393435,32,0.097403
14,ours-406478,32,0.078485
14,simd-v0,33,0.135881
14,393435,33,0.097593
14,ours-406478,33,0.078585
14,KACTL,33,0.759220
14,393435,34,0.101692
14,ours-406478,34,0.081501
14,KACTL,34,0.763118
14,simd-v0,34,0.140199
14,ours-406478,35,0.081559
14,KACTL,35,0.795113
14,simd-v0,35,0.149995
14,393435,35,0.108866
14,KACTL,36,0.816301
14,simd-v0,36,0.150129
14,393435,36,0.108937
14,ours-406478,36,0.087171
14,simd-v0,37,0.158800
14,393435,37,0.109755
14,ours-406478,37,0.083298
14,KACTL,37,0.788471
14,393435,38,0.105210
14,ours-406478,38,0.086467
14,KACTL,38,0.789312
14,simd-v0,38,0.146413
14,ours-406478,39,0.087388
14,KACTL,39,0.785641
14,simd-v0,39,0.145694
14,393435,39,0.105415
14,KACTL,40,0.789237
14,simd-v0,40,0.145924
14,393435,40,0.101688
14,ours-406478,40,0.085198
14,simd-v0,41,0.145266
14,393435,41,0.103878
14,ours-406478,41,0.083756
14,KACTL,41,0.831877
14,393435,42,0.104023
14,ours-406478,42,0.083217
14,KACTL,42,0.816574
14,simd-v0,42,0.145483
14,ours-406478,43,0.084027
14,KACTL,43,0.800882
14,simd-v0,43,0.141731
14,393435,43,0.110151
14,KACTL,44,0.799207
14,simd-v0,44,0.136060
14,393435,44,0.104173
14,ours-406478,44,0.078787
14,simd-v0,45,0.135809
14,393435,45,0.097566
14,ours-406478,45,0.078318
14,KACTL,45,0.760783
14,393435,46,0.097615
14,ours-406478,46,0.078928
14,KACTL,46,0.767266
14,simd-v0,46,0.135943
14,ours-406478,47,0.078256
14,KACTL,47,0.760568
14,simd-v0,47,0.135955
14,393435,47,0.097557
14,KACTL,48,0.765311
14,simd-v0,48,0.136117
14,393435,48,0.098046
14,ours-406478,48,0.078770
14,simd-v0,49,0.137715
14,393435,49,0.103865
14,ours-406478,49,0.083773
14,KACTL,49,0.814094
14,393435,50,0.103889
14,ours-406478,50,0.083601
14,KACTL,50,0.817339
14,simd-v0,50,0.145262
14,ours-406478,51,0.083700
14,KACTL,51,0.812490
14,simd-v0,51,0.141534
14,393435,51,0.108120
14,KACTL,52,0.781021
14,simd-v0,52,0.141725
14,393435,52,0.107841
14,ours-406478,52,0.086400
14,simd-v0,53,0.148361
14,393435,53,0.103897
14,ours-406478,53,0.083627
14,KACTL,53,0.813407
14,393435,54,0.103958
14,ours-406478,54,0.083403
14,KACTL,54,0.816852
14,simd-v0,54,0.145205
14,ours-406478,55,0.083735
14,KACTL,55,0.816530
14,simd-v0,55,0.145183
14,393435,55,0.103986
14,KACTL,56,0.809593
14,simd-v0,56,0.141831
14,393435,56,0.115637
14,ours-406478,56,0.086008
14,simd-v0,57,0.155280
14,393435,57,0.105436
14,ours-406478,57,0.086453
14,KACTL,57,0.787704
14,393435,58,0.104994
14,ours-406478,58,0.083858
14,KACTL,58,0.779450
14,simd-v0,58,0.136103
14,ours-406478,59,0.077644
14,KACTL,59,0.762535
14,simd-v0,59,0.136193
14,393435,59,0.097123
14,KACTL,60,0.804172
14,simd-v0,60,0.136446
14,393435,60,0.097706
14,ours-406478,60,0.079038
14,simd-v0,61,0.135919
14,393435,61,0.097444
14,ours-406478,61,0.078158
14,KACTL,61,0.765630
14,393435,62,0.097514
14,ours-406478,62,0.078299
14,KACTL,62,0.764208
14,simd-v0,62,0.135856
14,ours-406478,63,0.079135
14,KACTL,63,0.762247
14,simd-v0,63,0.135843
14,393435,63,0.097621
14,KACTL,64,0.764380
14,simd-v0,64,0.136009
14,393435,64,0.114129
14,ours-406478,64,0.078191
14,simd-v0,65,0.136080
14,393435,65,0.104690
14,ours-406478,65,0.078565
14,KACTL,65,0.827557
14,393435,66,0.108670
14,ours-406478,66,0.081268
14,KACTL,66,0.783758
14,simd-v0,66,0.147484
14,ours-406478,67,0.081386
14,KACTL,67,0.782905
14,simd-v0,67,0.144814
14,393435,67,0.099709
14,KACTL,68,0.790033
14,simd-v0,68,0.138240
14,393435,68,0.099306
14,ours-406478,68,0.085616
14,simd-v0,69,0.140543
14,393435,69,0.100715
14,ours-406478,69,0.084885
14,KACTL,69,0.762034
14,393435,70,0.101839
14,ours-406478,70,0.084066
14,KACTL,70,0.785445
14,simd-v0,70,0.140920
14,ours-406478,71,0.084100
14,KACTL,71,0.769177
14,simd-v0,71,0.140370
14,393435,71,0.101004
14,KACTL,72,0.779597
14,simd-v0,72,0.139726
14,393435,72,0.100489
14,ours-406478,72,0.078731
14,simd-v0,73,0.146782
14,393435,73,0.097440
14,ours-406478,73,0.075744
14,KACTL,73,0.754127
14,393435,74,0.103788
14,ours-406478,74,0.075779
14,KACTL,74,0.758266
14,simd-v0,74,0.141922
14,ours-406478,75,0.075775
14,KACTL,75,0.755964
14,simd-v0,75,0.141677
14,393435,75,0.097370
14,KACTL,76,0.757078
14,simd-v0,76,0.153904
14,393435,76,0.104346
14,ours-406478,76,0.081822
14,simd-v0,77,0.148022
14,393435,77,0.108268
14,ours-406478,77,0.084086
14,KACTL,77,0.808585
14,393435,78,0.105106
14,ours-406478,78,0.083088
14,KACTL,78,0.790351
14,simd-v0,78,0.144819
14,ours-406478,79,0.084328
14,KACTL,79,0.765916
14,simd-v0,79,0.140917
14,393435,79,0.101693
14,KACTL,80,0.786631
14,simd-v0,80,0.145727
14,393435,80,0.105134
14,ours-406478,80,0.086916
14,simd-v0,81,0.154842
14,393435,81,0.105192
14,ours-406478,81,0.087258
14,KACTL,81,0.784071
14,393435,82,0.105170
14,ours-406478,82,0.083268
14,KACTL,82,0.761178
14,simd-v0,82,0.149739
14,ours-406478,83,0.086679
14,KACTL,83,0.754153
14,simd-v0,83,0.151449
14,393435,83,0.101742
14,KACTL,84,0.808277
14,simd-v0,84,0.135955
14,393435,84,0.097540
14,ours-406478,84,0.078610
14,simd-v0,85,0.136046
14,393435,85,0.097430
14,ours-406478,85,0.078457
14,KACTL,85,0.761881
14,393435,86,0.100091
14,ours-406478,86,0.081556
14,KACTL,86,0.763830
14,simd-v0,86,0.140568
14,ours-406478,87,0.082563
14,KACTL,87,0.761251
14,simd-v0,87,0.134992
14,393435,87,0.097360
14,KACTL,88,0.766290
14,simd-v0,88,0.135091
14,393435,88,0.097301
14,ours-406478,88,0.075817
14,simd-v0,89,0.134996
14,393435,89,0.103700
14,ours-406478,89,0.075783
14,KACTL,89,0.756178
14,393435,90,0.097342
14,ours-406478,90,0.082507
14,KACTL,90,0.758465
14,simd-v0,90,0.141306
14,ours-406478,91,0.099161
14,KACTL,91,0.800273
14,simd-v0,91,0.155436
14,393435,91,0.105402
14,KACTL,92,0.767839
14,simd-v0,92,0.158792
14,393435,92,0.105192
14,ours-406478,92,0.084658
14,simd-v0,93,0.144750
14,393435,93,0.105107
14,ours-406478,93,0.085097
14,KACTL,93,0.764666
14,393435,94,0.105378
14,ours-406478,94,0.086131
14,KACTL,94,0.811213
14,simd-v0,94,0.145971
14,ours-406478,95,0.087573
14,KACTL,95,0.789615
14,simd-v0,95,0.145671
14,393435,95,0.105478
14,KACTL,96,0.791433
14,simd-v0,96,0.145880
14,393435,96,0.101334
14,ours-406478,96,0.085353
14,simd-v0,97,0.154707
14,393435,97,0.105276
14,ours-406478,97,0.092342
14,KACTL,97,0.784539
14,393435,98,0.105374
14,ours-406478,98,0.087365
14,KACTL,98,0.789467
14,simd-v0,98,0.145862
14,ours-406478,99,0.088776
14,KACTL,99,0.796697
14,simd-v0,99,0.145954
14,393435,99,0.104606
14,KACTL,100,0.764893
14,simd-v0,100,0.135976
14,393435,100,0.097346
14,ours-406478,100,0.078840
14,simd-v0,101,0.135930
14,393435,101,0.097433
14,ours-406478,101,0.078284
14,KACTL,101,0.760462
14,393435,102,0.097458
14,ours-406478,102,0.078519
14,KACTL,102,0.764343
14,simd-v0,102,0.135987
14,ours-406478,103,0.078703
14,KACTL,103,0.760440
14,simd-v0,103,0.135922
14,393435,103,0.097506
14,KACTL,104,0.777613
14,simd-v0,104,0.145200
14,393435,104,0.109613
14,ours-406478,104,0.083586
14,simd-v0,105,0.152246
14,393435,105,0.103861
14,ours-406478,105,0.082812
14,KACTL,105,0.814040
14,393435,106,0.103876
14,ours-406478,106,0.085352
14,KACTL,106,0.816328
14,simd-v0,106,0.145349
14,ours-406478,107,0.087229
14,KACTL,107,0.786949
14,simd-v0,107,0.141525
14,393435,107,0.101578
14,KACTL,108,0.940309
14,simd-v0,108,0.141684
14,393435,108,0.101568
14,ours-406478,108,0.086555
14,simd-v0,109,0.145224
14,393435,109,0.104185
14,ours-406478,109,0.096903
14,KACTL,109,0.808716
14,393435,110,0.104262
14,ours-406478,110,0.091395
14,KACTL,110,0.809356
14,simd-v0,110,0.152798
14,ours-406478,111,0.084245
14,KACTL,111,0.804932
14,simd-v0,111,0.151899
14,393435,111,0.104239
14,KACTL,112,0.789150
14,simd-v0,112,0.143737
14,393435,112,0.098147
14,ours-406478,112,0.082899
14,simd-v0,113,0.140279
14,393435,113,0.100683
14,ours-406478,113,0.081398
14,KACTL,113,0.768789
14,393435,114,0.097472
14,ours-406478,114,0.078495
14,KACTL,114,0.766230
14,simd-v0,114,0.135948
14,ours-406478,115,0.078305
14,KACTL,115,0.761479
14,simd-v0,115,0.136104
14,393435,115,0.097664
14,KACTL,116,0.764075
14,simd-v0,116,0.136008
14,393435,116,0.097453
14,ours-406478,116,0.078699
14,simd-v0,117,0.135832
14,393435,117,0.097371
14,ours-406478,117,0.085146
14,KACTL,117,0.753672
14,393435,118,0.097860
14,ours-406478,118,0.088166
14,KACTL,118,0.803110
14,simd-v0,118,0.145415
14,ours-406478,119,0.090272
14,KACTL,119,0.807898
14,simd-v0,119,0.152282
14,393435,119,0.104166
14,KACTL,120,0.796979
14,simd-v0,120,0.148386
14,393435,120,0.101439
14,ours-406478,120,0.085123
14,simd-v0,121,0.145733
14,393435,121,0.105233
14,ours-406478,121,0.086921
14,KACTL,121,0.784965
14,393435,122,0.105269
14,ours-406478,122,0.087388
14,KACTL,122,0.789846
14,simd-v0,122,0.145992
14,ours-406478,123,0.087434
14,KACTL,123,0.787489
14,simd-v0,123,0.145782
14,393435,123,0.105177
14,KACTL,124,0.789964
14,simd-v0,124,0.141813
14,393435,124,0.101444
14,ours-406478,124,0.085459
14,simd-v0,125,0.152340
14,393435,125,0.104171
14,ours-406478,125,0.084048
14,KACTL,125,0.810947
14,393435,126,0.104192
14,ours-406478,126,0.083471
14,KACTL,126,0.818040
14,simd-v0,126,0.145254
14,ours-406478,127,0.081676
14,KACTL,127,0.760462
14,simd-v0,127,0.168832
14,393435,127,0.104690
14,KACTL,128,0.777674
14,simd-v0,128,0.140108
14,393435,128,0.101643
14,ours-406478,128,0.081667
14,simd-v0,129,0.139946
14,393435,129,0.101609
14,ours-406478,129,0.081487
14,KACTL,129,0.761882
14,393435,130,0.101602
14,ours-406478,130,0.077446
14,KACTL,130,0.764665
14,simd-v0,130,0.140008
14,ours-406478,131,0.081544
14,KACTL,131,0.766904
14,simd-v0,131,0.140931
14,393435,131,0.114503
14,KACTL,132,0.810784
14,simd-v0,132,0.140702
14,393435,132,0.100719
14,ours-406478,132,0.088463
14,simd-v0,133,0.140538
14,393435,133,0.100707
14,ours-406478,133,0.081335
14,KACTL,133,0.786666
14,393435,134,0.100716
14,ours-406478,134,0.081340
14,KACTL,134,0.788743
14,simd-v0,134,0.138309
14,ours-406478,135,0.085843
14,KACTL,135,0.801407
14,simd-v0,135,0.140615
14,393435,135,0.100743
14,KACTL,136,0.789258
14,simd-v0,136,0.135941
14,393435,136,0.097514
14,ours-406478,136,0.079873
14,simd-v0,137,0.140868
14,393435,137,0.097409
14,ours-406478,137,0.078710
14,KACTL,137,0.779323
14,393435,138,0.097536
14,ours-406478,138,0.078400
14,KACTL,138,0.765893
14,simd-v0,138,0.135855
14,ours-406478,139,0.078365
14,KACTL,139,0.761584
14,simd-v0,139,0.137967
14,393435,139,0.100760
14,KACTL,140,0.826580
14,simd-v0,140,0.153065
14,393435,140,0.100767
14,ours-406478,140,0.088340
14,simd-v0,141,0.140260
14,393435,141,0.103127
14,ours-406478,141,0.082177
14,KACTL,141,0.838473
14,393435,142,0.100877
14,ours-406478,142,0.081636
14,KACTL,142,0.792989
14,simd-v0,142,0.138516
14,ours-406478,143,0.086913
14,KACTL,143,0.786397
14,simd-v0,143,0.140278
14,393435,143,0.100757
14,KACTL,144,0.790624
14,simd-v0,144,0.140499
14,393435,144,0.100608
14,ours-406478,144,0.080218
14,simd-v0,145,0.135853
14,393435,145,0.097397
14,ours-406478,145,0.079731
14,KACTL,145,0.800575
14,393435,146,0.104248
14,ours-406478,146,0.083451
14,KACTL,146,0.810702
14,simd-v0,146,0.141767
14,ours-406478,147,0.092812
14,KACTL,147,0.805261
14,simd-v0,147,0.145220
14,393435,147,0.111724
14,KACTL,148,0.815215
14,simd-v0,148,0.161912
14,393435,148,0.103796
14,ours-406478,148,0.080765
14,simd-v0,149,0.140490
14,393435,149,0.100724
14,ours-406478,149,0.081355
14,KACTL,149,0.789373
14,393435,150,0.100785
14,ours-406478,150,0.080968
14,KACTL,150,0.792382
14,simd-v0,150,0.137132
14,ours-406478,151,0.082958
14,KACTL,151,0.804298
14,simd-v0,151,0.140402
14,393435,151,0.100753
14,KACTL,152,0.801909
14,simd-v0,152,0.145241
14,393435,152,0.104248
14,ours-406478,152,0.084318
14,simd-v0,153,0.151637
14,393435,153,0.103898
14,ours-406478,153,0.083350
14,KACTL,153,0.817526
14,393435,154,0.100721
14,ours-406478,154,0.080856
14,KACTL,154,0.789469
14,simd-v0,154,0.140698
14,ours-406478,155,0.080703
14,KACTL,155,0.785670
14,simd-v0,155,0.140429
14,393435,155,0.101596
14,KACTL,156,0.762260
14,simd-v0,156,0.135886
14,393435,156,0.097414
14,ours-406478,156,0.078431
14,simd-v0,157,0.135844
14,393435,157,0.097560
14,ours-406478,157,0.078955
14,KACTL,157,0.760168
14,393435,158,0.097441
14,ours-406478,158,0.078708
14,KACTL,158,0.766275
14,simd-v0,158,0.136099
14,ours-406478,159,0.078765
14,KACTL,159,0.809776
14,simd-v0,159,0.145538
14,393435,159,0.108993
14,KACTL,160,0.842824
14,simd-v0,160,0.145422
14,393435,160,0.104183
14,ours-406478,160,0.083874
14,simd-v0,161,0.152217
14,393435,161,0.104213
14,ours-406478,161,0.083893
14,KACTL,161,0.803152
14,393435,162,0.101343
14,ours-406478,162,0.086251
14,KACTL,162,0.789523
14,simd-v0,162,0.145750
14,ours-406478,163,0.087060
14,KACTL,163,0.840901
14,simd-v0,163,0.145825
14,393435,163,0.105383
14,KACTL,164,0.788196
14,simd-v0,164,0.145890
14,393435,164,0.105192
14,ours-406478,164,0.087314
14,simd-v0,165,0.145556
14,393435,165,0.105188
14,ours-406478,165,0.086110
14,KACTL,165,0.788887
14,393435,166,0.101337
14,ours-406478,166,0.085274
14,KACTL,166,0.793453
14,simd-v0,166,0.136001
14,ours-406478,167,0.078545
14,KACTL,167,0.762989
14,simd-v0,167,0.135834
14,393435,167,0.104227
14,KACTL,168,0.758149
14,simd-v0,168,0.136009
14,393435,168,0.103992
14,ours-406478,168,0.078295
14,simd-v0,169,0.136046
14,393435,169,0.097491
14,ours-406478,169,0.078608
14,KACTL,169,0.760042
14,393435,170,0.097629
14,ours-406478,170,0.078267
14,KACTL,170,0.763776
14,simd-v0,170,0.136216
14,ours-406478,171,0.078987
14,KACTL,171,0.759641
14,simd-v0,171,0.135936
14,393435,171,0.097688
14,KACTL,172,0.762918
14,simd-v0,172,0.135837
14,393435,172,0.097437
14,ours-406478,172,0.078773
14,simd-v0,173,0.135879
14,393435,173,0.098627
14,ours-406478,173,0.081271
14,KACTL,173,0.789778
14,393435,174,0.100785
14,ours-406478,174,0.080931
14,KACTL,174,0.788737
14,simd-v0,174,0.145255
14,ours-406478,175,0.083871
14,KACTL,175,0.816941
14,simd-v0,175,0.145434
14,393435,175,0.104174
14,KACTL,176,0.820221
14,simd-v0,176,0.145513
14,393435,176,0.110947
14,ours-406478,176,0.083758
14,simd-v0,177,0.142742
14,393435,177,0.102754
14,ours-406478,177,0.088213
14,KACTL,177,0.802399
14,393435,178,0.105211
14,ours-406478,178,0.087156
14,KACTL,178,0.791647
14,simd-v0,178,0.146017
14,ours-406478,179,0.086997
14,KACTL,179,0.785247
14,simd-v0,179,0.145825
14,393435,179,0.103651
14,KACTL,180,0.770727
14,simd-v0,180,0.140519
14,393435,180,0.100735
14,ours-406478,180,0.081087
14,simd-v0,181,0.140410
14,393435,181,0.100830
14,ours-406478,181,0.085997
14,KACTL,181,0.754016
14,393435,182,0.097495
14,ours-406478,182,0.078417
14,KACTL,182,0.766107
14,simd-v0,182,0.135978
14,ours-406478,183,0.079059
14,KACTL,183,0.761870
14,simd-v0,183,0.135963
14,393435,183,0.097519
14,KACTL,184,0.762906
14,simd-v0,184,0.135905
14,393435,184,0.097530
14,ours-406478,184,0.084670
14,simd-v0,185,0.136017
14,393435,185,0.100372
14,ours-406478,185,0.078618
14,KACTL,185,0.759640
14,393435,186,0.097552
14,ours-406478,186,0.078801
14,KACTL,186,0.763303
14,simd-v0,186,0.136139
14,ours-406478,187,0.078580
14,KACTL,187,0.759895
14,simd-v0,187,0.136082
14,393435,187,0.097450
14,KACTL,188,0.785351
14,simd-v0,188,0.145247
14,393435,188,0.104162
14,ours-406478,188,0.083734
14,simd-v0,189,0.145147
14,393435,189,0.104235
14,ours-406478,189,0.084478
14,KACTL,189,0.813655
14,393435,190,0.104155
14,ours-406478,190,0.084255
14,KACTL,190,0.815733
14,simd-v0,190,0.145372
14,ours-406478,191,0.084129
14,KACTL,191,0.786805
14,simd-v0,191,0.136992
14,393435,191,0.098083
14,KACTL,192,0.764472
14,simd-v0,192,0.137179
14,393435,192,0.098256
14,ours-406478,192,0.088678
14,simd-v0,193,0.140514
14,393435,193,0.100740
14,ours-406478,193,0.081090
14,KACTL,193,0.776176
14,393435,194,0.100448
14,ours-406478,194,0.078724
14,KACTL,194,0.763507
14,simd-v0,194,0.136280
14,ours-406478,195,0.078619
14,KACTL,195,0.759602
14,simd-v0,195,0.135889
14,393435,195,0.097460
14,KACTL,196,0.762242
14,simd-v0,196,0.135965
14,393435,196,0.097378
14,ours-406478,196,0.078863
14,simd-v0,197,0.135923
14,393435,197,0.097506
14,ours-406478,197,0.078652
14,KACTL,197,0.762926
14,393435,198,0.097525
14,ours-406478,198,0.078394
14,KACTL,198,0.764466
14,simd-v0,198,0.140092
14,ours-406478,199,0.081550
14,KACTL,199,0.761582
14,simd-v0,199,0.140097
14,393435,199,0.101616
14,KACTL,200,0.764589
14,simd-v0,200,0.140163
14,393435,200,0.101495
14,ours-406478,200,0.081545
14,simd-v0,201,0.148607
14,393435,201,0.101609
14,ours-406478,201,0.081727
14,KACTL,201,0.754797
14,393435,202,0.101699
14,ours-406478,202,0.077538
14,KACTL,202,0.820178
14,simd-v0,202,0.150547
14,ours-406478,203,0.089045
14,KACTL,203,0.828861
14,simd-v0,203,0.145547
14,393435,203,0.105213
14,KACTL,204,0.789375
14,simd-v0,204,0.145752
14,393435,204,0.105240
14,ours-406478,204,0.086790
14,simd-v0,205,0.145868
14,393435,205,0.105244
14,ours-406478,205,0.084787
14,KACTL,205,0.788470
14,393435,206,0.101387
14,ours-406478,206,0.086322
14,KACTL,206,0.816150
14,simd-v0,206,0.145280
14,ours-406478,207,0.083846
14,KACTL,207,0.833028
14,simd-v0,207,0.145472
14,393435,207,0.111490
14,KACTL,208,0.792669
14,simd-v0,208,0.140626
14,393435,208,0.107355
14,ours-406478,208,0.081333
14,simd-v0,209,0.140452
14,393435,209,0.100711
14,ours-406478,209,0.081466
14,KACTL,209,0.782591
14,393435,210,0.097650
14,ours-406478,210,0.078457
14,KACTL,210,0.763386
14,simd-v0,210,0.136016
14,ours-406478,211,0.078759
14,KACTL,211,0.761358
14,simd-v0,211,0.139985
14,393435,211,0.101584
14,KACTL,212,0.763980
14,simd-v0,212,0.140249
14,393435,212,0.101583
14,ours-406478,212,0.080812
14,simd-v0,213,0.135007
14,393435,213,0.097280
14,ours-406478,213,0.075814
14,KACTL,213,0.761658
14,393435,214,0.097946
14,ours-406478,214,0.081556
14,KACTL,214,0.764543
14,simd-v0,214,0.140141
14,ours-406478,215,0.081527
14,KACTL,215,0.762037
14,simd-v0,215,0.135742
14,393435,215,0.097496
14,KACTL,216,0.766635
14,simd-v0,216,0.135917
14,393435,216,0.101662
14,ours-406478,216,0.088485
14,simd-v0,217,0.140691
14,393435,217,0.101821
14,ours-406478,217,0.083460
14,KACTL,217,0.784569
14,393435,218,0.105264
14,ours-406478,218,0.087260
14,KACTL,218,0.787920
14,simd-v0,218,0.141720
14,ours-406478,219,0.085323
14,KACTL,219,0.812555
14,simd-v0,219,0.145342
14,393435,219,0.104254
14,KACTL,220,0.813205
14,simd-v0,220,0.145098
14,393435,220,0.103845
14,ours-406478,220,0.083131
14,simd-v0,221,0.145084
14,393435,221,0.103833
14,ours-406478,221,0.083227
14,KACTL,221,0.825025
14,393435,222,0.108016
14,ours-406478,222,0.093902
14,KACTL,222,0.798499
14,simd-v0,222,0.137016
14,ours-406478,223,0.088340
14,KACTL,223,0.778801
14,simd-v0,223,0.139339
14,393435,223,0.103998
14,KACTL,224,0.757926
14,simd-v0,224,0.142443
14,393435,224,0.097557
14,ours-406478,224,0.078622
14,simd-v0,225,0.135999
14,393435,225,0.097552
14,ours-406478,225,0.078539
14,KACTL,225,0.759054
14,393435,226,0.101675
14,ours-406478,226,0.081539
14,KACTL,226,0.763726
14,simd-v0,226,0.139989
14,ours-406478,227,0.081605
14,KACTL,227,0.760309
14,simd-v0,227,0.135045
14,393435,227,0.097314
14,KACTL,228,0.762504
14,simd-v0,228,0.139937
14,393435,228,0.101517
14,ours-406478,228,0.081568
14,simd-v0,229,0.140008
14,393435,229,0.101635
14,ours-406478,229,0.081471
14,KACTL,229,0.771119
14,393435,230,0.104250
14,ours-406478,230,0.083375
14,KACTL,230,0.804220
14,simd-v0,230,0.146127
14,ours-406478,231,0.087057
14,KACTL,231,0.785301
14,simd-v0,231,0.145685
14,393435,231,0.114431
14,KACTL,232,0.783802
14,simd-v0,232,0.145726
14,393435,232,0.114165
14,ours-406478,232,0.087159
14,simd-v0,233,0.145784
14,393435,233,0.103360
14,ours-406478,233,0.085241
14,KACTL,233,0.860238
14,393435,234,0.104087
14,ours-406478,234,0.083705
14,KACTL,234,0.824148
14,simd-v0,234,0.145572
14,ours-406478,235,0.083519
14,KACTL,235,0.816382
14,simd-v0,235,0.145176
14,393435,235,0.104081
14,KACTL,236,0.770592
14,simd-v0,236,0.136186
14,393435,236,0.097527
14,ours-406478,236,0.078585
14,simd-v0,237,0.142232
14,393435,237,0.097552
14,ours-406478,237,0.078407
14,KACTL,237,0.753614
14,393435,238,0.104994
14,ours-406478,238,0.078396
14,KACTL,238,0.759845
14,simd-v0,238,0.142488
14,ours-406478,239,0.078081
14,KACTL,239,0.755068
14,simd-v0,239,0.149430
14,393435,239,0.101601
14,KACTL,240,0.757525
14,simd-v0,240,0.148999
14,393435,240,0.101495
14,ours-406478,240,0.081603
14,simd-v0,241,0.140048
14,393435,241,0.101564
14,ours-406478,241,0.081596
14,KACTL,241,0.762274
14,393435,242,0.101787
14,ours-406478,242,0.077504
14,KACTL,242,0.767925
14,simd-v0,242,0.140153
14,ours-406478,243,0.081555
14,KACTL,243,0.766438
14,simd-v0,243,0.140488
14,393435,243,0.100772
14,KACTL,244,0.782131
14,simd-v0,244,0.145650
14,393435,244,0.105116
14,ours-406478,244,0.087369
14,simd-v0,245,0.145625
14,393435,245,0.114441
14,ours-406478,245,0.087047
14,KACTL,245,0.778096
14,393435,246,0.114144
14,ours-406478,246,0.087089
14,KACTL,246,0.781786
14,simd-v0,246,0.148289
14,ours-406478,247,0.084666
14,KACTL,247,0.809735
14,simd-v0,247,0.152085
14,393435,247,0.104200
14,KACTL,248,0.814808
14,simd-v0,248,0.145139
14,393435,248,0.104081
14,ours-406478,248,0.084241
14,simd-v0,249,0.145373
14,393435,249,0.104150
14,ours-406478,249,0.084080
14,KACTL,249,0.811514
14,393435,250,0.104163
14,ours-406478,250,0.083998
14,KACTL,250,0.803530
14,simd-v0,250,0.141530
14,ours-406478,251,0.085380
14,KACTL,251,0.783964
14,simd-v0,251,0.136022
14,393435,251,0.097454
14,KACTL,252,0.765309
14,simd-v0,252,0.139227
14,393435,252,0.101462
14,ours-406478,252,0.081550
14,simd-v0,253,0.152573
14,393435,253,0.097374
14,ours-406478,253,0.074981
14,KACTL,253,0.762095
14,393435,254,0.101718
14,ours-406478,254,0.081434
14,KACTL,254,0.770544
14,simd-v0,254,0.145064
14,ours-406478,255,0.084285
14,KACTL,255,0.784646
14,simd-v0,255,0.150155
14,393435,255,0.105103
14,KACTL,256,0.789442
14,simd-v0,256,0.140475
14,393435,256,0.100637
14,ours-406478,256,0.081078
14,simd-v0,257,0.142305
14,393435,257,0.103826
14,ours-406478,257,0.083259
14,KACTL,257,0.857239
14,393435,258,0.104282
14,ours-406478,258,0.083916
14,KACTL,258,0.800304
14,simd-v0,258,0.145982
14,ours-406478,259,0.087336
14,KACTL,259,0.787680
14,simd-v0,259,0.143191
14,393435,259,0.101430
14,KACTL,260,0.789228
14,simd-v0,260,0.141740
14,393435,260,0.108341
14,ours-406478,260,0.084829
14,simd-v0,261,0.146010
14,393435,261,0.105225
14,ours-406478,261,0.087255
14,KACTL,261,0.788174
14,393435,262,0.105286
14,ours-406478,262,0.087000
14,KACTL,262,0.802546
14,simd-v0,262,0.145823
14,ours-406478,263,0.087298
14,KACTL,263,0.787258
14,simd-v0,263,0.145895
14,393435,263,0.105173
14,KACTL,264,0.788615
14,simd-v0,264,0.142410
14,393435,264,0.098092
14,ours-406478,264,0.083892
14,simd-v0,265,0.140973
14,393435,265,0.101827
14,ours-406478,265,0.089092
14,KACTL,265,0.779167
14,393435,266,0.097451
14,ours-406478,266,0.084711
14,KACTL,266,0.756814
14,simd-v0,266,0.140169
14,ours-406478,267,0.092366
14,KACTL,267,0.755861
14,simd-v0,267,0.134960
14,393435,267,0.103966
14,KACTL,268,0.758476
14,simd-v0,268,0.135032
14,393435,268,0.104070
14,ours-406478,268,0.075916
14,simd-v0,269,0.135000
14,393435,269,0.097321
14,ours-406478,269,0.075630
14,KACTL,269,0.762135
14,393435,270,0.097369
14,ours-406478,270,0.075775
14,KACTL,270,0.765796
14,simd-v0,270,0.144473
14,ours-406478,271,0.086968
14,KACTL,271,0.805414
14,simd-v0,271,0.149703
14,393435,271,0.108913
14,KACTL,272,0.808041
14,simd-v0,272,0.149842
14,393435,272,0.108777
14,ours-406478,272,0.088434
14,simd-v0,273,0.150039
14,393435,273,0.108770
14,ours-406478,273,0.096269
14,KACTL,273,0.784165
14,393435,274,0.105266
14,ours-406478,274,0.092262
14,KACTL,274,0.781081
14,simd-v0,274,0.155454
14,ours-406478,275,0.087091
14,KACTL,275,0.779511
14,simd-v0,275,0.154344
14,393435,275,0.105233
14,KACTL,276,0.781880
14,simd-v0,276,0.154595
14,393435,276,0.105222
14,ours-406478,276,0.091062
14,simd-v0,277,0.145425
14,393435,277,0.105169
14,ours-406478,277,0.086951
14,KACTL,277,0.787592
14,393435,278,0.105209
14,ours-406478,278,0.086667
14,KACTL,278,0.792200
14,simd-v0,278,0.145798
14,ours-406478,279,0.087123
14,KACTL,279,0.796261
14,simd-v0,279,0.140626
14,393435,279,0.100885
14,KACTL,280,0.786456
14,simd-v0,280,0.136119
14,393435,280,0.097453
14,ours-406478,280,0.078669
14,simd-v0,281,0.142672
14,393435,281,0.097538
14,ours-406478,281,0.079346
14,KACTL,281,0.788693
14,393435,282,0.103802
14,ours-406478,282,0.084830
14,KACTL,282,0.814696
14,simd-v0,282,0.145452
14,ours-406478,283,0.084470
14,KACTL,283,0.788163
14,simd-v0,283,0.145711
14,393435,283,0.105118
14,KACTL,284,0.790658
14,simd-v0,284,0.141531
14,393435,284,0.101418
14,ours-406478,284,0.086261
14,simd-v0,285,0.145709
14,393435,285,0.105181
14,ours-406478,285,0.087786
14,KACTL,285,0.788630
14,393435,286,0.105307
14,ours-406478,286,0.087120
14,KACTL,286,0.788708
14,simd-v0,286,0.145857
14,ours-406478,287,0.087341
14,KACTL,287,0.787366
14,simd-v0,287,0.145883
14,393435,287,0.105221
14,KACTL,288,0.790701
14,simd-v0,288,0.141607
14,393435,288,0.101239
14,ours-406478,288,0.085374
14,simd-v0,289,0.145224
14,393435,289,0.104116
14,ours-406478,289,0.083673
14,KACTL,289,0.813023
14,393435,290,0.103904
14,ours-406478,290,0.083143
14,KACTL,290,0.818037
14,simd-v0,290,0.145296
14,ours-406478,291,0.083811
14,KACTL,291,0.821934
14,simd-v0,291,0.140640
14,393435,291,0.100763
14,KACTL,292,0.786570
14,simd-v0,292,0.140433
14,393435,292,0.100623
14,ours-406478,292,0.082083
14,simd-v0,293,0.136022
14,393435,293,0.097409
14,ours-406478,293,0.086083
14,KACTL,293,0.756566
14,393435,294,0.101657
14,ours-406478,294,0.090326
14,KACTL,294,0.755778
14,simd-v0,294,0.134955
14,ours-406478,295,0.082423
14,KACTL,295,0.755937
14,simd-v0,295,0.139937
14,393435,295,0.110499
14,KACTL,296,0.756109
14,simd-v0,296,0.139885
14,393435,296,0.110365
14,ours-406478,296,0.081530
14,simd-v0,297,0.138626
14,393435,297,0.097400
14,ours-406478,297,0.077743
14,KACTL,297,0.784298
14,393435,298,0.104243
14,ours-406478,298,0.083135
14,KACTL,298,0.815230
14,simd-v0,298,0.145048
14,ours-406478,299,0.083689
14,KACTL,299,0.815998
14,simd-v0,299,0.145203
14,393435,299,0.105067
14,KACTL,300,0.789663
14,simd-v0,300,0.139718
14,393435,300,0.098238
14,ours-406478,300,0.083476
14,simd-v0,301,0.141502
14,393435,301,0.101818
14,ours-406478,301,0.083930
14,KACTL,301,0.794346
14,393435,302,0.100781
14,ours-406478,302,0.081303
14,KACTL,302,0.782102
14,simd-v0,302,0.147511
14,ours-406478,303,0.081033
14,KACTL,303,0.782213
14,simd-v0,303,0.146976
14,393435,303,0.100777
14,KACTL,304,0.777077
14,simd-v0,304,0.143586
14,393435,304,0.098012
14,ours-406478,304,0.082546
14,simd-v0,305,0.140959
14,393435,305,0.101626
14,ours-406478,305,0.084244
14,KACTL,305,0.776619
14,393435,306,0.097504
14,ours-406478,306,0.078340
14,KACTL,306,0.764271
14,simd-v0,306,0.136070
14,ours-406478,307,0.078787
14,KACTL,307,0.762153
14,simd-v0,307,0.139982
14,393435,307,0.101934
14,KACTL,308,0.764150
14,simd-v0,308,0.140296
14,393435,308,0.101528
14,ours-406478,308,0.082044
14,simd-v0,309,0.134970
14,393435,309,0.097341
14,ours-406478,309,0.106987
14,KACTL,309,0.933284
14,393435,310,0.098174
14,ours-406478,310,0.076575
14,KACTL,310,0.756983
14,simd-v0,310,0.143162
14,ours-406478,311,0.076054
14,KACTL,311,0.754632
14,simd-v0,311,0.148840
14,393435,311,0.101726
14,KACTL,312,0.790481
14,simd-v0,312,0.149839
14,393435,312,0.108797
14,ours-406478,312,0.087163
14,simd-v0,313,0.149927
14,393435,313,0.108809
14,ours-406478,313,0.087198
14,KACTL,313,0.788773
14,393435,314,0.108680
14,ours-406478,314,0.085721
14,KACTL,314,0.790268
14,simd-v0,314,0.151099
14,ours-406478,315,0.090294
14,KACTL,315,0.783589
14,simd-v0,315,0.140916
14,393435,315,0.101868
14,KACTL,316,0.768574
14,simd-v0,316,0.141048
14,393435,316,0.101675
14,ours-406478,316,0.081030
14,simd-v0,317,0.148303
14,393435,317,0.101872
14,ours-406478,317,0.078355
14,KACTL,317,0.761733
14,393435,318,0.097475
14,ours-406478,318,0.078947
14,KACTL,318,0.763169
14,simd-v0,318,0.136054
14,ours-406478,319,0.078633
14,KACTL,319,0.771576
14,simd-v0,319,0.140400
14,393435,319,0.100695
14,KACTL,320,0.797150
14,simd-v0,320,0.140356
14,393435,320,0.100653
14,ours-406478,320,0.079649
14,simd-v0,321,0.135928
14,393435,321,0.097433
14,ours-406478,321,0.078300
14,KACTL,321,0.762209
14,393435,322,0.097419
14,ours-406478,322,0.078788
14,KACTL,322,0.762420
14,simd-v0,322,0.135936
14,ours-406478,323,0.078659
14,KACTL,323,0.783319
14,simd-v0,323,0.136089
14,393435,323,0.097438
14,KACTL,324,0.765205
14,simd-v0,324,0.135904
14,393435,324,0.097550
14,ours-406478,324,0.078909
14,simd-v0,325,0.135986
14,393435,325,0.104217
14,ours-406478,325,0.080601
14,KACTL,325,0.808329
14,393435,326,0.110565
14,ours-406478,326,0.090790
14,KACTL,326,0.808258
14,simd-v0,326,0.152005
14,ours-406478,327,0.083605
14,KACTL,327,0.813584
14,simd-v0,327,0.145803
14,393435,327,0.105194
14,KACTL,328,0.788699
14,simd-v0,328,0.145933
14,393435,328,0.105191
14,ours-406478,328,0.087035
14,simd-v0,329,0.145766
14,393435,329,0.105160
14,ours-406478,329,0.087111
14,KACTL,329,0.788990
14,393435,330,0.101306
14,ours-406478,330,0.085198
14,KACTL,330,0.831908
14,simd-v0,330,0.145523
14,ours-406478,331,0.083832
14,KACTL,331,0.814637
14,simd-v0,331,0.145085
14,393435,331,0.103902
14,KACTL,332,0.861748
14,simd-v0,332,0.145481
14,393435,332,0.111336
14,ours-406478,332,0.083775
14,simd-v0,333,0.145186
14,393435,333,0.116815
14,ours-406478,333,0.083381
14,KACTL,333,0.798316
14,393435,334,0.101294
14,ours-406478,334,0.085426
14,KACTL,334,0.790207
14,simd-v0,334,0.145851
14,ours-406478,335,0.087219
14,KACTL,335,0.787955
14,simd-v0,335,0.145746
14,393435,335,0.105199
14,KACTL,336,0.787418
14,simd-v0,336,0.145641
14,393435,336,0.105238
14,ours-406478,336,0.087102
14,simd-v0,337,0.145624
14,393435,337,0.138982
14,ours-406478,337,0.087348
14,KACTL,337,0.781697
14,393435,338,0.109011
14,ours-406478,338,0.085347
14,KACTL,338,0.780497
14,simd-v0,338,0.155113
14,ours-406478,339,0.086938
14,KACTL,339,0.786196
14,simd-v0,339,0.145783
14,393435,339,0.105168
14,KACTL,340,0.787616
14,simd-v0,340,0.145959
14,393435,340,0.105119
14,ours-406478,340,0.094198
14,simd-v0,341,0.145711
14,393435,341,0.105149
14,ours-406478,341,0.087408
14,KACTL,341,0.788825
14,393435,342,0.101389
14,ours-406478,342,0.085168
14,KACTL,342,0.815296
14,simd-v0,342,0.145332
14,ours-406478,343,0.084053
14,KACTL,343,0.817706
14,simd-v0,343,0.145305
14,393435,343,0.104225
14,KACTL,344,0.811932
14,simd-v0,344,0.140510
14,393435,344,0.110665
14,ours-406478,344,0.084116
14,simd-v0,345,0.141742
14,393435,345,0.101931
14,ours-406478,345,0.084164
14,KACTL,345,0.778684
14,393435,346,0.101492
14,ours-406478,346,0.087006
14,KACTL,346,0.788614
14,simd-v0,346,0.150937
14,ours-406478,347,0.088960
14,KACTL,347,0.790508
14,simd-v0,347,0.145799
14,393435,347,0.105164
14,KACTL,348,0.789600
14,simd-v0,348,0.141225
14,393435,348,0.101681
14,ours-406478,348,0.084660
14,simd-v0,349,0.140799
14,393435,349,0.101728
14,ours-406478,349,0.101499
14,KACTL,349,0.772282
14,393435,350,0.101830
14,ours-406478,350,0.092974
14,KACTL,350,0.758798
14,simd-v0,350,0.136039
14,ours-406478,351,0.085931
14,KACTL,351,0.755005
14,simd-v0,351,0.135959
14,393435,351,0.103689
14,KACTL,352,0.797911
14,simd-v0,352,0.140962
14,393435,352,0.107803
14,ours-406478,352,0.081279
14,simd-v0,353,0.140320
14,393435,353,0.100651
14,ours-406478,353,0.081055
14,KACTL,353,0.766570
14,393435,354,0.098179
14,ours-406478,354,0.082438
14,KACTL,354,0.787794
14,simd-v0,354,0.140615
14,ours-406478,355,0.081177
14,KACTL,355,0.767230
14,simd-v0,355,0.135875
14,393435,355,0.097508
14,KACTL,356,0.762756
14,simd-v0,356,0.136068
14,393435,356,0.097440
14,ours-406478,356,0.078620
14,simd-v0,357,0.135988
14,393435,357,0.097328
14,ours-406478,357,0.078724
14,KACTL,357,0.764104
14,393435,358,0.097493
14,ours-406478,358,0.078406
14,KACTL,358,0.764993
14,simd-v0,358,0.135995
14,ours-406478,359,0.078754
14,KACTL,359,0.761017
14,simd-v0,359,0.135883
14,393435,359,0.097471
14,KACTL,360,0.763797
14,simd-v0,360,0.136102
14,393435,360,0.097475
14,ours-406478,360,0.078536
14,simd-v0,361,0.142579
14,393435,361,0.100551
14,ours-406478,361,0.078724
14,KACTL,361,0.769876
14,393435,362,0.101770
14,ours-406478,362,0.084334
14,KACTL,362,0.795928
14,simd-v0,362,0.136357
14,ours-406478,363,0.078628
14,KACTL,363,0.761474
14,simd-v0,363,0.136064
14,393435,363,0.097528
14,KACTL,364,0.765740
14,simd-v0,364,0.140579
14,393435,364,0.100607
14,ours-406478,364,0.080969
14,simd-v0,365,0.140282
14,393435,365,0.100672
14,ours-406478,365,0.081191
14,KACTL,365,0.779367
14,393435,366,0.098188
14,ours-406478,366,0.083219
14,KACTL,366,0.799249
14,simd-v0,366,0.145473
14,ours-406478,367,0.084062
14,KACTL,367,0.816247
14,simd-v0,367,0.145426
14,393435,367,0.104228
14,KACTL,368,0.817745
14,simd-v0,368,0.145250
14,393435,368,0.103798
14,ours-406478,368,0.089532
14,simd-v0,369,0.145231
14,393435,369,0.103926
14,ours-406478,369,0.083449
14,KACTL,369,0.804089
14,393435,370,0.101202
14,ours-406478,370,0.085379
14,KACTL,370,0.816515
14,simd-v0,370,0.145413
14,ours-406478,371,0.083391
14,KACTL,371,0.814493
14,simd-v0,371,0.145329
14,393435,371,0.103742
14,KACTL,372,0.816292
14,simd-v0,372,0.145203
14,393435,372,0.103502
14,ours-406478,372,0.083754
14,simd-v0,373,0.145219
14,393435,373,0.103523
14,ours-406478,373,0.083209
14,KACTL,373,0.792508
14,393435,374,0.101412
14,ours-406478,374,0.092602
14,KACTL,374,0.781547
14,simd-v0,374,0.154849
14,ours-406478,375,0.087002
14,KACTL,375,0.780045
14,simd-v0,375,0.154481
14,393435,375,0.105301
14,KACTL,376,0.781751
14,simd-v0,376,0.154666
14,393435,376,0.105135
14,ours-406478,376,0.087465
14,simd-v0,377,0.145575
14,393435,377,0.105116
14,ours-406478,377,0.086514
14,KACTL,377,0.789149
14,393435,378,0.097435
14,ours-406478,378,0.078672
14,KACTL,378,0.783922
14,simd-v0,378,0.136152
14,ours-406478,379,0.078740
14,KACTL,379,0.761937
14,simd-v0,379,0.135967
14,393435,379,0.097540
14,KACTL,380,0.777682
14,simd-v0,380,0.140538
14,393435,380,0.100711
14,ours-406478,380,0.081194
14,simd-v0,381,0.140406
14,393435,381,0.107540
14,ours-406478,381,0.081151
14,KACTL,381,0.759443
14,393435,382,0.110572
14,ours-406478,382,0.081599
14,KACTL,382,0.757066
14,simd-v0,382,0.149030
14,ours-406478,383,0.081479
14,KACTL,383,0.773609
14,simd-v0,383,0.153496
14,393435,383,0.104892
14,KACTL,384,0.782903
14,simd-v0,384,0.150989
14,393435,384,0.103644
14,ours-406478,384,0.080374
14,simd-v0,385,0.144778
14,393435,385,0.105018
14,ours-406478,385,0.084286
14,KACTL,385,0.762217
14,393435,386,0.101741
14,ours-406478,386,0.084660
14,KACTL,386,0.779279
14,simd-v0,386,0.135971
14,ours-406478,387,0.078748
14,KACTL,387,0.764718
14,simd-v0,387,0.135917
14,393435,387,0.097509
14,KACTL,388,0.764020
14,simd-v0,388,0.135945
14,393435,388,0.097490
14,ours-406478,388,0.078374
14,simd-v0,389,0.135854
14,393435,389,0.104102
14,ours-406478,389,0.078861
14,KACTL,389,0.753321
14,393435,390,0.097443
14,ours-406478,390,0.084900
14,KACTL,390,0.755362
14,simd-v0,390,0.135875
14,ours-406478,391,0.085420
14,KACTL,391,0.755153
14,simd-v0,391,0.135967
14,393435,391,0.104001
14,KACTL,392,0.758483
14,simd-v0,392,0.135787
14,393435,392,0.117541
14,ours-406478,392,0.078640
14,simd-v0,393,0.135945
14,393435,393,0.097466
14,ours-406478,393,0.078226
14,KACTL,393,0.780102
14,393435,394,0.097422
14,ours-406478,394,0.079004
14,KACTL,394,0.775668
14,simd-v0,394,0.149521
14,ours-406478,395,0.078573
14,KACTL,395,0.801557
14,simd-v0,395,0.136384
14,393435,395,0.104171
14,KACTL,396,0.782164
14,simd-v0,396,0.140449
14,393435,396,0.100825
14,ours-406478,396,0.081377
14,simd-v0,397,0.140456
14,393435,397,0.100706
14,ours-406478,397,0.089940
14,KACTL,397,0.772314
14,393435,398,0.100763
14,ours-406478,398,0.081310
14,KACTL,398,0.768107
14,simd-v0,398,0.136063
14,ours-406478,399,0.078599
14,KACTL,399,0.793323
14,simd-v0,399,0.140463
14,393435,399,0.114623
14,KACTL,400,0.782308
14,simd-v0,400,0.138234
14,393435,400,0.108187
14,ours-406478,400,0.085699
14,simd-v0,401,0.140374
14,393435,401,0.100624
14,ours-406478,401,0.081066
14,KACTL,401,0.788294
14,393435,402,0.101648
14,ours-406478,402,0.078701
14,KACTL,402,0.785927
14,simd-v0,402,0.170480
14,ours-406478,403,0.084701
14,KACTL,403,0.796056
14,simd-v0,403,0.161517
14,393435,403,0.097874
14,KACTL,404,0.794555
14,simd-v0,404,0.136024
14,393435,404,0.097541
14,ours-406478,404,0.078770
14,simd-v0,405,0.148130
14,393435,405,0.105244
14,ours-406478,405,0.078582
14,KACTL,405,0.759456
14,393435,406,0.097586
14,ours-406478,406,0.094252
14,KACTL,406,0.757056
14,simd-v0,406,0.135950
14,ours-406478,407,0.093580
14,KACTL,407,0.756647
14,simd-v0,407,0.135946
14,393435,407,0.104856
14,KACTL,408,0.789823
14,simd-v0,408,0.150243
14,393435,408,0.101801
14,ours-406478,408,0.084367
14,simd-v0,409,0.140874
14,393435,409,0.101647
14,ours-406478,409,0.083940
14,KACTL,409,0.776184
14,393435,410,0.101784
14,ours-406478,410,0.083881
14,KACTL,410,0.789184
14,simd-v0,410,0.145911
14,ours-406478,411,0.087235
14,KACTL,411,0.829248
14,simd-v0,411,0.141781
14,393435,411,0.101504
14,KACTL,412,0.790757
14,simd-v0,412,0.141802
14,393435,412,0.101431
14,ours-406478,412,0.085176
14,simd-v0,413,0.145524
14,393435,413,0.114927
14,ours-406478,413,0.087150
14,KACTL,413,0.780773
14,393435,414,0.134479
14,ours-406478,414,0.088246
14,KACTL,414,0.759824
14,simd-v0,414,0.163615
14,ours-406478,415,0.080474
14,KACTL,415,0.766082
14,simd-v0,415,0.140885
14,393435,415,0.101077
14,KACTL,416,0.811544
14,simd-v0,416,0.142766
14,393435,416,0.102607
14,ours-406478,416,0.088195
14,simd-v0,417,0.145199
14,393435,417,0.104130
14,ours-406478,417,0.083449
14,KACTL,417,0.837872
14,393435,418,0.103945
14,ours-406478,418,0.083394
14,KACTL,418,0.827141
14,simd-v0,418,0.145283
14,ours-406478,419,0.083238
14,KACTL,419,0.802390
14,simd-v0,419,0.152155
14,393435,419,0.100712
14,KACTL,420,0.785030
14,simd-v0,420,0.136149
14,393435,420,0.097103
14,ours-406478,420,0.078385
14,simd-v0,421,0.135801
14,393435,421,0.097082
14,ours-406478,421,0.078094
14,KACTL,421,0.776132
14,393435,422,0.097506
14,ours-406478,422,0.078409
14,KACTL,422,0.763789
14,simd-v0,422,0.139031
14,ours-406478,423,0.078474
14,KACTL,423,0.760874
14,simd-v0,423,0.135916
14,393435,423,0.097532
14,KACTL,424,0.778680
14,simd-v0,424,0.140535
14,393435,424,0.100716
14,ours-406478,424,0.081242
14,simd-v0,425,0.140422
14,393435,425,0.100657
14,ours-406478,425,0.080774
14,KACTL,425,0.765576
14,393435,426,0.097572
14,ours-406478,426,0.078632
14,KACTL,426,0.763247
14,simd-v0,426,0.136099
14,ours-406478,427,0.078870
14,KACTL,427,0.779602
14,simd-v0,427,0.140556
14,393435,427,0.099692
14,KACTL,428,0.803042
14,simd-v0,428,0.138129
14,393435,428,0.099271
14,ours-406478,428,0.085461
14,simd-v0,429,0.147205
14,393435,429,0.100721
14,ours-406478,429,0.081176
14,KACTL,429,0.787022
14,393435,430,0.100670
14,ours-406478,430,0.080984
14,KACTL,430,0.792670
14,simd-v0,430,0.145969
14,ours-406478,431,0.087355
14,KACTL,431,0.788074
14,simd-v0,431,0.151039
14,393435,431,0.101760
14,KACTL,432,0.791898
14,simd-v0,432,0.139877
14,393435,432,0.100127
14,ours-406478,432,0.081366
14,simd-v0,433,0.138384
14,393435,433,0.097452
14,ours-406478,433,0.078296
14,KACTL,433,0.780204
14,393435,434,0.097570
14,ours-406478,434,0.078281
14,KACTL,434,0.763420
14,simd-v0,434,0.136113
14,ours-406478,435,0.078621
14,KACTL,435,0.815815
14,simd-v0,435,0.136183
14,393435,435,0.097525
14,KACTL,436,0.802633
14,simd-v0,436,0.140533
14,393435,436,0.100828
14,ours-406478,436,0.087835
14,simd-v0,437,0.140518
14,393435,437,0.101914
14,ours-406478,437,0.083901
14,KACTL,437,0.802384
14,393435,438,0.100797
14,ours-406478,438,0.081597
14,KACTL,438,0.816391
14,simd-v0,438,0.145138
14,ours-406478,439,0.083946
14,KACTL,439,0.789049
14,simd-v0,439,0.141862
14,393435,439,0.101507
14,KACTL,440,0.789070
14,simd-v0,440,0.141613
14,393435,440,0.101561
14,ours-406478,440,0.085475
14,simd-v0,441,0.145270
14,393435,441,0.104121
14,ours-406478,441,0.083935
14,KACTL,441,0.813832
14,393435,442,0.103822
14,ours-406478,442,0.089806
14,KACTL,442,0.806914
14,simd-v0,442,0.145294
14,ours-406478,443,0.091146
14,KACTL,443,0.807823
14,simd-v0,443,0.151808
14,393435,443,0.103786
14,KACTL,444,0.799032
14,simd-v0,444,0.148680
14,393435,444,0.101495
14,ours-406478,444,0.085686
14,simd-v0,445,0.145628
14,393435,445,0.104241
14,ours-406478,445,0.081294
14,KACTL,445,0.760994
14,393435,446,0.097475
14,ours-406478,446,0.078389
14,KACTL,446,0.762066
14,simd-v0,446,0.136109
14,ours-406478,447,0.078550
14,KACTL,447,0.781860
14,simd-v0,447,0.135995
14,393435,447,0.097493
14,KACTL,448,0.761884
14,simd-v0,448,0.135903
14,393435,448,0.097402
14,ours-406478,448,0.078818
14,simd-v0,449,0.135888
14,393435,449,0.097452
14,ours-406478,449,0.084891
14,KACTL,449,0.760630
14,393435,450,0.099846
14,ours-406478,450,0.090550
14,KACTL,450,0.804238
14,simd-v0,450,0.145416
14,ours-406478,451,0.090436
14,KACTL,451,0.806521
14,simd-v0,451,0.151658
14,393435,451,0.104162
14,KACTL,452,0.794356
14,simd-v0,452,0.148416
14,393435,452,0.101393
14,ours-406478,452,0.085190
14,simd-v0,453,0.145327
14,393435,453,0.104151
14,ours-406478,453,0.084118
14,KACTL,453,0.842994
14,393435,454,0.104303
14,ours-406478,454,0.083854
14,KACTL,454,0.817119
14,simd-v0,454,0.145488
14,ours-406478,455,0.084165
14,KACTL,455,0.814325
14,simd-v0,455,0.145404
14,393435,455,0.104253
14,KACTL,456,0.805688
14,simd-v0,456,0.141559
14,393435,456,0.101461
14,ours-406478,456,0.094450
14,simd-v0,457,0.145918
14,393435,457,0.105189
14,ours-406478,457,0.087301
14,KACTL,457,0.790659
14,393435,458,0.105180
14,ours-406478,458,0.085976
14,KACTL,458,0.787911
14,simd-v0,458,0.145863
14,ours-406478,459,0.087307
14,KACTL,459,0.793278
14,simd-v0,459,0.145740
14,393435,459,0.105216
14,KACTL,460,0.801557
14,simd-v0,460,0.141593
14,393435,460,0.101824
14,ours-406478,460,0.084034
14,simd-v0,461,0.140370
14,393435,461,0.101245
14,ours-406478,461,0.078359
14,KACTL,461,0.763016
14,393435,462,0.097664
14,ours-406478,462,0.078396
14,KACTL,462,0.764174
14,simd-v0,462,0.136311
14,ours-406478,463,0.078457
14,KACTL,463,0.790199
14,simd-v0,463,0.145340
14,393435,463,0.104117
14,KACTL,464,0.787522
14,simd-v0,464,0.141680
14,393435,464,0.108768
14,ours-406478,464,0.085200
14,simd-v0,465,0.145332
14,393435,465,0.104297
14,ours-406478,465,0.083702
14,KACTL,465,0.815745
14,393435,466,0.104206
14,ours-406478,466,0.083796
14,KACTL,466,0.817995
14,simd-v0,466,0.140432
14,ours-406478,467,0.081253
14,KACTL,467,0.792744
14,simd-v0,467,0.145452
14,393435,467,0.104157
14,KACTL,468,0.807360
14,simd-v0,468,0.141538
14,393435,468,0.101336
14,ours-406478,468,0.086059
14,simd-v0,469,0.145760
14,393435,469,0.115067
14,ours-406478,469,0.087148
14,KACTL,469,0.781554
14,393435,470,0.114206
14,ours-406478,470,0.087000
14,KACTL,470,0.781115
14,simd-v0,470,0.155486
14,ours-406478,471,0.087050
14,KACTL,471,0.780312
14,simd-v0,471,0.154847
14,393435,471,0.105282
14,KACTL,472,0.788076
14,simd-v0,472,0.142108
14,393435,472,0.098098
14,ours-406478,472,0.082715
14,simd-v0,473,0.150814
14,393435,473,0.104267
14,ours-406478,473,0.086584
14,KACTL,473,0.844124
14,393435,474,0.106824
14,ours-406478,474,0.084386
14,KACTL,474,0.819310
14,simd-v0,474,0.145462
14,ours-406478,475,0.083455
14,KACTL,475,0.823012
14,simd-v0,475,0.145218
14,393435,475,0.104231
14,KACTL,476,0.804826
14,simd-v0,476,0.141811
14,393435,476,0.101349
14,ours-406478,476,0.108193
14,simd-v0,477,0.145281
14,393435,477,0.103986
14,ours-406478,477,0.083081
14,KACTL,477,0.815161
14,393435,478,0.104261
14,ours-406478,478,0.085864
14,KACTL,478,0.816577
14,simd-v0,478,0.145403
14,ours-406478,479,0.083131
14,KACTL,479,0.814528
14,simd-v0,479,0.145167
14,393435,479,0.104338
14,KACTL,480,0.817037
14,simd-v0,480,0.141575
14,393435,480,0.101490
14,ours-406478,480,0.085784
14,simd-v0,481,0.145209
14,393435,481,0.112018
14,ours-406478,481,0.084052
14,KACTL,481,0.808914
14,393435,482,0.117616
14,ours-406478,482,0.083909
14,KACTL,482,0.807745
14,simd-v0,482,0.152189
14,ours-406478,483,0.083401
14,KACTL,483,0.815400
14,simd-v0,483,0.148284
14,393435,483,0.104288
14,KACTL,484,0.805392
14,simd-v0,484,0.141541
14,393435,484,0.101149
14,ours-406478,484,0.085635
14,simd-v0,485,0.145866
14,393435,485,0.105171
14,ours-406478,485,0.087216
14,KACTL,485,0.789881
14,393435,486,0.104874
14,ours-406478,486,0.084644
14,KACTL,486,0.768128
14,simd-v0,486,0.140555
14,ours-406478,487,0.081333
14,KACTL,487,0.777778
14,simd-v0,487,0.135896
14,393435,487,0.097419
14,KACTL,488,0.764212
14,simd-v0,488,0.135976
14,393435,488,0.097304
14,ours-406478,488,0.078449
14,simd-v0,489,0.142257
14,393435,489,0.097434
14,ours-406478,489,0.078384
14,KACTL,489,0.762071
14,393435,490,0.097461
14,ours-406478,490,0.078298
14,KACTL,490,0.771955
14,simd-v0,490,0.147376
14,ours-406478,491,0.081162
14,KACTL,491,0.807669
14,simd-v0,491,0.140512
14,393435,491,0.100671
14,KACTL,492,0.809948
14,simd-v0,492,0.142893
14,393435,492,0.102514
14,ours-406478,492,0.088289
14,simd-v0,493,0.145241
14,393435,493,0.103889
14,ours-406478,493,0.083252
14,KACTL,493,0.794719
14,393435,494,0.101779
14,ours-406478,494,0.084575
14,KACTL,494,0.765062
14,simd-v0,494,0.141272
14,ours-406478,495,0.084636
14,KACTL,495,0.792535
14,simd-v0,495,0.145715
14,393435,495,0.108839
14,KACTL,496,0.788196
14,simd-v0,496,0.141586
14,393435,496,0.101212
14,ours-406478,496,0.094040
14,simd-v0,497,0.150420
14,393435,497,0.104185
14,ours-406478,497,0.083689
14,KACTL,497,0.814364
14,393435,498,0.104182
14,ours-406478,498,0.084460
14,KACTL,498,0.810003
14,simd-v0,498,0.140626
14,ours-406478,499,0.081518
14,KACTL,499,0.786273
14,simd-v0,499,0.140428
14,393435,499,0.100738
14,KACTL,500,0.780769
14,simd-v0,500,0.137143
14,393435,500,0.098046
14,ours-406478,500,0.082480
14,simd-v0,501,0.140409
14,393435,501,0.100634
14,ours-406478,501,0.081242
14,KACTL,501,0.775093
14,393435,502,0.097512
14,ours-406478,502,0.078202
14,KACTL,502,0.773182
14,simd-v0,502,0.135889
14,ours-406478,503,0.078884
14,KACTL,503,0.761508
14,simd-v0,503,0.136029
14,393435,503,0.097531
14,KACTL,504,0.762995
14,simd-v0,504,0.135960
14,393435,504,0.097420
14,ours-406478,504,0.085338
14,simd-v0,505,0.135999
14,393435,505,0.097444
14,ours-406478,505,0.078651
14,KACTL,505,0.761749
14,393435,506,0.097500
14,ours-406478,506,0.078359
14,KACTL,506,0.761275
14,simd-v0,506,0.136027
14,ours-406478,507,0.078682
14,KACTL,507,0.763883
14,simd-v0,507,0.135801
14,393435,507,0.099519
14,KACTL,508,0.797014
14,simd-v0,508,0.141656
14,393435,508,0.101339
14,ours-406478,508,0.085266
14,simd-v0,509,0.145333
14,393435,509,0.103995
14,ours-406478,509,0.087693
14,KACTL,509,0.826654
14,393435,510,0.104291
14,ours-406478,510,0.083770
14,KACTL,510,0.819920
14,simd-v0,510,0.145523
14,ours-406478,511,0.084509
14,KACTL,511,0.817325
14,simd-v0,511,0.145460
14,393435,511,0.104110
14,KACTL,512,0.797358
14,simd-v0,512,0.141687
14,393435,512,0.116081
14,ours-406478,512,0.085653
14,simd-v0,513,0.146149
14,393435,513,0.105230
14,ours-406478,513,0.087544
14,KACTL,513,0.792476
14,393435,514,0.105259
14,ours-406478,514,0.087060
14,KACTL,514,0.789191
14,simd-v0,514,0.145767
14,ours-406478,515,0.087075
14,KACTL,515,0.789215
14,simd-v0,515,0.145596
14,393435,515,0.105151
14,KACTL,516,0.800068
14,simd-v0,516,0.141530
14,393435,516,0.101305
14,ours-406478,516,0.084937
14,simd-v0,517,0.145144
14,393435,517,0.112553
14,ours-406478,517,0.084000
14,KACTL,517,0.810146
14,393435,518,0.127578
14,ours-406478,518,0.083845
14,KACTL,518,0.805952
14,simd-v0,518,0.152762
14,ours-406478,519,0.083235
14,KACTL,519,0.836752
14,simd-v0,519,0.145618
14,393435,519,0.104459
14,KACTL,520,0.806095
14,simd-v0,520,0.141687
14,393435,520,0.101547
14,ours-406478,520,0.086117
14,simd-v0,521,0.145172
14,393435,521,0.104116
14,ours-406478,521,0.083581
14,KACTL,521,0.826792
14,393435,522,0.104214
14,ours-406478,522,0.084105
14,KACTL,522,0.813137
14,simd-v0,522,0.145602
14,ours-406478,523,0.083969
14,KACTL,523,0.815842
14,simd-v0,523,0.145275
14,393435,523,0.111826
14,KACTL,524,0.793413
14,simd-v0,524,0.137111
14,393435,524,0.117120
14,ours-406478,524,0.085156
14,simd-v0,525,0.145491
14,393435,525,0.104046
14,ours-406478,525,0.083547
14,KACTL,525,0.817089
14,393435,526,0.104094
14,ours-406478,526,0.083997
14,KACTL,526,0.815987
14,simd-v0,526,0.138309
14,ours-406478,527,0.078823
14,KACTL,527,0.779956
14,simd-v0,527,0.140060
14,393435,527,0.097407
14,KACTL,528,0.763775
14,simd-v0,528,0.136027
14,393435,528,0.097316
14,ours-406478,528,0.078417
14,simd-v0,529,0.136096
14,393435,529,0.097451
14,ours-406478,529,0.084787
14,KACTL,529,0.756965
14,393435,530,0.097432
14,ours-406478,530,0.094424
14,KACTL,530,0.771429
14,simd-v0,530,0.135976
14,ours-406478,531,0.101914
14,KACTL,531,0.767780
14,simd-v0,531,0.147176
14,393435,531,0.107615
14,KACTL,532,0.771972
14,simd-v0,532,0.148384
14,393435,532,0.101423
14,ours-406478,532,0.086026
14,simd-v0,533,0.145271
14,393435,533,0.104395
14,ours-406478,533,0.083879
14,KACTL,533,0.817648
14,393435,534,0.104240
14,ours-406478,534,0.083844
14,KACTL,534,0.814899
14,simd-v0,534,0.145395
14,ours-406478,535,0.083737
14,KACTL,535,0.816600
14,simd-v0,535,0.145360
14,393435,535,0.104188
14,KACTL,536,0.811163
14,simd-v0,536,0.141632
14,393435,536,0.101305
14,ours-406478,536,0.086764
14,simd-v0,537,0.159923
14,393435,537,0.106746
14,ours-406478,537,0.086878
14,KACTL,537,0.800840
14,393435,538,0.108930
14,ours-406478,538,0.088678
14,KACTL,538,0.875074
14,simd-v0,538,0.146719
14,ours-406478,539,0.087950
14,KACTL,539,0.808012
14,simd-v0,539,0.145812
14,393435,539,0.105970
14,KACTL,540,0.794251
14,simd-v0,540,0.137080
14,393435,540,0.098224
14,ours-406478,540,0.082918
14,simd-v0,541,0.140538
14,393435,541,0.100700
14,ours-406478,541,0.080996
14,KACTL,541,0.790924
14,393435,542,0.101881
14,ours-406478,542,0.083956
14,KACTL,542,0.831825
14,simd-v0,542,0.145289
14,ours-406478,543,0.092075
14,KACTL,543,0.810204
14,simd-v0,543,0.152817
14,393435,543,0.104204
14,KACTL,544,0.799514
14,simd-v0,544,0.151206
14,393435,544,0.101208
14,ours-406478,544,0.086456
14,simd-v0,545,0.145282
14,393435,545,0.104191
14,ours-406478,545,0.084090
14,KACTL,545,0.815837
14,393435,546,0.104159
14,ours-406478,546,0.083557
14,KACTL,546,0.823059
14,simd-v0,546,0.145408
14,ours-406478,547,0.083906
14,KACTL,547,0.816703
14,simd-v0,547,0.145156
14,393435,547,0.104259
14,KACTL,548,0.805982
14,simd-v0,548,0.141815
14,393435,548,0.101524
14,ours-406478,548,0.085376
14,simd-v0,549,0.154158
14,393435,549,0.105155
14,ours-406478,549,0.087209
14,KACTL,549,0.798841
14,393435,550,0.105270
14,ours-406478,550,0.087128
14,KACTL,550,0.789302
14,simd-v0,550,0.145876
14,ours-406478,551,0.087218
14,KACTL,551,0.788038
14,simd-v0,551,0.145709
14,393435,551,0.105270
14,KACTL,552,0.788580
14,simd-v0,552,0.135903
14,393435,552,0.097451
14,ours-406478,552,0.078668
14,simd-v0,553,0.135850
14,393435,553,0.097449
14,ours-406478,553,0.078830
14,KACTL,553,0.764515
14,393435,554,0.097531
14,ours-406478,554,0.078645
14,KACTL,554,0.761647
14,simd-v0,554,0.136110
14,ours-406478,555,0.078853
14,KACTL,555,0.763077
14,simd-v0,555,0.135705
14,393435,555,0.097496
14,KACTL,556,0.761262
14,simd-v0,556,0.136020
14,393435,556,0.097373
14,ours-406478,556,0.078677
14,simd-v0,557,0.142395
14,393435,557,0.097599
14,ours-406478,557,0.078405
14,KACTL,557,0.764982
14,393435,558,0.097589
14,ours-406478,558,0.078782
14,KACTL,558,0.756504
14,simd-v0,558,0.136099
14,ours-406478,559,0.078859
14,KACTL,559,0.759434
14,simd-v0,559,0.143145
14,393435,559,0.097516
14,KACTL,560,0.785022
14,simd-v0,560,0.136114
14,393435,560,0.097502
14,ours-406478,560,0.078848
14,simd-v0,561,0.135813
14,393435,561,0.097461
14,ours-406478,561,0.078219
14,KACTL,561,0.763167
14,393435,562,0.098834
14,ours-406478,562,0.081485
14,KACTL,562,0.764722
14,simd-v0,562,0.140040
14,ours-406478,563,0.081504
14,KACTL,563,0.768084
14,simd-v0,563,0.144828
14,393435,563,0.105071
14,KACTL,564,0.761815
14,simd-v0,564,0.144738
14,393435,564,0.105055
14,ours-406478,564,0.084294
14,simd-v0,565,0.144751
14,393435,565,0.114027
14,ours-406478,565,0.084311
14,KACTL,565,0.756121
14,393435,566,0.108083
14,ours-406478,566,0.083342
14,KACTL,566,0.771951
14,simd-v0,566,0.147477
14,ours-406478,567,0.078674
14,KACTL,567,0.832443
14,simd-v0,567,0.143240
14,393435,567,0.097598
14,KACTL,568,0.755001
14,simd-v0,568,0.142216
14,393435,568,0.097405
14,ours-406478,568,0.078981
14,simd-v0,569,0.151115
14,393435,569,0.097583
14,ours-406478,569,0.078739
14,KACTL,569,0.766389
14,393435,570,0.097582
14,ours-406478,570,0.078801
14,KACTL,570,0.761740
14,simd-v0,570,0.136106
14,ours-406478,571,0.078640
14,KACTL,571,0.766176
14,simd-v0,571,0.152063
14,393435,571,0.101761
14,KACTL,572,0.767886
14,simd-v0,572,0.140345
14,393435,572,0.101689
14,ours-406478,572,0.081672
14,simd-v0,573,0.139902
14,393435,573,0.110510
14,ours-406478,573,0.081477
14,KACTL,573,0.757193
14,393435,574,0.101722
14,ours-406478,574,0.087046
14,KACTL,574,0.769132
14,simd-v0,574,0.155760
14,ours-406478,575,0.089873
14,KACTL,575,0.809560
14,simd-v0,575,0.165306
14,393435,575,0.101520
14,KACTL,576,0.780268
14,simd-v0,576,0.140453
14,393435,576,0.100807
14,ours-406478,576,0.081466
14,simd-v0,577,0.140546
14,393435,577,0.100674
14,ours-406478,577,0.081197
14,KACTL,577,0.791672
14,393435,578,0.105192
14,ours-406478,578,0.087008
14,KACTL,578,0.799393
14,simd-v0,578,0.141606
14,ours-406478,579,0.084937
14,KACTL,579,0.824712
14,simd-v0,579,0.145726
14,393435,579,0.104296
14,KACTL,580,0.816673
14,simd-v0,580,0.145303
14,393435,580,0.104106
14,ours-406478,580,0.090951
14,simd-v0,581,0.145217
14,393435,581,0.104174
14,ours-406478,581,0.084731
14,KACTL,581,0.777896
14,393435,582,0.097516
14,ours-406478,582,0.078497
14,KACTL,582,0.775873
14,simd-v0,582,0.135993
14,ours-406478,583,0.078742
14,KACTL,583,0.772915
14,simd-v0,583,0.135930
14,393435,583,0.097604
14,KACTL,584,0.762784
14,simd-v0,584,0.136197
14,393435,584,0.097513
14,ours-406478,584,0.078724
14,simd-v0,585,0.135927
14,393435,585,0.097397
14,ours-406478,585,0.078453
14,KACTL,585,0.763147
14,393435,586,0.097550
14,ours-406478,586,0.078481
14,KACTL,586,0.764415
14,simd-v0,586,0.136041
14,ours-406478,587,0.078518
14,KACTL,587,0.764464
14,simd-v0,587,0.139946
14,393435,587,0.101604
14,KACTL,588,0.763332
14,simd-v0,588,0.140300
14,393435,588,0.101678
14,ours-406478,588,0.081520
14,simd-v0,589,0.151211
14,393435,589,0.101678
14,ours-406478,589,0.081539
14,KACTL,589,0.755926
14,393435,590,0.179931
14,ours-406478,590,0.080185
14,KACTL,590,0.788763
14,simd-v0,590,0.140414
14,ours-406478,591,0.081628
14,KACTL,591,0.772851
14,simd-v0,591,0.140514
14,393435,591,0.100772
14,KACTL,592,0.789148
14,simd-v0,592,0.140901
14,393435,592,0.097405
14,ours-406478,592,0.078484
14,simd-v0,593,0.135838
14,393435,593,0.097441
14,ours-406478,593,0.078666
14,KACTL,593,0.765110
14,393435,594,0.097524
14,ours-406478,594,0.078486
14,KACTL,594,0.760452
14,simd-v0,594,0.135919
14,ours-406478,595,0.078573
14,KACTL,595,0.764322
14,simd-v0,595,0.135922
14,393435,595,0.097494
14,KACTL,596,0.761592
14,simd-v0,596,0.135924
14,393435,596,0.097395
14,ours-406478,596,0.078557
14,simd-v0,597,0.135704
14,393435,597,0.103979
14,ours-406478,597,0.078303
14,KACTL,597,0.758001
14,393435,598,0.106006
14,ours-406478,598,0.078124
14,KACTL,598,0.755960
14,simd-v0,598,0.142823
14,ours-406478,599,0.078458
14,KACTL,599,0.756807
14,simd-v0,599,0.135908
14,393435,599,0.103832
14,KACTL,600,0.781516
14,simd-v0,600,0.152041
14,393435,600,0.105064
14,ours-406478,600,0.087122
14,simd-v0,601,0.145539
14,393435,601,0.104984
14,ours-406478,601,0.087188
14,KACTL,601,0.790537
14,393435,602,0.105154
14,ours-406478,602,0.086036
14,KACTL,602,0.787337
14,simd-v0,602,0.141770
14,ours-406478,603,0.085226
14,KACTL,603,0.814707
14,simd-v0,603,0.145171
14,393435,603,0.104306
14,KACTL,604,0.816240
14,simd-v0,604,0.145247
14,393435,604,0.104247
14,ours-406478,604,0.083794
14,simd-v0,605,0.152547
14,393435,605,0.104143
14,ours-406478,605,0.083158
14,KACTL,605,0.813538
14,393435,606,0.100679
14,ours-406478,606,0.081389
14,KACTL,606,0.779431
14,simd-v0,606,0.141677
14,ours-406478,607,0.084968
14,KACTL,607,0.813747
14,simd-v0,607,0.145250
14,393435,607,0.103874
14,KACTL,608,0.832571
14,simd-v0,608,0.140554
14,393435,608,0.100619
14,ours-406478,608,0.081220
14,simd-v0,609,0.140578
14,393435,609,0.100661
14,ours-406478,609,0.081355
14,KACTL,609,0.784764
14,393435,610,0.097531
14,ours-406478,610,0.078376
14,KACTL,610,0.763010
14,simd-v0,610,0.140293
14,ours-406478,611,0.081558
14,KACTL,611,0.763930
14,simd-v0,611,0.140044
14,393435,611,0.101635
14,KACTL,612,0.763056
14,simd-v0,612,0.140146
14,393435,612,0.101519
14,ours-406478,612,0.081609
14,simd-v0,613,0.148690
14,393435,613,0.101602
14,ours-406478,613,0.078798
14,KACTL,613,0.767942
14,393435,614,0.098251
14,ours-406478,614,0.081370
14,KACTL,614,0.786054
14,simd-v0,614,0.140670
14,ours-406478,615,0.080913
14,KACTL,615,0.774886
14,simd-v0,615,0.136023
14,393435,615,0.097502
14,KACTL,616,0.762607
14,simd-v0,616,0.138560
14,393435,616,0.097493
14,ours-406478,616,0.078570
14,simd-v0,617,0.135838
14,393435,617,0.097428
14,ours-406478,617,0.078531
14,KACTL,617,0.765565
14,393435,618,0.097549
14,ours-406478,618,0.078627
14,KACTL,618,0.763517
14,simd-v0,618,0.136193
14,ours-406478,619,0.078581
14,KACTL,619,0.774557
14,simd-v0,619,0.140357
14,393435,619,0.100712
14,KACTL,620,0.787328
14,simd-v0,620,0.144580
14,393435,620,0.104243
14,ours-406478,620,0.083720
14,simd-v0,621,0.150451
14,393435,621,0.102740
14,ours-406478,621,0.088094
14,KACTL,621,0.794553
14,393435,622,0.105298
14,ours-406478,622,0.087058
14,KACTL,622,0.776871
14,simd-v0,622,0.141111
14,ours-406478,623,0.084352
14,KACTL,623,0.778877
14,simd-v0,623,0.140463
14,393435,623,0.097533
14,KACTL,624,0.765956
14,simd-v0,624,0.136136
14,393435,624,0.097437
14,ours-406478,624,0.078762
14,simd-v0,625,0.135895
14,393435,625,0.097485
14,ours-406478,625,0.078694
14,KACTL,625,0.766551
14,393435,626,0.097422
14,ours-406478,626,0.078327
14,KACTL,626,0.761919
14,simd-v0,626,0.135822
14,ours-406478,627,0.078379
14,KACTL,627,0.764119
14,simd-v0,627,0.135923
14,393435,627,0.097527
14,KACTL,628,0.803459
14,simd-v0,628,0.142745
14,393435,628,0.102593
14,ours-406478,628,0.088267
14,simd-v0,629,0.152175
14,393435,629,0.104428
14,ours-406478,629,0.083624
14,KACTL,629,0.815296
14,393435,630,0.104230
14,ours-406478,630,0.083981
14,KACTL,630,0.802485
14,simd-v0,630,0.145992
14,ours-406478,631,0.087119
14,KACTL,631,0.789549
14,simd-v0,631,0.145793
14,393435,631,0.105233
14,KACTL,632,0.791748
14,simd-v0,632,0.141820
14,393435,632,0.101510
14,ours-406478,632,0.085464
14,simd-v0,633,0.145623
14,393435,633,0.105106
14,ours-406478,633,0.086872
14,KACTL,633,0.791637
14,393435,634,0.105359
14,ours-406478,634,0.087200
14,KACTL,634,0.787840
14,simd-v0,634,0.145745
14,ours-406478,635,0.087049
14,KACTL,635,0.791048
14,simd-v0,635,0.146138
14,393435,635,0.105277
14,KACTL,636,0.774467
14,simd-v0,636,0.137152
14,393435,636,0.098118
14,ours-406478,636,0.088503
14,simd-v0,637,0.140554
14,393435,637,0.100654
14,ours-406478,637,0.081319
14,KACTL,637,0.795513
14,393435,638,0.097551
14,ours-406478,638,0.078454
14,KACTL,638,0.764229
14,simd-v0,638,0.136044
14,ours-406478,639,0.078630
14,KACTL,639,0.763486
14,simd-v0,639,0.136021
14,393435,639,0.097475
14,KACTL,640,0.761627
14,simd-v0,640,0.136330
14,393435,640,0.097531
14,ours-406478,640,0.078540
14,simd-v0,641,0.135886
14,393435,641,0.097453
14,ours-406478,641,0.078374
14,KACTL,641,0.766249
14,393435,642,0.100701
14,ours-406478,642,0.081113
14,KACTL,642,0.789637
14,simd-v0,642,0.140889
14,ours-406478,643,0.081108
14,KACTL,643,0.802409
14,simd-v0,643,0.145365
14,393435,643,0.104206
14,KACTL,644,0.796264
14,simd-v0,644,0.137161
14,393435,644,0.098175
14,ours-406478,644,0.091726
14,simd-v0,645,0.140942
14,393435,645,0.101780
14,ours-406478,645,0.084726
14,KACTL,645,0.766970
14,393435,646,0.101781
14,ours-406478,646,0.083958
14,KACTL,646,0.760378
14,simd-v0,646,0.141094
14,ours-406478,647,0.084274
14,KACTL,647,0.763899
14,simd-v0,647,0.140923
14,393435,647,0.101768
14,KACTL,648,0.761585
14,simd-v0,648,0.137298
14,393435,648,0.098009
14,ours-406478,648,0.082327
14,simd-v0,649,0.140921
14,393435,649,0.101804
14,ours-406478,649,0.084688
14,KACTL,649,0.784534
14,393435,650,0.101984
14,ours-406478,650,0.084204
14,KACTL,650,0.779854
14,simd-v0,650,0.140801
14,ours-406478,651,0.081126
14,KACTL,651,0.771505
14,simd-v0,651,0.135923
14,393435,651,0.097457
14,KACTL,652,0.762395
14,simd-v0,652,0.135868
14,393435,652,0.097424
14,ours-406478,652,0.078274
14,simd-v0,653,0.142619
14,393435,653,0.097574
14,ours-406478,653,0.078549
14,KACTL,653,0.763444
14,393435,654,0.097570
14,ours-406478,654,0.078757
14,KACTL,654,0.754304
14,simd-v0,654,0.142473
14,ours-406478,655,0.078844
14,KACTL,655,0.759594
14,simd-v0,655,0.142693
14,393435,655,0.097499
14,KACTL,656,0.755545
14,simd-v0,656,0.142363
14,393435,656,0.097499
14,ours-406478,656,0.078811
14,simd-v0,657,0.135927
14,393435,657,0.097436
14,ours-406478,657,0.078554
14,KACTL,657,0.765714
14,393435,658,0.097417
14,ours-406478,658,0.078636
14,KACTL,658,0.782870
14,simd-v0,658,0.140593
14,ours-406478,659,0.081362
14,KACTL,659,0.780533
14,simd-v0,659,0.135944
14,393435,659,0.097450
14,KACTL,660,0.764957
14,simd-v0,660,0.137630
14,393435,660,0.100683
14,ours-406478,660,0.080908
14,simd-v0,661,0.140465
14,393435,661,0.107687
14,ours-406478,661,0.081188
14,KACTL,661,0.779828
14,393435,662,0.101739
14,ours-406478,662,0.084277
14,KACTL,662,0.755841
14,simd-v0,662,0.141061
14,ours-406478,663,0.084369
14,KACTL,663,0.763028
14,simd-v0,663,0.147481
14,393435,663,0.100708
14,KACTL,664,0.756769
14,simd-v0,664,0.142473
14,393435,664,0.097373
14,ours-406478,664,0.078510
14,simd-v0,665,0.136029
14,393435,665,0.097478
14,ours-406478,665,0.078634
14,KACTL,665,0.762196
14,393435,666,0.097484
14,ours-406478,666,0.078652
14,KACTL,666,0.763814
14,simd-v0,666,0.136001
14,ours-406478,667,0.078521
14,KACTL,667,0.762841
14,simd-v0,667,0.135914
14,393435,667,0.097428
14,KACTL,668,0.762527
14,simd-v0,668,0.136135
14,393435,668,0.097479
14,ours-406478,668,0.078144
14,simd-v0,669,0.135958
14,393435,669,0.097535
14,ours-406478,669,0.078530
14,KACTL,669,0.766105
14,393435,670,0.097510
14,ours-406478,670,0.078497
14,KACTL,670,0.763958
14,simd-v0,670,0.135902
14,ours-406478,671,0.078801
14,KACTL,671,0.762454
14,simd-v0,671,0.136216
14,393435,671,0.097469
14,KACTL,672,0.769384
14,simd-v0,672,0.140311
14,393435,672,0.100680
14,ours-406478,672,0.087784
14,simd-v0,673,0.140419
14,393435,673,0.100808
14,ours-406478,673,0.081034
14,KACTL,673,0.784961
14,393435,674,0.100725
14,ours-406478,674,0.081252
14,KACTL,674,0.782351
14,simd-v0,674,0.145143
14,ours-406478,675,0.084405
14,KACTL,675,0.818296
14,simd-v0,675,0.145469
14,393435,675,0.104321
14,KACTL,676,0.812726
14,simd-v0,676,0.145357
14,393435,676,0.104217
14,ours-406478,676,0.083931
14,simd-v0,677,0.145306
14,393435,677,0.104288
14,ours-406478,677,0.084083
14,KACTL,677,0.817574
14,393435,678,0.104287
14,ours-406478,678,0.084145
14,KACTL,678,0.803047
14,simd-v0,678,0.141907
14,ours-406478,679,0.102770
14,KACTL,679,0.777960
14,simd-v0,679,0.136068
14,393435,679,0.104412
14,KACTL,680,0.802534
14,simd-v0,680,0.152493
14,393435,680,0.104222
14,ours-406478,680,0.084210
14,simd-v0,681,0.145462
14,393435,681,0.104197
14,ours-406478,681,0.084176
14,KACTL,681,0.817372
14,393435,682,0.100829
14,ours-406478,682,0.081118
14,KACTL,682,0.782754
14,simd-v0,682,0.140375
14,ours-406478,683,0.081268
14,KACTL,683,0.774433
14,simd-v0,683,0.140373
14,393435,683,0.100764
14,KACTL,684,0.767495
14,simd-v0,684,0.136024
14,393435,684,0.097419
14,ours-406478,684,0.078698
14,simd-v0,685,0.136016
14,393435,685,0.103840
14,ours-406478,685,0.078232
14,KACTL,685,0.757112
14,393435,686,0.097494
14,ours-406478,686,0.084670
14,KACTL,686,0.754709
14,simd-v0,686,0.135930
14,ours-406478,687,0.085470
14,KACTL,687,0.758817
14,simd-v0,687,0.136034
14,393435,687,0.104113
14,KACTL,688,0.754310
14,simd-v0,688,0.136639
14,393435,688,0.110200
14,ours-406478,688,0.081580
14,simd-v0,689,0.140116
14,393435,689,0.101667
14,ours-406478,689,0.081480
14,KACTL,689,0.788390
14,393435,690,0.105053
14,ours-406478,690,0.084332
14,KACTL,690,0.769505
14,simd-v0,690,0.144786
14,ours-406478,691,0.084002
14,KACTL,691,0.771352
14,simd-v0,691,0.144813
14,393435,691,0.106678
14,KACTL,692,0.788443
14,simd-v0,692,0.140553
14,393435,692,0.100631
14,ours-406478,692,0.081185
14,simd-v0,693,0.140548
14,393435,693,0.100790
14,ours-406478,693,0.088281
14,KACTL,693,0.767844
14,393435,694,0.097467
14,ours-406478,694,0.078591
14,KACTL,694,0.798329
14,simd-v0,694,0.140362
14,ours-406478,695,0.088806
14,KACTL,695,0.796586
14,simd-v0,695,0.145367
14,393435,695,0.114094
14,KACTL,696,0.810980
14,simd-v0,696,0.151315
14,393435,696,0.102471
14,ours-406478,696,0.088582
14,simd-v0,697,0.145539
14,393435,697,0.104289
14,ours-406478,697,0.084081
14,KACTL,697,0.801991
14,393435,698,0.105242
14,ours-406478,698,0.087228
14,KACTL,698,0.782663
14,simd-v0,698,0.141201
14,ours-406478,699,0.080859
14,KACTL,699,0.779132
14,simd-v0,699,0.136003
14,393435,699,0.097431
14,KACTL,700,0.762304
14,simd-v0,700,0.135975
14,393435,700,0.097387
14,ours-406478,700,0.078657
14,simd-v0,701,0.135875
14,393435,701,0.104027
14,ours-406478,701,0.078208
14,KACTL,701,0.757441
14,393435,702,0.097477
14,ours-406478,702,0.084647
14,KACTL,702,0.776440
14,simd-v0,702,0.152543
14,ours-406478,703,0.083780
14,KACTL,703,0.808703
14,simd-v0,703,0.193698
14,393435,703,0.104304
14,KACTL,704,0.814724
14,simd-v0,704,0.140429
14,393435,704,0.099311
14,ours-406478,704,0.085742
14,simd-v0,705,0.140290
14,393435,705,0.100678
14,ours-406478,705,0.081126
14,KACTL,705,0.787511
14,393435,706,0.100792
14,ours-406478,706,0.084674
14,KACTL,706,0.766435
14,simd-v0,706,0.140694
14,ours-406478,707,0.081188
14,KACTL,707,0.770860
14,simd-v0,707,0.139881
14,393435,707,0.101588
14,KACTL,708,0.776032
14,simd-v0,708,0.140574
14,393435,708,0.101644
14,ours-406478,708,0.081500
14,simd-v0,709,0.149078
14,393435,709,0.101686
14,ours-406478,709,0.081473
14,KACTL,709,0.772852
14,393435,710,0.105123
14,ours-406478,710,0.082942
14,KACTL,710,0.764419
14,simd-v0,710,0.149947
14,ours-406478,711,0.084099
14,KACTL,711,0.761194
14,simd-v0,711,0.146984
14,393435,711,0.101522
14,KACTL,712,0.764965
14,simd-v0,712,0.136056
14,393435,712,0.097414
14,ours-406478,712,0.078706
14,simd-v0,713,0.135923
14,393435,713,0.097452
14,ours-406478,713,0.078542
14,KACTL,713,0.765455
14,393435,714,0.097517
14,ours-406478,714,0.078221
14,KACTL,714,0.761635
14,simd-v0,714,0.136025
14,ours-406478,715,0.078476
14,KACTL,715,0.764830
14,simd-v0,715,0.140597
14,393435,715,0.100660
14,KACTL,716,0.794723
14,simd-v0,716,0.145259
14,393435,716,0.104120
14,ours-406478,716,0.084304
14,simd-v0,717,0.145229
14,393435,717,0.110920
14,ours-406478,717,0.083744
14,KACTL,717,0.808929
14,393435,718,0.111599
14,ours-406478,718,0.088080
14,KACTL,718,0.810167
14,simd-v0,718,0.154561
14,ours-406478,719,0.087102
14,KACTL,719,0.764801
14,simd-v0,719,0.140903
14,393435,719,0.101707
14,KACTL,720,0.763437
14,simd-v0,720,0.141011
14,393435,720,0.101600
14,ours-406478,720,0.084625
14,simd-v0,721,0.140793
14,393435,721,0.100649
14,ours-406478,721,0.081206
14,KACTL,721,0.765403
14,393435,722,0.097445
14,ours-406478,722,0.078232
14,KACTL,722,0.762821
14,simd-v0,722,0.135937
14,ours-406478,723,0.078821
14,KACTL,723,0.764595
14,simd-v0,723,0.135950
14,393435,723,0.097403
14,KACTL,724,0.763645
14,simd-v0,724,0.135985
14,393435,724,0.097476
14,ours-406478,724,0.078692
14,simd-v0,725,0.135846
14,393435,725,0.106157
14,ours-406478,725,0.078602
14,KACTL,725,0.758032
14,393435,726,0.100701
14,ours-406478,726,0.087556
14,KACTL,726,0.811297
14,simd-v0,726,0.152281
14,ours-406478,727,0.084322
14,KACTL,727,0.808683
14,simd-v0,727,0.152314
14,393435,727,0.104133
14,KACTL,728,0.798712
14,simd-v0,728,0.145958
14,393435,728,0.105586
14,ours-406478,728,0.085200
14,simd-v0,729,0.145930
14,393435,729,0.105140
14,ours-406478,729,0.086857
14,KACTL,729,0.830800
14,393435,730,0.105249
14,ours-406478,730,0.087014
14,KACTL,730,0.788820
14,simd-v0,730,0.145717
14,ours-406478,731,0.087258
14,KACTL,731,0.791149
14,simd-v0,731,0.145801
14,393435,731,0.105225
14,KACTL,732,0.786791
14,simd-v0,732,0.141298
14,393435,732,0.101343
14,ours-406478,732,0.092549
14,simd-v0,733,0.145217
14,393435,733,0.104258
14,ours-406478,733,0.084098
14,KACTL,733,0.816856
14,393435,734,0.104113
14,ours-406478,734,0.083775
14,KACTL,734,0.813716
14,simd-v0,734,0.144507
14,ours-406478,735,0.081359
14,KACTL,735,0.788630
14,simd-v0,735,0.140360
14,393435,735,0.097537
14,KACTL,736,0.763313
14,simd-v0,736,0.136119
14,393435,736,0.097467
14,ours-406478,736,0.078690
14,simd-v0,737,0.135904
14,393435,737,0.097392
14,ours-406478,737,0.078521
14,KACTL,737,0.779000
14,393435,738,0.097452
14,ours-406478,738,0.078822
14,KACTL,738,0.763845
14,simd-v0,738,0.136149
14,ours-406478,739,0.078281
14,KACTL,739,0.785063
14,simd-v0,739,0.145521
14,393435,739,0.104256
14,KACTL,740,0.796917
14,simd-v0,740,0.141719
14,393435,740,0.101559
14,ours-406478,740,0.093605
14,simd-v0,741,0.145730
14,393435,741,0.105167
14,ours-406478,741,0.087081
14,KACTL,741,0.788884
14,393435,742,0.105226
14,ours-406478,742,0.086905
14,KACTL,742,0.787532
14,simd-v0,742,0.145798
14,ours-406478,743,0.086871
14,KACTL,743,0.789194
14,simd-v0,743,0.145731
14,393435,743,0.105163
14,KACTL,744,0.788016
14,simd-v0,744,0.141693
14,393435,744,0.101344
14,ours-406478,744,0.085420
14,simd-v0,745,0.145180
14,393435,745,0.104121
14,ours-406478,745,0.091314
14,KACTL,745,0.810966
14,393435,746,0.104169
14,ours-406478,746,0.090637
14,KACTL,746,0.807376
14,simd-v0,746,0.152087
14,ours-406478,747,0.083673
14,KACTL,747,0.807459
14,simd-v0,747,0.152197
14,393435,747,0.104239
14,KACTL,748,0.807126
14,simd-v0,748,0.148259
14,393435,748,0.104100
14,ours-406478,748,0.082266
14,simd-v0,749,0.135911
14,393435,749,0.097452
14,ours-406478,749,0.078530
14,KACTL,749,0.764012
14,393435,750,0.097462
14,ours-406478,750,0.078592
14,KACTL,750,0.761094
14,simd-v0,750,0.136064
14,ours-406478,751,0.078290
14,KACTL,751,0.763970
14,simd-v0,751,0.135816
14,393435,751,0.097498
14,KACTL,752,0.765080
14,simd-v0,752,0.136023
14,393435,752,0.097411
14,ours-406478,752,0.078834
14,simd-v0,753,0.135862
14,393435,753,0.100107
14,ours-406478,753,0.085441
14,KACTL,753,0.788964
14,393435,754,0.101798
14,ours-406478,754,0.093149
14,KACTL,754,0.777047
14,simd-v0,754,0.143435
14,ours-406478,755,0.078126
14,KACTL,755,0.757982
14,simd-v0,755,0.149204
14,393435,755,0.100034
14,KACTL,756,0.754630
14,simd-v0,756,0.148917
14,393435,756,0.101650
14,ours-406478,756,0.081510
14,simd-v0,757,0.140021
14,393435,757,0.101538
14,ours-406478,757,0.081439
14,KACTL,757,0.765421
14,393435,758,0.101631
14,ours-406478,758,0.080402
14,KACTL,758,0.763652
14,simd-v0,758,0.135950
14,ours-406478,759,0.078337
14,KACTL,759,0.764849
14,simd-v0,759,0.135847
14,393435,759,0.097496
14,KACTL,760,0.781977
14,simd-v0,760,0.140436
14,393435,760,0.100640
14,ours-406478,760,0.082071
14,simd-v0,761,0.145271
14,393435,761,0.104037
14,ours-406478,761,0.088028
14,KACTL,761,0.780515
14,393435,762,0.100656
14,ours-406478,762,0.080668
14,KACTL,762,0.810325
14,simd-v0,762,0.145440
14,ours-406478,763,0.091156
14,KACTL,763,0.768305
14,simd-v0,763,0.135978
14,393435,763,0.104410
14,KACTL,764,0.755863
14,simd-v0,764,0.135927
14,393435,764,0.103724
14,ours-406478,764,0.078626
14,simd-v0,765,0.136030
14,393435,765,0.097429
14,ours-406478,765,0.078503
14,KACTL,765,0.770985
14,393435,766,0.100747
14,ours-406478,766,0.081040
14,KACTL,766,0.806265
14,simd-v0,766,0.138354
14,ours-406478,767,0.082433
14,KACTL,767,0.798261
14,simd-v0,767,0.146169
14,393435,767,0.108947
14,KACTL,768,0.786922
14,simd-v0,768,0.145797
14,393435,768,0.105199
14,ours-406478,768,0.087271
14,simd-v0,769,0.145666
14,393435,769,0.114143
14,ours-406478,769,0.087003
14,KACTL,769,0.783599
14,393435,770,0.118377
14,ours-406478,770,0.088856
14,KACTL,770,0.781778
14,simd-v0,770,0.148424
14,ours-406478,771,0.086921
14,KACTL,771,0.782077
14,simd-v0,771,0.154464
14,393435,771,0.105221
14,KACTL,772,0.780260
14,simd-v0,772,0.145622
14,393435,772,0.105167
14,ours-406478,772,0.087220
14,simd-v0,773,0.155801
14,393435,773,0.105233
14,ours-406478,773,0.086814
14,KACTL,773,0.790866
14,393435,774,0.105229
14,ours-406478,774,0.086340
14,KACTL,774,0.787387
14,simd-v0,774,0.141735
14,ours-406478,775,0.085264
14,KACTL,775,0.791732
14,simd-v0,775,0.145723
14,393435,775,0.104302
14,KACTL,776,0.767570
14,simd-v0,776,0.135902
14,393435,776,0.097401
14,ours-406478,776,0.078498
14,simd-v0,777,0.142508
14,393435,777,0.097584
14,ours-406478,777,0.078445
14,KACTL,777,0.764524
14,393435,778,0.097535
14,ours-406478,778,0.078534
14,KACTL,778,0.756483
14,simd-v0,778,0.142597
14,ours-406478,779,0.078421
14,KACTL,779,0.757873
14,simd-v0,779,0.142137
14,393435,779,0.097516
14,KACTL,780,0.755991
14,simd-v0,780,0.142586
14,393435,780,0.099944
14,ours-406478,780,0.083890
14,simd-v0,781,0.145338
14,393435,781,0.104226
14,ours-406478,781,0.083969
14,KACTL,781,0.811514
14,393435,782,0.100685
14,ours-406478,782,0.080827
14,KACTL,782,0.786902
14,simd-v0,782,0.138431
14,ours-406478,783,0.085493
14,KACTL,783,0.768747
14,simd-v0,783,0.140961
14,393435,783,0.101803
14,KACTL,784,0.762467
14,simd-v0,784,0.140979
14,393435,784,0.101674
14,ours-406478,784,0.084713
14,simd-v0,785,0.141005
14,393435,785,0.110811
14,ours-406478,785,0.084180
14,KACTL,785,0.757675
14,393435,786,0.110892
14,ours-406478,786,0.082987
14,KACTL,786,0.756856
14,simd-v0,786,0.144032
14,ours-406478,787,0.082459
14,KACTL,787,0.789005
14,simd-v0,787,0.152107
14,393435,787,0.104105
14,KACTL,788,0.815102
14,simd-v0,788,0.145346
14,393435,788,0.104106
14,ours-406478,788,0.083681
14,simd-v0,789,0.145268
14,393435,789,0.109621
14,ours-406478,789,0.080440
14,KACTL,789,0.788296
14,393435,790,0.107082
14,ours-406478,790,0.079993
14,KACTL,790,0.785826
14,simd-v0,790,0.137241
14,ours-406478,791,0.081396
14,KACTL,791,0.791348
14,simd-v0,791,0.145818
14,393435,791,0.105255
14,KACTL,792,0.787656
14,simd-v0,792,0.145931
14,393435,792,0.105072
14,ours-406478,792,0.087344
14,simd-v0,793,0.161634
14,393435,793,0.105205
14,ours-406478,793,0.086960
14,KACTL,793,0.819423
14,393435,794,0.105220
14,ours-406478,794,0.086337
14,KACTL,794,0.786878
14,simd-v0,794,0.141647
14,ours-406478,795,0.086340
14,KACTL,795,0.834812
14,simd-v0,795,0.145354
14,393435,795,0.104297
14,KACTL,796,0.814948
14,simd-v0,796,0.145364
14,393435,796,0.104105
14,ours-406478,796,0.084178
14,simd-v0,797,0.145288
14,393435,797,0.104116
14,ours-406478,797,0.090986
14,KACTL,797,0.797990
14,393435,798,0.100727
14,ours-406478,798,0.087916
14,KACTL,798,0.771020
14,simd-v0,798,0.137205
14,ours-406478,799,0.090582
14,KACTL,799,0.808655
14,simd-v0,799,0.151838
14,393435,799,0.103743
14,KACTL,800,0.807716
14,simd-v0,800,0.152522
14,393435,800,0.104094
14,ours-406478,800,0.083709
14,simd-v0,801,0.145350
14,393435,801,0.104204
14,ours-406478,801,0.083608
14,KACTL,801,0.818664
14,393435,802,0.104137
14,ours-406478,802,0.083826
14,KACTL,802,0.800093
14,simd-v0,802,0.141761
14,ours-406478,803,0.085969
14,KACTL,803,0.815683
14,simd-v0,803,0.145494
14,393435,803,0.098623
14,KACTL,804,0.762330
14,simd-v0,804,0.135998
14,393435,804,0.097483
14,ours-406478,804,0.078500
14,simd-v0,805,0.142236
14,393435,805,0.097490
14,ours-406478,805,0.078465
14,KACTL,805,0.757094
14,393435,806,0.103916
14,ours-406478,806,0.078347
14,KACTL,806,0.755238
14,simd-v0,806,0.142520
14,ours-406478,807,0.078358
14,KACTL,807,0.758212
14,simd-v0,807,0.142743
14,393435,807,0.097487
14,KACTL,808,0.759423
14,simd-v0,808,0.143602
14,393435,808,0.097445
14,ours-406478,808,0.078521
14,simd-v0,809,0.135749
14,393435,809,0.097485
14,ours-406478,809,0.078832
14,KACTL,809,0.769084
14,393435,810,0.097423
14,ours-406478,810,0.078260
14,KACTL,810,0.764204
14,simd-v0,810,0.135905
14,ours-406478,811,0.078631
14,KACTL,811,0.763091
14,simd-v0,811,0.136053
14,393435,811,0.097599
14,KACTL,812,0.761817
14,simd-v0,812,0.136007
14,393435,812,0.097384
14,ours-406478,812,0.078495
14,simd-v0,813,0.135719
14,393435,813,0.097174
14,ours-406478,813,0.078680
14,KACTL,813,0.770868
14,393435,814,0.104194
14,ours-406478,814,0.085402
14,KACTL,814,0.814493
14,simd-v0,814,0.145566
14,ours-406478,815,0.091172
14,KACTL,815,0.810053
14,simd-v0,815,0.145217
14,393435,815,0.104240
14,KACTL,816,0.809182
14,simd-v0,816,0.153657
14,393435,816,0.104162
14,ours-406478,816,0.083751
14,simd-v0,817,0.145297
14,393435,817,0.104192
14,ours-406478,817,0.083393
14,KACTL,817,0.797577
14,393435,818,0.100779
14,ours-406478,818,0.080871
14,KACTL,818,0.786702
14,simd-v0,818,0.135901
14,ours-406478,819,0.078753
14,KACTL,819,0.766348
14,simd-v0,819,0.135942
14,393435,819,0.097436
14,KACTL,820,0.761801
14,simd-v0,820,0.135778
14,393435,820,0.097453
14,ours-406478,820,0.078697
14,simd-v0,821,0.136030
14,393435,821,0.097465
14,ours-406478,821,0.078589
14,KACTL,821,0.757170
14,393435,822,0.097509
14,ours-406478,822,0.084716
14,KACTL,822,0.755144
14,simd-v0,822,0.136204
14,ours-406478,823,0.085403
14,KACTL,823,0.756672
14,simd-v0,823,0.135980
14,393435,823,0.103945
14,KACTL,824,0.772937
14,simd-v0,824,0.136209
14,393435,824,0.104508
14,ours-406478,824,0.078819
14,simd-v0,825,0.136019
14,393435,825,0.097357
14,ours-406478,825,0.078584
14,KACTL,825,0.764387
14,393435,826,0.097483
14,ours-406478,826,0.078142
14,KACTL,826,0.764200
14,simd-v0,826,0.135821
14,ours-406478,827,0.078591
14,KACTL,827,0.763838
14,simd-v0,827,0.135915
14,393435,827,0.097545
14,KACTL,828,0.764389
14,simd-v0,828,0.136170
14,393435,828,0.097389
14,ours-406478,828,0.078647
14,simd-v0,829,0.135802
14,393435,829,0.097361
14,ours-406478,829,0.078907
14,KACTL,829,0.764039
14,393435,830,0.110904
14,ours-406478,830,0.078673
14,KACTL,830,0.764173
14,simd-v0,830,0.136106
14,ours-406478,831,0.078409
14,KACTL,831,0.765991
14,simd-v0,831,0.136063
14,393435,831,0.097421
14,KACTL,832,0.764477
14,simd-v0,832,0.135911
14,393435,832,0.097393
14,ours-406478,832,0.078300
14,simd-v0,833,0.142706
14,393435,833,0.097392
14,ours-406478,833,0.078372
14,KACTL,833,0.768014
14,393435,834,0.097429
14,ours-406478,834,0.078347
14,KACTL,834,0.761739
14,simd-v0,834,0.136283
14,ours-406478,835,0.078994
14,KACTL,835,0.756914
14,simd-v0,835,0.135934
14,393435,835,0.097468
14,KACTL,836,0.760757
14,simd-v0,836,0.136243
14,393435,836,0.097396
14,ours-406478,836,0.078523
14,simd-v0,837,0.135852
14,393435,837,0.097400
14,ours-406478,837,0.078336
14,KACTL,837,0.764370
14,393435,838,0.097495
14,ours-406478,838,0.078218
14,KACTL,838,0.761915
14,simd-v0,838,0.135994
14,ours-406478,839,0.078736
14,KACTL,839,0.763619
14,simd-v0,839,0.135990
14,393435,839,0.097461
14,KACTL,840,0.761714
14,simd-v0,840,0.136284
14,393435,840,0.097414
14,ours-406478,840,0.078372
14,simd-v0,841,0.135887
14,393435,841,0.097399
14,ours-406478,841,0.084782
14,KACTL,841,0.758255
14,393435,842,0.097481
14,ours-406478,842,0.078589
14,KACTL,842,0.755882
14,simd-v0,842,0.135949
14,ours-406478,843,0.078609
14,KACTL,843,0.763338
14,simd-v0,843,0.135888
14,393435,843,0.103767
14,KACTL,844,0.759711
14,simd-v0,844,0.136134
14,393435,844,0.104228
14,ours-406478,844,0.078264
14,simd-v0,845,0.135977
14,393435,845,0.097489
14,ours-406478,845,0.078202
14,KACTL,845,0.764070
14,393435,846,0.097463
14,ours-406478,846,0.078836
14,KACTL,846,0.762720
14,simd-v0,846,0.136117
14,ours-406478,847,0.078868
14,KACTL,847,0.763994
14,simd-v0,847,0.136036
14,393435,847,0.097553
14,KACTL,848,0.761777
14,simd-v0,848,0.135836
14,393435,848,0.097497
14,ours-406478,848,0.078337
14,simd-v0,849,0.135849
14,393435,849,0.097502
14,ours-406478,849,0.078433
14,KACTL,849,0.765178
14,393435,850,0.097556
14,ours-406478,850,0.078712
14,KACTL,850,0.763854
14,simd-v0,850,0.136047
14,ours-406478,851,0.079434
14,KACTL,851,0.788286
14,simd-v0,851,0.141967
14,393435,851,0.107038
14,KACTL,852,0.803659
14,simd-v0,852,0.140281
14,393435,852,0.100561
14,ours-406478,852,0.081113
14,simd-v0,853,0.147278
14,393435,853,0.100841
14,ours-406478,853,0.081100
14,KACTL,853,0.803409
14,393435,854,0.101990
14,ours-406478,854,0.083731
14,KACTL,854,0.787400
14,simd-v0,854,0.140537
14,ours-406478,855,0.081027
14,KACTL,855,0.798989
14,simd-v0,855,0.141652
14,393435,855,0.101240
14,KACTL,856,0.787050
14,simd-v0,856,0.141623
14,393435,856,0.101429
14,ours-406478,856,0.086911
14,simd-v0,857,0.150950
14,393435,857,0.108978
14,ours-406478,857,0.090276
14,KACTL,857,0.789126
14,393435,858,0.105313
14,ours-406478,858,0.087747
14,KACTL,858,0.787687
14,simd-v0,858,0.146021
14,ours-406478,859,0.087305
14,KACTL,859,0.788298
14,simd-v0,859,0.145802
14,393435,859,0.114032
14,KACTL,860,0.780851
14,simd-v0,860,0.141815
14,393435,860,0.108077
14,ours-406478,860,0.085178
14,simd-v0,861,0.145166
14,393435,861,0.104183
14,ours-406478,861,0.084225
14,KACTL,861,0.798367
14,393435,862,0.100746
14,ours-406478,862,0.081122
14,KACTL,862,0.786999
14,simd-v0,862,0.140507
14,ours-406478,863,0.081228
14,KACTL,863,0.789242
14,simd-v0,863,0.140690
14,393435,863,0.100717
14,KACTL,864,0.783412
14,simd-v0,864,0.136983
14,393435,864,0.098185
14,ours-406478,864,0.083952
14,simd-v0,865,0.140615
14,393435,865,0.112966
14,ours-406478,865,0.089954
14,KACTL,865,0.809226
14,393435,866,0.104127
14,ours-406478,866,0.090205
14,KACTL,866,0.781156
14,simd-v0,866,0.155425
14,ours-406478,867,0.091912
14,KACTL,867,0.778631
14,simd-v0,867,0.142985
14,393435,867,0.097727
14,KACTL,868,0.757603
14,simd-v0,868,0.142397
14,393435,868,0.097483
14,ours-406478,868,0.078778
14,simd-v0,869,0.135900
14,393435,869,0.097411
14,ours-406478,869,0.078773
14,KACTL,869,0.766519
14,393435,870,0.100754
14,ours-406478,870,0.081052
14,KACTL,870,0.787027
14,simd-v0,870,0.141015
14,ours-406478,871,0.081085
14,KACTL,871,0.777289
14,simd-v0,871,0.135806
14,393435,871,0.097416
14,KACTL,872,0.772522
14,simd-v0,872,0.140451
14,393435,872,0.100593
14,ours-406478,872,0.081061
14,simd-v0,873,0.140433
14,393435,873,0.100732
14,ours-406478,873,0.088058
14,KACTL,873,0.784995
14,393435,874,0.100682
14,ours-406478,874,0.087857
14,KACTL,874,0.757412
14,simd-v0,874,0.135897
14,ours-406478,875,0.084867
14,KACTL,875,0.755927
14,simd-v0,875,0.135927
14,393435,875,0.103830
14,KACTL,876,0.756234
14,simd-v0,876,0.135847
14,393435,876,0.104387
14,ours-406478,876,0.078365
14,simd-v0,877,0.136084
14,393435,877,0.097475
14,ours-406478,877,0.078458
14,KACTL,877,0.763632
14,393435,878,0.097433
14,ours-406478,878,0.078537
14,KACTL,878,0.761523
14,simd-v0,878,0.136165
14,ours-406478,879,0.078626
14,KACTL,879,0.779722
14,simd-v0,879,0.140385
14,393435,879,0.100741
14,KACTL,880,0.783181
14,simd-v0,880,0.135959
14,393435,880,0.097325
14,ours-406478,880,0.078409
14,simd-v0,881,0.135793
14,393435,881,0.097396
14,ours-406478,881,0.078030
14,KACTL,881,0.766467
14,393435,882,0.101681
14,ours-406478,882,0.081544
14,KACTL,882,0.763161
14,simd-v0,882,0.140139
14,ours-406478,883,0.081497
14,KACTL,883,0.783898
14,simd-v0,883,0.135161
14,393435,883,0.097408
14,KACTL,884,0.764123
14,simd-v0,884,0.140200
14,393435,884,0.101560
14,ours-406478,884,0.081601
14,simd-v0,885,0.140061
14,393435,885,0.102571
14,ours-406478,885,0.078490
14,KACTL,885,0.762804
14,393435,886,0.097558
14,ours-406478,886,0.078231
14,KACTL,886,0.759844
14,simd-v0,886,0.135962
14,ours-406478,887,0.078439
14,KACTL,887,0.762207
14,simd-v0,887,0.136089
14,393435,887,0.097562
14,KACTL,888,0.794847
14,simd-v0,888,0.136015
14,393435,888,0.097579
14,ours-406478,888,0.078867
14,simd-v0,889,0.135854
14,393435,889,0.097404
14,ours-406478,889,0.078282
14,KACTL,889,0.764740
14,393435,890,0.097545
14,ours-406478,890,0.078470
14,KACTL,890,0.761431
14,simd-v0,890,0.135903
14,ours-406478,891,0.078617
14,KACTL,891,0.766234
14,simd-v0,891,0.136024
14,393435,891,0.097485
14,KACTL,892,0.763694
14,simd-v0,892,0.135975
14,393435,892,0.097452
14,ours-406478,892,0.078754
14,simd-v0,893,0.135805
14,393435,893,0.104076
14,ours-406478,893,0.078827
14,KACTL,893,0.800513
14,393435,894,0.110942
14,ours-406478,894,0.083881
14,KACTL,894,0.767627
14,simd-v0,894,0.142865
14,ours-406478,895,0.078459
14,KACTL,895,0.768382
14,simd-v0,895,0.147175
14,393435,895,0.100667
14,KACTL,896,0.780092
14,simd-v0,896,0.146388
14,393435,896,0.099173
14,ours-406478,896,0.085911
14,simd-v0,897,0.143929
14,393435,897,0.109283
14,ours-406478,897,0.095856
14,KACTL,897,0.786985
14,393435,898,0.100842
14,ours-406478,898,0.081277
14,KACTL,898,0.787815
14,simd-v0,898,0.144213
14,ours-406478,899,0.083780
14,KACTL,899,0.817715
14,simd-v0,899,0.145148
14,393435,899,0.104193
14,KACTL,900,0.806262
14,simd-v0,900,0.138553
14,393435,900,0.099313
14,ours-406478,900,0.085407
14,simd-v0,901,0.147183
14,393435,901,0.100766
14,ours-406478,901,0.081187
14,KACTL,901,0.772604
14,393435,902,0.101750
14,ours-406478,902,0.084340
14,KACTL,902,0.773032
14,simd-v0,902,0.135805
14,ours-406478,903,0.078530
14,KACTL,903,0.762476
14,simd-v0,903,0.135797
14,393435,903,0.097455
14,KACTL,904,0.760454
14,simd-v0,904,0.136092
14,393435,904,0.097409
14,ours-406478,904,0.078475
14,simd-v0,905,0.136018
14,393435,905,0.097484
14,ours-406478,905,0.078546
14,KACTL,905,0.765206
14,393435,906,0.097427
14,ours-406478,906,0.078559
14,KACTL,906,0.762074
14,simd-v0,906,0.136188
14,ours-406478,907,0.078983
14,KACTL,907,0.792228
14,simd-v0,907,0.140596
14,393435,907,0.100762
14,KACTL,908,0.787707
14,simd-v0,908,0.136220
14,393435,908,0.097417
14,ours-406478,908,0.078422
14,simd-v0,909,0.135973
14,393435,909,0.113734
14,ours-406478,909,0.081162
14,KACTL,909,0.757165
14,393435,910,0.112782
14,ours-406478,910,0.078591
14,KACTL,910,0.756381
14,simd-v0,910,0.142832
14,ours-406478,911,0.078738
14,KACTL,911,0.769478
14,simd-v0,911,0.147121
14,393435,911,0.100793
14,KACTL,912,0.779835
14,simd-v0,912,0.163133
14,393435,912,0.097521
14,ours-406478,912,0.078544
14,simd-v0,913,0.135956
14,393435,913,0.100223
14,ours-406478,913,0.084180
14,KACTL,913,0.765228
14,393435,914,0.097460
14,ours-406478,914,0.078711
14,KACTL,914,0.761446
14,simd-v0,914,0.136168
14,ours-406478,915,0.078516
14,KACTL,915,0.766395
14,simd-v0,915,0.135971
14,393435,915,0.097410
14,KACTL,916,0.762016
14,simd-v0,916,0.135929
14,393435,916,0.097402
14,ours-406478,916,0.078382
14,simd-v0,917,0.135824
14,393435,917,0.097447
14,ours-406478,917,0.085574
14,KACTL,917,0.759483
14,393435,918,0.097443
14,ours-406478,918,0.078257
14,KACTL,918,0.764578
14,simd-v0,918,0.135959
14,ours-406478,919,0.078522
14,KACTL,919,0.763493
14,simd-v0,919,0.135878
14,393435,919,0.097529
14,KACTL,920,0.762148
14,simd-v0,920,0.136080
14,393435,920,0.097488
14,ours-406478,920,0.084581
14,simd-v0,921,0.135953
14,393435,921,0.097380
14,ours-406478,921,0.078543
14,KACTL,921,0.797168
14,393435,922,0.100738
14,ours-406478,922,0.081605
14,KACTL,922,0.786938
14,simd-v0,922,0.140422
14,ours-406478,923,0.084173
14,KACTL,923,0.816528
14,simd-v0,923,0.145385
14,393435,923,0.104147
14,KACTL,924,0.801686
14,simd-v0,924,0.145556
14,393435,924,0.105123
14,ours-406478,924,0.087283
14,simd-v0,925,0.145718
14,393435,925,0.105122
14,ours-406478,925,0.096652
14,KACTL,925,0.782925
14,393435,926,0.105159
14,ours-406478,926,0.095746
14,KACTL,926,0.779964
14,simd-v0,926,0.141690
14,ours-406478,927,0.091177
14,KACTL,927,0.812394
14,simd-v0,927,0.152039
14,393435,927,0.104168
14,KACTL,928,0.806452
14,simd-v0,928,0.152484
14,393435,928,0.104062
14,ours-406478,928,0.083657
14,simd-v0,929,0.145357
14,393435,929,0.104151
14,ours-406478,929,0.084206
14,KACTL,929,0.815567
14,393435,930,0.104186
14,ours-406478,930,0.083892
14,KACTL,930,0.802231
14,simd-v0,930,0.141982
14,ours-406478,931,0.084940
14,KACTL,931,0.825896
14,simd-v0,931,0.144071
14,393435,931,0.100726
14,KACTL,932,0.788829
14,simd-v0,932,0.140647
14,393435,932,0.100568
14,ours-406478,932,0.081066
14,simd-v0,933,0.147150
14,393435,933,0.100731
14,ours-406478,933,0.081340
14,KACTL,933,0.787429
14,393435,934,0.100703
14,ours-406478,934,0.081171
14,KACTL,934,0.777878
14,simd-v0,934,0.137471
14,ours-406478,935,0.082304
14,KACTL,935,0.790372
14,simd-v0,935,0.140552
14,393435,935,0.100649
14,KACTL,936,0.793328
14,simd-v0,936,0.141594
14,393435,936,0.101867
14,ours-406478,936,0.081154
14,simd-v0,937,0.140465
14,393435,937,0.100613
14,ours-406478,937,0.081383
14,KACTL,937,0.789602
14,393435,938,0.100747
14,ours-406478,938,0.080733
14,KACTL,938,0.788146
14,simd-v0,938,0.140108
14,ours-406478,939,0.078885
14,KACTL,939,0.766893
14,simd-v0,939,0.137706
14,393435,939,0.100761
14,KACTL,940,0.788123
14,simd-v0,940,0.143505
14,393435,940,0.103614
14,ours-406478,940,0.081044
14,simd-v0,941,0.151626
14,393435,941,0.104259
14,ours-406478,941,0.083806
14,KACTL,941,0.835377
14,393435,942,0.104159
14,ours-406478,942,0.086890
14,KACTL,942,0.789528
14,simd-v0,942,0.159107
14,ours-406478,943,0.086377
14,KACTL,943,0.775632
14,simd-v0,943,0.141051
14,393435,943,0.101764
14,KACTL,944,0.763832
14,simd-v0,944,0.141000
14,393435,944,0.101641
14,ours-406478,944,0.084328
14,simd-v0,945,0.140827
14,393435,945,0.101701
14,ours-406478,945,0.084344
14,KACTL,945,0.763950
14,393435,946,0.098252
14,ours-406478,946,0.081591
14,KACTL,946,0.762521
14,simd-v0,946,0.141249
14,ours-406478,947,0.084524
14,KACTL,947,0.764064
14,simd-v0,947,0.140937
14,393435,947,0.101682
14,KACTL,948,0.764368
14,simd-v0,948,0.145817
14,393435,948,0.105196
14,ours-406478,948,0.096054
14,simd-v0,949,0.145527
14,393435,949,0.105180
14,ours-406478,949,0.086784
14,KACTL,949,0.789817
14,393435,950,0.101314
14,ours-406478,950,0.085663
14,KACTL,950,0.815171
14,simd-v0,950,0.145102
14,ours-406478,951,0.083296
14,KACTL,951,0.799566
14,simd-v0,951,0.140383
14,393435,951,0.100666
14,KACTL,952,0.787309
14,simd-v0,952,0.139052
14,393435,952,0.097438
14,ours-406478,952,0.078596
14,simd-v0,953,0.135949
14,393435,953,0.097405
14,ours-406478,953,0.078376
14,KACTL,953,0.765690
14,393435,954,0.097454
14,ours-406478,954,0.078446
14,KACTL,954,0.787368
14,simd-v0,954,0.140526
14,ours-406478,955,0.081428
14,KACTL,955,0.827740
14,simd-v0,955,0.145386
14,393435,955,0.111881
14,KACTL,956,0.808699
14,simd-v0,956,0.152309
14,393435,956,0.104310
14,ours-406478,956,0.083852
14,simd-v0,957,0.145018
14,393435,957,0.104563
14,ours-406478,957,0.085251
14,KACTL,957,0.797600
14,393435,958,0.097525
14,ours-406478,958,0.078395
14,KACTL,958,0.762183
14,simd-v0,958,0.135986
14,ours-406478,959,0.078591
14,KACTL,959,0.781051
14,simd-v0,959,0.142431
14,393435,959,0.101684
14,KACTL,960,0.794731
14,simd-v0,960,0.140470
14,393435,960,0.099534
14,ours-406478,960,0.081462
14,simd-v0,961,0.140382
14,393435,961,0.100723
14,ours-406478,961,0.090870
14,KACTL,961,0.758712
14,393435,962,0.097546
14,ours-406478,962,0.084939
14,KACTL,962,0.805549
14,simd-v0,962,0.152351
14,ours-406478,963,0.084146
14,KACTL,963,0.809229
14,simd-v0,963,0.152071
14,393435,963,0.103174
14,KACTL,964,0.781296
14,simd-v0,964,0.148920
14,393435,964,0.101443
14,ours-406478,964,0.085448
14,simd-v0,965,0.145335
14,393435,965,0.104143
14,ours-406478,965,0.084076
14,KACTL,965,0.818876
14,393435,966,0.104152
14,ours-406478,966,0.084165
14,KACTL,966,0.815552
14,simd-v0,966,0.145276
14,ours-406478,967,0.083791
14,KACTL,967,0.816447
14,simd-v0,967,0.162453
14,393435,967,0.104222
14,KACTL,968,0.800379
14,simd-v0,968,0.136966
14,393435,968,0.098084
14,ours-406478,968,0.082984
14,simd-v0,969,0.146972
14,393435,969,0.101788
14,ours-406478,969,0.084133
14,KACTL,969,0.786606
14,393435,970,0.097451
14,ours-406478,970,0.078722
14,KACTL,970,0.772081
14,simd-v0,970,0.136014
14,ours-406478,971,0.078532
14,KACTL,971,0.762233
14,simd-v0,971,0.136097
14,393435,971,0.097466
14,KACTL,972,0.762383
14,simd-v0,972,0.135929
14,393435,972,0.097544
14,ours-406478,972,0.078583
14,simd-v0,973,0.135849
14,393435,973,0.097465
14,ours-406478,973,0.078606
14,KACTL,973,0.794969
14,393435,974,0.097672
14,ours-406478,974,0.078949
14,KACTL,974,0.778631
14,simd-v0,974,0.136217
14,ours-406478,975,0.078965
14,KACTL,975,0.766978
14,simd-v0,975,0.140127
14,393435,975,0.101564
14,KACTL,976,0.782818
14,simd-v0,976,0.144907
14,393435,976,0.105060
14,ours-406478,976,0.084328
14,simd-v0,977,0.153575
14,393435,977,0.105128
14,ours-406478,977,0.083153
14,KACTL,977,0.776162
14,393435,978,0.108850
14,ours-406478,978,0.087146
14,KACTL,978,0.788092
14,simd-v0,978,0.150364
14,ours-406478,979,0.090357
14,KACTL,979,0.790595
14,simd-v0,979,0.145829
14,393435,979,0.106014
14,KACTL,980,0.787510
14,simd-v0,980,0.145735
14,393435,980,0.105161
14,ours-406478,980,0.086886
14,simd-v0,981,0.145874
14,393435,981,0.105101
14,ours-406478,981,0.087274
14,KACTL,981,0.788601
14,393435,982,0.105233
14,ours-406478,982,0.085990
14,KACTL,982,0.836499
14,simd-v0,982,0.141676
14,ours-406478,983,0.085286
14,KACTL,983,0.816266
14,simd-v0,983,0.145338
14,393435,983,0.111917
14,KACTL,984,0.807456
14,simd-v0,984,0.152297
14,393435,984,0.104062
14,ours-406478,984,0.084268
14,simd-v0,985,0.145476
14,393435,985,0.104051
14,ours-406478,985,0.080042
14,KACTL,985,0.821990
14,393435,986,0.104019
14,ours-406478,986,0.095657
14,KACTL,986,0.763875
14,simd-v0,986,0.135978
14,ours-406478,987,0.078743
14,KACTL,987,0.762623
14,simd-v0,987,0.135940
14,393435,987,0.097613
14,KACTL,988,0.764868
14,simd-v0,988,0.140405
14,393435,988,0.097920
14,ours-406478,988,0.078724
14,simd-v0,989,0.136054
14,393435,989,0.097478
14,ours-406478,989,0.085087
14,KACTL,989,0.784668
14,393435,990,0.104161
14,ours-406478,990,0.094887
14,KACTL,990,0.797748
14,simd-v0,990,0.155617
14,ours-406478,991,0.087020
14,KACTL,991,0.845415
14,simd-v0,991,0.186518
14,393435,991,0.129321
14,KACTL,992,0.844739
14,simd-v0,992,0.141270
14,393435,992,0.103356
14,ours-406478,992,0.082703
14,simd-v0,993,0.142036
14,393435,993,0.101782
14,ours-406478,993,0.084126
14,KACTL,993,0.767150
14,393435,994,0.098246
14,ours-406478,994,0.082776
14,KACTL,994,0.815393
14,simd-v0,994,0.136126
14,ours-406478,995,0.078498
14,KACTL,995,0.766585
14,simd-v0,995,0.135814
14,393435,995,0.097657
14,KACTL,996,0.762904
14,simd-v0,996,0.138949
14,393435,996,0.100743
14,ours-406478,996,0.081057
14,simd-v0,997,0.149919
14,393435,997,0.100699
14,ours-406478,997,0.081269
14,KACTL,997,0.788819
14,393435,998,0.100784
14,ours-406478,998,0.081653
14,KACTL,998,0.761838
14,simd-v0,998,0.136278
14,ours-406478,999,0.078401
14,KACTL,999,0.763318
14,simd-v0,999,0.135932
14,393435,999,0.097544
14,KACTL,1000,0.762758
14,simd-v0,1000,0.135986
14,393435,1000,0.097468
14,ours-406478,1000,0.078313
15,KACTL,0,1.802271
15,simd-v0,0,0.293796
15,393435,0,0.214813
15,ours-406478,0,0.171828
15,simd-v0,1,0.291346
15,393435,1,0.213792
15,ours-406478,1,0.181623
15,KACTL,1,1.866214
15,393435,2,0.222794
15,ours-406478,2,0.186130
15,KACTL,2,1.820440
15,simd-v0,2,0.294506
15,ours-406478,3,0.179820
15,KACTL,3,1.806703
15,simd-v0,3,0.293082
15,393435,3,0.231405
15,KACTL,4,1.832583
15,simd-v0,4,0.295484
15,393435,4,0.221413
15,ours-406478,4,0.174748
15,simd-v0,5,0.300611
15,393435,5,0.214053
15,ours-406478,5,0.175583
15,KACTL,5,1.856432
15,393435,6,0.213297
15,ours-406478,6,0.166977
15,KACTL,6,1.758311
15,simd-v0,6,0.283348
15,ours-406478,7,0.166088
15,KACTL,7,1.793641
15,simd-v0,7,0.310056
15,393435,7,0.222020
15,KACTL,8,1.845513
15,simd-v0,8,0.283035
15,393435,8,0.207422
15,ours-406478,8,0.167270
15,simd-v0,9,0.290993
15,393435,9,0.207109
15,ours-406478,9,0.166108
15,KACTL,9,1.767619
15,393435,10,0.207588
15,ours-406478,10,0.166229
15,KACTL,10,1.822835
15,simd-v0,10,0.302882
15,ours-406478,11,0.188203
15,KACTL,11,1.914211
15,simd-v0,11,0.294912
15,393435,11,0.220711
15,KACTL,12,1.814445
15,simd-v0,12,0.291926
15,393435,12,0.210202
15,ours-406478,12,0.176802
15,simd-v0,13,0.292147
15,393435,13,0.213890
15,ours-406478,13,0.171479
15,KACTL,13,1.859730
15,393435,14,0.219761
15,ours-406478,14,0.181763
15,KACTL,14,1.764824
15,simd-v0,14,0.293415
15,ours-406478,15,0.166820
15,KACTL,15,1.765904
15,simd-v0,15,0.283058
15,393435,15,0.207694
15,KACTL,16,1.807806
15,simd-v0,16,0.302165
15,393435,16,0.229044
15,ours-406478,16,0.178256
15,simd-v0,17,0.302412
15,393435,17,0.221403
15,ours-406478,17,0.176792
15,KACTL,17,1.880502
15,393435,18,0.214609
15,ours-406478,18,0.167162
15,KACTL,18,1.759851
15,simd-v0,18,0.286692
15,ours-406478,19,0.166595
15,KACTL,19,1.772247
15,simd-v0,19,0.296219
15,393435,19,0.222200
15,KACTL,20,1.885261
15,simd-v0,20,0.309062
15,393435,20,0.218043
15,ours-406478,20,0.166356
15,simd-v0,21,0.282292
15,393435,21,0.206850
15,ours-406478,21,0.172800
15,KACTL,21,1.759210
15,393435,22,0.214388
15,ours-406478,22,0.166249
15,KACTL,22,1.796770
15,simd-v0,22,0.303587
15,ours-406478,23,0.178132
15,KACTL,23,1.888723
15,simd-v0,23,0.302487
15,393435,23,0.229860
15,KACTL,24,1.777491
15,simd-v0,24,0.291735
15,393435,24,0.214051
15,ours-406478,24,0.171716
15,simd-v0,25,0.286607
15,393435,25,0.221434
15,ours-406478,25,0.171931
15,KACTL,25,1.827641
15,393435,26,0.214120
15,ours-406478,26,0.176402
15,KACTL,26,1.789575
15,simd-v0,26,0.283004
15,ours-406478,27,0.165999
15,KACTL,27,1.769263
15,simd-v0,27,0.282914
15,393435,27,0.215183
15,KACTL,28,1.759683
15,simd-v0,28,0.319955
15,393435,28,0.209726
15,ours-406478,28,0.172551
15,simd-v0,29,0.291728
15,393435,29,0.222950
15,ours-406478,29,0.171733
15,KACTL,29,1.804177
15,393435,30,0.213142
15,ours-406478,30,0.173292
15,KACTL,30,1.797302
15,simd-v0,30,0.303120
15,ours-406478,31,0.179248
15,KACTL,31,1.785687
15,simd-v0,31,0.284149
15,393435,31,0.213592
15,KACTL,32,1.785161
15,simd-v0,32,0.283181
15,393435,32,0.207222
15,ours-406478,32,0.165686
15,simd-v0,33,0.290105
15,393435,33,0.206851
15,ours-406478,33,0.167039
15,KACTL,33,1.792610
15,393435,34,0.207488
15,ours-406478,34,0.167046
15,KACTL,34,1.805834
15,simd-v0,34,0.282596
15,ours-406478,35,0.170047
15,KACTL,35,1.801739
15,simd-v0,35,0.291605
15,393435,35,0.214052
15,KACTL,36,1.767357
15,simd-v0,36,0.292744
15,393435,36,0.215033
15,ours-406478,36,0.173300
15,simd-v0,37,0.302917
15,393435,37,0.214913
15,ours-406478,37,0.173276
15,KACTL,37,1.782748
15,393435,38,0.207400
15,ours-406478,38,0.166483
15,KACTL,38,1.814420
15,simd-v0,38,0.292484
15,ours-406478,39,0.171599
15,KACTL,39,1.766467
15,simd-v0,39,0.289734
15,393435,39,0.207778
15,KACTL,40,1.760638
15,simd-v0,40,0.282432
15,393435,40,0.207274
15,ours-406478,40,0.166686
15,simd-v0,41,0.289901
15,393435,41,0.207013
15,ours-406478,41,0.165571
15,KACTL,41,1.770064
15,393435,42,0.207359
15,ours-406478,42,0.166512
15,KACTL,42,1.762767
15,simd-v0,42,0.283295
15,ours-406478,43,0.166835
15,KACTL,43,1.768723
15,simd-v0,43,0.282362
15,393435,43,0.215218
15,KACTL,44,1.752173
15,simd-v0,44,0.290147
15,393435,44,0.207330
15,ours-406478,44,0.166803
15,simd-v0,45,0.282668
15,393435,45,0.215314
15,ours-406478,45,0.166442
15,KACTL,45,1.768287
15,393435,46,0.207544
15,ours-406478,46,0.167276
15,KACTL,46,1.762070
15,simd-v0,46,0.283532
15,ours-406478,47,0.166826
15,KACTL,47,1.788626
15,simd-v0,47,0.283137
15,393435,47,0.218500
15,KACTL,48,1.811844
15,simd-v0,48,0.299866
15,393435,48,0.214218
15,ours-406478,48,0.174995
15,simd-v0,49,0.291805
15,393435,49,0.224969
15,ours-406478,49,0.205011
15,KACTL,49,1.830046
15,393435,50,0.222693
15,ours-406478,50,0.178669
15,KACTL,50,1.813738
15,simd-v0,50,0.294311
15,ours-406478,51,0.184726
15,KACTL,51,1.808271
15,simd-v0,51,0.307639
15,393435,51,0.214813
15,KACTL,52,1.818481
15,simd-v0,52,0.282898
15,393435,52,0.207211
15,ours-406478,52,0.167307
15,simd-v0,53,0.290561
15,393435,53,0.207072
15,ours-406478,53,0.166405
15,KACTL,53,1.770144
15,393435,54,0.208043
15,ours-406478,54,0.172547
15,KACTL,54,1.817454
15,simd-v0,54,0.284050
15,ours-406478,55,0.183043
15,KACTL,55,1.779155
15,simd-v0,55,0.296307
15,393435,55,0.207868
15,KACTL,56,1.759603
15,simd-v0,56,0.282855
15,393435,56,0.207215
15,ours-406478,56,0.167556
15,simd-v0,57,0.294630
15,393435,57,0.214130
15,ours-406478,57,0.171236
15,KACTL,57,1.821545
15,393435,58,0.212361
15,ours-406478,58,0.171458
15,KACTL,58,1.850938
15,simd-v0,58,0.294013
15,ours-406478,59,0.186449
15,KACTL,59,1.817162
15,simd-v0,59,0.323809
15,393435,59,0.227371
15,KACTL,60,1.833025
15,simd-v0,60,0.293565
15,393435,60,0.220231
15,ours-406478,60,0.188837
15,simd-v0,61,0.302513
15,393435,61,0.222060
15,ours-406478,61,0.178043
15,KACTL,61,1.824599
15,393435,62,0.223051
15,ours-406478,62,0.185878
15,KACTL,62,1.794637
15,simd-v0,62,0.289824
15,ours-406478,63,0.160848
15,KACTL,63,1.765154
15,simd-v0,63,0.290205
15,393435,63,0.212632
15,KACTL,64,1.759116
15,simd-v0,64,0.291327
15,393435,64,0.221783
15,ours-406478,64,0.167414
15,simd-v0,65,0.291251
15,393435,65,0.211901
15,ours-406478,65,0.166442
15,KACTL,65,1.766703
15,393435,66,0.212064
15,ours-406478,66,0.176724
15,KACTL,66,1.755903
15,simd-v0,66,0.317174
15,ours-406478,67,0.167181
15,KACTL,67,1.765418
15,simd-v0,67,0.282741
15,393435,67,0.207882
15,KACTL,68,1.766376
15,simd-v0,68,0.291468
15,393435,68,0.212281
15,ours-406478,68,0.172010
15,simd-v0,69,0.281823
15,393435,69,0.204169
15,ours-406478,69,0.164521
15,KACTL,69,1.768397
15,393435,70,0.211958
15,ours-406478,70,0.176213
15,KACTL,70,1.810666
15,simd-v0,70,0.311949
15,ours-406478,71,0.178865
15,KACTL,71,1.821129
15,simd-v0,71,0.293711
15,393435,71,0.220750
15,KACTL,72,1.817276
15,simd-v0,72,0.303243
15,393435,72,0.232043
15,ours-406478,72,0.179442
15,simd-v0,73,0.302076
15,393435,73,0.222260
15,ours-406478,73,0.207242
15,KACTL,73,1.816372
15,393435,74,0.228207
15,ours-406478,74,0.178647
15,KACTL,74,1.813710
15,simd-v0,74,0.292582
15,ours-406478,75,0.172690
15,KACTL,75,1.825090
15,simd-v0,75,0.285389
15,393435,75,0.222153
15,KACTL,76,1.785448
15,simd-v0,76,0.290940
15,393435,76,0.207279
15,ours-406478,76,0.166478
15,simd-v0,77,0.282266
15,393435,77,0.214595
15,ours-406478,77,0.166401
15,KACTL,77,1.757721
15,393435,78,0.214062
15,ours-406478,78,0.166374
15,KACTL,78,1.812899
15,simd-v0,78,0.302304
15,ours-406478,79,0.177727
15,KACTL,79,1.871183
15,simd-v0,79,0.293577
15,393435,79,0.228260
15,KACTL,80,1.812514
15,simd-v0,80,0.312376
15,393435,80,0.222484
15,ours-406478,80,0.179322
15,simd-v0,81,0.312133
15,393435,81,0.222574
15,ours-406478,81,0.178891
15,KACTL,81,1.824640
15,393435,82,0.218176
15,ours-406478,82,0.179569
15,KACTL,82,1.788698
15,simd-v0,82,0.282729
15,ours-406478,83,0.166584
15,KACTL,83,1.759056
15,simd-v0,83,0.290028
15,393435,83,0.207724
15,KACTL,84,1.760291
15,simd-v0,84,0.292357
15,393435,84,0.214213
15,ours-406478,84,0.172333
15,simd-v0,85,0.299886
15,393435,85,0.213963
15,ours-406478,85,0.171860
15,KACTL,85,1.812587
15,393435,86,0.213173
15,ours-406478,86,0.172185
15,KACTL,86,1.780557
15,simd-v0,86,0.293013
15,ours-406478,87,0.182979
15,KACTL,87,1.761566
15,simd-v0,87,0.291831
15,393435,87,0.213999
15,KACTL,88,1.820365
15,simd-v0,88,0.302169
15,393435,88,0.207205
15,ours-406478,88,0.167239
15,simd-v0,89,0.290481
15,393435,89,0.209084
15,ours-406478,89,0.171624
15,KACTL,89,1.826215
15,393435,90,0.214116
15,ours-406478,90,0.172167
15,KACTL,90,1.778231
15,simd-v0,90,0.302599
15,ours-406478,91,0.188032
15,KACTL,91,1.816966
15,simd-v0,91,0.300811
15,393435,91,0.223351
15,KACTL,92,1.835310
15,simd-v0,92,0.282961
15,393435,92,0.207705
15,ours-406478,92,0.174131
15,simd-v0,93,0.282108
15,393435,93,0.206903
15,ours-406478,93,0.166282
15,KACTL,93,1.768133
15,393435,94,0.211982
15,ours-406478,94,0.167237
15,KACTL,94,1.766668
15,simd-v0,94,0.295627
15,ours-406478,95,0.166486
15,KACTL,95,1.783034
15,simd-v0,95,0.299723
15,393435,95,0.214465
15,KACTL,96,1.817765
15,simd-v0,96,0.285254
15,393435,96,0.214307
15,ours-406478,96,0.180556
15,simd-v0,97,0.316926
15,393435,97,0.234512
15,ours-406478,97,0.178430
15,KACTL,97,1.838588
15,393435,98,0.222647
15,ours-406478,98,0.187465
15,KACTL,98,1.811374
15,simd-v0,98,0.320282
15,ours-406478,99,0.179256
15,KACTL,99,1.850982
15,simd-v0,99,0.292956
15,393435,99,0.215082
15,KACTL,100,1.767466
15,simd-v0,100,0.282812
15,393435,100,0.214713
15,ours-406478,100,0.168706
15,simd-v0,101,0.315939
15,393435,101,0.207341
15,ours-406478,101,0.174430
15,KACTL,101,1.804501
15,393435,102,0.231724
15,ours-406478,102,0.177976
15,KACTL,102,1.914280
15,simd-v0,102,0.293688
15,ours-406478,103,0.179952
15,KACTL,103,1.825804
15,simd-v0,103,0.302689
15,393435,103,0.233502
15,KACTL,104,1.809024
15,simd-v0,104,0.301525
15,393435,104,0.253447
15,ours-406478,104,0.178743
15,simd-v0,105,0.313071
15,393435,105,0.228717
15,ours-406478,105,0.167391
15,KACTL,105,1.798929
15,393435,106,0.207182
15,ours-406478,106,0.166206
15,KACTL,106,1.760357
15,simd-v0,106,0.283256
15,ours-406478,107,0.166424
15,KACTL,107,1.764450
15,simd-v0,107,0.301497
15,393435,107,0.213964
15,KACTL,108,1.792300
15,simd-v0,108,0.309294
15,393435,108,0.215356
15,ours-406478,108,0.172939
15,simd-v0,109,0.303428
15,393435,109,0.215049
15,ours-406478,109,0.171713
15,KACTL,109,1.816074
15,393435,110,0.222469
15,ours-406478,110,0.179408
15,KACTL,110,1.816607
15,simd-v0,110,0.294083
15,ours-406478,111,0.205435
15,KACTL,111,1.834612
15,simd-v0,111,0.326493
15,393435,111,0.231148
15,KACTL,112,1.851851
15,simd-v0,112,0.293916
15,393435,112,0.220707
15,ours-406478,112,0.188613
15,simd-v0,113,0.303172
15,393435,113,0.222167
15,ours-406478,113,0.178316
15,KACTL,113,1.830876
15,393435,114,0.221605
15,ours-406478,114,0.184824
15,KACTL,114,1.869343
15,simd-v0,114,0.285893
15,ours-406478,115,0.175221
15,KACTL,115,1.830336
15,simd-v0,115,0.292172
15,393435,115,0.214586
15,KACTL,116,1.814155
15,simd-v0,116,0.292036
15,393435,116,0.213258
15,ours-406478,116,0.173069
15,simd-v0,117,0.292504
15,393435,117,0.213881
15,ours-406478,117,0.179285
15,KACTL,117,1.819199
15,393435,118,0.218886
15,ours-406478,118,0.166331
15,KACTL,118,1.761570
15,simd-v0,118,0.282869
15,ours-406478,119,0.166612
15,KACTL,119,1.765763
15,simd-v0,119,0.282476
15,393435,119,0.207741
15,KACTL,120,1.774990
15,simd-v0,120,0.299236
15,393435,120,0.214229
15,ours-406478,120,0.172257
15,simd-v0,121,0.291284
15,393435,121,0.206879
15,ours-406478,121,0.172646
15,KACTL,121,1.793384
15,393435,122,0.227688
15,ours-406478,122,0.179246
15,KACTL,122,1.816142
15,simd-v0,122,0.313330
15,ours-406478,123,0.185578
15,KACTL,123,1.826878
15,simd-v0,123,0.293726
15,393435,123,0.228419
15,KACTL,124,1.791844
15,simd-v0,124,0.306929
15,393435,124,0.215323
15,ours-406478,124,0.178875
15,simd-v0,125,0.302763
15,393435,125,0.251974
15,ours-406478,125,0.178779
15,KACTL,125,1.857224
15,393435,126,0.207240
15,ours-406478,126,0.166807
15,KACTL,126,1.763514
15,simd-v0,126,0.283138
15,ours-406478,127,0.166982
15,KACTL,127,1.764394
15,simd-v0,127,0.286984
15,393435,127,0.214634
15,KACTL,128,1.804701
15,simd-v0,128,0.292930
15,393435,128,0.215202
15,ours-406478,128,0.174157
15,simd-v0,129,0.302410
15,393435,129,0.215038
15,ours-406478,129,0.173058
15,KACTL,129,1.770780
15,393435,130,0.215275
15,ours-406478,130,0.172540
15,KACTL,130,1.776849
15,simd-v0,130,0.294026
15,ours-406478,131,0.184220
15,KACTL,131,1.840078
15,simd-v0,131,0.323522
15,393435,131,0.227341
15,KACTL,132,1.819391
15,simd-v0,132,0.293510
15,393435,132,0.220285
15,ours-406478,132,0.179300
15,simd-v0,133,0.302975
15,393435,133,0.222325
15,ours-406478,133,0.178572
15,KACTL,133,1.815785
15,393435,134,0.219830
15,ours-406478,134,0.173009
15,KACTL,134,1.760825
15,simd-v0,134,0.291740
15,ours-406478,135,0.174047
15,KACTL,135,1.783225
15,simd-v0,135,0.282636
15,393435,135,0.207953
15,KACTL,136,1.757935
15,simd-v0,136,0.282911
15,393435,136,0.207522
15,ours-406478,136,0.175224
15,simd-v0,137,0.282320
15,393435,137,0.207103
15,ours-406478,137,0.166032
15,KACTL,137,1.810088
15,393435,138,0.214393
15,ours-406478,138,0.172329
15,KACTL,138,1.783756
15,simd-v0,138,0.290006
15,ours-406478,139,0.166371
15,KACTL,139,1.761439
15,simd-v0,139,0.289609
15,393435,139,0.208219
15,KACTL,140,1.815775
15,simd-v0,140,0.301270
15,393435,140,0.221518
15,ours-406478,140,0.187245
15,simd-v0,141,0.301622
15,393435,141,0.221350
15,ours-406478,141,0.177084
15,KACTL,141,1.866089
15,393435,142,0.220549
15,ours-406478,142,0.188579
15,KACTL,142,1.772798
15,simd-v0,142,0.302574
15,ours-406478,143,0.172647
15,KACTL,143,1.801995
15,simd-v0,143,0.287574
15,393435,143,0.214970
15,KACTL,144,1.790724
15,simd-v0,144,0.283474
15,393435,144,0.215058
15,ours-406478,144,0.166894
15,simd-v0,145,0.282037
15,393435,145,0.207121
15,ours-406478,145,0.166771
15,KACTL,145,1.798582
15,393435,146,0.214462
15,ours-406478,146,0.180296
15,KACTL,146,1.825944
15,simd-v0,146,0.307798
15,ours-406478,147,0.178769
15,KACTL,147,1.824952
15,simd-v0,147,0.313100
15,393435,147,0.225440
15,KACTL,148,1.832911
15,simd-v0,148,0.329252
15,393435,148,0.222932
15,ours-406478,148,0.179711
15,simd-v0,149,0.319232
15,393435,149,0.232706
15,ours-406478,149,0.180160
15,KACTL,149,1.832141
15,393435,150,0.220153
15,ours-406478,150,0.178748
15,KACTL,150,1.827006
15,simd-v0,150,0.298355
15,ours-406478,151,0.173300
15,KACTL,151,1.816406
15,simd-v0,151,0.290174
15,393435,151,0.207941
15,KACTL,152,1.774453
15,simd-v0,152,0.301852
15,393435,152,0.222458
15,ours-406478,152,0.179061
15,simd-v0,153,0.315210
15,393435,153,0.228814
15,ours-406478,153,0.174170
15,KACTL,153,1.787950
15,393435,154,0.222562
15,ours-406478,154,0.179369
15,KACTL,154,1.816442
15,simd-v0,154,0.294320
15,ours-406478,155,0.188983
15,KACTL,155,1.815286
15,simd-v0,155,0.323113
15,393435,155,0.224606
15,KACTL,156,1.817588
15,simd-v0,156,0.286217
15,393435,156,0.213470
15,ours-406478,156,0.183318
15,simd-v0,157,0.297688
15,393435,157,0.215111
15,ours-406478,157,0.173236
15,KACTL,157,1.767806
15,393435,158,0.215402
15,ours-406478,158,0.173044
15,KACTL,158,1.773617
15,simd-v0,158,0.300723
15,ours-406478,159,0.185102
15,KACTL,159,1.829610
15,simd-v0,159,0.302301
15,393435,159,0.223218
15,KACTL,160,1.810256
15,simd-v0,160,0.284161
15,393435,160,0.213392
15,ours-406478,160,0.185799
15,simd-v0,161,0.292217
15,393435,161,0.215240
15,ours-406478,161,0.172173
15,KACTL,161,1.777298
15,393435,162,0.207306
15,ours-406478,162,0.173638
15,KACTL,162,1.751687
15,simd-v0,162,0.289952
15,ours-406478,163,0.166822
15,KACTL,163,1.764544
15,simd-v0,163,0.282660
15,393435,163,0.207887
15,KACTL,164,1.780523
15,simd-v0,164,0.290960
15,393435,164,0.212469
15,ours-406478,164,0.177956
15,simd-v0,165,0.298290
15,393435,165,0.221148
15,ours-406478,165,0.171956
15,KACTL,165,1.851813
15,393435,166,0.224641
15,ours-406478,166,0.188188
15,KACTL,166,1.810673
15,simd-v0,166,0.312358
15,ours-406478,167,0.178934
15,KACTL,167,1.823626
15,simd-v0,167,0.293716
15,393435,167,0.220844
15,KACTL,168,1.819629
15,simd-v0,168,0.311658
15,393435,168,0.225601
15,ours-406478,168,0.179268
15,simd-v0,169,0.303266
15,393435,169,0.214977
15,ours-406478,169,0.183316
15,KACTL,169,1.808778
15,393435,170,0.208536
15,ours-406478,170,0.167246
15,KACTL,170,1.766755
15,simd-v0,170,0.282652
15,ours-406478,171,0.166858
15,KACTL,171,1.890317
15,simd-v0,171,0.294862
15,393435,171,0.231037
15,KACTL,172,1.844984
15,simd-v0,172,0.317817
15,393435,172,0.222658
15,ours-406478,172,0.179723
15,simd-v0,173,0.312302
15,393435,173,0.222457
15,ours-406478,173,0.178730
15,KACTL,173,1.831820
15,393435,174,0.220483
15,ours-406478,174,0.178817
15,KACTL,174,1.831791
15,simd-v0,174,0.303521
15,ours-406478,175,0.188730
15,KACTL,175,1.782512
15,simd-v0,175,0.290416
15,393435,175,0.213929
15,KACTL,176,1.759911
15,simd-v0,176,0.292667
15,393435,176,0.215411
15,ours-406478,176,0.173300
15,simd-v0,177,0.313824
15,393435,177,0.216038
15,ours-406478,177,0.177451
15,KACTL,177,1.883376
15,393435,178,0.214437
15,ours-406478,178,0.171855
15,KACTL,178,1.857480
15,simd-v0,178,0.311866
15,ours-406478,179,0.179674
15,KACTL,179,1.824214
15,simd-v0,179,0.293729
15,393435,179,0.220405
15,KACTL,180,1.762988
15,simd-v0,180,0.299659
15,393435,180,0.233295
15,ours-406478,180,0.174082
15,simd-v0,181,0.292713
15,393435,181,0.219704
15,ours-406478,181,0.172714
15,KACTL,181,1.828267
15,393435,182,0.219944
15,ours-406478,182,0.166275
15,KACTL,182,1.753180
15,simd-v0,182,0.290095
15,ours-406478,183,0.167086
15,KACTL,183,1.845954
15,simd-v0,183,0.301948
15,393435,183,0.222149
15,KACTL,184,1.866153
15,simd-v0,184,0.304439
15,393435,184,0.219858
15,ours-406478,184,0.179588
15,simd-v0,185,0.302349
15,393435,185,0.232488
15,ours-406478,185,0.179044
15,KACTL,185,1.824067
15,393435,186,0.222575
15,ours-406478,186,0.178298
15,KACTL,186,1.819683
15,simd-v0,186,0.292418
15,ours-406478,187,0.172073
15,KACTL,187,1.806864
15,simd-v0,187,0.292028
15,393435,187,0.222665
15,KACTL,188,1.795633
15,simd-v0,188,0.300905
15,393435,188,0.222924
15,ours-406478,188,0.184979
15,simd-v0,189,0.318510
15,393435,189,0.222177
15,ours-406478,189,0.179063
15,KACTL,189,1.825578
15,393435,190,0.222569
15,ours-406478,190,0.178249
15,KACTL,190,2.008422
15,simd-v0,190,0.322818
15,ours-406478,191,0.190097
15,KACTL,191,1.862317
15,simd-v0,191,0.313412
15,393435,191,0.229166
15,KACTL,192,1.930289
15,simd-v0,192,0.295213
15,393435,192,0.214661
15,ours-406478,192,0.172824
15,simd-v0,193,0.291860
15,393435,193,0.209009
15,ours-406478,193,0.187645
15,KACTL,193,1.781249
15,393435,194,0.231203
15,ours-406478,194,0.166142
15,KACTL,194,1.771836
15,simd-v0,194,0.283724
15,ours-406478,195,0.166533
15,KACTL,195,1.856342
15,simd-v0,195,0.301697
15,393435,195,0.230570
15,KACTL,196,1.817941
15,simd-v0,196,0.300616
15,393435,196,0.220222
15,ours-406478,196,0.179680
15,simd-v0,197,0.302452
15,393435,197,0.232405
15,ours-406478,197,0.178306
15,KACTL,197,1.824757
15,393435,198,0.222364
15,ours-406478,198,0.178354
15,KACTL,198,1.928809
15,simd-v0,198,0.294020
15,ours-406478,199,0.197293
15,KACTL,199,1.819589
15,simd-v0,199,0.302332
15,393435,199,0.211130
15,KACTL,200,1.852868
15,simd-v0,200,0.294620
15,393435,200,0.222226
15,ours-406478,200,0.189755
15,simd-v0,201,0.311704
15,393435,201,0.222918
15,ours-406478,201,0.178050
15,KACTL,201,1.828841
15,393435,202,0.229117
15,ours-406478,202,0.190409
15,KACTL,202,1.812416
15,simd-v0,202,0.305866
15,ours-406478,203,0.179064
15,KACTL,203,1.844804
15,simd-v0,203,0.306448
15,393435,203,0.223082
15,KACTL,204,1.830685
15,simd-v0,204,0.300777
15,393435,204,0.220642
15,ours-406478,204,0.177983
15,simd-v0,205,0.292059
15,393435,205,0.215011
15,ours-406478,205,0.179407
15,KACTL,205,1.812698
15,393435,206,0.214050
15,ours-406478,206,0.166443
15,KACTL,206,1.788188
15,simd-v0,206,0.291399
15,ours-406478,207,0.171331
15,KACTL,207,1.863931
15,simd-v0,207,0.302380
15,393435,207,0.229948
15,KACTL,208,1.882984
15,simd-v0,208,0.305436
15,393435,208,0.220748
15,ours-406478,208,0.179370
15,simd-v0,209,0.314205
15,393435,209,0.228303
15,ours-406478,209,0.177882
15,KACTL,209,1.827759
15,393435,210,0.222614
15,ours-406478,210,0.178558
15,KACTL,210,1.818105
15,simd-v0,210,0.293699
15,ours-406478,211,0.209324
15,KACTL,211,1.797027
15,simd-v0,211,0.289552
15,393435,211,0.208814
15,KACTL,212,1.759862
15,simd-v0,212,0.291251
15,393435,212,0.210739
15,ours-406478,212,0.167462
15,simd-v0,213,0.301484
15,393435,213,0.211900
15,ours-406478,213,0.166820
15,KACTL,213,1.864659
15,393435,214,0.221547
15,ours-406478,214,0.177759
15,KACTL,214,1.846154
15,simd-v0,214,0.312328
15,ours-406478,215,0.179390
15,KACTL,215,1.825043
15,simd-v0,215,0.293587
15,393435,215,0.220822
15,KACTL,216,1.821245
15,simd-v0,216,0.303143
15,393435,216,0.232316
15,ours-406478,216,0.178717
15,simd-v0,217,0.302058
15,393435,217,0.219208
15,ours-406478,217,0.184237
15,KACTL,217,1.796567
15,393435,218,0.214279
15,ours-406478,218,0.166679
15,KACTL,218,1.757645
15,simd-v0,218,0.282533
15,ours-406478,219,0.166517
15,KACTL,219,1.840979
15,simd-v0,219,0.302785
15,393435,219,0.221894
15,KACTL,220,1.873464
15,simd-v0,220,0.305163
15,393435,220,0.216027
15,ours-406478,220,0.173259
15,simd-v0,221,0.292088
15,393435,221,0.224784
15,ours-406478,221,0.172403
15,KACTL,221,1.767360
15,393435,222,0.218387
15,ours-406478,222,0.177876
15,KACTL,222,1.815064
15,simd-v0,222,0.293622
15,ours-406478,223,0.179287
15,KACTL,223,1.840419
15,simd-v0,223,0.283032
15,393435,223,0.223155
15,KACTL,224,1.753244
15,simd-v0,224,0.289733
15,393435,224,0.207299
15,ours-406478,224,0.166712
15,simd-v0,225,0.282665
15,393435,225,0.214936
15,ours-406478,225,0.165899
15,KACTL,225,1.821701
15,393435,226,0.221484
15,ours-406478,226,0.177693
15,KACTL,226,1.875510
15,simd-v0,226,0.293735
15,ours-406478,227,0.185635
15,KACTL,227,1.845881
15,simd-v0,227,0.311861
15,393435,227,0.223234
15,KACTL,228,1.826516
15,simd-v0,228,0.294123
15,393435,228,0.220145
15,ours-406478,228,0.178598
15,simd-v0,229,0.313063
15,393435,229,0.222308
15,ours-406478,229,0.176373
15,KACTL,229,1.782492
15,393435,230,0.207212
15,ours-406478,230,0.166427
15,KACTL,230,1.757660
15,simd-v0,230,0.292063
15,ours-406478,231,0.176959
15,KACTL,231,1.761354
15,simd-v0,231,0.304539
15,393435,231,0.214214
15,KACTL,232,1.815427
15,simd-v0,232,0.291965
15,393435,232,0.214084
15,ours-406478,232,0.172632
15,simd-v0,233,0.292501
15,393435,233,0.215367
15,ours-406478,233,0.178833
15,KACTL,233,1.825248
15,393435,234,0.220163
15,ours-406478,234,0.178586
15,KACTL,234,1.817801
15,simd-v0,234,0.313106
15,ours-406478,235,0.183965
15,KACTL,235,1.811632
15,simd-v0,235,0.282443
15,393435,235,0.207682
15,KACTL,236,1.760097
15,simd-v0,236,0.291557
15,393435,236,0.208335
15,ours-406478,236,0.189723
15,simd-v0,237,0.281342
15,393435,237,0.204337
15,ours-406478,237,0.160060
15,KACTL,237,1.776493
15,393435,238,0.221478
15,ours-406478,238,0.185396
15,KACTL,238,1.859726
15,simd-v0,238,0.341382
15,ours-406478,239,0.178490
15,KACTL,239,1.806776
15,simd-v0,239,0.286221
15,393435,239,0.214589
15,KACTL,240,1.807845
15,simd-v0,240,0.291784
15,393435,240,0.221634
15,ours-406478,240,0.171598
15,simd-v0,241,0.291733
15,393435,241,0.213964
15,ours-406478,241,0.178358
15,KACTL,241,1.776836
15,393435,242,0.221465
15,ours-406478,242,0.171002
15,KACTL,242,1.763026
15,simd-v0,242,0.286257
15,ours-406478,243,0.166171
15,KACTL,243,1.765227
15,simd-v0,243,0.282837
15,393435,243,0.207859
15,KACTL,244,1.805082
15,simd-v0,244,0.282384
15,393435,244,0.214665
15,ours-406478,244,0.166286
15,simd-v0,245,0.285819
15,393435,245,0.213965
15,ours-406478,245,0.181711
15,KACTL,245,1.784871
15,393435,246,0.225433
15,ours-406478,246,0.173532
15,KACTL,246,1.805513
15,simd-v0,246,0.297138
15,ours-406478,247,0.184614
15,KACTL,247,1.824553
15,simd-v0,247,0.313675
15,393435,247,0.230183
15,KACTL,248,1.794124
15,simd-v0,248,0.290066
15,393435,248,0.207295
15,ours-406478,248,0.166511
15,simd-v0,249,0.282032
15,393435,249,0.214721
15,ours-406478,249,0.166230
15,KACTL,249,1.760630
15,393435,250,0.214151
15,ours-406478,250,0.166287
15,KACTL,250,1.825124
15,simd-v0,250,0.302713
15,ours-406478,251,0.177477
15,KACTL,251,1.795585
15,simd-v0,251,0.285051
15,393435,251,0.231725
15,KACTL,252,1.856635
15,simd-v0,252,0.310411
15,393435,252,0.221775
15,ours-406478,252,0.177863
15,simd-v0,253,0.301588
15,393435,253,0.229081
15,ours-406478,253,0.177066
15,KACTL,253,1.870191
15,393435,254,0.220199
15,ours-406478,254,0.178855
15,KACTL,254,1.817122
15,simd-v0,254,0.283054
15,ours-406478,255,0.173964
15,KACTL,255,1.757840
15,simd-v0,255,0.289934
15,393435,255,0.207785
15,KACTL,256,1.757724
15,simd-v0,256,0.290306
15,393435,256,0.216148
15,ours-406478,256,0.177597
15,simd-v0,257,0.311455
15,393435,257,0.221337
15,ours-406478,257,0.177827
15,KACTL,257,1.915197
15,393435,258,0.221289
15,ours-406478,258,0.173066
15,KACTL,258,1.760799
15,simd-v0,258,0.293274
15,ours-406478,259,0.173572
15,KACTL,259,1.792304
15,simd-v0,259,0.283003
15,393435,259,0.207995
15,KACTL,260,1.810941
15,simd-v0,260,0.291819
15,393435,260,0.215208
15,ours-406478,260,0.174402
15,simd-v0,261,0.282564
15,393435,261,0.206789
15,ours-406478,261,0.165749
15,KACTL,261,1.763133
15,393435,262,0.207250
15,ours-406478,262,0.166437
15,KACTL,262,1.756318
15,simd-v0,262,0.286855
15,ours-406478,263,0.188071
15,KACTL,263,1.869307
15,simd-v0,263,0.292490
15,393435,263,0.214457
15,KACTL,264,1.827754
15,simd-v0,264,0.284535
15,393435,264,0.212946
15,ours-406478,264,0.182873
15,simd-v0,265,0.292130
15,393435,265,0.214661
15,ours-406478,265,0.172313
15,KACTL,265,1.762741
15,393435,266,0.214948
15,ours-406478,266,0.182417
15,KACTL,266,1.749216
15,simd-v0,266,0.299061
15,ours-406478,267,0.173767
15,KACTL,267,1.779674
15,simd-v0,267,0.282800
15,393435,267,0.207998
15,KACTL,268,1.837935
15,simd-v0,268,0.291609
15,393435,268,0.207954
15,ours-406478,268,0.191089
15,simd-v0,269,0.282336
15,393435,269,0.213831
15,ours-406478,269,0.177569
15,KACTL,269,1.885682
15,393435,270,0.229183
15,ours-406478,270,0.177232
15,KACTL,270,1.824481
15,simd-v0,270,0.293592
15,ours-406478,271,0.178969
15,KACTL,271,1.823554
15,simd-v0,271,0.302992
15,393435,271,0.222961
15,KACTL,272,1.813418
15,simd-v0,272,0.297523
15,393435,272,0.213057
15,ours-406478,272,0.173080
15,simd-v0,273,0.292992
15,393435,273,0.221678
15,ours-406478,273,0.171176
15,KACTL,273,1.759291
15,393435,274,0.241329
15,ours-406478,274,0.166253
15,KACTL,274,1.779982
15,simd-v0,274,0.292869
15,ours-406478,275,0.173566
15,KACTL,275,1.882732
15,simd-v0,275,0.301975
15,393435,275,0.229946
15,KACTL,276,1.849169
15,simd-v0,276,0.294082
15,393435,276,0.219962
15,ours-406478,276,0.179256
15,simd-v0,277,0.312943
15,393435,277,0.222393
15,ours-406478,277,0.177648
15,KACTL,277,1.822513
15,393435,278,0.222170
15,ours-406478,278,0.178507
15,KACTL,278,1.820665
15,simd-v0,278,0.294009
15,ours-406478,279,0.185193
15,KACTL,279,1.783263
15,simd-v0,279,0.290633
15,393435,279,0.207769
15,KACTL,280,1.756908
15,simd-v0,280,0.282647
15,393435,280,0.207207
15,ours-406478,280,0.165726
15,simd-v0,281,0.309550
15,393435,281,0.207244
15,ours-406478,281,0.165459
15,KACTL,281,1.855652
15,393435,282,0.213973
15,ours-406478,282,0.172323
15,KACTL,282,1.806712
15,simd-v0,282,0.283536
15,ours-406478,283,0.173064
15,KACTL,283,1.816868
15,simd-v0,283,0.297202
15,393435,283,0.214729
15,KACTL,284,1.767279
15,simd-v0,284,0.282811
15,393435,284,0.207310
15,ours-406478,284,0.167096
15,simd-v0,285,0.290515
15,393435,285,0.206976
15,ours-406478,285,0.164744
15,KACTL,285,1.766480
15,393435,286,0.212097
15,ours-406478,286,0.167058
15,KACTL,286,1.756309
15,simd-v0,286,0.292385
15,ours-406478,287,0.177299
15,KACTL,287,1.763659
15,simd-v0,287,0.321715
15,393435,287,0.227672
15,KACTL,288,1.839925
15,simd-v0,288,0.301211
15,393435,288,0.217026
15,ours-406478,288,0.182940
15,simd-v0,289,0.292536
15,393435,289,0.216096
15,ours-406478,289,0.194606
15,KACTL,289,1.949433
15,393435,290,0.223418
15,ours-406478,290,0.199060
15,KACTL,290,1.827393
15,simd-v0,290,0.293562
15,ours-406478,291,0.179661
15,KACTL,291,1.849960
15,simd-v0,291,0.302825
15,393435,291,0.223229
15,KACTL,292,1.827097
15,simd-v0,292,0.316331
15,393435,292,0.213293
15,ours-406478,292,0.173784
15,simd-v0,293,0.292126
15,393435,293,0.225912
15,ours-406478,293,0.171749
15,KACTL,293,1.817709
15,393435,294,0.232748
15,ours-406478,294,0.178876
15,KACTL,294,1.871779
15,simd-v0,294,0.312835
15,ours-406478,295,0.179160
15,KACTL,295,1.820929
15,simd-v0,295,0.318006
15,393435,295,0.223013
15,KACTL,296,1.813711
15,simd-v0,296,0.305438
15,393435,296,0.220369
15,ours-406478,296,0.179403
15,simd-v0,297,0.313121
15,393435,297,0.222363
15,ours-406478,297,0.178340
15,KACTL,297,1.804676
15,393435,298,0.207104
15,ours-406478,298,0.166419
15,KACTL,298,1.771567
15,simd-v0,298,0.283438
15,ours-406478,299,0.174530
15,KACTL,299,1.754890
15,simd-v0,299,0.300873
15,393435,299,0.212680
15,KACTL,300,1.779136
15,simd-v0,300,0.292062
15,393435,300,0.212261
15,ours-406478,300,0.167599
15,simd-v0,301,0.304235
15,393435,301,0.211977
15,ours-406478,301,0.166545
15,KACTL,301,1.770100
15,393435,302,0.207239
15,ours-406478,302,0.166478
15,KACTL,302,1.759554
15,simd-v0,302,0.293268
15,ours-406478,303,0.182813
15,KACTL,303,1.768172
15,simd-v0,303,0.308029
15,393435,303,0.208057
15,KACTL,304,1.755237
15,simd-v0,304,0.301543
15,393435,304,0.213186
15,ours-406478,304,0.161253
15,simd-v0,305,0.291035
15,393435,305,0.203981
15,ours-406478,305,0.160221
15,KACTL,305,1.765780
15,393435,306,0.208519
15,ours-406478,306,0.166899
15,KACTL,306,1.848115
15,simd-v0,306,0.312921
15,ours-406478,307,0.190585
15,KACTL,307,1.840836
15,simd-v0,307,0.303183
15,393435,307,0.223039
15,KACTL,308,1.844342
15,simd-v0,308,0.311018
15,393435,308,0.220953
15,ours-406478,308,0.180113
15,simd-v0,309,0.291959
15,393435,309,0.213942
15,ours-406478,309,0.171166
15,KACTL,309,1.812394
15,393435,310,0.207360
15,ours-406478,310,0.173018
15,KACTL,310,1.748823
15,simd-v0,310,0.301703
15,ours-406478,311,0.167385
15,KACTL,311,1.807448
15,simd-v0,311,0.282298
15,393435,311,0.204881
15,KACTL,312,1.782198
15,simd-v0,312,0.312226
15,393435,312,0.236795
15,ours-406478,312,0.179612
15,simd-v0,313,0.311588
15,393435,313,0.226835
15,ours-406478,313,0.178236
15,KACTL,313,1.866736
15,393435,314,0.231512
15,ours-406478,314,0.179133
15,KACTL,314,1.811719
15,simd-v0,314,0.303469
15,ours-406478,315,0.178111
15,KACTL,315,1.821375
15,simd-v0,315,0.290052
15,393435,315,0.213585
15,KACTL,316,1.760947
15,simd-v0,316,0.307291
15,393435,316,0.207567
15,ours-406478,316,0.166904
15,simd-v0,317,0.282059
15,393435,317,0.206974
15,ours-406478,317,0.166004
15,KACTL,317,1.757731
15,393435,318,0.224829
15,ours-406478,318,0.166401
15,KACTL,318,1.763760
15,simd-v0,318,0.293051
15,ours-406478,319,0.172525
15,KACTL,319,1.786592
15,simd-v0,319,0.283000
15,393435,319,0.207940
15,KACTL,320,1.755498
15,simd-v0,320,0.282604
15,393435,320,0.207293
15,ours-406478,320,0.166757
15,simd-v0,321,0.282271
15,393435,321,0.206791
15,ours-406478,321,0.173250
15,KACTL,321,1.812774
15,393435,322,0.214508
15,ours-406478,322,0.167478
15,KACTL,322,1.794227
15,simd-v0,322,0.292638
15,ours-406478,323,0.169708
15,KACTL,323,1.764029
15,simd-v0,323,0.299588
15,393435,323,0.207921
15,KACTL,324,1.758439
15,simd-v0,324,0.294708
15,393435,324,0.221634
15,ours-406478,324,0.178129
15,simd-v0,325,0.301470
15,393435,325,0.221372
15,ours-406478,325,0.184125
15,KACTL,325,1.885769
15,393435,326,0.221684
15,ours-406478,326,0.177795
15,KACTL,326,1.814063
15,simd-v0,326,0.303404
15,ours-406478,327,0.179529
15,KACTL,327,1.818297
15,simd-v0,327,0.294031
15,393435,327,0.228754
15,KACTL,328,1.811434
15,simd-v0,328,0.303092
15,393435,328,0.222252
15,ours-406478,328,0.178677
15,simd-v0,329,0.313129
15,393435,329,0.222361
15,ours-406478,329,0.177857
15,KACTL,329,1.819089
15,393435,330,0.213449
15,ours-406478,330,0.173102
15,KACTL,330,1.768395
15,simd-v0,330,0.300107
15,ours-406478,331,0.174315
15,KACTL,331,1.754626
15,simd-v0,331,0.300680
15,393435,331,0.212792
15,KACTL,332,1.756518
15,simd-v0,332,0.283029
15,393435,332,0.207334
15,ours-406478,332,0.166015
15,simd-v0,333,0.290513
15,393435,333,0.207116
15,ours-406478,333,0.166018
15,KACTL,333,1.769609
15,393435,334,0.207080
15,ours-406478,334,0.166069
15,KACTL,334,1.754679
15,simd-v0,334,0.292191
15,ours-406478,335,0.166297
15,KACTL,335,1.762334
15,simd-v0,335,0.293212
15,393435,335,0.222594
15,KACTL,336,1.748638
15,simd-v0,336,0.289458
15,393435,336,0.204378
15,ours-406478,336,0.161108
15,simd-v0,337,0.281631
15,393435,337,0.211892
15,ours-406478,337,0.160236
15,KACTL,337,1.829241
15,393435,338,0.224617
15,ours-406478,338,0.178003
15,KACTL,338,1.876386
15,simd-v0,338,0.302646
15,ours-406478,339,0.188974
15,KACTL,339,1.816761
15,simd-v0,339,0.301463
15,393435,339,0.216379
15,KACTL,340,1.830098
15,simd-v0,340,0.291713
15,393435,340,0.214027
15,ours-406478,340,0.171625
15,simd-v0,341,0.299639
15,393435,341,0.213975
15,ours-406478,341,0.169190
15,KACTL,341,1.765427
15,393435,342,0.212246
15,ours-406478,342,0.167126
15,KACTL,342,1.756286
15,simd-v0,342,0.292344
15,ours-406478,343,0.186249
15,KACTL,343,1.792421
15,simd-v0,343,0.309426
15,393435,343,0.218956
15,KACTL,344,1.936198
15,simd-v0,344,0.295343
15,393435,344,0.220341
15,ours-406478,344,0.189278
15,simd-v0,345,0.302529
15,393435,345,0.222287
15,ours-406478,345,0.177784
15,KACTL,345,1.821836
15,393435,346,0.222563
15,ours-406478,346,0.188399
15,KACTL,346,1.813302
15,simd-v0,346,0.312245
15,ours-406478,347,0.207268
15,KACTL,347,3.001320
15,simd-v0,347,0.347407
15,393435,347,0.287316
15,KACTL,348,3.063164
15,simd-v0,348,0.359362
15,393435,348,0.297198
15,ours-406478,348,0.241077
15,simd-v0,349,0.365870
15,393435,349,0.261386
15,ours-406478,349,0.242430
15,KACTL,349,3.134343
15,393435,350,0.269853
15,ours-406478,350,0.244583
15,KACTL,350,1.864602
15,simd-v0,350,0.329858
15,ours-406478,351,0.179729
15,KACTL,351,1.861144
15,simd-v0,351,0.284891
15,393435,351,0.214882
15,KACTL,352,1.811500
15,simd-v0,352,0.281704
15,393435,352,0.235116
15,ours-406478,352,0.162066
15,simd-v0,353,0.281660
15,393435,353,0.204091
15,ours-406478,353,0.187715
15,KACTL,353,1.781742
15,393435,354,0.237299
15,ours-406478,354,0.179548
15,KACTL,354,1.901408
15,simd-v0,354,0.312720
15,ours-406478,355,0.179561
15,KACTL,355,1.831817
15,simd-v0,355,0.303589
15,393435,355,0.238513
15,KACTL,356,1.857584
15,simd-v0,356,0.296897
15,393435,356,0.220434
15,ours-406478,356,0.178918
15,simd-v0,357,0.313585
15,393435,357,0.228086
15,ours-406478,357,0.177796
15,KACTL,357,1.858786
15,393435,358,0.207621
15,ours-406478,358,0.166604
15,KACTL,358,1.764396
15,simd-v0,358,0.283814
15,ours-406478,359,0.179261
15,KACTL,359,1.768301
15,simd-v0,359,0.295545
15,393435,359,0.211563
15,KACTL,360,1.810220
15,simd-v0,360,0.292432
15,393435,360,0.214170
15,ours-406478,360,0.175153
15,simd-v0,361,0.318902
15,393435,361,0.215132
15,ours-406478,361,0.172676
15,KACTL,361,1.817799
15,393435,362,0.214523
15,ours-406478,362,0.172045
15,KACTL,362,1.842425
15,simd-v0,362,0.321314
15,ours-406478,363,0.175441
15,KACTL,363,1.815377
15,simd-v0,363,0.289807
15,393435,363,0.214275
15,KACTL,364,1.796650
15,simd-v0,364,0.283856
15,393435,364,0.207630
15,ours-406478,364,0.174266
15,simd-v0,365,0.282461
15,393435,365,0.206997
15,ours-406478,365,0.166146
15,KACTL,365,1.781285
15,393435,366,0.207522
15,ours-406478,366,0.185932
15,KACTL,366,1.870859
15,simd-v0,366,0.317196
15,ours-406478,367,0.178588
15,KACTL,367,1.836746
15,simd-v0,367,0.294063
15,393435,367,0.220871
15,KACTL,368,1.820144
15,simd-v0,368,0.302943
15,393435,368,0.242370
15,ours-406478,368,0.179571
15,simd-v0,369,0.303038
15,393435,369,0.222104
15,ours-406478,369,0.202477
15,KACTL,369,1.822662
15,393435,370,0.220188
15,ours-406478,370,0.189256
15,KACTL,370,1.802203
15,simd-v0,370,0.283657
15,ours-406478,371,0.166803
15,KACTL,371,1.766079
15,simd-v0,371,0.291736
15,393435,371,0.222584
15,KACTL,372,1.786873
15,simd-v0,372,0.322930
15,393435,372,0.227038
15,ours-406478,372,0.179448
15,simd-v0,373,0.311322
15,393435,373,0.230899
15,ours-406478,373,0.173131
15,KACTL,373,1.789291
15,393435,374,0.215425
15,ours-406478,374,0.172251
15,KACTL,374,1.763756
15,simd-v0,374,0.282833
15,ours-406478,375,0.166757
15,KACTL,375,1.762363
15,simd-v0,375,0.282857
15,393435,375,0.230559
15,KACTL,376,1.766694
15,simd-v0,376,0.291265
15,393435,376,0.212320
15,ours-406478,376,0.165582
15,simd-v0,377,0.281861
15,393435,377,0.211510
15,ours-406478,377,0.160028
15,KACTL,377,1.762170
15,393435,378,0.204323
15,ours-406478,378,0.160757
15,KACTL,378,1.769157
15,simd-v0,378,0.302585
15,ours-406478,379,0.178602
15,KACTL,379,1.824560
15,simd-v0,379,0.312491
15,393435,379,0.238801
15,KACTL,380,1.806976
15,simd-v0,380,0.300995
15,393435,380,0.219946
15,ours-406478,380,0.179051
15,simd-v0,381,0.312772
15,393435,381,0.222157
15,ours-406478,381,0.178018
15,KACTL,381,1.817474
15,393435,382,0.212769
15,ours-406478,382,0.166775
15,KACTL,382,1.762798
15,simd-v0,382,0.292286
15,ours-406478,383,0.167689
15,KACTL,383,1.764160
15,simd-v0,383,0.298549
15,393435,383,0.212646
15,KACTL,384,1.917890
15,simd-v0,384,0.292084
15,393435,384,0.212535
15,ours-406478,384,0.168246
15,simd-v0,385,0.331533
15,393435,385,0.227484
15,ours-406478,385,0.178576
15,KACTL,385,1.888869
15,393435,386,0.221623
15,ours-406478,386,0.185532
15,KACTL,386,1.840483
15,simd-v0,386,0.313349
15,ours-406478,387,0.179627
15,KACTL,387,1.802926
15,simd-v0,387,0.284437
15,393435,387,0.213404
15,KACTL,388,1.768761
15,simd-v0,388,0.291379
15,393435,388,0.240186
15,ours-406478,388,0.167808
15,simd-v0,389,0.291686
15,393435,389,0.212531
15,ours-406478,389,0.160052
15,KACTL,389,1.763608
15,393435,390,0.209289
15,ours-406478,390,0.177104
15,KACTL,390,1.751890
15,simd-v0,390,0.290058
15,ours-406478,391,0.161153
15,KACTL,391,1.761759
15,simd-v0,391,0.290377
15,393435,391,0.207899
15,KACTL,392,1.840254
15,simd-v0,392,0.316641
15,393435,392,0.229869
15,ours-406478,392,0.177513
15,simd-v0,393,0.302100
15,393435,393,0.221099
15,ours-406478,393,0.186082
15,KACTL,393,1.815176
15,393435,394,0.227447
15,ours-406478,394,0.177871
15,KACTL,394,1.821215
15,simd-v0,394,0.293452
15,ours-406478,395,0.173573
15,KACTL,395,1.848716
15,simd-v0,395,0.285531
15,393435,395,0.222821
15,KACTL,396,1.808785
15,simd-v0,396,0.310181
15,393435,396,0.222536
15,ours-406478,396,0.179353
15,simd-v0,397,0.302687
15,393435,397,0.232457
15,ours-406478,397,0.178188
15,KACTL,397,1.808016
15,393435,398,0.213458
15,ours-406478,398,0.172825
15,KACTL,398,1.765799
15,simd-v0,398,0.293280
15,ours-406478,399,0.175640
15,KACTL,399,1.826749
15,simd-v0,399,0.293380
15,393435,399,0.228463
15,KACTL,400,1.814268
15,simd-v0,400,0.282886
15,393435,400,0.207182
15,ours-406478,400,0.166295
15,simd-v0,401,0.290717
15,393435,401,0.208003
15,ours-406478,401,0.171669
15,KACTL,401,1.818580
15,393435,402,0.207322
15,ours-406478,402,0.166663
15,KACTL,402,1.765694
15,simd-v0,402,0.295508
15,ours-406478,403,0.177731
15,KACTL,403,1.869020
15,simd-v0,403,0.301278
15,393435,403,0.220833
15,KACTL,404,1.817264
15,simd-v0,404,0.303576
15,393435,404,0.222345
15,ours-406478,404,0.179046
15,simd-v0,405,0.314140
15,393435,405,0.237312
15,ours-406478,405,0.178548
15,KACTL,405,1.822319
15,393435,406,0.220107
15,ours-406478,406,0.178392
15,KACTL,406,1.819374
15,simd-v0,406,0.313204
15,ours-406478,407,0.179732
15,KACTL,407,1.810616
15,simd-v0,407,0.282578
15,393435,407,0.207787
15,KACTL,408,1.756993
15,simd-v0,408,0.282222
15,393435,408,0.221394
15,ours-406478,408,0.173994
15,simd-v0,409,0.283826
15,393435,409,0.216906
15,ours-406478,409,0.175853
15,KACTL,409,1.887150
15,393435,410,0.221634
15,ours-406478,410,0.184587
15,KACTL,410,1.821269
15,simd-v0,410,0.302914
15,ours-406478,411,0.179109
15,KACTL,411,1.823506
15,simd-v0,411,0.293567
15,393435,411,0.220742
15,KACTL,412,1.813197
15,simd-v0,412,0.312539
15,393435,412,0.222485
15,ours-406478,412,0.179406
15,simd-v0,413,0.301936
15,393435,413,0.230263
15,ours-406478,413,0.167923
15,KACTL,413,1.754816
15,393435,414,0.214141
15,ours-406478,414,0.168911
15,KACTL,414,1.763927
15,simd-v0,414,0.283145
15,ours-406478,415,0.166605
15,KACTL,415,1.774281
15,simd-v0,415,0.302657
15,393435,415,0.222011
15,KACTL,416,1.850804
15,simd-v0,416,0.337133
15,393435,416,0.220438
15,ours-406478,416,0.178860
15,simd-v0,417,0.302621
15,393435,417,0.233565
15,ours-406478,417,0.178424
15,KACTL,417,1.821859
15,393435,418,0.228124
15,ours-406478,418,0.178058
15,KACTL,418,1.828752
15,simd-v0,418,0.293880
15,ours-406478,419,0.179818
15,KACTL,419,1.801831
15,simd-v0,419,0.289825
15,393435,419,0.207919
15,KACTL,420,1.755773
15,simd-v0,420,0.287531
15,393435,420,0.212406
15,ours-406478,420,0.163761
15,simd-v0,421,0.301853
15,393435,421,0.211774
15,ours-406478,421,0.166427
15,KACTL,421,1.790845
15,393435,422,0.227065
15,ours-406478,422,0.179078
15,KACTL,422,1.835532
15,simd-v0,422,0.303244
15,ours-406478,423,0.190019
15,KACTL,423,1.813233
15,simd-v0,423,0.312326
15,393435,423,0.225401
15,KACTL,424,1.813954
15,simd-v0,424,0.302479
15,393435,424,0.222530
15,ours-406478,424,0.189034
15,simd-v0,425,0.302417
15,393435,425,0.222280
15,ours-406478,425,0.177282
15,KACTL,425,1.795366
15,393435,426,0.207265
15,ours-406478,426,0.167523
15,KACTL,426,1.756203
15,simd-v0,426,0.290697
15,ours-406478,427,0.167680
15,KACTL,427,1.768012
15,simd-v0,427,0.293658
15,393435,427,0.207941
15,KACTL,428,1.755837
15,simd-v0,428,0.283328
15,393435,428,0.207508
15,ours-406478,428,0.175372
15,simd-v0,429,0.285326
15,393435,429,0.213760
15,ours-406478,429,0.172247
15,KACTL,429,1.824166
15,393435,430,0.214221
15,ours-406478,430,0.172327
15,KACTL,430,1.757126
15,simd-v0,430,0.291937
15,ours-406478,431,0.174240
15,KACTL,431,1.761329
15,simd-v0,431,0.301356
15,393435,431,0.215840
15,KACTL,432,1.764233
15,simd-v0,432,0.291599
15,393435,432,0.212101
15,ours-406478,432,0.177869
15,simd-v0,433,0.292010
15,393435,433,0.211780
15,ours-406478,433,0.166329
15,KACTL,433,1.765000
15,393435,434,0.207315
15,ours-406478,434,0.165844
15,KACTL,434,1.867067
15,simd-v0,434,0.310200
15,ours-406478,435,0.179232
15,KACTL,435,1.870441
15,simd-v0,435,0.294122
15,393435,435,0.221245
15,KACTL,436,1.807499
15,simd-v0,436,0.292362
15,393435,436,0.221751
15,ours-406478,436,0.171287
15,simd-v0,437,0.291796
15,393435,437,0.213741
15,ours-406478,437,0.171679
15,KACTL,437,1.806381
15,393435,438,0.207389
15,ours-406478,438,0.166899
15,KACTL,438,1.748773
15,simd-v0,438,0.302051
15,ours-406478,439,0.164093
15,KACTL,439,1.762547
15,simd-v0,439,0.297227
15,393435,439,0.212817
15,KACTL,440,1.762591
15,simd-v0,440,0.301674
15,393435,440,0.250531
15,ours-406478,440,0.208208
15,simd-v0,441,0.325815
15,393435,441,0.227604
15,ours-406478,441,0.188443
15,KACTL,441,1.847639
15,393435,442,0.232418
15,ours-406478,442,0.178900
15,KACTL,442,1.814741
15,simd-v0,442,0.302644
15,ours-406478,443,0.181703
15,KACTL,443,1.820318
15,simd-v0,443,0.302655
15,393435,443,0.233252
15,KACTL,444,1.803665
15,simd-v0,444,0.299904
15,393435,444,0.214163
15,ours-406478,444,0.169729
15,simd-v0,445,0.282968
15,393435,445,0.216811
15,ours-406478,445,0.165661
15,KACTL,445,1.764823
15,393435,446,0.207398
15,ours-406478,446,0.166128
15,KACTL,446,1.825552
15,simd-v0,446,0.303169
15,ours-406478,447,0.178501
15,KACTL,447,1.883860
15,simd-v0,447,0.304936
15,393435,447,0.220522
15,KACTL,448,1.812746
15,simd-v0,448,0.303162
15,393435,448,0.222518
15,ours-406478,448,0.178981
15,simd-v0,449,0.313303
15,393435,449,0.222333
15,ours-406478,449,0.178660
15,KACTL,449,1.882335
15,393435,450,0.220583
15,ours-406478,450,0.179630
15,KACTL,450,1.814521
15,simd-v0,450,0.312521
15,ours-406478,451,0.180353
15,KACTL,451,1.762422
15,simd-v0,451,0.284128
15,393435,451,0.213682
15,KACTL,452,1.788095
15,simd-v0,452,0.302740
15,393435,452,0.222495
15,ours-406478,452,0.188561
15,simd-v0,453,0.302893
15,393435,453,0.222197
15,ours-406478,453,0.178583
15,KACTL,453,1.846489
15,393435,454,0.220417
15,ours-406478,454,0.188191
15,KACTL,454,1.812238
15,simd-v0,454,0.312188
15,ours-406478,455,0.178855
15,KACTL,455,1.822602
15,simd-v0,455,0.293838
15,393435,455,0.220938
15,KACTL,456,1.799658
15,simd-v0,456,0.291603
15,393435,456,0.212280
15,ours-406478,456,0.167482
15,simd-v0,457,0.290893
15,393435,457,0.206839
15,ours-406478,457,0.167656
15,KACTL,457,1.762173
15,393435,458,0.211446
15,ours-406478,458,0.160811
15,KACTL,458,1.782555
15,simd-v0,458,0.302196
15,ours-406478,459,0.173104
15,KACTL,459,1.782796
15,simd-v0,459,0.286495
15,393435,459,0.213207
15,KACTL,460,1.823461
15,simd-v0,460,0.300225
15,393435,460,0.219425
15,ours-406478,460,0.178793
15,simd-v0,461,0.302418
15,393435,461,0.222042
15,ours-406478,461,0.179039
15,KACTL,461,1.833140
15,393435,462,0.220406
15,ours-406478,462,0.179202
15,KACTL,462,1.827991
15,simd-v0,462,0.283197
15,ours-406478,463,0.167149
15,KACTL,463,1.812460
15,simd-v0,463,0.291433
15,393435,463,0.222305
15,KACTL,464,1.774253
15,simd-v0,464,0.309994
15,393435,464,0.221565
15,ours-406478,464,0.177974
15,simd-v0,465,0.302298
15,393435,465,0.231941
15,ours-406478,465,0.176603
15,KACTL,465,1.779128
15,393435,466,0.207221
15,ours-406478,466,0.166239
15,KACTL,466,1.783928
15,simd-v0,466,0.283269
15,ours-406478,467,0.166585
15,KACTL,467,1.769400
15,simd-v0,467,0.283302
15,393435,467,0.215783
15,KACTL,468,1.748887
15,simd-v0,468,0.290168
15,393435,468,0.207309
15,ours-406478,468,0.167500
15,simd-v0,469,0.287511
15,393435,469,0.212574
15,ours-406478,469,0.163253
15,KACTL,469,1.779414
15,393435,470,0.204294
15,ours-406478,470,0.160764
15,KACTL,470,1.755748
15,simd-v0,470,0.288507
15,ours-406478,471,0.167462
15,KACTL,471,1.765028
15,simd-v0,471,0.291821
15,393435,471,0.223157
15,KACTL,472,1.773392
15,simd-v0,472,0.304248
15,393435,472,0.215135
15,ours-406478,472,0.173012
15,simd-v0,473,0.292020
15,393435,473,0.225629
15,ours-406478,473,0.173688
15,KACTL,473,1.765823
15,393435,474,0.213142
15,ours-406478,474,0.172178
15,KACTL,474,1.761356
15,simd-v0,474,0.292984
15,ours-406478,475,0.173421
15,KACTL,475,1.775124
15,simd-v0,475,0.282321
15,393435,475,0.215570
15,KACTL,476,1.750070
15,simd-v0,476,0.289720
15,393435,476,0.207333
15,ours-406478,476,0.166630
15,simd-v0,477,0.282633
15,393435,477,0.219483
15,ours-406478,477,0.178911
15,KACTL,477,1.800937
15,393435,478,0.207199
15,ours-406478,478,0.166125
15,KACTL,478,1.757406
15,simd-v0,478,0.282903
15,ours-406478,479,0.167038
15,KACTL,479,1.763514
15,simd-v0,479,0.283238
15,393435,479,0.213108
15,KACTL,480,1.788445
15,simd-v0,480,0.299745
15,393435,480,0.209532
15,ours-406478,480,0.167149
15,simd-v0,481,0.283775
15,393435,481,0.221653
15,ours-406478,481,0.173559
15,KACTL,481,1.765504
15,393435,482,0.214094
15,ours-406478,482,0.166416
15,KACTL,482,1.755367
15,simd-v0,482,0.283244
15,ours-406478,483,0.166929
15,KACTL,483,1.811425
15,simd-v0,483,0.301961
15,393435,483,0.222860
15,KACTL,484,1.807723
15,simd-v0,484,0.312170
15,393435,484,0.222589
15,ours-406478,484,0.179033
15,simd-v0,485,0.302098
15,393435,485,0.232146
15,ours-406478,485,0.183898
15,KACTL,485,1.821459
15,393435,486,0.220020
15,ours-406478,486,0.178694
15,KACTL,486,1.817865
15,simd-v0,486,0.303114
15,ours-406478,487,0.179647
15,KACTL,487,1.814105
15,simd-v0,487,0.299992
15,393435,487,0.214823
15,KACTL,488,1.762530
15,simd-v0,488,0.283087
15,393435,488,0.207258
15,ours-406478,488,0.166879
15,simd-v0,489,0.290503
15,393435,489,0.209695
15,ours-406478,489,0.165446
15,KACTL,489,1.832395
15,393435,490,0.221365
15,ours-406478,490,0.177891
15,KACTL,490,1.875782
15,simd-v0,490,0.293565
15,ours-406478,491,0.188801
15,KACTL,491,1.812779
15,simd-v0,491,0.311953
15,393435,491,0.223223
15,KACTL,492,1.814170
15,simd-v0,492,0.293912
15,393435,492,0.220049
15,ours-406478,492,0.196219
15,simd-v0,493,0.308067
15,393435,493,0.216755
15,ours-406478,493,0.171624
15,KACTL,493,1.796928
15,393435,494,0.236548
15,ours-406478,494,0.180120
15,KACTL,494,1.762173
15,simd-v0,494,0.290266
15,ours-406478,495,0.167239
15,KACTL,495,1.768583
15,simd-v0,495,0.289369
15,393435,495,0.222472
15,KACTL,496,1.868234
15,simd-v0,496,0.294683
15,393435,496,0.230454
15,ours-406478,496,0.181541
15,simd-v0,497,0.302904
15,393435,497,0.218583
15,ours-406478,497,0.172104
15,KACTL,497,1.771204
15,393435,498,0.215431
15,ours-406478,498,0.182182
15,KACTL,498,1.783931
15,simd-v0,498,0.301293
15,ours-406478,499,0.184448
15,KACTL,499,1.823368
15,simd-v0,499,0.350680
15,393435,499,0.230211
15,KACTL,500,1.817213
15,simd-v0,500,0.308812
15,393435,500,0.224966
15,ours-406478,500,0.178254
15,simd-v0,501,0.301790
15,393435,501,0.229414
15,ours-406478,501,0.178001
15,KACTL,501,1.885020
15,393435,502,0.221439
15,ours-406478,502,0.178861
15,KACTL,502,1.839084
15,simd-v0,502,0.298473
15,ours-406478,503,0.179385
15,KACTL,503,1.842003
15,simd-v0,503,0.331786
15,393435,503,0.222892
15,KACTL,504,1.834626
15,simd-v0,504,0.296622
15,393435,504,0.220028
15,ours-406478,504,0.179792
15,simd-v0,505,0.323025
15,393435,505,0.222309
15,ours-406478,505,0.178328
15,KACTL,505,1.830787
15,393435,506,0.221504
15,ours-406478,506,0.166944
15,KACTL,506,1.786629
15,simd-v0,506,0.290587
15,ours-406478,507,0.168031
15,KACTL,507,1.813719
15,simd-v0,507,0.292923
15,393435,507,0.214949
15,KACTL,508,1.990639
15,simd-v0,508,0.293654
15,393435,508,0.232246
15,ours-406478,508,0.168278
15,simd-v0,509,0.291513
15,393435,509,0.213919
15,ours-406478,509,0.182557
15,KACTL,509,1.763230
15,393435,510,0.221528
15,ours-406478,510,0.171418
15,KACTL,510,1.812873
15,simd-v0,510,0.286099
15,ours-406478,511,0.175087
15,KACTL,511,1.816056
15,simd-v0,511,0.283216
15,393435,511,0.207793
15,KACTL,512,1.759488
15,simd-v0,512,0.291934
15,393435,512,0.220916
15,ours-406478,512,0.161120
15,simd-v0,513,0.280834
15,393435,513,0.203899
15,ours-406478,513,0.167734
15,KACTL,513,1.755283
15,393435,514,0.214300
15,ours-406478,514,0.166693
15,KACTL,514,1.817708
15,simd-v0,514,0.302815
15,ours-406478,515,0.198475
15,KACTL,515,1.824756
15,simd-v0,515,0.294120
15,393435,515,0.221026
15,KACTL,516,1.831580
15,simd-v0,516,0.312867
15,393435,516,0.222651
15,ours-406478,516,0.179199
15,simd-v0,517,0.302543
15,393435,517,0.232243
15,ours-406478,517,0.179023
15,KACTL,517,1.867919
15,393435,518,0.220325
15,ours-406478,518,0.179951
15,KACTL,518,1.814595
15,simd-v0,518,0.283153
15,ours-406478,519,0.166964
15,KACTL,519,1.761778
15,simd-v0,519,0.291763
15,393435,519,0.212606
15,KACTL,520,1.766872
15,simd-v0,520,0.282416
15,393435,520,0.207258
15,ours-406478,520,0.166703
15,simd-v0,521,0.282564
15,393435,521,0.207137
15,ours-406478,521,0.166089
15,KACTL,521,1.777347
15,393435,522,0.220160
15,ours-406478,522,0.178353
15,KACTL,522,1.922327
15,simd-v0,522,0.295202
15,ours-406478,523,0.191435
15,KACTL,523,1.818477
15,simd-v0,523,0.312627
15,393435,523,0.223069
15,KACTL,524,1.805872
15,simd-v0,524,0.283696
15,393435,524,0.213463
15,ours-406478,524,0.173575
15,simd-v0,525,0.302475
15,393435,525,0.213382
15,ours-406478,525,0.165778
15,KACTL,525,1.767200
15,393435,526,0.212232
15,ours-406478,526,0.167462
15,KACTL,526,1.762532
15,simd-v0,526,0.292519
15,ours-406478,527,0.179280
15,KACTL,527,1.803972
15,simd-v0,527,0.309747
15,393435,527,0.222045
15,KACTL,528,1.844355
15,simd-v0,528,0.292430
15,393435,528,0.215062
15,ours-406478,528,0.182950
15,simd-v0,529,0.285660
15,393435,529,0.212734
15,ours-406478,529,0.172919
15,KACTL,529,1.816740
15,393435,530,0.230434
15,ours-406478,530,0.182278
15,KACTL,530,1.756911
15,simd-v0,530,0.289974
15,ours-406478,531,0.166803
15,KACTL,531,1.760229
15,simd-v0,531,0.282853
15,393435,531,0.207813
15,KACTL,532,1.769897
15,simd-v0,532,0.287811
15,393435,532,0.221420
15,ours-406478,532,0.185934
15,simd-v0,533,0.302418
15,393435,533,0.221211
15,ours-406478,533,0.177114
15,KACTL,533,1.820052
15,393435,534,0.223132
15,ours-406478,534,0.187234
15,KACTL,534,1.831936
15,simd-v0,534,0.313854
15,ours-406478,535,0.178989
15,KACTL,535,1.818569
15,simd-v0,535,0.293697
15,393435,535,0.220505
15,KACTL,536,1.825037
15,simd-v0,536,0.302341
15,393435,536,0.232212
15,ours-406478,536,0.173188
15,simd-v0,537,0.292169
15,393435,537,0.214844
15,ours-406478,537,0.180971
15,KACTL,537,1.769136
15,393435,538,0.214010
15,ours-406478,538,0.166140
15,KACTL,538,1.798473
15,simd-v0,538,0.302420
15,ours-406478,539,0.178488
15,KACTL,539,1.844766
15,simd-v0,539,0.293973
15,393435,539,0.229923
15,KACTL,540,1.824670
15,simd-v0,540,0.312172
15,393435,540,0.222477
15,ours-406478,540,0.179556
15,simd-v0,541,0.302510
15,393435,541,0.232352
15,ours-406478,541,0.177956
15,KACTL,541,1.818188
15,393435,542,0.220104
15,ours-406478,542,0.178663
15,KACTL,542,1.797463
15,simd-v0,542,0.293194
15,ours-406478,543,0.172581
15,KACTL,543,1.765685
15,simd-v0,543,0.282896
15,393435,543,0.210236
15,KACTL,544,1.761359
15,simd-v0,544,0.282811
15,393435,544,0.207341
15,ours-406478,544,0.166468
15,simd-v0,545,0.282797
15,393435,545,0.215376
15,ours-406478,545,0.165826
15,KACTL,545,1.759650
15,393435,546,0.207189
15,ours-406478,546,0.167228
15,KACTL,546,1.767173
15,simd-v0,546,0.283015
15,ours-406478,547,0.182167
15,KACTL,547,1.807200
15,simd-v0,547,0.293305
15,393435,547,0.231250
15,KACTL,548,1.756356
15,simd-v0,548,0.291239
15,393435,548,0.213080
15,ours-406478,548,0.173139
15,simd-v0,549,0.292616
15,393435,549,0.224674
15,ours-406478,549,0.170221
15,KACTL,549,1.767000
15,393435,550,0.207410
15,ours-406478,550,0.166634
15,KACTL,550,1.767217
15,simd-v0,550,0.292471
15,ours-406478,551,0.167555
15,KACTL,551,1.760486
15,simd-v0,551,0.292056
15,393435,551,0.222268
15,KACTL,552,1.764650
15,simd-v0,552,0.289948
15,393435,552,0.207483
15,ours-406478,552,0.167206
15,simd-v0,553,0.282172
15,393435,553,0.214634
15,ours-406478,553,0.166291
15,KACTL,553,1.761391
15,393435,554,0.207345
15,ours-406478,554,0.167321
15,KACTL,554,1.776699
15,simd-v0,554,0.292798
15,ours-406478,555,0.173759
15,KACTL,555,1.788950
15,simd-v0,555,0.282612
15,393435,555,0.215205
15,KACTL,556,1.770117
15,simd-v0,556,0.301125
15,393435,556,0.212260
15,ours-406478,556,0.161358
15,simd-v0,557,0.281209
15,393435,557,0.211525
15,ours-406478,557,0.160139
15,KACTL,557,1.788287
15,393435,558,0.219301
15,ours-406478,558,0.173055
15,KACTL,558,1.823316
15,simd-v0,558,0.292690
15,ours-406478,559,0.172545
15,KACTL,559,1.762427
15,simd-v0,559,0.292969
15,393435,559,0.224583
15,KACTL,560,1.796946
15,simd-v0,560,0.330795
15,393435,560,0.222868
15,ours-406478,560,0.179737
15,simd-v0,561,0.309207
15,393435,561,0.207025
15,ours-406478,561,0.166049
15,KACTL,561,1.805320
15,393435,562,0.214528
15,ours-406478,562,0.172346
15,KACTL,562,1.782653
15,simd-v0,562,0.283452
15,ours-406478,563,0.167129
15,KACTL,563,1.765181
15,simd-v0,563,0.307443
15,393435,563,0.225158
15,KACTL,564,1.843509
15,simd-v0,564,0.308028
15,393435,564,0.222668
15,ours-406478,564,0.178963
15,simd-v0,565,0.313454
15,393435,565,0.223261
15,ours-406478,565,0.179379
15,KACTL,565,1.827307
15,393435,566,0.222493
15,ours-406478,566,0.183579
15,KACTL,566,1.820558
15,simd-v0,566,0.301484
15,ours-406478,567,0.179639
15,KACTL,567,1.818003
15,simd-v0,567,0.308844
15,393435,567,0.223185
15,KACTL,568,1.827003
15,simd-v0,568,0.293374
15,393435,568,0.220457
15,ours-406478,568,0.188204
15,simd-v0,569,0.302540
15,393435,569,0.222112
15,ours-406478,569,0.178536
15,KACTL,569,1.811007
15,393435,570,0.222737
15,ours-406478,570,0.187625
15,KACTL,570,1.814692
15,simd-v0,570,0.284492
15,ours-406478,571,0.174209
15,KACTL,571,1.804289
15,simd-v0,571,0.313564
15,393435,571,0.230940
15,KACTL,572,1.827490
15,simd-v0,572,0.316480
15,393435,572,0.238021
15,ours-406478,572,0.179807
15,simd-v0,573,0.302193
15,393435,573,0.250212
15,ours-406478,573,0.178589
15,KACTL,573,1.852468
15,393435,574,0.214443
15,ours-406478,574,0.172166
15,KACTL,574,1.826648
15,simd-v0,574,0.285896
15,ours-406478,575,0.175081
15,KACTL,575,1.799041
15,simd-v0,575,0.282942
15,393435,575,0.220156
15,KACTL,576,1.769713
15,simd-v0,576,0.290121
15,393435,576,0.207334
15,ours-406478,576,0.167122
15,simd-v0,577,0.282487
15,393435,577,0.214412
15,ours-406478,577,0.165754
15,KACTL,577,1.800392
15,393435,578,0.214271
15,ours-406478,578,0.171840
15,KACTL,578,1.837414
15,simd-v0,578,0.303122
15,ours-406478,579,0.178705
15,KACTL,579,1.821839
15,simd-v0,579,0.306405
15,393435,579,0.220601
15,KACTL,580,1.765151
15,simd-v0,580,0.292399
15,393435,580,0.215152
15,ours-406478,580,0.173169
15,simd-v0,581,0.302165
15,393435,581,0.214824
15,ours-406478,581,0.172842
15,KACTL,581,1.794164
15,393435,582,0.212966
15,ours-406478,582,0.178839
15,KACTL,582,1.822036
15,simd-v0,582,0.302895
15,ours-406478,583,0.188167
15,KACTL,583,1.818098
15,simd-v0,583,0.300827
15,393435,583,0.220612
15,KACTL,584,1.821608
15,simd-v0,584,0.302869
15,393435,584,0.222520
15,ours-406478,584,0.189371
15,simd-v0,585,0.302359
15,393435,585,0.222003
15,ours-406478,585,0.178548
15,KACTL,585,1.821718
15,393435,586,0.220386
15,ours-406478,586,0.184504
15,KACTL,586,1.784211
15,simd-v0,586,0.290521
15,ours-406478,587,0.166822
15,KACTL,587,1.763658
15,simd-v0,587,0.282906
15,393435,587,0.207942
15,KACTL,588,1.767434
15,simd-v0,588,0.282930
15,393435,588,0.207428
15,ours-406478,588,0.174052
15,simd-v0,589,0.282587
15,393435,589,0.206933
15,ours-406478,589,0.165269
15,KACTL,589,1.781614
15,393435,590,0.207734
15,ours-406478,590,0.166886
15,KACTL,590,1.803253
15,simd-v0,590,0.290306
15,ours-406478,591,0.166323
15,KACTL,591,1.863012
15,simd-v0,591,0.301906
15,393435,591,0.222016
15,KACTL,592,1.888366
15,simd-v0,592,0.293741
15,393435,592,0.235619
15,ours-406478,592,0.180119
15,simd-v0,593,0.302715
15,393435,593,0.222107
15,ours-406478,593,0.273850
15,KACTL,593,1.818993
15,393435,594,0.230728
15,ours-406478,594,0.172918
15,KACTL,594,1.816198
15,simd-v0,594,0.293870
15,ours-406478,595,0.184583
15,KACTL,595,1.822875
15,simd-v0,595,0.302744
15,393435,595,0.232820
15,KACTL,596,1.825086
15,simd-v0,596,0.293477
15,393435,596,0.222825
15,ours-406478,596,0.181452
15,simd-v0,597,0.312857
15,393435,597,0.221954
15,ours-406478,597,0.178883
15,KACTL,597,1.779210
15,393435,598,0.228999
15,ours-406478,598,0.172640
15,KACTL,598,1.779647
15,simd-v0,598,0.283616
15,ours-406478,599,0.174408
15,KACTL,599,1.784053
15,simd-v0,599,0.304315
15,393435,599,0.227481
15,KACTL,600,1.785561
15,simd-v0,600,0.293565
15,393435,600,0.223206
15,ours-406478,600,0.180024
16,KACTL,0,5.420446
16,simd-v0,0,0.755291
16,393435,0,0.535236
16,ours-406478,0,0.385183
16,simd-v0,1,0.655276
16,393435,1,0.479217
16,ours-406478,1,0.371117
16,KACTL,1,3.927448
16,393435,2,0.436800
16,ours-406478,2,0.367827
16,KACTL,2,3.950341
16,simd-v0,2,0.677458
16,ours-406478,3,0.396738
16,KACTL,3,3.948226
16,simd-v0,3,0.642317
16,393435,3,0.468573
16,KACTL,4,3.867943
16,simd-v0,4,0.619796
16,393435,4,0.452030
16,ours-406478,4,0.377341
16,simd-v0,5,0.623795
16,393435,5,0.477686
16,ours-406478,5,0.381771
16,KACTL,5,3.940616
16,393435,6,0.463721
16,ours-406478,6,0.386685
16,KACTL,6,4.114093
16,simd-v0,6,0.644305
16,ours-406478,7,0.385024
16,KACTL,7,3.909702
16,simd-v0,7,0.641681
16,393435,7,0.479809
16,KACTL,8,3.908104
16,simd-v0,8,0.637214
16,393435,8,0.506721
16,ours-406478,8,0.385570
16,simd-v0,9,0.664676
16,393435,9,0.484163
16,ours-406478,9,0.398272
16,KACTL,9,3.898243
16,393435,10,0.452451
16,ours-406478,10,0.383484
16,KACTL,10,3.831961
16,simd-v0,10,0.619846
16,ours-406478,11,0.382847
16,KACTL,11,3.831667
16,simd-v0,11,0.635356
16,393435,11,0.489134
16,KACTL,12,3.922427
16,simd-v0,12,0.630577
16,393435,12,0.480278
16,ours-406478,12,0.384026
16,simd-v0,13,0.644538
16,393435,13,0.467758
16,ours-406478,13,0.396156
16,KACTL,13,3.971144
16,393435,14,0.467218
16,ours-406478,14,0.396918
16,KACTL,14,3.946290
16,simd-v0,14,0.630383
16,ours-406478,15,0.395877
16,KACTL,15,3.926890
16,simd-v0,15,0.629688
16,393435,15,0.468865
16,KACTL,16,3.954675
16,simd-v0,16,0.644451
16,393435,16,0.468929
16,ours-406478,16,0.395975
16,simd-v0,17,0.630397
16,393435,17,0.514285
16,ours-406478,17,0.383358
16,KACTL,17,3.950612
16,393435,18,0.464058
16,ours-406478,18,0.382416
16,KACTL,18,4.040494
16,simd-v0,18,0.641238
16,ours-406478,19,0.385772
16,KACTL,19,3.931018
16,simd-v0,19,0.642610
16,393435,19,0.468899
16,KACTL,20,3.911026
16,simd-v0,20,0.638872
16,393435,20,0.479789
16,ours-406478,20,0.384647
16,simd-v0,21,0.639541
16,393435,21,0.452400
16,ours-406478,21,0.383617
16,KACTL,21,3.809045
16,393435,22,0.478507
16,ours-406478,22,0.380891
16,KACTL,22,3.975033
16,simd-v0,22,0.648458
16,ours-406478,23,0.399736
16,KACTL,23,3.912004
16,simd-v0,23,0.631704
16,393435,23,0.480516
16,KACTL,24,3.912292
16,simd-v0,24,0.634438
16,393435,24,0.480149
16,ours-406478,24,0.384324
16,simd-v0,25,0.643253
16,393435,25,0.468084
16,ours-406478,25,0.394668
16,KACTL,25,3.907100
16,393435,26,0.467869
16,ours-406478,26,0.389240
16,KACTL,26,4.003084
16,simd-v0,26,0.609821
16,ours-406478,27,0.381901
16,KACTL,27,3.888374
16,simd-v0,27,0.630398
16,393435,27,0.479963
16,KACTL,28,3.913469
16,simd-v0,28,0.645480
16,393435,28,0.468566
16,ours-406478,28,0.383772
16,simd-v0,29,0.665368
16,393435,29,0.481876
16,ours-406478,29,0.372512
16,KACTL,29,3.827000
16,393435,30,0.436985
16,ours-406478,30,0.367022
16,KACTL,30,3.911024
16,simd-v0,30,0.643596
16,ours-406478,31,0.405548
16,KACTL,31,3.937142
16,simd-v0,31,0.640635
16,393435,31,0.473677
16,KACTL,32,3.888038
16,simd-v0,32,0.606791
16,393435,32,0.452300
16,ours-406478,32,0.371607
16,simd-v0,33,0.607440
16,393435,33,0.464464
16,ours-406478,33,0.372243
16,KACTL,33,3.932258
16,393435,34,0.489243
16,ours-406478,34,0.384053
16,KACTL,34,3.910621
16,simd-v0,34,0.656065
16,ours-406478,35,0.383188
16,KACTL,35,3.843750
16,simd-v0,35,0.599043
16,393435,35,0.438003
16,KACTL,36,3.919775
16,simd-v0,36,0.599863
16,393435,36,0.437926
16,ours-406478,36,0.357066
16,simd-v0,37,0.609111
16,393435,37,0.463704
16,ours-406478,37,0.359892
16,KACTL,37,3.802357
16,393435,38,0.452969
16,ours-406478,38,0.377811
16,KACTL,38,3.844617
16,simd-v0,38,0.610901
16,ours-406478,39,0.381049
16,KACTL,39,3.998045
16,simd-v0,39,0.617498
16,393435,39,0.462591
16,KACTL,40,3.942147
16,simd-v0,40,0.632980
16,393435,40,0.453076
16,ours-406478,40,0.366878
16,simd-v0,41,0.608860
16,393435,41,0.447010
16,ours-406478,41,0.356767
16,KACTL,41,3.825262
16,393435,42,0.467986
16,ours-406478,42,0.390039
16,KACTL,42,3.983255
16,simd-v0,42,0.631394
16,ours-406478,43,0.395732
16,KACTL,43,3.883553
16,simd-v0,43,0.607443
16,393435,43,0.464883
16,KACTL,44,3.980243
16,simd-v0,44,0.643439
16,393435,44,0.468112
16,ours-406478,44,0.395672
16,simd-v0,45,0.631851
16,393435,45,0.480037
16,ours-406478,45,0.383920
16,KACTL,45,4.075786
16,393435,46,0.489666
16,ours-406478,46,0.381535
16,KACTL,46,4.117023
16,simd-v0,46,0.652719
16,ours-406478,47,0.384627
16,KACTL,47,3.965255
16,simd-v0,47,0.647892
16,393435,47,0.514050
16,KACTL,48,3.911047
16,simd-v0,48,0.630739
16,393435,48,0.481010
16,ours-406478,48,0.383563
16,simd-v0,49,0.643839
16,393435,49,0.468758
16,ours-406478,49,0.383624
16,KACTL,49,3.943979
16,393435,50,0.467513
16,ours-406478,50,0.390213
16,KACTL,50,3.978388
16,simd-v0,50,0.648602
16,ours-406478,51,0.385303
16,KACTL,51,3.930993
16,simd-v0,51,0.648458
16,393435,51,0.484602
16,KACTL,52,3.827081
16,simd-v0,52,0.618256
16,393435,52,0.437826
16,ours-406478,52,0.366415
16,simd-v0,53,0.590312
16,393435,53,0.472515
16,ours-406478,53,0.381110
16,KACTL,53,3.921390
16,393435,54,0.478539
16,ours-406478,54,0.384946
16,KACTL,54,4.039402
16,simd-v0,54,0.600014
16,ours-406478,55,0.356310
16,KACTL,55,3.794506
16,simd-v0,55,0.605920
16,393435,55,0.453163
16,KACTL,56,3.873080
16,simd-v0,56,0.640280
16,393435,56,0.467368
16,ours-406478,56,0.386007
16,simd-v0,57,0.614420
16,393435,57,0.479678
16,ours-406478,57,0.372001
16,KACTL,57,3.870878
16,393435,58,0.437798
16,ours-406478,58,0.366532
16,KACTL,58,3.815987
16,simd-v0,58,0.629603
16,ours-406478,59,0.392991
16,KACTL,59,3.918595
16,simd-v0,59,0.609516
16,393435,59,0.465193
16,KACTL,60,3.856983
16,simd-v0,60,0.610884
16,393435,60,0.459724
16,ours-406478,60,0.355664
16,simd-v0,61,0.602268
16,393435,61,0.438032
16,ours-406478,61,0.365259
16,KACTL,61,3.922326
16,393435,62,0.467371
16,ours-406478,62,0.389329
16,KACTL,62,3.854986
16,simd-v0,62,0.623646
16,ours-406478,63,0.395587
16,KACTL,63,3.919230
16,simd-v0,63,0.630023
16,393435,63,0.480706
16,KACTL,64,3.927001
16,simd-v0,64,0.629996
16,393435,64,0.468166
16,ours-406478,64,0.382632
16,simd-v0,65,0.642721
16,393435,65,0.480324
16,ours-406478,65,0.385824
16,KACTL,65,3.922385
16,393435,66,0.455386
16,ours-406478,66,0.391703
16,KACTL,66,3.996141
16,simd-v0,66,0.620432
16,ours-406478,67,0.368384
16,KACTL,67,3.803159
16,simd-v0,67,0.589181
16,393435,67,0.446553
16,KACTL,68,3.803692
16,simd-v0,68,0.589569
16,393435,68,0.447552
16,ours-406478,68,0.356231
16,simd-v0,69,0.599897
16,393435,69,0.437405
16,ours-406478,69,0.365864
16,KACTL,69,3.789835
16,393435,70,0.445023
16,ours-406478,70,0.356770
16,KACTL,70,3.840884
16,simd-v0,70,0.622019
16,ours-406478,71,0.371089
16,KACTL,71,3.883950
16,simd-v0,71,0.646888
16,393435,71,0.468899
16,KACTL,72,3.893499
16,simd-v0,72,0.622375
16,393435,72,0.461163
16,ours-406478,72,0.364797
16,simd-v0,73,0.606808
16,393435,73,0.467876
16,ours-406478,73,0.394766
16,KACTL,73,3.953008
16,393435,74,0.452584
16,ours-406478,74,0.368618
16,KACTL,74,3.979704
16,simd-v0,74,0.632657
16,ours-406478,75,0.390869
16,KACTL,75,3.788555
16,simd-v0,75,0.620418
16,393435,75,0.471504
16,KACTL,76,3.912286
16,simd-v0,76,0.642233
16,393435,76,0.480318
16,ours-406478,76,0.382695
16,simd-v0,77,0.643895
16,393435,77,0.467930
16,ours-406478,77,0.394427
16,KACTL,77,3.927356
16,393435,78,0.452044
16,ours-406478,78,0.410362
16,KACTL,78,3.911633
16,simd-v0,78,0.617078
16,ours-406478,79,0.385167
16,KACTL,79,3.857268
16,simd-v0,79,0.649623
16,393435,79,0.486999
16,KACTL,80,3.927799
16,simd-v0,80,0.630491
16,393435,80,0.483574
16,ours-406478,80,0.383775
16,simd-v0,81,0.643289
16,393435,81,0.480149
16,ours-406478,81,0.384312
16,KACTL,81,3.949780
16,393435,82,0.461271
16,ours-406478,82,0.377305
16,KACTL,82,3.871066
16,simd-v0,82,0.590826
16,ours-406478,83,0.368802
16,KACTL,83,3.868015
16,simd-v0,83,0.590483
16,393435,83,0.447182
16,KACTL,84,3.867479
16,simd-v0,84,0.609522
16,393435,84,0.461355
16,ours-406478,84,0.355733
16,simd-v0,85,0.601213
16,393435,85,0.437911
16,ours-406478,85,0.365585
16,KACTL,85,3.792927
16,393435,86,0.452526
16,ours-406478,86,0.359964
16,KACTL,86,3.834965
16,simd-v0,86,0.619867
16,ours-406478,87,0.359985
16,KACTL,87,3.911836
16,simd-v0,87,0.634258
16,393435,87,0.478140
16,KACTL,88,3.832348
16,simd-v0,88,0.599302
16,393435,88,0.446652
16,ours-406478,88,0.363385
16,simd-v0,89,0.619538
16,393435,89,0.452539
16,ours-406478,89,0.360204
16,KACTL,89,6.142305
16,393435,90,0.470124
16,ours-406478,90,0.415410
16,KACTL,90,3.865642
16,simd-v0,90,0.598347
16,ours-406478,91,0.366959
16,KACTL,91,3.796447
16,simd-v0,91,0.612610
16,393435,91,0.436723
16,KACTL,92,3.789618
16,simd-v0,92,0.599819
16,393435,92,0.437859
16,ours-406478,92,0.366570
16,simd-v0,93,0.590028
16,393435,93,0.447998
16,ours-406478,93,0.356928
16,KACTL,93,3.795161
16,393435,94,0.463023
16,ours-406478,94,0.345754
16,KACTL,94,3.808018
16,simd-v0,94,0.622162
16,ours-406478,95,0.372201
16,KACTL,95,3.887227
16,simd-v0,95,0.659448
16,393435,95,0.484084
16,KACTL,96,3.957608
16,simd-v0,96,0.599643
16,393435,96,0.437773
16,ours-406478,96,0.366211
16,simd-v0,97,0.595098
16,393435,97,0.481085
16,ours-406478,97,0.345485
16,KACTL,97,3.790243
16,393435,98,0.437691
16,ours-406478,98,0.364531
16,KACTL,98,3.785710
16,simd-v0,98,0.594313
16,ours-406478,99,0.366066
16,KACTL,99,3.811695
16,simd-v0,99,0.610692
16,393435,99,0.465178
16,KACTL,100,3.863214
16,simd-v0,100,0.616589
16,393435,100,0.457415
16,ours-406478,100,0.371613
16,simd-v0,101,0.619773
16,393435,101,0.452133
16,ours-406478,101,0.376345
16,KACTL,101,3.801735
16,393435,102,0.450088
16,ours-406478,102,0.355826
16,KACTL,102,3.786927
16,simd-v0,102,0.599437
16,ours-406478,103,0.357060
16,KACTL,103,3.792813
16,simd-v0,103,0.617132
16,393435,103,0.437066
16,KACTL,104,3.985677
16,simd-v0,104,0.642272
16,393435,104,0.468809
16,ours-406478,104,0.395268
16,simd-v0,105,0.630819
16,393435,105,0.468899
16,ours-406478,105,0.383961
16,KACTL,105,3.859584
16,393435,106,0.445956
16,ours-406478,106,0.356095
16,KACTL,106,3.839746
16,simd-v0,106,0.640231
16,ours-406478,107,0.372133
16,KACTL,107,3.873766
16,simd-v0,107,0.638695
16,393435,107,0.482541
16,KACTL,108,3.923297
16,simd-v0,108,0.643093
16,393435,108,0.459594
16,ours-406478,108,0.408767
16,simd-v0,109,0.631625
16,393435,109,0.468376
16,ours-406478,109,0.383453
16,KACTL,109,3.914697
16,393435,110,0.458867
16,ours-406478,110,0.355770
16,KACTL,110,3.797503
16,simd-v0,110,0.599423
16,ours-406478,111,0.355618
16,KACTL,111,3.797287
16,simd-v0,111,0.614049
16,393435,111,0.447495
16,KACTL,112,3.787236
16,simd-v0,112,0.604769
16,393435,112,0.437717
16,ours-406478,112,0.357459
16,simd-v0,113,0.601023
16,393435,113,0.437864
16,ours-406478,113,0.356126
16,KACTL,113,3.950928
16,393435,114,0.455050
16,ours-406478,114,0.390680
16,KACTL,114,4.038151
16,simd-v0,114,0.642487
16,ours-406478,115,0.379401
16,KACTL,115,3.816006
16,simd-v0,115,0.607884
16,393435,115,0.464752
16,KACTL,116,3.787203
16,simd-v0,116,0.590753
16,393435,116,0.447258
16,ours-406478,116,0.356613
16,simd-v0,117,0.601084
16,393435,117,0.437916
16,ours-406478,117,0.371923
16,KACTL,117,3.793225
16,393435,118,0.452481
16,ours-406478,118,0.345788
16,KACTL,118,3.780450
16,simd-v0,118,0.635849
16,ours-406478,119,0.345511
16,KACTL,119,3.796029
16,simd-v0,119,0.614364
16,393435,119,0.441941
16,KACTL,120,3.791221
16,simd-v0,120,0.633494
16,393435,120,0.452592
16,ours-406478,120,0.371947
16,simd-v0,121,0.613704
16,393435,121,0.446763
16,ours-406478,121,0.345500
16,KACTL,121,3.790784
16,393435,122,0.452229
16,ours-406478,122,0.360111
16,KACTL,122,3.788019
16,simd-v0,122,0.615387
16,ours-406478,123,0.371576
16,KACTL,123,3.793401
16,simd-v0,123,0.590262
16,393435,123,0.447238
16,KACTL,124,3.792888
16,simd-v0,124,0.613585
16,393435,124,0.465192
16,ours-406478,124,0.355733
16,simd-v0,125,0.625845
16,393435,125,0.437305
16,ours-406478,125,0.365193
16,KACTL,125,3.787209
16,393435,126,0.462909
16,ours-406478,126,0.345588
16,KACTL,126,3.801636
16,simd-v0,126,0.619250
16,ours-406478,127,0.359820
16,KACTL,127,3.808593
16,simd-v0,127,0.619166
16,393435,127,0.449861
16,KACTL,128,3.799661
16,simd-v0,128,0.616174
16,393435,128,0.453338
16,ours-406478,128,0.381623
16,simd-v0,129,0.607809
16,393435,129,0.490211
16,ours-406478,129,0.359961
16,KACTL,129,3.804821
16,393435,130,0.437866
16,ours-406478,130,0.366479
16,KACTL,130,3.802290
16,simd-v0,130,0.590040
16,ours-406478,131,0.366846
16,KACTL,131,3.969775
16,simd-v0,131,0.630478
16,393435,131,0.481141
16,KACTL,132,3.931182
16,simd-v0,132,0.622331
16,393435,132,0.452675
16,ours-406478,132,0.370952
16,simd-v0,133,0.623285
16,393435,133,0.464529
16,ours-406478,133,0.371990
16,KACTL,133,3.888382
16,393435,134,0.468889
16,ours-406478,134,0.403060
16,KACTL,134,3.904349
16,simd-v0,134,0.610710
16,ours-406478,135,0.376969
16,KACTL,135,4.035466
16,simd-v0,135,0.600372
16,393435,135,0.437713
16,KACTL,136,3.791394
16,simd-v0,136,0.621966
16,393435,136,0.467786
16,ours-406478,136,0.372751
16,simd-v0,137,0.662970
16,393435,137,0.464560
16,ours-406478,137,0.359761
16,KACTL,137,3.792832
16,393435,138,0.452374
16,ours-406478,138,0.371712
16,KACTL,138,3.786286
16,simd-v0,138,0.598314
16,ours-406478,139,0.366410
16,KACTL,139,3.808956
16,simd-v0,139,0.611639
16,393435,139,0.468107
16,KACTL,140,3.849699
16,simd-v0,140,0.590189
16,393435,140,0.447131
16,ours-406478,140,0.355005
16,simd-v0,141,0.599000
16,393435,141,0.437760
16,ours-406478,141,0.360384
16,KACTL,141,3.823986
16,393435,142,0.446018
16,ours-406478,142,0.363507
16,KACTL,142,3.876945
16,simd-v0,142,0.620864
16,ours-406478,143,0.371083
16,KACTL,143,3.812306
16,simd-v0,143,0.597936
16,393435,143,0.437734
16,KACTL,144,3.790259
16,simd-v0,144,0.599213
16,393435,144,0.437472
16,ours-406478,144,0.357196
16,simd-v0,145,0.594252
16,393435,145,0.447624
16,ours-406478,145,0.355531
16,KACTL,145,3.793843
16,393435,146,0.437694
16,ours-406478,146,0.365785
16,KACTL,146,3.779334
16,simd-v0,146,0.613847
16,ours-406478,147,0.371453
16,KACTL,147,3.788138
16,simd-v0,147,0.599207
16,393435,147,0.437298
16,KACTL,148,3.863730
16,simd-v0,148,0.642661
16,393435,148,0.476162
16,ours-406478,148,0.381186
16,simd-v0,149,0.641640
16,393435,149,0.468890
16,ours-406478,149,0.412898
16,KACTL,149,3.917596
16,393435,150,0.468429
16,ours-406478,150,0.380135
16,KACTL,150,3.929913
16,simd-v0,150,0.610278
16,ours-406478,151,0.365143
16,KACTL,151,3.848663
16,simd-v0,151,0.606909
16,393435,151,0.463413
16,KACTL,152,3.788723
16,simd-v0,152,0.599302
16,393435,152,0.437450
16,ours-406478,152,0.355875
16,simd-v0,153,0.589468
16,393435,153,0.437627
16,ours-406478,153,0.355505
16,KACTL,153,3.850686
16,393435,154,0.447208
16,ours-406478,154,0.363089
16,KACTL,154,3.887821
16,simd-v0,154,0.610202
16,ours-406478,155,0.345705
16,KACTL,155,3.810875
16,simd-v0,155,0.599299
16,393435,155,0.437952
16,KACTL,156,3.787016
16,simd-v0,156,0.601636
16,393435,156,0.436775
16,ours-406478,156,0.345992
16,simd-v0,157,0.605607
16,393435,157,0.466999
16,ours-406478,157,0.372194
16,KACTL,157,3.867353
16,393435,158,0.437612
16,ours-406478,158,0.365839
16,KACTL,158,3.836220
16,simd-v0,158,0.590754
16,ours-406478,159,0.366258
16,KACTL,159,3.788466
16,simd-v0,159,0.602487
16,393435,159,0.446680
16,KACTL,160,4.059894
16,simd-v0,160,0.630808
16,393435,160,0.479002
16,ours-406478,160,0.379197
16,simd-v0,161,0.623618
16,393435,161,0.455761
16,ours-406478,161,0.396178
16,KACTL,161,3.936143
16,393435,162,0.468929
16,ours-406478,162,0.390431
16,KACTL,162,3.938262
16,simd-v0,162,0.610398
16,ours-406478,163,0.382942
16,KACTL,163,3.872195
16,simd-v0,163,0.610326
16,393435,163,0.464659
16,KACTL,164,3.852385
16,simd-v0,164,0.591018
16,393435,164,0.446719
16,ours-406478,164,0.355822
16,simd-v0,165,0.600837
16,393435,165,0.437802
16,ours-406478,165,0.365537
16,KACTL,165,3.893129
16,393435,166,0.468581
16,ours-406478,166,0.362789
16,KACTL,166,3.788016
16,simd-v0,166,0.623240
16,ours-406478,167,0.372865
16,KACTL,167,3.860260
16,simd-v0,167,0.599863
16,393435,167,0.446695
16,KACTL,168,3.856166
16,simd-v0,168,0.639513
16,393435,168,0.476568
16,ours-406478,168,0.383998
16,simd-v0,169,0.640760
16,393435,169,0.455045
16,ours-406478,169,0.370128
16,KACTL,169,3.786755
16,393435,170,0.463397
16,ours-406478,170,0.382863
16,KACTL,170,3.885524
16,simd-v0,170,0.601917
16,ours-406478,171,0.356995
16,KACTL,171,3.817343
16,simd-v0,171,0.637952
16,393435,171,0.452153
16,KACTL,172,3.854197
16,simd-v0,172,0.647341
16,393435,172,0.485006
16,ours-406478,172,0.390745
16,simd-v0,173,0.609631
16,393435,173,0.462430
16,ours-406478,173,0.368306
16,KACTL,173,3.841825
16,393435,174,0.446028
16,ours-406478,174,0.356710
16,KACTL,174,3.921675
16,simd-v0,174,0.643616
16,ours-406478,175,0.385420
16,KACTL,175,3.971273
16,simd-v0,175,0.642243
16,393435,175,0.468842
16,KACTL,176,3.850720
16,simd-v0,176,0.599311
16,393435,176,0.437517
16,ours-406478,176,0.364413
16,simd-v0,177,0.599562
16,393435,177,0.477369
16,ours-406478,177,0.381340
16,KACTL,177,3.991489
16,393435,178,0.463843
16,ours-406478,178,0.375825
16,KACTL,178,3.820185
16,simd-v0,178,0.616480
16,ours-406478,179,0.345652
16,KACTL,179,3.845545
16,simd-v0,179,0.619042
16,393435,179,0.481098
16,KACTL,180,4.006269
16,simd-v0,180,0.642702
16,393435,180,0.468264
16,ours-406478,180,0.395018
16,simd-v0,181,0.630131
16,393435,181,0.490503
16,ours-406478,181,0.381371
16,KACTL,181,4.043675
16,393435,182,0.471168
16,ours-406478,182,0.372178
16,KACTL,182,3.913528
16,simd-v0,182,0.669472
16,ours-406478,183,0.385626
16,KACTL,183,3.930501
16,simd-v0,183,0.659995
16,393435,183,0.479886
16,KACTL,184,3.870982
16,simd-v0,184,0.589707
16,393435,184,0.446865
16,ours-406478,184,0.356188
16,simd-v0,185,0.600999
16,393435,185,0.437743
16,ours-406478,185,0.365413
16,KACTL,185,3.962022
16,393435,186,0.461747
16,ours-406478,186,0.381694
16,KACTL,186,4.057930
16,simd-v0,186,0.630481
16,ours-406478,187,0.395837
16,KACTL,187,3.926766
16,simd-v0,187,0.631013
16,393435,187,0.480794
16,KACTL,188,3.871046
16,simd-v0,188,0.590361
16,393435,188,0.447003
16,ours-406478,188,0.357790
16,simd-v0,189,0.599902
16,393435,189,0.437847
16,ours-406478,189,0.365644
16,KACTL,189,3.821673
16,393435,190,0.437630
16,ours-406478,190,0.356685
16,KACTL,190,3.791066
16,simd-v0,190,0.599951
16,ours-406478,191,0.356430
16,KACTL,191,3.801771
16,simd-v0,191,0.612274
16,393435,191,0.437527
16,KACTL,192,3.800667
16,simd-v0,192,0.599313
16,393435,192,0.441066
16,ours-406478,192,0.366229
16,simd-v0,193,0.588146
16,393435,193,0.455618
16,ours-406478,193,0.360175
16,KACTL,193,3.805370
16,393435,194,0.437372
16,ours-406478,194,0.364445
16,KACTL,194,3.796920
16,simd-v0,194,0.591080
16,ours-406478,195,0.365493
16,KACTL,195,3.797200
16,simd-v0,195,0.599710
16,393435,195,0.463242
16,KACTL,196,3.822553
16,simd-v0,196,0.619218
16,393435,196,0.451803
16,ours-406478,196,0.356717
16,simd-v0,197,0.601104
16,393435,197,0.463911
16,ours-406478,197,0.397034
16,KACTL,197,3.909877
16,393435,198,0.483326
16,ours-406478,198,0.388613
16,KACTL,198,3.880644
16,simd-v0,198,0.621267
16,ours-406478,199,0.368183
16,KACTL,199,3.799831
16,simd-v0,199,0.619386
16,393435,199,0.437832
16,KACTL,200,3.861220
16,simd-v0,200,0.600313
16,393435,200,0.437200
16,ours-406478,200,0.366659
16,simd-v0,201,0.591070
16,393435,201,0.447345
16,ours-406478,201,0.356744
16,KACTL,201,3.799881
16,393435,202,0.452720
16,ours-406478,202,0.356948
16,KACTL,202,3.790950
16,simd-v0,202,0.596566
16,ours-406478,203,0.364888
16,KACTL,203,3.840931
16,simd-v0,203,0.593675
16,393435,203,0.446995
16,KACTL,204,3.787040
16,simd-v0,204,0.589800
16,393435,204,0.447395
16,ours-406478,204,0.355894
16,simd-v0,205,0.600130
16,393435,205,0.437694
16,ours-406478,205,0.367330
16,KACTL,205,3.796251
16,393435,206,0.460670
16,ours-406478,206,0.368785
16,KACTL,206,3.855980
16,simd-v0,206,0.600330
16,ours-406478,207,0.356712
16,KACTL,207,3.794993
16,simd-v0,207,0.602053
16,393435,207,0.452303
16,KACTL,208,3.798582
16,simd-v0,208,0.598705
16,393435,208,0.446629
16,ours-406478,208,0.378218
16,simd-v0,209,0.609100
16,393435,209,0.466896
16,ours-406478,209,0.375320
16,KACTL,209,3.928839
16,393435,210,0.463068
16,ours-406478,210,0.380867
16,KACTL,210,4.017729
16,simd-v0,210,0.621400
16,ours-406478,211,0.371959
16,KACTL,211,3.822728
16,simd-v0,211,0.619181
16,393435,211,0.452440
16,KACTL,212,3.798401
16,simd-v0,212,0.616541
16,393435,212,0.448650
16,ours-406478,212,0.372041
16,simd-v0,213,0.593785
16,393435,213,0.451290
16,ours-406478,213,0.369115
16,KACTL,213,3.966950
16,393435,214,0.451040
16,ours-406478,214,0.355497
16,KACTL,214,3.807121
16,simd-v0,214,0.612379
16,ours-406478,215,0.398335
16,KACTL,215,3.831590
16,simd-v0,215,0.610775
16,393435,215,0.462864
16,KACTL,216,3.794038
16,simd-v0,216,0.612876
16,393435,216,0.463652
16,ours-406478,216,0.360237
16,simd-v0,217,0.619243
16,393435,217,0.452738
16,ours-406478,217,0.372128
16,KACTL,217,3.799099
16,393435,218,0.437314
16,ours-406478,218,0.355841
16,KACTL,218,3.789799
16,simd-v0,218,0.619780
16,ours-406478,219,0.360421
16,KACTL,219,3.797229
16,simd-v0,219,0.619244
16,393435,219,0.452423
16,KACTL,220,3.846838
16,simd-v0,220,0.630936
16,393435,220,0.453395
16,ours-406478,220,0.381789
16,simd-v0,221,0.611239
16,393435,221,0.453386
16,ours-406478,221,0.365843
16,KACTL,221,3.804050
16,393435,222,0.446227
16,ours-406478,222,0.356871
16,KACTL,222,3.796914
16,simd-v0,222,0.607831
16,ours-406478,223,0.359893
16,KACTL,223,3.928628
16,simd-v0,223,0.643924
16,393435,223,0.467387
16,KACTL,224,3.929858
16,simd-v0,224,0.642527
16,393435,224,0.468577
16,ours-406478,224,0.395175
16,simd-v0,225,0.631689
16,393435,225,0.479704
16,ours-406478,225,0.384222
16,KACTL,225,3.830966
16,393435,226,0.449165
16,ours-406478,226,0.370916
16,KACTL,226,3.971222
16,simd-v0,226,0.620943
16,ours-406478,227,0.371043
16,KACTL,227,3.867281
16,simd-v0,227,0.598867
16,393435,227,0.437951
16,KACTL,228,3.879567
16,simd-v0,228,0.622784
16,393435,228,0.452272
16,ours-406478,228,0.377964
16,simd-v0,229,0.629972
16,393435,229,0.465613
16,ours-406478,229,0.368335
16,KACTL,229,4.031822
16,393435,230,0.463490
16,ours-406478,230,0.382362
16,KACTL,230,4.044474
16,simd-v0,230,0.641833
16,ours-406478,231,0.384850
16,KACTL,231,3.916614
16,simd-v0,231,0.641438
16,393435,231,0.468424
16,KACTL,232,3.961366
16,simd-v0,232,0.649016
16,393435,232,0.480140
16,ours-406478,232,0.399911
16,simd-v0,233,0.641950
16,393435,233,0.474657
16,ours-406478,233,0.392226
16,KACTL,233,3.910246
16,393435,234,0.467473
16,ours-406478,234,0.389365
16,KACTL,234,3.890185
16,simd-v0,234,0.625611
16,ours-406478,235,0.382787
16,KACTL,235,3.887734
16,simd-v0,235,0.611878
16,393435,235,0.446408
16,KACTL,236,3.788129
16,simd-v0,236,0.602148
16,393435,236,0.445565
16,ours-406478,236,0.357483
16,simd-v0,237,0.599444
16,393435,237,0.437931
16,ours-406478,237,0.356974
16,KACTL,237,3.877327
16,393435,238,0.446377
16,ours-406478,238,0.356849
16,KACTL,238,3.811490
16,simd-v0,238,0.599471
16,ours-406478,239,0.357372
16,KACTL,239,3.798984
16,simd-v0,239,0.619000
16,393435,239,0.452664
16,KACTL,240,3.794727
16,simd-v0,240,0.590303
16,393435,240,0.437224
16,ours-406478,240,0.354957
16,simd-v0,241,0.599918
16,393435,241,0.437448
16,ours-406478,241,0.365230
16,KACTL,241,3.804866
16,393435,242,0.437274
16,ours-406478,242,0.366422
16,KACTL,242,3.791734
16,simd-v0,242,0.599809
16,ours-406478,243,0.355201
16,KACTL,243,3.930869
16,simd-v0,243,0.646333
16,393435,243,0.495731
16,KACTL,244,3.952925
16,simd-v0,244,0.631514
16,393435,244,0.480110
16,ours-406478,244,0.384026
16,simd-v0,245,0.643311
16,393435,245,0.468478
16,ours-406478,245,0.394406
16,KACTL,245,3.917825
16,393435,246,0.455773
16,ours-406478,246,0.377230
16,KACTL,246,3.886566
16,simd-v0,246,0.609406
16,ours-406478,247,0.382272
16,KACTL,247,3.817132
16,simd-v0,247,0.613551
16,393435,247,0.461136
16,KACTL,248,3.787276
16,simd-v0,248,0.603828
16,393435,248,0.445953
16,ours-406478,248,0.355374
16,simd-v0,249,0.603561
16,393435,249,0.459938
16,ours-406478,249,0.394358
16,KACTL,249,3.989636
16,393435,250,0.467582
16,ours-406478,250,0.380912
16,KACTL,250,4.023111
16,simd-v0,250,0.649744
16,ours-406478,251,0.379359
16,KACTL,251,3.792579
16,simd-v0,251,0.602493
16,393435,251,0.474809
16,KACTL,252,3.997721
16,simd-v0,252,0.629943
16,393435,252,0.480627
16,ours-406478,252,0.383381
16,simd-v0,253,0.643173
16,393435,253,0.468240
16,ours-406478,253,0.398390
16,KACTL,253,3.900278
16,393435,254,0.436895
16,ours-406478,254,0.365310
16,KACTL,254,3.833278
16,simd-v0,254,0.650107
16,ours-406478,255,0.397351
16,KACTL,255,3.956050
16,simd-v0,255,0.631617
16,393435,255,0.474957
16,KACTL,256,3.885978
16,simd-v0,256,0.609914
16,393435,256,0.449566
16,ours-406478,256,0.356105
16,simd-v0,257,0.606393
16,393435,257,0.452322
16,ours-406478,257,0.372055
16,KACTL,257,4.177237
16,393435,258,0.478851
16,ours-406478,258,0.383927
16,KACTL,258,3.828943
16,simd-v0,258,0.609535
16,ours-406478,259,0.371613
16,KACTL,259,3.800790
16,simd-v0,259,0.590593
16,393435,259,0.447351
16,KACTL,260,3.900250
16,simd-v0,260,0.631733
16,393435,260,0.480737
16,ours-406478,260,0.384275
16,simd-v0,261,0.645937
16,393435,261,0.464387
16,ours-406478,261,0.381619
16,KACTL,261,4.209765
16,393435,262,0.464228
16,ours-406478,262,0.380827
16,KACTL,262,3.977302
16,simd-v0,262,0.628084
16,ours-406478,263,0.358836
16,KACTL,263,3.848238
16,simd-v0,263,0.599214
16,393435,263,0.438039
16,KACTL,264,3.822160
16,simd-v0,264,0.619375
16,393435,264,0.444741
16,ours-406478,264,0.367014
16,simd-v0,265,0.589683
16,393435,265,0.468174
16,ours-406478,265,0.358158
16,KACTL,265,3.809713
16,393435,266,0.448795
16,ours-406478,266,0.392246
16,KACTL,266,3.998853
16,simd-v0,266,0.622233
16,ours-406478,267,0.368688
16,KACTL,267,3.904538
16,simd-v0,267,0.599604
16,393435,267,0.446971
16,KACTL,268,3.794881
16,simd-v0,268,0.606828
16,393435,268,0.444305
16,ours-406478,268,0.359876
16,simd-v0,269,0.620459
16,393435,269,0.463682
16,ours-406478,269,0.360015
16,KACTL,269,3.793367
16,393435,270,0.451150
16,ours-406478,270,0.364143
16,KACTL,270,3.807643
16,simd-v0,270,0.601723
16,ours-406478,271,0.356540
16,KACTL,271,3.788193
16,simd-v0,271,0.611158
16,393435,271,0.452175
16,KACTL,272,3.958614
16,simd-v0,272,0.604723
16,393435,272,0.446980
16,ours-406478,272,0.357217
16,simd-v0,273,0.599898
16,393435,273,0.437579
16,ours-406478,273,0.357186
16,KACTL,273,3.817009
16,393435,274,0.463927
16,ours-406478,274,0.359935
16,KACTL,274,3.804464
16,simd-v0,274,0.625747
16,ours-406478,275,0.368009
16,KACTL,275,3.973388
16,simd-v0,275,0.641613
16,393435,275,0.468499
16,KACTL,276,3.884409
16,simd-v0,276,0.618921
16,393435,276,0.437707
16,ours-406478,276,0.364609
16,simd-v0,277,0.593986
16,393435,277,0.446532
16,ours-406478,277,0.356384
16,KACTL,277,3.863707
16,393435,278,0.460087
16,ours-406478,278,0.370122
16,KACTL,278,3.834274
16,simd-v0,278,0.645117
16,ours-406478,279,0.395950
16,KACTL,279,3.856925
16,simd-v0,279,0.615885
16,393435,279,0.437645
16,KACTL,280,3.926229
16,simd-v0,280,0.641309
16,393435,280,0.467843
16,ours-406478,280,0.392400
17,KACTL,0,8.326379
17,simd-v0,0,1.307846
17,393435,0,1.000705
17,ours-406478,0,0.800069
17,simd-v0,1,1.337290
17,393435,1,0.988829
17,ours-406478,1,0.819244
17,KACTL,1,8.193788
17,393435,2,1.015123
17,ours-406478,2,0.815789
17,KACTL,2,8.275727
17,simd-v0,2,1.357483
17,ours-406478,3,0.813721
17,KACTL,3,8.021476
17,simd-v0,3,1.378393
17,393435,3,1.021822
17,KACTL,4,8.190604
17,simd-v0,4,1.303755
17,393435,4,0.998984
17,ours-406478,4,0.803944
17,simd-v0,5,1.390849
17,393435,5,1.010616
17,ours-406478,5,0.811517
17,KACTL,5,8.161926
17,393435,6,0.999862
17,ours-406478,6,0.754850
17,KACTL,6,8.259346
17,simd-v0,6,1.300515
17,ours-406478,7,0.772486
17,KACTL,7,7.967123
17,simd-v0,7,1.257605
17,393435,7,0.975415
17,KACTL,8,8.086983
17,simd-v0,8,1.271914
17,393435,8,0.954788
17,ours-406478,8,0.795892
17,simd-v0,9,1.384067
17,393435,9,0.974461
17,ours-406478,9,0.792708
17,KACTL,9,8.151278
17,393435,10,0.932253
17,ours-406478,10,0.777743
17,KACTL,10,8.098159
17,simd-v0,10,1.259192
17,ours-406478,11,0.764009
17,KACTL,11,8.135631
17,simd-v0,11,1.298435
17,393435,11,0.987872
17,KACTL,12,8.116894
17,simd-v0,12,1.261569
17,393435,12,0.954932
17,ours-406478,12,0.764679
17,simd-v0,13,1.329801
17,393435,13,1.008848
17,ours-406478,13,0.812049
17,KACTL,13,8.267335
17,393435,14,0.964531
17,ours-406478,14,0.783610
17,KACTL,14,8.175912
17,simd-v0,14,1.298801
17,ours-406478,15,0.793449
17,KACTL,15,8.032129
17,simd-v0,15,1.296504
17,393435,15,0.966638
17,KACTL,16,8.100913
17,simd-v0,16,1.257509
17,393435,16,0.954746
17,ours-406478,16,0.763828
17,simd-v0,17,1.300555
17,393435,17,1.006158
17,ours-406478,17,0.812106
17,KACTL,17,8.265094
17,393435,18,0.969177
17,ours-406478,18,0.769041
17,KACTL,18,8.009483
17,simd-v0,18,1.256856
17,ours-406478,19,0.785594
17,KACTL,19,8.028118
17,simd-v0,19,1.267978
17,393435,19,0.954211
17,KACTL,20,8.122827
17,simd-v0,20,1.258088
17,393435,20,0.954395
17,ours-406478,20,0.763539
17,simd-v0,21,1.292527
17,393435,21,0.958423
17,ours-406478,21,0.801073
17,KACTL,21,8.222375
17,393435,22,1.014115
17,ours-406478,22,0.825691
17,KACTL,22,7.984890
17,simd-v0,22,1.257549
17,ours-406478,23,0.735730
17,KACTL,23,8.026105
17,simd-v0,23,1.283795
17,393435,23,0.955999
17,KACTL,24,8.289895
17,simd-v0,24,1.303379
17,393435,24,0.964753
17,ours-406478,24,0.752011
17,simd-v0,25,1.312340
17,393435,25,0.941270
17,ours-406478,25,0.756853
17,KACTL,25,8.107900
17,393435,26,0.985105
17,ours-406478,26,0.808172
17,KACTL,26,7.983022
17,simd-v0,26,1.260125
17,ours-406478,27,0.763357
17,KACTL,27,8.019275
17,simd-v0,27,1.276456
17,393435,27,0.956326
17,KACTL,28,8.178178
17,simd-v0,28,1.315359
17,393435,28,0.989909
17,ours-406478,28,0.754905
17,simd-v0,29,1.294247
17,393435,29,0.961323
17,ours-406478,29,0.791768
17,KACTL,29,8.203077
17,393435,30,0.957309
17,ours-406478,30,0.783467
17,KACTL,30,8.073378
17,simd-v0,30,1.303383
17,ours-406478,31,0.799049
17,KACTL,31,8.061661
17,simd-v0,31,1.256872
17,393435,31,0.921648
17,KACTL,32,8.140676
17,simd-v0,32,1.273462
17,393435,32,0.944311
17,ours-406478,32,0.768792
17,simd-v0,33,1.273908
17,393435,33,0.954377
17,ours-406478,33,0.769764
17,KACTL,33,8.270011
17,393435,34,1.009051
17,ours-406478,34,0.808173
17,KACTL,34,8.025463
17,simd-v0,34,1.305598
17,ours-406478,35,0.754494
17,KACTL,35,7.985048
17,simd-v0,35,1.263488
17,393435,35,0.955223
17,KACTL,36,8.247144
17,simd-v0,36,1.316756
17,393435,36,0.987143
17,ours-406478,36,0.780981
17,simd-v0,37,1.281902
17,393435,37,0.941227
17,ours-406478,37,0.755451
17,KACTL,37,8.020621
17,393435,38,0.999736
17,ours-406478,38,0.809796
17,KACTL,38,8.022530
17,simd-v0,38,1.299944
17,ours-406478,39,0.773994
17,KACTL,39,8.161335
17,simd-v0,39,1.277462
17,393435,39,0.955311
17,KACTL,40,8.103087
17,simd-v0,40,1.266410
17,393435,40,0.988612
17,ours-406478,40,0.789620
17,simd-v0,41,1.297500
17,393435,41,0.939631
17,ours-406478,41,0.750639
17,KACTL,41,8.008197
17,393435,42,0.948637
17,ours-406478,42,0.759509
17,KACTL,42,7.984452
17,simd-v0,42,1.265772
17,ours-406478,43,0.799940
17,KACTL,43,8.171392
17,simd-v0,43,1.314893
17,393435,43,0.954801
17,KACTL,44,8.094385
17,simd-v0,44,1.255871
17,393435,44,0.979186
17,ours-406478,44,0.777870
17,simd-v0,45,1.300666
17,393435,45,0.942536
17,ours-406478,45,0.758832
17,KACTL,45,7.970261
17,393435,46,0.932941
17,ours-406478,46,0.758579
17,KACTL,46,8.045668
17,simd-v0,46,1.284952
17,ours-406478,47,0.761957
17,KACTL,47,7.964818
17,simd-v0,47,1.259992
17,393435,47,0.957113
17,KACTL,48,7.980695
17,simd-v0,48,1.257070
17,393435,48,0.954068
17,ours-406478,48,0.763058
17,simd-v0,49,1.285202
17,393435,49,0.944533
17,ours-406478,49,0.757342
17,KACTL,49,8.036868
17,393435,50,0.933098
17,ours-406478,50,0.756906
17,KACTL,50,8.017362
17,simd-v0,50,1.278069
17,ours-406478,51,0.725163
17,KACTL,51,7.991666
17,simd-v0,51,1.255756
17,393435,51,0.975006
17,KACTL,52,8.113005
17,simd-v0,52,1.299035
17,393435,52,1.013161
17,ours-406478,52,0.804236
17,simd-v0,53,1.443108
17,393435,53,1.020778
17,ours-406478,53,0.814101
17,KACTL,53,8.043001
17,393435,54,0.932308
17,ours-406478,54,0.754919
17,KACTL,54,8.021274
17,simd-v0,54,1.265522
17,ours-406478,55,0.750214
17,KACTL,55,8.161322
17,simd-v0,55,1.257510
17,393435,55,0.985805
17,KACTL,56,8.046169
17,simd-v0,56,1.362369
17,393435,56,0.959412
17,ours-406478,56,0.763088
17,simd-v0,57,1.282989
17,393435,57,0.941497
17,ours-406478,57,0.769654
17,KACTL,57,8.204036
17,393435,58,0.946355
17,ours-406478,58,0.777736
17,KACTL,58,8.068423
17,simd-v0,58,1.266003
17,ours-406478,59,0.751400
17,KACTL,59,8.029933
17,simd-v0,59,1.255867
17,393435,59,0.955064
17,KACTL,60,8.131772
17,simd-v0,60,1.286242
17,393435,60,0.960037
17,ours-406478,60,0.788496
17,simd-v0,61,1.283038
17,393435,61,0.944398
17,ours-406478,61,0.757155
17,KACTL,61,8.185636
17,393435,62,1.002187
17,ours-406478,62,0.806066
17,KACTL,62,8.110706
17,simd-v0,62,1.311217
17,ours-406478,63,0.766999
17,KACTL,63,8.100241
17,simd-v0,63,1.263197
17,393435,63,0.954795
17,KACTL,64,8.077094
17,simd-v0,64,1.262766
17,393435,64,0.941456
17,ours-406478,64,0.762972
17,simd-v0,65,1.283641
17,393435,65,0.954494
17,ours-406478,65,0.757593
17,KACTL,65,7.968727
17,393435,66,0.932280
17,ours-406478,66,0.755240
17,KACTL,66,8.079186
17,simd-v0,66,1.303331
17,ours-406478,67,0.813554
17,KACTL,67,8.011593
17,simd-v0,67,1.267771
17,393435,67,0.921843
17,KACTL,68,7.997141
17,simd-v0,68,1.255975
17,393435,68,0.955789
17,ours-406478,68,0.762756
17,simd-v0,69,1.384045
17,393435,69,1.005483
17,ours-406478,69,0.776585
17,KACTL,69,8.010867
17,393435,70,0.935325
17,ours-406478,70,0.726595
17,KACTL,70,8.028587
17,simd-v0,70,1.254667
17,ours-406478,71,0.763484
17,KACTL,71,8.012979
17,simd-v0,71,1.299611
17,393435,71,0.986903
17,KACTL,72,8.070218
17,simd-v0,72,1.311057
17,393435,72,0.961812
17,ours-406478,72,0.765100
17,simd-v0,73,1.256845
17,393435,73,0.961369
17,ours-406478,73,0.789776
17,KACTL,73,7.965970
17,393435,74,0.949615
17,ours-406478,74,0.756508
17,KACTL,74,8.301109
17,simd-v0,74,1.264889
17,ours-406478,75,0.763730
17,KACTL,75,8.024462
17,simd-v0,75,1.255580
17,393435,75,0.956864
17,KACTL,76,8.177789
17,simd-v0,76,1.256459
17,393435,76,0.961517
17,ours-406478,76,0.764823
17,simd-v0,77,1.283860
17,393435,77,0.945552
17,ours-406478,77,0.753853
17,KACTL,77,8.044378
17,393435,78,0.955244
17,ours-406478,78,0.740244
17,KACTL,78,8.108740
17,simd-v0,78,1.280905
17,ours-406478,79,0.750561
17,KACTL,79,8.016068
17,simd-v0,79,1.278934
17,393435,79,1.014970
17,KACTL,80,8.355905
17,simd-v0,80,1.294766
17,393435,80,0.959085
17,ours-406478,80,0.764593
17,simd-v0,81,1.283270
17,393435,81,0.947482
17,ours-406478,81,0.780563
17,KACTL,81,8.184029
17,393435,82,0.939482
17,ours-406478,82,0.749577
17,KACTL,82,8.024335
17,simd-v0,82,1.289676
17,ours-406478,83,0.769446
17,KACTL,83,8.020088
17,simd-v0,83,1.263049
17,393435,83,0.956797
17,KACTL,84,8.040174
17,simd-v0,84,1.269544
17,393435,84,0.955057
17,ours-406478,84,0.763935
17,simd-v0,85,1.283609
17,393435,85,0.944065
17,ours-406478,85,0.756021
17,KACTL,85,8.122023
17,393435,86,0.933177
17,ours-406478,86,0.756263
17,KACTL,86,8.001526
17,simd-v0,86,1.281287
17,ours-406478,87,0.757496
17,KACTL,87,8.051383
17,simd-v0,87,1.312267
17,393435,87,1.014531
17,KACTL,88,8.193192
17,simd-v0,88,1.282472
17,393435,88,0.937263
17,ours-406478,88,0.748835
17,simd-v0,89,1.318391
17,393435,89,0.968064
17,ours-406478,89,0.823308
17,KACTL,89,8.230868
17,393435,90,0.933572
17,ours-406478,90,0.766441
17,KACTL,90,7.996132
17,simd-v0,90,1.306974
17,ours-406478,91,0.760027
17,KACTL,91,8.156767
17,simd-v0,91,1.297735
17,393435,91,0.987222
17,KACTL,92,8.201490
17,simd-v0,92,1.271171
17,393435,92,0.955310
17,ours-406478,92,0.763518
17,simd-v0,93,1.282072
17,393435,93,0.944390
17,ours-406478,93,0.754046
17,KACTL,93,8.070588
17,393435,94,0.966766
17,ours-406478,94,0.779577
17,KACTL,94,8.005413
17,simd-v0,94,1.279646
17,ours-406478,95,0.776598
17,KACTL,95,7.995980
17,simd-v0,95,1.291986
17,393435,95,0.956087
17,KACTL,96,8.157331
17,simd-v0,96,1.268596
17,393435,96,0.955820
17,ours-406478,96,0.758263
17,simd-v0,97,1.281466
17,393435,97,0.942740
17,ours-406478,97,0.754774
17,KACTL,97,8.183453
17,393435,98,0.965848
17,ours-406478,98,0.780177
17,KACTL,98,8.337300
17,simd-v0,98,1.287982
17,ours-406478,99,0.784260
17,KACTL,99,8.027569
17,simd-v0,99,1.268976
17,393435,99,0.988626
17,KACTL,100,8.382950
17,simd-v0,100,1.342295
17,393435,100,1.022070
17,ours-406478,100,0.818237
17,simd-v0,101,1.384330
17,393435,101,1.001098
17,ours-406478,101,0.806126
17,KACTL,101,7.974730
17,393435,102,0.932839
17,ours-406478,102,0.757782
17,KACTL,102,7.984744
17,simd-v0,102,1.292006
17,ours-406478,103,0.755312
17,KACTL,103,8.049428
17,simd-v0,103,1.260913
17,393435,103,0.956395
17,KACTL,104,8.088144
17,simd-v0,104,1.339233
17,393435,104,1.023300
17,ours-406478,104,0.817820
17,simd-v0,105,1.343048
17,393435,105,0.946679
17,ours-406478,105,0.749027
17,KACTL,105,8.145336
17,393435,106,0.958766
17,ours-406478,106,0.757008
17,KACTL,106,7.997005
17,simd-v0,106,1.259062
17,ours-406478,107,0.804273
17,KACTL,107,8.182230
17,simd-v0,107,1.367043
17,393435,107,1.030977
17,KACTL,108,8.155782
17,simd-v0,108,1.359120
17,393435,108,1.021808
17,ours-406478,108,0.805625
17,simd-v0,109,1.376320
17,393435,109,1.001113
17,ours-406478,109,0.778476
17,KACTL,109,8.031995
17,393435,110,0.933734
17,ours-406478,110,0.756863
17,KACTL,110,8.028745
17,simd-v0,110,1.284960
17,ours-406478,111,0.751074
17,KACTL,111,8.199695
17,simd-v0,111,1.282155
17,393435,111,0.955259
17,KACTL,112,8.043567
17,simd-v0,112,1.267062
17,393435,112,0.955028
17,ours-406478,112,0.755247
17,simd-v0,113,1.326302
17,393435,113,0.945733
17,ours-406478,113,0.755271
17,KACTL,113,7.970370
17,393435,114,0.957855
17,ours-406478,114,0.786462
17,KACTL,114,8.270647
17,simd-v0,114,1.280259
17,ours-406478,115,0.753992
17,KACTL,115,8.370040
17,simd-v0,115,1.346894
17,393435,115,1.013373
17,KACTL,116,8.066339
17,simd-v0,116,1.278484
17,393435,116,0.954004
17,ours-406478,116,0.764005
17,simd-v0,117,1.281096
17,393435,117,0.945437
17,ours-406478,117,0.754052
17,KACTL,117,8.151697
17,393435,118,0.988164
17,ours-406478,118,0.814262
17,KACTL,118,8.083937
17,simd-v0,118,1.252342
17,ours-406478,119,0.780091
17,KACTL,119,7.974106
17,simd-v0,119,1.253965
17,393435,119,0.955468
17,KACTL,120,8.103686
17,simd-v0,120,1.353344
17,393435,120,1.046497
17,ours-406478,120,0.818600
17,simd-v0,121,1.371928
17,393435,121,1.004494
17,ours-406478,121,0.785280
17,KACTL,121,7.999672
17,393435,122,0.989082
17,ours-406478,122,0.804013
17,KACTL,122,8.303487
17,simd-v0,122,1.272946
17,ours-406478,123,0.737604
17,KACTL,123,8.199914
17,simd-v0,123,1.357046
17,393435,123,1.020005
17,KACTL,124,8.361742
17,simd-v0,124,1.354290
17,393435,124,1.021676
17,ours-406478,124,0.798227
17,simd-v0,125,1.358237
17,393435,125,1.000763
17,ours-406478,125,0.809019
17,KACTL,125,8.147886
17,393435,126,0.965300
17,ours-406478,126,0.789662
17,KACTL,126,8.310793
17,simd-v0,126,1.311002
17,ours-406478,127,0.777873
17,KACTL,127,8.099084
17,simd-v0,127,1.269646
17,393435,127,0.956461
17,KACTL,128,7.986900
17,simd-v0,128,1.258046
17,393435,128,0.961568
17,ours-406478,128,0.765766
17,simd-v0,129,1.289631
17,393435,129,0.934166
17,ours-406478,129,0.748910
17,KACTL,129,7.998806
17,393435,130,0.922137
17,ours-406478,130,0.765082
17,KACTL,130,8.282441
17,simd-v0,130,1.274657
18,KACTL,0,17.166192
18,simd-v0,0,2.730804
18,393435,0,2.031367
18,ours-406478,0,1.770592
18,simd-v0,1,2.690055
18,393435,1,2.013976
18,ours-406478,1,1.697823
18,KACTL,1,17.544834
18,393435,2,2.010238
18,ours-406478,2,1.685412
18,KACTL,2,17.493486
18,simd-v0,2,2.768867
18,ours-406478,3,1.689510
18,KACTL,3,17.225675
18,simd-v0,3,2.703951
18,393435,3,2.064365
18,KACTL,4,17.064011
18,simd-v0,4,2.631181
18,393435,4,1.982905
18,ours-406478,4,1.662404
18,simd-v0,5,2.636465
18,393435,5,2.123562
18,ours-406478,5,1.728183
18,KACTL,5,17.084204
18,393435,6,1.978025
18,ours-406478,6,1.647941
18,KACTL,6,16.920861
18,simd-v0,6,2.661208
18,ours-406478,7,1.630148
18,KACTL,7,17.018135
18,simd-v0,7,2.742183
18,393435,7,2.041919
18,KACTL,8,17.299610
18,simd-v0,8,2.736399
18,393435,8,1.999284
18,ours-406478,8,1.639180
18,simd-v0,9,2.725415
18,393435,9,2.060787
18,ours-406478,9,1.781713
18,KACTL,9,17.411410
18,393435,10,2.145456
18,ours-406478,10,1.676883
18,KACTL,10,17.146583
18,simd-v0,10,2.712199
18,ours-406478,11,1.706227
18,KACTL,11,17.208170
18,simd-v0,11,2.747675
18,393435,11,2.056308
18,KACTL,12,16.946520
18,simd-v0,12,2.721779
18,393435,12,2.030967
18,ours-406478,12,1.676349
18,simd-v0,13,2.702855
18,393435,13,2.043868
18,ours-406478,13,1.660394
18,KACTL,13,17.054696
18,393435,14,2.022020
18,ours-406478,14,1.662474
18,KACTL,14,17.250161
18,simd-v0,14,2.675730
18,ours-406478,15,1.712134
18,KACTL,15,16.941621
18,simd-v0,15,2.629363
18,393435,15,1.993223
18,KACTL,16,16.920685
18,simd-v0,16,2.621452
18,393435,16,1.976150
18,ours-406478,16,1.665157
18,simd-v0,17,2.644321
18,393435,17,2.052112
18,ours-406478,17,1.658825
18,KACTL,17,17.200151
18,393435,18,2.117101
18,ours-406478,18,1.772564
18,KACTL,18,17.313824
18,simd-v0,18,2.674724
18,ours-406478,19,1.649504
18,KACTL,19,17.139926
18,simd-v0,19,2.656704
18,393435,19,2.065288
18,KACTL,20,17.257125
18,simd-v0,20,2.774285
18,393435,20,2.139191
18,ours-406478,20,1.782351
18,simd-v0,21,2.661194
18,393435,21,1.980377
18,ours-406478,21,1.644843
18,KACTL,21,17.030499
18,393435,22,2.001396
18,ours-406478,22,1.702961
18,KACTL,22,16.836658
18,simd-v0,22,2.771336
18,ours-406478,23,1.687378
18,KACTL,23,17.368788
18,simd-v0,23,2.753922
18,393435,23,2.147654
18,KACTL,24,17.066770
18,simd-v0,24,2.663417
18,393435,24,2.017269
18,ours-406478,24,1.669833
18,simd-v0,25,2.614125
18,393435,25,2.028683
18,ours-406478,25,1.682959
18,KACTL,25,17.507951
18,393435,26,2.183449
18,ours-406478,26,1.737396
18,KACTL,26,17.306205
18,simd-v0,26,2.712426
18,ours-406478,27,1.732646
18,KACTL,27,17.831208
18,simd-v0,27,2.770548
18,393435,27,2.153102
18,KACTL,28,17.436690
18,simd-v0,28,2.703983
18,393435,28,2.038847
18,ours-406478,28,1.751117
18,simd-v0,29,2.709888
18,393435,29,2.011513
18,ours-406478,29,1.666467
18,KACTL,29,17.234133
18,393435,30,2.028511
18,ours-406478,30,1.714163
18,KACTL,30,17.070044
18,simd-v0,30,2.724412
18,ours-406478,31,1.667882
18,KACTL,31,17.207479
18,simd-v0,31,2.768270
18,393435,31,2.124027
18,KACTL,32,17.058077
18,simd-v0,32,2.671569
18,393435,32,1.985613
18,ours-406478,32,1.775263
18,simd-v0,33,2.799728
18,393435,33,2.088855
18,ours-406478,33,1.807598
18,KACTL,33,17.125008
18,393435,34,2.109300
18,ours-406478,34,1.791329
18,KACTL,34,17.112042
18,simd-v0,34,2.665907
18,ours-406478,35,1.675910
18,KACTL,35,17.215799
18,simd-v0,35,2.627960
18,393435,35,2.110515
18,KACTL,36,17.267236
18,simd-v0,36,2.629337
18,393435,36,1.984436
18,ours-406478,36,1.686327
18,simd-v0,37,2.735023
18,393435,37,1.977714
18,ours-406478,37,1.670392
18,KACTL,37,16.925407
18,393435,38,1.978848
18,ours-406478,38,1.662495
18,KACTL,38,17.030390
18,simd-v0,38,2.794447
18,ours-406478,39,1.801125
18,KACTL,39,17.099813
18,simd-v0,39,2.690106
18,393435,39,2.145166
18,KACTL,40,17.237878
18,simd-v0,40,2.781765
18,393435,40,2.113788
18,ours-406478,40,1.743868
18,simd-v0,41,2.705966
18,393435,41,2.040190
18,ours-406478,41,1.655792
18,KACTL,41,17.064264
18,393435,42,2.056524
18,ours-406478,42,1.822531
18,KACTL,42,17.108357
18,simd-v0,42,2.733837
18,ours-406478,43,1.657766
18,KACTL,43,17.047155
18,simd-v0,43,2.730725
18,393435,43,2.027196
18,KACTL,44,17.023021
18,simd-v0,44,2.622960
18,393435,44,1.979975
18,ours-406478,44,1.663827
18,simd-v0,45,2.772424
18,393435,45,2.083216
18,ours-406478,45,1.648302
18,KACTL,45,16.947471
18,393435,46,1.996556
18,ours-406478,46,1.690263
18,KACTL,46,17.186153
18,simd-v0,46,2.663813
18,ours-406478,47,1.714338
18,KACTL,47,16.946853
18,simd-v0,47,2.636599
18,393435,47,1.991434
18,KACTL,48,17.075541
18,simd-v0,48,2.824079
18,393435,48,2.111617
18,ours-406478,48,1.699790
18,simd-v0,49,2.638725
18,393435,49,2.021564
18,ours-406478,49,1.661538
18,KACTL,49,16.898557
18,393435,50,2.044729
18,ours-406478,50,1.683862
18,KACTL,50,17.134522
18,simd-v0,50,2.833135
18,ours-406478,51,1.778155
18,KACTL,51,17.301685
18,simd-v0,51,2.623815
18,393435,51,2.010531
18,KACTL,52,17.319175
18,simd-v0,52,2.722375
18,393435,52,2.086775
18,ours-406478,52,1.776509
18,simd-v0,53,2.755280
18,393435,53,2.011068
18,ours-406478,53,1.618287
18,KACTL,53,17.274867
18,393435,54,2.035171
18,ours-406478,54,1.679843
18,KACTL,54,17.079726
18,simd-v0,54,2.632677
18,ours-406478,55,1.665790
18,KACTL,55,17.349662
18,simd-v0,55,2.747875
18,393435,55,2.048389
18,KACTL,56,16.978357
18,simd-v0,56,2.697608
18,393435,56,2.019939
18,ours-406478,56,1.706173
18,simd-v0,57,2.638025
18,393435,57,2.007461
18,ours-406478,57,1.653244
18,KACTL,57,16.972750
18,393435,58,1.975798
18,ours-406478,58,1.670627
18,KACTL,58,17.031637
18,simd-v0,58,2.680687
18,ours-406478,59,1.707402
18,KACTL,59,17.295220
18,simd-v0,59,2.681756
18,393435,59,1.992635
18,KACTL,60,17.289971
18,simd-v0,60,2.858232
18,393435,60,2.152116
18,ours-406478,60,1.671290
18,simd-v0,61,2.612728
18,393435,61,2.089963
18,ours-406478,61,1.780058
18,KACTL,61,17.103472
19,KACTL,0,36.369386
19,simd-v0,0,5.818756
19,393435,0,4.294118
19,ours-406478,0,3.560526
19,simd-v0,1,5.689146
19,393435,1,4.371360
19,ours-406478,1,3.517460
19,KACTL,1,37.093166
19,393435,2,4.499407
19,ours-406478,2,3.504752
19,KACTL,2,36.465449
19,simd-v0,2,6.107715
19,ours-406478,3,3.466193
19,KACTL,3,36.193655
19,simd-v0,3,5.911016
19,393435,3,4.345430
19,KACTL,4,36.292029
19,simd-v0,4,5.806052
19,393435,4,4.268876
19,ours-406478,4,3.643915
19,simd-v0,5,5.650595
19,393435,5,4.303370
19,ours-406478,5,3.615881
19,KACTL,5,36.083230
19,393435,6,4.251159
19,ours-406478,6,3.686741
19,KACTL,6,36.841719
19,simd-v0,6,5.922453
19,ours-406478,7,3.570204
19,KACTL,7,37.319554
19,simd-v0,7,6.733785
19,393435,7,4.752648
19,KACTL,8,37.756985
19,simd-v0,8,6.476247
19,393435,8,4.338157
19,ours-406478,8,3.692381
19,simd-v0,9,6.019667
19,393435,9,4.462242
19,ours-406478,9,3.463238
19,KACTL,9,36.253762
19,393435,10,4.528999
19,ours-406478,10,3.684422
19,KACTL,10,35.731274
19,simd-v0,10,6.110099
19,ours-406478,11,3.629967
19,KACTL,11,36.605857
19,simd-v0,11,6.040350
19,393435,11,4.586093
19,KACTL,12,36.437281
19,simd-v0,12,5.749742
19,393435,12,4.255109
19,ours-406478,12,3.662177
19,simd-v0,13,5.802930
19,393435,13,4.247019
19,ours-406478,13,3.489872
19,KACTL,13,36.608687
19,393435,14,4.264160
19,ours-406478,14,3.432297
19,KACTL,14,35.854558
19,simd-v0,14,6.108812
19,ours-406478,15,3.699861
19,KACTL,15,36.361808
19,simd-v0,15,5.798998
19,393435,15,4.400741
19,KACTL,16,36.084508
19,simd-v0,16,5.878531
19,393435,16,4.363022
19,ours-406478,16,3.709278
19,simd-v0,17,5.759067
19,393435,17,4.296354
19,ours-406478,17,3.470221
19,KACTL,17,36.192374
19,393435,18,4.267955
19,ours-406478,18,3.467524
19,KACTL,18,35.758809
19,simd-v0,18,5.869985
19,ours-406478,19,3.428432
19,KACTL,19,36.195389
19,simd-v0,19,5.808234
19,393435,19,4.437559
19,KACTL,20,35.739486
19,simd-v0,20,5.996186
19,393435,20,4.426751
19,ours-406478,20,3.636811
19,simd-v0,21,5.789625
19,393435,21,4.285711
19,ours-406478,21,3.480958
19,KACTL,21,36.740303
19,393435,22,4.612588
19,ours-406478,22,3.734616
19,KACTL,22,36.095374
19,simd-v0,22,6.481912
19,ours-406478,23,3.575686
19,KACTL,23,35.647262
19,simd-v0,23,5.841819
19,393435,23,4.389910
19,KACTL,24,35.727427
19,simd-v0,24,5.871002
19,393435,24,4.313189
19,ours-406478,24,3.519354
19,simd-v0,25,5.772559
19,393435,25,4.285271
19,ours-406478,25,3.434746
19,KACTL,25,36.228101
19,393435,26,4.398980
19,ours-406478,26,3.757771
19,KACTL,26,35.957522
19,simd-v0,26,6.065290
19,ours-406478,27,3.548041
19,KACTL,27,35.969936
19,simd-v0,27,5.804613
19,393435,27,4.365142
19,KACTL,28,36.301477
19,simd-v0,28,5.743771
19,393435,28,4.243950
19,ours-406478,28,3.564766
20,KACTL,0,81.034143
20,simd-v0,0,13.064658
20,393435,0,9.498748
20,ours-406478,0,7.722782
20,simd-v0,1,12.417584
20,393435,1,9.228800
20,ours-406478,1,7.673001
20,KACTL,1,77.897526
20,393435,2,9.342330
20,ours-406478,2,7.870963
20,KACTL,2,81.303045
20,simd-v0,2,13.206510
20,ours-406478,3,7.952558
20,KACTL,3,76.907740
20,simd-v0,3,12.644499
20,393435,3,9.380844
20,KACTL,4,79.782831
20,simd-v0,4,12.841401
20,393435,4,9.417846
20,ours-406478,4,8.252664
20,simd-v0,5,13.529859
20,393435,5,9.245931
20,ours-406478,5,7.625363
20,KACTL,5,77.966441
20,393435,6,9.301477
20,ours-406478,6,7.673308
20,KACTL,6,80.441696
20,simd-v0,6,13.137085
20,ours-406478,7,7.932826
20,KACTL,7,77.601779
20,simd-v0,7,12.780856
20,393435,7,9.690402
20,KACTL,8,81.201283
20,simd-v0,8,13.004313
20,393435,8,9.422919
20,ours-406478,8,8.119649
20,simd-v0,9,12.536817
20,393435,9,9.244066
20,ours-406478,9,7.647632
20,KACTL,9,78.290407
20,393435,10,9.204572
20,ours-406478,10,7.885386
20,KACTL,10,80.435578
20,simd-v0,10,12.964630
20,ours-406478,11,8.100213
20,KACTL,11,77.947411
20,simd-v0,11,12.874326
20,393435,11,9.518479
20,KACTL,12,79.759358
20,simd-v0,12,12.696504
20,393435,12,9.228266
20,ours-406478,12,7.668406
21,KACTL,0,227.304686
21,simd-v0,0,26.689392
21,393435,0,19.625387
21,ours-406478,0,16.521592
21,simd-v0,1,26.459351
21,393435,1,19.689956
21,ours-406478,1,16.105602
21,KACTL,1,203.706386
21,393435,2,20.227258
21,ours-406478,2,16.957652
21,KACTL,2,231.588718
21,simd-v0,2,27.657092
21,ours-406478,3,16.828632
21,KACTL,3,202.473340
21,simd-v0,3,26.732875
21,393435,3,19.816273
21,KACTL,4,228.048024
21,simd-v0,4,26.612069
21,393435,4,20.157162
21,ours-406478,4,16.614724
21,simd-v0,5,27.048106
21,393435,5,20.233134
21,ours-406478,5,17.047974
21,KACTL,5,201.381707
21,393435,6,19.983716
21,ours-406478,6,16.562778
21,KACTL,6,227.772040
21,simd-v0,6,27.106814
21,ours-406478,7,17.427998
21,KACTL,7,204.217230
21,simd-v0,7,27.058311
21,393435,7,20.111864
21,KACTL,8,233.562355
21,simd-v0,8,27.131104
21,393435,8,20.483652
21,ours-406478,8,17.356594
21,simd-v0,9,26.866656
21,393435,9,20.172654
21,ours-406478,9,17.081900
21,KACTL,9,203.683460
21,393435,10,20.511138
21,ours-406478,10,17.063183
21,KACTL,10,229.609403
21,simd-v0,10,26.771015
22,KACTL,0,588.292733
22,simd-v0,0,56.967016
22,393435,0,42.116626
22,ours-406478,0,35.729165
22,simd-v0,1,56.483331
22,393435,1,41.399657
22,ours-406478,1,35.021484
22,KACTL,1,545.216594
22,393435,2,41.370221
22,ours-406478,2,35.891117
22,KACTL,2,588.205405
22,simd-v0,2,56.485346
22,ours-406478,3,36.046538
22,KACTL,3,553.062099
22,simd-v0,3,57.486532
22,393435,3,41.888418
22,KACTL,4,594.527087
22,simd-v0,4,57.392207
22,393435,4,42.056426
22,ours-406478,4,36.083237
22,simd-v0,5,57.443849
22,393435,5,42.318011
22,ours-406478,5,35.472289
22,KACTL,5,545.009192
22,393435,6,42.226133
22,ours-406478,6,35.815296
22,KACTL,6,594.172362
22,simd-v0,6,56.983311
22,ours-406478,7,35.155516
22,KACTL,7,547.242384
22,simd-v0,7,57.270905
22,393435,7,42.211651
22,KACTL,8,590.314236
22,simd-v0,8,56.225534
22,393435,8,41.925702
22,ours-406478,8,35.240814
22,simd-v0,9,56.965891
22,393435,9,41.734607
22,ours-406478,9,36.401581
22,KACTL,9,552.586488
22,393435,10,42.064681
22,ours-406478,10,35.312872
22,KACTL,10,601.002125
22,simd-v0,10,56.798991
