lg,impl,rep,ms
10,KACTL,0,0.047269
10,simd-v0,0,0.008265
10,393435,0,0.004468
10,ours-406478,0,0.003005
10,simd-v0,1,0.008316
10,393435,1,0.004418
10,ours-406478,1,0.002966
10,KACTL,1,0.047339
10,393435,2,0.004418
10,ours-406478,2,0.002955
10,KACTL,2,0.047248
10,simd-v0,2,0.008185
10,ours-406478,3,0.002976
10,KACTL,3,0.050154
10,simd-v0,3,0.008255
10,393435,3,0.004408
10,KACTL,4,0.047179
10,simd-v0,4,0.008225
10,393435,4,0.004378
10,ours-406478,4,0.002995
10,simd-v0,5,0.008225
10,393435,5,0.004408
10,ours-406478,5,0.002995
10,KACTL,5,0.047248
10,393435,6,0.004449
10,ours-406478,6,0.002956
10,KACTL,6,0.047128
10,simd-v0,6,0.008345
10,ours-406478,7,0.002966
10,KACTL,7,0.047338
10,simd-v0,7,0.008256
10,393435,7,0.004438
10,KACTL,8,0.047178
10,simd-v0,8,0.008266
10,393435,8,0.004409
10,ours-406478,8,0.002955
10,simd-v0,9,0.008205
10,393435,9,0.004418
10,ours-406478,9,0.002976
10,KACTL,9,0.047329
10,393435,10,0.004439
10,ours-406478,10,0.002965
10,KACTL,10,0.058119
10,simd-v0,10,0.008225
10,ours-406478,11,0.002986
10,KACTL,11,0.047329
10,simd-v0,11,0.008206
10,393435,11,0.004448
10,KACTL,12,0.047109
10,simd-v0,12,0.008206
10,393435,12,0.004398
10,ours-406478,12,0.002975
10,simd-v0,13,0.008185
10,393435,13,0.004408
10,ours-406478,13,0.002945
10,KACTL,13,0.047349
10,393435,14,0.004398
10,ours-406478,14,0.002966
10,KACTL,14,0.047218
10,simd-v0,14,0.008196
10,ours-406478,15,0.002935
10,KACTL,15,0.047339
10,simd-v0,15,0.008205
10,393435,15,0.004408
10,KACTL,16,0.047188
10,simd-v0,16,0.008216
10,393435,16,0.004418
10,ours-406478,16,0.002966
10,simd-v0,17,0.008206
10,393435,17,0.004488
10,ours-406478,17,0.002985
10,KACTL,17,0.047329
10,393435,18,0.004398
10,ours-406478,18,0.003045
10,KACTL,18,0.047239
10,simd-v0,18,0.008175
10,ours-406478,19,0.002955
10,KACTL,19,0.047269
10,simd-v0,19,0.008195
10,393435,19,0.004448
10,KACTL,20,0.047099
10,simd-v0,20,0.008205
10,393435,20,0.004398
10,ours-406478,20,0.003036
10,simd-v0,21,0.008195
10,393435,21,0.004428
10,ours-406478,21,0.002996
10,KACTL,21,0.048040
10,393435,22,0.004408
10,ours-406478,22,0.002976
10,KACTL,22,0.047139
10,simd-v0,22,0.008185
10,ours-406478,23,0.002926
10,KACTL,23,0.047318
10,simd-v0,23,0.008216
10,393435,23,0.004408
10,KACTL,24,0.047148
10,simd-v0,24,0.008265
10,393435,24,0.004398
10,ours-406478,24,0.002955
10,simd-v0,25,0.008196
10,393435,25,0.004398
10,ours-406478,25,0.002975
10,KACTL,25,0.056275
10,393435,26,0.004418
10,ours-406478,26,0.002986
10,KACTL,26,0.047118
10,simd-v0,26,0.008235
10,ours-406478,27,0.002966
10,KACTL,27,0.047258
10,simd-v0,27,0.008196
10,393435,27,0.004418
10,KACTL,28,0.047128
10,simd-v0,28,0.008185
10,393435,28,0.004409
10,ours-406478,28,0.002945
10,simd-v0,29,0.008186
10,393435,29,0.004439
10,ours-406478,29,0.002966
10,KACTL,29,0.047319
10,393435,30,0.004438
10,ours-406478,30,0.002985
10,KACTL,30,0.047119
10,simd-v0,30,0.008205
10,ours-406478,31,0.002946
10,KACTL,31,0.047278
10,simd-v0,31,0.008206
10,393435,31,0.004409
10,KACTL,32,0.047158
10,simd-v0,32,0.008216
10,393435,32,0.004418
10,ours-406478,32,0.002986
10,simd-v0,33,0.008195
10,393435,33,0.004489
10,ours-406478,33,0.002975
10,KACTL,33,0.047269
10,393435,34,0.004428
10,ours-406478,34,0.003056
10,KACTL,34,0.047218
10,simd-v0,34,0.008205
10,ours-406478,35,0.002946
10,KACTL,35,0.047198
10,simd-v0,35,0.008236
10,393435,35,0.004438
10,KACTL,36,0.047960
10,simd-v0,36,0.008235
10,393435,36,0.004428
10,ours-406478,36,0.003046
10,simd-v0,37,0.008205
10,393435,37,0.004398
10,ours-406478,37,0.002976
10,KACTL,37,0.047348
10,393435,38,0.004418
10,ours-406478,38,0.002965
10,KACTL,38,0.047148
10,simd-v0,38,0.008186
10,ours-406478,39,0.002965
10,KACTL,39,0.047239
10,simd-v0,39,0.008285
10,393435,39,0.004428
10,KACTL,40,0.065203
10,simd-v0,40,0.010209
10,393435,40,0.006463
10,ours-406478,40,0.004829
10,simd-v0,41,0.008446
10,393435,41,0.004488
10,ours-406478,41,0.002975
10,KACTL,41,0.047680
10,393435,42,0.004388
10,ours-406478,42,0.002935
10,KACTL,42,0.047338
10,simd-v0,42,0.008216
10,ours-406478,43,0.002956
10,KACTL,43,0.047218
10,simd-v0,43,0.008226
10,393435,43,0.004398
10,KACTL,44,0.047128
10,simd-v0,44,0.008236
10,393435,44,0.004429
10,ours-406478,44,0.003075
10,simd-v0,45,0.008235
10,393435,45,0.004398
10,ours-406478,45,0.002976
10,KACTL,45,0.047389
10,393435,46,0.004408
10,ours-406478,46,0.002945
10,KACTL,46,0.047108
10,simd-v0,46,0.008185
10,ours-406478,47,0.002945
10,KACTL,47,0.047319
10,simd-v0,47,0.008206
10,393435,47,0.004399
10,KACTL,48,0.047158
10,simd-v0,48,0.008266
10,393435,48,0.004399
10,ours-406478,48,0.002956
10,simd-v0,49,0.008216
10,393435,49,0.004429
10,ours-406478,49,0.002956
10,KACTL,49,0.047258
10,393435,50,0.004408
10,ours-406478,50,0.002995
10,KACTL,50,0.047148
10,simd-v0,50,0.008185
10,ours-406478,51,0.002946
10,KACTL,51,0.047279
10,simd-v0,51,0.008185
10,393435,51,0.004399
10,KACTL,52,0.047208
10,simd-v0,52,0.008205
10,393435,52,0.004388
10,ours-406478,52,0.002966
10,simd-v0,53,0.008305
10,393435,53,0.004428
10,ours-406478,53,0.002986
10,KACTL,53,0.047219
10,393435,54,0.004489
10,ours-406478,54,0.002965
10,KACTL,54,0.047149
10,simd-v0,54,0.008205
10,ours-406478,55,0.003056
10,KACTL,55,0.060944
10,simd-v0,55,0.008286
10,393435,55,0.004458
10,KACTL,56,0.047078
10,simd-v0,56,0.008245
10,393435,56,0.004428
10,ours-406478,56,0.003056
10,simd-v0,57,0.008185
10,393435,57,0.004408
10,ours-406478,57,0.002976
10,KACTL,57,0.047298
10,393435,58,0.004419
10,ours-406478,58,0.002965
10,KACTL,58,0.047148
10,simd-v0,58,0.008236
10,ours-406478,59,0.002935
10,KACTL,59,0.047329
10,simd-v0,59,0.008195
10,393435,59,0.004399
10,KACTL,60,0.047088
10,simd-v0,60,0.008215
10,393435,60,0.004398
10,ours-406478,60,0.002976
10,simd-v0,61,0.008196
10,393435,61,0.004428
10,ours-406478,61,0.002965
10,KACTL,61,0.047199
10,393435,62,0.004418
10,ours-406478,62,0.002966
10,KACTL,62,0.047149
10,simd-v0,62,0.008195
10,ours-406478,63,0.002935
10,KACTL,63,0.047219
10,simd-v0,63,0.008195
10,393435,63,0.004399
10,KACTL,64,0.047119
10,simd-v0,64,0.008226
10,393435,64,0.004398
10,ours-406478,64,0.002965
10,simd-v0,65,0.008215
10,393435,65,0.004388
10,ours-406478,65,0.003066
10,KACTL,65,0.047970
10,393435,66,0.004408
10,ours-406478,66,0.002966
10,KACTL,66,0.047168
10,simd-v0,66,0.008226
10,ours-406478,67,0.002946
10,KACTL,67,0.047359
10,simd-v0,67,0.008236
10,393435,67,0.004418
10,KACTL,68,0.047118
10,simd-v0,68,0.008216
10,393435,68,0.004378
10,ours-406478,68,0.002965
10,simd-v0,69,0.008316
10,393435,69,0.004428
10,ours-406478,69,0.002975
10,KACTL,69,0.047179
10,393435,70,0.004408
10,ours-406478,70,0.002976
10,KACTL,70,0.056706
10,simd-v0,70,0.008226
10,ours-406478,71,0.002976
10,KACTL,71,0.047319
10,simd-v0,71,0.008195
10,393435,71,0.004418
10,KACTL,72,0.047139
10,simd-v0,72,0.008196
10,393435,72,0.004398
10,ours-406478,72,0.002985
10,simd-v0,73,0.008215
10,393435,73,0.004418
10,ours-406478,73,0.002976
10,KACTL,73,0.047258
10,393435,74,0.004408
10,ours-406478,74,0.002976
10,KACTL,74,0.047148
10,simd-v0,74,0.008216
10,ours-406478,75,0.002975
10,KACTL,75,0.047309
10,simd-v0,75,0.008206
10,393435,75,0.004428
10,KACTL,76,0.047128
10,simd-v0,76,0.008206
10,393435,76,0.004388
10,ours-406478,76,0.002975
10,simd-v0,77,0.008216
10,393435,77,0.004408
10,ours-406478,77,0.002965
10,KACTL,77,0.047279
10,393435,78,0.004408
10,ours-406478,78,0.002966
10,KACTL,78,0.047118
10,simd-v0,78,0.008195
10,ours-406478,79,0.002955
10,KACTL,79,0.047279
10,simd-v0,79,0.008205
10,393435,79,0.004408
10,KACTL,80,0.047088
10,simd-v0,80,0.008196
10,393435,80,0.004418
10,ours-406478,80,0.002976
10,simd-v0,81,0.008176
10,393435,81,0.004408
10,ours-406478,81,0.003066
10,KACTL,81,0.048090
10,393435,82,0.004418
10,ours-406478,82,0.002965
10,KACTL,82,0.047119
10,simd-v0,82,0.008175
10,ours-406478,83,0.002956
10,KACTL,83,0.047288
10,simd-v0,83,0.008205
10,393435,83,0.004398
10,KACTL,84,0.047149
10,simd-v0,84,0.008205
10,393435,84,0.004408
10,ours-406478,84,0.002985
10,simd-v0,85,0.008266
10,393435,85,0.004408
10,ours-406478,85,0.002986
10,KACTL,85,0.056866
10,393435,86,0.004439
10,ours-406478,86,0.003005
10,KACTL,86,0.047149
10,simd-v0,86,0.008205
10,ours-406478,87,0.002965
10,KACTL,87,0.047318
10,simd-v0,87,0.008185
10,393435,87,0.004409
10,KACTL,88,0.047268
10,simd-v0,88,0.008176
10,393435,88,0.004448
10,ours-406478,88,0.003025
10,simd-v0,89,0.008206
10,393435,89,0.004378
10,ours-406478,89,0.002975
10,KACTL,89,0.047379
10,393435,90,0.004408
10,ours-406478,90,0.002966
10,KACTL,90,0.047068
10,simd-v0,90,0.008215
10,ours-406478,91,0.002966
10,KACTL,91,0.047279
10,simd-v0,91,0.008235
10,393435,91,0.004468
10,KACTL,92,0.047078
10,simd-v0,92,0.008216
10,393435,92,0.004418
10,ours-406478,92,0.002965
10,simd-v0,93,0.008196
10,393435,93,0.004438
10,ours-406478,93,0.002965
10,KACTL,93,0.047379
10,393435,94,0.004438
10,ours-406478,94,0.002956
10,KACTL,94,0.047158
10,simd-v0,94,0.008195
10,ours-406478,95,0.002936
10,KACTL,95,0.047248
10,simd-v0,95,0.008236
10,393435,95,0.004409
10,KACTL,96,0.047128
10,simd-v0,96,0.008216
10,393435,96,0.004389
10,ours-406478,96,0.002945
10,simd-v0,97,0.008275
10,393435,97,0.004418
10,ours-406478,97,0.002975
10,KACTL,97,0.047259
10,393435,98,0.004499
10,ours-406478,98,0.002965
10,KACTL,98,0.047179
10,simd-v0,98,0.008195
10,ours-406478,99,0.003046
10,KACTL,99,0.047298
10,simd-v0,99,0.008206
10,393435,99,0.004508
10,KACTL,100,0.067607
10,simd-v0,100,0.010229
10,393435,100,0.006853
10,ours-406478,100,0.004317
10,simd-v0,101,0.008215
10,393435,101,0.004418
10,ours-406478,101,0.002976
10,KACTL,101,0.047399
10,393435,102,0.004428
10,ours-406478,102,0.002965
10,KACTL,102,0.047098
10,simd-v0,102,0.008185
10,ours-406478,103,0.002936
10,KACTL,103,0.047268
10,simd-v0,103,0.008196
10,393435,103,0.004408
10,KACTL,104,0.047168
10,simd-v0,104,0.008206
10,393435,104,0.004369
10,ours-406478,104,0.002956
10,simd-v0,105,0.008205
10,393435,105,0.004429
10,ours-406478,105,0.003036
10,KACTL,105,0.047259
10,393435,106,0.004368
10,ours-406478,106,0.002955
10,KACTL,106,0.047108
10,simd-v0,106,0.008196
10,ours-406478,107,0.002955
10,KACTL,107,0.047249
10,simd-v0,107,0.008235
10,393435,107,0.004429
10,KACTL,108,0.047209
10,simd-v0,108,0.008195
10,393435,108,0.004388
10,ours-406478,108,0.002966
10,simd-v0,109,0.008165
10,393435,109,0.004418
10,ours-406478,109,0.002976
10,KACTL,109,0.047198
10,393435,110,0.004418
10,ours-406478,110,0.002946
10,KACTL,110,0.047118
10,simd-v0,110,0.008275
10,ours-406478,111,0.002956
10,KACTL,111,0.047288
10,simd-v0,111,0.008266
10,393435,111,0.004389
10,KACTL,112,0.047058
10,simd-v0,112,0.008275
10,393435,112,0.004388
10,ours-406478,112,0.002956
10,simd-v0,113,0.008275
10,393435,113,0.004399
10,ours-406478,113,0.002986
10,KACTL,113,0.047268
10,393435,114,0.004439
10,ours-406478,114,0.002955
10,KACTL,114,0.047139
10,simd-v0,114,0.008185
10,ours-406478,115,0.002965
10,KACTL,115,0.057738
10,simd-v0,115,0.008235
10,393435,115,0.004459
10,KACTL,116,0.047108
10,simd-v0,116,0.008205
10,393435,116,0.004398
10,ours-406478,116,0.003026
10,simd-v0,117,0.008196
10,393435,117,0.004399
10,ours-406478,117,0.002966
10,KACTL,117,0.047259
10,393435,118,0.004418
10,ours-406478,118,0.002945
10,KACTL,118,0.047128
10,simd-v0,118,0.008205
10,ours-406478,119,0.002955
10,KACTL,119,0.047339
10,simd-v0,119,0.008205
10,393435,119,0.004419
10,KACTL,120,0.047169
10,simd-v0,120,0.008205
10,393435,120,0.004409
10,ours-406478,120,0.002966
10,simd-v0,121,0.008195
10,393435,121,0.004388
10,ours-406478,121,0.003076
10,KACTL,121,0.047339
10,393435,122,0.004418
10,ours-406478,122,0.002965
10,KACTL,122,0.047119
10,simd-v0,122,0.008205
10,ours-406478,123,0.002945
10,KACTL,123,0.047279
10,simd-v0,123,0.008185
10,393435,123,0.004398
10,KACTL,124,0.047239
10,simd-v0,124,0.008225
10,393435,124,0.004388
10,ours-406478,124,0.002976
10,simd-v0,125,0.008255
10,393435,125,0.004398
10,ours-406478,125,0.002986
10,KACTL,125,0.047269
10,393435,126,0.004368
10,ours-406478,126,0.002956
10,KACTL,126,0.047138
10,simd-v0,126,0.008266
10,ours-406478,127,0.002955
10,KACTL,127,0.047169
10,simd-v0,127,0.008296
10,393435,127,0.004378
10,KACTL,128,0.047148
10,simd-v0,128,0.008305
10,393435,128,0.004398
10,ours-406478,128,0.002966
10,simd-v0,129,0.008175
10,393435,129,0.004418
10,ours-406478,129,0.002956
10,KACTL,129,0.047329
10,393435,130,0.004408
10,ours-406478,130,0.002946
10,KACTL,130,0.047158
10,simd-v0,130,0.017433
10,ours-406478,131,0.003006
10,KACTL,131,0.047189
10,simd-v0,131,0.008235
10,393435,131,0.004559
10,KACTL,132,0.047228
10,simd-v0,132,0.008206
10,393435,132,0.004418
10,ours-406478,132,0.003076
10,simd-v0,133,0.008195
10,393435,133,0.004408
10,ours-406478,133,0.002936
10,KACTL,133,0.047098
10,393435,134,0.004408
10,ours-406478,134,0.002946
10,KACTL,134,0.047138
10,simd-v0,134,0.008225
10,ours-406478,135,0.002946
10,KACTL,135,0.047168
10,simd-v0,135,0.008265
10,393435,135,0.004419
10,KACTL,136,0.047178
10,simd-v0,136,0.008195
10,393435,136,0.004409
10,ours-406478,136,0.002946
10,simd-v0,137,0.008255
10,393435,137,0.004429
10,ours-406478,137,0.002966
10,KACTL,137,0.047188
10,393435,138,0.004478
10,ours-406478,138,0.002956
10,KACTL,138,0.047138
10,simd-v0,138,0.008296
10,ours-406478,139,0.002945
10,KACTL,139,0.047139
10,simd-v0,139,0.008205
10,393435,139,0.004488
10,KACTL,140,0.047128
10,simd-v0,140,0.008196
10,393435,140,0.004478
10,ours-406478,140,0.002986
10,simd-v0,141,0.008175
10,393435,141,0.004428
10,ours-406478,141,0.002976
10,KACTL,141,0.047189
10,393435,142,0.004388
10,ours-406478,142,0.002975
10,KACTL,142,0.047158
10,simd-v0,142,0.008215
10,ours-406478,143,0.002966
10,KACTL,143,0.047178
10,simd-v0,143,0.008235
10,393435,143,0.004419
10,KACTL,144,0.047109
10,simd-v0,144,0.008195
10,393435,144,0.004438
10,ours-406478,144,0.002986
10,simd-v0,145,0.008205
10,393435,145,0.004418
10,ours-406478,145,0.002976
10,KACTL,145,0.047088
10,393435,146,0.014908
10,ours-406478,146,0.003036
10,KACTL,146,0.047198
10,simd-v0,146,0.008205
10,ours-406478,147,0.002955
10,KACTL,147,0.047279
10,simd-v0,147,0.008195
10,393435,147,0.004459
10,KACTL,148,0.047138
10,simd-v0,148,0.008195
10,393435,148,0.004398
10,ours-406478,148,0.002976
10,simd-v0,149,0.008196
10,393435,149,0.004418
10,ours-406478,149,0.002965
10,KACTL,149,0.047179
10,393435,150,0.004408
10,ours-406478,150,0.002976
10,KACTL,150,0.047138
10,simd-v0,150,0.008205
10,ours-406478,151,0.002976
10,KACTL,151,0.047148
10,simd-v0,151,0.008236
10,393435,151,0.004429
10,KACTL,152,0.047168
10,simd-v0,152,0.008205
10,393435,152,0.004418
10,ours-406478,152,0.002966
10,simd-v0,153,0.008285
10,393435,153,0.004419
10,ours-406478,153,0.002965
10,KACTL,153,0.047158
10,393435,154,0.004469
10,ours-406478,154,0.005931
10,KACTL,154,0.047188
10,simd-v0,154,0.008296
10,ours-406478,155,0.002986
10,KACTL,155,0.047099
10,simd-v0,155,0.008285
10,393435,155,0.004418
10,KACTL,156,0.047138
10,simd-v0,156,0.008265
10,393435,156,0.004408
10,ours-406478,156,0.002966
10,simd-v0,157,0.008205
10,393435,157,0.004398
10,ours-406478,157,0.002946
10,KACTL,157,0.047088
10,393435,158,0.004408
10,ours-406478,158,0.002946
10,KACTL,158,0.047148
10,simd-v0,158,0.008235
10,ours-406478,159,0.002926
10,KACTL,159,0.047178
10,simd-v0,159,0.008195
10,393435,159,0.004418
10,KACTL,160,0.047099
10,simd-v0,160,0.008205
10,393435,160,0.004398
10,ours-406478,160,0.002956
10,simd-v0,161,0.008185
10,393435,161,0.004398
10,ours-406478,161,0.002986
10,KACTL,161,0.056586
10,393435,162,0.004539
10,ours-406478,162,0.003176
10,KACTL,162,0.047168
10,simd-v0,162,0.010389
10,ours-406478,163,0.002966
10,KACTL,163,0.047128
10,simd-v0,163,0.008236
10,393435,163,0.004448
10,KACTL,164,0.047098
10,simd-v0,164,0.008276
10,393435,164,0.004438
10,ours-406478,164,0.003016
10,simd-v0,165,0.008205
10,393435,165,0.004408
10,ours-406478,165,0.002936
10,KACTL,165,0.047138
10,393435,166,0.004408
10,ours-406478,166,0.002946
10,KACTL,166,0.047219
10,simd-v0,166,0.008216
10,ours-406478,167,0.002926
10,KACTL,167,0.047078
10,simd-v0,167,0.008306
10,393435,167,0.004398
10,KACTL,168,0.047178
10,simd-v0,168,0.008296
10,393435,168,0.004418
10,ours-406478,168,0.002975
10,simd-v0,169,0.008166
10,393435,169,0.004419
10,ours-406478,169,0.002975
10,KACTL,169,0.047118
10,393435,170,0.004389
10,ours-406478,170,0.002955
10,KACTL,170,0.047199
10,simd-v0,170,0.008175
10,ours-406478,171,0.002975
10,KACTL,171,0.047188
10,simd-v0,171,0.008205
10,393435,171,0.004408
10,KACTL,172,0.047118
10,simd-v0,172,0.008225
10,393435,172,0.004398
10,ours-406478,172,0.002956
10,simd-v0,173,0.008186
10,393435,173,0.004438
10,ours-406478,173,0.002996
10,KACTL,173,0.047168
10,393435,174,0.004459
10,ours-406478,174,0.002965
10,KACTL,174,0.047149
10,simd-v0,174,0.008235
10,ours-406478,175,0.002966
10,KACTL,175,0.047088
10,simd-v0,175,0.008195
10,393435,175,0.004408
10,KACTL,176,0.062177
10,simd-v0,176,0.008286
10,393435,176,0.004448
10,ours-406478,176,0.003176
10,simd-v0,177,0.008185
10,393435,177,0.004408
10,ours-406478,177,0.002966
10,KACTL,177,0.047108
10,393435,178,0.004408
10,ours-406478,178,0.002976
10,KACTL,178,0.047128
10,simd-v0,178,0.008165
10,ours-406478,179,0.002966
10,KACTL,179,0.047188
10,simd-v0,179,0.008246
10,393435,179,0.004408
10,KACTL,180,0.047158
10,simd-v0,180,0.008196
10,393435,180,0.004409
10,ours-406478,180,0.002976
10,simd-v0,181,0.008185
10,393435,181,0.004418
10,ours-406478,181,0.002966
10,KACTL,181,0.047198
10,393435,182,0.004398
10,ours-406478,182,0.002975
10,KACTL,182,0.047138
10,simd-v0,182,0.008176
10,ours-406478,183,0.002945
10,KACTL,183,0.047118
10,simd-v0,183,0.008196
10,393435,183,0.004398
10,KACTL,184,0.047068
10,simd-v0,184,0.008215
10,393435,184,0.004408
10,ours-406478,184,0.002966
10,simd-v0,185,0.008205
10,393435,185,0.004418
10,ours-406478,185,0.002986
10,KACTL,185,0.047158
10,393435,186,0.004398
10,ours-406478,186,0.002956
10,KACTL,186,0.047168
10,simd-v0,186,0.008185
10,ours-406478,187,0.002936
10,KACTL,187,0.047860
10,simd-v0,187,0.008196
10,393435,187,0.004378
10,KACTL,188,0.047088
10,simd-v0,188,0.008175
10,393435,188,0.004398
10,ours-406478,188,0.002956
10,simd-v0,189,0.008215
10,393435,189,0.004429
10,ours-406478,189,0.002966
10,KACTL,189,0.047108
10,393435,190,0.004408
10,ours-406478,190,0.002976
10,KACTL,190,0.047158
10,simd-v0,190,0.008185
10,ours-406478,191,0.002936
10,KACTL,191,0.056716
10,simd-v0,191,0.008226
10,393435,191,0.004458
10,KACTL,192,0.047189
10,simd-v0,192,0.008186
10,393435,192,0.004418
10,ours-406478,192,0.003015
10,simd-v0,193,0.008196
10,393435,193,0.004418
10,ours-406478,193,0.002955
10,KACTL,193,0.047089
10,393435,194,0.004418
10,ours-406478,194,0.002975
10,KACTL,194,0.047178
10,simd-v0,194,0.008386
10,ours-406478,195,0.002966
10,KACTL,195,0.047078
10,simd-v0,195,0.008286
10,393435,195,0.004429
10,KACTL,196,0.047138
10,simd-v0,196,0.008285
10,393435,196,0.004449
10,ours-406478,196,0.002986
10,simd-v0,197,0.008206
10,393435,197,0.004409
10,ours-406478,197,0.002966
10,KACTL,197,0.047309
10,393435,198,0.004408
10,ours-406478,198,0.002956
10,KACTL,198,0.047169
10,simd-v0,198,0.008195
10,ours-406478,199,0.002965
10,KACTL,199,0.047178
10,simd-v0,199,0.008205
10,393435,199,0.004419
10,KACTL,200,0.047118
10,simd-v0,200,0.008205
10,393435,200,0.004408
10,ours-406478,200,0.002966
10,simd-v0,201,0.008185
10,393435,201,0.004418
10,ours-406478,201,0.002966
10,KACTL,201,0.047128
10,393435,202,0.004418
10,ours-406478,202,0.002986
10,KACTL,202,0.047128
10,simd-v0,202,0.008997
10,ours-406478,203,0.002965
10,KACTL,203,0.047119
10,simd-v0,203,0.008206
10,393435,203,0.004418
10,KACTL,204,0.047158
10,simd-v0,204,0.008216
10,393435,204,0.004429
10,ours-406478,204,0.002955
10,simd-v0,205,0.008196
10,393435,205,0.004429
10,ours-406478,205,0.002955
10,KACTL,205,0.047118
10,393435,206,0.004398
10,ours-406478,206,0.002966
10,KACTL,206,0.055955
10,simd-v0,206,0.008206
10,ours-406478,207,0.003006
10,KACTL,207,0.047108
10,simd-v0,207,0.008186
10,393435,207,0.004419
10,KACTL,208,0.047108
10,simd-v0,208,0.008195
10,393435,208,0.004448
10,ours-406478,208,0.002946
10,simd-v0,209,0.008295
10,393435,209,0.004408
10,ours-406478,209,0.002975
10,KACTL,209,0.047158
10,393435,210,0.004409
10,ours-406478,210,0.002965
10,KACTL,210,0.047249
10,simd-v0,210,0.008275
10,ours-406478,211,0.002956
10,KACTL,211,0.047188
10,simd-v0,211,0.008266
10,393435,211,0.004419
10,KACTL,212,0.047158
10,simd-v0,212,0.008275
10,393435,212,0.004439
10,ours-406478,212,0.002985
10,simd-v0,213,0.008185
10,393435,213,0.004438
10,ours-406478,213,0.002956
10,KACTL,213,0.047168
10,393435,214,0.004428
10,ours-406478,214,0.002986
10,KACTL,214,0.047068
10,simd-v0,214,0.008246
10,ours-406478,215,0.002986
10,KACTL,215,0.047198
10,simd-v0,215,0.008205
10,393435,215,0.004428
10,KACTL,216,0.047229
10,simd-v0,216,0.008265
10,393435,216,0.004428
10,ours-406478,216,0.003035
10,simd-v0,217,0.008205
10,393435,217,0.004409
10,ours-406478,217,0.002975
10,KACTL,217,0.047099
10,393435,218,0.004409
10,ours-406478,218,0.002945
10,KACTL,218,0.047109
10,simd-v0,218,0.008216
10,ours-406478,219,0.002945
10,KACTL,219,0.047149
10,simd-v0,219,0.008225
10,393435,219,0.004418
10,KACTL,220,0.047088
10,simd-v0,220,0.008255
10,393435,220,0.004448
10,ours-406478,220,0.002956
10,simd-v0,221,0.008175
10,393435,221,0.004408
10,ours-406478,221,0.002976
10,KACTL,221,0.092232
10,393435,222,0.004798
10,ours-406478,222,0.003266
10,KACTL,222,0.047279
10,simd-v0,222,0.008346
10,ours-406478,223,0.002946
10,KACTL,223,0.047118
10,simd-v0,223,0.008195
10,393435,223,0.004429
10,KACTL,224,0.047118
10,simd-v0,224,0.008215
10,393435,224,0.004349
10,ours-406478,224,0.002996
10,simd-v0,225,0.008276
10,393435,225,0.004409
10,ours-406478,225,0.002965
10,KACTL,225,0.047078
10,393435,226,0.004398
10,ours-406478,226,0.002956
10,KACTL,226,0.047098
10,simd-v0,226,0.008206
10,ours-406478,227,0.002956
10,KACTL,227,0.047168
10,simd-v0,227,0.008196
10,393435,227,0.004398
10,KACTL,228,0.047218
10,simd-v0,228,0.008196
10,393435,228,0.004398
10,ours-406478,228,0.002955
10,simd-v0,229,0.008206
10,393435,229,0.004399
10,ours-406478,229,0.002956
10,KACTL,229,0.047098
10,393435,230,0.004419
10,ours-406478,230,0.003015
10,KACTL,230,0.047129
10,simd-v0,230,0.008206
10,ours-406478,231,0.003056
10,KACTL,231,0.047158
10,simd-v0,231,0.008215
10,393435,231,0.004398
10,KACTL,232,0.047920
10,simd-v0,232,0.008186
10,393435,232,0.004469
10,ours-406478,232,0.002955
10,simd-v0,233,0.008195
10,393435,233,0.004409
10,ours-406478,233,0.002955
10,KACTL,233,0.047168
10,393435,234,0.004398
10,ours-406478,234,0.002955
10,KACTL,234,0.047118
10,simd-v0,234,0.008206
10,ours-406478,235,0.002945
10,KACTL,235,0.047108
10,simd-v0,235,0.008196
10,393435,235,0.004418
10,KACTL,236,0.057908
10,simd-v0,236,0.008255
10,393435,236,0.004408
10,ours-406478,236,0.003045
10,simd-v0,237,0.008185
10,393435,237,0.004429
10,ours-406478,237,0.002986
10,KACTL,237,0.047088
10,393435,238,0.004449
10,ours-406478,238,0.002985
10,KACTL,238,0.047149
10,simd-v0,238,0.008205
10,ours-406478,239,0.002975
10,KACTL,239,0.047078
10,simd-v0,239,0.008195
10,393435,239,0.004398
10,KACTL,240,0.047219
10,simd-v0,240,0.008215
10,393435,240,0.004368
10,ours-406478,240,0.002966
10,simd-v0,241,0.008186
10,393435,241,0.004418
10,ours-406478,241,0.002975
10,KACTL,241,0.047178
10,393435,242,0.004418
10,ours-406478,242,0.002976
10,KACTL,242,0.047148
10,simd-v0,242,0.008185
10,ours-406478,243,0.002965
10,KACTL,243,0.047229
10,simd-v0,243,0.008195
10,393435,243,0.004428
10,KACTL,244,0.047249
10,simd-v0,244,0.008185
10,393435,244,0.004378
10,ours-406478,244,0.002956
10,simd-v0,245,0.008215
10,393435,245,0.004468
10,ours-406478,245,0.002976
10,KACTL,245,0.047128
10,393435,246,0.004428
10,ours-406478,246,0.003046
10,KACTL,246,0.047098
10,simd-v0,246,0.008215
10,ours-406478,247,0.003036
10,KACTL,247,0.047169
10,simd-v0,247,0.008195
10,393435,247,0.004478
10,KACTL,248,0.047980
10,simd-v0,248,0.008185
10,393435,248,0.004408
10,ours-406478,248,0.002976
10,simd-v0,249,0.008225
10,393435,249,0.004398
10,ours-406478,249,0.002976
10,KACTL,249,0.047078
10,393435,250,0.004418
10,ours-406478,250,0.002966
10,KACTL,250,0.047128
10,simd-v0,250,0.008205
10,ours-406478,251,0.002966
10,KACTL,251,0.055744
10,simd-v0,251,0.008215
10,393435,251,0.004428
10,KACTL,252,0.047279
10,simd-v0,252,0.008175
10,393435,252,0.004408
10,ours-406478,252,0.003016
10,simd-v0,253,0.008195
10,393435,253,0.004368
10,ours-406478,253,0.002966
10,KACTL,253,0.047138
10,393435,254,0.004418
10,ours-406478,254,0.002946
10,KACTL,254,0.047188
10,simd-v0,254,0.008216
10,ours-406478,255,0.002966
10,KACTL,255,0.047078
10,simd-v0,255,0.008205
10,393435,255,0.004438
10,KACTL,256,0.047098
10,simd-v0,256,0.008216
10,393435,256,0.004408
10,ours-406478,256,0.002956
10,simd-v0,257,0.008196
10,393435,257,0.004388
10,ours-406478,257,0.002975
10,KACTL,257,0.047328
10,393435,258,0.004478
10,ours-406478,258,0.003045
10,KACTL,258,0.047188
10,simd-v0,258,0.008235
10,ours-406478,259,0.002955
10,KACTL,259,0.047138
10,simd-v0,259,0.008266
10,393435,259,0.004418
10,KACTL,260,0.047068
10,simd-v0,260,0.008185
10,393435,260,0.004399
10,ours-406478,260,0.002965
10,simd-v0,261,0.008215
10,393435,261,0.004418
10,ours-406478,261,0.002956
10,KACTL,261,0.047188
10,393435,262,0.004419
10,ours-406478,262,0.002975
10,KACTL,262,0.047108
10,simd-v0,262,0.008276
10,ours-406478,263,0.002955
10,KACTL,263,0.047088
10,simd-v0,263,0.008256
10,393435,263,0.004438
10,KACTL,264,0.047149
10,simd-v0,264,0.008256
10,393435,264,0.004418
10,ours-406478,264,0.002966
10,simd-v0,265,0.008206
10,393435,265,0.004418
10,ours-406478,265,0.002975
10,KACTL,265,0.047159
10,393435,266,0.004408
10,ours-406478,266,0.002955
10,KACTL,266,0.057568
10,simd-v0,266,0.008236
10,ours-406478,267,0.003015
10,KACTL,267,0.047188
10,simd-v0,267,0.008195
10,393435,267,0.004428
10,KACTL,268,0.047078
10,simd-v0,268,0.008205
10,393435,268,0.004418
10,ours-406478,268,0.002976
10,simd-v0,269,0.008195
10,393435,269,0.004418
10,ours-406478,269,0.002956
10,KACTL,269,0.047198
10,393435,270,0.004418
10,ours-406478,270,0.002956
10,KACTL,270,0.047178
10,simd-v0,270,0.008205
10,ours-406478,271,0.002936
10,KACTL,271,0.047098
10,simd-v0,271,0.008256
10,393435,271,0.004408
10,KACTL,272,0.047088
10,simd-v0,272,0.008195
10,393435,272,0.004409
10,ours-406478,272,0.002966
10,simd-v0,273,0.008185
10,393435,273,0.004418
10,ours-406478,273,0.003046
10,KACTL,273,0.047278
10,393435,274,0.004418
10,ours-406478,274,0.002956
10,KACTL,274,0.047188
10,simd-v0,274,0.008185
10,ours-406478,275,0.002955
10,KACTL,275,0.047159
10,simd-v0,275,0.008235
10,393435,275,0.004408
10,KACTL,276,0.047128
10,simd-v0,276,0.008186
10,393435,276,0.004428
10,ours-406478,276,0.002995
10,simd-v0,277,0.008246
10,393435,277,0.004419
10,ours-406478,277,0.002965
10,KACTL,277,0.047038
10,393435,278,0.004449
10,ours-406478,278,0.002985
10,KACTL,278,0.047189
10,simd-v0,278,0.008275
10,ours-406478,279,0.002936
10,KACTL,279,0.047048
10,simd-v0,279,0.008265
10,393435,279,0.004428
10,KACTL,280,0.047118
10,simd-v0,280,0.008296
10,393435,280,0.004408
10,ours-406478,280,0.002956
10,simd-v0,281,0.008175
10,393435,281,0.004439
10,ours-406478,281,0.002955
10,KACTL,281,0.047059
10,393435,282,0.004428
10,ours-406478,282,0.020608
10,KACTL,282,0.054992
10,simd-v0,282,0.008346
10,ours-406478,283,0.003176
10,KACTL,283,0.047148
10,simd-v0,283,0.008196
10,393435,283,0.004598
10,KACTL,284,0.047089
10,simd-v0,284,0.008225
10,393435,284,0.004348
10,ours-406478,284,0.002976
10,simd-v0,285,0.008185
10,393435,285,0.004498
10,ours-406478,285,0.002976
10,KACTL,285,0.047088
10,393435,286,0.004418
10,ours-406478,286,0.003046
10,KACTL,286,0.047118
10,simd-v0,286,0.008195
10,ours-406478,287,0.002976
10,KACTL,287,0.047058
10,simd-v0,287,0.008195
10,393435,287,0.004398
10,KACTL,288,0.047158
10,simd-v0,288,0.008185
10,393435,288,0.004388
10,ours-406478,288,0.003026
10,simd-v0,289,0.008225
10,393435,289,0.004418
10,ours-406478,289,0.002966
10,KACTL,289,0.047038
10,393435,290,0.004398
10,ours-406478,290,0.002955
10,KACTL,290,0.047138
10,simd-v0,290,0.008175
10,ours-406478,291,0.002946
10,KACTL,291,0.047138
10,simd-v0,291,0.008295
10,393435,291,0.004378
10,KACTL,292,0.047118
10,simd-v0,292,0.008285
10,393435,292,0.004388
10,ours-406478,292,0.002956
10,simd-v0,293,0.008216
10,393435,293,0.004418
10,ours-406478,293,0.002965
10,KACTL,293,0.047048
10,393435,294,0.004408
10,ours-406478,294,0.002955
10,KACTL,294,0.047109
10,simd-v0,294,0.008185
10,ours-406478,295,0.002955
10,KACTL,295,0.047158
10,simd-v0,295,0.008195
10,393435,295,0.004408
10,KACTL,296,0.047159
10,simd-v0,296,0.008185
10,393435,296,0.004388
10,ours-406478,296,0.002966
10,simd-v0,297,0.024555
10,393435,297,0.004418
10,ours-406478,297,0.002996
10,KACTL,297,0.047158
10,393435,298,0.004419
10,ours-406478,298,0.002935
10,KACTL,298,0.047099
10,simd-v0,298,0.008316
10,ours-406478,299,0.002945
10,KACTL,299,0.047138
10,simd-v0,299,0.008175
10,393435,299,0.004438
10,KACTL,300,0.047118
10,simd-v0,300,0.008206
10,393435,300,0.004438
10,ours-406478,300,0.003096
10,simd-v0,301,0.008245
10,393435,301,0.004408
10,ours-406478,301,0.002966
10,KACTL,301,0.047128
10,393435,302,0.004418
10,ours-406478,302,0.002966
10,KACTL,302,0.047168
10,simd-v0,302,0.008196
10,ours-406478,303,0.002966
10,KACTL,303,0.047118
10,simd-v0,303,0.008256
10,393435,303,0.004388
10,KACTL,304,0.047228
10,simd-v0,304,0.008266
10,393435,304,0.004409
10,ours-406478,304,0.002975
10,simd-v0,305,0.008205
10,393435,305,0.004418
10,ours-406478,305,0.002966
10,KACTL,305,0.047128
10,393435,306,0.004398
10,ours-406478,306,0.002976
10,KACTL,306,0.047108
10,simd-v0,306,0.008206
10,ours-406478,307,0.002955
10,KACTL,307,0.047199
10,simd-v0,307,0.008216
10,393435,307,0.004438
10,KACTL,308,0.047128
10,simd-v0,308,0.008205
10,393435,308,0.004398
10,ours-406478,308,0.002975
10,simd-v0,309,0.008195
10,393435,309,0.004399
10,ours-406478,309,0.002965
10,KACTL,309,0.047158
10,393435,310,0.004408
10,ours-406478,310,0.002955
10,KACTL,310,0.047118
10,simd-v0,310,0.008296
10,ours-406478,311,0.002965
10,KACTL,311,0.047038
10,simd-v0,311,0.008195
10,393435,311,0.004388
10,KACTL,312,0.057608
10,simd-v0,312,0.008236
10,393435,312,0.004429
10,ours-406478,312,0.003015
10,simd-v0,313,0.008286
10,393435,313,0.004428
10,ours-406478,313,0.002975
10,KACTL,313,0.047209
10,393435,314,0.004408
10,ours-406478,314,0.002976
10,KACTL,314,0.047068
10,simd-v0,314,0.008185
10,ours-406478,315,0.003006
10,KACTL,315,0.047078
10,simd-v0,315,0.008205
10,393435,315,0.004428
10,KACTL,316,0.047158
10,simd-v0,316,0.008225
10,393435,316,0.004489
10,ours-406478,316,0.002975
10,simd-v0,317,0.008185
10,393435,317,0.004408
10,ours-406478,317,0.002966
10,KACTL,317,0.047108
10,393435,318,0.004448
10,ours-406478,318,0.002966
10,KACTL,318,0.047148
10,simd-v0,318,0.008175
10,ours-406478,319,0.002956
10,KACTL,319,0.047108
10,simd-v0,319,0.008216
10,393435,319,0.004428
10,KACTL,320,0.047108
10,simd-v0,320,0.008185
10,393435,320,0.004389
10,ours-406478,320,0.002966
10,simd-v0,321,0.008175
10,393435,321,0.004398
10,ours-406478,321,0.002986
10,KACTL,321,0.047148
10,393435,322,0.004418
10,ours-406478,322,0.002946
10,KACTL,322,0.047228
10,simd-v0,322,0.008186
10,ours-406478,323,0.002946
10,KACTL,323,0.047118
10,simd-v0,323,0.008206
10,393435,323,0.004408
10,KACTL,324,0.047218
10,simd-v0,324,0.008205
10,393435,324,0.004429
10,ours-406478,324,0.002946
10,simd-v0,325,0.008215
10,393435,325,0.004428
10,ours-406478,325,0.002956
10,KACTL,325,0.047088
10,393435,326,0.004409
10,ours-406478,326,0.002956
10,KACTL,326,0.047128
10,simd-v0,326,0.008195
10,ours-406478,327,0.002966
10,KACTL,327,0.056005
10,simd-v0,327,0.008206
10,393435,327,0.004438
10,KACTL,328,0.047168
10,simd-v0,328,0.008195
10,393435,328,0.004409
10,ours-406478,328,0.003035
10,simd-v0,329,0.008206
10,393435,329,0.004478
10,ours-406478,329,0.002975
10,KACTL,329,0.047109
10,393435,330,0.004418
10,ours-406478,330,0.003046
10,KACTL,330,0.047258
10,simd-v0,330,0.008205
10,ours-406478,331,0.002956
10,KACTL,331,0.047118
10,simd-v0,331,0.008205
10,393435,331,0.004419
10,KACTL,332,0.047138
10,simd-v0,332,0.008205
10,393435,332,0.004398
10,ours-406478,332,0.003046
10,simd-v0,333,0.008205
10,393435,333,0.004409
10,ours-406478,333,0.002976
10,KACTL,333,0.047098
10,393435,334,0.004408
10,ours-406478,334,0.002966
10,KACTL,334,0.047118
10,simd-v0,334,0.008195
10,ours-406478,335,0.002986
10,KACTL,335,0.047118
10,simd-v0,335,0.008296
10,393435,335,0.004408
10,KACTL,336,0.047178
10,simd-v0,336,0.008306
10,393435,336,0.004398
10,ours-406478,336,0.002975
10,simd-v0,337,0.008196
10,393435,337,0.004399
10,ours-406478,337,0.002975
10,KACTL,337,0.047069
10,393435,338,0.004409
10,ours-406478,338,0.002955
10,KACTL,338,0.047239
10,simd-v0,338,0.008175
10,ours-406478,339,0.002935
10,KACTL,339,0.047108
10,simd-v0,339,0.008205
10,393435,339,0.004398
10,KACTL,340,0.047128
10,simd-v0,340,0.008206
10,393435,340,0.004408
10,ours-406478,340,0.002955
10,simd-v0,341,0.008175
10,393435,341,0.004388
10,ours-406478,341,0.002976
10,KACTL,341,0.047108
10,393435,342,0.004358
10,ours-406478,342,0.002985
10,KACTL,342,0.056666
10,simd-v0,342,0.008245
10,ours-406478,343,0.003046
10,KACTL,343,0.047118
10,simd-v0,343,0.008206
10,393435,343,0.004588
10,KACTL,344,0.047108
10,simd-v0,344,0.008206
10,393435,344,0.004428
10,ours-406478,344,0.002976
10,simd-v0,345,0.008256
10,393435,345,0.004418
10,ours-406478,345,0.002975
10,KACTL,345,0.047058
10,393435,346,0.004518
10,ours-406478,346,0.002965
10,KACTL,346,0.047118
10,simd-v0,346,0.008225
10,ours-406478,347,0.002926
10,KACTL,347,0.047058
10,simd-v0,347,0.008195
10,393435,347,0.004529
10,KACTL,348,0.047158
10,simd-v0,348,0.008195
10,393435,348,0.004488
10,ours-406478,348,0.002995
10,simd-v0,349,0.008185
10,393435,349,0.004428
10,ours-406478,349,0.002956
10,KACTL,349,0.047239
10,393435,350,0.004388
10,ours-406478,350,0.002945
10,KACTL,350,0.047128
10,simd-v0,350,0.008216
10,ours-406478,351,0.002975
10,KACTL,351,0.047109
10,simd-v0,351,0.008196
10,393435,351,0.004398
10,KACTL,352,0.047088
10,simd-v0,352,0.008175
10,393435,352,0.004428
10,ours-406478,352,0.002976
10,simd-v0,353,0.008186
10,393435,353,0.004377
10,ours-406478,353,0.002946
10,KACTL,353,0.047098
10,393435,354,0.004408
10,ours-406478,354,0.002956
10,KACTL,354,0.047148
10,simd-v0,354,0.008206
10,ours-406478,355,0.002926
10,KACTL,355,0.047028
10,simd-v0,355,0.008205
10,393435,355,0.004408
10,KACTL,356,0.047088
10,simd-v0,356,0.008205
10,393435,356,0.004418
10,ours-406478,356,0.002966
10,simd-v0,357,0.008215
10,393435,357,0.004438
10,ours-406478,357,0.002976
10,KACTL,357,0.055794
10,393435,358,0.004438
10,ours-406478,358,0.003025
10,KACTL,358,0.047168
10,simd-v0,358,0.008195
10,ours-406478,359,0.002946
10,KACTL,359,0.047188
10,simd-v0,359,0.008195
10,393435,359,0.004428
10,KACTL,360,0.047208
10,simd-v0,360,0.008206
10,393435,360,0.004409
10,ours-406478,360,0.002965
10,simd-v0,361,0.008225
10,393435,361,0.004519
10,ours-406478,361,0.002955
10,KACTL,361,0.047108
10,393435,362,0.004398
10,ours-406478,362,0.003045
10,KACTL,362,0.047037
10,simd-v0,362,0.008225
10,ours-406478,363,0.002935
10,KACTL,363,0.047149
10,simd-v0,363,0.008205
10,393435,363,0.004408
10,KACTL,364,0.047098
10,simd-v0,364,0.008186
10,393435,364,0.004378
10,ours-406478,364,0.003035
10,simd-v0,365,0.008226
10,393435,365,0.004408
10,ours-406478,365,0.002966
10,KACTL,365,0.047118
10,393435,366,0.004418
10,ours-406478,366,0.002945
10,KACTL,366,0.047138
10,simd-v0,366,0.008195
10,ours-406478,367,0.002936
10,KACTL,367,0.047079
10,simd-v0,367,0.008206
10,393435,367,0.004408
10,KACTL,368,0.047159
10,simd-v0,368,0.008235
10,393435,368,0.004408
10,ours-406478,368,0.002975
10,simd-v0,369,0.008216
10,393435,369,0.004408
10,ours-406478,369,0.002965
10,KACTL,369,0.047840
10,393435,370,0.004428
10,ours-406478,370,0.002966
10,KACTL,370,0.046988
10,simd-v0,370,0.008215
10,ours-406478,371,0.002956
10,KACTL,371,0.047048
10,simd-v0,371,0.008195
10,393435,371,0.004419
10,KACTL,372,0.047109
10,simd-v0,372,0.008275
10,393435,372,0.004448
10,ours-406478,372,0.002966
10,simd-v0,373,0.008195
10,393435,373,0.013014
10,ours-406478,373,0.003005
10,KACTL,373,0.047128
10,393435,374,0.004388
10,ours-406478,374,0.002955
10,KACTL,374,0.047179
10,simd-v0,374,0.008205
10,ours-406478,375,0.002956
10,KACTL,375,0.047138
10,simd-v0,375,0.008195
10,393435,375,0.004408
10,KACTL,376,0.047139
10,simd-v0,376,0.008195
10,393435,376,0.004408
10,ours-406478,376,0.002965
10,simd-v0,377,0.008185
10,393435,377,0.004538
10,ours-406478,377,0.002965
10,KACTL,377,0.047158
10,393435,378,0.004428
10,ours-406478,378,0.002956
10,KACTL,378,0.047218
10,simd-v0,378,0.008186
10,ours-406478,379,0.002936
10,KACTL,379,0.047098
10,simd-v0,379,0.008205
10,393435,379,0.004388
10,KACTL,380,0.047189
10,simd-v0,380,0.008205
10,393435,380,0.004428
10,ours-406478,380,0.002966
10,simd-v0,381,0.008185
10,393435,381,0.004398
10,ours-406478,381,0.002976
10,KACTL,381,0.047078
10,393435,382,0.004408
10,ours-406478,382,0.002956
10,KACTL,382,0.047168
10,simd-v0,382,0.008246
10,ours-406478,383,0.002926
10,KACTL,383,0.047098
10,simd-v0,383,0.008245
10,393435,383,0.004418
10,KACTL,384,0.047119
10,simd-v0,384,0.009037
10,393435,384,0.004388
10,ours-406478,384,0.003015
10,simd-v0,385,0.008216
10,393435,385,0.004408
10,ours-406478,385,0.002965
10,KACTL,385,0.047229
10,393435,386,0.004418
10,ours-406478,386,0.002955
10,KACTL,386,0.047088
10,simd-v0,386,0.008195
10,ours-406478,387,0.002985
10,KACTL,387,0.047059
10,simd-v0,387,0.008205
10,393435,387,0.004418
10,KACTL,388,0.056746
10,simd-v0,388,0.008225
10,393435,388,0.004388
10,ours-406478,388,0.003036
10,simd-v0,389,0.008225
10,393435,389,0.004429
10,ours-406478,389,0.002946
10,KACTL,389,0.047229
10,393435,390,0.004408
10,ours-406478,390,0.002945
10,KACTL,390,0.047148
10,simd-v0,390,0.008225
10,ours-406478,391,0.002955
10,KACTL,391,0.047149
10,simd-v0,391,0.008215
10,393435,391,0.004408
10,KACTL,392,0.047128
10,simd-v0,392,0.008216
10,393435,392,0.004418
10,ours-406478,392,0.002955
10,simd-v0,393,0.008196
10,393435,393,0.004399
10,ours-406478,393,0.002975
10,KACTL,393,0.047028
10,393435,394,0.004408
10,ours-406478,394,0.003036
10,KACTL,394,0.047179
10,simd-v0,394,0.008205
10,ours-406478,395,0.003016
10,KACTL,395,0.047109
10,simd-v0,395,0.008195
10,393435,395,0.004519
10,KACTL,396,0.047149
10,simd-v0,396,0.008215
10,393435,396,0.004458
10,ours-406478,396,0.002986
10,simd-v0,397,0.008195
10,393435,397,0.004448
10,ours-406478,397,0.002976
10,KACTL,397,0.047148
10,393435,398,0.004398
10,ours-406478,398,0.002946
10,KACTL,398,0.047148
10,simd-v0,398,0.008236
10,ours-406478,399,0.002946
10,KACTL,399,0.047148
10,simd-v0,399,0.008216
10,393435,399,0.004439
10,KACTL,400,0.047950
10,simd-v0,400,0.008185
10,393435,400,0.004398
10,ours-406478,400,0.002956
10,simd-v0,401,0.008175
10,393435,401,0.004448
10,ours-406478,401,0.002975
10,KACTL,401,0.047028
10,393435,402,0.004408
10,ours-406478,402,0.002945
10,KACTL,402,0.047129
10,simd-v0,402,0.008195
10,ours-406478,403,0.002955
10,KACTL,403,0.055564
10,simd-v0,403,0.008225
10,393435,403,0.004398
10,KACTL,404,0.047179
10,simd-v0,404,0.008195
10,393435,404,0.004428
10,ours-406478,404,0.003005
10,simd-v0,405,0.008215
10,393435,405,0.004408
10,ours-406478,405,0.002955
10,KACTL,405,0.047129
10,393435,406,0.004428
10,ours-406478,406,0.002966
10,KACTL,406,0.047079
10,simd-v0,406,0.008205
10,ours-406478,407,0.002956
10,KACTL,407,0.047028
10,simd-v0,407,0.008175
10,393435,407,0.004418
10,KACTL,408,0.047158
10,simd-v0,408,0.008226
10,393435,408,0.004388
10,ours-406478,408,0.002965
10,simd-v0,409,0.008216
10,393435,409,0.004478
10,ours-406478,409,0.002956
10,KACTL,409,0.047108
10,393435,410,0.004398
10,ours-406478,410,0.002975
10,KACTL,410,0.047109
10,simd-v0,410,0.008195
10,ours-406478,411,0.002936
10,KACTL,411,0.047068
10,simd-v0,411,0.008215
10,393435,411,0.004418
10,KACTL,412,0.047058
10,simd-v0,412,0.008206
10,393435,412,0.004399
10,ours-406478,412,0.002955
10,simd-v0,413,0.008195
10,393435,413,0.004418
10,ours-406478,413,0.002955
10,KACTL,413,0.047139
10,393435,414,0.004428
10,ours-406478,414,0.002955
10,KACTL,414,0.047118
10,simd-v0,414,0.008286
10,ours-406478,415,0.002966
10,KACTL,415,0.047058
10,simd-v0,415,0.008275
10,393435,415,0.004438
10,KACTL,416,0.047139
10,simd-v0,416,0.008275
10,393435,416,0.004418
10,ours-406478,416,0.002976
10,simd-v0,417,0.008225
10,393435,417,0.004428
10,ours-406478,417,0.002966
10,KACTL,417,0.047148
10,393435,418,0.004398
10,ours-406478,418,0.002966
10,KACTL,418,0.047168
10,simd-v0,418,0.017012
10,ours-406478,419,0.002996
10,KACTL,419,0.047188
10,simd-v0,419,0.008196
10,393435,419,0.004438
10,KACTL,420,0.047168
10,simd-v0,420,0.008215
10,393435,420,0.004419
10,ours-406478,420,0.002976
10,simd-v0,421,0.008165
10,393435,421,0.004439
10,ours-406478,421,0.002966
10,KACTL,421,0.047188
10,393435,422,0.004398
10,ours-406478,422,0.002955
10,KACTL,422,0.047128
10,simd-v0,422,0.008196
10,ours-406478,423,0.002945
10,KACTL,423,0.047118
10,simd-v0,423,0.008185
10,393435,423,0.004409
10,KACTL,424,0.047109
10,simd-v0,424,0.008195
10,393435,424,0.004398
10,ours-406478,424,0.002946
10,simd-v0,425,0.008235
10,393435,425,0.004428
10,ours-406478,425,0.003046
10,KACTL,425,0.047188
10,393435,426,0.004399
10,ours-406478,426,0.002965
10,KACTL,426,0.047128
10,simd-v0,426,0.008195
10,ours-406478,427,0.003075
10,KACTL,427,0.047129
10,simd-v0,427,0.008235
10,393435,427,0.004548
10,KACTL,428,0.047078
10,simd-v0,428,0.008195
10,393435,428,0.004408
10,ours-406478,428,0.002976
10,simd-v0,429,0.008205
10,393435,429,0.004368
10,ours-406478,429,0.002976
10,KACTL,429,0.047108
10,393435,430,0.004388
10,ours-406478,430,0.002965
10,KACTL,430,0.047819
10,simd-v0,430,0.008206
10,ours-406478,431,0.002936
10,KACTL,431,0.047158
10,simd-v0,431,0.008186
10,393435,431,0.004428
10,KACTL,432,0.047128
10,simd-v0,432,0.008175
10,393435,432,0.004428
10,ours-406478,432,0.002976
10,simd-v0,433,0.008205
10,393435,433,0.004418
10,ours-406478,433,0.002956
10,KACTL,433,0.047118
10,393435,434,0.004409
10,ours-406478,434,0.002956
10,KACTL,434,0.056636
10,simd-v0,434,0.008186
10,ours-406478,435,0.003026
10,KACTL,435,0.047089
10,simd-v0,435,0.008206
10,393435,435,0.004448
10,KACTL,436,0.047089
10,simd-v0,436,0.008205
10,393435,436,0.004378
10,ours-406478,436,0.002975
10,simd-v0,437,0.008216
10,393435,437,0.004398
10,ours-406478,437,0.002955
10,KACTL,437,0.047078
10,393435,438,0.004399
10,ours-406478,438,0.002966
10,KACTL,438,0.047108
10,simd-v0,438,0.008206
10,ours-406478,439,0.002935
10,KACTL,439,0.047038
10,simd-v0,439,0.008186
10,393435,439,0.004439
10,KACTL,440,0.047118
10,simd-v0,440,0.008236
10,393435,440,0.004388
10,ours-406478,440,0.002966
10,simd-v0,441,0.008185
10,393435,441,0.004499
10,ours-406478,441,0.002965
10,KACTL,441,0.047058
10,393435,442,0.004389
10,ours-406478,442,0.002975
10,KACTL,442,0.047198
10,simd-v0,442,0.008195
10,ours-406478,443,0.002945
10,KACTL,443,0.047108
10,simd-v0,443,0.008235
10,393435,443,0.004428
10,KACTL,444,0.047128
10,simd-v0,444,0.008216
10,393435,444,0.004398
10,ours-406478,444,0.003025
10,simd-v0,445,0.008175
10,393435,445,0.004419
10,ours-406478,445,0.002956
10,KACTL,445,0.047048
10,393435,446,0.004419
10,ours-406478,446,0.002986
10,KACTL,446,0.047148
10,simd-v0,446,0.008176
10,ours-406478,447,0.002936
10,KACTL,447,0.047158
10,simd-v0,447,0.008266
10,393435,447,0.004408
10,KACTL,448,0.047108
10,simd-v0,448,0.008296
10,393435,448,0.004428
10,ours-406478,448,0.002975
10,simd-v0,449,0.008215
10,393435,449,0.004409
10,ours-406478,449,0.002946
10,KACTL,449,0.055945
10,393435,450,0.004408
10,ours-406478,450,0.003006
10,KACTL,450,0.047188
10,simd-v0,450,0.008236
10,ours-406478,451,0.002955
10,KACTL,451,0.047079
10,simd-v0,451,0.008186
10,393435,451,0.004418
10,KACTL,452,0.047149
10,simd-v0,452,0.008176
10,393435,452,0.004418
10,ours-406478,452,0.002975
10,simd-v0,453,0.008185
10,393435,453,0.004418
10,ours-406478,453,0.002965
10,KACTL,453,0.047119
10,393435,454,0.004439
10,ours-406478,454,0.002945
10,KACTL,454,0.047179
10,simd-v0,454,0.008206
10,ours-406478,455,0.002925
10,KACTL,455,0.047108
10,simd-v0,455,0.008205
10,393435,455,0.004418
10,KACTL,456,0.047108
10,simd-v0,456,0.008206
10,393435,456,0.004408
10,ours-406478,456,0.002975
10,simd-v0,457,0.008216
10,393435,457,0.004408
10,ours-406478,457,0.003056
10,KACTL,457,0.049673
10,393435,458,0.004418
10,ours-406478,458,0.002976
10,KACTL,458,0.047218
10,simd-v0,458,0.008225
10,ours-406478,459,0.002936
10,KACTL,459,0.047088
10,simd-v0,459,0.008195
10,393435,459,0.004408
10,KACTL,460,0.047139
10,simd-v0,460,0.008235
10,393435,460,0.004438
10,ours-406478,460,0.003046
10,simd-v0,461,0.008175
10,393435,461,0.004428
10,ours-406478,461,0.002976
10,KACTL,461,0.047238
10,393435,462,0.004439
10,ours-406478,462,0.002975
10,KACTL,462,0.047139
10,simd-v0,462,0.008215
10,ours-406478,463,0.002945
10,KACTL,463,0.047129
10,simd-v0,463,0.008286
10,393435,463,0.004428
10,KACTL,464,0.055855
10,simd-v0,464,0.008206
10,393435,464,0.004419
10,ours-406478,464,0.003006
10,simd-v0,465,0.008245
10,393435,465,0.004429
10,ours-406478,465,0.002945
10,KACTL,465,0.047148
10,393435,466,0.004408
10,ours-406478,466,0.002975
10,KACTL,466,0.047138
10,simd-v0,466,0.008195
10,ours-406478,467,0.002975
10,KACTL,467,0.047149
10,simd-v0,467,0.008195
10,393435,467,0.004428
10,KACTL,468,0.047108
10,simd-v0,468,0.008196
10,393435,468,0.004418
10,ours-406478,468,0.002996
10,simd-v0,469,0.008236
10,393435,469,0.004408
10,ours-406478,469,0.002975
10,KACTL,469,0.047148
10,393435,470,0.004428
10,ours-406478,470,0.002956
10,KACTL,470,0.047098
10,simd-v0,470,0.008225
10,ours-406478,471,0.002946
10,KACTL,471,0.047088
10,simd-v0,471,0.008205
10,393435,471,0.004449
10,KACTL,472,0.047128
10,simd-v0,472,0.008195
10,393435,472,0.004388
10,ours-406478,472,0.002976
10,simd-v0,473,0.008275
10,393435,473,0.004418
10,ours-406478,473,0.002946
10,KACTL,473,0.047108
10,393435,474,0.004378
10,ours-406478,474,0.002935
10,KACTL,474,0.047128
10,simd-v0,474,0.008235
10,ours-406478,475,0.003016
10,KACTL,475,0.047068
10,simd-v0,475,0.008215
10,393435,475,0.004499
10,KACTL,476,0.047068
10,simd-v0,476,0.008205
10,393435,476,0.004488
10,ours-406478,476,0.003737
10,simd-v0,477,0.008206
10,393435,477,0.004438
10,ours-406478,477,0.002965
10,KACTL,477,0.047149
10,393435,478,0.004408
10,ours-406478,478,0.002945
10,KACTL,478,0.047098
10,simd-v0,478,0.008205
10,ours-406478,479,0.002955
10,KACTL,479,0.047158
10,simd-v0,479,0.017823
10,393435,479,0.004439
10,KACTL,480,0.047238
10,simd-v0,480,0.008216
10,393435,480,0.004468
10,ours-406478,480,0.003036
10,simd-v0,481,0.008205
10,393435,481,0.004418
10,ours-406478,481,0.002986
10,KACTL,481,0.047118
10,393435,482,0.004438
10,ours-406478,482,0.002966
10,KACTL,482,0.047198
10,simd-v0,482,0.008185
10,ours-406478,483,0.002956
10,KACTL,483,0.047118
10,simd-v0,483,0.008185
10,393435,483,0.004429
10,KACTL,484,0.047168
10,simd-v0,484,0.008195
10,393435,484,0.004438
10,ours-406478,484,0.002956
10,simd-v0,485,0.008195
10,393435,485,0.004418
10,ours-406478,485,0.002956
10,KACTL,485,0.047098
10,393435,486,0.004418
10,ours-406478,486,0.002965
10,KACTL,486,0.047108
10,simd-v0,486,0.008185
10,ours-406478,487,0.002945
10,KACTL,487,0.047108
10,simd-v0,487,0.008195
10,393435,487,0.004398
10,KACTL,488,0.047139
10,simd-v0,488,0.008205
10,393435,488,0.004398
10,ours-406478,488,0.002965
10,simd-v0,489,0.008206
10,393435,489,0.004508
10,ours-406478,489,0.002966
10,KACTL,489,0.047058
10,393435,490,0.004428
10,ours-406478,490,0.003036
10,KACTL,490,0.047188
10,simd-v0,490,0.008225
10,ours-406478,491,0.002936
10,KACTL,491,0.047158
10,simd-v0,491,0.008185
10,393435,491,0.004438
10,KACTL,492,0.047840
10,simd-v0,492,0.008196
10,393435,492,0.004408
10,ours-406478,492,0.003046
10,simd-v0,493,0.008205
10,393435,493,0.004398
10,ours-406478,493,0.002965
10,KACTL,493,0.047108
10,393435,494,0.004409
10,ours-406478,494,0.002966
10,KACTL,494,0.047138
10,simd-v0,494,0.008226
10,ours-406478,495,0.002955
10,KACTL,495,0.055885
10,simd-v0,495,0.008246
10,393435,495,0.004438
10,KACTL,496,0.047068
10,simd-v0,496,0.008216
10,393435,496,0.004419
10,ours-406478,496,0.003026
10,simd-v0,497,0.008205
10,393435,497,0.004398
10,ours-406478,497,0.002965
10,KACTL,497,0.047118
10,393435,498,0.004418
10,ours-406478,498,0.002956
10,KACTL,498,0.047098
10,simd-v0,498,0.008196
10,ours-406478,499,0.002946
10,KACTL,499,0.047108
10,simd-v0,499,0.008216
10,393435,499,0.004418
10,KACTL,500,0.047088
10,simd-v0,500,0.008225
10,393435,500,0.004429
10,ours-406478,500,0.002966
10,simd-v0,501,0.008185
10,393435,501,0.004398
10,ours-406478,501,0.002966
10,KACTL,501,0.047118
10,393435,502,0.004398
10,ours-406478,502,0.002946
10,KACTL,502,0.047119
10,simd-v0,502,0.008175
10,ours-406478,503,0.002946
10,KACTL,503,0.047148
10,simd-v0,503,0.008215
10,393435,503,0.004409
10,KACTL,504,0.047179
10,simd-v0,504,0.008195
10,393435,504,0.004418
10,ours-406478,504,0.002966
10,simd-v0,505,0.008185
10,393435,505,0.004428
10,ours-406478,505,0.002976
10,KACTL,505,0.047068
10,393435,506,0.004408
10,ours-406478,506,0.002956
10,KACTL,506,0.047119
10,simd-v0,506,0.008185
10,ours-406478,507,0.002935
10,KACTL,507,0.047138
10,simd-v0,507,0.008215
10,393435,507,0.004408
10,KACTL,508,0.047108
10,simd-v0,508,0.008185
10,393435,508,0.004418
10,ours-406478,508,0.002955
10,simd-v0,509,0.008265
10,393435,509,0.004428
10,ours-406478,509,0.002986
10,KACTL,509,0.047118
10,393435,510,0.004438
10,ours-406478,510,0.002955
10,KACTL,510,0.056295
10,simd-v0,510,0.008216
10,ours-406478,511,0.002995
10,KACTL,511,0.047129
10,simd-v0,511,0.008205
10,393435,511,0.004558
10,KACTL,512,0.047118
10,simd-v0,512,0.008195
10,393435,512,0.004429
10,ours-406478,512,0.003025
10,simd-v0,513,0.008186
10,393435,513,0.004438
10,ours-406478,513,0.002965
10,KACTL,513,0.047589
10,393435,514,0.004418
10,ours-406478,514,0.002946
10,KACTL,514,0.047118
10,simd-v0,514,0.008195
10,ours-406478,515,0.002946
10,KACTL,515,0.047138
10,simd-v0,515,0.008246
10,393435,515,0.004418
10,KACTL,516,0.047128
10,simd-v0,516,0.008215
10,393435,516,0.004449
10,ours-406478,516,0.002955
10,simd-v0,517,0.008176
10,393435,517,0.004428
10,ours-406478,517,0.002965
10,KACTL,517,0.047299
10,393435,518,0.004418
10,ours-406478,518,0.002966
10,KACTL,518,0.047138
10,simd-v0,518,0.008205
10,ours-406478,519,0.002946
10,KACTL,519,0.047238
10,simd-v0,519,0.008226
10,393435,519,0.004438
10,KACTL,520,0.047209
10,simd-v0,520,0.008226
10,393435,520,0.004408
10,ours-406478,520,0.002955
10,simd-v0,521,0.008276
10,393435,521,0.004438
10,ours-406478,521,0.002976
10,KACTL,521,0.047128
10,393435,522,0.004498
10,ours-406478,522,0.002966
10,KACTL,522,0.047098
10,simd-v0,522,0.008205
10,ours-406478,523,0.002936
10,KACTL,523,0.047158
10,simd-v0,523,0.008195
10,393435,523,0.004488
10,KACTL,524,0.047148
10,simd-v0,524,0.008205
10,393435,524,0.004468
10,ours-406478,524,0.002975
10,simd-v0,525,0.008195
10,393435,525,0.004429
10,ours-406478,525,0.002966
10,KACTL,525,0.057177
10,393435,526,0.004458
10,ours-406478,526,0.003055
10,KACTL,526,0.047188
10,simd-v0,526,0.008206
10,ours-406478,527,0.002946
10,KACTL,527,0.047239
10,simd-v0,527,0.008185
10,393435,527,0.004448
10,KACTL,528,0.047088
10,simd-v0,528,0.008196
10,393435,528,0.004379
10,ours-406478,528,0.002975
10,simd-v0,529,0.008196
10,393435,529,0.004409
10,ours-406478,529,0.002966
10,KACTL,529,0.047189
10,393435,530,0.004419
10,ours-406478,530,0.002965
10,KACTL,530,0.047169
10,simd-v0,530,0.008225
10,ours-406478,531,0.002986
10,KACTL,531,0.048080
10,simd-v0,531,0.008215
10,393435,531,0.004428
10,KACTL,532,0.047108
10,simd-v0,532,0.008195
10,393435,532,0.004398
10,ours-406478,532,0.002966
10,simd-v0,533,0.008176
10,393435,533,0.004429
10,ours-406478,533,0.002955
10,KACTL,533,0.047229
10,393435,534,0.004458
10,ours-406478,534,0.002976
10,KACTL,534,0.047138
10,simd-v0,534,0.008215
10,ours-406478,535,0.002946
10,KACTL,535,0.047178
10,simd-v0,535,0.008185
10,393435,535,0.004438
10,KACTL,536,0.047198
10,simd-v0,536,0.008196
10,393435,536,0.004419
10,ours-406478,536,0.002965
10,simd-v0,537,0.008286
10,393435,537,0.004409
10,ours-406478,537,0.002965
10,KACTL,537,0.047349
10,393435,538,0.004468
10,ours-406478,538,0.002956
10,KACTL,538,0.047158
10,simd-v0,538,0.008206
10,ours-406478,539,0.002996
10,KACTL,539,0.047199
10,simd-v0,539,0.008245
10,393435,539,0.004498
10,KACTL,540,0.047890
10,simd-v0,540,0.017242
10,393435,540,0.004428
10,ours-406478,540,0.002995
10,simd-v0,541,0.008196
10,393435,541,0.004438
10,ours-406478,541,0.002965
10,KACTL,541,0.047429
10,393435,542,0.004409
10,ours-406478,542,0.002976
10,KACTL,542,0.047128
10,simd-v0,542,0.008176
10,ours-406478,543,0.002975
10,KACTL,543,0.047239
10,simd-v0,543,0.008205
10,393435,543,0.004408
10,KACTL,544,0.047199
10,simd-v0,544,0.008185
10,393435,544,0.004418
10,ours-406478,544,0.002955
10,simd-v0,545,0.008216
10,393435,545,0.004429
10,ours-406478,545,0.002955
10,KACTL,545,0.047219
10,393435,546,0.004408
10,ours-406478,546,0.002975
10,KACTL,546,0.047098
10,simd-v0,546,0.008205
10,ours-406478,547,0.002935
10,KACTL,547,0.047239
10,simd-v0,547,0.008185
10,393435,547,0.004428
10,KACTL,548,0.047118
10,simd-v0,548,0.008175
10,393435,548,0.004418
10,ours-406478,548,0.002966
10,simd-v0,549,0.008225
10,393435,549,0.004408
10,ours-406478,549,0.002956
10,KACTL,549,0.047258
10,393435,550,0.004408
10,ours-406478,550,0.002946
10,KACTL,550,0.047108
10,simd-v0,550,0.008205
10,ours-406478,551,0.002986
10,KACTL,551,0.047309
10,simd-v0,551,0.008185
10,393435,551,0.004398
10,KACTL,552,0.047148
10,simd-v0,552,0.008146
10,393435,552,0.004438
10,ours-406478,552,0.002965
10,simd-v0,553,0.008216
10,393435,553,0.004438
10,ours-406478,553,0.003006
10,KACTL,553,0.047329
10,393435,554,0.004468
10,ours-406478,554,0.002966
10,KACTL,554,0.047228
10,simd-v0,554,0.008306
10,ours-406478,555,0.002955
10,KACTL,555,0.047259
10,simd-v0,555,0.008285
10,393435,555,0.004428
10,KACTL,556,0.057238
10,simd-v0,556,0.008205
10,393435,556,0.004448
10,ours-406478,556,0.003075
10,simd-v0,557,0.008195
10,393435,557,0.004429
10,ours-406478,557,0.002985
10,KACTL,557,0.047289
10,393435,558,0.004418
10,ours-406478,558,0.002956
10,KACTL,558,0.047058
10,simd-v0,558,0.008175
10,ours-406478,559,0.002956
10,KACTL,559,0.047288
10,simd-v0,559,0.008195
10,393435,559,0.004419
10,KACTL,560,0.047168
10,simd-v0,560,0.008205
10,393435,560,0.004429
10,ours-406478,560,0.002966
10,simd-v0,561,0.008205
10,393435,561,0.004409
10,ours-406478,561,0.002975
10,KACTL,561,0.047188
10,393435,562,0.004448
10,ours-406478,562,0.002945
10,KACTL,562,0.047078
10,simd-v0,562,0.008196
10,ours-406478,563,0.002965
10,KACTL,563,0.047179
10,simd-v0,563,0.008175
10,393435,563,0.004438
10,KACTL,564,0.047129
10,simd-v0,564,0.008185
10,393435,564,0.004429
10,ours-406478,564,0.002945
10,simd-v0,565,0.008226
10,393435,565,0.004428
10,ours-406478,565,0.003035
10,KACTL,565,0.047239
10,393435,566,0.004408
10,ours-406478,566,0.002966
10,KACTL,566,0.047088
10,simd-v0,566,0.008185
10,ours-406478,567,0.002946
10,KACTL,567,0.047258
10,simd-v0,567,0.008195
10,393435,567,0.004418
10,KACTL,568,0.047158
10,simd-v0,568,0.008206
10,393435,568,0.004399
10,ours-406478,568,0.002965
10,simd-v0,569,0.008195
10,393435,569,0.004429
10,ours-406478,569,0.002955
10,KACTL,569,0.047249
10,393435,570,0.004409
10,ours-406478,570,0.002945
10,KACTL,570,0.047109
10,simd-v0,570,0.008305
10,ours-406478,571,0.002945
10,KACTL,571,0.056707
10,simd-v0,571,0.008235
10,393435,571,0.004418
10,KACTL,572,0.047178
10,simd-v0,572,0.008195
10,393435,572,0.004408
10,ours-406478,572,0.003005
10,simd-v0,573,0.008186
10,393435,573,0.004408
10,ours-406478,573,0.002996
10,KACTL,573,0.047269
10,393435,574,0.004428
10,ours-406478,574,0.002955
10,KACTL,574,0.047209
10,simd-v0,574,0.008215
10,ours-406478,575,0.002956
10,KACTL,575,0.047278
10,simd-v0,575,0.008196
10,393435,575,0.004419
10,KACTL,576,0.047148
10,simd-v0,576,0.008235
10,393435,576,0.004409
10,ours-406478,576,0.002966
10,simd-v0,577,0.008195
10,393435,577,0.004428
10,ours-406478,577,0.002976
10,KACTL,577,0.047258
10,393435,578,0.004429
10,ours-406478,578,0.002965
10,KACTL,578,0.047148
10,simd-v0,578,0.008216
10,ours-406478,579,0.002975
10,KACTL,579,0.047179
10,simd-v0,579,0.008205
10,393435,579,0.004419
10,KACTL,580,0.047139
10,simd-v0,580,0.008205
10,393435,580,0.004398
10,ours-406478,580,0.002976
10,simd-v0,581,0.008205
10,393435,581,0.004438
10,ours-406478,581,0.003056
10,KACTL,581,0.047268
10,393435,582,0.004429
10,ours-406478,582,0.002986
10,KACTL,582,0.047148
10,simd-v0,582,0.008205
10,ours-406478,583,0.002975
10,KACTL,583,0.047329
10,simd-v0,583,0.009047
10,393435,583,0.004418
10,KACTL,584,0.047149
10,simd-v0,584,0.008196
10,393435,584,0.004398
10,ours-406478,584,0.002965
10,simd-v0,585,0.008286
10,393435,585,0.004428
10,ours-406478,585,0.002966
10,KACTL,585,0.047228
10,393435,586,0.004418
10,ours-406478,586,0.002966
10,KACTL,586,0.055804
10,simd-v0,586,0.008195
10,ours-406478,587,0.003015
10,KACTL,587,0.047268
10,simd-v0,587,0.008226
10,393435,587,0.004469
10,KACTL,588,0.047158
10,simd-v0,588,0.008216
10,393435,588,0.004428
10,ours-406478,588,0.002965
10,simd-v0,589,0.008196
10,393435,589,0.004428
10,ours-406478,589,0.002956
10,KACTL,589,0.047279
10,393435,590,0.004448
10,ours-406478,590,0.002945
10,KACTL,590,0.047208
10,simd-v0,590,0.008205
10,ours-406478,591,0.002956
10,KACTL,591,0.047278
10,simd-v0,591,0.008216
10,393435,591,0.004439
10,KACTL,592,0.047118
10,simd-v0,592,0.008195
10,393435,592,0.004418
10,ours-406478,592,0.002976
10,simd-v0,593,0.008175
10,393435,593,0.004458
10,ours-406478,593,0.002946
10,KACTL,593,0.047399
10,393435,594,0.004368
10,ours-406478,594,0.002945
10,KACTL,594,0.047219
10,simd-v0,594,0.008225
10,ours-406478,595,0.002956
10,KACTL,595,0.047288
10,simd-v0,595,0.008196
10,393435,595,0.004409
10,KACTL,596,0.047198
10,simd-v0,596,0.008216
10,393435,596,0.004428
10,ours-406478,596,0.003005
10,simd-v0,597,0.008186
10,393435,597,0.004499
10,ours-406478,597,0.002966
10,KACTL,597,0.047309
10,393435,598,0.004388
10,ours-406478,598,0.003036
10,KACTL,598,0.047900
10,simd-v0,598,0.008175
10,ours-406478,599,0.002966
10,KACTL,599,0.047408
10,simd-v0,599,0.008175
10,393435,599,0.004408
10,KACTL,600,0.047159
10,simd-v0,600,0.008206
10,393435,600,0.004448
10,ours-406478,600,0.003036
10,simd-v0,601,0.008215
10,393435,601,0.004438
10,ours-406478,601,0.002966
10,KACTL,601,0.062737
10,393435,602,0.004458
10,ours-406478,602,0.003116
10,KACTL,602,0.047168
10,simd-v0,602,0.008236
10,ours-406478,603,0.002965
10,KACTL,603,0.047269
10,simd-v0,603,0.008215
10,393435,603,0.004468
10,KACTL,604,0.047109
10,simd-v0,604,0.008205
10,393435,604,0.004428
10,ours-406478,604,0.002966
10,simd-v0,605,0.008195
10,393435,605,0.004418
10,ours-406478,605,0.002965
10,KACTL,605,0.047288
10,393435,606,0.004438
10,ours-406478,606,0.002966
10,KACTL,606,0.047108
10,simd-v0,606,0.008236
10,ours-406478,607,0.002965
10,KACTL,607,0.047209
10,simd-v0,607,0.008205
10,393435,607,0.004388
10,KACTL,608,0.047098
10,simd-v0,608,0.008216
10,393435,608,0.004408
10,ours-406478,608,0.002955
10,simd-v0,609,0.008225
10,393435,609,0.004438
10,ours-406478,609,0.002965
10,KACTL,609,0.049924
10,393435,610,0.004408
10,ours-406478,610,0.002946
10,KACTL,610,0.047118
10,simd-v0,610,0.008245
10,ours-406478,611,0.002936
10,KACTL,611,0.047308
10,simd-v0,611,0.008195
10,393435,611,0.004428
10,KACTL,612,0.047179
10,simd-v0,612,0.008216
10,393435,612,0.004418
10,ours-406478,612,0.002955
10,simd-v0,613,0.008286
10,393435,613,0.004438
10,ours-406478,613,0.002986
10,KACTL,613,0.047259
10,393435,614,0.004408
10,ours-406478,614,0.002966
10,KACTL,614,0.047088
10,simd-v0,614,0.008255
10,ours-406478,615,0.002976
10,KACTL,615,0.047208
10,simd-v0,615,0.008246
10,393435,615,0.004428
10,KACTL,616,0.047128
10,simd-v0,616,0.017684
10,393435,616,0.004398
10,ours-406478,616,0.003016
10,simd-v0,617,0.008206
10,393435,617,0.004418
10,ours-406478,617,0.002956
10,KACTL,617,0.047469
10,393435,618,0.004459
10,ours-406478,618,0.002955
10,KACTL,618,0.047088
10,simd-v0,618,0.008206
10,ours-406478,619,0.002995
10,KACTL,619,0.047279
10,simd-v0,619,0.008205
10,393435,619,0.004428
10,KACTL,620,0.047139
10,simd-v0,620,0.008195
10,393435,620,0.004408
10,ours-406478,620,0.002986
10,simd-v0,621,0.008196
10,393435,621,0.004438
10,ours-406478,621,0.002955
10,KACTL,621,0.047289
10,393435,622,0.004428
10,ours-406478,622,0.002956
10,KACTL,622,0.047098
10,simd-v0,622,0.008216
10,ours-406478,623,0.002935
10,KACTL,623,0.047249
10,simd-v0,623,0.008226
10,393435,623,0.004418
10,KACTL,624,0.047098
10,simd-v0,624,0.008226
10,393435,624,0.004398
10,ours-406478,624,0.002965
10,simd-v0,625,0.008206
10,393435,625,0.004398
10,ours-406478,625,0.003045
10,KACTL,625,0.047229
10,393435,626,0.004388
10,ours-406478,626,0.002946
10,KACTL,626,0.047188
10,simd-v0,626,0.008205
10,ours-406478,627,0.002926
10,KACTL,627,0.047258
10,simd-v0,627,0.008216
10,393435,627,0.004409
10,KACTL,628,0.064521
10,simd-v0,628,0.010089
10,393435,628,0.006502
10,ours-406478,628,0.003897
10,simd-v0,629,0.009007
10,393435,629,0.004429
10,ours-406478,629,0.002956
10,KACTL,629,0.047399
10,393435,630,0.004398
10,ours-406478,630,0.002966
10,KACTL,630,0.047068
10,simd-v0,630,0.008195
10,ours-406478,631,0.002956
10,KACTL,631,0.058099
10,simd-v0,631,0.008236
10,393435,631,0.004428
10,KACTL,632,0.047208
10,simd-v0,632,0.008216
10,393435,632,0.004388
10,ours-406478,632,0.003015
10,simd-v0,633,0.008186
10,393435,633,0.004388
10,ours-406478,633,0.003046
10,KACTL,633,0.047279
10,393435,634,0.004418
10,ours-406478,634,0.002976
10,KACTL,634,0.047158
10,simd-v0,634,0.008185
10,ours-406478,635,0.002966
10,KACTL,635,0.047228
10,simd-v0,635,0.008226
10,393435,635,0.004368
10,KACTL,636,0.047118
10,simd-v0,636,0.008185
10,393435,636,0.004399
10,ours-406478,636,0.002965
10,simd-v0,637,0.008255
10,393435,637,0.004418
10,ours-406478,637,0.002956
10,KACTL,637,0.047218
10,393435,638,0.004409
10,ours-406478,638,0.003006
10,KACTL,638,0.047189
10,simd-v0,638,0.008245
10,ours-406478,639,0.002966
10,KACTL,639,0.047319
10,simd-v0,639,0.008215
10,393435,639,0.004388
10,KACTL,640,0.047248
10,simd-v0,640,0.008216
10,393435,640,0.004428
10,ours-406478,640,0.002955
10,simd-v0,641,0.008205
10,393435,641,0.004408
10,ours-406478,641,0.002936
10,KACTL,641,0.047249
10,393435,642,0.004418
10,ours-406478,642,0.002966
10,KACTL,642,0.047108
10,simd-v0,642,0.008205
10,ours-406478,643,0.002926
10,KACTL,643,0.047238
10,simd-v0,643,0.008196
10,393435,643,0.004418
10,KACTL,644,0.058239
10,simd-v0,644,0.010149
10,393435,644,0.005960
10,ours-406478,644,0.004719
10,simd-v0,645,0.010469
10,393435,645,0.005741
10,ours-406478,645,0.003046
10,KACTL,645,0.047689
10,393435,646,0.004478
10,ours-406478,646,0.002955
10,KACTL,646,0.060474
10,simd-v0,646,0.008255
10,ours-406478,647,0.003025
10,KACTL,647,0.047259
10,simd-v0,647,0.008215
10,393435,647,0.004458
10,KACTL,648,0.047128
10,simd-v0,648,0.008235
10,393435,648,0.004418
10,ours-406478,648,0.002966
10,simd-v0,649,0.008175
10,393435,649,0.004398
10,ours-406478,649,0.002976
10,KACTL,649,0.047298
10,393435,650,0.004409
10,ours-406478,650,0.002955
10,KACTL,650,0.047129
10,simd-v0,650,0.008215
10,ours-406478,651,0.002935
10,KACTL,651,0.047258
10,simd-v0,651,0.008196
10,393435,651,0.004429
10,KACTL,652,0.047088
10,simd-v0,652,0.008215
10,393435,652,0.004408
10,ours-406478,652,0.002966
10,simd-v0,653,0.008195
10,393435,653,0.004408
10,ours-406478,653,0.002966
10,KACTL,653,0.047298
10,393435,654,0.004419
10,ours-406478,654,0.002965
10,KACTL,654,0.047128
10,simd-v0,654,0.008176
10,ours-406478,655,0.002935
10,KACTL,655,0.047329
10,simd-v0,655,0.008215
10,393435,655,0.004388
10,KACTL,656,0.047138
10,simd-v0,656,0.008196
10,393435,656,0.004388
10,ours-406478,656,0.002965
10,simd-v0,657,0.008216
10,393435,657,0.004389
10,ours-406478,657,0.003035
10,KACTL,657,0.047199
10,393435,658,0.004408
10,ours-406478,658,0.002955
10,KACTL,658,0.047169
10,simd-v0,658,0.008987
10,ours-406478,659,0.002945
10,KACTL,659,0.047169
10,simd-v0,659,0.008216
10,393435,659,0.004418
10,KACTL,660,0.047178
10,simd-v0,660,0.008185
10,393435,660,0.004418
10,ours-406478,660,0.002975
10,simd-v0,661,0.008286
10,393435,661,0.004418
10,ours-406478,661,0.002965
10,KACTL,661,0.056096
10,393435,662,0.004428
10,ours-406478,662,0.003016
10,KACTL,662,0.047088
10,simd-v0,662,0.008326
10,ours-406478,663,0.002946
10,KACTL,663,0.047229
10,simd-v0,663,0.008226
10,393435,663,0.004408
10,KACTL,664,0.047129
10,simd-v0,664,0.008216
10,393435,664,0.004418
10,ours-406478,664,0.002985
10,simd-v0,665,0.008206
10,393435,665,0.004438
10,ours-406478,665,0.002955
10,KACTL,665,0.047219
10,393435,666,0.004418
10,ours-406478,666,0.002955
10,KACTL,666,0.047179
10,simd-v0,666,0.008195
10,ours-406478,667,0.002936
10,KACTL,667,0.047308
10,simd-v0,667,0.008236
10,393435,667,0.004418
10,KACTL,668,0.047138
10,simd-v0,668,0.008236
10,393435,668,0.004439
10,ours-406478,668,0.002945
10,simd-v0,669,0.008156
10,393435,669,0.004439
10,ours-406478,669,0.002956
10,KACTL,669,0.047269
10,393435,670,0.004428
10,ours-406478,670,0.002956
10,KACTL,670,0.047068
10,simd-v0,670,0.008195
10,ours-406478,671,0.002945
10,KACTL,671,0.047258
10,simd-v0,671,0.008206
10,393435,671,0.004408
10,KACTL,672,0.047139
10,simd-v0,672,0.008225
10,393435,672,0.004408
10,ours-406478,672,0.002966
10,simd-v0,673,0.008185
10,393435,673,0.004398
10,ours-406478,673,0.002966
10,KACTL,673,0.048030
10,393435,674,0.004408
10,ours-406478,674,0.002946
10,KACTL,674,0.047108
10,simd-v0,674,0.008205
10,ours-406478,675,0.002965
10,KACTL,675,0.047338
10,simd-v0,675,0.008206
10,393435,675,0.004399
10,KACTL,676,0.047198
10,simd-v0,676,0.008175
10,393435,676,0.013235
10,ours-406478,676,0.002986
10,simd-v0,677,0.008215
10,393435,677,0.004439
10,ours-406478,677,0.002956
10,KACTL,677,0.047259
10,393435,678,0.004408
10,ours-406478,678,0.002976
10,KACTL,678,0.047068
10,simd-v0,678,0.008215
10,ours-406478,679,0.002945
10,KACTL,679,0.047318
10,simd-v0,679,0.008175
10,393435,679,0.004419
10,KACTL,680,0.047109
10,simd-v0,680,0.008225
10,393435,680,0.004409
10,ours-406478,680,0.003025
10,simd-v0,681,0.008205
10,393435,681,0.004398
10,ours-406478,681,0.002945
10,KACTL,681,0.047419
10,393435,682,0.004399
10,ours-406478,682,0.002956
10,KACTL,682,0.047088
10,simd-v0,682,0.008195
10,ours-406478,683,0.002925
10,KACTL,683,0.047219
10,simd-v0,683,0.008236
10,393435,683,0.004428
10,KACTL,684,0.047138
10,simd-v0,684,0.008226
10,393435,684,0.004408
10,ours-406478,684,0.002965
10,simd-v0,685,0.008196
10,393435,685,0.004399
10,ours-406478,685,0.002955
10,KACTL,685,0.047259
10,393435,686,0.004418
10,ours-406478,686,0.002956
10,KACTL,686,0.047118
10,simd-v0,686,0.008215
10,ours-406478,687,0.002925
10,KACTL,687,0.047249
10,simd-v0,687,0.008215
10,393435,687,0.004399
10,KACTL,688,0.047148
10,simd-v0,688,0.008225
10,393435,688,0.004438
10,ours-406478,688,0.002986
10,simd-v0,689,0.008185
10,393435,689,0.004508
10,ours-406478,689,0.002946
10,KACTL,689,0.047248
10,393435,690,0.004388
10,ours-406478,690,0.003035
10,KACTL,690,0.047089
10,simd-v0,690,0.008185
10,ours-406478,691,0.002925
10,KACTL,691,0.047218
10,simd-v0,691,0.008215
10,393435,691,0.004408
10,KACTL,692,0.057116
10,simd-v0,692,0.008285
10,393435,692,0.004448
10,ours-406478,692,0.003035
10,simd-v0,693,0.008206
10,393435,693,0.004418
10,ours-406478,693,0.002955
10,KACTL,693,0.047339
10,393435,694,0.004418
10,ours-406478,694,0.002966
10,KACTL,694,0.047118
10,simd-v0,694,0.008195
10,ours-406478,695,0.002936
10,KACTL,695,0.047178
10,simd-v0,695,0.008205
10,393435,695,0.004419
10,KACTL,696,0.047089
10,simd-v0,696,0.008185
10,393435,696,0.004418
10,ours-406478,696,0.002966
10,simd-v0,697,0.008206
10,393435,697,0.004428
10,ours-406478,697,0.002956
10,KACTL,697,0.047299
10,393435,698,0.004419
10,ours-406478,698,0.002946
10,KACTL,698,0.047188
10,simd-v0,698,0.008206
10,ours-406478,699,0.002926
10,KACTL,699,0.047248
10,simd-v0,699,0.008195
10,393435,699,0.004408
10,KACTL,700,0.047168
10,simd-v0,700,0.008196
10,393435,700,0.004418
10,ours-406478,700,0.002955
10,simd-v0,701,0.008206
10,393435,701,0.004419
10,ours-406478,701,0.002966
10,KACTL,701,0.047369
10,393435,702,0.004418
10,ours-406478,702,0.002955
10,KACTL,702,0.047098
10,simd-v0,702,0.008215
10,ours-406478,703,0.002946
10,KACTL,703,0.047289
10,simd-v0,703,0.008186
10,393435,703,0.004439
10,KACTL,704,0.047038
10,simd-v0,704,0.008175
10,393435,704,0.004408
10,ours-406478,704,0.002976
10,simd-v0,705,0.008205
10,393435,705,0.004488
10,ours-406478,705,0.002946
10,KACTL,705,0.047278
10,393435,706,0.004439
10,ours-406478,706,0.003035
10,KACTL,706,0.047149
10,simd-v0,706,0.008285
10,ours-406478,707,0.002945
10,KACTL,707,0.059482
10,simd-v0,707,0.008196
10,393435,707,0.004458
10,KACTL,708,0.047138
10,simd-v0,708,0.008236
10,393435,708,0.004408
10,ours-406478,708,0.003015
10,simd-v0,709,0.008206
10,393435,709,0.004428
10,ours-406478,709,0.002965
10,KACTL,709,0.047289
10,393435,710,0.004408
10,ours-406478,710,0.002976
10,KACTL,710,0.047108
10,simd-v0,710,0.008215
10,ours-406478,711,0.002976
10,KACTL,711,0.047269
10,simd-v0,711,0.008185
10,393435,711,0.004448
10,KACTL,712,0.047158
10,simd-v0,712,0.008216
10,393435,712,0.004398
10,ours-406478,712,0.002965
10,simd-v0,713,0.008216
10,393435,713,0.004458
10,ours-406478,713,0.002965
10,KACTL,713,0.047209
10,393435,714,0.004418
10,ours-406478,714,0.002966
10,KACTL,714,0.047178
10,simd-v0,714,0.008185
10,ours-406478,715,0.002956
10,KACTL,715,0.047278
10,simd-v0,715,0.008196
10,393435,715,0.004428
10,KACTL,716,0.047178
10,simd-v0,716,0.008275
10,393435,716,0.004429
10,ours-406478,716,0.002955
10,simd-v0,717,0.008216
10,393435,717,0.004419
10,ours-406478,717,0.002946
10,KACTL,717,0.047219
10,393435,718,0.004408
10,ours-406478,718,0.002955
10,KACTL,718,0.047088
10,simd-v0,718,0.008215
10,ours-406478,719,0.002955
10,KACTL,719,0.047249
10,simd-v0,719,0.008205
10,393435,719,0.004408
10,KACTL,720,0.047049
10,simd-v0,720,0.008186
10,393435,720,0.004408
10,ours-406478,720,0.002965
10,simd-v0,721,0.008196
10,393435,721,0.004418
10,ours-406478,721,0.002965
10,KACTL,721,0.047279
10,393435,722,0.004408
10,ours-406478,722,0.003026
10,KACTL,722,0.069349
10,simd-v0,722,0.008336
10,ours-406478,723,0.003316
10,KACTL,723,0.047209
10,simd-v0,723,0.008185
10,393435,723,0.004669
10,KACTL,724,0.047149
10,simd-v0,724,0.008215
10,393435,724,0.004398
10,ours-406478,724,0.002976
10,simd-v0,725,0.008195
10,393435,725,0.004388
10,ours-406478,725,0.002945
10,KACTL,725,0.047238
10,393435,726,0.004408
10,ours-406478,726,0.002956
10,KACTL,726,0.047058
10,simd-v0,726,0.008215
10,ours-406478,727,0.002966
10,KACTL,727,0.047278
10,simd-v0,727,0.008185
10,393435,727,0.004418
10,KACTL,728,0.047118
10,simd-v0,728,0.008176
10,393435,728,0.004398
10,ours-406478,728,0.002966
10,simd-v0,729,0.008175
10,393435,729,0.004398
10,ours-406478,729,0.003036
10,KACTL,729,0.047289
10,393435,730,0.004398
10,ours-406478,730,0.002955
10,KACTL,730,0.047068
10,simd-v0,730,0.008185
10,ours-406478,731,0.002986
10,KACTL,731,0.047249
10,simd-v0,731,0.008235
10,393435,731,0.004419
10,KACTL,732,0.047138
10,simd-v0,732,0.008175
10,393435,732,0.004439
10,ours-406478,732,0.002955
10,simd-v0,733,0.008185
10,393435,733,0.004399
10,ours-406478,733,0.002976
10,KACTL,733,0.047318
10,393435,734,0.004408
10,ours-406478,734,0.002955
10,KACTL,734,0.047068
10,simd-v0,734,0.008266
10,ours-406478,735,0.002935
10,KACTL,735,0.047259
10,simd-v0,735,0.008245
10,393435,735,0.004438
10,KACTL,736,0.047168
10,simd-v0,736,0.008275
10,393435,736,0.004389
10,ours-406478,736,0.002956
10,simd-v0,737,0.008175
10,393435,737,0.004398
10,ours-406478,737,0.002946
10,KACTL,737,0.057297
10,393435,738,0.004449
10,ours-406478,738,0.003015
10,KACTL,738,0.047138
10,simd-v0,738,0.008185
10,ours-406478,739,0.002945
10,KACTL,739,0.047208
10,simd-v0,739,0.008175
10,393435,739,0.004398
10,KACTL,740,0.047158
10,simd-v0,740,0.008175
10,393435,740,0.004398
10,ours-406478,740,0.002966
10,simd-v0,741,0.008185
10,393435,741,0.004388
10,ours-406478,741,0.002945
10,KACTL,741,0.047308
10,393435,742,0.004409
10,ours-406478,742,0.002976
10,KACTL,742,0.047238
10,simd-v0,742,0.008176
10,ours-406478,743,0.002965
10,KACTL,743,0.047239
10,simd-v0,743,0.008185
10,393435,743,0.004438
10,KACTL,744,0.047139
10,simd-v0,744,0.008175
10,393435,744,0.004388
10,ours-406478,744,0.002965
10,simd-v0,745,0.008206
10,393435,745,0.004408
10,ours-406478,745,0.003055
10,KACTL,745,0.047249
10,393435,746,0.004378
10,ours-406478,746,0.002946
10,KACTL,746,0.047148
10,simd-v0,746,0.008195
10,ours-406478,747,0.002946
10,KACTL,747,0.047279
10,simd-v0,747,0.008165
10,393435,747,0.004398
10,KACTL,748,0.047168
10,simd-v0,748,0.008186
10,393435,748,0.004398
10,ours-406478,748,0.002976
10,simd-v0,749,0.008165
10,393435,749,0.004419
10,ours-406478,749,0.002965
10,KACTL,749,0.047329
10,393435,750,0.004408
10,ours-406478,750,0.002976
10,KACTL,750,0.047129
10,simd-v0,750,0.008285
10,ours-406478,751,0.002966
10,KACTL,751,0.047248
10,simd-v0,751,0.008266
10,393435,751,0.004398
10,KACTL,752,0.047138
10,simd-v0,752,0.017132
10,393435,752,0.004438
10,ours-406478,752,0.003006
10,simd-v0,753,0.008226
10,393435,753,0.004418
10,ours-406478,753,0.002945
10,KACTL,753,0.047359
10,393435,754,0.004399
10,ours-406478,754,0.002966
10,KACTL,754,0.047158
10,simd-v0,754,0.008166
10,ours-406478,755,0.002956
10,KACTL,755,0.047319
10,simd-v0,755,0.008225
10,393435,755,0.004428
10,KACTL,756,0.047189
10,simd-v0,756,0.008185
10,393435,756,0.004398
10,ours-406478,756,0.002956
10,simd-v0,757,0.008156
10,393435,757,0.004438
10,ours-406478,757,0.002976
10,KACTL,757,0.047249
10,393435,758,0.004418
10,ours-406478,758,0.002976
10,KACTL,758,0.047158
10,simd-v0,758,0.008185
10,ours-406478,759,0.002976
10,KACTL,759,0.047218
10,simd-v0,759,0.008196
10,393435,759,0.004428
10,KACTL,760,0.047098
10,simd-v0,760,0.008206
10,393435,760,0.004429
10,ours-406478,760,0.002966
10,simd-v0,761,0.008165
10,393435,761,0.004418
10,ours-406478,761,0.002956
10,KACTL,761,0.047279
10,393435,762,0.004418
10,ours-406478,762,0.002996
10,KACTL,762,0.047108
10,simd-v0,762,0.008165
10,ours-406478,763,0.002956
10,KACTL,763,0.047449
10,simd-v0,763,0.008186
10,393435,763,0.004418
10,KACTL,764,0.047088
10,simd-v0,764,0.008156
10,393435,764,0.004499
10,ours-406478,764,0.003036
10,simd-v0,765,0.008175
10,393435,765,0.004368
10,ours-406478,765,0.002945
10,KACTL,765,0.047298
10,393435,766,0.004439
10,ours-406478,766,0.002995
10,KACTL,766,0.047069
10,simd-v0,766,0.008175
10,ours-406478,767,0.002935
10,KACTL,767,0.047289
10,simd-v0,767,0.018394
10,393435,767,0.004418
10,KACTL,768,0.047218
10,simd-v0,768,0.008196
10,393435,768,0.004438
10,ours-406478,768,0.003066
10,simd-v0,769,0.008185
10,393435,769,0.004438
10,ours-406478,769,0.002986
10,KACTL,769,0.047248
10,393435,770,0.004378
10,ours-406478,770,0.002966
10,KACTL,770,0.047239
10,simd-v0,770,0.008175
10,ours-406478,771,0.002975
10,KACTL,771,0.047299
10,simd-v0,771,0.008195
10,393435,771,0.004419
10,KACTL,772,0.047088
10,simd-v0,772,0.008205
10,393435,772,0.004418
10,ours-406478,772,0.002956
10,simd-v0,773,0.008165
10,393435,773,0.004438
10,ours-406478,773,0.002976
10,KACTL,773,0.047278
10,393435,774,0.004409
10,ours-406478,774,0.002955
10,KACTL,774,0.047158
10,simd-v0,774,0.008175
10,ours-406478,775,0.002965
10,KACTL,775,0.047239
10,simd-v0,775,0.008175
10,393435,775,0.004408
10,KACTL,776,0.047079
10,simd-v0,776,0.008195
10,393435,776,0.004408
10,ours-406478,776,0.002945
10,simd-v0,777,0.008255
10,393435,777,0.004438
10,ours-406478,777,0.002955
10,KACTL,777,0.047228
10,393435,778,0.004498
10,ours-406478,778,0.002966
10,KACTL,778,0.047118
10,simd-v0,778,0.008246
10,ours-406478,779,0.002955
10,KACTL,779,0.047209
10,simd-v0,779,0.008175
10,393435,779,0.004538
10,KACTL,780,0.047179
10,simd-v0,780,0.008185
10,393435,780,0.004488
10,ours-406478,780,0.002966
10,simd-v0,781,0.008185
10,393435,781,0.004438
10,ours-406478,781,0.002966
10,KACTL,781,0.047278
10,393435,782,0.004418
10,ours-406478,782,0.002955
10,KACTL,782,0.047028
10,simd-v0,782,0.008185
10,ours-406478,783,0.002936
10,KACTL,783,0.056315
10,simd-v0,783,0.008205
10,393435,783,0.004428
10,KACTL,784,0.047169
10,simd-v0,784,0.008195
10,393435,784,0.004428
10,ours-406478,784,0.002996
10,simd-v0,785,0.008175
10,393435,785,0.004398
10,ours-406478,785,0.002945
10,KACTL,785,0.047328
10,393435,786,0.004419
10,ours-406478,786,0.002956
10,KACTL,786,0.047128
10,simd-v0,786,0.008226
10,ours-406478,787,0.002965
10,KACTL,787,0.047188
10,simd-v0,787,0.008195
10,393435,787,0.004418
10,KACTL,788,0.047128
10,simd-v0,788,0.008226
10,393435,788,0.004428
10,ours-406478,788,0.002985
10,simd-v0,789,0.008176
10,393435,789,0.004458
10,ours-406478,789,0.002975
10,KACTL,789,0.047219
10,393435,790,0.004428
10,ours-406478,790,0.002955
10,KACTL,790,0.047178
10,simd-v0,790,0.008195
10,ours-406478,791,0.002976
10,KACTL,791,0.047258
10,simd-v0,791,0.008196
10,393435,791,0.004419
10,KACTL,792,0.047118
10,simd-v0,792,0.008235
10,393435,792,0.004398
10,ours-406478,792,0.002975
10,simd-v0,793,0.008255
10,393435,793,0.004409
10,ours-406478,793,0.002966
10,KACTL,793,0.047279
10,393435,794,0.004498
10,ours-406478,794,0.002956
10,KACTL,794,0.047158
10,simd-v0,794,0.008205
10,ours-406478,795,0.003036
10,KACTL,795,0.047198
10,simd-v0,795,0.008186
10,393435,795,0.004488
10,KACTL,796,0.047048
10,simd-v0,796,0.008185
10,393435,796,0.004479
10,ours-406478,796,0.002955
10,simd-v0,797,0.008165
10,393435,797,0.004418
10,ours-406478,797,0.002976
10,KACTL,797,0.047299
10,393435,798,0.004389
10,ours-406478,798,0.002945
10,KACTL,798,0.056045
10,simd-v0,798,0.008225
10,ours-406478,799,0.002996
10,KACTL,799,0.047239
10,simd-v0,799,0.008175
10,393435,799,0.004479
10,KACTL,800,0.047188
10,simd-v0,800,0.008186
10,393435,800,0.004429
10,ours-406478,800,0.002976
10,simd-v0,801,0.008195
10,393435,801,0.004429
10,ours-406478,801,0.002965
10,KACTL,801,0.047318
10,393435,802,0.004418
10,ours-406478,802,0.002975
10,KACTL,802,0.047119
10,simd-v0,802,0.008165
10,ours-406478,803,0.002945
10,KACTL,803,0.047299
10,simd-v0,803,0.008175
10,393435,803,0.004429
10,KACTL,804,0.047098
10,simd-v0,804,0.008185
10,393435,804,0.004398
10,ours-406478,804,0.002986
10,simd-v0,805,0.008175
10,393435,805,0.004398
10,ours-406478,805,0.002966
10,KACTL,805,0.047168
10,393435,806,0.004418
10,ours-406478,806,0.002956
10,KACTL,806,0.047168
10,simd-v0,806,0.008205
10,ours-406478,807,0.002986
10,KACTL,807,0.047279
10,simd-v0,807,0.008195
10,393435,807,0.004479
10,KACTL,808,0.047088
10,simd-v0,808,0.008175
10,393435,808,0.004418
10,ours-406478,808,0.002956
10,simd-v0,809,0.008215
10,393435,809,0.004418
10,ours-406478,809,0.002956
10,KACTL,809,0.047258
10,393435,810,0.004398
10,ours-406478,810,0.002966
10,KACTL,810,0.047058
10,simd-v0,810,0.008255
10,ours-406478,811,0.002966
10,KACTL,811,0.047229
10,simd-v0,811,0.008295
10,393435,811,0.004418
10,KACTL,812,0.047098
10,simd-v0,812,0.008276
10,393435,812,0.004388
10,ours-406478,812,0.002966
10,simd-v0,813,0.008165
10,393435,813,0.004408
10,ours-406478,813,0.002985
10,KACTL,813,0.056967
10,393435,814,0.004468
10,ours-406478,814,0.003066
10,KACTL,814,0.047078
10,simd-v0,814,0.008195
10,ours-406478,815,0.002955
10,KACTL,815,0.047218
10,simd-v0,815,0.008185
10,393435,815,0.004409
10,KACTL,816,0.047199
10,simd-v0,816,0.008175
10,393435,816,0.004388
10,ours-406478,816,0.002966
10,simd-v0,817,0.008205
10,393435,817,0.004398
10,ours-406478,817,0.002966
10,KACTL,817,0.047358
10,393435,818,0.004468
10,ours-406478,818,0.002955
10,KACTL,818,0.047139
10,simd-v0,818,0.008185
10,ours-406478,819,0.002995
10,KACTL,819,0.047228
10,simd-v0,819,0.008195
10,393435,819,0.004399
10,KACTL,820,0.047048
10,simd-v0,820,0.008155
10,393435,820,0.004448
10,ours-406478,820,0.002966
10,simd-v0,821,0.008186
10,393435,821,0.004408
10,ours-406478,821,0.003056
10,KACTL,821,0.047268
10,393435,822,0.004408
10,ours-406478,822,0.002956
10,KACTL,822,0.047078
10,simd-v0,822,0.008175
10,ours-406478,823,0.002956
10,KACTL,823,0.047278
10,simd-v0,823,0.008206
10,393435,823,0.004428
10,KACTL,824,0.047138
10,simd-v0,824,0.008166
10,393435,824,0.004418
10,ours-406478,824,0.002965
10,simd-v0,825,0.008376
10,393435,825,0.004448
10,ours-406478,825,0.002975
10,KACTL,825,0.047248
10,393435,826,0.004438
10,ours-406478,826,0.002976
10,KACTL,826,0.047078
10,simd-v0,826,0.008265
10,ours-406478,827,0.002945
10,KACTL,827,0.047218
10,simd-v0,827,0.008266
10,393435,827,0.004458
10,KACTL,828,0.047149
10,simd-v0,828,0.017083
10,393435,828,0.004408
10,ours-406478,828,0.003016
10,simd-v0,829,0.008225
10,393435,829,0.004428
10,ours-406478,829,0.002966
10,KACTL,829,0.047389
10,393435,830,0.004419
10,ours-406478,830,0.002955
10,KACTL,830,0.047189
10,simd-v0,830,0.008205
10,ours-406478,831,0.002956
10,KACTL,831,0.047329
10,simd-v0,831,0.008185
10,393435,831,0.004419
10,KACTL,832,0.047058
10,simd-v0,832,0.008195
10,393435,832,0.004398
10,ours-406478,832,0.002976
10,simd-v0,833,0.008175
10,393435,833,0.004458
10,ours-406478,833,0.002976
10,KACTL,833,0.047228
10,393435,834,0.004348
10,ours-406478,834,0.002956
10,KACTL,834,0.047148
10,simd-v0,834,0.008205
10,ours-406478,835,0.002936
10,KACTL,835,0.047289
10,simd-v0,835,0.008176
10,393435,835,0.004408
10,KACTL,836,0.047178
10,simd-v0,836,0.008185
10,393435,836,0.004408
10,ours-406478,836,0.002966
10,simd-v0,837,0.008185
10,393435,837,0.004439
10,ours-406478,837,0.002966
10,KACTL,837,0.047199
10,393435,838,0.004429
10,ours-406478,838,0.002955
10,KACTL,838,0.047129
10,simd-v0,838,0.008205
10,ours-406478,839,0.002935
10,KACTL,839,0.047269
10,simd-v0,839,0.008185
10,393435,839,0.004418
10,KACTL,840,0.047108
10,simd-v0,840,0.008186
10,393435,840,0.004378
10,ours-406478,840,0.002975
10,simd-v0,841,0.008266
10,393435,841,0.004418
10,ours-406478,841,0.002965
10,KACTL,841,0.047259
10,393435,842,0.004478
10,ours-406478,842,0.002966
10,KACTL,842,0.047138
10,simd-v0,842,0.008255
10,ours-406478,843,0.003006
10,KACTL,843,0.047369
10,simd-v0,843,0.008255
10,393435,843,0.004429
10,KACTL,844,0.055815
10,simd-v0,844,0.008186
10,393435,844,0.004418
10,ours-406478,844,0.003015
10,simd-v0,845,0.008176
10,393435,845,0.004408
10,ours-406478,845,0.002955
10,KACTL,845,0.047279
10,393435,846,0.004418
10,ours-406478,846,0.002976
10,KACTL,846,0.047098
10,simd-v0,846,0.008185
10,ours-406478,847,0.002935
10,KACTL,847,0.047348
10,simd-v0,847,0.008176
10,393435,847,0.004399
10,KACTL,848,0.047138
10,simd-v0,848,0.008206
10,393435,848,0.004459
10,ours-406478,848,0.002975
10,simd-v0,849,0.008195
10,393435,849,0.004439
10,ours-406478,849,0.002985
10,KACTL,849,0.047289
10,393435,850,0.004428
10,ours-406478,850,0.002966
10,KACTL,850,0.047208
10,simd-v0,850,0.008186
10,ours-406478,851,0.002975
10,KACTL,851,0.047329
10,simd-v0,851,0.008185
10,393435,851,0.004418
10,KACTL,852,0.047099
10,simd-v0,852,0.008185
10,393435,852,0.004438
10,ours-406478,852,0.002956
10,simd-v0,853,0.008175
10,393435,853,0.004498
10,ours-406478,853,0.002956
10,KACTL,853,0.047248
10,393435,854,0.004418
10,ours-406478,854,0.002986
10,KACTL,854,0.047178
10,simd-v0,854,0.008165
10,ours-406478,855,0.002976
10,KACTL,855,0.047218
10,simd-v0,855,0.008196
10,393435,855,0.004439
10,KACTL,856,0.047098
10,simd-v0,856,0.008186
10,393435,856,0.004399
10,ours-406478,856,0.003025
10,simd-v0,857,0.008957
10,393435,857,0.004458
10,ours-406478,857,0.002966
10,KACTL,857,0.047308
10,393435,858,0.004409
10,ours-406478,858,0.002965
10,KACTL,858,0.047148
10,simd-v0,858,0.008226
10,ours-406478,859,0.002945
10,KACTL,859,0.057778
10,simd-v0,859,0.008205
10,393435,859,0.004478
10,KACTL,860,0.047158
10,simd-v0,860,0.008185
10,393435,860,0.004398
10,ours-406478,860,0.003046
10,simd-v0,861,0.008175
10,393435,861,0.004429
10,ours-406478,861,0.002966
10,KACTL,861,0.047278
10,393435,862,0.004398
10,ours-406478,862,0.002965
10,KACTL,862,0.047179
10,simd-v0,862,0.008235
10,ours-406478,863,0.002956
10,KACTL,863,0.047298
10,simd-v0,863,0.008176
10,393435,863,0.004449
10,KACTL,864,0.047098
10,simd-v0,864,0.008195
10,393435,864,0.004418
10,ours-406478,864,0.002956
10,simd-v0,865,0.008175
10,393435,865,0.004398
10,ours-406478,865,0.002966
10,KACTL,865,0.047289
10,393435,866,0.004388
10,ours-406478,866,0.002966
10,KACTL,866,0.047159
10,simd-v0,866,0.008176
10,ours-406478,867,0.002985
10,KACTL,867,0.047179
10,simd-v0,867,0.008176
10,393435,867,0.004428
10,KACTL,868,0.047159
10,simd-v0,868,0.008186
10,393435,868,0.004428
10,ours-406478,868,0.002955
10,simd-v0,869,0.008165
10,393435,869,0.004498
10,ours-406478,869,0.002965
10,KACTL,869,0.047269
10,393435,870,0.004418
10,ours-406478,870,0.002946
10,KACTL,870,0.047108
10,simd-v0,870,0.008215
10,ours-406478,871,0.002936
10,KACTL,871,0.047248
10,simd-v0,871,0.008246
10,393435,871,0.004418
10,KACTL,872,0.047138
10,simd-v0,872,0.008195
10,393435,872,0.004408
10,ours-406478,872,0.003046
10,simd-v0,873,0.008176
10,393435,873,0.004418
10,ours-406478,873,0.002955
10,KACTL,873,0.047209
10,393435,874,0.004388
10,ours-406478,874,0.002945
10,KACTL,874,0.055975
10,simd-v0,874,0.008176
10,ours-406478,875,0.002995
10,KACTL,875,0.047258
10,simd-v0,875,0.008165
10,393435,875,0.004418
10,KACTL,876,0.047178
10,simd-v0,876,0.008165
10,393435,876,0.004408
10,ours-406478,876,0.002986
10,simd-v0,877,0.008195
10,393435,877,0.004428
10,ours-406478,877,0.002956
10,KACTL,877,0.047298
10,393435,878,0.004419
10,ours-406478,878,0.002965
10,KACTL,878,0.047068
10,simd-v0,878,0.008186
10,ours-406478,879,0.002975
10,KACTL,879,0.047148
10,simd-v0,879,0.008166
10,393435,879,0.004468
10,KACTL,880,0.047148
10,simd-v0,880,0.008176
10,393435,880,0.004409
10,ours-406478,880,0.002965
10,simd-v0,881,0.008196
10,393435,881,0.004419
10,ours-406478,881,0.002956
10,KACTL,881,0.047168
10,393435,882,0.004419
10,ours-406478,882,0.002975
10,KACTL,882,0.047068
10,simd-v0,882,0.008186
10,ours-406478,883,0.002955
10,KACTL,883,0.047309
10,simd-v0,883,0.008185
10,393435,883,0.004428
10,KACTL,884,0.047179
10,simd-v0,884,0.008255
10,393435,884,0.004458
10,ours-406478,884,0.002956
10,simd-v0,885,0.008215
10,393435,885,0.004398
10,ours-406478,885,0.003026
10,KACTL,885,0.047248
10,393435,886,0.004409
10,ours-406478,886,0.002945
10,KACTL,886,0.047088
10,simd-v0,886,0.008216
10,ours-406478,887,0.002975
10,KACTL,887,0.048050
10,simd-v0,887,0.008196
10,393435,887,0.004419
10,KACTL,888,0.047088
10,simd-v0,888,0.008195
10,393435,888,0.004418
10,ours-406478,888,0.002976
10,simd-v0,889,0.008185
10,393435,889,0.004389
10,ours-406478,889,0.002976
10,KACTL,889,0.055835
10,393435,890,0.004418
10,ours-406478,890,0.002996
10,KACTL,890,0.047218
10,simd-v0,890,0.008185
10,ours-406478,891,0.002945
10,KACTL,891,0.047248
10,simd-v0,891,0.008195
10,393435,891,0.004468
10,KACTL,892,0.047238
10,simd-v0,892,0.008165
10,393435,892,0.004418
10,ours-406478,892,0.003026
10,simd-v0,893,0.008215
10,393435,893,0.004428
10,ours-406478,893,0.002955
10,KACTL,893,0.047259
10,393435,894,0.004399
10,ours-406478,894,0.002965
10,KACTL,894,0.047109
10,simd-v0,894,0.008165
10,ours-406478,895,0.002975
10,KACTL,895,0.047239
10,simd-v0,895,0.008185
10,393435,895,0.004418
10,KACTL,896,0.047088
10,simd-v0,896,0.008155
10,393435,896,0.004408
10,ours-406478,896,0.002976
10,simd-v0,897,0.008166
10,393435,897,0.004438
10,ours-406478,897,0.002975
10,KACTL,897,0.047259
10,393435,898,0.004418
10,ours-406478,898,0.002966
10,KACTL,898,0.047118
10,simd-v0,898,0.008165
10,ours-406478,899,0.002956
10,KACTL,899,0.047218
10,simd-v0,899,0.008206
10,393435,899,0.004429
10,KACTL,900,0.047148
10,simd-v0,900,0.008165
10,393435,900,0.004399
10,ours-406478,900,0.002976
10,simd-v0,901,0.008215
10,393435,901,0.004489
10,ours-406478,901,0.002956
10,KACTL,901,0.047238
10,393435,902,0.004408
10,ours-406478,902,0.003045
10,KACTL,902,0.047139
10,simd-v0,902,0.008185
10,ours-406478,903,0.002936
10,KACTL,903,0.047228
10,simd-v0,903,0.008175
10,393435,903,0.004429
10,KACTL,904,0.047098
10,simd-v0,904,0.008165
10,393435,904,0.004418
10,ours-406478,904,0.003036
10,simd-v0,905,0.017884
10,393435,905,0.004448
10,ours-406478,905,0.003026
10,KACTL,905,0.047329
10,393435,906,0.004428
10,ours-406478,906,0.002956
10,KACTL,906,0.047159
10,simd-v0,906,0.008185
10,ours-406478,907,0.002926
10,KACTL,907,0.047318
10,simd-v0,907,0.008186
10,393435,907,0.004399
10,KACTL,908,0.047138
10,simd-v0,908,0.008175
10,393435,908,0.004409
10,ours-406478,908,0.002966
10,simd-v0,909,0.008185
10,393435,909,0.004408
10,ours-406478,909,0.002936
10,KACTL,909,0.047288
10,393435,910,0.004399
10,ours-406478,910,0.002955
10,KACTL,910,0.047148
10,simd-v0,910,0.008196
10,ours-406478,911,0.002956
10,KACTL,911,0.047189
10,simd-v0,911,0.008196
10,393435,911,0.004398
10,KACTL,912,0.047188
10,simd-v0,912,0.008206
10,393435,912,0.004428
10,ours-406478,912,0.002965
10,simd-v0,913,0.008186
10,393435,913,0.004439
10,ours-406478,913,0.005500
10,KACTL,913,0.047298
10,393435,914,0.004438
10,ours-406478,914,0.002956
10,KACTL,914,0.047138
10,simd-v0,914,0.008185
10,ours-406478,915,0.002925
10,KACTL,915,0.047279
10,simd-v0,915,0.008185
10,393435,915,0.004438
10,KACTL,916,0.047068
10,simd-v0,916,0.008196
10,393435,916,0.004429
10,ours-406478,916,0.002985
10,simd-v0,917,0.008276
10,393435,917,0.004418
10,ours-406478,917,0.002965
10,KACTL,917,0.047189
10,393435,918,0.004518
10,ours-406478,918,0.002966
10,KACTL,918,0.047098
10,simd-v0,918,0.008175
10,ours-406478,919,0.003046
10,KACTL,919,0.047259
10,simd-v0,919,0.008186
10,393435,919,0.004488
10,KACTL,920,0.056356
10,simd-v0,920,0.008285
10,393435,920,0.004418
10,ours-406478,920,0.003005
10,simd-v0,921,0.008176
10,393435,921,0.004439
10,ours-406478,921,0.002965
10,KACTL,921,0.047199
10,393435,922,0.004408
10,ours-406478,922,0.002966
10,KACTL,922,0.047169
10,simd-v0,922,0.008205
10,ours-406478,923,0.002956
10,KACTL,923,0.047309
10,simd-v0,923,0.008185
10,393435,923,0.004408
10,KACTL,924,0.047068
10,simd-v0,924,0.008175
10,393435,924,0.004458
10,ours-406478,924,0.002965
10,simd-v0,925,0.008175
10,393435,925,0.004379
10,ours-406478,925,0.002985
10,KACTL,925,0.047249
10,393435,926,0.004418
10,ours-406478,926,0.002955
10,KACTL,926,0.047209
10,simd-v0,926,0.008195
10,ours-406478,927,0.002946
10,KACTL,927,0.047249
10,simd-v0,927,0.008195
10,393435,927,0.004439
10,KACTL,928,0.047108
10,simd-v0,928,0.008195
10,393435,928,0.004398
10,ours-406478,928,0.002956
10,simd-v0,929,0.008185
10,393435,929,0.004408
10,ours-406478,929,0.002975
10,KACTL,929,0.047278
10,393435,930,0.004398
10,ours-406478,930,0.002946
10,KACTL,930,0.047068
10,simd-v0,930,0.008175
10,ours-406478,931,0.002966
10,KACTL,931,0.047269
10,simd-v0,931,0.008276
10,393435,931,0.004408
10,KACTL,932,0.047930
10,simd-v0,932,0.008185
10,393435,932,0.004428
10,ours-406478,932,0.002976
10,simd-v0,933,0.008165
10,393435,933,0.004458
10,ours-406478,933,0.002985
10,KACTL,933,0.047298
10,393435,934,0.004459
10,ours-406478,934,0.002975
10,KACTL,934,0.047129
10,simd-v0,934,0.008286
10,ours-406478,935,0.002966
10,KACTL,935,0.056867
10,simd-v0,935,0.008215
10,393435,935,0.004498
10,KACTL,936,0.047169
10,simd-v0,936,0.008175
10,393435,936,0.004418
10,ours-406478,936,0.003076
10,simd-v0,937,0.008195
10,393435,937,0.004418
10,ours-406478,937,0.002966
10,KACTL,937,0.047258
10,393435,938,0.004449
10,ours-406478,938,0.002955
10,KACTL,938,0.047078
10,simd-v0,938,0.008196
10,ours-406478,939,0.002965
10,KACTL,939,0.047219
10,simd-v0,939,0.008185
10,393435,939,0.004398
10,KACTL,940,0.047088
10,simd-v0,940,0.008206
10,393435,940,0.004439
10,ours-406478,940,0.002975
10,simd-v0,941,0.008186
10,393435,941,0.004438
10,ours-406478,941,0.002975
10,KACTL,941,0.047259
10,393435,942,0.004408
10,ours-406478,942,0.002956
10,KACTL,942,0.047118
10,simd-v0,942,0.008185
10,ours-406478,943,0.002966
10,KACTL,943,0.047308
10,simd-v0,943,0.008206
10,393435,943,0.004418
10,KACTL,944,0.047068
10,simd-v0,944,0.008226
10,393435,944,0.004419
10,ours-406478,944,0.002955
10,simd-v0,945,0.008216
10,393435,945,0.004409
10,ours-406478,945,0.003066
10,KACTL,945,0.047229
10,393435,946,0.004378
10,ours-406478,946,0.002955
10,KACTL,946,0.047089
10,simd-v0,946,0.008185
10,ours-406478,947,0.002975
10,KACTL,947,0.047259
10,simd-v0,947,0.008196
10,393435,947,0.004439
10,KACTL,948,0.047919
10,simd-v0,948,0.008186
10,393435,948,0.004399
10,ours-406478,948,0.002955
10,simd-v0,949,0.008256
10,393435,949,0.004419
10,ours-406478,949,0.002955
10,KACTL,949,0.047229
10,393435,950,0.004408
10,ours-406478,950,0.002976
10,KACTL,950,0.055845
10,simd-v0,950,0.008547
10,ours-406478,951,0.003517
10,KACTL,951,0.048010
10,simd-v0,951,0.008205
10,393435,951,0.004439
10,KACTL,952,0.047148
10,simd-v0,952,0.008175
10,393435,952,0.004439
10,ours-406478,952,0.002976
10,simd-v0,953,0.008195
10,393435,953,0.004408
10,ours-406478,953,0.002976
10,KACTL,953,0.047198
10,393435,954,0.004439
10,ours-406478,954,0.002955
10,KACTL,954,0.047098
10,simd-v0,954,0.008215
10,ours-406478,955,0.002965
10,KACTL,955,0.047249
10,simd-v0,955,0.008195
10,393435,955,0.004409
10,KACTL,956,0.047128
10,simd-v0,956,0.008195
10,393435,956,0.004388
10,ours-406478,956,0.002965
10,simd-v0,957,0.008206
10,393435,957,0.004378
10,ours-406478,957,0.002955
10,KACTL,957,0.047239
10,393435,958,0.004438
10,ours-406478,958,0.002956
10,KACTL,958,0.047138
10,simd-v0,958,0.008215
10,ours-406478,959,0.002956
10,KACTL,959,0.047148
10,simd-v0,959,0.008216
10,393435,959,0.004449
10,KACTL,960,0.047108
10,simd-v0,960,0.008196
10,393435,960,0.004439
10,ours-406478,960,0.002976
10,simd-v0,961,0.008175
10,393435,961,0.004379
10,ours-406478,961,0.003036
10,KACTL,961,0.047309
10,393435,962,0.004398
10,ours-406478,962,0.002985
10,KACTL,962,0.047119
10,simd-v0,962,0.008205
10,ours-406478,963,0.002976
10,KACTL,963,0.047198
10,simd-v0,963,0.008185
10,393435,963,0.004449
10,KACTL,964,0.047098
10,simd-v0,964,0.008195
10,393435,964,0.004438
10,ours-406478,964,0.002976
10,simd-v0,965,0.008275
10,393435,965,0.004418
10,ours-406478,965,0.002976
10,KACTL,965,0.055965
10,393435,966,0.004388
10,ours-406478,966,0.003006
10,KACTL,966,0.047148
10,simd-v0,966,0.008186
10,ours-406478,967,0.002935
10,KACTL,967,0.047218
10,simd-v0,967,0.008165
10,393435,967,0.004418
10,KACTL,968,0.047148
10,simd-v0,968,0.008176
10,393435,968,0.004429
10,ours-406478,968,0.002955
10,simd-v0,969,0.008185
10,393435,969,0.004418
10,ours-406478,969,0.002965
10,KACTL,969,0.047249
10,393435,970,0.004418
10,ours-406478,970,0.002955
10,KACTL,970,0.047179
10,simd-v0,970,0.008185
10,ours-406478,971,0.002956
10,KACTL,971,0.047308
10,simd-v0,971,0.008205
10,393435,971,0.004419
10,KACTL,972,0.047108
10,simd-v0,972,0.008185
10,393435,972,0.004419
10,ours-406478,972,0.002966
10,simd-v0,973,0.008195
10,393435,973,0.004429
10,ours-406478,973,0.002956
10,KACTL,973,0.047249
10,393435,974,0.004428
10,ours-406478,974,0.002955
10,KACTL,974,0.047128
10,simd-v0,974,0.008186
10,ours-406478,975,0.002955
10,KACTL,975,0.047319
10,simd-v0,975,0.008155
10,393435,975,0.004408
10,KACTL,976,0.047209
10,simd-v0,976,0.008226
10,393435,976,0.004419
10,ours-406478,976,0.003036
10,simd-v0,977,0.008176
10,393435,977,0.004468
10,ours-406478,977,0.002965
10,KACTL,977,0.047239
10,393435,978,0.004438
10,ours-406478,978,0.003036
10,KACTL,978,0.047148
10,simd-v0,978,0.008186
10,ours-406478,979,0.002946
10,KACTL,979,0.047239
10,simd-v0,979,0.008186
10,393435,979,0.004418
10,KACTL,980,0.047138
10,simd-v0,980,0.008185
10,393435,980,0.004419
10,ours-406478,980,0.003035
10,simd-v0,981,0.018104
10,393435,981,0.004429
10,ours-406478,981,0.003036
10,KACTL,981,0.047358
10,393435,982,0.004429
10,ours-406478,982,0.002975
10,KACTL,982,0.047128
10,simd-v0,982,0.008205
10,ours-406478,983,0.002975
10,KACTL,983,0.047299
10,simd-v0,983,0.008185
10,393435,983,0.004409
10,KACTL,984,0.047139
10,simd-v0,984,0.008175
10,393435,984,0.004398
10,ours-406478,984,0.002956
10,simd-v0,985,0.008165
10,393435,985,0.004428
10,ours-406478,985,0.002985
10,KACTL,985,0.047208
10,393435,986,0.004419
10,ours-406478,986,0.002956
10,KACTL,986,0.047098
10,simd-v0,986,0.008196
10,ours-406478,987,0.002965
10,KACTL,987,0.047349
10,simd-v0,987,0.008175
10,393435,987,0.004408
10,KACTL,988,0.047189
10,simd-v0,988,0.008196
10,393435,988,0.004398
10,ours-406478,988,0.002956
10,simd-v0,989,0.008166
10,393435,989,0.004429
10,ours-406478,989,0.002955
10,KACTL,989,0.047269
10,393435,990,0.004418
10,ours-406478,990,0.002965
10,KACTL,990,0.047119
10,simd-v0,990,0.008195
10,ours-406478,991,0.002936
10,KACTL,991,0.047328
10,simd-v0,991,0.008185
10,393435,991,0.004428
10,KACTL,992,0.047098
10,simd-v0,992,0.008175
10,393435,992,0.004409
10,ours-406478,992,0.002966
10,simd-v0,993,0.008175
10,393435,993,0.004519
10,ours-406478,993,0.002945
10,KACTL,993,0.047139
10,393435,994,0.004399
10,ours-406478,994,0.003045
10,KACTL,994,0.047089
10,simd-v0,994,0.008176
10,ours-406478,995,0.002955
10,KACTL,995,0.047209
10,simd-v0,995,0.008175
10,393435,995,0.004418
10,KACTL,996,0.055955
10,simd-v0,996,0.008266
10,393435,996,0.004398
10,ours-406478,996,0.003005
10,simd-v0,997,0.008206
10,393435,997,0.004408
10,ours-406478,997,0.002966
10,KACTL,997,0.047258
10,393435,998,0.004388
10,ours-406478,998,0.002956
10,KACTL,998,0.047138
10,simd-v0,998,0.008205
10,ours-406478,999,0.002966
10,KACTL,999,0.047078
10,simd-v0,999,0.008185
10,393435,999,0.004419
10,KACTL,1000,0.047318
10,simd-v0,1000,0.008256
10,393435,1000,0.004428
10,ours-406478,1000,0.002976
11,KACTL,0,0.102071
11,simd-v0,0,0.015249
11,393435,0,0.008987
11,ours-406478,0,0.006002
11,simd-v0,1,0.015179
11,393435,1,0.008936
11,ours-406478,1,0.005901
11,KACTL,1,0.102703
11,393435,2,0.008936
11,ours-406478,2,0.005911
11,KACTL,2,0.101961
11,simd-v0,2,0.024606
11,ours-406478,3,0.005971
11,KACTL,3,0.101981
11,simd-v0,3,0.015149
11,393435,3,0.009007
11,KACTL,4,0.102161
11,simd-v0,4,0.015178
11,393435,4,0.008917
11,ours-406478,4,0.006012
11,simd-v0,5,0.015169
11,393435,5,0.008967
11,ours-406478,5,0.005922
11,KACTL,5,0.102001
11,393435,6,0.008977
11,ours-406478,6,0.005891
11,KACTL,6,0.102111
11,simd-v0,6,0.015179
11,ours-406478,7,0.005902
11,KACTL,7,0.101881
11,simd-v0,7,0.015109
11,393435,7,0.008907
11,KACTL,8,0.102091
11,simd-v0,8,0.015158
11,393435,8,0.008906
11,ours-406478,8,0.005941
11,simd-v0,9,0.015238
11,393435,9,0.008916
11,ours-406478,9,0.005921
11,KACTL,9,0.101890
11,393435,10,0.008916
11,ours-406478,10,0.005921
11,KACTL,10,0.110998
11,simd-v0,10,0.015258
11,ours-406478,11,0.006031
11,KACTL,11,0.101891
11,simd-v0,11,0.015128
11,393435,11,0.009017
11,KACTL,12,0.101950
11,simd-v0,12,0.015168
11,393435,12,0.008917
11,ours-406478,12,0.005921
11,simd-v0,13,0.015198
11,393435,13,0.008926
11,ours-406478,13,0.005941
11,KACTL,13,0.101790
11,393435,14,0.008987
11,ours-406478,14,0.005931
11,KACTL,14,0.101991
11,simd-v0,14,0.015298
11,ours-406478,15,0.005891
11,KACTL,15,0.101761
11,simd-v0,15,0.015279
11,393435,15,0.008936
11,KACTL,16,0.102712
11,simd-v0,16,0.015339
11,393435,16,0.008917
11,ours-406478,16,0.005920
11,simd-v0,17,0.015239
11,393435,17,0.008907
11,ours-406478,17,0.005972
11,KACTL,17,0.110928
11,393435,18,0.009027
11,ours-406478,18,0.006062
11,KACTL,18,0.102081
11,simd-v0,18,0.015389
11,ours-406478,19,0.005901
11,KACTL,19,0.101760
11,simd-v0,19,0.015158
11,393435,19,0.008966
11,KACTL,20,0.101921
11,simd-v0,20,0.015168
11,393435,20,0.008907
11,ours-406478,20,0.005931
11,simd-v0,21,0.015178
11,393435,21,0.009017
11,ours-406478,21,0.005912
11,KACTL,21,0.101821
11,393435,22,0.008927
11,ours-406478,22,0.005951
11,KACTL,22,0.102031
11,simd-v0,22,0.015128
11,ours-406478,23,0.005901
11,KACTL,23,0.101841
11,simd-v0,23,0.015218
11,393435,23,0.008966
11,KACTL,24,0.101921
11,simd-v0,24,0.025378
11,393435,24,0.008926
11,ours-406478,24,0.005991
11,simd-v0,25,0.015138
11,393435,25,0.008906
11,ours-406478,25,0.006001
11,KACTL,25,0.101931
11,393435,26,0.008937
11,ours-406478,26,0.005981
11,KACTL,26,0.101921
11,simd-v0,26,0.015268
11,ours-406478,27,0.005981
11,KACTL,27,0.101770
11,simd-v0,27,0.015158
11,393435,27,0.009037
11,KACTL,28,0.101941
11,simd-v0,28,0.015298
11,393435,28,0.008896
11,ours-406478,28,0.005911
11,simd-v0,29,0.015128
11,393435,29,0.008917
11,ours-406478,29,0.005901
11,KACTL,29,0.101821
11,393435,30,0.008957
11,ours-406478,30,0.005921
11,KACTL,30,0.101991
11,simd-v0,30,0.015218
11,ours-406478,31,0.005881
11,KACTL,31,0.101681
11,simd-v0,31,0.015199
11,393435,31,0.008897
11,KACTL,32,0.128792
11,simd-v0,32,0.015379
11,393435,32,0.009237
11,ours-406478,32,0.006122
11,simd-v0,33,0.015119
11,393435,33,0.008947
11,ours-406478,33,0.005991
11,KACTL,33,0.101731
11,393435,34,0.008906
11,ours-406478,34,0.006011
11,KACTL,34,0.101901
11,simd-v0,34,0.015119
11,ours-406478,35,0.005971
11,KACTL,35,0.101780
11,simd-v0,35,0.015168
11,393435,35,0.008977
11,KACTL,36,0.101931
11,simd-v0,36,0.015238
11,393435,36,0.008937
11,ours-406478,36,0.005941
11,simd-v0,37,0.015188
11,393435,37,0.008926
11,ours-406478,37,0.005892
11,KACTL,37,0.101721
11,393435,38,0.008927
11,ours-406478,38,0.005931
11,KACTL,38,0.102041
11,simd-v0,38,0.015229
11,ours-406478,39,0.005921
11,KACTL,39,0.112391
11,simd-v0,39,0.015249
11,393435,39,0.009067
11,KACTL,40,0.101901
11,simd-v0,40,0.015389
11,393435,40,0.008886
11,ours-406478,40,0.006051
11,simd-v0,41,0.015249
11,393435,41,0.008917
11,ours-406478,41,0.005911
11,KACTL,41,0.101801
11,393435,42,0.008926
11,ours-406478,42,0.005911
11,KACTL,42,0.101890
11,simd-v0,42,0.015198
11,ours-406478,43,0.005891
11,KACTL,43,0.104476
11,simd-v0,43,0.015178
11,393435,43,0.008937
11,KACTL,44,0.101921
11,simd-v0,44,0.015208
11,393435,44,0.008947
11,ours-406478,44,0.005911
11,simd-v0,45,0.015128
11,393435,45,0.008917
11,ours-406478,45,0.005902
11,KACTL,45,0.101791
11,393435,46,0.008907
11,ours-406478,46,0.005902
11,KACTL,46,0.122750
11,simd-v0,46,0.015349
11,ours-406478,47,0.006111
11,KACTL,47,0.101911
11,simd-v0,47,0.015118
11,393435,47,0.009237
11,KACTL,48,0.101881
11,simd-v0,48,0.015139
11,393435,48,0.009017
11,ours-406478,48,0.005942
11,simd-v0,49,0.015179
11,393435,49,0.008897
11,ours-406478,49,0.005931
11,KACTL,49,0.101840
11,393435,50,0.008897
11,ours-406478,50,0.005932
11,KACTL,50,0.102031
11,simd-v0,50,0.015178
11,ours-406478,51,0.005900
11,KACTL,51,0.101851
11,simd-v0,51,0.015138
11,393435,51,0.008957
11,KACTL,52,0.101890
11,simd-v0,52,0.015128
11,393435,52,0.008917
11,ours-406478,52,0.006713
11,simd-v0,53,0.015099
11,393435,53,0.008907
11,ours-406478,53,0.005901
11,KACTL,53,0.112080
11,393435,54,0.008976
11,ours-406478,54,0.005991
11,KACTL,54,0.102031
11,simd-v0,54,0.015218
11,ours-406478,55,0.005921
11,KACTL,55,0.101801
11,simd-v0,55,0.015238
11,393435,55,0.008936
11,KACTL,56,0.102071
11,simd-v0,56,0.015108
11,393435,56,0.008897
11,ours-406478,56,0.005902
11,simd-v0,57,0.015239
11,393435,57,0.008957
11,ours-406478,57,0.005901
11,KACTL,57,0.101841
11,393435,58,0.008887
11,ours-406478,58,0.005931
11,KACTL,58,0.102111
11,simd-v0,58,0.015138
11,ours-406478,59,0.005911
11,KACTL,59,0.101731
11,simd-v0,59,0.015199
11,393435,59,0.008927
11,KACTL,60,0.102782
11,simd-v0,60,0.015158
11,393435,60,0.008906
11,ours-406478,60,0.005922
11,simd-v0,61,0.015209
11,393435,61,0.018054
11,ours-406478,61,0.005931
11,KACTL,61,0.101920
11,393435,62,0.008996
11,ours-406478,62,0.006042
11,KACTL,62,0.102071
11,simd-v0,62,0.015309
11,ours-406478,63,0.005911
11,KACTL,63,0.101760
11,simd-v0,63,0.015108
11,393435,63,0.008927
11,KACTL,64,0.101851
11,simd-v0,64,0.015179
11,393435,64,0.008907
11,ours-406478,64,0.005922
11,simd-v0,65,0.015309
11,393435,65,0.008917
11,ours-406478,65,0.005912
11,KACTL,65,0.101821
11,393435,66,0.008906
11,ours-406478,66,0.005911
11,KACTL,66,0.101911
11,simd-v0,66,0.015218
11,ours-406478,67,0.005891
11,KACTL,67,0.102632
11,simd-v0,67,0.015229
11,393435,67,0.008907
11,KACTL,68,0.112711
11,simd-v0,68,0.015229
11,393435,68,0.008957
11,ours-406478,68,0.006041
11,simd-v0,69,0.015218
11,393435,69,0.008927
11,ours-406478,69,0.005921
11,KACTL,69,0.101761
11,393435,70,0.008926
11,ours-406478,70,0.005911
11,KACTL,70,0.101940
11,simd-v0,70,0.015209
11,ours-406478,71,0.005921
11,KACTL,71,0.101720
11,simd-v0,71,0.015208
11,393435,71,0.008916
11,KACTL,72,0.102001
11,simd-v0,72,0.015158
11,393435,72,0.008907
11,ours-406478,72,0.005922
11,simd-v0,73,0.015139
11,393435,73,0.008977
11,ours-406478,73,0.005891
11,KACTL,73,0.102181
11,393435,74,0.008886
11,ours-406478,74,0.005901
11,KACTL,74,0.101971
11,simd-v0,74,0.015319
11,ours-406478,75,0.005921
11,KACTL,75,0.111399
11,simd-v0,75,0.015289
11,393435,75,0.008967
11,KACTL,76,0.102071
11,simd-v0,76,0.015168
11,393435,76,0.008906
11,ours-406478,76,0.006021
11,simd-v0,77,0.015108
11,393435,77,0.008937
11,ours-406478,77,0.005931
11,KACTL,77,0.101831
11,393435,78,0.008926
11,ours-406478,78,0.006011
11,KACTL,78,0.101921
11,simd-v0,78,0.015199
11,ours-406478,79,0.005982
11,KACTL,79,0.101791
11,simd-v0,79,0.015209
11,393435,79,0.008937
11,KACTL,80,0.101911
11,simd-v0,80,0.015298
11,393435,80,0.008876
11,ours-406478,80,0.005911
11,simd-v0,81,0.021089
11,393435,81,0.012173
11,ours-406478,81,0.007524
11,KACTL,81,0.126367
11,393435,82,0.009227
11,ours-406478,82,0.006131
11,KACTL,82,0.113754
11,simd-v0,82,0.015359
11,ours-406478,83,0.006021
11,KACTL,83,0.101881
11,simd-v0,83,0.015228
11,393435,83,0.009067
11,KACTL,84,0.102011
11,simd-v0,84,0.015149
11,393435,84,0.008887
11,ours-406478,84,0.005961
11,simd-v0,85,0.015218
11,393435,85,0.008916
11,ours-406478,85,0.005901
11,KACTL,85,0.101811
11,393435,86,0.008947
11,ours-406478,86,0.005891
11,KACTL,86,0.101931
11,simd-v0,86,0.015178
11,ours-406478,87,0.005891
11,KACTL,87,0.101741
11,simd-v0,87,0.015139
11,393435,87,0.008917
11,KACTL,88,0.101921
11,simd-v0,88,0.015259
11,393435,88,0.008897
11,ours-406478,88,0.005911
11,simd-v0,89,0.015149
11,393435,89,0.009758
11,ours-406478,89,0.005911
11,KACTL,89,0.111029
11,393435,90,0.008926
11,ours-406478,90,0.005971
11,KACTL,90,0.101912
11,simd-v0,90,0.015249
11,ours-406478,91,0.005901
11,KACTL,91,0.101731
11,simd-v0,91,0.015199
11,393435,91,0.008917
11,KACTL,92,0.102032
11,simd-v0,92,0.015159
11,393435,92,0.008897
11,ours-406478,92,0.005942
11,simd-v0,93,0.015128
11,393435,93,0.008977
11,ours-406478,93,0.005921
11,KACTL,93,0.101771
11,393435,94,0.008907
11,ours-406478,94,0.005992
11,KACTL,94,0.101962
11,simd-v0,94,0.015349
11,ours-406478,95,0.005901
11,KACTL,95,0.101861
11,simd-v0,95,0.015288
11,393435,95,0.008886
11,KACTL,96,0.102762
11,simd-v0,96,0.015269
11,393435,96,0.008887
11,ours-406478,96,0.005921
11,simd-v0,97,0.015188
11,393435,97,0.008916
11,ours-406478,97,0.005941
11,KACTL,97,0.110929
11,393435,98,0.009066
11,ours-406478,98,0.006132
11,KACTL,98,0.101781
11,simd-v0,98,0.015208
11,ours-406478,99,0.005961
11,KACTL,99,0.101771
11,simd-v0,99,0.015188
11,393435,99,0.008987
11,KACTL,100,0.102032
11,simd-v0,100,0.015259
11,393435,100,0.008897
11,ours-406478,100,0.005931
11,simd-v0,101,0.015189
11,393435,101,0.008937
11,ours-406478,101,0.005932
11,KACTL,101,0.101811
11,393435,102,0.008926
11,ours-406478,102,0.005911
11,KACTL,102,0.102101
11,simd-v0,102,0.015209
11,ours-406478,103,0.005911
11,KACTL,103,0.101761
11,simd-v0,103,0.015208
11,393435,103,0.008886
11,KACTL,104,0.110878
11,simd-v0,104,0.015178
11,393435,104,0.009077
11,ours-406478,104,0.006001
11,simd-v0,105,0.015148
11,393435,105,0.008937
11,ours-406478,105,0.005941
11,KACTL,105,0.101921
11,393435,106,0.008966
11,ours-406478,106,0.006002
11,KACTL,106,0.101991
11,simd-v0,106,0.015278
11,ours-406478,107,0.005921
11,KACTL,107,0.101770
11,simd-v0,107,0.015229
11,393435,107,0.008937
11,KACTL,108,0.102022
11,simd-v0,108,0.015179
11,393435,108,0.008987
11,ours-406478,108,0.005911
11,simd-v0,109,0.015209
11,393435,109,0.008937
11,ours-406478,109,0.005901
11,KACTL,109,0.101751
11,393435,110,0.008926
11,ours-406478,110,0.005921
11,KACTL,110,0.102022
11,simd-v0,110,0.015199
11,ours-406478,111,0.005911
11,KACTL,111,0.101861
11,simd-v0,111,0.025487
11,393435,111,0.008967
11,KACTL,112,0.102031
11,simd-v0,112,0.015138
11,393435,112,0.008967
11,ours-406478,112,0.006051
11,simd-v0,113,0.015228
11,393435,113,0.008906
11,ours-406478,113,0.005901
11,KACTL,113,0.101781
11,393435,114,0.008917
11,ours-406478,114,0.005891
11,KACTL,114,0.102001
11,simd-v0,114,0.015268
11,ours-406478,115,0.005891
11,KACTL,115,0.101670
11,simd-v0,115,0.018434
11,393435,115,0.008977
11,KACTL,116,0.101911
11,simd-v0,116,0.015189
11,393435,116,0.008897
11,ours-406478,116,0.005951
11,simd-v0,117,0.015229
11,393435,117,0.008916
11,ours-406478,117,0.005901
11,KACTL,117,0.101761
11,393435,118,0.008927
11,ours-406478,118,0.005911
11,KACTL,118,0.101881
11,simd-v0,118,0.015268
11,ours-406478,119,0.005891
11,KACTL,119,0.111219
11,simd-v0,119,0.015188
11,393435,119,0.008977
11,KACTL,120,0.101881
11,simd-v0,120,0.015148
11,393435,120,0.008906
11,ours-406478,120,0.006032
11,simd-v0,121,0.015309
11,393435,121,0.008897
11,ours-406478,121,0.005941
11,KACTL,121,0.101831
11,393435,122,0.008906
11,ours-406478,122,0.005901
11,KACTL,122,0.101981
11,simd-v0,122,0.015279
11,ours-406478,123,0.005921
11,KACTL,123,0.101951
11,simd-v0,123,0.015188
11,393435,123,0.008946
11,KACTL,124,0.102141
11,simd-v0,124,0.015159
11,393435,124,0.008906
11,ours-406478,124,0.005911
11,simd-v0,125,0.015118
11,393435,125,0.008986
11,ours-406478,125,0.005921
11,KACTL,125,0.102523
11,393435,126,0.009007
11,ours-406478,126,0.005901
11,KACTL,126,0.112852
11,simd-v0,126,0.015139
11,ours-406478,127,0.005991
11,KACTL,127,0.101811
11,simd-v0,127,0.015138
11,393435,127,0.008997
11,KACTL,128,0.101731
11,simd-v0,128,0.015248
11,393435,128,0.008917
11,ours-406478,128,0.005931
11,simd-v0,129,0.015159
11,393435,129,0.009017
11,ours-406478,129,0.005941
11,KACTL,129,0.101821
11,393435,130,0.008917
11,ours-406478,130,0.006011
11,KACTL,130,0.102072
11,simd-v0,130,0.015229
11,ours-406478,131,0.005912
11,KACTL,131,0.101691
11,simd-v0,131,0.015219
11,393435,131,0.008947
11,KACTL,132,0.102032
11,simd-v0,132,0.015269
11,393435,132,0.008916
11,ours-406478,132,0.005961
11,simd-v0,133,0.015980
11,393435,133,0.008917
11,ours-406478,133,0.005921
11,KACTL,133,0.110918
11,393435,134,0.008947
11,ours-406478,134,0.006031
11,KACTL,134,0.102092
11,simd-v0,134,0.015289
11,ours-406478,135,0.005981
11,KACTL,135,0.101871
11,simd-v0,135,0.015128
11,393435,135,0.009027
11,KACTL,136,0.101911
11,simd-v0,136,0.015268
11,393435,136,0.008917
11,ours-406478,136,0.005911
11,simd-v0,137,0.015209
11,393435,137,0.008937
11,ours-406478,137,0.005922
11,KACTL,137,0.101881
11,393435,138,0.008937
11,ours-406478,138,0.005901
11,KACTL,138,0.101880
11,simd-v0,138,0.015189
11,ours-406478,139,0.005911
11,KACTL,139,0.101760
11,simd-v0,139,0.015148
11,393435,139,0.008936
11,KACTL,140,0.102863
11,simd-v0,140,0.015118
11,393435,140,0.008907
11,ours-406478,140,0.006022
11,simd-v0,141,0.024216
11,393435,141,0.008916
11,ours-406478,141,0.005931
11,KACTL,141,0.102443
11,393435,142,0.008957
11,ours-406478,142,0.005922
11,KACTL,142,0.101941
11,simd-v0,142,0.015208
11,ours-406478,143,0.005931
11,KACTL,143,0.101861
11,simd-v0,143,0.015189
11,393435,143,0.008937
11,KACTL,144,0.101951
11,simd-v0,144,0.015249
11,393435,144,0.008927
11,ours-406478,144,0.005981
11,simd-v0,145,0.015138
11,393435,145,0.008937
11,ours-406478,145,0.005901
11,KACTL,145,0.101831
11,393435,146,0.008927
11,ours-406478,146,0.005911
11,KACTL,146,0.101931
11,simd-v0,146,0.015258
11,ours-406478,147,0.005911
11,KACTL,147,0.102623
11,simd-v0,147,0.015179
11,393435,147,0.008917
11,KACTL,148,0.110918
11,simd-v0,148,0.015319
11,393435,148,0.008946
11,ours-406478,148,0.006192
11,simd-v0,149,0.015179
11,393435,149,0.008897
11,ours-406478,149,0.005911
11,KACTL,149,0.101781
11,393435,150,0.008936
11,ours-406478,150,0.005901
11,KACTL,150,0.101911
11,simd-v0,150,0.015169
11,ours-406478,151,0.005921
11,KACTL,151,0.101881
11,simd-v0,151,0.015209
11,393435,151,0.008917
11,KACTL,152,0.101942
11,simd-v0,152,0.015239
11,393435,152,0.008887
11,ours-406478,152,0.005900
11,simd-v0,153,0.015249
11,393435,153,0.008927
11,ours-406478,153,0.005931
11,KACTL,153,0.101771
11,393435,154,0.008917
11,ours-406478,154,0.005911
11,KACTL,154,0.101921
11,simd-v0,154,0.015238
11,ours-406478,155,0.005911
11,KACTL,155,0.111650
11,simd-v0,155,0.015228
11,393435,155,0.008966
11,KACTL,156,0.101942
11,simd-v0,156,0.015218
11,393435,156,0.008906
11,ours-406478,156,0.006011
11,simd-v0,157,0.015278
11,393435,157,0.008907
11,ours-406478,157,0.005921
11,KACTL,157,0.101801
11,393435,158,0.008987
11,ours-406478,158,0.005911
11,KACTL,158,0.101891
11,simd-v0,158,0.015218
11,ours-406478,159,0.005901
11,KACTL,159,0.101810
11,simd-v0,159,0.015218
11,393435,159,0.008907
11,KACTL,160,0.101941
11,simd-v0,160,0.015208
11,393435,160,0.008906
11,ours-406478,160,0.005911
11,simd-v0,161,0.015188
11,393435,161,0.008896
11,ours-406478,161,0.006011
11,KACTL,161,0.101831
11,393435,162,0.008917
11,ours-406478,162,0.005901
11,KACTL,162,0.102863
11,simd-v0,162,0.015199
11,ours-406478,163,0.015099
11,KACTL,163,0.101802
11,simd-v0,163,0.015319
11,393435,163,0.008967
11,KACTL,164,0.101971
11,simd-v0,164,0.015229
11,393435,164,0.008897
11,ours-406478,164,0.005941
11,simd-v0,165,0.015149
11,393435,165,0.008907
11,ours-406478,165,0.005942
11,KACTL,165,0.101841
11,393435,166,0.008907
11,ours-406478,166,0.005911
11,KACTL,166,0.101922
11,simd-v0,166,0.015178
11,ours-406478,167,0.005871
11,KACTL,167,0.101740
11,simd-v0,167,0.015279
11,393435,167,0.008977
11,KACTL,168,0.101951
11,simd-v0,168,0.015148
11,393435,168,0.008977
11,ours-406478,168,0.005901
11,simd-v0,169,0.015218
11,393435,169,0.008896
11,ours-406478,169,0.005911
11,KACTL,169,0.102472
11,393435,170,0.008937
11,ours-406478,170,0.005911
11,KACTL,170,0.111159
11,simd-v0,170,0.015179
11,ours-406478,171,0.006001
11,KACTL,171,0.101820
11,simd-v0,171,0.015138
11,393435,171,0.009017
11,KACTL,172,0.101882
11,simd-v0,172,0.015118
11,393435,172,0.008977
11,ours-406478,172,0.005931
11,simd-v0,173,0.015128
11,393435,173,0.008927
11,ours-406478,173,0.005911
11,KACTL,173,0.101821
11,393435,174,0.008926
11,ours-406478,174,0.005911
11,KACTL,174,0.101931
11,simd-v0,174,0.015139
11,ours-406478,175,0.005921
11,KACTL,175,0.101821
11,simd-v0,175,0.015088
11,393435,175,0.008927
11,KACTL,176,0.101891
11,simd-v0,176,0.015168
11,393435,176,0.008896
11,ours-406478,176,0.006121
11,simd-v0,177,0.015158
11,393435,177,0.008916
11,ours-406478,177,0.005901
11,KACTL,177,0.110727
11,393435,178,0.008947
11,ours-406478,178,0.006011
11,KACTL,178,0.101800
11,simd-v0,178,0.015288
11,ours-406478,179,0.005911
11,KACTL,179,0.101720
11,simd-v0,179,0.015209
11,393435,179,0.008967
11,KACTL,180,0.102062
11,simd-v0,180,0.015179
11,393435,180,0.008897
11,ours-406478,180,0.005921
11,simd-v0,181,0.015249
11,393435,181,0.008907
11,ours-406478,181,0.005931
11,KACTL,181,0.101841
11,393435,182,0.008897
11,ours-406478,182,0.005892
11,KACTL,182,0.101911
11,simd-v0,182,0.015208
11,ours-406478,183,0.005911
11,KACTL,183,0.101851
11,simd-v0,183,0.015118
11,393435,183,0.008896
11,KACTL,184,0.102712
11,simd-v0,184,0.015088
11,393435,184,0.008937
11,ours-406478,184,0.016221
11,simd-v0,185,0.015239
11,393435,185,0.008956
11,ours-406478,185,0.005931
11,KACTL,185,0.101961
11,393435,186,0.008977
11,ours-406478,186,0.005911
11,KACTL,186,0.101962
11,simd-v0,186,0.015249
11,ours-406478,187,0.005911
11,KACTL,187,0.101680
11,simd-v0,187,0.015349
11,393435,187,0.008927
11,KACTL,188,0.102041
11,simd-v0,188,0.015239
11,393435,188,0.008917
11,ours-406478,188,0.008326
11,simd-v0,189,0.015138
11,393435,189,0.008956
11,ours-406478,189,0.005971
11,KACTL,189,0.119384
11,393435,190,0.009187
11,ours-406478,190,0.006302
11,KACTL,190,0.116097
11,simd-v0,190,0.015419
11,ours-406478,191,0.006161
11,KACTL,191,0.101751
11,simd-v0,191,0.015269
11,393435,191,0.021630
11,KACTL,192,0.102081
11,simd-v0,192,0.015299
11,393435,192,0.009027
11,ours-406478,192,0.006132
11,simd-v0,193,0.015199
11,393435,193,0.008947
11,ours-406478,193,0.005902
11,KACTL,193,0.101831
11,393435,194,0.008916
11,ours-406478,194,0.005921
11,KACTL,194,0.101891
11,simd-v0,194,0.015169
11,ours-406478,195,0.005901
11,KACTL,195,0.101821
11,simd-v0,195,0.015169
11,393435,195,0.008937
11,KACTL,196,0.102061
11,simd-v0,196,0.015249
11,393435,196,0.008887
11,ours-406478,196,0.005991
11,simd-v0,197,0.015239
11,393435,197,0.008907
11,ours-406478,197,0.005921
11,KACTL,197,0.101871
11,393435,198,0.008896
11,ours-406478,198,0.005911
11,KACTL,198,0.101951
11,simd-v0,198,0.015229
11,ours-406478,199,0.005892
11,KACTL,199,0.110918
11,simd-v0,199,0.015279
11,393435,199,0.008957
11,KACTL,200,0.102052
11,simd-v0,200,0.015168
11,393435,200,0.008957
11,ours-406478,200,0.006031
11,simd-v0,201,0.015209
11,393435,201,0.008927
11,ours-406478,201,0.005921
11,KACTL,201,0.101800
11,393435,202,0.008887
11,ours-406478,202,0.005901
11,KACTL,202,0.102101
11,simd-v0,202,0.015148
11,ours-406478,203,0.005900
11,KACTL,203,0.102592
11,simd-v0,203,0.015148
11,393435,203,0.008917
11,KACTL,204,0.101981
11,simd-v0,204,0.015229
11,393435,204,0.008917
11,ours-406478,204,0.005931
11,simd-v0,205,0.015148
11,393435,205,0.008906
11,ours-406478,205,0.005931
11,KACTL,205,0.101811
11,393435,206,0.008987
11,ours-406478,206,0.005921
11,KACTL,206,0.113182
11,simd-v0,206,0.015219
11,ours-406478,207,0.006021
11,KACTL,207,0.102642
11,simd-v0,207,0.015159
11,393435,207,0.009017
11,KACTL,208,0.101911
11,simd-v0,208,0.015209
11,393435,208,0.008897
11,ours-406478,208,0.005921
11,simd-v0,209,0.015078
11,393435,209,0.008977
11,ours-406478,209,0.005911
11,KACTL,209,0.101851
11,393435,210,0.008997
11,ours-406478,210,0.005911
11,KACTL,210,0.102011
11,simd-v0,210,0.015258
11,ours-406478,211,0.005901
11,KACTL,211,0.101770
11,simd-v0,211,0.015289
11,393435,211,0.008967
11,KACTL,212,0.102052
11,simd-v0,212,0.015229
11,393435,212,0.008917
11,ours-406478,212,0.005932
11,simd-v0,213,0.015138
11,393435,213,0.008927
11,ours-406478,213,0.005901
11,KACTL,213,0.110757
11,393435,214,0.008947
11,ours-406478,214,0.006052
11,KACTL,214,0.101962
11,simd-v0,214,0.015189
11,ours-406478,215,0.005891
11,KACTL,215,0.101801
11,simd-v0,215,0.015269
11,393435,215,0.008936
11,KACTL,216,0.101941
11,simd-v0,216,0.015279
11,393435,216,0.008907
11,ours-406478,216,0.005902
11,simd-v0,217,0.015179
11,393435,217,0.008897
11,ours-406478,217,0.005911
11,KACTL,217,0.101841
11,393435,218,0.008947
11,ours-406478,218,0.005911
11,KACTL,218,0.101871
11,simd-v0,218,0.015168
11,ours-406478,219,0.005921
11,KACTL,219,0.101751
11,simd-v0,219,0.015108
11,393435,219,0.008927
11,KACTL,220,0.101921
11,simd-v0,220,0.015169
11,393435,220,0.009027
11,ours-406478,220,0.005921
11,simd-v0,221,0.015199
11,393435,221,0.008927
11,ours-406478,221,0.014938
11,KACTL,221,0.101821
11,393435,222,0.008967
11,ours-406478,222,0.005951
11,KACTL,222,0.101901
11,simd-v0,222,0.015309
11,ours-406478,223,0.005891
11,KACTL,223,0.101831
11,simd-v0,223,0.015188
11,393435,223,0.008926
11,KACTL,224,0.101911
11,simd-v0,224,0.015188
11,393435,224,0.008927
11,ours-406478,224,0.005981
11,simd-v0,225,0.015218
11,393435,225,0.008907
11,ours-406478,225,0.005912
11,KACTL,225,0.101891
11,393435,226,0.008917
11,ours-406478,226,0.005911
11,KACTL,226,0.102011
11,simd-v0,226,0.015148
11,ours-406478,227,0.005891
11,KACTL,227,0.101801
11,simd-v0,227,0.015189
11,393435,227,0.009048
11,KACTL,228,0.110878
11,simd-v0,228,0.015188
11,393435,228,0.008967
11,ours-406478,228,0.005971
11,simd-v0,229,0.015128
11,393435,229,0.008916
11,ours-406478,229,0.005941
11,KACTL,229,0.101820
11,393435,230,0.008927
11,ours-406478,230,0.005931
11,KACTL,230,0.102021
11,simd-v0,230,0.015178
11,ours-406478,231,0.005901
11,KACTL,231,0.101811
11,simd-v0,231,0.015239
11,393435,231,0.008926
11,KACTL,232,0.101931
11,simd-v0,232,0.015218
11,393435,232,0.008916
11,ours-406478,232,0.006032
11,simd-v0,233,0.015359
11,393435,233,0.008907
11,ours-406478,233,0.005911
11,KACTL,233,0.101952
11,393435,234,0.008917
11,ours-406478,234,0.005922
11,KACTL,234,0.102022
11,simd-v0,234,0.015219
11,ours-406478,235,0.005911
11,KACTL,235,0.112972
11,simd-v0,235,0.015169
11,393435,235,0.009027
11,KACTL,236,0.102091
11,simd-v0,236,0.015118
11,393435,236,0.008947
11,ours-406478,236,0.006072
11,simd-v0,237,0.015259
11,393435,237,0.008917
11,ours-406478,237,0.005921
11,KACTL,237,0.101691
11,393435,238,0.008927
11,ours-406478,238,0.005931
11,KACTL,238,0.101961
11,simd-v0,238,0.015188
11,ours-406478,239,0.005911
11,KACTL,239,0.101821
11,simd-v0,239,0.015128
11,393435,239,0.008906
11,KACTL,240,0.101961
11,simd-v0,240,0.015128
11,393435,240,0.008887
11,ours-406478,240,0.005921
11,simd-v0,241,0.015148
11,393435,241,0.009007
11,ours-406478,241,0.005931
11,KACTL,241,0.101831
11,393435,242,0.008907
11,ours-406478,242,0.005952
11,KACTL,242,0.102763
11,simd-v0,242,0.015189
11,ours-406478,243,0.005912
11,KACTL,243,0.111800
11,simd-v0,243,0.015278
11,393435,243,0.008956
11,KACTL,244,0.101911
11,simd-v0,244,0.015138
11,393435,244,0.008926
11,ours-406478,244,0.006031
11,simd-v0,245,0.015228
11,393435,245,0.008946
11,ours-406478,245,0.005991
11,KACTL,245,0.101811
11,393435,246,0.008927
11,ours-406478,246,0.005992
11,KACTL,246,0.101961
11,simd-v0,246,0.015189
11,ours-406478,247,0.006001
11,KACTL,247,0.101701
11,simd-v0,247,0.015199
11,393435,247,0.009017
11,KACTL,248,0.101941
11,simd-v0,248,0.015209
11,393435,248,0.008967
11,ours-406478,248,0.005941
11,simd-v0,249,0.015098
11,393435,249,0.008947
11,ours-406478,249,0.005911
11,KACTL,249,0.102552
11,393435,250,0.008907
11,ours-406478,250,0.005921
11,KACTL,250,0.111489
11,simd-v0,250,0.015279
11,ours-406478,251,0.006022
11,KACTL,251,0.101811
11,simd-v0,251,0.015148
11,393435,251,0.009077
11,KACTL,252,0.102011
11,simd-v0,252,0.015198
11,393435,252,0.009006
11,ours-406478,252,0.005921
11,simd-v0,253,0.015128
11,393435,253,0.008907
11,ours-406478,253,0.005911
11,KACTL,253,0.101901
11,393435,254,0.008937
11,ours-406478,254,0.005911
11,KACTL,254,0.101921
11,simd-v0,254,0.015169
11,ours-406478,255,0.005911
11,KACTL,255,0.101841
11,simd-v0,255,0.015169
11,393435,255,0.008937
11,KACTL,256,0.102002
11,simd-v0,256,0.015118
11,393435,256,0.008936
11,ours-406478,256,0.006012
11,simd-v0,257,0.015128
11,393435,257,0.008897
11,ours-406478,257,0.005912
11,KACTL,257,0.111048
11,393435,258,0.008947
11,ours-406478,258,0.005951
11,KACTL,258,0.102041
11,simd-v0,258,0.015238
11,ours-406478,259,0.005900
11,KACTL,259,0.101801
11,simd-v0,259,0.015178
11,393435,259,0.008927
11,KACTL,260,0.101901
11,simd-v0,260,0.015198
11,393435,260,0.008907
11,ours-406478,260,0.005901
11,simd-v0,261,0.015219
11,393435,261,0.008947
11,ours-406478,261,0.005901
11,KACTL,261,0.104696
11,393435,262,0.008927
11,ours-406478,262,0.005951
11,KACTL,262,0.102002
11,simd-v0,262,0.015209
11,ours-406478,263,0.005891
11,KACTL,263,0.101800
11,simd-v0,263,0.015188
11,393435,263,0.008927
11,KACTL,264,0.101891
11,simd-v0,264,0.015158
11,393435,264,0.008876
11,ours-406478,264,0.005931
11,simd-v0,265,0.024476
11,393435,265,0.008947
11,ours-406478,265,0.005982
11,KACTL,265,0.101811
11,393435,266,0.008936
11,ours-406478,266,0.005871
11,KACTL,266,0.101811
11,simd-v0,266,0.015179
11,ours-406478,267,0.005891
11,KACTL,267,0.101731
11,simd-v0,267,0.015259
11,393435,267,0.008957
11,KACTL,268,0.101871
11,simd-v0,268,0.015159
11,393435,268,0.009007
11,ours-406478,268,0.005911
11,simd-v0,269,0.015168
11,393435,269,0.008946
11,ours-406478,269,0.005901
11,KACTL,269,0.101782
11,393435,270,0.009017
11,ours-406478,270,0.005900
11,KACTL,270,0.101901
11,simd-v0,270,0.015328
11,ours-406478,271,0.005901
11,KACTL,271,0.101590
11,simd-v0,271,0.015339
11,393435,271,0.008907
11,KACTL,272,0.111189
11,simd-v0,272,0.015218
11,393435,272,0.009037
11,ours-406478,272,0.006001
11,simd-v0,273,0.015228
11,393435,273,0.008987
11,ours-406478,273,0.005911
11,KACTL,273,0.101821
11,393435,274,0.008917
11,ours-406478,274,0.005992
11,KACTL,274,0.101871
11,simd-v0,274,0.015259
11,ours-406478,275,0.005940
11,KACTL,275,0.101751
11,simd-v0,275,0.015228
11,393435,275,0.009057
11,KACTL,276,0.101931
11,simd-v0,276,0.015218
11,393435,276,0.008887
11,ours-406478,276,0.005921
11,simd-v0,277,0.015128
11,393435,277,0.008896
11,ours-406478,277,0.006021
11,KACTL,277,0.101701
11,393435,278,0.008947
11,ours-406478,278,0.005901
11,KACTL,278,0.101941
11,simd-v0,278,0.015159
11,ours-406478,279,0.005891
11,KACTL,279,0.112571
11,simd-v0,279,0.015309
11,393435,279,0.008947
11,KACTL,280,0.101882
11,simd-v0,280,0.015269
11,393435,280,0.008937
11,ours-406478,280,0.006022
11,simd-v0,281,0.015129
11,393435,281,0.008937
11,ours-406478,281,0.005911
11,KACTL,281,0.101711
11,393435,282,0.008917
11,ours-406478,282,0.005911
11,KACTL,282,0.101901
11,simd-v0,282,0.015118
11,ours-406478,283,0.005892
11,KACTL,283,0.101801
11,simd-v0,283,0.015199
11,393435,283,0.008977
11,KACTL,284,0.102001
11,simd-v0,284,0.015108
11,393435,284,0.009027
11,ours-406478,284,0.005921
11,simd-v0,285,0.015198
11,393435,285,0.008927
11,ours-406478,285,0.005921
11,KACTL,285,0.101691
11,393435,286,0.008907
11,ours-406478,286,0.005921
11,KACTL,286,0.101962
11,simd-v0,286,0.032832
11,ours-406478,287,0.008907
11,KACTL,287,0.101941
11,simd-v0,287,0.015278
11,393435,287,0.009157
11,KACTL,288,0.101901
11,simd-v0,288,0.015229
11,393435,288,0.008907
11,ours-406478,288,0.006011
11,simd-v0,289,0.015189
11,393435,289,0.008897
11,ours-406478,289,0.005920
11,KACTL,289,0.101691
11,393435,290,0.008907
11,ours-406478,290,0.005911
11,KACTL,290,0.101801
11,simd-v0,290,0.015920
11,ours-406478,291,0.005901
11,KACTL,291,0.101801
11,simd-v0,291,0.015229
11,393435,291,0.008897
11,KACTL,292,0.101821
11,simd-v0,292,0.015168
11,393435,292,0.008896
11,ours-406478,292,0.005981
11,simd-v0,293,0.015198
11,393435,293,0.008906
11,ours-406478,293,0.005891
11,KACTL,293,0.101801
11,393435,294,0.008926
11,ours-406478,294,0.005871
11,KACTL,294,0.112010
11,simd-v0,294,0.015178
11,ours-406478,295,0.005981
11,KACTL,295,0.102062
11,simd-v0,295,0.015209
11,393435,295,0.008977
11,KACTL,296,0.101941
11,simd-v0,296,0.015129
11,393435,296,0.008897
11,ours-406478,296,0.005992
11,simd-v0,297,0.015209
11,393435,297,0.008917
11,ours-406478,297,0.005931
11,KACTL,297,0.101831
11,393435,298,0.008947
11,ours-406478,298,0.005891
11,KACTL,298,0.101862
11,simd-v0,298,0.015248
11,ours-406478,299,0.005881
11,KACTL,299,0.101691
11,simd-v0,299,0.015168
11,393435,299,0.008896
11,KACTL,300,0.101841
11,simd-v0,300,0.015199
11,393435,300,0.008867
11,ours-406478,300,0.005951
11,simd-v0,301,0.015259
11,393435,301,0.009688
11,ours-406478,301,0.005891
11,KACTL,301,0.110778
11,393435,302,0.008937
11,ours-406478,302,0.006001
11,KACTL,302,0.102011
11,simd-v0,302,0.015289
11,ours-406478,303,0.005901
11,KACTL,303,0.101721
11,simd-v0,303,0.015119
11,393435,303,0.008957
11,KACTL,304,0.101871
11,simd-v0,304,0.015238
11,393435,304,0.008896
11,ours-406478,304,0.005941
11,simd-v0,305,0.015158
11,393435,305,0.008977
11,ours-406478,305,0.005911
11,KACTL,305,0.101671
11,393435,306,0.008967
11,ours-406478,306,0.005881
11,KACTL,306,0.102032
11,simd-v0,306,0.015319
11,ours-406478,307,0.005911
11,KACTL,307,0.101741
11,simd-v0,307,0.015299
11,393435,307,0.008927
11,KACTL,308,0.102712
11,simd-v0,308,0.024145
11,393435,308,0.008957
11,ours-406478,308,0.005952
11,simd-v0,309,0.015169
11,393435,309,0.009007
11,ours-406478,309,0.005921
11,KACTL,309,0.102031
11,393435,310,0.008886
11,ours-406478,310,0.006001
11,KACTL,310,0.101921
11,simd-v0,310,0.015229
11,ours-406478,311,0.005911
11,KACTL,311,0.101701
11,simd-v0,311,0.015238
11,393435,311,0.008937
11,KACTL,312,0.101871
11,simd-v0,312,0.015259
11,393435,312,0.008897
11,ours-406478,312,0.005922
11,simd-v0,313,0.015229
11,393435,313,0.008897
11,ours-406478,313,0.005932
11,KACTL,313,0.101771
11,393435,314,0.008946
11,ours-406478,314,0.005921
11,KACTL,314,0.101821
11,simd-v0,314,0.015168
11,ours-406478,315,0.005931
11,KACTL,315,0.102493
11,simd-v0,315,0.015129
11,393435,315,0.008907
11,KACTL,316,0.111750
11,simd-v0,316,0.015338
11,393435,316,0.008967
11,ours-406478,316,0.006022
11,simd-v0,317,0.015188
11,393435,317,0.008926
11,ours-406478,317,0.005981
11,KACTL,317,0.101831
11,393435,318,0.008926
11,ours-406478,318,0.005902
11,KACTL,318,0.101791
11,simd-v0,318,0.015168
11,ours-406478,319,0.005932
11,KACTL,319,0.101741
11,simd-v0,319,0.015149
11,393435,319,0.008927
11,KACTL,320,0.102011
11,simd-v0,320,0.015129
11,393435,320,0.008997
11,ours-406478,320,0.005932
11,simd-v0,321,0.015219
11,393435,321,0.008967
11,ours-406478,321,0.005911
11,KACTL,321,0.101661
11,393435,322,0.008907
11,ours-406478,322,0.005911
11,KACTL,322,0.101881
11,simd-v0,322,0.015188
11,ours-406478,323,0.005922
11,KACTL,323,0.112792
11,simd-v0,323,0.015228
11,393435,323,0.009007
11,KACTL,324,0.101902
11,simd-v0,324,0.015148
11,393435,324,0.008967
11,ours-406478,324,0.006031
11,simd-v0,325,0.015218
11,393435,325,0.008927
11,ours-406478,325,0.005911
11,KACTL,325,0.101781
11,393435,326,0.008917
11,ours-406478,326,0.005911
11,KACTL,326,0.101861
11,simd-v0,326,0.015248
11,ours-406478,327,0.005901
11,KACTL,327,0.102082
11,simd-v0,327,0.015149
11,393435,327,0.008917
11,KACTL,328,0.101882
11,simd-v0,328,0.015209
11,393435,328,0.008897
11,ours-406478,328,0.005911
11,simd-v0,329,0.015158
11,393435,329,0.008906
11,ours-406478,329,0.005901
11,KACTL,329,0.101801
11,393435,330,0.008936
11,ours-406478,330,0.005901
11,KACTL,330,0.111689
11,simd-v0,330,0.015139
11,ours-406478,331,0.005921
11,KACTL,331,0.101751
11,simd-v0,331,0.015119
11,393435,331,0.009007
11,KACTL,332,0.101922
11,simd-v0,332,0.015128
11,393435,332,0.008927
11,ours-406478,332,0.005931
11,simd-v0,333,0.015289
11,393435,333,0.008896
11,ours-406478,333,0.005931
11,KACTL,333,0.101741
11,393435,334,0.008947
11,ours-406478,334,0.005891
11,KACTL,334,0.104526
11,simd-v0,334,0.015208
11,ours-406478,335,0.005900
11,KACTL,335,0.101721
11,simd-v0,335,0.015228
11,393435,335,0.008937
11,KACTL,336,0.101831
11,simd-v0,336,0.015219
11,393435,336,0.008907
11,ours-406478,336,0.005922
11,simd-v0,337,0.015198
11,393435,337,0.008977
11,ours-406478,337,0.005921
11,KACTL,337,0.102482
11,393435,338,0.009006
11,ours-406478,338,0.005972
11,KACTL,338,0.102072
11,simd-v0,338,0.015289
11,ours-406478,339,0.005911
11,KACTL,339,0.101751
11,simd-v0,339,0.015219
11,393435,339,0.008977
11,KACTL,340,0.101831
11,simd-v0,340,0.015139
11,393435,340,0.008897
11,ours-406478,340,0.005921
11,simd-v0,341,0.015168
11,393435,341,0.008957
11,ours-406478,341,0.006011
11,KACTL,341,0.101601
11,393435,342,0.008887
11,ours-406478,342,0.005921
11,KACTL,342,0.102121
11,simd-v0,342,0.015208
11,ours-406478,343,0.005971
11,KACTL,343,0.101741
11,simd-v0,343,0.015258
11,393435,343,0.008977
11,KACTL,344,0.102022
11,simd-v0,344,0.015218
11,393435,344,0.008896
11,ours-406478,344,0.005941
11,simd-v0,345,0.015108
11,393435,345,0.008907
11,ours-406478,345,0.005901
11,KACTL,345,0.110737
11,393435,346,0.008957
11,ours-406478,346,0.005981
11,KACTL,346,0.101861
11,simd-v0,346,0.015228
11,ours-406478,347,0.005901
11,KACTL,347,0.101741
11,simd-v0,347,0.015188
11,393435,347,0.008996
11,KACTL,348,0.101841
11,simd-v0,348,0.015159
11,393435,348,0.008987
11,ours-406478,348,0.005922
11,simd-v0,349,0.015179
11,393435,349,0.008947
11,ours-406478,349,0.005922
11,KACTL,349,0.101691
11,393435,350,0.008887
11,ours-406478,350,0.005911
11,KACTL,350,0.101861
11,simd-v0,350,0.015208
11,ours-406478,351,0.005881
11,KACTL,351,0.101711
11,simd-v0,351,0.015138
11,393435,351,0.008917
11,KACTL,352,0.111449
11,simd-v0,352,0.015198
11,393435,352,0.009027
11,ours-406478,352,0.005992
11,simd-v0,353,0.015259
11,393435,353,0.008917
11,ours-406478,353,0.005931
11,KACTL,353,0.101811
11,393435,354,0.008897
11,ours-406478,354,0.005932
11,KACTL,354,0.101962
11,simd-v0,354,0.015229
11,ours-406478,355,0.005911
11,KACTL,355,0.101720
11,simd-v0,355,0.015178
11,393435,355,0.008906
11,KACTL,356,0.101851
11,simd-v0,356,0.015098
11,393435,356,0.008897
11,ours-406478,356,0.005931
11,simd-v0,357,0.015249
11,393435,357,0.008947
11,ours-406478,357,0.005902
11,KACTL,357,0.101711
11,393435,358,0.008907
11,ours-406478,358,0.005922
11,KACTL,358,0.101861
11,simd-v0,358,0.015178
11,ours-406478,359,0.005891
11,KACTL,359,0.101811
11,simd-v0,359,0.015278
11,393435,359,0.008987
11,KACTL,360,0.111880
11,simd-v0,360,0.015208
11,393435,360,0.008966
11,ours-406478,360,0.006092
11,simd-v0,361,0.015199
11,393435,361,0.008917
11,ours-406478,361,0.005901
11,KACTL,361,0.101711
11,393435,362,0.008917
11,ours-406478,362,0.005922
11,KACTL,362,0.101871
11,simd-v0,362,0.015179
11,ours-406478,363,0.005902
11,KACTL,363,0.101741
11,simd-v0,363,0.015159
11,393435,363,0.008957
11,KACTL,364,0.101911
11,simd-v0,364,0.015159
11,393435,364,0.008936
11,ours-406478,364,0.005901
11,simd-v0,365,0.015128
11,393435,365,0.008997
11,ours-406478,365,0.005901
11,KACTL,365,0.101681
11,393435,366,0.008987
11,ours-406478,366,0.005911
11,KACTL,366,0.101961
11,simd-v0,366,0.016091
11,ours-406478,367,0.005901
11,KACTL,367,0.110677
11,simd-v0,367,0.015249
11,393435,367,0.008977
11,KACTL,368,0.101931
11,simd-v0,368,0.015199
11,393435,368,0.008897
11,ours-406478,368,0.006052
11,simd-v0,369,0.015129
11,393435,369,0.008997
11,ours-406478,369,0.005922
11,KACTL,369,0.101771
11,393435,370,0.008937
11,ours-406478,370,0.005971
11,KACTL,370,0.101921
11,simd-v0,370,0.015179
11,ours-406478,371,0.005891
11,KACTL,371,0.101631
11,simd-v0,371,0.015229
11,393435,371,0.008977
11,KACTL,372,0.101871
11,simd-v0,372,0.015269
11,393435,372,0.008906
11,ours-406478,372,0.005911
11,simd-v0,373,0.015288
11,393435,373,0.008926
11,ours-406478,373,0.005931
11,KACTL,373,0.101831
11,393435,374,0.008947
11,ours-406478,374,0.005912
11,KACTL,374,0.111609
11,simd-v0,374,0.015179
11,ours-406478,375,0.006012
11,KACTL,375,0.101721
11,simd-v0,375,0.015189
11,393435,375,0.009107
11,KACTL,376,0.101791
11,simd-v0,376,0.015299
11,393435,376,0.008896
11,ours-406478,376,0.005931
11,simd-v0,377,0.015108
11,393435,377,0.008897
11,ours-406478,377,0.005901
11,KACTL,377,0.101691
11,393435,378,0.008917
11,ours-406478,378,0.005911
11,KACTL,378,0.102001
11,simd-v0,378,0.015148
11,ours-406478,379,0.005911
11,KACTL,379,0.101710
11,simd-v0,379,0.015148
11,393435,379,0.008927
11,KACTL,380,0.101851
11,simd-v0,380,0.015229
11,393435,380,0.008937
11,ours-406478,380,0.006002
11,simd-v0,381,0.015139
11,393435,381,0.008917
11,ours-406478,381,0.005911
11,KACTL,381,0.120957
11,393435,382,0.012403
11,ours-406478,382,0.008286
11,KACTL,382,0.120235
11,simd-v0,382,0.015499
11,ours-406478,383,0.006191
11,KACTL,383,0.101781
11,simd-v0,383,0.015178
11,393435,383,0.009157
11,KACTL,384,0.101902
11,simd-v0,384,0.015149
11,393435,384,0.008906
11,ours-406478,384,0.005931
11,simd-v0,385,0.015128
11,393435,385,0.008887
11,ours-406478,385,0.005921
11,KACTL,385,0.101770
11,393435,386,0.008907
11,ours-406478,386,0.005981
11,KACTL,386,0.101931
11,simd-v0,386,0.015199
11,ours-406478,387,0.005982
11,KACTL,387,0.101711
11,simd-v0,387,0.015199
11,393435,387,0.008926
11,KACTL,388,0.101841
11,simd-v0,388,0.015199
11,393435,388,0.008917
11,ours-406478,388,0.005901
11,simd-v0,389,0.027431
11,393435,389,0.008977
11,ours-406478,389,0.006101
11,KACTL,389,0.101871
11,393435,390,0.008917
11,ours-406478,390,0.005971
11,KACTL,390,0.101800
11,simd-v0,390,0.015269
11,ours-406478,391,0.005961
11,KACTL,391,0.101701
11,simd-v0,391,0.015199
11,393435,391,0.009007
11,KACTL,392,0.101912
11,simd-v0,392,0.015209
11,393435,392,0.008917
11,ours-406478,392,0.005921
11,simd-v0,393,0.015228
11,393435,393,0.008896
11,ours-406478,393,0.005901
11,KACTL,393,0.101690
11,393435,394,0.008887
11,ours-406478,394,0.005911
11,KACTL,394,0.102021
11,simd-v0,394,0.015238
11,ours-406478,395,0.005901
11,KACTL,395,0.101681
11,simd-v0,395,0.015158
11,393435,395,0.008937
11,KACTL,396,0.112100
11,simd-v0,396,0.015199
11,393435,396,0.009057
11,ours-406478,396,0.005981
11,simd-v0,397,0.015149
11,393435,397,0.008927
11,ours-406478,397,0.005901
11,KACTL,397,0.101851
11,393435,398,0.008917
11,ours-406478,398,0.005941
11,KACTL,398,0.101860
11,simd-v0,398,0.015148
11,ours-406478,399,0.005901
11,KACTL,399,0.101650
11,simd-v0,399,0.015128
11,393435,399,0.008946
11,KACTL,400,0.101871
11,simd-v0,400,0.015109
11,393435,400,0.008907
11,ours-406478,400,0.006002
11,simd-v0,401,0.015149
11,393435,401,0.008917
11,ours-406478,401,0.005991
11,KACTL,401,0.101711
11,393435,402,0.008996
11,ours-406478,402,0.005921
11,KACTL,402,0.101862
11,simd-v0,402,0.015289
11,ours-406478,403,0.005902
11,KACTL,403,0.113373
11,simd-v0,403,0.015278
11,393435,403,0.008997
11,KACTL,404,0.101902
11,simd-v0,404,0.015128
11,393435,404,0.008976
11,ours-406478,404,0.006021
11,simd-v0,405,0.015148
11,393435,405,0.008947
11,ours-406478,405,0.005911
11,KACTL,405,0.101690
11,393435,406,0.008927
11,ours-406478,406,0.005901
11,KACTL,406,0.101851
11,simd-v0,406,0.015269
11,ours-406478,407,0.005911
11,KACTL,407,0.104717
11,simd-v0,407,0.015219
11,393435,407,0.008927
11,KACTL,408,0.101992
11,simd-v0,408,0.015149
11,393435,408,0.008897
11,ours-406478,408,0.005951
11,simd-v0,409,0.015218
11,393435,409,0.008897
11,ours-406478,409,0.005911
11,KACTL,409,0.101821
11,393435,410,0.008937
11,ours-406478,410,0.005912
11,KACTL,410,0.102653
11,simd-v0,410,0.024857
11,ours-406478,411,0.005951
11,KACTL,411,0.101780
11,simd-v0,411,0.015168
11,393435,411,0.009007
11,KACTL,412,0.101840
11,simd-v0,412,0.015128
11,393435,412,0.008937
11,ours-406478,412,0.005941
11,simd-v0,413,0.015248
11,393435,413,0.008937
11,ours-406478,413,0.005921
11,KACTL,413,0.101680
11,393435,414,0.008887
11,ours-406478,414,0.005911
11,KACTL,414,0.101922
11,simd-v0,414,0.015159
11,ours-406478,415,0.005901
11,KACTL,415,0.101681
11,simd-v0,415,0.015169
11,393435,415,0.008906
11,KACTL,416,0.101921
11,simd-v0,416,0.015128
11,393435,416,0.008906
11,ours-406478,416,0.005921
11,simd-v0,417,0.015168
11,393435,417,0.008997
11,ours-406478,417,0.005891
11,KACTL,417,0.101711
11,393435,418,0.008927
11,ours-406478,418,0.005991
11,KACTL,418,0.111259
11,simd-v0,418,0.015289
11,ours-406478,419,0.005972
11,KACTL,419,0.101761
11,simd-v0,419,0.015198
11,393435,419,0.009008
11,KACTL,420,0.101871
11,simd-v0,420,0.015208
11,393435,420,0.008917
11,ours-406478,420,0.005931
11,simd-v0,421,0.015119
11,393435,421,0.008937
11,ours-406478,421,0.006002
11,KACTL,421,0.101691
11,393435,422,0.008907
11,ours-406478,422,0.005991
11,KACTL,422,0.101871
11,simd-v0,422,0.015209
11,ours-406478,423,0.006011
11,KACTL,423,0.101791
11,simd-v0,423,0.015129
11,393435,423,0.009047
11,KACTL,424,0.101821
11,simd-v0,424,0.015229
11,393435,424,0.008917
11,ours-406478,424,0.005941
11,simd-v0,425,0.015128
11,393435,425,0.008926
11,ours-406478,425,0.005921
11,KACTL,425,0.111219
11,393435,426,0.008927
11,ours-406478,426,0.006021
11,KACTL,426,0.101992
11,simd-v0,426,0.015229
11,ours-406478,427,0.005901
11,KACTL,427,0.101731
11,simd-v0,427,0.015148
11,393435,427,0.009017
11,KACTL,428,0.101811
11,simd-v0,428,0.015098
11,393435,428,0.008976
11,ours-406478,428,0.005901
11,simd-v0,429,0.015239
11,393435,429,0.008917
11,ours-406478,429,0.005922
11,KACTL,429,0.101801
11,393435,430,0.008917
11,ours-406478,430,0.005931
11,KACTL,430,0.101860
11,simd-v0,430,0.015229
11,ours-406478,431,0.005901
11,KACTL,431,0.101801
11,simd-v0,431,0.015169
11,393435,431,0.008927
11,KACTL,432,0.101932
11,simd-v0,432,0.024085
11,393435,432,0.008997
11,ours-406478,432,0.006001
11,simd-v0,433,0.015199
11,393435,433,0.008927
11,ours-406478,433,0.005911
11,KACTL,433,0.101791
11,393435,434,0.008947
11,ours-406478,434,0.005911
11,KACTL,434,0.101881
11,simd-v0,434,0.015249
11,ours-406478,435,0.005921
11,KACTL,435,0.101650
11,simd-v0,435,0.015118
11,393435,435,0.008976
11,KACTL,436,0.101911
11,simd-v0,436,0.015209
11,393435,436,0.008947
11,ours-406478,436,0.005912
11,simd-v0,437,0.015269
11,393435,437,0.008927
11,ours-406478,437,0.005922
11,KACTL,437,0.101691
11,393435,438,0.008897
11,ours-406478,438,0.005961
11,KACTL,438,0.101901
11,simd-v0,438,0.015278
11,ours-406478,439,0.005911
11,KACTL,439,0.101700
11,simd-v0,439,0.015088
11,393435,439,0.008947
11,KACTL,440,0.111850
11,simd-v0,440,0.015168
11,393435,440,0.008956
11,ours-406478,440,0.005971
11,simd-v0,441,0.015238
11,393435,441,0.008926
11,ours-406478,441,0.005921
11,KACTL,441,0.101700
11,393435,442,0.008947
11,ours-406478,442,0.005921
11,KACTL,442,0.101901
11,simd-v0,442,0.015199
11,ours-406478,443,0.005902
11,KACTL,443,0.101701
11,simd-v0,443,0.015139
11,393435,443,0.008927
11,KACTL,444,0.102031
11,simd-v0,444,0.015268
11,393435,444,0.008926
11,ours-406478,444,0.005961
11,simd-v0,445,0.015198
11,393435,445,0.008996
11,ours-406478,445,0.005901
11,KACTL,445,0.101600
11,393435,446,0.009007
11,ours-406478,446,0.005911
11,KACTL,446,0.101861
11,simd-v0,446,0.015319
11,ours-406478,447,0.005902
11,KACTL,447,0.112561
11,simd-v0,447,0.015259
11,393435,447,0.008987
11,KACTL,448,0.101831
11,simd-v0,448,0.015239
11,393435,448,0.008927
11,ours-406478,448,0.006051
11,simd-v0,449,0.015198
11,393435,449,0.008977
11,ours-406478,449,0.005901
11,KACTL,449,0.101760
11,393435,450,0.008937
11,ours-406478,450,0.005891
11,KACTL,450,0.101841
11,simd-v0,450,0.015219
11,ours-406478,451,0.005881
11,KACTL,451,0.101701
11,simd-v0,451,0.015239
11,393435,451,0.008917
11,KACTL,452,0.101911
11,simd-v0,452,0.015309
11,393435,452,0.008937
11,ours-406478,452,0.005922
11,simd-v0,453,0.015219
11,393435,453,0.008917
11,ours-406478,453,0.005941
11,KACTL,453,0.101641
11,393435,454,0.008937
11,ours-406478,454,0.005911
11,KACTL,454,0.111238
11,simd-v0,454,0.015169
11,ours-406478,455,0.006011
11,KACTL,455,0.101741
11,simd-v0,455,0.015178
11,393435,455,0.009068
11,KACTL,456,0.101901
11,simd-v0,456,0.015259
11,393435,456,0.008916
11,ours-406478,456,0.005951
11,simd-v0,457,0.015199
11,393435,457,0.008906
11,ours-406478,457,0.005921
11,KACTL,457,0.101690
11,393435,458,0.008896
11,ours-406478,458,0.005911
11,KACTL,458,0.101891
11,simd-v0,458,0.015259
11,ours-406478,459,0.005891
11,KACTL,459,0.101741
11,simd-v0,459,0.015148
11,393435,459,0.008896
11,KACTL,460,0.101911
11,simd-v0,460,0.015168
11,393435,460,0.008877
11,ours-406478,460,0.006001
11,simd-v0,461,0.015189
11,393435,461,0.008907
11,ours-406478,461,0.005902
11,KACTL,461,0.101691
11,393435,462,0.008927
11,ours-406478,462,0.005902
11,KACTL,462,0.110658
11,simd-v0,462,0.015208
11,ours-406478,463,0.005961
11,KACTL,463,0.101721
11,simd-v0,463,0.015158
11,393435,463,0.009017
11,KACTL,464,0.101961
11,simd-v0,464,0.015168
11,393435,464,0.008886
11,ours-406478,464,0.005951
11,simd-v0,465,0.015188
11,393435,465,0.008926
11,ours-406478,465,0.005911
11,KACTL,465,0.101641
11,393435,466,0.008926
11,ours-406478,466,0.005911
11,KACTL,466,0.101942
11,simd-v0,466,0.015249
11,ours-406478,467,0.005881
11,KACTL,467,0.101691
11,simd-v0,467,0.015219
11,393435,467,0.008937
11,KACTL,468,0.101791
11,simd-v0,468,0.015168
11,393435,468,0.008917
11,ours-406478,468,0.005931
11,simd-v0,469,0.015329
11,393435,469,0.008907
11,ours-406478,469,0.005911
11,KACTL,469,0.112081
11,393435,470,0.008917
11,ours-406478,470,0.006111
11,KACTL,470,0.101901
11,simd-v0,470,0.015258
11,ours-406478,471,0.005902
11,KACTL,471,0.101841
11,simd-v0,471,0.015138
11,393435,471,0.008926
11,KACTL,472,0.101851
11,simd-v0,472,0.015149
11,393435,472,0.008907
11,ours-406478,472,0.005942
11,simd-v0,473,0.015098
11,393435,473,0.009007
11,ours-406478,473,0.005931
11,KACTL,473,0.101690
11,393435,474,0.008967
11,ours-406478,474,0.005922
11,KACTL,474,0.101951
11,simd-v0,474,0.015258
11,ours-406478,475,0.005911
11,KACTL,475,0.101720
11,simd-v0,475,0.015198
11,393435,475,0.008926
11,KACTL,476,0.101981
11,simd-v0,476,0.024105
11,393435,476,0.009298
11,ours-406478,476,0.005972
11,simd-v0,477,0.015169
11,393435,477,0.009037
11,ours-406478,477,0.005921
11,KACTL,477,0.101691
11,393435,478,0.008936
11,ours-406478,478,0.005981
11,KACTL,478,0.101830
11,simd-v0,478,0.015108
11,ours-406478,479,0.005981
11,KACTL,479,0.101691
11,simd-v0,479,0.015148
11,393435,479,0.008917
11,KACTL,480,0.102021
11,simd-v0,480,0.017723
11,393435,480,0.008926
11,ours-406478,480,0.005931
11,simd-v0,481,0.015188
11,393435,481,0.008927
11,ours-406478,481,0.005931
11,KACTL,481,0.101661
11,393435,482,0.008896
11,ours-406478,482,0.005911
11,KACTL,482,0.101941
11,simd-v0,482,0.015139
11,ours-406478,483,0.005921
11,KACTL,483,0.101680
11,simd-v0,483,0.015178
11,393435,483,0.008926
11,KACTL,484,0.111429
11,simd-v0,484,0.015298
11,393435,484,0.008977
11,ours-406478,484,0.006011
11,simd-v0,485,0.015169
11,393435,485,0.008937
11,ours-406478,485,0.005922
11,KACTL,485,0.101741
11,393435,486,0.008936
11,ours-406478,486,0.005971
11,KACTL,486,0.102021
11,simd-v0,486,0.015299
11,ours-406478,487,0.005901
11,KACTL,487,0.101641
11,simd-v0,487,0.015108
11,393435,487,0.008987
11,KACTL,488,0.101891
11,simd-v0,488,0.015198
11,393435,488,0.008966
11,ours-406478,488,0.005921
11,simd-v0,489,0.015238
11,393435,489,0.008947
11,ours-406478,489,0.005901
11,KACTL,489,0.101691
11,393435,490,0.008926
11,ours-406478,490,0.005921
11,KACTL,490,0.101951
11,simd-v0,490,0.015139
11,ours-406478,491,0.005911
11,KACTL,491,0.114975
11,simd-v0,491,0.015198
11,393435,491,0.009137
11,KACTL,492,0.101891
11,simd-v0,492,0.015268
11,393435,492,0.008997
11,ours-406478,492,0.006031
11,simd-v0,493,0.015119
11,393435,493,0.008887
11,ours-406478,493,0.005931
11,KACTL,493,0.101710
11,393435,494,0.008907
11,ours-406478,494,0.005891
11,KACTL,494,0.101921
11,simd-v0,494,0.015218
11,ours-406478,495,0.005901
11,KACTL,495,0.101731
11,simd-v0,495,0.015198
11,393435,495,0.008946
11,KACTL,496,0.101911
11,simd-v0,496,0.015188
11,393435,496,0.008897
11,ours-406478,496,0.005902
11,simd-v0,497,0.015189
11,393435,497,0.008917
11,ours-406478,497,0.005911
11,KACTL,497,0.102031
11,393435,498,0.008917
11,ours-406478,498,0.005901
11,KACTL,498,0.124513
11,simd-v0,498,0.015149
11,ours-406478,499,0.006042
11,KACTL,499,0.101811
11,simd-v0,499,0.015138
11,393435,499,0.009087
11,KACTL,500,0.101961
11,simd-v0,500,0.015139
11,393435,500,0.008907
11,ours-406478,500,0.005911
11,simd-v0,501,0.015179
11,393435,501,0.008917
11,ours-406478,501,0.005911
11,KACTL,501,0.101620
11,393435,502,0.008897
11,ours-406478,502,0.005901
11,KACTL,502,0.101931
11,simd-v0,502,0.015129
11,ours-406478,503,0.005891
11,KACTL,503,0.101691
11,simd-v0,503,0.015138
11,393435,503,0.008927
11,KACTL,504,0.101951
11,simd-v0,504,0.015208
11,393435,504,0.008896
11,ours-406478,504,0.005921
11,simd-v0,505,0.015189
11,393435,505,0.008927
11,ours-406478,505,0.005921
11,KACTL,505,0.112552
11,393435,506,0.008977
11,ours-406478,506,0.005971
11,KACTL,506,0.101851
11,simd-v0,506,0.015369
11,ours-406478,507,0.005911
11,KACTL,507,0.107462
11,simd-v0,507,0.018485
11,393435,507,0.011791
11,KACTL,508,0.128781
11,simd-v0,508,0.017663
11,393435,508,0.012494
11,ours-406478,508,0.009187
11,simd-v0,509,0.017783
11,393435,509,0.011882
11,ours-406478,509,0.008216
11,KACTL,509,0.142307
11,393435,510,0.012924
11,ours-406478,510,0.009177
11,KACTL,510,0.122510
11,simd-v0,510,0.015409
11,ours-406478,511,0.006363
11,KACTL,511,0.101791
11,simd-v0,511,0.015138
11,393435,511,0.009488
11,KACTL,512,0.117120
11,simd-v0,512,0.015199
11,393435,512,0.009037
11,ours-406478,512,0.006082
11,simd-v0,513,0.015128
11,393435,513,0.008896
11,ours-406478,513,0.005911
11,KACTL,513,0.102562
11,393435,514,0.008896
11,ours-406478,514,0.005911
11,KACTL,514,0.102222
11,simd-v0,514,0.015229
11,ours-406478,515,0.005921
11,KACTL,515,0.101891
11,simd-v0,515,0.015118
11,393435,515,0.008917
11,KACTL,516,0.102131
11,simd-v0,516,0.015158
11,393435,516,0.008896
11,ours-406478,516,0.005901
11,simd-v0,517,0.015249
11,393435,517,0.008916
11,ours-406478,517,0.005911
11,KACTL,517,0.101982
11,393435,518,0.008897
11,ours-406478,518,0.005942
11,KACTL,518,0.102082
11,simd-v0,518,0.015169
11,ours-406478,519,0.005881
11,KACTL,519,0.112110
11,simd-v0,519,0.015349
11,393435,519,0.008977
11,KACTL,520,0.102802
11,simd-v0,520,0.015179
11,393435,520,0.008887
11,ours-406478,520,0.006011
11,simd-v0,521,0.015349
11,393435,521,0.008937
11,ours-406478,521,0.005911
11,KACTL,521,0.101931
11,393435,522,0.008917
11,ours-406478,522,0.005931
11,KACTL,522,0.101991
11,simd-v0,522,0.015248
11,ours-406478,523,0.005902
11,KACTL,523,0.101921
11,simd-v0,523,0.015208
11,393435,523,0.008906
11,KACTL,524,0.101981
11,simd-v0,524,0.015128
11,393435,524,0.008917
11,ours-406478,524,0.005901
11,simd-v0,525,0.015219
11,393435,525,0.009028
11,ours-406478,525,0.005911
11,KACTL,525,0.101911
11,393435,526,0.008967
11,ours-406478,526,0.005951
11,KACTL,526,0.124524
11,simd-v0,526,0.015539
11,ours-406478,527,0.006121
11,KACTL,527,0.102212
11,simd-v0,527,0.015088
11,393435,527,0.009157
11,KACTL,528,0.102071
11,simd-v0,528,0.015229
11,393435,528,0.008947
11,ours-406478,528,0.006162
11,simd-v0,529,0.015129
11,393435,529,0.008877
11,ours-406478,529,0.005901
11,KACTL,529,0.101991
11,393435,530,0.008936
11,ours-406478,530,0.005931
11,KACTL,530,0.101991
11,simd-v0,530,0.015258
11,ours-406478,531,0.005911
11,KACTL,531,0.101900
11,simd-v0,531,0.015199
11,393435,531,0.008927
11,KACTL,532,0.102002
11,simd-v0,532,0.015098
11,393435,532,0.008917
11,ours-406478,532,0.005901
11,simd-v0,533,0.015228
11,393435,533,0.008926
11,ours-406478,533,0.005911
11,KACTL,533,0.113674
11,393435,534,0.009768
11,ours-406478,534,0.005972
11,KACTL,534,0.102142
11,simd-v0,534,0.015359
11,ours-406478,535,0.005911
11,KACTL,535,0.101951
11,simd-v0,535,0.015219
11,393435,535,0.008907
11,KACTL,536,0.102111
11,simd-v0,536,0.015178
11,393435,536,0.008907
11,ours-406478,536,0.005901
11,simd-v0,537,0.015309
11,393435,537,0.008897
11,ours-406478,537,0.005911
11,KACTL,537,0.102042
11,393435,538,0.008967
11,ours-406478,538,0.005921
11,KACTL,538,0.101871
11,simd-v0,538,0.015339
11,ours-406478,539,0.005891
11,KACTL,539,0.101931
11,simd-v0,539,0.015259
11,393435,539,0.008936
11,KACTL,540,0.102061
11,simd-v0,540,0.015168
11,393435,540,0.008917
11,ours-406478,540,0.005921
11,simd-v0,541,0.015188
11,393435,541,0.018255
11,ours-406478,541,0.005962
11,KACTL,541,0.101952
11,393435,542,0.009037
11,ours-406478,542,0.005911
11,KACTL,542,0.102092
11,simd-v0,542,0.015259
11,ours-406478,543,0.005892
11,KACTL,543,0.101941
11,simd-v0,543,0.015338
11,393435,543,0.008887
11,KACTL,544,0.102052
11,simd-v0,544,0.015289
11,393435,544,0.008867
11,ours-406478,544,0.005931
11,simd-v0,545,0.015218
11,393435,545,0.008907
11,ours-406478,545,0.005911
11,KACTL,545,0.101901
11,393435,546,0.008907
11,ours-406478,546,0.005901
11,KACTL,546,0.102172
11,simd-v0,546,0.015179
11,ours-406478,547,0.005891
11,KACTL,547,0.102051
11,simd-v0,547,0.015189
11,393435,547,0.008987
11,KACTL,548,0.111900
11,simd-v0,548,0.015269
11,393435,548,0.008927
11,ours-406478,548,0.006011
11,simd-v0,549,0.015199
11,393435,549,0.008907
11,ours-406478,549,0.005922
11,KACTL,549,0.101881
11,393435,550,0.009006
11,ours-406478,550,0.005881
11,KACTL,550,0.102041
11,simd-v0,550,0.015198
11,ours-406478,551,0.005891
11,KACTL,551,0.101961
11,simd-v0,551,0.015178
11,393435,551,0.008927
11,KACTL,552,0.104807
11,simd-v0,552,0.015179
11,393435,552,0.008997
11,ours-406478,552,0.005942
11,simd-v0,553,0.015189
11,393435,553,0.008917
11,ours-406478,553,0.005942
11,KACTL,553,0.102051
11,393435,554,0.008907
11,ours-406478,554,0.005901
11,KACTL,554,0.102021
11,simd-v0,554,0.015108
11,ours-406478,555,0.005902
11,KACTL,555,0.114084
11,simd-v0,555,0.015950
11,393435,555,0.009047
11,KACTL,556,0.102081
11,simd-v0,556,0.015259
11,393435,556,0.008977
11,ours-406478,556,0.006032
11,simd-v0,557,0.015149
11,393435,557,0.008917
11,ours-406478,557,0.005912
11,KACTL,557,0.102081
11,393435,558,0.008917
11,ours-406478,558,0.005911
11,KACTL,558,0.102071
11,simd-v0,558,0.015158
11,ours-406478,559,0.005921
11,KACTL,559,0.101880
11,simd-v0,559,0.015149
11,393435,559,0.008927
11,KACTL,560,0.102002
11,simd-v0,560,0.015179
11,393435,560,0.008917
11,ours-406478,560,0.005921
11,simd-v0,561,0.015098
11,393435,561,0.008926
11,ours-406478,561,0.005921
11,KACTL,561,0.102011
11,393435,562,0.008897
11,ours-406478,562,0.005912
11,KACTL,562,0.101981
11,simd-v0,562,0.015108
11,ours-406478,563,0.005931
11,KACTL,563,0.111950
11,simd-v0,563,0.015249
11,393435,563,0.008987
11,KACTL,564,0.102031
11,simd-v0,564,0.015208
11,393435,564,0.008927
11,ours-406478,564,0.005961
11,simd-v0,565,0.015178
11,393435,565,0.008937
11,ours-406478,565,0.005911
11,KACTL,565,0.101880
11,393435,566,0.008947
11,ours-406478,566,0.005911
11,KACTL,566,0.101971
11,simd-v0,566,0.015168
11,ours-406478,567,0.005921
11,KACTL,567,0.101971
11,simd-v0,567,0.015128
11,393435,567,0.008937
11,KACTL,568,0.101931
11,simd-v0,568,0.015118
11,393435,568,0.008917
11,ours-406478,568,0.005911
11,simd-v0,569,0.015139
11,393435,569,0.008977
11,ours-406478,569,0.005922
11,KACTL,569,0.101891
11,393435,570,0.008988
11,ours-406478,570,0.005901
11,KACTL,570,0.112150
11,simd-v0,570,0.015229
11,ours-406478,571,0.006071
11,KACTL,571,0.101921
11,simd-v0,571,0.015209
11,393435,571,0.009098
11,KACTL,572,0.101982
11,simd-v0,572,0.015128
11,393435,572,0.008947
11,ours-406478,572,0.005921
11,simd-v0,573,0.015318
11,393435,573,0.008907
11,ours-406478,573,0.005931
11,KACTL,573,0.101891
11,393435,574,0.008977
11,ours-406478,574,0.005922
11,KACTL,574,0.102092
11,simd-v0,574,0.015319
11,ours-406478,575,0.005901
11,KACTL,575,0.101841
11,simd-v0,575,0.015349
11,393435,575,0.008896
11,KACTL,576,0.102062
11,simd-v0,576,0.015249
11,393435,576,0.008897
11,ours-406478,576,0.005921
11,simd-v0,577,0.015178
11,393435,577,0.008906
11,ours-406478,577,0.006011
11,KACTL,577,0.111308
11,393435,578,0.008987
11,ours-406478,578,0.005981
11,KACTL,578,0.102091
11,simd-v0,578,0.015188
11,ours-406478,579,0.005901
11,KACTL,579,0.101942
11,simd-v0,579,0.015339
11,393435,579,0.008917
11,KACTL,580,0.101881
11,simd-v0,580,0.015159
11,393435,580,0.008887
11,ours-406478,580,0.005911
11,simd-v0,581,0.015148
11,393435,581,0.008926
11,ours-406478,581,0.005911
11,KACTL,581,0.102012
11,393435,582,0.008917
11,ours-406478,582,0.005902
11,KACTL,582,0.102152
11,simd-v0,582,0.015119
11,ours-406478,583,0.005911
11,KACTL,583,0.101991
11,simd-v0,583,0.015139
11,393435,583,0.008987
11,KACTL,584,0.102111
11,simd-v0,584,0.015168
11,393435,584,0.008967
11,ours-406478,584,0.015058
11,simd-v0,585,0.015970
11,393435,585,0.008946
11,ours-406478,585,0.005951
11,KACTL,585,0.101941
11,393435,586,0.008927
11,ours-406478,586,0.005922
11,KACTL,586,0.102202
11,simd-v0,586,0.015138
11,ours-406478,587,0.005922
11,KACTL,587,0.101881
11,simd-v0,587,0.015128
11,393435,587,0.008927
11,KACTL,588,0.102091
11,simd-v0,588,0.015088
11,393435,588,0.008977
11,ours-406478,588,0.005951
11,simd-v0,589,0.015228
11,393435,589,0.008907
11,ours-406478,589,0.005911
11,KACTL,589,0.101861
11,393435,590,0.008937
11,ours-406478,590,0.005921
11,KACTL,590,0.102011
11,simd-v0,590,0.015138
11,ours-406478,591,0.005902
11,KACTL,591,0.101881
11,simd-v0,591,0.015168
11,393435,591,0.008917
11,KACTL,592,0.111108
11,simd-v0,592,0.015139
11,393435,592,0.008957
11,ours-406478,592,0.006082
11,simd-v0,593,0.015209
11,393435,593,0.008907
11,ours-406478,593,0.005912
11,KACTL,593,0.101962
11,393435,594,0.008917
11,ours-406478,594,0.005911
11,KACTL,594,0.102131
11,simd-v0,594,0.015128
11,ours-406478,595,0.005941
11,KACTL,595,0.102032
11,simd-v0,595,0.015189
11,393435,595,0.009037
11,KACTL,596,0.102071
11,simd-v0,596,0.015158
11,393435,596,0.008917
11,ours-406478,596,0.005921
11,simd-v0,597,0.015169
11,393435,597,0.008917
11,ours-406478,597,0.005900
11,KACTL,597,0.101991
11,393435,598,0.008957
11,ours-406478,598,0.005911
11,KACTL,598,0.102011
11,simd-v0,598,0.015168
11,ours-406478,599,0.005911
11,KACTL,599,0.111009
11,simd-v0,599,0.015930
11,393435,599,0.008936
11,KACTL,600,0.102052
11,simd-v0,600,0.015249
11,393435,600,0.008897
11,ours-406478,600,0.006001
11,simd-v0,601,0.015269
11,393435,601,0.008907
11,ours-406478,601,0.005891
11,KACTL,601,0.101921
11,393435,602,0.008926
11,ours-406478,602,0.005911
11,KACTL,602,0.102001
11,simd-v0,602,0.015288
11,ours-406478,603,0.005911
11,KACTL,603,0.101951
11,simd-v0,603,0.015239
11,393435,603,0.008957
11,KACTL,604,0.102012
11,simd-v0,604,0.015249
11,393435,604,0.008897
11,ours-406478,604,0.005911
11,simd-v0,605,0.015118
11,393435,605,0.008927
11,ours-406478,605,0.005971
11,KACTL,605,0.101921
11,393435,606,0.008917
11,ours-406478,606,0.005982
11,KACTL,606,0.102101
11,simd-v0,606,0.025428
11,ours-406478,607,0.005991
11,KACTL,607,0.102753
11,simd-v0,607,0.015269
11,393435,607,0.008977
11,KACTL,608,0.102111
11,simd-v0,608,0.015158
11,393435,608,0.008876
11,ours-406478,608,0.005931
11,simd-v0,609,0.015148
11,393435,609,0.008916
11,ours-406478,609,0.005981
11,KACTL,609,0.101902
11,393435,610,0.008897
11,ours-406478,610,0.005921
11,KACTL,610,0.112711
11,simd-v0,610,0.017333
11,ours-406478,611,0.007635
11,KACTL,611,0.110748
11,simd-v0,611,0.015249
11,393435,611,0.009217
11,KACTL,612,0.101961
11,simd-v0,612,0.015159
11,393435,612,0.008917
11,ours-406478,612,0.006192
11,simd-v0,613,0.015289
11,393435,613,0.008947
11,ours-406478,613,0.005921
11,KACTL,613,0.114484
11,393435,614,0.008957
11,ours-406478,614,0.005971
11,KACTL,614,0.102051
11,simd-v0,614,0.015248
11,ours-406478,615,0.005931
11,KACTL,615,0.102122
11,simd-v0,615,0.015198
11,393435,615,0.008907
11,KACTL,616,0.102041
11,simd-v0,616,0.015188
11,393435,616,0.008897
11,ours-406478,616,0.005931
11,simd-v0,617,0.015289
11,393435,617,0.008947
11,ours-406478,617,0.005901
11,KACTL,617,0.101911
11,393435,618,0.008916
11,ours-406478,618,0.005901
11,KACTL,618,0.102001
11,simd-v0,618,0.015168
11,ours-406478,619,0.005891
11,KACTL,619,0.101871
11,simd-v0,619,0.015148
11,393435,619,0.008906
11,KACTL,620,0.102001
11,simd-v0,620,0.015108
11,393435,620,0.008886
11,ours-406478,620,0.005941
11,simd-v0,621,0.015219
11,393435,621,0.008977
11,ours-406478,621,0.005921
11,KACTL,621,0.112040
11,393435,622,0.008927
11,ours-406478,622,0.005971
11,KACTL,622,0.102161
11,simd-v0,622,0.015248
11,ours-406478,623,0.005931
11,KACTL,623,0.101882
11,simd-v0,623,0.015238
11,393435,623,0.008967
11,KACTL,624,0.102142
11,simd-v0,624,0.015178
11,393435,624,0.008917
11,ours-406478,624,0.005902
11,simd-v0,625,0.015159
11,393435,625,0.008907
11,ours-406478,625,0.005911
11,KACTL,625,0.105688
11,393435,626,0.008917
11,ours-406478,626,0.005951
11,KACTL,626,0.101971
11,simd-v0,626,0.015218
11,ours-406478,627,0.005911
11,KACTL,627,0.101951
11,simd-v0,627,0.015148
11,393435,627,0.008906
11,KACTL,628,0.112160
11,simd-v0,628,0.015239
11,393435,628,0.008927
11,ours-406478,628,0.006011
11,simd-v0,629,0.015159
11,393435,629,0.008907
11,ours-406478,629,0.005951
11,KACTL,629,0.101931
11,393435,630,0.008926
11,ours-406478,630,0.006001
11,KACTL,630,0.101991
11,simd-v0,630,0.015198
11,ours-406478,631,0.005981
11,KACTL,631,0.101871
11,simd-v0,631,0.015148
11,393435,631,0.008947
11,KACTL,632,0.102032
11,simd-v0,632,0.015239
11,393435,632,0.008907
11,ours-406478,632,0.005911
11,simd-v0,633,0.015178
11,393435,633,0.008977
11,ours-406478,633,0.005901
11,KACTL,633,0.102111
11,393435,634,0.008927
11,ours-406478,634,0.005931
11,KACTL,634,0.102041
11,simd-v0,634,0.015138
11,ours-406478,635,0.005911
11,KACTL,635,0.102052
11,simd-v0,635,0.025007
11,393435,635,0.008997
11,KACTL,636,0.102042
11,simd-v0,636,0.015319
11,393435,636,0.008867
11,ours-406478,636,0.006012
11,simd-v0,637,0.015129
11,393435,637,0.008897
11,ours-406478,637,0.005901
11,KACTL,637,0.101951
11,393435,638,0.008927
11,ours-406478,638,0.005921
11,KACTL,638,0.102072
11,simd-v0,638,0.015149
11,ours-406478,639,0.005901
11,KACTL,639,0.101971
11,simd-v0,639,0.015168
11,393435,639,0.008926
11,KACTL,640,0.101961
11,simd-v0,640,0.015228
11,393435,640,0.008916
11,ours-406478,640,0.005981
11,simd-v0,641,0.015168
11,393435,641,0.008907
11,ours-406478,641,0.005911
11,KACTL,641,0.101941
11,393435,642,0.008936
11,ours-406478,642,0.005901
11,KACTL,642,0.102041
11,simd-v0,642,0.015198
11,ours-406478,643,0.005911
11,KACTL,643,0.111058
11,simd-v0,643,0.015189
11,393435,643,0.008927
11,KACTL,644,0.102221
11,simd-v0,644,0.015249
11,393435,644,0.008927
11,ours-406478,644,0.005992
11,simd-v0,645,0.015149
11,393435,645,0.008917
11,ours-406478,645,0.005911
11,KACTL,645,0.102061
11,393435,646,0.008916
11,ours-406478,646,0.005891
11,KACTL,646,0.102032
11,simd-v0,646,0.015178
11,ours-406478,647,0.005892
11,KACTL,647,0.101961
11,simd-v0,647,0.015118
11,393435,647,0.008906
11,KACTL,648,0.102081
11,simd-v0,648,0.015128
11,393435,648,0.008957
11,ours-406478,648,0.005901
11,simd-v0,649,0.015269
11,393435,649,0.008937
11,ours-406478,649,0.005931
11,KACTL,649,0.101971
11,393435,650,0.008987
11,ours-406478,650,0.005921
11,KACTL,650,0.111629
11,simd-v0,650,0.015299
11,ours-406478,651,0.005962
11,KACTL,651,0.101972
11,simd-v0,651,0.015158
11,393435,651,0.008967
11,KACTL,652,0.102032
11,simd-v0,652,0.015149
11,393435,652,0.008877
11,ours-406478,652,0.005912
11,simd-v0,653,0.015158
11,393435,653,0.008966
11,ours-406478,653,0.005901
11,KACTL,653,0.102021
11,393435,654,0.008987
11,ours-406478,654,0.005911
11,KACTL,654,0.102031
11,simd-v0,654,0.015229
11,ours-406478,655,0.005961
11,KACTL,655,0.101831
11,simd-v0,655,0.015259
11,393435,655,0.008997
11,KACTL,656,0.101971
11,simd-v0,656,0.015159
11,393435,656,0.008917
11,ours-406478,656,0.005942
11,simd-v0,657,0.015179
11,393435,657,0.008957
11,ours-406478,657,0.006002
11,KACTL,657,0.112832
11,393435,658,0.009057
11,ours-406478,658,0.006012
11,KACTL,658,0.102012
11,simd-v0,658,0.015359
11,ours-406478,659,0.005911
11,KACTL,659,0.101961
11,simd-v0,659,0.015278
11,393435,659,0.008927
11,KACTL,660,0.102072
11,simd-v0,660,0.015189
11,393435,660,0.008937
11,ours-406478,660,0.005922
11,simd-v0,661,0.015108
11,393435,661,0.008956
11,ours-406478,661,0.005981
11,KACTL,661,0.102011
11,393435,662,0.008926
11,ours-406478,662,0.005921
11,KACTL,662,0.101951
11,simd-v0,662,0.015168
11,ours-406478,663,0.006011
11,KACTL,663,0.101941
11,simd-v0,663,0.015108
11,393435,663,0.009017
11,KACTL,664,0.102112
11,simd-v0,664,0.015289
11,393435,664,0.008907
11,ours-406478,664,0.005901
11,simd-v0,665,0.027331
11,393435,665,0.008907
11,ours-406478,665,0.006092
11,KACTL,665,0.101942
11,393435,666,0.008927
11,ours-406478,666,0.005911
11,KACTL,666,0.102011
11,simd-v0,666,0.015209
11,ours-406478,667,0.005911
11,KACTL,667,0.101891
11,simd-v0,667,0.015209
11,393435,667,0.008987
11,KACTL,668,0.102121
11,simd-v0,668,0.015308
11,393435,668,0.008896
11,ours-406478,668,0.005891
11,simd-v0,669,0.015108
11,393435,669,0.008937
11,ours-406478,669,0.005901
11,KACTL,669,0.102392
11,393435,670,0.008937
11,ours-406478,670,0.005921
11,KACTL,670,0.102091
11,simd-v0,670,0.015198
11,ours-406478,671,0.005921
11,KACTL,671,0.101882
11,simd-v0,671,0.015158
11,393435,671,0.008917
11,KACTL,672,0.111178
11,simd-v0,672,0.015149
11,393435,672,0.008997
11,ours-406478,672,0.005991
11,simd-v0,673,0.015198
11,393435,673,0.008937
11,ours-406478,673,0.005911
11,KACTL,673,0.101911
11,393435,674,0.008917
11,ours-406478,674,0.005901
11,KACTL,674,0.102182
11,simd-v0,674,0.015159
11,ours-406478,675,0.005881
11,KACTL,675,0.102051
11,simd-v0,675,0.015238
11,393435,675,0.008886
11,KACTL,676,0.102051
11,simd-v0,676,0.015138
11,393435,676,0.008906
11,ours-406478,676,0.005921
11,simd-v0,677,0.015148
11,393435,677,0.008907
11,ours-406478,677,0.005891
11,KACTL,677,0.102031
11,393435,678,0.008907
11,ours-406478,678,0.005901
11,KACTL,678,0.102101
11,simd-v0,678,0.015138
11,ours-406478,679,0.005911
11,KACTL,679,0.110977
11,simd-v0,679,0.015169
11,393435,679,0.008927
11,KACTL,680,0.101991
11,simd-v0,680,0.015199
11,393435,680,0.008907
11,ours-406478,680,0.005981
11,simd-v0,681,0.015178
11,393435,681,0.008907
11,ours-406478,681,0.005931
11,KACTL,681,0.101961
11,393435,682,0.008937
11,ours-406478,682,0.005901
11,KACTL,682,0.102251
11,simd-v0,682,0.015209
11,ours-406478,683,0.005911
11,KACTL,683,0.101881
11,simd-v0,683,0.015199
11,393435,683,0.008927
11,KACTL,684,0.102071
11,simd-v0,684,0.015198
11,393435,684,0.008897
11,ours-406478,684,0.005911
11,simd-v0,685,0.015199
11,393435,685,0.008967
11,ours-406478,685,0.005912
11,KACTL,685,0.101901
11,393435,686,0.008987
11,ours-406478,686,0.005891
11,KACTL,686,0.101951
11,simd-v0,686,0.015319
11,ours-406478,687,0.014817
11,KACTL,687,0.102102
11,simd-v0,687,0.015199
11,393435,687,0.009037
11,KACTL,688,0.102031
11,simd-v0,688,0.015088
11,393435,688,0.008896
11,ours-406478,688,0.005931
11,simd-v0,689,0.015219
11,393435,689,0.008966
11,ours-406478,689,0.005911
11,KACTL,689,0.101911
11,393435,690,0.008897
11,ours-406478,690,0.005991
11,KACTL,690,0.102011
11,simd-v0,690,0.015108
11,ours-406478,691,0.005901
11,KACTL,691,0.101920
11,simd-v0,691,0.015289
11,393435,691,0.008907
11,KACTL,692,0.101991
11,simd-v0,692,0.015279
11,393435,692,0.008897
11,ours-406478,692,0.005911
11,simd-v0,693,0.015169
11,393435,693,0.008897
11,ours-406478,693,0.005921
11,KACTL,693,0.101971
11,393435,694,0.008907
11,ours-406478,694,0.005901
11,KACTL,694,0.110858
11,simd-v0,694,0.015149
11,ours-406478,695,0.006021
11,KACTL,695,0.101991
11,simd-v0,695,0.015138
11,393435,695,0.009077
11,KACTL,696,0.102092
11,simd-v0,696,0.015189
11,393435,696,0.008877
11,ours-406478,696,0.005931
11,simd-v0,697,0.015229
11,393435,697,0.008926
11,ours-406478,697,0.005951
11,KACTL,697,0.101981
11,393435,698,0.008916
11,ours-406478,698,0.005911
11,KACTL,698,0.104556
11,simd-v0,698,0.015159
11,ours-406478,699,0.005901
11,KACTL,699,0.102091
11,simd-v0,699,0.015128
11,393435,699,0.009017
11,KACTL,700,0.102042
11,simd-v0,700,0.015099
11,393435,700,0.008957
11,ours-406478,700,0.005921
11,simd-v0,701,0.015128
11,393435,701,0.008927
11,ours-406478,701,0.005911
11,KACTL,701,0.112101
11,393435,702,0.009718
11,ours-406478,702,0.005962
11,KACTL,702,0.102162
11,simd-v0,702,0.015259
11,ours-406478,703,0.005901
11,KACTL,703,0.101912
11,simd-v0,703,0.015148
11,393435,703,0.009037
11,KACTL,704,0.102021
11,simd-v0,704,0.015219
11,393435,704,0.008977
11,ours-406478,704,0.005911
11,simd-v0,705,0.015218
11,393435,705,0.008906
11,ours-406478,705,0.005911
11,KACTL,705,0.101932
11,393435,706,0.008947
11,ours-406478,706,0.005912
11,KACTL,706,0.102011
11,simd-v0,706,0.015128
11,ours-406478,707,0.005921
11,KACTL,707,0.101972
11,simd-v0,707,0.015179
11,393435,707,0.008937
11,KACTL,708,0.102062
11,simd-v0,708,0.015109
11,393435,708,0.018324
11,ours-406478,708,0.005951
11,simd-v0,709,0.015219
11,393435,709,0.008957
11,ours-406478,709,0.005911
11,KACTL,709,0.102873
11,393435,710,0.008907
11,ours-406478,710,0.005921
11,KACTL,710,0.101921
11,simd-v0,710,0.015219
11,ours-406478,711,0.005891
11,KACTL,711,0.102022
11,simd-v0,711,0.015279
11,393435,711,0.008916
11,KACTL,712,0.101881
11,simd-v0,712,0.015218
11,393435,712,0.008897
11,ours-406478,712,0.005911
11,simd-v0,713,0.015299
11,393435,713,0.008907
11,ours-406478,713,0.005902
11,KACTL,713,0.101921
11,393435,714,0.008927
11,ours-406478,714,0.005901
11,KACTL,714,0.102021
11,simd-v0,714,0.015329
11,ours-406478,715,0.005901
11,KACTL,715,0.102042
11,simd-v0,715,0.015118
11,393435,715,0.008906
11,KACTL,716,0.110898
11,simd-v0,716,0.015188
11,393435,716,0.008937
11,ours-406478,716,0.005992
11,simd-v0,717,0.015329
11,393435,717,0.008897
11,ours-406478,717,0.005922
11,KACTL,717,0.102042
11,393435,718,0.008947
11,ours-406478,718,0.005911
11,KACTL,718,0.102111
11,simd-v0,718,0.015219
11,ours-406478,719,0.005901
11,KACTL,719,0.101911
11,simd-v0,719,0.015209
11,393435,719,0.008927
11,KACTL,720,0.102011
11,simd-v0,720,0.015139
11,393435,720,0.008907
11,ours-406478,720,0.005921
11,simd-v0,721,0.015209
11,393435,721,0.008977
11,ours-406478,721,0.005922
11,KACTL,721,0.101961
11,393435,722,0.008946
11,ours-406478,722,0.005991
11,KACTL,722,0.101951
11,simd-v0,722,0.015228
11,ours-406478,723,0.005901
11,KACTL,723,0.110797
11,simd-v0,723,0.015309
11,393435,723,0.008967
11,KACTL,724,0.101971
11,simd-v0,724,0.015249
11,393435,724,0.008926
11,ours-406478,724,0.005991
11,simd-v0,725,0.015199
11,393435,725,0.008927
11,ours-406478,725,0.006001
11,KACTL,725,0.102122
11,393435,726,0.008926
11,ours-406478,726,0.005911
11,KACTL,726,0.102091
11,simd-v0,726,0.015178
11,ours-406478,727,0.005982
11,KACTL,727,0.101951
11,simd-v0,727,0.015249
11,393435,727,0.008977
11,KACTL,728,0.101982
11,simd-v0,728,0.015269
11,393435,728,0.008887
11,ours-406478,728,0.005931
11,simd-v0,729,0.015218
11,393435,729,0.008916
11,ours-406478,729,0.005901
11,KACTL,729,0.101922
11,393435,730,0.008917
11,ours-406478,730,0.005891
11,KACTL,730,0.110698
11,simd-v0,730,0.015138
11,ours-406478,731,0.005951
11,KACTL,731,0.101961
11,simd-v0,731,0.015148
11,393435,731,0.009057
11,KACTL,732,0.101962
11,simd-v0,732,0.015229
11,393435,732,0.008987
11,ours-406478,732,0.005942
11,simd-v0,733,0.015199
11,393435,733,0.008937
11,ours-406478,733,0.005911
11,KACTL,733,0.101991
11,393435,734,0.008896
11,ours-406478,734,0.005891
11,KACTL,734,0.101912
11,simd-v0,734,0.015199
11,ours-406478,735,0.005931
11,KACTL,735,0.101971
11,simd-v0,735,0.015108
11,393435,735,0.008947
11,KACTL,736,0.102131
11,simd-v0,736,0.015198
11,393435,736,0.008917
11,ours-406478,736,0.006011
11,simd-v0,737,0.015139
11,393435,737,0.008937
11,ours-406478,737,0.005931
11,KACTL,737,0.101992
11,393435,738,0.008907
11,ours-406478,738,0.005911
11,KACTL,738,0.111850
11,simd-v0,738,0.015128
11,ours-406478,739,0.005942
11,KACTL,739,0.101991
11,simd-v0,739,0.015169
11,393435,739,0.009047
11,KACTL,740,0.102021
11,simd-v0,740,0.015108
11,393435,740,0.008907
11,ours-406478,740,0.006041
11,simd-v0,741,0.015109
11,393435,741,0.008917
11,ours-406478,741,0.005922
11,KACTL,741,0.101861
11,393435,742,0.008946
11,ours-406478,742,0.005901
11,KACTL,742,0.101991
11,simd-v0,742,0.015209
11,ours-406478,743,0.005911
11,KACTL,743,0.101921
11,simd-v0,743,0.015118
11,393435,743,0.008926
11,KACTL,744,0.102021
11,simd-v0,744,0.015178
11,393435,744,0.008907
11,ours-406478,744,0.005891
11,simd-v0,745,0.015209
11,393435,745,0.008917
11,ours-406478,745,0.005911
11,KACTL,745,0.112942
11,393435,746,0.008966
11,ours-406478,746,0.005981
11,KACTL,746,0.102172
11,simd-v0,746,0.015209
11,ours-406478,747,0.005911
11,KACTL,747,0.101951
11,simd-v0,747,0.015229
11,393435,747,0.008957
11,KACTL,748,0.102091
11,simd-v0,748,0.015168
11,393435,748,0.008896
11,ours-406478,748,0.005931
11,simd-v0,749,0.015239
11,393435,749,0.008907
11,ours-406478,749,0.005911
11,KACTL,749,0.102032
11,393435,750,0.009007
11,ours-406478,750,0.005921
11,KACTL,750,0.102112
11,simd-v0,750,0.015239
11,ours-406478,751,0.005912
11,KACTL,751,0.101921
11,simd-v0,751,0.015219
11,393435,751,0.008916
11,KACTL,752,0.102031
11,simd-v0,752,0.015318
11,393435,752,0.008957
11,ours-406478,752,0.005962
11,simd-v0,753,0.015168
11,393435,753,0.008966
11,ours-406478,753,0.005911
11,KACTL,753,0.102091
11,393435,754,0.008987
11,ours-406478,754,0.005881
11,KACTL,754,0.102151
11,simd-v0,754,0.015249
11,ours-406478,755,0.005901
11,KACTL,755,0.101902
11,simd-v0,755,0.015239
11,393435,755,0.008917
11,KACTL,756,0.102042
11,simd-v0,756,0.015279
11,393435,756,0.008896
11,ours-406478,756,0.005921
11,simd-v0,757,0.015159
11,393435,757,0.008927
11,ours-406478,757,0.005922
11,KACTL,757,0.101921
11,393435,758,0.008926
11,ours-406478,758,0.005911
11,KACTL,758,0.102061
11,simd-v0,758,0.015218
11,ours-406478,759,0.005911
11,KACTL,759,0.102002
11,simd-v0,759,0.015138
11,393435,759,0.008976
11,KACTL,760,0.111098
11,simd-v0,760,0.015308
11,393435,760,0.008967
11,ours-406478,760,0.005981
11,simd-v0,761,0.015128
11,393435,761,0.008906
11,ours-406478,761,0.005931
11,KACTL,761,0.101971
11,393435,762,0.008917
11,ours-406478,762,0.005911
11,KACTL,762,0.102082
11,simd-v0,762,0.015149
11,ours-406478,763,0.005891
11,KACTL,763,0.101891
11,simd-v0,763,0.015109
11,393435,763,0.008897
11,KACTL,764,0.102092
11,simd-v0,764,0.015199
11,393435,764,0.008977
11,ours-406478,764,0.005921
11,simd-v0,765,0.015259
11,393435,765,0.008897
11,ours-406478,765,0.005891
11,KACTL,765,0.101991
11,393435,766,0.008977
11,ours-406478,766,0.005891
11,KACTL,766,0.101871
11,simd-v0,766,0.015129
11,ours-406478,767,0.005891
11,KACTL,767,0.124734
11,simd-v0,767,0.015309
11,393435,767,0.009248
11,KACTL,768,0.102001
11,simd-v0,768,0.015308
11,393435,768,0.008926
11,ours-406478,768,0.006452
11,simd-v0,769,0.015199
11,393435,769,0.008957
11,ours-406478,769,0.005921
11,KACTL,769,0.101871
11,393435,770,0.008917
11,ours-406478,770,0.005921
11,KACTL,770,0.101981
11,simd-v0,770,0.015239
11,ours-406478,771,0.005901
11,KACTL,771,0.104216
11,simd-v0,771,0.015269
11,393435,771,0.008907
11,KACTL,772,0.101992
11,simd-v0,772,0.015229
11,393435,772,0.008997
11,ours-406478,772,0.005891
11,simd-v0,773,0.015189
11,393435,773,0.008907
11,ours-406478,773,0.005911
11,KACTL,773,0.101931
11,393435,774,0.008926
11,ours-406478,774,0.005921
11,KACTL,774,0.112471
11,simd-v0,774,0.015309
11,ours-406478,775,0.005951
11,KACTL,775,0.101921
11,simd-v0,775,0.015148
11,393435,775,0.008987
11,KACTL,776,0.101951
11,simd-v0,776,0.015189
11,393435,776,0.008897
11,ours-406478,776,0.005931
11,simd-v0,777,0.015248
11,393435,777,0.008937
11,ours-406478,777,0.005901
11,KACTL,777,0.101891
11,393435,778,0.008917
11,ours-406478,778,0.005921
11,KACTL,778,0.102022
11,simd-v0,778,0.015179
11,ours-406478,779,0.005901
11,KACTL,779,0.101901
11,simd-v0,779,0.015199
11,393435,779,0.008917
11,KACTL,780,0.102011
11,simd-v0,780,0.015189
11,393435,780,0.008897
11,ours-406478,780,0.005911
11,simd-v0,781,0.015289
11,393435,781,0.008877
11,ours-406478,781,0.006011
11,KACTL,781,0.112201
11,393435,782,0.009097
11,ours-406478,782,0.005991
11,KACTL,782,0.102813
11,simd-v0,782,0.015268
11,ours-406478,783,0.005891
11,KACTL,783,0.102002
11,simd-v0,783,0.015109
11,393435,783,0.008917
11,KACTL,784,0.101951
11,simd-v0,784,0.015149
11,393435,784,0.008987
11,ours-406478,784,0.005921
11,simd-v0,785,0.015138
11,393435,785,0.008906
11,ours-406478,785,0.005931
11,KACTL,785,0.101891
11,393435,786,0.008927
11,ours-406478,786,0.005921
11,KACTL,786,0.102041
11,simd-v0,786,0.015128
11,ours-406478,787,0.005891
11,KACTL,787,0.101981
11,simd-v0,787,0.015219
11,393435,787,0.008917
11,KACTL,788,0.102212
11,simd-v0,788,0.015128
11,393435,788,0.008907
11,ours-406478,788,0.005911
11,simd-v0,789,0.015159
11,393435,789,0.018134
11,ours-406478,789,0.005951
11,KACTL,789,0.102813
11,393435,790,0.008957
11,ours-406478,790,0.005921
11,KACTL,790,0.102072
11,simd-v0,790,0.015179
11,ours-406478,791,0.005901
11,KACTL,791,0.101831
11,simd-v0,791,0.015179
11,393435,791,0.008947
11,KACTL,792,0.101931
11,simd-v0,792,0.015108
11,393435,792,0.008927
11,ours-406478,792,0.005901
11,simd-v0,793,0.015118
11,393435,793,0.009026
11,ours-406478,793,0.005911
11,KACTL,793,0.101972
11,393435,794,0.008987
11,ours-406478,794,0.005912
11,KACTL,794,0.102042
11,simd-v0,794,0.015349
11,ours-406478,795,0.005940
11,KACTL,795,0.101951
11,simd-v0,795,0.015289
11,393435,795,0.008927
11,KACTL,796,0.111219
11,simd-v0,796,0.015258
11,393435,796,0.008947
11,ours-406478,796,0.005991
11,simd-v0,797,0.015188
11,393435,797,0.009007
11,ours-406478,797,0.005901
11,KACTL,797,0.101881
11,393435,798,0.008937
11,ours-406478,798,0.005991
11,KACTL,798,0.101972
11,simd-v0,798,0.015108
11,ours-406478,799,0.005991
11,KACTL,799,0.101961
11,simd-v0,799,0.015268
11,393435,799,0.008956
11,KACTL,800,0.102002
11,simd-v0,800,0.015228
11,393435,800,0.008977
11,ours-406478,800,0.005911
11,simd-v0,801,0.015258
11,393435,801,0.008907
11,ours-406478,801,0.005931
11,KACTL,801,0.101931
11,393435,802,0.008917
11,ours-406478,802,0.005901
11,KACTL,802,0.118473
11,simd-v0,802,0.017754
11,ours-406478,803,0.006331
11,KACTL,803,0.131908
11,simd-v0,803,0.015269
11,393435,803,0.009458
11,KACTL,804,0.102443
11,simd-v0,804,0.015198
11,393435,804,0.008936
11,ours-406478,804,0.006312
11,simd-v0,805,0.015128
11,393435,805,0.008936
11,ours-406478,805,0.005931
11,KACTL,805,0.101941
11,393435,806,0.008907
11,ours-406478,806,0.005932
11,KACTL,806,0.102042
11,simd-v0,806,0.015118
11,ours-406478,807,0.005921
11,KACTL,807,0.101951
11,simd-v0,807,0.015209
11,393435,807,0.008907
11,KACTL,808,0.102001
11,simd-v0,808,0.015169
11,393435,808,0.008887
11,ours-406478,808,0.005921
11,simd-v0,809,0.015259
11,393435,809,0.008877
11,ours-406478,809,0.005911
11,KACTL,809,0.101921
11,393435,810,0.008876
11,ours-406478,810,0.005891
11,KACTL,810,0.123672
11,simd-v0,810,0.015299
11,ours-406478,811,0.006101
11,KACTL,811,0.102002
11,simd-v0,811,0.015168
11,393435,811,0.009107
11,KACTL,812,0.101952
11,simd-v0,812,0.015149
11,393435,812,0.008907
11,ours-406478,812,0.005902
11,simd-v0,813,0.015289
11,393435,813,0.008947
11,ours-406478,813,0.005911
11,KACTL,813,0.101981
11,393435,814,0.008907
11,ours-406478,814,0.005881
11,KACTL,814,0.101912
11,simd-v0,814,0.015159
11,ours-406478,815,0.005921
11,KACTL,815,0.102031
11,simd-v0,815,0.015168
11,393435,815,0.008916
11,KACTL,816,0.102001
11,simd-v0,816,0.015148
11,393435,816,0.008896
11,ours-406478,816,0.005941
11,simd-v0,817,0.015279
11,393435,817,0.008996
11,ours-406478,817,0.005921
11,KACTL,817,0.101982
11,393435,818,0.018806
11,ours-406478,818,0.005981
11,KACTL,818,0.102102
11,simd-v0,818,0.015159
11,ours-406478,819,0.005921
11,KACTL,819,0.101981
11,simd-v0,819,0.015228
11,393435,819,0.008966
11,KACTL,820,0.102051
11,simd-v0,820,0.015209
11,393435,820,0.008997
11,ours-406478,820,0.005911
11,simd-v0,821,0.015178
11,393435,821,0.008976
11,ours-406478,821,0.005941
11,KACTL,821,0.101881
11,393435,822,0.008967
11,ours-406478,822,0.005901
11,KACTL,822,0.102082
11,simd-v0,822,0.015309
11,ours-406478,823,0.005902
11,KACTL,823,0.101931
11,simd-v0,823,0.015218
11,393435,823,0.008917
11,KACTL,824,0.102121
11,simd-v0,824,0.015179
11,393435,824,0.008907
11,ours-406478,824,0.006082
11,simd-v0,825,0.015249
11,393435,825,0.008977
11,ours-406478,825,0.005931
11,KACTL,825,0.102061
11,393435,826,0.008967
11,ours-406478,826,0.005971
11,KACTL,826,0.102051
11,simd-v0,826,0.015239
11,ours-406478,827,0.005901
11,KACTL,827,0.102052
11,simd-v0,827,0.015229
11,393435,827,0.008957
11,KACTL,828,0.102061
11,simd-v0,828,0.015119
11,393435,828,0.008937
11,ours-406478,828,0.005922
11,simd-v0,829,0.015118
11,393435,829,0.009027
11,ours-406478,829,0.005931
11,KACTL,829,0.101881
11,393435,830,0.008917
11,ours-406478,830,0.005971
11,KACTL,830,0.102062
11,simd-v0,830,0.015239
11,ours-406478,831,0.005911
11,KACTL,831,0.101921
11,simd-v0,831,0.015288
11,393435,831,0.008926
11,KACTL,832,0.111169
11,simd-v0,832,0.015178
11,393435,832,0.008957
11,ours-406478,832,0.005981
11,simd-v0,833,0.015209
11,393435,833,0.009708
11,ours-406478,833,0.005982
11,KACTL,833,0.101981
11,393435,834,0.008936
11,ours-406478,834,0.005931
11,KACTL,834,0.102151
11,simd-v0,834,0.015148
11,ours-406478,835,0.005961
11,KACTL,835,0.102001
11,simd-v0,835,0.015139
11,393435,835,0.008987
11,KACTL,836,0.102012
11,simd-v0,836,0.015219
11,393435,836,0.008907
11,ours-406478,836,0.005922
11,simd-v0,837,0.015128
11,393435,837,0.008917
11,ours-406478,837,0.005901
11,KACTL,837,0.101941
11,393435,838,0.008926
11,ours-406478,838,0.005931
11,KACTL,838,0.102071
11,simd-v0,838,0.015129
11,ours-406478,839,0.005901
11,KACTL,839,0.101961
11,simd-v0,839,0.024455
11,393435,839,0.008997
11,KACTL,840,0.102893
11,simd-v0,840,0.015228
11,393435,840,0.009026
11,ours-406478,840,0.005991
11,simd-v0,841,0.015208
11,393435,841,0.008916
11,ours-406478,841,0.005931
11,KACTL,841,0.102011
11,393435,842,0.008916
11,ours-406478,842,0.005901
11,KACTL,842,0.102031
11,simd-v0,842,0.015159
11,ours-406478,843,0.005901
11,KACTL,843,0.101881
11,simd-v0,843,0.015238
11,393435,843,0.011612
11,KACTL,844,0.101951
11,simd-v0,844,0.015208
11,393435,844,0.008897
11,ours-406478,844,0.005981
11,simd-v0,845,0.015168
11,393435,845,0.008947
11,ours-406478,845,0.005941
11,KACTL,845,0.101951
11,393435,846,0.008927
11,ours-406478,846,0.005901
11,KACTL,846,0.102162
11,simd-v0,846,0.015159
11,ours-406478,847,0.005901
11,KACTL,847,0.111118
11,simd-v0,847,0.015159
11,393435,847,0.008967
11,KACTL,848,0.102062
11,simd-v0,848,0.015159
11,393435,848,0.008877
11,ours-406478,848,0.006021
11,simd-v0,849,0.015219
11,393435,849,0.008917
11,ours-406478,849,0.005931
11,KACTL,849,0.101951
11,393435,850,0.008897
11,ours-406478,850,0.005911
11,KACTL,850,0.102001
11,simd-v0,850,0.015229
11,ours-406478,851,0.005891
11,KACTL,851,0.102021
11,simd-v0,851,0.015228
11,393435,851,0.008886
11,KACTL,852,0.102102
11,simd-v0,852,0.015138
11,393435,852,0.008897
11,ours-406478,852,0.005911
11,simd-v0,853,0.015229
11,393435,853,0.008886
11,ours-406478,853,0.005911
11,KACTL,853,0.101952
11,393435,854,0.009007
11,ours-406478,854,0.005920
11,KACTL,854,0.111179
11,simd-v0,854,0.015268
11,ours-406478,855,0.005971
11,KACTL,855,0.101911
11,simd-v0,855,0.015219
11,393435,855,0.008987
11,KACTL,856,0.102242
11,simd-v0,856,0.015159
11,393435,856,0.008917
11,ours-406478,856,0.005921
11,simd-v0,857,0.015228
11,393435,857,0.009017
11,ours-406478,857,0.005931
11,KACTL,857,0.101911
11,393435,858,0.008987
11,ours-406478,858,0.005901
11,KACTL,858,0.101982
11,simd-v0,858,0.015249
11,ours-406478,859,0.005901
11,KACTL,859,0.101941
11,simd-v0,859,0.015229
11,393435,859,0.008937
11,KACTL,860,0.102131
11,simd-v0,860,0.015198
11,393435,860,0.008947
11,ours-406478,860,0.005921
11,simd-v0,861,0.015178
11,393435,861,0.008907
11,ours-406478,861,0.005941
11,KACTL,861,0.110837
11,393435,862,0.008937
11,ours-406478,862,0.006051
11,KACTL,862,0.102091
11,simd-v0,862,0.015258
11,ours-406478,863,0.005901
11,KACTL,863,0.101882
11,simd-v0,863,0.015198
11,393435,863,0.008927
11,KACTL,864,0.102252
11,simd-v0,864,0.015279
11,393435,864,0.008886
11,ours-406478,864,0.005931
11,simd-v0,865,0.015148
11,393435,865,0.008947
11,ours-406478,865,0.005931
11,KACTL,865,0.102042
11,393435,866,0.008897
11,ours-406478,866,0.005971
11,KACTL,866,0.102803
11,simd-v0,866,0.015158
11,ours-406478,867,0.006001
11,KACTL,867,0.101952
11,simd-v0,867,0.015149
11,393435,867,0.009017
11,KACTL,868,0.102071
11,simd-v0,868,0.015279
11,393435,868,0.008886
11,ours-406478,868,0.005921
11,simd-v0,869,0.025698
11,393435,869,0.008977
11,ours-406478,869,0.005991
11,KACTL,869,0.102011
11,393435,870,0.008946
11,ours-406478,870,0.005891
11,KACTL,870,0.102041
11,simd-v0,870,0.015930
11,ours-406478,871,0.005911
11,KACTL,871,0.101851
11,simd-v0,871,0.015198
11,393435,871,0.008987
11,KACTL,872,0.102071
11,simd-v0,872,0.015179
11,393435,872,0.008987
11,ours-406478,872,0.005922
11,simd-v0,873,0.015209
11,393435,873,0.008917
11,ours-406478,873,0.005911
11,KACTL,873,0.101881
11,393435,874,0.008936
11,ours-406478,874,0.005921
11,KACTL,874,0.102052
11,simd-v0,874,0.015118
11,ours-406478,875,0.005911
11,KACTL,875,0.101891
11,simd-v0,875,0.015119
11,393435,875,0.008967
11,KACTL,876,0.111129
11,simd-v0,876,0.015178
11,393435,876,0.009007
11,ours-406478,876,0.006082
11,simd-v0,877,0.015198
11,393435,877,0.008927
11,ours-406478,877,0.005911
11,KACTL,877,0.101871
11,393435,878,0.008917
11,ours-406478,878,0.005911
11,KACTL,878,0.102041
11,simd-v0,878,0.015158
11,ours-406478,879,0.005941
11,KACTL,879,0.101881
11,simd-v0,879,0.015188
11,393435,879,0.008927
11,KACTL,880,0.102001
11,simd-v0,880,0.015198
11,393435,880,0.008917
11,ours-406478,880,0.005921
11,simd-v0,881,0.015239
11,393435,881,0.008907
11,ours-406478,881,0.005911
11,KACTL,881,0.101931
11,393435,882,0.008927
11,ours-406478,882,0.005901
11,KACTL,882,0.102001
11,simd-v0,882,0.015279
11,ours-406478,883,0.005911
11,KACTL,883,0.110798
11,simd-v0,883,0.015228
11,393435,883,0.008927
11,KACTL,884,0.102813
11,simd-v0,884,0.015158
11,393435,884,0.008906
11,ours-406478,884,0.006001
11,simd-v0,885,0.015249
11,393435,885,0.008917
11,ours-406478,885,0.005931
11,KACTL,885,0.101981
11,393435,886,0.008897
11,ours-406478,886,0.005902
11,KACTL,886,0.102011
11,simd-v0,886,0.015168
11,ours-406478,887,0.005901
11,KACTL,887,0.102032
11,simd-v0,887,0.015149
11,393435,887,0.008927
11,KACTL,888,0.102071
11,simd-v0,888,0.015159
11,393435,888,0.008877
11,ours-406478,888,0.005931
11,simd-v0,889,0.015178
11,393435,889,0.009097
11,ours-406478,889,0.005901
11,KACTL,889,0.101991
11,393435,890,0.008987
11,ours-406478,890,0.005931
11,KACTL,890,0.102111
11,simd-v0,890,0.015338
11,ours-406478,891,0.014828
11,KACTL,891,0.101971
11,simd-v0,891,0.015198
11,393435,891,0.008956
11,KACTL,892,0.102131
11,simd-v0,892,0.015178
11,393435,892,0.008917
11,ours-406478,892,0.005921
11,simd-v0,893,0.015208
11,393435,893,0.008926
11,ours-406478,893,0.005961
11,KACTL,893,0.101921
11,393435,894,0.008907
11,ours-406478,894,0.005982
11,KACTL,894,0.102032
11,simd-v0,894,0.015139
11,ours-406478,895,0.005971
11,KACTL,895,0.101991
11,simd-v0,895,0.015229
11,393435,895,0.008896
11,KACTL,896,0.101951
11,simd-v0,896,0.015328
11,393435,896,0.008897
11,ours-406478,896,0.005921
11,simd-v0,897,0.015138
11,393435,897,0.008946
11,ours-406478,897,0.005941
11,KACTL,897,0.102022
11,393435,898,0.008927
11,ours-406478,898,0.005902
11,KACTL,898,0.110998
11,simd-v0,898,0.015950
11,ours-406478,899,0.005941
11,KACTL,899,0.101992
11,simd-v0,899,0.015209
11,393435,899,0.009057
11,KACTL,900,0.102001
11,simd-v0,900,0.015258
11,393435,900,0.008906
11,ours-406478,900,0.005901
11,simd-v0,901,0.015258
11,393435,901,0.008917
11,ours-406478,901,0.005931
11,KACTL,901,0.102052
11,393435,902,0.008917
11,ours-406478,902,0.005920
11,KACTL,902,0.101901
11,simd-v0,902,0.015178
11,ours-406478,903,0.005911
11,KACTL,903,0.101912
11,simd-v0,903,0.015098
11,393435,903,0.008927
11,KACTL,904,0.102081
11,simd-v0,904,0.015159
11,393435,904,0.008887
11,ours-406478,904,0.006001
11,simd-v0,905,0.015188
11,393435,905,0.008967
11,ours-406478,905,0.005911
11,KACTL,905,0.110857
11,393435,906,0.008907
11,ours-406478,906,0.005971
11,KACTL,906,0.102102
11,simd-v0,906,0.015208
11,ours-406478,907,0.005931
11,KACTL,907,0.101952
11,simd-v0,907,0.015218
11,393435,907,0.008927
11,KACTL,908,0.102072
11,simd-v0,908,0.015258
11,393435,908,0.008947
11,ours-406478,908,0.006041
11,simd-v0,909,0.015108
11,393435,909,0.008906
11,ours-406478,909,0.005901
11,KACTL,909,0.101901
11,393435,910,0.008907
11,ours-406478,910,0.005911
11,KACTL,910,0.102022
11,simd-v0,910,0.015229
11,ours-406478,911,0.005921
11,KACTL,911,0.101991
11,simd-v0,911,0.015129
11,393435,911,0.008957
11,KACTL,912,0.101991
11,simd-v0,912,0.015119
11,393435,912,0.019687
11,ours-406478,912,0.006041
11,simd-v0,913,0.015299
11,393435,913,0.008967
11,ours-406478,913,0.005911
11,KACTL,913,0.102131
11,393435,914,0.009027
11,ours-406478,914,0.005900
11,KACTL,914,0.102112
11,simd-v0,914,0.015159
11,ours-406478,915,0.005911
11,KACTL,915,0.101941
11,simd-v0,915,0.015189
11,393435,915,0.008917
11,KACTL,916,0.102021
11,simd-v0,916,0.015129
11,393435,916,0.008887
11,ours-406478,916,0.005901
11,simd-v0,917,0.017773
11,393435,917,0.008927
11,ours-406478,917,0.005921
11,KACTL,917,0.101971
11,393435,918,0.008926
11,ours-406478,918,0.005911
11,KACTL,918,0.101931
11,simd-v0,918,0.015159
11,ours-406478,919,0.005901
11,KACTL,919,0.101901
11,simd-v0,919,0.015128
11,393435,919,0.008917
11,KACTL,920,0.111680
11,simd-v0,920,0.015178
11,393435,920,0.008926
11,ours-406478,920,0.006011
11,simd-v0,921,0.015208
11,393435,921,0.008947
11,ours-406478,921,0.005911
11,KACTL,921,0.102071
11,393435,922,0.008977
11,ours-406478,922,0.005881
11,KACTL,922,0.102002
11,simd-v0,922,0.015269
11,ours-406478,923,0.005902
11,KACTL,923,0.101941
11,simd-v0,923,0.015158
11,393435,923,0.008896
11,KACTL,924,0.101931
11,simd-v0,924,0.015148
11,393435,924,0.008916
11,ours-406478,924,0.005921
11,simd-v0,925,0.015289
11,393435,925,0.008887
11,ours-406478,925,0.005991
11,KACTL,925,0.101851
11,393435,926,0.008916
11,ours-406478,926,0.005971
11,KACTL,926,0.101961
11,simd-v0,926,0.015178
11,ours-406478,927,0.005961
11,KACTL,927,0.110928
11,simd-v0,927,0.015249
11,393435,927,0.008927
11,KACTL,928,0.102752
11,simd-v0,928,0.015188
11,393435,928,0.008916
11,ours-406478,928,0.006001
11,simd-v0,929,0.015188
11,393435,929,0.008907
11,ours-406478,929,0.005991
11,KACTL,929,0.101881
11,393435,930,0.008917
11,ours-406478,930,0.005901
11,KACTL,930,0.102021
11,simd-v0,930,0.015229
11,ours-406478,931,0.005891
11,KACTL,931,0.101942
11,simd-v0,931,0.015119
11,393435,931,0.008997
11,KACTL,932,0.102022
11,simd-v0,932,0.015149
11,393435,932,0.008977
11,ours-406478,932,0.005931
11,simd-v0,933,0.015229
11,393435,933,0.008907
11,ours-406478,933,0.005901
11,KACTL,933,0.102061
11,393435,934,0.008937
11,ours-406478,934,0.005901
11,KACTL,934,0.110978
11,simd-v0,934,0.015168
11,ours-406478,935,0.005971
11,KACTL,935,0.102762
11,simd-v0,935,0.015169
11,393435,935,0.009008
11,KACTL,936,0.102182
11,simd-v0,936,0.015149
11,393435,936,0.008997
11,ours-406478,936,0.005931
11,simd-v0,937,0.015158
11,393435,937,0.008937
11,ours-406478,937,0.005921
11,KACTL,937,0.101921
11,393435,938,0.008896
11,ours-406478,938,0.005911
11,KACTL,938,0.101961
11,simd-v0,938,0.015088
11,ours-406478,939,0.005901
11,KACTL,939,0.102021
11,simd-v0,939,0.015109
11,393435,939,0.008887
11,KACTL,940,0.101972
11,simd-v0,940,0.015209
11,393435,940,0.008907
11,ours-406478,940,0.005931
11,simd-v0,941,0.015269
11,393435,941,0.008957
11,ours-406478,941,0.005931
11,KACTL,941,0.102011
11,393435,942,0.008906
11,ours-406478,942,0.005911
11,KACTL,942,0.111268
11,simd-v0,942,0.015199
11,ours-406478,943,0.005962
11,KACTL,943,0.102723
11,simd-v0,943,0.015219
11,393435,943,0.009017
11,KACTL,944,0.102071
11,simd-v0,944,0.015178
11,393435,944,0.008927
11,ours-406478,944,0.005911
11,simd-v0,945,0.015299
11,393435,945,0.008936
11,ours-406478,945,0.005921
11,KACTL,945,0.101931
11,393435,946,0.008917
11,ours-406478,946,0.005931
11,KACTL,946,0.102071
11,simd-v0,946,0.015218
11,ours-406478,947,0.005911
11,KACTL,947,0.101951
11,simd-v0,947,0.015149
11,393435,947,0.008927
11,KACTL,948,0.102122
11,simd-v0,948,0.015169
11,393435,948,0.008917
11,ours-406478,948,0.005922
11,simd-v0,949,0.015238
11,393435,949,0.009017
11,ours-406478,949,0.005912
11,KACTL,949,0.110838
11,393435,950,0.008977
11,ours-406478,950,0.005971
11,KACTL,950,0.102081
11,simd-v0,950,0.015238
11,ours-406478,951,0.005991
11,KACTL,951,0.101861
11,simd-v0,951,0.015179
11,393435,951,0.008997
11,KACTL,952,0.101941
11,simd-v0,952,0.015129
11,393435,952,0.008887
11,ours-406478,952,0.005901
11,simd-v0,953,0.015138
11,393435,953,0.008977
11,ours-406478,953,0.005901
11,KACTL,953,0.101951
11,393435,954,0.009007
11,ours-406478,954,0.005911
11,KACTL,954,0.102042
11,simd-v0,954,0.015259
11,ours-406478,955,0.005881
11,KACTL,955,0.101911
11,simd-v0,955,0.015278
11,393435,955,0.008926
11,KACTL,956,0.101921
11,simd-v0,956,0.025307
11,393435,956,0.008937
11,ours-406478,956,0.005991
11,simd-v0,957,0.015158
11,393435,957,0.008966
11,ours-406478,957,0.005931
11,KACTL,957,0.102903
11,393435,958,0.008927
11,ours-406478,958,0.005921
11,KACTL,958,0.102011
11,simd-v0,958,0.015259
11,ours-406478,959,0.005891
11,KACTL,959,0.102011
11,simd-v0,959,0.015248
11,393435,959,0.008906
11,KACTL,960,0.102031
11,simd-v0,960,0.015269
11,393435,960,0.008917
11,ours-406478,960,0.005931
11,simd-v0,961,0.015178
11,393435,961,0.008946
11,ours-406478,961,0.005921
11,KACTL,961,0.101962
11,393435,962,0.008887
11,ours-406478,962,0.005891
11,KACTL,962,0.101951
11,simd-v0,962,0.015158
11,ours-406478,963,0.005892
11,KACTL,963,0.101891
11,simd-v0,963,0.015258
11,393435,963,0.008887
11,KACTL,964,0.289663
11,simd-v0,964,0.015298
11,393435,964,0.009057
11,ours-406478,964,0.006151
11,simd-v0,965,0.015198
11,393435,965,0.008916
11,ours-406478,965,0.005921
11,KACTL,965,0.101961
11,393435,966,0.008967
11,ours-406478,966,0.005891
11,KACTL,966,0.101971
11,simd-v0,966,0.015209
11,ours-406478,967,0.005911
11,KACTL,967,0.102182
11,simd-v0,967,0.015159
11,393435,967,0.008916
11,KACTL,968,0.102131
11,simd-v0,968,0.015168
11,393435,968,0.008927
11,ours-406478,968,0.005991
11,simd-v0,969,0.015138
11,393435,969,0.008916
11,ours-406478,969,0.005901
11,KACTL,969,0.101811
11,393435,970,0.008906
11,ours-406478,970,0.005981
11,KACTL,970,0.102201
11,simd-v0,970,0.015259
11,ours-406478,971,0.005881
11,KACTL,971,0.101861
11,simd-v0,971,0.015209
11,393435,971,0.008987
11,KACTL,972,0.102151
11,simd-v0,972,0.015228
11,393435,972,0.008897
11,ours-406478,972,0.005991
11,simd-v0,973,0.015159
11,393435,973,0.008876
11,ours-406478,973,0.005932
11,KACTL,973,0.102021
11,393435,974,0.008957
11,ours-406478,974,0.005891
11,KACTL,974,0.102141
11,simd-v0,974,0.015158
11,ours-406478,975,0.005891
11,KACTL,975,0.102062
11,simd-v0,975,0.015189
11,393435,975,0.008917
11,KACTL,976,0.101941
11,simd-v0,976,0.015209
11,393435,976,0.008887
11,ours-406478,976,0.005902
11,simd-v0,977,0.015249
11,393435,977,0.009017
11,ours-406478,977,0.005912
11,KACTL,977,0.110948
11,393435,978,0.008957
11,ours-406478,978,0.005971
11,KACTL,978,0.102703
11,simd-v0,978,0.015259
11,ours-406478,979,0.005901
11,KACTL,979,0.102022
11,simd-v0,979,0.015139
11,393435,979,0.008937
11,KACTL,980,0.102262
11,simd-v0,980,0.015138
11,393435,980,0.008877
11,ours-406478,980,0.005912
11,simd-v0,981,0.015098
11,393435,981,0.008987
11,ours-406478,981,0.005941
11,KACTL,981,0.101981
11,393435,982,0.008957
11,ours-406478,982,0.005911
11,KACTL,982,0.102011
11,simd-v0,982,0.015359
11,ours-406478,983,0.005911
11,KACTL,983,0.102002
11,simd-v0,983,0.015309
11,393435,983,0.008887
11,KACTL,984,0.110877
11,simd-v0,984,0.015139
11,393435,984,0.008927
11,ours-406478,984,0.005991
11,simd-v0,985,0.015169
11,393435,985,0.009047
11,ours-406478,985,0.005911
11,KACTL,985,0.102843
11,393435,986,0.008906
11,ours-406478,986,0.005891
11,KACTL,986,0.101991
11,simd-v0,986,0.015199
11,ours-406478,987,0.005901
11,KACTL,987,0.101871
11,simd-v0,987,0.015289
11,393435,987,0.008927
11,KACTL,988,0.101951
11,simd-v0,988,0.017723
11,393435,988,0.008897
11,ours-406478,988,0.005941
11,simd-v0,989,0.015159
11,393435,989,0.008917
11,ours-406478,989,0.005921
11,KACTL,989,0.101971
11,393435,990,0.008906
11,ours-406478,990,0.005901
11,KACTL,990,0.102142
11,simd-v0,990,0.015269
11,ours-406478,991,0.005901
11,KACTL,991,0.102032
11,simd-v0,991,0.015148
11,393435,991,0.018465
11,KACTL,992,0.102101
11,simd-v0,992,0.015299
11,393435,992,0.008926
11,ours-406478,992,0.006062
11,simd-v0,993,0.015138
11,393435,993,0.008936
11,ours-406478,993,0.005971
11,KACTL,993,0.101981
11,393435,994,0.008916
11,ours-406478,994,0.005921
11,KACTL,994,0.102062
11,simd-v0,994,0.015249
11,ours-406478,995,0.006001
11,KACTL,995,0.101992
11,simd-v0,995,0.015199
11,393435,995,0.008997
11,KACTL,996,0.102071
11,simd-v0,996,0.015309
11,393435,996,0.008927
11,ours-406478,996,0.005891
11,simd-v0,997,0.015229
11,393435,997,0.008926
11,ours-406478,997,0.005901
11,KACTL,997,0.101952
11,393435,998,0.008957
11,ours-406478,998,0.005891
11,KACTL,998,0.101921
11,simd-v0,998,0.015178
11,ours-406478,999,0.005892
11,KACTL,999,0.111970
11,simd-v0,999,0.015188
11,393435,999,0.009007
11,KACTL,1000,0.102191
11,simd-v0,1000,0.015178
11,393435,1000,0.008897
11,ours-406478,1000,0.006012
12,KACTL,0,0.219422
12,simd-v0,0,0.029274
12,393435,0,0.020038
12,ours-406478,0,0.012644
12,simd-v0,1,0.029204
12,393435,1,0.019877
12,ours-406478,1,0.012523
12,KACTL,1,0.219291
12,393435,2,0.019998
12,ours-406478,2,0.012484
12,KACTL,2,0.229130
12,simd-v0,2,0.029305
12,ours-406478,3,0.012583
12,KACTL,3,0.219402
12,simd-v0,3,0.029215
12,393435,3,0.020148
12,KACTL,4,0.219371
12,simd-v0,4,0.029135
12,393435,4,0.019907
12,ours-406478,4,0.012614
12,simd-v0,5,0.029165
12,393435,5,0.019898
12,ours-406478,5,0.012504
12,KACTL,5,0.219602
12,393435,6,0.019927
12,ours-406478,6,0.022523
12,KACTL,6,0.220333
12,simd-v0,6,0.029455
12,ours-406478,7,0.012564
12,KACTL,7,0.219281
12,simd-v0,7,0.029265
12,393435,7,0.020148
12,KACTL,8,0.219352
12,simd-v0,8,0.029325
12,393435,8,0.019907
12,ours-406478,8,0.012603
12,simd-v0,9,0.029125
12,393435,9,0.019887
12,ours-406478,9,0.012464
12,KACTL,9,0.229981
12,393435,10,0.020067
12,ours-406478,10,0.012744
12,KACTL,10,0.219391
12,simd-v0,10,0.029255
12,ours-406478,11,0.012493
12,KACTL,11,0.219461
12,simd-v0,11,0.029325
12,393435,11,0.020168
12,KACTL,12,0.219352
12,simd-v0,12,0.029155
12,393435,12,0.019948
12,ours-406478,12,0.022352
12,simd-v0,13,0.029265
12,393435,13,0.020057
12,ours-406478,13,0.012563
12,KACTL,13,0.220253
12,393435,14,0.019907
12,ours-406478,14,0.012433
12,KACTL,14,0.219261
12,simd-v0,14,0.029165
12,ours-406478,15,0.012524
12,KACTL,15,0.219352
12,simd-v0,15,0.029125
12,393435,15,0.020057
12,KACTL,16,0.243928
12,simd-v0,16,0.029175
12,393435,16,0.020188
12,ours-406478,16,0.012804
12,simd-v0,17,0.029144
12,393435,17,0.019967
12,ours-406478,17,0.012453
12,KACTL,17,0.219602
12,393435,18,0.019897
12,ours-406478,18,0.012493
12,KACTL,18,0.219211
12,simd-v0,18,0.029346
12,ours-406478,19,0.012523
12,KACTL,19,0.219412
12,simd-v0,19,0.041959
12,393435,19,0.020058
12,KACTL,20,0.220694
12,simd-v0,20,0.029154
12,393435,20,0.019957
12,ours-406478,20,0.012724
12,simd-v0,21,0.029095
12,393435,21,0.019988
12,ours-406478,21,0.012464
12,KACTL,21,0.219372
12,393435,22,0.019908
12,ours-406478,22,0.012474
12,KACTL,22,0.219201
12,simd-v0,22,0.029145
12,ours-406478,23,0.012473
12,KACTL,23,0.229019
12,simd-v0,23,0.029175
12,393435,23,0.020018
12,KACTL,24,0.219331
12,simd-v0,24,0.029005
12,393435,24,0.019958
12,ours-406478,24,0.012723
12,simd-v0,25,0.029074
12,393435,25,0.019937
12,ours-406478,25,0.015118
12,KACTL,25,0.219421
12,393435,26,0.019977
12,ours-406478,26,0.012573
12,KACTL,26,0.228779
12,simd-v0,26,0.029265
12,ours-406478,27,0.012573
12,KACTL,27,0.220173
12,simd-v0,27,0.029125
12,393435,27,0.020218
12,KACTL,28,0.219692
12,simd-v0,28,0.029155
12,393435,28,0.020018
12,ours-406478,28,0.012624
12,simd-v0,29,0.029144
12,393435,29,0.019937
12,ours-406478,29,0.012463
12,KACTL,29,0.219602
12,393435,30,0.019847
12,ours-406478,30,0.012573
12,KACTL,30,0.229160
12,simd-v0,30,0.029284
12,ours-406478,31,0.012614
12,KACTL,31,0.219292
12,simd-v0,31,0.029154
12,393435,31,0.020128
12,KACTL,32,0.219462
12,simd-v0,32,0.029244
12,393435,32,0.019857
12,ours-406478,32,0.012594
12,simd-v0,33,0.029105
12,393435,33,0.019958
12,ours-406478,33,0.012474
12,KACTL,33,0.229310
12,393435,34,0.020148
12,ours-406478,34,0.012683
12,KACTL,34,0.220464
12,simd-v0,34,0.029215
12,ours-406478,35,0.012473
12,KACTL,35,0.219552
12,simd-v0,35,0.029155
12,393435,35,0.020087
12,KACTL,36,0.219461
12,simd-v0,36,0.029174
12,393435,36,0.019987
12,ours-406478,36,0.012654
12,simd-v0,37,0.039795
12,393435,37,0.019998
12,ours-406478,37,0.012724
12,KACTL,37,0.220223
12,393435,38,0.019948
12,ours-406478,38,0.012494
12,KACTL,38,0.219412
12,simd-v0,38,0.029275
12,ours-406478,39,0.012474
12,KACTL,39,0.219231
12,simd-v0,39,0.029174
12,393435,39,0.019937
12,KACTL,40,0.228879
12,simd-v0,40,0.029215
12,393435,40,0.020028
12,ours-406478,40,0.012674
12,simd-v0,41,0.029165
12,393435,41,0.019938
12,ours-406478,41,0.012434
12,KACTL,41,0.219472
12,393435,42,0.019887
12,ours-406478,42,0.012554
12,KACTL,42,0.219151
12,simd-v0,42,0.029194
12,ours-406478,43,0.012573
12,KACTL,43,0.219331
12,simd-v0,43,0.029266
12,393435,43,0.029575
12,KACTL,44,0.220484
12,simd-v0,44,0.029175
12,393435,44,0.020047
12,ours-406478,44,0.012674
12,simd-v0,45,0.029155
12,393435,45,0.020048
12,ours-406478,45,0.012444
12,KACTL,45,0.219512
12,393435,46,0.020037
12,ours-406478,46,0.012503
12,KACTL,46,0.219242
12,simd-v0,46,0.029175
12,ours-406478,47,0.012484
12,KACTL,47,0.229100
12,simd-v0,47,0.029185
12,393435,47,0.020098
12,KACTL,48,0.219262
12,simd-v0,48,0.029245
12,393435,48,0.019898
12,ours-406478,48,0.012714
12,simd-v0,49,0.029064
12,393435,49,0.019987
12,ours-406478,49,0.012503
12,KACTL,49,0.219531
12,393435,50,0.019897
12,ours-406478,50,0.012514
12,KACTL,50,0.228869
12,simd-v0,50,0.029104
12,ours-406478,51,0.012624
12,KACTL,51,0.219401
12,simd-v0,51,0.029165
12,393435,51,0.020198
12,KACTL,52,0.219482
12,simd-v0,52,0.029215
12,393435,52,0.019908
12,ours-406478,52,0.012574
12,simd-v0,53,0.029175
12,393435,53,0.019847
12,ours-406478,53,0.012494
12,KACTL,53,0.219572
12,393435,54,0.019867
12,ours-406478,54,0.012453
12,KACTL,54,0.231254
12,simd-v0,54,0.029194
12,ours-406478,55,0.012664
12,KACTL,55,0.219482
12,simd-v0,55,0.029165
12,393435,55,0.020087
12,KACTL,56,0.219311
12,simd-v0,56,0.029095
12,393435,56,0.019997
12,ours-406478,56,0.012593
12,simd-v0,57,0.029275
12,393435,57,0.019988
12,ours-406478,57,0.012433
12,KACTL,57,0.228919
12,393435,58,0.020038
12,ours-406478,58,0.012634
12,KACTL,58,0.220323
12,simd-v0,58,0.029164
12,ours-406478,59,0.012574
12,KACTL,59,0.221926
12,simd-v0,59,0.029224
12,393435,59,0.019998
12,KACTL,60,0.219352
12,simd-v0,60,0.029295
12,393435,60,0.019998
12,ours-406478,60,0.012634
12,simd-v0,61,0.029144
12,393435,61,0.019967
12,ours-406478,61,0.022191
12,KACTL,61,0.220313
12,393435,62,0.020068
12,ours-406478,62,0.012524
12,KACTL,62,0.219342
12,simd-v0,62,0.029265
12,ours-406478,63,0.012433
12,KACTL,63,0.219491
12,simd-v0,63,0.029224
12,393435,63,0.019917
12,KACTL,64,0.228919
12,simd-v0,64,0.029094
12,393435,64,0.019927
12,ours-406478,64,0.012734
12,simd-v0,65,0.029104
12,393435,65,0.019917
12,ours-406478,65,0.012463
12,KACTL,65,0.219582
12,393435,66,0.020078
12,ours-406478,66,0.012453
12,KACTL,66,0.219351
12,simd-v0,66,0.029215
12,ours-406478,67,0.012433
12,KACTL,67,0.219281
12,simd-v0,67,0.029064
12,393435,67,0.020028
12,KACTL,68,0.228899
12,simd-v0,68,0.029265
12,393435,68,0.019938
12,ours-406478,68,0.012664
12,simd-v0,69,0.029104
12,393435,69,0.019937
12,ours-406478,69,0.012513
12,KACTL,69,0.219421
12,393435,70,0.019917
12,ours-406478,70,0.012553
12,KACTL,70,0.219381
12,simd-v0,70,0.029436
12,ours-406478,71,0.012463
12,KACTL,71,0.228779
12,simd-v0,71,0.029155
12,393435,71,0.020068
12,KACTL,72,0.219381
12,simd-v0,72,0.029105
12,393435,72,0.019968
12,ours-406478,72,0.012643
12,simd-v0,73,0.029205
12,393435,73,0.019967
12,ours-406478,73,0.012433
12,KACTL,73,0.219512
12,393435,74,0.019998
12,ours-406478,74,0.012533
12,KACTL,74,0.219402
12,simd-v0,74,0.029485
12,ours-406478,75,0.022121
12,KACTL,75,0.219562
12,simd-v0,75,0.029145
12,393435,75,0.020127
12,KACTL,76,0.219331
12,simd-v0,76,0.029145
12,393435,76,0.019987
12,ours-406478,76,0.012604
12,simd-v0,77,0.029174
12,393435,77,0.020047
12,ours-406478,77,0.012454
12,KACTL,77,0.219332
12,393435,78,0.019837
12,ours-406478,78,0.012504
12,KACTL,78,0.228759
12,simd-v0,78,0.029225
12,ours-406478,79,0.012694
12,KACTL,79,0.219411
12,simd-v0,79,0.029205
12,393435,79,0.020027
12,KACTL,80,0.219482
12,simd-v0,80,0.029145
12,393435,80,0.019928
12,ours-406478,80,0.012704
12,simd-v0,81,0.029195
12,393435,81,0.020068
12,ours-406478,81,0.012474
12,KACTL,81,0.229771
12,393435,82,0.020017
12,ours-406478,82,0.012634
12,KACTL,82,0.219952
12,simd-v0,82,0.029174
12,ours-406478,83,0.012543
12,KACTL,83,0.219351
12,simd-v0,83,0.029315
12,393435,83,0.020047
12,KACTL,84,0.219191
12,simd-v0,84,0.029094
12,393435,84,0.020017
12,ours-406478,84,0.012614
12,simd-v0,85,0.029115
12,393435,85,0.019877
12,ours-406478,85,0.012513
12,KACTL,85,0.229480
12,393435,86,0.020178
12,ours-406478,86,0.012694
12,KACTL,86,0.219342
12,simd-v0,86,0.029185
12,ours-406478,87,0.012524
12,KACTL,87,0.219282
12,simd-v0,87,0.029155
12,393435,87,0.020058
12,KACTL,88,0.219843
12,simd-v0,88,0.038973
12,393435,88,0.019967
12,ours-406478,88,0.012764
12,simd-v0,89,0.029084
12,393435,89,0.019937
12,ours-406478,89,0.012544
12,KACTL,89,0.220343
12,393435,90,0.020017
12,ours-406478,90,0.012464
12,KACTL,90,0.219222
12,simd-v0,90,0.029225
12,ours-406478,91,0.012444
12,KACTL,91,0.219452
12,simd-v0,91,0.029085
12,393435,91,0.019987
12,KACTL,92,0.229250
12,simd-v0,92,0.029275
12,393435,92,0.020728
12,ours-406478,92,0.012694
12,simd-v0,93,0.029094
12,393435,93,0.019837
12,ours-406478,93,0.012474
12,KACTL,93,0.219542
12,393435,94,0.019858
12,ours-406478,94,0.012494
12,KACTL,94,0.222147
12,simd-v0,94,0.029295
12,ours-406478,95,0.012533
12,KACTL,95,0.229210
12,simd-v0,95,0.029355
12,393435,95,0.020057
12,KACTL,96,0.219481
12,simd-v0,96,0.029144
12,393435,96,0.019897
12,ours-406478,96,0.012684
12,simd-v0,97,0.029225
12,393435,97,0.019948
12,ours-406478,97,0.012454
12,KACTL,97,0.219572
12,393435,98,0.019867
12,ours-406478,98,0.012514
12,KACTL,98,0.219412
12,simd-v0,98,0.029275
12,ours-406478,99,0.012553
12,KACTL,99,0.262673
12,simd-v0,99,0.029345
12,393435,99,0.020398
12,KACTL,100,0.219461
12,simd-v0,100,0.029174
12,393435,100,0.019987
12,ours-406478,100,0.012895
12,simd-v0,101,0.029185
12,393435,101,0.019938
12,ours-406478,101,0.012494
12,KACTL,101,0.219542
12,393435,102,0.019977
12,ours-406478,102,0.012523
12,KACTL,102,0.230993
12,simd-v0,102,0.029435
12,ours-406478,103,0.012663
12,KACTL,103,0.220213
12,simd-v0,103,0.029154
12,393435,103,0.020098
12,KACTL,104,0.219131
12,simd-v0,104,0.029195
12,393435,104,0.019997
12,ours-406478,104,0.012563
12,simd-v0,105,0.029135
12,393435,105,0.019907
12,ours-406478,105,0.012443
12,KACTL,105,0.229480
12,393435,106,0.019998
12,ours-406478,106,0.012704
12,KACTL,106,0.219501
12,simd-v0,106,0.029275
12,ours-406478,107,0.012433
12,KACTL,107,0.219271
12,simd-v0,107,0.029014
12,393435,107,0.019977
12,KACTL,108,0.238928
12,simd-v0,108,0.029365
12,393435,108,0.020198
12,ours-406478,108,0.012815
12,simd-v0,109,0.029095
12,393435,109,0.019867
12,ours-406478,109,0.012483
12,KACTL,109,0.231334
12,393435,110,0.019948
12,ours-406478,110,0.012945
12,KACTL,110,0.220222
12,simd-v0,110,0.029305
12,ours-406478,111,0.012534
12,KACTL,111,0.219382
12,simd-v0,111,0.029215
12,393435,111,0.019947
12,KACTL,112,0.229270
12,simd-v0,112,0.029244
12,393435,112,0.019997
12,ours-406478,112,0.012694
12,simd-v0,113,0.029104
12,393435,113,0.019797
12,ours-406478,113,0.012483
12,KACTL,113,0.219502
12,393435,114,0.019938
12,ours-406478,114,0.012554
12,KACTL,114,0.219392
12,simd-v0,114,0.029395
12,ours-406478,115,0.012473
12,KACTL,115,0.219321
12,simd-v0,115,0.029255
12,393435,115,0.020047
12,KACTL,116,0.229330
12,simd-v0,116,0.029255
12,393435,116,0.020008
12,ours-406478,116,0.012734
12,simd-v0,117,0.029215
12,393435,117,0.019937
12,ours-406478,117,0.012513
12,KACTL,117,0.219572
12,393435,118,0.019948
12,ours-406478,118,0.012534
12,KACTL,118,0.219322
12,simd-v0,118,0.029355
12,ours-406478,119,0.012553
12,KACTL,119,0.229090
12,simd-v0,119,0.029275
12,393435,119,0.020048
12,KACTL,120,0.219472
12,simd-v0,120,0.029075
12,393435,120,0.019908
12,ours-406478,120,0.012724
12,simd-v0,121,0.029024
12,393435,121,0.019958
12,ours-406478,121,0.012484
12,KACTL,121,0.219482
12,393435,122,0.020047
12,ours-406478,122,0.012444
12,KACTL,122,0.219412
12,simd-v0,122,0.029134
12,ours-406478,123,0.012644
12,KACTL,123,0.230362
12,simd-v0,123,0.029295
12,393435,123,0.020058
12,KACTL,124,0.219742
12,simd-v0,124,0.029185
12,393435,124,0.019928
12,ours-406478,124,0.012704
12,simd-v0,125,0.029114
12,393435,125,0.019937
12,ours-406478,125,0.012483
12,KACTL,125,0.219481
12,393435,126,0.019907
12,ours-406478,126,0.012504
12,KACTL,126,0.229250
12,simd-v0,126,0.029175
12,ours-406478,127,0.012603
12,KACTL,127,0.219902
12,simd-v0,127,0.029235
12,393435,127,0.020118
12,KACTL,128,0.222217
12,simd-v0,128,0.029115
12,393435,128,0.020058
12,ours-406478,128,0.012724
12,simd-v0,129,0.029094
12,393435,129,0.019837
12,ours-406478,129,0.012553
12,KACTL,129,0.241273
12,393435,130,0.020098
12,ours-406478,130,0.012744
12,KACTL,130,0.220223
12,simd-v0,130,0.029124
12,ours-406478,131,0.012603
12,KACTL,131,0.219401
12,simd-v0,131,0.029224
12,393435,131,0.020007
12,KACTL,132,0.219372
12,simd-v0,132,0.029145
12,393435,132,0.019877
12,ours-406478,132,0.012584
12,simd-v0,133,0.029005
12,393435,133,0.019957
12,ours-406478,133,0.012543
12,KACTL,133,0.230131
12,393435,134,0.020809
12,ours-406478,134,0.012684
12,KACTL,134,0.219412
12,simd-v0,134,0.029145
12,ours-406478,135,0.012473
12,KACTL,135,0.219371
12,simd-v0,135,0.029165
12,393435,135,0.020067
12,KACTL,136,0.219361
12,simd-v0,136,0.047169
12,393435,136,0.019997
12,ours-406478,136,0.012704
12,simd-v0,137,0.029074
12,393435,137,0.019908
12,ours-406478,137,0.012534
12,KACTL,137,0.220413
12,393435,138,0.020068
12,ours-406478,138,0.012483
12,KACTL,138,0.219331
12,simd-v0,138,0.029214
12,ours-406478,139,0.012513
12,KACTL,139,0.219361
12,simd-v0,139,0.029105
12,393435,139,0.020028
12,KACTL,140,0.228909
12,simd-v0,140,0.029425
12,393435,140,0.019967
12,ours-406478,140,0.012674
12,simd-v0,141,0.029145
12,393435,141,0.019918
12,ours-406478,141,0.012423
12,KACTL,141,0.219432
12,393435,142,0.020078
12,ours-406478,142,0.012544
12,KACTL,142,0.219632
12,simd-v0,142,0.029395
12,ours-406478,143,0.012504
12,KACTL,143,0.231895
12,simd-v0,143,0.029215
12,393435,143,0.020138
12,KACTL,144,0.220253
12,simd-v0,144,0.029145
12,393435,144,0.019927
12,ours-406478,144,0.012684
12,simd-v0,145,0.029164
12,393435,145,0.019887
12,ours-406478,145,0.012433
12,KACTL,145,0.219471
12,393435,146,0.019928
12,ours-406478,146,0.012484
12,KACTL,146,0.219482
12,simd-v0,146,0.029255
12,ours-406478,147,0.012574
12,KACTL,147,0.230021
12,simd-v0,147,0.029184
12,393435,147,0.020048
12,KACTL,148,0.219342
12,simd-v0,148,0.029135
12,393435,148,0.019857
12,ours-406478,148,0.012734
12,simd-v0,149,0.029034
12,393435,149,0.019978
12,ours-406478,149,0.012504
12,KACTL,149,0.219551
12,393435,150,0.019958
12,ours-406478,150,0.012503
12,KACTL,150,0.228780
12,simd-v0,150,0.029244
12,ours-406478,151,0.012734
12,KACTL,151,0.220103
12,simd-v0,151,0.029174
12,393435,151,0.020218
12,KACTL,152,0.219371
12,simd-v0,152,0.029115
12,393435,152,0.019898
12,ours-406478,152,0.012644
12,simd-v0,153,0.029095
12,393435,153,0.019948
12,ours-406478,153,0.012453
12,KACTL,153,0.219441
12,393435,154,0.029575
12,ours-406478,154,0.012654
12,KACTL,154,0.219491
12,simd-v0,154,0.029215
12,ours-406478,155,0.012524
12,KACTL,155,0.219442
12,simd-v0,155,0.029075
12,393435,155,0.020178
12,KACTL,156,0.219322
12,simd-v0,156,0.029165
12,393435,156,0.019897
12,ours-406478,156,0.012574
12,simd-v0,157,0.029135
12,393435,157,0.019817
12,ours-406478,157,0.012443
12,KACTL,157,0.229951
12,393435,158,0.020128
12,ours-406478,158,0.012653
12,KACTL,158,0.220193
12,simd-v0,158,0.029305
12,ours-406478,159,0.012503
12,KACTL,159,0.219361
12,simd-v0,159,0.029174
12,393435,159,0.020078
12,KACTL,160,0.219792
12,simd-v0,160,0.029194
12,393435,160,0.029516
12,ours-406478,160,0.012613
12,simd-v0,161,0.029205
12,393435,161,0.020077
12,ours-406478,161,0.012513
12,KACTL,161,0.221115
12,393435,162,0.020098
12,ours-406478,162,0.012583
12,KACTL,162,0.219442
12,simd-v0,162,0.031860
12,ours-406478,163,0.012474
12,KACTL,163,0.219452
12,simd-v0,163,0.029075
12,393435,163,0.020048
12,KACTL,164,0.229140
12,simd-v0,164,0.029285
12,393435,164,0.019958
12,ours-406478,164,0.012713
12,simd-v0,165,0.030046
12,393435,165,0.019977
12,ours-406478,165,0.012574
12,KACTL,165,0.219471
12,393435,166,0.019977
12,ours-406478,166,0.012503
12,KACTL,166,0.219331
12,simd-v0,166,0.029325
12,ours-406478,167,0.012453
12,KACTL,167,0.229821
12,simd-v0,167,0.029194
12,393435,167,0.020028
12,KACTL,168,0.219582
12,simd-v0,168,0.029284
12,393435,168,0.019917
12,ours-406478,168,0.012664
12,simd-v0,169,0.029225
12,393435,169,0.019958
12,ours-406478,169,0.012444
12,KACTL,169,0.219371
12,393435,170,0.019937
12,ours-406478,170,0.012513
12,KACTL,170,0.219371
12,simd-v0,170,0.029224
12,ours-406478,171,0.012564
12,KACTL,171,0.229140
12,simd-v0,171,0.029306
12,393435,171,0.020028
12,KACTL,172,0.220293
12,simd-v0,172,0.029145
12,393435,172,0.019997
12,ours-406478,172,0.012714
12,simd-v0,173,0.029124
12,393435,173,0.020007
12,ours-406478,173,0.012423
12,KACTL,173,0.219471
12,393435,174,0.019998
12,ours-406478,174,0.012504
12,KACTL,174,0.229531
12,simd-v0,174,0.029285
12,ours-406478,175,0.012855
12,KACTL,175,0.220253
12,simd-v0,175,0.029286
12,393435,175,0.019998
12,KACTL,176,0.219382
12,simd-v0,176,0.029055
12,393435,176,0.019887
12,ours-406478,176,0.012684
12,simd-v0,177,0.029105
12,393435,177,0.019898
12,ours-406478,177,0.012534
12,KACTL,177,0.219542
12,393435,178,0.019967
12,ours-406478,178,0.012503
12,KACTL,178,0.229050
12,simd-v0,178,0.029966
12,ours-406478,179,0.012674
12,KACTL,179,0.219291
12,simd-v0,179,0.029115
12,393435,179,0.020148
12,KACTL,180,0.219421
12,simd-v0,180,0.029174
12,393435,180,0.019917
12,ours-406478,180,0.012593
12,simd-v0,181,0.029255
12,393435,181,0.019918
12,ours-406478,181,0.012473
12,KACTL,181,0.231274
12,393435,182,0.020047
12,ours-406478,182,0.012654
12,KACTL,182,0.220373
12,simd-v0,182,0.029245
12,ours-406478,183,0.012504
12,KACTL,183,0.219321
12,simd-v0,183,0.029075
12,393435,183,0.020148
12,KACTL,184,0.219371
12,simd-v0,184,0.029195
12,393435,184,0.019898
12,ours-406478,184,0.012574
12,simd-v0,185,0.039073
12,393435,185,0.020058
12,ours-406478,185,0.012583
12,KACTL,185,0.220263
12,393435,186,0.019968
12,ours-406478,186,0.012564
12,KACTL,186,0.219441
12,simd-v0,186,0.029234
12,ours-406478,187,0.012544
12,KACTL,187,0.219331
12,simd-v0,187,0.029214
12,393435,187,0.020007
12,KACTL,188,0.228949
12,simd-v0,188,0.029215
12,393435,188,0.019918
12,ours-406478,188,0.012714
12,simd-v0,189,0.029155
12,393435,189,0.019887
12,ours-406478,189,0.012443
12,KACTL,189,0.220353
12,393435,190,0.019948
12,ours-406478,190,0.012473
12,KACTL,190,0.219422
12,simd-v0,190,0.029135
12,ours-406478,191,0.012594
12,KACTL,191,0.219581
12,simd-v0,191,0.029185
12,393435,191,0.029485
12,KACTL,192,0.220133
12,simd-v0,192,0.029184
12,393435,192,0.020027
12,ours-406478,192,0.012684
12,simd-v0,193,0.029045
12,393435,193,0.019917
12,ours-406478,193,0.012483
12,KACTL,193,0.219371
12,393435,194,0.019897
12,ours-406478,194,0.012514
12,KACTL,194,0.219302
12,simd-v0,194,0.029225
12,ours-406478,195,0.012514
12,KACTL,195,0.229330
12,simd-v0,195,0.029255
12,393435,195,0.020108
12,KACTL,196,0.219412
12,simd-v0,196,0.029175
12,393435,196,0.019877
12,ours-406478,196,0.012764
12,simd-v0,197,0.029074
12,393435,197,0.019978
12,ours-406478,197,0.012554
12,KACTL,197,0.221747
12,393435,198,0.019968
12,ours-406478,198,0.012614
12,KACTL,198,0.228799
12,simd-v0,198,0.029155
12,ours-406478,199,0.012643
12,KACTL,199,0.219502
12,simd-v0,199,0.029134
12,393435,199,0.020198
12,KACTL,200,0.219351
12,simd-v0,200,0.029155
12,393435,200,0.019858
12,ours-406478,200,0.012554
12,simd-v0,201,0.029215
12,393435,201,0.019808
12,ours-406478,201,0.012464
12,KACTL,201,0.219362
12,393435,202,0.019857
12,ours-406478,202,0.012563
12,KACTL,202,0.229069
12,simd-v0,202,0.029364
12,ours-406478,203,0.012654
12,KACTL,203,0.220172
12,simd-v0,203,0.029215
12,393435,203,0.020168
12,KACTL,204,0.219301
12,simd-v0,204,0.029095
12,393435,204,0.019878
12,ours-406478,204,0.012624
12,simd-v0,205,0.029075
12,393435,205,0.020028
12,ours-406478,205,0.012454
12,KACTL,205,0.228819
12,393435,206,0.020078
12,ours-406478,206,0.012634
12,KACTL,206,0.220173
12,simd-v0,206,0.029265
12,ours-406478,207,0.012523
12,KACTL,207,0.219371
12,simd-v0,207,0.029145
12,393435,207,0.020108
12,KACTL,208,0.219321
12,simd-v0,208,0.029074
12,393435,208,0.019998
12,ours-406478,208,0.012653
12,simd-v0,209,0.029255
12,393435,209,0.030948
12,ours-406478,209,0.012584
12,KACTL,209,0.219612
12,393435,210,0.019977
12,ours-406478,210,0.012473
12,KACTL,210,0.219502
12,simd-v0,210,0.029315
12,ours-406478,211,0.012433
12,KACTL,211,0.219261
12,simd-v0,211,0.029204
12,393435,211,0.020137
12,KACTL,212,0.228879
12,simd-v0,212,0.029215
12,393435,212,0.020098
12,ours-406478,212,0.012714
12,simd-v0,213,0.029015
12,393435,213,0.019868
12,ours-406478,213,0.012463
12,KACTL,213,0.219572
12,393435,214,0.019908
12,ours-406478,214,0.012433
12,KACTL,214,0.219241
12,simd-v0,214,0.029335
12,ours-406478,215,0.012513
12,KACTL,215,0.219251
12,simd-v0,215,0.029355
12,393435,215,0.019988
12,KACTL,216,0.228789
12,simd-v0,216,0.029145
12,393435,216,0.020128
12,ours-406478,216,0.012674
12,simd-v0,217,0.029035
12,393435,217,0.019917
12,ours-406478,217,0.012403
12,KACTL,217,0.219311
12,393435,218,0.019928
12,ours-406478,218,0.012453
12,KACTL,218,0.219432
12,simd-v0,218,0.029235
12,ours-406478,219,0.012454
12,KACTL,219,0.229290
12,simd-v0,219,0.029165
12,393435,219,0.020158
12,KACTL,220,0.220173
12,simd-v0,220,0.029045
12,393435,220,0.019978
12,ours-406478,220,0.012643
12,simd-v0,221,0.029094
12,393435,221,0.019908
12,ours-406478,221,0.012533
12,KACTL,221,0.219261
12,393435,222,0.019877
12,ours-406478,222,0.012503
12,KACTL,222,0.219401
12,simd-v0,222,0.038893
12,ours-406478,223,0.012594
12,KACTL,223,0.219352
12,simd-v0,223,0.029846
12,393435,223,0.020268
12,KACTL,224,0.219342
12,simd-v0,224,0.029115
12,393435,224,0.019907
12,ours-406478,224,0.012574
12,simd-v0,225,0.029255
12,393435,225,0.019847
12,ours-406478,225,0.012474
12,KACTL,225,0.219412
12,393435,226,0.019988
12,ours-406478,226,0.012483
12,KACTL,226,0.229100
12,simd-v0,226,0.029234
12,ours-406478,227,0.012634
12,KACTL,227,0.219452
12,simd-v0,227,0.029265
12,393435,227,0.020208
12,KACTL,228,0.219472
12,simd-v0,228,0.029055
12,393435,228,0.019998
12,ours-406478,228,0.012564
12,simd-v0,229,0.029025
12,393435,229,0.019948
12,ours-406478,229,0.012484
12,KACTL,229,0.228970
12,393435,230,0.020087
12,ours-406478,230,0.012624
12,KACTL,230,0.219352
12,simd-v0,230,0.029165
12,ours-406478,231,0.012514
12,KACTL,231,0.219291
12,simd-v0,231,0.031960
12,393435,231,0.020147
12,KACTL,232,0.219392
12,simd-v0,232,0.029084
12,393435,232,0.019958
12,ours-406478,232,0.012614
12,simd-v0,233,0.029035
12,393435,233,0.019907
12,ours-406478,233,0.012443
12,KACTL,233,0.228979
12,393435,234,0.020018
12,ours-406478,234,0.012594
12,KACTL,234,0.219251
12,simd-v0,234,0.029275
12,ours-406478,235,0.012453
12,KACTL,235,0.219211
12,simd-v0,235,0.029025
12,393435,235,0.019968
12,KACTL,236,0.219682
12,simd-v0,236,0.038712
12,393435,236,0.020008
12,ours-406478,236,0.012724
12,simd-v0,237,0.029115
12,393435,237,0.020038
12,ours-406478,237,0.012433
12,KACTL,237,0.219732
12,393435,238,0.020027
12,ours-406478,238,0.012433
12,KACTL,238,0.219211
12,simd-v0,238,0.029225
12,ours-406478,239,0.012473
12,KACTL,239,0.219342
12,simd-v0,239,0.029044
12,393435,239,0.020078
12,KACTL,240,0.228880
12,simd-v0,240,0.029255
12,393435,240,0.020037
12,ours-406478,240,0.012684
12,simd-v0,241,0.029155
12,393435,241,0.020007
12,ours-406478,241,0.012443
12,KACTL,241,0.219491
12,393435,242,0.019827
12,ours-406478,242,0.012554
12,KACTL,242,0.219561
12,simd-v0,242,0.029315
12,ours-406478,243,0.012493
12,KACTL,243,0.243537
12,simd-v0,243,0.029385
12,393435,243,0.020248
12,KACTL,244,0.220193
12,simd-v0,244,0.029145
12,393435,244,0.019877
12,ours-406478,244,0.012764
12,simd-v0,245,0.029064
12,393435,245,0.019887
12,ours-406478,245,0.012433
12,KACTL,245,0.219461
12,393435,246,0.019917
12,ours-406478,246,0.012534
12,KACTL,246,0.219632
12,simd-v0,246,0.029335
12,ours-406478,247,0.012464
12,KACTL,247,0.231174
12,simd-v0,247,0.029134
12,393435,247,0.020098
12,KACTL,248,0.219361
12,simd-v0,248,0.029224
12,393435,248,0.019917
12,ours-406478,248,0.012644
12,simd-v0,249,0.029245
12,393435,249,0.019898
12,ours-406478,249,0.012644
12,KACTL,249,0.219552
12,393435,250,0.020058
12,ours-406478,250,0.012584
12,KACTL,250,0.230312
12,simd-v0,250,0.029285
12,ours-406478,251,0.012584
12,KACTL,251,0.220253
12,simd-v0,251,0.029075
12,393435,251,0.020147
12,KACTL,252,0.219372
12,simd-v0,252,0.029125
12,393435,252,0.019837
12,ours-406478,252,0.012533
12,simd-v0,253,0.029225
12,393435,253,0.019877
12,ours-406478,253,0.012463
12,KACTL,253,0.229029
12,393435,254,0.019998
12,ours-406478,254,0.012703
12,KACTL,254,0.238367
12,simd-v0,254,0.029315
12,ours-406478,255,0.012864
12,KACTL,255,0.220173
12,simd-v0,255,0.029245
12,393435,255,0.020368
12,KACTL,256,0.219311
12,simd-v0,256,0.029195
12,393435,256,0.019907
12,ours-406478,256,0.012624
12,simd-v0,257,0.029135
12,393435,257,0.019907
12,ours-406478,257,0.012433
12,KACTL,257,0.231705
12,393435,258,0.020108
12,ours-406478,258,0.012574
12,KACTL,258,0.241763
12,simd-v0,258,0.029264
12,ours-406478,259,0.013004
12,KACTL,259,0.219823
12,simd-v0,259,0.029195
12,393435,259,0.020127
12,KACTL,260,0.231564
12,simd-v0,260,0.029175
12,393435,260,0.020107
12,ours-406478,260,0.012683
12,simd-v0,261,0.029074
12,393435,261,0.020018
12,ours-406478,261,0.012443
12,KACTL,261,0.219722
12,393435,262,0.020037
12,ours-406478,262,0.012433
12,KACTL,262,0.219892
12,simd-v0,262,0.029264
12,ours-406478,263,0.012463
12,KACTL,263,0.219492
12,simd-v0,263,0.029054
12,393435,263,0.020028
12,KACTL,264,0.229771
12,simd-v0,264,0.029195
12,393435,264,0.019998
12,ours-406478,264,0.012734
12,simd-v0,265,0.029896
12,393435,265,0.019908
12,ours-406478,265,0.012514
12,KACTL,265,0.219732
12,393435,266,0.020068
12,ours-406478,266,0.015349
12,KACTL,266,0.219241
12,simd-v0,266,0.029386
12,ours-406478,267,0.012453
12,KACTL,267,0.229230
12,simd-v0,267,0.029124
12,393435,267,0.020208
12,KACTL,268,0.220072
12,simd-v0,268,0.029124
12,393435,268,0.019937
12,ours-406478,268,0.012704
12,simd-v0,269,0.029145
12,393435,269,0.020008
12,ours-406478,269,0.012434
12,KACTL,269,0.219552
12,393435,270,0.019877
12,ours-406478,270,0.012544
12,KACTL,270,0.219141
12,simd-v0,270,0.029245
12,ours-406478,271,0.025828
12,KACTL,271,0.219491
12,simd-v0,271,0.029585
12,393435,271,0.020167
12,KACTL,272,0.219371
12,simd-v0,272,0.029125
12,393435,272,0.019887
12,ours-406478,272,0.012594
12,simd-v0,273,0.029214
12,393435,273,0.019937
12,ours-406478,273,0.012453
12,KACTL,273,0.219491
12,393435,274,0.019878
12,ours-406478,274,0.012454
12,KACTL,274,0.229530
12,simd-v0,274,0.029445
12,ours-406478,275,0.012664
12,KACTL,275,0.220273
12,simd-v0,275,0.029135
12,393435,275,0.020017
12,KACTL,276,0.219071
12,simd-v0,276,0.029055
12,393435,276,0.020028
12,ours-406478,276,0.012534
12,simd-v0,277,0.029225
12,393435,277,0.020078
12,ours-406478,277,0.012413
12,KACTL,277,0.229340
12,393435,278,0.020148
12,ours-406478,278,0.012664
12,KACTL,278,0.220313
12,simd-v0,278,0.029255
12,ours-406478,279,0.012534
12,KACTL,279,0.219702
12,simd-v0,279,0.029204
12,393435,279,0.019947
12,KACTL,280,0.219241
12,simd-v0,280,0.029195
12,393435,280,0.019897
12,ours-406478,280,0.012593
12,simd-v0,281,0.029104
12,393435,281,0.019957
12,ours-406478,281,0.012413
12,KACTL,281,0.229720
12,393435,282,0.020008
12,ours-406478,282,0.012634
12,KACTL,282,0.219962
12,simd-v0,282,0.029185
12,ours-406478,283,0.012504
12,KACTL,283,0.219492
12,simd-v0,283,0.029105
12,393435,283,0.019918
12,KACTL,284,0.219242
12,simd-v0,284,0.038772
12,393435,284,0.019917
12,ours-406478,284,0.012744
12,simd-v0,285,0.029095
12,393435,285,0.019908
12,ours-406478,285,0.012554
12,KACTL,285,0.220363
12,393435,286,0.019948
12,ours-406478,286,0.012463
12,KACTL,286,0.219301
12,simd-v0,286,0.029225
12,ours-406478,287,0.012433
12,KACTL,287,0.219361
12,simd-v0,287,0.029084
12,393435,287,0.019958
12,KACTL,288,0.228709
12,simd-v0,288,0.029284
12,393435,288,0.019967
12,ours-406478,288,0.012654
12,simd-v0,289,0.029104
12,393435,289,0.020097
12,ours-406478,289,0.012443
12,KACTL,289,0.219732
12,393435,290,0.019887
12,ours-406478,290,0.012504
12,KACTL,290,0.219241
12,simd-v0,290,0.029245
12,ours-406478,291,0.012474
12,KACTL,291,0.228949
12,simd-v0,291,0.029105
12,393435,291,0.020528
12,KACTL,292,0.219792
12,simd-v0,292,0.029135
12,393435,292,0.019938
12,ours-406478,292,0.013646
12,simd-v0,293,0.029105
12,393435,293,0.019907
12,ours-406478,293,0.012514
12,KACTL,293,0.219862
12,393435,294,0.019968
12,ours-406478,294,0.012524
12,KACTL,294,0.219302
12,simd-v0,294,0.029295
12,ours-406478,295,0.012463
12,KACTL,295,0.230793
12,simd-v0,295,0.029215
12,393435,295,0.020198
12,KACTL,296,0.220063
12,simd-v0,296,0.029205
12,393435,296,0.019927
12,ours-406478,296,0.012664
12,simd-v0,297,0.029205
12,393435,297,0.019847
12,ours-406478,297,0.012423
12,KACTL,297,0.219622
12,393435,298,0.019928
12,ours-406478,298,0.012514
12,KACTL,298,0.230833
12,simd-v0,298,0.029215
12,ours-406478,299,0.012623
12,KACTL,299,0.219542
12,simd-v0,299,0.029255
12,393435,299,0.020057
12,KACTL,300,0.221526
12,simd-v0,300,0.029225
12,393435,300,0.019928
12,ours-406478,300,0.012574
12,simd-v0,301,0.029134
12,393435,301,0.019817
12,ours-406478,301,0.012373
12,KACTL,301,0.229170
12,393435,302,0.019957
12,ours-406478,302,0.012654
12,KACTL,302,0.220052
12,simd-v0,302,0.029285
12,ours-406478,303,0.012454
12,KACTL,303,0.219712
12,simd-v0,303,0.029114
12,393435,303,0.019947
12,KACTL,304,0.219221
12,simd-v0,304,0.029155
12,393435,304,0.019958
12,ours-406478,304,0.012514
12,simd-v0,305,0.029075
12,393435,305,0.019977
12,ours-406478,305,0.012454
12,KACTL,305,0.229270
12,393435,306,0.019947
12,ours-406478,306,0.012563
12,KACTL,306,0.219311
12,simd-v0,306,0.029305
12,ours-406478,307,0.012553
12,KACTL,307,0.219722
12,simd-v0,307,0.029235
12,393435,307,0.019978
12,KACTL,308,0.219391
12,simd-v0,308,0.038944
12,393435,308,0.020078
12,ours-406478,308,0.012633
12,simd-v0,309,0.029215
12,393435,309,0.019928
12,ours-406478,309,0.012423
12,KACTL,309,0.219592
12,393435,310,0.019958
12,ours-406478,310,0.012454
12,KACTL,310,0.219201
12,simd-v0,310,0.029155
12,ours-406478,311,0.012423
12,KACTL,311,0.219592
12,simd-v0,311,0.029035
12,393435,311,0.020097
12,KACTL,312,0.228779
12,simd-v0,312,0.029315
12,393435,312,0.019988
12,ours-406478,312,0.012794
12,simd-v0,313,0.029105
12,393435,313,0.019917
12,ours-406478,313,0.012524
12,KACTL,313,0.219752
12,393435,314,0.019897
12,ours-406478,314,0.012423
12,KACTL,314,0.219361
12,simd-v0,314,0.029355
12,ours-406478,315,0.012443
12,KACTL,315,0.229069
12,simd-v0,315,0.029075
12,393435,315,0.020248
12,KACTL,316,0.219351
12,simd-v0,316,0.029184
12,393435,316,0.019947
12,ours-406478,316,0.012613
12,simd-v0,317,0.029125
12,393435,317,0.019988
12,ours-406478,317,0.012423
12,KACTL,317,0.219512
12,393435,318,0.019938
12,ours-406478,318,0.012574
12,KACTL,318,0.219201
12,simd-v0,318,0.029285
12,ours-406478,319,0.012463
12,KACTL,319,0.229160
12,simd-v0,319,0.029164
12,393435,319,0.019947
12,KACTL,320,0.256110
12,simd-v0,320,0.029375
12,393435,320,0.020369
12,ours-406478,320,0.014727
12,simd-v0,321,0.029986
12,393435,321,0.020028
12,ours-406478,321,0.012494
12,KACTL,321,0.219742
12,393435,322,0.019847
12,ours-406478,322,0.012484
12,KACTL,322,0.231965
12,simd-v0,322,0.029275
12,ours-406478,323,0.012853
12,KACTL,323,0.220163
12,simd-v0,323,0.029235
12,393435,323,0.020008
12,KACTL,324,0.219211
12,simd-v0,324,0.029074
12,393435,324,0.019877
12,ours-406478,324,0.012623
12,simd-v0,325,0.029014
12,393435,325,0.019867
12,ours-406478,325,0.012423
12,KACTL,325,0.229601
12,393435,326,0.020238
12,ours-406478,326,0.012583
12,KACTL,326,0.219201
12,simd-v0,326,0.029205
12,ours-406478,327,0.012463
12,KACTL,327,0.220413
12,simd-v0,327,0.029135
12,393435,327,0.020077
12,KACTL,328,0.219131
12,simd-v0,328,0.029095
12,393435,328,0.019898
12,ours-406478,328,0.012534
12,simd-v0,329,0.029105
12,393435,329,0.019978
12,ours-406478,329,0.012413
12,KACTL,329,0.230422
12,393435,330,0.019997
12,ours-406478,330,0.012644
12,KACTL,330,0.219221
12,simd-v0,330,0.029346
12,ours-406478,331,0.012473
12,KACTL,331,0.219612
12,simd-v0,331,0.029105
12,393435,331,0.020038
12,KACTL,332,0.219202
12,simd-v0,332,0.039043
12,393435,332,0.019988
12,ours-406478,332,0.012663
12,simd-v0,333,0.029205
12,393435,333,0.019927
12,ours-406478,333,0.012453
12,KACTL,333,0.219652
12,393435,334,0.019967
12,ours-406478,334,0.012573
12,KACTL,334,0.222027
12,simd-v0,334,0.029265
12,ours-406478,335,0.012524
12,KACTL,335,0.219672
12,simd-v0,335,0.029064
12,393435,335,0.020078
12,KACTL,336,0.230112
12,simd-v0,336,0.029305
12,393435,336,0.020008
12,ours-406478,336,0.012613
12,simd-v0,337,0.029145
12,393435,337,0.019907
12,ours-406478,337,0.012423
12,KACTL,337,0.219642
12,393435,338,0.019908
12,ours-406478,338,0.012534
12,KACTL,338,0.219322
12,simd-v0,338,0.029245
12,ours-406478,339,0.012463
12,KACTL,339,0.229410
12,simd-v0,339,0.029085
12,393435,339,0.019978
12,KACTL,340,0.219261
12,simd-v0,340,0.029184
12,393435,340,0.019877
12,ours-406478,340,0.012653
12,simd-v0,341,0.029095
12,393435,341,0.019897
12,ours-406478,341,0.012453
12,KACTL,341,0.219642
12,393435,342,0.019877
12,ours-406478,342,0.012493
12,KACTL,342,0.219291
12,simd-v0,342,0.030998
12,ours-406478,343,0.012544
12,KACTL,343,0.229140
12,simd-v0,343,0.029275
12,393435,343,0.020007
12,KACTL,344,0.219201
12,simd-v0,344,0.029205
12,393435,344,0.019957
12,ours-406478,344,0.012724
12,simd-v0,345,0.029145
12,393435,345,0.019917
12,ours-406478,345,0.012453
12,KACTL,345,0.219261
12,393435,346,0.019937
12,ours-406478,346,0.012494
12,KACTL,346,0.228790
12,simd-v0,346,0.029185
12,ours-406478,347,0.012683
12,KACTL,347,0.220293
12,simd-v0,347,0.029225
12,393435,347,0.020138
12,KACTL,348,0.219221
12,simd-v0,348,0.029085
12,393435,348,0.019847
12,ours-406478,348,0.012583
12,simd-v0,349,0.029104
12,393435,349,0.019997
12,ours-406478,349,0.012443
12,KACTL,349,0.219411
12,393435,350,0.029715
12,ours-406478,350,0.012594
12,KACTL,350,0.219241
12,simd-v0,350,0.029175
12,ours-406478,351,0.012464
12,KACTL,351,0.220383
12,simd-v0,351,0.029085
12,393435,351,0.020248
12,KACTL,352,0.219221
12,simd-v0,352,0.029165
12,393435,352,0.019907
12,ours-406478,352,0.012524
12,simd-v0,353,0.029205
12,393435,353,0.019967
12,ours-406478,353,0.012494
12,KACTL,353,0.229471
12,393435,354,0.020249
12,ours-406478,354,0.012664
12,KACTL,354,0.220062
12,simd-v0,354,0.029305
12,ours-406478,355,0.012423
12,KACTL,355,0.219492
12,simd-v0,355,0.029135
12,393435,355,0.019958
12,KACTL,356,0.219121
12,simd-v0,356,0.029114
12,393435,356,0.019867
12,ours-406478,356,0.031539
12,simd-v0,357,0.030527
12,393435,357,0.020118
12,ours-406478,357,0.012714
12,KACTL,357,0.220703
12,393435,358,0.020018
12,ours-406478,358,0.012434
12,KACTL,358,0.219161
12,simd-v0,358,0.029264
12,ours-406478,359,0.012433
12,KACTL,359,0.219422
12,simd-v0,359,0.029094
12,393435,359,0.019917
12,KACTL,360,0.229861
12,simd-v0,360,0.029255
12,393435,360,0.019968
12,ours-406478,360,0.012673
12,simd-v0,361,0.029215
12,393435,361,0.019847
12,ours-406478,361,0.012443
12,KACTL,361,0.220343
12,393435,362,0.019928
12,ours-406478,362,0.012474
12,KACTL,362,0.219211
12,simd-v0,362,0.029245
12,ours-406478,363,0.012494
12,KACTL,363,0.219412
12,simd-v0,363,0.038953
12,393435,363,0.019948
12,KACTL,364,0.219202
12,simd-v0,364,0.029065
12,393435,364,0.020729
12,ours-406478,364,0.012724
12,simd-v0,365,0.029204
12,393435,365,0.019857
12,ours-406478,365,0.012383
12,KACTL,365,0.219541
12,393435,366,0.019847
12,ours-406478,366,0.012433
12,KACTL,366,0.219221
12,simd-v0,366,0.029195
12,ours-406478,367,0.012534
12,KACTL,367,0.228960
12,simd-v0,367,0.029294
12,393435,367,0.019987
12,KACTL,368,0.220113
12,simd-v0,368,0.029065
12,393435,368,0.019908
12,ours-406478,368,0.012654
12,simd-v0,369,0.029124
12,393435,369,0.020027
12,ours-406478,369,0.012413
12,KACTL,369,0.221876
12,393435,370,0.020108
12,ours-406478,370,0.012494
12,KACTL,370,0.228899
12,simd-v0,370,0.029295
12,ours-406478,371,0.012514
12,KACTL,371,0.219712
12,simd-v0,371,0.029124
12,393435,371,0.020028
12,KACTL,372,0.219252
12,simd-v0,372,0.029125
12,393435,372,0.019958
12,ours-406478,372,0.012634
12,simd-v0,373,0.029085
12,393435,373,0.019877
12,ours-406478,373,0.012483
12,KACTL,373,0.219682
12,393435,374,0.019958
12,ours-406478,374,0.012474
12,KACTL,374,0.229020
12,simd-v0,374,0.029235
12,ours-406478,375,0.012594
12,KACTL,375,0.219451
12,simd-v0,375,0.029064
12,393435,375,0.020158
12,KACTL,376,0.219391
12,simd-v0,376,0.029095
12,393435,376,0.020037
12,ours-406478,376,0.012684
12,simd-v0,377,0.029005
12,393435,377,0.019877
12,ours-406478,377,0.012463
12,KACTL,377,0.231274
12,393435,378,0.020147
12,ours-406478,378,0.012594
12,KACTL,378,0.220042
12,simd-v0,378,0.029265
12,ours-406478,379,0.012444
12,KACTL,379,0.219542
12,simd-v0,379,0.029185
12,393435,379,0.020017
12,KACTL,380,0.219211
12,simd-v0,380,0.029115
12,393435,380,0.019937
12,ours-406478,380,0.012584
12,simd-v0,381,0.039685
12,393435,381,0.020057
12,ours-406478,381,0.012714
12,KACTL,381,0.219591
12,393435,382,0.020028
12,ours-406478,382,0.012453
12,KACTL,382,0.219191
12,simd-v0,382,0.029395
12,ours-406478,383,0.012453
12,KACTL,383,0.219482
12,simd-v0,383,0.029054
12,393435,383,0.020038
12,KACTL,384,0.229400
12,simd-v0,384,0.029245
12,393435,384,0.019997
12,ours-406478,384,0.012684
12,simd-v0,385,0.029125
12,393435,385,0.019888
12,ours-406478,385,0.012433
12,KACTL,385,0.219632
12,393435,386,0.019837
12,ours-406478,386,0.012524
12,KACTL,386,0.219262
12,simd-v0,386,0.029305
12,ours-406478,387,0.012414
12,KACTL,387,0.219312
12,simd-v0,387,0.029085
12,393435,387,0.020048
12,KACTL,388,0.219261
12,simd-v0,388,0.029275
12,393435,388,0.019968
12,ours-406478,388,0.012703
12,simd-v0,389,0.030047
12,393435,389,0.019937
12,ours-406478,389,0.012443
12,KACTL,389,0.219762
12,393435,390,0.019907
12,ours-406478,390,0.012423
12,KACTL,390,0.219271
12,simd-v0,390,0.029425
12,ours-406478,391,0.012524
12,KACTL,391,0.229781
12,simd-v0,391,0.029265
12,393435,391,0.020037
12,KACTL,392,0.219451
12,simd-v0,392,0.029094
12,393435,392,0.020027
12,ours-406478,392,0.012644
12,simd-v0,393,0.029065
12,393435,393,0.020118
12,ours-406478,393,0.012414
12,KACTL,393,0.219432
12,393435,394,0.019868
12,ours-406478,394,0.012454
12,KACTL,394,0.229601
12,simd-v0,394,0.029195
12,ours-406478,395,0.012674
12,KACTL,395,0.219482
12,simd-v0,395,0.029165
12,393435,395,0.020048
12,KACTL,396,0.219191
12,simd-v0,396,0.029075
12,393435,396,0.019898
12,ours-406478,396,0.012714
12,simd-v0,397,0.029054
12,393435,397,0.019958
12,ours-406478,397,0.012494
12,KACTL,397,0.219592
12,393435,398,0.019968
12,ours-406478,398,0.012504
12,KACTL,398,0.229641
12,simd-v0,398,0.029184
12,ours-406478,399,0.012564
12,KACTL,399,0.219681
12,simd-v0,399,0.029134
12,393435,399,0.020098
12,KACTL,400,0.219111
12,simd-v0,400,0.029164
12,393435,400,0.019977
12,ours-406478,400,0.012513
12,simd-v0,401,0.029155
12,393435,401,0.019947
12,ours-406478,401,0.012443
12,KACTL,401,0.229420
12,393435,402,0.020098
12,ours-406478,402,0.012594
12,KACTL,402,0.219291
12,simd-v0,402,0.029265
12,ours-406478,403,0.012453
12,KACTL,403,0.221796
12,simd-v0,403,0.029115
12,393435,403,0.020107
12,KACTL,404,0.219141
12,simd-v0,404,0.029095
12,393435,404,0.019867
12,ours-406478,404,0.012594
12,simd-v0,405,0.029165
12,393435,405,0.019888
12,ours-406478,405,0.012544
12,KACTL,405,0.219541
12,393435,406,0.020038
12,ours-406478,406,0.012534
12,KACTL,406,0.220304
12,simd-v0,406,0.029325
12,ours-406478,407,0.012444
12,KACTL,407,0.219552
12,simd-v0,407,0.029125
12,393435,407,0.019968
12,KACTL,408,0.229150
12,simd-v0,408,0.029295
12,393435,408,0.019957
12,ours-406478,408,0.012644
12,simd-v0,409,0.029175
12,393435,409,0.019898
12,ours-406478,409,0.012484
12,KACTL,409,0.220594
12,393435,410,0.019878
12,ours-406478,410,0.012434
12,KACTL,410,0.219341
12,simd-v0,410,0.029345
12,ours-406478,411,0.012564
12,KACTL,411,0.219471
12,simd-v0,411,0.029295
12,393435,411,0.019877
12,KACTL,412,0.228949
12,simd-v0,412,0.029134
12,393435,412,0.020008
12,ours-406478,412,0.012683
12,simd-v0,413,0.029154
12,393435,413,0.020027
12,ours-406478,413,0.012443
12,KACTL,413,0.220243
12,393435,414,0.019868
12,ours-406478,414,0.012454
12,KACTL,414,0.219151
12,simd-v0,414,0.029114
12,ours-406478,415,0.012453
12,KACTL,415,0.228899
12,simd-v0,415,0.029215
12,393435,415,0.020118
12,KACTL,416,0.219261
12,simd-v0,416,0.029175
12,393435,416,0.019847
12,ours-406478,416,0.012724
12,simd-v0,417,0.029054
12,393435,417,0.019907
12,ours-406478,417,0.012534
12,KACTL,417,0.219642
12,393435,418,0.019957
12,ours-406478,418,0.012463
12,KACTL,418,0.219171
12,simd-v0,418,0.080872
12,ours-406478,419,0.015749
12,KACTL,419,0.232035
12,simd-v0,419,0.030037
12,393435,419,0.020618
12,KACTL,420,0.219312
12,simd-v0,420,0.029075
12,393435,420,0.019998
12,ours-406478,420,0.012774
12,simd-v0,421,0.029014
12,393435,421,0.019968
12,ours-406478,421,0.012503
12,KACTL,421,0.219541
12,393435,422,0.020007
12,ours-406478,422,0.012483
12,KACTL,422,0.262212
12,simd-v0,422,0.029315
12,ours-406478,423,0.012885
12,KACTL,423,0.219882
12,simd-v0,423,0.029175
12,393435,423,0.020268
12,KACTL,424,0.219181
12,simd-v0,424,0.029015
12,393435,424,0.019958
12,ours-406478,424,0.012604
12,simd-v0,425,0.029075
12,393435,425,0.019978
12,ours-406478,425,0.012434
12,KACTL,425,0.231374
12,393435,426,0.019977
12,ours-406478,426,0.012644
12,KACTL,426,0.219992
12,simd-v0,426,0.029235
12,ours-406478,427,0.012494
12,KACTL,427,0.219502
12,simd-v0,427,0.029204
12,393435,427,0.020017
12,KACTL,428,0.219482
12,simd-v0,428,0.029104
12,393435,428,0.029846
12,ours-406478,428,0.012794
12,simd-v0,429,0.029105
12,393435,429,0.019997
12,ours-406478,429,0.012443
12,KACTL,429,0.219562
12,393435,430,0.019817
12,ours-406478,430,0.013235
12,KACTL,430,0.219171
12,simd-v0,430,0.029204
12,ours-406478,431,0.012473
12,KACTL,431,0.219341
12,simd-v0,431,0.029055
12,393435,431,0.019977
12,KACTL,432,0.229100
12,simd-v0,432,0.029265
12,393435,432,0.019977
12,ours-406478,432,0.012713
12,simd-v0,433,0.029095
12,393435,433,0.019957
12,ours-406478,433,0.012453
12,KACTL,433,0.219682
12,393435,434,0.019967
12,ours-406478,434,0.012454
12,KACTL,434,0.219222
12,simd-v0,434,0.029305
12,ours-406478,435,0.012444
12,KACTL,435,0.219552
12,simd-v0,435,0.038773
12,393435,435,0.020218
12,KACTL,436,0.219411
12,simd-v0,436,0.029234
12,393435,436,0.019957
12,ours-406478,436,0.012654
12,simd-v0,437,0.030007
12,393435,437,0.019908
12,ours-406478,437,0.012463
12,KACTL,437,0.222688
12,393435,438,0.019948
12,ours-406478,438,0.012604
12,KACTL,438,0.219331
12,simd-v0,438,0.029275
12,ours-406478,439,0.012443
12,KACTL,439,0.229460
12,simd-v0,439,0.029165
12,393435,439,0.020078
12,KACTL,440,0.219922
12,simd-v0,440,0.029164
12,393435,440,0.019918
12,ours-406478,440,0.012653
12,simd-v0,441,0.029285
12,393435,441,0.019868
12,ours-406478,441,0.012433
12,KACTL,441,0.219632
12,393435,442,0.019907
12,ours-406478,442,0.012454
12,KACTL,442,0.228639
12,simd-v0,442,0.029285
12,ours-406478,443,0.012594
12,KACTL,443,0.219732
12,simd-v0,443,0.029075
12,393435,443,0.020148
12,KACTL,444,0.220002
12,simd-v0,444,0.029094
12,393435,444,0.020057
12,ours-406478,444,0.012544
12,simd-v0,445,0.028964
12,393435,445,0.020047
12,ours-406478,445,0.012483
12,KACTL,445,0.219411
12,393435,446,0.019917
12,ours-406478,446,0.012473
12,KACTL,446,0.228889
12,simd-v0,446,0.029225
12,ours-406478,447,0.012644
12,KACTL,447,0.220042
12,simd-v0,447,0.029255
12,393435,447,0.020108
12,KACTL,448,0.219211
12,simd-v0,448,0.029014
12,393435,448,0.019847
12,ours-406478,448,0.012694
12,simd-v0,449,0.029035
12,393435,449,0.019927
12,ours-406478,449,0.012433
12,KACTL,449,0.231494
12,393435,450,0.020037
12,ours-406478,450,0.012564
12,KACTL,450,0.219402
12,simd-v0,450,0.029244
12,ours-406478,451,0.012453
12,KACTL,451,0.219592
12,simd-v0,451,0.029195
12,393435,451,0.019938
12,KACTL,452,0.219191
12,simd-v0,452,0.029135
12,393435,452,0.019947
12,ours-406478,452,0.012584
12,simd-v0,453,0.038923
12,393435,453,0.020057
12,ours-406478,453,0.012554
12,KACTL,453,0.219591
12,393435,454,0.020107
12,ours-406478,454,0.012463
12,KACTL,454,0.219171
12,simd-v0,454,0.029255
12,ours-406478,455,0.012493
12,KACTL,455,0.219471
12,simd-v0,455,0.029224
12,393435,455,0.020058
12,KACTL,456,0.231835
12,simd-v0,456,0.029355
12,393435,456,0.020047
12,ours-406478,456,0.012734
12,simd-v0,457,0.029035
12,393435,457,0.019897
12,ours-406478,457,0.012533
12,KACTL,457,0.220364
12,393435,458,0.019907
12,ours-406478,458,0.012543
12,KACTL,458,0.219211
12,simd-v0,458,0.029294
12,ours-406478,459,0.012483
12,KACTL,459,0.219672
12,simd-v0,459,0.029015
12,393435,459,0.029706
12,KACTL,460,0.219231
12,simd-v0,460,0.029184
12,393435,460,0.019897
12,ours-406478,460,0.012804
12,simd-v0,461,0.029084
12,393435,461,0.019988
12,ours-406478,461,0.013235
12,KACTL,461,0.219642
12,393435,462,0.019958
12,ours-406478,462,0.012574
12,KACTL,462,0.219211
12,simd-v0,462,0.029315
12,ours-406478,463,0.012443
12,KACTL,463,0.230091
12,simd-v0,463,0.029165
12,393435,463,0.020148
12,KACTL,464,0.220163
12,simd-v0,464,0.029235
12,393435,464,0.019887
12,ours-406478,464,0.012634
12,simd-v0,465,0.029095
12,393435,465,0.020007
12,ours-406478,465,0.012413
12,KACTL,465,0.219542
12,393435,466,0.019967
12,ours-406478,466,0.012453
12,KACTL,466,0.228699
12,simd-v0,466,0.029355
12,ours-406478,467,0.012554
12,KACTL,467,0.219562
12,simd-v0,467,0.029285
12,393435,467,0.020008
12,KACTL,468,0.219882
12,simd-v0,468,0.029154
12,393435,468,0.019918
12,ours-406478,468,0.012573
12,simd-v0,469,0.029055
12,393435,469,0.019978
12,ours-406478,469,0.012454
12,KACTL,469,0.219742
12,393435,470,0.019967
12,ours-406478,470,0.012443
12,KACTL,470,0.241703
12,simd-v0,470,0.029315
12,ours-406478,471,0.012743
12,KACTL,471,0.226515
12,simd-v0,471,0.034876
12,393435,471,0.026559
12,KACTL,472,0.236304
12,simd-v0,472,0.031328
12,393435,472,0.020098
12,ours-406478,472,0.013014
12,simd-v0,473,0.029014
12,393435,473,0.019897
12,ours-406478,473,0.012533
12,KACTL,473,0.231444
12,393435,474,0.020068
12,ours-406478,474,0.012604
12,KACTL,474,0.219472
12,simd-v0,474,0.029265
12,ours-406478,475,0.012453
12,KACTL,475,0.219502
12,simd-v0,475,0.029044
12,393435,475,0.019987
12,KACTL,476,0.219041
12,simd-v0,476,0.029145
12,393435,476,0.019977
12,ours-406478,476,0.012564
12,simd-v0,477,0.039314
12,393435,477,0.020037
12,ours-406478,477,0.012654
12,KACTL,477,0.219621
12,393435,478,0.019957
12,ours-406478,478,0.012423
12,KACTL,478,0.219331
12,simd-v0,478,0.029315
12,ours-406478,479,0.012443
12,KACTL,479,0.219522
12,simd-v0,479,0.029105
12,393435,479,0.019968
12,KACTL,480,0.229300
12,simd-v0,480,0.029264
12,393435,480,0.019958
12,ours-406478,480,0.012624
12,simd-v0,481,0.029085
12,393435,481,0.019948
12,ours-406478,481,0.012443
12,KACTL,481,0.219501
12,393435,482,0.019897
12,ours-406478,482,0.012504
12,KACTL,482,0.219221
12,simd-v0,482,0.029305
12,ours-406478,483,0.012434
12,KACTL,483,0.219692
12,simd-v0,483,0.038762
12,393435,483,0.019998
12,KACTL,484,0.219261
12,simd-v0,484,0.029155
12,393435,484,0.019918
12,ours-406478,484,0.012674
12,simd-v0,485,0.029154
12,393435,485,0.019948
12,ours-406478,485,0.012413
12,KACTL,485,0.219371
12,393435,486,0.019978
12,ours-406478,486,0.012454
12,KACTL,486,0.219221
12,simd-v0,486,0.029275
12,ours-406478,487,0.012564
12,KACTL,487,0.231454
12,simd-v0,487,0.029275
12,393435,487,0.020037
12,KACTL,488,0.219131
12,simd-v0,488,0.029045
12,393435,488,0.020088
12,ours-406478,488,0.012744
12,simd-v0,489,0.029035
12,393435,489,0.020008
12,ours-406478,489,0.012454
12,KACTL,489,0.219542
12,393435,490,0.019908
12,ours-406478,490,0.012454
12,KACTL,490,0.228709
12,simd-v0,490,0.029335
12,ours-406478,491,0.012673
12,KACTL,491,0.219532
12,simd-v0,491,0.029155
12,393435,491,0.020068
12,KACTL,492,0.219131
12,simd-v0,492,0.028985
12,393435,492,0.019907
12,ours-406478,492,0.012614
12,simd-v0,493,0.028984
12,393435,493,0.019857
12,ours-406478,493,0.012523
12,KACTL,493,0.219552
12,393435,494,0.019927
12,ours-406478,494,0.012443
12,KACTL,494,0.228849
12,simd-v0,494,0.029224
12,ours-406478,495,0.012554
12,KACTL,495,0.219632
12,simd-v0,495,0.029164
12,393435,495,0.020097
12,KACTL,496,0.219342
12,simd-v0,496,0.029235
12,393435,496,0.019887
12,ours-406478,496,0.012563
12,simd-v0,497,0.029155
12,393435,497,0.019847
12,ours-406478,497,0.012503
12,KACTL,497,0.229150
12,393435,498,0.020028
12,ours-406478,498,0.012633
12,KACTL,498,0.219231
12,simd-v0,498,0.029265
12,ours-406478,499,0.012413
12,KACTL,499,0.220533
12,simd-v0,499,0.029165
12,393435,499,0.020018
12,KACTL,500,0.219612
12,simd-v0,500,0.029025
12,393435,500,0.019877
12,ours-406478,500,0.012584
12,simd-v0,501,0.029115
12,393435,501,0.019817
12,ours-406478,501,0.025497
12,KACTL,501,0.219802
12,393435,502,0.042449
12,ours-406478,502,0.012784
12,KACTL,502,0.220193
12,simd-v0,502,0.029255
12,ours-406478,503,0.012674
12,KACTL,503,0.219743
12,simd-v0,503,0.029195
12,393435,503,0.020117
12,KACTL,504,0.230803
12,simd-v0,504,0.029165
12,393435,504,0.020037
12,ours-406478,504,0.012774
12,simd-v0,505,0.029054
12,393435,505,0.019937
12,ours-406478,505,0.012433
12,KACTL,505,0.219482
12,393435,506,0.019857
12,ours-406478,506,0.012453
12,KACTL,506,0.222417
12,simd-v0,506,0.029246
12,ours-406478,507,0.012523
12,KACTL,507,0.219522
12,simd-v0,507,0.029055
12,393435,507,0.030117
12,KACTL,508,0.219261
12,simd-v0,508,0.029264
12,393435,508,0.019977
12,ours-406478,508,0.012654
12,simd-v0,509,0.029135
12,393435,509,0.019928
12,ours-406478,509,0.012514
12,KACTL,509,0.220183
12,393435,510,0.019867
12,ours-406478,510,0.012563
12,KACTL,510,0.219241
12,simd-v0,510,0.029244
12,ours-406478,511,0.012423
12,KACTL,511,0.229239
12,simd-v0,511,0.029155
12,393435,511,0.020128
12,KACTL,512,0.219131
12,simd-v0,512,0.029275
12,393435,512,0.020719
12,ours-406478,512,0.012674
12,simd-v0,513,0.029125
12,393435,513,0.019917
12,ours-406478,513,0.012443
12,KACTL,513,0.220003
12,393435,514,0.019997
12,ours-406478,514,0.012483
12,KACTL,514,0.228709
12,simd-v0,514,0.029305
12,ours-406478,515,0.012563
12,KACTL,515,0.219231
12,simd-v0,515,0.029215
12,393435,515,0.019967
12,KACTL,516,0.219081
12,simd-v0,516,0.029015
12,393435,516,0.020008
12,ours-406478,516,0.012524
12,simd-v0,517,0.028965
12,393435,517,0.019887
12,ours-406478,517,0.012443
12,KACTL,517,0.219081
12,393435,518,0.019898
12,ours-406478,518,0.012474
12,KACTL,518,0.228729
12,simd-v0,518,0.029315
12,ours-406478,519,0.012733
12,KACTL,519,0.219863
12,simd-v0,519,0.029145
12,393435,519,0.020028
12,KACTL,520,0.219111
12,simd-v0,520,0.029104
12,393435,520,0.019937
12,ours-406478,520,0.012533
12,simd-v0,521,0.028954
12,393435,521,0.020007
12,ours-406478,521,0.012433
12,KACTL,521,0.228548
12,393435,522,0.020118
12,ours-406478,522,0.012594
12,KACTL,522,0.219281
12,simd-v0,522,0.029234
12,ours-406478,523,0.012443
12,KACTL,523,0.219872
12,simd-v0,523,0.029024
12,393435,523,0.020047
12,KACTL,524,0.219231
12,simd-v0,524,0.029095
12,393435,524,0.019938
12,ours-406478,524,0.012534
12,simd-v0,525,0.029255
12,393435,525,0.019898
12,ours-406478,525,0.022052
12,KACTL,525,0.219121
12,393435,526,0.020098
12,ours-406478,526,0.012483
12,KACTL,526,0.219090
12,simd-v0,526,0.029335
12,ours-406478,527,0.012454
12,KACTL,527,0.219221
12,simd-v0,527,0.029074
12,393435,527,0.020038
12,KACTL,528,0.229471
12,simd-v0,528,0.029205
12,393435,528,0.019927
12,ours-406478,528,0.012623
12,simd-v0,529,0.029085
12,393435,529,0.019877
12,ours-406478,529,0.012463
12,KACTL,529,0.219291
12,393435,530,0.019888
12,ours-406478,530,0.012564
12,KACTL,530,0.219201
12,simd-v0,530,0.029195
12,ours-406478,531,0.012494
12,KACTL,531,0.219061
12,simd-v0,531,0.029065
12,393435,531,0.019918
12,KACTL,532,0.228699
12,simd-v0,532,0.029115
12,393435,532,0.019998
12,ours-406478,532,0.012693
12,simd-v0,533,0.029105
12,393435,533,0.019897
12,ours-406478,533,0.012463
12,KACTL,533,0.219301
12,393435,534,0.019867
12,ours-406478,534,0.012444
12,KACTL,534,0.219151
12,simd-v0,534,0.029125
12,ours-406478,535,0.012554
12,KACTL,535,0.228900
12,simd-v0,535,0.029215
12,393435,535,0.020077
12,KACTL,536,0.219001
12,simd-v0,536,0.029035
12,393435,536,0.019937
12,ours-406478,536,0.012704
12,simd-v0,537,0.029074
12,393435,537,0.019968
12,ours-406478,537,0.012474
12,KACTL,537,0.219101
12,393435,538,0.019907
12,ours-406478,538,0.012523
12,KACTL,538,0.219121
12,simd-v0,538,0.029245
12,ours-406478,539,0.021981
12,KACTL,539,0.219161
12,simd-v0,539,0.029285
12,393435,539,0.019987
12,KACTL,540,0.219201
12,simd-v0,540,0.029135
12,393435,540,0.019968
12,ours-406478,540,0.012674
12,simd-v0,541,0.031299
12,393435,541,0.019958
12,ours-406478,541,0.012624
12,KACTL,541,0.219321
12,393435,542,0.020108
12,ours-406478,542,0.012433
12,KACTL,542,0.228738
12,simd-v0,542,0.029295
12,ours-406478,543,0.012623
12,KACTL,543,0.219081
12,simd-v0,543,0.029094
12,393435,543,0.020248
12,KACTL,544,0.219191
12,simd-v0,544,0.029084
12,393435,544,0.019897
12,ours-406478,544,0.012583
12,simd-v0,545,0.029165
12,393435,545,0.019898
12,ours-406478,545,0.012504
12,KACTL,545,0.229640
12,393435,546,0.020058
12,ours-406478,546,0.012553
12,KACTL,546,0.219191
12,simd-v0,546,0.029365
12,ours-406478,547,0.012454
12,KACTL,547,0.219141
12,simd-v0,547,0.029105
12,393435,547,0.020037
12,KACTL,548,0.219251
12,simd-v0,548,0.029124
12,393435,548,0.019887
12,ours-406478,548,0.012534
12,simd-v0,549,0.029115
12,393435,549,0.020028
12,ours-406478,549,0.012474
12,KACTL,549,0.229110
12,393435,550,0.020078
12,ours-406478,550,0.012724
12,KACTL,550,0.219071
12,simd-v0,550,0.029275
12,ours-406478,551,0.012464
12,KACTL,551,0.219140
12,simd-v0,551,0.029255
12,393435,551,0.020038
12,KACTL,552,0.219221
12,simd-v0,552,0.038682
12,393435,552,0.019877
12,ours-406478,552,0.012643
12,simd-v0,553,0.029024
12,393435,553,0.019857
12,ours-406478,553,0.012444
12,KACTL,553,0.219311
12,393435,554,0.019868
12,ours-406478,554,0.012444
12,KACTL,554,0.219171
12,simd-v0,554,0.029215
12,ours-406478,555,0.012523
12,KACTL,555,0.219181
12,simd-v0,555,0.029135
12,393435,555,0.020018
12,KACTL,556,0.228649
12,simd-v0,556,0.029275
12,393435,556,0.020047
12,ours-406478,556,0.012744
12,simd-v0,557,0.029034
12,393435,557,0.019968
12,ours-406478,557,0.012474
12,KACTL,557,0.219362
12,393435,558,0.019957
12,ours-406478,558,0.012463
12,KACTL,558,0.219301
12,simd-v0,558,0.029164
12,ours-406478,559,0.012413
12,KACTL,559,0.228669
12,simd-v0,559,0.029165
12,393435,559,0.020077
12,KACTL,560,0.219181
12,simd-v0,560,0.029015
12,393435,560,0.019958
12,ours-406478,560,0.012704
12,simd-v0,561,0.029174
12,393435,561,0.019907
12,ours-406478,561,0.012513
12,KACTL,561,0.219221
12,393435,562,0.020008
12,ours-406478,562,0.012424
12,KACTL,562,0.219111
12,simd-v0,562,0.029445
12,ours-406478,563,0.012494
12,KACTL,563,0.229100
12,simd-v0,563,0.029154
12,393435,563,0.020148
12,KACTL,564,0.219231
12,simd-v0,564,0.029124
12,393435,564,0.019897
12,ours-406478,564,0.012634
12,simd-v0,565,0.029185
12,393435,565,0.019888
12,ours-406478,565,0.012463
12,KACTL,565,0.220033
12,393435,566,0.019938
12,ours-406478,566,0.012453
12,KACTL,566,0.228609
12,simd-v0,566,0.029255
12,ours-406478,567,0.012574
12,KACTL,567,0.219121
12,simd-v0,567,0.029125
12,393435,567,0.020098
12,KACTL,568,0.219872
12,simd-v0,568,0.029025
12,393435,568,0.019998
12,ours-406478,568,0.012553
12,simd-v0,569,0.029205
12,393435,569,0.019927
12,ours-406478,569,0.012423
12,KACTL,569,0.219342
12,393435,570,0.019888
12,ours-406478,570,0.022061
12,KACTL,570,0.219090
12,simd-v0,570,0.029155
12,ours-406478,571,0.012614
12,KACTL,571,0.219141
12,simd-v0,571,0.029074
12,393435,571,0.020178
12,KACTL,572,0.219050
12,simd-v0,572,0.029034
12,393435,572,0.019977
12,ours-406478,572,0.012543
12,simd-v0,573,0.029074
12,393435,573,0.019897
12,ours-406478,573,0.012474
12,KACTL,573,0.228840
12,393435,574,0.019928
12,ours-406478,574,0.012603
12,KACTL,574,0.219091
12,simd-v0,574,0.029165
12,ours-406478,575,0.012434
12,KACTL,575,0.222267
12,simd-v0,575,0.029195
12,393435,575,0.020057
12,KACTL,576,0.219111
12,simd-v0,576,0.029266
12,393435,576,0.019907
12,ours-406478,576,0.012704
12,simd-v0,577,0.038583
12,393435,577,0.020067
12,ours-406478,577,0.012523
12,KACTL,577,0.219291
12,393435,578,0.019988
12,ours-406478,578,0.012453
12,KACTL,578,0.219873
12,simd-v0,578,0.029365
12,ours-406478,579,0.012414
12,KACTL,579,0.219131
12,simd-v0,579,0.029074
12,393435,579,0.020088
12,KACTL,580,0.228549
12,simd-v0,580,0.029155
12,393435,580,0.019947
12,ours-406478,580,0.012653
12,simd-v0,581,0.029144
12,393435,581,0.019857
12,ours-406478,581,0.012463
12,KACTL,581,0.220113
12,393435,582,0.019897
12,ours-406478,582,0.012574
12,KACTL,582,0.219272
12,simd-v0,582,0.029295
12,ours-406478,583,0.012463
12,KACTL,583,0.219131
12,simd-v0,583,0.029145
12,393435,583,0.040677
12,KACTL,584,0.219652
12,simd-v0,584,0.029255
12,393435,584,0.020018
12,ours-406478,584,0.012775
12,simd-v0,585,0.029125
12,393435,585,0.019908
12,ours-406478,585,0.012423
12,KACTL,585,0.219923
12,393435,586,0.019958
12,ours-406478,586,0.012503
12,KACTL,586,0.219292
12,simd-v0,586,0.029295
12,ours-406478,587,0.012464
12,KACTL,587,0.230783
12,simd-v0,587,0.029205
12,393435,587,0.020278
12,KACTL,588,0.219241
12,simd-v0,588,0.029114
12,393435,588,0.020710
12,ours-406478,588,0.012724
12,simd-v0,589,0.029165
12,393435,589,0.019897
12,ours-406478,589,0.012453
12,KACTL,589,0.219241
12,393435,590,0.019927
12,ours-406478,590,0.012433
12,KACTL,590,0.229139
12,simd-v0,590,0.029255
12,ours-406478,591,0.012534
12,KACTL,591,0.219261
12,simd-v0,591,0.029014
12,393435,591,0.020038
12,KACTL,592,0.220023
12,simd-v0,592,0.029074
12,393435,592,0.020067
12,ours-406478,592,0.012523
12,simd-v0,593,0.029095
12,393435,593,0.019887
12,ours-406478,593,0.012453
12,KACTL,593,0.219151
12,393435,594,0.019957
12,ours-406478,594,0.012454
12,KACTL,594,0.228739
12,simd-v0,594,0.029265
12,ours-406478,595,0.012623
12,KACTL,595,0.219742
12,simd-v0,595,0.029284
12,393435,595,0.020038
12,KACTL,596,0.219031
12,simd-v0,596,0.029025
12,393435,596,0.019897
12,ours-406478,596,0.012524
12,simd-v0,597,0.029095
12,393435,597,0.019988
12,ours-406478,597,0.012453
12,KACTL,597,0.228699
12,393435,598,0.020028
12,ours-406478,598,0.012603
12,KACTL,598,0.219301
12,simd-v0,598,0.029225
12,ours-406478,599,0.012443
12,KACTL,599,0.219852
12,simd-v0,599,0.029055
12,393435,599,0.020068
12,KACTL,600,0.219181
12,simd-v0,600,0.029255
12,393435,600,0.019947
12,ours-406478,600,0.012573
12,simd-v0,601,0.029264
12,393435,601,0.029665
12,ours-406478,601,0.012654
12,KACTL,601,0.219211
12,393435,602,0.019968
12,ours-406478,602,0.012433
12,KACTL,602,0.219100
12,simd-v0,602,0.029265
12,ours-406478,603,0.012453
12,KACTL,603,0.219191
12,simd-v0,603,0.029054
12,393435,603,0.020047
12,KACTL,604,0.228699
12,simd-v0,604,0.029346
12,393435,604,0.019917
12,ours-406478,604,0.012684
12,simd-v0,605,0.029084
12,393435,605,0.019948
12,ours-406478,605,0.012434
12,KACTL,605,0.219131
12,393435,606,0.019917
12,ours-406478,606,0.012533
12,KACTL,606,0.219963
12,simd-v0,606,0.029235
12,ours-406478,607,0.012444
12,KACTL,607,0.219011
12,simd-v0,607,0.029045
12,393435,607,0.019917
12,KACTL,608,0.228539
12,simd-v0,608,0.029155
12,393435,608,0.020027
12,ours-406478,608,0.012644
12,simd-v0,609,0.029115
12,393435,609,0.019897
12,ours-406478,609,0.012494
12,KACTL,609,0.220063
12,393435,610,0.019978
12,ours-406478,610,0.015099
12,KACTL,610,0.219180
12,simd-v0,610,0.029175
12,ours-406478,611,0.012594
12,KACTL,611,0.237795
12,simd-v0,611,0.029065
12,393435,611,0.020007
12,KACTL,612,0.218980
12,simd-v0,612,0.029094
12,393435,612,0.020027
12,ours-406478,612,0.012684
12,simd-v0,613,0.029826
12,393435,613,0.019977
12,ours-406478,613,0.012453
12,KACTL,613,0.219111
12,393435,614,0.019877
12,ours-406478,614,0.012453
12,KACTL,614,0.219110
12,simd-v0,614,0.038763
12,ours-406478,615,0.012603
12,KACTL,615,0.219311
12,simd-v0,615,0.029225
12,393435,615,0.020018
12,KACTL,616,0.219933
12,simd-v0,616,0.029115
12,393435,616,0.019847
12,ours-406478,616,0.012644
12,simd-v0,617,0.028945
12,393435,617,0.019967
12,ours-406478,617,0.012453
12,KACTL,617,0.219071
12,393435,618,0.019957
12,ours-406478,618,0.012484
12,KACTL,618,0.228779
12,simd-v0,618,0.029205
12,ours-406478,619,0.012544
12,KACTL,619,0.219201
12,simd-v0,619,0.029035
12,393435,619,0.021029
12,KACTL,620,0.219101
12,simd-v0,620,0.029124
12,393435,620,0.019918
12,ours-406478,620,0.012594
12,simd-v0,621,0.029114
12,393435,621,0.019877
12,ours-406478,621,0.012464
12,KACTL,621,0.228509
12,393435,622,0.020158
12,ours-406478,622,0.012584
12,KACTL,622,0.219241
12,simd-v0,622,0.029255
12,ours-406478,623,0.012434
12,KACTL,623,0.219021
12,simd-v0,623,0.029004
12,393435,623,0.020057
12,KACTL,624,0.219091
12,simd-v0,624,0.029135
12,393435,624,0.019837
12,ours-406478,624,0.012553
12,simd-v0,625,0.029185
12,393435,625,0.019847
12,ours-406478,625,0.012493
12,KACTL,625,0.228649
12,393435,626,0.020007
12,ours-406478,626,0.012663
12,KACTL,626,0.219061
12,simd-v0,626,0.029465
12,ours-406478,627,0.012404
12,KACTL,627,0.219091
12,simd-v0,627,0.029075
12,393435,627,0.019967
12,KACTL,628,0.228759
12,simd-v0,628,0.029134
12,393435,628,0.020027
12,ours-406478,628,0.012654
12,simd-v0,629,0.029205
12,393435,629,0.019897
12,ours-406478,629,0.012504
12,KACTL,629,0.219251
12,393435,630,0.020008
12,ours-406478,630,0.012423
12,KACTL,630,0.219111
12,simd-v0,630,0.029155
12,ours-406478,631,0.012534
12,KACTL,631,0.219131
12,simd-v0,631,0.029165
12,393435,631,0.019998
12,KACTL,632,0.229771
12,simd-v0,632,0.029215
12,393435,632,0.020098
12,ours-406478,632,0.012684
12,simd-v0,633,0.029094
12,393435,633,0.019988
12,ours-406478,633,0.012464
12,KACTL,633,0.219141
12,393435,634,0.019888
12,ours-406478,634,0.012423
12,KACTL,634,0.219131
12,simd-v0,634,0.029235
12,ours-406478,635,0.012463
12,KACTL,635,0.228558
12,simd-v0,635,0.029235
12,393435,635,0.020028
12,KACTL,636,0.219331
12,simd-v0,636,0.029095
12,393435,636,0.019978
12,ours-406478,636,0.012743
12,simd-v0,637,0.029095
12,393435,637,0.019877
12,ours-406478,637,0.013284
12,KACTL,637,0.219071
12,393435,638,0.020028
12,ours-406478,638,0.012474
12,KACTL,638,0.219291
12,simd-v0,638,0.029235
12,ours-406478,639,0.012484
12,KACTL,639,0.228588
12,simd-v0,639,0.029285
12,393435,639,0.020138
12,KACTL,640,0.219171
12,simd-v0,640,0.029907
12,393435,640,0.019817
12,ours-406478,640,0.012643
12,simd-v0,641,0.029105
12,393435,641,0.019917
12,ours-406478,641,0.012473
12,KACTL,641,0.219091
12,393435,642,0.019888
12,ours-406478,642,0.012584
12,KACTL,642,0.230441
12,simd-v0,642,0.029295
12,ours-406478,643,0.012574
12,KACTL,643,0.219091
12,simd-v0,643,0.029055
12,393435,643,0.020068
12,KACTL,644,0.221606
12,simd-v0,644,0.029245
12,393435,644,0.019987
12,ours-406478,644,0.012603
12,simd-v0,645,0.029044
12,393435,645,0.019847
12,ours-406478,645,0.012434
12,KACTL,645,0.219341
12,393435,646,0.020118
12,ours-406478,646,0.012644
12,KACTL,646,0.219180
12,simd-v0,646,0.029255
12,ours-406478,647,0.012474
12,KACTL,647,0.219151
12,simd-v0,647,0.029175
12,393435,647,0.019967
12,KACTL,648,0.219141
12,simd-v0,648,0.028955
12,393435,648,0.019938
12,ours-406478,648,0.012564
12,simd-v0,649,0.029085
12,393435,649,0.020008
12,ours-406478,649,0.012424
12,KACTL,649,0.228549
12,393435,650,0.019988
12,ours-406478,650,0.012583
12,KACTL,650,0.219081
12,simd-v0,650,0.029154
12,ours-406478,651,0.012534
12,KACTL,651,0.219111
12,simd-v0,651,0.029074
12,393435,651,0.019967
12,KACTL,652,0.219021
12,simd-v0,652,0.029085
12,393435,652,0.029486
12,ours-406478,652,0.012683
12,simd-v0,653,0.029255
12,393435,653,0.020018
12,ours-406478,653,0.012444
12,KACTL,653,0.219372
12,393435,654,0.019978
12,ours-406478,654,0.012434
12,KACTL,654,0.219222
12,simd-v0,654,0.029235
12,ours-406478,655,0.012483
12,KACTL,655,0.219131
12,simd-v0,655,0.029054
12,393435,655,0.020008
12,KACTL,656,0.228598
12,simd-v0,656,0.029215
12,393435,656,0.020077
12,ours-406478,656,0.012714
12,simd-v0,657,0.029135
12,393435,657,0.019948
12,ours-406478,657,0.012484
12,KACTL,657,0.219301
12,393435,658,0.019978
12,ours-406478,658,0.012454
12,KACTL,658,0.219171
12,simd-v0,658,0.029305
12,ours-406478,659,0.012474
12,KACTL,659,0.219140
12,simd-v0,659,0.038582
12,393435,659,0.020178
12,KACTL,660,0.219121
12,simd-v0,660,0.029125
12,393435,660,0.019887
12,ours-406478,660,0.012674
12,simd-v0,661,0.029165
12,393435,661,0.019888
12,ours-406478,661,0.012444
12,KACTL,661,0.219953
12,393435,662,0.019948
12,ours-406478,662,0.012464
12,KACTL,662,0.219262
12,simd-v0,662,0.029305
12,ours-406478,663,0.012433
12,KACTL,663,0.229060
12,simd-v0,663,0.029155
12,393435,663,0.020228
12,KACTL,664,0.219111
12,simd-v0,664,0.029094
12,393435,664,0.020017
12,ours-406478,664,0.012724
12,simd-v0,665,0.028965
12,393435,665,0.020018
12,ours-406478,665,0.012464
12,KACTL,665,0.219232
12,393435,666,0.019907
12,ours-406478,666,0.012443
12,KACTL,666,0.228639
12,simd-v0,666,0.029265
12,ours-406478,667,0.012613
12,KACTL,667,0.219071
12,simd-v0,667,0.029155
12,393435,667,0.020097
12,KACTL,668,0.220013
12,simd-v0,668,0.029105
12,393435,668,0.019867
12,ours-406478,668,0.012584
12,simd-v0,669,0.029145
12,393435,669,0.019947
12,ours-406478,669,0.012443
12,KACTL,669,0.219051
12,393435,670,0.020028
12,ours-406478,670,0.012474
12,KACTL,670,0.228629
12,simd-v0,670,0.029295
12,ours-406478,671,0.012584
12,KACTL,671,0.219241
12,simd-v0,671,0.029876
12,393435,671,0.020087
12,KACTL,672,0.219040
12,simd-v0,672,0.029175
12,393435,672,0.019837
12,ours-406478,672,0.012684
12,simd-v0,673,0.029075
12,393435,673,0.019988
12,ours-406478,673,0.012494
12,KACTL,673,0.229972
12,393435,674,0.020167
12,ours-406478,674,0.012614
12,KACTL,674,0.219541
12,simd-v0,674,0.029165
12,ours-406478,675,0.012463
12,KACTL,675,0.219101
12,simd-v0,675,0.029055
12,393435,675,0.020078
12,KACTL,676,0.219011
12,simd-v0,676,0.029264
12,393435,676,0.019917
12,ours-406478,676,0.012564
12,simd-v0,677,0.040165
12,393435,677,0.019968
12,ours-406478,677,0.012624
12,KACTL,677,0.219331
12,393435,678,0.019987
12,ours-406478,678,0.012473
12,KACTL,678,0.219872
12,simd-v0,678,0.029266
12,ours-406478,679,0.012473
12,KACTL,679,0.221405
12,simd-v0,679,0.029054
12,393435,679,0.020028
12,KACTL,680,0.228939
12,simd-v0,680,0.029225
12,393435,680,0.020008
12,ours-406478,680,0.012693
12,simd-v0,681,0.029255
12,393435,681,0.019827
12,ours-406478,681,0.012423
12,KACTL,681,0.219121
12,393435,682,0.019988
12,ours-406478,682,0.012464
12,KACTL,682,0.219903
12,simd-v0,682,0.029235
12,ours-406478,683,0.012444
12,KACTL,683,0.219162
12,simd-v0,683,0.029165
12,393435,683,0.029746
12,KACTL,684,0.219101
12,simd-v0,684,0.029145
12,393435,684,0.020098
12,ours-406478,684,0.012754
12,simd-v0,685,0.029135
12,393435,685,0.019897
12,ours-406478,685,0.012433
12,KACTL,685,0.219231
12,393435,686,0.019898
12,ours-406478,686,0.012483
12,KACTL,686,0.219071
12,simd-v0,686,0.029225
12,ours-406478,687,0.012523
12,KACTL,687,0.228739
12,simd-v0,687,0.029295
12,393435,687,0.020178
12,KACTL,688,0.219231
12,simd-v0,688,0.029134
12,393435,688,0.020037
12,ours-406478,688,0.012684
12,simd-v0,689,0.029065
12,393435,689,0.020829
12,ours-406478,689,0.012403
12,KACTL,689,0.219352
12,393435,690,0.019988
12,ours-406478,690,0.012424
12,KACTL,690,0.219131
12,simd-v0,690,0.038973
12,ours-406478,691,0.012603
12,KACTL,691,0.219221
12,simd-v0,691,0.029145
12,393435,691,0.020017
12,KACTL,692,0.219993
12,simd-v0,692,0.029084
12,393435,692,0.020028
12,ours-406478,692,0.012594
12,simd-v0,693,0.029155
12,393435,693,0.019928
12,ours-406478,693,0.012484
12,KACTL,693,0.219051
12,393435,694,0.019978
12,ours-406478,694,0.012553
12,KACTL,694,0.228689
12,simd-v0,694,0.029295
12,ours-406478,695,0.012603
12,KACTL,695,0.219532
12,simd-v0,695,0.029035
12,393435,695,0.020208
12,KACTL,696,0.219111
12,simd-v0,696,0.029305
12,393435,696,0.019948
12,ours-406478,696,0.012593
12,simd-v0,697,0.029154
12,393435,697,0.019877
12,ours-406478,697,0.012413
12,KACTL,697,0.242766
12,393435,698,0.020228
12,ours-406478,698,0.012744
12,KACTL,698,0.219392
12,simd-v0,698,0.029265
12,ours-406478,699,0.012473
12,KACTL,699,0.219081
12,simd-v0,699,0.029075
12,393435,699,0.020188
12,KACTL,700,0.219171
12,simd-v0,700,0.029185
12,393435,700,0.019898
12,ours-406478,700,0.012574
12,simd-v0,701,0.029155
12,393435,701,0.019938
12,ours-406478,701,0.023364
12,KACTL,701,0.219431
12,393435,702,0.020048
12,ours-406478,702,0.012584
12,KACTL,702,0.219101
12,simd-v0,702,0.029285
12,ours-406478,703,0.012473
12,KACTL,703,0.219231
12,simd-v0,703,0.029064
12,393435,703,0.019887
12,KACTL,704,0.232707
12,simd-v0,704,0.029244
12,393435,704,0.019937
12,ours-406478,704,0.012654
12,simd-v0,705,0.029155
12,393435,705,0.019987
12,ours-406478,705,0.012483
12,KACTL,705,0.219301
12,393435,706,0.019868
12,ours-406478,706,0.012463
12,KACTL,706,0.219181
12,simd-v0,706,0.029184
12,ours-406478,707,0.012593
12,KACTL,707,0.219041
12,simd-v0,707,0.029195
12,393435,707,0.019927
12,KACTL,708,0.228779
12,simd-v0,708,0.029234
12,393435,708,0.019987
12,ours-406478,708,0.012624
12,simd-v0,709,0.029105
12,393435,709,0.020008
12,ours-406478,709,0.012474
12,KACTL,709,0.220033
12,393435,710,0.019908
12,ours-406478,710,0.012463
12,KACTL,710,0.219271
12,simd-v0,710,0.029215
12,ours-406478,711,0.012464
12,KACTL,711,0.229370
12,simd-v0,711,0.029255
12,393435,711,0.019997
12,KACTL,712,0.219161
12,simd-v0,712,0.029065
12,393435,712,0.019837
12,ours-406478,712,0.012814
12,simd-v0,713,0.029275
12,393435,713,0.019877
12,ours-406478,713,0.012473
12,KACTL,713,0.222557
12,393435,714,0.019947
12,ours-406478,714,0.012604
12,KACTL,714,0.218981
12,simd-v0,714,0.040365
12,ours-406478,715,0.012654
12,KACTL,715,0.219492
12,simd-v0,715,0.029265
12,393435,715,0.020057
12,KACTL,716,0.219021
12,simd-v0,716,0.029035
12,393435,716,0.019957
12,ours-406478,716,0.012614
12,simd-v0,717,0.029045
12,393435,717,0.019807
12,ours-406478,717,0.012503
12,KACTL,717,0.219051
12,393435,718,0.019967
12,ours-406478,718,0.012453
12,KACTL,718,0.229530
12,simd-v0,718,0.032130
12,ours-406478,719,0.012584
12,KACTL,719,0.219151
12,simd-v0,719,0.029084
12,393435,719,0.020168
12,KACTL,720,0.219020
12,simd-v0,720,0.029054
12,393435,720,0.019898
12,ours-406478,720,0.012554
12,simd-v0,721,0.029154
12,393435,721,0.019958
12,ours-406478,721,0.012434
12,KACTL,721,0.228709
12,393435,722,0.019997
12,ours-406478,722,0.012604
12,KACTL,722,0.219161
12,simd-v0,722,0.029275
12,ours-406478,723,0.012463
12,KACTL,723,0.219090
12,simd-v0,723,0.029024
12,393435,723,0.020037
12,KACTL,724,0.219241
12,simd-v0,724,0.029204
12,393435,724,0.019877
12,ours-406478,724,0.012553
12,simd-v0,725,0.029074
12,393435,725,0.019857
12,ours-406478,725,0.012504
12,KACTL,725,0.229320
12,393435,726,0.019898
12,ours-406478,726,0.012564
12,KACTL,726,0.219161
12,simd-v0,726,0.029265
12,ours-406478,727,0.012434
12,KACTL,727,0.219071
12,simd-v0,727,0.029165
12,393435,727,0.019987
12,KACTL,728,0.219131
12,simd-v0,728,0.039124
12,393435,728,0.020097
12,ours-406478,728,0.012624
12,simd-v0,729,0.029125
12,393435,729,0.019948
12,ours-406478,729,0.012434
12,KACTL,729,0.219332
12,393435,730,0.019867
12,ours-406478,730,0.012443
12,KACTL,730,0.219291
12,simd-v0,730,0.029264
12,ours-406478,731,0.012523
12,KACTL,731,0.219161
12,simd-v0,731,0.029124
12,393435,731,0.019947
12,KACTL,732,0.228789
12,simd-v0,732,0.029115
12,393435,732,0.020137
12,ours-406478,732,0.012654
12,simd-v0,733,0.029045
12,393435,733,0.020028
12,ours-406478,733,0.012474
12,KACTL,733,0.219211
12,393435,734,0.019997
12,ours-406478,734,0.012463
12,KACTL,734,0.218991
12,simd-v0,734,0.029315
12,ours-406478,735,0.012434
12,KACTL,735,0.229260
12,simd-v0,735,0.029175
12,393435,735,0.020027
12,KACTL,736,0.219161
12,simd-v0,736,0.029275
12,393435,736,0.019858
12,ours-406478,736,0.012693
12,simd-v0,737,0.029065
12,393435,737,0.019927
12,ours-406478,737,0.012543
12,KACTL,737,0.219191
12,393435,738,0.019938
12,ours-406478,738,0.012513
12,KACTL,738,0.219211
12,simd-v0,738,0.029235
12,ours-406478,739,0.012473
12,KACTL,739,0.229170
12,simd-v0,739,0.029164
12,393435,739,0.020027
12,KACTL,740,0.219241
12,simd-v0,740,0.029114
12,393435,740,0.019967
12,ours-406478,740,0.012674
12,simd-v0,741,0.029125
12,393435,741,0.019877
12,ours-406478,741,0.012433
12,KACTL,741,0.219191
12,393435,742,0.020068
12,ours-406478,742,0.012433
12,KACTL,742,0.228569
12,simd-v0,742,0.029265
12,ours-406478,743,0.012564
12,KACTL,743,0.219271
12,simd-v0,743,0.029155
12,393435,743,0.019988
12,KACTL,744,0.219211
12,simd-v0,744,0.029095
12,393435,744,0.019957
12,ours-406478,744,0.012554
12,simd-v0,745,0.029065
12,393435,745,0.020008
12,ours-406478,745,0.012453
12,KACTL,745,0.219101
12,393435,746,0.019898
12,ours-406478,746,0.022192
12,KACTL,746,0.219000
12,simd-v0,746,0.029275
12,ours-406478,747,0.012584
12,KACTL,747,0.219161
12,simd-v0,747,0.029115
12,393435,747,0.020118
12,KACTL,748,0.221495
12,simd-v0,748,0.029114
12,393435,748,0.020017
12,ours-406478,748,0.012583
12,simd-v0,749,0.029004
12,393435,749,0.019977
12,ours-406478,749,0.012443
12,KACTL,749,0.229781
12,393435,750,0.020137
12,ours-406478,750,0.012664
12,KACTL,750,0.219101
12,simd-v0,750,0.029195
12,ours-406478,751,0.012504
12,KACTL,751,0.219863
12,simd-v0,751,0.029115
12,393435,751,0.020108
12,KACTL,752,0.219211
12,simd-v0,752,0.029145
12,393435,752,0.019907
12,ours-406478,752,0.012604
12,simd-v0,753,0.029155
12,393435,753,0.020047
12,ours-406478,753,0.012634
12,KACTL,753,0.219151
12,393435,754,0.020037
12,ours-406478,754,0.012473
12,KACTL,754,0.219301
12,simd-v0,754,0.030106
12,ours-406478,755,0.012443
12,KACTL,755,0.219191
12,simd-v0,755,0.029185
12,393435,755,0.020068
12,KACTL,756,0.228920
12,simd-v0,756,0.029265
12,393435,756,0.019947
12,ours-406478,756,0.012754
12,simd-v0,757,0.028975
12,393435,757,0.019837
12,ours-406478,757,0.012563
12,KACTL,757,0.219322
12,393435,758,0.019988
12,ours-406478,758,0.012444
12,KACTL,758,0.219873
12,simd-v0,758,0.029255
12,ours-406478,759,0.012474
12,KACTL,759,0.219161
12,simd-v0,759,0.039844
12,393435,759,0.020187
12,KACTL,760,0.219222
12,simd-v0,760,0.029124
12,393435,760,0.019987
12,ours-406478,760,0.012774
12,simd-v0,761,0.029094
12,393435,761,0.019897
12,ours-406478,761,0.012453
12,KACTL,761,0.219202
12,393435,762,0.019897
12,ours-406478,762,0.012513
12,KACTL,762,0.219191
12,simd-v0,762,0.029215
12,ours-406478,763,0.012533
12,KACTL,763,0.228639
12,simd-v0,763,0.029175
12,393435,763,0.020047
12,KACTL,764,0.219321
12,simd-v0,764,0.029044
12,393435,764,0.019957
12,ours-406478,764,0.012673
12,simd-v0,765,0.029095
12,393435,765,0.019877
12,ours-406478,765,0.012453
12,KACTL,765,0.219952
12,393435,766,0.019907
12,ours-406478,766,0.012464
12,KACTL,766,0.228678
12,simd-v0,766,0.029225
12,ours-406478,767,0.012623
12,KACTL,767,0.219221
12,simd-v0,767,0.029064
12,393435,767,0.020067
12,KACTL,768,0.219212
12,simd-v0,768,0.029054
12,393435,768,0.020037
12,ours-406478,768,0.012643
12,simd-v0,769,0.029135
12,393435,769,0.020068
12,ours-406478,769,0.012464
12,KACTL,769,0.219201
12,393435,770,0.019987
12,ours-406478,770,0.012523
12,KACTL,770,0.228498
12,simd-v0,770,0.029215
12,ours-406478,771,0.012563
12,KACTL,771,0.219141
12,simd-v0,771,0.029095
12,393435,771,0.020078
12,KACTL,772,0.219221
12,simd-v0,772,0.029355
12,393435,772,0.019868
12,ours-406478,772,0.012584
12,simd-v0,773,0.029115
12,393435,773,0.019908
12,ours-406478,773,0.012544
12,KACTL,773,0.228850
12,393435,774,0.020148
12,ours-406478,774,0.012604
12,KACTL,774,0.219140
12,simd-v0,774,0.029235
12,ours-406478,775,0.012494
12,KACTL,775,0.219181
12,simd-v0,775,0.029145
12,393435,775,0.020077
12,KACTL,776,0.219081
12,simd-v0,776,0.029145
12,393435,776,0.019878
12,ours-406478,776,0.012513
12,simd-v0,777,0.029165
12,393435,777,0.029546
12,ours-406478,777,0.012494
12,KACTL,777,0.219361
12,393435,778,0.020017
12,ours-406478,778,0.012473
12,KACTL,778,0.219111
12,simd-v0,778,0.029225
12,ours-406478,779,0.012433
12,KACTL,779,0.219272
12,simd-v0,779,0.029104
12,393435,779,0.019987
12,KACTL,780,0.228308
12,simd-v0,780,0.029215
12,393435,780,0.019977
12,ours-406478,780,0.012734
12,simd-v0,781,0.029115
12,393435,781,0.019918
12,ours-406478,781,0.012434
12,KACTL,781,0.219231
12,393435,782,0.019967
12,ours-406478,782,0.012443
12,KACTL,782,0.221736
12,simd-v0,782,0.029285
12,ours-406478,783,0.012553
12,KACTL,783,0.219121
12,simd-v0,783,0.029105
12,393435,783,0.019917
12,KACTL,784,0.230262
12,simd-v0,784,0.029174
12,393435,784,0.020058
12,ours-406478,784,0.012654
12,simd-v0,785,0.029034
12,393435,785,0.020037
12,ours-406478,785,0.012433
12,KACTL,785,0.219201
12,393435,786,0.020689
12,ours-406478,786,0.012463
12,KACTL,786,0.219211
12,simd-v0,786,0.029295
12,ours-406478,787,0.012493
12,KACTL,787,0.228810
12,simd-v0,787,0.029284
12,393435,787,0.020128
12,KACTL,788,0.219181
12,simd-v0,788,0.028975
12,393435,788,0.019877
12,ours-406478,788,0.012794
12,simd-v0,789,0.029035
12,393435,789,0.019908
12,ours-406478,789,0.012454
12,KACTL,789,0.219873
12,393435,790,0.019967
12,ours-406478,790,0.012433
12,KACTL,790,0.219171
12,simd-v0,790,0.038702
12,ours-406478,791,0.012624
12,KACTL,791,0.219391
12,simd-v0,791,0.029084
12,393435,791,0.020098
12,KACTL,792,0.219231
12,simd-v0,792,0.029104
12,393435,792,0.019777
12,ours-406478,792,0.012593
12,simd-v0,793,0.029185
12,393435,793,0.019907
12,ours-406478,793,0.012473
12,KACTL,793,0.219251
12,393435,794,0.019897
12,ours-406478,794,0.012564
12,KACTL,794,0.230142
12,simd-v0,794,0.029275
12,ours-406478,795,0.012614
12,KACTL,795,0.219221
12,simd-v0,795,0.028994
12,393435,795,0.020078
12,KACTL,796,0.219140
12,simd-v0,796,0.029174
12,393435,796,0.019947
12,ours-406478,796,0.012584
12,simd-v0,797,0.029235
12,393435,797,0.019948
12,ours-406478,797,0.012473
12,KACTL,797,0.239449
12,393435,798,0.020067
12,ours-406478,798,0.012694
12,KACTL,798,0.219462
12,simd-v0,798,0.029225
12,ours-406478,799,0.012533
12,KACTL,799,0.220072
12,simd-v0,799,0.029154
12,393435,799,0.020078
12,KACTL,800,0.219140
12,simd-v0,800,0.029175
12,393435,800,0.019937
12,ours-406478,800,0.012553
12,simd-v0,801,0.029185
12,393435,801,0.019877
12,ours-406478,801,0.012503
12,KACTL,801,0.230202
12,393435,802,0.020038
12,ours-406478,802,0.012684
12,KACTL,802,0.219121
12,simd-v0,802,0.029305
12,ours-406478,803,0.012433
12,KACTL,803,0.219862
12,simd-v0,803,0.029015
12,393435,803,0.019998
12,KACTL,804,0.228579
12,simd-v0,804,0.029355
12,393435,804,0.019988
12,ours-406478,804,0.012693
12,simd-v0,805,0.029185
12,393435,805,0.019927
12,ours-406478,805,0.012433
12,KACTL,805,0.219392
12,393435,806,0.019937
12,ours-406478,806,0.012433
12,KACTL,806,0.219993
12,simd-v0,806,0.029175
12,ours-406478,807,0.012594
12,KACTL,807,0.219151
12,simd-v0,807,0.029124
12,393435,807,0.020057
12,KACTL,808,0.228659
12,simd-v0,808,0.029174
12,393435,808,0.020057
12,ours-406478,808,0.012684
12,simd-v0,809,0.029024
12,393435,809,0.020038
12,ours-406478,809,0.012444
12,KACTL,809,0.219201
12,393435,810,0.019968
12,ours-406478,810,0.013175
12,KACTL,810,0.219041
12,simd-v0,810,0.029205
12,ours-406478,811,0.012483
12,KACTL,811,0.244579
12,simd-v0,811,0.029265
12,393435,811,0.020107
12,KACTL,812,0.219361
12,simd-v0,812,0.029054
12,393435,812,0.020007
12,ours-406478,812,0.012814
12,simd-v0,813,0.029094
12,393435,813,0.019987
12,ours-406478,813,0.012404
12,KACTL,813,0.219932
12,393435,814,0.019898
12,ours-406478,814,0.012464
12,KACTL,814,0.219031
12,simd-v0,814,0.029235
12,ours-406478,815,0.023404
12,KACTL,815,0.219121
12,simd-v0,815,0.029255
12,393435,815,0.019997
12,KACTL,816,0.219201
12,simd-v0,816,0.029035
12,393435,816,0.019918
12,ours-406478,816,0.012654
12,simd-v0,817,0.032390
12,393435,817,0.020018
12,ours-406478,817,0.012484
12,KACTL,817,0.219191
12,393435,818,0.019987
12,ours-406478,818,0.012463
12,KACTL,818,0.228789
12,simd-v0,818,0.029185
12,ours-406478,819,0.012573
12,KACTL,819,0.219532
12,simd-v0,819,0.029035
12,393435,819,0.020048
12,KACTL,820,0.220002
12,simd-v0,820,0.029104
12,393435,820,0.019907
12,ours-406478,820,0.012573
12,simd-v0,821,0.029244
12,393435,821,0.019877
12,ours-406478,821,0.012463
12,KACTL,821,0.228729
12,393435,822,0.020058
12,ours-406478,822,0.012574
12,KACTL,822,0.219171
12,simd-v0,822,0.029335
12,ours-406478,823,0.012443
12,KACTL,823,0.219001
12,simd-v0,823,0.029095
12,393435,823,0.020759
12,KACTL,824,0.219251
12,simd-v0,824,0.029254
12,393435,824,0.019987
12,ours-406478,824,0.012554
12,simd-v0,825,0.029195
12,393435,825,0.019838
12,ours-406478,825,0.012504
12,KACTL,825,0.228970
12,393435,826,0.020067
12,ours-406478,826,0.012694
12,KACTL,826,0.219111
12,simd-v0,826,0.029204
12,ours-406478,827,0.012433
12,KACTL,827,0.219972
12,simd-v0,827,0.029145
12,393435,827,0.020068
12,KACTL,828,0.219151
12,simd-v0,828,0.039213
12,393435,828,0.020018
12,ours-406478,828,0.012683
12,simd-v0,829,0.029074
12,393435,829,0.019887
12,ours-406478,829,0.012443
12,KACTL,829,0.219131
12,393435,830,0.019887
12,ours-406478,830,0.012423
12,KACTL,830,0.219261
12,simd-v0,830,0.029215
12,ours-406478,831,0.012533
12,KACTL,831,0.219081
12,simd-v0,831,0.029185
12,393435,831,0.019917
12,KACTL,832,0.229070
12,simd-v0,832,0.029114
12,393435,832,0.020017
12,ours-406478,832,0.012704
12,simd-v0,833,0.029065
12,393435,833,0.019937
12,ours-406478,833,0.012424
12,KACTL,833,0.219222
12,393435,834,0.020078
12,ours-406478,834,0.012444
12,KACTL,834,0.219201
12,simd-v0,834,0.029205
12,ours-406478,835,0.012463
12,KACTL,835,0.228528
12,simd-v0,835,0.029225
12,393435,835,0.020067
12,KACTL,836,0.219111
12,simd-v0,836,0.029115
12,393435,836,0.019987
12,ours-406478,836,0.012754
12,simd-v0,837,0.029075
12,393435,837,0.019888
12,ours-406478,837,0.012503
12,KACTL,837,0.219271
12,393435,838,0.019927
12,ours-406478,838,0.012474
12,KACTL,838,0.219070
12,simd-v0,838,0.029204
12,ours-406478,839,0.012474
12,KACTL,839,0.228819
12,simd-v0,839,0.029255
12,393435,839,0.020128
12,KACTL,840,0.219201
12,simd-v0,840,0.029125
12,393435,840,0.019968
12,ours-406478,840,0.012804
12,simd-v0,841,0.029044
12,393435,841,0.019937
12,ours-406478,841,0.012563
12,KACTL,841,0.219271
12,393435,842,0.019907
12,ours-406478,842,0.012543
12,KACTL,842,0.230091
12,simd-v0,842,0.029245
12,ours-406478,843,0.012653
12,KACTL,843,0.219091
12,simd-v0,843,0.029085
12,393435,843,0.020238
12,KACTL,844,0.220033
12,simd-v0,844,0.029325
12,393435,844,0.019897
12,ours-406478,844,0.012543
12,simd-v0,845,0.029084
12,393435,845,0.019817
12,ours-406478,845,0.012463
12,KACTL,845,0.219192
12,393435,846,0.029756
12,ours-406478,846,0.012613
12,KACTL,846,0.219251
12,simd-v0,846,0.029275
12,ours-406478,847,0.012424
12,KACTL,847,0.219151
12,simd-v0,847,0.029054
12,393435,847,0.020027
12,KACTL,848,0.220043
12,simd-v0,848,0.029105
12,393435,848,0.019947
12,ours-406478,848,0.012573
12,simd-v0,849,0.029225
12,393435,849,0.019897
12,ours-406478,849,0.012474
12,KACTL,849,0.229260
12,393435,850,0.020088
12,ours-406478,850,0.012623
12,KACTL,850,0.219221
12,simd-v0,850,0.029244
12,ours-406478,851,0.012543
12,KACTL,851,0.221786
12,simd-v0,851,0.029185
12,393435,851,0.020047
12,KACTL,852,0.219051
12,simd-v0,852,0.029165
12,393435,852,0.019998
12,ours-406478,852,0.024025
12,simd-v0,853,0.029094
12,393435,853,0.020067
12,ours-406478,853,0.012503
12,KACTL,853,0.219512
12,393435,854,0.019917
12,ours-406478,854,0.012443
12,KACTL,854,0.219161
12,simd-v0,854,0.029325
12,ours-406478,855,0.012483
12,KACTL,855,0.219161
12,simd-v0,855,0.029125
12,393435,855,0.020037
12,KACTL,856,0.228890
12,simd-v0,856,0.029135
12,393435,856,0.020047
12,ours-406478,856,0.012754
12,simd-v0,857,0.029034
12,393435,857,0.019928
12,ours-406478,857,0.012464
12,KACTL,857,0.219261
12,393435,858,0.019987
12,ours-406478,858,0.012453
12,KACTL,858,0.219091
12,simd-v0,858,0.029185
12,ours-406478,859,0.012444
12,KACTL,859,0.218851
12,simd-v0,859,0.042780
12,393435,859,0.020018
12,KACTL,860,0.219161
12,simd-v0,860,0.029235
12,393435,860,0.019938
12,ours-406478,860,0.012683
12,simd-v0,861,0.029014
12,393435,861,0.019907
12,ours-406478,861,0.012494
12,KACTL,861,0.219131
12,393435,862,0.020629
12,ours-406478,862,0.012524
12,KACTL,862,0.219201
12,simd-v0,862,0.029395
12,ours-406478,863,0.012454
12,KACTL,863,0.228840
12,simd-v0,863,0.029175
12,393435,863,0.020128
12,KACTL,864,0.219141
12,simd-v0,864,0.029084
12,393435,864,0.019938
12,ours-406478,864,0.012704
12,simd-v0,865,0.029105
12,393435,865,0.019928
12,ours-406478,865,0.012423
12,KACTL,865,0.219912
12,393435,866,0.019887
12,ours-406478,866,0.012504
12,KACTL,866,0.228959
12,simd-v0,866,0.029235
12,ours-406478,867,0.012614
12,KACTL,867,0.219171
12,simd-v0,867,0.029105
12,393435,867,0.020098
12,KACTL,868,0.219231
12,simd-v0,868,0.028984
12,393435,868,0.020318
12,ours-406478,868,0.012563
12,simd-v0,869,0.029024
12,393435,869,0.019927
12,ours-406478,869,0.012414
12,KACTL,869,0.219081
12,393435,870,0.019978
12,ours-406478,870,0.012453
12,KACTL,870,0.229079
12,simd-v0,870,0.029205
12,ours-406478,871,0.012664
12,KACTL,871,0.218920
12,simd-v0,871,0.029204
12,393435,871,0.020017
12,KACTL,872,0.219151
12,simd-v0,872,0.029014
12,393435,872,0.019958
12,ours-406478,872,0.012644
12,simd-v0,873,0.029044
12,393435,873,0.019907
12,ours-406478,873,0.012413
12,KACTL,873,0.228729
12,393435,874,0.020028
12,ours-406478,874,0.012934
12,KACTL,874,0.219111
12,simd-v0,874,0.029295
12,ours-406478,875,0.012474
12,KACTL,875,0.219061
12,simd-v0,875,0.028954
12,393435,875,0.020198
12,KACTL,876,0.219111
12,simd-v0,876,0.029074
12,393435,876,0.019967
12,ours-406478,876,0.012533
12,simd-v0,877,0.029125
12,393435,877,0.029385
12,ours-406478,877,0.012603
12,KACTL,877,0.219091
12,393435,878,0.020017
12,ours-406478,878,0.012423
12,KACTL,878,0.219171
12,simd-v0,878,0.029415
12,ours-406478,879,0.012444
12,KACTL,879,0.219231
12,simd-v0,879,0.029164
12,393435,879,0.019977
12,KACTL,880,0.228569
12,simd-v0,880,0.029244
12,393435,880,0.020028
12,ours-406478,880,0.012614
12,simd-v0,881,0.029144
12,393435,881,0.019967
12,ours-406478,881,0.012443
12,KACTL,881,0.219411
12,393435,882,0.019878
12,ours-406478,882,0.012463
12,KACTL,882,0.219120
12,simd-v0,882,0.029275
12,ours-406478,883,0.012563
12,KACTL,883,0.219061
12,simd-v0,883,0.029205
12,393435,883,0.020138
12,KACTL,884,0.229371
12,simd-v0,884,0.029234
12,393435,884,0.020048
12,ours-406478,884,0.012643
12,simd-v0,885,0.029155
12,393435,885,0.019907
12,ours-406478,885,0.012473
12,KACTL,885,0.219392
12,393435,886,0.019957
12,ours-406478,886,0.015259
12,KACTL,886,0.219111
12,simd-v0,886,0.029245
12,ours-406478,887,0.012444
12,KACTL,887,0.228779
12,simd-v0,887,0.029225
12,393435,887,0.020307
12,KACTL,888,0.219041
12,simd-v0,888,0.029054
12,393435,888,0.020057
12,ours-406478,888,0.012714
12,simd-v0,889,0.029165
12,393435,889,0.019998
12,ours-406478,889,0.012413
12,KACTL,889,0.219953
12,393435,890,0.019938
12,ours-406478,890,0.012444
12,KACTL,890,0.219101
12,simd-v0,890,0.039003
12,ours-406478,891,0.012623
12,KACTL,891,0.219352
12,simd-v0,891,0.029205
12,393435,891,0.020098
12,KACTL,892,0.219111
12,simd-v0,892,0.029165
12,393435,892,0.020138
12,ours-406478,892,0.012553
12,simd-v0,893,0.029054
12,393435,893,0.020017
12,ours-406478,893,0.012443
12,KACTL,893,0.219321
12,393435,894,0.020008
12,ours-406478,894,0.012484
12,KACTL,894,0.231926
12,simd-v0,894,0.029245
12,ours-406478,895,0.012573
12,KACTL,895,0.219111
12,simd-v0,895,0.029135
12,393435,895,0.020038
12,KACTL,896,0.219201
12,simd-v0,896,0.029175
12,393435,896,0.019848
12,ours-406478,896,0.012704
12,simd-v0,897,0.029054
12,393435,897,0.019888
12,ours-406478,897,0.012574
12,KACTL,897,0.228819
12,393435,898,0.020117
12,ours-406478,898,0.012564
12,KACTL,898,0.219111
12,simd-v0,898,0.029365
12,ours-406478,899,0.012464
12,KACTL,899,0.219081
12,simd-v0,899,0.029044
12,393435,899,0.020869
12,KACTL,900,0.219102
12,simd-v0,900,0.029104
12,393435,900,0.019997
12,ours-406478,900,0.012584
12,simd-v0,901,0.029165
12,393435,901,0.019877
12,ours-406478,901,0.012503
12,KACTL,901,0.228619
12,393435,902,0.019977
12,ours-406478,902,0.012664
12,KACTL,902,0.219091
12,simd-v0,902,0.029385
12,ours-406478,903,0.012494
12,KACTL,903,0.219021
12,simd-v0,903,0.029095
12,393435,903,0.019967
12,KACTL,904,0.228599
12,simd-v0,904,0.029165
12,393435,904,0.020048
12,ours-406478,904,0.012644
12,simd-v0,905,0.029154
12,393435,905,0.019907
12,ours-406478,905,0.012423
12,KACTL,905,0.219071
12,393435,906,0.019967
12,ours-406478,906,0.012483
12,KACTL,906,0.219171
12,simd-v0,906,0.029164
12,ours-406478,907,0.012523
12,KACTL,907,0.219021
12,simd-v0,907,0.029164
12,393435,907,0.019957
12,KACTL,908,0.228829
12,simd-v0,908,0.029174
12,393435,908,0.020158
12,ours-406478,908,0.012704
12,simd-v0,909,0.029024
12,393435,909,0.019937
12,ours-406478,909,0.012423
12,KACTL,909,0.219241
12,393435,910,0.019858
12,ours-406478,910,0.012463
12,KACTL,910,0.219121
12,simd-v0,910,0.029155
12,ours-406478,911,0.012453
12,KACTL,911,0.228619
12,simd-v0,911,0.029285
12,393435,911,0.020027
12,KACTL,912,0.219391
12,simd-v0,912,0.029004
12,393435,912,0.020007
12,ours-406478,912,0.012724
12,simd-v0,913,0.029105
12,393435,913,0.019948
12,ours-406478,913,0.012534
12,KACTL,913,0.220003
12,393435,914,0.020048
12,ours-406478,914,0.012473
12,KACTL,914,0.219091
12,simd-v0,914,0.029295
12,ours-406478,915,0.012484
12,KACTL,915,0.229551
12,simd-v0,915,0.029224
12,393435,915,0.020088
12,KACTL,916,0.219181
12,simd-v0,916,0.029055
12,393435,916,0.019857
12,ours-406478,916,0.012724
12,simd-v0,917,0.029105
12,393435,917,0.019867
12,ours-406478,917,0.012464
12,KACTL,917,0.219171
12,393435,918,0.019937
12,ours-406478,918,0.012563
12,KACTL,918,0.228378
12,simd-v0,918,0.029285
12,ours-406478,919,0.012584
12,KACTL,919,0.219281
12,simd-v0,919,0.029015
12,393435,919,0.019988
12,KACTL,920,0.222166
12,simd-v0,920,0.029165
12,393435,920,0.019927
12,ours-406478,920,0.012573
12,simd-v0,921,0.029155
12,393435,921,0.019887
12,ours-406478,921,0.012423
12,KACTL,921,0.219261
12,393435,922,0.032570
12,ours-406478,922,0.012674
12,KACTL,922,0.219291
12,simd-v0,922,0.029255
12,ours-406478,923,0.012444
12,KACTL,923,0.219402
12,simd-v0,923,0.029185
12,393435,923,0.020018
12,KACTL,924,0.219221
12,simd-v0,924,0.029175
12,393435,924,0.019988
12,ours-406478,924,0.012534
12,simd-v0,925,0.029095
12,393435,925,0.019957
12,ours-406478,925,0.012533
12,KACTL,925,0.243456
12,393435,926,0.020058
12,ours-406478,926,0.012784
12,KACTL,926,0.219301
12,simd-v0,926,0.029305
12,ours-406478,927,0.012443
12,KACTL,927,0.219863
12,simd-v0,927,0.029044
12,393435,927,0.019928
12,KACTL,928,0.219191
12,simd-v0,928,0.040116
12,393435,928,0.020007
12,ours-406478,928,0.012604
12,simd-v0,929,0.029235
12,393435,929,0.019908
12,ours-406478,929,0.012434
12,KACTL,929,0.219212
12,393435,930,0.019947
12,ours-406478,930,0.012423
12,KACTL,930,0.219181
12,simd-v0,930,0.029295
12,ours-406478,931,0.012473
12,KACTL,931,0.219902
12,simd-v0,931,0.029094
12,393435,931,0.020007
12,KACTL,932,0.228979
12,simd-v0,932,0.029245
12,393435,932,0.020077
12,ours-406478,932,0.012664
12,simd-v0,933,0.029124
12,393435,933,0.020028
12,ours-406478,933,0.012403
12,KACTL,933,0.219232
12,393435,934,0.019948
12,ours-406478,934,0.012423
12,KACTL,934,0.219171
12,simd-v0,934,0.029195
12,ours-406478,935,0.012443
12,KACTL,935,0.228749
12,simd-v0,935,0.029235
12,393435,935,0.020038
12,KACTL,936,0.219131
12,simd-v0,936,0.029044
12,393435,936,0.019937
12,ours-406478,936,0.012733
12,simd-v0,937,0.029094
12,393435,937,0.019987
12,ours-406478,937,0.012433
12,KACTL,937,0.219171
12,393435,938,0.019938
12,ours-406478,938,0.012464
12,KACTL,938,0.219742
12,simd-v0,938,0.029205
12,ours-406478,939,0.012443
12,KACTL,939,0.228749
12,simd-v0,939,0.029135
12,393435,939,0.020128
12,KACTL,940,0.219081
12,simd-v0,940,0.029184
12,393435,940,0.019927
12,ours-406478,940,0.012674
12,simd-v0,941,0.029135
12,393435,941,0.019947
12,ours-406478,941,0.012443
12,KACTL,941,0.219151
12,393435,942,0.019878
12,ours-406478,942,0.012554
12,KACTL,942,0.228538
12,simd-v0,942,0.029305
12,ours-406478,943,0.012493
12,KACTL,943,0.219111
12,simd-v0,943,0.029105
12,393435,943,0.020208
12,KACTL,944,0.219091
12,simd-v0,944,0.029876
12,393435,944,0.019867
12,ours-406478,944,0.012593
12,simd-v0,945,0.029124
12,393435,945,0.019917
12,ours-406478,945,0.012484
12,KACTL,945,0.219421
12,393435,946,0.019908
12,ours-406478,946,0.012434
12,KACTL,946,0.219201
12,simd-v0,946,0.029245
12,ours-406478,947,0.012554
12,KACTL,947,0.219121
12,simd-v0,947,0.029114
12,393435,947,0.020118
12,KACTL,948,0.219051
12,simd-v0,948,0.028964
12,393435,948,0.019998
12,ours-406478,948,0.012544
12,simd-v0,949,0.029035
12,393435,949,0.020048
12,ours-406478,949,0.012434
12,KACTL,949,0.228769
12,393435,950,0.019978
12,ours-406478,950,0.012594
12,KACTL,950,0.220022
12,simd-v0,950,0.029205
12,ours-406478,951,0.012534
12,KACTL,951,0.219151
12,simd-v0,951,0.029144
12,393435,951,0.020048
12,KACTL,952,0.219823
12,simd-v0,952,0.029155
12,393435,952,0.019947
12,ours-406478,952,0.012654
12,simd-v0,953,0.038862
12,393435,953,0.020088
12,ours-406478,953,0.012533
12,KACTL,953,0.219261
12,393435,954,0.019987
12,ours-406478,954,0.012433
12,KACTL,954,0.219161
12,simd-v0,954,0.029225
12,ours-406478,955,0.012483
12,KACTL,955,0.221775
12,simd-v0,955,0.029024
12,393435,955,0.020128
12,KACTL,956,0.228579
12,simd-v0,956,0.029114
12,393435,956,0.020128
12,ours-406478,956,0.012724
12,simd-v0,957,0.029024
12,393435,957,0.019947
12,ours-406478,957,0.012534
12,KACTL,957,0.219141
12,393435,958,0.019947
12,ours-406478,958,0.012413
12,KACTL,958,0.220003
12,simd-v0,958,0.029355
12,ours-406478,959,0.012453
12,KACTL,959,0.219110
12,simd-v0,959,0.028974
12,393435,959,0.029725
12,KACTL,960,0.219191
12,simd-v0,960,0.029295
12,393435,960,0.020028
12,ours-406478,960,0.012673
12,simd-v0,961,0.029115
12,393435,961,0.019867
12,ours-406478,961,0.012423
12,KACTL,961,0.219271
12,393435,962,0.019857
12,ours-406478,962,0.012453
12,KACTL,962,0.219662
12,simd-v0,962,0.029304
12,ours-406478,963,0.012463
12,KACTL,963,0.228569
12,simd-v0,963,0.029144
12,393435,963,0.019997
12,KACTL,964,0.219101
12,simd-v0,964,0.029005
12,393435,964,0.019998
12,ours-406478,964,0.012634
12,simd-v0,965,0.029025
12,393435,965,0.019938
12,ours-406478,965,0.012393
12,KACTL,965,0.219201
12,393435,966,0.019867
12,ours-406478,966,0.012424
12,KACTL,966,0.228448
12,simd-v0,966,0.029174
12,ours-406478,967,0.012584
12,KACTL,967,0.219281
12,simd-v0,967,0.029285
12,393435,967,0.020028
12,KACTL,968,0.219141
12,simd-v0,968,0.029134
12,393435,968,0.020078
12,ours-406478,968,0.012613
12,simd-v0,969,0.029886
12,393435,969,0.019938
12,ours-406478,969,0.012443
12,KACTL,969,0.219161
12,393435,970,0.019908
12,ours-406478,970,0.012444
12,KACTL,970,0.229731
12,simd-v0,970,0.029165
12,ours-406478,971,0.012664
12,KACTL,971,0.219060
12,simd-v0,971,0.029185
12,393435,971,0.020058
12,KACTL,972,0.219812
12,simd-v0,972,0.029135
12,393435,972,0.019958
12,ours-406478,972,0.012624
12,simd-v0,973,0.029124
12,393435,973,0.019978
12,ours-406478,973,0.012403
12,KACTL,973,0.229060
12,393435,974,0.020008
12,ours-406478,974,0.012614
12,KACTL,974,0.219091
12,simd-v0,974,0.029185
12,ours-406478,975,0.012473
12,KACTL,975,0.219191
12,simd-v0,975,0.029164
12,393435,975,0.020027
12,KACTL,976,0.219913
12,simd-v0,976,0.029134
12,393435,976,0.019947
12,ours-406478,976,0.012543
12,simd-v0,977,0.029104
12,393435,977,0.019877
12,ours-406478,977,0.012654
12,KACTL,977,0.219251
12,393435,978,0.020068
12,ours-406478,978,0.012463
12,KACTL,978,0.219402
12,simd-v0,978,0.029225
12,ours-406478,979,0.012493
12,KACTL,979,0.219912
12,simd-v0,979,0.029115
12,393435,979,0.020138
12,KACTL,980,0.228769
12,simd-v0,980,0.029295
12,393435,980,0.019967
12,ours-406478,980,0.012674
12,simd-v0,981,0.029205
12,393435,981,0.019937
12,ours-406478,981,0.012433
12,KACTL,981,0.219171
12,393435,982,0.019877
12,ours-406478,982,0.012553
12,KACTL,982,0.219953
12,simd-v0,982,0.029285
12,ours-406478,983,0.012414
12,KACTL,983,0.219130
12,simd-v0,983,0.029134
12,393435,983,0.020308
12,KACTL,984,0.228729
12,simd-v0,984,0.029175
12,393435,984,0.019897
12,ours-406478,984,0.012654
12,simd-v0,985,0.029094
12,393435,985,0.019928
12,ours-406478,985,0.012434
12,KACTL,985,0.219382
12,393435,986,0.019857
12,ours-406478,986,0.012423
12,KACTL,986,0.219822
12,simd-v0,986,0.029305
12,ours-406478,987,0.012514
12,KACTL,987,0.231013
12,simd-v0,987,0.029305
12,393435,987,0.019968
12,KACTL,988,0.219261
12,simd-v0,988,0.029064
12,393435,988,0.020047
12,ours-406478,988,0.012684
12,simd-v0,989,0.029045
12,393435,989,0.020068
12,ours-406478,989,0.012434
12,KACTL,989,0.221746
12,393435,990,0.019987
12,ours-406478,990,0.012513
12,KACTL,990,0.219131
12,simd-v0,990,0.039234
12,ours-406478,991,0.012613
12,KACTL,991,0.219221
12,simd-v0,991,0.029145
12,393435,991,0.020048
12,KACTL,992,0.219232
12,simd-v0,992,0.029064
12,393435,992,0.019887
12,ours-406478,992,0.012633
12,simd-v0,993,0.029034
12,393435,993,0.019907
12,ours-406478,993,0.012463
12,KACTL,993,0.219892
12,393435,994,0.020007
12,ours-406478,994,0.012483
12,KACTL,994,0.229791
12,simd-v0,994,0.029295
12,ours-406478,995,0.012554
12,KACTL,995,0.219111
12,simd-v0,995,0.029175
12,393435,995,0.020147
12,KACTL,996,0.219161
12,simd-v0,996,0.029896
12,393435,996,0.019928
12,ours-406478,996,0.012564
12,simd-v0,997,0.029205
12,393435,997,0.019887
12,ours-406478,997,0.012443
12,KACTL,997,0.228949
12,393435,998,0.020018
12,ours-406478,998,0.012603
12,KACTL,998,0.219592
12,simd-v0,998,0.029305
12,ours-406478,999,0.012443
12,KACTL,999,0.219281
12,simd-v0,999,0.029014
12,393435,999,0.020048
12,KACTL,1000,0.219291
12,simd-v0,1000,0.029095
12,393435,1000,0.020018
12,ours-406478,1000,0.012564
13,KACTL,0,0.488316
13,simd-v0,0,0.058389
13,393435,0,0.040586
13,ours-406478,0,0.026480
13,simd-v0,1,0.058329
13,393435,1,0.040516
13,ours-406478,1,0.027131
13,KACTL,1,0.485721
13,393435,2,0.040486
13,ours-406478,2,0.026460
13,KACTL,2,0.476553
13,simd-v0,2,0.058379
13,ours-406478,3,0.026350
13,KACTL,3,0.484899
13,simd-v0,3,0.058390
13,393435,3,0.040546
13,KACTL,4,0.476424
13,simd-v0,4,0.058300
13,393435,4,0.040516
13,ours-406478,4,0.037149
13,simd-v0,5,0.058349
13,393435,5,0.040516
13,ours-406478,5,0.026409
13,KACTL,5,0.474240
13,393435,6,0.040446
13,ours-406478,6,0.026359
13,KACTL,6,0.486402
13,simd-v0,6,0.058630
13,ours-406478,7,0.026640
13,KACTL,7,0.478137
13,simd-v0,7,0.058259
13,393435,7,0.040526
13,KACTL,8,0.487754
13,simd-v0,8,0.058360
13,393435,8,0.040586
13,ours-406478,8,0.026590
13,simd-v0,9,0.058249
13,393435,9,0.040306
13,ours-406478,9,0.026550
13,KACTL,9,0.486402
13,393435,10,0.040465
13,ours-406478,10,0.026579
13,KACTL,10,0.476123
13,simd-v0,10,0.058389
13,ours-406478,11,0.026389
13,KACTL,11,0.485381
13,simd-v0,11,0.058289
13,393435,11,0.040617
13,KACTL,12,0.475772
13,simd-v0,12,0.058349
13,393435,12,0.040486
13,ours-406478,12,0.026660
13,simd-v0,13,0.069189
13,393435,13,0.040506
13,ours-406478,13,0.026520
13,KACTL,13,0.474439
13,393435,14,0.040376
13,ours-406478,14,0.026469
13,KACTL,14,0.486763
13,simd-v0,14,0.058350
13,ours-406478,15,0.026469
13,KACTL,15,0.474229
13,simd-v0,15,0.058320
13,393435,15,0.040566
13,KACTL,16,0.486863
13,simd-v0,16,0.058379
13,393435,16,0.040446
13,ours-406478,16,0.026630
13,simd-v0,17,0.058360
13,393435,17,0.040375
13,ours-406478,17,0.026329
13,KACTL,17,0.485371
13,393435,18,0.040656
13,ours-406478,18,0.026459
13,KACTL,18,0.476975
13,simd-v0,18,0.058330
13,ours-406478,19,0.026359
13,KACTL,19,0.484168
13,simd-v0,19,0.058400
13,393435,19,0.040576
13,KACTL,20,0.501651
13,simd-v0,20,0.069480
13,393435,20,0.040936
13,ours-406478,20,0.026941
13,simd-v0,21,0.080862
13,393435,21,0.040746
13,ours-406478,21,0.026540
13,KACTL,21,0.475913
13,393435,22,0.040576
13,ours-406478,22,0.026359
13,KACTL,22,0.487614
13,simd-v0,22,0.058380
13,ours-406478,23,0.026520
13,KACTL,23,0.477225
13,simd-v0,23,0.058410
13,393435,23,0.040545
13,KACTL,24,0.486362
13,simd-v0,24,0.058410
13,393435,24,0.040485
13,ours-406478,24,0.026509
13,simd-v0,25,0.058229
13,393435,25,0.040376
13,ours-406478,25,0.026370
13,KACTL,25,0.485371
13,393435,26,0.040416
13,ours-406478,26,0.026500
13,KACTL,26,0.475952
13,simd-v0,26,0.058390
13,ours-406478,27,0.026460
13,KACTL,27,0.485140
13,simd-v0,27,0.058430
13,393435,27,0.040486
13,KACTL,28,0.476714
13,simd-v0,28,0.058449
13,393435,28,0.040426
13,ours-406478,28,0.026700
13,simd-v0,29,0.068388
13,393435,29,0.040566
13,ours-406478,29,0.026479
13,KACTL,29,0.474510
13,393435,30,0.040476
13,ours-406478,30,0.026309
13,KACTL,30,0.485891
13,simd-v0,30,0.058520
13,ours-406478,31,0.026610
13,KACTL,31,0.474660
13,simd-v0,31,0.059171
13,393435,31,0.040726
13,KACTL,32,0.487735
13,simd-v0,32,0.058329
13,393435,32,0.040567
13,ours-406478,32,0.026650
13,simd-v0,33,0.058390
13,393435,33,0.040386
13,ours-406478,33,0.026319
13,KACTL,33,0.485951
13,393435,34,0.040526
13,ours-406478,34,0.026530
13,KACTL,34,0.476173
13,simd-v0,34,0.058309
13,ours-406478,35,0.026459
13,KACTL,35,0.484449
13,simd-v0,35,0.058310
13,393435,35,0.040627
13,KACTL,36,0.477245
13,simd-v0,36,0.058299
13,393435,36,0.040496
13,ours-406478,36,0.026590
13,simd-v0,37,0.058429
13,393435,37,0.040506
13,ours-406478,37,0.026539
13,KACTL,37,0.474820
13,393435,38,0.040536
13,ours-406478,38,0.026440
13,KACTL,38,0.486402
13,simd-v0,38,0.058329
13,ours-406478,39,0.026560
13,KACTL,39,0.477085
13,simd-v0,39,0.058450
13,393435,39,0.040486
13,KACTL,40,0.487675
13,simd-v0,40,0.058320
13,393435,40,0.040536
13,ours-406478,40,0.026570
13,simd-v0,41,0.058289
13,393435,41,0.040396
13,ours-406478,41,0.026380
13,KACTL,41,0.476965
13,393435,42,0.050626
13,ours-406478,42,0.026570
13,KACTL,42,0.481763
13,simd-v0,42,0.064841
13,ours-406478,43,0.026680
13,KACTL,43,0.486362
13,simd-v0,43,0.058379
13,393435,43,0.040747
13,KACTL,44,0.493355
13,simd-v0,44,0.058621
13,393435,44,0.040797
13,ours-406478,44,0.026620
13,simd-v0,45,0.058309
13,393435,45,0.040376
13,ours-406478,45,0.038964
13,KACTL,45,0.475351
13,393435,46,0.040486
13,ours-406478,46,0.026480
13,KACTL,46,0.486473
13,simd-v0,46,0.058360
13,ours-406478,47,0.026479
13,KACTL,47,0.474730
13,simd-v0,47,0.058419
13,393435,47,0.040486
13,KACTL,48,0.486723
13,simd-v0,48,0.058269
13,393435,48,0.040586
13,ours-406478,48,0.026750
13,simd-v0,49,0.058389
13,393435,49,0.040346
13,ours-406478,49,0.026459
13,KACTL,49,0.474580
13,393435,50,0.051857
13,ours-406478,50,0.026590
13,KACTL,50,0.476083
13,simd-v0,50,0.058379
13,ours-406478,51,0.026369
13,KACTL,51,0.484759
13,simd-v0,51,0.058410
13,393435,51,0.040757
13,KACTL,52,0.476363
13,simd-v0,52,0.058209
13,393435,52,0.040386
13,ours-406478,52,0.026580
13,simd-v0,53,0.058290
13,393435,53,0.040306
13,ours-406478,53,0.026470
13,KACTL,53,0.485891
13,393435,54,0.040626
13,ours-406478,54,0.026480
13,KACTL,54,0.486412
13,simd-v0,54,0.058330
13,ours-406478,55,0.026680
13,KACTL,55,0.474420
13,simd-v0,55,0.058209
13,393435,55,0.040466
13,KACTL,56,0.486332
13,simd-v0,56,0.058761
13,393435,56,0.040545
13,ours-406478,56,0.026630
13,simd-v0,57,0.058239
13,393435,57,0.040426
13,ours-406478,57,0.026369
13,KACTL,57,0.474500
13,393435,58,0.051326
13,ours-406478,58,0.026499
13,KACTL,58,0.476183
13,simd-v0,58,0.058470
13,ours-406478,59,0.026580
13,KACTL,59,0.515567
13,simd-v0,59,0.058519
13,393435,59,0.041007
13,KACTL,60,0.476334
13,simd-v0,60,0.059120
13,393435,60,0.040426
13,ours-406478,60,0.026800
13,simd-v0,61,0.058310
13,393435,61,0.040355
13,ours-406478,61,0.026359
13,KACTL,61,0.491110
13,393435,62,0.040486
13,ours-406478,62,0.026489
13,KACTL,62,0.486362
13,simd-v0,62,0.058580
13,ours-406478,63,0.026590
13,KACTL,63,0.474360
13,simd-v0,63,0.058299
13,393435,63,0.040525
13,KACTL,64,0.486462
13,simd-v0,64,0.058390
13,393435,64,0.040475
13,ours-406478,64,0.026560
13,simd-v0,65,0.058410
13,393435,65,0.040507
13,ours-406478,65,0.026340
13,KACTL,65,0.474991
13,393435,66,0.040396
13,ours-406478,66,0.036959
13,KACTL,66,0.476914
13,simd-v0,66,0.058450
13,ours-406478,67,0.026430
13,KACTL,67,0.484970
13,simd-v0,67,0.058340
13,393435,67,0.040496
13,KACTL,68,0.476333
13,simd-v0,68,0.058289
13,393435,68,0.040446
13,ours-406478,68,0.026670
13,simd-v0,69,0.058280
13,393435,69,0.040476
13,ours-406478,69,0.026350
13,KACTL,69,0.485070
13,393435,70,0.040496
13,ours-406478,70,0.026530
13,KACTL,70,0.476264
13,simd-v0,70,0.068829
13,ours-406478,71,0.026590
13,KACTL,71,0.474540
13,simd-v0,71,0.061986
13,393435,71,0.040496
13,KACTL,72,0.500218
13,simd-v0,72,0.058490
13,393435,72,0.040516
13,ours-406478,72,0.026660
13,simd-v0,73,0.058330
13,393435,73,0.040365
13,ours-406478,73,0.026420
13,KACTL,73,0.475552
13,393435,74,0.040396
13,ours-406478,74,0.026410
13,KACTL,74,0.487384
13,simd-v0,74,0.058561
13,ours-406478,75,0.026530
13,KACTL,75,0.485510
13,simd-v0,75,0.058450
13,393435,75,0.040506
13,KACTL,76,0.475762
13,simd-v0,76,0.058399
13,393435,76,0.040827
13,ours-406478,76,0.026760
13,simd-v0,77,0.058239
13,393435,77,0.040435
13,ours-406478,77,0.026369
13,KACTL,77,0.485080
13,393435,78,0.040566
13,ours-406478,78,0.026540
13,KACTL,78,0.475652
13,simd-v0,78,0.068409
13,ours-406478,79,0.026460
13,KACTL,79,0.474570
13,simd-v0,79,0.058330
13,393435,79,0.040526
13,KACTL,80,0.486472
13,simd-v0,80,0.058389
13,393435,80,0.040565
13,ours-406478,80,0.026540
13,simd-v0,81,0.058189
13,393435,81,0.040446
13,ours-406478,81,0.026379
13,KACTL,81,0.475341
13,393435,82,0.040466
13,ours-406478,82,0.026390
13,KACTL,82,0.486563
13,simd-v0,82,0.058430
13,ours-406478,83,0.026460
13,KACTL,83,0.474740
13,simd-v0,83,0.068388
13,393435,83,0.040556
13,KACTL,84,0.476223
13,simd-v0,84,0.058299
13,393435,84,0.040596
13,ours-406478,84,0.026500
13,simd-v0,85,0.059101
13,393435,85,0.040406
13,ours-406478,85,0.026359
13,KACTL,85,0.484699
13,393435,86,0.040677
13,ours-406478,86,0.026460
13,KACTL,86,0.476875
13,simd-v0,86,0.058359
13,ours-406478,87,0.026369
13,KACTL,87,0.484439
13,simd-v0,87,0.058400
13,393435,87,0.040956
13,KACTL,88,0.492594
13,simd-v0,88,0.058390
13,393435,88,0.040786
13,ours-406478,88,0.026559
13,simd-v0,89,0.058309
13,393435,89,0.040857
13,ours-406478,89,0.026340
13,KACTL,89,0.475662
13,393435,90,0.040485
13,ours-406478,90,0.026289
13,KACTL,90,0.487574
13,simd-v0,90,0.058439
13,ours-406478,91,0.026609
13,KACTL,91,0.475221
13,simd-v0,91,0.068608
13,393435,91,0.040526
13,KACTL,92,0.476514
13,simd-v0,92,0.058390
13,393435,92,0.040556
13,ours-406478,92,0.026630
13,simd-v0,93,0.058219
13,393435,93,0.041357
13,ours-406478,93,0.026400
13,KACTL,93,0.485931
13,393435,94,0.040566
13,ours-406478,94,0.026750
13,KACTL,94,0.476804
13,simd-v0,94,0.058520
13,ours-406478,95,0.026440
13,KACTL,95,0.484899
13,simd-v0,95,0.058290
13,393435,95,0.040456
13,KACTL,96,0.485781
13,simd-v0,96,0.058239
13,393435,96,0.040566
13,ours-406478,96,0.026720
13,simd-v0,97,0.058259
13,393435,97,0.040427
13,ours-406478,97,0.026599
13,KACTL,97,0.474650
13,393435,98,0.040576
13,ours-406478,98,0.026349
13,KACTL,98,0.491191
13,simd-v0,98,0.058249
13,ours-406478,99,0.026559
13,KACTL,99,0.474520
13,simd-v0,99,0.058340
13,393435,99,0.051085
13,KACTL,100,0.476353
13,simd-v0,100,0.058500
13,393435,100,0.040476
13,ours-406478,100,0.026690
13,simd-v0,101,0.058220
13,393435,101,0.040576
13,ours-406478,101,0.026309
13,KACTL,101,0.485150
13,393435,102,0.040527
13,ours-406478,102,0.026450
13,KACTL,102,0.477265
13,simd-v0,102,0.058450
13,ours-406478,103,0.026399
13,KACTL,103,0.484268
13,simd-v0,103,0.058469
13,393435,103,0.040485
13,KACTL,104,0.479409
13,simd-v0,104,0.058499
13,393435,104,0.040857
13,ours-406478,104,0.026610
13,simd-v0,105,0.058349
13,393435,105,0.040516
13,ours-406478,105,0.026430
13,KACTL,105,0.474830
13,393435,106,0.040416
13,ours-406478,106,0.027111
13,KACTL,106,0.486352
13,simd-v0,106,0.058550
13,ours-406478,107,0.026590
13,KACTL,107,0.475151
13,simd-v0,107,0.068779
13,393435,107,0.059942
13,KACTL,108,0.498875
13,simd-v0,108,0.058469
13,393435,108,0.040696
13,ours-406478,108,0.027381
13,simd-v0,109,0.058319
13,393435,109,0.040616
13,ours-406478,109,0.027121
13,KACTL,109,0.497974
13,393435,110,0.040566
13,ours-406478,110,0.026751
13,KACTL,110,0.476363
13,simd-v0,110,0.058269
13,ours-406478,111,0.026329
13,KACTL,111,0.485290
13,simd-v0,111,0.059371
13,393435,111,0.040556
13,KACTL,112,0.486342
13,simd-v0,112,0.058399
13,393435,112,0.048000
13,ours-406478,112,0.036058
13,simd-v0,113,0.067427
13,393435,113,0.040957
13,ours-406478,113,0.026750
13,KACTL,113,0.476213
13,393435,114,0.040446
13,ours-406478,114,0.026359
13,KACTL,114,0.488386
13,simd-v0,114,0.058560
13,ours-406478,115,0.026570
13,KACTL,115,0.475181
13,simd-v0,115,0.069491
13,393435,115,0.040616
13,KACTL,116,0.476554
13,simd-v0,116,0.058630
13,393435,116,0.040436
13,ours-406478,116,0.026661
13,simd-v0,117,0.058360
13,393435,117,0.040406
13,ours-406478,117,0.026319
13,KACTL,117,0.485901
13,393435,118,0.040527
13,ours-406478,118,0.026539
13,KACTL,118,0.476153
13,simd-v0,118,0.058370
13,ours-406478,119,0.026460
13,KACTL,119,0.486192
13,simd-v0,119,0.058570
13,393435,119,0.040496
13,KACTL,120,0.490239
13,simd-v0,120,0.058399
13,393435,120,0.040546
13,ours-406478,120,0.026870
13,simd-v0,121,0.058400
13,393435,121,0.040316
13,ours-406478,121,0.026520
13,KACTL,121,0.474430
13,393435,122,0.040345
13,ours-406478,122,0.027191
13,KACTL,122,0.486362
13,simd-v0,122,0.058370
13,ours-406478,123,0.026499
13,KACTL,123,0.475051
13,simd-v0,123,0.058329
13,393435,123,0.060364
13,KACTL,124,0.485541
13,simd-v0,124,0.058610
13,393435,124,0.040656
13,ours-406478,124,0.026549
13,simd-v0,125,0.058199
13,393435,125,0.040336
13,ours-406478,125,0.026339
13,KACTL,125,0.486642
13,393435,126,0.040576
13,ours-406478,126,0.026450
13,KACTL,126,0.477225
13,simd-v0,126,0.058320
13,ours-406478,127,0.026389
13,KACTL,127,0.485661
13,simd-v0,127,0.058399
13,393435,127,0.040545
13,KACTL,128,0.476663
13,simd-v0,128,0.068408
13,393435,128,0.040485
13,ours-406478,128,0.026620
13,simd-v0,129,0.058440
13,393435,129,0.040436
13,ours-406478,129,0.026340
13,KACTL,129,0.504186
13,393435,130,0.041417
13,ours-406478,130,0.026780
13,KACTL,130,0.488185
13,simd-v0,130,0.058400
13,ours-406478,131,0.026529
13,KACTL,131,0.475461
13,simd-v0,131,0.058299
13,393435,131,0.050926
13,KACTL,132,0.476183
13,simd-v0,132,0.058320
13,393435,132,0.040415
13,ours-406478,132,0.026680
13,simd-v0,133,0.058279
13,393435,133,0.040395
13,ours-406478,133,0.026359
13,KACTL,133,0.486282
13,393435,134,0.040536
13,ours-406478,134,0.026470
13,KACTL,134,0.476093
13,simd-v0,134,0.059301
13,ours-406478,135,0.026369
13,KACTL,135,0.484589
13,simd-v0,135,0.058259
13,393435,135,0.040676
13,KACTL,136,0.479519
13,simd-v0,136,0.097523
13,393435,136,0.040636
13,ours-406478,136,0.026730
13,simd-v0,137,0.058280
13,393435,137,0.040165
13,ours-406478,137,0.026359
13,KACTL,137,0.475141
13,393435,138,0.040275
13,ours-406478,138,0.026379
13,KACTL,138,0.488026
13,simd-v0,138,0.058369
13,ours-406478,139,0.026550
13,KACTL,139,0.475191
13,simd-v0,139,0.058320
13,393435,139,0.051687
13,KACTL,140,0.476524
13,simd-v0,140,0.058550
13,393435,140,0.040546
13,ours-406478,140,0.026690
13,simd-v0,141,0.058440
13,393435,141,0.040425
13,ours-406478,141,0.026380
13,KACTL,141,0.487043
13,393435,142,0.040466
13,ours-406478,142,0.026420
13,KACTL,142,0.476153
13,simd-v0,142,0.058540
13,ours-406478,143,0.026410
13,KACTL,143,0.485120
13,simd-v0,143,0.058269
13,393435,143,0.040466
13,KACTL,144,0.475922
13,simd-v0,144,0.068348
13,393435,144,0.040516
13,ours-406478,144,0.026500
13,simd-v0,145,0.058219
13,393435,145,0.040526
13,ours-406478,145,0.026329
13,KACTL,145,0.475341
13,393435,146,0.040596
13,ours-406478,146,0.026319
13,KACTL,146,0.487264
13,simd-v0,146,0.058409
13,ours-406478,147,0.026540
13,KACTL,147,0.475251
13,simd-v0,147,0.058279
13,393435,147,0.040496
13,KACTL,148,0.486242
13,simd-v0,148,0.058370
13,393435,148,0.040536
13,ours-406478,148,0.026430
13,simd-v0,149,0.058410
13,393435,149,0.040487
13,ours-406478,149,0.026359
13,KACTL,149,0.485129
13,393435,150,0.040687
13,ours-406478,150,0.026550
13,KACTL,150,0.475853
13,simd-v0,150,0.058410
13,ours-406478,151,0.026459
13,KACTL,151,0.508674
13,simd-v0,151,0.064471
13,393435,151,0.045285
13,KACTL,152,0.481212
13,simd-v0,152,0.070773
13,393435,152,0.040567
13,ours-406478,152,0.026660
13,simd-v0,153,0.058319
13,393435,153,0.040386
13,ours-406478,153,0.026340
13,KACTL,153,0.474850
13,393435,154,0.040366
13,ours-406478,154,0.026309
13,KACTL,154,0.487654
13,simd-v0,154,0.058610
13,ours-406478,155,0.026610
13,KACTL,155,0.475201
13,simd-v0,155,0.058419
13,393435,155,0.040456
13,KACTL,156,0.487614
13,simd-v0,156,0.058340
13,393435,156,0.040667
13,ours-406478,156,0.026530
13,simd-v0,157,0.058220
13,393435,157,0.040556
13,ours-406478,157,0.026440
13,KACTL,157,0.484939
13,393435,158,0.040576
13,ours-406478,158,0.026530
13,KACTL,158,0.475992
13,simd-v0,158,0.058650
13,ours-406478,159,0.026450
13,KACTL,159,0.484589
13,simd-v0,159,0.058530
13,393435,159,0.040426
13,KACTL,160,0.477045
13,simd-v0,160,0.058750
13,393435,160,0.043892
13,ours-406478,160,0.026710
13,simd-v0,161,0.058319
13,393435,161,0.040475
13,ours-406478,161,0.026360
13,KACTL,161,0.474660
13,393435,162,0.040356
13,ours-406478,162,0.026400
13,KACTL,162,0.491611
13,simd-v0,162,0.058450
13,ours-406478,163,0.026540
13,KACTL,163,0.474500
13,simd-v0,163,0.058419
13,393435,163,0.040475
13,KACTL,164,0.487755
13,simd-v0,164,0.058549
13,393435,164,0.040436
13,ours-406478,164,0.026681
13,simd-v0,165,0.058179
13,393435,165,0.040416
13,ours-406478,165,0.026309
13,KACTL,165,0.485400
13,393435,166,0.040506
13,ours-406478,166,0.026480
13,KACTL,166,0.476373
13,simd-v0,166,0.058420
13,ours-406478,167,0.026349
13,KACTL,167,0.486072
13,simd-v0,167,0.058299
13,393435,167,0.040556
13,KACTL,168,0.479650
13,simd-v0,168,0.058409
13,393435,168,0.050455
13,ours-406478,168,0.026660
13,simd-v0,169,0.058359
13,393435,169,0.040516
13,ours-406478,169,0.026350
13,KACTL,169,0.474430
13,393435,170,0.040506
13,ours-406478,170,0.026349
13,KACTL,170,0.488176
13,simd-v0,170,0.058349
13,ours-406478,171,0.026570
13,KACTL,171,0.474390
13,simd-v0,171,0.058519
13,393435,171,0.040546
13,KACTL,172,0.488035
13,simd-v0,172,0.058390
13,393435,172,0.040506
13,ours-406478,172,0.026499
13,simd-v0,173,0.058229
13,393435,173,0.040446
13,ours-406478,173,0.026339
13,KACTL,173,0.486362
13,393435,174,0.040566
13,ours-406478,174,0.026479
13,KACTL,174,0.476374
13,simd-v0,174,0.058460
13,ours-406478,175,0.026449
13,KACTL,175,0.485781
13,simd-v0,175,0.058430
13,393435,175,0.040987
13,KACTL,176,0.476122
13,simd-v0,176,0.058339
13,393435,176,0.040506
13,ours-406478,176,0.026600
13,simd-v0,177,0.068358
13,393435,177,0.040516
13,ours-406478,177,0.026590
13,KACTL,177,0.474139
13,393435,178,0.040406
13,ours-406478,178,0.026340
13,KACTL,178,0.487094
13,simd-v0,178,0.058460
13,ours-406478,179,0.026570
13,KACTL,179,0.474429
13,simd-v0,179,0.058470
13,393435,179,0.040486
13,KACTL,180,0.487204
13,simd-v0,180,0.058419
13,393435,180,0.040536
13,ours-406478,180,0.026510
13,simd-v0,181,0.058269
13,393435,181,0.040486
13,ours-406478,181,0.026469
13,KACTL,181,0.485300
13,393435,182,0.040396
13,ours-406478,182,0.026500
13,KACTL,182,0.476564
13,simd-v0,182,0.058399
13,ours-406478,183,0.026380
13,KACTL,183,0.485490
13,simd-v0,183,0.058750
13,393435,183,0.040536
13,KACTL,184,0.479048
13,simd-v0,184,0.058349
13,393435,184,0.040426
13,ours-406478,184,0.026629
13,simd-v0,185,0.069160
13,393435,185,0.040536
13,ours-406478,185,0.026490
13,KACTL,185,0.474971
13,393435,186,0.040475
13,ours-406478,186,0.026320
13,KACTL,186,0.487203
13,simd-v0,186,0.058360
13,ours-406478,187,0.026610
13,KACTL,187,0.474289
13,simd-v0,187,0.058380
13,393435,187,0.040576
13,KACTL,188,0.487504
13,simd-v0,188,0.058329
13,393435,188,0.040556
13,ours-406478,188,0.026519
13,simd-v0,189,0.058430
13,393435,189,0.040496
13,ours-406478,189,0.026369
13,KACTL,189,0.485351
13,393435,190,0.040487
13,ours-406478,190,0.026450
13,KACTL,190,0.476564
13,simd-v0,190,0.058459
13,ours-406478,191,0.026440
13,KACTL,191,0.485570
13,simd-v0,191,0.058479
13,393435,191,0.040567
13,KACTL,192,0.476483
13,simd-v0,192,0.058319
13,393435,192,0.040465
13,ours-406478,192,0.027321
13,simd-v0,193,0.058260
13,393435,193,0.050745
13,ours-406478,193,0.026510
13,KACTL,193,0.474310
13,393435,194,0.040456
13,ours-406478,194,0.026360
13,KACTL,194,0.487284
13,simd-v0,194,0.058400
13,ours-406478,195,0.026540
13,KACTL,195,0.474420
13,simd-v0,195,0.058359
13,393435,195,0.040586
13,KACTL,196,0.487014
13,simd-v0,196,0.058410
13,393435,196,0.040967
13,ours-406478,196,0.026550
13,simd-v0,197,0.058289
13,393435,197,0.040676
13,ours-406478,197,0.026459
13,KACTL,197,0.485931
13,393435,198,0.040446
13,ours-406478,198,0.026510
13,KACTL,198,0.476203
13,simd-v0,198,0.058369
13,ours-406478,199,0.026450
13,KACTL,199,0.485500
13,simd-v0,199,0.058329
13,393435,199,0.040446
13,KACTL,200,0.479529
13,simd-v0,200,0.058410
13,393435,200,0.040496
13,ours-406478,200,0.026640
13,simd-v0,201,0.058219
13,393435,201,0.040447
13,ours-406478,201,0.037190
13,KACTL,201,0.475021
13,393435,202,0.040546
13,ours-406478,202,0.026450
13,KACTL,202,0.486984
13,simd-v0,202,0.058520
13,ours-406478,203,0.026510
13,KACTL,203,0.474920
13,simd-v0,203,0.064361
13,393435,203,0.040716
13,KACTL,204,0.485931
13,simd-v0,204,0.058430
13,393435,204,0.040616
13,ours-406478,204,0.026740
13,simd-v0,205,0.058339
13,393435,205,0.040486
13,ours-406478,205,0.026419
13,KACTL,205,0.474330
13,393435,206,0.051166
13,ours-406478,206,0.026470
13,KACTL,206,0.476303
13,simd-v0,206,0.058390
13,ours-406478,207,0.026349
13,KACTL,207,0.485020
13,simd-v0,207,0.058459
13,393435,207,0.040587
13,KACTL,208,0.476744
13,simd-v0,208,0.058459
13,393435,208,0.040386
13,ours-406478,208,0.026660
13,simd-v0,209,0.058239
13,393435,209,0.040556
13,ours-406478,209,0.027141
13,KACTL,209,0.485320
13,393435,210,0.040596
13,ours-406478,210,0.026440
13,KACTL,210,0.487194
13,simd-v0,210,0.058390
13,ours-406478,211,0.026650
13,KACTL,211,0.475241
13,simd-v0,211,0.058529
13,393435,211,0.040506
13,KACTL,212,0.486572
13,simd-v0,212,0.058369
13,393435,212,0.040536
13,ours-406478,212,0.026710
13,simd-v0,213,0.058390
13,393435,213,0.040405
13,ours-406478,213,0.026430
13,KACTL,213,0.474219
13,393435,214,0.040425
13,ours-406478,214,0.026309
13,KACTL,214,0.502623
13,simd-v0,214,0.058490
13,ours-406478,215,0.026600
13,KACTL,215,0.486071
13,simd-v0,215,0.058360
13,393435,215,0.040576
13,KACTL,216,0.478678
13,simd-v0,216,0.058349
13,393435,216,0.040516
13,ours-406478,216,0.026610
13,simd-v0,217,0.058209
13,393435,217,0.040426
13,ours-406478,217,0.026440
13,KACTL,217,0.485350
13,393435,218,0.040566
13,ours-406478,218,0.026520
13,KACTL,218,0.476935
13,simd-v0,218,0.068969
13,ours-406478,219,0.026490
13,KACTL,219,0.474570
13,simd-v0,219,0.058329
13,393435,219,0.040496
13,KACTL,220,0.486262
13,simd-v0,220,0.058260
13,393435,220,0.040527
13,ours-406478,220,0.026630
13,simd-v0,221,0.058269
13,393435,221,0.040356
13,ours-406478,221,0.026450
13,KACTL,221,0.475021
13,393435,222,0.040496
13,ours-406478,222,0.026530
13,KACTL,222,0.487133
13,simd-v0,222,0.058289
13,ours-406478,223,0.026580
13,KACTL,223,0.484478
13,simd-v0,223,0.058349
13,393435,223,0.040666
13,KACTL,224,0.476263
13,simd-v0,224,0.058339
13,393435,224,0.040345
13,ours-406478,224,0.026560
13,simd-v0,225,0.058189
13,393435,225,0.040286
13,ours-406478,225,0.026319
13,KACTL,225,0.486743
13,393435,226,0.040697
13,ours-406478,226,0.026460
13,KACTL,226,0.475822
13,simd-v0,226,0.069500
13,ours-406478,227,0.026590
13,KACTL,227,0.474670
13,simd-v0,227,0.058429
13,393435,227,0.040536
13,KACTL,228,0.486743
13,simd-v0,228,0.058480
13,393435,228,0.040737
13,ours-406478,228,0.026639
13,simd-v0,229,0.058380
13,393435,229,0.044904
13,ours-406478,229,0.026380
13,KACTL,229,0.474299
13,393435,230,0.040366
13,ours-406478,230,0.026330
13,KACTL,230,0.486652
13,simd-v0,230,0.058560
13,ours-406478,231,0.026630
13,KACTL,231,0.485460
13,simd-v0,231,0.058340
13,393435,231,0.040537
13,KACTL,232,0.476103
13,simd-v0,232,0.061565
13,393435,232,0.040467
13,ours-406478,232,0.026480
13,simd-v0,233,0.058209
13,393435,233,0.040416
13,ours-406478,233,0.026430
13,KACTL,233,0.485731
13,393435,234,0.040496
13,ours-406478,234,0.026569
13,KACTL,234,0.475912
13,simd-v0,234,0.058480
13,ours-406478,235,0.026449
13,KACTL,235,0.484779
13,simd-v0,235,0.058450
13,393435,235,0.042189
13,KACTL,236,0.486513
13,simd-v0,236,0.058460
13,393435,236,0.040536
13,ours-406478,236,0.026640
13,simd-v0,237,0.058259
13,393435,237,0.040396
13,ours-406478,237,0.026399
13,KACTL,237,0.475282
13,393435,238,0.040395
13,ours-406478,238,0.026480
13,KACTL,238,0.487163
13,simd-v0,238,0.058410
13,ours-406478,239,0.026589
13,KACTL,239,0.474500
13,simd-v0,239,0.087724
13,393435,239,0.040386
13,KACTL,240,0.476964
13,simd-v0,240,0.058429
13,393435,240,0.040456
13,ours-406478,240,0.026620
13,simd-v0,241,0.058149
13,393435,241,0.040506
13,ours-406478,241,0.026320
13,KACTL,241,0.486873
13,393435,242,0.040556
13,ours-406478,242,0.026529
13,KACTL,242,0.475902
13,simd-v0,242,0.058610
13,ours-406478,243,0.027221
13,KACTL,243,0.485040
13,simd-v0,243,0.058269
13,393435,243,0.040516
13,KACTL,244,0.487565
13,simd-v0,244,0.058259
13,393435,244,0.040476
13,ours-406478,244,0.026560
13,simd-v0,245,0.058280
13,393435,245,0.040436
13,ours-406478,245,0.026339
13,KACTL,245,0.498505
13,393435,246,0.040847
13,ours-406478,246,0.026830
13,KACTL,246,0.489468
13,simd-v0,246,0.058399
13,ours-406478,247,0.026520
13,KACTL,247,0.474520
13,simd-v0,247,0.069420
13,393435,247,0.040747
13,KACTL,248,0.476023
13,simd-v0,248,0.058369
13,393435,248,0.043572
13,ours-406478,248,0.026790
13,simd-v0,249,0.058329
13,393435,249,0.040526
13,ours-406478,249,0.026339
13,KACTL,249,0.486272
13,393435,250,0.040466
13,ours-406478,250,0.026449
13,KACTL,250,0.476353
13,simd-v0,250,0.058399
13,ours-406478,251,0.026390
13,KACTL,251,0.484769
13,simd-v0,251,0.058410
13,393435,251,0.040496
13,KACTL,252,0.486141
13,simd-v0,252,0.058489
13,393435,252,0.040536
13,ours-406478,252,0.026600
13,simd-v0,253,0.058259
13,393435,253,0.040536
13,ours-406478,253,0.026369
13,KACTL,253,0.474420
13,393435,254,0.040536
13,ours-406478,254,0.026340
13,KACTL,254,0.487344
13,simd-v0,254,0.058479
13,ours-406478,255,0.026730
13,KACTL,255,0.474570
13,simd-v0,255,0.058370
13,393435,255,0.051166
13,KACTL,256,0.476092
13,simd-v0,256,0.058410
13,393435,256,0.040566
13,ours-406478,256,0.026650
13,simd-v0,257,0.058430
13,393435,257,0.040607
13,ours-406478,257,0.026380
13,KACTL,257,0.507171
13,393435,258,0.040656
13,ours-406478,258,0.026559
13,KACTL,258,0.475021
13,simd-v0,258,0.058459
13,ours-406478,259,0.026379
13,KACTL,259,0.486943
13,simd-v0,259,0.058360
13,393435,259,0.040567
13,KACTL,260,0.483798
13,simd-v0,260,0.058289
13,393435,260,0.040496
13,ours-406478,260,0.026661
13,simd-v0,261,0.058249
13,393435,261,0.040356
13,ours-406478,261,0.026410
13,KACTL,261,0.475792
13,393435,262,0.040376
13,ours-406478,262,0.026370
13,KACTL,262,0.484137
13,simd-v0,262,0.058680
13,ours-406478,263,0.026510
13,KACTL,263,0.475431
13,simd-v0,263,0.058350
13,393435,263,0.041418
13,KACTL,264,0.489047
13,simd-v0,264,0.058489
13,393435,264,0.040486
13,ours-406478,264,0.026640
13,simd-v0,265,0.061344
13,393435,265,0.040647
13,ours-406478,265,0.026400
13,KACTL,265,0.488967
13,393435,266,0.040536
13,ours-406478,266,0.026500
13,KACTL,266,0.474410
13,simd-v0,266,0.058500
13,ours-406478,267,0.026570
13,KACTL,267,0.501871
13,simd-v0,267,0.058550
13,393435,267,0.040626
13,KACTL,268,0.474349
13,simd-v0,268,0.070653
13,393435,268,0.040556
13,ours-406478,268,0.026861
13,simd-v0,269,0.058349
13,393435,269,0.040346
13,ours-406478,269,0.026390
13,KACTL,269,0.476103
13,393435,270,0.040345
13,ours-406478,270,0.026419
13,KACTL,270,0.484929
13,simd-v0,270,0.058539
13,ours-406478,271,0.026400
13,KACTL,271,0.475251
13,simd-v0,271,0.058410
13,393435,271,0.040676
13,KACTL,272,0.484789
13,simd-v0,272,0.058489
13,393435,272,0.040456
13,ours-406478,272,0.026581
13,simd-v0,273,0.058309
13,393435,273,0.040506
13,ours-406478,273,0.026470
13,KACTL,273,0.486502
13,393435,274,0.040475
13,ours-406478,274,0.026519
13,KACTL,274,0.473819
13,simd-v0,274,0.058720
13,ours-406478,275,0.026340
13,KACTL,275,0.485641
13,simd-v0,275,0.058600
13,393435,275,0.040576
13,KACTL,276,0.474390
13,simd-v0,276,0.069099
13,393435,276,0.040436
13,ours-406478,276,0.026700
13,simd-v0,277,0.058439
13,393435,277,0.040426
13,ours-406478,277,0.026369
13,KACTL,277,0.475753
13,393435,278,0.040375
13,ours-406478,278,0.026349
13,KACTL,278,0.486222
13,simd-v0,278,0.058509
13,ours-406478,279,0.026540
13,KACTL,279,0.476413
13,simd-v0,279,0.058520
13,393435,279,0.040727
13,KACTL,280,0.485500
13,simd-v0,280,0.058700
13,393435,280,0.040436
13,ours-406478,280,0.026640
13,simd-v0,281,0.058279
13,393435,281,0.043241
13,ours-406478,281,0.026319
13,KACTL,281,0.486993
13,393435,282,0.040757
13,ours-406478,282,0.026500
13,KACTL,282,0.474260
13,simd-v0,282,0.058700
13,ours-406478,283,0.026269
13,KACTL,283,0.486522
13,simd-v0,283,0.058490
13,393435,283,0.040606
13,KACTL,284,0.473768
13,simd-v0,284,0.058420
13,393435,284,0.050796
13,ours-406478,284,0.026681
13,simd-v0,285,0.058400
13,393435,285,0.040506
13,ours-406478,285,0.026340
13,KACTL,285,0.476093
13,393435,286,0.040405
13,ours-406478,286,0.026329
13,KACTL,286,0.484619
13,simd-v0,286,0.058390
13,ours-406478,287,0.026560
13,KACTL,287,0.475662
13,simd-v0,287,0.058370
13,393435,287,0.040485
13,KACTL,288,0.484329
13,simd-v0,288,0.058500
13,393435,288,0.040587
13,ours-406478,288,0.026559
13,simd-v0,289,0.058239
13,393435,289,0.040476
13,ours-406478,289,0.026319
13,KACTL,289,0.486202
13,393435,290,0.040496
13,ours-406478,290,0.026479
13,KACTL,290,0.474029
13,simd-v0,290,0.058379
13,ours-406478,291,0.026409
13,KACTL,291,0.485140
13,simd-v0,291,0.058630
13,393435,291,0.040516
13,KACTL,292,0.474049
13,simd-v0,292,0.058650
13,393435,292,0.040566
13,ours-406478,292,0.026570
13,simd-v0,293,0.068648
13,393435,293,0.040616
13,ours-406478,293,0.026640
13,KACTL,293,0.475552
13,393435,294,0.040416
13,ours-406478,294,0.026350
13,KACTL,294,0.483917
13,simd-v0,294,0.058470
13,ours-406478,295,0.026540
13,KACTL,295,0.475643
13,simd-v0,295,0.058620
13,393435,295,0.040486
13,KACTL,296,0.483818
13,simd-v0,296,0.058380
13,393435,296,0.040496
13,ours-406478,296,0.026560
13,simd-v0,297,0.058340
13,393435,297,0.040446
13,ours-406478,297,0.026429
13,KACTL,297,0.489177
13,393435,298,0.040456
13,ours-406478,298,0.026750
13,KACTL,298,0.474580
13,simd-v0,298,0.058399
13,ours-406478,299,0.026390
13,KACTL,299,0.487654
13,simd-v0,299,0.058309
13,393435,299,0.040546
13,KACTL,300,0.474380
13,simd-v0,300,0.058450
13,393435,300,0.040516
13,ours-406478,300,0.026570
13,simd-v0,301,0.058210
13,393435,301,0.050735
13,ours-406478,301,0.026540
13,KACTL,301,0.476113
13,393435,302,0.040536
13,ours-406478,302,0.026460
13,KACTL,302,0.485130
13,simd-v0,302,0.058439
13,ours-406478,303,0.026479
13,KACTL,303,0.476153
13,simd-v0,303,0.058389
13,393435,303,0.040596
13,KACTL,304,0.485531
13,simd-v0,304,0.058279
13,393435,304,0.040586
13,ours-406478,304,0.026781
13,simd-v0,305,0.058340
13,393435,305,0.040366
13,ours-406478,305,0.026439
13,KACTL,305,0.485852
13,393435,306,0.040507
13,ours-406478,306,0.026470
13,KACTL,306,0.474320
13,simd-v0,306,0.058330
13,ours-406478,307,0.026309
13,KACTL,307,0.486924
13,simd-v0,307,0.058389
13,393435,307,0.040506
13,KACTL,308,0.474309
13,simd-v0,308,0.058300
13,393435,308,0.040385
13,ours-406478,308,0.026670
13,simd-v0,309,0.058240
13,393435,309,0.052028
13,ours-406478,309,0.026540
13,KACTL,309,0.475983
13,393435,310,0.040536
13,ours-406478,310,0.026359
13,KACTL,310,0.485371
13,simd-v0,310,0.058519
13,ours-406478,311,0.026530
13,KACTL,311,0.476384
13,simd-v0,311,0.058349
13,393435,311,0.040436
13,KACTL,312,0.487414
13,simd-v0,312,0.058290
13,393435,312,0.040546
13,ours-406478,312,0.026550
13,simd-v0,313,0.058550
13,393435,313,0.040506
13,ours-406478,313,0.026429
13,KACTL,313,0.478918
13,393435,314,0.040465
13,ours-406478,314,0.026580
13,KACTL,314,0.474991
13,simd-v0,314,0.058349
13,ours-406478,315,0.026460
13,KACTL,315,0.486933
13,simd-v0,315,0.058410
13,393435,315,0.040576
13,KACTL,316,0.474560
13,simd-v0,316,0.058319
13,393435,316,0.040386
13,ours-406478,316,0.026600
13,simd-v0,317,0.058349
13,393435,317,0.040456
13,ours-406478,317,0.026370
13,KACTL,317,0.487394
13,393435,318,0.040516
13,ours-406478,318,0.026550
13,KACTL,318,0.483857
13,simd-v0,318,0.058520
13,ours-406478,319,0.026450
13,KACTL,319,0.475612
13,simd-v0,319,0.058370
13,393435,319,0.040696
13,KACTL,320,0.498504
13,simd-v0,320,0.058399
13,393435,320,0.040676
13,ours-406478,320,0.026649
13,simd-v0,321,0.058229
13,393435,321,0.040436
13,ours-406478,321,0.026350
13,KACTL,321,0.475792
13,393435,322,0.051978
13,ours-406478,322,0.026500
13,KACTL,322,0.474330
13,simd-v0,322,0.058410
13,ours-406478,323,0.026359
13,KACTL,323,0.486864
13,simd-v0,323,0.058450
13,393435,323,0.040516
13,KACTL,324,0.474440
13,simd-v0,324,0.058430
13,393435,324,0.040385
13,ours-406478,324,0.026610
13,simd-v0,325,0.058380
13,393435,325,0.040416
13,ours-406478,325,0.026379
13,KACTL,325,0.486873
13,393435,326,0.040787
13,ours-406478,326,0.026540
13,KACTL,326,0.473959
13,simd-v0,326,0.069190
13,ours-406478,327,0.026590
13,KACTL,327,0.475541
13,simd-v0,327,0.058269
13,393435,327,0.040587
13,KACTL,328,0.485440
13,simd-v0,328,0.058890
13,393435,328,0.040617
13,ours-406478,328,0.026560
13,simd-v0,329,0.058429
13,393435,329,0.040476
13,ours-406478,329,0.026339
13,KACTL,329,0.479169
13,393435,330,0.040566
13,ours-406478,330,0.026429
13,KACTL,330,0.484819
13,simd-v0,330,0.058389
13,ours-406478,331,0.026641
13,KACTL,331,0.485931
13,simd-v0,331,0.058510
13,393435,331,0.040556
13,KACTL,332,0.474420
13,simd-v0,332,0.058419
13,393435,332,0.040496
13,ours-406478,332,0.026489
13,simd-v0,333,0.058410
13,393435,333,0.040546
13,ours-406478,333,0.026360
13,KACTL,333,0.486693
13,393435,334,0.040586
13,ours-406478,334,0.026610
13,KACTL,334,0.473939
13,simd-v0,334,0.068800
13,ours-406478,335,0.026540
13,KACTL,335,0.476404
13,simd-v0,335,0.058550
13,393435,335,0.040476
13,KACTL,336,0.485471
13,simd-v0,336,0.058400
13,393435,336,0.040516
13,ours-406478,336,0.026660
13,simd-v0,337,0.058389
13,393435,337,0.040426
13,ours-406478,337,0.026399
13,KACTL,337,0.475682
13,393435,338,0.040456
13,ours-406478,338,0.026430
13,KACTL,338,0.485441
13,simd-v0,338,0.058590
13,ours-406478,339,0.026450
13,KACTL,339,0.475572
13,simd-v0,339,0.069321
13,393435,339,0.040516
13,KACTL,340,0.474149
13,simd-v0,340,0.058329
13,393435,340,0.040436
13,ours-406478,340,0.026660
13,simd-v0,341,0.058249
13,393435,341,0.040376
13,ours-406478,341,0.026440
13,KACTL,341,0.486031
13,393435,342,0.040546
13,ours-406478,342,0.026530
13,KACTL,342,0.474049
13,simd-v0,342,0.058510
13,ours-406478,343,0.026329
13,KACTL,343,0.486483
13,simd-v0,343,0.058490
13,393435,343,0.040636
13,KACTL,344,0.483667
13,simd-v0,344,0.058340
13,393435,344,0.040486
13,ours-406478,344,0.026650
13,simd-v0,345,0.058399
13,393435,345,0.040376
13,ours-406478,345,0.026449
13,KACTL,345,0.479059
13,393435,346,0.040516
13,ours-406478,346,0.026500
13,KACTL,346,0.485470
13,simd-v0,346,0.058379
13,ours-406478,347,0.026449
13,KACTL,347,0.475421
13,simd-v0,347,0.069140
13,393435,347,0.040616
13,KACTL,348,0.475081
13,simd-v0,348,0.058419
13,393435,348,0.040306
13,ours-406478,348,0.026630
13,simd-v0,349,0.058249
13,393435,349,0.040586
13,ours-406478,349,0.026450
13,KACTL,349,0.486092
13,393435,350,0.040496
13,ours-406478,350,0.026509
13,KACTL,350,0.474339
13,simd-v0,350,0.058600
13,ours-406478,351,0.026549
13,KACTL,351,0.486853
13,simd-v0,351,0.058329
13,393435,351,0.040636
13,KACTL,352,0.484439
13,simd-v0,352,0.058479
13,393435,352,0.040626
13,ours-406478,352,0.026650
13,simd-v0,353,0.058390
13,393435,353,0.040576
13,ours-406478,353,0.026390
13,KACTL,353,0.475692
13,393435,354,0.040396
13,ours-406478,354,0.026319
13,KACTL,354,0.484329
13,simd-v0,354,0.058570
13,ours-406478,355,0.026650
13,KACTL,355,0.475461
13,simd-v0,355,0.058470
13,393435,355,0.054793
13,KACTL,356,0.475031
13,simd-v0,356,0.058540
13,393435,356,0.040536
13,ours-406478,356,0.026550
13,simd-v0,357,0.058199
13,393435,357,0.040476
13,ours-406478,357,0.026450
13,KACTL,357,0.486261
13,393435,358,0.040616
13,ours-406478,358,0.026569
13,KACTL,358,0.474110
13,simd-v0,358,0.058249
13,ours-406478,359,0.026390
13,KACTL,359,0.486662
13,simd-v0,359,0.058449
13,393435,359,0.040587
13,KACTL,360,0.474029
13,simd-v0,360,0.068308
13,393435,360,0.040796
13,ours-406478,360,0.026730
13,simd-v0,361,0.058389
13,393435,361,0.040366
13,ours-406478,361,0.026470
13,KACTL,361,0.479450
13,393435,362,0.040596
13,ours-406478,362,0.026479
13,KACTL,362,0.486062
13,simd-v0,362,0.058650
13,ours-406478,363,0.026510
13,KACTL,363,0.475512
13,simd-v0,363,0.058409
13,393435,363,0.040536
13,KACTL,364,0.495820
13,simd-v0,364,0.058269
13,393435,364,0.040476
13,ours-406478,364,0.026670
13,simd-v0,365,0.058399
13,393435,365,0.040486
13,ours-406478,365,0.026390
13,KACTL,365,0.489819
13,393435,366,0.040646
13,ours-406478,366,0.026570
13,KACTL,366,0.474119
13,simd-v0,366,0.058289
13,ours-406478,367,0.026310
13,KACTL,367,0.486793
13,simd-v0,367,0.058569
13,393435,367,0.040706
13,KACTL,368,0.474520
13,simd-v0,368,0.068608
13,393435,368,0.040495
13,ours-406478,368,0.026510
13,simd-v0,369,0.059311
13,393435,369,0.040566
13,ours-406478,369,0.026379
13,KACTL,369,0.475452
13,393435,370,0.040626
13,ours-406478,370,0.026400
13,KACTL,370,0.484999
13,simd-v0,370,0.058379
13,ours-406478,371,0.026660
13,KACTL,371,0.475853
13,simd-v0,371,0.058389
13,393435,371,0.040657
13,KACTL,372,0.485470
13,simd-v0,372,0.058339
13,393435,372,0.040506
13,ours-406478,372,0.026500
13,simd-v0,373,0.058309
13,393435,373,0.040476
13,ours-406478,373,0.026360
13,KACTL,373,0.504246
13,393435,374,0.040516
13,ours-406478,374,0.026630
13,KACTL,374,0.474710
13,simd-v0,374,0.058339
13,ours-406478,375,0.026470
13,KACTL,375,0.489588
13,simd-v0,375,0.058319
13,393435,375,0.040516
13,KACTL,376,0.474160
13,simd-v0,376,0.058309
13,393435,376,0.050605
13,ours-406478,376,0.026630
13,simd-v0,377,0.058289
13,393435,377,0.040436
13,ours-406478,377,0.026359
13,KACTL,377,0.478047
13,393435,378,0.040446
13,ours-406478,378,0.026480
13,KACTL,378,0.485531
13,simd-v0,378,0.058570
13,ours-406478,379,0.026440
13,KACTL,379,0.475432
13,simd-v0,379,0.058560
13,393435,379,0.040505
13,KACTL,380,0.485150
13,simd-v0,380,0.058470
13,393435,380,0.040516
13,ours-406478,380,0.026610
13,simd-v0,381,0.058219
13,393435,381,0.040435
13,ours-406478,381,0.026479
13,KACTL,381,0.486813
13,393435,382,0.040587
13,ours-406478,382,0.026410
13,KACTL,382,0.473979
13,simd-v0,382,0.058520
13,ours-406478,383,0.026360
13,KACTL,383,0.486332
13,simd-v0,383,0.058620
13,393435,383,0.040576
13,KACTL,384,0.474099
13,simd-v0,384,0.058370
13,393435,384,0.040365
13,ours-406478,384,0.026540
13,simd-v0,385,0.068589
13,393435,385,0.040586
13,ours-406478,385,0.026479
13,KACTL,385,0.475712
13,393435,386,0.040345
13,ours-406478,386,0.026419
13,KACTL,386,0.483957
13,simd-v0,386,0.058460
13,ours-406478,387,0.026500
13,KACTL,387,0.475682
13,simd-v0,387,0.058470
13,393435,387,0.040556
13,KACTL,388,0.484188
13,simd-v0,388,0.058589
13,393435,388,0.040415
13,ours-406478,388,0.026599
13,simd-v0,389,0.058269
13,393435,389,0.040396
13,ours-406478,389,0.026390
13,KACTL,389,0.485751
13,393435,390,0.040536
13,ours-406478,390,0.027251
13,KACTL,390,0.474149
13,simd-v0,390,0.058760
13,ours-406478,391,0.026430
13,KACTL,391,0.485490
13,simd-v0,391,0.058450
13,393435,391,0.040576
13,KACTL,392,0.473929
13,simd-v0,392,0.058379
13,393435,392,0.040446
13,ours-406478,392,0.026609
13,simd-v0,393,0.058319
13,393435,393,0.040456
13,ours-406478,393,0.026570
13,KACTL,393,0.476744
13,393435,394,0.040436
13,ours-406478,394,0.029786
13,KACTL,394,0.523522
13,simd-v0,394,0.058469
13,ours-406478,395,0.026800
13,KACTL,395,0.476033
13,simd-v0,395,0.058349
13,393435,395,0.040816
13,KACTL,396,0.486713
13,simd-v0,396,0.058490
13,393435,396,0.040487
13,ours-406478,396,0.026690
13,simd-v0,397,0.058339
13,393435,397,0.040416
13,ours-406478,397,0.026410
13,KACTL,397,0.486352
13,393435,398,0.040887
13,ours-406478,398,0.026459
13,KACTL,398,0.473919
13,simd-v0,398,0.058390
13,ours-406478,399,0.026450
13,KACTL,399,0.486593
13,simd-v0,399,0.058489
13,393435,399,0.040416
13,KACTL,400,0.473969
13,simd-v0,400,0.058480
13,393435,400,0.040617
13,ours-406478,400,0.026590
13,simd-v0,401,0.068588
13,393435,401,0.040626
13,ours-406478,401,0.026630
13,KACTL,401,0.476674
13,393435,402,0.040496
13,ours-406478,402,0.026360
13,KACTL,402,0.483858
13,simd-v0,402,0.058560
13,ours-406478,403,0.026580
13,KACTL,403,0.475402
13,simd-v0,403,0.058359
13,393435,403,0.040536
13,KACTL,404,0.484209
13,simd-v0,404,0.058469
13,393435,404,0.040506
13,ours-406478,404,0.026560
13,simd-v0,405,0.058339
13,393435,405,0.040476
13,ours-406478,405,0.026379
13,KACTL,405,0.487795
13,393435,406,0.040516
13,ours-406478,406,0.027311
13,KACTL,406,0.474570
13,simd-v0,406,0.058500
13,ours-406478,407,0.026409
13,KACTL,407,0.487264
13,simd-v0,407,0.058570
13,393435,407,0.040576
13,KACTL,408,0.473939
13,simd-v0,408,0.058349
13,393435,408,0.040616
13,ours-406478,408,0.026510
13,simd-v0,409,0.058349
13,393435,409,0.050936
13,ours-406478,409,0.026570
13,KACTL,409,0.476423
13,393435,410,0.040485
13,ours-406478,410,0.026430
13,KACTL,410,0.486783
13,simd-v0,410,0.058389
13,ours-406478,411,0.026459
13,KACTL,411,0.476173
13,simd-v0,411,0.058299
13,393435,411,0.040486
13,KACTL,412,0.484528
13,simd-v0,412,0.058289
13,393435,412,0.040706
13,ours-406478,412,0.026740
13,simd-v0,413,0.058239
13,393435,413,0.040476
13,ours-406478,413,0.026450
13,KACTL,413,0.485951
13,393435,414,0.040475
13,ours-406478,414,0.026530
13,KACTL,414,0.474309
13,simd-v0,414,0.058459
13,ours-406478,415,0.026340
13,KACTL,415,0.485550
13,simd-v0,415,0.058610
13,393435,415,0.040566
13,KACTL,416,0.474260
13,simd-v0,416,0.058340
13,393435,416,0.040446
13,ours-406478,416,0.026600
13,simd-v0,417,0.058359
13,393435,417,0.040346
13,ours-406478,417,0.026389
13,KACTL,417,0.486152
13,393435,418,0.040566
13,ours-406478,418,0.026580
13,KACTL,418,0.485220
13,simd-v0,418,0.058500
13,ours-406478,419,0.026509
13,KACTL,419,0.476414
13,simd-v0,419,0.058319
13,393435,419,0.040576
13,KACTL,420,0.485390
13,simd-v0,420,0.058299
13,393435,420,0.040456
13,ours-406478,420,0.026560
13,simd-v0,421,0.058299
13,393435,421,0.040346
13,ours-406478,421,0.026359
13,KACTL,421,0.475581
13,393435,422,0.040366
13,ours-406478,422,0.037049
13,KACTL,422,0.474680
13,simd-v0,422,0.058449
13,ours-406478,423,0.026350
13,KACTL,423,0.486232
13,simd-v0,423,0.058500
13,393435,423,0.040706
13,KACTL,424,0.473809
13,simd-v0,424,0.058330
13,393435,424,0.040456
13,ours-406478,424,0.026620
13,simd-v0,425,0.058330
13,393435,425,0.040316
13,ours-406478,425,0.026350
13,KACTL,425,0.486452
13,393435,426,0.040646
13,ours-406478,426,0.026450
13,KACTL,426,0.476714
13,simd-v0,426,0.081413
13,ours-406478,427,0.026731
13,KACTL,427,0.476954
13,simd-v0,427,0.058209
13,393435,427,0.040525
13,KACTL,428,0.486322
13,simd-v0,428,0.058290
13,393435,428,0.040706
13,ours-406478,428,0.026550
13,simd-v0,429,0.058249
13,393435,429,0.040456
13,ours-406478,429,0.026360
13,KACTL,429,0.475552
13,393435,430,0.040376
13,ours-406478,430,0.026340
13,KACTL,430,0.485430
13,simd-v0,430,0.058489
13,ours-406478,431,0.026540
13,KACTL,431,0.485671
13,simd-v0,431,0.058480
13,393435,431,0.040616
13,KACTL,432,0.474861
13,simd-v0,432,0.058260
13,393435,432,0.040556
13,ours-406478,432,0.026560
13,simd-v0,433,0.058309
13,393435,433,0.040355
13,ours-406478,433,0.026399
13,KACTL,433,0.491191
13,393435,434,0.040606
13,ours-406478,434,0.026620
13,KACTL,434,0.474130
13,simd-v0,434,0.068798
13,ours-406478,435,0.026469
13,KACTL,435,0.476874
13,simd-v0,435,0.058359
13,393435,435,0.040596
13,KACTL,436,0.485370
13,simd-v0,436,0.059191
13,393435,436,0.040666
13,ours-406478,436,0.026610
13,simd-v0,437,0.058319
13,393435,437,0.040456
13,ours-406478,437,0.026360
13,KACTL,437,0.475772
13,393435,438,0.045285
13,ours-406478,438,0.034625
13,KACTL,438,0.494578
13,simd-v0,438,0.058620
13,ours-406478,439,0.026640
13,KACTL,439,0.494798
13,simd-v0,439,0.068228
13,393435,439,0.046376
13,KACTL,440,0.475161
13,simd-v0,440,0.058430
13,393435,440,0.040485
13,ours-406478,440,0.026670
13,simd-v0,441,0.058249
13,393435,441,0.040476
13,ours-406478,441,0.026329
13,KACTL,441,0.489248
13,393435,442,0.040516
13,ours-406478,442,0.026680
13,KACTL,442,0.477306
13,simd-v0,442,0.068969
13,ours-406478,443,0.026740
13,KACTL,443,0.476634
13,simd-v0,443,0.058370
13,393435,443,0.040526
13,KACTL,444,0.484318
13,simd-v0,444,0.058379
13,393435,444,0.040636
13,ours-406478,444,0.026520
13,simd-v0,445,0.058289
13,393435,445,0.040415
13,ours-406478,445,0.026460
13,KACTL,445,0.475752
13,393435,446,0.040476
13,ours-406478,446,0.026329
13,KACTL,446,0.511710
13,simd-v0,446,0.058490
13,ours-406478,447,0.026610
13,KACTL,447,0.488055
13,simd-v0,447,0.058339
13,393435,447,0.040826
13,KACTL,448,0.474891
13,simd-v0,448,0.058330
13,393435,448,0.040346
13,ours-406478,448,0.026630
13,simd-v0,449,0.058440
13,393435,449,0.040486
13,ours-406478,449,0.026400
13,KACTL,449,0.485702
13,393435,450,0.040536
13,ours-406478,450,0.026559
13,KACTL,450,0.474180
13,simd-v0,450,0.070432
13,ours-406478,451,0.026650
13,KACTL,451,0.475762
13,simd-v0,451,0.058379
13,393435,451,0.040536
13,KACTL,452,0.484198
13,simd-v0,452,0.058400
13,393435,452,0.040566
13,ours-406478,452,0.026519
13,simd-v0,453,0.058310
13,393435,453,0.040627
13,ours-406478,453,0.026369
13,KACTL,453,0.475632
13,393435,454,0.040556
13,ours-406478,454,0.026349
13,KACTL,454,0.486121
13,simd-v0,454,0.058360
13,ours-406478,455,0.026530
13,KACTL,455,0.486673
13,simd-v0,455,0.058439
13,393435,455,0.040526
13,KACTL,456,0.474330
13,simd-v0,456,0.058309
13,393435,456,0.040446
13,ours-406478,456,0.026560
13,simd-v0,457,0.058390
13,393435,457,0.040485
13,ours-406478,457,0.026390
13,KACTL,457,0.487704
13,393435,458,0.040766
13,ours-406478,458,0.026510
13,KACTL,458,0.477886
13,simd-v0,458,0.058209
13,ours-406478,459,0.037260
13,KACTL,459,0.475803
13,simd-v0,459,0.058380
13,393435,459,0.040546
13,KACTL,460,0.484469
13,simd-v0,460,0.058339
13,393435,460,0.040676
13,ours-406478,460,0.026550
13,simd-v0,461,0.058339
13,393435,461,0.040496
13,ours-406478,461,0.026379
13,KACTL,461,0.475632
13,393435,462,0.040426
13,ours-406478,462,0.026440
13,KACTL,462,0.486011
13,simd-v0,462,0.058289
13,ours-406478,463,0.026529
13,KACTL,463,0.475652
13,simd-v0,463,0.068999
13,393435,463,0.040666
13,KACTL,464,0.474360
13,simd-v0,464,0.058279
13,393435,464,0.040476
13,ours-406478,464,0.026760
13,simd-v0,465,0.058189
13,393435,465,0.040355
13,ours-406478,465,0.026480
13,KACTL,465,0.488115
13,393435,466,0.040426
13,ours-406478,466,0.026670
13,KACTL,466,0.474409
13,simd-v0,466,0.058399
13,ours-406478,467,0.026309
13,KACTL,467,0.491201
13,simd-v0,467,0.058409
13,393435,467,0.040667
13,KACTL,468,0.484509
13,simd-v0,468,0.058359
13,393435,468,0.040425
13,ours-406478,468,0.026670
13,simd-v0,469,0.058189
13,393435,469,0.040376
13,ours-406478,469,0.026430
13,KACTL,469,0.476123
13,393435,470,0.040355
13,ours-406478,470,0.026489
13,KACTL,470,0.484639
13,simd-v0,470,0.058520
13,ours-406478,471,0.026520
13,KACTL,471,0.475462
13,simd-v0,471,0.058379
13,393435,471,0.051497
13,KACTL,472,0.474530
13,simd-v0,472,0.058359
13,393435,472,0.040425
13,ours-406478,472,0.026750
13,simd-v0,473,0.058410
13,393435,473,0.040345
13,ours-406478,473,0.026319
13,KACTL,473,0.487755
13,393435,474,0.040566
13,ours-406478,474,0.026549
13,KACTL,474,0.477215
13,simd-v0,474,0.058410
13,ours-406478,475,0.026429
13,KACTL,475,0.487323
13,simd-v0,475,0.058569
13,393435,475,0.040716
13,KACTL,476,0.474519
13,simd-v0,476,0.068959
13,393435,476,0.040567
13,ours-406478,476,0.026469
13,simd-v0,477,0.058400
13,393435,477,0.041228
13,ours-406478,477,0.026640
13,KACTL,477,0.475852
13,393435,478,0.040536
13,ours-406478,478,0.026460
13,KACTL,478,0.485871
13,simd-v0,478,0.058440
13,ours-406478,479,0.026590
13,KACTL,479,0.475572
13,simd-v0,479,0.058409
13,393435,479,0.065503
13,KACTL,480,0.475451
13,simd-v0,480,0.058449
13,393435,480,0.040366
13,ours-406478,480,0.027030
13,simd-v0,481,0.060163
13,393435,481,0.040376
13,ours-406478,481,0.026360
13,KACTL,481,0.487564
13,393435,482,0.040607
13,ours-406478,482,0.026510
13,KACTL,482,0.474100
13,simd-v0,482,0.058510
13,ours-406478,483,0.026380
13,KACTL,483,0.487013
13,simd-v0,483,0.058299
13,393435,483,0.040455
13,KACTL,484,0.484449
13,simd-v0,484,0.058430
13,393435,484,0.040485
13,ours-406478,484,0.026610
13,simd-v0,485,0.058460
13,393435,485,0.040435
13,ours-406478,485,0.027171
13,KACTL,485,0.475772
13,393435,486,0.040566
13,ours-406478,486,0.026319
13,KACTL,486,0.484468
13,simd-v0,486,0.058560
13,ours-406478,487,0.026570
13,KACTL,487,0.475802
13,simd-v0,487,0.058269
13,393435,487,0.040446
13,KACTL,488,0.486252
13,simd-v0,488,0.058329
13,393435,488,0.040556
13,ours-406478,488,0.026550
13,simd-v0,489,0.058269
13,393435,489,0.040786
13,ours-406478,489,0.026309
13,KACTL,489,0.486372
13,393435,490,0.041337
13,ours-406478,490,0.026630
13,KACTL,490,0.477255
13,simd-v0,490,0.058429
13,ours-406478,491,0.026470
13,KACTL,491,0.486663
13,simd-v0,491,0.058490
13,393435,491,0.040656
13,KACTL,492,0.474249
13,simd-v0,492,0.068698
13,393435,492,0.040536
13,ours-406478,492,0.026680
13,simd-v0,493,0.058339
13,393435,493,0.040325
13,ours-406478,493,0.026389
13,KACTL,493,0.476474
13,393435,494,0.040366
13,ours-406478,494,0.026390
13,KACTL,494,0.485059
13,simd-v0,494,0.058469
13,ours-406478,495,0.026510
13,KACTL,495,0.475652
13,simd-v0,495,0.058370
13,393435,495,0.040486
13,KACTL,496,0.485170
13,simd-v0,496,0.058419
13,393435,496,0.040506
13,ours-406478,496,0.026721
13,simd-v0,497,0.058279
13,393435,497,0.040426
13,ours-406478,497,0.026409
13,KACTL,497,0.486292
13,393435,498,0.040486
13,ours-406478,498,0.027331
13,KACTL,498,0.473919
13,simd-v0,498,0.058309
13,ours-406478,499,0.026329
13,KACTL,499,0.491572
13,simd-v0,499,0.058389
13,393435,499,0.040726
13,KACTL,500,0.473969
13,simd-v0,500,0.058249
13,393435,500,0.050896
13,ours-406478,500,0.027120
13,simd-v0,501,0.058369
13,393435,501,0.040596
13,ours-406478,501,0.026369
13,KACTL,501,0.477154
13,393435,502,0.040286
13,ours-406478,502,0.026360
13,KACTL,502,0.484259
13,simd-v0,502,0.059241
13,ours-406478,503,0.026580
13,KACTL,503,0.475431
13,simd-v0,503,0.058410
13,393435,503,0.040546
13,KACTL,504,0.484819
13,simd-v0,504,0.058480
13,393435,504,0.040486
13,ours-406478,504,0.026660
13,simd-v0,505,0.058230
13,393435,505,0.040425
13,ours-406478,505,0.026329
13,KACTL,505,0.485881
13,393435,506,0.040766
13,ours-406478,506,0.026499
13,KACTL,506,0.477305
13,simd-v0,506,0.058329
13,ours-406478,507,0.026419
13,KACTL,507,0.488146
13,simd-v0,507,0.058409
13,393435,507,0.040506
13,KACTL,508,0.474490
13,simd-v0,508,0.058429
13,393435,508,0.040466
13,ours-406478,508,0.026820
13,simd-v0,509,0.071123
13,393435,509,0.040556
13,ours-406478,509,0.026670
13,KACTL,509,0.476644
13,393435,510,0.040415
13,ours-406478,510,0.026289
13,KACTL,510,0.484389
13,simd-v0,510,0.058400
13,ours-406478,511,0.026560
13,KACTL,511,0.476574
13,simd-v0,511,0.058359
13,393435,511,0.040536
13,KACTL,512,0.486853
13,simd-v0,512,0.058429
13,393435,512,0.040516
13,ours-406478,512,0.026579
13,simd-v0,513,0.058379
13,393435,513,0.040466
13,ours-406478,513,0.026309
13,KACTL,513,0.486453
13,393435,514,0.040556
13,ours-406478,514,0.026460
13,KACTL,514,0.475732
13,simd-v0,514,0.058330
13,ours-406478,515,0.026439
13,KACTL,515,0.485992
13,simd-v0,515,0.058930
13,393435,515,0.040485
13,KACTL,516,0.474730
13,simd-v0,516,0.058389
13,393435,516,0.040426
13,ours-406478,516,0.026519
13,simd-v0,517,0.068969
13,393435,517,0.040435
13,ours-406478,517,0.026630
13,KACTL,517,0.476314
13,393435,518,0.040395
13,ours-406478,518,0.026479
13,KACTL,518,0.484208
13,simd-v0,518,0.058309
13,ours-406478,519,0.026449
13,KACTL,519,0.475752
13,simd-v0,519,0.058299
13,393435,519,0.040366
13,KACTL,520,0.486793
13,simd-v0,520,0.058400
13,393435,520,0.040436
13,ours-406478,520,0.026720
13,simd-v0,521,0.058320
13,393435,521,0.040426
13,ours-406478,521,0.026349
13,KACTL,521,0.486282
13,393435,522,0.040585
13,ours-406478,522,0.026449
13,KACTL,522,0.474370
13,simd-v0,522,0.061415
13,ours-406478,523,0.026409
13,KACTL,523,0.486923
13,simd-v0,523,0.058420
13,393435,523,0.040516
13,KACTL,524,0.474470
13,simd-v0,524,0.058299
13,393435,524,0.040426
13,ours-406478,524,0.026540
13,simd-v0,525,0.058249
13,393435,525,0.052078
13,ours-406478,525,0.026540
13,KACTL,525,0.475602
13,393435,526,0.040637
13,ours-406478,526,0.026369
13,KACTL,526,0.484749
13,simd-v0,526,0.058319
13,ours-406478,527,0.026620
13,KACTL,527,0.475462
13,simd-v0,527,0.058239
13,393435,527,0.040536
13,KACTL,528,0.485190
13,simd-v0,528,0.059111
13,393435,528,0.040677
13,ours-406478,528,0.026530
13,simd-v0,529,0.058430
13,393435,529,0.040465
13,ours-406478,529,0.026329
13,KACTL,529,0.485540
13,393435,530,0.040506
13,ours-406478,530,0.026449
13,KACTL,530,0.475602
13,simd-v0,530,0.058429
13,ours-406478,531,0.026379
13,KACTL,531,0.486101
13,simd-v0,531,0.058409
13,393435,531,0.040516
13,KACTL,532,0.474640
13,simd-v0,532,0.070372
13,393435,532,0.052067
13,ours-406478,532,0.033172
13,simd-v0,533,0.058390
13,393435,533,0.052909
13,ours-406478,533,0.026530
13,KACTL,533,0.476424
13,393435,534,0.040446
13,ours-406478,534,0.026339
13,KACTL,534,0.485370
13,simd-v0,534,0.058460
13,ours-406478,535,0.026670
13,KACTL,535,0.475282
13,simd-v0,535,0.058320
13,393435,535,0.040556
13,KACTL,536,0.485451
13,simd-v0,536,0.058479
13,393435,536,0.040516
13,ours-406478,536,0.026560
13,simd-v0,537,0.058370
13,393435,537,0.041007
13,ours-406478,537,0.026349
13,KACTL,537,0.486172
13,393435,538,0.040656
13,ours-406478,538,0.026530
13,KACTL,538,0.474871
13,simd-v0,538,0.058610
13,ours-406478,539,0.026420
13,KACTL,539,0.485541
13,simd-v0,539,0.058519
13,393435,539,0.040657
13,KACTL,540,0.474610
13,simd-v0,540,0.058420
13,393435,540,0.040487
13,ours-406478,540,0.026600
13,simd-v0,541,0.058289
13,393435,541,0.040396
13,ours-406478,541,0.037140
13,KACTL,541,0.475411
13,393435,542,0.040545
13,ours-406478,542,0.026420
13,KACTL,542,0.484368
13,simd-v0,542,0.058320
13,ours-406478,543,0.026580
13,KACTL,543,0.476143
13,simd-v0,543,0.058389
13,393435,543,0.040546
13,KACTL,544,0.485150
13,simd-v0,544,0.058500
13,393435,544,0.041337
13,ours-406478,544,0.026520
13,simd-v0,545,0.058329
13,393435,545,0.040466
13,ours-406478,545,0.026409
13,KACTL,545,0.475411
13,393435,546,0.050896
13,ours-406478,546,0.026660
13,KACTL,546,0.475171
13,simd-v0,546,0.058790
13,ours-406478,547,0.026400
13,KACTL,547,0.485931
13,simd-v0,547,0.058500
13,393435,547,0.040406
13,KACTL,548,0.474560
13,simd-v0,548,0.058319
13,393435,548,0.040396
13,ours-406478,548,0.026660
13,simd-v0,549,0.058390
13,393435,549,0.040516
13,ours-406478,549,0.026429
13,KACTL,549,0.487605
13,393435,550,0.040456
13,ours-406478,550,0.026540
13,KACTL,550,0.474520
13,simd-v0,550,0.068679
13,ours-406478,551,0.026489
13,KACTL,551,0.475632
13,simd-v0,551,0.058440
13,393435,551,0.040687
13,KACTL,552,0.484960
13,simd-v0,552,0.058249
13,393435,552,0.040516
13,ours-406478,552,0.026740
13,simd-v0,553,0.059141
13,393435,553,0.040386
13,ours-406478,553,0.026439
13,KACTL,553,0.475511
13,393435,554,0.040376
13,ours-406478,554,0.026440
13,KACTL,554,0.486122
13,simd-v0,554,0.068498
13,ours-406478,555,0.034134
13,KACTL,555,0.504145
13,simd-v0,555,0.058600
13,393435,555,0.040916
13,KACTL,556,0.475432
13,simd-v0,556,0.058269
13,393435,556,0.040456
13,ours-406478,556,0.026680
13,simd-v0,557,0.058179
13,393435,557,0.040455
13,ours-406478,557,0.026380
13,KACTL,557,0.487224
13,393435,558,0.040556
13,ours-406478,558,0.026560
13,KACTL,558,0.511950
13,simd-v0,558,0.060713
13,ours-406478,559,0.026981
13,KACTL,559,0.475933
13,simd-v0,559,0.058349
13,393435,559,0.040777
13,KACTL,560,0.489347
13,simd-v0,560,0.058409
13,393435,560,0.040546
13,ours-406478,560,0.027261
13,simd-v0,561,0.058229
13,393435,561,0.040435
13,ours-406478,561,0.026329
13,KACTL,561,0.475461
13,393435,562,0.051827
13,ours-406478,562,0.026780
13,KACTL,562,0.475953
13,simd-v0,562,0.058430
13,ours-406478,563,0.026399
13,KACTL,563,0.485901
13,simd-v0,563,0.058440
13,393435,563,0.041468
13,KACTL,564,0.474731
13,simd-v0,564,0.058410
13,393435,564,0.040416
13,ours-406478,564,0.026600
13,simd-v0,565,0.058249
13,393435,565,0.040556
13,ours-406478,565,0.026480
13,KACTL,565,0.487414
13,393435,566,0.040456
13,ours-406478,566,0.026420
13,KACTL,566,0.484649
13,simd-v0,566,0.058339
13,ours-406478,567,0.026460
13,KACTL,567,0.475442
13,simd-v0,567,0.058510
13,393435,567,0.040646
13,KACTL,568,0.487714
13,simd-v0,568,0.058369
13,393435,568,0.040496
13,ours-406478,568,0.026639
13,simd-v0,569,0.058280
13,393435,569,0.040516
13,ours-406478,569,0.026329
13,KACTL,569,0.475001
13,393435,570,0.040466
13,ours-406478,570,0.026330
13,KACTL,570,0.474650
13,simd-v0,570,0.058420
13,ours-406478,571,0.026530
13,KACTL,571,0.489578
13,simd-v0,571,0.058479
13,393435,571,0.040606
13,KACTL,572,0.474690
13,simd-v0,572,0.058310
13,393435,572,0.040406
13,ours-406478,572,0.026660
13,simd-v0,573,0.058359
13,393435,573,0.040436
13,ours-406478,573,0.026349
13,KACTL,573,0.487114
13,393435,574,0.040545
13,ours-406478,574,0.026599
13,KACTL,574,0.474560
13,simd-v0,574,0.068740
13,ours-406478,575,0.026539
13,KACTL,575,0.475521
13,simd-v0,575,0.058250
13,393435,575,0.040586
13,KACTL,576,0.484920
13,simd-v0,576,0.058350
13,393435,576,0.040536
13,ours-406478,576,0.026569
13,simd-v0,577,0.058319
13,393435,577,0.041248
13,ours-406478,577,0.026400
13,KACTL,577,0.475722
13,393435,578,0.040466
13,ours-406478,578,0.026340
13,KACTL,578,0.485510
13,simd-v0,578,0.058349
13,ours-406478,579,0.026580
13,KACTL,579,0.485491
13,simd-v0,579,0.058409
13,393435,579,0.040486
13,KACTL,580,0.475712
13,simd-v0,580,0.058250
13,393435,580,0.040396
13,ours-406478,580,0.026539
13,simd-v0,581,0.058349
13,393435,581,0.040386
13,ours-406478,581,0.026370
13,KACTL,581,0.487985
13,393435,582,0.040687
13,ours-406478,582,0.026519
13,KACTL,582,0.474700
13,simd-v0,582,0.058310
13,ours-406478,583,0.026420
13,KACTL,583,0.476494
13,simd-v0,583,0.058350
13,393435,583,0.040456
13,KACTL,584,0.500098
13,simd-v0,584,0.058449
13,393435,584,0.040496
13,ours-406478,584,0.026780
13,simd-v0,585,0.058239
13,393435,585,0.040526
13,ours-406478,585,0.026349
13,KACTL,585,0.475693
13,393435,586,0.040526
13,ours-406478,586,0.026460
13,KACTL,586,0.488206
13,simd-v0,586,0.058439
13,ours-406478,587,0.026539
13,KACTL,587,0.478217
13,simd-v0,587,0.068649
13,393435,587,0.040546
13,KACTL,588,0.475561
13,simd-v0,588,0.058330
13,393435,588,0.040305
13,ours-406478,588,0.026530
13,simd-v0,589,0.058198
13,393435,589,0.040486
13,ours-406478,589,0.026350
13,KACTL,589,0.486191
13,393435,590,0.041317
13,ours-406478,590,0.026520
13,KACTL,590,0.474870
13,simd-v0,590,0.058329
13,ours-406478,591,0.026319
13,KACTL,591,0.486543
13,simd-v0,591,0.058319
13,393435,591,0.040586
13,KACTL,592,0.484609
13,simd-v0,592,0.058469
13,393435,592,0.040576
13,ours-406478,592,0.026610
13,simd-v0,593,0.058429
13,393435,593,0.040426
13,ours-406478,593,0.026359
13,KACTL,593,0.475833
13,393435,594,0.040456
13,ours-406478,594,0.026270
13,KACTL,594,0.484899
13,simd-v0,594,0.058359
13,ours-406478,595,0.026630
13,KACTL,595,0.475461
13,simd-v0,595,0.058300
13,393435,595,0.050906
13,KACTL,596,0.474510
13,simd-v0,596,0.058329
13,393435,596,0.040406
13,ours-406478,596,0.026499
13,simd-v0,597,0.058319
13,393435,597,0.040316
13,ours-406478,597,0.026360
13,KACTL,597,0.485601
13,393435,598,0.040526
13,ours-406478,598,0.026480
13,KACTL,598,0.475251
13,simd-v0,598,0.058259
13,ours-406478,599,0.026379
13,KACTL,599,0.486893
13,simd-v0,599,0.058339
13,393435,599,0.040536
13,KACTL,600,0.474400
13,simd-v0,600,0.071374
13,393435,600,0.040546
13,ours-406478,600,0.026570
13,simd-v0,601,0.058279
13,393435,601,0.040426
13,ours-406478,601,0.026400
13,KACTL,601,0.476052
13,393435,602,0.040466
13,ours-406478,602,0.026309
13,KACTL,602,0.484739
13,simd-v0,602,0.058379
13,ours-406478,603,0.027351
13,KACTL,603,0.478327
13,simd-v0,603,0.058319
13,393435,603,0.040486
13,KACTL,604,0.485561
13,simd-v0,604,0.058359
13,393435,604,0.040406
13,ours-406478,604,0.026620
13,simd-v0,605,0.058279
13,393435,605,0.040335
13,ours-406478,605,0.026389
13,KACTL,605,0.486682
13,393435,606,0.040516
13,ours-406478,606,0.026579
13,KACTL,606,0.475632
13,simd-v0,606,0.058299
13,ours-406478,607,0.026590
13,KACTL,607,0.486082
13,simd-v0,607,0.059211
13,393435,607,0.040576
13,KACTL,608,0.474470
13,simd-v0,608,0.068889
13,393435,608,0.040607
13,ours-406478,608,0.026630
13,simd-v0,609,0.058300
13,393435,609,0.040576
13,ours-406478,609,0.026319
13,KACTL,609,0.475381
13,393435,610,0.040346
13,ours-406478,610,0.026330
13,KACTL,610,0.484829
13,simd-v0,610,0.058460
13,ours-406478,611,0.026399
13,KACTL,611,0.475261
13,simd-v0,611,0.058279
13,393435,611,0.040587
13,KACTL,612,0.484649
13,simd-v0,612,0.058650
13,393435,612,0.040396
13,ours-406478,612,0.026620
13,simd-v0,613,0.058310
13,393435,613,0.040486
13,ours-406478,613,0.026399
13,KACTL,613,0.485511
13,393435,614,0.040486
13,ours-406478,614,0.026500
13,KACTL,614,0.474840
13,simd-v0,614,0.058419
13,ours-406478,615,0.026299
13,KACTL,615,0.501881
13,simd-v0,615,0.058420
13,393435,615,0.040616
13,KACTL,616,0.474811
13,simd-v0,616,0.058409
13,393435,616,0.052689
13,ours-406478,616,0.026650
13,simd-v0,617,0.058370
13,393435,617,0.040435
13,ours-406478,617,0.029415
13,KACTL,617,0.509015
13,393435,618,0.040796
13,ours-406478,618,0.026790
13,KACTL,618,0.486763
13,simd-v0,618,0.058510
13,ours-406478,619,0.026629
13,KACTL,619,0.479068
13,simd-v0,619,0.058350
13,393435,619,0.040586
13,KACTL,620,0.485821
13,simd-v0,620,0.058319
13,393435,620,0.040485
13,ours-406478,620,0.026550
13,simd-v0,621,0.058289
13,393435,621,0.040496
13,ours-406478,621,0.026320
13,KACTL,621,0.486111
13,393435,622,0.040727
13,ours-406478,622,0.026450
13,KACTL,622,0.474600
13,simd-v0,622,0.058390
13,ours-406478,623,0.026389
13,KACTL,623,0.486382
13,simd-v0,623,0.058410
13,393435,623,0.040496
13,KACTL,624,0.474570
13,simd-v0,624,0.058580
13,393435,624,0.050685
13,ours-406478,624,0.026620
13,simd-v0,625,0.058299
13,393435,625,0.040506
13,ours-406478,625,0.026460
13,KACTL,625,0.475942
13,393435,626,0.040466
13,ours-406478,626,0.026350
13,KACTL,626,0.485680
13,simd-v0,626,0.058299
13,ours-406478,627,0.026560
13,KACTL,627,0.475842
13,simd-v0,627,0.058500
13,393435,627,0.040516
13,KACTL,628,0.485010
13,simd-v0,628,0.058389
13,393435,628,0.040606
13,ours-406478,628,0.026539
13,simd-v0,629,0.058210
13,393435,629,0.040466
13,ours-406478,629,0.026409
13,KACTL,629,0.486633
13,393435,630,0.040406
13,ours-406478,630,0.026570
13,KACTL,630,0.475131
13,simd-v0,630,0.058560
13,ours-406478,631,0.026379
13,KACTL,631,0.486513
13,simd-v0,631,0.058440
13,393435,631,0.040606
13,KACTL,632,0.475903
13,simd-v0,632,0.058620
13,393435,632,0.040456
13,ours-406478,632,0.037570
13,simd-v0,633,0.058310
13,393435,633,0.040556
13,ours-406478,633,0.026350
13,KACTL,633,0.476072
13,393435,634,0.040416
13,ours-406478,634,0.026400
13,KACTL,634,0.487143
13,simd-v0,634,0.058329
13,ours-406478,635,0.026530
13,KACTL,635,0.478317
13,simd-v0,635,0.058459
13,393435,635,0.040646
13,KACTL,636,0.485260
13,simd-v0,636,0.058429
13,393435,636,0.041267
13,ours-406478,636,0.026600
13,simd-v0,637,0.058399
13,393435,637,0.040465
13,ours-406478,637,0.026389
13,KACTL,637,0.498525
13,393435,638,0.040726
13,ours-406478,638,0.027322
13,KACTL,638,0.475471
13,simd-v0,638,0.058559
13,ours-406478,639,0.026390
13,KACTL,639,0.486403
13,simd-v0,639,0.058380
13,393435,639,0.040486
13,KACTL,640,0.474981
13,simd-v0,640,0.058400
13,393435,640,0.040406
13,ours-406478,640,0.026599
13,simd-v0,641,0.068869
13,393435,641,0.040626
13,ours-406478,641,0.026509
13,KACTL,641,0.475442
13,393435,642,0.040456
13,ours-406478,642,0.026380
13,KACTL,642,0.486382
13,simd-v0,642,0.058509
13,ours-406478,643,0.026620
13,KACTL,643,0.475442
13,simd-v0,643,0.058490
13,393435,643,0.040376
13,KACTL,644,0.484919
13,simd-v0,644,0.058260
13,393435,644,0.040576
13,ours-406478,644,0.026610
13,simd-v0,645,0.058219
13,393435,645,0.040526
13,ours-406478,645,0.026469
13,KACTL,645,0.485650
13,393435,646,0.040686
13,ours-406478,646,0.026509
13,KACTL,646,0.476073
13,simd-v0,646,0.058399
13,ours-406478,647,0.026560
13,KACTL,647,0.486372
13,simd-v0,647,0.058369
13,393435,647,0.040566
13,KACTL,648,0.475131
13,simd-v0,648,0.058290
13,393435,648,0.040476
13,ours-406478,648,0.026630
13,simd-v0,649,0.068910
13,393435,649,0.040496
13,ours-406478,649,0.026509
13,KACTL,649,0.475502
13,393435,650,0.040386
13,ours-406478,650,0.026319
13,KACTL,650,0.485059
13,simd-v0,650,0.058339
13,ours-406478,651,0.026480
13,KACTL,651,0.479379
13,simd-v0,651,0.058439
13,393435,651,0.040716
13,KACTL,652,0.526498
13,simd-v0,652,0.058430
13,393435,652,0.041748
13,ours-406478,652,0.026830
13,simd-v0,653,0.058330
13,393435,653,0.040476
13,ours-406478,653,0.026429
13,KACTL,653,0.497192
13,393435,654,0.040556
13,ours-406478,654,0.026570
13,KACTL,654,0.475612
13,simd-v0,654,0.058349
13,ours-406478,655,0.026330
13,KACTL,655,0.515467
13,simd-v0,655,0.058460
13,393435,655,0.040857
13,KACTL,656,0.475532
13,simd-v0,656,0.058299
13,393435,656,0.040546
13,ours-406478,656,0.048401
13,simd-v0,657,0.058459
13,393435,657,0.040516
13,ours-406478,657,0.026400
13,KACTL,657,0.476254
13,393435,658,0.040435
13,ours-406478,658,0.026319
13,KACTL,658,0.485000
13,simd-v0,658,0.058309
13,ours-406478,659,0.026530
13,KACTL,659,0.475782
13,simd-v0,659,0.058399
13,393435,659,0.040556
13,KACTL,660,0.485140
13,simd-v0,660,0.058360
13,393435,660,0.040416
13,ours-406478,660,0.026530
13,simd-v0,661,0.058249
13,393435,661,0.040456
13,ours-406478,661,0.026330
13,KACTL,661,0.485851
13,393435,662,0.040616
13,ours-406478,662,0.026520
13,KACTL,662,0.474730
13,simd-v0,662,0.058499
13,ours-406478,663,0.026350
13,KACTL,663,0.486613
13,simd-v0,663,0.058380
13,393435,663,0.040526
13,KACTL,664,0.474690
13,simd-v0,664,0.058470
13,393435,664,0.040465
13,ours-406478,664,0.026610
13,simd-v0,665,0.069701
13,393435,665,0.040556
13,ours-406478,665,0.026459
13,KACTL,665,0.475772
13,393435,666,0.040596
13,ours-406478,666,0.026329
13,KACTL,666,0.484849
13,simd-v0,666,0.058359
13,ours-406478,667,0.026600
13,KACTL,667,0.479640
13,simd-v0,667,0.058249
13,393435,667,0.040666
13,KACTL,668,0.484950
13,simd-v0,668,0.058339
13,393435,668,0.040556
13,ours-406478,668,0.026580
13,simd-v0,669,0.059021
13,393435,669,0.040547
13,ours-406478,669,0.026369
13,KACTL,669,0.490830
13,393435,670,0.040676
13,ours-406478,670,0.026589
13,KACTL,670,0.475381
13,simd-v0,670,0.058530
13,ours-406478,671,0.026400
13,KACTL,671,0.486412
13,simd-v0,671,0.058400
13,393435,671,0.040526
13,KACTL,672,0.475442
13,simd-v0,672,0.058440
13,393435,672,0.040496
13,ours-406478,672,0.026559
13,simd-v0,673,0.058259
13,393435,673,0.051006
13,ours-406478,673,0.026590
13,KACTL,673,0.476123
13,393435,674,0.040436
13,ours-406478,674,0.026440
13,KACTL,674,0.484689
13,simd-v0,674,0.058360
13,ours-406478,675,0.026490
13,KACTL,675,0.476443
13,simd-v0,675,0.058530
13,393435,675,0.040637
13,KACTL,676,0.485420
13,simd-v0,676,0.058299
13,393435,676,0.040557
13,ours-406478,676,0.026700
13,simd-v0,677,0.058239
13,393435,677,0.041157
13,ours-406478,677,0.026439
13,KACTL,677,0.486433
13,393435,678,0.040476
13,ours-406478,678,0.026560
13,KACTL,678,0.475572
13,simd-v0,678,0.058349
13,ours-406478,679,0.026340
13,KACTL,679,0.486302
13,simd-v0,679,0.058480
13,393435,679,0.040766
13,KACTL,680,0.475312
13,simd-v0,680,0.058430
13,393435,680,0.040416
13,ours-406478,680,0.026660
13,simd-v0,681,0.058259
13,393435,681,0.040456
13,ours-406478,681,0.037380
13,KACTL,681,0.476553
13,393435,682,0.040585
13,ours-406478,682,0.026419
13,KACTL,682,0.485941
13,simd-v0,682,0.058440
13,ours-406478,683,0.026480
13,KACTL,683,0.475552
13,simd-v0,683,0.061145
13,393435,683,0.040516
13,KACTL,684,0.485401
13,simd-v0,684,0.058399
13,393435,684,0.040446
13,ours-406478,684,0.026790
13,simd-v0,685,0.058229
13,393435,685,0.040476
13,ours-406478,685,0.026340
13,KACTL,685,0.475522
13,393435,686,0.051206
13,ours-406478,686,0.026540
13,KACTL,686,0.475461
13,simd-v0,686,0.058470
13,ours-406478,687,0.026300
13,KACTL,687,0.485621
13,simd-v0,687,0.058339
13,393435,687,0.040556
13,KACTL,688,0.475352
13,simd-v0,688,0.058350
13,393435,688,0.040306
13,ours-406478,688,0.026650
13,simd-v0,689,0.058299
13,393435,689,0.040306
13,ours-406478,689,0.038162
13,KACTL,689,0.476103
13,393435,690,0.041227
13,ours-406478,690,0.026489
13,KACTL,690,0.484459
13,simd-v0,690,0.058440
13,ours-406478,691,0.026520
13,KACTL,691,0.476333
13,simd-v0,691,0.058339
13,393435,691,0.040516
13,KACTL,692,0.485219
13,simd-v0,692,0.058540
13,393435,692,0.040436
13,ours-406478,692,0.026740
13,simd-v0,693,0.058250
13,393435,693,0.040516
13,ours-406478,693,0.026330
13,KACTL,693,0.476113
13,393435,694,0.051167
13,ours-406478,694,0.026520
13,KACTL,694,0.474550
13,simd-v0,694,0.058390
13,ours-406478,695,0.026339
13,KACTL,695,0.485471
13,simd-v0,695,0.058340
13,393435,695,0.040576
13,KACTL,696,0.474470
13,simd-v0,696,0.058450
13,393435,696,0.040356
13,ours-406478,696,0.026670
13,simd-v0,697,0.058339
13,393435,697,0.040476
13,ours-406478,697,0.026400
13,KACTL,697,0.486022
13,393435,698,0.040877
13,ours-406478,698,0.026470
13,KACTL,698,0.474610
13,simd-v0,698,0.068489
13,ours-406478,699,0.026470
13,KACTL,699,0.475080
13,simd-v0,699,0.058470
13,393435,699,0.044353
13,KACTL,700,0.485651
13,simd-v0,700,0.058470
13,393435,700,0.040596
13,ours-406478,700,0.026670
13,simd-v0,701,0.058259
13,393435,701,0.040496
13,ours-406478,701,0.026360
13,KACTL,701,0.475952
13,393435,702,0.040396
13,ours-406478,702,0.026340
13,KACTL,702,0.486032
13,simd-v0,702,0.058570
13,ours-406478,703,0.026579
13,KACTL,703,0.486071
13,simd-v0,703,0.058440
13,393435,703,0.040466
13,KACTL,704,0.475601
13,simd-v0,704,0.058409
13,393435,704,0.040606
13,ours-406478,704,0.026630
13,simd-v0,705,0.058350
13,393435,705,0.040416
13,ours-406478,705,0.026320
13,KACTL,705,0.504335
13,393435,706,0.040586
13,ours-406478,706,0.026831
13,KACTL,706,0.475342
13,simd-v0,706,0.070362
13,ours-406478,707,0.026549
13,KACTL,707,0.476002
13,simd-v0,707,0.058399
13,393435,707,0.040536
13,KACTL,708,0.486492
13,simd-v0,708,0.058340
13,393435,708,0.040536
13,ours-406478,708,0.026600
13,simd-v0,709,0.058269
13,393435,709,0.040325
13,ours-406478,709,0.026440
13,KACTL,709,0.476484
13,393435,710,0.040336
13,ours-406478,710,0.026420
13,KACTL,710,0.485160
13,simd-v0,710,0.059180
13,ours-406478,711,0.026479
13,KACTL,711,0.485841
13,simd-v0,711,0.058520
13,393435,711,0.040617
13,KACTL,712,0.474460
13,simd-v0,712,0.058389
13,393435,712,0.040285
13,ours-406478,712,0.026660
13,simd-v0,713,0.058279
13,393435,713,0.040296
13,ours-406478,713,0.026430
13,KACTL,713,0.486652
13,393435,714,0.040647
13,ours-406478,714,0.026470
13,KACTL,714,0.475301
13,simd-v0,714,0.058420
13,ours-406478,715,0.037260
13,KACTL,715,0.475311
13,simd-v0,715,0.059221
13,393435,715,0.040526
13,KACTL,716,0.487805
13,simd-v0,716,0.058419
13,393435,716,0.040487
13,ours-406478,716,0.026740
13,simd-v0,717,0.058269
13,393435,717,0.040556
13,ours-406478,717,0.026390
13,KACTL,717,0.475632
13,393435,718,0.040426
13,ours-406478,718,0.026379
13,KACTL,718,0.485861
13,simd-v0,718,0.058399
13,ours-406478,719,0.026549
13,KACTL,719,0.475081
13,simd-v0,719,0.068709
13,393435,719,0.040526
13,KACTL,720,0.475101
13,simd-v0,720,0.058379
13,393435,720,0.040446
13,ours-406478,720,0.026590
13,simd-v0,721,0.058320
13,393435,721,0.040597
13,ours-406478,721,0.026339
13,KACTL,721,0.486202
13,393435,722,0.040626
13,ours-406478,722,0.026460
13,KACTL,722,0.475492
13,simd-v0,722,0.058590
13,ours-406478,723,0.026470
13,KACTL,723,0.486092
13,simd-v0,723,0.059191
13,393435,723,0.040476
13,KACTL,724,0.484428
13,simd-v0,724,0.058450
13,393435,724,0.041348
13,ours-406478,724,0.027151
13,simd-v0,725,0.058339
13,393435,725,0.040416
13,ours-406478,725,0.026459
13,KACTL,725,0.475171
13,393435,726,0.040576
13,ours-406478,726,0.026410
13,KACTL,726,0.484579
13,simd-v0,726,0.058399
13,ours-406478,727,0.026549
13,KACTL,727,0.475592
13,simd-v0,727,0.058660
13,393435,727,0.051376
13,KACTL,728,0.474951
13,simd-v0,728,0.059191
13,393435,728,0.040426
13,ours-406478,728,0.026580
13,simd-v0,729,0.058269
13,393435,729,0.040455
13,ours-406478,729,0.026439
13,KACTL,729,0.523462
13,393435,730,0.041168
13,ours-406478,730,0.026760
13,KACTL,730,0.475732
13,simd-v0,730,0.058359
13,ours-406478,731,0.026519
13,KACTL,731,0.476214
13,simd-v0,731,0.058500
13,393435,731,0.041428
13,KACTL,732,0.488206
13,simd-v0,732,0.063148
13,393435,732,0.040646
13,ours-406478,732,0.026640
13,simd-v0,733,0.058229
13,393435,733,0.040506
13,ours-406478,733,0.026380
13,KACTL,733,0.476413
13,393435,734,0.040456
13,ours-406478,734,0.026340
13,KACTL,734,0.485460
13,simd-v0,734,0.058600
13,ours-406478,735,0.026710
13,KACTL,735,0.475933
13,simd-v0,735,0.068729
13,393435,735,0.040476
13,KACTL,736,0.475733
13,simd-v0,736,0.058379
13,393435,736,0.040416
13,ours-406478,736,0.026580
13,simd-v0,737,0.058179
13,393435,737,0.040456
13,ours-406478,737,0.026379
13,KACTL,737,0.486402
13,393435,738,0.040616
13,ours-406478,738,0.026449
13,KACTL,738,0.474460
13,simd-v0,738,0.058400
13,ours-406478,739,0.026490
13,KACTL,739,0.486272
13,simd-v0,739,0.058500
13,393435,739,0.040696
13,KACTL,740,0.485120
13,simd-v0,740,0.058379
13,393435,740,0.040506
13,ours-406478,740,0.026480
13,simd-v0,741,0.058369
13,393435,741,0.040446
13,ours-406478,741,0.026430
13,KACTL,741,0.476333
13,393435,742,0.040446
13,ours-406478,742,0.026290
13,KACTL,742,0.485491
13,simd-v0,742,0.058339
13,ours-406478,743,0.026630
13,KACTL,743,0.476254
13,simd-v0,743,0.058429
13,393435,743,0.051106
13,KACTL,744,0.474781
13,simd-v0,744,0.059121
13,393435,744,0.040716
13,ours-406478,744,0.026650
13,simd-v0,745,0.058309
13,393435,745,0.040426
13,ours-406478,745,0.026430
13,KACTL,745,0.486903
13,393435,746,0.040506
13,ours-406478,746,0.026660
13,KACTL,746,0.474600
13,simd-v0,746,0.058480
13,ours-406478,747,0.026480
13,KACTL,747,0.485971
13,simd-v0,747,0.058389
13,393435,747,0.040576
13,KACTL,748,0.478598
13,simd-v0,748,0.068419
13,393435,748,0.040506
13,ours-406478,748,0.026830
13,simd-v0,749,0.058400
13,393435,749,0.040385
13,ours-406478,749,0.026429
13,KACTL,749,0.476123
13,393435,750,0.040325
13,ours-406478,750,0.026400
13,KACTL,750,0.484809
13,simd-v0,750,0.058279
13,ours-406478,751,0.026539
13,KACTL,751,0.475412
13,simd-v0,751,0.058330
13,393435,751,0.040787
13,KACTL,752,0.484689
13,simd-v0,752,0.058440
13,393435,752,0.041247
13,ours-406478,752,0.026690
13,simd-v0,753,0.058350
13,393435,753,0.040526
13,ours-406478,753,0.026429
13,KACTL,753,0.486262
13,393435,754,0.040475
13,ours-406478,754,0.026519
13,KACTL,754,0.474620
13,simd-v0,754,0.058510
13,ours-406478,755,0.026339
13,KACTL,755,0.497503
13,simd-v0,755,0.058389
13,393435,755,0.040607
13,KACTL,756,0.474560
13,simd-v0,756,0.069160
13,393435,756,0.040496
13,ours-406478,756,0.026620
13,simd-v0,757,0.058349
13,393435,757,0.040396
13,ours-406478,757,0.026389
13,KACTL,757,0.475442
13,393435,758,0.040416
13,ours-406478,758,0.026329
13,KACTL,758,0.501841
13,simd-v0,758,0.058309
13,ours-406478,759,0.026850
13,KACTL,759,0.475472
13,simd-v0,759,0.058470
13,393435,759,0.040987
13,KACTL,760,0.486493
13,simd-v0,760,0.058489
13,393435,760,0.040676
13,ours-406478,760,0.026449
13,simd-v0,761,0.058119
13,393435,761,0.040486
13,ours-406478,761,0.026419
13,KACTL,761,0.486191
13,393435,762,0.040466
13,ours-406478,762,0.026529
13,KACTL,762,0.474399
13,simd-v0,762,0.058299
13,ours-406478,763,0.026399
13,KACTL,763,0.486111
13,simd-v0,763,0.058569
13,393435,763,0.040637
13,KACTL,764,0.478077
13,simd-v0,764,0.058390
13,393435,764,0.054362
13,ours-406478,764,0.026650
13,simd-v0,765,0.058320
13,393435,765,0.040406
13,ours-406478,765,0.026329
13,KACTL,765,0.476023
13,393435,766,0.040456
13,ours-406478,766,0.026519
13,KACTL,766,0.486132
13,simd-v0,766,0.058419
13,ours-406478,767,0.026559
13,KACTL,767,0.475332
13,simd-v0,767,0.058379
13,393435,767,0.040637
13,KACTL,768,0.488396
13,simd-v0,768,0.058370
13,393435,768,0.040456
13,ours-406478,768,0.026620
13,simd-v0,769,0.058289
13,393435,769,0.040796
13,ours-406478,769,0.026370
13,KACTL,769,0.486592
13,393435,770,0.040526
13,ours-406478,770,0.026520
13,KACTL,770,0.474490
13,simd-v0,770,0.058720
13,ours-406478,771,0.026330
13,KACTL,771,0.489999
13,simd-v0,771,0.058640
13,393435,771,0.040677
13,KACTL,772,0.474750
13,simd-v0,772,0.058360
13,393435,772,0.040365
13,ours-406478,772,0.037691
13,simd-v0,773,0.058439
13,393435,773,0.040275
13,ours-406478,773,0.026780
13,KACTL,773,0.476072
13,393435,774,0.040416
13,ours-406478,774,0.026490
13,KACTL,774,0.486893
13,simd-v0,774,0.058470
13,ours-406478,775,0.026530
13,KACTL,775,0.476093
13,simd-v0,775,0.058370
13,393435,775,0.040646
13,KACTL,776,0.486192
13,simd-v0,776,0.058921
13,393435,776,0.040436
13,ours-406478,776,0.026620
13,simd-v0,777,0.058380
13,393435,777,0.040676
13,ours-406478,777,0.026329
13,KACTL,777,0.486232
13,393435,778,0.040767
13,ours-406478,778,0.026490
13,KACTL,778,0.474620
13,simd-v0,778,0.058400
13,ours-406478,779,0.026339
13,KACTL,779,0.485841
13,simd-v0,779,0.058540
13,393435,779,0.040516
13,KACTL,780,0.477856
13,simd-v0,780,0.058550
13,393435,780,0.040406
13,ours-406478,780,0.036899
13,simd-v0,781,0.058339
13,393435,781,0.040486
13,ours-406478,781,0.026389
13,KACTL,781,0.475652
13,393435,782,0.040426
13,ours-406478,782,0.026320
13,KACTL,782,0.486182
13,simd-v0,782,0.058310
13,ours-406478,783,0.026540
13,KACTL,783,0.475040
13,simd-v0,783,0.058740
13,393435,783,0.040606
13,KACTL,784,0.485461
13,simd-v0,784,0.058459
13,393435,784,0.040646
13,ours-406478,784,0.026580
13,simd-v0,785,0.058319
13,393435,785,0.041257
13,ours-406478,785,0.026329
13,KACTL,785,0.486302
13,393435,786,0.040526
13,ours-406478,786,0.026500
13,KACTL,786,0.475242
13,simd-v0,786,0.058289
13,ours-406478,787,0.026500
13,KACTL,787,0.487444
13,simd-v0,787,0.058550
13,393435,787,0.040416
13,KACTL,788,0.474921
13,simd-v0,788,0.058299
13,393435,788,0.040426
13,ours-406478,788,0.026590
13,simd-v0,789,0.068840
13,393435,789,0.040606
13,ours-406478,789,0.026560
13,KACTL,789,0.475562
13,393435,790,0.040757
13,ours-406478,790,0.026420
13,KACTL,790,0.485670
13,simd-v0,790,0.058380
13,ours-406478,791,0.026610
13,KACTL,791,0.475452
13,simd-v0,791,0.058249
13,393435,791,0.040436
13,KACTL,792,0.485200
13,simd-v0,792,0.058390
13,393435,792,0.040586
13,ours-406478,792,0.026580
13,simd-v0,793,0.058198
13,393435,793,0.040436
13,ours-406478,793,0.026419
13,KACTL,793,0.486893
13,393435,794,0.040486
13,ours-406478,794,0.026560
13,KACTL,794,0.475301
13,simd-v0,794,0.058339
13,ours-406478,795,0.026379
13,KACTL,795,0.488155
13,simd-v0,795,0.058380
13,393435,795,0.040566
13,KACTL,796,0.477165
13,simd-v0,796,0.058289
13,393435,796,0.040606
13,ours-406478,796,0.026560
13,simd-v0,797,0.058259
13,393435,797,0.051035
13,ours-406478,797,0.026509
13,KACTL,797,0.475091
13,393435,798,0.041267
13,ours-406478,798,0.026420
13,KACTL,798,0.484519
13,simd-v0,798,0.058300
13,ours-406478,799,0.026459
13,KACTL,799,0.476373
13,simd-v0,799,0.058449
13,393435,799,0.040616
13,KACTL,800,0.484479
13,simd-v0,800,0.058470
13,393435,800,0.040396
13,ours-406478,800,0.026720
13,simd-v0,801,0.058339
13,393435,801,0.040426
13,ours-406478,801,0.026370
13,KACTL,801,0.486081
13,393435,802,0.040426
13,ours-406478,802,0.026420
13,KACTL,802,0.474450
13,simd-v0,802,0.058350
13,ours-406478,803,0.026310
13,KACTL,803,0.486162
13,simd-v0,803,0.058360
13,393435,803,0.040616
13,KACTL,804,0.475372
13,simd-v0,804,0.058490
13,393435,804,0.040305
13,ours-406478,804,0.027101
13,simd-v0,805,0.058369
13,393435,805,0.040346
13,ours-406478,805,0.026450
13,KACTL,805,0.475312
13,393435,806,0.040606
13,ours-406478,806,0.026410
13,KACTL,806,0.484399
13,simd-v0,806,0.058440
13,ours-406478,807,0.026500
13,KACTL,807,0.475251
13,simd-v0,807,0.058429
13,393435,807,0.040576
13,KACTL,808,0.484819
13,simd-v0,808,0.058520
13,393435,808,0.040466
13,ours-406478,808,0.026570
13,simd-v0,809,0.058229
13,393435,809,0.040907
13,ours-406478,809,0.026350
13,KACTL,809,0.475532
13,393435,810,0.040376
13,ours-406478,810,0.026540
13,KACTL,810,0.475001
13,simd-v0,810,0.058390
13,ours-406478,811,0.026479
13,KACTL,811,0.505398
13,simd-v0,811,0.058359
13,393435,811,0.040576
13,KACTL,812,0.477154
13,simd-v0,812,0.058509
13,393435,812,0.040456
13,ours-406478,812,0.026639
13,simd-v0,813,0.058420
13,393435,813,0.040606
13,ours-406478,813,0.026330
13,KACTL,813,0.488536
13,393435,814,0.040476
13,ours-406478,814,0.026579
13,KACTL,814,0.484639
13,simd-v0,814,0.058409
13,ours-406478,815,0.026469
13,KACTL,815,0.475552
13,simd-v0,815,0.058310
13,393435,815,0.040486
13,KACTL,816,0.485380
13,simd-v0,816,0.058380
13,393435,816,0.040525
13,ours-406478,816,0.026660
13,simd-v0,817,0.058310
13,393435,817,0.040447
13,ours-406478,817,0.026389
13,KACTL,817,0.476414
13,393435,818,0.051056
13,ours-406478,818,0.026550
13,KACTL,818,0.474620
13,simd-v0,818,0.058389
13,ours-406478,819,0.027151
13,KACTL,819,0.485361
13,simd-v0,819,0.058460
13,393435,819,0.040546
13,KACTL,820,0.474530
13,simd-v0,820,0.058460
13,393435,820,0.040446
13,ours-406478,820,0.026590
13,simd-v0,821,0.058390
13,393435,821,0.040446
13,ours-406478,821,0.026369
13,KACTL,821,0.486383
13,393435,822,0.040566
13,ours-406478,822,0.026570
13,KACTL,822,0.474480
13,simd-v0,822,0.068538
13,ours-406478,823,0.026570
13,KACTL,823,0.475252
13,simd-v0,823,0.059021
13,393435,823,0.040496
13,KACTL,824,0.484398
13,simd-v0,824,0.058380
13,393435,824,0.040676
13,ours-406478,824,0.026510
13,simd-v0,825,0.058360
13,393435,825,0.040887
13,ours-406478,825,0.026439
13,KACTL,825,0.475632
13,393435,826,0.040496
13,ours-406478,826,0.026329
13,KACTL,826,0.485140
13,simd-v0,826,0.058420
13,ours-406478,827,0.026590
13,KACTL,827,0.486964
13,simd-v0,827,0.058399
13,393435,827,0.040526
13,KACTL,828,0.475291
13,simd-v0,828,0.058380
13,393435,828,0.040436
13,ours-406478,828,0.026610
13,simd-v0,829,0.058279
13,393435,829,0.040486
13,ours-406478,829,0.026359
13,KACTL,829,0.486322
13,393435,830,0.040606
13,ours-406478,830,0.026550
13,KACTL,830,0.474720
13,simd-v0,830,0.058360
13,ours-406478,831,0.026549
13,KACTL,831,0.475902
13,simd-v0,831,0.058309
13,393435,831,0.040566
13,KACTL,832,0.484689
13,simd-v0,832,0.058379
13,393435,832,0.040576
13,ours-406478,832,0.026680
13,simd-v0,833,0.058230
13,393435,833,0.040447
13,ours-406478,833,0.027712
13,KACTL,833,0.494507
13,393435,834,0.040556
13,ours-406478,834,0.026579
13,KACTL,834,0.485831
13,simd-v0,834,0.058509
13,ours-406478,835,0.026470
13,KACTL,835,0.509486
13,simd-v0,835,0.058639
13,393435,835,0.040857
13,KACTL,836,0.474780
13,simd-v0,836,0.059091
13,393435,836,0.040536
13,ours-406478,836,0.026719
13,simd-v0,837,0.058450
13,393435,837,0.040426
13,ours-406478,837,0.026439
13,KACTL,837,0.487023
13,393435,838,0.040626
13,ours-406478,838,0.026550
13,KACTL,838,0.475272
13,simd-v0,838,0.069019
13,ours-406478,839,0.026510
13,KACTL,839,0.475402
13,simd-v0,839,0.058480
13,393435,839,0.040907
13,KACTL,840,0.485471
13,simd-v0,840,0.058289
13,393435,840,0.040546
13,ours-406478,840,0.026630
13,simd-v0,841,0.058279
13,393435,841,0.040446
13,ours-406478,841,0.026450
13,KACTL,841,0.476113
13,393435,842,0.040345
13,ours-406478,842,0.026369
13,KACTL,842,0.484879
13,simd-v0,842,0.058380
13,ours-406478,843,0.026519
13,KACTL,843,0.475381
13,simd-v0,843,0.068599
13,393435,843,0.040526
13,KACTL,844,0.474720
13,simd-v0,844,0.058260
13,393435,844,0.041187
13,ours-406478,844,0.030457
13,simd-v0,845,0.058339
13,393435,845,0.040676
13,ours-406478,845,0.026360
13,KACTL,845,0.486042
13,393435,846,0.040426
13,ours-406478,846,0.026469
13,KACTL,846,0.474530
13,simd-v0,846,0.058410
13,ours-406478,847,0.026329
13,KACTL,847,0.485300
13,simd-v0,847,0.058410
13,393435,847,0.040666
13,KACTL,848,0.485310
13,simd-v0,848,0.058460
13,393435,848,0.040446
13,ours-406478,848,0.026630
13,simd-v0,849,0.058230
13,393435,849,0.040416
13,ours-406478,849,0.026429
13,KACTL,849,0.475952
13,393435,850,0.040426
13,ours-406478,850,0.026420
13,KACTL,850,0.485641
13,simd-v0,850,0.060033
13,ours-406478,851,0.026479
13,KACTL,851,0.475752
13,simd-v0,851,0.068569
13,393435,851,0.040636
13,KACTL,852,0.474259
13,simd-v0,852,0.058410
13,393435,852,0.040486
13,ours-406478,852,0.026650
13,simd-v0,853,0.058971
13,393435,853,0.040657
13,ours-406478,853,0.026370
13,KACTL,853,0.485680
13,393435,854,0.040556
13,ours-406478,854,0.026489
13,KACTL,854,0.474661
13,simd-v0,854,0.058410
13,ours-406478,855,0.026299
13,KACTL,855,0.485661
13,simd-v0,855,0.058500
13,393435,855,0.040526
13,KACTL,856,0.484558
13,simd-v0,856,0.058470
13,393435,856,0.040656
13,ours-406478,856,0.026580
13,simd-v0,857,0.058310
13,393435,857,0.040456
13,ours-406478,857,0.026370
13,KACTL,857,0.476634
13,393435,858,0.040727
13,ours-406478,858,0.026810
13,KACTL,858,0.502773
13,simd-v0,858,0.058240
13,ours-406478,859,0.026539
13,KACTL,859,0.476093
13,simd-v0,859,0.058409
13,393435,859,0.051838
13,KACTL,860,0.474520
13,simd-v0,860,0.058330
13,393435,860,0.040385
13,ours-406478,860,0.026691
13,simd-v0,861,0.062287
13,393435,861,0.040516
13,ours-406478,861,0.026440
13,KACTL,861,0.485921
13,393435,862,0.040526
13,ours-406478,862,0.026459
13,KACTL,862,0.474870
13,simd-v0,862,0.058329
13,ours-406478,863,0.026349
13,KACTL,863,0.486532
13,simd-v0,863,0.058490
13,393435,863,0.040506
13,KACTL,864,0.494387
13,simd-v0,864,0.060223
13,393435,864,0.040816
13,ours-406478,864,0.026700
13,simd-v0,865,0.058349
13,393435,865,0.040426
13,ours-406478,865,0.026350
13,KACTL,865,0.475622
13,393435,866,0.040576
13,ours-406478,866,0.026279
13,KACTL,866,0.486412
13,simd-v0,866,0.058499
13,ours-406478,867,0.026560
13,KACTL,867,0.474910
13,simd-v0,867,0.058430
13,393435,867,0.051095
13,KACTL,868,0.474490
13,simd-v0,868,0.058389
13,393435,868,0.040486
13,ours-406478,868,0.026701
13,simd-v0,869,0.058380
13,393435,869,0.040416
13,ours-406478,869,0.026459
13,KACTL,869,0.486323
13,393435,870,0.040465
13,ours-406478,870,0.026681
13,KACTL,870,0.474590
13,simd-v0,870,0.058770
13,ours-406478,871,0.026460
13,KACTL,871,0.486102
13,simd-v0,871,0.058489
13,393435,871,0.040466
13,KACTL,872,0.474700
13,simd-v0,872,0.072667
13,393435,872,0.040467
13,ours-406478,872,0.026660
13,simd-v0,873,0.058300
13,393435,873,0.040395
13,ours-406478,873,0.026339
13,KACTL,873,0.476093
13,393435,874,0.040346
13,ours-406478,874,0.026420
13,KACTL,874,0.485932
13,simd-v0,874,0.058390
13,ours-406478,875,0.026459
13,KACTL,875,0.476463
13,simd-v0,875,0.058330
13,393435,875,0.040526
13,KACTL,876,0.485811
13,simd-v0,876,0.058329
13,393435,876,0.040475
13,ours-406478,876,0.026610
13,simd-v0,877,0.058219
13,393435,877,0.040426
13,ours-406478,877,0.030076
13,KACTL,877,0.487033
13,393435,878,0.040536
13,ours-406478,878,0.026440
13,KACTL,878,0.475291
13,simd-v0,878,0.058470
13,ours-406478,879,0.026390
13,KACTL,879,0.485210
13,simd-v0,879,0.058429
13,393435,879,0.040525
13,KACTL,880,0.475211
13,simd-v0,880,0.058601
13,393435,880,0.050805
13,ours-406478,880,0.026740
13,simd-v0,881,0.058319
13,393435,881,0.040516
13,ours-406478,881,0.026319
13,KACTL,881,0.475621
13,393435,882,0.040486
13,ours-406478,882,0.026349
13,KACTL,882,0.484659
13,simd-v0,882,0.058409
13,ours-406478,883,0.026440
13,KACTL,883,0.475271
13,simd-v0,883,0.058399
13,393435,883,0.040757
13,KACTL,884,0.485391
13,simd-v0,884,0.058429
13,393435,884,0.040375
13,ours-406478,884,0.026590
13,simd-v0,885,0.058289
13,393435,885,0.040476
13,ours-406478,885,0.026400
13,KACTL,885,0.485510
13,393435,886,0.040767
13,ours-406478,886,0.026460
13,KACTL,886,0.474500
13,simd-v0,886,0.058609
13,ours-406478,887,0.026310
13,KACTL,887,0.485470
13,simd-v0,887,0.058390
13,393435,887,0.040516
13,KACTL,888,0.474350
13,simd-v0,888,0.058449
13,393435,888,0.040446
13,ours-406478,888,0.026569
13,simd-v0,889,0.058430
13,393435,889,0.040557
13,ours-406478,889,0.026450
13,KACTL,889,0.475603
13,393435,890,0.040406
13,ours-406478,890,0.026399
13,KACTL,890,0.485390
13,simd-v0,890,0.058329
13,ours-406478,891,0.026559
13,KACTL,891,0.476002
13,simd-v0,891,0.058510
13,393435,891,0.040536
13,KACTL,892,0.485150
13,simd-v0,892,0.058310
13,393435,892,0.040506
13,ours-406478,892,0.026449
13,simd-v0,893,0.058319
13,393435,893,0.040596
13,ours-406478,893,0.026379
13,KACTL,893,0.488456
13,393435,894,0.040757
13,ours-406478,894,0.026539
13,KACTL,894,0.474911
13,simd-v0,894,0.058400
13,ours-406478,895,0.026439
13,KACTL,895,0.485822
13,simd-v0,895,0.058589
13,393435,895,0.040516
13,KACTL,896,0.475362
13,simd-v0,896,0.058530
13,393435,896,0.040466
13,ours-406478,896,0.026499
13,simd-v0,897,0.068318
13,393435,897,0.040466
13,ours-406478,897,0.026549
13,KACTL,897,0.475692
13,393435,898,0.040636
13,ours-406478,898,0.026319
13,KACTL,898,0.484879
13,simd-v0,898,0.058300
13,ours-406478,899,0.026600
13,KACTL,899,0.475703
13,simd-v0,899,0.059301
13,393435,899,0.040506
13,KACTL,900,0.485581
13,simd-v0,900,0.058460
13,393435,900,0.040506
13,ours-406478,900,0.026680
13,simd-v0,901,0.058470
13,393435,901,0.040425
13,ours-406478,901,0.026329
13,KACTL,901,0.488376
13,393435,902,0.040466
13,ours-406478,902,0.026440
13,KACTL,902,0.474870
13,simd-v0,902,0.058399
13,ours-406478,903,0.026339
13,KACTL,903,0.485931
13,simd-v0,903,0.058479
13,393435,903,0.040626
13,KACTL,904,0.474510
13,simd-v0,904,0.058549
13,393435,904,0.040266
13,ours-406478,904,0.026641
13,simd-v0,905,0.058480
13,393435,905,0.051317
13,ours-406478,905,0.026550
13,KACTL,905,0.475372
13,393435,906,0.040506
13,ours-406478,906,0.026350
13,KACTL,906,0.484478
13,simd-v0,906,0.058319
13,ours-406478,907,0.026470
13,KACTL,907,0.475181
13,simd-v0,907,0.058500
13,393435,907,0.040586
13,KACTL,908,0.485501
13,simd-v0,908,0.058400
13,393435,908,0.040546
13,ours-406478,908,0.026570
13,simd-v0,909,0.058229
13,393435,909,0.040396
13,ours-406478,909,0.026319
13,KACTL,909,0.491101
13,393435,910,0.040716
13,ours-406478,910,0.026760
13,KACTL,910,0.475121
13,simd-v0,910,0.058379
13,ours-406478,911,0.026439
13,KACTL,911,0.485991
13,simd-v0,911,0.058299
13,393435,911,0.040586
13,KACTL,912,0.475101
13,simd-v0,912,0.058379
13,393435,912,0.040416
13,ours-406478,912,0.026529
13,simd-v0,913,0.058189
13,393435,913,0.040386
13,ours-406478,913,0.036729
13,KACTL,913,0.511780
13,393435,914,0.040776
13,ours-406478,914,0.026619
13,KACTL,914,0.488556
13,simd-v0,914,0.058540
13,ours-406478,915,0.026590
13,KACTL,915,0.475462
13,simd-v0,915,0.058339
13,393435,915,0.041458
13,KACTL,916,0.484789
13,simd-v0,916,0.058319
13,393435,916,0.040967
13,ours-406478,916,0.026539
13,simd-v0,917,0.058249
13,393435,917,0.040585
13,ours-406478,917,0.026319
13,KACTL,917,0.496571
13,393435,918,0.040556
13,ours-406478,918,0.026580
13,KACTL,918,0.474661
13,simd-v0,918,0.058409
13,ours-406478,919,0.026440
13,KACTL,919,0.486222
13,simd-v0,919,0.058389
13,393435,919,0.040596
13,KACTL,920,0.475001
13,simd-v0,920,0.058299
13,393435,920,0.040466
13,ours-406478,920,0.026520
13,simd-v0,921,0.058189
13,393435,921,0.040376
13,ours-406478,921,0.038252
13,KACTL,921,0.475501
13,393435,922,0.040445
13,ours-406478,922,0.026450
13,KACTL,922,0.484449
13,simd-v0,922,0.058399
13,ours-406478,923,0.026549
13,KACTL,923,0.475381
13,simd-v0,923,0.058339
13,393435,923,0.040406
13,KACTL,924,0.484549
13,simd-v0,924,0.058350
13,393435,924,0.040456
13,ours-406478,924,0.026600
13,simd-v0,925,0.058379
13,393435,925,0.040466
13,ours-406478,925,0.026430
13,KACTL,925,0.478517
13,393435,926,0.051196
13,ours-406478,926,0.026670
13,KACTL,926,0.474901
13,simd-v0,926,0.058319
13,ours-406478,927,0.026379
13,KACTL,927,0.486452
13,simd-v0,927,0.058420
13,393435,927,0.040516
13,KACTL,928,0.474640
13,simd-v0,928,0.058370
13,393435,928,0.041157
13,ours-406478,928,0.026690
13,simd-v0,929,0.058239
13,393435,929,0.041037
13,ours-406478,929,0.026400
13,KACTL,929,0.486222
13,393435,930,0.040436
13,ours-406478,930,0.026510
13,KACTL,930,0.485721
13,simd-v0,930,0.058339
13,ours-406478,931,0.026440
13,KACTL,931,0.475752
13,simd-v0,931,0.058350
13,393435,931,0.040557
13,KACTL,932,0.485391
13,simd-v0,932,0.058360
13,393435,932,0.040496
13,ours-406478,932,0.026710
13,simd-v0,933,0.058289
13,393435,933,0.040446
13,ours-406478,933,0.026370
13,KACTL,933,0.475511
13,393435,934,0.040376
13,ours-406478,934,0.026380
13,KACTL,934,0.474540
13,simd-v0,934,0.058440
13,ours-406478,935,0.026439
13,KACTL,935,0.502062
13,simd-v0,935,0.069010
13,393435,935,0.052569
13,KACTL,936,0.476153
13,simd-v0,936,0.058510
13,393435,936,0.040656
13,ours-406478,936,0.026850
13,simd-v0,937,0.058349
13,393435,937,0.040346
13,ours-406478,937,0.026410
13,KACTL,937,0.487835
13,393435,938,0.040527
13,ours-406478,938,0.026510
13,KACTL,938,0.483978
13,simd-v0,938,0.058519
13,ours-406478,939,0.026450
13,KACTL,939,0.475392
13,simd-v0,939,0.058309
13,393435,939,0.040556
13,KACTL,940,0.484860
13,simd-v0,940,0.058279
13,393435,940,0.040516
13,ours-406478,940,0.026690
13,simd-v0,941,0.058189
13,393435,941,0.040416
13,ours-406478,941,0.026399
13,KACTL,941,0.478647
13,393435,942,0.040386
13,ours-406478,942,0.038131
13,KACTL,942,0.474991
13,simd-v0,942,0.058450
13,ours-406478,943,0.026500
13,KACTL,943,0.485670
13,simd-v0,943,0.058519
13,393435,943,0.040556
13,KACTL,944,0.476594
13,simd-v0,944,0.058349
13,393435,944,0.040556
13,ours-406478,944,0.027401
13,simd-v0,945,0.058220
13,393435,945,0.040415
13,ours-406478,945,0.026399
13,KACTL,945,0.487394
13,393435,946,0.040586
13,ours-406478,946,0.026579
13,KACTL,946,0.475531
13,simd-v0,946,0.068609
13,ours-406478,947,0.026620
13,KACTL,947,0.475101
13,simd-v0,947,0.058500
13,393435,947,0.040787
13,KACTL,948,0.484599
13,simd-v0,948,0.058480
13,393435,948,0.040485
13,ours-406478,948,0.026610
13,simd-v0,949,0.058300
13,393435,949,0.040326
13,ours-406478,949,0.026400
13,KACTL,949,0.475562
13,393435,950,0.040406
13,ours-406478,950,0.026380
13,KACTL,950,0.484548
13,simd-v0,950,0.058519
13,ours-406478,951,0.026460
13,KACTL,951,0.485941
13,simd-v0,951,0.058510
13,393435,951,0.040616
13,KACTL,952,0.474821
13,simd-v0,952,0.058370
13,393435,952,0.040436
13,ours-406478,952,0.026580
13,simd-v0,953,0.059071
13,393435,953,0.040376
13,ours-406478,953,0.026379
13,KACTL,953,0.485972
13,393435,954,0.040486
13,ours-406478,954,0.026650
13,KACTL,954,0.475071
13,simd-v0,954,0.058329
13,ours-406478,955,0.037380
13,KACTL,955,0.475422
13,simd-v0,955,0.058380
13,393435,955,0.040706
13,KACTL,956,0.486041
13,simd-v0,956,0.058319
13,393435,956,0.040536
13,ours-406478,956,0.026700
13,simd-v0,957,0.058289
13,393435,957,0.040456
13,ours-406478,957,0.026440
13,KACTL,957,0.516699
13,393435,958,0.040756
13,ours-406478,958,0.026820
13,KACTL,958,0.488126
13,simd-v0,958,0.060053
13,ours-406478,959,0.026529
13,KACTL,959,0.486432
13,simd-v0,959,0.058399
13,393435,959,0.040626
13,KACTL,960,0.475291
13,simd-v0,960,0.058249
13,393435,960,0.040406
13,ours-406478,960,0.026680
13,simd-v0,961,0.059070
13,393435,961,0.040587
13,ours-406478,961,0.026470
13,KACTL,961,0.487054
13,393435,962,0.040527
13,ours-406478,962,0.026540
13,KACTL,962,0.474430
13,simd-v0,962,0.058450
13,ours-406478,963,0.037229
13,KACTL,963,0.475402
13,simd-v0,963,0.058369
13,393435,963,0.040606
13,KACTL,964,0.486132
13,simd-v0,964,0.058299
13,393435,964,0.040536
13,ours-406478,964,0.026780
13,simd-v0,965,0.058319
13,393435,965,0.040366
13,ours-406478,965,0.026320
13,KACTL,965,0.475432
13,393435,966,0.040506
13,ours-406478,966,0.026420
13,KACTL,966,0.485620
13,simd-v0,966,0.058430
13,ours-406478,967,0.026530
13,KACTL,967,0.476063
13,simd-v0,967,0.068829
13,393435,967,0.040586
13,KACTL,968,0.475101
13,simd-v0,968,0.058490
13,393435,968,0.040376
13,ours-406478,968,0.026610
13,simd-v0,969,0.058259
13,393435,969,0.040476
13,ours-406478,969,0.027131
13,KACTL,969,0.489308
13,393435,970,0.040627
13,ours-406478,970,0.026490
13,KACTL,970,0.475091
13,simd-v0,970,0.058410
13,ours-406478,971,0.026300
13,KACTL,971,0.499807
13,simd-v0,971,0.058460
13,393435,971,0.040536
13,KACTL,972,0.487434
13,simd-v0,972,0.058269
13,393435,972,0.040566
13,ours-406478,972,0.026559
13,simd-v0,973,0.058289
13,393435,973,0.040386
13,ours-406478,973,0.026390
13,KACTL,973,0.478357
13,393435,974,0.040847
13,ours-406478,974,0.026510
13,KACTL,974,0.488496
13,simd-v0,974,0.058539
13,ours-406478,975,0.026470
13,KACTL,975,0.475482
13,simd-v0,975,0.068999
13,393435,975,0.041087
13,KACTL,976,0.474800
13,simd-v0,976,0.058339
13,393435,976,0.040466
13,ours-406478,976,0.026640
13,simd-v0,977,0.058190
13,393435,977,0.040396
13,ours-406478,977,0.026419
13,KACTL,977,0.486963
13,393435,978,0.040406
13,ours-406478,978,0.026610
13,KACTL,978,0.474389
13,simd-v0,978,0.058710
13,ours-406478,979,0.026329
13,KACTL,979,0.486122
13,simd-v0,979,0.058480
13,393435,979,0.040606
13,KACTL,980,0.484749
13,simd-v0,980,0.058470
13,393435,980,0.040436
13,ours-406478,980,0.026630
13,simd-v0,981,0.058219
13,393435,981,0.040425
13,ours-406478,981,0.026550
13,KACTL,981,0.475802
13,393435,982,0.041167
13,ours-406478,982,0.026419
13,KACTL,982,0.485641
13,simd-v0,982,0.058470
13,ours-406478,983,0.026409
13,KACTL,983,0.476504
13,simd-v0,983,0.058309
13,393435,983,0.051286
13,KACTL,984,0.474489
13,simd-v0,984,0.058530
13,393435,984,0.040325
13,ours-406478,984,0.026490
13,simd-v0,985,0.058229
13,393435,985,0.040386
13,ours-406478,985,0.026340
13,KACTL,985,0.486693
13,393435,986,0.040586
13,ours-406478,986,0.026529
13,KACTL,986,0.474430
13,simd-v0,986,0.058369
13,ours-406478,987,0.026499
13,KACTL,987,0.486222
13,simd-v0,987,0.058419
13,393435,987,0.040486
13,KACTL,988,0.485551
13,simd-v0,988,0.058390
13,393435,988,0.040516
13,ours-406478,988,0.026630
13,simd-v0,989,0.058289
13,393435,989,0.040476
13,ours-406478,989,0.026430
13,KACTL,989,0.478808
13,393435,990,0.040465
13,ours-406478,990,0.026560
13,KACTL,990,0.485169
13,simd-v0,990,0.058380
13,ours-406478,991,0.026619
13,KACTL,991,0.475231
13,simd-v0,991,0.058349
13,393435,991,0.040475
13,KACTL,992,0.487064
13,simd-v0,992,0.058399
13,393435,992,0.040566
13,ours-406478,992,0.026670
13,simd-v0,993,0.058289
13,393435,993,0.040355
13,ours-406478,993,0.026420
13,KACTL,993,0.486332
13,393435,994,0.040465
13,ours-406478,994,0.026580
13,KACTL,994,0.474200
13,simd-v0,994,0.059261
13,ours-406478,995,0.026350
13,KACTL,995,0.485661
13,simd-v0,995,0.058550
13,393435,995,0.040536
13,KACTL,996,0.475431
13,simd-v0,996,0.068489
13,393435,996,0.040556
13,ours-406478,996,0.026609
13,simd-v0,997,0.058369
13,393435,997,0.040336
13,ours-406478,997,0.026450
13,KACTL,997,0.475322
13,393435,998,0.040356
13,ours-406478,998,0.026369
13,KACTL,998,0.485500
13,simd-v0,998,0.058360
13,ours-406478,999,0.026530
13,KACTL,999,0.475552
13,simd-v0,999,0.059201
13,393435,999,0.040576
13,KACTL,1000,0.485130
13,simd-v0,1000,0.058359
13,393435,1000,0.040406
13,ours-406478,1000,0.026650
14,KACTL,0,1.075366
14,simd-v0,0,0.129873
14,393435,0,0.089577
14,ours-406478,0,0.056506
14,simd-v0,1,0.119133
14,393435,1,0.089138
14,ours-406478,1,0.056556
14,KACTL,1,1.081778
14,393435,2,0.089428
14,ours-406478,2,0.056435
14,KACTL,2,1.075506
14,simd-v0,2,0.119575
14,ours-406478,3,0.056727
14,KACTL,3,1.095484
14,simd-v0,3,0.119264
14,393435,3,0.089468
14,KACTL,4,1.075167
14,simd-v0,4,0.119294
14,393435,4,0.089057
14,ours-406478,4,0.056536
14,simd-v0,5,0.119253
14,393435,5,0.089398
14,ours-406478,5,0.056476
14,KACTL,5,1.092429
14,393435,6,0.089558
14,ours-406478,6,0.056556
14,KACTL,6,1.076779
14,simd-v0,6,0.119234
14,ours-406478,7,0.056515
14,KACTL,7,1.098780
14,simd-v0,7,0.119183
14,393435,7,0.088958
14,KACTL,8,1.076188
14,simd-v0,8,0.130264
14,393435,8,0.089167
14,ours-406478,8,0.056646
14,simd-v0,9,0.119103
14,393435,9,0.088977
14,ours-406478,9,0.056566
14,KACTL,9,1.173801
14,393435,10,0.089498
14,ours-406478,10,0.056766
14,KACTL,10,1.087159
14,simd-v0,10,0.130144
14,ours-406478,11,0.056576
14,KACTL,11,1.082380
14,simd-v0,11,0.119064
14,393435,11,0.088726
14,KACTL,12,1.075126
14,simd-v0,12,0.119284
14,393435,12,0.089147
14,ours-406478,12,0.056535
14,simd-v0,13,0.119955
14,393435,13,0.099417
14,ours-406478,13,0.056556
14,KACTL,13,1.085035
14,393435,14,0.089268
14,ours-406478,14,0.056516
14,KACTL,14,1.074385
14,simd-v0,14,0.119324
14,ours-406478,15,0.056627
14,KACTL,15,1.082741
14,simd-v0,15,0.119233
14,393435,15,0.088947
14,KACTL,16,1.083622
14,simd-v0,16,0.119173
14,393435,16,0.088837
14,ours-406478,16,0.056616
14,simd-v0,17,0.119233
14,393435,17,0.089297
14,ours-406478,17,0.056596
14,KACTL,17,1.081057
14,393435,18,0.089247
14,ours-406478,18,0.056496
14,KACTL,18,1.076640
14,simd-v0,18,0.130705
14,ours-406478,19,0.056646
14,KACTL,19,1.114229
14,simd-v0,19,0.119313
14,393435,19,0.089768
14,KACTL,20,1.074485
14,simd-v0,20,0.119314
14,393435,20,0.092403
14,ours-406478,20,0.056856
14,simd-v0,21,0.120115
14,393435,21,0.099376
14,ours-406478,21,0.056727
14,KACTL,21,1.082410
14,393435,22,0.089578
14,ours-406478,22,0.056646
14,KACTL,22,1.075006
14,simd-v0,22,0.119153
14,ours-406478,23,0.056686
14,KACTL,23,1.081819
14,simd-v0,23,0.119314
14,393435,23,0.089087
14,KACTL,24,1.084103
14,simd-v0,24,0.119284
14,393435,24,0.089187
14,ours-406478,24,0.056706
14,simd-v0,25,0.119063
14,393435,25,0.089227
14,ours-406478,25,0.056616
14,KACTL,25,1.277626
14,393435,26,0.114134
14,ours-406478,26,0.075792
14,KACTL,26,1.132524
14,simd-v0,26,0.119374
14,ours-406478,27,0.057128
14,KACTL,27,1.093671
14,simd-v0,27,0.119284
14,393435,27,0.093976
14,KACTL,28,1.084133
14,simd-v0,28,0.145803
14,393435,28,0.089328
14,ours-406478,28,0.061085
14,simd-v0,29,0.119244
14,393435,29,0.089198
14,ours-406478,29,0.056666
14,KACTL,29,1.091767
14,393435,30,0.089147
14,ours-406478,30,0.056636
14,KACTL,30,1.086017
14,simd-v0,30,0.119304
14,ours-406478,31,0.076423
14,KACTL,31,1.097087
14,simd-v0,31,0.119484
14,393435,31,0.089468
14,KACTL,32,1.089914
14,simd-v0,32,0.119334
14,393435,32,0.089497
14,ours-406478,32,0.056656
14,simd-v0,33,0.119474
14,393435,33,0.100769
14,ours-406478,33,0.056596
14,KACTL,33,1.082220
14,393435,34,0.089608
14,ours-406478,34,0.056586
14,KACTL,34,1.074254
14,simd-v0,34,0.119243
14,ours-406478,35,0.056516
14,KACTL,35,1.088932
14,simd-v0,35,0.119474
14,393435,35,0.089749
14,KACTL,36,1.084184
14,simd-v0,36,0.119344
14,393435,36,0.089157
14,ours-406478,36,0.056727
14,simd-v0,37,0.119234
14,393435,37,0.089148
14,ours-406478,37,0.056626
14,KACTL,37,1.081669
14,393435,38,0.088976
14,ours-406478,38,0.056566
14,KACTL,38,1.074776
14,simd-v0,38,0.129903
14,ours-406478,39,0.056566
14,KACTL,39,1.082670
14,simd-v0,39,0.119374
14,393435,39,0.089067
14,KACTL,40,1.073574
14,simd-v0,40,0.119373
14,393435,40,0.089057
14,ours-406478,40,0.056817
14,simd-v0,41,0.119274
14,393435,41,0.101030
14,ours-406478,41,0.056677
14,KACTL,41,1.082911
14,393435,42,0.089267
14,ours-406478,42,0.056476
14,KACTL,42,1.076730
14,simd-v0,42,0.119174
14,ours-406478,43,0.056567
14,KACTL,43,1.083252
14,simd-v0,43,0.119244
14,393435,43,0.089248
14,KACTL,44,1.084084
14,simd-v0,44,0.119093
14,393435,44,0.089047
14,ours-406478,44,0.056756
14,simd-v0,45,0.119294
14,393435,45,0.089247
14,ours-406478,45,0.056596
14,KACTL,45,1.081599
14,393435,46,0.088837
14,ours-406478,46,0.056687
14,KACTL,46,1.077381
14,simd-v0,46,0.129603
14,ours-406478,47,0.056696
14,KACTL,47,1.083482
14,simd-v0,47,0.119324
14,393435,47,0.089228
14,KACTL,48,1.073684
14,simd-v0,48,0.119424
14,393435,48,0.088787
14,ours-406478,48,0.056486
14,simd-v0,49,0.119634
14,393435,49,0.103223
14,ours-406478,49,0.056716
14,KACTL,49,1.086117
14,393435,50,0.089368
14,ours-406478,50,0.056647
14,KACTL,50,1.074054
14,simd-v0,50,0.119455
14,ours-406478,51,0.056496
14,KACTL,51,1.082471
14,simd-v0,51,0.119114
14,393435,51,0.089177
14,KACTL,52,1.083312
14,simd-v0,52,0.119324
14,393435,52,0.089398
14,ours-406478,52,0.056546
14,simd-v0,53,0.119093
14,393435,53,0.088867
14,ours-406478,53,0.056606
14,KACTL,53,1.083412
14,393435,54,0.089268
14,ours-406478,54,0.056556
14,KACTL,54,1.074665
14,simd-v0,54,0.129263
14,ours-406478,55,0.056767
14,KACTL,55,1.082190
14,simd-v0,55,0.119334
14,393435,55,0.089127
14,KACTL,56,1.088782
14,simd-v0,56,0.119214
14,393435,56,0.092113
14,ours-406478,56,0.056606
14,simd-v0,57,0.122429
14,393435,57,0.101060
14,ours-406478,57,0.056516
14,KACTL,57,1.083752
14,393435,58,0.089288
14,ours-406478,58,0.056536
14,KACTL,58,1.074725
14,simd-v0,58,0.119164
14,ours-406478,59,0.056666
14,KACTL,59,1.083421
14,simd-v0,59,0.119364
14,393435,59,0.089327
14,KACTL,60,1.083422
14,simd-v0,60,0.119233
14,393435,60,0.088707
14,ours-406478,60,0.056546
14,simd-v0,61,0.119444
14,393435,61,0.088597
14,ours-406478,61,0.056616
14,KACTL,61,1.083162
14,393435,62,0.088967
14,ours-406478,62,0.056465
14,KACTL,62,1.074866
14,simd-v0,62,0.129624
14,ours-406478,63,0.056616
14,KACTL,63,1.081819
14,simd-v0,63,0.119375
14,393435,63,0.089167
14,KACTL,64,1.078302
14,simd-v0,64,0.119093
14,393435,64,0.088887
14,ours-406478,64,0.056646
14,simd-v0,65,0.119224
14,393435,65,0.100188
14,ours-406478,65,0.056536
14,KACTL,65,1.084243
14,393435,66,0.089237
14,ours-406478,66,0.056616
14,KACTL,66,1.074425
14,simd-v0,66,0.119164
14,ours-406478,67,0.056616
14,KACTL,67,1.082290
14,simd-v0,67,0.119353
14,393435,67,0.089137
14,KACTL,68,1.083211
14,simd-v0,68,0.119183
14,393435,68,0.089277
14,ours-406478,68,0.056676
14,simd-v0,69,0.119044
14,393435,69,0.089358
14,ours-406478,69,0.056586
14,KACTL,69,1.081768
14,393435,70,0.089388
14,ours-406478,70,0.056576
14,KACTL,70,1.073894
14,simd-v0,70,0.129583
14,ours-406478,71,0.056807
14,KACTL,71,1.086407
14,simd-v0,71,0.119253
14,393435,71,0.089748
14,KACTL,72,1.075718
14,simd-v0,72,0.120456
14,393435,72,0.089076
14,ours-406478,72,0.056646
14,simd-v0,73,0.119484
14,393435,73,0.100458
14,ours-406478,73,0.056646
14,KACTL,73,1.083893
14,393435,74,0.089398
14,ours-406478,74,0.056676
14,KACTL,74,1.078332
14,simd-v0,74,0.119444
14,ours-406478,75,0.056587
14,KACTL,75,1.082359
14,simd-v0,75,0.119083
14,393435,75,0.089158
14,KACTL,76,1.085776
14,simd-v0,76,0.119534
14,393435,76,0.089468
14,ours-406478,76,0.056576
14,simd-v0,77,0.119254
14,393435,77,0.089188
14,ours-406478,77,0.056616
14,KACTL,77,1.083603
14,393435,78,0.089158
14,ours-406478,78,0.056536
14,KACTL,78,1.077851
14,simd-v0,78,0.129954
14,ours-406478,79,0.056596
14,KACTL,79,1.084363
14,simd-v0,79,0.120456
14,393435,79,0.089318
14,KACTL,80,1.088953
14,simd-v0,80,0.119123
14,393435,80,0.089117
14,ours-406478,80,0.056606
14,simd-v0,81,0.119213
14,393435,81,0.101260
14,ours-406478,81,0.056726
14,KACTL,81,1.098690
14,393435,82,0.089418
14,ours-406478,82,0.056717
14,KACTL,82,1.111915
14,simd-v0,82,0.119324
14,ours-406478,83,0.056757
14,KACTL,83,1.083231
14,simd-v0,83,0.119123
14,393435,83,0.100428
14,KACTL,84,1.075176
14,simd-v0,84,0.119173
14,393435,84,0.089548
14,ours-406478,84,0.056777
14,simd-v0,85,0.119023
14,393435,85,0.089067
14,ours-406478,85,0.056706
14,KACTL,85,1.085876
14,393435,86,0.089217
14,ours-406478,86,0.056636
14,KACTL,86,1.084033
14,simd-v0,86,0.119985
14,ours-406478,87,0.056576
14,KACTL,87,1.083392
14,simd-v0,87,0.119354
14,393435,87,0.089047
14,KACTL,88,1.075577
14,simd-v0,88,0.119414
14,393435,88,0.089157
14,ours-406478,88,0.056596
14,simd-v0,89,0.130095
14,393435,89,0.088986
14,ours-406478,89,0.056556
14,KACTL,89,1.082359
14,393435,90,0.089417
14,ours-406478,90,0.056536
14,KACTL,90,1.074165
14,simd-v0,90,0.119474
14,ours-406478,91,0.061585
14,KACTL,91,1.082510
14,simd-v0,91,0.119203
14,393435,91,0.100067
14,KACTL,92,1.075728
14,simd-v0,92,0.119254
14,393435,92,0.089287
14,ours-406478,92,0.056556
14,simd-v0,93,0.119163
14,393435,93,0.088967
14,ours-406478,93,0.056626
14,KACTL,93,1.085105
14,393435,94,0.089138
14,ours-406478,94,0.056386
14,KACTL,94,1.086878
14,simd-v0,94,0.119214
14,ours-406478,95,0.056796
14,KACTL,95,1.085226
14,simd-v0,95,0.119274
14,393435,95,0.089357
14,KACTL,96,1.091137
14,simd-v0,96,0.119433
14,393435,96,0.089387
14,ours-406478,96,0.056577
14,simd-v0,97,0.131206
14,393435,97,0.089688
14,ours-406478,97,0.056636
14,KACTL,97,1.084604
14,393435,98,0.089107
14,ours-406478,98,0.056606
14,KACTL,98,1.075957
14,simd-v0,98,0.119303
14,ours-406478,99,0.056566
14,KACTL,99,1.100404
14,simd-v0,99,0.132879
14,393435,99,0.098625
14,KACTL,100,1.087329
14,simd-v0,100,0.119524
14,393435,100,0.089218
14,ours-406478,100,0.056836
14,simd-v0,101,0.119294
14,393435,101,0.089127
14,ours-406478,101,0.056456
14,KACTL,101,1.082360
14,393435,102,0.089087
14,ours-406478,102,0.067236
14,KACTL,102,1.074655
14,simd-v0,102,0.122069
14,ours-406478,103,0.056576
14,KACTL,103,1.082670
14,simd-v0,103,0.119254
14,393435,103,0.089328
14,KACTL,104,1.085166
14,simd-v0,104,0.119223
14,393435,104,0.089177
14,ours-406478,104,0.067406
14,simd-v0,105,0.120075
14,393435,105,0.088897
14,ours-406478,105,0.056526
14,KACTL,105,1.084324
14,393435,106,0.089948
14,ours-406478,106,0.056546
14,KACTL,106,1.074616
14,simd-v0,106,0.119284
14,ours-406478,107,0.056476
14,KACTL,107,1.085105
14,simd-v0,107,0.129443
14,393435,107,0.089388
14,KACTL,108,1.074795
14,simd-v0,108,0.119234
14,393435,108,0.089187
14,ours-406478,108,0.056647
14,simd-v0,109,0.119323
14,393435,109,0.088977
14,ours-406478,109,0.056606
14,KACTL,109,1.082460
14,393435,110,0.089718
14,ours-406478,110,0.056777
14,KACTL,110,1.075347
14,simd-v0,110,0.119193
14,ours-406478,111,0.056626
14,KACTL,111,1.081568
14,simd-v0,111,0.119324
14,393435,111,0.089108
14,KACTL,112,1.074225
14,simd-v0,112,0.119174
14,393435,112,0.089137
14,ours-406478,112,0.067096
14,simd-v0,113,0.119204
14,393435,113,0.089107
14,ours-406478,113,0.056475
14,KACTL,113,1.082610
14,393435,114,0.089267
14,ours-406478,114,0.056596
14,KACTL,114,1.074515
14,simd-v0,114,0.122130
14,ours-406478,115,0.056716
14,KACTL,115,1.082640
14,simd-v0,115,0.129463
14,393435,115,0.089498
14,KACTL,116,1.074535
14,simd-v0,116,0.119435
14,393435,116,0.088927
14,ours-406478,116,0.056446
14,simd-v0,117,0.119204
14,393435,117,0.088887
14,ours-406478,117,0.056606
14,KACTL,117,1.083362
14,393435,118,0.119364
14,ours-406478,118,0.056556
14,KACTL,118,1.074395
14,simd-v0,118,0.119083
14,ours-406478,119,0.056656
14,KACTL,119,1.081498
14,simd-v0,119,0.119284
14,393435,119,0.089217
14,KACTL,120,1.073683
14,simd-v0,120,0.119214
14,393435,120,0.089308
14,ours-406478,120,0.066865
14,simd-v0,121,0.119324
14,393435,121,0.089267
14,ours-406478,121,0.056636
14,KACTL,121,1.087389
14,393435,122,0.089217
14,ours-406478,122,0.056566
14,KACTL,122,1.088511
14,simd-v0,122,0.119233
14,ours-406478,123,0.056666
14,KACTL,123,1.095996
14,simd-v0,123,0.130345
14,393435,123,0.089859
14,KACTL,124,1.073443
14,simd-v0,124,0.119253
14,393435,124,0.089078
14,ours-406478,124,0.056627
14,simd-v0,125,0.119333
14,393435,125,0.089017
14,ours-406478,125,0.056817
14,KACTL,125,1.082670
14,393435,126,0.099337
14,ours-406478,126,0.056696
14,KACTL,126,1.117306
14,simd-v0,126,0.119814
14,ours-406478,127,0.056827
14,KACTL,127,1.084354
14,simd-v0,127,0.119264
14,393435,127,0.089538
14,KACTL,128,1.087490
14,simd-v0,128,0.119334
14,393435,128,0.101149
14,ours-406478,128,0.056847
14,simd-v0,129,0.119294
14,393435,129,0.089117
14,ours-406478,129,0.056597
14,KACTL,129,1.085486
14,393435,130,0.089748
14,ours-406478,130,0.056617
14,KACTL,130,1.076148
14,simd-v0,130,0.119545
14,ours-406478,131,0.056576
14,KACTL,131,1.091026
14,simd-v0,131,0.119263
14,393435,131,0.089318
14,KACTL,132,1.075838
14,simd-v0,132,0.119173
14,393435,132,0.088917
14,ours-406478,132,0.056566
14,simd-v0,133,0.119153
14,393435,133,0.089468
14,ours-406478,133,0.056687
14,KACTL,133,1.091988
14,393435,134,0.089217
14,ours-406478,134,0.056677
14,KACTL,134,1.075357
14,simd-v0,134,0.119404
14,ours-406478,135,0.056757
14,KACTL,135,1.083553
14,simd-v0,135,0.119294
14,393435,135,0.089177
14,KACTL,136,1.076809
14,simd-v0,136,0.129874
14,393435,136,0.088997
14,ours-406478,136,0.056546
14,simd-v0,137,0.120426
14,393435,137,0.089217
14,ours-406478,137,0.056666
14,KACTL,137,1.082741
14,393435,138,0.089148
14,ours-406478,138,0.056536
14,KACTL,138,1.076388
14,simd-v0,138,0.119495
14,ours-406478,139,0.056647
14,KACTL,139,1.095534
14,simd-v0,139,0.119855
14,393435,139,0.089789
14,KACTL,140,1.074295
14,simd-v0,140,0.119344
14,393435,140,0.089197
14,ours-406478,140,0.056706
14,simd-v0,141,0.119104
14,393435,141,0.089228
14,ours-406478,141,0.056556
14,KACTL,141,1.092158
14,393435,142,0.089077
14,ours-406478,142,0.056436
14,KACTL,142,1.074836
14,simd-v0,142,0.119214
14,ours-406478,143,0.056686
14,KACTL,143,1.083703
14,simd-v0,143,0.119224
14,393435,143,0.092473
14,KACTL,144,1.074114
14,simd-v0,144,0.129403
14,393435,144,0.089067
14,ours-406478,144,0.056607
14,simd-v0,145,0.119174
14,393435,145,0.089087
14,ours-406478,145,0.056556
14,KACTL,145,1.083011
14,393435,146,0.089118
14,ours-406478,146,0.056546
14,KACTL,146,1.074916
14,simd-v0,146,0.119293
14,ours-406478,147,0.056546
14,KACTL,147,1.091798
14,simd-v0,147,0.119213
14,393435,147,0.089408
14,KACTL,148,1.075928
14,simd-v0,148,0.136816
14,393435,148,0.095048
14,ours-406478,148,0.056726
14,simd-v0,149,0.119413
14,393435,149,0.089257
14,ours-406478,149,0.056636
14,KACTL,149,1.094743
14,393435,150,0.089328
14,ours-406478,150,0.056516
14,KACTL,150,1.077561
14,simd-v0,150,0.119374
14,ours-406478,151,0.056787
14,KACTL,151,1.084634
14,simd-v0,151,0.119324
14,393435,151,0.089127
14,KACTL,152,1.091467
14,simd-v0,152,0.129853
14,393435,152,0.089678
14,ours-406478,152,0.056696
14,simd-v0,153,0.119965
14,393435,153,0.089137
14,ours-406478,153,0.056666
14,KACTL,153,1.082720
14,393435,154,0.089668
14,ours-406478,154,0.056546
14,KACTL,154,1.074354
14,simd-v0,154,0.119364
14,ours-406478,155,0.066975
14,KACTL,155,1.081458
14,simd-v0,155,0.120005
14,393435,155,0.089718
14,KACTL,156,1.074315
14,simd-v0,156,0.119364
14,393435,156,0.089608
14,ours-406478,156,0.056997
14,simd-v0,157,0.119334
14,393435,157,0.088876
14,ours-406478,157,0.068328
14,KACTL,157,1.082320
14,393435,158,0.110588
14,ours-406478,158,0.067346
14,KACTL,158,1.081608
14,simd-v0,158,0.119304
14,ours-406478,159,0.056727
14,KACTL,159,1.082561
14,simd-v0,159,0.119314
14,393435,159,0.089327
14,KACTL,160,1.083171
14,simd-v0,160,0.119204
14,393435,160,0.088997
14,ours-406478,160,0.056687
14,simd-v0,161,0.119143
14,393435,161,0.088807
14,ours-406478,161,0.056506
14,KACTL,161,1.082239
14,393435,162,0.089398
14,ours-406478,162,0.056596
14,KACTL,162,1.075266
14,simd-v0,162,0.131597
14,ours-406478,163,0.056646
14,KACTL,163,1.083281
14,simd-v0,163,0.119955
14,393435,163,0.089237
14,KACTL,164,1.096397
14,simd-v0,164,0.119113
14,393435,164,0.088877
14,ours-406478,164,0.056476
14,simd-v0,165,0.119213
14,393435,165,0.100028
14,ours-406478,165,0.056606
14,KACTL,165,1.085386
14,393435,166,0.089918
14,ours-406478,166,0.056617
14,KACTL,166,1.077962
14,simd-v0,166,0.119274
14,ours-406478,167,0.056566
14,KACTL,167,1.085366
14,simd-v0,167,0.119204
14,393435,167,0.089338
14,KACTL,168,1.083352
14,simd-v0,168,0.119213
14,393435,168,0.089137
14,ours-406478,168,0.057378
14,simd-v0,169,0.119284
14,393435,169,0.089018
14,ours-406478,169,0.056556
14,KACTL,169,1.082349
14,393435,170,0.089468
14,ours-406478,170,0.056646
14,KACTL,170,1.075888
14,simd-v0,170,0.130054
14,ours-406478,171,0.056737
14,KACTL,171,1.082580
14,simd-v0,171,0.119874
14,393435,171,0.089799
14,KACTL,172,1.075337
14,simd-v0,172,0.119234
14,393435,172,0.093204
14,ours-406478,172,0.056636
14,simd-v0,173,0.119364
14,393435,173,0.103034
14,ours-406478,173,0.057678
14,KACTL,173,1.083412
14,393435,174,0.089357
14,ours-406478,174,0.056536
14,KACTL,174,1.076359
14,simd-v0,174,0.119193
14,ours-406478,175,0.056776
14,KACTL,175,1.082640
14,simd-v0,175,0.119464
14,393435,175,0.089258
14,KACTL,176,1.111625
14,simd-v0,176,0.119424
14,393435,176,0.090190
14,ours-406478,176,0.056656
14,simd-v0,177,0.119234
14,393435,177,0.088827
14,ours-406478,177,0.056666
14,KACTL,177,1.083923
14,393435,178,0.089327
14,ours-406478,178,0.056526
14,KACTL,178,1.085296
14,simd-v0,178,0.119424
14,ours-406478,179,0.057007
14,KACTL,179,1.081659
14,simd-v0,179,0.119234
14,393435,179,0.089557
14,KACTL,180,1.076689
14,simd-v0,180,0.119355
14,393435,180,0.089377
14,ours-406478,180,0.056466
14,simd-v0,181,0.130304
14,393435,181,0.089127
14,ours-406478,181,0.056626
14,KACTL,181,1.082119
14,393435,182,0.089037
14,ours-406478,182,0.056446
14,KACTL,182,1.073994
14,simd-v0,182,0.119224
14,ours-406478,183,0.056787
14,KACTL,183,1.083262
14,simd-v0,183,0.119404
14,393435,183,0.099797
14,KACTL,184,1.073834
14,simd-v0,184,0.119394
14,393435,184,0.089578
14,ours-406478,184,0.057468
14,simd-v0,185,0.119364
14,393435,185,0.089358
14,ours-406478,185,0.056566
14,KACTL,185,1.082580
14,393435,186,0.089177
14,ours-406478,186,0.056546
14,KACTL,186,1.083031
14,simd-v0,186,0.119364
14,ours-406478,187,0.056536
14,KACTL,187,1.086678
14,simd-v0,187,0.120175
14,393435,187,0.089358
14,KACTL,188,1.076128
14,simd-v0,188,0.119524
14,393435,188,0.088876
14,ours-406478,188,0.056807
14,simd-v0,189,0.129774
14,393435,189,0.089348
14,ours-406478,189,0.056556
14,KACTL,189,1.085837
14,393435,190,0.089067
14,ours-406478,190,0.056767
14,KACTL,190,1.074886
14,simd-v0,190,0.119334
14,ours-406478,191,0.056577
14,KACTL,191,1.081208
14,simd-v0,191,0.119243
14,393435,191,0.100498
14,KACTL,192,1.075116
14,simd-v0,192,0.119284
14,393435,192,0.089317
14,ours-406478,192,0.057588
14,simd-v0,193,0.120285
14,393435,193,0.089177
14,ours-406478,193,0.056597
14,KACTL,193,1.083532
14,393435,194,0.089889
14,ours-406478,194,0.056586
14,KACTL,194,1.088782
14,simd-v0,194,0.119635
14,ours-406478,195,0.056607
14,KACTL,195,1.083602
14,simd-v0,195,0.119173
14,393435,195,0.089327
14,KACTL,196,1.073965
14,simd-v0,196,0.119213
14,393435,196,0.088977
14,ours-406478,196,0.056817
14,simd-v0,197,0.130154
14,393435,197,0.089117
14,ours-406478,197,0.056606
14,KACTL,197,1.083051
14,393435,198,0.089228
14,ours-406478,198,0.056596
14,KACTL,198,1.074365
14,simd-v0,198,0.119293
14,ours-406478,199,0.056706
14,KACTL,199,1.084885
14,simd-v0,199,0.119173
14,393435,199,0.113302
14,KACTL,200,1.076950
14,simd-v0,200,0.119424
14,393435,200,0.089157
14,ours-406478,200,0.056606
14,simd-v0,201,0.119204
14,393435,201,0.089207
14,ours-406478,201,0.056566
14,KACTL,201,1.085235
14,393435,202,0.088767
14,ours-406478,202,0.056816
14,KACTL,202,1.073283
14,simd-v0,202,0.119274
14,ours-406478,203,0.056526
14,KACTL,203,1.084745
14,simd-v0,203,0.119975
14,393435,203,0.089358
14,KACTL,204,1.076799
14,simd-v0,204,0.119494
14,393435,204,0.089568
14,ours-406478,204,0.056717
14,simd-v0,205,0.130265
14,393435,205,0.089267
14,ours-406478,205,0.056586
14,KACTL,205,1.083943
14,393435,206,0.089327
14,ours-406478,206,0.056556
14,KACTL,206,1.073954
14,simd-v0,206,0.119283
14,ours-406478,207,0.056727
14,KACTL,207,1.083562
14,simd-v0,207,0.129202
14,393435,207,0.089217
14,KACTL,208,1.075176
14,simd-v0,208,0.119334
14,393435,208,0.089457
14,ours-406478,208,0.056626
14,simd-v0,209,0.119244
14,393435,209,0.089478
14,ours-406478,209,0.056596
14,KACTL,209,1.082731
14,393435,210,0.089367
14,ours-406478,210,0.066996
14,KACTL,210,1.074616
14,simd-v0,210,0.119224
14,ours-406478,211,0.056716
14,KACTL,211,1.083081
14,simd-v0,211,0.119695
14,393435,211,0.089809
14,KACTL,212,1.073493
14,simd-v0,212,0.119454
14,393435,212,0.089348
14,ours-406478,212,0.056626
14,simd-v0,213,0.135705
14,393435,213,0.089098
14,ours-406478,213,0.056576
14,KACTL,213,1.083472
14,393435,214,0.089929
14,ours-406478,214,0.056576
14,KACTL,214,1.073523
14,simd-v0,214,0.119233
14,ours-406478,215,0.056586
14,KACTL,215,1.082850
14,simd-v0,215,0.129653
14,393435,215,0.089277
14,KACTL,216,1.077611
14,simd-v0,216,0.119424
14,393435,216,0.090059
14,ours-406478,216,0.057047
14,simd-v0,217,0.119244
14,393435,217,0.089307
14,ours-406478,217,0.056596
14,KACTL,217,1.083281
14,393435,218,0.089067
14,ours-406478,218,0.067256
14,KACTL,218,1.075657
14,simd-v0,218,0.119224
14,ours-406478,219,0.056727
14,KACTL,219,1.081569
14,simd-v0,219,0.119294
14,393435,219,0.089437
14,KACTL,220,1.073193
14,simd-v0,220,0.119294
14,393435,220,0.089448
14,ours-406478,220,0.056696
14,simd-v0,221,0.129594
14,393435,221,0.089458
14,ours-406478,221,0.056656
14,KACTL,221,1.082580
14,393435,222,0.089638
14,ours-406478,222,0.056636
14,KACTL,222,1.073923
14,simd-v0,222,0.119213
14,ours-406478,223,0.056686
14,KACTL,223,1.085145
14,simd-v0,223,0.139151
14,393435,223,0.091782
14,KACTL,224,1.076859
14,simd-v0,224,0.119414
14,393435,224,0.089618
14,ours-406478,224,0.057307
14,simd-v0,225,0.119314
14,393435,225,0.089448
14,ours-406478,225,0.056566
14,KACTL,225,1.083051
14,393435,226,0.089358
14,ours-406478,226,0.067456
14,KACTL,226,1.074835
14,simd-v0,226,0.121478
14,ours-406478,227,0.056596
14,KACTL,227,1.082601
14,simd-v0,227,0.120085
14,393435,227,0.089267
14,KACTL,228,1.075147
14,simd-v0,228,0.119284
14,393435,228,0.089318
14,ours-406478,228,0.056656
14,simd-v0,229,0.119364
14,393435,229,0.089237
14,ours-406478,229,0.056626
14,KACTL,229,1.082120
14,393435,230,0.089217
14,ours-406478,230,0.056556
14,KACTL,230,1.075207
14,simd-v0,230,0.119253
14,ours-406478,231,0.059411
14,KACTL,231,1.081949
14,simd-v0,231,0.130084
14,393435,231,0.089027
14,KACTL,232,1.074936
14,simd-v0,232,0.119334
14,393435,232,0.089288
14,ours-406478,232,0.056727
14,simd-v0,233,0.119354
14,393435,233,0.089127
14,ours-406478,233,0.056556
14,KACTL,233,1.081038
14,393435,234,0.089839
14,ours-406478,234,0.066996
14,KACTL,234,1.074966
14,simd-v0,234,0.119403
14,ours-406478,235,0.056707
14,KACTL,235,1.082820
14,simd-v0,235,0.119995
14,393435,235,0.089107
14,KACTL,236,1.076298
14,simd-v0,236,0.119284
14,393435,236,0.089598
14,ours-406478,236,0.066785
14,simd-v0,237,0.119234
14,393435,237,0.089668
14,ours-406478,237,0.056617
14,KACTL,237,1.083822
14,393435,238,0.089418
14,ours-406478,238,0.057437
14,KACTL,238,1.079565
14,simd-v0,238,0.119324
14,ours-406478,239,0.056475
14,KACTL,239,1.082480
14,simd-v0,239,0.129223
14,393435,239,0.089368
14,KACTL,240,1.074716
14,simd-v0,240,0.119124
14,393435,240,0.089528
14,ours-406478,240,0.056586
14,simd-v0,241,0.119514
14,393435,241,0.088857
14,ours-406478,241,0.056406
14,KACTL,241,1.082620
14,393435,242,0.100028
14,ours-406478,242,0.056616
14,KACTL,242,1.073463
14,simd-v0,242,0.119143
14,ours-406478,243,0.056506
14,KACTL,243,1.082771
14,simd-v0,243,0.120135
14,393435,243,0.089107
14,KACTL,244,1.075316
14,simd-v0,244,0.119474
14,393435,244,0.089267
14,ours-406478,244,0.067116
14,simd-v0,245,0.119203
14,393435,245,0.089177
14,ours-406478,245,0.056576
14,KACTL,245,1.090465
14,393435,246,0.089258
14,ours-406478,246,0.056666
14,KACTL,246,1.075286
14,simd-v0,246,0.119264
14,ours-406478,247,0.056626
14,KACTL,247,1.082871
14,simd-v0,247,0.141205
14,393435,247,0.089368
14,KACTL,248,1.079334
14,simd-v0,248,0.119284
14,393435,248,0.089097
14,ours-406478,248,0.057338
14,simd-v0,249,0.119204
14,393435,249,0.088927
14,ours-406478,249,0.056546
14,KACTL,249,1.082601
14,393435,250,0.101330
14,ours-406478,250,0.056676
14,KACTL,250,1.075036
14,simd-v0,250,0.119223
14,ours-406478,251,0.056686
14,KACTL,251,1.082830
14,simd-v0,251,0.119374
14,393435,251,0.089158
14,KACTL,252,1.073323
14,simd-v0,252,0.119264
14,393435,252,0.089268
14,ours-406478,252,0.067246
14,simd-v0,253,0.119274
14,393435,253,0.089518
14,ours-406478,253,0.056586
14,KACTL,253,1.081578
14,393435,254,0.089357
14,ours-406478,254,0.057388
14,KACTL,254,1.073923
14,simd-v0,254,0.119253
14,ours-406478,255,0.056546
14,KACTL,255,1.082300
14,simd-v0,255,0.129523
14,393435,255,0.089498
14,KACTL,256,1.076680
14,simd-v0,256,0.119244
14,393435,256,0.088957
14,ours-406478,256,0.057548
14,simd-v0,257,0.119063
14,393435,257,0.089047
14,ours-406478,257,0.056606
14,KACTL,257,1.131162
14,393435,258,0.127449
14,ours-406478,258,0.056576
14,KACTL,258,1.086678
14,simd-v0,258,0.119243
14,ours-406478,259,0.056616
14,KACTL,259,1.075878
14,simd-v0,259,0.119354
14,393435,259,0.089047
14,KACTL,260,1.083502
14,simd-v0,260,0.119354
14,393435,260,0.099898
14,ours-406478,260,0.056817
14,simd-v0,261,0.121949
14,393435,261,0.089167
14,ours-406478,261,0.056496
14,KACTL,261,1.075337
14,393435,262,0.089929
14,ours-406478,262,0.056626
14,KACTL,262,1.080316
14,simd-v0,262,0.119244
14,ours-406478,263,0.056606
14,KACTL,263,1.086017
14,simd-v0,263,0.119244
14,393435,263,0.089178
14,KACTL,264,1.083111
14,simd-v0,264,0.119324
14,393435,264,0.089397
14,ours-406478,264,0.056526
14,simd-v0,265,0.119173
14,393435,265,0.089137
14,ours-406478,265,0.056597
14,KACTL,265,1.084183
14,393435,266,0.089258
14,ours-406478,266,0.056536
14,KACTL,266,1.082741
14,simd-v0,266,0.119314
14,ours-406478,267,0.056796
14,KACTL,267,1.080667
14,simd-v0,267,0.119584
14,393435,267,0.089217
14,KACTL,268,1.080877
14,simd-v0,268,0.119253
14,393435,268,0.099657
14,ours-406478,268,0.056726
14,simd-v0,269,0.119224
14,393435,269,0.089057
14,ours-406478,269,0.056496
14,KACTL,269,1.074585
14,393435,270,0.090079
14,ours-406478,270,0.056576
14,KACTL,270,1.082009
14,simd-v0,270,0.119274
14,ours-406478,271,0.056616
14,KACTL,271,1.084814
14,simd-v0,271,0.119254
14,393435,271,0.089077
14,KACTL,272,1.085075
14,simd-v0,272,0.120175
14,393435,272,0.089027
14,ours-406478,272,0.056596
14,simd-v0,273,0.119304
14,393435,273,0.088656
14,ours-406478,273,0.056696
14,KACTL,273,1.083793
14,393435,274,0.089728
14,ours-406478,274,0.056606
14,KACTL,274,1.082850
14,simd-v0,274,0.119294
14,ours-406478,275,0.056786
14,KACTL,275,1.078933
14,simd-v0,275,0.119484
14,393435,275,0.089107
14,KACTL,276,1.080787
14,simd-v0,276,0.119314
14,393435,276,0.099607
14,ours-406478,276,0.056837
14,simd-v0,277,0.119194
14,393435,277,0.088907
14,ours-406478,277,0.068709
14,KACTL,277,1.091557
14,393435,278,0.096200
14,ours-406478,278,0.061435
14,KACTL,278,1.083061
14,simd-v0,278,0.119614
14,ours-406478,279,0.067206
14,KACTL,279,1.075097
14,simd-v0,279,0.119214
14,393435,279,0.089117
14,KACTL,280,1.081919
14,simd-v0,280,0.119204
14,393435,280,0.090230
14,ours-406478,280,0.056576
14,simd-v0,281,0.119183
14,393435,281,0.089097
14,ours-406478,281,0.056616
14,KACTL,281,1.101486
14,393435,282,0.089057
14,ours-406478,282,0.057017
14,KACTL,282,1.084203
14,simd-v0,282,0.119333
14,ours-406478,283,0.056426
14,KACTL,283,1.074365
14,simd-v0,283,0.119244
14,393435,283,0.089067
14,KACTL,284,1.082410
14,simd-v0,284,0.129212
14,393435,284,0.089167
14,ours-406478,284,0.056506
14,simd-v0,285,0.119284
14,393435,285,0.088987
14,ours-406478,285,0.064932
14,KACTL,285,1.076509
14,393435,286,0.090159
14,ours-406478,286,0.056616
14,KACTL,286,1.080687
14,simd-v0,286,0.119304
14,ours-406478,287,0.056646
14,KACTL,287,1.073433
14,simd-v0,287,0.119204
14,393435,287,0.088566
14,KACTL,288,1.080897
14,simd-v0,288,0.119073
14,393435,288,0.090079
14,ours-406478,288,0.056606
14,simd-v0,289,0.122420
14,393435,289,0.088847
14,ours-406478,289,0.067627
14,KACTL,289,1.073613
14,393435,290,0.089277
14,ours-406478,290,0.056536
14,KACTL,290,1.082340
14,simd-v0,290,0.119314
14,ours-406478,291,0.056616
14,KACTL,291,1.075828
14,simd-v0,291,0.119323
14,393435,291,0.089198
14,KACTL,292,1.080356
14,simd-v0,292,0.129393
14,393435,292,0.089358
14,ours-406478,292,0.056497
14,simd-v0,293,0.119324
14,393435,293,0.089068
14,ours-406478,293,0.056516
14,KACTL,293,1.074636
14,393435,294,0.089637
14,ours-406478,294,0.056496
14,KACTL,294,1.081428
14,simd-v0,294,0.120727
14,ours-406478,295,0.067587
14,KACTL,295,1.075056
14,simd-v0,295,0.119294
14,393435,295,0.089358
14,KACTL,296,1.083682
14,simd-v0,296,0.119214
14,393435,296,0.089287
14,ours-406478,296,0.056546
14,simd-v0,297,0.119223
14,393435,297,0.089528
14,ours-406478,297,0.066995
14,KACTL,297,1.073734
14,393435,298,0.089388
14,ours-406478,298,0.056496
14,KACTL,298,1.082220
14,simd-v0,298,0.119344
14,ours-406478,299,0.056586
14,KACTL,299,1.075236
14,simd-v0,299,0.119324
14,393435,299,0.089097
14,KACTL,300,1.081187
14,simd-v0,300,0.129302
14,393435,300,0.089539
14,ours-406478,300,0.056726
14,simd-v0,301,0.119253
14,393435,301,0.089267
14,ours-406478,301,0.056555
14,KACTL,301,1.075347
14,393435,302,0.089968
14,ours-406478,302,0.056575
14,KACTL,302,1.079644
14,simd-v0,302,0.119243
14,ours-406478,303,0.066946
14,KACTL,303,1.094032
14,simd-v0,303,0.119023
14,393435,303,0.088776
14,KACTL,304,1.085947
14,simd-v0,304,0.119334
14,393435,304,0.089017
14,ours-406478,304,0.056566
14,simd-v0,305,0.119284
14,393435,305,0.089137
14,ours-406478,305,0.067166
14,KACTL,305,1.086067
14,393435,306,0.089137
14,ours-406478,306,0.056586
14,KACTL,306,1.084774
14,simd-v0,306,0.119194
14,ours-406478,307,0.056646
14,KACTL,307,1.075156
14,simd-v0,307,0.119114
14,393435,307,0.089097
14,KACTL,308,1.080657
14,simd-v0,308,0.129593
14,393435,308,0.089037
14,ours-406478,308,0.056707
14,simd-v0,309,0.119233
14,393435,309,0.089117
14,ours-406478,309,0.056606
14,KACTL,309,1.076710
14,393435,310,0.089007
14,ours-406478,310,0.056547
14,KACTL,310,1.083002
14,simd-v0,310,0.119113
14,ours-406478,311,0.067177
14,KACTL,311,1.074004
14,simd-v0,311,0.119333
14,393435,311,0.089017
14,KACTL,312,1.080767
14,simd-v0,312,0.119354
14,393435,312,0.089127
14,ours-406478,312,0.056496
14,simd-v0,313,0.119283
14,393435,313,0.089197
14,ours-406478,313,0.067025
14,KACTL,313,1.075046
14,393435,314,0.089208
14,ours-406478,314,0.056506
14,KACTL,314,1.083301
14,simd-v0,314,0.119444
14,ours-406478,315,0.056636
14,KACTL,315,1.073293
14,simd-v0,315,0.120125
14,393435,315,0.088977
14,KACTL,316,1.081798
14,simd-v0,316,0.129984
14,393435,316,0.088766
14,ours-406478,316,0.058069
14,simd-v0,317,0.119374
14,393435,317,0.089518
14,ours-406478,317,0.056586
14,KACTL,317,1.076298
14,393435,318,0.089177
14,ours-406478,318,0.056726
14,KACTL,318,1.087469
14,simd-v0,318,0.119414
14,ours-406478,319,0.067286
14,KACTL,319,1.075527
14,simd-v0,319,0.119344
14,393435,319,0.089318
14,KACTL,320,1.122215
14,simd-v0,320,0.119353
14,393435,320,0.089658
14,ours-406478,320,0.056797
14,simd-v0,321,0.119314
14,393435,321,0.100137
14,ours-406478,321,0.056686
14,KACTL,321,1.075036
14,393435,322,0.089138
14,ours-406478,322,0.056686
14,KACTL,322,1.081519
14,simd-v0,322,0.119495
14,ours-406478,323,0.056586
14,KACTL,323,1.074505
14,simd-v0,323,0.120025
14,393435,323,0.089368
14,KACTL,324,1.125461
14,simd-v0,324,0.119485
14,393435,324,0.089428
14,ours-406478,324,0.056816
14,simd-v0,325,0.119214
14,393435,325,0.089097
14,ours-406478,325,0.056556
14,KACTL,325,1.080306
14,393435,326,0.089097
14,ours-406478,326,0.056617
14,KACTL,326,1.082049
14,simd-v0,326,0.136667
14,ours-406478,327,0.057327
14,KACTL,327,1.076259
14,simd-v0,327,0.119264
14,393435,327,0.089187
14,KACTL,328,1.081258
14,simd-v0,328,0.119354
14,393435,328,0.088996
14,ours-406478,328,0.056627
14,simd-v0,329,0.119274
14,393435,329,0.099447
14,ours-406478,329,0.056636
14,KACTL,329,1.083973
14,393435,330,0.089257
14,ours-406478,330,0.056606
14,KACTL,330,1.117636
14,simd-v0,330,0.119293
14,ours-406478,331,0.056856
14,KACTL,331,1.076359
14,simd-v0,331,0.119123
14,393435,331,0.099737
14,KACTL,332,1.098871
14,simd-v0,332,0.119314
14,393435,332,0.089248
14,ours-406478,332,0.056646
14,simd-v0,333,0.119253
14,393435,333,0.089377
14,ours-406478,333,0.057438
14,KACTL,333,1.076058
14,393435,334,0.088937
14,ours-406478,334,0.056496
14,KACTL,334,1.090716
14,simd-v0,334,0.119214
14,ours-406478,335,0.056696
14,KACTL,335,1.076018
14,simd-v0,335,0.119324
14,393435,335,0.089157
14,KACTL,336,1.080987
14,simd-v0,336,0.120346
14,393435,336,0.089478
14,ours-406478,336,0.056606
14,simd-v0,337,0.129894
14,393435,337,0.089058
14,ours-406478,337,0.056557
14,KACTL,337,1.075036
14,393435,338,0.089478
14,ours-406478,338,0.056606
14,KACTL,338,1.082190
14,simd-v0,338,0.119353
14,ours-406478,339,0.057488
14,KACTL,339,1.089684
14,simd-v0,339,0.131186
14,393435,339,0.108063
14,KACTL,340,1.093050
14,simd-v0,340,0.119534
14,393435,340,0.088906
14,ours-406478,340,0.057147
14,simd-v0,341,0.119264
14,393435,341,0.089147
14,ours-406478,341,0.056616
14,KACTL,341,1.089754
14,393435,342,0.106850
14,ours-406478,342,0.070252
14,KACTL,342,1.082320
14,simd-v0,342,0.119614
14,ours-406478,343,0.056506
14,KACTL,343,1.075637
14,simd-v0,343,0.119344
14,393435,343,0.089278
14,KACTL,344,1.081919
14,simd-v0,344,0.119454
14,393435,344,0.089188
14,ours-406478,344,0.067446
14,simd-v0,345,0.119283
14,393435,345,0.089147
14,ours-406478,345,0.056526
14,KACTL,345,1.076318
14,393435,346,0.089207
14,ours-406478,346,0.056586
14,KACTL,346,1.081248
14,simd-v0,346,0.119264
14,ours-406478,347,0.061154
14,KACTL,347,1.076319
14,simd-v0,347,0.129644
14,393435,347,0.089297
14,KACTL,348,1.080136
14,simd-v0,348,0.119334
14,393435,348,0.089047
14,ours-406478,348,0.056546
14,simd-v0,349,0.119293
14,393435,349,0.089147
14,ours-406478,349,0.056687
14,KACTL,349,1.075767
14,393435,350,0.088937
14,ours-406478,350,0.078036
14,KACTL,350,1.083583
14,simd-v0,350,0.119274
14,ours-406478,351,0.056707
14,KACTL,351,1.076279
14,simd-v0,351,0.119063
14,393435,351,0.089257
14,KACTL,352,1.080396
14,simd-v0,352,0.119996
14,393435,352,0.089408
14,ours-406478,352,0.066995
14,simd-v0,353,0.119264
14,393435,353,0.089098
14,ours-406478,353,0.056446
14,KACTL,353,1.075126
14,393435,354,0.089067
14,ours-406478,354,0.056526
14,KACTL,354,1.084554
14,simd-v0,354,0.119163
14,ours-406478,355,0.056475
14,KACTL,355,1.075156
14,simd-v0,355,0.129373
14,393435,355,0.089268
14,KACTL,356,1.082159
14,simd-v0,356,0.119194
14,393435,356,0.089067
14,ours-406478,356,0.056556
14,simd-v0,357,0.119314
14,393435,357,0.089247
14,ours-406478,357,0.057457
14,KACTL,357,1.074676
14,393435,358,0.089367
14,ours-406478,358,0.067437
14,KACTL,358,1.079705
14,simd-v0,358,0.119104
14,ours-406478,359,0.056616
14,KACTL,359,1.075226
14,simd-v0,359,0.119173
14,393435,359,0.088717
14,KACTL,360,1.080266
14,simd-v0,360,0.120056
14,393435,360,0.088957
14,ours-406478,360,0.071835
14,simd-v0,361,0.119283
14,393435,361,0.089147
14,ours-406478,361,0.056556
14,KACTL,361,1.078193
14,393435,362,0.089487
14,ours-406478,362,0.056666
14,KACTL,362,1.083482
14,simd-v0,362,0.123531
14,ours-406478,363,0.057378
14,KACTL,363,1.075186
14,simd-v0,363,0.142587
14,393435,363,0.089287
14,KACTL,364,1.082871
14,simd-v0,364,0.119354
14,393435,364,0.088737
14,ours-406478,364,0.056535
14,simd-v0,365,0.119193
14,393435,365,0.089287
14,ours-406478,365,0.056586
14,KACTL,365,1.076519
14,393435,366,0.099447
14,ours-406478,366,0.056616
14,KACTL,366,1.081128
14,simd-v0,366,0.119244
14,ours-406478,367,0.056506
14,KACTL,367,1.075617
14,simd-v0,367,0.119253
14,393435,367,0.089047
14,KACTL,368,1.083020
14,simd-v0,368,0.120025
14,393435,368,0.099787
14,ours-406478,368,0.057157
14,simd-v0,369,0.119244
14,393435,369,0.089037
14,ours-406478,369,0.056636
14,KACTL,369,1.109341
14,393435,370,0.089437
14,ours-406478,370,0.056967
14,KACTL,370,1.083472
14,simd-v0,370,0.120517
14,ours-406478,371,0.056706
14,KACTL,371,1.085035
14,simd-v0,371,0.119284
14,393435,371,0.089257
14,KACTL,372,1.081418
14,simd-v0,372,0.119124
14,393435,372,0.088896
14,ours-406478,372,0.056626
14,simd-v0,373,0.119304
14,393435,373,0.089978
14,ours-406478,373,0.056586
14,KACTL,373,1.074575
14,393435,374,0.098975
14,ours-406478,374,0.056987
14,KACTL,374,1.079885
14,simd-v0,374,0.119223
14,ours-406478,375,0.056566
14,KACTL,375,1.075687
14,simd-v0,375,0.119254
14,393435,375,0.089167
14,KACTL,376,1.084625
14,simd-v0,376,0.120025
14,393435,376,0.099627
14,ours-406478,376,0.056696
14,simd-v0,377,0.119213
14,393435,377,0.089408
14,ours-406478,377,0.057197
14,KACTL,377,1.076369
14,393435,378,0.088746
14,ours-406478,378,0.056626
14,KACTL,378,1.081118
14,simd-v0,378,0.120056
14,ours-406478,379,0.056596
14,KACTL,379,1.083943
14,simd-v0,379,0.119194
14,393435,379,0.089539
14,KACTL,380,1.081808
14,simd-v0,380,0.119294
14,393435,380,0.089157
14,ours-406478,380,0.056566
14,simd-v0,381,0.119264
14,393435,381,0.089087
14,ours-406478,381,0.056516
14,KACTL,381,1.108408
14,393435,382,0.089829
14,ours-406478,382,0.056736
14,KACTL,382,1.081779
14,simd-v0,382,0.119654
14,ours-406478,383,0.056676
14,KACTL,383,1.079715
14,simd-v0,383,0.119244
14,393435,383,0.089258
14,KACTL,384,1.081970
14,simd-v0,384,0.119274
14,393435,384,0.100098
14,ours-406478,384,0.056806
14,simd-v0,385,0.119243
14,393435,385,0.089258
14,ours-406478,385,0.056646
14,KACTL,385,1.075277
14,393435,386,0.089107
14,ours-406478,386,0.056606
14,KACTL,386,1.080956
14,simd-v0,386,0.119193
14,ours-406478,387,0.056706
14,KACTL,387,1.100133
14,simd-v0,387,0.119314
14,393435,387,0.089237
14,KACTL,388,1.081709
14,simd-v0,388,0.119364
14,393435,388,0.089498
14,ours-406478,388,0.056686
14,simd-v0,389,0.119264
14,393435,389,0.089228
14,ours-406478,389,0.056596
14,KACTL,389,1.095284
14,393435,390,0.089358
14,ours-406478,390,0.056556
14,KACTL,390,1.084303
14,simd-v0,390,0.119203
14,ours-406478,391,0.056767
14,KACTL,391,1.075847
14,simd-v0,391,0.119304
14,393435,391,0.089157
14,KACTL,392,1.081819
14,simd-v0,392,0.130284
14,393435,392,0.089357
14,ours-406478,392,0.056566
14,simd-v0,393,0.119243
14,393435,393,0.089278
14,ours-406478,393,0.056636
14,KACTL,393,1.074635
14,393435,394,0.089277
14,ours-406478,394,0.056506
14,KACTL,394,1.080837
14,simd-v0,394,0.119313
14,ours-406478,395,0.056617
14,KACTL,395,1.088711
14,simd-v0,395,0.119234
14,393435,395,0.089037
14,KACTL,396,1.091848
14,simd-v0,396,0.119244
14,393435,396,0.089238
14,ours-406478,396,0.056586
14,simd-v0,397,0.119204
14,393435,397,0.088847
14,ours-406478,397,0.056637
14,KACTL,397,1.087519
14,393435,398,0.089238
14,ours-406478,398,0.056686
14,KACTL,398,1.082541
14,simd-v0,398,0.119464
14,ours-406478,399,0.056717
14,KACTL,399,1.074024
14,simd-v0,399,0.119163
14,393435,399,0.088947
14,KACTL,400,1.080086
14,simd-v0,400,0.129272
14,393435,400,0.089298
14,ours-406478,400,0.056526
14,simd-v0,401,0.119384
14,393435,401,0.089347
14,ours-406478,401,0.056526
14,KACTL,401,1.075758
14,393435,402,0.089158
14,ours-406478,402,0.056646
14,KACTL,402,1.080977
14,simd-v0,402,0.119333
14,ours-406478,403,0.057488
14,KACTL,403,1.084604
14,simd-v0,403,0.119444
14,393435,403,0.089078
14,KACTL,404,1.080706
14,simd-v0,404,0.119203
14,393435,404,0.089558
14,ours-406478,404,0.056686
14,simd-v0,405,0.119324
14,393435,405,0.092173
14,ours-406478,405,0.056647
14,KACTL,405,1.085776
14,393435,406,0.089568
14,ours-406478,406,0.056475
14,KACTL,406,1.081188
14,simd-v0,406,0.119284
14,ours-406478,407,0.056516
14,KACTL,407,1.075166
14,simd-v0,407,0.119304
14,393435,407,0.089147
14,KACTL,408,1.081098
14,simd-v0,408,0.120125
14,393435,408,0.089317
14,ours-406478,408,0.056667
14,simd-v0,409,0.119173
14,393435,409,0.091632
14,ours-406478,409,0.056566
14,KACTL,409,1.076087
14,393435,410,0.088806
14,ours-406478,410,0.056666
14,KACTL,410,1.081608
14,simd-v0,410,0.122449
14,ours-406478,411,0.069290
14,KACTL,411,1.090545
14,simd-v0,411,0.119284
14,393435,411,0.089278
14,KACTL,412,1.083301
14,simd-v0,412,0.119173
14,393435,412,0.088877
14,ours-406478,412,0.057478
14,simd-v0,413,0.119344
14,393435,413,0.089227
14,ours-406478,413,0.057338
14,KACTL,413,1.073433
14,393435,414,0.089317
14,ours-406478,414,0.056626
14,KACTL,414,1.081859
14,simd-v0,414,0.119374
14,ours-406478,415,0.056526
14,KACTL,415,1.075387
14,simd-v0,415,0.119334
14,393435,415,0.089798
14,KACTL,416,1.081628
14,simd-v0,416,0.130205
14,393435,416,0.089528
14,ours-406478,416,0.056676
14,simd-v0,417,0.119303
14,393435,417,0.089148
14,ours-406478,417,0.056556
14,KACTL,417,1.074275
14,393435,418,0.088937
14,ours-406478,418,0.056646
14,KACTL,418,1.081749
14,simd-v0,418,0.119283
14,ours-406478,419,0.066776
14,KACTL,419,1.076479
14,simd-v0,419,0.120145
14,393435,419,0.089107
14,KACTL,420,1.080726
14,simd-v0,420,0.119153
14,393435,420,0.089167
14,ours-406478,420,0.056796
14,simd-v0,421,0.119333
14,393435,421,0.089177
14,ours-406478,421,0.056627
14,KACTL,421,1.086287
14,393435,422,0.089608
14,ours-406478,422,0.056657
14,KACTL,422,1.080116
14,simd-v0,422,0.120116
14,ours-406478,423,0.056566
14,KACTL,423,1.074475
14,simd-v0,423,0.119243
14,393435,423,0.089056
14,KACTL,424,1.081579
14,simd-v0,424,0.129352
14,393435,424,0.089438
14,ours-406478,424,0.056687
14,simd-v0,425,0.119133
14,393435,425,0.089098
14,ours-406478,425,0.056486
14,KACTL,425,1.076269
14,393435,426,0.089137
14,ours-406478,426,0.056566
14,KACTL,426,1.085245
14,simd-v0,426,0.119273
14,ours-406478,427,0.067767
14,KACTL,427,1.075607
14,simd-v0,427,0.119343
14,393435,427,0.089318
14,KACTL,428,1.080657
14,simd-v0,428,0.119464
14,393435,428,0.089708
14,ours-406478,428,0.056506
14,simd-v0,429,0.119253
14,393435,429,0.089207
14,ours-406478,429,0.056536
14,KACTL,429,1.082039
14,393435,430,0.088686
14,ours-406478,430,0.056526
14,KACTL,430,1.080838
14,simd-v0,430,0.119274
14,ours-406478,431,0.056576
14,KACTL,431,1.076008
14,simd-v0,431,0.119204
14,393435,431,0.089398
14,KACTL,432,1.083522
14,simd-v0,432,0.130335
14,393435,432,0.089367
14,ours-406478,432,0.056656
14,simd-v0,433,0.119384
14,393435,433,0.089277
14,ours-406478,433,0.056506
14,KACTL,433,1.074595
14,393435,434,0.089468
14,ours-406478,434,0.056647
14,KACTL,434,1.084304
14,simd-v0,434,0.119333
14,ours-406478,435,0.057428
14,KACTL,435,1.099773
14,simd-v0,435,0.119304
14,393435,435,0.089358
14,KACTL,436,1.082270
14,simd-v0,436,0.119113
14,393435,436,0.089047
14,ours-406478,436,0.056566
14,simd-v0,437,0.119234
14,393435,437,0.089357
14,ours-406478,437,0.056526
14,KACTL,437,1.083412
14,393435,438,0.089648
14,ours-406478,438,0.056476
14,KACTL,438,1.080917
14,simd-v0,438,0.119223
14,ours-406478,439,0.056526
14,KACTL,439,1.074094
14,simd-v0,439,0.119475
14,393435,439,0.089257
14,KACTL,440,1.081568
14,simd-v0,440,0.129973
14,393435,440,0.089358
14,ours-406478,440,0.056666
14,simd-v0,441,0.119213
14,393435,441,0.089257
14,ours-406478,441,0.056597
14,KACTL,441,1.083542
14,393435,442,0.089177
14,ours-406478,442,0.056626
14,KACTL,442,1.085987
14,simd-v0,442,0.119363
14,ours-406478,443,0.091892
14,KACTL,443,1.073563
14,simd-v0,443,0.119224
14,393435,443,0.089027
14,KACTL,444,1.081498
14,simd-v0,444,0.119174
14,393435,444,0.089227
14,ours-406478,444,0.056697
14,simd-v0,445,0.119224
14,393435,445,0.089638
14,ours-406478,445,0.067076
14,KACTL,445,1.073463
14,393435,446,0.089778
14,ours-406478,446,0.056546
14,KACTL,446,1.082019
14,simd-v0,446,0.119404
14,ours-406478,447,0.056596
14,KACTL,447,1.075177
14,simd-v0,447,0.119193
14,393435,447,0.089248
14,KACTL,448,1.082790
14,simd-v0,448,0.130224
14,393435,448,0.089327
14,ours-406478,448,0.056666
14,simd-v0,449,0.119284
14,393435,449,0.089187
14,ours-406478,449,0.056556
14,KACTL,449,1.075447
14,393435,450,0.089548
14,ours-406478,450,0.056506
14,KACTL,450,1.080436
14,simd-v0,450,0.119374
14,ours-406478,451,0.067186
14,KACTL,451,1.074895
14,simd-v0,451,0.119254
14,393435,451,0.089227
14,KACTL,452,1.081218
14,simd-v0,452,0.119184
14,393435,452,0.088927
14,ours-406478,452,0.056566
14,simd-v0,453,0.119063
14,393435,453,0.088807
14,ours-406478,453,0.067616
14,KACTL,453,1.075968
14,393435,454,0.089819
14,ours-406478,454,0.056637
14,KACTL,454,1.137644
14,simd-v0,454,0.119474
14,ours-406478,455,0.057097
14,KACTL,455,1.093020
14,simd-v0,455,0.122249
14,393435,455,0.102302
14,KACTL,456,1.113208
14,simd-v0,456,0.119253
14,393435,456,0.089337
14,ours-406478,456,0.056756
14,simd-v0,457,0.119123
14,393435,457,0.089337
14,ours-406478,457,0.056676
14,KACTL,457,1.091366
14,393435,458,0.089318
14,ours-406478,458,0.056627
14,KACTL,458,1.089042
14,simd-v0,458,0.120526
14,ours-406478,459,0.056576
14,KACTL,459,1.087729
14,simd-v0,459,0.119344
14,393435,459,0.089297
14,KACTL,460,1.101155
14,simd-v0,460,0.119234
14,393435,460,0.089268
14,ours-406478,460,0.056656
14,simd-v0,461,0.139421
14,393435,461,0.088917
14,ours-406478,461,0.056606
14,KACTL,461,1.083502
14,393435,462,0.089298
14,ours-406478,462,0.056576
14,KACTL,462,1.089353
14,simd-v0,462,0.119083
14,ours-406478,463,0.056706
14,KACTL,463,1.086538
14,simd-v0,463,0.119353
14,393435,463,0.107793
14,KACTL,464,1.092569
14,simd-v0,464,0.119404
14,393435,464,0.089167
14,ours-406478,464,0.056666
14,simd-v0,465,0.119183
14,393435,465,0.089047
14,ours-406478,465,0.056536
14,KACTL,465,1.083141
14,393435,466,0.089006
14,ours-406478,466,0.073638
14,KACTL,466,1.087960
14,simd-v0,466,0.119324
14,ours-406478,467,0.056636
14,KACTL,467,1.088792
14,simd-v0,467,0.119584
14,393435,467,0.089328
14,KACTL,468,1.087740
14,simd-v0,468,0.119154
14,393435,468,0.089147
14,ours-406478,468,0.073538
14,simd-v0,469,0.122059
14,393435,469,0.089527
14,ours-406478,469,0.056576
14,KACTL,469,1.074836
14,393435,470,0.089007
14,ours-406478,470,0.056516
14,KACTL,470,1.083141
14,simd-v0,470,0.119213
14,ours-406478,471,0.056606
14,KACTL,471,1.076229
14,simd-v0,471,0.129643
14,393435,471,0.088837
14,KACTL,472,1.081558
14,simd-v0,472,0.119214
14,393435,472,0.089117
14,ours-406478,472,0.056676
14,simd-v0,473,0.119554
14,393435,473,0.089538
14,ours-406478,473,0.056516
14,KACTL,473,1.076970
14,393435,474,0.089187
14,ours-406478,474,0.067376
14,KACTL,474,1.080907
14,simd-v0,474,0.119343
14,ours-406478,475,0.056717
14,KACTL,475,1.076249
14,simd-v0,475,0.119223
14,393435,475,0.089187
14,KACTL,476,1.084814
14,simd-v0,476,0.119373
14,393435,476,0.089147
14,ours-406478,476,0.067156
14,simd-v0,477,0.119584
14,393435,477,0.089218
14,ours-406478,477,0.056496
14,KACTL,477,1.090304
14,393435,478,0.089387
14,ours-406478,478,0.056646
14,KACTL,478,1.084043
14,simd-v0,478,0.119183
14,ours-406478,479,0.056526
14,KACTL,479,1.075597
14,simd-v0,479,0.129643
14,393435,479,0.089108
14,KACTL,480,1.080105
14,simd-v0,480,0.119334
14,393435,480,0.089027
14,ours-406478,480,0.056546
14,simd-v0,481,0.119264
14,393435,481,0.089378
14,ours-406478,481,0.056606
14,KACTL,481,1.074815
14,393435,482,0.089278
14,ours-406478,482,0.056606
14,KACTL,482,1.083342
14,simd-v0,482,0.119154
14,ours-406478,483,0.056696
14,KACTL,483,1.086778
14,simd-v0,483,0.119384
14,393435,483,0.089327
14,KACTL,484,1.082670
14,simd-v0,484,0.122439
14,393435,484,0.089398
14,ours-406478,484,0.067086
14,simd-v0,485,0.119323
14,393435,485,0.089087
14,ours-406478,485,0.056606
14,KACTL,485,1.078272
14,393435,486,0.089197
14,ours-406478,486,0.056586
14,KACTL,486,1.079866
14,simd-v0,486,0.119414
14,ours-406478,487,0.056516
14,KACTL,487,1.077771
14,simd-v0,487,0.129593
14,393435,487,0.089218
14,KACTL,488,1.080216
14,simd-v0,488,0.119324
14,393435,488,0.088978
14,ours-406478,488,0.056606
14,simd-v0,489,0.119234
14,393435,489,0.089277
14,ours-406478,489,0.056486
14,KACTL,489,1.109490
14,393435,490,0.101299
14,ours-406478,490,0.056857
14,KACTL,490,1.081068
14,simd-v0,490,0.119434
14,ours-406478,491,0.056716
14,KACTL,491,1.076389
14,simd-v0,491,0.119274
14,393435,491,0.089237
14,KACTL,492,1.083933
14,simd-v0,492,0.119133
14,393435,492,0.099447
14,ours-406478,492,0.056877
14,simd-v0,493,0.119273
14,393435,493,0.089067
14,ours-406478,493,0.056616
14,KACTL,493,1.075296
14,393435,494,0.089138
14,ours-406478,494,0.056596
14,KACTL,494,1.083371
14,simd-v0,494,0.119153
14,ours-406478,495,0.056706
14,KACTL,495,1.083121
14,simd-v0,495,0.119284
14,393435,495,0.089648
14,KACTL,496,1.080126
14,simd-v0,496,0.119704
14,393435,496,0.089267
14,ours-406478,496,0.056576
14,simd-v0,497,0.119264
14,393435,497,0.089287
14,ours-406478,497,0.056756
14,KACTL,497,1.076118
14,393435,498,0.099467
14,ours-406478,498,0.056646
14,KACTL,498,1.080947
14,simd-v0,498,0.119334
14,ours-406478,499,0.056596
14,KACTL,499,1.081288
14,simd-v0,499,0.119484
14,393435,499,0.089368
14,KACTL,500,1.084635
14,simd-v0,500,0.119985
14,393435,500,0.099767
14,ours-406478,500,0.056697
14,simd-v0,501,0.119274
14,393435,501,0.088926
14,ours-406478,501,0.056546
14,KACTL,501,1.079324
14,393435,502,0.089147
14,ours-406478,502,0.056587
14,KACTL,502,1.082210
14,simd-v0,502,0.119314
14,ours-406478,503,0.056636
14,KACTL,503,1.083962
14,simd-v0,503,0.119484
14,393435,503,0.089047
14,KACTL,504,1.083582
14,simd-v0,504,0.119404
14,393435,504,0.089869
14,ours-406478,504,0.056627
14,simd-v0,505,0.119183
14,393435,505,0.088737
14,ours-406478,505,0.056616
14,KACTL,505,1.082219
14,393435,506,0.089818
14,ours-406478,506,0.056756
14,KACTL,506,1.083892
14,simd-v0,506,0.119223
14,ours-406478,507,0.056667
14,KACTL,507,1.088010
14,simd-v0,507,0.119434
14,393435,507,0.089728
14,KACTL,508,1.083231
14,simd-v0,508,0.129514
14,393435,508,0.089067
14,ours-406478,508,0.056677
14,simd-v0,509,0.120105
14,393435,509,0.089328
14,ours-406478,509,0.056556
14,KACTL,509,1.076909
14,393435,510,0.089178
14,ours-406478,510,0.056676
14,KACTL,510,1.080847
14,simd-v0,510,0.119395
14,ours-406478,511,0.056636
14,KACTL,511,1.086047
14,simd-v0,511,0.139722
14,393435,511,0.093485
14,KACTL,512,1.088902
14,simd-v0,512,0.119284
14,393435,512,0.089197
14,ours-406478,512,0.056936
14,simd-v0,513,0.119364
14,393435,513,0.089127
14,ours-406478,513,0.068018
14,KACTL,513,1.078492
14,393435,514,0.089087
14,ours-406478,514,0.056595
14,KACTL,514,1.080797
14,simd-v0,514,0.119184
14,ours-406478,515,0.056616
14,KACTL,515,1.074596
14,simd-v0,515,0.119114
14,393435,515,0.089568
14,KACTL,516,1.078783
14,simd-v0,516,0.129653
14,393435,516,0.089007
14,ours-406478,516,0.056556
14,simd-v0,517,0.119174
14,393435,517,0.089327
14,ours-406478,517,0.056586
14,KACTL,517,1.076479
14,393435,518,0.090219
14,ours-406478,518,0.057167
14,KACTL,518,1.081328
14,simd-v0,518,0.119183
14,ours-406478,519,0.067176
14,KACTL,519,1.075346
14,simd-v0,519,0.120116
14,393435,519,0.088947
14,KACTL,520,1.112326
14,simd-v0,520,0.119424
14,393435,520,0.089709
14,ours-406478,520,0.056927
14,simd-v0,521,0.124414
14,393435,521,0.089198
14,ours-406478,521,0.056546
14,KACTL,521,1.076268
14,393435,522,0.089368
14,ours-406478,522,0.056626
14,KACTL,522,1.078994
14,simd-v0,522,0.119514
14,ours-406478,523,0.056747
14,KACTL,523,1.075066
14,simd-v0,523,0.119414
14,393435,523,0.089017
14,KACTL,524,1.081078
14,simd-v0,524,0.129403
14,393435,524,0.089518
14,ours-406478,524,0.056566
14,simd-v0,525,0.119303
14,393435,525,0.089057
14,ours-406478,525,0.056586
14,KACTL,525,1.074274
14,393435,526,0.089498
14,ours-406478,526,0.056626
14,KACTL,526,1.081017
14,simd-v0,526,0.130224
14,ours-406478,527,0.056656
14,KACTL,527,1.074686
14,simd-v0,527,0.120396
14,393435,527,0.088976
14,KACTL,528,1.082751
14,simd-v0,528,0.119334
14,393435,528,0.089197
14,ours-406478,528,0.056537
14,simd-v0,529,0.119424
14,393435,529,0.099897
14,ours-406478,529,0.056766
14,KACTL,529,1.074525
14,393435,530,0.089258
14,ours-406478,530,0.056586
14,KACTL,530,1.079114
14,simd-v0,530,0.119304
14,ours-406478,531,0.056637
14,KACTL,531,1.087179
14,simd-v0,531,0.119344
14,393435,531,0.089368
14,KACTL,532,1.094914
14,simd-v0,532,0.119985
14,393435,532,0.088998
14,ours-406478,532,0.056857
14,simd-v0,533,0.119254
14,393435,533,0.089087
14,ours-406478,533,0.056647
14,KACTL,533,1.074245
14,393435,534,0.089097
14,ours-406478,534,0.056587
14,KACTL,534,1.080616
14,simd-v0,534,0.131226
14,ours-406478,535,0.056686
14,KACTL,535,1.077440
14,simd-v0,535,0.119214
14,393435,535,0.088727
14,KACTL,536,1.080186
14,simd-v0,536,0.119273
14,393435,536,0.089268
14,ours-406478,536,0.056636
14,simd-v0,537,0.119124
14,393435,537,0.100489
14,ours-406478,537,0.056727
14,KACTL,537,1.074896
14,393435,538,0.089198
14,ours-406478,538,0.056616
14,KACTL,538,1.079324
14,simd-v0,538,0.119334
14,ours-406478,539,0.056647
14,KACTL,539,1.074324
14,simd-v0,539,0.119244
14,393435,539,0.089157
14,KACTL,540,1.089483
14,simd-v0,540,0.119214
14,393435,540,0.089277
14,ours-406478,540,0.056586
14,simd-v0,541,0.119174
14,393435,541,0.089348
14,ours-406478,541,0.056486
14,KACTL,541,1.073212
14,393435,542,0.089167
14,ours-406478,542,0.056636
14,KACTL,542,1.080386
14,simd-v0,542,0.129212
14,ours-406478,543,0.056646
14,KACTL,543,1.073995
14,simd-v0,543,0.119343
14,393435,543,0.089047
14,KACTL,544,1.080115
14,simd-v0,544,0.119214
14,393435,544,0.088957
14,ours-406478,544,0.056546
14,simd-v0,545,0.119233
14,393435,545,0.100819
14,ours-406478,545,0.056546
14,KACTL,545,1.074385
14,393435,546,0.089287
14,ours-406478,546,0.056466
14,KACTL,546,1.079324
14,simd-v0,546,0.119394
14,ours-406478,547,0.056747
14,KACTL,547,1.074515
14,simd-v0,547,0.119435
14,393435,547,0.089348
14,KACTL,548,1.108348
14,simd-v0,548,0.119625
14,393435,548,0.111178
14,ours-406478,548,0.061756
14,simd-v0,549,0.119324
14,393435,549,0.089268
14,ours-406478,549,0.056626
14,KACTL,549,1.077431
14,393435,550,0.089448
14,ours-406478,550,0.059602
14,KACTL,550,1.079674
14,simd-v0,550,0.129984
14,ours-406478,551,0.056576
14,KACTL,551,1.073513
14,simd-v0,551,0.119414
14,393435,551,0.089027
14,KACTL,552,1.079344
14,simd-v0,552,0.119234
14,393435,552,0.089318
14,ours-406478,552,0.056566
14,simd-v0,553,0.119284
14,393435,553,0.100488
14,ours-406478,553,0.056656
14,KACTL,553,1.073784
14,393435,554,0.089378
14,ours-406478,554,0.056656
14,KACTL,554,1.080286
14,simd-v0,554,0.119203
14,ours-406478,555,0.056666
14,KACTL,555,1.088462
14,simd-v0,555,0.119304
14,393435,555,0.089097
14,KACTL,556,1.090695
14,simd-v0,556,0.119213
14,393435,556,0.089438
14,ours-406478,556,0.057358
14,simd-v0,557,0.119214
14,393435,557,0.089267
14,ours-406478,557,0.056616
14,KACTL,557,1.078803
14,393435,558,0.089017
14,ours-406478,558,0.056526
14,KACTL,558,1.079194
14,simd-v0,558,0.129513
14,ours-406478,559,0.056667
14,KACTL,559,1.074505
14,simd-v0,559,0.119244
14,393435,559,0.089187
14,KACTL,560,1.078473
14,simd-v0,560,0.119254
14,393435,560,0.089368
14,ours-406478,560,0.056576
14,simd-v0,561,0.119284
14,393435,561,0.099918
14,ours-406478,561,0.056597
14,KACTL,561,1.073382
14,393435,562,0.089117
14,ours-406478,562,0.056517
14,KACTL,562,1.080255
14,simd-v0,562,0.119324
14,ours-406478,563,0.056586
14,KACTL,563,1.085225
14,simd-v0,563,0.119204
14,393435,563,0.089298
14,KACTL,564,1.091637
14,simd-v0,564,0.123111
14,393435,564,0.089168
14,ours-406478,564,0.056426
14,simd-v0,565,0.120115
14,393435,565,0.089157
14,ours-406478,565,0.056546
14,KACTL,565,1.075006
14,393435,566,0.090029
14,ours-406478,566,0.056817
14,KACTL,566,1.113969
14,simd-v0,566,0.119925
14,ours-406478,567,0.056707
14,KACTL,567,1.074395
14,simd-v0,567,0.119514
14,393435,567,0.089628
14,KACTL,568,1.080486
14,simd-v0,568,0.119314
14,393435,568,0.088947
14,ours-406478,568,0.056526
14,simd-v0,569,0.130715
14,393435,569,0.089227
14,ours-406478,569,0.056997
14,KACTL,569,1.074425
14,393435,570,0.089097
14,ours-406478,570,0.056516
14,KACTL,570,1.084143
14,simd-v0,570,0.119243
14,ours-406478,571,0.056637
14,KACTL,571,1.074876
14,simd-v0,571,0.122450
14,393435,571,0.099647
14,KACTL,572,1.078513
14,simd-v0,572,0.119444
14,393435,572,0.089007
14,ours-406478,572,0.057007
14,simd-v0,573,0.119473
14,393435,573,0.089358
14,ours-406478,573,0.056637
14,KACTL,573,1.074756
14,393435,574,0.088275
14,ours-406478,574,0.056657
14,KACTL,574,1.087750
14,simd-v0,574,0.119254
14,ours-406478,575,0.056617
14,KACTL,575,1.075246
14,simd-v0,575,0.120115
14,393435,575,0.088857
14,KACTL,576,1.079193
14,simd-v0,576,0.119223
14,393435,576,0.089077
14,ours-406478,576,0.056506
14,simd-v0,577,0.119223
14,393435,577,0.089087
14,ours-406478,577,0.056817
14,KACTL,577,1.074405
14,393435,578,0.089208
14,ours-406478,578,0.056616
14,KACTL,578,1.082220
14,simd-v0,578,0.119354
14,ours-406478,579,0.056556
14,KACTL,579,1.090435
14,simd-v0,579,0.119183
14,393435,579,0.100488
14,KACTL,580,1.078332
14,simd-v0,580,0.119374
14,393435,580,0.089488
14,ours-406478,580,0.056636
14,simd-v0,581,0.119324
14,393435,581,0.089107
14,ours-406478,581,0.056446
14,KACTL,581,1.076489
14,393435,582,0.089157
14,ours-406478,582,0.056687
14,KACTL,582,1.103970
14,simd-v0,582,0.119413
14,ours-406478,583,0.056527
14,KACTL,583,1.074144
14,simd-v0,583,0.120215
14,393435,583,0.089097
14,KACTL,584,1.079744
14,simd-v0,584,0.119334
14,393435,584,0.088986
14,ours-406478,584,0.056526
14,simd-v0,585,0.129993
14,393435,585,0.089137
14,ours-406478,585,0.056566
14,KACTL,585,1.074335
14,393435,586,0.089548
14,ours-406478,586,0.056546
14,KACTL,586,1.081679
14,simd-v0,586,0.119313
14,ours-406478,587,0.056526
14,KACTL,587,1.074455
14,simd-v0,587,0.119354
14,393435,587,0.099376
14,KACTL,588,1.080096
14,simd-v0,588,0.119324
14,393435,588,0.089347
14,ours-406478,588,0.056506
14,simd-v0,589,0.119073
14,393435,589,0.089207
14,ours-406478,589,0.056636
14,KACTL,589,1.074195
14,393435,590,0.089177
14,ours-406478,590,0.056606
14,KACTL,590,1.089904
14,simd-v0,590,0.119244
14,ours-406478,591,0.056566
14,KACTL,591,1.074355
14,simd-v0,591,0.119264
14,393435,591,0.089158
14,KACTL,592,1.079525
14,simd-v0,592,0.119323
14,393435,592,0.089368
14,ours-406478,592,0.056576
14,simd-v0,593,0.129723
14,393435,593,0.089047
14,ours-406478,593,0.056617
14,KACTL,593,1.074805
14,393435,594,0.089358
14,ours-406478,594,0.056546
14,KACTL,594,1.079956
14,simd-v0,594,0.119324
14,ours-406478,595,0.056677
14,KACTL,595,1.075096
14,simd-v0,595,0.119354
14,393435,595,0.089056
14,KACTL,596,1.078012
14,simd-v0,596,0.119494
14,393435,596,0.089017
14,ours-406478,596,0.056476
14,simd-v0,597,0.119874
14,393435,597,0.088506
14,ours-406478,597,0.056687
14,KACTL,597,1.075367
14,393435,598,0.089317
14,ours-406478,598,0.056656
14,KACTL,598,1.080687
14,simd-v0,598,0.119514
14,ours-406478,599,0.056596
14,KACTL,599,1.074916
14,simd-v0,599,0.119394
14,393435,599,0.089247
14,KACTL,600,1.079464
14,simd-v0,600,0.119264
14,393435,600,0.089167
14,ours-406478,600,0.059602
14,simd-v0,601,0.119374
14,393435,601,0.089187
14,ours-406478,601,0.057277
14,KACTL,601,1.074275
14,393435,602,0.089317
14,ours-406478,602,0.057297
14,KACTL,602,1.080566
14,simd-v0,602,0.119204
14,ours-406478,603,0.056637
14,KACTL,603,1.088191
14,simd-v0,603,0.119394
14,393435,603,0.100980
14,KACTL,604,1.078332
14,simd-v0,604,0.119133
14,393435,604,0.089307
14,ours-406478,604,0.056566
14,simd-v0,605,0.119945
14,393435,605,0.089177
14,ours-406478,605,0.056566
14,KACTL,605,1.073824
14,393435,606,0.089238
14,ours-406478,606,0.056557
14,KACTL,606,1.080446
14,simd-v0,606,0.119303
14,ours-406478,607,0.056707
14,KACTL,607,1.074526
14,simd-v0,607,0.119333
14,393435,607,0.088967
14,KACTL,608,1.081728
14,simd-v0,608,0.119284
14,393435,608,0.089388
14,ours-406478,608,0.056736
14,simd-v0,609,0.119263
14,393435,609,0.089137
14,ours-406478,609,0.056596
14,KACTL,609,1.074885
14,393435,610,0.088897
14,ours-406478,610,0.056556
14,KACTL,610,1.082159
14,simd-v0,610,0.119144
14,ours-406478,611,0.056637
14,KACTL,611,1.074375
14,simd-v0,611,0.119153
14,393435,611,0.089267
14,KACTL,612,1.127525
14,simd-v0,612,0.119334
14,393435,612,0.089387
14,ours-406478,612,0.056917
14,simd-v0,613,0.119273
14,393435,613,0.089247
14,ours-406478,613,0.056677
14,KACTL,613,1.075407
14,393435,614,0.089608
14,ours-406478,614,0.056586
14,KACTL,614,1.088341
14,simd-v0,614,0.119203
14,ours-406478,615,0.056586
14,KACTL,615,1.077390
14,simd-v0,615,0.119314
14,393435,615,0.089167
14,KACTL,616,1.078653
14,simd-v0,616,0.119393
14,393435,616,0.089198
14,ours-406478,616,0.056536
14,simd-v0,617,0.130094
14,393435,617,0.089118
14,ours-406478,617,0.056576
14,KACTL,617,1.074907
14,393435,618,0.089017
14,ours-406478,618,0.056647
14,KACTL,618,1.079715
14,simd-v0,618,0.119233
14,ours-406478,619,0.056817
14,KACTL,619,1.074976
14,simd-v0,619,0.119284
14,393435,619,0.099908
14,KACTL,620,1.079535
14,simd-v0,620,0.119394
14,393435,620,0.089208
14,ours-406478,620,0.056496
14,simd-v0,621,0.119284
14,393435,621,0.088947
14,ours-406478,621,0.056515
14,KACTL,621,1.075487
14,393435,622,0.089488
14,ours-406478,622,0.056546
14,KACTL,622,1.092348
14,simd-v0,622,0.119495
14,ours-406478,623,0.056576
14,KACTL,623,1.075878
14,simd-v0,623,0.119184
14,393435,623,0.088947
14,KACTL,624,1.083422
14,simd-v0,624,0.119224
14,393435,624,0.088526
14,ours-406478,624,0.056436
14,simd-v0,625,0.129834
14,393435,625,0.089197
14,ours-406478,625,0.056626
14,KACTL,625,1.074485
14,393435,626,0.089147
14,ours-406478,626,0.056495
14,KACTL,626,1.081889
14,simd-v0,626,0.119244
14,ours-406478,627,0.056797
14,KACTL,627,1.088591
14,simd-v0,627,0.119154
14,393435,627,0.100699
14,KACTL,628,1.105232
14,simd-v0,628,0.119074
14,393435,628,0.088817
14,ours-406478,628,0.056686
14,simd-v0,629,0.119955
14,393435,629,0.089137
14,ours-406478,629,0.056596
14,KACTL,629,1.077621
14,393435,630,0.092302
14,ours-406478,630,0.056576
14,KACTL,630,1.089984
14,simd-v0,630,0.119343
14,ours-406478,631,0.056656
14,KACTL,631,1.075447
14,simd-v0,631,0.119264
14,393435,631,0.089337
14,KACTL,632,1.079635
14,simd-v0,632,0.119234
14,393435,632,0.089097
14,ours-406478,632,0.056666
14,simd-v0,633,0.129633
14,393435,633,0.089118
14,ours-406478,633,0.056576
14,KACTL,633,1.090536
14,393435,634,0.088816
14,ours-406478,634,0.056556
14,KACTL,634,1.095775
14,simd-v0,634,0.119394
14,ours-406478,635,0.056666
14,KACTL,635,1.075698
14,simd-v0,635,0.119193
14,393435,635,0.089267
14,KACTL,636,1.077901
14,simd-v0,636,0.119143
14,393435,636,0.089136
14,ours-406478,636,0.056606
14,simd-v0,637,0.120075
14,393435,637,0.088797
14,ours-406478,637,0.056516
14,KACTL,637,1.078272
14,393435,638,0.089348
14,ours-406478,638,0.056546
14,KACTL,638,1.079034
14,simd-v0,638,0.119374
14,ours-406478,639,0.056666
14,KACTL,639,1.075758
14,simd-v0,639,0.119294
14,393435,639,0.089087
14,KACTL,640,1.079735
14,simd-v0,640,0.119224
14,393435,640,0.089218
14,ours-406478,640,0.056656
14,simd-v0,641,0.129402
14,393435,641,0.089297
14,ours-406478,641,0.056496
14,KACTL,641,1.075077
14,393435,642,0.089237
14,ours-406478,642,0.056566
14,KACTL,642,1.079484
14,simd-v0,642,0.119194
14,ours-406478,643,0.056586
14,KACTL,643,1.075237
14,simd-v0,643,0.119263
14,393435,643,0.099637
14,KACTL,644,1.081609
14,simd-v0,644,0.119114
14,393435,644,0.089248
14,ours-406478,644,0.056586
14,simd-v0,645,0.119915
14,393435,645,0.089097
14,ours-406478,645,0.056557
14,KACTL,645,1.074636
14,393435,646,0.089387
14,ours-406478,646,0.056596
14,KACTL,646,1.094212
14,simd-v0,646,0.119344
14,ours-406478,647,0.056546
14,KACTL,647,1.074946
14,simd-v0,647,0.119224
14,393435,647,0.089588
14,KACTL,648,1.079996
14,simd-v0,648,0.119284
14,393435,648,0.089078
14,ours-406478,648,0.056535
14,simd-v0,649,0.130115
14,393435,649,0.089207
14,ours-406478,649,0.056526
14,KACTL,649,1.073513
14,393435,650,0.089238
14,ours-406478,650,0.056496
14,KACTL,650,1.079605
14,simd-v0,650,0.119343
14,ours-406478,651,0.056646
14,KACTL,651,1.088912
14,simd-v0,651,0.122209
14,393435,651,0.100148
14,KACTL,652,1.080176
14,simd-v0,652,0.119204
14,393435,652,0.089307
14,ours-406478,652,0.056626
14,simd-v0,653,0.120165
14,393435,653,0.089467
14,ours-406478,653,0.056496
14,KACTL,653,1.075928
14,393435,654,0.089468
14,ours-406478,654,0.056666
14,KACTL,654,1.089723
14,simd-v0,654,0.119373
14,ours-406478,655,0.056636
14,KACTL,655,1.075366
14,simd-v0,655,0.119394
14,393435,655,0.089197
14,KACTL,656,1.081278
14,simd-v0,656,0.119284
14,393435,656,0.089168
14,ours-406478,656,0.057197
14,simd-v0,657,0.130004
14,393435,657,0.089288
14,ours-406478,657,0.056546
14,KACTL,657,1.074636
14,393435,658,0.089518
14,ours-406478,658,0.056736
14,KACTL,658,1.082651
14,simd-v0,658,0.119244
14,ours-406478,659,0.056816
14,KACTL,659,1.076539
14,simd-v0,659,0.119163
14,393435,659,0.099787
14,KACTL,660,1.079745
14,simd-v0,660,0.119153
14,393435,660,0.089267
14,ours-406478,660,0.056606
14,simd-v0,661,0.119294
14,393435,661,0.090038
14,ours-406478,661,0.056756
14,KACTL,661,1.075006
14,393435,662,0.089137
14,ours-406478,662,0.056496
14,KACTL,662,1.088792
14,simd-v0,662,0.119174
14,ours-406478,663,0.056546
14,KACTL,663,1.075326
14,simd-v0,663,0.119003
14,393435,663,0.088796
14,KACTL,664,1.081398
14,simd-v0,664,0.119244
14,393435,664,0.089327
14,ours-406478,664,0.056617
14,simd-v0,665,0.129463
14,393435,665,0.089377
14,ours-406478,665,0.056637
14,KACTL,665,1.075016
14,393435,666,0.089698
14,ours-406478,666,0.056556
14,KACTL,666,1.084063
14,simd-v0,666,0.120005
14,ours-406478,667,0.056596
14,KACTL,667,1.075016
14,simd-v0,667,0.119224
14,393435,667,0.099617
14,KACTL,668,1.080166
14,simd-v0,668,0.119294
14,393435,668,0.089288
14,ours-406478,668,0.056656
14,simd-v0,669,0.119204
14,393435,669,0.089177
14,ours-406478,669,0.056546
14,KACTL,669,1.075337
14,393435,670,0.089087
14,ours-406478,670,0.056607
14,KACTL,670,1.095655
14,simd-v0,670,0.119124
14,ours-406478,671,0.056596
14,KACTL,671,1.076699
14,simd-v0,671,0.119454
14,393435,671,0.089368
14,KACTL,672,1.079966
14,simd-v0,672,0.119164
14,393435,672,0.089197
14,ours-406478,672,0.056596
14,simd-v0,673,0.129733
14,393435,673,0.089388
14,ours-406478,673,0.056576
14,KACTL,673,1.077150
14,393435,674,0.089398
14,ours-406478,674,0.056616
14,KACTL,674,1.080366
14,simd-v0,674,0.120015
14,ours-406478,675,0.056656
14,KACTL,675,1.090977
14,simd-v0,675,0.119164
14,393435,675,0.089188
14,KACTL,676,1.078462
14,simd-v0,676,0.119344
14,393435,676,0.089097
14,ours-406478,676,0.056515
14,simd-v0,677,0.119414
14,393435,677,0.089318
14,ours-406478,677,0.056606
14,KACTL,677,1.075427
14,393435,678,0.089278
14,ours-406478,678,0.066936
14,KACTL,678,1.079795
14,simd-v0,678,0.119114
14,ours-406478,679,0.056576
14,KACTL,679,1.074836
14,simd-v0,679,0.119254
14,393435,679,0.089128
14,KACTL,680,1.079685
14,simd-v0,680,0.119134
14,393435,680,0.091532
14,ours-406478,680,0.056455
14,simd-v0,681,0.129924
14,393435,681,0.089177
14,ours-406478,681,0.056696
14,KACTL,681,1.080095
14,393435,682,0.089027
14,ours-406478,682,0.056506
14,KACTL,682,1.079534
14,simd-v0,682,0.119444
14,ours-406478,683,0.056606
14,KACTL,683,1.122024
14,simd-v0,683,0.139662
14,393435,683,0.089678
14,KACTL,684,1.079704
14,simd-v0,684,0.119304
14,393435,684,0.089287
14,ours-406478,684,0.056957
14,simd-v0,685,0.119494
14,393435,685,0.088987
14,ours-406478,685,0.056697
14,KACTL,685,1.075607
14,393435,686,0.089277
14,ours-406478,686,0.067065
14,KACTL,686,1.079795
14,simd-v0,686,0.119273
14,ours-406478,687,0.056706
14,KACTL,687,1.074916
14,simd-v0,687,0.119263
14,393435,687,0.089198
14,KACTL,688,1.083402
14,simd-v0,688,0.119233
14,393435,688,0.089237
14,ours-406478,688,0.068359
14,simd-v0,689,0.119304
14,393435,689,0.089047
14,ours-406478,689,0.056526
14,KACTL,689,1.075417
14,393435,690,0.089017
14,ours-406478,690,0.056656
14,KACTL,690,1.079414
14,simd-v0,690,0.119594
14,ours-406478,691,0.056606
14,KACTL,691,1.075317
14,simd-v0,691,0.129232
14,393435,691,0.089137
14,KACTL,692,1.079685
14,simd-v0,692,0.119383
14,393435,692,0.088816
14,ours-406478,692,0.056535
14,simd-v0,693,0.119143
14,393435,693,0.090179
14,ours-406478,693,0.056575
14,KACTL,693,1.103930
14,393435,694,0.100940
14,ours-406478,694,0.056816
14,KACTL,694,1.081128
14,simd-v0,694,0.119404
14,ours-406478,695,0.056767
14,KACTL,695,1.077821
14,simd-v0,695,0.119274
14,393435,695,0.089347
14,KACTL,696,1.079334
14,simd-v0,696,0.119394
14,393435,696,0.089278
14,ours-406478,696,0.067727
14,simd-v0,697,0.119314
14,393435,697,0.089217
14,ours-406478,697,0.056597
14,KACTL,697,1.075617
14,393435,698,0.089578
14,ours-406478,698,0.056425
14,KACTL,698,1.103620
14,simd-v0,698,0.119364
14,ours-406478,699,0.056656
14,KACTL,699,1.075307
14,simd-v0,699,0.129693
14,393435,699,0.089739
14,KACTL,700,1.079064
14,simd-v0,700,0.119233
14,393435,700,0.088987
14,ours-406478,700,0.056536
14,simd-v0,701,0.120115
14,393435,701,0.088937
14,ours-406478,701,0.056606
14,KACTL,701,1.075196
14,393435,702,0.101219
14,ours-406478,702,0.072696
14,KACTL,702,1.103169
14,simd-v0,702,0.119414
14,ours-406478,703,0.057167
14,KACTL,703,1.075156
14,simd-v0,703,0.119334
14,393435,703,0.090279
14,KACTL,704,1.079173
14,simd-v0,704,0.119324
14,393435,704,0.100258
14,ours-406478,704,0.056867
14,simd-v0,705,0.119324
14,393435,705,0.089127
14,ours-406478,705,0.056566
14,KACTL,705,1.075407
14,393435,706,0.089347
14,ours-406478,706,0.056957
14,KACTL,706,1.080876
14,simd-v0,706,0.119133
14,ours-406478,707,0.056646
14,KACTL,707,1.096115
14,simd-v0,707,0.119534
14,393435,707,0.089467
14,KACTL,708,1.079825
14,simd-v0,708,0.119434
14,393435,708,0.089367
14,ours-406478,708,0.056586
14,simd-v0,709,0.120045
14,393435,709,0.089147
14,ours-406478,709,0.056506
14,KACTL,709,1.087129
14,393435,710,0.089177
14,ours-406478,710,0.056656
14,KACTL,710,1.079765
14,simd-v0,710,0.119083
14,ours-406478,711,0.056656
14,KACTL,711,1.109590
14,simd-v0,711,0.142187
14,393435,711,0.108143
14,KACTL,712,1.447344
14,simd-v0,712,0.143950
14,393435,712,0.112932
14,ours-406478,712,0.080040
14,simd-v0,713,0.147547
14,393435,713,0.113403
14,ours-406478,713,0.099647
14,KACTL,713,1.453826
14,393435,714,0.112501
14,ours-406478,714,0.081032
14,KACTL,714,1.479695
14,simd-v0,714,0.144161
14,ours-406478,715,0.079780
14,KACTL,715,1.461020
14,simd-v0,715,0.164098
14,393435,715,0.113233
14,KACTL,716,1.454888
14,simd-v0,716,0.142998
14,393435,716,0.133521
14,ours-406478,716,0.080641
14,simd-v0,717,0.143639
14,393435,717,0.114074
14,ours-406478,717,0.079028
14,KACTL,717,1.457333
14,393435,718,0.133189
14,ours-406478,718,0.078667
14,KACTL,718,1.403362
14,simd-v0,718,0.147867
14,ours-406478,719,0.068208
14,KACTL,719,1.390137
14,simd-v0,719,0.143600
14,393435,719,0.113563
14,KACTL,720,1.423811
14,simd-v0,720,0.161723
14,393435,720,0.112961
14,ours-406478,720,0.080681
14,simd-v0,721,0.143229
14,393435,721,0.113292
14,ours-406478,721,0.079378
14,KACTL,721,1.476649
14,393435,722,0.113272
14,ours-406478,722,0.079620
14,KACTL,722,1.451592
14,simd-v0,722,0.166653
14,ours-406478,723,0.078928
14,KACTL,723,1.459708
14,simd-v0,723,0.145022
14,393435,723,0.113863
14,KACTL,724,1.474285
14,simd-v0,724,0.144752
14,393435,724,0.113573
14,ours-406478,724,0.079018
14,simd-v0,725,0.144811
14,393435,725,0.133972
14,ours-406478,725,0.079699
14,KACTL,725,1.447134
14,393435,726,0.112601
14,ours-406478,726,0.079679
14,KACTL,726,1.476569
14,simd-v0,726,0.144280
14,ours-406478,727,0.079850
14,KACTL,727,1.451823
14,simd-v0,727,0.160901
14,393435,727,0.112671
14,KACTL,728,1.454027
14,simd-v0,728,0.143008
14,393435,728,0.133360
14,ours-406478,728,0.080100
14,simd-v0,729,0.144060
14,393435,729,0.113794
14,ours-406478,729,0.078277
14,KACTL,729,1.238202
14,393435,730,0.089888
14,ours-406478,730,0.057057
14,KACTL,730,1.114710
14,simd-v0,730,0.121208
14,ours-406478,731,0.056666
14,KACTL,731,1.092098
14,simd-v0,731,0.120517
14,393435,731,0.089618
14,KACTL,732,1.091687
14,simd-v0,732,0.119244
14,393435,732,0.089267
14,ours-406478,732,0.060213
14,simd-v0,733,0.141365
14,393435,733,0.089518
14,ours-406478,733,0.056676
14,KACTL,733,1.088833
14,393435,734,0.089137
14,ours-406478,734,0.056626
14,KACTL,734,1.083432
14,simd-v0,734,0.119664
14,ours-406478,735,0.056806
14,KACTL,735,1.081599
14,simd-v0,735,0.138890
14,393435,735,0.093546
14,KACTL,736,1.105864
14,simd-v0,736,0.129092
14,393435,736,0.091943
14,ours-406478,736,0.057198
14,simd-v0,737,0.119334
14,393435,737,0.089268
14,ours-406478,737,0.056516
14,KACTL,737,1.077230
14,393435,738,0.099226
14,ours-406478,738,0.056906
14,KACTL,738,1.116965
14,simd-v0,738,0.119565
14,ours-406478,739,0.056857
14,KACTL,739,1.089754
14,simd-v0,739,0.119233
14,393435,739,0.089808
14,KACTL,740,1.085135
14,simd-v0,740,0.119344
14,393435,740,0.100057
14,ours-406478,740,0.056796
14,simd-v0,741,0.119544
14,393435,741,0.089257
14,ours-406478,741,0.056686
14,KACTL,741,1.075847
14,393435,742,0.089348
14,ours-406478,742,0.056576
14,KACTL,742,1.091978
14,simd-v0,742,0.120065
14,ours-406478,743,0.056546
14,KACTL,743,1.176566
14,simd-v0,743,0.145213
14,393435,743,0.115656
14,KACTL,744,1.551520
14,simd-v0,744,0.166242
14,393435,744,0.103634
14,ours-406478,744,0.073688
14,simd-v0,745,0.143348
14,393435,745,0.114685
14,ours-406478,745,0.057007
14,KACTL,745,1.364769
14,393435,746,0.103996
14,ours-406478,746,0.057117
14,KACTL,746,1.158743
14,simd-v0,746,0.132568
14,ours-406478,747,0.084137
14,KACTL,747,1.300790
14,simd-v0,747,0.163146
14,393435,747,0.104165
14,KACTL,748,1.370089
14,simd-v0,748,0.138810
14,393435,748,0.114665
14,ours-406478,748,0.072837
14,simd-v0,749,0.146314
14,393435,749,0.100870
14,ours-406478,749,0.082304
14,KACTL,749,1.210019
14,393435,750,0.089378
14,ours-406478,750,0.056616
14,KACTL,750,1.102728
14,simd-v0,750,0.119534
14,ours-406478,751,0.057027
14,KACTL,751,1.087680
14,simd-v0,751,0.131196
14,393435,751,0.101320
14,KACTL,752,1.200130
14,simd-v0,752,0.129433
14,393435,752,0.099868
14,ours-406478,752,0.070061
14,simd-v0,753,0.141826
14,393435,753,0.100338
14,ours-406478,753,0.056757
14,KACTL,753,1.191705
14,393435,754,0.099797
14,ours-406478,754,0.069891
14,KACTL,754,1.202034
14,simd-v0,754,0.149581
14,ours-406478,755,0.070111
14,KACTL,755,1.183449
14,simd-v0,755,0.130474
14,393435,755,0.097022
14,KACTL,756,1.123898
14,simd-v0,756,0.119334
14,393435,756,0.090099
14,ours-406478,756,0.056847
14,simd-v0,757,0.141675
14,393435,757,0.089127
14,ours-406478,757,0.056906
14,KACTL,757,1.092549
14,393435,758,0.093255
14,ours-406478,758,0.056587
14,KACTL,758,1.081579
14,simd-v0,758,0.119353
14,ours-406478,759,0.056627
14,KACTL,759,1.093832
14,simd-v0,759,0.181441
14,393435,759,0.122770
14,KACTL,760,1.630969
14,simd-v0,760,0.164078
14,393435,760,0.118612
14,ours-406478,760,0.087123
14,simd-v0,761,0.150071
14,393435,761,0.118032
14,ours-406478,761,0.086753
14,KACTL,761,1.618285
14,393435,762,0.118903
14,ours-406478,762,0.087103
14,KACTL,762,1.649212
14,simd-v0,762,0.150583
14,ours-406478,763,0.086212
14,KACTL,763,1.640106
14,simd-v0,763,0.150533
14,393435,763,0.119504
14,KACTL,764,1.652309
14,simd-v0,764,0.150503
14,393435,764,0.118603
14,ours-406478,764,0.086071
14,simd-v0,765,0.150773
14,393435,765,0.118603
14,ours-406478,765,0.086442
14,KACTL,765,1.640757
14,393435,766,0.118472
14,ours-406478,766,0.086162
14,KACTL,766,1.644584
14,simd-v0,766,0.150843
14,ours-406478,767,0.085981
14,KACTL,767,1.637050
14,simd-v0,767,0.150452
14,393435,767,0.118362
14,KACTL,768,1.621611
14,simd-v0,768,0.119414
14,393435,768,0.089558
14,ours-406478,768,0.056826
14,simd-v0,769,0.119113
14,393435,769,0.089428
14,ours-406478,769,0.056526
14,KACTL,769,1.087981
14,393435,770,0.088847
14,ours-406478,770,0.059962
14,KACTL,770,1.102929
14,simd-v0,770,0.119574
14,ours-406478,771,0.056637
14,KACTL,771,1.087740
14,simd-v0,771,0.119414
14,393435,771,0.089247
14,KACTL,772,1.081559
14,simd-v0,772,0.119473
14,393435,772,0.089178
14,ours-406478,772,0.056566
14,simd-v0,773,0.138079
14,393435,773,0.089417
14,ours-406478,773,0.057488
14,KACTL,773,1.075647
14,393435,774,0.099497
14,ours-406478,774,0.056676
14,KACTL,774,1.088551
14,simd-v0,774,0.119534
14,ours-406478,775,0.056626
14,KACTL,775,1.075817
14,simd-v0,775,0.119384
14,393435,775,0.107702
14,KACTL,776,1.079154
14,simd-v0,776,0.119404
14,393435,776,0.089107
14,ours-406478,776,0.056736
14,simd-v0,777,0.119333
14,393435,777,0.089036
14,ours-406478,777,0.056666
14,KACTL,777,1.084664
14,393435,778,0.090249
14,ours-406478,778,0.068689
14,KACTL,778,1.145678
14,simd-v0,778,0.119193
14,ours-406478,779,0.056826
14,KACTL,779,1.076328
14,simd-v0,779,0.119194
14,393435,779,0.089097
14,KACTL,780,1.078273
14,simd-v0,780,0.119484
14,393435,780,0.089859
14,ours-406478,780,0.067436
14,simd-v0,781,0.119224
14,393435,781,0.088956
14,ours-406478,781,0.056496
14,KACTL,781,1.089754
14,393435,782,0.089408
14,ours-406478,782,0.056535
14,KACTL,782,1.079104
14,simd-v0,782,0.119534
14,ours-406478,783,0.056696
14,KACTL,783,1.075847
14,simd-v0,783,0.129572
14,393435,783,0.089187
14,KACTL,784,1.082601
14,simd-v0,784,0.119163
14,393435,784,0.089187
14,ours-406478,784,0.056636
14,simd-v0,785,0.119154
14,393435,785,0.088656
14,ours-406478,785,0.056516
14,KACTL,785,1.073924
14,393435,786,0.099266
14,ours-406478,786,0.056677
14,KACTL,786,1.079234
14,simd-v0,786,0.119274
14,ours-406478,787,0.056576
14,KACTL,787,1.074835
14,simd-v0,787,0.119264
14,393435,787,0.089188
14,KACTL,788,1.079535
14,simd-v0,788,0.119303
14,393435,788,0.089107
14,ours-406478,788,0.067036
14,simd-v0,789,0.119313
14,393435,789,0.089047
14,ours-406478,789,0.056436
14,KACTL,789,1.075588
14,393435,790,0.088546
14,ours-406478,790,0.056506
14,KACTL,790,1.080486
14,simd-v0,790,0.119244
14,ours-406478,791,0.056686
14,KACTL,791,1.077702
14,simd-v0,791,0.130194
14,393435,791,0.089277
14,KACTL,792,1.079865
14,simd-v0,792,0.119274
14,393435,792,0.089157
14,ours-406478,792,0.056536
14,simd-v0,793,0.119193
14,393435,793,0.089057
14,ours-406478,793,0.056556
14,KACTL,793,1.076018
14,393435,794,0.099186
14,ours-406478,794,0.056677
14,KACTL,794,1.105974
14,simd-v0,794,0.119774
14,ours-406478,795,0.056706
14,KACTL,795,1.076439
14,simd-v0,795,0.120486
14,393435,795,0.089597
14,KACTL,796,1.079815
14,simd-v0,796,0.119194
14,393435,796,0.099617
14,ours-406478,796,0.056736
14,simd-v0,797,0.119294
14,393435,797,0.089137
14,ours-406478,797,0.056596
14,KACTL,797,1.074635
14,393435,798,0.089578
14,ours-406478,798,0.056555
14,KACTL,798,1.079594
14,simd-v0,798,0.134001
14,ours-406478,799,0.059572
14,KACTL,799,1.109340
14,simd-v0,799,0.119635
14,393435,799,0.089388
14,KACTL,800,1.082029
14,simd-v0,800,0.119094
14,393435,800,0.089598
14,ours-406478,800,0.056796
14,simd-v0,801,0.119054
14,393435,801,0.088997
14,ours-406478,801,0.056376
14,KACTL,801,1.096276
14,393435,802,0.089227
14,ours-406478,802,0.056536
14,KACTL,802,1.080697
14,simd-v0,802,0.119304
14,ours-406478,803,0.056576
14,KACTL,803,1.074324
14,simd-v0,803,0.119154
14,393435,803,0.089227
14,KACTL,804,1.079574
14,simd-v0,804,0.119153
14,393435,804,0.099947
14,ours-406478,804,0.056656
14,simd-v0,805,0.119324
14,393435,805,0.089047
14,ours-406478,805,0.056566
14,KACTL,805,1.073974
14,393435,806,0.089457
14,ours-406478,806,0.056496
14,KACTL,806,1.083041
14,simd-v0,806,0.119284
14,ours-406478,807,0.056747
14,KACTL,807,1.084354
14,simd-v0,807,0.119314
14,393435,807,0.089397
14,KACTL,808,1.080606
14,simd-v0,808,0.119254
14,393435,808,0.089047
14,ours-406478,808,0.056666
14,simd-v0,809,0.119133
14,393435,809,0.089768
14,ours-406478,809,0.056616
14,KACTL,809,1.076149
14,393435,810,0.089157
14,ours-406478,810,0.056666
14,KACTL,810,1.081108
14,simd-v0,810,0.119214
14,ours-406478,811,0.056617
14,KACTL,811,1.075978
14,simd-v0,811,0.119313
14,393435,811,0.089268
14,KACTL,812,1.078743
14,simd-v0,812,0.119254
14,393435,812,0.099407
14,ours-406478,812,0.056737
14,simd-v0,813,0.119264
14,393435,813,0.089519
14,ours-406478,813,0.056557
14,KACTL,813,1.077961
14,393435,814,0.089127
14,ours-406478,814,0.056586
14,KACTL,814,1.080015
14,simd-v0,814,0.119173
14,ours-406478,815,0.056697
14,KACTL,815,1.082370
14,simd-v0,815,0.119434
14,393435,815,0.089368
14,KACTL,816,1.079595
14,simd-v0,816,0.119184
14,393435,816,0.089307
14,ours-406478,816,0.056516
14,simd-v0,817,0.119223
14,393435,817,0.089378
14,ours-406478,817,0.056616
14,KACTL,817,1.075026
14,393435,818,0.099737
14,ours-406478,818,0.056666
14,KACTL,818,1.077861
14,simd-v0,818,0.119354
14,ours-406478,819,0.056586
14,KACTL,819,1.075577
14,simd-v0,819,0.119273
14,393435,819,0.089036
14,KACTL,820,1.079895
14,simd-v0,820,0.121678
14,393435,820,0.099657
14,ours-406478,820,0.056656
14,simd-v0,821,0.119324
14,393435,821,0.089128
14,ours-406478,821,0.056636
14,KACTL,821,1.075868
14,393435,822,0.088717
14,ours-406478,822,0.056566
14,KACTL,822,1.081509
14,simd-v0,822,0.119414
14,ours-406478,823,0.056706
14,KACTL,823,1.075027
14,simd-v0,823,0.129793
14,393435,823,0.089298
14,KACTL,824,1.078853
14,simd-v0,824,0.119404
14,393435,824,0.089127
14,ours-406478,824,0.056636
14,simd-v0,825,0.119334
14,393435,825,0.089228
14,ours-406478,825,0.056557
14,KACTL,825,1.088872
14,393435,826,0.100108
14,ours-406478,826,0.056657
14,KACTL,826,1.079544
14,simd-v0,826,0.119304
14,ours-406478,827,0.056646
14,KACTL,827,1.074926
14,simd-v0,827,0.119434
14,393435,827,0.089287
14,KACTL,828,1.082530
14,simd-v0,828,0.119203
14,393435,828,0.099637
14,ours-406478,828,0.057518
14,simd-v0,829,0.119324
14,393435,829,0.089237
14,ours-406478,829,0.056486
14,KACTL,829,1.075947
14,393435,830,0.089227
14,ours-406478,830,0.056646
14,KACTL,830,1.081818
14,simd-v0,830,0.119194
14,ours-406478,831,0.056687
14,KACTL,831,1.074876
14,simd-v0,831,0.129132
14,393435,831,0.088927
14,KACTL,832,1.078493
14,simd-v0,832,0.119173
14,393435,832,0.089107
14,ours-406478,832,0.056646
14,simd-v0,833,0.119224
14,393435,833,0.088726
14,ours-406478,833,0.056476
14,KACTL,833,1.075807
14,393435,834,0.099227
14,ours-406478,834,0.056737
14,KACTL,834,1.084133
14,simd-v0,834,0.119354
14,ours-406478,835,0.056596
14,KACTL,835,1.077080
14,simd-v0,835,0.119404
14,393435,835,0.089308
14,KACTL,836,1.079725
14,simd-v0,836,0.119194
14,393435,836,0.099857
14,ours-406478,836,0.056596
14,simd-v0,837,0.119303
14,393435,837,0.089047
14,ours-406478,837,0.056626
14,KACTL,837,1.075167
14,393435,838,0.089107
14,ours-406478,838,0.056626
14,KACTL,838,1.079414
14,simd-v0,838,0.119203
14,ours-406478,839,0.056546
14,KACTL,839,1.074045
14,simd-v0,839,0.119233
14,393435,839,0.089447
14,KACTL,840,1.116784
14,simd-v0,840,0.119534
14,393435,840,0.089097
14,ours-406478,840,0.056796
14,simd-v0,841,0.119224
14,393435,841,0.089057
14,ours-406478,841,0.056566
14,KACTL,841,1.084203
14,393435,842,0.090099
14,ours-406478,842,0.056486
14,KACTL,842,1.109971
14,simd-v0,842,0.119334
14,ours-406478,843,0.056857
14,KACTL,843,1.075577
14,simd-v0,843,0.119164
14,393435,843,0.089499
14,KACTL,844,1.079335
14,simd-v0,844,0.119203
14,393435,844,0.089027
14,ours-406478,844,0.056686
14,simd-v0,845,0.119074
14,393435,845,0.089467
14,ours-406478,845,0.056546
14,KACTL,845,1.073523
14,393435,846,0.089037
14,ours-406478,846,0.056546
14,KACTL,846,1.080296
14,simd-v0,846,0.119434
14,ours-406478,847,0.056566
14,KACTL,847,1.084523
14,simd-v0,847,0.119985
14,393435,847,0.088956
14,KACTL,848,1.080166
14,simd-v0,848,0.119134
14,393435,848,0.089208
14,ours-406478,848,0.056495
14,simd-v0,849,0.119244
14,393435,849,0.088957
14,ours-406478,849,0.056546
14,KACTL,849,1.100173
14,393435,850,0.089197
14,ours-406478,850,0.056636
14,KACTL,850,1.079094
14,simd-v0,850,0.119344
14,ours-406478,851,0.056536
14,KACTL,851,1.074334
14,simd-v0,851,0.119234
14,393435,851,0.089428
14,KACTL,852,1.080517
14,simd-v0,852,0.119114
14,393435,852,0.099777
14,ours-406478,852,0.056546
14,simd-v0,853,0.119123
14,393435,853,0.089207
14,ours-406478,853,0.056556
14,KACTL,853,1.074496
14,393435,854,0.089197
14,ours-406478,854,0.056576
14,KACTL,854,1.079975
14,simd-v0,854,0.119274
14,ours-406478,855,0.056636
14,KACTL,855,1.085295
14,simd-v0,855,0.120145
14,393435,855,0.089348
14,KACTL,856,1.080396
14,simd-v0,856,0.119143
14,393435,856,0.089578
14,ours-406478,856,0.056637
14,simd-v0,857,0.119204
14,393435,857,0.089267
14,ours-406478,857,0.059462
14,KACTL,857,1.083241
14,393435,858,0.089497
14,ours-406478,858,0.056517
14,KACTL,858,1.079504
14,simd-v0,858,0.119243
14,ours-406478,859,0.056516
14,KACTL,859,1.074846
14,simd-v0,859,0.119233
14,393435,859,0.089127
14,KACTL,860,1.080035
14,simd-v0,860,0.119645
14,393435,860,0.099707
14,ours-406478,860,0.056837
14,simd-v0,861,0.120166
14,393435,861,0.089237
14,ours-406478,861,0.056626
14,KACTL,861,1.075166
14,393435,862,0.089257
14,ours-406478,862,0.056536
14,KACTL,862,1.081108
14,simd-v0,862,0.137037
14,ours-406478,863,0.063850
14,KACTL,863,1.088973
14,simd-v0,863,0.119204
14,393435,863,0.089678
14,KACTL,864,1.081659
14,simd-v0,864,0.119274
14,393435,864,0.089147
14,ours-406478,864,0.056546
14,simd-v0,865,0.119373
14,393435,865,0.089268
14,ours-406478,865,0.056526
14,KACTL,865,1.084785
14,393435,866,0.089458
14,ours-406478,866,0.056587
14,KACTL,866,1.079415
14,simd-v0,866,0.119193
14,ours-406478,867,0.056657
14,KACTL,867,1.076779
14,simd-v0,867,0.119394
14,393435,867,0.089357
14,KACTL,868,1.080977
14,simd-v0,868,0.119214
14,393435,868,0.101511
14,ours-406478,868,0.056786
14,simd-v0,869,0.119324
14,393435,869,0.089027
14,ours-406478,869,0.056606
14,KACTL,869,1.075937
14,393435,870,0.089187
14,ours-406478,870,0.056536
14,KACTL,870,1.081238
14,simd-v0,870,0.119303
14,ours-406478,871,0.056667
14,KACTL,871,1.121934
14,simd-v0,871,0.119424
14,393435,871,0.089748
14,KACTL,872,1.079585
14,simd-v0,872,0.119244
14,393435,872,0.088816
14,ours-406478,872,0.056867
14,simd-v0,873,0.119884
14,393435,873,0.089198
14,ours-406478,873,0.056806
14,KACTL,873,1.097097
14,393435,874,0.090129
14,ours-406478,874,0.056586
14,KACTL,874,1.081588
14,simd-v0,874,0.119294
14,ours-406478,875,0.056616
14,KACTL,875,1.074275
14,simd-v0,875,0.119494
14,393435,875,0.089257
14,KACTL,876,1.079144
14,simd-v0,876,0.129282
14,393435,876,0.089949
14,ours-406478,876,0.056776
14,simd-v0,877,0.119304
14,393435,877,0.089157
14,ours-406478,877,0.056436
14,KACTL,877,1.096336
14,393435,878,0.089128
14,ours-406478,878,0.056536
14,KACTL,878,1.081107
14,simd-v0,878,0.132418
14,ours-406478,879,0.056666
14,KACTL,879,1.074776
14,simd-v0,879,0.119264
14,393435,879,0.089437
14,KACTL,880,1.080436
14,simd-v0,880,0.119203
14,393435,880,0.089287
14,ours-406478,880,0.056546
14,simd-v0,881,0.119263
14,393435,881,0.089207
14,ours-406478,881,0.067156
14,KACTL,881,1.074906
14,393435,882,0.089137
14,ours-406478,882,0.056506
14,KACTL,882,1.079475
14,simd-v0,882,0.119223
14,ours-406478,883,0.056666
14,KACTL,883,1.079414
14,simd-v0,883,0.119163
14,393435,883,0.089308
14,KACTL,884,1.081047
14,simd-v0,884,0.129352
14,393435,884,0.088967
14,ours-406478,884,0.056736
14,simd-v0,885,0.119163
14,393435,885,0.089237
14,ours-406478,885,0.056707
14,KACTL,885,1.074555
14,393435,886,0.089037
14,ours-406478,886,0.056516
14,KACTL,886,1.086007
14,simd-v0,886,0.119244
14,ours-406478,887,0.056586
14,KACTL,887,1.074615
14,simd-v0,887,0.120095
14,393435,887,0.089098
14,KACTL,888,1.078823
14,simd-v0,888,0.119053
14,393435,888,0.088586
14,ours-406478,888,0.056486
14,simd-v0,889,0.119033
14,393435,889,0.089408
14,ours-406478,889,0.066956
14,KACTL,889,1.073564
14,393435,890,0.089137
14,ours-406478,890,0.056576
14,KACTL,890,1.080847
14,simd-v0,890,0.119224
14,ours-406478,891,0.056536
14,KACTL,891,1.078683
14,simd-v0,891,0.119144
14,393435,891,0.089037
14,KACTL,892,1.078702
14,simd-v0,892,0.129533
14,393435,892,0.089228
14,ours-406478,892,0.056537
14,simd-v0,893,0.119303
14,393435,893,0.089077
14,ours-406478,893,0.056616
14,KACTL,893,1.075808
14,393435,894,0.089437
14,ours-406478,894,0.056547
14,KACTL,894,1.079143
14,simd-v0,894,0.119274
14,ours-406478,895,0.086272
14,KACTL,895,1.074836
14,simd-v0,895,0.119294
14,393435,895,0.089027
14,KACTL,896,1.081148
14,simd-v0,896,0.119203
14,393435,896,0.089148
14,ours-406478,896,0.056567
14,simd-v0,897,0.119364
14,393435,897,0.089136
14,ours-406478,897,0.083216
14,KACTL,897,1.076148
14,393435,898,0.089398
14,ours-406478,898,0.056546
14,KACTL,898,1.080566
14,simd-v0,898,0.119264
14,ours-406478,899,0.056547
14,KACTL,899,1.075096
14,simd-v0,899,0.119353
14,393435,899,0.089307
14,KACTL,900,1.082750
14,simd-v0,900,0.130194
14,393435,900,0.088966
14,ours-406478,900,0.056536
14,simd-v0,901,0.119243
14,393435,901,0.089277
14,ours-406478,901,0.056686
14,KACTL,901,1.075777
14,393435,902,0.089188
14,ours-406478,902,0.056626
14,KACTL,902,1.081158
14,simd-v0,902,0.119514
14,ours-406478,903,0.056586
14,KACTL,903,1.074705
14,simd-v0,903,0.120115
14,393435,903,0.089408
14,KACTL,904,1.079745
14,simd-v0,904,0.119174
14,393435,904,0.089057
14,ours-406478,904,0.056586
14,simd-v0,905,0.119314
14,393435,905,0.088827
14,ours-406478,905,0.067045
14,KACTL,905,1.073974
14,393435,906,0.089007
14,ours-406478,906,0.057327
14,KACTL,906,1.082881
14,simd-v0,906,0.119223
14,ours-406478,907,0.056536
14,KACTL,907,1.079765
14,simd-v0,907,0.119124
14,393435,907,0.089377
14,KACTL,908,1.081158
14,simd-v0,908,0.129683
14,393435,908,0.089227
14,ours-406478,908,0.056636
14,simd-v0,909,0.120085
14,393435,909,0.088947
14,ours-406478,909,0.056596
14,KACTL,909,1.075357
14,393435,910,0.089217
14,ours-406478,910,0.056526
14,KACTL,910,1.080036
14,simd-v0,910,0.119414
14,ours-406478,911,0.067416
14,KACTL,911,1.073333
14,simd-v0,911,0.120236
14,393435,911,0.089257
14,KACTL,912,1.080235
14,simd-v0,912,0.119303
14,393435,912,0.088847
14,ours-406478,912,0.056516
14,simd-v0,913,0.119314
14,393435,913,0.089178
14,ours-406478,913,0.067276
14,KACTL,913,1.074034
14,393435,914,0.089068
14,ours-406478,914,0.056506
14,KACTL,914,1.079684
14,simd-v0,914,0.119264
14,ours-406478,915,0.056596
14,KACTL,915,1.077190
14,simd-v0,915,0.119294
14,393435,915,0.089217
14,KACTL,916,1.079595
14,simd-v0,916,0.129443
14,393435,916,0.089077
14,ours-406478,916,0.056676
14,simd-v0,917,0.119104
14,393435,917,0.088637
14,ours-406478,917,0.056506
14,KACTL,917,1.076859
14,393435,918,0.089098
14,ours-406478,918,0.056897
14,KACTL,918,1.094893
14,simd-v0,918,0.129853
14,ours-406478,919,0.056536
14,KACTL,919,1.074074
14,simd-v0,919,0.120005
14,393435,919,0.089107
14,KACTL,920,1.079505
14,simd-v0,920,0.119303
14,393435,920,0.089247
14,ours-406478,920,0.056607
14,simd-v0,921,0.119284
14,393435,921,0.089348
14,ours-406478,921,0.079569
14,KACTL,921,1.075367
14,393435,922,0.089638
14,ours-406478,922,0.056686
14,KACTL,922,1.082399
14,simd-v0,922,0.119254
14,ours-406478,923,0.056626
14,KACTL,923,1.073624
14,simd-v0,923,0.119274
14,393435,923,0.088947
14,KACTL,924,1.078583
14,simd-v0,924,0.129133
14,393435,924,0.089598
14,ours-406478,924,0.056636
14,simd-v0,925,0.119504
14,393435,925,0.088887
14,ours-406478,925,0.056577
14,KACTL,925,1.075427
14,393435,926,0.088907
14,ours-406478,926,0.056586
14,KACTL,926,1.079294
14,simd-v0,926,0.129413
14,ours-406478,927,0.056636
14,KACTL,927,1.075827
14,simd-v0,927,0.119364
14,393435,927,0.089067
14,KACTL,928,1.079645
14,simd-v0,928,0.119364
14,393435,928,0.088947
14,ours-406478,928,0.056647
14,simd-v0,929,0.119324
14,393435,929,0.089217
14,ours-406478,929,0.066846
14,KACTL,929,1.077932
14,393435,930,0.089037
14,ours-406478,930,0.057298
14,KACTL,930,1.080336
14,simd-v0,930,0.119324
14,ours-406478,931,0.056666
14,KACTL,931,1.076809
14,simd-v0,931,0.119424
14,393435,931,0.090219
14,KACTL,932,1.084053
14,simd-v0,932,0.129493
14,393435,932,0.089237
14,ours-406478,932,0.056646
14,simd-v0,933,0.119293
14,393435,933,0.089017
14,ours-406478,933,0.056746
14,KACTL,933,1.073423
14,393435,934,0.089418
14,ours-406478,934,0.056566
14,KACTL,934,1.079896
14,simd-v0,934,0.129322
14,ours-406478,935,0.056446
14,KACTL,935,1.073984
14,simd-v0,935,0.119254
14,393435,935,0.089178
14,KACTL,936,1.079775
14,simd-v0,936,0.119173
14,393435,936,0.089317
14,ours-406478,936,0.056536
14,simd-v0,937,0.119143
14,393435,937,0.092193
14,ours-406478,937,0.066966
14,KACTL,937,1.075327
14,393435,938,0.089157
14,ours-406478,938,0.056666
14,KACTL,938,1.079915
14,simd-v0,938,0.119333
14,ours-406478,939,0.056546
14,KACTL,939,1.074976
14,simd-v0,939,0.119324
14,393435,939,0.089097
14,KACTL,940,1.078543
14,simd-v0,940,0.130745
14,393435,940,0.089317
14,ours-406478,940,0.056726
14,simd-v0,941,0.119854
14,393435,941,0.089107
14,ours-406478,941,0.056576
14,KACTL,941,1.074225
14,393435,942,0.089187
14,ours-406478,942,0.056586
14,KACTL,942,1.080757
14,simd-v0,942,0.119253
14,ours-406478,943,0.067146
14,KACTL,943,1.074124
14,simd-v0,943,0.119234
14,393435,943,0.089187
14,KACTL,944,1.082851
14,simd-v0,944,0.119324
14,393435,944,0.089548
14,ours-406478,944,0.056616
14,simd-v0,945,0.119104
14,393435,945,0.089618
14,ours-406478,945,0.083166
14,KACTL,945,1.075427
14,393435,946,0.089077
14,ours-406478,946,0.056506
14,KACTL,946,1.080196
14,simd-v0,946,0.119294
14,ours-406478,947,0.056546
14,KACTL,947,1.094512
14,simd-v0,947,0.119274
14,393435,947,0.089018
14,KACTL,948,1.082610
14,simd-v0,948,0.129523
14,393435,948,0.088967
14,ours-406478,948,0.056586
14,simd-v0,949,0.119735
14,393435,949,0.089277
14,ours-406478,949,0.056607
14,KACTL,949,1.077380
14,393435,950,0.089037
14,ours-406478,950,0.056626
14,KACTL,950,1.095554
14,simd-v0,950,0.129804
14,ours-406478,951,0.056656
14,KACTL,951,1.077561
14,simd-v0,951,0.119314
14,393435,951,0.090099
14,KACTL,952,1.080236
14,simd-v0,952,0.119334
14,393435,952,0.089257
14,ours-406478,952,0.056646
14,simd-v0,953,0.119324
14,393435,953,0.100278
14,ours-406478,953,0.056616
14,KACTL,953,1.073934
14,393435,954,0.089148
14,ours-406478,954,0.056566
14,KACTL,954,1.080897
14,simd-v0,954,0.119444
14,ours-406478,955,0.056717
14,KACTL,955,1.074045
14,simd-v0,955,0.119223
14,393435,955,0.089047
14,KACTL,956,1.079534
14,simd-v0,956,0.129242
14,393435,956,0.089388
14,ours-406478,956,0.056626
14,simd-v0,957,0.119174
14,393435,957,0.089178
14,ours-406478,957,0.056617
14,KACTL,957,1.074184
14,393435,958,0.089407
14,ours-406478,958,0.056566
14,KACTL,958,1.079774
14,simd-v0,958,0.131928
14,ours-406478,959,0.056556
14,KACTL,959,1.074926
14,simd-v0,959,0.119434
14,393435,959,0.089559
14,KACTL,960,1.079254
14,simd-v0,960,0.119184
14,393435,960,0.089197
14,ours-406478,960,0.056636
14,simd-v0,961,0.119254
14,393435,961,0.099867
14,ours-406478,961,0.056677
14,KACTL,961,1.073113
14,393435,962,0.089147
14,ours-406478,962,0.056536
14,KACTL,962,1.078322
14,simd-v0,962,0.119254
14,ours-406478,963,0.056526
14,KACTL,963,1.074185
14,simd-v0,963,0.119113
14,393435,963,0.089297
14,KACTL,964,1.078814
14,simd-v0,964,0.129442
14,393435,964,0.089909
14,ours-406478,964,0.056566
14,simd-v0,965,0.120015
14,393435,965,0.089668
14,ours-406478,965,0.056526
14,KACTL,965,1.074525
14,393435,966,0.089318
14,ours-406478,966,0.056666
14,KACTL,966,1.082069
14,simd-v0,966,0.129513
14,ours-406478,967,0.056717
14,KACTL,967,1.073593
14,simd-v0,967,0.119384
14,393435,967,0.089237
14,KACTL,968,1.081438
14,simd-v0,968,0.119254
14,393435,968,0.089518
14,ours-406478,968,0.056476
14,simd-v0,969,0.119113
14,393435,969,0.089177
14,ours-406478,969,0.082575
14,KACTL,969,1.075727
14,393435,970,0.089007
14,ours-406478,970,0.056596
14,KACTL,970,1.079735
14,simd-v0,970,0.120046
14,ours-406478,971,0.056547
14,KACTL,971,1.075517
14,simd-v0,971,0.119384
14,393435,971,0.089197
14,KACTL,972,1.078804
14,simd-v0,972,0.129152
14,393435,972,0.089117
14,ours-406478,972,0.056516
14,simd-v0,973,0.119484
14,393435,973,0.089828
14,ours-406478,973,0.056636
14,KACTL,973,1.078593
14,393435,974,0.089107
14,ours-406478,974,0.056577
14,KACTL,974,1.079324
14,simd-v0,974,0.133130
14,ours-406478,975,0.056766
14,KACTL,975,1.075507
14,simd-v0,975,0.119513
14,393435,975,0.089187
14,KACTL,976,1.082240
14,simd-v0,976,0.119294
14,393435,976,0.089117
14,ours-406478,976,0.056546
14,simd-v0,977,0.119214
14,393435,977,0.089177
14,ours-406478,977,0.067407
14,KACTL,977,1.103069
14,393435,978,0.089799
14,ours-406478,978,0.078136
14,KACTL,978,1.083763
14,simd-v0,978,0.119444
14,ours-406478,979,0.056536
14,KACTL,979,1.076569
14,simd-v0,979,0.119234
14,393435,979,0.089678
14,KACTL,980,1.093701
14,simd-v0,980,0.119304
14,393435,980,0.089238
14,ours-406478,980,0.056616
14,simd-v0,981,0.119304
14,393435,981,0.089508
14,ours-406478,981,0.056557
14,KACTL,981,1.074314
14,393435,982,0.089187
14,ours-406478,982,0.056376
14,KACTL,982,1.079294
14,simd-v0,982,0.130214
14,ours-406478,983,0.056736
14,KACTL,983,1.075717
14,simd-v0,983,0.119103
14,393435,983,0.089959
14,KACTL,984,1.079214
14,simd-v0,984,0.119213
14,393435,984,0.089578
14,ours-406478,984,0.056516
14,simd-v0,985,0.119364
14,393435,985,0.099798
14,ours-406478,985,0.056626
14,KACTL,985,1.075026
14,393435,986,0.088856
14,ours-406478,986,0.056566
14,KACTL,986,1.079845
14,simd-v0,986,0.119294
14,ours-406478,987,0.056676
14,KACTL,987,1.074626
14,simd-v0,987,0.119193
14,393435,987,0.089498
14,KACTL,988,1.091677
14,simd-v0,988,0.119354
14,393435,988,0.089268
14,ours-406478,988,0.056526
14,simd-v0,989,0.119183
14,393435,989,0.089198
14,ours-406478,989,0.056586
14,KACTL,989,1.075076
14,393435,990,0.089107
14,ours-406478,990,0.056556
14,KACTL,990,1.080696
14,simd-v0,990,0.131948
14,ours-406478,991,0.056647
14,KACTL,991,1.075537
14,simd-v0,991,0.119203
14,393435,991,0.089187
14,KACTL,992,1.081228
14,simd-v0,992,0.119234
14,393435,992,0.089197
14,ours-406478,992,0.056566
14,simd-v0,993,0.119304
14,393435,993,0.111799
14,ours-406478,993,0.056806
14,KACTL,993,1.076268
14,393435,994,0.089137
14,ours-406478,994,0.056546
14,KACTL,994,1.080927
14,simd-v0,994,0.119304
14,ours-406478,995,0.056596
14,KACTL,995,1.077801
14,simd-v0,995,0.119254
14,393435,995,0.089177
14,KACTL,996,1.089203
14,simd-v0,996,0.119274
14,393435,996,0.089267
14,ours-406478,996,0.056576
14,simd-v0,997,0.119344
14,393435,997,0.089458
14,ours-406478,997,0.056616
14,KACTL,997,1.075777
14,393435,998,0.089277
14,ours-406478,998,0.056466
14,KACTL,998,1.079935
14,simd-v0,998,0.129192
14,ours-406478,999,0.056475
14,KACTL,999,1.073914
14,simd-v0,999,0.119174
14,393435,999,0.089197
14,KACTL,1000,1.080085
14,simd-v0,1000,0.119264
14,393435,1000,0.089337
14,ours-406478,1000,0.056646
15,KACTL,0,2.404760
15,simd-v0,0,0.246311
15,393435,0,0.179858
15,ours-406478,0,0.118211
15,simd-v0,1,0.261149
15,393435,1,0.180849
15,ours-406478,1,0.118302
15,KACTL,1,2.371667
15,393435,2,0.180848
15,ours-406478,2,0.128380
15,KACTL,2,2.384602
15,simd-v0,2,0.246482
15,ours-406478,3,0.118252
15,KACTL,3,2.382318
15,simd-v0,3,0.246452
15,393435,3,0.180809
15,KACTL,4,2.409579
15,simd-v0,4,0.246412
15,393435,4,0.180779
15,ours-406478,4,0.118422
15,simd-v0,5,0.257163
15,393435,5,0.180879
15,ours-406478,5,0.118482
15,KACTL,5,2.372510
15,393435,6,0.180679
15,ours-406478,6,0.128942
15,KACTL,6,2.384551
15,simd-v0,6,0.246612
15,ours-406478,7,0.118302
15,KACTL,7,2.386225
15,simd-v0,7,0.246503
15,393435,7,0.180860
15,KACTL,8,2.395282
15,simd-v0,8,0.246312
15,393435,8,0.181460
15,ours-406478,8,0.118292
15,simd-v0,9,0.256932
15,393435,9,0.180839
15,ours-406478,9,0.118322
15,KACTL,9,2.372399
15,393435,10,0.180518
15,ours-406478,10,0.128862
15,KACTL,10,2.395532
15,simd-v0,10,0.246542
15,ours-406478,11,0.118242
15,KACTL,11,2.386356
15,simd-v0,11,0.246372
15,393435,11,0.181260
15,KACTL,12,2.453862
15,simd-v0,12,0.246653
15,393435,12,0.181089
15,ours-406478,12,0.118542
15,simd-v0,13,0.257062
15,393435,13,0.180909
15,ours-406478,13,0.118352
15,KACTL,13,2.372740
15,393435,14,0.180719
15,ours-406478,14,0.128761
15,KACTL,14,2.388810
15,simd-v0,14,0.247244
15,ours-406478,15,0.118272
15,KACTL,15,2.394941
15,simd-v0,15,0.246582
15,393435,15,0.180539
15,KACTL,16,2.394150
15,simd-v0,16,0.246312
15,393435,16,0.181691
15,ours-406478,16,0.118312
15,simd-v0,17,0.256792
15,393435,17,0.207269
15,ours-406478,17,0.118472
15,KACTL,17,2.377349
15,393435,18,0.180769
15,ours-406478,18,0.128812
15,KACTL,18,2.381697
15,simd-v0,18,0.247314
15,ours-406478,19,0.118332
15,KACTL,19,2.381676
15,simd-v0,19,0.246602
15,393435,19,0.180689
15,KACTL,20,2.423646
15,simd-v0,20,0.246833
15,393435,20,0.181330
15,ours-406478,20,0.118332
15,simd-v0,21,0.275908
15,393435,21,0.189205
15,ours-406478,21,0.118602
15,KACTL,21,2.385584
15,393435,22,0.191779
15,ours-406478,22,0.118522
15,KACTL,22,2.384191
15,simd-v0,22,0.246652
15,ours-406478,23,0.118302
15,KACTL,23,2.382498
15,simd-v0,23,0.246643
15,393435,23,0.181570
15,KACTL,24,2.397216
15,simd-v0,24,0.246292
15,393435,24,0.180518
15,ours-406478,24,0.118302
15,simd-v0,25,0.256822
15,393435,25,0.181641
15,ours-406478,25,0.118232
15,KACTL,25,2.371678
15,393435,26,0.180689
15,ours-406478,26,0.128722
15,KACTL,26,2.384141
15,simd-v0,26,0.247344
15,ours-406478,27,0.118342
15,KACTL,27,2.382387
15,simd-v0,27,0.246552
15,393435,27,0.180508
15,KACTL,28,2.412094
15,simd-v0,28,0.246443
15,393435,28,0.181120
15,ours-406478,28,0.119173
15,simd-v0,29,0.257353
15,393435,29,0.181180
15,ours-406478,29,0.118211
15,KACTL,29,2.370296
15,393435,30,0.180529
15,ours-406478,30,0.128722
15,KACTL,30,2.383751
15,simd-v0,30,0.247444
15,ours-406478,31,0.118332
15,KACTL,31,2.384813
15,simd-v0,31,0.246773
15,393435,31,0.181550
15,KACTL,32,2.410610
15,simd-v0,32,0.246592
15,393435,32,0.180609
15,ours-406478,32,0.118432
15,simd-v0,33,0.256701
15,393435,33,0.180649
15,ours-406478,33,0.118302
15,KACTL,33,2.398689
15,393435,34,0.214843
15,ours-406478,34,0.118993
15,KACTL,34,2.387598
15,simd-v0,34,0.247554
15,ours-406478,35,0.118433
15,KACTL,35,2.415129
15,simd-v0,35,0.246493
15,393435,35,0.181100
15,KACTL,36,2.395673
15,simd-v0,36,0.246573
15,393435,36,0.180659
15,ours-406478,36,0.119244
15,simd-v0,37,0.257122
15,393435,37,0.181279
15,ours-406478,37,0.118302
15,KACTL,37,2.376206
15,393435,38,0.180448
15,ours-406478,38,0.118211
15,KACTL,38,2.385874
15,simd-v0,38,0.247334
15,ours-406478,39,0.118292
15,KACTL,39,2.382098
15,simd-v0,39,0.246763
15,393435,39,0.180879
15,KACTL,40,2.417984
15,simd-v0,40,0.246613
15,393435,40,0.181130
15,ours-406478,40,0.119354
15,simd-v0,41,0.259407
15,393435,41,0.181089
15,ours-406478,41,0.118342
15,KACTL,41,2.372619
15,393435,42,0.180569
15,ours-406478,42,0.118392
15,KACTL,42,2.382778
15,simd-v0,42,0.246492
15,ours-406478,43,0.118302
15,KACTL,43,2.392196
15,simd-v0,43,0.246462
15,393435,43,0.181670
15,KACTL,44,2.395442
15,simd-v0,44,0.246693
15,393435,44,0.180529
15,ours-406478,44,0.119073
15,simd-v0,45,0.257122
15,393435,45,0.180769
15,ours-406478,45,0.118192
15,KACTL,45,2.371276
15,393435,46,0.180658
15,ours-406478,46,0.118251
15,KACTL,46,2.382759
15,simd-v0,46,0.246472
15,ours-406478,47,0.118292
15,KACTL,47,2.387928
15,simd-v0,47,0.246402
15,393435,47,0.181771
15,KACTL,48,2.393358
15,simd-v0,48,0.246422
15,393435,48,0.180809
15,ours-406478,48,0.118492
15,simd-v0,49,0.256641
15,393435,49,0.180730
15,ours-406478,49,0.118382
15,KACTL,49,2.378750
15,393435,50,0.181090
15,ours-406478,50,0.128702
15,KACTL,50,2.384702
15,simd-v0,50,0.246172
15,ours-406478,51,0.118232
15,KACTL,51,2.383821
15,simd-v0,51,0.246492
15,393435,51,0.181250
15,KACTL,52,2.394761
15,simd-v0,52,0.250519
15,393435,52,0.180628
15,ours-406478,52,0.118281
15,simd-v0,53,0.257573
15,393435,53,0.180788
15,ours-406478,53,0.118312
15,KACTL,53,2.378030
15,393435,54,0.180769
15,ours-406478,54,0.142878
15,KACTL,54,2.387848
15,simd-v0,54,0.246733
15,ours-406478,55,0.118282
15,KACTL,55,2.381165
15,simd-v0,55,0.246593
15,393435,55,0.181310
15,KACTL,56,2.395943
15,simd-v0,56,0.246582
15,393435,56,0.180809
15,ours-406478,56,0.118252
15,simd-v0,57,0.257673
15,393435,57,0.180569
15,ours-406478,57,0.118322
15,KACTL,57,2.373150
15,393435,58,0.180859
15,ours-406478,58,0.128852
15,KACTL,58,2.385835
15,simd-v0,58,0.246973
15,ours-406478,59,0.118202
15,KACTL,59,2.382708
15,simd-v0,59,0.246582
15,393435,59,0.181370
15,KACTL,60,2.394371
15,simd-v0,60,0.246292
15,393435,60,0.180569
15,ours-406478,60,0.118292
15,simd-v0,61,0.248957
15,393435,61,0.191048
15,ours-406478,61,0.118412
15,KACTL,61,2.371497
15,393435,62,0.181730
15,ours-406478,62,0.128942
15,KACTL,62,2.383230
15,simd-v0,62,0.246652
15,ours-406478,63,0.118332
15,KACTL,63,2.386035
15,simd-v0,63,0.246612
15,393435,63,0.181140
15,KACTL,64,2.411953
15,simd-v0,64,0.246562
15,393435,64,0.181200
15,ours-406478,64,0.118292
15,simd-v0,65,0.247274
15,393435,65,0.192191
15,ours-406478,65,0.118331
15,KACTL,65,2.370787
15,393435,66,0.181811
15,ours-406478,66,0.130013
15,KACTL,66,2.387167
15,simd-v0,66,0.246542
15,ours-406478,67,0.118431
15,KACTL,67,2.386215
15,simd-v0,67,0.246552
15,393435,67,0.199945
15,KACTL,68,2.446378
15,simd-v0,68,0.246723
15,393435,68,0.180929
15,ours-406478,68,0.118663
15,simd-v0,69,0.257974
15,393435,69,0.180849
15,ours-406478,69,0.118332
15,KACTL,69,2.371578
15,393435,70,0.181771
15,ours-406478,70,0.128791
15,KACTL,70,2.390784
15,simd-v0,70,0.247343
15,ours-406478,71,0.118362
15,KACTL,71,2.383119
15,simd-v0,71,0.246452
15,393435,71,0.181009
15,KACTL,72,2.397987
15,simd-v0,72,0.246352
15,393435,72,0.180900
15,ours-406478,72,0.118202
15,simd-v0,73,0.257563
15,393435,73,0.180879
15,ours-406478,73,0.118392
15,KACTL,73,2.376768
15,393435,74,0.180669
15,ours-406478,74,0.129102
15,KACTL,74,2.387427
15,simd-v0,74,0.246482
15,ours-406478,75,0.118311
15,KACTL,75,2.395112
15,simd-v0,75,0.246543
15,393435,75,0.180719
15,KACTL,76,2.394731
15,simd-v0,76,0.246492
15,393435,76,0.180499
15,ours-406478,76,0.118513
15,simd-v0,77,0.256892
15,393435,77,0.180509
15,ours-406478,77,0.118272
15,KACTL,77,2.375695
15,393435,78,0.181170
15,ours-406478,78,0.129243
15,KACTL,78,2.382869
15,simd-v0,78,0.246843
15,ours-406478,79,0.118262
15,KACTL,79,2.379333
15,simd-v0,79,0.246533
15,393435,79,0.180869
15,KACTL,80,2.395502
15,simd-v0,80,0.246232
15,393435,80,0.180859
15,ours-406478,80,0.118382
15,simd-v0,81,0.247384
15,393435,81,0.190998
15,ours-406478,81,0.118332
15,KACTL,81,2.372649
15,393435,82,0.180659
15,ours-406478,82,0.128692
15,KACTL,82,2.383580
15,simd-v0,82,0.246793
15,ours-406478,83,0.118282
15,KACTL,83,2.382017
15,simd-v0,83,0.246622
15,393435,83,0.180939
15,KACTL,84,2.397827
15,simd-v0,84,0.246402
15,393435,84,0.180458
15,ours-406478,84,0.118732
15,simd-v0,85,0.246662
15,393435,85,0.191449
15,ours-406478,85,0.118282
15,KACTL,85,2.371528
15,393435,86,0.180770
15,ours-406478,86,0.129513
15,KACTL,86,2.398508
15,simd-v0,86,0.246853
15,ours-406478,87,0.118392
15,KACTL,87,2.387789
15,simd-v0,87,0.246782
15,393435,87,0.181100
15,KACTL,88,2.396545
15,simd-v0,88,0.246713
15,393435,88,0.180788
15,ours-406478,88,0.118211
15,simd-v0,89,0.246422
15,393435,89,0.192832
15,ours-406478,89,0.118442
15,KACTL,89,2.371287
15,393435,90,0.182422
15,ours-406478,90,0.128721
15,KACTL,90,2.382037
15,simd-v0,90,0.246973
15,ours-406478,91,0.118342
15,KACTL,91,2.388529
15,simd-v0,91,0.246482
15,393435,91,0.180919
15,KACTL,92,2.395482
15,simd-v0,92,0.246502
15,393435,92,0.180579
15,ours-406478,92,0.118732
15,simd-v0,93,0.246572
15,393435,93,0.191359
15,ours-406478,93,0.118312
15,KACTL,93,2.371478
15,393435,94,0.180709
15,ours-406478,94,0.128792
15,KACTL,94,2.387768
15,simd-v0,94,0.247454
15,ours-406478,95,0.118863
15,KACTL,95,2.380174
15,simd-v0,95,0.246462
15,393435,95,0.183023
15,KACTL,96,2.396725
15,simd-v0,96,0.246863
15,393435,96,0.180819
15,ours-406478,96,0.118773
15,simd-v0,97,0.246522
15,393435,97,0.192091
15,ours-406478,97,0.118161
15,KACTL,97,2.416071
15,393435,98,0.180789
15,ours-406478,98,0.130514
15,KACTL,98,2.381456
15,simd-v0,98,0.246633
15,ours-406478,99,0.118322
15,KACTL,99,2.381276
15,simd-v0,99,0.246312
15,393435,99,0.180889
15,KACTL,100,2.428224
15,simd-v0,100,0.246773
15,393435,100,0.180829
15,ours-406478,100,0.118562
15,simd-v0,101,0.258905
15,393435,101,0.180799
15,ours-406478,101,0.118202
15,KACTL,101,2.372910
15,393435,102,0.180689
15,ours-406478,102,0.129473
15,KACTL,102,2.385935
15,simd-v0,102,0.248696
15,ours-406478,103,0.118643
15,KACTL,103,2.389572
15,simd-v0,103,0.246693
15,393435,103,0.183795
15,KACTL,104,2.436669
15,simd-v0,104,0.253045
15,393435,104,0.181190
15,ours-406478,104,0.119465
15,simd-v0,105,0.257363
15,393435,105,0.181711
15,ours-406478,105,0.118292
15,KACTL,105,2.373010
15,393435,106,0.180719
15,ours-406478,106,0.118472
15,KACTL,106,2.383179
15,simd-v0,106,0.246623
15,ours-406478,107,0.118333
15,KACTL,107,2.381777
15,simd-v0,107,0.246342
15,393435,107,0.180699
15,KACTL,108,2.407505
15,simd-v0,108,0.246612
15,393435,108,0.181040
15,ours-406478,108,0.118332
15,simd-v0,109,0.257493
15,393435,109,0.180679
15,ours-406478,109,0.119194
15,KACTL,109,2.373141
15,393435,110,0.180509
15,ours-406478,110,0.128852
15,KACTL,110,2.383920
15,simd-v0,110,0.246983
15,ours-406478,111,0.118312
15,KACTL,111,2.383470
15,simd-v0,111,0.246402
15,393435,111,0.181140
15,KACTL,112,2.399871
15,simd-v0,112,0.246332
15,393435,112,0.180568
15,ours-406478,112,0.118692
15,simd-v0,113,0.257163
15,393435,113,0.181551
15,ours-406478,113,0.118262
15,KACTL,113,2.372139
15,393435,114,0.180649
15,ours-406478,114,0.129082
15,KACTL,114,2.387107
15,simd-v0,114,0.246492
15,ours-406478,115,0.118332
15,KACTL,115,2.381836
15,simd-v0,115,0.246703
15,393435,115,0.180539
15,KACTL,116,2.398227
15,simd-v0,116,0.246733
15,393435,116,0.180829
15,ours-406478,116,0.118442
15,simd-v0,117,0.272983
15,393435,117,0.201819
15,ours-406478,117,0.118622
15,KACTL,117,2.381236
15,393435,118,0.180609
15,ours-406478,118,0.118663
15,KACTL,118,2.384451
15,simd-v0,118,0.247283
15,ours-406478,119,0.118252
15,KACTL,119,2.397786
15,simd-v0,119,0.246523
15,393435,119,0.180649
15,KACTL,120,2.400301
15,simd-v0,120,0.246512
15,393435,120,0.181350
15,ours-406478,120,0.118281
15,simd-v0,121,0.259426
15,393435,121,0.180619
15,ours-406478,121,0.118382
15,KACTL,121,2.372840
15,393435,122,0.192861
15,ours-406478,122,0.118542
15,KACTL,122,2.387568
15,simd-v0,122,0.247023
15,ours-406478,123,0.118332
15,KACTL,123,2.383520
15,simd-v0,123,0.246782
15,393435,123,0.181951
15,KACTL,124,2.403818
15,simd-v0,124,0.246713
15,393435,124,0.180779
15,ours-406478,124,0.118673
15,simd-v0,125,0.256992
15,393435,125,0.182232
15,ours-406478,125,0.122830
15,KACTL,125,2.400962
15,393435,126,0.191719
15,ours-406478,126,0.118563
15,KACTL,126,2.387047
15,simd-v0,126,0.246914
15,ours-406478,127,0.128731
15,KACTL,127,2.383079
15,simd-v0,127,0.246793
15,393435,127,0.181240
15,KACTL,128,2.396654
15,simd-v0,128,0.246462
15,393435,128,0.180699
15,ours-406478,128,0.118452
15,simd-v0,129,0.258565
15,393435,129,0.180789
15,ours-406478,129,0.118472
15,KACTL,129,2.372199
15,393435,130,0.191158
15,ours-406478,130,0.118162
15,KACTL,130,2.401574
15,simd-v0,130,0.246662
15,ours-406478,131,0.133009
15,KACTL,131,2.371607
15,simd-v0,131,0.246883
15,393435,131,0.180428
15,KACTL,132,2.401704
15,simd-v0,132,0.246573
15,393435,132,0.180578
15,ours-406478,132,0.118412
15,simd-v0,133,0.257333
15,393435,133,0.180479
15,ours-406478,133,0.118181
15,KACTL,133,2.377799
15,393435,134,0.192180
15,ours-406478,134,0.118392
15,KACTL,134,2.387127
15,simd-v0,134,0.247144
15,ours-406478,135,0.129022
15,KACTL,135,2.372599
15,simd-v0,135,0.249598
15,393435,135,0.183775
15,KACTL,136,2.413617
15,simd-v0,136,0.247033
15,393435,136,0.180719
15,ours-406478,136,0.121959
15,simd-v0,137,0.246813
15,393435,137,0.180970
15,ours-406478,137,0.119604
15,KACTL,137,2.380825
15,393435,138,0.180799
15,ours-406478,138,0.118422
15,KACTL,138,2.385183
15,simd-v0,138,0.258515
15,ours-406478,139,0.118482
15,KACTL,139,2.370916
15,simd-v0,139,0.246342
15,393435,139,0.181089
15,KACTL,140,2.385804
15,simd-v0,140,0.246462
15,393435,140,0.181050
15,ours-406478,140,0.128862
15,simd-v0,141,0.246583
15,393435,141,0.180799
15,ours-406478,141,0.118261
15,KACTL,141,2.398478
15,393435,142,0.181360
15,ours-406478,142,0.118322
15,KACTL,142,2.388739
15,simd-v0,142,0.257783
15,ours-406478,143,0.118723
15,KACTL,143,2.374983
15,simd-v0,143,0.246633
15,393435,143,0.191629
15,KACTL,144,2.387277
15,simd-v0,144,0.246553
15,393435,144,0.180709
15,ours-406478,144,0.129093
15,simd-v0,145,0.246612
15,393435,145,0.180739
15,ours-406478,145,0.118222
15,KACTL,145,2.382217
15,393435,146,0.181431
15,ours-406478,146,0.119103
15,KACTL,146,2.386155
15,simd-v0,146,0.257954
15,ours-406478,147,0.118332
15,KACTL,147,2.415160
15,simd-v0,147,0.246873
15,393435,147,0.192492
15,KACTL,148,2.382799
15,simd-v0,148,0.246642
15,393435,148,0.181311
15,ours-406478,148,0.130454
15,simd-v0,149,0.246453
15,393435,149,0.181600
15,ours-406478,149,0.118212
15,KACTL,149,2.401073
15,393435,150,0.181030
15,ours-406478,150,0.139001
15,KACTL,150,2.391545
15,simd-v0,150,0.260108
15,ours-406478,151,0.118483
15,KACTL,151,2.371107
15,simd-v0,151,0.246903
15,393435,151,0.193092
15,KACTL,152,2.397076
15,simd-v0,152,0.246943
15,393435,152,0.180629
15,ours-406478,152,0.118442
15,simd-v0,153,0.246823
15,393435,153,0.180659
15,ours-406478,153,0.118402
15,KACTL,153,2.387818
15,393435,154,0.180509
15,ours-406478,154,0.118422
15,KACTL,154,2.393068
15,simd-v0,154,0.257713
15,ours-406478,155,0.118332
15,KACTL,155,2.369043
15,simd-v0,155,0.246483
15,393435,155,0.191298
15,KACTL,156,2.387047
15,simd-v0,156,0.246402
15,393435,156,0.181189
15,ours-406478,156,0.118432
15,simd-v0,157,0.246953
15,393435,157,0.180749
15,ours-406478,157,0.118202
15,KACTL,157,2.386896
15,393435,158,0.180588
15,ours-406478,158,0.118292
15,KACTL,158,2.386095
15,simd-v0,158,0.257263
15,ours-406478,159,0.118482
15,KACTL,159,2.372659
15,simd-v0,159,0.246893
15,393435,159,0.191900
15,KACTL,160,2.386936
15,simd-v0,160,0.246533
15,393435,160,0.190548
15,ours-406478,160,0.118743
15,simd-v0,161,0.246513
15,393435,161,0.180999
15,ours-406478,161,0.118331
15,KACTL,161,2.413576
15,393435,162,0.180568
15,ours-406478,162,0.119074
15,KACTL,162,2.386796
15,simd-v0,162,0.256952
15,ours-406478,163,0.118372
15,KACTL,163,2.387628
15,simd-v0,163,0.246743
15,393435,163,0.194645
15,KACTL,164,2.388920
15,simd-v0,164,0.246593
15,393435,164,0.193072
15,ours-406478,164,0.118402
15,simd-v0,165,0.246542
15,393435,165,0.180789
15,ours-406478,165,0.118392
15,KACTL,165,2.387798
15,393435,166,0.180629
15,ours-406478,166,0.118382
15,KACTL,166,2.387046
15,simd-v0,166,0.269495
15,ours-406478,167,0.118422
15,KACTL,167,2.379121
15,simd-v0,167,0.256942
15,393435,167,0.182823
15,KACTL,168,2.385193
15,simd-v0,168,0.246873
15,393435,168,0.191409
15,ours-406478,168,0.118562
15,simd-v0,169,0.247324
15,393435,169,0.180669
15,ours-406478,169,0.118473
15,KACTL,169,2.382458
15,393435,170,0.180609
15,ours-406478,170,0.118242
15,KACTL,170,2.385203
15,simd-v0,170,0.259447
15,ours-406478,171,0.118593
15,KACTL,171,2.378010
15,simd-v0,171,0.257193
15,393435,171,0.180799
15,KACTL,172,2.385765
15,simd-v0,172,0.246593
15,393435,172,0.191129
15,ours-406478,172,0.118572
15,simd-v0,173,0.246533
15,393435,173,0.181380
15,ours-406478,173,0.118392
15,KACTL,173,2.386586
15,393435,174,0.180969
15,ours-406478,174,0.118302
15,KACTL,174,2.404059
15,simd-v0,174,0.247154
15,ours-406478,175,0.118412
15,KACTL,175,2.376737
15,simd-v0,175,0.257192
15,393435,175,0.181700
15,KACTL,176,2.384883
15,simd-v0,176,0.246963
15,393435,176,0.193954
15,ours-406478,176,0.118702
15,simd-v0,177,0.246251
15,393435,177,0.180718
15,ours-406478,177,0.118201
15,KACTL,177,2.383159
15,393435,178,0.180900
15,ours-406478,178,0.118392
15,KACTL,178,2.418505
15,simd-v0,178,0.261220
15,ours-406478,179,0.118442
15,KACTL,179,2.373942
15,simd-v0,179,0.257723
15,393435,179,0.181941
15,KACTL,180,2.392868
15,simd-v0,180,0.258275
15,393435,180,0.180298
15,ours-406478,180,0.118793
15,simd-v0,181,0.246412
15,393435,181,0.180538
15,ours-406478,181,0.118422
15,KACTL,181,2.388529
15,393435,182,0.181641
15,ours-406478,182,0.118262
15,KACTL,182,2.396545
15,simd-v0,182,0.247084
15,ours-406478,183,0.118422
15,KACTL,183,2.393979
15,simd-v0,183,0.262462
15,393435,183,0.182422
15,KACTL,184,2.390523
15,simd-v0,184,0.257733
15,393435,184,0.180929
15,ours-406478,184,0.118863
15,simd-v0,185,0.246502
15,393435,185,0.181120
15,ours-406478,185,0.118482
15,KACTL,185,2.388640
15,393435,186,0.181059
15,ours-406478,186,0.118492
15,KACTL,186,2.399400
15,simd-v0,186,0.247023
15,ours-406478,187,0.118402
15,KACTL,187,2.397116
15,simd-v0,187,0.258986
15,393435,187,0.183454
15,KACTL,188,2.407364
15,simd-v0,188,0.257603
15,393435,188,0.181571
15,ours-406478,188,0.118832
15,simd-v0,189,0.247514
15,393435,189,0.181240
15,ours-406478,189,0.129243
15,KACTL,189,2.385795
15,393435,190,0.180398
15,ours-406478,190,0.118422
15,KACTL,190,2.401033
15,simd-v0,190,0.246783
15,ours-406478,191,0.119023
15,KACTL,191,2.384712
15,simd-v0,191,0.246572
15,393435,191,0.181491
15,KACTL,192,2.386516
15,simd-v0,192,0.256892
15,393435,192,0.180498
15,ours-406478,192,0.118903
15,simd-v0,193,0.246422
15,393435,193,0.181310
15,ours-406478,193,0.128861
15,KACTL,193,2.371277
15,393435,194,0.181400
15,ours-406478,194,0.118382
15,KACTL,194,2.399370
15,simd-v0,194,0.247434
15,ours-406478,195,0.118462
15,KACTL,195,2.382979
15,simd-v0,195,0.246402
15,393435,195,0.180990
15,KACTL,196,2.401383
15,simd-v0,196,0.257683
15,393435,196,0.180699
15,ours-406478,196,0.118472
15,simd-v0,197,0.247404
15,393435,197,0.180569
15,ours-406478,197,0.128731
15,KACTL,197,2.374322
15,393435,198,0.180749
15,ours-406478,198,0.118391
15,KACTL,198,2.398429
15,simd-v0,198,0.246533
15,ours-406478,199,0.118382
15,KACTL,199,2.381746
15,simd-v0,199,0.246613
15,393435,199,0.180579
15,KACTL,200,2.384331
15,simd-v0,200,0.259006
15,393435,200,0.180678
15,ours-406478,200,0.118322
15,simd-v0,201,0.246722
15,393435,201,0.180789
15,ours-406478,201,0.128602
15,KACTL,201,2.372820
15,393435,202,0.181371
15,ours-406478,202,0.118302
15,KACTL,202,2.531378
15,simd-v0,202,0.247043
15,ours-406478,203,0.118673
15,KACTL,203,2.410260
15,simd-v0,203,0.246963
15,393435,203,0.180989
15,KACTL,204,2.433884
15,simd-v0,204,0.249157
15,393435,204,0.181311
15,ours-406478,204,0.118693
15,simd-v0,205,0.246602
15,393435,205,0.194004
15,ours-406478,205,0.118332
15,KACTL,205,2.378411
15,393435,206,0.182542
15,ours-406478,206,0.146264
15,KACTL,206,2.403799
15,simd-v0,206,0.247334
15,ours-406478,207,0.118472
15,KACTL,207,2.385744
15,simd-v0,207,0.246673
15,393435,207,0.182091
15,KACTL,208,2.394771
15,simd-v0,208,0.246672
15,393435,208,0.180609
15,ours-406478,208,0.118382
15,simd-v0,209,0.257853
15,393435,209,0.180689
15,ours-406478,209,0.118372
15,KACTL,209,2.373501
15,393435,210,0.180879
15,ours-406478,210,0.129382
15,KACTL,210,2.387066
15,simd-v0,210,0.247043
15,ours-406478,211,0.118402
15,KACTL,211,2.383029
15,simd-v0,211,0.246382
15,393435,211,0.181230
15,KACTL,212,2.397406
15,simd-v0,212,0.246653
15,393435,212,0.181340
15,ours-406478,212,0.119464
15,simd-v0,213,0.258174
15,393435,213,0.180780
15,ours-406478,213,0.118352
15,KACTL,213,2.386115
15,393435,214,0.181430
15,ours-406478,214,0.132328
15,KACTL,214,2.385303
15,simd-v0,214,0.246943
15,ours-406478,215,0.118051
15,KACTL,215,2.380955
15,simd-v0,215,0.246402
15,393435,215,0.180068
15,KACTL,216,2.397206
15,simd-v0,216,0.246472
15,393435,216,0.180599
15,ours-406478,216,0.119273
15,simd-v0,217,0.263214
15,393435,217,0.181130
15,ours-406478,217,0.118351
15,KACTL,217,2.377649
15,393435,218,0.191849
15,ours-406478,218,0.118482
15,KACTL,218,2.391285
15,simd-v0,218,0.246622
15,ours-406478,219,0.118281
15,KACTL,219,2.388309
15,simd-v0,219,0.246943
15,393435,219,0.184246
15,KACTL,220,2.405882
15,simd-v0,220,0.246472
15,393435,220,0.180699
15,ours-406478,220,0.119634
15,simd-v0,221,0.257463
15,393435,221,0.180980
15,ours-406478,221,0.118282
15,KACTL,221,2.371858
15,393435,222,0.193643
15,ours-406478,222,0.118312
15,KACTL,222,2.383901
15,simd-v0,222,0.246723
15,ours-406478,223,0.128842
15,KACTL,223,2.380003
15,simd-v0,223,0.246562
15,393435,223,0.181050
15,KACTL,224,2.416071
15,simd-v0,224,0.247234
15,393435,224,0.180819
15,ours-406478,224,0.119084
15,simd-v0,225,0.258124
15,393435,225,0.180618
15,ours-406478,225,0.118562
15,KACTL,225,2.370386
15,393435,226,0.191480
15,ours-406478,226,0.118352
15,KACTL,226,2.388249
15,simd-v0,226,0.246843
15,ours-406478,227,0.128811
15,KACTL,227,2.380144
15,simd-v0,227,0.246703
15,393435,227,0.181440
15,KACTL,228,2.397686
15,simd-v0,228,0.246573
15,393435,228,0.180840
15,ours-406478,228,0.118462
15,simd-v0,229,0.257002
15,393435,229,0.180719
15,ours-406478,229,0.118393
15,KACTL,229,2.380685
15,393435,230,0.191158
15,ours-406478,230,0.118743
15,KACTL,230,2.386175
15,simd-v0,230,0.247454
15,ours-406478,231,0.129652
15,KACTL,231,2.402716
15,simd-v0,231,0.246602
15,393435,231,0.181060
15,KACTL,232,2.398077
15,simd-v0,232,0.246623
15,393435,232,0.181029
15,ours-406478,232,0.119414
15,simd-v0,233,0.257072
15,393435,233,0.180729
15,ours-406478,233,0.118432
15,KACTL,233,2.376637
15,393435,234,0.194104
15,ours-406478,234,0.118572
15,KACTL,234,2.392227
15,simd-v0,234,0.248656
15,ours-406478,235,0.129683
15,KACTL,235,2.403908
15,simd-v0,235,0.246773
15,393435,235,0.182832
15,KACTL,236,2.385182
15,simd-v0,236,0.247584
15,393435,236,0.181701
15,ours-406478,236,0.131517
15,simd-v0,237,0.246733
15,393435,237,0.180919
15,ours-406478,237,0.118432
15,KACTL,237,2.389220
15,393435,238,0.181140
15,ours-406478,238,0.118282
15,KACTL,238,2.386705
15,simd-v0,238,0.260389
15,ours-406478,239,0.118302
15,KACTL,239,2.373651
15,simd-v0,239,0.246872
15,393435,239,0.193102
15,KACTL,240,2.387307
15,simd-v0,240,0.246342
15,393435,240,0.180549
15,ours-406478,240,0.128952
15,simd-v0,241,0.246262
15,393435,241,0.180970
15,ours-406478,241,0.118242
15,KACTL,241,2.383169
15,393435,242,0.180779
15,ours-406478,242,0.118562
15,KACTL,242,2.421611
15,simd-v0,242,0.257914
15,ours-406478,243,0.118492
15,KACTL,243,2.373121
15,simd-v0,243,0.246572
15,393435,243,0.196067
15,KACTL,244,2.385854
15,simd-v0,244,0.246883
15,393435,244,0.181510
15,ours-406478,244,0.128942
15,simd-v0,245,0.246623
15,393435,245,0.181139
15,ours-406478,245,0.118372
15,KACTL,245,2.385153
15,393435,246,0.180840
15,ours-406478,246,0.118262
15,KACTL,246,2.402395
15,simd-v0,246,0.257673
15,ours-406478,247,0.118382
15,KACTL,247,2.378741
15,simd-v0,247,0.246643
15,393435,247,0.194926
15,KACTL,248,2.388238
15,simd-v0,248,0.247303
15,393435,248,0.194585
15,ours-406478,248,0.119354
15,simd-v0,249,0.246622
15,393435,249,0.182412
15,ours-406478,249,0.118502
15,KACTL,249,2.389131
15,393435,250,0.181109
15,ours-406478,250,0.119224
15,KACTL,250,2.394761
15,simd-v0,250,0.258154
15,ours-406478,251,0.118773
15,KACTL,251,2.378090
15,simd-v0,251,0.246753
15,393435,251,0.181109
15,KACTL,252,2.385554
15,simd-v0,252,0.247003
15,393435,252,0.192411
15,ours-406478,252,0.118883
15,simd-v0,253,0.246613
15,393435,253,0.180889
15,ours-406478,253,0.118472
15,KACTL,253,2.386055
15,393435,254,0.181030
15,ours-406478,254,0.118682
15,KACTL,254,2.391866
15,simd-v0,254,0.258294
15,ours-406478,255,0.118252
15,KACTL,255,2.390362
15,simd-v0,255,0.273152
15,393435,255,0.219502
15,KACTL,256,2.418415
15,simd-v0,256,0.258825
15,393435,256,0.180880
15,ours-406478,256,0.119144
15,simd-v0,257,0.246803
15,393435,257,0.180598
15,ours-406478,257,0.118523
15,KACTL,257,2.516981
15,393435,258,0.205215
15,ours-406478,258,0.120055
15,KACTL,258,2.393278
15,simd-v0,258,0.246873
15,ours-406478,259,0.118282
15,KACTL,259,2.398578
15,simd-v0,259,0.246673
15,393435,259,0.182232
15,KACTL,260,2.380133
15,simd-v0,260,0.257964
15,393435,260,0.181270
15,ours-406478,260,0.118933
15,simd-v0,261,0.246522
15,393435,261,0.192771
15,ours-406478,261,0.118372
15,KACTL,261,2.387448
15,393435,262,0.180689
15,ours-406478,262,0.118322
15,KACTL,262,2.384151
15,simd-v0,262,0.246822
15,ours-406478,263,0.118422
15,KACTL,263,2.400041
15,simd-v0,263,0.246682
15,393435,263,0.181410
15,KACTL,264,2.372930
15,simd-v0,264,0.256651
15,393435,264,0.180419
15,ours-406478,264,0.118542
15,simd-v0,265,0.246893
15,393435,265,0.191359
15,ours-406478,265,0.118252
15,KACTL,265,2.391946
15,393435,266,0.182001
15,ours-406478,266,0.118382
15,KACTL,266,2.411422
15,simd-v0,266,0.247464
15,ours-406478,267,0.118482
15,KACTL,267,2.408607
15,simd-v0,267,0.247424
15,393435,267,0.182142
15,KACTL,268,2.402987
15,simd-v0,268,0.247064
15,393435,268,0.180900
15,ours-406478,268,0.119804
15,simd-v0,269,0.246893
15,393435,269,0.191469
15,ours-406478,269,0.118692
15,KACTL,269,2.387698
15,393435,270,0.181741
15,ours-406478,270,0.128962
15,KACTL,270,2.435066
15,simd-v0,270,0.248536
15,ours-406478,271,0.118853
15,KACTL,271,2.411383
15,simd-v0,271,0.247184
15,393435,271,0.183213
15,KACTL,272,2.387377
15,simd-v0,272,0.246872
15,393435,272,0.180899
15,ours-406478,272,0.119304
15,simd-v0,273,0.258886
15,393435,273,0.180739
15,ours-406478,273,0.118322
15,KACTL,273,2.411031
15,393435,274,0.192861
15,ours-406478,274,0.119344
15,KACTL,274,2.374583
15,simd-v0,274,0.247454
15,ours-406478,275,0.118372
15,KACTL,275,2.401653
15,simd-v0,275,0.246552
15,393435,275,0.182472
15,KACTL,276,2.385013
15,simd-v0,276,0.246893
15,393435,276,0.181120
15,ours-406478,276,0.118823
15,simd-v0,277,0.260269
15,393435,277,0.181049
15,ours-406478,277,0.118923
15,KACTL,277,2.387077
15,393435,278,0.191930
15,ours-406478,278,0.118382
15,KACTL,278,2.375024
15,simd-v0,278,0.247705
15,ours-406478,279,0.118211
15,KACTL,279,2.405812
15,simd-v0,279,0.247113
15,393435,279,0.182402
15,KACTL,280,2.392276
15,simd-v0,280,0.246723
15,393435,280,0.181000
15,ours-406478,280,0.119545
15,simd-v0,281,0.257392
15,393435,281,0.180648
15,ours-406478,281,0.118642
15,KACTL,281,2.404830
15,393435,282,0.193834
15,ours-406478,282,0.119024
15,KACTL,282,2.375585
15,simd-v0,282,0.248185
15,ours-406478,283,0.130224
15,KACTL,283,2.395042
15,simd-v0,283,0.246633
15,393435,283,0.182983
15,KACTL,284,2.392446
15,simd-v0,284,0.246702
15,393435,284,0.181189
15,ours-406478,284,0.119615
15,simd-v0,285,0.258916
15,393435,285,0.180819
15,ours-406478,285,0.118352
15,KACTL,285,2.392978
15,393435,286,0.192180
15,ours-406478,286,0.118602
15,KACTL,286,2.388740
15,simd-v0,286,0.248796
15,ours-406478,287,0.121928
15,KACTL,287,2.387668
15,simd-v0,287,0.247484
15,393435,287,0.195276
15,KACTL,288,2.377880
15,simd-v0,288,0.246583
15,393435,288,0.181250
15,ours-406478,288,0.131367
15,simd-v0,289,0.247424
15,393435,289,0.180989
15,ours-406478,289,0.118231
15,KACTL,289,2.403598
15,393435,290,0.181431
15,ours-406478,290,0.118492
15,KACTL,290,2.379052
15,simd-v0,290,0.257784
15,ours-406478,291,0.118282
15,KACTL,291,2.385714
15,simd-v0,291,0.247434
15,393435,291,0.193012
15,KACTL,292,2.393128
15,simd-v0,292,0.246602
15,393435,292,0.180870
15,ours-406478,292,0.132057
15,simd-v0,293,0.247394
15,393435,293,0.180478
15,ours-406478,293,0.118192
15,KACTL,293,2.399189
15,393435,294,0.181530
15,ours-406478,294,0.118152
15,KACTL,294,2.372138
15,simd-v0,294,0.257633
15,ours-406478,295,0.118222
15,KACTL,295,2.386255
15,simd-v0,295,0.246383
15,393435,295,0.192281
15,KACTL,296,2.373882
15,simd-v0,296,0.246833
15,393435,296,0.181400
15,ours-406478,296,0.129704
15,simd-v0,297,0.246722
15,393435,297,0.181009
15,ours-406478,297,0.118322
15,KACTL,297,2.402155
15,393435,298,0.181330
15,ours-406478,298,0.118412
15,KACTL,298,2.375916
15,simd-v0,298,0.259006
15,ours-406478,299,0.118453
15,KACTL,299,2.390834
15,simd-v0,299,0.246512
15,393435,299,0.194003
15,KACTL,300,2.386667
15,simd-v0,300,0.246362
15,393435,300,0.191730
15,ours-406478,300,0.118532
15,simd-v0,301,0.246542
15,393435,301,0.181030
15,ours-406478,301,0.118282
15,KACTL,301,2.400983
15,393435,302,0.181039
15,ours-406478,302,0.118282
15,KACTL,302,2.371778
15,simd-v0,302,0.259136
15,ours-406478,303,0.118362
15,KACTL,303,2.401844
15,simd-v0,303,0.246623
15,393435,303,0.181010
15,KACTL,304,2.374343
15,simd-v0,304,0.247183
15,393435,304,0.203662
15,ours-406478,304,0.119434
15,simd-v0,305,0.246693
15,393435,305,0.180418
15,ours-406478,305,0.118272
15,KACTL,305,2.398979
15,393435,306,0.181219
15,ours-406478,306,0.118291
15,KACTL,306,2.373962
15,simd-v0,306,0.260628
15,ours-406478,307,0.118392
15,KACTL,307,2.387878
15,simd-v0,307,0.256621
15,393435,307,0.180809
15,KACTL,308,2.370636
15,simd-v0,308,0.246532
15,393435,308,0.191229
15,ours-406478,308,0.118412
15,simd-v0,309,0.246482
15,393435,309,0.180619
15,ours-406478,309,0.118332
15,KACTL,309,2.399980
15,393435,310,0.181811
15,ours-406478,310,0.118322
15,KACTL,310,2.401533
15,simd-v0,310,0.256892
15,ours-406478,311,0.119214
15,KACTL,311,2.387638
15,simd-v0,311,0.256952
15,393435,311,0.181390
15,KACTL,312,2.402636
15,simd-v0,312,0.246743
15,393435,312,0.210866
15,ours-406478,312,0.125315
15,simd-v0,313,0.246853
15,393435,313,0.180508
15,ours-406478,313,0.118371
15,KACTL,313,2.406593
15,393435,314,0.180669
15,ours-406478,314,0.118282
15,KACTL,314,2.396554
15,simd-v0,314,0.247575
15,ours-406478,315,0.118302
15,KACTL,315,2.390443
15,simd-v0,315,0.257412
15,393435,315,0.181421
15,KACTL,316,2.381706
15,simd-v0,316,0.258645
15,393435,316,0.183995
15,ours-406478,316,0.120286
15,simd-v0,317,0.247053
15,393435,317,0.180909
15,ours-406478,317,0.118532
15,KACTL,317,2.401814
15,393435,318,0.181420
15,ours-406478,318,0.118322
15,KACTL,318,2.385363
15,simd-v0,318,0.249237
15,ours-406478,319,0.119985
15,KACTL,319,2.391254
15,simd-v0,319,0.260919
15,393435,319,0.183063
15,KACTL,320,2.379362
15,simd-v0,320,0.257132
15,393435,320,0.180899
15,ours-406478,320,0.119193
15,simd-v0,321,0.247775
15,393435,321,0.181010
15,ours-406478,321,0.128842
15,KACTL,321,2.392998
15,393435,322,0.180709
15,ours-406478,322,0.118322
15,KACTL,322,2.384172
15,simd-v0,322,0.247344
15,ours-406478,323,0.118342
15,KACTL,323,2.391405
15,simd-v0,323,0.257102
15,393435,323,0.181650
15,KACTL,324,2.376096
15,simd-v0,324,0.257002
15,393435,324,0.180829
15,ours-406478,324,0.118642
15,simd-v0,325,0.246492
15,393435,325,0.180849
15,ours-406478,325,0.128832
15,KACTL,325,2.407435
15,393435,326,0.181130
15,ours-406478,326,0.118483
15,KACTL,326,2.386586
15,simd-v0,326,0.246994
15,ours-406478,327,0.118402
15,KACTL,327,2.389972
15,simd-v0,327,0.246662
15,393435,327,0.182573
15,KACTL,328,2.375775
15,simd-v0,328,0.257232
15,393435,328,0.180588
15,ours-406478,328,0.119364
15,simd-v0,329,0.246412
15,393435,329,0.180679
15,ours-406478,329,0.129012
15,KACTL,329,2.386445
15,393435,330,0.180969
15,ours-406478,330,0.118482
15,KACTL,330,2.385874
15,simd-v0,330,0.246592
15,ours-406478,331,0.118393
15,KACTL,331,2.401985
15,simd-v0,331,0.246973
15,393435,331,0.182082
15,KACTL,332,2.379082
15,simd-v0,332,0.264847
15,393435,332,0.181380
15,ours-406478,332,0.120536
15,simd-v0,333,0.246532
15,393435,333,0.180879
15,ours-406478,333,0.134974
15,KACTL,333,2.393098
15,393435,334,0.182152
15,ours-406478,334,0.118332
15,KACTL,334,2.384331
15,simd-v0,334,0.249127
15,ours-406478,335,0.118492
15,KACTL,335,2.400892
15,simd-v0,335,0.247474
15,393435,335,0.183745
15,KACTL,336,2.390312
15,simd-v0,336,0.261941
15,393435,336,0.181710
15,ours-406478,336,0.121478
15,simd-v0,337,0.246682
15,393435,337,0.192060
15,ours-406478,337,0.118552
15,KACTL,337,2.391645
15,393435,338,0.181270
15,ours-406478,338,0.118632
15,KACTL,338,2.388399
15,simd-v0,338,0.246533
15,ours-406478,339,0.118463
15,KACTL,339,2.399460
15,simd-v0,339,0.246292
15,393435,339,0.181260
15,KACTL,340,2.394130
15,simd-v0,340,0.246823
15,393435,340,0.184486
15,ours-406478,340,0.118753
15,simd-v0,341,0.248176
15,393435,341,0.194856
15,ours-406478,341,0.118472
15,KACTL,341,2.396174
15,393435,342,0.181450
15,ours-406478,342,0.133150
15,KACTL,342,2.387147
15,simd-v0,342,0.246522
15,ours-406478,343,0.119254
15,KACTL,343,2.418586
15,simd-v0,343,0.247705
15,393435,343,0.181761
15,KACTL,344,2.394250
15,simd-v0,344,0.246813
15,393435,344,0.181781
15,ours-406478,344,0.118953
15,simd-v0,345,0.272812
15,393435,345,0.196789
15,ours-406478,345,0.118903
15,KACTL,345,2.398718
15,393435,346,0.200626
15,ours-406478,346,0.119504
15,KACTL,346,2.375986
15,simd-v0,346,0.247033
15,ours-406478,347,0.132408
15,KACTL,347,2.406814
15,simd-v0,347,0.246472
15,393435,347,0.181069
15,KACTL,348,2.393298
15,simd-v0,348,0.246612
15,393435,348,0.181390
15,ours-406478,348,0.118342
15,simd-v0,349,0.257162
15,393435,349,0.180569
15,ours-406478,349,0.118362
15,KACTL,349,2.430508
15,393435,350,0.184475
15,ours-406478,350,0.118321
15,KACTL,350,2.380625
15,simd-v0,350,0.259407
15,ours-406478,351,0.118452
15,KACTL,351,2.389632
15,simd-v0,351,0.246843
15,393435,351,0.195546
15,KACTL,352,2.394651
15,simd-v0,352,0.246572
15,393435,352,0.180098
15,ours-406478,352,0.131617
15,simd-v0,353,0.246612
15,393435,353,0.180669
15,ours-406478,353,0.118152
15,KACTL,353,2.434516
15,393435,354,0.181160
15,ours-406478,354,0.118583
15,KACTL,354,2.373221
15,simd-v0,354,0.257433
15,ours-406478,355,0.118161
15,KACTL,355,2.407244
15,simd-v0,355,0.246733
15,393435,355,0.191800
15,KACTL,356,2.376888
15,simd-v0,356,0.246332
15,393435,356,0.180498
15,ours-406478,356,0.129714
15,simd-v0,357,0.246573
15,393435,357,0.181621
15,ours-406478,357,0.118202
15,KACTL,357,2.397075
15,393435,358,0.180618
15,ours-406478,358,0.118312
15,KACTL,358,2.387618
15,simd-v0,358,0.257703
15,ours-406478,359,0.118312
15,KACTL,359,2.388390
15,simd-v0,359,0.246773
15,393435,359,0.194214
15,KACTL,360,2.372239
15,simd-v0,360,0.247364
15,393435,360,0.180699
15,ours-406478,360,0.118783
15,simd-v0,361,0.246613
15,393435,361,0.181621
15,ours-406478,361,0.118322
15,KACTL,361,2.399460
15,393435,362,0.180528
15,ours-406478,362,0.118292
15,KACTL,362,2.373521
15,simd-v0,362,0.257843
15,ours-406478,363,0.118352
15,KACTL,363,2.477957
15,simd-v0,363,0.266710
15,393435,363,0.182252
15,KACTL,364,2.391054
15,simd-v0,364,0.247013
15,393435,364,0.203121
15,ours-406478,364,0.119925
15,simd-v0,365,0.246432
15,393435,365,0.180539
15,ours-406478,365,0.118362
15,KACTL,365,2.431610
15,393435,366,0.181309
15,ours-406478,366,0.118403
15,KACTL,366,2.416943
15,simd-v0,366,0.247394
15,ours-406478,367,0.118362
15,KACTL,367,2.398738
15,simd-v0,367,0.257333
15,393435,367,0.181240
15,KACTL,368,2.375195
15,simd-v0,368,0.258815
15,393435,368,0.180769
15,ours-406478,368,0.118382
15,simd-v0,369,0.246542
15,393435,369,0.180719
15,ours-406478,369,0.118231
15,KACTL,369,2.410881
15,393435,370,0.181050
15,ours-406478,370,0.119153
15,KACTL,370,2.385755
15,simd-v0,370,0.246412
15,ours-406478,371,0.118472
15,KACTL,371,2.386535
15,simd-v0,371,0.260248
15,393435,371,0.180859
15,KACTL,372,2.406043
15,simd-v0,372,0.264747
15,393435,372,0.181310
15,ours-406478,372,0.118592
15,simd-v0,373,0.246492
15,393435,373,0.181360
15,ours-406478,373,0.147747
15,KACTL,373,2.403097
15,393435,374,0.180879
15,ours-406478,374,0.118362
15,KACTL,374,2.383900
15,simd-v0,374,0.246492
15,ours-406478,375,0.118242
15,KACTL,375,2.387908
15,simd-v0,375,0.257093
15,393435,375,0.180769
15,KACTL,376,2.378109
15,simd-v0,376,0.257212
15,393435,376,0.181149
15,ours-406478,376,0.118402
15,simd-v0,377,0.248386
15,393435,377,0.180478
15,ours-406478,377,0.129353
15,KACTL,377,2.386195
15,393435,378,0.181360
15,ours-406478,378,0.118332
15,KACTL,378,2.386957
15,simd-v0,378,0.247183
15,ours-406478,379,0.118492
15,KACTL,379,2.388339
15,simd-v0,379,0.249287
15,393435,379,0.180950
15,KACTL,380,2.393940
15,simd-v0,380,0.257162
15,393435,380,0.181000
15,ours-406478,380,0.118972
15,simd-v0,381,0.246462
15,393435,381,0.180709
15,ours-406478,381,0.129082
15,KACTL,381,2.429386
15,393435,382,0.181050
15,ours-406478,382,0.118492
15,KACTL,382,2.383981
15,simd-v0,382,0.246703
15,ours-406478,383,0.118412
15,KACTL,383,2.402115
15,simd-v0,383,0.246553
15,393435,383,0.180869
15,KACTL,384,2.378109
15,simd-v0,384,0.256902
15,393435,384,0.180519
15,ours-406478,384,0.118312
15,simd-v0,385,0.246342
15,393435,385,0.190818
15,ours-406478,385,0.118281
15,KACTL,385,2.386976
15,393435,386,0.182373
15,ours-406478,386,0.118512
15,KACTL,386,2.415099
15,simd-v0,386,0.246692
15,ours-406478,387,0.118172
15,KACTL,387,2.398348
15,simd-v0,387,0.246372
15,393435,387,0.181961
15,KACTL,388,2.390854
15,simd-v0,388,0.257543
15,393435,388,0.181360
15,ours-406478,388,0.118422
15,simd-v0,389,0.247153
15,393435,389,0.191990
15,ours-406478,389,0.118262
15,KACTL,389,2.403418
15,393435,390,0.181541
15,ours-406478,390,0.118422
15,KACTL,390,2.401674
15,simd-v0,390,0.247013
15,ours-406478,391,0.119094
15,KACTL,391,2.399020
15,simd-v0,391,0.246703
15,393435,391,0.180949
15,KACTL,392,2.381116
15,simd-v0,392,0.246613
15,393435,392,0.180739
15,ours-406478,392,0.118302
15,simd-v0,393,0.246452
15,393435,393,0.192080
15,ours-406478,393,0.121388
15,KACTL,393,2.401543
15,393435,394,0.180990
15,ours-406478,394,0.118392
15,KACTL,394,2.406112
15,simd-v0,394,0.246823
15,ours-406478,395,0.118431
15,KACTL,395,2.456387
15,simd-v0,395,0.247033
15,393435,395,0.182232
15,KACTL,396,2.390373
15,simd-v0,396,0.246652
15,393435,396,0.181630
15,ours-406478,396,0.119074
15,simd-v0,397,0.264396
15,393435,397,0.183233
15,ours-406478,397,0.118312
15,KACTL,397,2.390804
15,393435,398,0.180499
15,ours-406478,398,0.129163
15,KACTL,398,2.373241
15,simd-v0,398,0.247414
15,ours-406478,399,0.118161
15,KACTL,399,2.400572
15,simd-v0,399,0.247183
15,393435,399,0.181260
15,KACTL,400,2.402205
15,simd-v0,400,0.246603
15,393435,400,0.180969
15,ours-406478,400,0.119354
15,simd-v0,401,0.256832
15,393435,401,0.180749
15,ours-406478,401,0.118151
15,KACTL,401,2.385974
15,393435,402,0.180639
15,ours-406478,402,0.128861
15,KACTL,402,2.373751
15,simd-v0,402,0.246963
15,ours-406478,403,0.118442
15,KACTL,403,2.403577
15,simd-v0,403,0.246703
15,393435,403,0.181520
15,KACTL,404,2.385915
15,simd-v0,404,0.246442
15,393435,404,0.180809
15,ours-406478,404,0.119164
15,simd-v0,405,0.263594
15,393435,405,0.180509
15,ours-406478,405,0.118933
15,KACTL,405,2.387237
15,393435,406,0.191149
15,ours-406478,406,0.118292
15,KACTL,406,2.376297
15,simd-v0,406,0.246663
15,ours-406478,407,0.118351
15,KACTL,407,2.403136
15,simd-v0,407,0.246653
15,393435,407,0.185398
15,KACTL,408,2.409779
15,simd-v0,408,0.247695
15,393435,408,0.182012
15,ours-406478,408,0.123332
15,simd-v0,409,0.257653
15,393435,409,0.180649
15,ours-406478,409,0.118552
15,KACTL,409,2.395874
15,393435,410,0.191349
15,ours-406478,410,0.118462
15,KACTL,410,2.372790
15,simd-v0,410,0.249178
15,ours-406478,411,0.132749
15,KACTL,411,2.385012
15,simd-v0,411,0.247133
15,393435,411,0.181871
15,KACTL,412,2.387217
15,simd-v0,412,0.247284
15,393435,412,0.180719
15,ours-406478,412,0.118372
15,simd-v0,413,0.260118
15,393435,413,0.181340
15,ours-406478,413,0.118262
15,KACTL,413,2.387457
15,393435,414,0.192331
15,ours-406478,414,0.118893
15,KACTL,414,2.372469
15,simd-v0,414,0.247043
15,ours-406478,415,0.129994
15,KACTL,415,2.388349
15,simd-v0,415,0.246883
15,393435,415,0.181421
15,KACTL,416,2.418596
15,simd-v0,416,0.247224
15,393435,416,0.180690
15,ours-406478,416,0.118443
15,simd-v0,417,0.258125
15,393435,417,0.180618
15,ours-406478,417,0.118313
15,KACTL,417,2.393098
15,393435,418,0.191258
15,ours-406478,418,0.118582
15,KACTL,418,2.375234
15,simd-v0,418,0.247614
15,ours-406478,419,0.142727
15,KACTL,419,2.392887
15,simd-v0,419,0.247334
15,393435,419,0.193653
15,KACTL,420,2.375565
15,simd-v0,420,0.246472
15,393435,420,0.180629
15,ours-406478,420,0.130034
15,simd-v0,421,0.246903
15,393435,421,0.180548
15,ours-406478,421,0.118623
15,KACTL,421,2.397426
15,393435,422,0.180659
15,ours-406478,422,0.118342
15,KACTL,422,2.376086
15,simd-v0,422,0.257673
15,ours-406478,423,0.121268
15,KACTL,423,2.388339
15,simd-v0,423,0.246753
15,393435,423,0.192662
15,KACTL,424,2.374784
15,simd-v0,424,0.246993
15,393435,424,0.181219
15,ours-406478,424,0.129152
15,simd-v0,425,0.246663
15,393435,425,0.180538
15,ours-406478,425,0.118272
15,KACTL,425,2.404640
15,393435,426,0.181491
15,ours-406478,426,0.118342
15,KACTL,426,2.380054
15,simd-v0,426,0.257533
15,ours-406478,427,0.118373
15,KACTL,427,2.388730
15,simd-v0,427,0.246673
15,393435,427,0.192411
15,KACTL,428,2.374092
15,simd-v0,428,0.247103
15,393435,428,0.180860
15,ours-406478,428,0.130094
15,simd-v0,429,0.246472
15,393435,429,0.181069
15,ours-406478,429,0.118432
15,KACTL,429,2.418506
15,393435,430,0.180659
15,ours-406478,430,0.118342
15,KACTL,430,2.379222
15,simd-v0,430,0.259496
15,ours-406478,431,0.118262
15,KACTL,431,2.390073
15,simd-v0,431,0.246583
15,393435,431,0.191639
15,KACTL,432,2.375485
15,simd-v0,432,0.246924
15,393435,432,0.220533
15,ours-406478,432,0.122449
15,simd-v0,433,0.246522
15,393435,433,0.180689
15,ours-406478,433,0.118532
15,KACTL,433,2.401043
15,393435,434,0.180528
15,ours-406478,434,0.127008
15,KACTL,434,2.375104
15,simd-v0,434,0.257202
15,ours-406478,435,0.118292
15,KACTL,435,2.388299
15,simd-v0,435,0.258034
15,393435,435,0.180809
15,KACTL,436,2.417333
15,simd-v0,436,0.246632
15,393435,436,0.205015
15,ours-406478,436,0.119133
15,simd-v0,437,0.246533
15,393435,437,0.180479
15,ours-406478,437,0.118292
15,KACTL,437,2.440677
15,393435,438,0.180969
15,ours-406478,438,0.118463
15,KACTL,438,2.388449
15,simd-v0,438,0.246602
15,ours-406478,439,0.118332
15,KACTL,439,2.394501
15,simd-v0,439,0.257673
15,393435,439,0.180768
15,KACTL,440,2.377649
15,simd-v0,440,0.257422
15,393435,440,0.181651
15,ours-406478,440,0.119154
15,simd-v0,441,0.246382
15,393435,441,0.180739
15,ours-406478,441,0.118352
15,KACTL,441,2.400481
15,393435,442,0.180960
15,ours-406478,442,0.118412
15,KACTL,442,2.396534
15,simd-v0,442,0.255068
15,ours-406478,443,0.118352
15,KACTL,443,2.387317
15,simd-v0,443,0.259076
15,393435,443,0.180889
15,KACTL,444,2.375174
15,simd-v0,444,0.258585
15,393435,444,0.180679
15,ours-406478,444,0.120576
15,simd-v0,445,0.246502
15,393435,445,0.180689
15,ours-406478,445,0.118362
15,KACTL,445,2.394821
15,393435,446,0.180749
15,ours-406478,446,0.118392
15,KACTL,446,2.393168
15,simd-v0,446,0.246552
15,ours-406478,447,0.118292
15,KACTL,447,2.402555
15,simd-v0,447,0.258254
15,393435,447,0.180959
15,KACTL,448,2.387167
15,simd-v0,448,0.258625
15,393435,448,0.181119
15,ours-406478,448,0.118732
15,simd-v0,449,0.246462
15,393435,449,0.191429
15,ours-406478,449,0.156924
15,KACTL,449,2.391795
15,393435,450,0.180739
15,ours-406478,450,0.118843
15,KACTL,450,2.383841
15,simd-v0,450,0.247053
15,ours-406478,451,0.118111
15,KACTL,451,2.391345
15,simd-v0,451,0.247283
15,393435,451,0.180669
15,KACTL,452,2.377479
15,simd-v0,452,0.258696
15,393435,452,0.183995
15,ours-406478,452,0.119515
15,simd-v0,453,0.246723
15,393435,453,0.180408
15,ours-406478,453,0.132197
15,KACTL,453,2.390764
15,393435,454,0.184616
15,ours-406478,454,0.120987
15,KACTL,454,2.412454
15,simd-v0,454,0.249508
15,ours-406478,455,0.124484
15,KACTL,455,2.397496
15,simd-v0,455,0.247695
15,393435,455,0.183233
15,KACTL,456,2.380395
15,simd-v0,456,0.259206
15,393435,456,0.183353
15,ours-406478,456,0.120877
15,simd-v0,457,0.251131
15,393435,457,0.231154
15,ours-406478,457,0.135985
15,KACTL,457,2.390804
15,393435,458,0.181961
15,ours-406478,458,0.131837
15,KACTL,458,2.419928
15,simd-v0,458,0.253104
15,ours-406478,459,0.118262
15,KACTL,459,2.404499
15,simd-v0,459,0.247524
15,393435,459,0.183935
15,KACTL,460,2.391656
15,simd-v0,460,0.247294
15,393435,460,0.181430
15,ours-406478,460,0.120305
15,simd-v0,461,0.257693
15,393435,461,0.181741
15,ours-406478,461,0.119153
15,KACTL,461,2.388370
15,393435,462,0.182493
15,ours-406478,462,0.130234
15,KACTL,462,2.380344
15,simd-v0,462,0.249839
15,ours-406478,463,0.118412
15,KACTL,463,2.401795
15,simd-v0,463,0.248295
15,393435,463,0.184266
15,KACTL,464,2.388049
15,simd-v0,464,0.248305
15,393435,464,0.182562
15,ours-406478,464,0.121208
15,simd-v0,465,0.258515
15,393435,465,0.181881
15,ours-406478,465,0.118221
15,KACTL,465,2.394201
15,393435,466,0.191600
15,ours-406478,466,0.122129
15,KACTL,466,2.373922
15,simd-v0,466,0.247965
15,ours-406478,467,0.129252
15,KACTL,467,2.395022
15,simd-v0,467,0.248476
15,393435,467,0.181671
15,KACTL,468,2.387297
15,simd-v0,468,0.247464
15,393435,468,0.181130
15,ours-406478,468,0.120155
15,simd-v0,469,0.257683
15,393435,469,0.180729
15,ours-406478,469,0.118312
15,KACTL,469,2.414679
15,393435,470,0.192350
15,ours-406478,470,0.118142
15,KACTL,470,2.379042
15,simd-v0,470,0.247515
15,ours-406478,471,0.130113
15,KACTL,471,2.386826
15,simd-v0,471,0.248145
15,393435,471,0.200325
15,KACTL,472,2.389371
15,simd-v0,472,0.249167
15,393435,472,0.181991
15,ours-406478,472,0.134903
15,simd-v0,473,0.247234
15,393435,473,0.182903
15,ours-406478,473,0.118562
15,KACTL,473,2.400783
15,393435,474,0.182623
15,ours-406478,474,0.118592
15,KACTL,474,2.375064
15,simd-v0,474,0.260528
15,ours-406478,475,0.118453
15,KACTL,475,2.417494
15,simd-v0,475,0.247765
15,393435,475,0.193172
15,KACTL,476,2.376978
15,simd-v0,476,0.247073
15,393435,476,0.180599
15,ours-406478,476,0.130134
15,simd-v0,477,0.247655
15,393435,477,0.180739
15,ours-406478,477,0.118302
15,KACTL,477,2.398227
15,393435,478,0.181300
15,ours-406478,478,0.118492
15,KACTL,478,2.371467
15,simd-v0,478,0.265237
15,ours-406478,479,0.118382
15,KACTL,479,2.391556
15,simd-v0,479,0.247023
15,393435,479,0.205977
15,KACTL,480,2.382609
15,simd-v0,480,0.247134
15,393435,480,0.181110
15,ours-406478,480,0.121538
15,simd-v0,481,0.247535
15,393435,481,0.180599
15,ours-406478,481,0.118222
15,KACTL,481,2.397467
15,393435,482,0.180979
15,ours-406478,482,0.118392
15,KACTL,482,2.376516
15,simd-v0,482,0.261861
15,ours-406478,483,0.118993
15,KACTL,483,2.385995
15,simd-v0,483,0.246703
15,393435,483,0.205897
15,KACTL,484,2.408747
15,simd-v0,484,0.247053
15,393435,484,0.193673
15,ours-406478,484,0.118603
15,simd-v0,485,0.246612
15,393435,485,0.181450
15,ours-406478,485,0.118362
15,KACTL,485,2.423475
15,393435,486,0.180909
15,ours-406478,486,0.118402
15,KACTL,486,2.392998
15,simd-v0,486,0.247113
15,ours-406478,487,0.118482
15,KACTL,487,2.387708
15,simd-v0,487,0.257223
15,393435,487,0.181770
15,KACTL,488,2.379643
15,simd-v0,488,0.247134
15,393435,488,0.191489
15,ours-406478,488,0.118583
15,simd-v0,489,0.246603
15,393435,489,0.181060
15,ours-406478,489,0.118722
15,KACTL,489,2.399930
15,393435,490,0.182121
15,ours-406478,490,0.118422
15,KACTL,490,2.382187
15,simd-v0,490,0.248536
15,ours-406478,491,0.119154
15,KACTL,491,2.405271
15,simd-v0,491,0.257483
15,393435,491,0.181170
15,KACTL,492,2.374042
15,simd-v0,492,0.246813
15,393435,492,0.191419
15,ours-406478,492,0.119174
15,simd-v0,493,0.246742
15,393435,493,0.180909
15,ours-406478,493,0.118211
15,KACTL,493,2.399841
15,393435,494,0.181300
15,ours-406478,494,0.118482
15,KACTL,494,2.384352
15,simd-v0,494,0.246632
15,ours-406478,495,0.119033
15,KACTL,495,2.390413
15,simd-v0,495,0.257192
15,393435,495,0.183724
15,KACTL,496,2.372880
15,simd-v0,496,0.246623
15,393435,496,0.191549
15,ours-406478,496,0.118211
15,simd-v0,497,0.247294
15,393435,497,0.180668
15,ours-406478,497,0.118282
15,KACTL,497,2.399911
15,393435,498,0.181391
15,ours-406478,498,0.118432
15,KACTL,498,2.384302
15,simd-v0,498,0.246723
15,ours-406478,499,0.118452
15,KACTL,499,2.391705
15,simd-v0,499,0.257372
15,393435,499,0.180669
15,KACTL,500,2.372048
15,simd-v0,500,0.246663
15,393435,500,0.191058
15,ours-406478,500,0.118382
15,simd-v0,501,0.247383
15,393435,501,0.181170
15,ours-406478,501,0.118432
15,KACTL,501,2.397456
15,393435,502,0.181490
15,ours-406478,502,0.118322
15,KACTL,502,2.406062
15,simd-v0,502,0.246532
15,ours-406478,503,0.120155
15,KACTL,503,2.390032
15,simd-v0,503,0.257513
15,393435,503,0.181901
15,KACTL,504,2.374041
15,simd-v0,504,0.246813
15,393435,504,0.180809
15,ours-406478,504,0.118633
15,simd-v0,505,0.247333
15,393435,505,0.181150
15,ours-406478,505,0.118211
15,KACTL,505,2.400943
15,393435,506,0.181491
15,ours-406478,506,0.118352
15,KACTL,506,2.385093
15,simd-v0,506,0.246252
15,ours-406478,507,0.119053
15,KACTL,507,2.387257
15,simd-v0,507,0.257022
15,393435,507,0.180649
15,KACTL,508,2.375696
15,simd-v0,508,0.246572
15,393435,508,0.191229
15,ours-406478,508,0.118322
15,simd-v0,509,0.247474
15,393435,509,0.180749
15,ours-406478,509,0.118282
15,KACTL,509,2.406092
15,393435,510,0.181430
15,ours-406478,510,0.118442
15,KACTL,510,2.385403
15,simd-v0,510,0.246483
16,KACTL,0,5.190233
16,simd-v0,0,0.526628
16,393435,0,0.417873
16,ours-406478,0,0.279033
16,simd-v0,1,0.511259
16,393435,1,0.405971
16,ours-406478,1,0.254347
16,KACTL,1,5.197938
16,393435,2,0.406512
16,ours-406478,2,0.254747
16,KACTL,2,5.216196
16,simd-v0,2,0.525544
16,ours-406478,3,0.255098
16,KACTL,3,5.212714
16,simd-v0,3,0.526125
16,393435,3,0.399097
16,KACTL,4,5.194861
16,simd-v0,4,0.524623
16,393435,4,0.396142
16,ours-406478,4,0.272991
16,simd-v0,5,0.512259
16,393435,5,0.406852
16,ours-406478,5,0.254767
16,KACTL,5,5.221001
16,393435,6,0.412693
16,ours-406478,6,0.254427
16,KACTL,6,5.180535
16,simd-v0,6,0.531716
16,ours-406478,7,0.254727
16,KACTL,7,5.205271
16,simd-v0,7,0.561472
16,393435,7,0.506689
16,KACTL,8,5.225028
16,simd-v0,8,0.514494
16,393435,8,0.408395
16,ours-406478,8,0.259466
16,simd-v0,9,0.522448
16,393435,9,0.396393
16,ours-406478,9,0.254206
16,KACTL,9,5.247310
16,393435,10,0.399939
16,ours-406478,10,0.255419
16,KACTL,10,5.199259
16,simd-v0,10,0.513653
16,ours-406478,11,0.253776
16,KACTL,11,5.213837
16,simd-v0,11,0.511768
16,393435,11,0.406061
16,KACTL,12,5.274120
16,simd-v0,12,0.513201
16,393435,12,0.408244
16,ours-406478,12,0.257221
16,simd-v0,13,0.539661
16,393435,13,0.395491
16,ours-406478,13,0.253655
16,KACTL,13,5.253281
16,393435,14,0.396423
16,ours-406478,14,0.255809
16,KACTL,14,5.196064
16,simd-v0,14,0.512541
16,ours-406478,15,0.264205
16,KACTL,15,5.211102
16,simd-v0,15,0.511357
16,393435,15,0.409938
16,KACTL,16,5.181617
16,simd-v0,16,0.511959
16,393435,16,0.395381
16,ours-406478,16,0.255679
16,simd-v0,17,0.521407
16,393435,17,0.396943
16,ours-406478,17,0.253765
16,KACTL,17,5.207946
16,393435,18,0.396343
16,ours-406478,18,0.254026
16,KACTL,18,5.262518
16,simd-v0,18,0.516869
16,ours-406478,19,0.265598
16,KACTL,19,5.209548
16,simd-v0,19,0.517269
16,393435,19,0.410759
16,KACTL,20,5.193338
16,simd-v0,20,0.523060
16,393435,20,0.397434
16,ours-406478,20,0.256481
16,simd-v0,21,0.522089
16,393435,21,0.395471
16,ours-406478,21,0.265056
16,KACTL,21,5.211753
16,393435,22,0.396342
16,ours-406478,22,0.265237
16,KACTL,22,5.206423
16,simd-v0,22,0.513091
16,ours-406478,23,0.266789
16,KACTL,23,5.218766
16,simd-v0,23,0.509945
16,393435,23,0.407233
16,KACTL,24,5.190453
16,simd-v0,24,0.521748
16,393435,24,0.395841
16,ours-406478,24,0.256150
16,simd-v0,25,0.523420
16,393435,25,0.395581
16,ours-406478,25,0.264325
16,KACTL,25,5.208146
16,393435,26,0.397074
16,ours-406478,26,0.263594
16,KACTL,26,5.191495
16,simd-v0,26,0.513963
16,ours-406478,27,0.267621
16,KACTL,27,5.202556
16,simd-v0,27,0.511157
16,393435,27,0.410349
16,KACTL,28,5.205702
16,simd-v0,28,0.522188
16,393435,28,0.396223
16,ours-406478,28,0.257082
16,simd-v0,29,0.520765
16,393435,29,0.395702
16,ours-406478,29,0.265637
16,KACTL,29,5.217283
16,393435,30,0.395320
16,ours-406478,30,0.264986
16,KACTL,30,5.186536
16,simd-v0,30,0.514564
16,ours-406478,31,0.264826
16,KACTL,31,5.206894
16,simd-v0,31,0.516547
16,393435,31,0.398627
16,KACTL,32,5.214939
16,simd-v0,32,0.523692
16,393435,32,0.395631
16,ours-406478,32,0.256471
16,simd-v0,33,0.524913
16,393435,33,0.393938
16,ours-406478,33,0.263774
16,KACTL,33,5.224547
16,393435,34,0.395641
16,ours-406478,34,0.265938
16,KACTL,34,5.181637
16,simd-v0,34,0.511979
16,ours-406478,35,0.267311
16,KACTL,35,5.194231
16,simd-v0,35,0.522298
16,393435,35,0.396422
16,KACTL,36,5.185724
16,simd-v0,36,0.521507
16,393435,36,0.397284
16,ours-406478,36,0.255138
16,simd-v0,37,0.520174
16,393435,37,0.395120
16,ours-406478,37,0.263824
16,KACTL,37,5.230508
16,393435,38,0.394729
16,ours-406478,38,0.266359
16,KACTL,38,5.196906
16,simd-v0,38,0.513683
16,ours-406478,39,0.263404
16,KACTL,39,5.235568
16,simd-v0,39,0.522729
16,393435,39,0.405128
16,KACTL,40,5.207275
16,simd-v0,40,0.522719
16,393435,40,0.394819
16,ours-406478,40,0.255088
16,simd-v0,41,0.509855
16,393435,41,0.396192
16,ours-406478,41,0.265307
16,KACTL,41,5.211453
16,393435,42,0.396062
16,ours-406478,42,0.263474
16,KACTL,42,5.180945
16,simd-v0,42,0.511287
16,ours-406478,43,0.254888
16,KACTL,43,5.206854
16,simd-v0,43,0.522168
16,393435,43,0.398607
16,KACTL,44,5.184311
16,simd-v0,44,0.521046
16,393435,44,0.396813
16,ours-406478,44,0.253896
16,simd-v0,45,0.510216
16,393435,45,0.396242
16,ours-406478,45,0.264044
16,KACTL,45,5.197667
16,393435,46,0.396172
16,ours-406478,46,0.264546
16,KACTL,46,5.189792
16,simd-v0,46,0.511768
16,ours-406478,47,0.263924
16,KACTL,47,5.196905
16,simd-v0,47,0.519503
16,393435,47,0.396372
16,KACTL,48,5.252109
16,simd-v0,48,0.520245
16,393435,48,0.396413
16,ours-406478,48,0.254547
16,simd-v0,49,0.511237
16,393435,49,0.396032
16,ours-406478,49,0.254146
16,KACTL,49,5.200863
16,393435,50,0.395501
16,ours-406478,50,0.264666
16,KACTL,50,5.187598
16,simd-v0,50,0.515857
16,ours-406478,51,0.255919
16,KACTL,51,5.210811
16,simd-v0,51,0.523381
16,393435,51,0.399598
16,KACTL,52,5.187989
16,simd-v0,52,0.522729
16,393435,52,0.395841
16,ours-406478,52,0.268944
16,simd-v0,53,0.513562
16,393435,53,0.395321
16,ours-406478,53,0.254417
16,KACTL,53,5.224066
16,393435,54,0.395952
16,ours-406478,54,0.254838
16,KACTL,54,5.190133
16,simd-v0,54,0.524091
16,ours-406478,55,0.253715
16,KACTL,55,5.204109
16,simd-v0,55,0.540983
16,393435,55,0.400049
16,KACTL,56,5.222243
16,simd-v0,56,0.521897
16,393435,56,0.396393
16,ours-406478,56,0.264024
16,simd-v0,57,0.510697
16,393435,57,0.404628
16,ours-406478,57,0.254958
16,KACTL,57,5.200452
16,393435,58,0.404738
16,ours-406478,58,0.255719
16,KACTL,58,5.198669
16,simd-v0,58,0.522539
16,ours-406478,59,0.255288
16,KACTL,59,5.204660
16,simd-v0,59,0.520605
16,393435,59,0.396373
16,KACTL,60,5.191966
16,simd-v0,60,0.523029
16,393435,60,0.395652
16,ours-406478,60,0.265688
16,simd-v0,61,0.512029
16,393435,61,0.405560
16,ours-406478,61,0.256851
16,KACTL,61,5.212054
16,393435,62,0.407984
16,ours-406478,62,0.254497
16,KACTL,62,5.194722
16,simd-v0,62,0.523931
16,ours-406478,63,0.255739
16,KACTL,63,5.216391
16,simd-v0,63,0.521277
16,393435,63,0.396422
16,KACTL,64,5.193930
16,simd-v0,64,0.520585
16,393435,64,0.394649
16,ours-406478,64,0.264485
16,simd-v0,65,0.511719
16,393435,65,0.406151
16,ours-406478,65,0.253986
16,KACTL,65,5.257098
16,393435,66,0.407543
16,ours-406478,66,0.255559
16,KACTL,66,5.185223
16,simd-v0,66,0.522539
16,ours-406478,67,0.258916
16,KACTL,67,5.200702
16,simd-v0,67,0.523711
16,393435,67,0.401903
16,KACTL,68,5.189071
16,simd-v0,68,0.522268
16,393435,68,0.396653
16,ours-406478,68,0.267611
16,simd-v0,69,0.511959
16,393435,69,0.406251
16,ours-406478,69,0.255238
16,KACTL,69,5.199661
16,393435,70,0.405810
16,ours-406478,70,0.255930
16,KACTL,70,5.198538
16,simd-v0,70,0.523631
16,ours-406478,71,0.257132
16,KACTL,71,5.225750
16,simd-v0,71,0.521607
16,393435,71,0.396142
16,KACTL,72,5.194490
16,simd-v0,72,0.511538
16,393435,72,0.396794
16,ours-406478,72,0.260958
16,simd-v0,73,0.511298
16,393435,73,0.409276
16,ours-406478,73,0.255038
16,KACTL,73,5.221791
16,393435,74,0.406361
16,ours-406478,74,0.254367
16,KACTL,74,5.189472
16,simd-v0,74,0.523390
16,ours-406478,75,0.254256
16,KACTL,75,5.217735
16,simd-v0,75,0.521767
16,393435,75,0.395200
16,KACTL,76,5.225970
16,simd-v0,76,0.512069
16,393435,76,0.407173
16,ours-406478,76,0.258675
16,simd-v0,77,0.510977
16,393435,77,0.407483
16,ours-406478,77,0.254798
16,KACTL,77,5.242901
16,393435,78,0.409959
16,ours-406478,78,0.258274
16,KACTL,78,5.194672
16,simd-v0,78,0.526396
16,ours-406478,79,0.254507
16,KACTL,79,5.232462
16,simd-v0,79,0.514604
16,393435,79,0.401061
16,KACTL,80,5.215721
16,simd-v0,80,0.513812
16,393435,80,0.407343
16,ours-406478,80,0.258234
16,simd-v0,81,0.522038
16,393435,81,0.395951
16,ours-406478,81,0.254326
16,KACTL,81,5.217605
16,393435,82,0.398116
16,ours-406478,82,0.259216
16,KACTL,82,5.208017
16,simd-v0,82,0.516227
16,ours-406478,83,0.256671
16,KACTL,83,5.220068
16,simd-v0,83,0.513572
16,393435,83,0.409808
16,KACTL,84,5.190473
16,simd-v0,84,0.513171
16,393435,84,0.407023
16,ours-406478,84,0.257442
16,simd-v0,85,0.523310
16,393435,85,0.396233
16,ours-406478,85,0.253976
16,KACTL,85,5.228465
16,393435,86,0.397685
16,ours-406478,86,0.254397
16,KACTL,86,5.219587
16,simd-v0,86,0.512180
16,ours-406478,87,0.253615
16,KACTL,87,5.205381
16,simd-v0,87,0.512561
16,393435,87,0.410359
16,KACTL,88,5.183971
16,simd-v0,88,0.511719
16,393435,88,0.395250
16,ours-406478,88,0.256460
16,simd-v0,89,0.523611
16,393435,89,0.395792
16,ours-406478,89,0.265508
16,KACTL,89,5.210110
16,393435,90,0.396944
16,ours-406478,90,0.254437
16,KACTL,90,5.236109
16,simd-v0,90,0.513843
16,ours-406478,91,0.268142
16,KACTL,91,5.207686
16,simd-v0,91,0.512460
16,393435,91,0.408135
16,KACTL,92,5.190954
16,simd-v0,92,0.521266
16,393435,92,0.399038
16,ours-406478,92,0.260758
16,simd-v0,93,0.525464
16,393435,93,0.395561
16,ours-406478,93,0.273422
16,KACTL,93,5.262418
16,393435,94,0.397224
16,ours-406478,94,0.266109
16,KACTL,94,5.192728
16,simd-v0,94,0.513742
16,ours-406478,95,0.265748
16,KACTL,95,5.209690
16,simd-v0,95,0.521998
16,393435,95,0.399298
16,KACTL,96,5.183269
16,simd-v0,96,0.521517
16,393435,96,0.394219
16,ours-406478,96,0.256029
16,simd-v0,97,0.523460
16,393435,97,0.397074
16,ours-406478,97,0.264636
16,KACTL,97,5.200111
16,393435,98,0.395180
16,ours-406478,98,0.264134
16,KACTL,98,5.185824
16,simd-v0,98,0.511398
16,ours-406478,99,0.264556
16,KACTL,99,5.233874
16,simd-v0,99,0.521226
16,393435,99,0.397314
16,KACTL,100,5.249374
16,simd-v0,100,0.525023
16,393435,100,0.398015
16,ours-406478,100,0.270356
16,simd-v0,101,0.511528
16,393435,101,0.407203
16,ours-406478,101,0.254627
16,KACTL,101,5.253401
16,393435,102,0.410630
16,ours-406478,102,0.262061
16,KACTL,102,5.192688
16,simd-v0,102,0.523872
16,ours-406478,103,0.253615
16,KACTL,103,5.199871
16,simd-v0,103,0.521217
16,393435,103,0.395911
16,KACTL,104,5.186476
16,simd-v0,104,0.522809
16,393435,104,0.395261
16,ours-406478,104,0.266309
16,simd-v0,105,0.510085
16,393435,105,0.406050
16,ours-406478,105,0.258224
16,KACTL,105,5.208828
16,393435,106,0.408555
16,ours-406478,106,0.254627
16,KACTL,106,5.191235
16,simd-v0,106,0.527168
16,ours-406478,107,0.259116
16,KACTL,107,5.197867
16,simd-v0,107,0.522670
16,393435,107,0.396182
16,KACTL,108,5.186225
16,simd-v0,108,0.520796
16,393435,108,0.395782
16,ours-406478,108,0.265517
16,simd-v0,109,0.510075
16,393435,109,0.407533
16,ours-406478,109,0.253044
16,KACTL,109,5.200572
16,393435,110,0.406151
16,ours-406478,110,0.252723
16,KACTL,110,5.196163
16,simd-v0,110,0.520806
16,ours-406478,111,0.252733
16,KACTL,111,5.197597
16,simd-v0,111,0.520415
16,393435,111,0.395561
16,KACTL,112,5.185083
16,simd-v0,112,0.522849
16,393435,112,0.394759
16,ours-406478,112,0.263784
16,simd-v0,113,0.509785
16,393435,113,0.403626
16,ours-406478,113,0.253064
16,KACTL,113,5.206814
16,393435,114,0.405780
16,ours-406478,114,0.252934
16,KACTL,114,5.205251
16,simd-v0,114,0.520275
16,ours-406478,115,0.252974
16,KACTL,115,5.202205
16,simd-v0,115,0.532307
16,393435,115,0.398677
16,KACTL,116,5.234445
16,simd-v0,116,0.522369
16,393435,116,0.397194
16,ours-406478,116,0.267281
16,simd-v0,117,0.510326
16,393435,117,0.407703
16,ours-406478,117,0.253385
16,KACTL,117,5.206944
16,393435,118,0.407383
16,ours-406478,118,0.252844
16,KACTL,118,5.189311
16,simd-v0,118,0.520185
16,ours-406478,119,0.256030
16,KACTL,119,5.200783
16,simd-v0,119,0.520255
16,393435,119,0.396223
16,KACTL,120,5.209679
16,simd-v0,120,0.524012
16,393435,120,0.394689
16,ours-406478,120,0.264485
16,simd-v0,121,0.509815
16,393435,121,0.409447
16,ours-406478,121,0.253084
16,KACTL,121,5.260725
16,393435,122,0.409728
16,ours-406478,122,0.257112
16,KACTL,122,5.186355
16,simd-v0,122,0.520695
16,ours-406478,123,0.253394
16,KACTL,123,5.201454
16,simd-v0,123,0.520625
16,393435,123,0.396413
16,KACTL,124,5.186687
16,simd-v0,124,0.520595
16,393435,124,0.393969
16,ours-406478,124,0.263764
16,simd-v0,125,0.508964
16,393435,125,0.413855
16,ours-406478,125,0.258394
16,KACTL,125,5.241218
16,393435,126,0.408265
16,ours-406478,126,0.253354
16,KACTL,126,5.198709
16,simd-v0,126,0.520615
16,ours-406478,127,0.252713
16,KACTL,127,5.197557
16,simd-v0,127,0.520956
16,393435,127,0.396593
16,KACTL,128,5.182688
16,simd-v0,128,0.520205
16,393435,128,0.397916
16,ours-406478,128,0.263153
16,simd-v0,129,0.509414
16,393435,129,0.403576
16,ours-406478,129,0.253094
16,KACTL,129,5.205501
16,393435,130,0.396593
16,ours-406478,130,0.253886
16,KACTL,130,5.181967
16,simd-v0,130,0.520635
16,ours-406478,131,0.252973
16,KACTL,131,5.254332
16,simd-v0,131,0.521988
16,393435,131,0.394679
16,KACTL,132,5.185584
16,simd-v0,132,0.532437
16,393435,132,0.395391
16,ours-406478,132,0.264105
16,simd-v0,133,0.509945
16,393435,133,0.403847
16,ours-406478,133,0.253014
16,KACTL,133,5.202356
16,393435,134,0.395210
16,ours-406478,134,0.253796
16,KACTL,134,5.180144
16,simd-v0,134,0.521868
16,ours-406478,135,0.254817
16,KACTL,135,5.202306
16,simd-v0,135,0.520245
16,393435,135,0.397454
16,KACTL,136,5.179061
16,simd-v0,136,0.531806
16,393435,136,0.396362
16,ours-406478,136,0.253254
16,simd-v0,137,0.510796
16,393435,137,0.394680
16,ours-406478,137,0.254156
16,KACTL,137,5.197546
16,393435,138,0.395561
16,ours-406478,138,0.264206
16,KACTL,138,5.182318
16,simd-v0,138,0.514264
16,ours-406478,139,0.256160
16,KACTL,139,5.201754
16,simd-v0,139,0.545873
16,393435,139,0.398056
16,KACTL,140,5.200572
16,simd-v0,140,0.526206
16,393435,140,0.395851
16,ours-406478,140,0.272020
16,simd-v0,141,0.511668
16,393435,141,0.406541
16,ours-406478,141,0.254828
16,KACTL,141,5.224837
16,393435,142,0.407363
16,ours-406478,142,0.254997
16,KACTL,142,5.189311
16,simd-v0,142,0.523511
16,ours-406478,143,0.253996
16,KACTL,143,5.202566
16,simd-v0,143,0.521778
16,393435,143,0.395852
16,KACTL,144,5.186566
16,simd-v0,144,0.522518
16,393435,144,0.395160
16,ours-406478,144,0.266298
16,simd-v0,145,0.511909
16,393435,145,0.405480
16,ours-406478,145,0.260799
16,KACTL,145,5.202215
16,393435,146,0.405620
16,ours-406478,146,0.253956
16,KACTL,146,5.203337
16,simd-v0,146,0.538939
16,ours-406478,147,0.254967
16,KACTL,147,5.201814
16,simd-v0,147,0.522329
16,393435,147,0.403115
16,KACTL,148,5.185174
16,simd-v0,148,0.521347
16,393435,148,0.394689
16,ours-406478,148,0.265397
16,simd-v0,149,0.510386
16,393435,149,0.405369
16,ours-406478,149,0.253535
16,KACTL,149,5.202726
16,393435,150,0.405039
16,ours-406478,150,0.253024
16,KACTL,150,5.233003
16,simd-v0,150,0.532868
16,ours-406478,151,0.254126
16,KACTL,151,5.200351
16,simd-v0,151,0.527218
16,393435,151,0.397224
16,KACTL,152,5.209098
16,simd-v0,152,0.524162
16,393435,152,0.396523
16,ours-406478,152,0.266880
16,simd-v0,153,0.534020
16,393435,153,0.407183
16,ours-406478,153,0.254106
16,KACTL,153,5.201584
16,393435,154,0.406852
16,ours-406478,154,0.256681
16,KACTL,154,5.224477
16,simd-v0,154,0.525224
16,ours-406478,155,0.256199
16,KACTL,155,5.204560
16,simd-v0,155,0.525354
16,393435,155,0.394960
16,KACTL,156,5.198759
16,simd-v0,156,0.510928
16,393435,156,0.396122
16,ours-406478,156,0.255609
16,simd-v0,157,0.511218
16,393435,157,0.440074
16,ours-406478,157,0.254497
16,KACTL,157,5.205161
16,393435,158,0.407864
16,ours-406478,158,0.254837
16,KACTL,158,5.192778
16,simd-v0,158,0.532317
16,ours-406478,159,0.257383
16,KACTL,159,5.208487
16,simd-v0,159,0.534632
16,393435,159,0.401883
16,KACTL,160,5.203859
16,simd-v0,160,0.518161
16,393435,160,0.411000
16,ours-406478,160,0.265467
16,simd-v0,161,0.525685
16,393435,161,0.399709
16,ours-406478,161,0.256731
16,KACTL,161,5.452204
16,393435,162,0.402143
16,ours-406478,162,0.273733
16,KACTL,162,5.194661
16,simd-v0,162,0.520515
16,ours-406478,163,0.267060
16,KACTL,163,5.247179
16,simd-v0,163,0.517880
16,393435,163,0.401092
16,KACTL,164,5.185393
16,simd-v0,164,0.526046
16,393435,164,0.395701
16,ours-406478,164,0.261821
16,simd-v0,165,0.526817
16,393435,165,0.395451
16,ours-406478,165,0.270597
16,KACTL,165,5.205041
16,393435,166,0.397725
16,ours-406478,166,0.265998
16,KACTL,166,5.214588
16,simd-v0,166,0.529893
16,ours-406478,167,0.255659
16,KACTL,167,5.207996
16,simd-v0,167,0.556312
16,393435,167,0.402364
16,KACTL,168,5.191885
16,simd-v0,168,0.535403
16,393435,168,0.397795
16,ours-406478,168,0.268172
16,simd-v0,169,0.538378
16,393435,169,0.408746
16,ours-406478,169,0.255058
16,KACTL,169,5.233974
16,393435,170,0.406962
16,ours-406478,170,0.256160
16,KACTL,170,5.194260
16,simd-v0,170,0.526206
16,ours-406478,171,0.252983
16,KACTL,171,5.304346
16,simd-v0,171,0.628117
16,393435,171,0.397294
16,KACTL,172,5.576607
16,simd-v0,172,0.536405
16,393435,172,0.467115
16,ours-406478,172,0.375223
16,simd-v0,173,0.544410
16,393435,173,0.513863
16,ours-406478,173,0.307125
16,KACTL,173,5.470969
16,393435,174,0.401111
16,ours-406478,174,0.260237
16,KACTL,174,5.262638
16,simd-v0,174,0.519413
16,ours-406478,175,0.257863
16,KACTL,175,5.256567
16,simd-v0,175,0.513201
16,393435,175,0.418604
16,KACTL,176,5.222193
16,simd-v0,176,0.526016
16,393435,176,0.397554
16,ours-406478,176,0.258193
16,simd-v0,177,0.538078
16,393435,177,0.395511
16,ours-406478,177,0.264095
16,KACTL,177,5.204379
16,393435,178,0.396122
16,ours-406478,178,0.265407
16,KACTL,178,5.192027
16,simd-v0,178,0.515515
16,ours-406478,179,0.265778
16,KACTL,179,5.218326
16,simd-v0,179,0.512761
16,393435,179,0.396353
16,KACTL,180,5.187437
16,simd-v0,180,0.536004
16,393435,180,0.395831
16,ours-406478,180,0.261590
16,simd-v0,181,0.525174
16,393435,181,0.395882
16,ours-406478,181,0.264656
16,KACTL,181,5.203508
16,393435,182,0.397805
16,ours-406478,182,0.267081
16,KACTL,182,5.186456
16,simd-v0,182,0.518241
16,ours-406478,183,0.265347
16,KACTL,183,5.207616
16,simd-v0,183,0.523841
16,393435,183,0.400400
16,KACTL,184,5.189622
16,simd-v0,184,0.524312
16,393435,184,0.396733
16,ours-406478,184,0.256179
16,simd-v0,185,0.510436
16,393435,185,0.397485
16,ours-406478,185,0.255298
16,KACTL,185,5.270884
16,393435,186,0.407653
16,ours-406478,186,0.253946
16,KACTL,186,5.201704
16,simd-v0,186,0.524011
16,ours-406478,187,0.254537
16,KACTL,187,5.206634
16,simd-v0,187,0.523140
16,393435,187,0.396984
16,KACTL,188,5.213076
16,simd-v0,188,0.525054
16,393435,188,0.397354
16,ours-406478,188,0.266529
16,simd-v0,189,0.511999
16,393435,189,0.405029
16,ours-406478,189,0.253325
16,KACTL,189,5.197617
16,393435,190,0.405340
16,ours-406478,190,0.256059
16,KACTL,190,5.191586
16,simd-v0,190,0.537958
16,ours-406478,191,0.254236
16,KACTL,191,5.238102
16,simd-v0,191,0.522148
16,393435,191,0.399147
16,KACTL,192,5.230518
16,simd-v0,192,0.514083
16,393435,192,0.398136
16,ours-406478,192,0.268854
16,simd-v0,193,0.511097
16,393435,193,0.408436
16,ours-406478,193,0.257814
16,KACTL,193,5.228654
16,393435,194,0.407413
16,ours-406478,194,0.256350
16,KACTL,194,5.190753
16,simd-v0,194,0.537466
16,ours-406478,195,0.257162
16,KACTL,195,5.213676
16,simd-v0,195,0.527608
16,393435,195,0.402303
16,KACTL,196,5.217514
16,simd-v0,196,0.513662
16,393435,196,0.408636
16,ours-406478,196,0.260047
16,simd-v0,197,0.525815
16,393435,197,0.396362
16,ours-406478,197,0.257593
16,KACTL,197,5.205651
16,393435,198,0.395380
16,ours-406478,198,0.258054
16,KACTL,198,5.194220
16,simd-v0,198,0.529743
16,ours-406478,199,0.258745
16,KACTL,199,5.227082
16,simd-v0,199,0.517640
16,393435,199,0.413284
16,KACTL,200,5.191155
16,simd-v0,200,0.515737
16,393435,200,0.407884
16,ours-406478,200,0.260949
16,simd-v0,201,0.538429
16,393435,201,0.395611
16,ours-406478,201,0.254266
16,KACTL,201,5.231500
16,393435,202,0.397204
16,ours-406478,202,0.255979
16,KACTL,202,5.198779
16,simd-v0,202,0.519935
16,ours-406478,203,0.258014
16,KACTL,203,5.207014
16,simd-v0,203,0.515456
16,393435,203,0.412072
16,KACTL,204,5.210009
16,simd-v0,204,0.535223
16,393435,204,0.399699
16,ours-406478,204,0.263073
16,simd-v0,205,0.527078
16,393435,205,0.402775
16,ours-406478,205,0.266459
16,KACTL,205,5.214308
16,393435,206,0.397053
16,ours-406478,206,0.282670
16,KACTL,206,5.232702
16,simd-v0,206,0.518692
16,ours-406478,207,0.267491
16,KACTL,207,5.434811
16,simd-v0,207,0.526627
16,393435,207,0.399298
16,KACTL,208,5.193329
16,simd-v0,208,0.527970
16,393435,208,0.393908
16,ours-406478,208,0.275446
16,simd-v0,209,0.511438
16,393435,209,0.407252
16,ours-406478,209,0.254356
16,KACTL,209,5.208757
16,393435,210,0.407553
16,ours-406478,210,0.254357
16,KACTL,210,5.187147
16,simd-v0,210,0.529612
16,ours-406478,211,0.254728
16,KACTL,211,5.219858
16,simd-v0,211,0.524483
16,393435,211,0.399097
16,KACTL,212,5.198739
16,simd-v0,212,0.516196
16,393435,212,0.409066
16,ours-406478,212,0.259045
16,simd-v0,213,0.510938
16,393435,213,0.409086
16,ours-406478,213,0.256330
16,KACTL,213,5.208697
16,393435,214,0.407253
16,ours-406478,214,0.253145
16,KACTL,214,5.198418
16,simd-v0,214,0.528690
16,ours-406478,215,0.254357
16,KACTL,215,5.205943
16,simd-v0,215,0.526165
16,393435,215,0.398196
16,KACTL,216,5.221091
16,simd-v0,216,0.520976
16,393435,216,0.411591
16,ours-406478,216,0.259215
16,simd-v0,217,0.527819
16,393435,217,0.395932
16,ours-406478,217,0.259326
16,KACTL,217,5.252058
16,393435,218,0.401782
16,ours-406478,218,0.258083
16,KACTL,218,5.266857
16,simd-v0,218,0.524573
16,ours-406478,219,0.282890
16,KACTL,219,5.209939
16,simd-v0,219,0.518802
16,393435,219,0.409827
16,KACTL,220,5.206914
16,simd-v0,220,0.524413
16,393435,220,0.396914
16,ours-406478,220,0.258083
16,simd-v0,221,0.525705
16,393435,221,0.395530
16,ours-406478,221,0.271218
16,KACTL,221,5.207175
16,393435,222,0.396463
16,ours-406478,222,0.265587
16,KACTL,222,5.193058
16,simd-v0,222,0.517810
16,ours-406478,223,0.265428
16,KACTL,223,5.207085
16,simd-v0,223,0.511418
16,393435,223,0.403666
16,KACTL,224,5.189611
16,simd-v0,224,0.523100
16,393435,224,0.394920
16,ours-406478,224,0.255138
16,simd-v0,225,0.521567
16,393435,225,0.395902
16,ours-406478,225,0.264866
16,KACTL,225,5.203307
16,393435,226,0.393627
16,ours-406478,226,0.264194
16,KACTL,226,5.226460
16,simd-v0,226,0.511297
16,ours-406478,227,0.266349
16,KACTL,227,5.219237
16,simd-v0,227,0.525704
16,393435,227,0.397254
16,KACTL,228,5.183841
16,simd-v0,228,0.525294
16,393435,228,0.395711
16,ours-406478,228,0.254226
16,simd-v0,229,0.533289
16,393435,229,0.395150
16,ours-406478,229,0.266258
16,KACTL,229,5.236299
16,393435,230,0.395731
16,ours-406478,230,0.264665
16,KACTL,230,5.221221
16,simd-v0,230,0.521497
16,ours-406478,231,0.257082
16,KACTL,231,5.202666
16,simd-v0,231,0.524403
16,393435,231,0.397284
16,KACTL,232,5.185875
16,simd-v0,232,0.520104
16,393435,232,0.395822
16,ours-406478,232,0.266089
17,KACTL,0,11.152672
17,simd-v0,0,1.101543
17,393435,0,0.821178
17,ours-406478,0,0.534972
17,simd-v0,1,1.091184
17,393435,1,0.816329
17,ours-406478,1,0.545803
17,KACTL,1,11.081899
17,393435,2,0.819074
17,ours-406478,2,0.532307
17,KACTL,2,11.149386
17,simd-v0,2,1.098277
17,ours-406478,3,0.537858
17,KACTL,3,11.109211
17,simd-v0,3,1.094130
17,393435,3,0.826859
17,KACTL,4,11.100234
17,simd-v0,4,1.096965
17,393435,4,0.821459
17,ours-406478,4,0.549008
17,simd-v0,5,1.087758
17,393435,5,0.818042
17,ours-406478,5,0.529452
17,KACTL,5,11.104513
17,393435,6,0.817061
17,ours-406478,6,0.553267
17,KACTL,6,11.124599
17,simd-v0,6,1.129787
17,ours-406478,7,0.543108
17,KACTL,7,11.112026
17,simd-v0,7,1.114278
17,393435,7,0.821749
17,KACTL,8,11.168723
17,simd-v0,8,1.102144
17,393435,8,0.827410
17,ours-406478,8,0.551604
17,simd-v0,9,1.089380
17,393435,9,0.819244
17,ours-406478,9,0.533930
17,KACTL,9,11.137364
17,393435,10,0.819916
17,ours-406478,10,0.550320
17,KACTL,10,11.133496
17,simd-v0,10,1.108817
17,ours-406478,11,0.553297
17,KACTL,11,11.122325
17,simd-v0,11,1.099169
17,393435,11,0.815768
17,KACTL,12,11.121945
17,simd-v0,12,1.099339
17,393435,12,0.825437
17,ours-406478,12,0.543729
17,simd-v0,13,1.126421
17,393435,13,0.810298
17,ours-406478,13,0.541234
17,KACTL,13,11.232952
17,393435,14,0.842478
17,ours-406478,14,0.552845
17,KACTL,14,11.129219
17,simd-v0,14,1.091875
17,ours-406478,15,0.541985
17,KACTL,15,11.074837
17,simd-v0,15,1.125037
17,393435,15,0.837920
17,KACTL,16,11.199359
17,simd-v0,16,1.090783
17,393435,16,0.823373
17,ours-406478,16,0.541615
17,simd-v0,17,1.090473
17,393435,17,0.805809
17,ours-406478,17,0.539581
17,KACTL,17,11.127004
17,393435,18,0.822311
17,ours-406478,18,0.551312
17,KACTL,18,11.154636
17,simd-v0,18,1.101393
17,ours-406478,19,0.552145
17,KACTL,19,11.114931
17,simd-v0,19,1.132391
17,393435,19,0.854621
17,KACTL,20,11.163282
17,simd-v0,20,1.102274
17,393435,20,0.811260
17,ours-406478,20,0.541484
17,simd-v0,21,1.093628
17,393435,21,0.815598
17,ours-406478,21,0.538459
17,KACTL,21,11.079485
17,393435,22,0.816169
17,ours-406478,22,0.529682
17,KACTL,22,11.120773
17,simd-v0,22,1.102374
17,ours-406478,23,0.537577
17,KACTL,23,11.130320
17,simd-v0,23,1.099360
17,393435,23,0.826359
17,KACTL,24,11.114711
17,simd-v0,24,1.089261
17,393435,24,0.818753
17,ours-406478,24,0.547986
17,simd-v0,25,1.093709
17,393435,25,0.818513
17,ours-406478,25,0.530093
17,KACTL,25,11.136873
17,393435,26,0.810368
17,ours-406478,26,0.529943
17,KACTL,26,11.136942
17,simd-v0,26,1.090442
17,ours-406478,27,0.529963
17,KACTL,27,11.097039
17,simd-v0,27,1.086826
17,393435,27,0.808464
17,KACTL,28,11.125501
17,simd-v0,28,1.091164
17,393435,28,0.818243
17,ours-406478,28,0.533048
17,simd-v0,29,1.084481
17,393435,29,0.814386
17,ours-406478,29,0.537447
17,KACTL,29,11.056993
17,393435,30,0.845685
17,ours-406478,30,0.529902
17,KACTL,30,11.115934
17,simd-v0,30,1.089842
17,ours-406478,31,0.529823
17,KACTL,31,11.079075
17,simd-v0,31,1.126940
17,393435,31,0.818804
17,KACTL,32,11.094413
17,simd-v0,32,1.087157
17,393435,32,0.829915
17,ours-406478,32,0.532748
17,simd-v0,33,1.084492
17,393435,33,0.810558
17,ours-406478,33,0.528820
17,KACTL,33,11.095476
17,393435,34,0.814976
17,ours-406478,34,0.539521
17,KACTL,34,11.087210
17,simd-v0,34,1.091845
17,ours-406478,35,0.541434
17,KACTL,35,11.256055
17,simd-v0,35,1.092486
17,393435,35,0.840054
17,KACTL,36,11.145519
17,simd-v0,36,1.087818
17,393435,36,0.807162
17,ours-406478,36,0.542897
17,simd-v0,37,1.084221
17,393435,37,0.818653
17,ours-406478,37,0.539251
17,KACTL,37,11.127805
17,393435,38,0.815367
17,ours-406478,38,0.530133
17,KACTL,38,11.160627
17,simd-v0,38,1.100131
17,ours-406478,39,0.530964
17,KACTL,39,11.080857
17,simd-v0,39,1.089692
17,393435,39,0.824565
17,KACTL,40,11.111505
17,simd-v0,40,1.086095
17,393435,40,0.818153
17,ours-406478,40,0.531545
17,simd-v0,41,1.101073
17,393435,41,0.805248
17,ours-406478,41,0.548959
17,KACTL,41,11.079234
17,393435,42,0.814206
17,ours-406478,42,0.537608
17,KACTL,42,11.123287
17,simd-v0,42,1.097366
17,ours-406478,43,0.553116
17,KACTL,43,11.076620
17,simd-v0,43,1.090313
17,393435,43,0.817181
17,KACTL,44,11.114491
17,simd-v0,44,1.109578
17,393435,44,0.815868
17,ours-406478,44,0.539061
17,simd-v0,45,1.084952
17,393435,45,0.813964
17,ours-406478,45,0.529081
17,KACTL,45,12.945821
17,393435,46,0.818013
17,ours-406478,46,0.545281
17,KACTL,46,11.174874
17,simd-v0,46,1.087377
17,ours-406478,47,0.539882
17,KACTL,47,11.078964
17,simd-v0,47,1.087949
17,393435,47,0.817301
17,KACTL,48,11.107528
17,simd-v0,48,1.090302
17,393435,48,0.808354
17,ours-406478,48,0.551283
17,simd-v0,49,1.099911
17,393435,49,0.815508
17,ours-406478,49,0.539099
17,KACTL,49,11.182317
17,393435,50,0.815027
17,ours-406478,50,0.533159
17,KACTL,50,11.131943
17,simd-v0,50,1.100262
17,ours-406478,51,0.529291
17,KACTL,51,11.085777
17,simd-v0,51,1.087618
17,393435,51,0.818173
17,KACTL,52,11.100705
17,simd-v0,52,1.093398
17,393435,52,0.817671
17,ours-406478,52,0.530304
17,simd-v0,53,1.094630
17,393435,53,0.808465
17,ours-406478,53,0.541144
17,KACTL,53,11.095165
17,393435,54,0.820947
17,ours-406478,54,0.540082
17,KACTL,54,11.099473
17,simd-v0,54,1.088840
17,ours-406478,55,0.554258
17,KACTL,55,11.089333
17,simd-v0,55,1.091465
17,393435,55,0.819395
17,KACTL,56,11.115934
17,simd-v0,56,1.091384
17,393435,56,0.819575
17,ours-406478,56,0.542807
17,simd-v0,57,1.083450
17,393435,57,0.816259
17,ours-406478,57,0.529131
17,KACTL,57,11.127856
17,393435,58,0.807893
17,ours-406478,58,0.532718
17,KACTL,58,11.116625
17,simd-v0,58,1.091605
17,ours-406478,59,0.532979
17,KACTL,59,11.090766
17,simd-v0,59,1.093098
17,393435,59,0.809076
17,KACTL,60,11.157531
17,simd-v0,60,1.096323
17,393435,60,0.829785
17,ours-406478,60,0.534492
17,simd-v0,61,1.098447
17,393435,61,0.804778
17,ours-406478,61,0.539080
17,KACTL,61,11.081028
17,393435,62,0.818483
17,ours-406478,62,0.545001
17,KACTL,62,11.085827
17,simd-v0,62,1.088108
17,ours-406478,63,0.540823
17,KACTL,63,11.090726
17,simd-v0,63,1.109128
17,393435,63,0.817933
17,KACTL,64,11.106686
17,simd-v0,64,1.093509
17,393435,64,0.817191
17,ours-406478,64,0.543839
17,simd-v0,65,1.084873
17,393435,65,0.815899
17,ours-406478,65,0.527618
17,KACTL,65,11.135008
17,393435,66,0.852176
17,ours-406478,66,0.529581
17,KACTL,66,11.103019
17,simd-v0,66,1.090293
17,ours-406478,67,0.545272
17,KACTL,67,11.119801
17,simd-v0,67,1.160023
17,393435,67,0.825266
17,KACTL,68,11.215911
17,simd-v0,68,1.087087
17,393435,68,0.820657
17,ours-406478,68,0.551002
17,simd-v0,69,1.094130
17,393435,69,0.816970
17,ours-406478,69,0.533078
17,KACTL,69,11.166318
17,393435,70,0.816590
17,ours-406478,70,0.534482
17,KACTL,70,11.150358
17,simd-v0,70,1.096634
17,ours-406478,71,0.536365
17,KACTL,71,11.102718
17,simd-v0,71,1.126800
17,393435,71,0.818863
17,KACTL,72,11.172128
17,simd-v0,72,1.108457
17,393435,72,0.819936
17,ours-406478,72,0.548738
17,simd-v0,73,1.091605
17,393435,73,0.815578
17,ours-406478,73,0.536656
17,KACTL,73,11.118548
17,393435,74,0.810277
17,ours-406478,74,0.546073
17,KACTL,74,11.108861
17,simd-v0,74,1.096845
17,ours-406478,75,0.541735
17,KACTL,75,11.103219
17,simd-v0,75,1.087938
17,393435,75,0.820838
17,KACTL,76,11.113298
17,simd-v0,76,1.093197
17,393435,76,0.818163
17,ours-406478,76,0.533529
17,simd-v0,77,1.088629
17,393435,77,0.815598
17,ours-406478,77,0.537377
17,KACTL,77,11.095064
17,393435,78,0.814816
17,ours-406478,78,0.528299
17,KACTL,78,11.105473
17,simd-v0,78,1.088629
17,ours-406478,79,0.529292
17,KACTL,79,11.094784
17,simd-v0,79,1.095803
17,393435,79,0.825707
17,KACTL,80,11.098261
17,simd-v0,80,1.119437
17,393435,80,0.817591
17,ours-406478,80,0.532397
17,simd-v0,81,1.085504
17,393435,81,0.804608
17,ours-406478,81,0.527618
17,KACTL,81,11.094162
17,393435,82,0.839372
17,ours-406478,82,0.542817
17,KACTL,82,11.103670
17,simd-v0,82,1.090873
17,ours-406478,83,0.542526
17,KACTL,83,11.071400
17,simd-v0,83,1.094210
17,393435,83,0.826118
17,KACTL,84,11.101406
17,simd-v0,84,1.090383
17,393435,84,0.820026
17,ours-406478,84,0.555130
17,simd-v0,85,1.089491
17,393435,85,0.814776
17,ours-406478,85,0.538759
17,KACTL,85,11.163171
17,393435,86,0.817130
17,ours-406478,86,0.537006
17,KACTL,86,11.171457
17,simd-v0,86,1.090854
17,ours-406478,87,0.534482
17,KACTL,87,11.109742
17,simd-v0,87,1.089120
17,393435,87,0.818103
17,KACTL,88,11.127234
17,simd-v0,88,1.099309
17,393435,88,0.822511
17,ours-406478,88,0.543959
17,simd-v0,89,1.107024
17,393435,89,0.862546
17,ours-406478,89,0.529051
17,KACTL,89,11.117637
17,393435,90,0.810438
17,ours-406478,90,0.546003
17,KACTL,90,11.117215
17,simd-v0,90,1.092556
17,ours-406478,91,0.548106
17,KACTL,91,11.113990
17,simd-v0,91,1.095201
17,393435,91,0.819946
17,KACTL,92,11.108810
17,simd-v0,92,1.092967
17,393435,92,0.823042
17,ours-406478,92,0.533720
17,simd-v0,93,1.086435
17,393435,93,0.815247
17,ours-406478,93,0.538409
17,KACTL,93,11.091157
17,393435,94,0.820107
17,ours-406478,94,0.530013
17,KACTL,94,11.108790
17,simd-v0,94,1.089451
17,ours-406478,95,0.530424
17,KACTL,95,11.133476
17,simd-v0,95,1.092537
17,393435,95,0.822180
17,KACTL,96,11.103560
17,simd-v0,96,1.084091
17,393435,96,0.816430
17,ours-406478,96,0.544811
17,simd-v0,97,1.084692
17,393435,97,0.813704
17,ours-406478,97,0.528069
17,KACTL,97,11.085036
17,393435,98,0.815528
17,ours-406478,98,0.538699
17,KACTL,98,11.106255
17,simd-v0,98,1.090954
17,ours-406478,99,0.540482
17,KACTL,99,11.056893
17,simd-v0,99,1.083329
17,393435,99,0.823222
17,KACTL,100,11.107788
17,simd-v0,100,1.097125
17,393435,100,0.817512
17,ours-406478,100,0.544961
17,simd-v0,101,1.082918
17,393435,101,0.826678
17,ours-406478,101,0.527168
17,KACTL,101,11.088061
17,393435,102,0.847076
17,ours-406478,102,0.530564
17,KACTL,102,11.104653
17,simd-v0,102,1.092146
17,ours-406478,103,0.542937
17,KACTL,103,11.163112
17,simd-v0,103,1.093719
17,393435,103,0.833371
17,KACTL,104,11.149676
17,simd-v0,104,1.088840
17,393435,104,0.819625
17,ours-406478,104,0.534221
17,simd-v0,105,1.084952
17,393435,105,0.808084
17,ours-406478,105,0.543959
17,KACTL,105,11.090135
17,393435,106,0.817201
17,ours-406478,106,0.541926
17,KACTL,106,11.132715
17,simd-v0,106,1.090363
17,ours-406478,107,0.543288
17,KACTL,107,11.193359
17,simd-v0,107,1.097275
17,393435,107,0.825727
17,KACTL,108,11.138726
17,simd-v0,108,1.096865
17,393435,108,0.816770
17,ours-406478,108,0.541754
17,simd-v0,109,1.084712
17,393435,109,0.818563
17,ours-406478,109,0.527558
17,KACTL,109,11.124459
18,KACTL,0,23.596052
18,simd-v0,0,2.289479
18,393435,0,1.796686
18,ours-406478,0,1.152569
18,simd-v0,1,2.275743
18,393435,1,1.758284
18,ours-406478,1,1.203283
18,KACTL,1,23.789415
18,393435,2,1.796415
18,ours-406478,2,1.161666
18,KACTL,2,23.705047
18,simd-v0,2,2.327641
18,ours-406478,3,1.155956
18,KACTL,3,23.676663
18,simd-v0,3,2.282957
18,393435,3,1.786206
18,KACTL,4,23.730895
18,simd-v0,4,2.293006
18,393435,4,1.769334
18,ours-406478,4,1.177896
18,simd-v0,5,2.314966
18,393435,5,1.773021
18,ours-406478,5,1.163579
18,KACTL,5,23.619046
18,393435,6,1.774695
18,ours-406478,6,1.169371
18,KACTL,6,23.685470
18,simd-v0,6,2.280241
18,ours-406478,7,1.151117
18,KACTL,7,23.671694
18,simd-v0,7,2.313865
18,393435,7,1.787459
18,KACTL,8,23.575264
18,simd-v0,8,2.322321
18,393435,8,1.779213
18,ours-406478,8,1.159653
18,simd-v0,9,2.285151
18,393435,9,1.765798
18,ours-406478,9,1.146137
18,KACTL,9,23.660233
18,393435,10,1.767641
18,ours-406478,10,1.150415
18,KACTL,10,23.664801
18,simd-v0,10,2.276344
18,ours-406478,11,1.152219
18,KACTL,11,23.661284
18,simd-v0,11,2.292064
18,393435,11,1.781577
18,KACTL,12,23.745352
18,simd-v0,12,2.324725
18,393435,12,1.770176
18,ours-406478,12,1.177716
18,simd-v0,13,2.293897
18,393435,13,1.770437
18,ours-406478,13,1.148301
18,KACTL,13,23.618134
18,393435,14,1.773573
18,ours-406478,14,1.154883
18,KACTL,14,23.686121
18,simd-v0,14,2.298906
18,ours-406478,15,1.152950
18,KACTL,15,23.623533
18,simd-v0,15,2.304717
18,393435,15,1.775636
18,KACTL,16,23.730144
18,simd-v0,16,2.360341
18,393435,16,1.775707
18,ours-406478,16,1.172797
18,simd-v0,17,2.311811
18,393435,17,1.765407
18,ours-406478,17,1.153471
18,KACTL,17,23.680060
18,393435,18,1.769164
18,ours-406478,18,1.154222
18,KACTL,18,23.780027
18,simd-v0,18,2.303535
18,ours-406478,19,1.156016
18,KACTL,19,23.695518
18,simd-v0,19,2.278007
18,393435,19,1.769534
18,KACTL,20,23.661194
18,simd-v0,20,2.315558
18,393435,20,1.768362
18,ours-406478,20,1.162688
18,simd-v0,21,2.297403
18,393435,21,1.816142
18,ours-406478,21,1.148692
18,KACTL,21,23.618545
18,393435,22,1.774484
18,ours-406478,22,1.149774
18,KACTL,22,23.724663
18,simd-v0,22,2.330075
18,ours-406478,23,1.179951
18,KACTL,23,23.682574
18,simd-v0,23,2.320917
18,393435,23,1.775977
18,KACTL,24,23.781990
18,simd-v0,24,2.300048
18,393435,24,1.793179
18,ours-406478,24,1.161697
18,simd-v0,25,2.325246
18,393435,25,1.774504
18,ours-406478,25,1.148481
18,KACTL,25,23.760601
18,393435,26,1.769645
18,ours-406478,26,1.156326
18,KACTL,26,23.699867
18,simd-v0,26,2.321479
18,ours-406478,27,1.153360
18,KACTL,27,23.707672
18,simd-v0,27,2.304407
18,393435,27,1.770637
18,KACTL,28,23.715055
18,simd-v0,28,2.311580
18,393435,28,1.770337
18,ours-406478,28,1.161345
18,simd-v0,29,2.303384
18,393435,29,1.758995
18,ours-406478,29,1.153411
18,KACTL,29,23.959362
18,393435,30,1.765677
18,ours-406478,30,1.158470
18,KACTL,30,23.696489
18,simd-v0,30,2.345083
18,ours-406478,31,1.163780
18,KACTL,31,23.667195
18,simd-v0,31,2.302493
18,393435,31,1.762722
18,KACTL,32,23.696581
18,simd-v0,32,2.301862
18,393435,32,1.787388
18,ours-406478,32,1.159923
18,simd-v0,33,2.280903
18,393435,33,1.762752
18,ours-406478,33,1.171245
18,KACTL,33,23.595351
18,393435,34,1.777680
18,ours-406478,34,1.174119
18,KACTL,34,23.744800
18,simd-v0,34,2.366112
18,ours-406478,35,1.187144
18,KACTL,35,23.618815
18,simd-v0,35,2.327901
18,393435,35,1.778842
18,KACTL,36,23.798451
18,simd-v0,36,2.297674
18,393435,36,1.768222
18,ours-406478,36,1.167126
18,simd-v0,37,2.281915
18,393435,37,1.778472
18,ours-406478,37,1.146127
18,KACTL,37,23.688996
18,393435,38,1.791035
18,ours-406478,38,1.170052
18,KACTL,38,23.662486
18,simd-v0,38,2.303335
18,ours-406478,39,1.154753
18,KACTL,39,23.659360
18,simd-v0,39,2.310337
18,393435,39,1.772000
18,KACTL,40,23.696700
18,simd-v0,40,2.304497
18,393435,40,1.777800
18,ours-406478,40,1.172036
18,simd-v0,41,2.304477
18,393435,41,1.779394
18,ours-406478,41,1.162548
18,KACTL,41,23.674659
18,393435,42,1.784202
18,ours-406478,42,1.158921
18,KACTL,42,23.798982
18,simd-v0,42,2.334924
18,ours-406478,43,1.160163
18,KACTL,43,23.776120
18,simd-v0,43,2.302362
18,393435,43,1.802156
18,KACTL,44,23.775107
18,simd-v0,44,2.309006
18,393435,44,1.849345
18,ours-406478,44,1.161015
18,simd-v0,45,2.288036
18,393435,45,1.778702
18,ours-406478,45,1.170343
18,KACTL,45,23.729401
18,393435,46,1.790584
18,ours-406478,46,1.171044
18,KACTL,46,23.827075
18,simd-v0,46,2.288918
18,ours-406478,47,1.153029
18,KACTL,47,23.615819
18,simd-v0,47,2.328683
18,393435,47,1.758674
18,KACTL,48,23.884151
18,simd-v0,48,2.332990
18,393435,48,1.783631
18,ours-406478,48,1.165883
18,simd-v0,49,2.309546
18,393435,49,1.779724
18,ours-406478,49,1.147660
18,KACTL,49,23.762093
18,393435,50,1.791105
18,ours-406478,50,1.155986
18,KACTL,50,23.685950
18,simd-v0,50,2.297223
19,KACTL,0,50.017346
19,simd-v0,0,4.788550
19,393435,0,3.620853
19,ours-406478,0,2.404845
19,simd-v0,1,4.778672
19,393435,1,3.625702
19,ours-406478,1,2.393133
19,KACTL,1,50.072670
19,393435,2,3.609692
19,ours-406478,2,2.460329
19,KACTL,2,50.182796
19,simd-v0,2,4.874652
19,ours-406478,3,2.426745
19,KACTL,3,49.993241
19,simd-v0,3,4.766489
19,393435,3,3.617386
19,KACTL,4,49.988432
19,simd-v0,4,4.796796
19,393435,4,3.613069
19,ours-406478,4,2.477110
19,simd-v0,5,4.772089
19,393435,5,3.613108
19,ours-406478,5,2.422638
19,KACTL,5,50.126420
19,393435,6,3.642944
19,ours-406478,6,2.445882
19,KACTL,6,50.467649
19,simd-v0,6,4.753906
19,ours-406478,7,2.392392
19,KACTL,7,50.129245
19,simd-v0,7,4.805542
19,393435,7,3.631413
19,KACTL,8,50.237508
19,simd-v0,8,4.774775
19,393435,8,3.651941
19,ours-406478,8,2.406198
19,simd-v0,9,4.782439
19,393435,9,3.619620
19,ours-406478,9,2.403172
19,KACTL,9,49.975407
19,393435,10,3.628557
19,ours-406478,10,2.428258
19,KACTL,10,50.180201
19,simd-v0,10,4.809900
19,ours-406478,11,2.441053
19,KACTL,11,50.146288
19,simd-v0,11,4.764495
19,393435,11,3.616945
19,KACTL,12,50.224975
19,simd-v0,12,4.783651
19,393435,12,3.619560
19,ours-406478,12,2.406217
19,simd-v0,13,4.769324
19,393435,13,3.636362
19,ours-406478,13,2.396650
19,KACTL,13,50.108537
19,393435,14,3.617847
19,ours-406478,14,2.444991
19,KACTL,14,50.154663
19,simd-v0,14,4.805242
19,ours-406478,15,2.426004
19,KACTL,15,50.056840
19,simd-v0,15,4.801685
19,393435,15,3.632806
19,KACTL,16,50.094681
19,simd-v0,16,4.792056
19,393435,16,3.635651
19,ours-406478,16,2.411427
19,simd-v0,17,4.820771
19,393435,17,3.624129
19,ours-406478,17,2.424201
19,KACTL,17,50.193736
19,393435,18,3.639397
19,ours-406478,18,2.412529
19,KACTL,18,50.270029
19,simd-v0,18,4.798268
19,ours-406478,19,2.415055
19,KACTL,19,50.125349
19,simd-v0,19,4.782269
19,393435,19,3.628307
19,KACTL,20,50.119678
19,simd-v0,20,4.791876
19,393435,20,3.630190
19,ours-406478,20,2.404906
19,simd-v0,21,4.781757
19,393435,21,3.632685
19,ours-406478,21,2.419432
19,KACTL,21,50.247006
19,393435,22,3.654195
19,ours-406478,22,2.435973
19,KACTL,22,50.395725
19,simd-v0,22,4.770125
19,ours-406478,23,2.411518
19,KACTL,23,50.144343
19,simd-v0,23,4.818436
19,393435,23,3.624640
20,KACTL,0,111.698321
20,simd-v0,0,9.942465
20,393435,0,7.755678
20,ours-406478,0,5.124319
20,simd-v0,1,9.907780
20,393435,1,7.786837
20,ours-406478,1,5.100194
20,KACTL,1,107.281177
20,393435,2,7.732225
20,ours-406478,2,5.132013
20,KACTL,2,112.822577
20,simd-v0,2,9.899895
20,ours-406478,3,5.107448
20,KACTL,3,107.109786
20,simd-v0,3,9.977490
20,393435,3,7.761369
20,KACTL,4,119.485649
20,simd-v0,4,9.918831
20,393435,4,7.769685
20,ours-406478,4,5.128297
20,simd-v0,5,9.902480
20,393435,5,7.766529
20,ours-406478,5,5.107127
20,KACTL,5,107.376325
20,393435,6,7.775716
20,ours-406478,6,5.131633
20,KACTL,6,111.577104
20,simd-v0,6,10.124526
20,ours-406478,7,5.154656
20,KACTL,7,109.647469
20,simd-v0,7,10.029548
20,393435,7,7.816672
20,KACTL,8,111.708339
20,simd-v0,8,9.958866
20,393435,8,7.753134
20,ours-406478,8,5.122857
20,simd-v0,9,9.902991
20,393435,9,7.803287
20,ours-406478,9,5.066882
20,KACTL,9,108.415792
20,393435,10,9.328876
20,ours-406478,10,6.433643
20,KACTL,10,118.193880
20,simd-v0,10,9.910595
21,KACTL,0,240.344490
21,simd-v0,0,20.441833
21,393435,0,15.798595
21,ours-406478,0,10.452100
21,simd-v0,1,20.449146
21,393435,1,15.841876
21,ours-406478,1,10.552808
21,KACTL,1,231.877028
21,393435,2,15.790520
21,ours-406478,2,10.423867
21,KACTL,2,240.803520
21,simd-v0,2,20.595842
21,ours-406478,3,10.532640
21,KACTL,3,231.935438
21,simd-v0,3,20.454156
21,393435,3,15.945199
21,KACTL,4,240.911542
21,simd-v0,4,20.305147
21,393435,4,15.828351
21,ours-406478,4,10.446940
21,simd-v0,5,20.554464
21,393435,5,16.011925
21,ours-406478,5,10.535827
21,KACTL,5,232.415717
21,393435,6,15.770012
21,ours-406478,6,10.503757
21,KACTL,6,241.727340
21,simd-v0,6,20.498499
21,ours-406478,7,10.484731
21,KACTL,7,231.205971
21,simd-v0,7,20.478541
21,393435,7,15.844400
21,KACTL,8,241.262741
21,simd-v0,8,20.478872
21,393435,8,15.888103
21,ours-406478,8,10.616478
21,simd-v0,9,20.727659
21,393435,9,15.997408
21,ours-406478,9,10.571754
21,KACTL,9,232.305610
21,393435,10,15.840086
21,ours-406478,10,10.451804
21,KACTL,10,240.379709
21,simd-v0,10,20.587326
22,KACTL,0,499.564155
22,simd-v0,0,43.735358
22,393435,0,33.989707
22,ours-406478,0,22.704081
22,simd-v0,1,42.989111
22,393435,1,33.986291
22,ours-406478,1,22.644569
22,KACTL,1,484.494844
22,393435,2,34.630036
22,ours-406478,2,22.854864
22,KACTL,2,497.627199
22,simd-v0,2,43.792245
22,ours-406478,3,23.006376
22,KACTL,3,482.313147
22,simd-v0,3,42.960578
22,393435,3,34.200392
22,KACTL,4,498.501426
22,simd-v0,4,44.005494
22,393435,4,34.207364
22,ours-406478,4,23.147681
22,simd-v0,5,43.730750
22,393435,5,34.263930
22,ours-406478,5,23.032095
22,KACTL,5,486.735299
22,393435,6,34.459507
22,ours-406478,6,22.985869
22,KACTL,6,512.022839
22,simd-v0,6,44.166596
22,ours-406478,7,22.972323
22,KACTL,7,486.458130
22,simd-v0,7,44.441972
22,393435,7,34.288817
22,KACTL,8,506.225892
22,simd-v0,8,44.477429
22,393435,8,34.229606
22,ours-406478,8,22.934622
22,simd-v0,9,43.564429
22,393435,9,34.090876
22,ours-406478,9,22.915347
22,KACTL,9,482.884699
22,393435,10,34.427201
22,ours-406478,10,23.036894
22,KACTL,10,503.843993
22,simd-v0,10,44.098417
