job,profile,mode,log2,implementation,median_ms,min_ms,max_ms,speedup_vs_h14
h14-1,atcoder_like_native-20-10-2,fresh,12,ll_inline_h14,0.0155,0.0154,0.0155,1.0000
h14-1,atcoder_like_native-20-10-2,fresh,12,v91,0.0288,0.0288,0.0290,0.5362
h14-1,atcoder_like_native-20-10-2,fresh,12,h14_fixed_tile,0.0154,0.0153,0.0299,1.0055
h14-1,atcoder_like_native-20-10-2,fresh,12,asm_radix4_pair_large_fixed,0.0155,0.0154,0.0155,1.0010
h14-1,atcoder_like_native-20-10-2,fresh,12,h14_mont_mullo,0.0154,0.0154,0.0156,1.0019
h14-1,atcoder_like_native-20-10-2,fresh,12,h14_mullo_fixed,0.0154,0.0153,0.0164,1.0062
h14-1,atcoder_like_native-20-10-2,fresh,12,h14_mullo_bottom,0.0152,0.0151,0.0154,1.0178
h14-1,atcoder_like_native-20-10-2,fresh,12,h14_karatsuba_shared,0.0265,0.0265,0.0267,0.5828
h14-1,atcoder_like_native-20-10-2,reuse,12,ll_inline_h14,0.0153,0.0152,0.0154,1.0000
h14-1,atcoder_like_native-20-10-2,reuse,12,v91,0.0287,0.0287,0.0425,0.5321
h14-1,atcoder_like_native-20-10-2,reuse,12,h14_fixed_tile,0.0151,0.0151,0.0265,1.0119
h14-1,atcoder_like_native-20-10-2,reuse,12,asm_radix4_pair_large_fixed,0.0152,0.0152,0.0154,1.0023
h14-1,atcoder_like_native-20-10-2,reuse,12,h14_mont_mullo,0.0153,0.0152,0.0155,0.9967
h14-1,atcoder_like_native-20-10-2,reuse,12,h14_mullo_fixed,0.0151,0.0150,0.0152,1.0099
h14-1,atcoder_like_native-20-10-2,reuse,12,h14_mullo_bottom,0.0150,0.0149,0.0151,1.0204
h14-1,atcoder_like_native-20-10-2,reuse,12,h14_karatsuba_shared,0.0263,0.0263,0.0264,0.5803
h14-1,atcoder_like_native-20-10-2,fresh,13,ll_inline_h14,0.0333,0.0331,0.0428,1.0000
h14-1,atcoder_like_native-20-10-2,fresh,13,v91,0.0582,0.0581,0.0587,0.5727
h14-1,atcoder_like_native-20-10-2,fresh,13,h14_fixed_tile,0.0329,0.0328,0.0331,1.0131
h14-1,atcoder_like_native-20-10-2,fresh,13,asm_radix4_pair_large_fixed,0.0330,0.0329,0.0331,1.0108
h14-1,atcoder_like_native-20-10-2,fresh,13,h14_mont_mullo,0.0330,0.0329,0.0332,1.0086
h14-1,atcoder_like_native-20-10-2,fresh,13,h14_mullo_fixed,0.0328,0.0325,0.0331,1.0148
h14-1,atcoder_like_native-20-10-2,fresh,13,h14_mullo_bottom,0.0325,0.0324,0.0326,1.0260
h14-1,atcoder_like_native-20-10-2,fresh,13,h14_karatsuba_shared,0.0553,0.0552,0.0692,0.6030
h14-1,atcoder_like_native-20-10-2,reuse,13,ll_inline_h14,0.0330,0.0329,0.0424,1.0000
h14-1,atcoder_like_native-20-10-2,reuse,13,v91,0.0581,0.0579,0.0678,0.5681
h14-1,atcoder_like_native-20-10-2,reuse,13,h14_fixed_tile,0.0324,0.0323,0.0326,1.0175
h14-1,atcoder_like_native-20-10-2,reuse,13,asm_radix4_pair_large_fixed,0.0326,0.0325,0.0329,1.0108
h14-1,atcoder_like_native-20-10-2,reuse,13,h14_mont_mullo,0.0326,0.0326,0.0328,1.0108
h14-1,atcoder_like_native-20-10-2,reuse,13,h14_mullo_fixed,0.0323,0.0322,0.0324,1.0208
h14-1,atcoder_like_native-20-10-2,reuse,13,h14_mullo_bottom,0.0321,0.0320,0.0391,1.0289
h14-1,atcoder_like_native-20-10-2,reuse,13,h14_karatsuba_shared,0.0550,0.0549,0.0774,0.6000
h14-1,atcoder_like_native-20-10-2,fresh,14,ll_inline_h14,0.0718,0.0716,0.0820,1.0000
h14-1,atcoder_like_native-20-10-2,fresh,14,v91,0.1192,0.1189,0.1294,0.6021
h14-1,atcoder_like_native-20-10-2,fresh,14,h14_fixed_tile,0.0708,0.0706,0.0815,1.0144
h14-1,atcoder_like_native-20-10-2,fresh,14,asm_radix4_pair_large_fixed,0.0710,0.0707,0.0739,1.0114
h14-1,atcoder_like_native-20-10-2,fresh,14,h14_mont_mullo,0.0711,0.0708,0.0712,1.0099
h14-1,atcoder_like_native-20-10-2,fresh,14,h14_mullo_fixed,0.0706,0.0703,0.0707,1.0170
h14-1,atcoder_like_native-20-10-2,fresh,14,h14_mullo_bottom,0.0700,0.0698,0.0801,1.0253
h14-1,atcoder_like_native-20-10-2,fresh,14,h14_karatsuba_shared,0.1159,0.1155,0.1259,0.6195
h14-1,atcoder_like_native-20-10-2,reuse,14,ll_inline_h14,0.0711,0.0710,0.0820,1.0000
h14-1,atcoder_like_native-20-10-2,reuse,14,v91,0.1189,0.1187,0.1191,0.5983
h14-1,atcoder_like_native-20-10-2,reuse,14,h14_fixed_tile,0.0700,0.0699,0.0702,1.0165
h14-1,atcoder_like_native-20-10-2,reuse,14,asm_radix4_pair_large_fixed,0.0704,0.0701,0.0730,1.0110
h14-1,atcoder_like_native-20-10-2,reuse,14,h14_mont_mullo,0.0705,0.0703,0.0706,1.0097
h14-1,atcoder_like_native-20-10-2,reuse,14,h14_mullo_fixed,0.0699,0.0697,0.0815,1.0178
h14-1,atcoder_like_native-20-10-2,reuse,14,h14_mullo_bottom,0.0693,0.0692,0.0793,1.0268
h14-1,atcoder_like_native-20-10-2,reuse,14,h14_karatsuba_shared,0.1151,0.1149,0.1250,0.6180
h14-1,atcoder_like_native-20-10-2,fresh,15,ll_inline_h14,0.1563,0.1510,0.1620,1.0000
h14-1,atcoder_like_native-20-10-2,fresh,15,v91,0.2465,0.2463,0.2596,0.6340
h14-1,atcoder_like_native-20-10-2,fresh,15,h14_fixed_tile,0.1509,0.1507,0.1511,1.0357
h14-1,atcoder_like_native-20-10-2,fresh,15,asm_radix4_pair_large_fixed,0.1500,0.1499,0.1607,1.0420
h14-1,atcoder_like_native-20-10-2,fresh,15,h14_mont_mullo,0.1504,0.1503,0.1640,1.0391
h14-1,atcoder_like_native-20-10-2,fresh,15,h14_mullo_fixed,0.1548,0.1494,0.1604,1.0095
h14-1,atcoder_like_native-20-10-2,fresh,15,h14_mullo_bottom,0.1489,0.1488,0.1490,1.0497
h14-1,atcoder_like_native-20-10-2,fresh,15,h14_karatsuba_shared,0.2402,0.2401,0.2411,0.6506
h14-1,atcoder_like_native-20-10-2,reuse,15,ll_inline_h14,0.1503,0.1501,0.1505,1.0000
h14-1,atcoder_like_native-20-10-2,reuse,15,v91,0.2467,0.2465,0.2569,0.6094
h14-1,atcoder_like_native-20-10-2,reuse,15,h14_fixed_tile,0.1502,0.1499,0.1528,1.0010
h14-1,atcoder_like_native-20-10-2,reuse,15,asm_radix4_pair_large_fixed,0.1493,0.1491,0.1623,1.0071
h14-1,atcoder_like_native-20-10-2,reuse,15,h14_mont_mullo,0.1497,0.1496,0.1710,1.0040
h14-1,atcoder_like_native-20-10-2,reuse,15,h14_mullo_fixed,0.1490,0.1488,0.1593,1.0089
h14-1,atcoder_like_native-20-10-2,reuse,15,h14_mullo_bottom,0.1483,0.1480,0.1599,1.0138
h14-1,atcoder_like_native-20-10-2,reuse,15,h14_karatsuba_shared,0.2394,0.2392,0.2501,0.6280
h14-1,atcoder_like_native-20-10-2,fresh,16,ll_inline_h14,0.3246,0.3238,0.3707,1.0000
h14-1,atcoder_like_native-20-10-2,fresh,16,v91,0.5104,0.5100,0.5238,0.6358
h14-1,atcoder_like_native-20-10-2,fresh,16,h14_fixed_tile,0.3236,0.3230,0.3350,1.0028
h14-1,atcoder_like_native-20-10-2,fresh,16,asm_radix4_pair_large_fixed,0.3216,0.3211,0.3319,1.0093
h14-1,atcoder_like_native-20-10-2,fresh,16,h14_mont_mullo,0.3229,0.3218,0.3430,1.0050
h14-1,atcoder_like_native-20-10-2,fresh,16,h14_mullo_fixed,0.3208,0.3204,0.3351,1.0116
h14-1,atcoder_like_native-20-10-2,fresh,16,h14_mullo_bottom,0.3235,0.3190,0.3307,1.0033
h14-1,atcoder_like_native-20-10-2,fresh,16,h14_karatsuba_shared,0.5076,0.5015,0.5405,0.6394
h14-1,atcoder_like_native-20-10-2,reuse,16,ll_inline_h14,0.3225,0.3222,0.3329,1.0000
h14-1,atcoder_like_native-20-10-2,reuse,16,v91,0.5165,0.5095,0.5233,0.6243
h14-1,atcoder_like_native-20-10-2,reuse,16,h14_fixed_tile,0.3219,0.3213,0.3327,1.0019
h14-1,atcoder_like_native-20-10-2,reuse,16,asm_radix4_pair_large_fixed,0.3204,0.3200,0.3416,1.0066
h14-1,atcoder_like_native-20-10-2,reuse,16,h14_mont_mullo,0.3308,0.3205,0.3326,0.9747
h14-1,atcoder_like_native-20-10-2,reuse,16,h14_mullo_fixed,0.3192,0.3189,0.3296,1.0103
h14-1,atcoder_like_native-20-10-2,reuse,16,h14_mullo_bottom,0.3180,0.3174,0.3287,1.0143
h14-1,atcoder_like_native-20-10-2,reuse,16,h14_karatsuba_shared,0.5010,0.5005,0.5123,0.6436
h14-1,atcoder_like_native-20-10-2,fresh,17,ll_inline_h14,0.6991,0.6982,0.7127,1.0000
h14-1,atcoder_like_native-20-10-2,fresh,17,v91,1.0937,1.0925,1.1010,0.6392
h14-1,atcoder_like_native-20-10-2,fresh,17,h14_fixed_tile,0.6884,0.6777,0.6961,1.0156
h14-1,atcoder_like_native-20-10-2,fresh,17,asm_radix4_pair_large_fixed,0.6916,0.6802,0.7013,1.0109
h14-1,atcoder_like_native-20-10-2,fresh,17,h14_mont_mullo,0.6833,0.6781,0.6907,1.0231
h14-1,atcoder_like_native-20-10-2,fresh,17,h14_mullo_fixed,0.6834,0.6725,0.7086,1.0229
h14-1,atcoder_like_native-20-10-2,fresh,17,h14_mullo_bottom,0.6791,0.6694,0.6828,1.0294
h14-1,atcoder_like_native-20-10-2,fresh,17,h14_karatsuba_shared,1.0507,1.0500,1.0699,0.6653
h14-1,atcoder_like_native-20-10-2,reuse,17,ll_inline_h14,0.6961,0.6864,0.7165,1.0000
h14-1,atcoder_like_native-20-10-2,reuse,17,v91,1.0948,1.0917,1.1152,0.6359
h14-1,atcoder_like_native-20-10-2,reuse,17,h14_fixed_tile,0.6864,0.6752,0.6988,1.0142
h14-1,atcoder_like_native-20-10-2,reuse,17,asm_radix4_pair_large_fixed,0.6881,0.6770,0.6896,1.0117
h14-1,atcoder_like_native-20-10-2,reuse,17,h14_mont_mullo,0.6866,0.6753,0.6941,1.0138
h14-1,atcoder_like_native-20-10-2,reuse,17,h14_mullo_fixed,0.6805,0.6692,0.6820,1.0229
h14-1,atcoder_like_native-20-10-2,reuse,17,h14_mullo_bottom,0.6766,0.6662,0.6776,1.0288
h14-1,atcoder_like_native-20-10-2,reuse,17,h14_karatsuba_shared,1.0481,1.0479,1.1069,0.6641
h14-1,atcoder_like_native-20-10-2,fresh,18,ll_inline_h14,1.5078,1.4965,1.5150,1.0000
h14-1,atcoder_like_native-20-10-2,fresh,18,v91,2.2627,2.2599,2.2895,0.6664
h14-1,atcoder_like_native-20-10-2,fresh,18,h14_fixed_tile,1.4865,1.4762,1.5007,1.0144
h14-1,atcoder_like_native-20-10-2,fresh,18,asm_radix4_pair_large_fixed,1.4851,1.4779,1.5050,1.0153
h14-1,atcoder_like_native-20-10-2,fresh,18,h14_mont_mullo,1.4840,1.4737,1.4940,1.0160
h14-1,atcoder_like_native-20-10-2,fresh,18,h14_mullo_fixed,1.4702,1.4623,1.4751,1.0256
h14-1,atcoder_like_native-20-10-2,fresh,18,h14_mullo_bottom,1.4573,1.4538,1.4757,1.0347
h14-1,atcoder_like_native-20-10-2,fresh,18,h14_karatsuba_shared,2.2140,2.2115,2.2241,0.6810
h14-1,atcoder_like_native-20-10-2,reuse,18,ll_inline_h14,1.4996,1.4921,1.5153,1.0000
h14-1,atcoder_like_native-20-10-2,reuse,18,v91,2.2666,2.2614,2.3749,0.6616
h14-1,atcoder_like_native-20-10-2,reuse,18,h14_fixed_tile,1.4805,1.4704,1.4857,1.0129
h14-1,atcoder_like_native-20-10-2,reuse,18,asm_radix4_pair_large_fixed,1.4841,1.4731,1.4912,1.0105
h14-1,atcoder_like_native-20-10-2,reuse,18,h14_mont_mullo,1.4723,1.4688,1.4864,1.0185
h14-1,atcoder_like_native-20-10-2,reuse,18,h14_mullo_fixed,1.4695,1.4570,1.4832,1.0205
h14-1,atcoder_like_native-20-10-2,reuse,18,h14_mullo_bottom,1.4596,1.4472,1.4708,1.0274
h14-1,atcoder_like_native-20-10-2,reuse,18,h14_karatsuba_shared,2.2088,2.2060,2.2340,0.6789
h14-1,atcoder_like_native-20-10-2,fresh,19,ll_inline_h14,3.0868,3.0832,3.1144,1.0000
h14-1,atcoder_like_native-20-10-2,fresh,19,v91,4.7679,4.7465,4.8647,0.6474
h14-1,atcoder_like_native-20-10-2,fresh,19,h14_fixed_tile,3.0828,3.0781,3.0943,1.0013
h14-1,atcoder_like_native-20-10-2,fresh,19,asm_radix4_pair_large_fixed,3.0597,3.0575,3.0878,1.0088
h14-1,atcoder_like_native-20-10-2,fresh,19,h14_mont_mullo,3.0597,3.0554,3.0945,1.0089
h14-1,atcoder_like_native-20-10-2,fresh,19,h14_mullo_fixed,3.0475,3.0416,3.0586,1.0129
h14-1,atcoder_like_native-20-10-2,fresh,19,h14_mullo_bottom,3.0247,3.0223,3.0343,1.0205
h14-1,atcoder_like_native-20-10-2,fresh,19,h14_karatsuba_shared,4.5316,4.5192,4.6024,0.6812
h14-1,atcoder_like_native-20-10-2,reuse,19,ll_inline_h14,3.0762,3.0719,3.1011,1.0000
h14-1,atcoder_like_native-20-10-2,reuse,19,v91,4.7659,4.7407,4.8491,0.6455
h14-1,atcoder_like_native-20-10-2,reuse,19,h14_fixed_tile,3.0876,3.0725,3.1122,0.9963
h14-1,atcoder_like_native-20-10-2,reuse,19,asm_radix4_pair_large_fixed,3.0492,3.0451,3.0689,1.0088
h14-1,atcoder_like_native-20-10-2,reuse,19,h14_mont_mullo,3.0501,3.0447,3.0654,1.0085
h14-1,atcoder_like_native-20-10-2,reuse,19,h14_mullo_fixed,3.0369,3.0313,3.0644,1.0129
h14-1,atcoder_like_native-20-10-2,reuse,19,h14_mullo_bottom,3.0189,3.0117,3.0424,1.0190
h14-1,atcoder_like_native-20-10-2,reuse,19,h14_karatsuba_shared,4.5250,4.5076,4.7684,0.6798
h14-1,atcoder_like_native-20-10-2,fresh,20,ll_inline_h14,6.5784,6.5653,6.6161,1.0000
h14-1,atcoder_like_native-20-10-2,fresh,20,v91,9.8792,9.8370,9.9836,0.6659
h14-1,atcoder_like_native-20-10-2,fresh,20,h14_fixed_tile,6.5700,6.5525,6.5931,1.0013
h14-1,atcoder_like_native-20-10-2,fresh,20,asm_radix4_pair_large_fixed,6.5232,6.5063,6.5600,1.0085
h14-1,atcoder_like_native-20-10-2,fresh,20,h14_mont_mullo,6.5122,6.5002,6.5409,1.0102
h14-1,atcoder_like_native-20-10-2,fresh,20,h14_mullo_fixed,6.5003,6.4683,6.5409,1.0120
h14-1,atcoder_like_native-20-10-2,fresh,20,h14_mullo_bottom,6.4602,6.4467,6.4758,1.0183
h14-1,atcoder_like_native-20-10-2,fresh,20,h14_karatsuba_shared,9.4600,9.4488,9.4886,0.6954
h14-1,atcoder_like_native-20-10-2,reuse,20,ll_inline_h14,6.5524,6.5308,6.6032,1.0000
h14-1,atcoder_like_native-20-10-2,reuse,20,v91,9.8330,9.8039,9.9034,0.6664
h14-1,atcoder_like_native-20-10-2,reuse,20,h14_fixed_tile,6.5427,6.5257,6.5781,1.0015
h14-1,atcoder_like_native-20-10-2,reuse,20,asm_radix4_pair_large_fixed,6.4952,6.4810,6.5148,1.0088
h14-1,atcoder_like_native-20-10-2,reuse,20,h14_mont_mullo,6.4849,6.4700,6.5083,1.0104
h14-1,atcoder_like_native-20-10-2,reuse,20,h14_mullo_fixed,6.4720,6.4467,6.5937,1.0124
h14-1,atcoder_like_native-20-10-2,reuse,20,h14_mullo_bottom,6.4333,6.4147,6.4502,1.0185
h14-1,atcoder_like_native-20-10-2,reuse,20,h14_karatsuba_shared,9.4338,9.4212,9.4484,0.6946
h14-1,atcoder_like_native-22-3-2,fresh,12,ll_inline_h14,0.0156,0.0156,0.0157,1.0000
h14-1,atcoder_like_native-22-3-2,fresh,12,v91,0.0289,0.0289,0.0290,0.5400
h14-1,atcoder_like_native-22-3-2,fresh,12,h14_fixed_tile,0.0155,0.0154,0.0157,1.0058
h14-1,atcoder_like_native-22-3-2,fresh,12,asm_radix4_pair_large_fixed,0.0154,0.0153,0.0154,1.0163
h14-1,atcoder_like_native-22-3-2,fresh,12,h14_mont_mullo,0.0155,0.0154,0.0155,1.0111
h14-1,atcoder_like_native-22-3-2,fresh,12,h14_mullo_fixed,0.0154,0.0154,0.0156,1.0117
h14-1,atcoder_like_native-22-3-2,fresh,12,h14_mullo_bottom,0.0154,0.0153,0.0154,1.0163
h14-1,atcoder_like_native-22-3-2,fresh,12,h14_karatsuba_shared,0.0266,0.0266,0.0266,0.5878
h14-1,atcoder_like_native-22-3-2,reuse,12,ll_inline_h14,0.0155,0.0154,0.0155,1.0000
h14-1,atcoder_like_native-22-3-2,reuse,12,v91,0.0287,0.0287,0.0288,0.5390
h14-1,atcoder_like_native-22-3-2,reuse,12,h14_fixed_tile,0.0153,0.0152,0.0153,1.0144
h14-1,atcoder_like_native-22-3-2,reuse,12,asm_radix4_pair_large_fixed,0.0151,0.0151,0.0152,1.0225
h14-1,atcoder_like_native-22-3-2,reuse,12,h14_mont_mullo,0.0152,0.0152,0.0153,1.0164
h14-1,atcoder_like_native-22-3-2,reuse,12,h14_mullo_fixed,0.0151,0.0151,0.0152,1.0231
h14-1,atcoder_like_native-22-3-2,reuse,12,h14_mullo_bottom,0.0151,0.0150,0.0152,1.0245
h14-1,atcoder_like_native-22-3-2,reuse,12,h14_karatsuba_shared,0.0264,0.0264,0.0374,0.5861
h14-1,atcoder_like_native-22-3-2,fresh,13,ll_inline_h14,0.0331,0.0331,0.0332,1.0000
h14-1,atcoder_like_native-22-3-2,fresh,13,v91,0.0583,0.0583,0.0598,0.5675
h14-1,atcoder_like_native-22-3-2,fresh,13,h14_fixed_tile,0.0331,0.0330,0.0389,1.0000
h14-1,atcoder_like_native-22-3-2,fresh,13,asm_radix4_pair_large_fixed,0.0329,0.0329,0.0329,1.0061
h14-1,atcoder_like_native-22-3-2,fresh,13,h14_mont_mullo,0.0331,0.0330,0.0331,1.0015
h14-1,atcoder_like_native-22-3-2,fresh,13,h14_mullo_fixed,0.0330,0.0327,0.0338,1.0037
h14-1,atcoder_like_native-22-3-2,fresh,13,h14_mullo_bottom,0.0327,0.0326,0.0334,1.0132
h14-1,atcoder_like_native-22-3-2,fresh,13,h14_karatsuba_shared,0.0554,0.0553,0.0658,0.5982
h14-1,atcoder_like_native-22-3-2,reuse,13,ll_inline_h14,0.0328,0.0327,0.0329,1.0000
h14-1,atcoder_like_native-22-3-2,reuse,13,v91,0.0581,0.0581,0.0581,0.5647
h14-1,atcoder_like_native-22-3-2,reuse,13,h14_fixed_tile,0.0326,0.0326,0.0327,1.0052
h14-1,atcoder_like_native-22-3-2,reuse,13,asm_radix4_pair_large_fixed,0.0325,0.0325,0.0326,1.0087
h14-1,atcoder_like_native-22-3-2,reuse,13,h14_mont_mullo,0.0327,0.0326,0.0469,1.0034
h14-1,atcoder_like_native-22-3-2,reuse,13,h14_mullo_fixed,0.0325,0.0324,0.0325,1.0090
h14-1,atcoder_like_native-22-3-2,reuse,13,h14_mullo_bottom,0.0324,0.0323,0.0325,1.0124
h14-1,atcoder_like_native-22-3-2,reuse,13,h14_karatsuba_shared,0.0550,0.0549,0.0692,0.5958
h14-1,atcoder_like_native-22-3-2,fresh,14,ll_inline_h14,0.0712,0.0711,0.0712,1.0000
h14-1,atcoder_like_native-22-3-2,fresh,14,v91,0.1193,0.1191,0.1193,0.5968
h14-1,atcoder_like_native-22-3-2,fresh,14,h14_fixed_tile,0.0712,0.0712,0.0712,0.9999
h14-1,atcoder_like_native-22-3-2,fresh,14,asm_radix4_pair_large_fixed,0.0707,0.0707,0.0708,1.0065
h14-1,atcoder_like_native-22-3-2,fresh,14,h14_mont_mullo,0.0711,0.0711,0.0711,1.0015
h14-1,atcoder_like_native-22-3-2,fresh,14,h14_mullo_fixed,0.0709,0.0704,0.0710,1.0038
h14-1,atcoder_like_native-22-3-2,fresh,14,h14_mullo_bottom,0.0706,0.0702,0.0808,1.0087
h14-1,atcoder_like_native-22-3-2,fresh,14,h14_karatsuba_shared,0.1158,0.1157,0.1263,0.6147
h14-1,atcoder_like_native-22-3-2,reuse,14,ll_inline_h14,0.0707,0.0706,0.0804,1.0000
h14-1,atcoder_like_native-22-3-2,reuse,14,v91,0.1190,0.1188,0.1190,0.5945
h14-1,atcoder_like_native-22-3-2,reuse,14,h14_fixed_tile,0.0705,0.0705,0.0707,1.0028
h14-1,atcoder_like_native-22-3-2,reuse,14,asm_radix4_pair_large_fixed,0.0702,0.0702,0.0703,1.0070
h14-1,atcoder_like_native-22-3-2,reuse,14,h14_mont_mullo,0.0706,0.0706,0.0706,1.0023
h14-1,atcoder_like_native-22-3-2,reuse,14,h14_mullo_fixed,0.0701,0.0699,0.0702,1.0093
h14-1,atcoder_like_native-22-3-2,reuse,14,h14_mullo_bottom,0.0697,0.0697,0.0698,1.0148
h14-1,atcoder_like_native-22-3-2,reuse,14,h14_karatsuba_shared,0.1152,0.1152,0.1152,0.6140
h14-1,atcoder_like_native-22-3-2,fresh,15,ll_inline_h14,0.1523,0.1522,0.1629,1.0000
h14-1,atcoder_like_native-22-3-2,fresh,15,v91,0.2576,0.2501,0.2578,0.5911
h14-1,atcoder_like_native-22-3-2,fresh,15,h14_fixed_tile,0.1500,0.1500,0.1501,1.0151
h14-1,atcoder_like_native-22-3-2,fresh,15,asm_radix4_pair_large_fixed,0.1509,0.1505,0.1514,1.0088
h14-1,atcoder_like_native-22-3-2,fresh,15,h14_mont_mullo,0.1500,0.1499,0.1501,1.0152
h14-1,atcoder_like_native-22-3-2,fresh,15,h14_mullo_fixed,0.1596,0.1491,0.1596,0.9542
h14-1,atcoder_like_native-22-3-2,fresh,15,h14_mullo_bottom,0.1481,0.1481,0.1481,1.0283
h14-1,atcoder_like_native-22-3-2,fresh,15,h14_karatsuba_shared,0.2404,0.2403,0.2404,0.6334
h14-1,atcoder_like_native-22-3-2,reuse,15,ll_inline_h14,0.1523,0.1517,0.1620,1.0000
h14-1,atcoder_like_native-22-3-2,reuse,15,v91,0.2473,0.2472,0.2578,0.6158
h14-1,atcoder_like_native-22-3-2,reuse,15,h14_fixed_tile,0.1492,0.1491,0.1597,1.0207
h14-1,atcoder_like_native-22-3-2,reuse,15,asm_radix4_pair_large_fixed,0.1500,0.1499,0.1504,1.0154
h14-1,atcoder_like_native-22-3-2,reuse,15,h14_mont_mullo,0.1492,0.1491,0.1501,1.0206
h14-1,atcoder_like_native-22-3-2,reuse,15,h14_mullo_fixed,0.1483,0.1482,0.1485,1.0266
h14-1,atcoder_like_native-22-3-2,reuse,15,h14_mullo_bottom,0.1472,0.1471,0.1474,1.0349
h14-1,atcoder_like_native-22-3-2,reuse,15,h14_karatsuba_shared,0.2397,0.2395,0.2502,0.6355
h14-1,atcoder_like_native-22-3-2,fresh,16,ll_inline_h14,0.3269,0.3266,0.3379,1.0000
h14-1,atcoder_like_native-22-3-2,fresh,16,v91,0.5218,0.5138,0.5252,0.6265
h14-1,atcoder_like_native-22-3-2,fresh,16,h14_fixed_tile,0.3220,0.3217,0.3221,1.0153
h14-1,atcoder_like_native-22-3-2,fresh,16,asm_radix4_pair_large_fixed,0.3240,0.3239,0.3247,1.0089
h14-1,atcoder_like_native-22-3-2,fresh,16,h14_mont_mullo,0.3322,0.3215,0.3323,0.9841
h14-1,atcoder_like_native-22-3-2,fresh,16,h14_mullo_fixed,0.3303,0.3204,0.3303,0.9898
h14-1,atcoder_like_native-22-3-2,fresh,16,h14_mullo_bottom,0.3178,0.3173,0.3279,1.0288
h14-1,atcoder_like_native-22-3-2,fresh,16,h14_karatsuba_shared,0.5130,0.5028,0.5130,0.6373
h14-1,atcoder_like_native-22-3-2,reuse,16,ll_inline_h14,0.3357,0.3269,0.3359,1.0000
h14-1,atcoder_like_native-22-3-2,reuse,16,v91,0.5216,0.5109,0.5263,0.6436
h14-1,atcoder_like_native-22-3-2,reuse,16,h14_fixed_tile,0.3231,0.3208,0.3311,1.0389
h14-1,atcoder_like_native-22-3-2,reuse,16,asm_radix4_pair_large_fixed,0.3223,0.3220,0.3348,1.0416
h14-1,atcoder_like_native-22-3-2,reuse,16,h14_mont_mullo,0.3205,0.3204,0.3210,1.0475
h14-1,atcoder_like_native-22-3-2,reuse,16,h14_mullo_fixed,0.3188,0.3186,0.3191,1.0529
h14-1,atcoder_like_native-22-3-2,reuse,16,h14_mullo_bottom,0.3265,0.3265,0.3296,1.0281
h14-1,atcoder_like_native-22-3-2,reuse,16,h14_karatsuba_shared,0.5119,0.5115,0.5120,0.6557
h14-1,atcoder_like_native-22-3-2,fresh,17,ll_inline_h14,0.6843,0.6838,0.6940,1.0000
h14-1,atcoder_like_native-22-3-2,fresh,17,v91,1.0871,1.0865,1.1012,0.6294
h14-1,atcoder_like_native-22-3-2,fresh,17,h14_fixed_tile,0.6922,0.6920,0.6929,0.9886
h14-1,atcoder_like_native-22-3-2,fresh,17,asm_radix4_pair_large_fixed,0.6884,0.6787,0.6891,0.9940
h14-1,atcoder_like_native-22-3-2,fresh,17,h14_mont_mullo,0.6873,0.6766,0.6959,0.9956
h14-1,atcoder_like_native-22-3-2,fresh,17,h14_mullo_fixed,0.6855,0.6775,0.6859,0.9982
h14-1,atcoder_like_native-22-3-2,fresh,17,h14_mullo_bottom,0.6724,0.6719,0.6824,1.0177
h14-1,atcoder_like_native-22-3-2,fresh,17,h14_karatsuba_shared,1.0506,1.0504,1.0533,0.6513
h14-1,atcoder_like_native-22-3-2,reuse,17,ll_inline_h14,0.6953,0.6912,0.7042,1.0000
h14-1,atcoder_like_native-22-3-2,reuse,17,v91,1.0879,1.0856,1.1109,0.6391
h14-1,atcoder_like_native-22-3-2,reuse,17,h14_fixed_tile,0.6925,0.6908,0.7025,1.0041
h14-1,atcoder_like_native-22-3-2,reuse,17,asm_radix4_pair_large_fixed,0.6862,0.6797,0.6863,1.0133
h14-1,atcoder_like_native-22-3-2,reuse,17,h14_mont_mullo,0.6852,0.6850,0.6866,1.0147
h14-1,atcoder_like_native-22-3-2,reuse,17,h14_mullo_fixed,0.6734,0.6725,0.6736,1.0326
h14-1,atcoder_like_native-22-3-2,reuse,17,h14_mullo_bottom,0.6806,0.6805,0.6810,1.0216
h14-1,atcoder_like_native-22-3-2,reuse,17,h14_karatsuba_shared,1.0487,1.0486,1.0490,0.6630
h14-1,atcoder_like_native-22-3-2,fresh,18,ll_inline_h14,1.4754,1.4752,1.4757,1.0000
h14-1,atcoder_like_native-22-3-2,fresh,18,v91,2.2842,2.2824,2.2941,0.6459
h14-1,atcoder_like_native-22-3-2,fresh,18,h14_fixed_tile,1.4743,1.4739,1.4827,1.0007
h14-1,atcoder_like_native-22-3-2,fresh,18,asm_radix4_pair_large_fixed,1.4638,1.4633,1.4718,1.0079
h14-1,atcoder_like_native-22-3-2,fresh,18,h14_mont_mullo,1.4595,1.4591,1.4617,1.0109
h14-1,atcoder_like_native-22-3-2,fresh,18,h14_mullo_fixed,1.4668,1.4574,1.4685,1.0059
h14-1,atcoder_like_native-22-3-2,fresh,18,h14_mullo_bottom,1.4605,1.4597,1.4631,1.0102
h14-1,atcoder_like_native-22-3-2,fresh,18,h14_karatsuba_shared,2.2021,2.2006,2.2036,0.6700
h14-1,atcoder_like_native-22-3-2,reuse,18,ll_inline_h14,1.4797,1.4706,1.4808,1.0000
h14-1,atcoder_like_native-22-3-2,reuse,18,v91,2.2746,2.2712,2.2796,0.6505
h14-1,atcoder_like_native-22-3-2,reuse,18,h14_fixed_tile,1.4692,1.4678,1.4807,1.0072
h14-1,atcoder_like_native-22-3-2,reuse,18,asm_radix4_pair_large_fixed,1.4667,1.4590,1.4742,1.0089
h14-1,atcoder_like_native-22-3-2,reuse,18,h14_mont_mullo,1.4567,1.4525,1.4733,1.0158
h14-1,atcoder_like_native-22-3-2,reuse,18,h14_mullo_fixed,1.4534,1.4523,1.4771,1.0181
h14-1,atcoder_like_native-22-3-2,reuse,18,h14_mullo_bottom,1.4578,1.4427,1.4616,1.0151
h14-1,atcoder_like_native-22-3-2,reuse,18,h14_karatsuba_shared,2.1949,2.1931,2.2033,0.6742
h14-1,atcoder_like_native-22-3-2,fresh,19,ll_inline_h14,3.1116,3.1108,3.1160,1.0000
h14-1,atcoder_like_native-22-3-2,fresh,19,v91,4.7313,4.7157,4.8002,0.6577
h14-1,atcoder_like_native-22-3-2,fresh,19,h14_fixed_tile,3.0710,3.0709,3.0742,1.0132
h14-1,atcoder_like_native-22-3-2,fresh,19,asm_radix4_pair_large_fixed,3.0859,3.0737,3.0869,1.0083
h14-1,atcoder_like_native-22-3-2,fresh,19,h14_mont_mullo,3.0528,3.0514,3.0836,1.0193
h14-1,atcoder_like_native-22-3-2,fresh,19,h14_mullo_fixed,3.0581,3.0388,3.0665,1.0175
h14-1,atcoder_like_native-22-3-2,fresh,19,h14_mullo_bottom,3.0162,3.0158,3.0173,1.0316
h14-1,atcoder_like_native-22-3-2,fresh,19,h14_karatsuba_shared,4.5418,4.5358,4.5569,0.6851
h14-1,atcoder_like_native-22-3-2,reuse,19,ll_inline_h14,3.0987,3.0970,3.1016,1.0000
h14-1,atcoder_like_native-22-3-2,reuse,19,v91,4.7415,4.7256,4.7596,0.6535
h14-1,atcoder_like_native-22-3-2,reuse,19,h14_fixed_tile,3.0561,3.0556,3.0637,1.0139
h14-1,atcoder_like_native-22-3-2,reuse,19,asm_radix4_pair_large_fixed,3.0796,3.0587,3.0850,1.0062
h14-1,atcoder_like_native-22-3-2,reuse,19,h14_mont_mullo,3.0444,3.0391,3.0591,1.0178
h14-1,atcoder_like_native-22-3-2,reuse,19,h14_mullo_fixed,3.0264,3.0259,3.0399,1.0239
h14-1,atcoder_like_native-22-3-2,reuse,19,h14_mullo_bottom,3.0024,3.0010,3.0229,1.0321
h14-1,atcoder_like_native-22-3-2,reuse,19,h14_karatsuba_shared,4.5273,4.5236,4.5477,0.6845
h14-1,atcoder_like_native-22-3-2,fresh,20,ll_inline_h14,6.5964,6.5953,6.6019,1.0000
h14-1,atcoder_like_native-22-3-2,fresh,20,v91,9.8428,9.8051,9.8835,0.6702
h14-1,atcoder_like_native-22-3-2,fresh,20,h14_fixed_tile,6.5102,6.5069,6.5601,1.0132
h14-1,atcoder_like_native-22-3-2,fresh,20,asm_radix4_pair_large_fixed,6.5212,6.5130,6.5259,1.0115
h14-1,atcoder_like_native-22-3-2,fresh,20,h14_mont_mullo,6.4683,6.4675,6.4912,1.0198
h14-1,atcoder_like_native-22-3-2,fresh,20,h14_mullo_fixed,6.4447,6.4443,6.4545,1.0235
h14-1,atcoder_like_native-22-3-2,fresh,20,h14_mullo_bottom,6.4157,6.4072,6.4452,1.0282
h14-1,atcoder_like_native-22-3-2,fresh,20,h14_karatsuba_shared,9.4496,9.4374,9.4603,0.6981
h14-1,atcoder_like_native-22-3-2,reuse,20,ll_inline_h14,6.5765,6.5705,6.5781,1.0000
h14-1,atcoder_like_native-22-3-2,reuse,20,v91,9.8229,9.7975,9.8305,0.6695
h14-1,atcoder_like_native-22-3-2,reuse,20,h14_fixed_tile,6.4984,6.4929,6.5141,1.0120
h14-1,atcoder_like_native-22-3-2,reuse,20,asm_radix4_pair_large_fixed,6.4875,6.4870,6.5090,1.0137
h14-1,atcoder_like_native-22-3-2,reuse,20,h14_mont_mullo,6.4582,6.4513,6.4627,1.0183
h14-1,atcoder_like_native-22-3-2,reuse,20,h14_mullo_fixed,6.4466,6.4206,6.4700,1.0202
h14-1,atcoder_like_native-22-3-2,reuse,20,h14_mullo_bottom,6.3948,6.3879,6.4091,1.0284
h14-1,atcoder_like_native-22-3-2,reuse,20,h14_karatsuba_shared,9.4166,9.4121,9.4185,0.6984
h14-1,atcoder_like_native-22-3-2,fresh,21,ll_inline_h14,13.6881,13.6864,13.7560,1.0000
h14-1,atcoder_like_native-22-3-2,fresh,21,v91,20.9799,20.8952,21.1944,0.6524
h14-1,atcoder_like_native-22-3-2,fresh,21,h14_fixed_tile,13.6585,13.6323,13.6759,1.0022
h14-1,atcoder_like_native-22-3-2,fresh,21,asm_radix4_pair_large_fixed,13.5470,13.5322,13.5498,1.0104
h14-1,atcoder_like_native-22-3-2,fresh,21,h14_mont_mullo,13.4715,13.4570,13.5244,1.0161
h14-1,atcoder_like_native-22-3-2,fresh,21,h14_mullo_fixed,13.4803,13.4564,13.4984,1.0154
h14-1,atcoder_like_native-22-3-2,fresh,21,h14_mullo_bottom,13.3925,13.3865,13.4647,1.0221
h14-1,atcoder_like_native-22-3-2,fresh,21,h14_karatsuba_shared,19.4671,19.4478,19.4995,0.7031
h14-1,atcoder_like_native-22-3-2,reuse,21,ll_inline_h14,13.6543,13.6247,13.6609,1.0000
h14-1,atcoder_like_native-22-3-2,reuse,21,v91,20.6957,20.5700,20.7625,0.6598
h14-1,atcoder_like_native-22-3-2,reuse,21,h14_fixed_tile,13.5881,13.5646,13.6067,1.0049
h14-1,atcoder_like_native-22-3-2,reuse,21,asm_radix4_pair_large_fixed,13.5179,13.4854,13.5305,1.0101
h14-1,atcoder_like_native-22-3-2,reuse,21,h14_mont_mullo,13.4428,13.4353,13.5054,1.0157
h14-1,atcoder_like_native-22-3-2,reuse,21,h14_mullo_fixed,13.4643,13.4393,13.4999,1.0141
h14-1,atcoder_like_native-22-3-2,reuse,21,h14_mullo_bottom,13.3609,13.3521,13.3916,1.0220
h14-1,atcoder_like_native-22-3-2,reuse,21,h14_karatsuba_shared,19.3914,19.3796,19.4075,0.7041
h14-1,atcoder_like_native-22-3-2,fresh,22,ll_inline_h14,29.0114,28.9613,29.0159,1.0000
h14-1,atcoder_like_native-22-3-2,fresh,22,v91,43.7993,43.6731,43.9327,0.6624
h14-1,atcoder_like_native-22-3-2,fresh,22,h14_fixed_tile,28.9321,28.8632,29.0812,1.0027
h14-1,atcoder_like_native-22-3-2,fresh,22,asm_radix4_pair_large_fixed,28.6990,28.6667,28.7448,1.0109
h14-1,atcoder_like_native-22-3-2,fresh,22,h14_mont_mullo,28.5725,28.5402,28.6052,1.0154
h14-1,atcoder_like_native-22-3-2,fresh,22,h14_mullo_fixed,28.5741,28.5110,28.6074,1.0153
h14-1,atcoder_like_native-22-3-2,fresh,22,h14_mullo_bottom,29.3847,28.4043,29.5542,0.9873
h14-1,atcoder_like_native-22-3-2,fresh,22,h14_karatsuba_shared,40.5205,40.5134,40.6109,0.7160
h14-1,atcoder_like_native-22-3-2,reuse,22,ll_inline_h14,28.9238,28.8514,28.9317,1.0000
h14-1,atcoder_like_native-22-3-2,reuse,22,v91,43.8480,43.3859,43.8712,0.6596
h14-1,atcoder_like_native-22-3-2,reuse,22,h14_fixed_tile,28.8362,28.8073,28.9146,1.0030
h14-1,atcoder_like_native-22-3-2,reuse,22,asm_radix4_pair_large_fixed,28.5517,28.5402,28.6010,1.0130
h14-1,atcoder_like_native-22-3-2,reuse,22,h14_mont_mullo,28.4452,28.4000,28.4808,1.0168
h14-1,atcoder_like_native-22-3-2,reuse,22,h14_mullo_fixed,28.4279,28.4093,28.4980,1.0174
h14-1,atcoder_like_native-22-3-2,reuse,22,h14_mullo_bottom,28.2907,28.2885,28.3243,1.0224
h14-1,atcoder_like_native-22-3-2,reuse,22,h14_karatsuba_shared,40.4603,40.4345,40.5061,0.7149
h14-1,avx2_capped-20-10-2,fresh,12,ll_inline_h14,0.0155,0.0154,0.0157,1.0000
h14-1,avx2_capped-20-10-2,fresh,12,v91,0.0287,0.0287,0.0398,0.5395
h14-1,avx2_capped-20-10-2,fresh,12,h14_fixed_tile,0.0154,0.0153,0.0186,1.0082
h14-1,avx2_capped-20-10-2,fresh,12,asm_radix4_pair_large_fixed,0.0154,0.0153,0.0156,1.0091
h14-1,avx2_capped-20-10-2,fresh,12,h14_mont_mullo,0.0154,0.0154,0.0155,1.0036
h14-1,avx2_capped-20-10-2,fresh,12,h14_mullo_fixed,0.0154,0.0153,0.0154,1.0088
h14-1,avx2_capped-20-10-2,fresh,12,h14_mullo_bottom,0.0153,0.0152,0.0154,1.0144
h14-1,avx2_capped-20-10-2,fresh,12,h14_karatsuba_shared,0.0247,0.0246,0.0395,0.6281
h14-1,avx2_capped-20-10-2,reuse,12,ll_inline_h14,0.0153,0.0152,0.0154,1.0000
h14-1,avx2_capped-20-10-2,reuse,12,v91,0.0286,0.0285,0.0287,0.5358
h14-1,avx2_capped-20-10-2,reuse,12,h14_fixed_tile,0.0151,0.0151,0.0152,1.0116
h14-1,avx2_capped-20-10-2,reuse,12,asm_radix4_pair_large_fixed,0.0152,0.0151,0.0253,1.0099
h14-1,avx2_capped-20-10-2,reuse,12,h14_mont_mullo,0.0153,0.0152,0.0153,1.0030
h14-1,avx2_capped-20-10-2,reuse,12,h14_mullo_fixed,0.0151,0.0151,0.0152,1.0133
h14-1,avx2_capped-20-10-2,reuse,12,h14_mullo_bottom,0.0150,0.0150,0.0153,1.0187
h14-1,avx2_capped-20-10-2,reuse,12,h14_karatsuba_shared,0.0245,0.0244,0.0337,0.6251
h14-1,avx2_capped-20-10-2,fresh,13,ll_inline_h14,0.0333,0.0332,0.0435,1.0000
h14-1,avx2_capped-20-10-2,fresh,13,v91,0.0580,0.0579,0.0721,0.5742
h14-1,avx2_capped-20-10-2,fresh,13,h14_fixed_tile,0.0328,0.0327,0.0330,1.0154
h14-1,avx2_capped-20-10-2,fresh,13,asm_radix4_pair_large_fixed,0.0328,0.0326,0.0331,1.0145
h14-1,avx2_capped-20-10-2,fresh,13,h14_mont_mullo,0.0329,0.0328,0.0331,1.0125
h14-1,avx2_capped-20-10-2,fresh,13,h14_mullo_fixed,0.0327,0.0325,0.0335,1.0187
h14-1,avx2_capped-20-10-2,fresh,13,h14_mullo_bottom,0.0324,0.0323,0.0327,1.0273
h14-1,avx2_capped-20-10-2,fresh,13,h14_karatsuba_shared,0.0515,0.0513,0.0611,0.6474
h14-1,avx2_capped-20-10-2,reuse,13,ll_inline_h14,0.0329,0.0329,0.0330,1.0000
h14-1,avx2_capped-20-10-2,reuse,13,v91,0.0579,0.0579,0.0704,0.5683
h14-1,avx2_capped-20-10-2,reuse,13,h14_fixed_tile,0.0325,0.0324,0.0462,1.0144
h14-1,avx2_capped-20-10-2,reuse,13,asm_radix4_pair_large_fixed,0.0326,0.0324,0.0328,1.0112
h14-1,avx2_capped-20-10-2,reuse,13,h14_mont_mullo,0.0326,0.0324,0.0327,1.0103
h14-1,avx2_capped-20-10-2,reuse,13,h14_mullo_fixed,0.0323,0.0322,0.0421,1.0199
h14-1,avx2_capped-20-10-2,reuse,13,h14_mullo_bottom,0.0322,0.0321,0.0324,1.0232
h14-1,avx2_capped-20-10-2,reuse,13,h14_karatsuba_shared,0.0512,0.0511,0.0607,0.6433
h14-1,avx2_capped-20-10-2,fresh,14,ll_inline_h14,0.0717,0.0716,0.0819,1.0000
h14-1,avx2_capped-20-10-2,fresh,14,v91,0.1187,0.1186,0.1288,0.6040
h14-1,avx2_capped-20-10-2,fresh,14,h14_fixed_tile,0.0708,0.0707,0.0834,1.0126
h14-1,avx2_capped-20-10-2,fresh,14,asm_radix4_pair_large_fixed,0.0709,0.0706,0.0738,1.0107
h14-1,avx2_capped-20-10-2,fresh,14,h14_mont_mullo,0.0710,0.0707,0.0712,1.0097
h14-1,avx2_capped-20-10-2,fresh,14,h14_mullo_fixed,0.0704,0.0702,0.0806,1.0187
h14-1,avx2_capped-20-10-2,fresh,14,h14_mullo_bottom,0.0700,0.0698,0.0704,1.0241
h14-1,avx2_capped-20-10-2,fresh,14,h14_karatsuba_shared,0.1081,0.1080,0.1083,0.6630
h14-1,avx2_capped-20-10-2,reuse,14,ll_inline_h14,0.0710,0.0709,0.0711,1.0000
h14-1,avx2_capped-20-10-2,reuse,14,v91,0.1185,0.1183,0.1186,0.5991
h14-1,avx2_capped-20-10-2,reuse,14,h14_fixed_tile,0.0702,0.0701,0.0805,1.0110
h14-1,avx2_capped-20-10-2,reuse,14,asm_radix4_pair_large_fixed,0.0702,0.0699,0.0802,1.0116
h14-1,avx2_capped-20-10-2,reuse,14,h14_mont_mullo,0.0703,0.0702,0.0705,1.0095
h14-1,avx2_capped-20-10-2,reuse,14,h14_mullo_fixed,0.0698,0.0695,0.0701,1.0177
h14-1,avx2_capped-20-10-2,reuse,14,h14_mullo_bottom,0.0694,0.0693,0.0696,1.0225
h14-1,avx2_capped-20-10-2,reuse,14,h14_karatsuba_shared,0.1077,0.1076,0.1177,0.6590
h14-1,avx2_capped-20-10-2,fresh,15,ll_inline_h14,0.1510,0.1508,0.1614,1.0000
h14-1,avx2_capped-20-10-2,fresh,15,v91,0.2460,0.2457,0.2563,0.6137
h14-1,avx2_capped-20-10-2,fresh,15,h14_fixed_tile,0.1508,0.1504,0.1533,1.0013
h14-1,avx2_capped-20-10-2,fresh,15,asm_radix4_pair_large_fixed,0.1491,0.1488,0.1635,1.0128
h14-1,avx2_capped-20-10-2,fresh,15,h14_mont_mullo,0.1500,0.1498,0.1610,1.0065
h14-1,avx2_capped-20-10-2,fresh,15,h14_mullo_fixed,0.1488,0.1487,0.1594,1.0145
h14-1,avx2_capped-20-10-2,fresh,15,h14_mullo_bottom,0.1484,0.1481,0.1589,1.0172
h14-1,avx2_capped-20-10-2,fresh,15,h14_karatsuba_shared,0.2247,0.2246,0.2352,0.6719
h14-1,avx2_capped-20-10-2,reuse,15,ll_inline_h14,0.1501,0.1500,0.1527,1.0000
h14-1,avx2_capped-20-10-2,reuse,15,v91,0.2459,0.2457,0.2466,0.6104
h14-1,avx2_capped-20-10-2,reuse,15,h14_fixed_tile,0.1500,0.1498,0.1606,1.0008
h14-1,avx2_capped-20-10-2,reuse,15,asm_radix4_pair_large_fixed,0.1483,0.1481,0.1591,1.0124
h14-1,avx2_capped-20-10-2,reuse,15,h14_mont_mullo,0.1492,0.1489,0.1612,1.0063
h14-1,avx2_capped-20-10-2,reuse,15,h14_mullo_fixed,0.1479,0.1477,0.1588,1.0150
h14-1,avx2_capped-20-10-2,reuse,15,h14_mullo_bottom,0.1475,0.1473,0.1584,1.0180
h14-1,avx2_capped-20-10-2,reuse,15,h14_karatsuba_shared,0.2250,0.2237,0.2387,0.6673
h14-1,avx2_capped-20-10-2,fresh,16,ll_inline_h14,0.3256,0.3237,0.3343,1.0000
h14-1,avx2_capped-20-10-2,fresh,16,v91,0.5152,0.5085,0.5217,0.6320
h14-1,avx2_capped-20-10-2,fresh,16,h14_fixed_tile,0.3231,0.3229,0.3335,1.0078
h14-1,avx2_capped-20-10-2,fresh,16,asm_radix4_pair_large_fixed,0.3194,0.3190,0.3300,1.0195
h14-1,avx2_capped-20-10-2,fresh,16,h14_mont_mullo,0.3212,0.3208,0.3320,1.0137
h14-1,avx2_capped-20-10-2,fresh,16,h14_mullo_fixed,0.3241,0.3184,0.3406,1.0048
h14-1,avx2_capped-20-10-2,fresh,16,h14_mullo_bottom,0.3178,0.3172,0.3286,1.0247
h14-1,avx2_capped-20-10-2,fresh,16,h14_karatsuba_shared,0.4820,0.4712,0.4934,0.6755
h14-1,avx2_capped-20-10-2,reuse,16,ll_inline_h14,0.3261,0.3224,0.3477,1.0000
h14-1,avx2_capped-20-10-2,reuse,16,v91,0.5193,0.5085,0.5318,0.6281
h14-1,avx2_capped-20-10-2,reuse,16,h14_fixed_tile,0.3219,0.3210,0.3324,1.0132
h14-1,avx2_capped-20-10-2,reuse,16,asm_radix4_pair_large_fixed,0.3179,0.3176,0.3286,1.0259
h14-1,avx2_capped-20-10-2,reuse,16,h14_mont_mullo,0.3202,0.3196,0.3326,1.0186
h14-1,avx2_capped-20-10-2,reuse,16,h14_mullo_fixed,0.3175,0.3173,0.3285,1.0273
h14-1,avx2_capped-20-10-2,reuse,16,h14_mullo_bottom,0.3163,0.3158,0.3275,1.0313
h14-1,avx2_capped-20-10-2,reuse,16,h14_karatsuba_shared,0.4805,0.4700,0.4913,0.6787
h14-1,avx2_capped-20-10-2,fresh,17,ll_inline_h14,0.6959,0.6853,0.7084,1.0000
h14-1,avx2_capped-20-10-2,fresh,17,v91,1.0991,1.0945,1.1265,0.6331
h14-1,avx2_capped-20-10-2,fresh,17,h14_fixed_tile,0.6835,0.6767,0.6908,1.0181
h14-1,avx2_capped-20-10-2,fresh,17,asm_radix4_pair_large_fixed,0.6884,0.6772,0.7024,1.0109
h14-1,avx2_capped-20-10-2,fresh,17,h14_mont_mullo,0.6866,0.6756,0.6990,1.0135
h14-1,avx2_capped-20-10-2,fresh,17,h14_mullo_fixed,0.6813,0.6702,0.6839,1.0213
h14-1,avx2_capped-20-10-2,fresh,17,h14_mullo_bottom,0.6801,0.6700,0.7105,1.0232
h14-1,avx2_capped-20-10-2,fresh,17,h14_karatsuba_shared,0.9879,0.9877,0.9886,0.7044
h14-1,avx2_capped-20-10-2,reuse,17,ll_inline_h14,0.6936,0.6929,0.7019,1.0000
h14-1,avx2_capped-20-10-2,reuse,17,v91,1.0984,1.0941,1.1107,0.6314
h14-1,avx2_capped-20-10-2,reuse,17,h14_fixed_tile,0.6850,0.6771,0.6950,1.0126
h14-1,avx2_capped-20-10-2,reuse,17,asm_radix4_pair_large_fixed,0.6752,0.6741,0.6862,1.0273
h14-1,avx2_capped-20-10-2,reuse,17,h14_mont_mullo,0.6843,0.6838,0.6952,1.0136
h14-1,avx2_capped-20-10-2,reuse,17,h14_mullo_fixed,0.6750,0.6678,0.8542,1.0275
h14-1,avx2_capped-20-10-2,reuse,17,h14_mullo_bottom,0.6775,0.6669,0.6958,1.0238
h14-1,avx2_capped-20-10-2,reuse,17,h14_karatsuba_shared,0.9863,0.9849,1.0022,0.7032
h14-1,avx2_capped-20-10-2,fresh,18,ll_inline_h14,1.4915,1.4812,1.5029,1.0000
h14-1,avx2_capped-20-10-2,fresh,18,v91,2.2822,2.2617,2.3189,0.6535
h14-1,avx2_capped-20-10-2,fresh,18,h14_fixed_tile,1.4798,1.4666,1.4937,1.0079
h14-1,avx2_capped-20-10-2,fresh,18,asm_radix4_pair_large_fixed,1.4776,1.4656,1.4883,1.0094
h14-1,avx2_capped-20-10-2,fresh,18,h14_mont_mullo,1.4751,1.4647,1.4878,1.0111
h14-1,avx2_capped-20-10-2,fresh,18,h14_mullo_fixed,1.4615,1.4525,1.4735,1.0205
h14-1,avx2_capped-20-10-2,fresh,18,h14_mullo_bottom,1.4605,1.4494,1.4813,1.0212
h14-1,avx2_capped-20-10-2,fresh,18,h14_karatsuba_shared,2.0876,2.0766,2.0995,0.7144
h14-1,avx2_capped-20-10-2,reuse,18,ll_inline_h14,1.4835,1.4751,1.5112,1.0000
h14-1,avx2_capped-20-10-2,reuse,18,v91,2.2760,2.2600,2.3076,0.6518
h14-1,avx2_capped-20-10-2,reuse,18,h14_fixed_tile,1.4718,1.4602,1.4865,1.0079
h14-1,avx2_capped-20-10-2,reuse,18,asm_radix4_pair_large_fixed,1.4656,1.4614,1.4766,1.0122
h14-1,avx2_capped-20-10-2,reuse,18,h14_mont_mullo,1.4705,1.4586,1.4839,1.0088
h14-1,avx2_capped-20-10-2,reuse,18,h14_mullo_fixed,1.4580,1.4472,1.4710,1.0175
h14-1,avx2_capped-20-10-2,reuse,18,h14_mullo_bottom,1.4492,1.4438,1.4775,1.0236
h14-1,avx2_capped-20-10-2,reuse,18,h14_karatsuba_shared,2.0808,2.0713,2.0863,0.7129
h14-1,avx2_capped-20-10-2,fresh,19,ll_inline_h14,3.0786,3.0747,3.0938,1.0000
h14-1,avx2_capped-20-10-2,fresh,19,v91,4.7700,4.7380,4.8435,0.6454
h14-1,avx2_capped-20-10-2,fresh,19,h14_fixed_tile,3.0722,3.0687,3.1066,1.0021
h14-1,avx2_capped-20-10-2,fresh,19,asm_radix4_pair_large_fixed,3.0421,3.0366,3.0636,1.0120
h14-1,avx2_capped-20-10-2,fresh,19,h14_mont_mullo,3.0514,3.0441,3.0638,1.0089
h14-1,avx2_capped-20-10-2,fresh,19,h14_mullo_fixed,3.0294,3.0258,3.0399,1.0163
h14-1,avx2_capped-20-10-2,fresh,19,h14_mullo_bottom,3.0189,3.0157,3.0376,1.0198
h14-1,avx2_capped-20-10-2,fresh,19,h14_karatsuba_shared,4.2738,4.2649,4.3095,0.7204
h14-1,avx2_capped-20-10-2,reuse,19,ll_inline_h14,3.0681,3.0653,3.1012,1.0000
h14-1,avx2_capped-20-10-2,reuse,19,v91,4.7654,4.7341,4.8207,0.6438
h14-1,avx2_capped-20-10-2,reuse,19,h14_fixed_tile,3.0668,3.0597,3.1098,1.0004
h14-1,avx2_capped-20-10-2,reuse,19,asm_radix4_pair_large_fixed,3.0277,3.0259,3.0376,1.0133
h14-1,avx2_capped-20-10-2,reuse,19,h14_mont_mullo,3.0368,3.0342,3.0391,1.0103
h14-1,avx2_capped-20-10-2,reuse,19,h14_mullo_fixed,3.0195,3.0145,3.0272,1.0161
h14-1,avx2_capped-20-10-2,reuse,19,h14_mullo_bottom,3.0144,3.0048,3.0283,1.0178
h14-1,avx2_capped-20-10-2,reuse,19,h14_karatsuba_shared,4.2617,4.2563,4.2841,0.7199
h14-1,avx2_capped-20-10-2,fresh,20,ll_inline_h14,6.5428,6.5235,6.5609,1.0000
h14-1,avx2_capped-20-10-2,fresh,20,v91,9.8797,9.8298,9.9080,0.6622
h14-1,avx2_capped-20-10-2,fresh,20,h14_fixed_tile,6.5317,6.5093,6.5597,1.0017
h14-1,avx2_capped-20-10-2,fresh,20,asm_radix4_pair_large_fixed,6.4706,6.4410,6.4968,1.0111
h14-1,avx2_capped-20-10-2,fresh,20,h14_mont_mullo,6.4802,6.4586,6.5359,1.0096
h14-1,avx2_capped-20-10-2,fresh,20,h14_mullo_fixed,6.4361,6.4248,6.4810,1.0166
h14-1,avx2_capped-20-10-2,fresh,20,h14_mullo_bottom,6.4170,6.4040,6.4851,1.0196
h14-1,avx2_capped-20-10-2,fresh,20,h14_karatsuba_shared,8.9372,8.9092,8.9499,0.7321
h14-1,avx2_capped-20-10-2,reuse,20,ll_inline_h14,6.5331,6.5032,6.5963,1.0000
h14-1,avx2_capped-20-10-2,reuse,20,v91,9.8575,9.7894,9.9708,0.6628
h14-1,avx2_capped-20-10-2,reuse,20,h14_fixed_tile,6.5045,6.4948,6.6264,1.0044
h14-1,avx2_capped-20-10-2,reuse,20,asm_radix4_pair_large_fixed,6.4520,6.4251,7.6273,1.0126
h14-1,avx2_capped-20-10-2,reuse,20,h14_mont_mullo,6.4581,6.4361,6.4842,1.0116
h14-1,avx2_capped-20-10-2,reuse,20,h14_mullo_fixed,6.4153,6.4029,6.5787,1.0184
h14-1,avx2_capped-20-10-2,reuse,20,h14_mullo_bottom,6.3936,6.3764,6.4380,1.0218
h14-1,avx2_capped-20-10-2,reuse,20,h14_karatsuba_shared,8.9137,8.8895,9.0022,0.7329
h14-1,plain-default,fresh,12,ll_inline_h14,0.0155,0.0154,0.0156,1.0000
h14-1,plain-default,fresh,12,v91,0.0290,0.0289,0.0291,0.5342
h14-1,plain-default,fresh,12,h14_fixed_tile,0.0154,0.0154,0.0155,1.0032
h14-1,plain-default,fresh,12,asm_radix4_pair_large_fixed,0.0154,0.0153,0.0156,1.0085
h14-1,plain-default,fresh,12,h14_mont_mullo,0.0154,0.0154,0.0155,1.0052
h14-1,plain-default,fresh,12,h14_mullo_fixed,0.0154,0.0154,0.0155,1.0052
h14-1,plain-default,fresh,12,h14_mullo_bottom,0.0154,0.0153,0.0154,1.0072
h14-1,plain-default,fresh,12,h14_karatsuba_shared,0.0254,0.0253,0.0351,0.6094
h14-1,plain-default,fresh,13,ll_inline_h14,0.0332,0.0331,0.0333,1.0000
h14-1,plain-default,fresh,13,v91,0.0585,0.0583,0.0682,0.5676
h14-1,plain-default,fresh,13,h14_fixed_tile,0.0328,0.0328,0.0336,1.0107
h14-1,plain-default,fresh,13,asm_radix4_pair_large_fixed,0.0329,0.0327,0.0330,1.0101
h14-1,plain-default,fresh,13,h14_mont_mullo,0.0329,0.0328,0.0330,1.0076
h14-1,plain-default,fresh,13,h14_mullo_fixed,0.0329,0.0325,0.0329,1.0100
h14-1,plain-default,fresh,13,h14_mullo_bottom,0.0326,0.0325,0.0428,1.0163
h14-1,plain-default,fresh,13,h14_karatsuba_shared,0.0529,0.0527,0.0529,0.6274
h14-1,plain-default,fresh,14,ll_inline_h14,0.0714,0.0713,0.0716,1.0000
h14-1,plain-default,fresh,14,v91,0.1197,0.1196,0.1235,0.5963
h14-1,plain-default,fresh,14,h14_fixed_tile,0.0707,0.0705,0.0782,1.0101
h14-1,plain-default,fresh,14,asm_radix4_pair_large_fixed,0.0706,0.0704,0.0854,1.0111
h14-1,plain-default,fresh,14,h14_mont_mullo,0.0709,0.0708,0.0813,1.0065
h14-1,plain-default,fresh,14,h14_mullo_fixed,0.0704,0.0700,0.0705,1.0139
h14-1,plain-default,fresh,14,h14_mullo_bottom,0.0702,0.0699,0.0811,1.0165
h14-1,plain-default,fresh,14,h14_karatsuba_shared,0.1111,0.1110,0.1213,0.6429
h14-1,plain-default,fresh,15,ll_inline_h14,0.1506,0.1504,0.1506,1.0000
h14-1,plain-default,fresh,15,v91,0.2483,0.2481,0.2491,0.6064
h14-1,plain-default,fresh,15,h14_fixed_tile,0.1614,0.1505,0.1633,0.9333
h14-1,plain-default,fresh,15,asm_radix4_pair_large_fixed,0.1487,0.1487,0.1495,1.0125
h14-1,plain-default,fresh,15,h14_mont_mullo,0.1501,0.1498,0.1607,1.0035
h14-1,plain-default,fresh,15,h14_mullo_fixed,0.1492,0.1490,0.1494,1.0092
h14-1,plain-default,fresh,15,h14_mullo_bottom,0.1491,0.1489,0.1594,1.0101
h14-1,plain-default,fresh,15,h14_karatsuba_shared,0.2408,0.2304,0.2410,0.6254
h14-1,plain-default,fresh,16,ll_inline_h14,0.3237,0.3234,0.3345,1.0000
h14-1,plain-default,fresh,16,v91,0.5147,0.5137,0.5250,0.6290
h14-1,plain-default,fresh,16,h14_fixed_tile,0.3275,0.3238,0.3347,0.9884
h14-1,plain-default,fresh,16,asm_radix4_pair_large_fixed,0.3206,0.3196,0.3304,1.0095
h14-1,plain-default,fresh,16,h14_mont_mullo,0.3222,0.3218,0.3324,1.0047
h14-1,plain-default,fresh,16,h14_mullo_fixed,0.3210,0.3209,0.3315,1.0086
h14-1,plain-default,fresh,16,h14_mullo_bottom,0.3200,0.3196,0.3300,1.0115
h14-1,plain-default,fresh,16,h14_karatsuba_shared,0.4848,0.4832,0.4938,0.6677
h14-1,plain-default,fresh,17,ll_inline_h14,0.6970,0.6883,0.6978,1.0000
h14-1,plain-default,fresh,17,v91,1.1059,1.1038,1.1062,0.6302
h14-1,plain-default,fresh,17,h14_fixed_tile,0.6883,0.6783,0.6888,1.0127
h14-1,plain-default,fresh,17,asm_radix4_pair_large_fixed,0.6890,0.6786,0.7097,1.0116
h14-1,plain-default,fresh,17,h14_mont_mullo,0.6881,0.6777,0.6917,1.0128
h14-1,plain-default,fresh,17,h14_mullo_fixed,0.6855,0.6763,0.6965,1.0168
h14-1,plain-default,fresh,17,h14_mullo_bottom,0.6850,0.6805,0.7209,1.0175
h14-1,plain-default,fresh,17,h14_karatsuba_shared,1.0210,1.0112,1.0357,0.6826
h14-1,plain-default,fresh,18,ll_inline_h14,1.4968,1.4847,1.4993,1.0000
h14-1,plain-default,fresh,18,v91,2.2873,2.2839,2.3110,0.6544
h14-1,plain-default,fresh,18,h14_fixed_tile,1.4732,1.4693,1.4964,1.0160
h14-1,plain-default,fresh,18,asm_radix4_pair_large_fixed,1.4884,1.4712,1.5012,1.0057
h14-1,plain-default,fresh,18,h14_mont_mullo,1.4723,1.4691,1.4809,1.0166
h14-1,plain-default,fresh,18,h14_mullo_fixed,1.4744,1.4633,1.4909,1.0152
h14-1,plain-default,fresh,18,h14_mullo_bottom,1.4655,1.4592,1.4717,1.0213
h14-1,plain-default,fresh,18,h14_karatsuba_shared,2.1307,2.1285,2.1389,0.7025
h14-1,plain-default,fresh,19,ll_inline_h14,3.0744,3.0725,3.0793,1.0000
h14-1,plain-default,fresh,19,v91,4.7822,4.7699,4.8051,0.6429
h14-1,plain-default,fresh,19,h14_fixed_tile,3.0821,3.0707,3.0908,0.9975
h14-1,plain-default,fresh,19,asm_radix4_pair_large_fixed,3.0388,3.0375,3.0752,1.0117
h14-1,plain-default,fresh,19,h14_mont_mullo,3.0624,3.0519,3.0834,1.0039
h14-1,plain-default,fresh,19,h14_mullo_fixed,3.0352,3.0334,3.0379,1.0129
h14-1,plain-default,fresh,19,h14_mullo_bottom,3.0423,3.0305,3.0560,1.0106
h14-1,plain-default,fresh,19,h14_karatsuba_shared,4.3653,4.3590,4.3707,0.7043
h14-1,plain-default,fresh,20,ll_inline_h14,6.5352,6.5210,6.5621,1.0000
h14-1,plain-default,fresh,20,v91,9.9928,9.9495,10.0458,0.6540
h14-1,plain-default,fresh,20,h14_fixed_tile,6.5494,6.5345,6.6047,0.9978
h14-1,plain-default,fresh,20,asm_radix4_pair_large_fixed,6.4807,6.4394,6.5215,1.0084
h14-1,plain-default,fresh,20,h14_mont_mullo,6.4937,6.4710,6.5222,1.0064
h14-1,plain-default,fresh,20,h14_mullo_fixed,6.4717,6.4433,6.4970,1.0098
h14-1,plain-default,fresh,20,h14_mullo_bottom,6.4405,6.4342,6.4613,1.0147
h14-1,plain-default,fresh,20,h14_karatsuba_shared,9.1158,9.0987,9.1326,0.7169
h14-2,atcoder_like_native-20-10-2,fresh,12,ll_inline_h14,0.0156,0.0155,0.0159,1.0000
h14-2,atcoder_like_native-20-10-2,fresh,12,v91,0.0289,0.0287,0.0291,0.5396
h14-2,atcoder_like_native-20-10-2,fresh,12,h14_fixed_tile,0.0155,0.0154,0.0157,1.0033
h14-2,atcoder_like_native-20-10-2,fresh,12,asm_radix4_pair_large_fixed,0.0154,0.0153,0.0158,1.0137
h14-2,atcoder_like_native-20-10-2,fresh,12,h14_mont_mullo,0.0155,0.0154,0.0199,1.0052
h14-2,atcoder_like_native-20-10-2,fresh,12,h14_mullo_fixed,0.0155,0.0153,0.0359,1.0075
h14-2,atcoder_like_native-20-10-2,fresh,12,h14_mullo_bottom,0.0153,0.0152,0.0155,1.0177
h14-2,atcoder_like_native-20-10-2,fresh,12,h14_karatsuba_shared,0.0266,0.0265,0.0268,0.5853
h14-2,atcoder_like_native-20-10-2,reuse,12,ll_inline_h14,0.0154,0.0153,0.0168,1.0000
h14-2,atcoder_like_native-20-10-2,reuse,12,v91,0.0287,0.0287,0.0519,0.5354
h14-2,atcoder_like_native-20-10-2,reuse,12,h14_fixed_tile,0.0152,0.0152,0.0153,1.0116
h14-2,atcoder_like_native-20-10-2,reuse,12,asm_radix4_pair_large_fixed,0.0152,0.0151,0.0243,1.0139
h14-2,atcoder_like_native-20-10-2,reuse,12,h14_mont_mullo,0.0152,0.0152,0.0153,1.0093
h14-2,atcoder_like_native-20-10-2,reuse,12,h14_mullo_fixed,0.0152,0.0151,0.0153,1.0116
h14-2,atcoder_like_native-20-10-2,reuse,12,h14_mullo_bottom,0.0151,0.0150,0.0152,1.0196
h14-2,atcoder_like_native-20-10-2,reuse,12,h14_karatsuba_shared,0.0263,0.0263,0.0264,0.5834
h14-2,atcoder_like_native-20-10-2,fresh,13,ll_inline_h14,0.0330,0.0329,0.0333,1.0000
h14-2,atcoder_like_native-20-10-2,fresh,13,v91,0.0583,0.0582,0.0680,0.5669
h14-2,atcoder_like_native-20-10-2,fresh,13,h14_fixed_tile,0.0331,0.0329,0.0557,0.9983
h14-2,atcoder_like_native-20-10-2,fresh,13,asm_radix4_pair_large_fixed,0.0328,0.0327,0.0330,1.0070
h14-2,atcoder_like_native-20-10-2,fresh,13,h14_mont_mullo,0.0329,0.0328,0.0331,1.0035
h14-2,atcoder_like_native-20-10-2,fresh,13,h14_mullo_fixed,0.0328,0.0327,0.0332,1.0059
h14-2,atcoder_like_native-20-10-2,fresh,13,h14_mullo_bottom,0.0327,0.0326,0.0330,1.0118
h14-2,atcoder_like_native-20-10-2,fresh,13,h14_karatsuba_shared,0.0552,0.0551,0.0663,0.5981
h14-2,atcoder_like_native-20-10-2,reuse,13,ll_inline_h14,0.0328,0.0327,0.0329,1.0000
h14-2,atcoder_like_native-20-10-2,reuse,13,v91,0.0581,0.0579,0.0589,0.5640
h14-2,atcoder_like_native-20-10-2,reuse,13,h14_fixed_tile,0.0327,0.0326,0.0328,1.0032
h14-2,atcoder_like_native-20-10-2,reuse,13,asm_radix4_pair_large_fixed,0.0324,0.0323,0.0326,1.0106
h14-2,atcoder_like_native-20-10-2,reuse,13,h14_mont_mullo,0.0326,0.0325,0.0327,1.0057
h14-2,atcoder_like_native-20-10-2,reuse,13,h14_mullo_fixed,0.0325,0.0324,0.0326,1.0085
h14-2,atcoder_like_native-20-10-2,reuse,13,h14_mullo_bottom,0.0323,0.0321,0.0324,1.0139
h14-2,atcoder_like_native-20-10-2,reuse,13,h14_karatsuba_shared,0.0549,0.0549,0.0550,0.5964
h14-2,atcoder_like_native-20-10-2,fresh,14,ll_inline_h14,0.0713,0.0711,0.0714,1.0000
h14-2,atcoder_like_native-20-10-2,fresh,14,v91,0.1192,0.1190,0.1297,0.5980
h14-2,atcoder_like_native-20-10-2,fresh,14,h14_fixed_tile,0.0714,0.0710,0.0747,0.9987
h14-2,atcoder_like_native-20-10-2,fresh,14,asm_radix4_pair_large_fixed,0.0708,0.0706,0.0811,1.0069
h14-2,atcoder_like_native-20-10-2,fresh,14,h14_mont_mullo,0.0709,0.0708,0.0716,1.0055
h14-2,atcoder_like_native-20-10-2,fresh,14,h14_mullo_fixed,0.0709,0.0704,0.0857,1.0052
h14-2,atcoder_like_native-20-10-2,fresh,14,h14_mullo_bottom,0.0704,0.0703,0.0706,1.0122
h14-2,atcoder_like_native-20-10-2,fresh,14,h14_karatsuba_shared,0.1157,0.1156,0.1266,0.6161
h14-2,atcoder_like_native-20-10-2,reuse,14,ll_inline_h14,0.0706,0.0705,0.0807,1.0000
h14-2,atcoder_like_native-20-10-2,reuse,14,v91,0.1189,0.1188,0.1293,0.5935
h14-2,atcoder_like_native-20-10-2,reuse,14,h14_fixed_tile,0.0705,0.0703,0.0833,1.0011
h14-2,atcoder_like_native-20-10-2,reuse,14,asm_radix4_pair_large_fixed,0.0701,0.0697,0.0710,1.0071
h14-2,atcoder_like_native-20-10-2,reuse,14,h14_mont_mullo,0.0703,0.0702,0.0803,1.0046
h14-2,atcoder_like_native-20-10-2,reuse,14,h14_mullo_fixed,0.0701,0.0700,0.0814,1.0067
h14-2,atcoder_like_native-20-10-2,reuse,14,h14_mullo_bottom,0.0698,0.0697,0.0726,1.0110
h14-2,atcoder_like_native-20-10-2,reuse,14,h14_karatsuba_shared,0.1152,0.1150,0.1249,0.6130
h14-2,atcoder_like_native-20-10-2,fresh,15,ll_inline_h14,0.1523,0.1521,0.1626,1.0000
h14-2,atcoder_like_native-20-10-2,fresh,15,v91,0.2466,0.2464,0.2472,0.6178
h14-2,atcoder_like_native-20-10-2,fresh,15,h14_fixed_tile,0.1500,0.1497,0.1720,1.0160
h14-2,atcoder_like_native-20-10-2,fresh,15,asm_radix4_pair_large_fixed,0.1504,0.1502,0.1612,1.0127
h14-2,atcoder_like_native-20-10-2,fresh,15,h14_mont_mullo,0.1500,0.1497,0.1605,1.0154
h14-2,atcoder_like_native-20-10-2,fresh,15,h14_mullo_fixed,0.1491,0.1489,0.1590,1.0217
h14-2,atcoder_like_native-20-10-2,fresh,15,h14_mullo_bottom,0.1478,0.1477,0.1626,1.0307
h14-2,atcoder_like_native-20-10-2,fresh,15,h14_karatsuba_shared,0.2403,0.2398,0.2511,0.6340
h14-2,atcoder_like_native-20-10-2,reuse,15,ll_inline_h14,0.1516,0.1514,0.1621,1.0000
h14-2,atcoder_like_native-20-10-2,reuse,15,v91,0.2480,0.2464,0.2632,0.6111
h14-2,atcoder_like_native-20-10-2,reuse,15,h14_fixed_tile,0.1491,0.1490,0.1595,1.0163
h14-2,atcoder_like_native-20-10-2,reuse,15,asm_radix4_pair_large_fixed,0.1497,0.1494,0.1507,1.0123
h14-2,atcoder_like_native-20-10-2,reuse,15,h14_mont_mullo,0.1492,0.1490,0.1596,1.0158
h14-2,atcoder_like_native-20-10-2,reuse,15,h14_mullo_fixed,0.1484,0.1482,0.1601,1.0216
h14-2,atcoder_like_native-20-10-2,reuse,15,h14_mullo_bottom,0.1470,0.1469,0.1575,1.0310
h14-2,atcoder_like_native-20-10-2,reuse,15,h14_karatsuba_shared,0.2394,0.2393,0.2496,0.6331
h14-2,atcoder_like_native-20-10-2,fresh,16,ll_inline_h14,0.3275,0.3267,0.3379,1.0000
h14-2,atcoder_like_native-20-10-2,fresh,16,v91,0.5195,0.5109,0.5240,0.6305
h14-2,atcoder_like_native-20-10-2,fresh,16,h14_fixed_tile,0.3274,0.3215,0.3350,1.0003
h14-2,atcoder_like_native-20-10-2,fresh,16,asm_radix4_pair_large_fixed,0.3232,0.3224,0.3438,1.0133
h14-2,atcoder_like_native-20-10-2,fresh,16,h14_mont_mullo,0.3270,0.3214,0.3331,1.0017
h14-2,atcoder_like_native-20-10-2,fresh,16,h14_mullo_fixed,0.3298,0.3191,0.3306,0.9932
h14-2,atcoder_like_native-20-10-2,fresh,16,h14_mullo_bottom,0.3174,0.3168,0.3282,1.0318
h14-2,atcoder_like_native-20-10-2,fresh,16,h14_karatsuba_shared,0.5121,0.5018,0.5137,0.6396
h14-2,atcoder_like_native-20-10-2,reuse,16,ll_inline_h14,0.3359,0.3250,0.3499,1.0000
h14-2,atcoder_like_native-20-10-2,reuse,16,v91,0.5186,0.5108,0.5237,0.6478
h14-2,atcoder_like_native-20-10-2,reuse,16,h14_fixed_tile,0.3201,0.3194,0.3323,1.0493
h14-2,atcoder_like_native-20-10-2,reuse,16,asm_radix4_pair_large_fixed,0.3218,0.3208,0.3327,1.0440
h14-2,atcoder_like_native-20-10-2,reuse,16,h14_mont_mullo,0.3210,0.3201,0.3390,1.0464
h14-2,atcoder_like_native-20-10-2,reuse,16,h14_mullo_fixed,0.3180,0.3177,0.3399,1.0563
h14-2,atcoder_like_native-20-10-2,reuse,16,h14_mullo_bottom,0.3158,0.3155,0.3426,1.0637
h14-2,atcoder_like_native-20-10-2,reuse,16,h14_karatsuba_shared,0.5113,0.5009,0.5148,0.6570
h14-2,atcoder_like_native-20-10-2,fresh,17,ll_inline_h14,0.6951,0.6853,0.7079,1.0000
h14-2,atcoder_like_native-20-10-2,fresh,17,v91,1.1001,1.0949,1.1106,0.6318
h14-2,atcoder_like_native-20-10-2,fresh,17,h14_fixed_tile,0.6936,0.6816,0.7009,1.0021
h14-2,atcoder_like_native-20-10-2,fresh,17,asm_radix4_pair_large_fixed,0.6897,0.6793,0.7165,1.0078
h14-2,atcoder_like_native-20-10-2,fresh,17,h14_mont_mullo,0.6884,0.6775,0.6905,1.0097
h14-2,atcoder_like_native-20-10-2,fresh,17,h14_mullo_fixed,0.6860,0.6752,0.6881,1.0131
h14-2,atcoder_like_native-20-10-2,fresh,17,h14_mullo_bottom,0.6772,0.6709,0.6847,1.0264
h14-2,atcoder_like_native-20-10-2,fresh,17,h14_karatsuba_shared,1.0506,1.0499,1.0639,0.6616
h14-2,atcoder_like_native-20-10-2,reuse,17,ll_inline_h14,0.6899,0.6812,0.6984,1.0000
h14-2,atcoder_like_native-20-10-2,reuse,17,v91,1.1026,1.0948,1.1107,0.6257
h14-2,atcoder_like_native-20-10-2,reuse,17,h14_fixed_tile,0.6891,0.6787,0.6993,1.0013
h14-2,atcoder_like_native-20-10-2,reuse,17,asm_radix4_pair_large_fixed,0.6860,0.6747,0.6886,1.0057
h14-2,atcoder_like_native-20-10-2,reuse,17,h14_mont_mullo,0.6759,0.6738,0.6925,1.0208
h14-2,atcoder_like_native-20-10-2,reuse,17,h14_mullo_fixed,0.6829,0.6725,0.7001,1.0103
h14-2,atcoder_like_native-20-10-2,reuse,17,h14_mullo_bottom,0.6748,0.6690,0.6871,1.0224
h14-2,atcoder_like_native-20-10-2,reuse,17,h14_karatsuba_shared,1.0483,1.0465,1.0647,0.6581
h14-2,atcoder_like_native-20-10-2,fresh,18,ll_inline_h14,1.4856,1.4745,1.4924,1.0000
h14-2,atcoder_like_native-20-10-2,fresh,18,v91,2.3145,2.2808,2.3560,0.6419
h14-2,atcoder_like_native-20-10-2,fresh,18,h14_fixed_tile,1.4831,1.4737,1.5080,1.0017
h14-2,atcoder_like_native-20-10-2,fresh,18,asm_radix4_pair_large_fixed,1.4748,1.4628,1.5006,1.0073
h14-2,atcoder_like_native-20-10-2,fresh,18,h14_mont_mullo,1.4707,1.4617,1.4915,1.0101
h14-2,atcoder_like_native-20-10-2,fresh,18,h14_mullo_fixed,1.4656,1.4582,1.5008,1.0136
h14-2,atcoder_like_native-20-10-2,fresh,18,h14_mullo_bottom,1.4576,1.4507,1.4691,1.0192
h14-2,atcoder_like_native-20-10-2,fresh,18,h14_karatsuba_shared,2.2067,2.1983,2.2306,0.6732
h14-2,atcoder_like_native-20-10-2,reuse,18,ll_inline_h14,1.4713,1.4687,1.4929,1.0000
h14-2,atcoder_like_native-20-10-2,reuse,18,v91,2.3096,2.2845,2.3284,0.6370
h14-2,atcoder_like_native-20-10-2,reuse,18,h14_fixed_tile,1.4766,1.4660,1.4935,0.9964
h14-2,atcoder_like_native-20-10-2,reuse,18,asm_radix4_pair_large_fixed,1.4647,1.4581,1.4879,1.0045
h14-2,atcoder_like_native-20-10-2,reuse,18,h14_mont_mullo,1.4662,1.4548,1.5716,1.0034
h14-2,atcoder_like_native-20-10-2,reuse,18,h14_mullo_fixed,1.4626,1.4524,1.4714,1.0060
h14-2,atcoder_like_native-20-10-2,reuse,18,h14_mullo_bottom,1.4512,1.4446,1.4577,1.0138
h14-2,atcoder_like_native-20-10-2,reuse,18,h14_karatsuba_shared,2.1957,2.1924,2.2094,0.6701
h14-2,atcoder_like_native-20-10-2,fresh,19,ll_inline_h14,3.1179,3.1103,3.1556,1.0000
h14-2,atcoder_like_native-20-10-2,fresh,19,v91,4.8004,4.7643,4.8485,0.6495
h14-2,atcoder_like_native-20-10-2,fresh,19,h14_fixed_tile,3.0737,3.0687,3.0860,1.0144
h14-2,atcoder_like_native-20-10-2,fresh,19,asm_radix4_pair_large_fixed,3.0766,3.0712,3.0989,1.0134
h14-2,atcoder_like_native-20-10-2,fresh,19,h14_mont_mullo,3.0527,3.0514,3.0730,1.0214
h14-2,atcoder_like_native-20-10-2,fresh,19,h14_mullo_fixed,3.0426,3.0378,3.0597,1.0247
h14-2,atcoder_like_native-20-10-2,fresh,19,h14_mullo_bottom,3.0184,3.0158,3.0222,1.0330
h14-2,atcoder_like_native-20-10-2,fresh,19,h14_karatsuba_shared,4.5438,4.5361,4.5750,0.6862
h14-2,atcoder_like_native-20-10-2,reuse,19,ll_inline_h14,3.1143,3.0982,3.1894,1.0000
h14-2,atcoder_like_native-20-10-2,reuse,19,v91,4.7896,4.7660,4.8121,0.6502
h14-2,atcoder_like_native-20-10-2,reuse,19,h14_fixed_tile,3.0763,3.0562,3.1021,1.0124
h14-2,atcoder_like_native-20-10-2,reuse,19,asm_radix4_pair_large_fixed,3.0726,3.0590,3.2063,1.0136
h14-2,atcoder_like_native-20-10-2,reuse,19,h14_mont_mullo,3.0500,3.0407,3.1040,1.0211
h14-2,atcoder_like_native-20-10-2,reuse,19,h14_mullo_fixed,3.0322,3.0248,3.2795,1.0271
h14-2,atcoder_like_native-20-10-2,reuse,19,h14_mullo_bottom,3.0087,3.0022,3.0596,1.0351
h14-2,atcoder_like_native-20-10-2,reuse,19,h14_karatsuba_shared,4.5382,4.5193,4.6000,0.6862
h14-2,atcoder_like_native-20-10-2,fresh,20,ll_inline_h14,6.6267,6.6020,6.6758,1.0000
h14-2,atcoder_like_native-20-10-2,fresh,20,v91,10.0317,9.9706,10.1411,0.6606
h14-2,atcoder_like_native-20-10-2,fresh,20,h14_fixed_tile,6.5390,6.5142,6.5983,1.0134
h14-2,atcoder_like_native-20-10-2,fresh,20,asm_radix4_pair_large_fixed,6.5470,6.5310,6.5862,1.0122
h14-2,atcoder_like_native-20-10-2,fresh,20,h14_mont_mullo,6.5006,6.4756,6.5349,1.0194
h14-2,atcoder_like_native-20-10-2,fresh,20,h14_mullo_fixed,6.4860,6.4474,6.5236,1.0217
h14-2,atcoder_like_native-20-10-2,fresh,20,h14_mullo_bottom,6.4320,6.4174,6.4678,1.0303
h14-2,atcoder_like_native-20-10-2,fresh,20,h14_karatsuba_shared,9.4741,9.4529,9.7525,0.6994
h14-2,atcoder_like_native-20-10-2,reuse,20,ll_inline_h14,6.6061,6.5834,6.6452,1.0000
h14-2,atcoder_like_native-20-10-2,reuse,20,v91,9.9852,9.8993,10.1419,0.6616
h14-2,atcoder_like_native-20-10-2,reuse,20,h14_fixed_tile,6.5165,6.4982,6.5877,1.0137
h14-2,atcoder_like_native-20-10-2,reuse,20,asm_radix4_pair_large_fixed,6.5119,6.4726,6.5835,1.0145
h14-2,atcoder_like_native-20-10-2,reuse,20,h14_mont_mullo,6.4695,6.4261,8.0994,1.0211
h14-2,atcoder_like_native-20-10-2,reuse,20,h14_mullo_fixed,6.4644,6.4103,6.5739,1.0219
h14-2,atcoder_like_native-20-10-2,reuse,20,h14_mullo_bottom,6.4108,6.3648,6.5079,1.0305
h14-2,atcoder_like_native-20-10-2,reuse,20,h14_karatsuba_shared,9.4872,9.4281,9.5402,0.6963
h14-2,atcoder_like_native-22-3-2,fresh,12,ll_inline_h14,0.0157,0.0156,0.0158,1.0000
h14-2,atcoder_like_native-22-3-2,fresh,12,v91,0.0288,0.0288,0.0289,0.5443
h14-2,atcoder_like_native-22-3-2,fresh,12,h14_fixed_tile,0.0156,0.0155,0.0156,1.0045
h14-2,atcoder_like_native-22-3-2,fresh,12,asm_radix4_pair_large_fixed,0.0154,0.0153,0.0156,1.0195
h14-2,atcoder_like_native-22-3-2,fresh,12,h14_mont_mullo,0.0156,0.0154,0.0156,1.0071
h14-2,atcoder_like_native-22-3-2,fresh,12,h14_mullo_fixed,0.0156,0.0154,0.0158,1.0077
h14-2,atcoder_like_native-22-3-2,fresh,12,h14_mullo_bottom,0.0153,0.0153,0.0156,1.0242
h14-2,atcoder_like_native-22-3-2,fresh,12,h14_karatsuba_shared,0.0266,0.0265,0.0292,0.5892
h14-2,atcoder_like_native-22-3-2,reuse,12,ll_inline_h14,0.0154,0.0154,0.0155,1.0000
h14-2,atcoder_like_native-22-3-2,reuse,12,v91,0.0287,0.0287,0.0287,0.5370
h14-2,atcoder_like_native-22-3-2,reuse,12,h14_fixed_tile,0.0152,0.0152,0.0153,1.0131
h14-2,atcoder_like_native-22-3-2,reuse,12,asm_radix4_pair_large_fixed,0.0152,0.0152,0.0152,1.0158
h14-2,atcoder_like_native-22-3-2,reuse,12,h14_mont_mullo,0.0152,0.0152,0.0153,1.0152
h14-2,atcoder_like_native-22-3-2,reuse,12,h14_mullo_fixed,0.0152,0.0152,0.0152,1.0152
h14-2,atcoder_like_native-22-3-2,reuse,12,h14_mullo_bottom,0.0150,0.0150,0.0151,1.0253
h14-2,atcoder_like_native-22-3-2,reuse,12,h14_karatsuba_shared,0.0263,0.0263,0.0263,0.5858
h14-2,atcoder_like_native-22-3-2,fresh,13,ll_inline_h14,0.0330,0.0330,0.0331,1.0000
h14-2,atcoder_like_native-22-3-2,fresh,13,v91,0.0583,0.0581,0.0583,0.5666
h14-2,atcoder_like_native-22-3-2,fresh,13,h14_fixed_tile,0.0330,0.0329,0.0332,1.0019
h14-2,atcoder_like_native-22-3-2,fresh,13,asm_radix4_pair_large_fixed,0.0328,0.0326,0.0328,1.0061
h14-2,atcoder_like_native-22-3-2,fresh,13,h14_mont_mullo,0.0330,0.0329,0.0330,1.0025
h14-2,atcoder_like_native-22-3-2,fresh,13,h14_mullo_fixed,0.0327,0.0327,0.0328,1.0098
h14-2,atcoder_like_native-22-3-2,fresh,13,h14_mullo_bottom,0.0325,0.0324,0.0326,1.0176
h14-2,atcoder_like_native-22-3-2,fresh,13,h14_karatsuba_shared,0.0552,0.0552,0.0552,0.5986
h14-2,atcoder_like_native-22-3-2,reuse,13,ll_inline_h14,0.0326,0.0326,0.0327,1.0000
h14-2,atcoder_like_native-22-3-2,reuse,13,v91,0.0580,0.0579,0.0580,0.5628
h14-2,atcoder_like_native-22-3-2,reuse,13,h14_fixed_tile,0.0326,0.0326,0.0328,1.0006
h14-2,atcoder_like_native-22-3-2,reuse,13,asm_radix4_pair_large_fixed,0.0324,0.0323,0.0324,1.0084
h14-2,atcoder_like_native-22-3-2,reuse,13,h14_mont_mullo,0.0326,0.0325,0.0326,1.0025
h14-2,atcoder_like_native-22-3-2,reuse,13,h14_mullo_fixed,0.0324,0.0324,0.0325,1.0068
h14-2,atcoder_like_native-22-3-2,reuse,13,h14_mullo_bottom,0.0323,0.0322,0.0324,1.0093
h14-2,atcoder_like_native-22-3-2,reuse,13,h14_karatsuba_shared,0.0550,0.0548,0.0550,0.5940
h14-2,atcoder_like_native-22-3-2,fresh,14,ll_inline_h14,0.0714,0.0712,0.0714,1.0000
h14-2,atcoder_like_native-22-3-2,fresh,14,v91,0.1297,0.1192,0.1304,0.5502
h14-2,atcoder_like_native-22-3-2,fresh,14,h14_fixed_tile,0.0711,0.0711,0.0712,1.0032
h14-2,atcoder_like_native-22-3-2,fresh,14,asm_radix4_pair_large_fixed,0.0707,0.0706,0.0812,1.0101
h14-2,atcoder_like_native-22-3-2,fresh,14,h14_mont_mullo,0.0708,0.0707,0.0709,1.0081
h14-2,atcoder_like_native-22-3-2,fresh,14,h14_mullo_fixed,0.0707,0.0704,0.0708,1.0099
h14-2,atcoder_like_native-22-3-2,fresh,14,h14_mullo_bottom,0.0703,0.0700,0.0703,1.0157
h14-2,atcoder_like_native-22-3-2,fresh,14,h14_karatsuba_shared,0.1156,0.1155,0.1158,0.6174
h14-2,atcoder_like_native-22-3-2,reuse,14,ll_inline_h14,0.0705,0.0705,0.0706,1.0000
h14-2,atcoder_like_native-22-3-2,reuse,14,v91,0.1189,0.1189,0.1191,0.5932
h14-2,atcoder_like_native-22-3-2,reuse,14,h14_fixed_tile,0.0703,0.0700,0.0704,1.0028
h14-2,atcoder_like_native-22-3-2,reuse,14,asm_radix4_pair_large_fixed,0.0701,0.0698,0.0708,1.0063
h14-2,atcoder_like_native-22-3-2,reuse,14,h14_mont_mullo,0.0702,0.0700,0.0705,1.0054
h14-2,atcoder_like_native-22-3-2,reuse,14,h14_mullo_fixed,0.0700,0.0698,0.0800,1.0084
h14-2,atcoder_like_native-22-3-2,reuse,14,h14_mullo_bottom,0.0696,0.0695,0.0697,1.0134
h14-2,atcoder_like_native-22-3-2,reuse,14,h14_karatsuba_shared,0.1151,0.1150,0.1254,0.6131
h14-2,atcoder_like_native-22-3-2,fresh,15,ll_inline_h14,0.1624,0.1525,0.1634,1.0000
h14-2,atcoder_like_native-22-3-2,fresh,15,v91,0.2527,0.2472,0.2727,0.6427
h14-2,atcoder_like_native-22-3-2,fresh,15,h14_fixed_tile,0.1499,0.1498,0.1501,1.0838
h14-2,atcoder_like_native-22-3-2,fresh,15,asm_radix4_pair_large_fixed,0.1510,0.1506,0.1607,1.0755
h14-2,atcoder_like_native-22-3-2,fresh,15,h14_mont_mullo,0.1502,0.1500,0.1503,1.0817
h14-2,atcoder_like_native-22-3-2,fresh,15,h14_mullo_fixed,0.1491,0.1487,0.1707,1.0893
h14-2,atcoder_like_native-22-3-2,fresh,15,h14_mullo_bottom,0.1507,0.1478,0.1508,1.0778
h14-2,atcoder_like_native-22-3-2,fresh,15,h14_karatsuba_shared,0.2403,0.2403,0.2404,0.6759
h14-2,atcoder_like_native-22-3-2,reuse,15,ll_inline_h14,0.1514,0.1513,0.1517,1.0000
h14-2,atcoder_like_native-22-3-2,reuse,15,v91,0.2468,0.2466,0.2470,0.6136
h14-2,atcoder_like_native-22-3-2,reuse,15,h14_fixed_tile,0.1491,0.1489,0.1492,1.0154
h14-2,atcoder_like_native-22-3-2,reuse,15,asm_radix4_pair_large_fixed,0.1502,0.1498,0.1605,1.0083
h14-2,atcoder_like_native-22-3-2,reuse,15,h14_mont_mullo,0.1492,0.1492,0.1501,1.0147
h14-2,atcoder_like_native-22-3-2,reuse,15,h14_mullo_fixed,0.1481,0.1480,0.1490,1.0223
h14-2,atcoder_like_native-22-3-2,reuse,15,h14_mullo_bottom,0.1473,0.1471,0.1479,1.0284
h14-2,atcoder_like_native-22-3-2,reuse,15,h14_karatsuba_shared,0.2494,0.2394,0.2518,0.6071
h14-2,atcoder_like_native-22-3-2,fresh,16,ll_inline_h14,0.3260,0.3258,0.3367,1.0000
h14-2,atcoder_like_native-22-3-2,fresh,16,v91,0.5114,0.5109,0.5227,0.6374
h14-2,atcoder_like_native-22-3-2,fresh,16,h14_fixed_tile,0.3218,0.3215,0.3323,1.0131
h14-2,atcoder_like_native-22-3-2,fresh,16,asm_radix4_pair_large_fixed,0.3329,0.3257,0.3343,0.9792
h14-2,atcoder_like_native-22-3-2,fresh,16,h14_mont_mullo,0.3210,0.3209,0.3213,1.0154
h14-2,atcoder_like_native-22-3-2,fresh,16,h14_mullo_fixed,0.3189,0.3188,0.3201,1.0222
h14-2,atcoder_like_native-22-3-2,fresh,16,h14_mullo_bottom,0.3178,0.3168,0.3280,1.0256
h14-2,atcoder_like_native-22-3-2,fresh,16,h14_karatsuba_shared,0.5060,0.5033,0.5135,0.6442
h14-2,atcoder_like_native-22-3-2,reuse,16,ll_inline_h14,0.3251,0.3250,0.3353,1.0000
h14-2,atcoder_like_native-22-3-2,reuse,16,v91,0.5220,0.5135,0.5262,0.6227
h14-2,atcoder_like_native-22-3-2,reuse,16,h14_fixed_tile,0.3201,0.3199,0.3550,1.0154
h14-2,atcoder_like_native-22-3-2,reuse,16,asm_radix4_pair_large_fixed,0.3245,0.3210,0.3317,1.0016
h14-2,atcoder_like_native-22-3-2,reuse,16,h14_mont_mullo,0.3197,0.3197,0.3301,1.0169
h14-2,atcoder_like_native-22-3-2,reuse,16,h14_mullo_fixed,0.3179,0.3174,0.3282,1.0225
h14-2,atcoder_like_native-22-3-2,reuse,16,h14_mullo_bottom,0.3155,0.3150,0.3201,1.0304
h14-2,atcoder_like_native-22-3-2,reuse,16,h14_karatsuba_shared,0.5023,0.5014,0.5125,0.6472
h14-2,atcoder_like_native-22-3-2,fresh,17,ll_inline_h14,0.6943,0.6937,0.7039,1.0000
h14-2,atcoder_like_native-22-3-2,fresh,17,v91,1.0944,1.0910,1.0966,0.6344
h14-2,atcoder_like_native-22-3-2,fresh,17,h14_fixed_tile,0.6829,0.6822,0.7237,1.0168
h14-2,atcoder_like_native-22-3-2,fresh,17,asm_radix4_pair_large_fixed,0.6892,0.6879,0.6988,1.0074
h14-2,atcoder_like_native-22-3-2,fresh,17,h14_mont_mullo,0.6870,0.6769,0.6884,1.0106
h14-2,atcoder_like_native-22-3-2,fresh,17,h14_mullo_fixed,0.6865,0.6765,0.6885,1.0114
h14-2,atcoder_like_native-22-3-2,fresh,17,h14_mullo_bottom,0.6838,0.6816,0.6856,1.0155
h14-2,atcoder_like_native-22-3-2,fresh,17,h14_karatsuba_shared,1.0518,1.0515,1.0521,0.6602
h14-2,atcoder_like_native-22-3-2,reuse,17,ll_inline_h14,0.6848,0.6806,0.7008,1.0000
h14-2,atcoder_like_native-22-3-2,reuse,17,v91,1.1030,1.1016,1.1095,0.6209
h14-2,atcoder_like_native-22-3-2,reuse,17,h14_fixed_tile,0.6915,0.6805,0.7018,0.9903
h14-2,atcoder_like_native-22-3-2,reuse,17,asm_radix4_pair_large_fixed,0.6870,0.6869,0.6879,0.9968
h14-2,atcoder_like_native-22-3-2,reuse,17,h14_mont_mullo,0.6942,0.6742,0.6987,0.9864
h14-2,atcoder_like_native-22-3-2,reuse,17,h14_mullo_fixed,0.6881,0.6847,0.7117,0.9951
h14-2,atcoder_like_native-22-3-2,reuse,17,h14_mullo_bottom,0.6902,0.6819,0.7093,0.9921
h14-2,atcoder_like_native-22-3-2,reuse,17,h14_karatsuba_shared,1.0531,1.0491,1.0534,0.6502
h14-2,atcoder_like_native-22-3-2,fresh,18,ll_inline_h14,1.4968,1.4921,1.5022,1.0000
h14-2,atcoder_like_native-22-3-2,fresh,18,v91,2.2880,2.2829,2.2967,0.6542
h14-2,atcoder_like_native-22-3-2,fresh,18,h14_fixed_tile,1.4875,1.4864,1.5048,1.0062
h14-2,atcoder_like_native-22-3-2,fresh,18,asm_radix4_pair_large_fixed,1.4843,1.4750,1.4869,1.0084
h14-2,atcoder_like_native-22-3-2,fresh,18,h14_mont_mullo,1.4828,1.4712,1.4828,1.0095
h14-2,atcoder_like_native-22-3-2,fresh,18,h14_mullo_fixed,1.4889,1.4752,1.4890,1.0053
h14-2,atcoder_like_native-22-3-2,fresh,18,h14_mullo_bottom,1.4643,1.4614,1.4645,1.0222
h14-2,atcoder_like_native-22-3-2,fresh,18,h14_karatsuba_shared,2.2141,2.2140,2.2276,0.6760
h14-2,atcoder_like_native-22-3-2,reuse,18,ll_inline_h14,1.4952,1.4831,1.5108,1.0000
h14-2,atcoder_like_native-22-3-2,reuse,18,v91,2.3039,2.2953,2.3113,0.6490
h14-2,atcoder_like_native-22-3-2,reuse,18,h14_fixed_tile,1.4908,1.4818,1.4911,1.0029
h14-2,atcoder_like_native-22-3-2,reuse,18,asm_radix4_pair_large_fixed,1.4693,1.4690,1.4706,1.0176
h14-2,atcoder_like_native-22-3-2,reuse,18,h14_mont_mullo,1.4777,1.4663,1.4790,1.0118
h14-2,atcoder_like_native-22-3-2,reuse,18,h14_mullo_fixed,1.4658,1.4650,1.4749,1.0200
h14-2,atcoder_like_native-22-3-2,reuse,18,h14_mullo_bottom,1.4577,1.4563,1.4595,1.0257
h14-2,atcoder_like_native-22-3-2,reuse,18,h14_karatsuba_shared,2.2071,2.2056,2.2560,0.6774
h14-2,atcoder_like_native-22-3-2,fresh,19,ll_inline_h14,3.1188,3.1119,3.1244,1.0000
h14-2,atcoder_like_native-22-3-2,fresh,19,v91,4.7959,4.7920,4.8002,0.6503
h14-2,atcoder_like_native-22-3-2,fresh,19,h14_fixed_tile,3.0809,3.0697,3.0847,1.0123
h14-2,atcoder_like_native-22-3-2,fresh,19,asm_radix4_pair_large_fixed,3.0765,3.0746,3.0778,1.0137
h14-2,atcoder_like_native-22-3-2,fresh,19,h14_mont_mullo,3.0557,3.0529,3.0616,1.0206
h14-2,atcoder_like_native-22-3-2,fresh,19,h14_mullo_fixed,3.0466,3.0457,3.0517,1.0237
h14-2,atcoder_like_native-22-3-2,fresh,19,h14_mullo_bottom,3.0202,3.0166,3.0321,1.0326
h14-2,atcoder_like_native-22-3-2,fresh,19,h14_karatsuba_shared,4.5470,4.5413,4.5552,0.6859
h14-2,atcoder_like_native-22-3-2,reuse,19,ll_inline_h14,3.0957,3.0954,3.1446,1.0000
h14-2,atcoder_like_native-22-3-2,reuse,19,v91,4.7909,4.7647,4.8268,0.6462
h14-2,atcoder_like_native-22-3-2,reuse,19,h14_fixed_tile,3.0588,3.0546,3.0638,1.0121
h14-2,atcoder_like_native-22-3-2,reuse,19,asm_radix4_pair_large_fixed,3.0596,3.0572,3.1418,1.0118
h14-2,atcoder_like_native-22-3-2,reuse,19,h14_mont_mullo,3.0484,3.0421,3.0528,1.0155
h14-2,atcoder_like_native-22-3-2,reuse,19,h14_mullo_fixed,3.0281,3.0244,3.0288,1.0223
h14-2,atcoder_like_native-22-3-2,reuse,19,h14_mullo_bottom,3.0040,3.0031,3.0448,1.0305
h14-2,atcoder_like_native-22-3-2,reuse,19,h14_karatsuba_shared,4.5279,4.5192,4.5338,0.6837
h14-2,atcoder_like_native-22-3-2,fresh,20,ll_inline_h14,6.5976,6.5902,6.6048,1.0000
h14-2,atcoder_like_native-22-3-2,fresh,20,v91,9.8817,9.8246,9.9282,0.6677
h14-2,atcoder_like_native-22-3-2,fresh,20,h14_fixed_tile,6.5235,6.5173,6.5324,1.0114
h14-2,atcoder_like_native-22-3-2,fresh,20,asm_radix4_pair_large_fixed,6.5247,6.5130,6.5337,1.0112
h14-2,atcoder_like_native-22-3-2,fresh,20,h14_mont_mullo,6.4776,6.4770,6.4978,1.0185
h14-2,atcoder_like_native-22-3-2,fresh,20,h14_mullo_fixed,6.4816,6.4594,6.5004,1.0179
h14-2,atcoder_like_native-22-3-2,fresh,20,h14_mullo_bottom,6.4248,6.4067,6.4255,1.0269
h14-2,atcoder_like_native-22-3-2,fresh,20,h14_karatsuba_shared,9.4640,9.4473,9.4872,0.6971
h14-2,atcoder_like_native-22-3-2,reuse,20,ll_inline_h14,6.5811,6.5695,6.5823,1.0000
h14-2,atcoder_like_native-22-3-2,reuse,20,v91,9.8469,9.7930,9.8569,0.6683
h14-2,atcoder_like_native-22-3-2,reuse,20,h14_fixed_tile,6.4901,6.4875,6.5589,1.0140
h14-2,atcoder_like_native-22-3-2,reuse,20,asm_radix4_pair_large_fixed,6.5346,6.5345,6.5354,1.0071
h14-2,atcoder_like_native-22-3-2,reuse,20,h14_mont_mullo,6.4466,6.4435,6.5351,1.0209
h14-2,atcoder_like_native-22-3-2,reuse,20,h14_mullo_fixed,6.4327,6.4246,6.4701,1.0231
h14-2,atcoder_like_native-22-3-2,reuse,20,h14_mullo_bottom,6.3847,6.3760,6.3964,1.0308
h14-2,atcoder_like_native-22-3-2,reuse,20,h14_karatsuba_shared,9.4292,9.4269,9.4569,0.6979
h14-2,atcoder_like_native-22-3-2,fresh,21,ll_inline_h14,13.7486,13.6629,13.7753,1.0000
h14-2,atcoder_like_native-22-3-2,fresh,21,v91,21.0885,20.5992,21.1995,0.6519
h14-2,atcoder_like_native-22-3-2,fresh,21,h14_fixed_tile,13.7089,13.6573,13.7282,1.0029
h14-2,atcoder_like_native-22-3-2,fresh,21,asm_radix4_pair_large_fixed,13.5657,13.5437,13.5877,1.0135
h14-2,atcoder_like_native-22-3-2,fresh,21,h14_mont_mullo,13.5123,13.5031,13.5613,1.0175
h14-2,atcoder_like_native-22-3-2,fresh,21,h14_mullo_fixed,13.5360,13.5102,13.5379,1.0157
h14-2,atcoder_like_native-22-3-2,fresh,21,h14_mullo_bottom,13.4372,13.4299,13.5498,1.0232
h14-2,atcoder_like_native-22-3-2,fresh,21,h14_karatsuba_shared,19.4977,19.4907,19.4980,0.7051
h14-2,atcoder_like_native-22-3-2,reuse,21,ll_inline_h14,13.6652,13.6574,13.6957,1.0000
h14-2,atcoder_like_native-22-3-2,reuse,21,v91,20.7437,20.7262,21.1081,0.6588
h14-2,atcoder_like_native-22-3-2,reuse,21,h14_fixed_tile,13.6449,13.6224,13.7138,1.0015
h14-2,atcoder_like_native-22-3-2,reuse,21,asm_radix4_pair_large_fixed,13.5331,13.5098,13.5519,1.0098
h14-2,atcoder_like_native-22-3-2,reuse,21,h14_mont_mullo,13.5044,13.4928,13.5372,1.0119
h14-2,atcoder_like_native-22-3-2,reuse,21,h14_mullo_fixed,13.4454,13.4258,13.4911,1.0163
h14-2,atcoder_like_native-22-3-2,reuse,21,h14_mullo_bottom,13.3643,13.3561,13.4640,1.0225
h14-2,atcoder_like_native-22-3-2,reuse,21,h14_karatsuba_shared,19.4408,19.4184,19.4685,0.7029
h14-2,atcoder_like_native-22-3-2,fresh,22,ll_inline_h14,29.4532,29.3877,29.4717,1.0000
h14-2,atcoder_like_native-22-3-2,fresh,22,v91,44.0691,43.5225,44.0983,0.6683
h14-2,atcoder_like_native-22-3-2,fresh,22,h14_fixed_tile,29.2356,29.0794,29.3638,1.0074
h14-2,atcoder_like_native-22-3-2,fresh,22,asm_radix4_pair_large_fixed,29.0901,29.0531,29.1130,1.0125
h14-2,atcoder_like_native-22-3-2,fresh,22,h14_mont_mullo,28.9471,28.7890,28.9650,1.0175
h14-2,atcoder_like_native-22-3-2,fresh,22,h14_mullo_fixed,28.9428,28.7768,29.0927,1.0176
h14-2,atcoder_like_native-22-3-2,fresh,22,h14_mullo_bottom,28.6837,28.6559,28.7335,1.0268
h14-2,atcoder_like_native-22-3-2,fresh,22,h14_karatsuba_shared,40.9725,40.9361,41.0323,0.7189
h14-2,atcoder_like_native-22-3-2,reuse,22,ll_inline_h14,29.0445,28.9929,29.0725,1.0000
h14-2,atcoder_like_native-22-3-2,reuse,22,v91,43.5064,43.4636,44.0027,0.6676
h14-2,atcoder_like_native-22-3-2,reuse,22,h14_fixed_tile,28.9483,28.9205,34.5410,1.0033
h14-2,atcoder_like_native-22-3-2,reuse,22,asm_radix4_pair_large_fixed,28.7758,28.7309,28.8031,1.0093
h14-2,atcoder_like_native-22-3-2,reuse,22,h14_mont_mullo,28.7755,28.5268,28.8759,1.0093
h14-2,atcoder_like_native-22-3-2,reuse,22,h14_mullo_fixed,28.6210,28.5342,28.7352,1.0148
h14-2,atcoder_like_native-22-3-2,reuse,22,h14_mullo_bottom,28.4093,28.3514,28.4601,1.0224
h14-2,atcoder_like_native-22-3-2,reuse,22,h14_karatsuba_shared,40.6015,40.5010,40.6017,0.7154
h14-2,avx2_capped-20-10-2,fresh,12,ll_inline_h14,0.0155,0.0154,0.0156,1.0000
h14-2,avx2_capped-20-10-2,fresh,12,v91,0.0288,0.0287,0.0289,0.5384
h14-2,avx2_capped-20-10-2,fresh,12,h14_fixed_tile,0.0154,0.0153,0.0307,1.0049
h14-2,avx2_capped-20-10-2,fresh,12,asm_radix4_pair_large_fixed,0.0154,0.0153,0.0156,1.0065
h14-2,avx2_capped-20-10-2,fresh,12,h14_mont_mullo,0.0155,0.0154,0.0256,1.0003
h14-2,avx2_capped-20-10-2,fresh,12,h14_mullo_fixed,0.0154,0.0153,0.0155,1.0075
h14-2,avx2_capped-20-10-2,fresh,12,h14_mullo_bottom,0.0153,0.0152,0.0181,1.0089
h14-2,avx2_capped-20-10-2,fresh,12,h14_karatsuba_shared,0.0247,0.0246,0.0248,0.6272
h14-2,avx2_capped-20-10-2,reuse,12,ll_inline_h14,0.0153,0.0152,0.0153,1.0000
h14-2,avx2_capped-20-10-2,reuse,12,v91,0.0286,0.0286,0.0287,0.5342
h14-2,avx2_capped-20-10-2,reuse,12,h14_fixed_tile,0.0151,0.0151,0.0283,1.0086
h14-2,avx2_capped-20-10-2,reuse,12,asm_radix4_pair_large_fixed,0.0152,0.0151,0.0155,1.0042
h14-2,avx2_capped-20-10-2,reuse,12,h14_mont_mullo,0.0153,0.0152,0.0154,0.9951
h14-2,avx2_capped-20-10-2,reuse,12,h14_mullo_fixed,0.0151,0.0151,0.0152,1.0083
h14-2,avx2_capped-20-10-2,reuse,12,h14_mullo_bottom,0.0152,0.0150,0.0152,1.0073
h14-2,avx2_capped-20-10-2,reuse,12,h14_karatsuba_shared,0.0245,0.0245,0.0246,0.6229
h14-2,avx2_capped-20-10-2,fresh,13,ll_inline_h14,0.0332,0.0330,0.0336,1.0000
h14-2,avx2_capped-20-10-2,fresh,13,v91,0.0580,0.0578,0.0802,0.5726
h14-2,avx2_capped-20-10-2,fresh,13,h14_fixed_tile,0.0327,0.0326,0.0364,1.0148
h14-2,avx2_capped-20-10-2,fresh,13,asm_radix4_pair_large_fixed,0.0329,0.0326,0.0332,1.0107
h14-2,avx2_capped-20-10-2,fresh,13,h14_mont_mullo,0.0330,0.0328,0.0360,1.0070
h14-2,avx2_capped-20-10-2,fresh,13,h14_mullo_fixed,0.0326,0.0325,0.0341,1.0181
h14-2,avx2_capped-20-10-2,fresh,13,h14_mullo_bottom,0.0327,0.0324,0.0601,1.0169
h14-2,avx2_capped-20-10-2,fresh,13,h14_karatsuba_shared,0.0515,0.0513,0.0520,0.6454
h14-2,avx2_capped-20-10-2,reuse,13,ll_inline_h14,0.0329,0.0327,0.0331,1.0000
h14-2,avx2_capped-20-10-2,reuse,13,v91,0.0579,0.0578,0.0714,0.5678
h14-2,avx2_capped-20-10-2,reuse,13,h14_fixed_tile,0.0325,0.0323,0.0418,1.0130
h14-2,avx2_capped-20-10-2,reuse,13,asm_radix4_pair_large_fixed,0.0326,0.0324,0.0328,1.0083
h14-2,avx2_capped-20-10-2,reuse,13,h14_mont_mullo,0.0326,0.0324,0.0326,1.0103
h14-2,avx2_capped-20-10-2,reuse,13,h14_mullo_fixed,0.0323,0.0322,0.0424,1.0178
h14-2,avx2_capped-20-10-2,reuse,13,h14_mullo_bottom,0.0322,0.0321,0.0568,1.0208
h14-2,avx2_capped-20-10-2,reuse,13,h14_karatsuba_shared,0.0511,0.0510,0.0513,0.6437
h14-2,avx2_capped-20-10-2,fresh,14,ll_inline_h14,0.0716,0.0714,0.0732,1.0000
h14-2,avx2_capped-20-10-2,fresh,14,v91,0.1187,0.1185,0.1188,0.6035
h14-2,avx2_capped-20-10-2,fresh,14,h14_fixed_tile,0.0707,0.0705,0.0715,1.0127
h14-2,avx2_capped-20-10-2,fresh,14,asm_radix4_pair_large_fixed,0.0708,0.0707,0.0710,1.0110
h14-2,avx2_capped-20-10-2,fresh,14,h14_mont_mullo,0.0710,0.0708,0.0729,1.0088
h14-2,avx2_capped-20-10-2,fresh,14,h14_mullo_fixed,0.0702,0.0701,0.0799,1.0198
h14-2,avx2_capped-20-10-2,fresh,14,h14_mullo_bottom,0.0702,0.0697,0.0804,1.0205
h14-2,avx2_capped-20-10-2,fresh,14,h14_karatsuba_shared,0.1081,0.1081,0.1184,0.6621
h14-2,avx2_capped-20-10-2,reuse,14,ll_inline_h14,0.0710,0.0709,0.0807,1.0000
h14-2,avx2_capped-20-10-2,reuse,14,v91,0.1185,0.1183,0.1397,0.5992
h14-2,avx2_capped-20-10-2,reuse,14,h14_fixed_tile,0.0701,0.0700,0.0802,1.0131
h14-2,avx2_capped-20-10-2,reuse,14,asm_radix4_pair_large_fixed,0.0701,0.0699,0.0803,1.0120
h14-2,avx2_capped-20-10-2,reuse,14,h14_mont_mullo,0.0705,0.0703,0.0801,1.0072
h14-2,avx2_capped-20-10-2,reuse,14,h14_mullo_fixed,0.0696,0.0695,0.0801,1.0198
h14-2,avx2_capped-20-10-2,reuse,14,h14_mullo_bottom,0.0694,0.0693,0.0696,1.0232
h14-2,avx2_capped-20-10-2,reuse,14,h14_karatsuba_shared,0.1075,0.1074,0.1174,0.6600
h14-2,avx2_capped-20-10-2,fresh,15,ll_inline_h14,0.1510,0.1510,0.1613,1.0000
h14-2,avx2_capped-20-10-2,fresh,15,v91,0.2459,0.2458,0.2472,0.6141
h14-2,avx2_capped-20-10-2,fresh,15,h14_fixed_tile,0.1558,0.1508,0.1619,0.9693
h14-2,avx2_capped-20-10-2,fresh,15,asm_radix4_pair_large_fixed,0.1490,0.1488,0.1599,1.0137
h14-2,avx2_capped-20-10-2,fresh,15,h14_mont_mullo,0.1501,0.1499,0.1504,1.0061
h14-2,avx2_capped-20-10-2,fresh,15,h14_mullo_fixed,0.1487,0.1485,0.1602,1.0153
h14-2,avx2_capped-20-10-2,fresh,15,h14_mullo_bottom,0.1484,0.1481,0.1566,1.0173
h14-2,avx2_capped-20-10-2,fresh,15,h14_karatsuba_shared,0.2248,0.2246,0.2364,0.6716
h14-2,avx2_capped-20-10-2,reuse,15,ll_inline_h14,0.1501,0.1499,0.1608,1.0000
h14-2,avx2_capped-20-10-2,reuse,15,v91,0.2509,0.2459,0.2587,0.5982
h14-2,avx2_capped-20-10-2,reuse,15,h14_fixed_tile,0.1500,0.1497,0.1656,1.0008
h14-2,avx2_capped-20-10-2,reuse,15,asm_radix4_pair_large_fixed,0.1486,0.1481,0.1584,1.0102
h14-2,avx2_capped-20-10-2,reuse,15,h14_mont_mullo,0.1492,0.1490,0.1594,1.0060
h14-2,avx2_capped-20-10-2,reuse,15,h14_mullo_fixed,0.1480,0.1477,0.1579,1.0144
h14-2,avx2_capped-20-10-2,reuse,15,h14_mullo_bottom,0.1477,0.1475,0.1578,1.0165
h14-2,avx2_capped-20-10-2,reuse,15,h14_karatsuba_shared,0.2238,0.2236,0.2375,0.6706
h14-2,avx2_capped-20-10-2,fresh,16,ll_inline_h14,0.3244,0.3231,0.3488,1.0000
h14-2,avx2_capped-20-10-2,fresh,16,v91,0.5102,0.5093,0.5207,0.6358
h14-2,avx2_capped-20-10-2,fresh,16,h14_fixed_tile,0.3277,0.3223,0.3370,0.9897
h14-2,avx2_capped-20-10-2,fresh,16,asm_radix4_pair_large_fixed,0.3209,0.3190,0.3428,1.0109
h14-2,avx2_capped-20-10-2,fresh,16,h14_mont_mullo,0.3220,0.3211,0.3440,1.0074
h14-2,avx2_capped-20-10-2,fresh,16,h14_mullo_fixed,0.3188,0.3186,0.3293,1.0174
h14-2,avx2_capped-20-10-2,fresh,16,h14_mullo_bottom,0.3175,0.3172,0.3310,1.0216
h14-2,avx2_capped-20-10-2,fresh,16,h14_karatsuba_shared,0.4809,0.4708,0.4879,0.6745
h14-2,avx2_capped-20-10-2,reuse,16,ll_inline_h14,0.3223,0.3218,0.3342,1.0000
h14-2,avx2_capped-20-10-2,reuse,16,v91,0.5198,0.5090,0.5269,0.6201
h14-2,avx2_capped-20-10-2,reuse,16,h14_fixed_tile,0.3215,0.3209,0.3322,1.0026
h14-2,avx2_capped-20-10-2,reuse,16,asm_radix4_pair_large_fixed,0.3182,0.3176,0.3290,1.0129
h14-2,avx2_capped-20-10-2,reuse,16,h14_mont_mullo,0.3201,0.3192,0.3324,1.0070
h14-2,avx2_capped-20-10-2,reuse,16,h14_mullo_fixed,0.3178,0.3169,0.3278,1.0143
h14-2,avx2_capped-20-10-2,reuse,16,h14_mullo_bottom,0.3215,0.3160,0.3324,1.0025
h14-2,avx2_capped-20-10-2,reuse,16,h14_karatsuba_shared,0.4745,0.4692,0.4798,0.6793
h14-2,avx2_capped-20-10-2,fresh,17,ll_inline_h14,0.6953,0.6847,0.6959,1.0000
h14-2,avx2_capped-20-10-2,fresh,17,v91,1.0956,1.0859,1.1072,0.6346
h14-2,avx2_capped-20-10-2,fresh,17,h14_fixed_tile,0.6826,0.6770,0.6886,1.0186
h14-2,avx2_capped-20-10-2,fresh,17,asm_radix4_pair_large_fixed,0.6828,0.6772,0.7017,1.0182
h14-2,avx2_capped-20-10-2,fresh,17,h14_mont_mullo,0.6872,0.6764,0.7104,1.0117
h14-2,avx2_capped-20-10-2,fresh,17,h14_mullo_fixed,0.6817,0.6707,0.6841,1.0200
h14-2,avx2_capped-20-10-2,fresh,17,h14_mullo_bottom,0.6800,0.6681,0.6822,1.0225
h14-2,avx2_capped-20-10-2,fresh,17,h14_karatsuba_shared,0.9888,0.9878,1.0005,0.7032
h14-2,avx2_capped-20-10-2,reuse,17,ll_inline_h14,0.6950,0.6931,0.7832,1.0000
h14-2,avx2_capped-20-10-2,reuse,17,v91,1.0910,1.0878,1.1027,0.6370
h14-2,avx2_capped-20-10-2,reuse,17,h14_fixed_tile,0.6876,0.6844,0.6974,1.0107
h14-2,avx2_capped-20-10-2,reuse,17,asm_radix4_pair_large_fixed,0.6749,0.6743,0.6969,1.0298
h14-2,avx2_capped-20-10-2,reuse,17,h14_mont_mullo,0.6850,0.6841,0.7052,1.0145
h14-2,avx2_capped-20-10-2,reuse,17,h14_mullo_fixed,0.6692,0.6682,0.6804,1.0386
h14-2,avx2_capped-20-10-2,reuse,17,h14_mullo_bottom,0.6771,0.6691,0.6876,1.0265
h14-2,avx2_capped-20-10-2,reuse,17,h14_karatsuba_shared,0.9877,0.9851,1.0430,0.7036
h14-2,avx2_capped-20-10-2,fresh,18,ll_inline_h14,1.4905,1.4786,1.5166,1.0000
h14-2,avx2_capped-20-10-2,fresh,18,v91,2.2862,2.2748,2.3182,0.6520
h14-2,avx2_capped-20-10-2,fresh,18,h14_fixed_tile,1.4716,1.4618,1.4985,1.0129
h14-2,avx2_capped-20-10-2,fresh,18,asm_radix4_pair_large_fixed,1.4782,1.4615,1.4875,1.0083
h14-2,avx2_capped-20-10-2,fresh,18,h14_mont_mullo,1.4731,1.4619,1.4797,1.0118
h14-2,avx2_capped-20-10-2,fresh,18,h14_mullo_fixed,1.4570,1.4472,1.4839,1.0230
h14-2,avx2_capped-20-10-2,fresh,18,h14_mullo_bottom,1.4502,1.4451,1.4936,1.0278
h14-2,avx2_capped-20-10-2,fresh,18,h14_karatsuba_shared,2.0755,2.0731,2.0878,0.7181
h14-2,avx2_capped-20-10-2,reuse,18,ll_inline_h14,1.4797,1.4759,1.4931,1.0000
h14-2,avx2_capped-20-10-2,reuse,18,v91,2.2851,2.2747,2.3182,0.6475
h14-2,avx2_capped-20-10-2,reuse,18,h14_fixed_tile,1.4633,1.4565,1.4798,1.0112
h14-2,avx2_capped-20-10-2,reuse,18,asm_radix4_pair_large_fixed,1.4685,1.4565,1.4943,1.0076
h14-2,avx2_capped-20-10-2,reuse,18,h14_mont_mullo,1.4649,1.4546,1.4786,1.0101
h14-2,avx2_capped-20-10-2,reuse,18,h14_mullo_fixed,1.4496,1.4420,1.4615,1.0208
h14-2,avx2_capped-20-10-2,reuse,18,h14_mullo_bottom,1.4493,1.4374,1.4575,1.0210
h14-2,avx2_capped-20-10-2,reuse,18,h14_karatsuba_shared,2.0738,2.0688,2.0835,0.7135
h14-2,avx2_capped-20-10-2,fresh,19,ll_inline_h14,3.0836,3.0768,3.1032,1.0000
h14-2,avx2_capped-20-10-2,fresh,19,v91,4.8131,4.7705,4.9020,0.6407
h14-2,avx2_capped-20-10-2,fresh,19,h14_fixed_tile,3.0753,3.0677,3.1167,1.0027
h14-2,avx2_capped-20-10-2,fresh,19,asm_radix4_pair_large_fixed,3.0507,3.0413,3.1280,1.0108
h14-2,avx2_capped-20-10-2,fresh,19,h14_mont_mullo,3.0537,3.0444,3.0827,1.0098
h14-2,avx2_capped-20-10-2,fresh,19,h14_mullo_fixed,3.0342,3.0240,3.0601,1.0163
h14-2,avx2_capped-20-10-2,fresh,19,h14_mullo_bottom,3.0252,3.0178,3.0619,1.0193
h14-2,avx2_capped-20-10-2,fresh,19,h14_karatsuba_shared,4.2807,4.2662,4.2924,0.7203
h14-2,avx2_capped-20-10-2,reuse,19,ll_inline_h14,3.0690,3.0644,3.0943,1.0000
h14-2,avx2_capped-20-10-2,reuse,19,v91,4.8266,4.7970,4.8512,0.6358
h14-2,avx2_capped-20-10-2,reuse,19,h14_fixed_tile,3.0679,3.0571,3.0752,1.0004
h14-2,avx2_capped-20-10-2,reuse,19,asm_radix4_pair_large_fixed,3.0332,3.0255,3.0781,1.0118
h14-2,avx2_capped-20-10-2,reuse,19,h14_mont_mullo,3.0406,3.0323,3.0640,1.0094
h14-2,avx2_capped-20-10-2,reuse,19,h14_mullo_fixed,3.0151,3.0101,3.0261,1.0179
h14-2,avx2_capped-20-10-2,reuse,19,h14_mullo_bottom,3.0073,3.0042,3.0433,1.0205
h14-2,avx2_capped-20-10-2,reuse,19,h14_karatsuba_shared,4.2676,4.2593,4.3003,0.7191
h14-2,avx2_capped-20-10-2,fresh,20,ll_inline_h14,6.5497,6.5290,6.5800,1.0000
h14-2,avx2_capped-20-10-2,fresh,20,v91,9.9387,9.8802,10.0615,0.6590
h14-2,avx2_capped-20-10-2,fresh,20,h14_fixed_tile,6.5358,6.5133,6.6247,1.0021
h14-2,avx2_capped-20-10-2,fresh,20,asm_radix4_pair_large_fixed,6.4542,6.4449,6.4799,1.0148
h14-2,avx2_capped-20-10-2,fresh,20,h14_mont_mullo,6.4885,6.4684,6.5275,1.0094
h14-2,avx2_capped-20-10-2,fresh,20,h14_mullo_fixed,6.4435,6.4117,6.4887,1.0165
h14-2,avx2_capped-20-10-2,fresh,20,h14_mullo_bottom,6.4197,6.4020,6.4829,1.0202
h14-2,avx2_capped-20-10-2,fresh,20,h14_karatsuba_shared,8.9269,8.9209,9.0064,0.7337
h14-2,avx2_capped-20-10-2,reuse,20,ll_inline_h14,6.5133,6.5006,6.5740,1.0000
h14-2,avx2_capped-20-10-2,reuse,20,v91,9.8966,9.8449,9.9438,0.6581
h14-2,avx2_capped-20-10-2,reuse,20,h14_fixed_tile,6.5003,6.4832,6.5501,1.0020
h14-2,avx2_capped-20-10-2,reuse,20,asm_radix4_pair_large_fixed,6.4506,6.4159,6.4845,1.0097
h14-2,avx2_capped-20-10-2,reuse,20,h14_mont_mullo,6.4518,6.4298,6.4881,1.0095
h14-2,avx2_capped-20-10-2,reuse,20,h14_mullo_fixed,6.4094,6.3837,6.4394,1.0162
h14-2,avx2_capped-20-10-2,reuse,20,h14_mullo_bottom,6.3945,6.3714,6.4276,1.0186
h14-2,avx2_capped-20-10-2,reuse,20,h14_karatsuba_shared,8.9310,8.8852,8.9609,0.7293
h14-2,plain-default,fresh,12,ll_inline_h14,0.0156,0.0156,0.0157,1.0000
h14-2,plain-default,fresh,12,v91,0.0289,0.0289,0.0291,0.5409
h14-2,plain-default,fresh,12,h14_fixed_tile,0.0155,0.0154,0.0172,1.0111
h14-2,plain-default,fresh,12,asm_radix4_pair_large_fixed,0.0152,0.0152,0.0154,1.0257
h14-2,plain-default,fresh,12,h14_mont_mullo,0.0154,0.0153,0.0155,1.0164
h14-2,plain-default,fresh,12,h14_mullo_fixed,0.0154,0.0154,0.0156,1.0130
h14-2,plain-default,fresh,12,h14_mullo_bottom,0.0153,0.0152,0.0153,1.0230
h14-2,plain-default,fresh,12,h14_karatsuba_shared,0.0254,0.0254,0.0255,0.6146
h14-2,plain-default,fresh,13,ll_inline_h14,0.0330,0.0329,0.0429,1.0000
h14-2,plain-default,fresh,13,v91,0.0585,0.0585,0.0586,0.5630
h14-2,plain-default,fresh,13,h14_fixed_tile,0.0330,0.0328,0.0331,0.9994
h14-2,plain-default,fresh,13,asm_radix4_pair_large_fixed,0.0324,0.0324,0.0326,1.0164
h14-2,plain-default,fresh,13,h14_mont_mullo,0.0328,0.0326,0.0328,1.0064
h14-2,plain-default,fresh,13,h14_mullo_fixed,0.0328,0.0327,0.0332,1.0043
h14-2,plain-default,fresh,13,h14_mullo_bottom,0.0325,0.0323,0.0327,1.0154
h14-2,plain-default,fresh,13,h14_karatsuba_shared,0.0528,0.0527,0.0530,0.6241
h14-2,plain-default,fresh,14,ll_inline_h14,0.0710,0.0708,0.0712,1.0000
h14-2,plain-default,fresh,14,v91,0.1200,0.1195,0.1305,0.5918
h14-2,plain-default,fresh,14,h14_fixed_tile,0.0710,0.0709,0.0712,1.0000
h14-2,plain-default,fresh,14,asm_radix4_pair_large_fixed,0.0700,0.0699,0.0936,1.0146
h14-2,plain-default,fresh,14,h14_mont_mullo,0.0706,0.0703,0.0834,1.0065
h14-2,plain-default,fresh,14,h14_mullo_fixed,0.0706,0.0705,0.0709,1.0062
h14-2,plain-default,fresh,14,h14_mullo_bottom,0.0699,0.0698,0.0700,1.0166
h14-2,plain-default,fresh,14,h14_karatsuba_shared,0.1109,0.1107,0.1110,0.6406
h14-2,plain-default,fresh,15,ll_inline_h14,0.1617,0.1515,0.1619,1.0000
h14-2,plain-default,fresh,15,v91,0.2488,0.2486,0.2592,0.6498
h14-2,plain-default,fresh,15,h14_fixed_tile,0.1495,0.1493,0.1499,1.0815
h14-2,plain-default,fresh,15,asm_radix4_pair_large_fixed,0.1497,0.1494,0.1501,1.0800
h14-2,plain-default,fresh,15,h14_mont_mullo,0.1494,0.1493,0.1496,1.0823
h14-2,plain-default,fresh,15,h14_mullo_fixed,0.1498,0.1496,0.1605,1.0795
h14-2,plain-default,fresh,15,h14_mullo_bottom,0.1482,0.1479,0.1510,1.0908
h14-2,plain-default,fresh,15,h14_karatsuba_shared,0.2307,0.2304,0.2309,0.7010
h14-2,plain-default,fresh,16,ll_inline_h14,0.3246,0.3244,0.3361,1.0000
h14-2,plain-default,fresh,16,v91,0.5252,0.5155,0.5291,0.6181
h14-2,plain-default,fresh,16,h14_fixed_tile,0.3210,0.3202,0.3323,1.0113
h14-2,plain-default,fresh,16,asm_radix4_pair_large_fixed,0.3212,0.3205,0.3404,1.0105
h14-2,plain-default,fresh,16,h14_mont_mullo,0.3196,0.3193,0.3307,1.0158
h14-2,plain-default,fresh,16,h14_mullo_fixed,0.3209,0.3207,0.3232,1.0116
h14-2,plain-default,fresh,16,h14_mullo_bottom,0.3167,0.3166,0.3272,1.0249
h14-2,plain-default,fresh,16,h14_karatsuba_shared,0.4928,0.4824,0.4940,0.6586
h14-2,plain-default,fresh,17,ll_inline_h14,0.6919,0.6808,0.6924,1.0000
h14-2,plain-default,fresh,17,v91,1.1058,1.1028,1.1169,0.6257
h14-2,plain-default,fresh,17,h14_fixed_tile,0.6904,0.6801,0.6917,1.0022
h14-2,plain-default,fresh,17,asm_radix4_pair_large_fixed,0.6845,0.6760,0.6853,1.0108
h14-2,plain-default,fresh,17,h14_mont_mullo,0.6851,0.6752,0.6861,1.0099
h14-2,plain-default,fresh,17,h14_mullo_fixed,0.6861,0.6762,0.6867,1.0085
h14-2,plain-default,fresh,17,h14_mullo_bottom,0.6789,0.6715,0.6804,1.0191
h14-2,plain-default,fresh,17,h14_karatsuba_shared,1.0105,1.0101,1.0309,0.6847
h14-2,plain-default,fresh,18,ll_inline_h14,1.4860,1.4780,1.4911,1.0000
h14-2,plain-default,fresh,18,v91,2.3015,2.2947,2.3079,0.6457
h14-2,plain-default,fresh,18,h14_fixed_tile,1.4864,1.4823,1.4939,0.9997
h14-2,plain-default,fresh,18,asm_radix4_pair_large_fixed,1.4683,1.4580,1.4780,1.0120
h14-2,plain-default,fresh,18,h14_mont_mullo,1.4793,1.4612,1.4858,1.0045
h14-2,plain-default,fresh,18,h14_mullo_fixed,1.4668,1.4631,1.4835,1.0131
h14-2,plain-default,fresh,18,h14_mullo_bottom,1.4508,1.4477,1.4779,1.0242
h14-2,plain-default,fresh,18,h14_karatsuba_shared,2.1293,2.1241,2.1388,0.6979
h14-2,plain-default,fresh,19,ll_inline_h14,3.0888,3.0843,3.1068,1.0000
h14-2,plain-default,fresh,19,v91,4.8097,4.7987,4.8708,0.6422
h14-2,plain-default,fresh,19,h14_fixed_tile,3.0598,3.0527,3.0669,1.0095
h14-2,plain-default,fresh,19,asm_radix4_pair_large_fixed,3.0679,3.0560,3.0737,1.0068
h14-2,plain-default,fresh,19,h14_mont_mullo,3.0454,3.0386,3.0514,1.0143
h14-2,plain-default,fresh,19,h14_mullo_fixed,3.0546,3.0446,3.0592,1.0112
h14-2,plain-default,fresh,19,h14_mullo_bottom,3.0165,3.0107,3.0479,1.0240
h14-2,plain-default,fresh,19,h14_karatsuba_shared,4.3784,4.3599,4.3818,0.7055
h14-2,plain-default,fresh,20,ll_inline_h14,6.5529,6.5451,6.6012,1.0000
h14-2,plain-default,fresh,20,v91,9.9912,9.9251,10.0443,0.6559
h14-2,plain-default,fresh,20,h14_fixed_tile,6.5309,6.4882,6.5993,1.0034
h14-2,plain-default,fresh,20,asm_radix4_pair_large_fixed,6.4938,6.4868,6.5344,1.0091
h14-2,plain-default,fresh,20,h14_mont_mullo,6.4697,6.4507,6.4855,1.0129
h14-2,plain-default,fresh,20,h14_mullo_fixed,6.4843,6.4790,6.4868,1.0106
h14-2,plain-default,fresh,20,h14_mullo_bottom,6.4117,6.3865,6.4855,1.0220
h14-2,plain-default,fresh,20,h14_karatsuba_shared,9.1271,9.1017,9.1496,0.7180
h14-3,atcoder_like_native-20-10-2,fresh,12,ll_inline_h14,0.0156,0.0156,0.0157,1.0000
h14-3,atcoder_like_native-20-10-2,fresh,12,v91,0.0290,0.0289,0.0297,0.5380
h14-3,atcoder_like_native-20-10-2,fresh,12,h14_fixed_tile,0.0155,0.0154,0.0155,1.0058
h14-3,atcoder_like_native-20-10-2,fresh,12,asm_radix4_pair_large_fixed,0.0156,0.0155,0.0253,0.9990
h14-3,atcoder_like_native-20-10-2,fresh,12,h14_mont_mullo,0.0156,0.0155,0.0157,0.9965
h14-3,atcoder_like_native-20-10-2,fresh,12,h14_mullo_fixed,0.0155,0.0154,0.0155,1.0081
h14-3,atcoder_like_native-20-10-2,fresh,12,h14_mullo_bottom,0.0153,0.0152,0.0155,1.0187
h14-3,atcoder_like_native-20-10-2,fresh,12,h14_karatsuba_shared,0.0268,0.0267,0.0302,0.5815
h14-3,atcoder_like_native-20-10-2,reuse,12,ll_inline_h14,0.0154,0.0153,0.0246,1.0000
h14-3,atcoder_like_native-20-10-2,reuse,12,v91,0.0287,0.0287,0.0288,0.5348
h14-3,atcoder_like_native-20-10-2,reuse,12,h14_fixed_tile,0.0152,0.0151,0.0283,1.0099
h14-3,atcoder_like_native-20-10-2,reuse,12,asm_radix4_pair_large_fixed,0.0154,0.0152,0.0155,1.0010
h14-3,atcoder_like_native-20-10-2,reuse,12,h14_mont_mullo,0.0154,0.0153,0.0155,0.9981
h14-3,atcoder_like_native-20-10-2,reuse,12,h14_mullo_fixed,0.0152,0.0151,0.0153,1.0132
h14-3,atcoder_like_native-20-10-2,reuse,12,h14_mullo_bottom,0.0151,0.0150,0.0152,1.0203
h14-3,atcoder_like_native-20-10-2,reuse,12,h14_karatsuba_shared,0.0266,0.0265,0.0266,0.5780
h14-3,atcoder_like_native-20-10-2,fresh,13,ll_inline_h14,0.0334,0.0333,0.0336,1.0000
h14-3,atcoder_like_native-20-10-2,fresh,13,v91,0.0582,0.0581,0.0588,0.5733
h14-3,atcoder_like_native-20-10-2,fresh,13,h14_fixed_tile,0.0328,0.0326,0.0424,1.0165
h14-3,atcoder_like_native-20-10-2,fresh,13,asm_radix4_pair_large_fixed,0.0330,0.0328,0.0361,1.0114
h14-3,atcoder_like_native-20-10-2,fresh,13,h14_mont_mullo,0.0330,0.0329,0.0436,1.0114
h14-3,atcoder_like_native-20-10-2,fresh,13,h14_mullo_fixed,0.0327,0.0326,0.0467,1.0193
h14-3,atcoder_like_native-20-10-2,fresh,13,h14_mullo_bottom,0.0324,0.0322,0.0326,1.0292
h14-3,atcoder_like_native-20-10-2,fresh,13,h14_karatsuba_shared,0.0552,0.0552,0.0651,0.6039
h14-3,atcoder_like_native-20-10-2,reuse,13,ll_inline_h14,0.0330,0.0329,0.0426,1.0000
h14-3,atcoder_like_native-20-10-2,reuse,13,v91,0.0580,0.0579,0.0707,0.5697
h14-3,atcoder_like_native-20-10-2,reuse,13,h14_fixed_tile,0.0324,0.0324,0.0421,1.0184
h14-3,atcoder_like_native-20-10-2,reuse,13,asm_radix4_pair_large_fixed,0.0326,0.0324,0.0328,1.0149
h14-3,atcoder_like_native-20-10-2,reuse,13,h14_mont_mullo,0.0327,0.0326,0.0328,1.0110
h14-3,atcoder_like_native-20-10-2,reuse,13,h14_mullo_fixed,0.0323,0.0322,0.0324,1.0234
h14-3,atcoder_like_native-20-10-2,reuse,13,h14_mullo_bottom,0.0321,0.0318,0.0567,1.0298
h14-3,atcoder_like_native-20-10-2,reuse,13,h14_karatsuba_shared,0.0550,0.0548,0.0551,0.6012
h14-3,atcoder_like_native-20-10-2,fresh,14,ll_inline_h14,0.0718,0.0716,0.0719,1.0000
h14-3,atcoder_like_native-20-10-2,fresh,14,v91,0.1191,0.1190,0.1192,0.6029
h14-3,atcoder_like_native-20-10-2,fresh,14,h14_fixed_tile,0.0707,0.0704,0.0708,1.0153
h14-3,atcoder_like_native-20-10-2,fresh,14,asm_radix4_pair_large_fixed,0.0711,0.0708,0.0814,1.0099
h14-3,atcoder_like_native-20-10-2,fresh,14,h14_mont_mullo,0.0711,0.0708,0.0816,1.0094
h14-3,atcoder_like_native-20-10-2,fresh,14,h14_mullo_fixed,0.0704,0.0700,0.0705,1.0204
h14-3,atcoder_like_native-20-10-2,fresh,14,h14_mullo_bottom,0.0699,0.0696,0.0800,1.0266
h14-3,atcoder_like_native-20-10-2,fresh,14,h14_karatsuba_shared,0.1157,0.1155,0.1260,0.6204
h14-3,atcoder_like_native-20-10-2,reuse,14,ll_inline_h14,0.0711,0.0710,0.0815,1.0000
h14-3,atcoder_like_native-20-10-2,reuse,14,v91,0.1188,0.1186,0.1302,0.5982
h14-3,atcoder_like_native-20-10-2,reuse,14,h14_fixed_tile,0.0699,0.0698,0.0805,1.0165
h14-3,atcoder_like_native-20-10-2,reuse,14,asm_radix4_pair_large_fixed,0.0704,0.0701,0.0805,1.0095
h14-3,atcoder_like_native-20-10-2,reuse,14,h14_mont_mullo,0.0704,0.0703,0.0807,1.0090
h14-3,atcoder_like_native-20-10-2,reuse,14,h14_mullo_fixed,0.0697,0.0695,0.0698,1.0201
h14-3,atcoder_like_native-20-10-2,reuse,14,h14_mullo_bottom,0.0691,0.0691,0.0790,1.0276
h14-3,atcoder_like_native-20-10-2,reuse,14,h14_karatsuba_shared,0.1151,0.1148,0.1175,0.6172
h14-3,atcoder_like_native-20-10-2,fresh,15,ll_inline_h14,0.1510,0.1507,0.1518,1.0000
h14-3,atcoder_like_native-20-10-2,fresh,15,v91,0.2469,0.2466,0.2601,0.6117
h14-3,atcoder_like_native-20-10-2,fresh,15,h14_fixed_tile,0.1509,0.1506,0.1512,1.0006
h14-3,atcoder_like_native-20-10-2,fresh,15,asm_radix4_pair_large_fixed,0.1502,0.1500,0.1652,1.0052
h14-3,atcoder_like_native-20-10-2,fresh,15,h14_mont_mullo,0.1607,0.1500,0.1616,0.9396
h14-3,atcoder_like_native-20-10-2,fresh,15,h14_mullo_fixed,0.1498,0.1495,0.1600,1.0083
h14-3,atcoder_like_native-20-10-2,fresh,15,h14_mullo_bottom,0.1489,0.1487,0.1594,1.0144
h14-3,atcoder_like_native-20-10-2,fresh,15,h14_karatsuba_shared,0.2400,0.2399,0.2508,0.6292
h14-3,atcoder_like_native-20-10-2,reuse,15,ll_inline_h14,0.1502,0.1500,0.1610,1.0000
h14-3,atcoder_like_native-20-10-2,reuse,15,v91,0.2469,0.2467,0.2583,0.6084
h14-3,atcoder_like_native-20-10-2,reuse,15,h14_fixed_tile,0.1503,0.1500,0.1618,0.9996
h14-3,atcoder_like_native-20-10-2,reuse,15,asm_radix4_pair_large_fixed,0.1494,0.1492,0.1599,1.0051
h14-3,atcoder_like_native-20-10-2,reuse,15,h14_mont_mullo,0.1495,0.1494,0.1604,1.0044
h14-3,atcoder_like_native-20-10-2,reuse,15,h14_mullo_fixed,0.1488,0.1484,0.1653,1.0091
h14-3,atcoder_like_native-20-10-2,reuse,15,h14_mullo_bottom,0.1480,0.1478,0.1595,1.0150
h14-3,atcoder_like_native-20-10-2,reuse,15,h14_karatsuba_shared,0.2394,0.2391,0.2503,0.6275
h14-3,atcoder_like_native-20-10-2,fresh,16,ll_inline_h14,0.3242,0.3235,0.3353,1.0000
h14-3,atcoder_like_native-20-10-2,fresh,16,v91,0.5158,0.5103,0.5216,0.6285
h14-3,atcoder_like_native-20-10-2,fresh,16,h14_fixed_tile,0.3298,0.3228,0.3380,0.9829
h14-3,atcoder_like_native-20-10-2,fresh,16,asm_radix4_pair_large_fixed,0.3212,0.3210,0.3324,1.0092
h14-3,atcoder_like_native-20-10-2,fresh,16,h14_mont_mullo,0.3276,0.3216,0.3339,0.9894
h14-3,atcoder_like_native-20-10-2,fresh,16,h14_mullo_fixed,0.3307,0.3200,0.3324,0.9802
h14-3,atcoder_like_native-20-10-2,fresh,16,h14_mullo_bottom,0.3190,0.3185,0.3306,1.0162
h14-3,atcoder_like_native-20-10-2,fresh,16,h14_karatsuba_shared,0.5129,0.5019,0.5298,0.6320
h14-3,atcoder_like_native-20-10-2,reuse,16,ll_inline_h14,0.3225,0.3219,0.3352,1.0000
h14-3,atcoder_like_native-20-10-2,reuse,16,v91,0.5159,0.5104,0.5213,0.6251
h14-3,atcoder_like_native-20-10-2,reuse,16,h14_fixed_tile,0.3219,0.3211,0.3322,1.0018
h14-3,atcoder_like_native-20-10-2,reuse,16,asm_radix4_pair_large_fixed,0.3195,0.3193,0.3304,1.0093
h14-3,atcoder_like_native-20-10-2,reuse,16,h14_mont_mullo,0.3205,0.3199,0.3332,1.0062
h14-3,atcoder_like_native-20-10-2,reuse,16,h14_mullo_fixed,0.3189,0.3184,0.3298,1.0113
h14-3,atcoder_like_native-20-10-2,reuse,16,h14_mullo_bottom,0.3278,0.3171,0.3309,0.9836
h14-3,atcoder_like_native-20-10-2,reuse,16,h14_karatsuba_shared,0.5113,0.5003,0.5131,0.6307
h14-3,atcoder_like_native-20-10-2,fresh,17,ll_inline_h14,0.7000,0.6896,0.7012,1.0000
h14-3,atcoder_like_native-20-10-2,fresh,17,v91,1.0898,1.0876,1.0985,0.6423
h14-3,atcoder_like_native-20-10-2,fresh,17,h14_fixed_tile,0.6893,0.6787,0.6937,1.0156
h14-3,atcoder_like_native-20-10-2,fresh,17,asm_radix4_pair_large_fixed,0.6913,0.6803,0.6917,1.0127
h14-3,atcoder_like_native-20-10-2,fresh,17,h14_mont_mullo,0.6899,0.6793,0.6911,1.0147
h14-3,atcoder_like_native-20-10-2,fresh,17,h14_mullo_fixed,0.6802,0.6736,0.6847,1.0291
h14-3,atcoder_like_native-20-10-2,fresh,17,h14_mullo_bottom,0.6789,0.6689,0.6895,1.0311
h14-3,atcoder_like_native-20-10-2,fresh,17,h14_karatsuba_shared,1.0520,1.0514,1.0540,0.6654
h14-3,atcoder_like_native-20-10-2,reuse,17,ll_inline_h14,0.6921,0.6862,0.6972,1.0000
h14-3,atcoder_like_native-20-10-2,reuse,17,v91,1.0887,1.0881,1.0924,0.6358
h14-3,atcoder_like_native-20-10-2,reuse,17,h14_fixed_tile,0.6866,0.6764,0.6885,1.0080
h14-3,atcoder_like_native-20-10-2,reuse,17,asm_radix4_pair_large_fixed,0.6886,0.6775,0.6913,1.0052
h14-3,atcoder_like_native-20-10-2,reuse,17,h14_mont_mullo,0.6870,0.6770,0.6978,1.0074
h14-3,atcoder_like_native-20-10-2,reuse,17,h14_mullo_fixed,0.6816,0.6711,0.6852,1.0155
h14-3,atcoder_like_native-20-10-2,reuse,17,h14_mullo_bottom,0.6771,0.6661,0.6780,1.0223
h14-3,atcoder_like_native-20-10-2,reuse,17,h14_karatsuba_shared,1.0501,1.0490,1.0519,0.6591
h14-3,atcoder_like_native-20-10-2,fresh,18,ll_inline_h14,1.5000,1.4876,1.5242,1.0000
h14-3,atcoder_like_native-20-10-2,fresh,18,v91,2.2833,2.2720,2.2919,0.6569
h14-3,atcoder_like_native-20-10-2,fresh,18,h14_fixed_tile,1.4762,1.4655,1.4915,1.0161
h14-3,atcoder_like_native-20-10-2,fresh,18,asm_radix4_pair_large_fixed,1.4803,1.4704,1.6275,1.0133
h14-3,atcoder_like_native-20-10-2,fresh,18,h14_mont_mullo,1.4774,1.4640,1.5033,1.0153
h14-3,atcoder_like_native-20-10-2,fresh,18,h14_mullo_fixed,1.4649,1.4537,1.4760,1.0240
h14-3,atcoder_like_native-20-10-2,fresh,18,h14_mullo_bottom,1.4565,1.4446,1.4672,1.0298
h14-3,atcoder_like_native-20-10-2,fresh,18,h14_karatsuba_shared,2.2106,2.2018,2.2346,0.6785
h14-3,atcoder_like_native-20-10-2,reuse,18,ll_inline_h14,1.4869,1.4803,1.4937,1.0000
h14-3,atcoder_like_native-20-10-2,reuse,18,v91,2.2740,2.2706,2.2895,0.6539
h14-3,atcoder_like_native-20-10-2,reuse,18,h14_fixed_tile,1.4614,1.4581,1.4713,1.0175
h14-3,atcoder_like_native-20-10-2,reuse,18,asm_radix4_pair_large_fixed,1.4692,1.4632,1.4776,1.0120
h14-3,atcoder_like_native-20-10-2,reuse,18,h14_mont_mullo,1.4690,1.4589,1.4859,1.0122
h14-3,atcoder_like_native-20-10-2,reuse,18,h14_mullo_fixed,1.4565,1.4479,1.4620,1.0209
h14-3,atcoder_like_native-20-10-2,reuse,18,h14_mullo_bottom,1.4488,1.4378,1.4533,1.0263
h14-3,atcoder_like_native-20-10-2,reuse,18,h14_karatsuba_shared,2.2012,2.1950,2.2106,0.6755
h14-3,atcoder_like_native-20-10-2,fresh,19,ll_inline_h14,3.0871,3.0841,3.0976,1.0000
h14-3,atcoder_like_native-20-10-2,fresh,19,v91,4.7612,4.7463,4.7877,0.6484
h14-3,atcoder_like_native-20-10-2,fresh,19,h14_fixed_tile,3.0814,3.0762,3.1251,1.0019
h14-3,atcoder_like_native-20-10-2,fresh,19,asm_radix4_pair_large_fixed,3.0591,3.0537,3.0711,1.0092
h14-3,atcoder_like_native-20-10-2,fresh,19,h14_mont_mullo,3.0568,3.0534,3.0704,1.0099
h14-3,atcoder_like_native-20-10-2,fresh,19,h14_mullo_fixed,3.0442,3.0385,3.0659,1.0141
h14-3,atcoder_like_native-20-10-2,fresh,19,h14_mullo_bottom,3.0229,3.0209,3.0614,1.0213
h14-3,atcoder_like_native-20-10-2,fresh,19,h14_karatsuba_shared,4.5321,4.5190,4.5409,0.6812
h14-3,atcoder_like_native-20-10-2,reuse,19,ll_inline_h14,3.0732,3.0710,3.0747,1.0000
h14-3,atcoder_like_native-20-10-2,reuse,19,v91,4.7523,4.7426,4.7643,0.6467
h14-3,atcoder_like_native-20-10-2,reuse,19,h14_fixed_tile,3.0659,3.0633,3.0745,1.0024
h14-3,atcoder_like_native-20-10-2,reuse,19,asm_radix4_pair_large_fixed,3.0457,3.0430,3.0478,1.0090
h14-3,atcoder_like_native-20-10-2,reuse,19,h14_mont_mullo,3.0425,3.0408,3.0567,1.0101
h14-3,atcoder_like_native-20-10-2,reuse,19,h14_mullo_fixed,3.0319,3.0286,3.0433,1.0136
h14-3,atcoder_like_native-20-10-2,reuse,19,h14_mullo_bottom,3.0129,3.0099,3.1210,1.0200
h14-3,atcoder_like_native-20-10-2,reuse,19,h14_karatsuba_shared,4.5199,4.5079,4.5601,0.6799
h14-3,atcoder_like_native-20-10-2,fresh,20,ll_inline_h14,6.5521,6.5425,6.5832,1.0000
h14-3,atcoder_like_native-20-10-2,fresh,20,v91,9.8712,9.8405,9.9852,0.6638
h14-3,atcoder_like_native-20-10-2,fresh,20,h14_fixed_tile,6.5415,6.5313,6.5800,1.0016
h14-3,atcoder_like_native-20-10-2,fresh,20,asm_radix4_pair_large_fixed,6.4989,6.4855,6.6537,1.0082
h14-3,atcoder_like_native-20-10-2,fresh,20,h14_mont_mullo,6.4877,6.4778,6.4970,1.0099
h14-3,atcoder_like_native-20-10-2,fresh,20,h14_mullo_fixed,6.4619,6.4502,6.4656,1.0140
h14-3,atcoder_like_native-20-10-2,fresh,20,h14_mullo_bottom,6.4275,6.4167,6.4623,1.0194
h14-3,atcoder_like_native-20-10-2,fresh,20,h14_karatsuba_shared,9.4418,9.4245,9.5168,0.6939
h14-3,atcoder_like_native-20-10-2,reuse,20,ll_inline_h14,6.5289,6.5133,6.5346,1.0000
h14-3,atcoder_like_native-20-10-2,reuse,20,v91,9.8539,9.7951,9.8825,0.6626
h14-3,atcoder_like_native-20-10-2,reuse,20,h14_fixed_tile,6.5118,6.5047,6.5315,1.0026
h14-3,atcoder_like_native-20-10-2,reuse,20,asm_radix4_pair_large_fixed,6.4722,6.4608,6.4905,1.0088
h14-3,atcoder_like_native-20-10-2,reuse,20,h14_mont_mullo,6.4659,6.4523,6.4915,1.0097
h14-3,atcoder_like_native-20-10-2,reuse,20,h14_mullo_fixed,6.4405,6.4294,6.4629,1.0137
h14-3,atcoder_like_native-20-10-2,reuse,20,h14_mullo_bottom,6.4077,6.3963,6.4202,1.0189
h14-3,atcoder_like_native-20-10-2,reuse,20,h14_karatsuba_shared,9.4200,9.3981,9.4331,0.6931
h14-3,atcoder_like_native-22-3-2,fresh,12,ll_inline_h14,0.0156,0.0156,0.0157,1.0000
h14-3,atcoder_like_native-22-3-2,fresh,12,v91,0.0289,0.0288,0.0289,0.5413
h14-3,atcoder_like_native-22-3-2,fresh,12,h14_fixed_tile,0.0156,0.0154,0.0156,1.0026
h14-3,atcoder_like_native-22-3-2,fresh,12,asm_radix4_pair_large_fixed,0.0153,0.0153,0.0154,1.0183
h14-3,atcoder_like_native-22-3-2,fresh,12,h14_mont_mullo,0.0154,0.0154,0.0155,1.0110
h14-3,atcoder_like_native-22-3-2,fresh,12,h14_mullo_fixed,0.0154,0.0153,0.0156,1.0123
h14-3,atcoder_like_native-22-3-2,fresh,12,h14_mullo_bottom,0.0153,0.0152,0.0153,1.0216
h14-3,atcoder_like_native-22-3-2,fresh,12,h14_karatsuba_shared,0.0266,0.0265,0.0266,0.5878
h14-3,atcoder_like_native-22-3-2,reuse,12,ll_inline_h14,0.0154,0.0154,0.0155,1.0000
h14-3,atcoder_like_native-22-3-2,reuse,12,v91,0.0287,0.0287,0.0287,0.5370
h14-3,atcoder_like_native-22-3-2,reuse,12,h14_fixed_tile,0.0153,0.0152,0.0153,1.0105
h14-3,atcoder_like_native-22-3-2,reuse,12,asm_radix4_pair_large_fixed,0.0152,0.0151,0.0359,1.0159
h14-3,atcoder_like_native-22-3-2,reuse,12,h14_mont_mullo,0.0152,0.0152,0.0152,1.0139
h14-3,atcoder_like_native-22-3-2,reuse,12,h14_mullo_fixed,0.0152,0.0151,0.0153,1.0138
h14-3,atcoder_like_native-22-3-2,reuse,12,h14_mullo_bottom,0.0152,0.0150,0.0153,1.0165
h14-3,atcoder_like_native-22-3-2,reuse,12,h14_karatsuba_shared,0.0263,0.0263,0.0264,0.5860
h14-3,atcoder_like_native-22-3-2,fresh,13,ll_inline_h14,0.0331,0.0330,0.0333,1.0000
h14-3,atcoder_like_native-22-3-2,fresh,13,v91,0.0583,0.0581,0.0687,0.5681
h14-3,atcoder_like_native-22-3-2,fresh,13,h14_fixed_tile,0.0331,0.0329,0.0332,1.0012
h14-3,atcoder_like_native-22-3-2,fresh,13,asm_radix4_pair_large_fixed,0.0329,0.0328,0.0442,1.0082
h14-3,atcoder_like_native-22-3-2,fresh,13,h14_mont_mullo,0.0329,0.0327,0.0330,1.0076
h14-3,atcoder_like_native-22-3-2,fresh,13,h14_mullo_fixed,0.0328,0.0327,0.0328,1.0113
h14-3,atcoder_like_native-22-3-2,fresh,13,h14_mullo_bottom,0.0327,0.0326,0.0328,1.0150
h14-3,atcoder_like_native-22-3-2,fresh,13,h14_karatsuba_shared,0.0553,0.0552,0.0553,0.5997
h14-3,atcoder_like_native-22-3-2,reuse,13,ll_inline_h14,0.0326,0.0326,0.0327,1.0000
h14-3,atcoder_like_native-22-3-2,reuse,13,v91,0.0580,0.0580,0.0580,0.5628
h14-3,atcoder_like_native-22-3-2,reuse,13,h14_fixed_tile,0.0327,0.0326,0.0329,1.0000
h14-3,atcoder_like_native-22-3-2,reuse,13,asm_radix4_pair_large_fixed,0.0324,0.0324,0.0324,1.0074
h14-3,atcoder_like_native-22-3-2,reuse,13,h14_mont_mullo,0.0325,0.0324,0.0325,1.0049
h14-3,atcoder_like_native-22-3-2,reuse,13,h14_mullo_fixed,0.0325,0.0324,0.0327,1.0049
h14-3,atcoder_like_native-22-3-2,reuse,13,h14_mullo_bottom,0.0323,0.0321,0.0428,1.0096
h14-3,atcoder_like_native-22-3-2,reuse,13,h14_karatsuba_shared,0.0549,0.0549,0.0549,0.5950
h14-3,atcoder_like_native-22-3-2,fresh,14,ll_inline_h14,0.0713,0.0712,0.0713,1.0000
h14-3,atcoder_like_native-22-3-2,fresh,14,v91,0.1191,0.1190,0.1191,0.5983
h14-3,atcoder_like_native-22-3-2,fresh,14,h14_fixed_tile,0.0714,0.0713,0.0821,0.9980
h14-3,atcoder_like_native-22-3-2,fresh,14,asm_radix4_pair_large_fixed,0.0705,0.0705,0.0706,1.0103
h14-3,atcoder_like_native-22-3-2,fresh,14,h14_mont_mullo,0.0708,0.0707,0.0709,1.0059
h14-3,atcoder_like_native-22-3-2,fresh,14,h14_mullo_fixed,0.0706,0.0704,0.0814,1.0088
h14-3,atcoder_like_native-22-3-2,fresh,14,h14_mullo_bottom,0.0703,0.0701,0.0704,1.0141
h14-3,atcoder_like_native-22-3-2,fresh,14,h14_karatsuba_shared,0.1188,0.1156,0.1285,0.5998
h14-3,atcoder_like_native-22-3-2,reuse,14,ll_inline_h14,0.0706,0.0705,0.0707,1.0000
h14-3,atcoder_like_native-22-3-2,reuse,14,v91,0.1190,0.1189,0.1190,0.5928
h14-3,atcoder_like_native-22-3-2,reuse,14,h14_fixed_tile,0.0703,0.0702,0.0703,1.0040
h14-3,atcoder_like_native-22-3-2,reuse,14,asm_radix4_pair_large_fixed,0.0700,0.0699,0.0807,1.0079
h14-3,atcoder_like_native-22-3-2,reuse,14,h14_mont_mullo,0.0701,0.0700,0.0701,1.0066
h14-3,atcoder_like_native-22-3-2,reuse,14,h14_mullo_fixed,0.0697,0.0697,0.0703,1.0116
h14-3,atcoder_like_native-22-3-2,reuse,14,h14_mullo_bottom,0.0799,0.0700,0.0800,0.8826
h14-3,atcoder_like_native-22-3-2,reuse,14,h14_karatsuba_shared,0.1150,0.1150,0.1151,0.6136
h14-3,atcoder_like_native-22-3-2,fresh,15,ll_inline_h14,0.1523,0.1522,0.1523,1.0000
h14-3,atcoder_like_native-22-3-2,fresh,15,v91,0.2569,0.2569,0.2572,0.5927
h14-3,atcoder_like_native-22-3-2,fresh,15,h14_fixed_tile,0.1501,0.1499,0.1502,1.0144
h14-3,atcoder_like_native-22-3-2,fresh,15,asm_radix4_pair_large_fixed,0.1506,0.1504,0.1509,1.0108
h14-3,atcoder_like_native-22-3-2,fresh,15,h14_mont_mullo,0.1604,0.1499,0.1606,0.9493
h14-3,atcoder_like_native-22-3-2,fresh,15,h14_mullo_fixed,0.1489,0.1488,0.1490,1.0228
h14-3,atcoder_like_native-22-3-2,fresh,15,h14_mullo_bottom,0.1480,0.1479,0.1481,1.0288
h14-3,atcoder_like_native-22-3-2,fresh,15,h14_karatsuba_shared,0.2405,0.2404,0.2405,0.6332
h14-3,atcoder_like_native-22-3-2,reuse,15,ll_inline_h14,0.1518,0.1516,0.1623,1.0000
h14-3,atcoder_like_native-22-3-2,reuse,15,v91,0.2465,0.2464,0.2583,0.6159
h14-3,atcoder_like_native-22-3-2,reuse,15,h14_fixed_tile,0.1495,0.1492,0.1631,1.0155
h14-3,atcoder_like_native-22-3-2,reuse,15,asm_radix4_pair_large_fixed,0.1496,0.1495,0.1497,1.0149
h14-3,atcoder_like_native-22-3-2,reuse,15,h14_mont_mullo,0.1492,0.1490,0.1595,1.0171
h14-3,atcoder_like_native-22-3-2,reuse,15,h14_mullo_fixed,0.1482,0.1481,0.1483,1.0241
h14-3,atcoder_like_native-22-3-2,reuse,15,h14_mullo_bottom,0.1479,0.1473,0.1481,1.0265
h14-3,atcoder_like_native-22-3-2,reuse,15,h14_karatsuba_shared,0.2400,0.2397,0.2406,0.6326
h14-3,atcoder_like_native-22-3-2,fresh,16,ll_inline_h14,0.3264,0.3262,0.3371,1.0000
h14-3,atcoder_like_native-22-3-2,fresh,16,v91,0.5115,0.5112,0.5240,0.6381
h14-3,atcoder_like_native-22-3-2,fresh,16,h14_fixed_tile,0.3218,0.3218,0.3221,1.0143
h14-3,atcoder_like_native-22-3-2,fresh,16,asm_radix4_pair_large_fixed,0.3227,0.3222,0.3248,1.0116
h14-3,atcoder_like_native-22-3-2,fresh,16,h14_mont_mullo,0.3209,0.3207,0.3319,1.0170
h14-3,atcoder_like_native-22-3-2,fresh,16,h14_mullo_fixed,0.3190,0.3190,0.3300,1.0230
h14-3,atcoder_like_native-22-3-2,fresh,16,h14_mullo_bottom,0.3170,0.3168,0.3279,1.0296
h14-3,atcoder_like_native-22-3-2,fresh,16,h14_karatsuba_shared,0.5021,0.5020,0.5127,0.6501
h14-3,atcoder_like_native-22-3-2,reuse,16,ll_inline_h14,0.3357,0.3250,0.3360,1.0000
h14-3,atcoder_like_native-22-3-2,reuse,16,v91,0.5224,0.5116,0.5227,0.6427
h14-3,atcoder_like_native-22-3-2,reuse,16,h14_fixed_tile,0.3212,0.3203,0.3369,1.0451
h14-3,atcoder_like_native-22-3-2,reuse,16,asm_radix4_pair_large_fixed,0.3213,0.3206,0.3216,1.0449
h14-3,atcoder_like_native-22-3-2,reuse,16,h14_mont_mullo,0.3195,0.3195,0.3198,1.0507
h14-3,atcoder_like_native-22-3-2,reuse,16,h14_mullo_fixed,0.3177,0.3176,0.3182,1.0568
h14-3,atcoder_like_native-22-3-2,reuse,16,h14_mullo_bottom,0.3264,0.3261,0.3280,1.0285
h14-3,atcoder_like_native-22-3-2,reuse,16,h14_karatsuba_shared,0.5114,0.5114,0.5122,0.6565
h14-3,atcoder_like_native-22-3-2,fresh,17,ll_inline_h14,0.6944,0.6849,0.6976,1.0000
h14-3,atcoder_like_native-22-3-2,fresh,17,v91,1.0891,1.0889,1.1059,0.6376
h14-3,atcoder_like_native-22-3-2,fresh,17,h14_fixed_tile,0.6926,0.6925,0.6929,1.0026
h14-3,atcoder_like_native-22-3-2,fresh,17,asm_radix4_pair_large_fixed,0.6890,0.6811,0.6891,1.0079
h14-3,atcoder_like_native-22-3-2,fresh,17,h14_mont_mullo,0.6869,0.6767,0.6875,1.0109
h14-3,atcoder_like_native-22-3-2,fresh,17,h14_mullo_fixed,0.6861,0.6750,0.6873,1.0121
h14-3,atcoder_like_native-22-3-2,fresh,17,h14_mullo_bottom,0.6718,0.6715,0.6825,1.0337
h14-3,atcoder_like_native-22-3-2,fresh,17,h14_karatsuba_shared,1.0514,1.0512,1.0515,0.6604
h14-3,atcoder_like_native-22-3-2,reuse,17,ll_inline_h14,0.6929,0.6919,0.6931,1.0000
h14-3,atcoder_like_native-22-3-2,reuse,17,v91,1.0904,1.0897,1.0969,0.6355
h14-3,atcoder_like_native-22-3-2,reuse,17,h14_fixed_tile,0.6912,0.6905,0.6928,1.0025
h14-3,atcoder_like_native-22-3-2,reuse,17,asm_radix4_pair_large_fixed,0.6774,0.6766,0.6865,1.0230
h14-3,atcoder_like_native-22-3-2,reuse,17,h14_mont_mullo,0.6852,0.6845,0.6856,1.0113
h14-3,atcoder_like_native-22-3-2,reuse,17,h14_mullo_fixed,0.6729,0.6726,0.6832,1.0297
h14-3,atcoder_like_native-22-3-2,reuse,17,h14_mullo_bottom,0.6797,0.6796,0.6832,1.0194
h14-3,atcoder_like_native-22-3-2,reuse,17,h14_karatsuba_shared,1.0494,1.0485,1.0511,0.6603
h14-3,atcoder_like_native-22-3-2,fresh,18,ll_inline_h14,1.4882,1.4852,1.4964,1.0000
h14-3,atcoder_like_native-22-3-2,fresh,18,v91,2.2996,2.2868,2.3026,0.6472
h14-3,atcoder_like_native-22-3-2,fresh,18,h14_fixed_tile,1.4944,1.4846,1.4955,0.9958
h14-3,atcoder_like_native-22-3-2,fresh,18,asm_radix4_pair_large_fixed,1.4759,1.4736,1.4833,1.0083
h14-3,atcoder_like_native-22-3-2,fresh,18,h14_mont_mullo,1.4727,1.4696,1.4855,1.0105
h14-3,atcoder_like_native-22-3-2,fresh,18,h14_mullo_fixed,1.4784,1.4675,1.5098,1.0066
h14-3,atcoder_like_native-22-3-2,fresh,18,h14_mullo_bottom,1.4692,1.4620,1.4697,1.0129
h14-3,atcoder_like_native-22-3-2,fresh,18,h14_karatsuba_shared,2.2108,2.2094,2.2280,0.6731
h14-3,atcoder_like_native-22-3-2,reuse,18,ll_inline_h14,1.4899,1.4804,1.4928,1.0000
h14-3,atcoder_like_native-22-3-2,reuse,18,v91,2.2925,2.2816,2.2978,0.6499
h14-3,atcoder_like_native-22-3-2,reuse,18,h14_fixed_tile,1.4786,1.4770,1.4889,1.0076
h14-3,atcoder_like_native-22-3-2,reuse,18,asm_radix4_pair_large_fixed,1.4667,1.4662,1.4679,1.0158
h14-3,atcoder_like_native-22-3-2,reuse,18,h14_mont_mullo,1.4751,1.4726,1.4760,1.0100
h14-3,atcoder_like_native-22-3-2,reuse,18,h14_mullo_fixed,1.4638,1.4620,1.4716,1.0178
h14-3,atcoder_like_native-22-3-2,reuse,18,h14_mullo_bottom,1.4528,1.4512,1.4717,1.0255
h14-3,atcoder_like_native-22-3-2,reuse,18,h14_karatsuba_shared,2.2050,2.2039,2.2086,0.6757
h14-3,atcoder_like_native-22-3-2,fresh,19,ll_inline_h14,3.1083,3.1046,3.1109,1.0000
h14-3,atcoder_like_native-22-3-2,fresh,19,v91,4.7277,4.7220,4.7348,0.6575
h14-3,atcoder_like_native-22-3-2,fresh,19,h14_fixed_tile,3.0652,3.0652,3.0659,1.0140
h14-3,atcoder_like_native-22-3-2,fresh,19,asm_radix4_pair_large_fixed,3.0687,3.0683,3.0852,1.0129
h14-3,atcoder_like_native-22-3-2,fresh,19,h14_mont_mullo,3.0486,3.0477,3.0497,1.0196
h14-3,atcoder_like_native-22-3-2,fresh,19,h14_mullo_fixed,3.0373,3.0354,3.0659,1.0234
h14-3,atcoder_like_native-22-3-2,fresh,19,h14_mullo_bottom,3.0147,3.0091,3.0394,1.0310
h14-3,atcoder_like_native-22-3-2,fresh,19,h14_karatsuba_shared,4.5363,4.5267,4.5378,0.6852
h14-3,atcoder_like_native-22-3-2,reuse,19,ll_inline_h14,3.0923,3.0917,3.0945,1.0000
h14-3,atcoder_like_native-22-3-2,reuse,19,v91,4.7185,4.6997,4.7257,0.6553
h14-3,atcoder_like_native-22-3-2,reuse,19,h14_fixed_tile,3.0633,3.0557,3.0696,1.0095
h14-3,atcoder_like_native-22-3-2,reuse,19,asm_radix4_pair_large_fixed,3.0541,3.0534,3.0555,1.0125
h14-3,atcoder_like_native-22-3-2,reuse,19,h14_mont_mullo,3.0366,3.0332,3.1274,1.0183
h14-3,atcoder_like_native-22-3-2,reuse,19,h14_mullo_fixed,3.0261,3.0252,3.0310,1.0219
h14-3,atcoder_like_native-22-3-2,reuse,19,h14_mullo_bottom,2.9974,2.9962,3.0367,1.0316
h14-3,atcoder_like_native-22-3-2,reuse,19,h14_karatsuba_shared,4.5271,4.5227,4.5363,0.6831
h14-3,atcoder_like_native-22-3-2,fresh,20,ll_inline_h14,6.5860,6.5805,6.5868,1.0000
h14-3,atcoder_like_native-22-3-2,fresh,20,v91,9.7789,9.7754,9.8061,0.6735
h14-3,atcoder_like_native-22-3-2,fresh,20,h14_fixed_tile,6.5000,6.4946,6.5375,1.0132
h14-3,atcoder_like_native-22-3-2,fresh,20,asm_radix4_pair_large_fixed,6.5004,6.4943,6.5135,1.0132
h14-3,atcoder_like_native-22-3-2,fresh,20,h14_mont_mullo,6.4660,6.4512,6.4894,1.0186
h14-3,atcoder_like_native-22-3-2,fresh,20,h14_mullo_fixed,6.4352,6.4337,6.4403,1.0234
h14-3,atcoder_like_native-22-3-2,fresh,20,h14_mullo_bottom,6.3830,6.3824,6.4068,1.0318
h14-3,atcoder_like_native-22-3-2,fresh,20,h14_karatsuba_shared,9.4416,9.4261,9.4748,0.6975
h14-3,atcoder_like_native-22-3-2,reuse,20,ll_inline_h14,6.5617,6.5591,6.6245,1.0000
h14-3,atcoder_like_native-22-3-2,reuse,20,v91,9.8017,9.7857,9.9334,0.6694
h14-3,atcoder_like_native-22-3-2,reuse,20,h14_fixed_tile,6.4907,6.4722,6.6023,1.0109
h14-3,atcoder_like_native-22-3-2,reuse,20,asm_radix4_pair_large_fixed,6.5405,6.4857,6.5961,1.0032
h14-3,atcoder_like_native-22-3-2,reuse,20,h14_mont_mullo,6.4280,6.4263,7.0513,1.0208
h14-3,atcoder_like_native-22-3-2,reuse,20,h14_mullo_fixed,6.4324,6.4167,6.4594,1.0201
h14-3,atcoder_like_native-22-3-2,reuse,20,h14_mullo_bottom,6.3662,6.3599,6.3694,1.0307
h14-3,atcoder_like_native-22-3-2,reuse,20,h14_karatsuba_shared,9.4244,9.4056,9.4265,0.6962
h14-3,atcoder_like_native-22-3-2,fresh,21,ll_inline_h14,13.6781,13.6506,13.7098,1.0000
h14-3,atcoder_like_native-22-3-2,fresh,21,v91,20.8027,20.6115,20.8628,0.6575
h14-3,atcoder_like_native-22-3-2,fresh,21,h14_fixed_tile,13.6256,13.6203,13.6490,1.0039
h14-3,atcoder_like_native-22-3-2,fresh,21,asm_radix4_pair_large_fixed,13.5138,13.5087,13.5541,1.0122
h14-3,atcoder_like_native-22-3-2,fresh,21,h14_mont_mullo,13.4618,13.4577,13.4935,1.0161
h14-3,atcoder_like_native-22-3-2,fresh,21,h14_mullo_fixed,13.4770,13.4577,13.4961,1.0149
h14-3,atcoder_like_native-22-3-2,fresh,21,h14_mullo_bottom,13.3662,13.3488,13.3667,1.0233
h14-3,atcoder_like_native-22-3-2,fresh,21,h14_karatsuba_shared,19.4366,19.4071,19.4565,0.7037
h14-3,atcoder_like_native-22-3-2,reuse,21,ll_inline_h14,13.6222,13.6056,13.6404,1.0000
h14-3,atcoder_like_native-22-3-2,reuse,21,v91,20.7011,20.3716,20.7198,0.6580
h14-3,atcoder_like_native-22-3-2,reuse,21,h14_fixed_tile,13.5954,13.5889,13.6006,1.0020
h14-3,atcoder_like_native-22-3-2,reuse,21,asm_radix4_pair_large_fixed,13.4736,13.4566,13.5091,1.0110
h14-3,atcoder_like_native-22-3-2,reuse,21,h14_mont_mullo,13.4283,13.4226,13.4356,1.0144
h14-3,atcoder_like_native-22-3-2,reuse,21,h14_mullo_fixed,13.4176,13.3974,13.4472,1.0152
h14-3,atcoder_like_native-22-3-2,reuse,21,h14_mullo_bottom,13.3418,13.3246,13.3659,1.0210
h14-3,atcoder_like_native-22-3-2,reuse,21,h14_karatsuba_shared,19.3829,19.3751,19.4304,0.7028
h14-3,atcoder_like_native-22-3-2,fresh,22,ll_inline_h14,28.9969,28.9235,29.0336,1.0000
h14-3,atcoder_like_native-22-3-2,fresh,22,v91,43.5161,43.3987,43.5439,0.6663
h14-3,atcoder_like_native-22-3-2,fresh,22,h14_fixed_tile,28.9094,28.8693,28.9488,1.0030
h14-3,atcoder_like_native-22-3-2,fresh,22,asm_radix4_pair_large_fixed,28.6810,28.6381,28.6929,1.0110
h14-3,atcoder_like_native-22-3-2,fresh,22,h14_mont_mullo,28.5672,28.5632,28.6670,1.0150
h14-3,atcoder_like_native-22-3-2,fresh,22,h14_mullo_fixed,28.5327,28.5202,28.5477,1.0163
h14-3,atcoder_like_native-22-3-2,fresh,22,h14_mullo_bottom,28.3305,28.3033,28.3555,1.0235
h14-3,atcoder_like_native-22-3-2,fresh,22,h14_karatsuba_shared,40.5174,40.4660,40.5277,0.7157
h14-3,atcoder_like_native-22-3-2,reuse,22,ll_inline_h14,28.8113,28.8109,28.9114,1.0000
h14-3,atcoder_like_native-22-3-2,reuse,22,v91,43.0973,43.0492,43.8024,0.6685
h14-3,atcoder_like_native-22-3-2,reuse,22,h14_fixed_tile,28.8193,28.7986,28.8311,0.9997
h14-3,atcoder_like_native-22-3-2,reuse,22,asm_radix4_pair_large_fixed,28.6068,28.5389,28.6284,1.0071
h14-3,atcoder_like_native-22-3-2,reuse,22,h14_mont_mullo,28.4360,28.4080,28.4559,1.0132
h14-3,atcoder_like_native-22-3-2,reuse,22,h14_mullo_fixed,28.4513,28.4371,28.4882,1.0127
h14-3,atcoder_like_native-22-3-2,reuse,22,h14_mullo_bottom,28.3100,28.2004,28.4403,1.0177
h14-3,atcoder_like_native-22-3-2,reuse,22,h14_karatsuba_shared,40.3924,40.3586,40.4106,0.7133
h14-3,avx2_capped-20-10-2,fresh,12,ll_inline_h14,0.0155,0.0155,0.0156,1.0000
h14-3,avx2_capped-20-10-2,fresh,12,v91,0.0287,0.0287,0.0390,0.5402
h14-3,avx2_capped-20-10-2,fresh,12,h14_fixed_tile,0.0154,0.0153,0.0155,1.0068
h14-3,avx2_capped-20-10-2,fresh,12,asm_radix4_pair_large_fixed,0.0155,0.0154,0.0156,1.0042
h14-3,avx2_capped-20-10-2,fresh,12,h14_mont_mullo,0.0155,0.0155,0.0158,1.0006
h14-3,avx2_capped-20-10-2,fresh,12,h14_mullo_fixed,0.0154,0.0153,0.0350,1.0098
h14-3,avx2_capped-20-10-2,fresh,12,h14_mullo_bottom,0.0153,0.0152,0.0159,1.0131
h14-3,avx2_capped-20-10-2,fresh,12,h14_karatsuba_shared,0.0247,0.0246,0.0278,0.6280
h14-3,avx2_capped-20-10-2,reuse,12,ll_inline_h14,0.0153,0.0152,0.0154,1.0000
h14-3,avx2_capped-20-10-2,reuse,12,v91,0.0286,0.0285,0.0335,0.5347
h14-3,avx2_capped-20-10-2,reuse,12,h14_fixed_tile,0.0152,0.0151,0.0152,1.0072
h14-3,avx2_capped-20-10-2,reuse,12,asm_radix4_pair_large_fixed,0.0152,0.0151,0.0154,1.0056
h14-3,avx2_capped-20-10-2,reuse,12,h14_mont_mullo,0.0153,0.0153,0.0154,0.9977
h14-3,avx2_capped-20-10-2,reuse,12,h14_mullo_fixed,0.0152,0.0151,0.0269,1.0066
h14-3,avx2_capped-20-10-2,reuse,12,h14_mullo_bottom,0.0151,0.0150,0.0152,1.0132
h14-3,avx2_capped-20-10-2,reuse,12,h14_karatsuba_shared,0.0245,0.0244,0.0246,0.6233
h14-3,avx2_capped-20-10-2,fresh,13,ll_inline_h14,0.0333,0.0332,0.0335,1.0000
h14-3,avx2_capped-20-10-2,fresh,13,v91,0.0580,0.0579,0.0581,0.5738
h14-3,avx2_capped-20-10-2,fresh,13,h14_fixed_tile,0.0328,0.0327,0.0330,1.0153
h14-3,avx2_capped-20-10-2,fresh,13,asm_radix4_pair_large_fixed,0.0329,0.0326,0.0423,1.0121
h14-3,avx2_capped-20-10-2,fresh,13,h14_mont_mullo,0.0330,0.0329,0.0332,1.0075
h14-3,avx2_capped-20-10-2,fresh,13,h14_mullo_fixed,0.0327,0.0325,0.0427,1.0190
h14-3,avx2_capped-20-10-2,fresh,13,h14_mullo_bottom,0.0326,0.0324,0.0327,1.0203
h14-3,avx2_capped-20-10-2,fresh,13,h14_karatsuba_shared,0.0515,0.0514,0.0523,0.6463
h14-3,avx2_capped-20-10-2,reuse,13,ll_inline_h14,0.0329,0.0328,0.0332,1.0000
h14-3,avx2_capped-20-10-2,reuse,13,v91,0.0579,0.0578,0.0579,0.5692
h14-3,avx2_capped-20-10-2,reuse,13,h14_fixed_tile,0.0325,0.0324,0.0419,1.0142
h14-3,avx2_capped-20-10-2,reuse,13,asm_radix4_pair_large_fixed,0.0325,0.0323,0.0444,1.0128
h14-3,avx2_capped-20-10-2,reuse,13,h14_mont_mullo,0.0326,0.0325,0.0422,1.0102
h14-3,avx2_capped-20-10-2,reuse,13,h14_mullo_fixed,0.0323,0.0322,0.0331,1.0189
h14-3,avx2_capped-20-10-2,reuse,13,h14_mullo_bottom,0.0322,0.0321,0.0323,1.0230
h14-3,avx2_capped-20-10-2,reuse,13,h14_karatsuba_shared,0.0512,0.0511,0.0608,0.6435
h14-3,avx2_capped-20-10-2,fresh,14,ll_inline_h14,0.0716,0.0715,0.0827,1.0000
h14-3,avx2_capped-20-10-2,fresh,14,v91,0.1188,0.1185,0.1292,0.6028
h14-3,avx2_capped-20-10-2,fresh,14,h14_fixed_tile,0.0706,0.0703,0.0732,1.0144
h14-3,avx2_capped-20-10-2,fresh,14,asm_radix4_pair_large_fixed,0.0707,0.0706,0.0810,1.0127
h14-3,avx2_capped-20-10-2,fresh,14,h14_mont_mullo,0.0709,0.0707,0.0711,1.0102
h14-3,avx2_capped-20-10-2,fresh,14,h14_mullo_fixed,0.0703,0.0700,0.0809,1.0184
h14-3,avx2_capped-20-10-2,fresh,14,h14_mullo_bottom,0.0702,0.0700,0.0704,1.0201
h14-3,avx2_capped-20-10-2,fresh,14,h14_karatsuba_shared,0.1081,0.1079,0.1184,0.6625
h14-3,avx2_capped-20-10-2,reuse,14,ll_inline_h14,0.0710,0.0709,0.0913,1.0000
h14-3,avx2_capped-20-10-2,reuse,14,v91,0.1185,0.1183,0.1282,0.5993
h14-3,avx2_capped-20-10-2,reuse,14,h14_fixed_tile,0.0700,0.0699,0.0799,1.0152
h14-3,avx2_capped-20-10-2,reuse,14,asm_radix4_pair_large_fixed,0.0700,0.0699,0.0704,1.0145
h14-3,avx2_capped-20-10-2,reuse,14,h14_mont_mullo,0.0703,0.0701,0.0806,1.0101
h14-3,avx2_capped-20-10-2,reuse,14,h14_mullo_fixed,0.0696,0.0694,0.0806,1.0208
h14-3,avx2_capped-20-10-2,reuse,14,h14_mullo_bottom,0.0694,0.0693,0.0789,1.0232
h14-3,avx2_capped-20-10-2,reuse,14,h14_karatsuba_shared,0.1075,0.1073,0.1176,0.6608
h14-3,avx2_capped-20-10-2,fresh,15,ll_inline_h14,0.1511,0.1509,0.1517,1.0000
h14-3,avx2_capped-20-10-2,fresh,15,v91,0.2461,0.2458,0.2560,0.6139
h14-3,avx2_capped-20-10-2,fresh,15,h14_fixed_tile,0.1506,0.1504,0.1508,1.0028
h14-3,avx2_capped-20-10-2,fresh,15,asm_radix4_pair_large_fixed,0.1490,0.1488,0.1598,1.0140
h14-3,avx2_capped-20-10-2,fresh,15,h14_mont_mullo,0.1502,0.1500,0.1601,1.0058
h14-3,avx2_capped-20-10-2,fresh,15,h14_mullo_fixed,0.1487,0.1485,0.1587,1.0161
h14-3,avx2_capped-20-10-2,fresh,15,h14_mullo_bottom,0.1484,0.1482,0.1583,1.0176
h14-3,avx2_capped-20-10-2,fresh,15,h14_karatsuba_shared,0.2249,0.2247,0.2437,0.6718
h14-3,avx2_capped-20-10-2,reuse,15,ll_inline_h14,0.1504,0.1502,0.1609,1.0000
h14-3,avx2_capped-20-10-2,reuse,15,v91,0.2461,0.2459,0.2563,0.6114
h14-3,avx2_capped-20-10-2,reuse,15,h14_fixed_tile,0.1499,0.1496,0.1615,1.0036
h14-3,avx2_capped-20-10-2,reuse,15,asm_radix4_pair_large_fixed,0.1481,0.1480,0.1602,1.0157
h14-3,avx2_capped-20-10-2,reuse,15,h14_mont_mullo,0.1493,0.1489,0.1604,1.0076
h14-3,avx2_capped-20-10-2,reuse,15,h14_mullo_fixed,0.1480,0.1478,0.1581,1.0162
h14-3,avx2_capped-20-10-2,reuse,15,h14_mullo_bottom,0.1477,0.1474,0.1577,1.0183
h14-3,avx2_capped-20-10-2,reuse,15,h14_karatsuba_shared,0.2241,0.2239,0.2341,0.6713
h14-3,avx2_capped-20-10-2,fresh,16,ll_inline_h14,0.3241,0.3236,0.3349,1.0000
h14-3,avx2_capped-20-10-2,fresh,16,v91,0.5190,0.5092,0.5202,0.6244
h14-3,avx2_capped-20-10-2,fresh,16,h14_fixed_tile,0.3237,0.3231,0.3342,1.0010
h14-3,avx2_capped-20-10-2,fresh,16,asm_radix4_pair_large_fixed,0.3248,0.3195,0.3311,0.9976
h14-3,avx2_capped-20-10-2,fresh,16,h14_mont_mullo,0.3220,0.3216,0.3488,1.0066
h14-3,avx2_capped-20-10-2,fresh,16,h14_mullo_fixed,0.3189,0.3186,0.3299,1.0161
h14-3,avx2_capped-20-10-2,fresh,16,h14_mullo_bottom,0.3234,0.3177,0.3293,1.0020
h14-3,avx2_capped-20-10-2,fresh,16,h14_karatsuba_shared,0.4744,0.4711,0.5020,0.6831
h14-3,avx2_capped-20-10-2,reuse,16,ll_inline_h14,0.3222,0.3220,0.3435,1.0000
h14-3,avx2_capped-20-10-2,reuse,16,v91,0.5120,0.5088,0.5279,0.6293
h14-3,avx2_capped-20-10-2,reuse,16,h14_fixed_tile,0.3216,0.3213,0.3322,1.0016
h14-3,avx2_capped-20-10-2,reuse,16,asm_radix4_pair_large_fixed,0.3182,0.3177,0.3285,1.0125
h14-3,avx2_capped-20-10-2,reuse,16,h14_mont_mullo,0.3207,0.3197,0.3311,1.0045
h14-3,avx2_capped-20-10-2,reuse,16,h14_mullo_fixed,0.3220,0.3168,0.3381,1.0005
h14-3,avx2_capped-20-10-2,reuse,16,h14_mullo_bottom,0.3165,0.3161,0.3426,1.0177
h14-3,avx2_capped-20-10-2,reuse,16,h14_karatsuba_shared,0.4780,0.4696,0.4881,0.6740
h14-3,avx2_capped-20-10-2,fresh,17,ll_inline_h14,0.6953,0.6853,0.6964,1.0000
h14-3,avx2_capped-20-10-2,fresh,17,v91,1.0839,1.0820,1.0971,0.6415
h14-3,avx2_capped-20-10-2,fresh,17,h14_fixed_tile,0.6875,0.6774,0.6883,1.0113
h14-3,avx2_capped-20-10-2,fresh,17,asm_radix4_pair_large_fixed,0.6835,0.6778,0.6888,1.0172
h14-3,avx2_capped-20-10-2,fresh,17,h14_mont_mullo,0.6873,0.6758,0.6898,1.0116
h14-3,avx2_capped-20-10-2,fresh,17,h14_mullo_fixed,0.6813,0.6709,0.7126,1.0205
h14-3,avx2_capped-20-10-2,fresh,17,h14_mullo_bottom,0.6804,0.6695,0.6885,1.0219
h14-3,avx2_capped-20-10-2,fresh,17,h14_karatsuba_shared,0.9885,0.9878,0.9958,0.7033
h14-3,avx2_capped-20-10-2,reuse,17,ll_inline_h14,0.6931,0.6824,0.6939,1.0000
h14-3,avx2_capped-20-10-2,reuse,17,v91,1.0856,1.0818,1.0967,0.6384
h14-3,avx2_capped-20-10-2,reuse,17,h14_fixed_tile,0.6772,0.6746,0.6860,1.0234
h14-3,avx2_capped-20-10-2,reuse,17,asm_radix4_pair_large_fixed,0.6853,0.6763,0.6872,1.0113
h14-3,avx2_capped-20-10-2,reuse,17,h14_mont_mullo,0.6747,0.6741,0.6853,1.0273
h14-3,avx2_capped-20-10-2,reuse,17,h14_mullo_fixed,0.6789,0.6686,0.6859,1.0209
h14-3,avx2_capped-20-10-2,reuse,17,h14_mullo_bottom,0.6777,0.6666,0.7108,1.0227
h14-3,avx2_capped-20-10-2,reuse,17,h14_karatsuba_shared,0.9854,0.9847,0.9947,0.7034
h14-3,avx2_capped-20-10-2,fresh,18,ll_inline_h14,1.4874,1.4766,1.5117,1.0000
h14-3,avx2_capped-20-10-2,fresh,18,v91,2.2690,2.2643,2.2995,0.6556
h14-3,avx2_capped-20-10-2,fresh,18,h14_fixed_tile,1.4640,1.4608,1.4726,1.0160
h14-3,avx2_capped-20-10-2,fresh,18,asm_radix4_pair_large_fixed,1.4721,1.4628,1.4850,1.0104
h14-3,avx2_capped-20-10-2,fresh,18,h14_mont_mullo,1.4690,1.4584,1.4711,1.0125
h14-3,avx2_capped-20-10-2,fresh,18,h14_mullo_fixed,1.4572,1.4468,1.4679,1.0207
h14-3,avx2_capped-20-10-2,fresh,18,h14_mullo_bottom,1.4447,1.4433,1.4596,1.0296
h14-3,avx2_capped-20-10-2,fresh,18,h14_karatsuba_shared,2.0730,2.0713,2.1057,0.7175
h14-3,avx2_capped-20-10-2,reuse,18,ll_inline_h14,1.4805,1.4714,1.5321,1.0000
h14-3,avx2_capped-20-10-2,reuse,18,v91,2.2746,2.2617,2.2897,0.6509
h14-3,avx2_capped-20-10-2,reuse,18,h14_fixed_tile,1.4657,1.4544,1.4850,1.0101
h14-3,avx2_capped-20-10-2,reuse,18,asm_radix4_pair_large_fixed,1.4623,1.4553,1.4672,1.0124
h14-3,avx2_capped-20-10-2,reuse,18,h14_mont_mullo,1.4634,1.4530,1.4741,1.0117
h14-3,avx2_capped-20-10-2,reuse,18,h14_mullo_fixed,1.4424,1.4409,1.4617,1.0264
h14-3,avx2_capped-20-10-2,reuse,18,h14_mullo_bottom,1.4435,1.4380,1.4519,1.0257
h14-3,avx2_capped-20-10-2,reuse,18,h14_karatsuba_shared,2.0679,2.0655,2.0802,0.7160
h14-3,avx2_capped-20-10-2,fresh,19,ll_inline_h14,3.0787,3.0765,3.1199,1.0000
h14-3,avx2_capped-20-10-2,fresh,19,v91,4.7535,4.7290,4.8173,0.6477
h14-3,avx2_capped-20-10-2,fresh,19,h14_fixed_tile,3.0729,3.0708,3.0869,1.0019
h14-3,avx2_capped-20-10-2,fresh,19,asm_radix4_pair_large_fixed,3.0412,3.0365,3.0530,1.0123
h14-3,avx2_capped-20-10-2,fresh,19,h14_mont_mullo,3.0510,3.0474,3.0663,1.0091
h14-3,avx2_capped-20-10-2,fresh,19,h14_mullo_fixed,3.0278,3.0253,3.0693,1.0168
h14-3,avx2_capped-20-10-2,fresh,19,h14_mullo_bottom,3.0188,3.0152,3.0405,1.0198
h14-3,avx2_capped-20-10-2,fresh,19,h14_karatsuba_shared,4.2743,4.2656,4.2928,0.7203
h14-3,avx2_capped-20-10-2,reuse,19,ll_inline_h14,3.0762,3.0674,3.1222,1.0000
h14-3,avx2_capped-20-10-2,reuse,19,v91,4.7549,4.7482,4.8374,0.6470
h14-3,avx2_capped-20-10-2,reuse,19,h14_fixed_tile,3.0713,3.0588,3.0808,1.0016
h14-3,avx2_capped-20-10-2,reuse,19,asm_radix4_pair_large_fixed,3.0293,3.0252,3.0395,1.0155
h14-3,avx2_capped-20-10-2,reuse,19,h14_mont_mullo,3.0388,3.0352,3.0661,1.0123
h14-3,avx2_capped-20-10-2,reuse,19,h14_mullo_fixed,3.0179,3.0133,3.0373,1.0193
h14-3,avx2_capped-20-10-2,reuse,19,h14_mullo_bottom,3.0072,3.0054,3.0173,1.0230
h14-3,avx2_capped-20-10-2,reuse,19,h14_karatsuba_shared,4.2665,4.2561,4.2767,0.7210
h14-3,avx2_capped-20-10-2,fresh,20,ll_inline_h14,6.5422,6.5224,6.6272,1.0000
h14-3,avx2_capped-20-10-2,fresh,20,v91,9.8414,9.8038,9.8877,0.6648
h14-3,avx2_capped-20-10-2,fresh,20,h14_fixed_tile,6.5236,6.5120,6.5643,1.0028
h14-3,avx2_capped-20-10-2,fresh,20,asm_radix4_pair_large_fixed,6.4605,6.4432,6.4760,1.0126
h14-3,avx2_capped-20-10-2,fresh,20,h14_mont_mullo,6.4657,6.4537,6.6953,1.0118
h14-3,avx2_capped-20-10-2,fresh,20,h14_mullo_fixed,6.4185,6.4082,6.4238,1.0193
h14-3,avx2_capped-20-10-2,fresh,20,h14_mullo_bottom,6.3991,6.3943,6.4706,1.0224
h14-3,avx2_capped-20-10-2,fresh,20,h14_karatsuba_shared,8.9156,8.9114,8.9900,0.7338
h14-3,avx2_capped-20-10-2,reuse,20,ll_inline_h14,6.5134,6.4857,6.5532,1.0000
h14-3,avx2_capped-20-10-2,reuse,20,v91,9.8011,9.7859,9.8436,0.6646
h14-3,avx2_capped-20-10-2,reuse,20,h14_fixed_tile,6.4982,6.4704,6.5092,1.0023
h14-3,avx2_capped-20-10-2,reuse,20,asm_radix4_pair_large_fixed,6.4231,6.4167,6.5556,1.0141
h14-3,avx2_capped-20-10-2,reuse,20,h14_mont_mullo,6.4543,6.4369,6.5669,1.0092
h14-3,avx2_capped-20-10-2,reuse,20,h14_mullo_fixed,6.3918,6.3839,6.4444,1.0190
h14-3,avx2_capped-20-10-2,reuse,20,h14_mullo_bottom,6.3834,6.3656,6.4166,1.0204
h14-3,avx2_capped-20-10-2,reuse,20,h14_karatsuba_shared,8.8886,8.8791,8.9353,0.7328
h14-3,plain-default,fresh,12,ll_inline_h14,0.0155,0.0155,0.0156,1.0000
h14-3,plain-default,fresh,12,v91,0.0289,0.0289,0.0291,0.5364
h14-3,plain-default,fresh,12,h14_fixed_tile,0.0154,0.0154,0.0155,1.0046
h14-3,plain-default,fresh,12,asm_radix4_pair_large_fixed,0.0154,0.0153,0.0155,1.0085
h14-3,plain-default,fresh,12,h14_mont_mullo,0.0154,0.0154,0.0155,1.0039
h14-3,plain-default,fresh,12,h14_mullo_fixed,0.0153,0.0153,0.0266,1.0118
h14-3,plain-default,fresh,12,h14_mullo_bottom,0.0153,0.0152,0.0155,1.0124
h14-3,plain-default,fresh,12,h14_karatsuba_shared,0.0254,0.0253,0.0255,0.6104
h14-3,plain-default,fresh,13,ll_inline_h14,0.0332,0.0331,0.0333,1.0000
h14-3,plain-default,fresh,13,v91,0.0584,0.0584,0.0586,0.5675
h14-3,plain-default,fresh,13,h14_fixed_tile,0.0328,0.0327,0.0428,1.0101
h14-3,plain-default,fresh,13,asm_radix4_pair_large_fixed,0.0327,0.0326,0.0329,1.0138
h14-3,plain-default,fresh,13,h14_mont_mullo,0.0329,0.0327,0.0330,1.0091
h14-3,plain-default,fresh,13,h14_mullo_fixed,0.0327,0.0326,0.0329,1.0129
h14-3,plain-default,fresh,13,h14_mullo_bottom,0.0326,0.0325,0.0328,1.0160
h14-3,plain-default,fresh,13,h14_karatsuba_shared,0.0529,0.0529,0.0530,0.6269
h14-3,plain-default,fresh,14,ll_inline_h14,0.0716,0.0715,0.0717,1.0000
h14-3,plain-default,fresh,14,v91,0.1198,0.1196,0.1199,0.5974
h14-3,plain-default,fresh,14,h14_fixed_tile,0.0706,0.0703,0.0708,1.0139
h14-3,plain-default,fresh,14,asm_radix4_pair_large_fixed,0.0706,0.0704,0.0706,1.0136
h14-3,plain-default,fresh,14,h14_mont_mullo,0.0709,0.0708,0.0711,1.0099
h14-3,plain-default,fresh,14,h14_mullo_fixed,0.0706,0.0702,0.0812,1.0142
h14-3,plain-default,fresh,14,h14_mullo_bottom,0.0703,0.0700,0.0704,1.0175
h14-3,plain-default,fresh,14,h14_karatsuba_shared,0.1111,0.1108,0.1212,0.6438
h14-3,plain-default,fresh,15,ll_inline_h14,0.1504,0.1502,0.1511,1.0000
h14-3,plain-default,fresh,15,v91,0.2482,0.2481,0.2483,0.6060
h14-3,plain-default,fresh,15,h14_fixed_tile,0.1506,0.1504,0.1643,0.9985
h14-3,plain-default,fresh,15,asm_radix4_pair_large_fixed,0.1489,0.1486,0.1593,1.0102
h14-3,plain-default,fresh,15,h14_mont_mullo,0.1499,0.1497,0.1603,1.0030
h14-3,plain-default,fresh,15,h14_mullo_fixed,0.1495,0.1489,0.1624,1.0060
h14-3,plain-default,fresh,15,h14_mullo_bottom,0.1489,0.1487,0.1492,1.0099
h14-3,plain-default,fresh,15,h14_karatsuba_shared,0.2304,0.2301,0.2304,0.6529
h14-3,plain-default,fresh,16,ll_inline_h14,0.3229,0.3226,0.3331,1.0000
h14-3,plain-default,fresh,16,v91,0.5235,0.5130,0.5399,0.6168
h14-3,plain-default,fresh,16,h14_fixed_tile,0.3334,0.3223,0.3363,0.9685
h14-3,plain-default,fresh,16,asm_radix4_pair_large_fixed,0.3201,0.3190,0.3298,1.0086
h14-3,plain-default,fresh,16,h14_mont_mullo,0.3214,0.3209,0.3316,1.0048
h14-3,plain-default,fresh,16,h14_mullo_fixed,0.3199,0.3197,0.3311,1.0094
h14-3,plain-default,fresh,16,h14_mullo_bottom,0.3199,0.3193,0.3304,1.0094
h14-3,plain-default,fresh,16,h14_karatsuba_shared,0.4924,0.4819,0.4931,0.6558
h14-3,plain-default,fresh,17,ll_inline_h14,0.6951,0.6844,0.6962,1.0000
h14-3,plain-default,fresh,17,v91,1.0994,1.0984,1.1093,0.6323
h14-3,plain-default,fresh,17,h14_fixed_tile,0.6868,0.6766,0.6869,1.0121
h14-3,plain-default,fresh,17,asm_radix4_pair_large_fixed,0.6868,0.6770,0.7000,1.0121
h14-3,plain-default,fresh,17,h14_mont_mullo,0.6869,0.6759,0.6899,1.0119
h14-3,plain-default,fresh,17,h14_mullo_fixed,0.6841,0.6732,0.6864,1.0161
h14-3,plain-default,fresh,17,h14_mullo_bottom,0.6828,0.6724,0.6831,1.0180
h14-3,plain-default,fresh,17,h14_karatsuba_shared,1.0105,1.0101,1.0183,0.6879
h14-3,plain-default,fresh,18,ll_inline_h14,1.4842,1.4768,1.4860,1.0000
h14-3,plain-default,fresh,18,v91,2.3071,2.2939,2.3112,0.6433
h14-3,plain-default,fresh,18,h14_fixed_tile,1.4614,1.4590,1.4726,1.0156
h14-3,plain-default,fresh,18,asm_radix4_pair_large_fixed,1.4602,1.4589,1.4721,1.0164
h14-3,plain-default,fresh,18,h14_mont_mullo,1.4593,1.4577,1.4689,1.0171
h14-3,plain-default,fresh,18,h14_mullo_fixed,1.4616,1.4511,1.4639,1.0155
h14-3,plain-default,fresh,18,h14_mullo_bottom,1.4591,1.4588,1.4608,1.0172
h14-3,plain-default,fresh,18,h14_karatsuba_shared,2.1179,2.1159,2.1206,0.7008
h14-3,plain-default,fresh,19,ll_inline_h14,3.0711,3.0671,3.0788,1.0000
h14-3,plain-default,fresh,19,v91,4.7999,4.7846,4.8273,0.6398
h14-3,plain-default,fresh,19,h14_fixed_tile,3.0682,3.0673,3.0730,1.0009
h14-3,plain-default,fresh,19,asm_radix4_pair_large_fixed,3.0404,3.0352,3.0414,1.0101
h14-3,plain-default,fresh,19,h14_mont_mullo,3.0571,3.0482,3.0594,1.0046
h14-3,plain-default,fresh,19,h14_mullo_fixed,3.0338,3.0301,3.0349,1.0123
h14-3,plain-default,fresh,19,h14_mullo_bottom,3.0314,3.0284,3.0379,1.0131
h14-3,plain-default,fresh,19,h14_karatsuba_shared,4.3597,4.3524,4.3681,0.7044
h14-3,plain-default,fresh,20,ll_inline_h14,6.5219,6.5128,6.5597,1.0000
h14-3,plain-default,fresh,20,v91,9.9147,9.9039,9.9418,0.6578
h14-3,plain-default,fresh,20,h14_fixed_tile,6.5204,6.5062,6.5387,1.0002
h14-3,plain-default,fresh,20,asm_radix4_pair_large_fixed,6.4519,6.4424,6.4606,1.0109
h14-3,plain-default,fresh,20,h14_mont_mullo,6.4674,6.4652,6.5100,1.0084
h14-3,plain-default,fresh,20,h14_mullo_fixed,6.4452,6.4336,6.4741,1.0119
h14-3,plain-default,fresh,20,h14_mullo_bottom,6.4332,6.4310,6.4381,1.0138
h14-3,plain-default,fresh,20,h14_karatsuba_shared,9.1009,9.0951,9.1126,0.7166
