lg,impl,rep,ms
10,KACTL,0,0.047268
10,simd-v0,0,0.008126
10,393435,0,0.004478
10,ours-406478,0,0.002985
10,simd-v0,1,0.008075
10,393435,1,0.004429
10,ours-406478,1,0.002975
10,KACTL,1,0.047139
10,393435,2,0.004398
10,ours-406478,2,0.002976
10,KACTL,2,0.047248
10,simd-v0,2,0.008085
10,ours-406478,3,0.002956
10,KACTL,3,0.047148
10,simd-v0,3,0.008055
10,393435,3,0.004388
10,KACTL,4,0.047308
10,simd-v0,4,0.008065
10,393435,4,0.004398
10,ours-406478,4,0.002996
10,simd-v0,5,0.008165
10,393435,5,0.004428
10,ours-406478,5,0.002985
10,KACTL,5,0.047208
10,393435,6,0.004518
10,ours-406478,6,0.002975
10,KACTL,6,0.047139
10,simd-v0,6,0.008145
10,ours-406478,7,0.002955
10,KACTL,7,0.047108
10,simd-v0,7,0.008085
10,393435,7,0.004419
10,KACTL,8,0.047188
10,simd-v0,8,0.008075
10,393435,8,0.004418
10,ours-406478,8,0.002995
10,simd-v0,9,0.008085
10,393435,9,0.004398
10,ours-406478,9,0.002966
10,KACTL,9,0.047168
10,393435,10,0.004428
10,ours-406478,10,0.002976
10,KACTL,10,0.047248
10,simd-v0,10,0.008095
10,ours-406478,11,0.002956
10,KACTL,11,0.047218
10,simd-v0,11,0.008085
10,393435,11,0.004468
10,KACTL,12,0.047228
10,simd-v0,12,0.008045
10,393435,12,0.004408
10,ours-406478,12,0.002986
10,simd-v0,13,0.008075
10,393435,13,0.004398
10,ours-406478,13,0.002966
10,KACTL,13,0.047118
10,393435,14,0.014807
10,ours-406478,14,0.002965
10,KACTL,14,0.047238
10,simd-v0,14,0.008135
10,ours-406478,15,0.002966
10,KACTL,15,0.047078
10,simd-v0,15,0.008075
10,393435,15,0.004448
10,KACTL,16,0.047178
10,simd-v0,16,0.008076
10,393435,16,0.004398
10,ours-406478,16,0.002976
10,simd-v0,17,0.008075
10,393435,17,0.004409
10,ours-406478,17,0.003036
10,KACTL,17,0.047188
10,393435,18,0.004378
10,ours-406478,18,0.002956
10,KACTL,18,0.047248
10,simd-v0,18,0.008065
10,ours-406478,19,0.002946
10,KACTL,19,0.047057
10,simd-v0,19,0.008075
10,393435,19,0.004378
10,KACTL,20,0.047168
10,simd-v0,20,0.008075
10,393435,20,0.004378
10,ours-406478,20,0.002995
10,simd-v0,21,0.008155
10,393435,21,0.004388
10,ours-406478,21,0.002976
10,KACTL,21,0.047098
10,393435,22,0.004458
10,ours-406478,22,0.002985
10,KACTL,22,0.047218
10,simd-v0,22,0.008135
10,ours-406478,23,0.002955
10,KACTL,23,0.047138
10,simd-v0,23,0.008135
10,393435,23,0.004399
10,KACTL,24,0.047197
10,simd-v0,24,0.008066
10,393435,24,0.004378
10,ours-406478,24,0.002965
10,simd-v0,25,0.008095
10,393435,25,0.004429
10,ours-406478,25,0.002976
10,KACTL,25,0.047148
10,393435,26,0.004388
10,ours-406478,26,0.002966
10,KACTL,26,0.047198
10,simd-v0,26,0.008055
10,ours-406478,27,0.002946
10,KACTL,27,0.047087
10,simd-v0,27,0.008065
10,393435,27,0.004408
10,KACTL,28,0.047178
10,simd-v0,28,0.008065
10,393435,28,0.004388
10,ours-406478,28,0.002975
10,simd-v0,29,0.008086
10,393435,29,0.004438
10,ours-406478,29,0.002955
10,KACTL,29,0.055974
10,393435,30,0.004468
10,ours-406478,30,0.002976
10,KACTL,30,0.047177
10,simd-v0,30,0.008116
10,ours-406478,31,0.002955
10,KACTL,31,0.047168
10,simd-v0,31,0.008075
10,393435,31,0.004439
10,KACTL,32,0.047188
10,simd-v0,32,0.008065
10,393435,32,0.004428
10,ours-406478,32,0.002966
10,simd-v0,33,0.008085
10,393435,33,0.004419
10,ours-406478,33,0.002966
10,KACTL,33,0.047158
10,393435,34,0.004418
10,ours-406478,34,0.002966
10,KACTL,34,0.047107
10,simd-v0,34,0.008085
10,ours-406478,35,0.002956
10,KACTL,35,0.047118
10,simd-v0,35,0.008095
10,393435,35,0.004428
10,KACTL,36,0.047158
10,simd-v0,36,0.008065
10,393435,36,0.004388
10,ours-406478,36,0.002975
10,simd-v0,37,0.008155
10,393435,37,0.004399
10,ours-406478,37,0.002975
10,KACTL,37,0.047118
10,393435,38,0.004458
10,ours-406478,38,0.002986
10,KACTL,38,0.047158
10,simd-v0,38,0.008075
10,ours-406478,39,0.003036
10,KACTL,39,0.047087
10,simd-v0,39,0.008075
10,393435,39,0.004519
10,KACTL,40,0.047147
10,simd-v0,40,0.008055
10,393435,40,0.004458
10,ours-406478,40,0.002975
10,simd-v0,41,0.008055
10,393435,41,0.004358
10,ours-406478,41,0.002976
10,KACTL,41,0.047268
10,393435,42,0.004418
10,ours-406478,42,0.002946
10,KACTL,42,0.047248
10,simd-v0,42,0.008065
10,ours-406478,43,0.002945
10,KACTL,43,0.047078
10,simd-v0,43,0.008105
10,393435,43,0.004388
10,KACTL,44,0.055774
10,simd-v0,44,0.008095
10,393435,44,0.004439
10,ours-406478,44,0.003146
10,simd-v0,45,0.008215
10,393435,45,0.004398
10,ours-406478,45,0.002976
10,KACTL,45,0.047188
10,393435,46,0.004439
10,ours-406478,46,0.002976
10,KACTL,46,0.047118
10,simd-v0,46,0.008145
10,ours-406478,47,0.002955
10,KACTL,47,0.047167
10,simd-v0,47,0.008145
10,393435,47,0.004409
10,KACTL,48,0.047168
10,simd-v0,48,0.008135
10,393435,48,0.004398
10,ours-406478,48,0.002966
10,simd-v0,49,0.008085
10,393435,49,0.004408
10,ours-406478,49,0.002965
10,KACTL,49,0.047108
10,393435,50,0.004418
10,ours-406478,50,0.002986
10,KACTL,50,0.047138
10,simd-v0,50,0.008075
10,ours-406478,51,0.002955
10,KACTL,51,0.047098
10,simd-v0,51,0.008075
10,393435,51,0.004408
10,KACTL,52,0.047208
10,simd-v0,52,0.008065
10,393435,52,0.004399
10,ours-406478,52,0.002975
10,simd-v0,53,0.008075
10,393435,53,0.004408
10,ours-406478,53,0.002966
10,KACTL,53,0.047178
10,393435,54,0.004418
10,ours-406478,54,0.002995
10,KACTL,54,0.047208
10,simd-v0,54,0.008065
10,ours-406478,55,0.002976
10,KACTL,55,0.047148
10,simd-v0,55,0.008075
10,393435,55,0.004408
10,KACTL,56,0.047208
10,simd-v0,56,0.008055
10,393435,56,0.004388
10,ours-406478,56,0.002996
10,simd-v0,57,0.008075
10,393435,57,0.004398
10,ours-406478,57,0.002976
10,KACTL,57,0.047167
10,393435,58,0.004429
10,ours-406478,58,0.002966
10,KACTL,58,0.047148
10,simd-v0,58,0.008075
10,ours-406478,59,0.002955
10,KACTL,59,0.062236
10,simd-v0,59,0.008105
10,393435,59,0.004448
10,KACTL,60,0.047198
10,simd-v0,60,0.008085
10,393435,60,0.004428
10,ours-406478,60,0.004609
10,simd-v0,61,0.008065
10,393435,61,0.004428
10,ours-406478,61,0.002985
10,KACTL,61,0.047168
10,393435,62,0.004429
10,ours-406478,62,0.002966
10,KACTL,62,0.047148
10,simd-v0,62,0.008065
10,ours-406478,63,0.002956
10,KACTL,63,0.047158
10,simd-v0,63,0.008055
10,393435,63,0.004428
10,KACTL,64,0.047278
10,simd-v0,64,0.008096
10,393435,64,0.004398
10,ours-406478,64,0.002966
10,simd-v0,65,0.008075
10,393435,65,0.004428
10,ours-406478,65,0.002986
10,KACTL,65,0.047058
10,393435,66,0.004428
10,ours-406478,66,0.002955
10,KACTL,66,0.047128
10,simd-v0,66,0.008075
10,ours-406478,67,0.002956
10,KACTL,67,0.047128
10,simd-v0,67,0.008064
10,393435,67,0.004389
10,KACTL,68,0.047178
10,simd-v0,68,0.008075
10,393435,68,0.004348
10,ours-406478,68,0.002965
10,simd-v0,69,0.008065
10,393435,69,0.004418
10,ours-406478,69,0.002996
10,KACTL,69,0.047128
10,393435,70,0.004398
10,ours-406478,70,0.002965
10,KACTL,70,0.047068
10,simd-v0,70,0.008065
10,ours-406478,71,0.002946
10,KACTL,71,0.047117
10,simd-v0,71,0.008055
10,393435,71,0.004449
10,KACTL,72,0.047208
10,simd-v0,72,0.008065
10,393435,72,0.004409
10,ours-406478,72,0.002975
10,simd-v0,73,0.008085
10,393435,73,0.004409
10,ours-406478,73,0.002975
10,KACTL,73,0.047208
10,393435,74,0.004448
10,ours-406478,74,0.002966
10,KACTL,74,0.058729
10,simd-v0,74,0.008126
10,ours-406478,75,0.002995
10,KACTL,75,0.047048
10,simd-v0,75,0.008075
10,393435,75,0.004469
10,KACTL,76,0.047168
10,simd-v0,76,0.008096
10,393435,76,0.004398
10,ours-406478,76,0.003046
10,simd-v0,77,0.008065
10,393435,77,0.004358
10,ours-406478,77,0.002996
10,KACTL,77,0.047168
10,393435,78,0.004458
10,ours-406478,78,0.002955
10,KACTL,78,0.047257
10,simd-v0,78,0.008065
10,ours-406478,79,0.002945
10,KACTL,79,0.047118
10,simd-v0,79,0.008095
10,393435,79,0.004398
10,KACTL,80,0.047228
10,simd-v0,80,0.008135
10,393435,80,0.004369
10,ours-406478,80,0.002966
10,simd-v0,81,0.008055
10,393435,81,0.004398
10,ours-406478,81,0.002976
10,KACTL,81,0.047148
10,393435,82,0.004399
10,ours-406478,82,0.002975
10,KACTL,82,0.047158
10,simd-v0,82,0.008095
10,ours-406478,83,0.002956
10,KACTL,83,0.047138
10,simd-v0,83,0.008095
10,393435,83,0.004408
10,KACTL,84,0.047178
10,simd-v0,84,0.008075
10,393435,84,0.004378
10,ours-406478,84,0.002985
10,simd-v0,85,0.008086
10,393435,85,0.004409
10,ours-406478,85,0.002965
10,KACTL,85,0.047138
10,393435,86,0.004388
10,ours-406478,86,0.002986
10,KACTL,86,0.047128
10,simd-v0,86,0.008075
10,ours-406478,87,0.002945
10,KACTL,87,0.047148
10,simd-v0,87,0.008075
10,393435,87,0.004418
10,KACTL,88,0.047158
10,simd-v0,88,0.008065
10,393435,88,0.004398
10,ours-406478,88,0.002996
10,simd-v0,89,0.008095
10,393435,89,0.004378
10,ours-406478,89,0.002985
10,KACTL,89,0.057998
10,393435,90,0.004418
10,ours-406478,90,0.002986
10,KACTL,90,0.047118
10,simd-v0,90,0.008215
10,ours-406478,91,0.002956
10,KACTL,91,0.047168
10,simd-v0,91,0.008156
10,393435,91,0.004408
10,KACTL,92,0.047118
10,simd-v0,92,0.008165
10,393435,92,0.004418
10,ours-406478,92,0.002986
10,simd-v0,93,0.008046
10,393435,93,0.004428
10,ours-406478,93,0.002965
10,KACTL,93,0.047118
10,393435,94,0.004378
10,ours-406478,94,0.002976
10,KACTL,94,0.047148
10,simd-v0,94,0.008075
10,ours-406478,95,0.002935
10,KACTL,95,0.047178
10,simd-v0,95,0.008095
10,393435,95,0.004408
10,KACTL,96,0.047248
10,simd-v0,96,0.008085
10,393435,96,0.004399
10,ours-406478,96,0.002966
10,simd-v0,97,0.008055
10,393435,97,0.004398
10,ours-406478,97,0.002946
10,KACTL,97,0.047137
10,393435,98,0.004409
10,ours-406478,98,0.002966
10,KACTL,98,0.047158
10,simd-v0,98,0.008075
10,ours-406478,99,0.002945
10,KACTL,99,0.050344
10,simd-v0,99,0.008075
10,393435,99,0.004418
10,KACTL,100,0.047228
10,simd-v0,100,0.008055
10,393435,100,0.004398
10,ours-406478,100,0.002965
10,simd-v0,101,0.008066
10,393435,101,0.004418
10,ours-406478,101,0.002965
10,KACTL,101,0.047108
10,393435,102,0.004399
10,ours-406478,102,0.002976
10,KACTL,102,0.047198
10,simd-v0,102,0.008075
10,ours-406478,103,0.002976
10,KACTL,103,0.047239
10,simd-v0,103,0.008064
10,393435,103,0.004389
10,KACTL,104,0.047218
10,simd-v0,104,0.008045
10,393435,104,0.004368
10,ours-406478,104,0.012984
10,simd-v0,105,0.008186
10,393435,105,0.004408
10,ours-406478,105,0.002975
10,KACTL,105,0.047128
10,393435,106,0.004408
10,ours-406478,106,0.002966
10,KACTL,106,0.047138
10,simd-v0,106,0.008165
10,ours-406478,107,0.002965
10,KACTL,107,0.047168
10,simd-v0,107,0.008156
10,393435,107,0.004419
10,KACTL,108,0.047348
10,simd-v0,108,0.008165
10,393435,108,0.004389
10,ours-406478,108,0.002976
10,simd-v0,109,0.008095
10,393435,109,0.004398
10,ours-406478,109,0.002975
10,KACTL,109,0.047208
10,393435,110,0.004409
10,ours-406478,110,0.003005
10,KACTL,110,0.047208
10,simd-v0,110,0.008075
10,ours-406478,111,0.002936
10,KACTL,111,0.047208
10,simd-v0,111,0.008085
10,393435,111,0.004408
10,KACTL,112,0.047128
10,simd-v0,112,0.008075
10,393435,112,0.004408
10,ours-406478,112,0.002976
10,simd-v0,113,0.008055
10,393435,113,0.004408
10,ours-406478,113,0.002975
10,KACTL,113,0.047088
10,393435,114,0.004368
10,ours-406478,114,0.002976
10,KACTL,114,0.047068
10,simd-v0,114,0.008086
10,ours-406478,115,0.002955
10,KACTL,115,0.047138
10,simd-v0,115,0.008095
10,393435,115,0.004428
10,KACTL,116,0.047278
10,simd-v0,116,0.008075
10,393435,116,0.004408
10,ours-406478,116,0.002955
10,simd-v0,117,0.008045
10,393435,117,0.004378
10,ours-406478,117,0.002976
10,KACTL,117,0.047188
10,393435,118,0.004419
10,ours-406478,118,0.002965
10,KACTL,118,0.047118
10,simd-v0,118,0.008085
10,ours-406478,119,0.002965
10,KACTL,119,0.047258
10,simd-v0,119,0.008095
10,393435,119,0.004388
10,KACTL,120,0.060613
10,simd-v0,120,0.008106
10,393435,120,0.004519
10,ours-406478,120,0.003056
10,simd-v0,121,0.008076
10,393435,121,0.004398
10,ours-406478,121,0.002965
10,KACTL,121,0.047188
10,393435,122,0.004429
10,ours-406478,122,0.002976
10,KACTL,122,0.047308
10,simd-v0,122,0.008155
10,ours-406478,123,0.002976
10,KACTL,123,0.047108
10,simd-v0,123,0.008135
10,393435,123,0.004418
10,KACTL,124,0.047198
10,simd-v0,124,0.008165
10,393435,124,0.004388
10,ours-406478,124,0.002976
10,simd-v0,125,0.008085
10,393435,125,0.004388
10,ours-406478,125,0.002965
10,KACTL,125,0.047098
10,393435,126,0.004399
10,ours-406478,126,0.002976
10,KACTL,126,0.047188
10,simd-v0,126,0.008065
10,ours-406478,127,0.002945
10,KACTL,127,0.047147
10,simd-v0,127,0.008075
10,393435,127,0.004388
10,KACTL,128,0.047217
10,simd-v0,128,0.008055
10,393435,128,0.004388
10,ours-406478,128,0.002975
10,simd-v0,129,0.008064
10,393435,129,0.004388
10,ours-406478,129,0.002975
10,KACTL,129,0.047348
10,393435,130,0.004418
10,ours-406478,130,0.002976
10,KACTL,130,0.047097
10,simd-v0,130,0.008095
10,ours-406478,131,0.002945
10,KACTL,131,0.047108
10,simd-v0,131,0.008135
10,393435,131,0.004499
10,KACTL,132,0.047127
10,simd-v0,132,0.008085
10,393435,132,0.004438
10,ours-406478,132,0.002996
10,simd-v0,133,0.008066
10,393435,133,0.004418
10,ours-406478,133,0.002975
10,KACTL,133,0.047098
10,393435,134,0.004398
10,ours-406478,134,0.002976
10,KACTL,134,0.047188
10,simd-v0,134,0.008065
10,ours-406478,135,0.002975
10,KACTL,135,0.057407
10,simd-v0,135,0.008085
10,393435,135,0.004558
10,KACTL,136,0.047158
10,simd-v0,136,0.008085
10,393435,136,0.004479
10,ours-406478,136,0.002996
10,simd-v0,137,0.008065
10,393435,137,0.004418
10,ours-406478,137,0.002986
10,KACTL,137,0.047168
10,393435,138,0.004398
10,ours-406478,138,0.002975
10,KACTL,138,0.047228
10,simd-v0,138,0.008065
10,ours-406478,139,0.002956
10,KACTL,139,0.047238
10,simd-v0,139,0.008065
10,393435,139,0.004398
10,KACTL,140,0.047138
10,simd-v0,140,0.008045
10,393435,140,0.004398
10,ours-406478,140,0.002996
10,simd-v0,141,0.008075
10,393435,141,0.004448
10,ours-406478,141,0.002965
10,KACTL,141,0.047137
10,393435,142,0.004408
10,ours-406478,142,0.002986
10,KACTL,142,0.047218
10,simd-v0,142,0.008085
10,ours-406478,143,0.002956
10,KACTL,143,0.047137
10,simd-v0,143,0.008075
10,393435,143,0.004388
10,KACTL,144,0.047148
10,simd-v0,144,0.008055
10,393435,144,0.004438
10,ours-406478,144,0.002965
10,simd-v0,145,0.008085
10,393435,145,0.004458
10,ours-406478,145,0.002956
10,KACTL,145,0.047198
10,393435,146,0.004469
10,ours-406478,146,0.002986
10,KACTL,146,0.047238
10,simd-v0,146,0.008075
10,ours-406478,147,0.002976
10,KACTL,147,0.047088
10,simd-v0,147,0.008095
10,393435,147,0.004399
10,KACTL,148,0.047137
10,simd-v0,148,0.008075
10,393435,148,0.004378
10,ours-406478,148,0.002966
10,simd-v0,149,0.008085
10,393435,149,0.004408
10,ours-406478,149,0.002966
10,KACTL,149,0.047127
10,393435,150,0.004418
10,ours-406478,150,0.003015
10,KACTL,150,0.056385
10,simd-v0,150,0.008085
10,ours-406478,151,0.002975
10,KACTL,151,0.047177
10,simd-v0,151,0.008075
10,393435,151,0.004469
10,KACTL,152,0.047168
10,simd-v0,152,0.008075
10,393435,152,0.004368
10,ours-406478,152,0.003055
10,simd-v0,153,0.008055
10,393435,153,0.004379
10,ours-406478,153,0.002965
10,KACTL,153,0.047158
10,393435,154,0.004428
10,ours-406478,154,0.002976
10,KACTL,154,0.047148
10,simd-v0,154,0.008075
10,ours-406478,155,0.002935
10,KACTL,155,0.047158
10,simd-v0,155,0.008145
10,393435,155,0.004419
10,KACTL,156,0.047239
10,simd-v0,156,0.008166
10,393435,156,0.004388
10,ours-406478,156,0.002965
10,simd-v0,157,0.008045
10,393435,157,0.004388
10,ours-406478,157,0.002976
10,KACTL,157,0.047138
10,393435,158,0.004408
10,ours-406478,158,0.002976
10,KACTL,158,0.047157
10,simd-v0,158,0.008066
10,ours-406478,159,0.002956
10,KACTL,159,0.047108
10,simd-v0,159,0.008065
10,393435,159,0.004398
10,KACTL,160,0.047188
10,simd-v0,160,0.008075
10,393435,160,0.004368
10,ours-406478,160,0.002986
10,simd-v0,161,0.008076
10,393435,161,0.004398
10,ours-406478,161,0.002955
10,KACTL,161,0.047108
10,393435,162,0.004368
10,ours-406478,162,0.002976
10,KACTL,162,0.047238
10,simd-v0,162,0.008065
10,ours-406478,163,0.002965
10,KACTL,163,0.047118
10,simd-v0,163,0.008075
10,393435,163,0.004408
10,KACTL,164,0.047248
10,simd-v0,164,0.008055
10,393435,164,0.004378
10,ours-406478,164,0.002986
10,simd-v0,165,0.008085
10,393435,165,0.004418
10,ours-406478,165,0.002966
10,KACTL,165,0.055543
10,393435,166,0.004448
10,ours-406478,166,0.002965
10,KACTL,166,0.047228
10,simd-v0,166,0.008116
10,ours-406478,167,0.002985
10,KACTL,167,0.047048
10,simd-v0,167,0.008095
10,393435,167,0.004398
10,KACTL,168,0.047098
10,simd-v0,168,0.008085
10,393435,168,0.004398
10,ours-406478,168,0.002975
10,simd-v0,169,0.008166
10,393435,169,0.004408
10,ours-406478,169,0.002955
10,KACTL,169,0.047138
10,393435,170,0.004448
10,ours-406478,170,0.002986
10,KACTL,170,0.047218
10,simd-v0,170,0.008165
10,ours-406478,171,0.002996
10,KACTL,171,0.047218
10,simd-v0,171,0.008165
10,393435,171,0.004398
10,KACTL,172,0.047108
10,simd-v0,172,0.008145
10,393435,172,0.004408
10,ours-406478,172,0.002986
10,simd-v0,173,0.008085
10,393435,173,0.004388
10,ours-406478,173,0.002996
10,KACTL,173,0.047208
10,393435,174,0.004458
10,ours-406478,174,0.002965
10,KACTL,174,0.047238
10,simd-v0,174,0.008105
10,ours-406478,175,0.002946
10,KACTL,175,0.047097
10,simd-v0,175,0.008096
10,393435,175,0.004418
10,KACTL,176,0.047348
10,simd-v0,176,0.008085
10,393435,176,0.004358
10,ours-406478,176,0.002956
10,simd-v0,177,0.008085
10,393435,177,0.004408
10,ours-406478,177,0.002975
10,KACTL,177,0.047229
10,393435,178,0.004399
10,ours-406478,178,0.002966
10,KACTL,178,0.047188
10,simd-v0,178,0.008055
10,ours-406478,179,0.002956
10,KACTL,179,0.047179
10,simd-v0,179,0.008084
10,393435,179,0.004389
10,KACTL,180,0.047208
10,simd-v0,180,0.008075
10,393435,180,0.004408
10,ours-406478,180,0.002965
10,simd-v0,181,0.008065
10,393435,181,0.018134
10,ours-406478,181,0.003035
10,KACTL,181,0.047288
10,393435,182,0.004508
10,ours-406478,182,0.002975
10,KACTL,182,0.047128
10,simd-v0,182,0.008236
10,ours-406478,183,0.002965
10,KACTL,183,0.047108
10,simd-v0,183,0.008075
10,393435,183,0.004468
10,KACTL,184,0.047299
10,simd-v0,184,0.008075
10,393435,184,0.004488
10,ours-406478,184,0.002965
10,simd-v0,185,0.008086
10,393435,185,0.004408
10,ours-406478,185,0.002975
10,KACTL,185,0.047148
10,393435,186,0.004429
10,ours-406478,186,0.002966
10,KACTL,186,0.047148
10,simd-v0,186,0.008065
10,ours-406478,187,0.002975
10,KACTL,187,0.047158
10,simd-v0,187,0.008065
10,393435,187,0.004428
10,KACTL,188,0.047168
10,simd-v0,188,0.008075
10,393435,188,0.004369
10,ours-406478,188,0.002976
10,simd-v0,189,0.008055
10,393435,189,0.004398
10,ours-406478,189,0.002966
10,KACTL,189,0.047088
10,393435,190,0.004429
10,ours-406478,190,0.002975
10,KACTL,190,0.047288
10,simd-v0,190,0.008085
10,ours-406478,191,0.002976
10,KACTL,191,0.047088
10,simd-v0,191,0.008095
10,393435,191,0.004399
10,KACTL,192,0.047138
10,simd-v0,192,0.008075
10,393435,192,0.004378
10,ours-406478,192,0.002965
10,simd-v0,193,0.008065
10,393435,193,0.004378
10,ours-406478,193,0.003006
10,KACTL,193,0.047118
10,393435,194,0.004388
10,ours-406478,194,0.002955
10,KACTL,194,0.047219
10,simd-v0,194,0.008075
10,ours-406478,195,0.002956
10,KACTL,195,0.047088
10,simd-v0,195,0.008065
10,393435,195,0.004368
10,KACTL,196,0.060473
10,simd-v0,196,0.008085
10,393435,196,0.004448
10,ours-406478,196,0.002996
10,simd-v0,197,0.008185
10,393435,197,0.004398
10,ours-406478,197,0.002986
10,KACTL,197,0.047098
10,393435,198,0.004478
10,ours-406478,198,0.002965
10,KACTL,198,0.047078
10,simd-v0,198,0.008156
10,ours-406478,199,0.002956
10,KACTL,199,0.047078
10,simd-v0,199,0.008055
10,393435,199,0.004488
10,KACTL,200,0.047228
10,simd-v0,200,0.008065
10,393435,200,0.004468
10,ours-406478,200,0.002985
10,simd-v0,201,0.008075
10,393435,201,0.004388
10,ours-406478,201,0.002976
10,KACTL,201,0.047128
10,393435,202,0.004438
10,ours-406478,202,0.002975
10,KACTL,202,0.047258
10,simd-v0,202,0.008086
10,ours-406478,203,0.002975
10,KACTL,203,0.047118
10,simd-v0,203,0.008075
10,393435,203,0.004408
10,KACTL,204,0.047288
10,simd-v0,204,0.008085
10,393435,204,0.004368
10,ours-406478,204,0.002986
10,simd-v0,205,0.008075
10,393435,205,0.004418
10,ours-406478,205,0.002966
10,KACTL,205,0.047208
10,393435,206,0.004389
10,ours-406478,206,0.002965
10,KACTL,206,0.047178
10,simd-v0,206,0.008075
10,ours-406478,207,0.002966
10,KACTL,207,0.047067
10,simd-v0,207,0.008065
10,393435,207,0.004429
10,KACTL,208,0.047228
10,simd-v0,208,0.008064
10,393435,208,0.004389
10,ours-406478,208,0.002985
10,simd-v0,209,0.008085
10,393435,209,0.004368
10,ours-406478,209,0.002966
10,KACTL,209,0.047098
10,393435,210,0.004398
10,ours-406478,210,0.002985
10,KACTL,210,0.047168
10,simd-v0,210,0.008085
10,ours-406478,211,0.002946
10,KACTL,211,0.056495
10,simd-v0,211,0.008105
10,393435,211,0.004429
10,KACTL,212,0.047198
10,simd-v0,212,0.008075
10,393435,212,0.004388
10,ours-406478,212,0.002985
10,simd-v0,213,0.008095
10,393435,213,0.004399
10,ours-406478,213,0.002985
10,KACTL,213,0.047168
10,393435,214,0.004448
10,ours-406478,214,0.002955
10,KACTL,214,0.047198
10,simd-v0,214,0.008055
10,ours-406478,215,0.003046
10,KACTL,215,0.047108
10,simd-v0,215,0.008075
10,393435,215,0.004438
10,KACTL,216,0.047249
10,simd-v0,216,0.008205
10,393435,216,0.004418
10,ours-406478,216,0.003026
10,simd-v0,217,0.008085
10,393435,217,0.004418
10,ours-406478,217,0.002976
10,KACTL,217,0.047117
10,393435,218,0.004408
10,ours-406478,218,0.002995
10,KACTL,218,0.047188
10,simd-v0,218,0.008075
10,ours-406478,219,0.002956
10,KACTL,219,0.047158
10,simd-v0,219,0.008045
10,393435,219,0.004408
10,KACTL,220,0.047218
10,simd-v0,220,0.008065
10,393435,220,0.004378
10,ours-406478,220,0.002975
10,simd-v0,221,0.008075
10,393435,221,0.004378
10,ours-406478,221,0.002995
10,KACTL,221,0.047048
10,393435,222,0.004418
10,ours-406478,222,0.002996
10,KACTL,222,0.047148
10,simd-v0,222,0.008075
10,ours-406478,223,0.002965
10,KACTL,223,0.047168
10,simd-v0,223,0.008075
10,393435,223,0.004378
10,KACTL,224,0.047228
10,simd-v0,224,0.008075
10,393435,224,0.004399
10,ours-406478,224,0.002986
10,simd-v0,225,0.008095
10,393435,225,0.004388
10,ours-406478,225,0.002966
10,KACTL,225,0.047047
10,393435,226,0.004429
10,ours-406478,226,0.003005
10,KACTL,226,0.057447
10,simd-v0,226,0.008105
10,ours-406478,227,0.002966
10,KACTL,227,0.047128
10,simd-v0,227,0.008095
10,393435,227,0.004419
10,KACTL,228,0.047198
10,simd-v0,228,0.008085
10,393435,228,0.004408
10,ours-406478,228,0.002956
10,simd-v0,229,0.008064
10,393435,229,0.004408
10,ours-406478,229,0.002965
10,KACTL,229,0.047148
10,393435,230,0.004408
10,ours-406478,230,0.002956
10,KACTL,230,0.047228
10,simd-v0,230,0.008145
10,ours-406478,231,0.002955
10,KACTL,231,0.047128
10,simd-v0,231,0.008155
10,393435,231,0.004409
10,KACTL,232,0.047177
10,simd-v0,232,0.008175
10,393435,232,0.004438
10,ours-406478,232,0.002956
10,simd-v0,233,0.008076
10,393435,233,0.004408
10,ours-406478,233,0.002976
10,KACTL,233,0.047158
10,393435,234,0.004398
10,ours-406478,234,0.002966
10,KACTL,234,0.047138
10,simd-v0,234,0.008086
10,ours-406478,235,0.002965
10,KACTL,235,0.047288
10,simd-v0,235,0.008075
10,393435,235,0.004369
10,KACTL,236,0.047168
10,simd-v0,236,0.008075
10,393435,236,0.004398
10,ours-406478,236,0.002955
10,simd-v0,237,0.008055
10,393435,237,0.004408
10,ours-406478,237,0.002956
10,KACTL,237,0.047178
10,393435,238,0.004388
10,ours-406478,238,0.002985
10,KACTL,238,0.047238
10,simd-v0,238,0.008075
10,ours-406478,239,0.002956
10,KACTL,239,0.047188
10,simd-v0,239,0.008085
10,393435,239,0.004388
10,KACTL,240,0.047188
10,simd-v0,240,0.008075
10,393435,240,0.004418
10,ours-406478,240,0.002976
10,simd-v0,241,0.008075
10,393435,241,0.004438
10,ours-406478,241,0.002985
10,KACTL,241,0.047078
10,393435,242,0.004399
10,ours-406478,242,0.011492
10,KACTL,242,0.047228
10,simd-v0,242,0.008106
10,ours-406478,243,0.002986
10,KACTL,243,0.047128
10,simd-v0,243,0.008065
10,393435,243,0.004448
10,KACTL,244,0.047198
10,simd-v0,244,0.008055
10,393435,244,0.004398
10,ours-406478,244,0.002976
10,simd-v0,245,0.008165
10,393435,245,0.004408
10,ours-406478,245,0.002966
10,KACTL,245,0.047178
10,393435,246,0.004479
10,ours-406478,246,0.002976
10,KACTL,246,0.047228
10,simd-v0,246,0.008086
10,ours-406478,247,0.002955
10,KACTL,247,0.047068
10,simd-v0,247,0.008085
10,393435,247,0.004458
10,KACTL,248,0.047208
10,simd-v0,248,0.008065
10,393435,248,0.004469
10,ours-406478,248,0.002976
10,simd-v0,249,0.008065
10,393435,249,0.004398
10,ours-406478,249,0.002956
10,KACTL,249,0.047188
10,393435,250,0.004418
10,ours-406478,250,0.002955
10,KACTL,250,0.047158
10,simd-v0,250,0.008085
10,ours-406478,251,0.002966
10,KACTL,251,0.049793
10,simd-v0,251,0.008085
10,393435,251,0.004398
10,KACTL,252,0.047108
10,simd-v0,252,0.008095
10,393435,252,0.004398
10,ours-406478,252,0.002996
10,simd-v0,253,0.008075
10,393435,253,0.004418
10,ours-406478,253,0.002956
10,KACTL,253,0.047159
10,393435,254,0.004398
10,ours-406478,254,0.002945
10,KACTL,254,0.047118
10,simd-v0,254,0.008075
10,ours-406478,255,0.002955
10,KACTL,255,0.047137
10,simd-v0,255,0.008085
10,393435,255,0.004409
10,KACTL,256,0.047167
10,simd-v0,256,0.008085
10,393435,256,0.004388
10,ours-406478,256,0.002955
10,simd-v0,257,0.008055
10,393435,257,0.004418
10,ours-406478,257,0.002966
10,KACTL,257,0.047449
10,393435,258,0.004479
10,ours-406478,258,0.003146
10,KACTL,258,0.047108
10,simd-v0,258,0.008135
10,ours-406478,259,0.002965
10,KACTL,259,0.047167
10,simd-v0,259,0.008075
10,393435,259,0.004419
10,KACTL,260,0.047117
10,simd-v0,260,0.008064
10,393435,260,0.004368
10,ours-406478,260,0.003056
10,simd-v0,261,0.008075
10,393435,261,0.004398
10,ours-406478,261,0.002966
10,KACTL,261,0.047248
10,393435,262,0.004408
10,ours-406478,262,0.002966
10,KACTL,262,0.047128
10,simd-v0,262,0.008084
10,ours-406478,263,0.002965
10,KACTL,263,0.047188
10,simd-v0,263,0.008145
10,393435,263,0.004408
10,KACTL,264,0.047078
10,simd-v0,264,0.008095
10,393435,264,0.004438
10,ours-406478,264,0.002975
10,simd-v0,265,0.008055
10,393435,265,0.004398
10,ours-406478,265,0.002956
10,KACTL,265,0.047168
10,393435,266,0.004398
10,ours-406478,266,0.002955
10,KACTL,266,0.047118
10,simd-v0,266,0.008075
10,ours-406478,267,0.002946
10,KACTL,267,0.047107
10,simd-v0,267,0.008084
10,393435,267,0.004429
10,KACTL,268,0.047148
10,simd-v0,268,0.008075
10,393435,268,0.004408
10,ours-406478,268,0.002995
10,simd-v0,269,0.008045
10,393435,269,0.004428
10,ours-406478,269,0.002965
10,KACTL,269,0.047248
10,393435,270,0.004428
10,ours-406478,270,0.002956
10,KACTL,270,0.047138
10,simd-v0,270,0.008065
10,ours-406478,271,0.002955
10,KACTL,271,0.047148
10,simd-v0,271,0.008085
10,393435,271,0.004418
10,KACTL,272,0.056064
10,simd-v0,272,0.008085
10,393435,272,0.004438
10,ours-406478,272,0.002996
10,simd-v0,273,0.008065
10,393435,273,0.004418
10,ours-406478,273,0.002976
10,KACTL,273,0.047108
10,393435,274,0.004398
10,ours-406478,274,0.002966
10,KACTL,274,0.047168
10,simd-v0,274,0.008075
10,ours-406478,275,0.002945
10,KACTL,275,0.047148
10,simd-v0,275,0.008075
10,393435,275,0.004378
10,KACTL,276,0.047138
10,simd-v0,276,0.008055
10,393435,276,0.004408
10,ours-406478,276,0.002996
10,simd-v0,277,0.008076
10,393435,277,0.004428
10,ours-406478,277,0.002965
10,KACTL,277,0.047157
10,393435,278,0.004419
10,ours-406478,278,0.002976
10,KACTL,278,0.047088
10,simd-v0,278,0.008155
10,ours-406478,279,0.002966
10,KACTL,279,0.047248
10,simd-v0,279,0.008145
10,393435,279,0.004438
10,KACTL,280,0.047148
10,simd-v0,280,0.008135
10,393435,280,0.004378
10,ours-406478,280,0.002966
10,simd-v0,281,0.008085
10,393435,281,0.004408
10,ours-406478,281,0.002985
10,KACTL,281,0.047178
10,393435,282,0.004408
10,ours-406478,282,0.002975
10,KACTL,282,0.047088
10,simd-v0,282,0.008075
10,ours-406478,283,0.002935
10,KACTL,283,0.047197
10,simd-v0,283,0.008075
10,393435,283,0.004389
10,KACTL,284,0.047108
10,simd-v0,284,0.008065
10,393435,284,0.004389
10,ours-406478,284,0.002976
10,simd-v0,285,0.008075
10,393435,285,0.004408
10,ours-406478,285,0.002966
10,KACTL,285,0.047158
10,393435,286,0.004419
10,ours-406478,286,0.002955
10,KACTL,286,0.047108
10,simd-v0,286,0.008065
10,ours-406478,287,0.002966
10,KACTL,287,0.047228
10,simd-v0,287,0.016851
10,393435,287,0.004458
10,KACTL,288,0.047990
10,simd-v0,288,0.008115
10,393435,288,0.004419
10,ours-406478,288,0.003015
10,simd-v0,289,0.008065
10,393435,289,0.004418
10,ours-406478,289,0.002985
10,KACTL,289,0.047248
10,393435,290,0.004449
10,ours-406478,290,0.002956
10,KACTL,290,0.047118
10,simd-v0,290,0.008075
10,ours-406478,291,0.002945
10,KACTL,291,0.047188
10,simd-v0,291,0.008104
10,393435,291,0.004418
10,KACTL,292,0.047118
10,simd-v0,292,0.008095
10,393435,292,0.004379
10,ours-406478,292,0.002975
10,simd-v0,293,0.008145
10,393435,293,0.004408
10,ours-406478,293,0.002976
10,KACTL,293,0.047208
10,393435,294,0.004468
10,ours-406478,294,0.003006
10,KACTL,294,0.047158
10,simd-v0,294,0.008145
10,ours-406478,295,0.002945
10,KACTL,295,0.047188
10,simd-v0,295,0.008086
10,393435,295,0.004418
10,KACTL,296,0.047178
10,simd-v0,296,0.008085
10,393435,296,0.004438
10,ours-406478,296,0.002966
10,simd-v0,297,0.008055
10,393435,297,0.004369
10,ours-406478,297,0.002965
10,KACTL,297,0.047178
10,393435,298,0.004388
10,ours-406478,298,0.002986
10,KACTL,298,0.047228
10,simd-v0,298,0.008055
10,ours-406478,299,0.002955
10,KACTL,299,0.047188
10,simd-v0,299,0.008085
10,393435,299,0.004419
10,KACTL,300,0.047198
10,simd-v0,300,0.008096
10,393435,300,0.004439
10,ours-406478,300,0.002985
10,simd-v0,301,0.008085
10,393435,301,0.004418
10,ours-406478,301,0.002946
10,KACTL,301,0.047178
10,393435,302,0.004448
10,ours-406478,302,0.002976
10,KACTL,302,0.047118
10,simd-v0,302,0.008064
10,ours-406478,303,0.012414
10,KACTL,303,0.047238
10,simd-v0,303,0.008105
10,393435,303,0.004468
10,KACTL,304,0.047128
10,simd-v0,304,0.008055
10,393435,304,0.004398
10,ours-406478,304,0.002995
10,simd-v0,305,0.008075
10,393435,305,0.004479
10,ours-406478,305,0.002976
10,KACTL,305,0.047138
10,393435,306,0.004398
10,ours-406478,306,0.002956
10,KACTL,306,0.047068
10,simd-v0,306,0.008095
10,ours-406478,307,0.002966
10,KACTL,307,0.047188
10,simd-v0,307,0.008095
10,393435,307,0.004408
10,KACTL,308,0.047047
10,simd-v0,308,0.008085
10,393435,308,0.004408
10,ours-406478,308,0.002986
10,simd-v0,309,0.008045
10,393435,309,0.004398
10,ours-406478,309,0.002985
10,KACTL,309,0.047168
10,393435,310,0.004399
10,ours-406478,310,0.002956
10,KACTL,310,0.047138
10,simd-v0,310,0.008145
10,ours-406478,311,0.002956
10,KACTL,311,0.047098
10,simd-v0,311,0.008155
10,393435,311,0.004388
10,KACTL,312,0.047018
10,simd-v0,312,0.008156
10,393435,312,0.004398
10,ours-406478,312,0.002985
10,simd-v0,313,0.008065
10,393435,313,0.004398
10,ours-406478,313,0.002976
10,KACTL,313,0.047208
10,393435,314,0.004428
10,ours-406478,314,0.002955
10,KACTL,314,0.047119
10,simd-v0,314,0.008085
10,ours-406478,315,0.002945
10,KACTL,315,0.047258
10,simd-v0,315,0.008105
10,393435,315,0.004428
10,KACTL,316,0.047158
10,simd-v0,316,0.008085
10,393435,316,0.004379
10,ours-406478,316,0.002966
10,simd-v0,317,0.008075
10,393435,317,0.004408
10,ours-406478,317,0.002955
10,KACTL,317,0.047128
10,393435,318,0.004379
10,ours-406478,318,0.002966
10,KACTL,318,0.056505
10,simd-v0,318,0.008085
10,ours-406478,319,0.002975
10,KACTL,319,0.047188
10,simd-v0,319,0.008065
10,393435,319,0.004469
10,KACTL,320,0.047208
10,simd-v0,320,0.008065
10,393435,320,0.004378
10,ours-406478,320,0.002985
10,simd-v0,321,0.008065
10,393435,321,0.004399
10,ours-406478,321,0.002956
10,KACTL,321,0.047158
10,393435,322,0.004398
10,ours-406478,322,0.002966
10,KACTL,322,0.047088
10,simd-v0,322,0.008075
10,ours-406478,323,0.002956
10,KACTL,323,0.047178
10,simd-v0,323,0.008075
10,393435,323,0.004408
10,KACTL,324,0.047178
10,simd-v0,324,0.008055
10,393435,324,0.004398
10,ours-406478,324,0.002986
10,simd-v0,325,0.008155
10,393435,325,0.004378
10,ours-406478,325,0.002966
10,KACTL,325,0.047188
10,393435,326,0.004499
10,ours-406478,326,0.002995
10,KACTL,326,0.047048
10,simd-v0,326,0.008155
10,ours-406478,327,0.002956
10,KACTL,327,0.047178
10,simd-v0,327,0.008085
10,393435,327,0.004388
10,KACTL,328,0.047148
10,simd-v0,328,0.008065
10,393435,328,0.004468
10,ours-406478,328,0.002966
10,simd-v0,329,0.008075
10,393435,329,0.004408
10,ours-406478,329,0.002975
10,KACTL,329,0.047188
10,393435,330,0.004428
10,ours-406478,330,0.002986
10,KACTL,330,0.047108
10,simd-v0,330,0.008075
10,ours-406478,331,0.002976
10,KACTL,331,0.047128
10,simd-v0,331,0.008086
10,393435,331,0.004438
10,KACTL,332,0.047108
10,simd-v0,332,0.008055
10,393435,332,0.004398
10,ours-406478,332,0.002965
10,simd-v0,333,0.008075
10,393435,333,0.004439
10,ours-406478,333,0.002966
10,KACTL,333,0.055804
10,393435,334,0.004428
10,ours-406478,334,0.003005
10,KACTL,334,0.047138
10,simd-v0,334,0.008115
10,ours-406478,335,0.002966
10,KACTL,335,0.047168
10,simd-v0,335,0.008085
10,393435,335,0.004418
10,KACTL,336,0.047128
10,simd-v0,336,0.008085
10,393435,336,0.004448
10,ours-406478,336,0.002966
10,simd-v0,337,0.008086
10,393435,337,0.004398
10,ours-406478,337,0.002965
10,KACTL,337,0.047138
10,393435,338,0.004358
10,ours-406478,338,0.002976
10,KACTL,338,0.047128
10,simd-v0,338,0.008065
10,ours-406478,339,0.002935
10,KACTL,339,0.047138
10,simd-v0,339,0.008095
10,393435,339,0.004398
10,KACTL,340,0.047158
10,simd-v0,340,0.008085
10,393435,340,0.004398
10,ours-406478,340,0.002976
10,simd-v0,341,0.008065
10,393435,341,0.004418
10,ours-406478,341,0.002975
10,KACTL,341,0.047197
10,393435,342,0.004389
10,ours-406478,342,0.003016
10,KACTL,342,0.047188
10,simd-v0,342,0.008216
10,ours-406478,343,0.002955
10,KACTL,343,0.047158
10,simd-v0,343,0.008165
10,393435,343,0.004439
10,KACTL,344,0.047228
10,simd-v0,344,0.008155
10,393435,344,0.004378
10,ours-406478,344,0.002995
10,simd-v0,345,0.008075
10,393435,345,0.004389
10,ours-406478,345,0.002965
10,KACTL,345,0.047148
10,393435,346,0.004428
10,ours-406478,346,0.002956
10,KACTL,346,0.047108
10,simd-v0,346,0.008075
10,ours-406478,347,0.002955
10,KACTL,347,0.047178
10,simd-v0,347,0.008055
10,393435,347,0.004418
10,KACTL,348,0.047078
10,simd-v0,348,0.017332
10,393435,348,0.004448
10,ours-406478,348,0.002986
10,simd-v0,349,0.008095
10,393435,349,0.004388
10,ours-406478,349,0.002965
10,KACTL,349,0.048039
10,393435,350,0.004388
10,ours-406478,350,0.002966
10,KACTL,350,0.047038
10,simd-v0,350,0.008066
10,ours-406478,351,0.002966
10,KACTL,351,0.047158
10,simd-v0,351,0.008085
10,393435,351,0.004388
10,KACTL,352,0.047188
10,simd-v0,352,0.008075
10,393435,352,0.004428
10,ours-406478,352,0.002976
10,simd-v0,353,0.008055
10,393435,353,0.004428
10,ours-406478,353,0.002976
10,KACTL,353,0.047148
10,393435,354,0.004388
10,ours-406478,354,0.002955
10,KACTL,354,0.047068
10,simd-v0,354,0.008085
10,ours-406478,355,0.002956
10,KACTL,355,0.047157
10,simd-v0,355,0.008075
10,393435,355,0.004388
10,KACTL,356,0.047037
10,simd-v0,356,0.008065
10,393435,356,0.004399
10,ours-406478,356,0.002975
10,simd-v0,357,0.008165
10,393435,357,0.004388
10,ours-406478,357,0.002966
10,KACTL,357,0.047158
10,393435,358,0.004478
10,ours-406478,358,0.002966
10,KACTL,358,0.047117
10,simd-v0,358,0.008156
10,ours-406478,359,0.002956
10,KACTL,359,0.047118
10,simd-v0,359,0.008085
10,393435,359,0.004478
10,KACTL,360,0.047088
10,simd-v0,360,0.008065
10,393435,360,0.004468
10,ours-406478,360,0.002976
10,simd-v0,361,0.008065
10,393435,361,0.004408
10,ours-406478,361,0.002975
10,KACTL,361,0.047197
10,393435,362,0.004368
10,ours-406478,362,0.002945
10,KACTL,362,0.047148
10,simd-v0,362,0.008085
10,ours-406478,363,0.002955
10,KACTL,363,0.047117
10,simd-v0,363,0.008095
10,393435,363,0.004418
10,KACTL,364,0.056425
10,simd-v0,364,0.008095
10,393435,364,0.004439
10,ours-406478,364,0.003005
10,simd-v0,365,0.008075
10,393435,365,0.004438
10,ours-406478,365,0.002956
10,KACTL,365,0.047198
10,393435,366,0.004378
10,ours-406478,366,0.002966
10,KACTL,366,0.047139
10,simd-v0,366,0.008065
10,ours-406478,367,0.002966
10,KACTL,367,0.047118
10,simd-v0,367,0.008065
10,393435,367,0.004408
10,KACTL,368,0.047208
10,simd-v0,368,0.008055
10,393435,368,0.004398
10,ours-406478,368,0.002986
10,simd-v0,369,0.008065
10,393435,369,0.004449
10,ours-406478,369,0.002975
10,KACTL,369,0.047197
10,393435,370,0.004459
10,ours-406478,370,0.002955
10,KACTL,370,0.047098
10,simd-v0,370,0.008085
10,ours-406478,371,0.002946
10,KACTL,371,0.047258
10,simd-v0,371,0.008075
10,393435,371,0.004408
10,KACTL,372,0.047148
10,simd-v0,372,0.008065
10,393435,372,0.004378
10,ours-406478,372,0.002985
10,simd-v0,373,0.008065
10,393435,373,0.004499
10,ours-406478,373,0.002965
10,KACTL,373,0.047178
10,393435,374,0.004398
10,ours-406478,374,0.003046
10,KACTL,374,0.047118
10,simd-v0,374,0.008085
10,ours-406478,375,0.002956
10,KACTL,375,0.047208
10,simd-v0,375,0.008076
10,393435,375,0.004428
10,KACTL,376,0.047088
10,simd-v0,376,0.008065
10,393435,376,0.004388
10,ours-406478,376,0.003085
10,simd-v0,377,0.008075
10,393435,377,0.004408
10,ours-406478,377,0.002975
10,KACTL,377,0.047138
10,393435,378,0.004419
10,ours-406478,378,0.002976
10,KACTL,378,0.047178
10,simd-v0,378,0.008095
10,ours-406478,379,0.002955
10,KACTL,379,0.055603
10,simd-v0,379,0.008135
10,393435,379,0.004488
10,KACTL,380,0.047128
10,simd-v0,380,0.008085
10,393435,380,0.004408
10,ours-406478,380,0.002996
10,simd-v0,381,0.008075
10,393435,381,0.004398
10,ours-406478,381,0.002975
10,KACTL,381,0.047158
10,393435,382,0.004409
10,ours-406478,382,0.002965
10,KACTL,382,0.047108
10,simd-v0,382,0.008075
10,ours-406478,383,0.002945
10,KACTL,383,0.047157
10,simd-v0,383,0.008065
10,393435,383,0.004408
10,KACTL,384,0.047077
10,simd-v0,384,0.008065
10,393435,384,0.004398
10,ours-406478,384,0.002956
10,simd-v0,385,0.008086
10,393435,385,0.004368
10,ours-406478,385,0.002975
10,KACTL,385,0.047178
10,393435,386,0.004408
10,ours-406478,386,0.002996
10,KACTL,386,0.047138
10,simd-v0,386,0.008075
10,ours-406478,387,0.002985
10,KACTL,387,0.047239
10,simd-v0,387,0.008075
10,393435,387,0.004389
10,KACTL,388,0.047188
10,simd-v0,388,0.008075
10,393435,388,0.004378
10,ours-406478,388,0.002995
10,simd-v0,389,0.008145
10,393435,389,0.004368
10,ours-406478,389,0.002966
10,KACTL,389,0.047138
10,393435,390,0.004468
10,ours-406478,390,0.002975
10,KACTL,390,0.047118
10,simd-v0,390,0.008075
10,ours-406478,391,0.003035
10,KACTL,391,0.047148
10,simd-v0,391,0.008075
10,393435,391,0.004468
10,KACTL,392,0.047258
10,simd-v0,392,0.008075
10,393435,392,0.004469
10,ours-406478,392,0.002975
10,simd-v0,393,0.008075
10,393435,393,0.004419
10,ours-406478,393,0.002956
10,KACTL,393,0.047148
10,393435,394,0.004398
10,ours-406478,394,0.002975
10,KACTL,394,0.056194
10,simd-v0,394,0.008095
10,ours-406478,395,0.002985
10,KACTL,395,0.047157
10,simd-v0,395,0.008085
10,393435,395,0.004478
10,KACTL,396,0.047088
10,simd-v0,396,0.008075
10,393435,396,0.004388
10,ours-406478,396,0.002975
10,simd-v0,397,0.008065
10,393435,397,0.004438
10,ours-406478,397,0.002975
10,KACTL,397,0.047208
10,393435,398,0.004398
10,ours-406478,398,0.002956
10,KACTL,398,0.047208
10,simd-v0,398,0.008075
10,ours-406478,399,0.002965
10,KACTL,399,0.047158
10,simd-v0,399,0.008075
10,393435,399,0.004388
10,KACTL,400,0.047087
10,simd-v0,400,0.008075
10,393435,400,0.004408
10,ours-406478,400,0.002986
10,simd-v0,401,0.008055
10,393435,401,0.004418
10,ours-406478,401,0.002976
10,KACTL,401,0.047208
10,393435,402,0.004398
10,ours-406478,402,0.002975
10,KACTL,402,0.047158
10,simd-v0,402,0.008065
10,ours-406478,403,0.002956
10,KACTL,403,0.047178
10,simd-v0,403,0.008075
10,393435,403,0.004418
10,KACTL,404,0.049412
10,simd-v0,404,0.008106
10,393435,404,0.004419
10,ours-406478,404,0.002985
10,simd-v0,405,0.008166
10,393435,405,0.004419
10,ours-406478,405,0.002985
10,KACTL,405,0.047148
10,393435,406,0.004489
10,ours-406478,406,0.002966
10,KACTL,406,0.047148
10,simd-v0,406,0.008055
10,ours-406478,407,0.003035
10,KACTL,407,0.047197
10,simd-v0,407,0.008066
10,393435,407,0.004459
10,KACTL,408,0.047168
10,simd-v0,408,0.008065
10,393435,408,0.004498
10,ours-406478,408,0.002995
10,simd-v0,409,0.008096
10,393435,409,0.004418
10,ours-406478,409,0.002965
10,KACTL,409,0.055694
10,393435,410,0.004479
10,ours-406478,410,0.002995
10,KACTL,410,0.047117
10,simd-v0,410,0.008105
10,ours-406478,411,0.002966
10,KACTL,411,0.047198
10,simd-v0,411,0.008085
10,393435,411,0.004418
10,KACTL,412,0.047098
10,simd-v0,412,0.008075
10,393435,412,0.004398
10,ours-406478,412,0.002976
10,simd-v0,413,0.008065
10,393435,413,0.004398
10,ours-406478,413,0.002975
10,KACTL,413,0.047178
10,393435,414,0.004418
10,ours-406478,414,0.002956
10,KACTL,414,0.047148
10,simd-v0,414,0.008095
10,ours-406478,415,0.002976
10,KACTL,415,0.047057
10,simd-v0,415,0.008075
10,393435,415,0.004418
10,KACTL,416,0.047078
10,simd-v0,416,0.008056
10,393435,416,0.004399
10,ours-406478,416,0.002975
10,simd-v0,417,0.008065
10,393435,417,0.004408
10,ours-406478,417,0.002975
10,KACTL,417,0.047187
10,393435,418,0.004418
10,ours-406478,418,0.002965
10,KACTL,418,0.047078
10,simd-v0,418,0.008085
10,ours-406478,419,0.002956
10,KACTL,419,0.047208
10,simd-v0,419,0.008075
10,393435,419,0.004378
10,KACTL,420,0.047098
10,simd-v0,420,0.008095
10,393435,420,0.004428
10,ours-406478,420,0.002985
10,simd-v0,421,0.008055
10,393435,421,0.004519
10,ours-406478,421,0.002965
10,KACTL,421,0.047208
10,393435,422,0.004469
10,ours-406478,422,0.002966
10,KACTL,422,0.047098
10,simd-v0,422,0.008075
10,ours-406478,423,0.002936
10,KACTL,423,0.047139
10,simd-v0,423,0.008086
10,393435,423,0.004438
10,KACTL,424,0.047118
10,simd-v0,424,0.008086
10,393435,424,0.004368
10,ours-406478,424,0.003055
10,simd-v0,425,0.008055
10,393435,425,0.004409
10,ours-406478,425,0.002976
10,KACTL,425,0.047258
10,393435,426,0.004428
10,ours-406478,426,0.002996
10,KACTL,426,0.047178
10,simd-v0,426,0.008165
10,ours-406478,427,0.002965
10,KACTL,427,0.047268
10,simd-v0,427,0.008066
10,393435,427,0.004488
10,KACTL,428,0.047138
10,simd-v0,428,0.008055
10,393435,428,0.004398
10,ours-406478,428,0.002976
10,simd-v0,429,0.008085
10,393435,429,0.004399
10,ours-406478,429,0.002976
10,KACTL,429,0.047208
10,393435,430,0.004378
10,ours-406478,430,0.002986
10,KACTL,430,0.047158
10,simd-v0,430,0.008075
10,ours-406478,431,0.002965
10,KACTL,431,0.047128
10,simd-v0,431,0.008065
10,393435,431,0.004398
10,KACTL,432,0.047068
10,simd-v0,432,0.008075
10,393435,432,0.004388
10,ours-406478,432,0.002986
10,simd-v0,433,0.008085
10,393435,433,0.004398
10,ours-406478,433,0.002956
10,KACTL,433,0.047148
10,393435,434,0.004409
10,ours-406478,434,0.002965
10,KACTL,434,0.047088
10,simd-v0,434,0.008085
10,ours-406478,435,0.002955
10,KACTL,435,0.047158
10,simd-v0,435,0.008065
10,393435,435,0.004428
10,KACTL,436,0.047098
10,simd-v0,436,0.008065
10,393435,436,0.004418
10,ours-406478,436,0.002985
10,simd-v0,437,0.008085
10,393435,437,0.004489
10,ours-406478,437,0.002966
10,KACTL,437,0.060142
10,393435,438,0.005410
10,ours-406478,438,0.004348
10,KACTL,438,0.055664
10,simd-v0,438,0.008356
10,ours-406478,439,0.003136
10,KACTL,439,0.047168
10,simd-v0,439,0.008105
10,393435,439,0.004739
10,KACTL,440,0.058760
10,simd-v0,440,0.008106
10,393435,440,0.004438
10,ours-406478,440,0.003036
10,simd-v0,441,0.008084
10,393435,441,0.004428
10,ours-406478,441,0.002965
10,KACTL,441,0.047238
10,393435,442,0.004439
10,ours-406478,442,0.002975
10,KACTL,442,0.047158
10,simd-v0,442,0.008065
10,ours-406478,443,0.002946
10,KACTL,443,0.047238
10,simd-v0,443,0.008075
10,393435,443,0.004418
10,KACTL,444,0.047278
10,simd-v0,444,0.008065
10,393435,444,0.004408
10,ours-406478,444,0.002956
10,simd-v0,445,0.008135
10,393435,445,0.004388
10,ours-406478,445,0.002966
10,KACTL,445,0.047238
10,393435,446,0.004488
10,ours-406478,446,0.002965
10,KACTL,446,0.047148
10,simd-v0,446,0.008064
10,ours-406478,447,0.002956
10,KACTL,447,0.047188
10,simd-v0,447,0.008055
10,393435,447,0.004478
10,KACTL,448,0.047088
10,simd-v0,448,0.008085
10,393435,448,0.004488
10,ours-406478,448,0.002995
10,simd-v0,449,0.008075
10,393435,449,0.004408
10,ours-406478,449,0.002966
10,KACTL,449,0.047268
10,393435,450,0.004438
10,ours-406478,450,0.002966
10,KACTL,450,0.047098
10,simd-v0,450,0.008055
10,ours-406478,451,0.002956
10,KACTL,451,0.047328
10,simd-v0,451,0.008055
10,393435,451,0.004398
10,KACTL,452,0.047158
10,simd-v0,452,0.008075
10,393435,452,0.004409
10,ours-406478,452,0.002986
10,simd-v0,453,0.008055
10,393435,453,0.004428
10,ours-406478,453,0.002966
10,KACTL,453,0.047157
10,393435,454,0.004398
10,ours-406478,454,0.002956
10,KACTL,454,0.047108
10,simd-v0,454,0.008065
10,ours-406478,455,0.002976
10,KACTL,455,0.055915
10,simd-v0,455,0.008085
10,393435,455,0.004449
10,KACTL,456,0.047179
10,simd-v0,456,0.008055
10,393435,456,0.004419
10,ours-406478,456,0.003005
10,simd-v0,457,0.008075
10,393435,457,0.004429
10,ours-406478,457,0.002955
10,KACTL,457,0.047258
10,393435,458,0.004378
10,ours-406478,458,0.002976
10,KACTL,458,0.047078
10,simd-v0,458,0.008085
10,ours-406478,459,0.002945
10,KACTL,459,0.047108
10,simd-v0,459,0.008075
10,393435,459,0.004398
10,KACTL,460,0.047048
10,simd-v0,460,0.008065
10,393435,460,0.004398
10,ours-406478,460,0.002976
10,simd-v0,461,0.008076
10,393435,461,0.004509
10,ours-406478,461,0.002976
10,KACTL,461,0.047257
10,393435,462,0.004449
10,ours-406478,462,0.003055
10,KACTL,462,0.047038
10,simd-v0,462,0.008085
10,ours-406478,463,0.002966
10,KACTL,463,0.047098
10,simd-v0,463,0.008075
10,393435,463,0.004378
10,KACTL,464,0.047168
10,simd-v0,464,0.008075
10,393435,464,0.004408
10,ours-406478,464,0.003046
10,simd-v0,465,0.008055
10,393435,465,0.004408
10,ours-406478,465,0.002976
10,KACTL,465,0.047198
10,393435,466,0.004388
10,ours-406478,466,0.002966
10,KACTL,466,0.047027
10,simd-v0,466,0.008086
10,ours-406478,467,0.002966
10,KACTL,467,0.047178
10,simd-v0,467,0.008175
10,393435,467,0.004419
10,KACTL,468,0.047117
10,simd-v0,468,0.008135
10,393435,468,0.004408
10,ours-406478,468,0.002975
10,simd-v0,469,0.008125
10,393435,469,0.004458
10,ours-406478,469,0.003006
10,KACTL,469,0.047168
10,393435,470,0.004418
10,ours-406478,470,0.002985
10,KACTL,470,0.056716
10,simd-v0,470,0.008135
10,ours-406478,471,0.002985
10,KACTL,471,0.047238
10,simd-v0,471,0.008075
10,393435,471,0.004458
10,KACTL,472,0.047048
10,simd-v0,472,0.008055
10,393435,472,0.004358
10,ours-406478,472,0.002975
10,simd-v0,473,0.008076
10,393435,473,0.004409
10,ours-406478,473,0.003046
10,KACTL,473,0.047168
10,393435,474,0.004378
10,ours-406478,474,0.002956
10,KACTL,474,0.047128
10,simd-v0,474,0.008085
10,ours-406478,475,0.002955
10,KACTL,475,0.047088
10,simd-v0,475,0.008065
10,393435,475,0.004398
10,KACTL,476,0.047117
10,simd-v0,476,0.008065
10,393435,476,0.004388
10,ours-406478,476,0.002976
10,simd-v0,477,0.008155
10,393435,477,0.004408
10,ours-406478,477,0.002956
10,KACTL,477,0.047228
10,393435,478,0.004478
10,ours-406478,478,0.002956
10,KACTL,478,0.047087
10,simd-v0,478,0.008175
10,ours-406478,479,0.002956
10,KACTL,479,0.047178
10,simd-v0,479,0.008085
10,393435,479,0.004408
10,KACTL,480,0.047148
10,simd-v0,480,0.008065
10,393435,480,0.004438
10,ours-406478,480,0.002966
10,simd-v0,481,0.008055
10,393435,481,0.004398
10,ours-406478,481,0.002956
10,KACTL,481,0.047338
10,393435,482,0.004398
10,ours-406478,482,0.002956
10,KACTL,482,0.047087
10,simd-v0,482,0.008075
10,ours-406478,483,0.002956
10,KACTL,483,0.047198
10,simd-v0,483,0.008085
10,393435,483,0.004418
10,KACTL,484,0.047148
10,simd-v0,484,0.008075
10,393435,484,0.004368
10,ours-406478,484,0.002966
10,simd-v0,485,0.008065
10,393435,485,0.004419
10,ours-406478,485,0.002956
10,KACTL,485,0.055574
10,393435,486,0.004428
10,ours-406478,486,0.002986
10,KACTL,486,0.047198
10,simd-v0,486,0.008085
10,ours-406478,487,0.002975
10,KACTL,487,0.047128
10,simd-v0,487,0.008066
10,393435,487,0.004419
10,KACTL,488,0.047118
10,simd-v0,488,0.008066
10,393435,488,0.004389
10,ours-406478,488,0.002975
10,simd-v0,489,0.008085
10,393435,489,0.004438
10,ours-406478,489,0.002966
10,KACTL,489,0.047158
10,393435,490,0.004438
10,ours-406478,490,0.002955
10,KACTL,490,0.047168
10,simd-v0,490,0.008065
10,ours-406478,491,0.002976
10,KACTL,491,0.047208
10,simd-v0,491,0.008085
10,393435,491,0.004388
10,KACTL,492,0.047188
10,simd-v0,492,0.008065
10,393435,492,0.004408
10,ours-406478,492,0.002986
10,simd-v0,493,0.008165
10,393435,493,0.004418
10,ours-406478,493,0.002976
10,KACTL,493,0.047108
10,393435,494,0.004429
10,ours-406478,494,0.002985
10,KACTL,494,0.047128
10,simd-v0,494,0.008085
10,ours-406478,495,0.003026
10,KACTL,495,0.047258
10,simd-v0,495,0.008055
10,393435,495,0.004509
10,KACTL,496,0.047168
10,simd-v0,496,0.008066
10,393435,496,0.004499
10,ours-406478,496,0.002945
10,simd-v0,497,0.008095
10,393435,497,0.004389
10,ours-406478,497,0.002986
10,KACTL,497,0.047138
10,393435,498,0.004408
10,ours-406478,498,0.002956
10,KACTL,498,0.047077
10,simd-v0,498,0.008075
10,ours-406478,499,0.002956
10,KACTL,499,0.047198
10,simd-v0,499,0.008055
10,393435,499,0.004388
10,KACTL,500,0.047118
10,simd-v0,500,0.008075
10,393435,500,0.004408
10,ours-406478,500,0.002966
10,simd-v0,501,0.016531
10,393435,501,0.004449
10,ours-406478,501,0.002975
10,KACTL,501,0.047208
10,393435,502,0.004408
10,ours-406478,502,0.002966
10,KACTL,502,0.047088
10,simd-v0,502,0.008095
10,ours-406478,503,0.002966
10,KACTL,503,0.047147
10,simd-v0,503,0.008095
10,393435,503,0.004408
10,KACTL,504,0.047087
10,simd-v0,504,0.008095
10,393435,504,0.004409
10,ours-406478,504,0.002976
10,simd-v0,505,0.008075
10,393435,505,0.004388
10,ours-406478,505,0.002976
10,KACTL,505,0.047188
10,393435,506,0.004398
10,ours-406478,506,0.002986
10,KACTL,506,0.047097
10,simd-v0,506,0.008085
10,ours-406478,507,0.002966
10,KACTL,507,0.047108
10,simd-v0,507,0.008085
10,393435,507,0.004408
10,KACTL,508,0.047128
10,simd-v0,508,0.008075
10,393435,508,0.004378
10,ours-406478,508,0.002975
10,simd-v0,509,0.008055
10,393435,509,0.004499
10,ours-406478,509,0.002965
10,KACTL,509,0.047198
10,393435,510,0.004429
10,ours-406478,510,0.002996
10,KACTL,510,0.047158
10,simd-v0,510,0.008075
10,ours-406478,511,0.002966
10,KACTL,511,0.047248
10,simd-v0,511,0.008075
10,393435,511,0.004539
10,KACTL,512,0.047098
10,simd-v0,512,0.008065
10,393435,512,0.004468
10,ours-406478,512,0.002976
10,simd-v0,513,0.008075
10,393435,513,0.004398
10,ours-406478,513,0.002976
10,KACTL,513,0.047338
10,393435,514,0.004398
10,ours-406478,514,0.002975
10,KACTL,514,0.047178
10,simd-v0,514,0.008075
10,ours-406478,515,0.002956
10,KACTL,515,0.047208
10,simd-v0,515,0.008065
10,393435,515,0.004398
10,KACTL,516,0.056856
10,simd-v0,516,0.008085
10,393435,516,0.004438
10,ours-406478,516,0.002986
10,simd-v0,517,0.008075
10,393435,517,0.004398
10,ours-406478,517,0.002976
10,KACTL,517,0.047087
10,393435,518,0.004398
10,ours-406478,518,0.002985
10,KACTL,518,0.047138
10,simd-v0,518,0.008085
10,ours-406478,519,0.002966
10,KACTL,519,0.047238
10,simd-v0,519,0.008065
10,393435,519,0.004438
10,KACTL,520,0.047138
10,simd-v0,520,0.008095
10,393435,520,0.004398
10,ours-406478,520,0.002966
10,simd-v0,521,0.008066
10,393435,521,0.004428
10,ours-406478,521,0.002975
10,KACTL,521,0.047148
10,393435,522,0.004419
10,ours-406478,522,0.002956
10,KACTL,522,0.047128
10,simd-v0,522,0.008075
10,ours-406478,523,0.002976
10,KACTL,523,0.047158
10,simd-v0,523,0.008096
10,393435,523,0.004368
10,KACTL,524,0.047158
10,simd-v0,524,0.008065
10,393435,524,0.004398
10,ours-406478,524,0.002975
10,simd-v0,525,0.008135
10,393435,525,0.004418
10,ours-406478,525,0.002966
10,KACTL,525,0.047128
10,393435,526,0.004488
10,ours-406478,526,0.002976
10,KACTL,526,0.047158
10,simd-v0,526,0.008105
10,ours-406478,527,0.002955
10,KACTL,527,0.047128
10,simd-v0,527,0.008085
10,393435,527,0.004499
10,KACTL,528,0.047127
10,simd-v0,528,0.008076
10,393435,528,0.004478
10,ours-406478,528,0.002965
10,simd-v0,529,0.008075
10,393435,529,0.004409
10,ours-406478,529,0.002955
10,KACTL,529,0.047028
10,393435,530,0.004378
10,ours-406478,530,0.002955
10,KACTL,530,0.047148
10,simd-v0,530,0.008085
10,ours-406478,531,0.002946
10,KACTL,531,0.055513
10,simd-v0,531,0.008106
10,393435,531,0.004368
10,KACTL,532,0.047118
10,simd-v0,532,0.008065
10,393435,532,0.004448
10,ours-406478,532,0.003015
10,simd-v0,533,0.008086
10,393435,533,0.004389
10,ours-406478,533,0.002995
10,KACTL,533,0.047088
10,393435,534,0.004388
10,ours-406478,534,0.002956
10,KACTL,534,0.047088
10,simd-v0,534,0.008085
10,ours-406478,535,0.002965
10,KACTL,535,0.047118
10,simd-v0,535,0.008065
10,393435,535,0.004408
10,KACTL,536,0.047168
10,simd-v0,536,0.008075
10,393435,536,0.004388
10,ours-406478,536,0.002986
10,simd-v0,537,0.008065
10,393435,537,0.004408
10,ours-406478,537,0.002955
10,KACTL,537,0.047097
10,393435,538,0.004408
10,ours-406478,538,0.002976
10,KACTL,538,0.047158
10,simd-v0,538,0.008065
10,ours-406478,539,0.002975
10,KACTL,539,0.047168
10,simd-v0,539,0.008076
10,393435,539,0.004388
10,KACTL,540,0.047199
10,simd-v0,540,0.008086
10,393435,540,0.004368
10,ours-406478,540,0.002975
10,simd-v0,541,0.008065
10,393435,541,0.004478
10,ours-406478,541,0.002956
10,KACTL,541,0.047108
10,393435,542,0.004408
10,ours-406478,542,0.003045
10,KACTL,542,0.047067
10,simd-v0,542,0.008086
10,ours-406478,543,0.002966
10,KACTL,543,0.047098
10,simd-v0,543,0.008065
10,393435,543,0.004398
10,KACTL,544,0.047148
10,simd-v0,544,0.008055
10,393435,544,0.004408
10,ours-406478,544,0.003055
10,simd-v0,545,0.008075
10,393435,545,0.004399
10,ours-406478,545,0.002945
10,KACTL,545,0.047339
10,393435,546,0.004429
10,ours-406478,546,0.002975
10,KACTL,546,0.047018
10,simd-v0,546,0.016801
10,ours-406478,547,0.002986
10,KACTL,547,0.047088
10,simd-v0,547,0.008115
10,393435,547,0.004418
10,KACTL,548,0.047068
10,simd-v0,548,0.008085
10,393435,548,0.004388
10,ours-406478,548,0.002986
10,simd-v0,549,0.008065
10,393435,549,0.004398
10,ours-406478,549,0.002975
10,KACTL,549,0.047218
10,393435,550,0.004419
10,ours-406478,550,0.002956
10,KACTL,550,0.047188
10,simd-v0,550,0.008075
10,ours-406478,551,0.002956
10,KACTL,551,0.047127
10,simd-v0,551,0.008075
10,393435,551,0.004418
10,KACTL,552,0.047138
10,simd-v0,552,0.008086
10,393435,552,0.004368
10,ours-406478,552,0.002995
10,simd-v0,553,0.008045
10,393435,553,0.004429
10,ours-406478,553,0.002996
10,KACTL,553,0.047028
10,393435,554,0.004428
10,ours-406478,554,0.002976
10,KACTL,554,0.047077
10,simd-v0,554,0.008135
10,ours-406478,555,0.002966
10,KACTL,555,0.047178
10,simd-v0,555,0.008065
10,393435,555,0.004388
10,KACTL,556,0.050234
10,simd-v0,556,0.008075
10,393435,556,0.004398
10,ours-406478,556,0.002966
10,simd-v0,557,0.008146
10,393435,557,0.004428
10,ours-406478,557,0.002965
10,KACTL,557,0.047127
10,393435,558,0.004479
10,ours-406478,558,0.002965
10,KACTL,558,0.047128
10,simd-v0,558,0.008155
10,ours-406478,559,0.002956
10,KACTL,559,0.047097
10,simd-v0,559,0.008075
10,393435,559,0.004478
10,KACTL,560,0.047098
10,simd-v0,560,0.008075
10,393435,560,0.004468
10,ours-406478,560,0.002965
10,simd-v0,561,0.008086
10,393435,561,0.004429
10,ours-406478,561,0.002945
10,KACTL,561,0.047068
10,393435,562,0.004408
10,ours-406478,562,0.012694
10,KACTL,562,0.047148
10,simd-v0,562,0.008105
10,ours-406478,563,0.002976
10,KACTL,563,0.047088
10,simd-v0,563,0.008105
10,393435,563,0.004458
10,KACTL,564,0.047078
10,simd-v0,564,0.008095
10,393435,564,0.004398
10,ours-406478,564,0.002996
10,simd-v0,565,0.008055
10,393435,565,0.004389
10,ours-406478,565,0.002976
10,KACTL,565,0.047078
10,393435,566,0.004418
10,ours-406478,566,0.002976
10,KACTL,566,0.047138
10,simd-v0,566,0.008075
10,ours-406478,567,0.002945
10,KACTL,567,0.047028
10,simd-v0,567,0.008075
10,393435,567,0.004408
10,KACTL,568,0.047198
10,simd-v0,568,0.008085
10,393435,568,0.004448
10,ours-406478,568,0.002976
10,simd-v0,569,0.008075
10,393435,569,0.004418
10,ours-406478,569,0.002985
10,KACTL,569,0.047087
10,393435,570,0.004408
10,ours-406478,570,0.002966
10,KACTL,570,0.047158
10,simd-v0,570,0.008085
10,ours-406478,571,0.002935
10,KACTL,571,0.047038
10,simd-v0,571,0.008075
10,393435,571,0.004388
10,KACTL,572,0.047068
10,simd-v0,572,0.008095
10,393435,572,0.004398
10,ours-406478,572,0.002966
10,simd-v0,573,0.008165
10,393435,573,0.004438
10,ours-406478,573,0.002965
10,KACTL,573,0.047098
10,393435,574,0.004389
10,ours-406478,574,0.002976
10,KACTL,574,0.047108
10,simd-v0,574,0.008065
10,ours-406478,575,0.003045
10,KACTL,575,0.047087
10,simd-v0,575,0.008086
10,393435,575,0.004479
10,KACTL,576,0.047098
10,simd-v0,576,0.008086
10,393435,576,0.004458
10,ours-406478,576,0.002965
10,simd-v0,577,0.008075
10,393435,577,0.004439
10,ours-406478,577,0.002985
10,KACTL,577,0.055935
10,393435,578,0.004448
10,ours-406478,578,0.002965
10,KACTL,578,0.047117
10,simd-v0,578,0.008106
10,ours-406478,579,0.002956
10,KACTL,579,0.047068
10,simd-v0,579,0.008075
10,393435,579,0.004418
10,KACTL,580,0.047148
10,simd-v0,580,0.008065
10,393435,580,0.004388
10,ours-406478,580,0.002956
10,simd-v0,581,0.008075
10,393435,581,0.004388
10,ours-406478,581,0.002945
10,KACTL,581,0.047058
10,393435,582,0.004398
10,ours-406478,582,0.002966
10,KACTL,582,0.047148
10,simd-v0,582,0.008075
10,ours-406478,583,0.002975
10,KACTL,583,0.047138
10,simd-v0,583,0.008065
10,393435,583,0.004408
10,KACTL,584,0.047188
10,simd-v0,584,0.008095
10,393435,584,0.004428
10,ours-406478,584,0.002975
10,simd-v0,585,0.008075
10,393435,585,0.004388
10,ours-406478,585,0.002976
10,KACTL,585,0.047067
10,393435,586,0.004459
10,ours-406478,586,0.002985
10,KACTL,586,0.047128
10,simd-v0,586,0.008065
10,ours-406478,587,0.002976
10,KACTL,587,0.047157
10,simd-v0,587,0.008064
10,393435,587,0.004399
10,KACTL,588,0.047097
10,simd-v0,588,0.008086
10,393435,588,0.004388
10,ours-406478,588,0.002966
10,simd-v0,589,0.008085
10,393435,589,0.004408
10,ours-406478,589,0.002976
10,KACTL,589,0.047148
10,393435,590,0.004388
10,ours-406478,590,0.002965
10,KACTL,590,0.047168
10,simd-v0,590,0.008095
10,ours-406478,591,0.002956
10,KACTL,591,0.047007
10,simd-v0,591,0.008086
10,393435,591,0.004428
10,KACTL,592,0.055754
10,simd-v0,592,0.008105
10,393435,592,0.004408
10,ours-406478,592,0.002996
10,simd-v0,593,0.008075
10,393435,593,0.004448
10,ours-406478,593,0.002976
10,KACTL,593,0.047108
10,393435,594,0.004439
10,ours-406478,594,0.002986
10,KACTL,594,0.047138
10,simd-v0,594,0.008075
10,ours-406478,595,0.002965
10,KACTL,595,0.047057
10,simd-v0,595,0.008065
10,393435,595,0.004438
10,KACTL,596,0.047127
10,simd-v0,596,0.008115
10,393435,596,0.004399
10,ours-406478,596,0.002996
10,simd-v0,597,0.008065
10,393435,597,0.004418
10,ours-406478,597,0.002956
10,KACTL,597,0.047078
10,393435,598,0.004388
10,ours-406478,598,0.002975
10,KACTL,598,0.047148
10,simd-v0,598,0.008075
10,ours-406478,599,0.002966
10,KACTL,599,0.047087
10,simd-v0,599,0.008055
10,393435,599,0.004388
10,KACTL,600,0.047088
10,simd-v0,600,0.008066
10,393435,600,0.004389
10,ours-406478,600,0.002996
10,simd-v0,601,0.008095
10,393435,601,0.048911
10,ours-406478,601,0.005560
10,KACTL,601,0.051255
10,393435,602,0.004518
10,ours-406478,602,0.003016
10,KACTL,602,0.047088
10,simd-v0,602,0.008225
10,ours-406478,603,0.002936
10,KACTL,603,0.047118
10,simd-v0,603,0.008085
10,393435,603,0.004438
10,KACTL,604,0.047208
10,simd-v0,604,0.008075
10,393435,604,0.004419
10,ours-406478,604,0.002966
10,simd-v0,605,0.008075
10,393435,605,0.004428
10,ours-406478,605,0.002946
10,KACTL,605,0.047047
10,393435,606,0.004399
10,ours-406478,606,0.002965
10,KACTL,606,0.047068
10,simd-v0,606,0.008075
10,ours-406478,607,0.002945
10,KACTL,607,0.057788
10,simd-v0,607,0.008115
10,393435,607,0.004518
10,KACTL,608,0.047128
10,simd-v0,608,0.008085
10,393435,608,0.004518
10,ours-406478,608,0.002996
10,simd-v0,609,0.008065
10,393435,609,0.004408
10,ours-406478,609,0.002966
10,KACTL,609,0.047248
10,393435,610,0.004408
10,ours-406478,610,0.002975
10,KACTL,610,0.047178
10,simd-v0,610,0.008075
10,ours-406478,611,0.002956
10,KACTL,611,0.047058
10,simd-v0,611,0.008075
10,393435,611,0.004408
10,KACTL,612,0.047168
10,simd-v0,612,0.008065
10,393435,612,0.004388
10,ours-406478,612,0.002976
10,simd-v0,613,0.008076
10,393435,613,0.004388
10,ours-406478,613,0.002976
10,KACTL,613,0.047088
10,393435,614,0.004418
10,ours-406478,614,0.002976
10,KACTL,614,0.047138
10,simd-v0,614,0.008086
10,ours-406478,615,0.002945
10,KACTL,615,0.047098
10,simd-v0,615,0.008085
10,393435,615,0.004428
10,KACTL,616,0.047128
10,simd-v0,616,0.008075
10,393435,616,0.004408
10,ours-406478,616,0.002986
10,simd-v0,617,0.008075
10,393435,617,0.004398
10,ours-406478,617,0.002955
10,KACTL,617,0.047118
10,393435,618,0.004388
10,ours-406478,618,0.002986
10,KACTL,618,0.047158
10,simd-v0,618,0.008085
10,ours-406478,619,0.002965
10,KACTL,619,0.047047
10,simd-v0,619,0.008095
10,393435,619,0.004358
10,KACTL,620,0.047128
10,simd-v0,620,0.008085
10,393435,620,0.004399
10,ours-406478,620,0.002966
10,simd-v0,621,0.008075
10,393435,621,0.004408
10,ours-406478,621,0.002965
10,KACTL,621,0.047067
10,393435,622,0.004408
10,ours-406478,622,0.002956
10,KACTL,622,0.055894
10,simd-v0,622,0.008104
10,ours-406478,623,0.002975
10,KACTL,623,0.047088
10,simd-v0,623,0.008065
10,393435,623,0.004438
10,KACTL,624,0.047138
10,simd-v0,624,0.008055
10,393435,624,0.004399
10,ours-406478,624,0.003056
10,simd-v0,625,0.008085
10,393435,625,0.004448
10,ours-406478,625,0.002986
10,KACTL,625,0.047088
10,393435,626,0.004408
10,ours-406478,626,0.002986
10,KACTL,626,0.047179
10,simd-v0,626,0.008075
10,ours-406478,627,0.002955
10,KACTL,627,0.047038
10,simd-v0,627,0.008125
10,393435,627,0.004398
10,KACTL,628,0.047108
10,simd-v0,628,0.008145
10,393435,628,0.004398
10,ours-406478,628,0.002976
10,simd-v0,629,0.008085
10,393435,629,0.004398
10,ours-406478,629,0.002985
10,KACTL,629,0.047078
10,393435,630,0.004409
10,ours-406478,630,0.002976
10,KACTL,630,0.047138
10,simd-v0,630,0.008085
10,ours-406478,631,0.002945
10,KACTL,631,0.047158
10,simd-v0,631,0.008055
10,393435,631,0.004388
10,KACTL,632,0.047088
10,simd-v0,632,0.008055
10,393435,632,0.004418
10,ours-406478,632,0.002966
10,simd-v0,633,0.008075
10,393435,633,0.004448
10,ours-406478,633,0.002945
10,KACTL,633,0.047168
10,393435,634,0.004388
10,ours-406478,634,0.002965
10,KACTL,634,0.047088
10,simd-v0,634,0.008075
10,ours-406478,635,0.002965
10,KACTL,635,0.047088
10,simd-v0,635,0.008085
10,393435,635,0.004428
10,KACTL,636,0.047148
10,simd-v0,636,0.008075
10,393435,636,0.004398
10,ours-406478,636,0.002976
10,simd-v0,637,0.008095
10,393435,637,0.004408
10,ours-406478,637,0.002965
10,KACTL,637,0.055684
10,393435,638,0.004558
10,ours-406478,638,0.003056
10,KACTL,638,0.047208
10,simd-v0,638,0.008155
10,ours-406478,639,0.002956
10,KACTL,639,0.047118
10,simd-v0,639,0.008075
10,393435,639,0.004488
10,KACTL,640,0.047138
10,simd-v0,640,0.008085
10,393435,640,0.004489
10,ours-406478,640,0.002956
10,simd-v0,641,0.008075
10,393435,641,0.004398
10,ours-406478,641,0.002976
10,KACTL,641,0.047289
10,393435,642,0.004418
10,ours-406478,642,0.002955
10,KACTL,642,0.047138
10,simd-v0,642,0.008065
10,ours-406478,643,0.002966
10,KACTL,643,0.047298
10,simd-v0,643,0.008065
10,393435,643,0.004408
10,KACTL,644,0.047198
10,simd-v0,644,0.008065
10,393435,644,0.004358
10,ours-406478,644,0.002976
10,simd-v0,645,0.008066
10,393435,645,0.004408
10,ours-406478,645,0.002955
10,KACTL,645,0.047098
10,393435,646,0.004418
10,ours-406478,646,0.002976
10,KACTL,646,0.047128
10,simd-v0,646,0.008064
10,ours-406478,647,0.002966
10,KACTL,647,0.047118
10,simd-v0,647,0.008055
10,393435,647,0.004388
10,KACTL,648,0.047168
10,simd-v0,648,0.008065
10,393435,648,0.004388
10,ours-406478,648,0.002966
10,simd-v0,649,0.008095
10,393435,649,0.004398
10,ours-406478,649,0.002955
10,KACTL,649,0.047068
10,393435,650,0.004408
10,ours-406478,650,0.002975
10,KACTL,650,0.047168
10,simd-v0,650,0.008075
10,ours-406478,651,0.002966
10,KACTL,651,0.047138
10,simd-v0,651,0.008085
10,393435,651,0.004408
10,KACTL,652,0.047218
10,simd-v0,652,0.008065
10,393435,652,0.014447
10,ours-406478,652,0.002966
10,simd-v0,653,0.008085
10,393435,653,0.004448
10,ours-406478,653,0.002956
10,KACTL,653,0.047228
10,393435,654,0.004428
10,ours-406478,654,0.003016
10,KACTL,654,0.047148
10,simd-v0,654,0.008086
10,ours-406478,655,0.003045
10,KACTL,655,0.047088
10,simd-v0,655,0.008085
10,393435,655,0.004509
10,KACTL,656,0.047088
10,simd-v0,656,0.008066
10,393435,656,0.004479
10,ours-406478,656,0.002975
10,simd-v0,657,0.008065
10,393435,657,0.004398
10,ours-406478,657,0.002966
10,KACTL,657,0.047148
10,393435,658,0.004388
10,ours-406478,658,0.002945
10,KACTL,658,0.047128
10,simd-v0,658,0.008085
10,ours-406478,659,0.002966
10,KACTL,659,0.047058
10,simd-v0,659,0.008095
10,393435,659,0.004418
10,KACTL,660,0.047088
10,simd-v0,660,0.008085
10,393435,660,0.004388
10,ours-406478,660,0.002985
10,simd-v0,661,0.008065
10,393435,661,0.004418
10,ours-406478,661,0.002956
10,KACTL,661,0.047208
10,393435,662,0.004418
10,ours-406478,662,0.002955
10,KACTL,662,0.047209
10,simd-v0,662,0.008065
10,ours-406478,663,0.002965
10,KACTL,663,0.047138
10,simd-v0,663,0.008075
10,393435,663,0.004408
10,KACTL,664,0.047178
10,simd-v0,664,0.008075
10,393435,664,0.004409
10,ours-406478,664,0.002956
10,simd-v0,665,0.008075
10,393435,665,0.004408
10,ours-406478,665,0.002956
10,KACTL,665,0.047158
10,393435,666,0.004449
10,ours-406478,666,0.002965
10,KACTL,666,0.047118
10,simd-v0,666,0.008075
10,ours-406478,667,0.002955
10,KACTL,667,0.047057
10,simd-v0,667,0.008065
10,393435,667,0.004418
10,KACTL,668,0.055623
10,simd-v0,668,0.008104
10,393435,668,0.004449
10,ours-406478,668,0.003015
10,simd-v0,669,0.008065
10,393435,669,0.004499
10,ours-406478,669,0.002956
10,KACTL,669,0.047258
10,393435,670,0.004419
10,ours-406478,670,0.002976
10,KACTL,670,0.047118
10,simd-v0,670,0.008055
10,ours-406478,671,0.002955
10,KACTL,671,0.047117
10,simd-v0,671,0.008085
10,393435,671,0.004399
10,KACTL,672,0.047138
10,simd-v0,672,0.008055
10,393435,672,0.004368
10,ours-406478,672,0.002986
10,simd-v0,673,0.008085
10,393435,673,0.004438
10,ours-406478,673,0.002965
10,KACTL,673,0.047158
10,393435,674,0.004418
10,ours-406478,674,0.002975
10,KACTL,674,0.047118
10,simd-v0,674,0.008175
10,ours-406478,675,0.002956
10,KACTL,675,0.047128
10,simd-v0,675,0.008145
10,393435,675,0.004408
10,KACTL,676,0.047188
10,simd-v0,676,0.008115
10,393435,676,0.004388
10,ours-406478,676,0.002976
10,simd-v0,677,0.008085
10,393435,677,0.004398
10,ours-406478,677,0.002955
10,KACTL,677,0.047038
10,393435,678,0.004388
10,ours-406478,678,0.002966
10,KACTL,678,0.047038
10,simd-v0,678,0.008075
10,ours-406478,679,0.002965
10,KACTL,679,0.047028
10,simd-v0,679,0.008075
10,393435,679,0.004358
10,KACTL,680,0.047048
10,simd-v0,680,0.008085
10,393435,680,0.004419
10,ours-406478,680,0.003006
10,simd-v0,681,0.008065
10,393435,681,0.004428
10,ours-406478,681,0.002966
10,KACTL,681,0.047198
10,393435,682,0.004408
10,ours-406478,682,0.002965
10,KACTL,682,0.047108
10,simd-v0,682,0.008095
10,ours-406478,683,0.002976
10,KACTL,683,0.056615
10,simd-v0,683,0.008095
10,393435,683,0.004448
10,KACTL,684,0.047108
10,simd-v0,684,0.008075
10,393435,684,0.004398
10,ours-406478,684,0.002986
10,simd-v0,685,0.008075
10,393435,685,0.004478
10,ours-406478,685,0.002976
10,KACTL,685,0.047058
10,393435,686,0.004428
10,ours-406478,686,0.003045
10,KACTL,686,0.047068
10,simd-v0,686,0.008085
10,ours-406478,687,0.002986
10,KACTL,687,0.047118
10,simd-v0,687,0.008056
10,393435,687,0.004419
10,KACTL,688,0.047188
10,simd-v0,688,0.008085
10,393435,688,0.004388
10,ours-406478,688,0.003036
10,simd-v0,689,0.008066
10,393435,689,0.004399
10,ours-406478,689,0.002975
10,KACTL,689,0.047068
10,393435,690,0.004408
10,ours-406478,690,0.002976
10,KACTL,690,0.047238
10,simd-v0,690,0.008075
10,ours-406478,691,0.002956
10,KACTL,691,0.047028
10,simd-v0,691,0.008075
10,393435,691,0.004398
10,KACTL,692,0.047088
10,simd-v0,692,0.008145
10,393435,692,0.004388
10,ours-406478,692,0.002966
10,simd-v0,693,0.008075
10,393435,693,0.004388
10,ours-406478,693,0.002956
10,KACTL,693,0.047077
10,393435,694,0.004418
10,ours-406478,694,0.002975
10,KACTL,694,0.047208
10,simd-v0,694,0.008065
10,ours-406478,695,0.002956
10,KACTL,695,0.047108
10,simd-v0,695,0.008055
10,393435,695,0.004409
10,KACTL,696,0.047118
10,simd-v0,696,0.008064
10,393435,696,0.004398
10,ours-406478,696,0.002955
10,simd-v0,697,0.008075
10,393435,697,0.004408
10,ours-406478,697,0.002956
10,KACTL,697,0.047117
10,393435,698,0.004389
10,ours-406478,698,0.002966
10,KACTL,698,0.055784
10,simd-v0,698,0.008096
10,ours-406478,699,0.002966
10,KACTL,699,0.047218
10,simd-v0,699,0.008085
10,393435,699,0.004498
10,KACTL,700,0.047088
10,simd-v0,700,0.008095
10,393435,700,0.004408
10,ours-406478,700,0.002986
10,simd-v0,701,0.008065
10,393435,701,0.004388
10,ours-406478,701,0.003036
10,KACTL,701,0.047168
10,393435,702,0.004388
10,ours-406478,702,0.002965
10,KACTL,702,0.047077
10,simd-v0,702,0.008075
10,ours-406478,703,0.002966
10,KACTL,703,0.047108
10,simd-v0,703,0.008086
10,393435,703,0.004419
10,KACTL,704,0.047108
10,simd-v0,704,0.008065
10,393435,704,0.004388
10,ours-406478,704,0.002975
10,simd-v0,705,0.008055
10,393435,705,0.004398
10,ours-406478,705,0.002986
10,KACTL,705,0.047128
10,393435,706,0.004408
10,ours-406478,706,0.003005
10,KACTL,706,0.047168
10,simd-v0,706,0.008146
10,ours-406478,707,0.002945
10,KACTL,707,0.047138
10,simd-v0,707,0.008155
10,393435,707,0.004399
10,KACTL,708,0.050053
10,simd-v0,708,0.008145
10,393435,708,0.004418
10,ours-406478,708,0.002965
10,simd-v0,709,0.008085
10,393435,709,0.004418
10,ours-406478,709,0.002986
10,KACTL,709,0.047148
10,393435,710,0.004398
10,ours-406478,710,0.002985
10,KACTL,710,0.047108
10,simd-v0,710,0.008065
10,ours-406478,711,0.002956
10,KACTL,711,0.047158
10,simd-v0,711,0.008065
10,393435,711,0.004438
10,KACTL,712,0.047128
10,simd-v0,712,0.008065
10,393435,712,0.004388
10,ours-406478,712,0.002955
10,simd-v0,713,0.008075
10,393435,713,0.004429
10,ours-406478,713,0.002985
10,KACTL,713,0.056005
10,393435,714,0.004478
10,ours-406478,714,0.002976
10,KACTL,714,0.047228
10,simd-v0,714,0.008115
10,ours-406478,715,0.002966
10,KACTL,715,0.047128
10,simd-v0,715,0.008095
10,393435,715,0.004408
10,KACTL,716,0.047108
10,simd-v0,716,0.008075
10,393435,716,0.004409
10,ours-406478,716,0.002965
10,simd-v0,717,0.008085
10,393435,717,0.004408
10,ours-406478,717,0.003066
10,KACTL,717,0.047258
10,393435,718,0.004438
10,ours-406478,718,0.002966
10,KACTL,718,0.047108
10,simd-v0,718,0.008075
10,ours-406478,719,0.002965
10,KACTL,719,0.046998
10,simd-v0,719,0.008085
10,393435,719,0.004398
10,KACTL,720,0.047138
10,simd-v0,720,0.008055
10,393435,720,0.004398
10,ours-406478,720,0.002966
10,simd-v0,721,0.008156
10,393435,721,0.004418
10,ours-406478,721,0.002965
10,KACTL,721,0.047087
10,393435,722,0.004479
10,ours-406478,722,0.002985
10,KACTL,722,0.047138
10,simd-v0,722,0.008116
10,ours-406478,723,0.002995
10,KACTL,723,0.047068
10,simd-v0,723,0.008075
10,393435,723,0.004438
10,KACTL,724,0.047137
10,simd-v0,724,0.008086
10,393435,724,0.004408
10,ours-406478,724,0.002975
10,simd-v0,725,0.008085
10,393435,725,0.004419
10,ours-406478,725,0.002965
10,KACTL,725,0.047028
10,393435,726,0.004378
10,ours-406478,726,0.002975
10,KACTL,726,0.047248
10,simd-v0,726,0.008066
10,ours-406478,727,0.002945
10,KACTL,727,0.047088
10,simd-v0,727,0.008075
10,393435,727,0.004388
10,KACTL,728,0.047148
10,simd-v0,728,0.008075
10,393435,728,0.004388
10,ours-406478,728,0.002966
10,simd-v0,729,0.008065
10,393435,729,0.013755
10,ours-406478,729,0.002985
10,KACTL,729,0.047157
10,393435,730,0.004459
10,ours-406478,730,0.002975
10,KACTL,730,0.047158
10,simd-v0,730,0.008085
10,ours-406478,731,0.002976
10,KACTL,731,0.047098
10,simd-v0,731,0.008075
10,393435,731,0.004388
10,KACTL,732,0.047188
10,simd-v0,732,0.008075
10,393435,732,0.004378
10,ours-406478,732,0.002985
10,simd-v0,733,0.008075
10,393435,733,0.004498
10,ours-406478,733,0.002995
10,KACTL,733,0.047057
10,393435,734,0.004419
10,ours-406478,734,0.003056
10,KACTL,734,0.047188
10,simd-v0,734,0.008055
10,ours-406478,735,0.002956
10,KACTL,735,0.047037
10,simd-v0,735,0.008084
10,393435,735,0.004398
10,KACTL,736,0.047147
10,simd-v0,736,0.008065
10,393435,736,0.004388
10,ours-406478,736,0.003056
10,simd-v0,737,0.008086
10,393435,737,0.004429
10,ours-406478,737,0.002975
10,KACTL,737,0.047058
10,393435,738,0.004418
10,ours-406478,738,0.002996
10,KACTL,738,0.047108
10,simd-v0,738,0.008065
10,ours-406478,739,0.002975
10,KACTL,739,0.047088
10,simd-v0,739,0.008145
10,393435,739,0.004408
10,KACTL,740,0.047097
10,simd-v0,740,0.008135
10,393435,740,0.004408
10,ours-406478,740,0.002985
10,simd-v0,741,0.008085
10,393435,741,0.004398
10,ours-406478,741,0.002966
10,KACTL,741,0.047068
10,393435,742,0.004428
10,ours-406478,742,0.002965
10,KACTL,742,0.047108
10,simd-v0,742,0.008085
10,ours-406478,743,0.002956
10,KACTL,743,0.047027
10,simd-v0,743,0.008075
10,393435,743,0.004408
10,KACTL,744,0.068608
10,simd-v0,744,0.008115
10,393435,744,0.004478
10,ours-406478,744,0.003106
10,simd-v0,745,0.008086
10,393435,745,0.004378
10,ours-406478,745,0.003066
10,KACTL,745,0.047087
10,393435,746,0.004408
10,ours-406478,746,0.002955
10,KACTL,746,0.047118
10,simd-v0,746,0.008095
10,ours-406478,747,0.002966
10,KACTL,747,0.047078
10,simd-v0,747,0.008055
10,393435,747,0.004418
10,KACTL,748,0.047158
10,simd-v0,748,0.008075
10,393435,748,0.004378
10,ours-406478,748,0.002966
10,simd-v0,749,0.008075
10,393435,749,0.004419
10,ours-406478,749,0.002985
10,KACTL,749,0.047098
10,393435,750,0.004419
10,ours-406478,750,0.002986
10,KACTL,750,0.047178
10,simd-v0,750,0.008165
10,ours-406478,751,0.002966
10,KACTL,751,0.047108
10,simd-v0,751,0.008145
10,393435,751,0.004418
10,KACTL,752,0.047118
10,simd-v0,752,0.008145
10,393435,752,0.004388
10,ours-406478,752,0.002986
10,simd-v0,753,0.008086
10,393435,753,0.004399
10,ours-406478,753,0.002955
10,KACTL,753,0.047078
10,393435,754,0.004428
10,ours-406478,754,0.002966
10,KACTL,754,0.047138
10,simd-v0,754,0.008066
10,ours-406478,755,0.002965
10,KACTL,755,0.047038
10,simd-v0,755,0.008085
10,393435,755,0.004398
10,KACTL,756,0.047138
10,simd-v0,756,0.008055
10,393435,756,0.004378
10,ours-406478,756,0.002975
10,simd-v0,757,0.008084
10,393435,757,0.004408
10,ours-406478,757,0.002965
10,KACTL,757,0.047098
10,393435,758,0.004388
10,ours-406478,758,0.002955
10,KACTL,758,0.047047
10,simd-v0,758,0.008085
10,ours-406478,759,0.002956
10,KACTL,759,0.058128
10,simd-v0,759,0.008115
10,393435,759,0.004468
10,KACTL,760,0.047168
10,simd-v0,760,0.008085
10,393435,760,0.004348
10,ours-406478,760,0.002995
10,simd-v0,761,0.008065
10,393435,761,0.004408
10,ours-406478,761,0.003056
10,KACTL,761,0.047068
10,393435,762,0.004378
10,ours-406478,762,0.002976
10,KACTL,762,0.047188
10,simd-v0,762,0.008065
10,ours-406478,763,0.002965
10,KACTL,763,0.047108
10,simd-v0,763,0.008065
10,393435,763,0.004478
10,KACTL,764,0.047208
10,simd-v0,764,0.008075
10,393435,764,0.004519
10,ours-406478,764,0.002985
10,simd-v0,765,0.008095
10,393435,765,0.004428
10,ours-406478,765,0.002965
10,KACTL,765,0.047157
10,393435,766,0.004438
10,ours-406478,766,0.002966
10,KACTL,766,0.047088
10,simd-v0,766,0.008085
10,ours-406478,767,0.002976
10,KACTL,767,0.047088
10,simd-v0,767,0.008075
10,393435,767,0.004418
10,KACTL,768,0.047168
10,simd-v0,768,0.008075
10,393435,768,0.004408
10,ours-406478,768,0.002965
10,simd-v0,769,0.008085
10,393435,769,0.004399
10,ours-406478,769,0.002966
10,KACTL,769,0.047068
10,393435,770,0.004388
10,ours-406478,770,0.002966
10,KACTL,770,0.047188
10,simd-v0,770,0.008084
10,ours-406478,771,0.002965
10,KACTL,771,0.047028
10,simd-v0,771,0.008055
10,393435,771,0.004408
10,KACTL,772,0.047128
10,simd-v0,772,0.008055
10,393435,772,0.004388
10,ours-406478,772,0.002955
10,simd-v0,773,0.008084
10,393435,773,0.004429
10,ours-406478,773,0.002965
10,KACTL,773,0.047058
10,393435,774,0.004408
10,ours-406478,774,0.002966
10,KACTL,774,0.056986
10,simd-v0,774,0.008095
10,ours-406478,775,0.002975
10,KACTL,775,0.047108
10,simd-v0,775,0.008105
10,393435,775,0.004449
10,KACTL,776,0.047077
10,simd-v0,776,0.008085
10,393435,776,0.004429
10,ours-406478,776,0.002986
10,simd-v0,777,0.008065
10,393435,777,0.004478
10,ours-406478,777,0.002956
10,KACTL,777,0.047118
10,393435,778,0.004398
10,ours-406478,778,0.003035
10,KACTL,778,0.047228
10,simd-v0,778,0.008084
10,ours-406478,779,0.002955
10,KACTL,779,0.047098
10,simd-v0,779,0.008065
10,393435,779,0.004428
10,KACTL,780,0.047128
10,simd-v0,780,0.008075
10,393435,780,0.004368
10,ours-406478,780,0.003026
10,simd-v0,781,0.008065
10,393435,781,0.004438
10,ours-406478,781,0.002966
10,KACTL,781,0.047138
10,393435,782,0.004408
10,ours-406478,782,0.002995
10,KACTL,782,0.047208
10,simd-v0,782,0.008065
10,ours-406478,783,0.002956
10,KACTL,783,0.047118
10,simd-v0,783,0.008155
10,393435,783,0.004378
10,KACTL,784,0.047228
10,simd-v0,784,0.008155
10,393435,784,0.004368
10,ours-406478,784,0.002966
10,simd-v0,785,0.008055
10,393435,785,0.004428
10,ours-406478,785,0.002965
10,KACTL,785,0.047819
10,393435,786,0.004418
10,ours-406478,786,0.002985
10,KACTL,786,0.047088
10,simd-v0,786,0.008055
10,ours-406478,787,0.002956
10,KACTL,787,0.047098
10,simd-v0,787,0.008064
10,393435,787,0.004368
10,KACTL,788,0.047097
10,simd-v0,788,0.008064
10,393435,788,0.004357
10,ours-406478,788,0.002976
10,simd-v0,789,0.008085
10,393435,789,0.004418
10,ours-406478,789,0.002966
10,KACTL,789,0.047158
10,393435,790,0.004428
10,ours-406478,790,0.002975
10,KACTL,790,0.047218
10,simd-v0,790,0.008105
10,ours-406478,791,0.002956
10,KACTL,791,0.047078
10,simd-v0,791,0.008065
10,393435,791,0.004448
10,KACTL,792,0.047218
10,simd-v0,792,0.008075
10,393435,792,0.004399
10,ours-406478,792,0.002986
10,simd-v0,793,0.008866
10,393435,793,0.004389
10,ours-406478,793,0.003035
10,KACTL,793,0.047068
10,393435,794,0.004418
10,ours-406478,794,0.002956
10,KACTL,794,0.047047
10,simd-v0,794,0.008064
10,ours-406478,795,0.002956
10,KACTL,795,0.047028
10,simd-v0,795,0.008085
10,393435,795,0.004419
10,KACTL,796,0.047188
10,simd-v0,796,0.008055
10,393435,796,0.004388
10,ours-406478,796,0.002975
10,simd-v0,797,0.008156
10,393435,797,0.004399
10,ours-406478,797,0.002945
10,KACTL,797,0.047088
10,393435,798,0.004368
10,ours-406478,798,0.002966
10,KACTL,798,0.047138
10,simd-v0,798,0.008136
10,ours-406478,799,0.002975
10,KACTL,799,0.047018
10,simd-v0,799,0.008175
10,393435,799,0.004418
10,KACTL,800,0.047087
10,simd-v0,800,0.008155
10,393435,800,0.004418
10,ours-406478,800,0.002976
10,simd-v0,801,0.008055
10,393435,801,0.004418
10,ours-406478,801,0.002956
10,KACTL,801,0.047147
10,393435,802,0.004378
10,ours-406478,802,0.002965
10,KACTL,802,0.047048
10,simd-v0,802,0.008085
10,ours-406478,803,0.002965
10,KACTL,803,0.047078
10,simd-v0,803,0.008085
10,393435,803,0.004398
10,KACTL,804,0.047118
10,simd-v0,804,0.008085
10,393435,804,0.004379
10,ours-406478,804,0.002995
10,simd-v0,805,0.008075
10,393435,805,0.004408
10,ours-406478,805,0.002996
10,KACTL,805,0.055804
10,393435,806,0.004429
10,ours-406478,806,0.002976
10,KACTL,806,0.047178
10,simd-v0,806,0.008126
10,ours-406478,807,0.002985
10,KACTL,807,0.047108
10,simd-v0,807,0.008055
10,393435,807,0.004468
10,KACTL,808,0.047199
10,simd-v0,808,0.008064
10,393435,808,0.004419
10,ours-406478,808,0.002965
10,simd-v0,809,0.008075
10,393435,809,0.004479
10,ours-406478,809,0.002976
10,KACTL,809,0.047098
10,393435,810,0.004428
10,ours-406478,810,0.002956
10,KACTL,810,0.047168
10,simd-v0,810,0.008095
10,ours-406478,811,0.002955
10,KACTL,811,0.047088
10,simd-v0,811,0.008075
10,393435,811,0.004398
10,KACTL,812,0.047088
10,simd-v0,812,0.008065
10,393435,812,0.004398
10,ours-406478,812,0.002986
10,simd-v0,813,0.008065
10,393435,813,0.004398
10,ours-406478,813,0.002976
10,KACTL,813,0.047117
10,393435,814,0.004398
10,ours-406478,814,0.002966
10,KACTL,814,0.047158
10,simd-v0,814,0.008165
10,ours-406478,815,0.002956
10,KACTL,815,0.047077
10,simd-v0,815,0.008155
10,393435,815,0.004398
10,KACTL,816,0.047088
10,simd-v0,816,0.008126
10,393435,816,0.004398
10,ours-406478,816,0.002975
10,simd-v0,817,0.008055
10,393435,817,0.004419
10,ours-406478,817,0.002956
10,KACTL,817,0.047168
10,393435,818,0.004448
10,ours-406478,818,0.002976
10,KACTL,818,0.047208
10,simd-v0,818,0.008085
10,ours-406478,819,0.002955
10,KACTL,819,0.047058
10,simd-v0,819,0.008085
10,393435,819,0.004418
10,KACTL,820,0.056866
10,simd-v0,820,0.008116
10,393435,820,0.004398
10,ours-406478,820,0.002986
10,simd-v0,821,0.008055
10,393435,821,0.004409
10,ours-406478,821,0.002945
10,KACTL,821,0.047328
10,393435,822,0.004429
10,ours-406478,822,0.002976
10,KACTL,822,0.047108
10,simd-v0,822,0.008065
10,ours-406478,823,0.002985
10,KACTL,823,0.047127
10,simd-v0,823,0.008075
10,393435,823,0.004429
10,KACTL,824,0.047138
10,simd-v0,824,0.008095
10,393435,824,0.004399
10,ours-406478,824,0.002975
10,simd-v0,825,0.008065
10,393435,825,0.004408
10,ours-406478,825,0.003056
10,KACTL,825,0.047088
10,393435,826,0.004408
10,ours-406478,826,0.002995
10,KACTL,826,0.047077
10,simd-v0,826,0.008065
10,ours-406478,827,0.002956
10,KACTL,827,0.046997
10,simd-v0,827,0.008064
10,393435,827,0.004399
10,KACTL,828,0.047138
10,simd-v0,828,0.008065
10,393435,828,0.004379
10,ours-406478,828,0.002985
10,simd-v0,829,0.008175
10,393435,829,0.004469
10,ours-406478,829,0.002975
10,KACTL,829,0.047068
10,393435,830,0.004498
10,ours-406478,830,0.002966
10,KACTL,830,0.047047
10,simd-v0,830,0.008166
10,ours-406478,831,0.002965
10,KACTL,831,0.047058
10,simd-v0,831,0.008135
10,393435,831,0.004388
10,KACTL,832,0.047078
10,simd-v0,832,0.008065
10,393435,832,0.004378
10,ours-406478,832,0.002956
10,simd-v0,833,0.008085
10,393435,833,0.004388
10,ours-406478,833,0.002976
10,KACTL,833,0.047148
10,393435,834,0.004438
10,ours-406478,834,0.002955
10,KACTL,834,0.047068
10,simd-v0,834,0.008065
10,ours-406478,835,0.002965
10,KACTL,835,0.046968
10,simd-v0,835,0.017142
10,393435,835,0.004398
10,KACTL,836,0.047188
10,simd-v0,836,0.008105
10,393435,836,0.004398
10,ours-406478,836,0.002975
10,simd-v0,837,0.008055
10,393435,837,0.004409
10,ours-406478,837,0.003006
10,KACTL,837,0.047198
10,393435,838,0.004409
10,ours-406478,838,0.002956
10,KACTL,838,0.047178
10,simd-v0,838,0.008085
10,ours-406478,839,0.002946
10,KACTL,839,0.047027
10,simd-v0,839,0.008075
10,393435,839,0.004398
10,KACTL,840,0.047127
10,simd-v0,840,0.008075
10,393435,840,0.004378
10,ours-406478,840,0.002985
10,simd-v0,841,0.008065
10,393435,841,0.004388
10,ours-406478,841,0.002985
10,KACTL,841,0.047117
10,393435,842,0.004448
10,ours-406478,842,0.002965
10,KACTL,842,0.047108
10,simd-v0,842,0.008065
10,ours-406478,843,0.002955
10,KACTL,843,0.047087
10,simd-v0,843,0.008095
10,393435,843,0.004448
10,KACTL,844,0.047097
10,simd-v0,844,0.008076
10,393435,844,0.004398
10,ours-406478,844,0.002975
10,simd-v0,845,0.008125
10,393435,845,0.004398
10,ours-406478,845,0.002966
10,KACTL,845,0.047028
10,393435,846,0.004468
10,ours-406478,846,0.002965
10,KACTL,846,0.047168
10,simd-v0,846,0.008064
10,ours-406478,847,0.003046
10,KACTL,847,0.047038
10,simd-v0,847,0.008085
10,393435,847,0.004489
10,KACTL,848,0.047137
10,simd-v0,848,0.008075
10,393435,848,0.004459
10,ours-406478,848,0.002966
10,simd-v0,849,0.008085
10,393435,849,0.004418
10,ours-406478,849,0.002986
10,KACTL,849,0.047078
10,393435,850,0.004408
10,ours-406478,850,0.002976
10,KACTL,850,0.047268
10,simd-v0,850,0.008095
10,ours-406478,851,0.002965
10,KACTL,851,0.056516
10,simd-v0,851,0.008095
10,393435,851,0.004438
10,KACTL,852,0.047057
10,simd-v0,852,0.008055
10,393435,852,0.004439
10,ours-406478,852,0.002995
10,simd-v0,853,0.008065
10,393435,853,0.004408
10,ours-406478,853,0.002976
10,KACTL,853,0.047288
10,393435,854,0.004428
10,ours-406478,854,0.002946
10,KACTL,854,0.047078
10,simd-v0,854,0.008086
10,ours-406478,855,0.002955
10,KACTL,855,0.047098
10,simd-v0,855,0.008065
10,393435,855,0.004438
10,KACTL,856,0.047118
10,simd-v0,856,0.008065
10,393435,856,0.004418
10,ours-406478,856,0.002986
10,simd-v0,857,0.008095
10,393435,857,0.004398
10,ours-406478,857,0.003025
10,KACTL,857,0.047067
10,393435,858,0.004399
10,ours-406478,858,0.002976
10,KACTL,858,0.047068
10,simd-v0,858,0.008095
10,ours-406478,859,0.002975
10,KACTL,859,0.047078
10,simd-v0,859,0.008085
10,393435,859,0.004418
10,KACTL,860,0.049543
10,simd-v0,860,0.008075
10,393435,860,0.004418
10,ours-406478,860,0.002986
10,simd-v0,861,0.008085
10,393435,861,0.004428
10,ours-406478,861,0.002966
10,KACTL,861,0.047159
10,393435,862,0.004389
10,ours-406478,862,0.002976
10,KACTL,862,0.047198
10,simd-v0,862,0.008155
10,ours-406478,863,0.002946
10,KACTL,863,0.047048
10,simd-v0,863,0.008145
10,393435,863,0.004418
10,KACTL,864,0.047228
10,simd-v0,864,0.008165
10,393435,864,0.004419
10,ours-406478,864,0.002975
10,simd-v0,865,0.008065
10,393435,865,0.004418
10,ours-406478,865,0.002966
10,KACTL,865,0.047078
10,393435,866,0.004428
10,ours-406478,866,0.002955
10,KACTL,866,0.055884
10,simd-v0,866,0.008085
10,ours-406478,867,0.002985
10,KACTL,867,0.047199
10,simd-v0,867,0.008066
10,393435,867,0.004418
10,KACTL,868,0.047198
10,simd-v0,868,0.008075
10,393435,868,0.004438
10,ours-406478,868,0.002986
10,simd-v0,869,0.008075
10,393435,869,0.004408
10,ours-406478,869,0.002975
10,KACTL,869,0.047018
10,393435,870,0.004449
10,ours-406478,870,0.002976
10,KACTL,870,0.047118
10,simd-v0,870,0.008075
10,ours-406478,871,0.002966
10,KACTL,871,0.047139
10,simd-v0,871,0.008065
10,393435,871,0.004449
10,KACTL,872,0.047128
10,simd-v0,872,0.008084
10,393435,872,0.004389
10,ours-406478,872,0.002976
10,simd-v0,873,0.008075
10,393435,873,0.004418
10,ours-406478,873,0.002976
10,KACTL,873,0.047078
10,393435,874,0.004418
10,ours-406478,874,0.002965
10,KACTL,874,0.047078
10,simd-v0,874,0.008055
10,ours-406478,875,0.002976
10,KACTL,875,0.047238
10,simd-v0,875,0.008075
10,393435,875,0.004398
10,KACTL,876,0.047148
10,simd-v0,876,0.008075
10,393435,876,0.004368
10,ours-406478,876,0.002986
10,simd-v0,877,0.008155
10,393435,877,0.004428
10,ours-406478,877,0.002975
10,KACTL,877,0.047077
10,393435,878,0.004469
10,ours-406478,878,0.002985
10,KACTL,878,0.047118
10,simd-v0,878,0.008155
10,ours-406478,879,0.002956
10,KACTL,879,0.047108
10,simd-v0,879,0.008065
10,393435,879,0.004468
10,KACTL,880,0.047098
10,simd-v0,880,0.008075
10,393435,880,0.004438
10,ours-406478,880,0.002986
10,simd-v0,881,0.008085
10,393435,881,0.004388
10,ours-406478,881,0.002965
10,KACTL,881,0.057868
10,393435,882,0.004428
10,ours-406478,882,0.003016
10,KACTL,882,0.047118
10,simd-v0,882,0.008104
10,ours-406478,883,0.002965
10,KACTL,883,0.047870
10,simd-v0,883,0.008076
10,393435,883,0.004408
10,KACTL,884,0.047158
10,simd-v0,884,0.008075
10,393435,884,0.004388
10,ours-406478,884,0.002975
10,simd-v0,885,0.008066
10,393435,885,0.004379
10,ours-406478,885,0.002985
10,KACTL,885,0.047108
10,393435,886,0.004398
10,ours-406478,886,0.002976
10,KACTL,886,0.047198
10,simd-v0,886,0.008055
10,ours-406478,887,0.002965
10,KACTL,887,0.047088
10,simd-v0,887,0.008075
10,393435,887,0.004428
10,KACTL,888,0.047138
10,simd-v0,888,0.008065
10,393435,888,0.004418
10,ours-406478,888,0.002966
10,simd-v0,889,0.008075
10,393435,889,0.004388
10,ours-406478,889,0.002975
10,KACTL,889,0.047038
10,393435,890,0.004428
10,ours-406478,890,0.002966
10,KACTL,890,0.047118
10,simd-v0,890,0.008065
10,ours-406478,891,0.002965
10,KACTL,891,0.047168
10,simd-v0,891,0.008086
10,393435,891,0.004479
10,KACTL,892,0.047168
10,simd-v0,892,0.008055
10,393435,892,0.004408
10,ours-406478,892,0.003006
10,simd-v0,893,0.008095
10,393435,893,0.004408
10,ours-406478,893,0.002975
10,KACTL,893,0.047058
10,393435,894,0.004398
10,ours-406478,894,0.002986
10,KACTL,894,0.047098
10,simd-v0,894,0.008075
10,ours-406478,895,0.002965
10,KACTL,895,0.047048
10,simd-v0,895,0.008155
10,393435,895,0.004399
10,KACTL,896,0.047157
10,simd-v0,896,0.017954
10,393435,896,0.004469
10,ours-406478,896,0.002976
10,simd-v0,897,0.008075
10,393435,897,0.004418
10,ours-406478,897,0.002966
10,KACTL,897,0.047368
10,393435,898,0.004388
10,ours-406478,898,0.002976
10,KACTL,898,0.047068
10,simd-v0,898,0.008065
10,ours-406478,899,0.002955
10,KACTL,899,0.047118
10,simd-v0,899,0.008085
10,393435,899,0.004378
10,KACTL,900,0.047098
10,simd-v0,900,0.008075
10,393435,900,0.004399
10,ours-406478,900,0.002986
10,simd-v0,901,0.008075
10,393435,901,0.004388
10,ours-406478,901,0.002976
10,KACTL,901,0.046997
10,393435,902,0.004429
10,ours-406478,902,0.002966
10,KACTL,902,0.047138
10,simd-v0,902,0.008085
10,ours-406478,903,0.002955
10,KACTL,903,0.047028
10,simd-v0,903,0.008095
10,393435,903,0.004419
10,KACTL,904,0.047137
10,simd-v0,904,0.008085
10,393435,904,0.004419
10,ours-406478,904,0.002975
10,simd-v0,905,0.008075
10,393435,905,0.004438
10,ours-406478,905,0.003056
10,KACTL,905,0.047088
10,393435,906,0.004378
10,ours-406478,906,0.002966
10,KACTL,906,0.047157
10,simd-v0,906,0.008075
10,ours-406478,907,0.002955
10,KACTL,907,0.047068
10,simd-v0,907,0.008085
10,393435,907,0.004388
10,KACTL,908,0.047899
10,simd-v0,908,0.008085
10,393435,908,0.004378
10,ours-406478,908,0.002976
10,simd-v0,909,0.008155
10,393435,909,0.004408
10,ours-406478,909,0.002986
10,KACTL,909,0.047107
10,393435,910,0.004388
10,ours-406478,910,0.002975
10,KACTL,910,0.047118
10,simd-v0,910,0.008135
10,ours-406478,911,0.002935
10,KACTL,911,0.047068
10,simd-v0,911,0.008155
10,393435,911,0.004388
10,KACTL,912,0.055834
10,simd-v0,912,0.008086
10,393435,912,0.004448
10,ours-406478,912,0.002975
10,simd-v0,913,0.008075
10,393435,913,0.004398
10,ours-406478,913,0.002966
10,KACTL,913,0.047048
10,393435,914,0.004418
10,ours-406478,914,0.002965
10,KACTL,914,0.046987
10,simd-v0,914,0.008065
10,ours-406478,915,0.002966
10,KACTL,915,0.047087
10,simd-v0,915,0.008076
10,393435,915,0.004428
10,KACTL,916,0.047098
10,simd-v0,916,0.008075
10,393435,916,0.004368
10,ours-406478,916,0.002975
10,simd-v0,917,0.008075
10,393435,917,0.004398
10,ours-406478,917,0.002956
10,KACTL,917,0.047128
10,393435,918,0.004408
10,ours-406478,918,0.002986
10,KACTL,918,0.047107
10,simd-v0,918,0.008065
10,ours-406478,919,0.002976
10,KACTL,919,0.047048
10,simd-v0,919,0.008075
10,393435,919,0.004408
10,KACTL,920,0.047138
10,simd-v0,920,0.008055
10,393435,920,0.004378
10,ours-406478,920,0.002975
10,simd-v0,921,0.008065
10,393435,921,0.004398
10,ours-406478,921,0.002966
10,KACTL,921,0.047068
10,393435,922,0.004428
10,ours-406478,922,0.002975
10,KACTL,922,0.047088
10,simd-v0,922,0.008095
10,ours-406478,923,0.002956
10,KACTL,923,0.047058
10,simd-v0,923,0.008095
10,393435,923,0.004428
10,KACTL,924,0.047108
10,simd-v0,924,0.008085
10,393435,924,0.004398
10,ours-406478,924,0.002965
10,simd-v0,925,0.008136
10,393435,925,0.004408
10,ours-406478,925,0.002965
10,KACTL,925,0.047058
10,393435,926,0.004468
10,ours-406478,926,0.002946
10,KACTL,926,0.047017
10,simd-v0,926,0.008075
10,ours-406478,927,0.003025
10,KACTL,927,0.068768
10,simd-v0,927,0.008215
10,393435,927,0.004579
10,KACTL,928,0.047168
10,simd-v0,928,0.008085
10,393435,928,0.004398
10,ours-406478,928,0.003146
10,simd-v0,929,0.008085
10,393435,929,0.004418
10,ours-406478,929,0.002955
10,KACTL,929,0.047067
10,393435,930,0.004419
10,ours-406478,930,0.002935
10,KACTL,930,0.047108
10,simd-v0,930,0.008085
10,ours-406478,931,0.002946
10,KACTL,931,0.047098
10,simd-v0,931,0.008086
10,393435,931,0.004438
10,KACTL,932,0.047128
10,simd-v0,932,0.008065
10,393435,932,0.004408
10,ours-406478,932,0.002975
10,simd-v0,933,0.008075
10,393435,933,0.004408
10,ours-406478,933,0.003035
10,KACTL,933,0.047107
10,393435,934,0.004439
10,ours-406478,934,0.002985
10,KACTL,934,0.047098
10,simd-v0,934,0.008115
10,ours-406478,935,0.002956
10,KACTL,935,0.047148
10,simd-v0,935,0.008095
10,393435,935,0.004418
10,KACTL,936,0.047058
10,simd-v0,936,0.008075
10,393435,936,0.004358
10,ours-406478,936,0.002995
10,simd-v0,937,0.008115
10,393435,937,0.004419
10,ours-406478,937,0.002976
10,KACTL,937,0.047168
10,393435,938,0.004398
10,ours-406478,938,0.002976
10,KACTL,938,0.047128
10,simd-v0,938,0.008135
10,ours-406478,939,0.002945
10,KACTL,939,0.047088
10,simd-v0,939,0.008176
10,393435,939,0.004458
10,KACTL,940,0.047098
10,simd-v0,940,0.008165
10,393435,940,0.004388
10,ours-406478,940,0.002976
10,simd-v0,941,0.008075
10,393435,941,0.004438
10,ours-406478,941,0.002965
10,KACTL,941,0.047138
10,393435,942,0.004358
10,ours-406478,942,0.002966
10,KACTL,942,0.057767
10,simd-v0,942,0.008145
10,ours-406478,943,0.003005
10,KACTL,943,0.047147
10,simd-v0,943,0.008065
10,393435,943,0.004449
10,KACTL,944,0.047188
10,simd-v0,944,0.008055
10,393435,944,0.004388
10,ours-406478,944,0.002966
10,simd-v0,945,0.008085
10,393435,945,0.004408
10,ours-406478,945,0.002975
10,KACTL,945,0.047097
10,393435,946,0.004418
10,ours-406478,946,0.002966
10,KACTL,946,0.047078
10,simd-v0,946,0.008085
10,ours-406478,947,0.002966
10,KACTL,947,0.047097
10,simd-v0,947,0.008085
10,393435,947,0.004419
10,KACTL,948,0.047179
10,simd-v0,948,0.008075
10,393435,948,0.004378
10,ours-406478,948,0.002976
10,simd-v0,949,0.008075
10,393435,949,0.004408
10,ours-406478,949,0.003036
10,KACTL,949,0.047098
10,393435,950,0.004408
10,ours-406478,950,0.002965
10,KACTL,950,0.047117
10,simd-v0,950,0.008085
10,ours-406478,951,0.002975
10,KACTL,951,0.047018
10,simd-v0,951,0.008075
10,393435,951,0.004408
10,KACTL,952,0.047118
10,simd-v0,952,0.008065
10,393435,952,0.004398
10,ours-406478,952,0.002975
10,simd-v0,953,0.008155
10,393435,953,0.004409
10,ours-406478,953,0.002965
10,KACTL,953,0.047849
10,393435,954,0.004519
10,ours-406478,954,0.002945
10,KACTL,954,0.047218
10,simd-v0,954,0.008145
10,ours-406478,955,0.002966
10,KACTL,955,0.047118
10,simd-v0,955,0.008065
10,393435,955,0.004418
10,KACTL,956,0.047038
10,simd-v0,956,0.008085
10,393435,956,0.004458
10,ours-406478,956,0.002966
10,simd-v0,957,0.008065
10,393435,957,0.004388
10,ours-406478,957,0.002965
10,KACTL,957,0.055604
10,393435,958,0.004409
10,ours-406478,958,0.002975
10,KACTL,958,0.047138
10,simd-v0,958,0.008095
10,ours-406478,959,0.002976
10,KACTL,959,0.047047
10,simd-v0,959,0.008064
10,393435,959,0.004388
10,KACTL,960,0.047138
10,simd-v0,960,0.008055
10,393435,960,0.004408
10,ours-406478,960,0.002965
10,simd-v0,961,0.008065
10,393435,961,0.004388
10,ours-406478,961,0.002976
10,KACTL,961,0.047879
10,393435,962,0.004419
10,ours-406478,962,0.002966
10,KACTL,962,0.047208
10,simd-v0,962,0.008055
10,ours-406478,963,0.002956
10,KACTL,963,0.047168
10,simd-v0,963,0.008055
10,393435,963,0.004398
10,KACTL,964,0.047138
10,simd-v0,964,0.008076
10,393435,964,0.004389
10,ours-406478,964,0.002965
10,simd-v0,965,0.008065
10,393435,965,0.004378
10,ours-406478,965,0.002986
10,KACTL,965,0.047128
10,393435,966,0.004448
10,ours-406478,966,0.002965
10,KACTL,966,0.047159
10,simd-v0,966,0.008055
10,ours-406478,967,0.002956
10,KACTL,967,0.047168
10,simd-v0,967,0.008075
10,393435,967,0.004418
10,KACTL,968,0.047218
10,simd-v0,968,0.008065
10,393435,968,0.004379
10,ours-406478,968,0.002966
10,simd-v0,969,0.008175
10,393435,969,0.004438
10,ours-406478,969,0.002966
10,KACTL,969,0.047018
10,393435,970,0.004399
10,ours-406478,970,0.003015
10,KACTL,970,0.047048
10,simd-v0,970,0.008065
10,ours-406478,971,0.003026
10,KACTL,971,0.047078
10,simd-v0,971,0.008075
10,393435,971,0.004489
10,KACTL,972,0.047188
10,simd-v0,972,0.008055
10,393435,972,0.004478
10,ours-406478,972,0.002976
10,simd-v0,973,0.016440
10,393435,973,0.004398
10,ours-406478,973,0.002965
10,KACTL,973,0.047098
10,393435,974,0.004418
10,ours-406478,974,0.002975
10,KACTL,974,0.047098
10,simd-v0,974,0.008065
10,ours-406478,975,0.002965
10,KACTL,975,0.047027
10,simd-v0,975,0.008085
10,393435,975,0.004438
10,KACTL,976,0.047148
10,simd-v0,976,0.008105
10,393435,976,0.004409
10,ours-406478,976,0.003025
10,simd-v0,977,0.008055
10,393435,977,0.004388
10,ours-406478,977,0.002986
10,KACTL,977,0.047068
10,393435,978,0.004368
10,ours-406478,978,0.002965
10,KACTL,978,0.047158
10,simd-v0,978,0.008065
10,ours-406478,979,0.002966
10,KACTL,979,0.047098
10,simd-v0,979,0.008075
10,393435,979,0.004428
10,KACTL,980,0.047178
10,simd-v0,980,0.008085
10,393435,980,0.004428
10,ours-406478,980,0.002975
10,simd-v0,981,0.008066
10,393435,981,0.004419
10,ours-406478,981,0.002985
10,KACTL,981,0.047068
10,393435,982,0.004418
10,ours-406478,982,0.002966
10,KACTL,982,0.047097
10,simd-v0,982,0.008075
10,ours-406478,983,0.002945
10,KACTL,983,0.047118
10,simd-v0,983,0.008085
10,393435,983,0.004438
10,KACTL,984,0.047098
10,simd-v0,984,0.008085
10,393435,984,0.004388
10,ours-406478,984,0.002956
10,simd-v0,985,0.008155
10,393435,985,0.004438
10,ours-406478,985,0.002995
10,KACTL,985,0.047058
10,393435,986,0.004469
10,ours-406478,986,0.002976
10,KACTL,986,0.047188
10,simd-v0,986,0.008075
10,ours-406478,987,0.002966
10,KACTL,987,0.047048
10,simd-v0,987,0.008064
10,393435,987,0.004489
10,KACTL,988,0.057297
10,simd-v0,988,0.008095
10,393435,988,0.004429
10,ours-406478,988,0.003015
10,simd-v0,989,0.008085
10,393435,989,0.004438
10,ours-406478,989,0.002976
10,KACTL,989,0.047078
10,393435,990,0.004408
10,ours-406478,990,0.002955
10,KACTL,990,0.047057
10,simd-v0,990,0.008075
10,ours-406478,991,0.002966
10,KACTL,991,0.047087
10,simd-v0,991,0.008064
10,393435,991,0.004409
10,KACTL,992,0.047208
10,simd-v0,992,0.008065
10,393435,992,0.004408
10,ours-406478,992,0.002985
10,simd-v0,993,0.008095
10,393435,993,0.004388
10,ours-406478,993,0.002956
10,KACTL,993,0.047188
10,393435,994,0.004408
10,ours-406478,994,0.002956
10,KACTL,994,0.047098
10,simd-v0,994,0.008095
10,ours-406478,995,0.002975
10,KACTL,995,0.047058
10,simd-v0,995,0.008065
10,393435,995,0.004408
10,KACTL,996,0.047158
10,simd-v0,996,0.008075
10,393435,996,0.004398
10,ours-406478,996,0.002976
10,simd-v0,997,0.008075
10,393435,997,0.004398
10,ours-406478,997,0.002976
10,KACTL,997,0.047118
10,393435,998,0.004419
10,ours-406478,998,0.002975
10,KACTL,998,0.047138
10,simd-v0,998,0.008095
10,ours-406478,999,0.002956
10,KACTL,999,0.047068
10,simd-v0,999,0.008095
10,393435,999,0.004428
10,KACTL,1000,0.047108
10,simd-v0,1000,0.008075
10,393435,1000,0.004408
10,ours-406478,1000,0.002966
11,KACTL,0,0.101850
11,simd-v0,0,0.015068
11,393435,0,0.009027
11,ours-406478,0,0.005931
11,simd-v0,1,0.014938
11,393435,1,0.008876
11,ours-406478,1,0.005881
11,KACTL,1,0.101850
11,393435,2,0.008917
11,ours-406478,2,0.005880
11,KACTL,2,0.101830
11,simd-v0,2,0.015058
11,ours-406478,3,0.005870
11,KACTL,3,0.101810
11,simd-v0,3,0.014917
11,393435,3,0.008897
11,KACTL,4,0.101830
11,simd-v0,4,0.014928
11,393435,4,0.008907
11,ours-406478,4,0.005881
11,simd-v0,5,0.014948
11,393435,5,0.008957
11,ours-406478,5,0.005871
11,KACTL,5,0.101770
11,393435,6,0.008896
11,ours-406478,6,0.005882
11,KACTL,6,0.111037
11,simd-v0,6,0.014928
11,ours-406478,7,0.006002
11,KACTL,7,0.101720
11,simd-v0,7,0.014917
11,393435,7,0.008977
11,KACTL,8,0.101820
11,simd-v0,8,0.014928
11,393435,8,0.008887
11,ours-406478,8,0.005902
11,simd-v0,9,0.015028
11,393435,9,0.008906
11,ours-406478,9,0.005911
11,KACTL,9,0.101820
11,393435,10,0.008916
11,ours-406478,10,0.005891
11,KACTL,10,0.101810
11,simd-v0,10,0.014958
11,ours-406478,11,0.005891
11,KACTL,11,0.101810
11,simd-v0,11,0.014907
11,393435,11,0.008886
11,KACTL,12,0.101810
11,simd-v0,12,0.014958
11,393435,12,0.008876
11,ours-406478,12,0.005881
11,simd-v0,13,0.014958
11,393435,13,0.008977
11,ours-406478,13,0.005911
11,KACTL,13,0.110786
11,393435,14,0.008957
11,ours-406478,14,0.005920
11,KACTL,14,0.101880
11,simd-v0,14,0.015008
11,ours-406478,15,0.005901
11,KACTL,15,0.101830
11,simd-v0,15,0.014937
11,393435,15,0.008897
11,KACTL,16,0.101820
11,simd-v0,16,0.014968
11,393435,16,0.008897
11,ours-406478,16,0.005891
11,simd-v0,17,0.014948
11,393435,17,0.008917
11,ours-406478,17,0.005922
11,KACTL,17,0.101740
11,393435,18,0.008976
11,ours-406478,18,0.005961
11,KACTL,18,0.104334
11,simd-v0,18,0.015028
11,ours-406478,19,0.005941
11,KACTL,19,0.101940
11,simd-v0,19,0.014988
11,393435,19,0.008926
11,KACTL,20,0.101800
11,simd-v0,20,0.014928
11,393435,20,0.008907
11,ours-406478,20,0.005901
11,simd-v0,21,0.014887
11,393435,21,0.008957
11,ours-406478,21,0.015920
11,KACTL,21,0.101860
11,393435,22,0.009117
11,ours-406478,22,0.005921
11,KACTL,22,0.101839
11,simd-v0,22,0.015038
11,ours-406478,23,0.005861
11,KACTL,23,0.101840
11,simd-v0,23,0.015008
11,393435,23,0.008937
11,KACTL,24,0.101779
11,simd-v0,24,0.015028
11,393435,24,0.008877
11,ours-406478,24,0.005891
11,simd-v0,25,0.014928
11,393435,25,0.008937
11,ours-406478,25,0.005860
11,KACTL,25,0.101820
11,393435,26,0.008917
11,ours-406478,26,0.005871
11,KACTL,26,0.101810
11,simd-v0,26,0.014898
11,ours-406478,27,0.005871
11,KACTL,27,0.101860
11,simd-v0,27,0.014939
11,393435,27,0.008907
11,KACTL,28,0.110887
11,simd-v0,28,0.015038
11,393435,28,0.008946
11,ours-406478,28,0.005951
11,simd-v0,29,0.014988
11,393435,29,0.008927
11,ours-406478,29,0.005871
11,KACTL,29,0.101860
11,393435,30,0.008947
11,ours-406478,30,0.005871
11,KACTL,30,0.101820
11,simd-v0,30,0.014938
11,ours-406478,31,0.005882
11,KACTL,31,0.101840
11,simd-v0,31,0.014937
11,393435,31,0.008906
11,KACTL,32,0.101920
11,simd-v0,32,0.014918
11,393435,32,0.008897
11,ours-406478,32,0.005951
11,simd-v0,33,0.014938
11,393435,33,0.008916
11,ours-406478,33,0.005871
11,KACTL,33,0.101790
11,393435,34,0.008906
11,ours-406478,34,0.005861
11,KACTL,34,0.101790
11,simd-v0,34,0.014938
11,ours-406478,35,0.005871
11,KACTL,35,0.101849
11,simd-v0,35,0.024085
11,393435,35,0.008916
11,KACTL,36,0.101860
11,simd-v0,36,0.014928
11,393435,36,0.008886
11,ours-406478,36,0.005971
11,simd-v0,37,0.014948
11,393435,37,0.008907
11,ours-406478,37,0.005861
11,KACTL,37,0.101840
11,393435,38,0.008917
11,ours-406478,38,0.005871
11,KACTL,38,0.101850
11,simd-v0,38,0.014948
11,ours-406478,39,0.005861
11,KACTL,39,0.101860
11,simd-v0,39,0.014928
11,393435,39,0.008917
11,KACTL,40,0.101910
11,simd-v0,40,0.014938
11,393435,40,0.009037
11,ours-406478,40,0.005850
11,simd-v0,41,0.014938
11,393435,41,0.008916
11,ours-406478,41,0.005871
11,KACTL,41,0.101820
11,393435,42,0.008997
11,ours-406478,42,0.005901
11,KACTL,42,0.101790
11,simd-v0,42,0.015008
11,ours-406478,43,0.005881
11,KACTL,43,0.110757
11,simd-v0,43,0.015008
11,393435,43,0.008957
11,KACTL,44,0.101961
11,simd-v0,44,0.014948
11,393435,44,0.008896
11,ours-406478,44,0.006011
11,simd-v0,45,0.014978
11,393435,45,0.008977
11,ours-406478,45,0.005861
11,KACTL,45,0.101890
11,393435,46,0.008927
11,ours-406478,46,0.005861
11,KACTL,46,0.101820
11,simd-v0,46,0.014998
11,ours-406478,47,0.005851
11,KACTL,47,0.101780
11,simd-v0,47,0.015079
11,393435,47,0.008897
11,KACTL,48,0.101860
11,simd-v0,48,0.014988
11,393435,48,0.008907
11,ours-406478,48,0.005871
11,simd-v0,49,0.014938
11,393435,49,0.008907
11,ours-406478,49,0.005861
11,KACTL,49,0.101799
11,393435,50,0.008907
11,ours-406478,50,0.005851
11,KACTL,50,0.111197
11,simd-v0,50,0.015008
11,ours-406478,51,0.006001
11,KACTL,51,0.101789
11,simd-v0,51,0.014918
11,393435,51,0.009007
11,KACTL,52,0.101749
11,simd-v0,52,0.015008
11,393435,52,0.008877
11,ours-406478,52,0.005891
11,simd-v0,53,0.014968
11,393435,53,0.008916
11,ours-406478,53,0.005861
11,KACTL,53,0.101750
11,393435,54,0.008907
11,ours-406478,54,0.005882
11,KACTL,54,0.101990
11,simd-v0,54,0.014958
11,ours-406478,55,0.005881
11,KACTL,55,0.101779
11,simd-v0,55,0.015058
11,393435,55,0.008896
11,KACTL,56,0.101830
11,simd-v0,56,0.014938
11,393435,56,0.008886
11,ours-406478,56,0.005951
11,simd-v0,57,0.014968
11,393435,57,0.008916
11,ours-406478,57,0.005891
11,KACTL,57,0.110867
11,393435,58,0.008947
11,ours-406478,58,0.005891
11,KACTL,58,0.101800
11,simd-v0,58,0.014968
11,ours-406478,59,0.005860
11,KACTL,59,0.101900
11,simd-v0,59,0.014948
11,393435,59,0.008907
11,KACTL,60,0.101750
11,simd-v0,60,0.014948
11,393435,60,0.008897
11,ours-406478,60,0.005881
11,simd-v0,61,0.014937
11,393435,61,0.008907
11,ours-406478,61,0.005881
11,KACTL,61,0.101800
11,393435,62,0.008906
11,ours-406478,62,0.005951
11,KACTL,62,0.101850
11,simd-v0,62,0.014999
11,ours-406478,63,0.005921
11,KACTL,63,0.101830
11,simd-v0,63,0.014938
11,393435,63,0.008906
11,KACTL,64,0.101729
11,simd-v0,64,0.014928
11,393435,64,0.008896
11,ours-406478,64,0.005921
11,simd-v0,65,0.015058
11,393435,65,0.019467
11,ours-406478,65,0.005931
11,KACTL,65,0.101880
11,393435,66,0.008937
11,ours-406478,66,0.005881
11,KACTL,66,0.102522
11,simd-v0,66,0.014908
11,ours-406478,67,0.005882
11,KACTL,67,0.101850
11,simd-v0,67,0.014928
11,393435,67,0.008926
11,KACTL,68,0.101730
11,simd-v0,68,0.014928
11,393435,68,0.008896
11,ours-406478,68,0.005880
11,simd-v0,69,0.014988
11,393435,69,0.008936
11,ours-406478,69,0.005891
11,KACTL,69,0.101840
11,393435,70,0.008916
11,ours-406478,70,0.005901
11,KACTL,70,0.101850
11,simd-v0,70,0.014907
11,ours-406478,71,0.005881
11,KACTL,71,0.101770
11,simd-v0,71,0.014918
11,393435,71,0.008897
11,KACTL,72,0.110827
11,simd-v0,72,0.014958
11,393435,72,0.008947
11,ours-406478,72,0.005961
11,simd-v0,73,0.014988
11,393435,73,0.008906
11,ours-406478,73,0.005881
11,KACTL,73,0.102651
11,393435,74,0.008987
11,ours-406478,74,0.005881
11,KACTL,74,0.101840
11,simd-v0,74,0.015008
11,ours-406478,75,0.005871
11,KACTL,75,0.101830
11,simd-v0,75,0.014998
11,393435,75,0.008987
11,KACTL,76,0.101850
11,simd-v0,76,0.014958
11,393435,76,0.008906
11,ours-406478,76,0.005891
11,simd-v0,77,0.014918
11,393435,77,0.008936
11,ours-406478,77,0.005981
11,KACTL,77,0.101890
11,393435,78,0.008907
11,ours-406478,78,0.005891
11,KACTL,78,0.101900
11,simd-v0,78,0.014908
11,ours-406478,79,0.005951
11,KACTL,79,0.110537
11,simd-v0,79,0.015039
11,393435,79,0.008957
11,KACTL,80,0.101939
11,simd-v0,80,0.015008
11,393435,80,0.008896
11,ours-406478,80,0.006021
11,simd-v0,81,0.014937
11,393435,81,0.008917
11,ours-406478,81,0.005881
11,KACTL,81,0.101719
11,393435,82,0.008937
11,ours-406478,82,0.005871
11,KACTL,82,0.101819
11,simd-v0,82,0.014888
11,ours-406478,83,0.005911
11,KACTL,83,0.101760
11,simd-v0,83,0.014888
11,393435,83,0.008907
11,KACTL,84,0.101900
11,simd-v0,84,0.014908
11,393435,84,0.008977
11,ours-406478,84,0.005891
11,simd-v0,85,0.014968
11,393435,85,0.008926
11,ours-406478,85,0.005881
11,KACTL,85,0.101850
11,393435,86,0.008906
11,ours-406478,86,0.005891
11,KACTL,86,0.101870
11,simd-v0,86,0.014928
11,ours-406478,87,0.005871
11,KACTL,87,0.110626
11,simd-v0,87,0.014908
11,393435,87,0.008947
11,KACTL,88,0.101820
11,simd-v0,88,0.014958
11,393435,88,0.008897
11,ours-406478,88,0.006111
11,simd-v0,89,0.014927
11,393435,89,0.008937
11,ours-406478,89,0.005891
11,KACTL,89,0.101820
11,393435,90,0.008906
11,ours-406478,90,0.005911
11,KACTL,90,0.101930
11,simd-v0,90,0.014928
11,ours-406478,91,0.005881
11,KACTL,91,0.104074
11,simd-v0,91,0.014918
11,393435,91,0.008907
11,KACTL,92,0.101850
11,simd-v0,92,0.014938
11,393435,92,0.008926
11,ours-406478,92,0.005981
11,simd-v0,93,0.015028
11,393435,93,0.008927
11,ours-406478,93,0.005881
11,KACTL,93,0.101759
11,393435,94,0.008916
11,ours-406478,94,0.005871
11,KACTL,94,0.110916
11,simd-v0,94,0.015028
11,ours-406478,95,0.005991
11,KACTL,95,0.102020
11,simd-v0,95,0.014968
11,393435,95,0.008977
11,KACTL,96,0.101821
11,simd-v0,96,0.014948
11,393435,96,0.008887
11,ours-406478,96,0.005891
11,simd-v0,97,0.015018
11,393435,97,0.008897
11,ours-406478,97,0.005891
11,KACTL,97,0.101840
11,393435,98,0.008887
11,ours-406478,98,0.005880
11,KACTL,98,0.101800
11,simd-v0,98,0.015068
11,ours-406478,99,0.005881
11,KACTL,99,0.101870
11,simd-v0,99,0.014948
11,393435,99,0.008906
11,KACTL,100,0.101820
11,simd-v0,100,0.014948
11,393435,100,0.008917
11,ours-406478,100,0.005891
11,simd-v0,101,0.014918
11,393435,101,0.008917
11,ours-406478,101,0.005971
11,KACTL,101,0.110636
11,393435,102,0.009057
11,ours-406478,102,0.005911
11,KACTL,102,0.101760
11,simd-v0,102,0.015078
11,ours-406478,103,0.005860
11,KACTL,103,0.102471
11,simd-v0,103,0.015018
11,393435,103,0.008917
11,KACTL,104,0.101729
11,simd-v0,104,0.015038
11,393435,104,0.008887
11,ours-406478,104,0.005881
11,simd-v0,105,0.014918
11,393435,105,0.008927
11,ours-406478,105,0.005881
11,KACTL,105,0.101760
11,393435,106,0.008887
11,ours-406478,106,0.005991
11,KACTL,106,0.101920
11,simd-v0,106,0.015018
11,ours-406478,107,0.005941
11,KACTL,107,0.101839
11,simd-v0,107,0.014948
11,393435,107,0.008896
11,KACTL,108,0.101920
11,simd-v0,108,0.014999
11,393435,108,0.008887
11,ours-406478,108,0.005891
11,simd-v0,109,0.024886
11,393435,109,0.008927
11,ours-406478,109,0.006021
11,KACTL,109,0.101820
11,393435,110,0.008916
11,ours-406478,110,0.005880
11,KACTL,110,0.102561
11,simd-v0,110,0.014948
11,ours-406478,111,0.005891
11,KACTL,111,0.101870
11,simd-v0,111,0.014957
11,393435,111,0.008997
11,KACTL,112,0.101900
11,simd-v0,112,0.014958
11,393435,112,0.008997
11,ours-406478,112,0.005891
11,simd-v0,113,0.014948
11,393435,113,0.008896
11,ours-406478,113,0.005891
11,KACTL,113,0.101760
11,393435,114,0.008907
11,ours-406478,114,0.005882
11,KACTL,114,0.101870
11,simd-v0,114,0.014948
11,ours-406478,115,0.005891
11,KACTL,115,0.101819
11,simd-v0,115,0.014938
11,393435,115,0.008917
11,KACTL,116,0.110956
11,simd-v0,116,0.014938
11,393435,116,0.009027
11,ours-406478,116,0.006051
11,simd-v0,117,0.014948
11,393435,117,0.008927
11,ours-406478,117,0.005882
11,KACTL,117,0.101870
11,393435,118,0.008897
11,ours-406478,118,0.005891
11,KACTL,118,0.101770
11,simd-v0,118,0.014938
11,ours-406478,119,0.005871
11,KACTL,119,0.101720
11,simd-v0,119,0.014928
11,393435,119,0.008896
11,KACTL,120,0.101850
11,simd-v0,120,0.014928
11,393435,120,0.008916
11,ours-406478,120,0.005901
11,simd-v0,121,0.014968
11,393435,121,0.008927
11,ours-406478,121,0.005901
11,KACTL,121,0.102020
11,393435,122,0.008916
11,ours-406478,122,0.005881
11,KACTL,122,0.101770
11,simd-v0,122,0.014907
11,ours-406478,123,0.005871
11,KACTL,123,0.110535
11,simd-v0,123,0.014938
11,393435,123,0.008946
11,KACTL,124,0.101890
11,simd-v0,124,0.014907
11,393435,124,0.008907
11,ours-406478,124,0.006032
11,simd-v0,125,0.015008
11,393435,125,0.008947
11,ours-406478,125,0.005911
11,KACTL,125,0.101860
11,393435,126,0.008906
11,ours-406478,126,0.005901
11,KACTL,126,0.101901
11,simd-v0,126,0.015008
11,ours-406478,127,0.005882
11,KACTL,127,0.101860
11,simd-v0,127,0.014988
11,393435,127,0.008947
11,KACTL,128,0.101770
11,simd-v0,128,0.014958
11,393435,128,0.008906
11,ours-406478,128,0.005891
11,simd-v0,129,0.014928
11,393435,129,0.009017
11,ours-406478,129,0.005891
11,KACTL,129,0.101780
11,393435,130,0.008907
11,ours-406478,130,0.005961
11,KACTL,130,0.101860
11,simd-v0,130,0.014948
11,ours-406478,131,0.005961
11,KACTL,131,0.110606
11,simd-v0,131,0.014978
11,393435,131,0.008947
11,KACTL,132,0.101940
11,simd-v0,132,0.014988
11,393435,132,0.008917
11,ours-406478,132,0.006001
11,simd-v0,133,0.014958
11,393435,133,0.008907
11,ours-406478,133,0.005991
11,KACTL,133,0.101740
11,393435,134,0.008947
11,ours-406478,134,0.005891
11,KACTL,134,0.101830
11,simd-v0,134,0.014948
11,ours-406478,135,0.005891
11,KACTL,135,0.101790
11,simd-v0,135,0.014928
11,393435,135,0.008987
11,KACTL,136,0.101790
11,simd-v0,136,0.015019
11,393435,136,0.008987
11,ours-406478,136,0.005921
11,simd-v0,137,0.014908
11,393435,137,0.008907
11,ours-406478,137,0.005871
11,KACTL,137,0.102020
11,393435,138,0.008866
11,ours-406478,138,0.005891
11,KACTL,138,0.110917
11,simd-v0,138,0.014937
11,ours-406478,139,0.005951
11,KACTL,139,0.101810
11,simd-v0,139,0.014918
11,393435,139,0.008967
11,KACTL,140,0.101800
11,simd-v0,140,0.014918
11,393435,140,0.008966
11,ours-406478,140,0.005911
11,simd-v0,141,0.014977
11,393435,141,0.008937
11,ours-406478,141,0.005881
11,KACTL,141,0.101669
11,393435,142,0.008916
11,ours-406478,142,0.005881
11,KACTL,142,0.101840
11,simd-v0,142,0.014968
11,ours-406478,143,0.005871
11,KACTL,143,0.101699
11,simd-v0,143,0.014928
11,393435,143,0.008917
11,KACTL,144,0.101730
11,simd-v0,144,0.014907
11,393435,144,0.008896
11,ours-406478,144,0.005881
11,simd-v0,145,0.014997
11,393435,145,0.008917
11,ours-406478,145,0.005881
11,KACTL,145,0.122719
11,393435,146,0.009187
11,ours-406478,146,0.006031
11,KACTL,146,0.102401
11,simd-v0,146,0.015248
11,ours-406478,147,0.005911
11,KACTL,147,0.101800
11,simd-v0,147,0.014958
11,393435,147,0.008896
11,KACTL,148,0.101770
11,simd-v0,148,0.014928
11,393435,148,0.008997
11,ours-406478,148,0.005991
11,simd-v0,149,0.014988
11,393435,149,0.008857
11,ours-406478,149,0.005902
11,KACTL,149,0.101880
11,393435,150,0.008927
11,ours-406478,150,0.005871
11,KACTL,150,0.101890
11,simd-v0,150,0.014958
11,ours-406478,151,0.005891
11,KACTL,151,0.101820
11,simd-v0,151,0.014958
11,393435,151,0.009006
11,KACTL,152,0.101720
11,simd-v0,152,0.014938
11,393435,152,0.008886
11,ours-406478,152,0.017222
11,simd-v0,153,0.014948
11,393435,153,0.009007
11,ours-406478,153,0.005951
11,KACTL,153,0.101829
11,393435,154,0.008906
11,ours-406478,154,0.005891
11,KACTL,154,0.101890
11,simd-v0,154,0.014918
11,ours-406478,155,0.005891
11,KACTL,155,0.101620
11,simd-v0,155,0.015038
11,393435,155,0.008896
11,KACTL,156,0.101850
11,simd-v0,156,0.014948
11,393435,156,0.008877
11,ours-406478,156,0.005901
11,simd-v0,157,0.014998
11,393435,157,0.008906
11,ours-406478,157,0.005881
11,KACTL,157,0.101810
11,393435,158,0.008917
11,ours-406478,158,0.005881
11,KACTL,158,0.101780
11,simd-v0,158,0.015007
11,ours-406478,159,0.005871
11,KACTL,159,0.101820
11,simd-v0,159,0.014948
11,393435,159,0.008897
11,KACTL,160,0.110707
11,simd-v0,160,0.014938
11,393435,160,0.008937
11,ours-406478,160,0.006002
11,simd-v0,161,0.014948
11,393435,161,0.008926
11,ours-406478,161,0.005901
11,KACTL,161,0.102131
11,393435,162,0.008987
11,ours-406478,162,0.005881
11,KACTL,162,0.101870
11,simd-v0,162,0.015038
11,ours-406478,163,0.005881
11,KACTL,163,0.101810
11,simd-v0,163,0.015058
11,393435,163,0.008906
11,KACTL,164,0.101950
11,simd-v0,164,0.014939
11,393435,164,0.008927
11,ours-406478,164,0.005972
11,simd-v0,165,0.014918
11,393435,165,0.008926
11,ours-406478,165,0.005961
11,KACTL,165,0.101859
11,393435,166,0.008947
11,ours-406478,166,0.005971
11,KACTL,166,0.101860
11,simd-v0,166,0.014988
11,ours-406478,167,0.005971
11,KACTL,167,0.111047
11,simd-v0,167,0.015058
11,393435,167,0.008967
11,KACTL,168,0.101941
11,simd-v0,168,0.014988
11,393435,168,0.008917
11,ours-406478,168,0.006031
11,simd-v0,169,0.014898
11,393435,169,0.008937
11,ours-406478,169,0.005891
11,KACTL,169,0.101799
11,393435,170,0.008907
11,ours-406478,170,0.005891
11,KACTL,170,0.101679
11,simd-v0,170,0.015008
11,ours-406478,171,0.005871
11,KACTL,171,0.101900
11,simd-v0,171,0.014928
11,393435,171,0.008977
11,KACTL,172,0.101790
11,simd-v0,172,0.014948
11,393435,172,0.009017
11,ours-406478,172,0.005901
11,simd-v0,173,0.014938
11,393435,173,0.008907
11,ours-406478,173,0.005891
11,KACTL,173,0.101870
11,393435,174,0.008896
11,ours-406478,174,0.005861
11,KACTL,174,0.101790
11,simd-v0,174,0.023934
11,ours-406478,175,0.005931
11,KACTL,175,0.101930
11,simd-v0,175,0.014908
11,393435,175,0.008967
11,KACTL,176,0.101790
11,simd-v0,176,0.014908
11,393435,176,0.008967
11,ours-406478,176,0.005881
11,simd-v0,177,0.014988
11,393435,177,0.008977
11,ours-406478,177,0.005881
11,KACTL,177,0.101729
11,393435,178,0.008947
11,ours-406478,178,0.005891
11,KACTL,178,0.101920
11,simd-v0,178,0.014957
11,ours-406478,179,0.005871
11,KACTL,179,0.101901
11,simd-v0,179,0.014938
11,393435,179,0.008917
11,KACTL,180,0.101990
11,simd-v0,180,0.014888
11,393435,180,0.008906
11,ours-406478,180,0.005891
11,simd-v0,181,0.015028
11,393435,181,0.008917
11,ours-406478,181,0.005891
11,KACTL,181,0.101779
11,393435,182,0.008896
11,ours-406478,182,0.005871
11,KACTL,182,0.110586
11,simd-v0,182,0.014968
11,ours-406478,183,0.005961
11,KACTL,183,0.101790
11,simd-v0,183,0.014948
11,393435,183,0.008987
11,KACTL,184,0.101810
11,simd-v0,184,0.014998
11,393435,184,0.008916
11,ours-406478,184,0.005891
11,simd-v0,185,0.015028
11,393435,185,0.008917
11,ours-406478,185,0.005891
11,KACTL,185,0.101779
11,393435,186,0.009027
11,ours-406478,186,0.005891
11,KACTL,186,0.101990
11,simd-v0,186,0.014998
11,ours-406478,187,0.005871
11,KACTL,187,0.101920
11,simd-v0,187,0.014978
11,393435,187,0.008917
11,KACTL,188,0.101859
11,simd-v0,188,0.014908
11,393435,188,0.008927
11,ours-406478,188,0.005911
11,simd-v0,189,0.014918
11,393435,189,0.008937
11,ours-406478,189,0.005982
11,KACTL,189,0.110667
11,393435,190,0.009027
11,ours-406478,190,0.006111
11,KACTL,190,0.101879
11,simd-v0,190,0.015148
11,ours-406478,191,0.005921
11,KACTL,191,0.101660
11,simd-v0,191,0.015018
11,393435,191,0.008967
11,KACTL,192,0.101900
11,simd-v0,192,0.014928
11,393435,192,0.008907
11,ours-406478,192,0.005891
11,simd-v0,193,0.014938
11,393435,193,0.008897
11,ours-406478,193,0.005941
11,KACTL,193,0.101910
11,393435,194,0.008917
11,ours-406478,194,0.005951
11,KACTL,194,0.101879
11,simd-v0,194,0.015008
11,ours-406478,195,0.005971
11,KACTL,195,0.101860
11,simd-v0,195,0.014948
11,393435,195,0.008987
11,KACTL,196,0.101860
11,simd-v0,196,0.015008
11,393435,196,0.018625
11,ours-406478,196,0.005941
11,simd-v0,197,0.015048
11,393435,197,0.008927
11,ours-406478,197,0.005871
11,KACTL,197,0.102130
11,393435,198,0.008916
11,ours-406478,198,0.005871
11,KACTL,198,0.101779
11,simd-v0,198,0.014988
11,ours-406478,199,0.005871
11,KACTL,199,0.102110
11,simd-v0,199,0.014959
11,393435,199,0.008977
11,KACTL,200,0.101790
11,simd-v0,200,0.014987
11,393435,200,0.008947
11,ours-406478,200,0.005881
11,simd-v0,201,0.015028
11,393435,201,0.008917
11,ours-406478,201,0.005881
11,KACTL,201,0.101820
11,393435,202,0.008957
11,ours-406478,202,0.005901
11,KACTL,202,0.101820
11,simd-v0,202,0.014998
11,ours-406478,203,0.005881
11,KACTL,203,0.101810
11,simd-v0,203,0.014977
11,393435,203,0.008937
11,KACTL,204,0.110566
11,simd-v0,204,0.014958
11,393435,204,0.009027
11,ours-406478,204,0.006022
11,simd-v0,205,0.014948
11,393435,205,0.008937
11,ours-406478,205,0.005882
11,KACTL,205,0.101870
11,393435,206,0.008917
11,ours-406478,206,0.005891
11,KACTL,206,0.101870
11,simd-v0,206,0.014957
11,ours-406478,207,0.005871
11,KACTL,207,0.101759
11,simd-v0,207,0.014918
11,393435,207,0.008907
11,KACTL,208,0.101720
11,simd-v0,208,0.014947
11,393435,208,0.008937
11,ours-406478,208,0.005881
11,simd-v0,209,0.015017
11,393435,209,0.008907
11,ours-406478,209,0.005881
11,KACTL,209,0.101829
11,393435,210,0.008907
11,ours-406478,210,0.005881
11,KACTL,210,0.101840
11,simd-v0,210,0.014958
11,ours-406478,211,0.005871
11,KACTL,211,0.110797
11,simd-v0,211,0.015779
11,393435,211,0.008926
11,KACTL,212,0.101900
11,simd-v0,212,0.014937
11,393435,212,0.008886
11,ours-406478,212,0.010118
11,simd-v0,213,0.015038
11,393435,213,0.008906
11,ours-406478,213,0.005901
11,KACTL,213,0.101850
11,393435,214,0.008917
11,ours-406478,214,0.005881
11,KACTL,214,0.101941
11,simd-v0,214,0.014938
11,ours-406478,215,0.005871
11,KACTL,215,0.101770
11,simd-v0,215,0.014938
11,393435,215,0.008946
11,KACTL,216,0.101880
11,simd-v0,216,0.014947
11,393435,216,0.008906
11,ours-406478,216,0.005881
11,simd-v0,217,0.014927
11,393435,217,0.008977
11,ours-406478,217,0.005891
11,KACTL,217,0.101819
11,393435,218,0.008977
11,ours-406478,218,0.005881
11,KACTL,218,0.101769
11,simd-v0,218,0.014978
11,ours-406478,219,0.005901
11,KACTL,219,0.102090
11,simd-v0,219,0.014988
11,393435,219,0.008987
11,KACTL,220,0.101760
11,simd-v0,220,0.014928
11,393435,220,0.008906
11,ours-406478,220,0.005881
11,simd-v0,221,0.014979
11,393435,221,0.008957
11,ours-406478,221,0.005971
11,KACTL,221,0.101770
11,393435,222,0.008917
11,ours-406478,222,0.005961
11,KACTL,222,0.101760
11,simd-v0,222,0.014908
11,ours-406478,223,0.005962
11,KACTL,223,0.101670
11,simd-v0,223,0.014958
11,393435,223,0.008996
11,KACTL,224,0.101900
11,simd-v0,224,0.015049
11,393435,224,0.008896
11,ours-406478,224,0.005901
11,simd-v0,225,0.014928
11,393435,225,0.008907
11,ours-406478,225,0.005891
11,KACTL,225,0.101699
11,393435,226,0.008916
11,ours-406478,226,0.005881
11,KACTL,226,0.110515
11,simd-v0,226,0.014908
11,ours-406478,227,0.005961
11,KACTL,227,0.101769
11,simd-v0,227,0.014907
11,393435,227,0.009017
11,KACTL,228,0.101830
11,simd-v0,228,0.014948
11,393435,228,0.008987
11,ours-406478,228,0.005901
11,simd-v0,229,0.014948
11,393435,229,0.008926
11,ours-406478,229,0.005891
11,KACTL,229,0.101700
11,393435,230,0.008916
11,ours-406478,230,0.005891
11,KACTL,230,0.101750
11,simd-v0,230,0.014968
11,ours-406478,231,0.005881
11,KACTL,231,0.101739
11,simd-v0,231,0.014937
11,393435,231,0.008927
11,KACTL,232,0.101820
11,simd-v0,232,0.014918
11,393435,232,0.008896
11,ours-406478,232,0.006022
11,simd-v0,233,0.014938
11,393435,233,0.008966
11,ours-406478,233,0.005901
11,KACTL,233,0.111568
11,393435,234,0.008957
11,ours-406478,234,0.005991
11,KACTL,234,0.101890
11,simd-v0,234,0.014978
11,ours-406478,235,0.005911
11,KACTL,235,0.101810
11,simd-v0,235,0.014928
11,393435,235,0.008976
11,KACTL,236,0.101680
11,simd-v0,236,0.014938
11,393435,236,0.008917
11,ours-406478,236,0.005891
11,simd-v0,237,0.014998
11,393435,237,0.008916
11,ours-406478,237,0.005881
11,KACTL,237,0.101780
11,393435,238,0.008916
11,ours-406478,238,0.005921
11,KACTL,238,0.104094
11,simd-v0,238,0.014928
11,ours-406478,239,0.005901
11,KACTL,239,0.101750
11,simd-v0,239,0.014918
11,393435,239,0.008896
11,KACTL,240,0.101810
11,simd-v0,240,0.025368
11,393435,240,0.008976
11,ours-406478,240,0.005981
11,simd-v0,241,0.015008
11,393435,241,0.008917
11,ours-406478,241,0.005871
11,KACTL,241,0.101870
11,393435,242,0.008927
11,ours-406478,242,0.005882
11,KACTL,242,0.101850
11,simd-v0,242,0.014917
11,ours-406478,243,0.005881
11,KACTL,243,0.101750
11,simd-v0,243,0.014937
11,393435,243,0.008957
11,KACTL,244,0.101780
11,simd-v0,244,0.014927
11,393435,244,0.008906
11,ours-406478,244,0.005881
11,simd-v0,245,0.014907
11,393435,245,0.008987
11,ours-406478,245,0.005881
11,KACTL,245,0.101760
11,393435,246,0.008997
11,ours-406478,246,0.005881
11,KACTL,246,0.101789
11,simd-v0,246,0.015008
11,ours-406478,247,0.005900
11,KACTL,247,0.101820
11,simd-v0,247,0.015008
11,393435,247,0.008966
11,KACTL,248,0.110656
11,simd-v0,248,0.014948
11,393435,248,0.008936
11,ours-406478,248,0.006011
11,simd-v0,249,0.014948
11,393435,249,0.008977
11,ours-406478,249,0.005871
11,KACTL,249,0.101730
11,393435,250,0.008947
11,ours-406478,250,0.005982
11,KACTL,250,0.101890
11,simd-v0,250,0.014918
11,ours-406478,251,0.005961
11,KACTL,251,0.101820
11,simd-v0,251,0.014988
11,393435,251,0.008937
11,KACTL,252,0.101910
11,simd-v0,252,0.014998
11,393435,252,0.008896
11,ours-406478,252,0.005911
11,simd-v0,253,0.014918
11,393435,253,0.008896
11,ours-406478,253,0.005881
11,KACTL,253,0.101790
11,393435,254,0.008917
11,ours-406478,254,0.005881
11,KACTL,254,0.101830
11,simd-v0,254,0.014898
11,ours-406478,255,0.005881
11,KACTL,255,0.110767
11,simd-v0,255,0.014928
11,393435,255,0.009027
11,KACTL,256,0.101870
11,simd-v0,256,0.014937
11,393435,256,0.008887
11,ours-406478,256,0.006031
11,simd-v0,257,0.015048
11,393435,257,0.008936
11,ours-406478,257,0.005881
11,KACTL,257,0.102340
11,393435,258,0.008927
11,ours-406478,258,0.005871
11,KACTL,258,0.101769
11,simd-v0,258,0.014968
11,ours-406478,259,0.005891
11,KACTL,259,0.101810
11,simd-v0,259,0.014998
11,393435,259,0.008906
11,KACTL,260,0.101870
11,simd-v0,260,0.014958
11,393435,260,0.008906
11,ours-406478,260,0.005951
11,simd-v0,261,0.014938
11,393435,261,0.008896
11,ours-406478,261,0.005871
11,KACTL,261,0.101870
11,393435,262,0.008916
11,ours-406478,262,0.005891
11,KACTL,262,0.111018
11,simd-v0,262,0.014948
11,ours-406478,263,0.005931
11,KACTL,263,0.101941
11,simd-v0,263,0.014978
11,393435,263,0.008936
11,KACTL,264,0.101710
11,simd-v0,264,0.014938
11,393435,264,0.008927
11,ours-406478,264,0.005881
11,simd-v0,265,0.015159
11,393435,265,0.008897
11,ours-406478,265,0.005881
11,KACTL,265,0.101800
11,393435,266,0.008897
11,ours-406478,266,0.005891
11,KACTL,266,0.101729
11,simd-v0,266,0.014908
11,ours-406478,267,0.005891
11,KACTL,267,0.101840
11,simd-v0,267,0.015058
11,393435,267,0.008916
11,KACTL,268,0.101820
11,simd-v0,268,0.014948
11,393435,268,0.008906
11,ours-406478,268,0.005871
11,simd-v0,269,0.014968
11,393435,269,0.009017
11,ours-406478,269,0.005901
11,KACTL,269,0.101850
11,393435,270,0.009007
11,ours-406478,270,0.005871
11,KACTL,270,0.110857
11,simd-v0,270,0.014958
11,ours-406478,271,0.005941
11,KACTL,271,0.101820
11,simd-v0,271,0.014957
11,393435,271,0.008937
11,KACTL,272,0.101830
11,simd-v0,272,0.014968
11,393435,272,0.008897
11,ours-406478,272,0.005891
11,simd-v0,273,0.014967
11,393435,273,0.009007
11,ours-406478,273,0.005871
11,KACTL,273,0.101800
11,393435,274,0.008897
11,ours-406478,274,0.005962
11,KACTL,274,0.101820
11,simd-v0,274,0.015018
11,ours-406478,275,0.005891
11,KACTL,275,0.101800
11,simd-v0,275,0.015028
11,393435,275,0.008977
11,KACTL,276,0.101799
11,simd-v0,276,0.014988
11,393435,276,0.008877
11,ours-406478,276,0.005891
11,simd-v0,277,0.015088
11,393435,277,0.008907
11,ours-406478,277,0.005870
11,KACTL,277,0.111658
11,393435,278,0.008987
11,ours-406478,278,0.006021
11,KACTL,278,0.101789
11,simd-v0,278,0.015128
11,ours-406478,279,0.005861
11,KACTL,279,0.101810
11,simd-v0,279,0.015019
11,393435,279,0.008957
11,KACTL,280,0.101890
11,simd-v0,280,0.014988
11,393435,280,0.008917
11,ours-406478,280,0.005891
11,simd-v0,281,0.014928
11,393435,281,0.008917
11,ours-406478,281,0.005891
11,KACTL,281,0.101800
11,393435,282,0.008907
11,ours-406478,282,0.005900
11,KACTL,282,0.101830
11,simd-v0,282,0.014927
11,ours-406478,283,0.005871
11,KACTL,283,0.101910
11,simd-v0,283,0.014928
11,393435,283,0.008897
11,KACTL,284,0.101921
11,simd-v0,284,0.041177
11,393435,284,0.009097
11,ours-406478,284,0.006162
11,simd-v0,285,0.014978
11,393435,285,0.008937
11,ours-406478,285,0.005870
11,KACTL,285,0.102111
11,393435,286,0.008917
11,ours-406478,286,0.005942
11,KACTL,286,0.101780
11,simd-v0,286,0.014948
11,ours-406478,287,0.005951
11,KACTL,287,0.101790
11,simd-v0,287,0.015118
11,393435,287,0.008916
11,KACTL,288,0.101940
11,simd-v0,288,0.015019
11,393435,288,0.008917
11,ours-406478,288,0.005871
11,simd-v0,289,0.014937
11,393435,289,0.008906
11,ours-406478,289,0.005871
11,KACTL,289,0.101779
11,393435,290,0.008906
11,ours-406478,290,0.005891
11,KACTL,290,0.101800
11,simd-v0,290,0.014907
11,ours-406478,291,0.005881
11,KACTL,291,0.101900
11,simd-v0,291,0.014928
11,393435,291,0.008946
11,KACTL,292,0.111718
11,simd-v0,292,0.015018
11,393435,292,0.008946
11,ours-406478,292,0.005991
11,simd-v0,293,0.014957
11,393435,293,0.008887
11,ours-406478,293,0.005891
11,KACTL,293,0.101780
11,393435,294,0.008907
11,ours-406478,294,0.005881
11,KACTL,294,0.101881
11,simd-v0,294,0.014948
11,ours-406478,295,0.005870
11,KACTL,295,0.101970
11,simd-v0,295,0.014979
11,393435,295,0.008947
11,KACTL,296,0.101960
11,simd-v0,296,0.014898
11,393435,296,0.008897
11,ours-406478,296,0.005961
11,simd-v0,297,0.015008
11,393435,297,0.008907
11,ours-406478,297,0.005881
11,KACTL,297,0.101940
11,393435,298,0.008927
11,ours-406478,298,0.005861
11,KACTL,298,0.101900
11,simd-v0,298,0.014968
11,ours-406478,299,0.005891
11,KACTL,299,0.111608
11,simd-v0,299,0.014938
11,393435,299,0.008927
11,KACTL,300,0.101970
11,simd-v0,300,0.015759
11,393435,300,0.008907
11,ours-406478,300,0.006001
11,simd-v0,301,0.014948
11,393435,301,0.008917
11,ours-406478,301,0.005880
11,KACTL,301,0.101970
11,393435,302,0.008906
11,ours-406478,302,0.005861
11,KACTL,302,0.101890
11,simd-v0,302,0.014958
11,ours-406478,303,0.005851
11,KACTL,303,0.101900
11,simd-v0,303,0.014978
11,393435,303,0.008896
11,KACTL,304,0.101760
11,simd-v0,304,0.014948
11,393435,304,0.008896
11,ours-406478,304,0.005882
11,simd-v0,305,0.014978
11,393435,305,0.009057
11,ours-406478,305,0.005871
11,KACTL,305,0.101749
11,393435,306,0.008986
11,ours-406478,306,0.005871
11,KACTL,306,0.110426
11,simd-v0,306,0.015008
11,ours-406478,307,0.005911
11,KACTL,307,0.102100
11,simd-v0,307,0.014957
11,393435,307,0.008967
11,KACTL,308,0.102481
11,simd-v0,308,0.014898
11,393435,308,0.008877
11,ours-406478,308,0.005881
11,simd-v0,309,0.014958
11,393435,309,0.008957
11,ours-406478,309,0.005881
11,KACTL,309,0.101910
11,393435,310,0.008947
11,ours-406478,310,0.005951
11,KACTL,310,0.101860
11,simd-v0,310,0.014958
11,ours-406478,311,0.005941
11,KACTL,311,0.104314
11,simd-v0,311,0.014988
11,393435,311,0.008906
11,KACTL,312,0.101930
11,simd-v0,312,0.015008
11,393435,312,0.008876
11,ours-406478,312,0.006011
11,simd-v0,313,0.014948
11,393435,313,0.008887
11,ours-406478,313,0.005891
11,KACTL,313,0.101749
11,393435,314,0.018004
11,ours-406478,314,0.006012
11,KACTL,314,0.101880
11,simd-v0,314,0.014968
11,ours-406478,315,0.005961
11,KACTL,315,0.101920
11,simd-v0,315,0.014939
11,393435,315,0.009017
11,KACTL,316,0.101869
11,simd-v0,316,0.015078
11,393435,316,0.008886
11,ours-406478,316,0.005911
11,simd-v0,317,0.014947
11,393435,317,0.008966
11,ours-406478,317,0.005921
11,KACTL,317,0.101979
11,393435,318,0.008927
11,ours-406478,318,0.005901
11,KACTL,318,0.101830
11,simd-v0,318,0.014958
11,ours-406478,319,0.005891
11,KACTL,319,0.101890
11,simd-v0,319,0.014938
11,393435,319,0.009007
11,KACTL,320,0.101930
11,simd-v0,320,0.014938
11,393435,320,0.009006
11,ours-406478,320,0.005881
11,simd-v0,321,0.014978
11,393435,321,0.008906
11,ours-406478,321,0.005891
11,KACTL,321,0.112039
11,393435,322,0.008947
11,ours-406478,322,0.005951
11,KACTL,322,0.101980
11,simd-v0,322,0.014958
11,ours-406478,323,0.005871
11,KACTL,323,0.101830
11,simd-v0,323,0.014978
11,393435,323,0.008956
11,KACTL,324,0.101860
11,simd-v0,324,0.014918
11,393435,324,0.009006
11,ours-406478,324,0.005891
11,simd-v0,325,0.014927
11,393435,325,0.008927
11,ours-406478,325,0.005881
11,KACTL,325,0.101779
11,393435,326,0.008957
11,ours-406478,326,0.005891
11,KACTL,326,0.101900
11,simd-v0,326,0.014938
11,ours-406478,327,0.005881
11,KACTL,327,0.101820
11,simd-v0,327,0.014959
11,393435,327,0.008927
11,KACTL,328,0.110666
11,simd-v0,328,0.014988
11,393435,328,0.008946
11,ours-406478,328,0.006021
11,simd-v0,329,0.014918
11,393435,329,0.008927
11,ours-406478,329,0.005881
11,KACTL,329,0.101950
11,393435,330,0.008916
11,ours-406478,330,0.005891
11,KACTL,330,0.101830
11,simd-v0,330,0.014938
11,ours-406478,331,0.005891
11,KACTL,331,0.101810
11,simd-v0,331,0.014918
11,393435,331,0.008926
11,KACTL,332,0.101850
11,simd-v0,332,0.014928
11,393435,332,0.008907
11,ours-406478,332,0.005891
11,simd-v0,333,0.014988
11,393435,333,0.008926
11,ours-406478,333,0.005890
11,KACTL,333,0.101930
11,393435,334,0.008997
11,ours-406478,334,0.005891
11,KACTL,334,0.101800
11,simd-v0,334,0.014998
11,ours-406478,335,0.005881
11,KACTL,335,0.101990
11,simd-v0,335,0.014998
11,393435,335,0.017783
11,KACTL,336,0.101870
11,simd-v0,336,0.014958
11,393435,336,0.008947
11,ours-406478,336,0.006022
11,simd-v0,337,0.014988
11,393435,337,0.008977
11,ours-406478,337,0.005901
11,KACTL,337,0.102000
11,393435,338,0.008997
11,ours-406478,338,0.005881
11,KACTL,338,0.101800
11,simd-v0,338,0.015028
11,ours-406478,339,0.005891
11,KACTL,339,0.102000
11,simd-v0,339,0.014998
11,393435,339,0.008927
11,KACTL,340,0.101670
11,simd-v0,340,0.014988
11,393435,340,0.008927
11,ours-406478,340,0.005880
11,simd-v0,341,0.014928
11,393435,341,0.008916
11,ours-406478,341,0.005870
11,KACTL,341,0.102000
11,393435,342,0.008916
11,ours-406478,342,0.005901
11,KACTL,342,0.101769
11,simd-v0,342,0.014928
11,ours-406478,343,0.005901
11,KACTL,343,0.112560
11,simd-v0,343,0.015018
11,393435,343,0.008947
11,KACTL,344,0.101800
11,simd-v0,344,0.015028
11,393435,344,0.008886
11,ours-406478,344,0.006051
11,simd-v0,345,0.014919
11,393435,345,0.008917
11,ours-406478,345,0.005881
11,KACTL,345,0.102031
11,393435,346,0.008957
11,ours-406478,346,0.005871
11,KACTL,346,0.101840
11,simd-v0,346,0.014968
11,ours-406478,347,0.005881
11,KACTL,347,0.101800
11,simd-v0,347,0.014937
11,393435,347,0.008977
11,KACTL,348,0.101800
11,simd-v0,348,0.014908
11,393435,348,0.008977
11,ours-406478,348,0.005901
11,simd-v0,349,0.014928
11,393435,349,0.008917
11,ours-406478,349,0.005881
11,KACTL,349,0.101639
11,393435,350,0.008916
11,ours-406478,350,0.005891
11,KACTL,350,0.110787
11,simd-v0,350,0.014988
11,ours-406478,351,0.005911
11,KACTL,351,0.101970
11,simd-v0,351,0.014978
11,393435,351,0.009087
11,KACTL,352,0.101910
11,simd-v0,352,0.014937
11,393435,352,0.008887
11,ours-406478,352,0.005971
11,simd-v0,353,0.014927
11,393435,353,0.008896
11,ours-406478,353,0.005871
11,KACTL,353,0.101860
11,393435,354,0.008947
11,ours-406478,354,0.005881
11,KACTL,354,0.101860
11,simd-v0,354,0.014928
11,ours-406478,355,0.005881
11,KACTL,355,0.101900
11,simd-v0,355,0.014937
11,393435,355,0.008917
11,KACTL,356,0.101800
11,simd-v0,356,0.014938
11,393435,356,0.008957
11,ours-406478,356,0.005871
11,simd-v0,357,0.015018
11,393435,357,0.008937
11,ours-406478,357,0.005880
11,KACTL,357,0.110556
11,393435,358,0.008937
11,ours-406478,358,0.005921
11,KACTL,358,0.101930
11,simd-v0,358,0.014917
11,ours-406478,359,0.005901
11,KACTL,359,0.102000
11,simd-v0,359,0.015058
11,393435,359,0.008977
11,KACTL,360,0.101990
11,simd-v0,360,0.014968
11,393435,360,0.008947
11,ours-406478,360,0.006001
11,simd-v0,361,0.014998
11,393435,361,0.008926
11,ours-406478,361,0.005891
11,KACTL,361,0.102061
11,393435,362,0.008897
11,ours-406478,362,0.005881
11,KACTL,362,0.101719
11,simd-v0,362,0.014948
11,ours-406478,363,0.005862
11,KACTL,363,0.101950
11,simd-v0,363,0.014959
11,393435,363,0.008907
11,KACTL,364,0.101830
11,simd-v0,364,0.014957
11,393435,364,0.008887
11,ours-406478,364,0.005881
11,simd-v0,365,0.014958
11,393435,365,0.008967
11,ours-406478,365,0.005891
11,KACTL,365,0.111838
11,393435,366,0.009017
11,ours-406478,366,0.005971
11,KACTL,366,0.101850
11,simd-v0,366,0.015008
11,ours-406478,367,0.005880
11,KACTL,367,0.102020
11,simd-v0,367,0.015018
11,393435,367,0.008927
11,KACTL,368,0.101789
11,simd-v0,368,0.014928
11,393435,368,0.008897
11,ours-406478,368,0.005911
11,simd-v0,369,0.014978
11,393435,369,0.008917
11,ours-406478,369,0.005961
11,KACTL,369,0.101870
11,393435,370,0.008906
11,ours-406478,370,0.005871
11,KACTL,370,0.101829
11,simd-v0,370,0.014998
11,ours-406478,371,0.005952
11,KACTL,371,0.102311
11,simd-v0,371,0.014928
11,393435,371,0.009006
11,KACTL,372,0.110666
11,simd-v0,372,0.015048
11,393435,372,0.008937
11,ours-406478,372,0.005971
11,simd-v0,373,0.014938
11,393435,373,0.008907
11,ours-406478,373,0.005911
11,KACTL,373,0.102000
11,393435,374,0.008896
11,ours-406478,374,0.005871
11,KACTL,374,0.101830
11,simd-v0,374,0.014917
11,ours-406478,375,0.005901
11,KACTL,375,0.101760
11,simd-v0,375,0.014918
11,393435,375,0.008907
11,KACTL,376,0.101690
11,simd-v0,376,0.014918
11,393435,376,0.008967
11,ours-406478,376,0.005891
11,simd-v0,377,0.014979
11,393435,377,0.008906
11,ours-406478,377,0.005891
11,KACTL,377,0.101880
11,393435,378,0.008897
11,ours-406478,378,0.005871
11,KACTL,378,0.101789
11,simd-v0,378,0.014958
11,ours-406478,379,0.005882
11,KACTL,379,0.101870
11,simd-v0,379,0.014968
11,393435,379,0.008977
11,KACTL,380,0.101880
11,simd-v0,380,0.014878
11,393435,380,0.008917
11,ours-406478,380,0.006081
11,simd-v0,381,0.014937
11,393435,381,0.008967
11,ours-406478,381,0.005881
11,KACTL,381,0.101940
11,393435,382,0.008897
11,ours-406478,382,0.005902
11,KACTL,382,0.101950
11,simd-v0,382,0.014968
11,ours-406478,383,0.005881
11,KACTL,383,0.102120
11,simd-v0,383,0.014957
11,393435,383,0.008906
11,KACTL,384,0.104235
11,simd-v0,384,0.014898
11,393435,384,0.008907
11,ours-406478,384,0.005941
11,simd-v0,385,0.015028
11,393435,385,0.008937
11,ours-406478,385,0.005901
11,KACTL,385,0.101940
11,393435,386,0.008897
11,ours-406478,386,0.005891
11,KACTL,386,0.101790
11,simd-v0,386,0.014908
11,ours-406478,387,0.005911
11,KACTL,387,0.122198
11,simd-v0,387,0.015079
11,393435,387,0.009087
11,KACTL,388,0.101780
11,simd-v0,388,0.014978
11,393435,388,0.008896
11,ours-406478,388,0.006121
11,simd-v0,389,0.014958
11,393435,389,0.008907
11,ours-406478,389,0.005880
11,KACTL,389,0.101840
11,393435,390,0.008926
11,ours-406478,390,0.005891
11,KACTL,390,0.101760
11,simd-v0,390,0.014977
11,ours-406478,391,0.005901
11,KACTL,391,0.101931
11,simd-v0,391,0.015048
11,393435,391,0.008926
11,KACTL,392,0.101880
11,simd-v0,392,0.014937
11,393435,392,0.008896
11,ours-406478,392,0.005881
11,simd-v0,393,0.014957
11,393435,393,0.008957
11,ours-406478,393,0.005881
11,KACTL,393,0.101780
11,393435,394,0.008997
11,ours-406478,394,0.005891
11,KACTL,394,0.111467
11,simd-v0,394,0.014918
11,ours-406478,395,0.005931
11,KACTL,395,0.102030
11,simd-v0,395,0.014947
11,393435,395,0.008926
11,KACTL,396,0.101920
11,simd-v0,396,0.014998
11,393435,396,0.008917
11,ours-406478,396,0.005881
11,simd-v0,397,0.014938
11,393435,397,0.008957
11,ours-406478,397,0.005881
11,KACTL,397,0.101910
11,393435,398,0.009036
11,ours-406478,398,0.005881
11,KACTL,398,0.101809
11,simd-v0,398,0.015038
11,ours-406478,399,0.005880
11,KACTL,399,0.101940
11,simd-v0,399,0.014999
11,393435,399,0.008897
11,KACTL,400,0.101760
11,simd-v0,400,0.015008
11,393435,400,0.008876
11,ours-406478,400,0.005901
11,simd-v0,401,0.015048
11,393435,401,0.008917
11,ours-406478,401,0.005981
11,KACTL,401,0.111698
11,393435,402,0.009057
11,ours-406478,402,0.005981
11,KACTL,402,0.101900
11,simd-v0,402,0.015109
11,ours-406478,403,0.005881
11,KACTL,403,0.101870
11,simd-v0,403,0.015058
11,393435,403,0.008916
11,KACTL,404,0.101770
11,simd-v0,404,0.014948
11,393435,404,0.008886
11,ours-406478,404,0.005911
11,simd-v0,405,0.014918
11,393435,405,0.008896
11,ours-406478,405,0.005891
11,KACTL,405,0.101860
11,393435,406,0.008916
11,ours-406478,406,0.005861
11,KACTL,406,0.101720
11,simd-v0,406,0.014918
11,ours-406478,407,0.005861
11,KACTL,407,0.101820
11,simd-v0,407,0.014937
11,393435,407,0.008977
11,KACTL,408,0.101849
11,simd-v0,408,0.014938
11,393435,408,0.008977
11,ours-406478,408,0.005900
11,simd-v0,409,0.014958
11,393435,409,0.008947
11,ours-406478,409,0.005951
11,KACTL,409,0.101980
11,393435,410,0.008917
11,ours-406478,410,0.005891
11,KACTL,410,0.101960
11,simd-v0,410,0.014908
11,ours-406478,411,0.005871
11,KACTL,411,0.101950
11,simd-v0,411,0.014958
11,393435,411,0.008927
11,KACTL,412,0.101690
11,simd-v0,412,0.014918
11,393435,412,0.008997
11,ours-406478,412,0.005891
11,simd-v0,413,0.015018
11,393435,413,0.008916
11,ours-406478,413,0.005891
11,KACTL,413,0.102020
11,393435,414,0.008897
11,ours-406478,414,0.005881
11,KACTL,414,0.101870
11,simd-v0,414,0.014928
11,ours-406478,415,0.005861
11,KACTL,415,0.101810
11,simd-v0,415,0.014968
11,393435,415,0.008917
11,KACTL,416,0.110887
11,simd-v0,416,0.014898
11,393435,416,0.008937
11,ours-406478,416,0.006082
11,simd-v0,417,0.014898
11,393435,417,0.008946
11,ours-406478,417,0.005901
11,KACTL,417,0.101769
11,393435,418,0.008946
11,ours-406478,418,0.005881
11,KACTL,418,0.101950
11,simd-v0,418,0.014928
11,ours-406478,419,0.005880
11,KACTL,419,0.101940
11,simd-v0,419,0.014897
11,393435,419,0.008937
11,KACTL,420,0.101900
11,simd-v0,420,0.014898
11,393435,420,0.008907
11,ours-406478,420,0.005901
11,simd-v0,421,0.015018
11,393435,421,0.008937
11,ours-406478,421,0.005891
11,KACTL,421,0.102000
11,393435,422,0.008987
11,ours-406478,422,0.005881
11,KACTL,422,0.101930
11,simd-v0,422,0.015008
11,ours-406478,423,0.005870
11,KACTL,423,0.110646
11,simd-v0,423,0.014928
11,393435,423,0.008946
11,KACTL,424,0.101900
11,simd-v0,424,0.014907
11,393435,424,0.008907
11,ours-406478,424,0.005991
11,simd-v0,425,0.014908
11,393435,425,0.008987
11,ours-406478,425,0.005880
11,KACTL,425,0.101840
11,393435,426,0.008986
11,ours-406478,426,0.005881
11,KACTL,426,0.101950
11,simd-v0,426,0.014978
11,ours-406478,427,0.005881
11,KACTL,427,0.101900
11,simd-v0,427,0.014988
11,393435,427,0.008916
11,KACTL,428,0.101840
11,simd-v0,428,0.015028
11,393435,428,0.008936
11,ours-406478,428,0.005891
11,simd-v0,429,0.014928
11,393435,429,0.008917
11,ours-406478,429,0.005901
11,KACTL,429,0.101940
11,393435,430,0.008907
11,ours-406478,430,0.005891
11,KACTL,430,0.101800
11,simd-v0,430,0.014948
11,ours-406478,431,0.005881
11,KACTL,431,0.110747
11,simd-v0,431,0.014997
11,393435,431,0.008977
11,KACTL,432,0.101971
11,simd-v0,432,0.015008
11,393435,432,0.008896
11,ours-406478,432,0.006011
11,simd-v0,433,0.014918
11,393435,433,0.008927
11,ours-406478,433,0.005911
11,KACTL,433,0.101780
11,393435,434,0.008927
11,ours-406478,434,0.005901
11,KACTL,434,0.101900
11,simd-v0,434,0.014908
11,ours-406478,435,0.005871
11,KACTL,435,0.101970
11,simd-v0,435,0.015028
11,393435,435,0.008927
11,KACTL,436,0.101910
11,simd-v0,436,0.014908
11,393435,436,0.009007
11,ours-406478,436,0.005891
11,simd-v0,437,0.014898
11,393435,437,0.008956
11,ours-406478,437,0.005881
11,KACTL,437,0.102011
11,393435,438,0.008906
11,ours-406478,438,0.005901
11,KACTL,438,0.111127
11,simd-v0,438,0.014928
11,ours-406478,439,0.005931
11,KACTL,439,0.101970
11,simd-v0,439,0.014999
11,393435,439,0.008957
11,KACTL,440,0.102270
11,simd-v0,440,0.014918
11,393435,440,0.008917
11,ours-406478,440,0.005961
11,simd-v0,441,0.014938
11,393435,441,0.008917
11,ours-406478,441,0.005901
11,KACTL,441,0.101810
11,393435,442,0.008897
11,ours-406478,442,0.005901
11,KACTL,442,0.101750
11,simd-v0,442,0.014928
11,ours-406478,443,0.005891
11,KACTL,443,0.101980
11,simd-v0,443,0.014917
11,393435,443,0.008957
11,KACTL,444,0.101809
11,simd-v0,444,0.014998
11,393435,444,0.008896
11,ours-406478,444,0.006011
11,simd-v0,445,0.015008
11,393435,445,0.008937
11,ours-406478,445,0.005891
11,KACTL,445,0.111598
11,393435,446,0.008977
11,ours-406478,446,0.005931
11,KACTL,446,0.101760
11,simd-v0,446,0.014978
11,ours-406478,447,0.005870
11,KACTL,447,0.101960
11,simd-v0,447,0.014958
11,393435,447,0.008927
11,KACTL,448,0.101910
11,simd-v0,448,0.014928
11,393435,448,0.008887
11,ours-406478,448,0.005902
11,simd-v0,449,0.015058
11,393435,449,0.008966
11,ours-406478,449,0.005871
11,KACTL,449,0.101870
11,393435,450,0.008916
11,ours-406478,450,0.005881
11,KACTL,450,0.102061
11,simd-v0,450,0.015018
11,ours-406478,451,0.005881
11,KACTL,451,0.101810
11,simd-v0,451,0.014938
11,393435,451,0.008927
11,KACTL,452,0.101870
11,simd-v0,452,0.014918
11,393435,452,0.008897
11,ours-406478,452,0.005861
11,simd-v0,453,0.024045
11,393435,453,0.008907
11,ours-406478,453,0.005951
11,KACTL,453,0.102030
11,393435,454,0.008987
11,ours-406478,454,0.005871
11,KACTL,454,0.101810
11,simd-v0,454,0.015199
11,ours-406478,455,0.005861
11,KACTL,455,0.101699
11,simd-v0,455,0.015018
11,393435,455,0.008907
11,KACTL,456,0.101900
11,simd-v0,456,0.014948
11,393435,456,0.008917
11,ours-406478,456,0.005881
11,simd-v0,457,0.014898
11,393435,457,0.008906
11,ours-406478,457,0.005952
11,KACTL,457,0.104265
11,393435,458,0.008967
11,ours-406478,458,0.005891
11,KACTL,458,0.101860
11,simd-v0,458,0.014928
11,ours-406478,459,0.005961
11,KACTL,459,0.101860
11,simd-v0,459,0.014938
11,393435,459,0.008986
11,KACTL,460,0.111017
11,simd-v0,460,0.015008
11,393435,460,0.008967
11,ours-406478,460,0.006021
11,simd-v0,461,0.014937
11,393435,461,0.008896
11,ours-406478,461,0.005881
11,KACTL,461,0.101910
11,393435,462,0.008896
11,ours-406478,462,0.005881
11,KACTL,462,0.101729
11,simd-v0,462,0.014958
11,ours-406478,463,0.005871
11,KACTL,463,0.101990
11,simd-v0,463,0.014928
11,393435,463,0.008967
11,KACTL,464,0.101830
11,simd-v0,464,0.014928
11,393435,464,0.008957
11,ours-406478,464,0.005901
11,simd-v0,465,0.014927
11,393435,465,0.008927
11,ours-406478,465,0.005871
11,KACTL,465,0.101839
11,393435,466,0.008967
11,ours-406478,466,0.005871
11,KACTL,466,0.101900
11,simd-v0,466,0.014988
11,ours-406478,467,0.005881
11,KACTL,467,0.110526
11,simd-v0,467,0.014918
11,393435,467,0.008957
11,KACTL,468,0.101850
11,simd-v0,468,0.014948
11,393435,468,0.008907
11,ours-406478,468,0.006011
11,simd-v0,469,0.014938
11,393435,469,0.008907
11,ours-406478,469,0.005902
11,KACTL,469,0.101880
11,393435,470,0.008897
11,ours-406478,470,0.005921
11,KACTL,470,0.101930
11,simd-v0,470,0.014948
11,ours-406478,471,0.005881
11,KACTL,471,0.101980
11,simd-v0,471,0.014998
11,393435,471,0.008906
11,KACTL,472,0.101950
11,simd-v0,472,0.014938
11,393435,472,0.008907
11,ours-406478,472,0.005871
11,simd-v0,473,0.015028
11,393435,473,0.008867
11,ours-406478,473,0.005891
11,KACTL,473,0.101930
11,393435,474,0.008937
11,ours-406478,474,0.005882
11,KACTL,474,0.101900
11,simd-v0,474,0.014958
11,ours-406478,475,0.005871
11,KACTL,475,0.110325
11,simd-v0,475,0.014928
11,393435,475,0.008937
11,KACTL,476,0.101830
11,simd-v0,476,0.014978
11,393435,476,0.008946
11,ours-406478,476,0.005981
11,simd-v0,477,0.014988
11,393435,477,0.008887
11,ours-406478,477,0.005881
11,KACTL,477,0.101870
11,393435,478,0.008977
11,ours-406478,478,0.005891
11,KACTL,478,0.101720
11,simd-v0,478,0.015028
11,ours-406478,479,0.005871
11,KACTL,479,0.101990
11,simd-v0,479,0.015017
11,393435,479,0.008917
11,KACTL,480,0.101900
11,simd-v0,480,0.014928
11,393435,480,0.008877
11,ours-406478,480,0.005871
11,simd-v0,481,0.014948
11,393435,481,0.008887
11,ours-406478,481,0.005961
11,KACTL,481,0.101940
11,393435,482,0.008886
11,ours-406478,482,0.005891
11,KACTL,482,0.110646
11,simd-v0,482,0.014998
11,ours-406478,483,0.005961
11,KACTL,483,0.102090
11,simd-v0,483,0.015017
11,393435,483,0.008937
11,KACTL,484,0.102612
11,simd-v0,484,0.014998
11,393435,484,0.008916
11,ours-406478,484,0.005901
11,simd-v0,485,0.014978
11,393435,485,0.008936
11,ours-406478,485,0.005911
11,KACTL,485,0.108413
11,393435,486,0.012784
11,ours-406478,486,0.008215
11,KACTL,486,0.133820
11,simd-v0,486,0.015329
11,ours-406478,487,0.006131
11,KACTL,487,0.101890
11,simd-v0,487,0.015038
11,393435,487,0.009197
11,KACTL,488,0.101920
11,simd-v0,488,0.014958
11,393435,488,0.008956
11,ours-406478,488,0.005901
11,simd-v0,489,0.014928
11,393435,489,0.008907
11,ours-406478,489,0.005881
11,KACTL,489,0.115044
11,393435,490,0.008977
11,ours-406478,490,0.005991
11,KACTL,490,0.101920
11,simd-v0,490,0.014938
11,ours-406478,491,0.005881
11,KACTL,491,0.102621
11,simd-v0,491,0.014908
11,393435,491,0.008907
11,KACTL,492,0.101840
11,simd-v0,492,0.014928
11,393435,492,0.009007
11,ours-406478,492,0.005911
11,simd-v0,493,0.014978
11,393435,493,0.008937
11,ours-406478,493,0.005901
11,KACTL,493,0.101900
11,393435,494,0.008937
11,ours-406478,494,0.005891
11,KACTL,494,0.101710
11,simd-v0,494,0.014938
11,ours-406478,495,0.005861
11,KACTL,495,0.101900
11,simd-v0,495,0.014907
11,393435,495,0.008877
11,KACTL,496,0.110927
11,simd-v0,496,0.014918
11,393435,496,0.008967
11,ours-406478,496,0.006031
11,simd-v0,497,0.014918
11,393435,497,0.008946
11,ours-406478,497,0.005911
11,KACTL,497,0.101799
11,393435,498,0.008916
11,ours-406478,498,0.005891
11,KACTL,498,0.101759
11,simd-v0,498,0.014958
11,ours-406478,499,0.005881
11,KACTL,499,0.101860
11,simd-v0,499,0.014938
11,393435,499,0.008896
11,KACTL,500,0.101860
11,simd-v0,500,0.014918
11,393435,500,0.008946
11,ours-406478,500,0.005891
11,simd-v0,501,0.015008
11,393435,501,0.008926
11,ours-406478,501,0.005901
11,KACTL,501,0.101961
11,393435,502,0.009087
11,ours-406478,502,0.005901
11,KACTL,502,0.101760
11,simd-v0,502,0.015028
11,ours-406478,503,0.005891
11,KACTL,503,0.101861
11,simd-v0,503,0.015028
11,393435,503,0.017662
11,KACTL,504,0.101910
11,simd-v0,504,0.014998
11,393435,504,0.008916
11,ours-406478,504,0.006011
11,simd-v0,505,0.014907
11,393435,505,0.008997
11,ours-406478,505,0.005911
11,KACTL,505,0.101890
11,393435,506,0.008977
11,ours-406478,506,0.005891
11,KACTL,506,0.101850
11,simd-v0,506,0.014978
11,ours-406478,507,0.005871
11,KACTL,507,0.101700
11,simd-v0,507,0.014999
11,393435,507,0.008957
11,KACTL,508,0.101830
11,simd-v0,508,0.015008
11,393435,508,0.008887
11,ours-406478,508,0.005891
11,simd-v0,509,0.014898
11,393435,509,0.008927
11,ours-406478,509,0.005911
11,KACTL,509,0.101930
11,393435,510,0.008927
11,ours-406478,510,0.005871
11,KACTL,510,0.101790
11,simd-v0,510,0.014898
11,ours-406478,511,0.005891
11,KACTL,511,0.110877
11,simd-v0,511,0.014907
11,393435,511,0.008957
11,KACTL,512,0.101950
11,simd-v0,512,0.015109
11,393435,512,0.008936
11,ours-406478,512,0.006062
11,simd-v0,513,0.014958
11,393435,513,0.008927
11,ours-406478,513,0.005902
11,KACTL,513,0.102562
11,393435,514,0.008927
11,ours-406478,514,0.005902
11,KACTL,514,0.101840
11,simd-v0,514,0.014927
11,ours-406478,515,0.005871
11,KACTL,515,0.102140
11,simd-v0,515,0.014907
11,393435,515,0.008897
11,KACTL,516,0.101670
11,simd-v0,516,0.014928
11,393435,516,0.009007
11,ours-406478,516,0.005881
11,simd-v0,517,0.014907
11,393435,517,0.008946
11,ours-406478,517,0.005901
11,KACTL,517,0.101890
11,393435,518,0.008907
11,ours-406478,518,0.005881
11,KACTL,518,0.110826
11,simd-v0,518,0.014968
11,ours-406478,519,0.005940
11,KACTL,519,0.101930
11,simd-v0,519,0.014928
11,393435,519,0.008937
11,KACTL,520,0.101750
11,simd-v0,520,0.014898
11,393435,520,0.008876
11,ours-406478,520,0.005951
11,simd-v0,521,0.014898
11,393435,521,0.008927
11,ours-406478,521,0.005881
11,KACTL,521,0.101859
11,393435,522,0.008957
11,ours-406478,522,0.005891
11,KACTL,522,0.101830
11,simd-v0,522,0.014938
11,ours-406478,523,0.005891
11,KACTL,523,0.101970
11,simd-v0,523,0.015028
11,393435,523,0.008927
11,KACTL,524,0.101809
11,simd-v0,524,0.014898
11,393435,524,0.008907
11,ours-406478,524,0.005891
11,simd-v0,525,0.014998
11,393435,525,0.008917
11,ours-406478,525,0.005891
11,KACTL,525,0.110796
11,393435,526,0.008957
11,ours-406478,526,0.005922
11,KACTL,526,0.101800
11,simd-v0,526,0.014948
11,ours-406478,527,0.005901
11,KACTL,527,0.101890
11,simd-v0,527,0.014928
11,393435,527,0.008916
11,KACTL,528,0.101769
11,simd-v0,528,0.015068
11,393435,528,0.008897
11,ours-406478,528,0.006001
11,simd-v0,529,0.015069
11,393435,529,0.008847
11,ours-406478,529,0.005881
11,KACTL,529,0.101830
11,393435,530,0.008967
11,ours-406478,530,0.005881
11,KACTL,530,0.105025
11,simd-v0,530,0.014938
11,ours-406478,531,0.005901
11,KACTL,531,0.101899
11,simd-v0,531,0.014988
11,393435,531,0.008906
11,KACTL,532,0.101850
11,simd-v0,532,0.014908
11,393435,532,0.009006
11,ours-406478,532,0.005871
11,simd-v0,533,0.014968
11,393435,533,0.008986
11,ours-406478,533,0.016150
11,KACTL,533,0.101980
11,393435,534,0.008967
11,ours-406478,534,0.005911
11,KACTL,534,0.101810
11,simd-v0,534,0.015038
11,ours-406478,535,0.005880
11,KACTL,535,0.101880
11,simd-v0,535,0.014959
11,393435,535,0.008887
11,KACTL,536,0.101840
11,simd-v0,536,0.014937
11,393435,536,0.008897
11,ours-406478,536,0.005901
11,simd-v0,537,0.014967
11,393435,537,0.008977
11,ours-406478,537,0.005881
11,KACTL,537,0.101800
11,393435,538,0.008897
11,ours-406478,538,0.005961
11,KACTL,538,0.101770
11,simd-v0,538,0.014948
11,ours-406478,539,0.005971
11,KACTL,539,0.101880
11,simd-v0,539,0.015058
11,393435,539,0.008897
11,KACTL,540,0.110517
11,simd-v0,540,0.014978
11,393435,540,0.008936
11,ours-406478,540,0.005951
11,simd-v0,541,0.014888
11,393435,541,0.008896
11,ours-406478,541,0.005971
11,KACTL,541,0.101820
11,393435,542,0.008887
11,ours-406478,542,0.005901
11,KACTL,542,0.101729
11,simd-v0,542,0.014918
11,ours-406478,543,0.005861
11,KACTL,543,0.101830
11,simd-v0,543,0.014938
11,393435,543,0.008966
11,KACTL,544,0.101830
11,simd-v0,544,0.014908
11,393435,544,0.008997
11,ours-406478,544,0.005911
11,simd-v0,545,0.014958
11,393435,545,0.008896
11,ours-406478,545,0.005901
11,KACTL,545,0.101890
11,393435,546,0.008916
11,ours-406478,546,0.005881
11,KACTL,546,0.101809
11,simd-v0,546,0.014998
11,ours-406478,547,0.005880
11,KACTL,547,0.101900
11,simd-v0,547,0.023805
11,393435,547,0.008916
11,KACTL,548,0.101820
11,simd-v0,548,0.014917
11,393435,548,0.008976
11,ours-406478,548,0.005941
11,simd-v0,549,0.014957
11,393435,549,0.008917
11,ours-406478,549,0.005881
11,KACTL,549,0.102611
11,393435,550,0.008927
11,ours-406478,550,0.005861
11,KACTL,550,0.101760
11,simd-v0,550,0.014907
11,ours-406478,551,0.005861
11,KACTL,551,0.101790
11,simd-v0,551,0.014937
11,393435,551,0.008887
11,KACTL,552,0.101810
11,simd-v0,552,0.014948
11,393435,552,0.008876
11,ours-406478,552,0.005891
11,simd-v0,553,0.015018
11,393435,553,0.008936
11,ours-406478,553,0.005911
11,KACTL,553,0.101940
11,393435,554,0.008967
11,ours-406478,554,0.005871
11,KACTL,554,0.101699
11,simd-v0,554,0.015078
11,ours-406478,555,0.005871
11,KACTL,555,0.111969
11,simd-v0,555,0.014918
11,393435,555,0.008967
11,KACTL,556,0.101709
11,simd-v0,556,0.014888
11,393435,556,0.008916
11,ours-406478,556,0.005941
11,simd-v0,557,0.015058
11,393435,557,0.009698
11,ours-406478,557,0.005902
11,KACTL,557,0.101890
11,393435,558,0.008897
11,ours-406478,558,0.005911
11,KACTL,558,0.101730
11,simd-v0,558,0.014978
11,ours-406478,559,0.005871
11,KACTL,559,0.101890
11,simd-v0,559,0.014977
11,393435,559,0.008907
11,KACTL,560,0.101840
11,simd-v0,560,0.014948
11,393435,560,0.008887
11,ours-406478,560,0.005881
11,simd-v0,561,0.014948
11,393435,561,0.008917
11,ours-406478,561,0.005971
11,KACTL,561,0.101890
11,393435,562,0.008927
11,ours-406478,562,0.005951
11,KACTL,562,0.110576
11,simd-v0,562,0.014978
11,ours-406478,563,0.005911
11,KACTL,563,0.101860
11,simd-v0,563,0.014978
11,393435,563,0.008967
11,KACTL,564,0.102051
11,simd-v0,564,0.014968
11,393435,564,0.008916
11,ours-406478,564,0.005901
11,simd-v0,565,0.014888
11,393435,565,0.008917
11,ours-406478,565,0.005891
11,KACTL,565,0.101770
11,393435,566,0.008897
11,ours-406478,566,0.005880
11,KACTL,566,0.101800
11,simd-v0,566,0.014959
11,ours-406478,567,0.005881
11,KACTL,567,0.101800
11,simd-v0,567,0.014917
11,393435,567,0.009007
11,KACTL,568,0.101951
11,simd-v0,568,0.014918
11,393435,568,0.008976
11,ours-406478,568,0.005881
11,simd-v0,569,0.014918
11,393435,569,0.008916
11,ours-406478,569,0.005871
11,KACTL,569,0.110526
11,393435,570,0.008957
11,ours-406478,570,0.005920
11,KACTL,570,0.102220
11,simd-v0,570,0.015058
11,ours-406478,571,0.006031
11,KACTL,571,0.101860
11,simd-v0,571,0.014928
11,393435,571,0.009057
11,KACTL,572,0.101750
11,simd-v0,572,0.014988
11,393435,572,0.008906
11,ours-406478,572,0.005881
11,simd-v0,573,0.014918
11,393435,573,0.008916
11,ours-406478,573,0.005881
11,KACTL,573,0.101820
11,393435,574,0.008917
11,ours-406478,574,0.005880
11,KACTL,574,0.101820
11,simd-v0,574,0.014957
11,ours-406478,575,0.005891
11,KACTL,575,0.101970
11,simd-v0,575,0.014928
11,393435,575,0.008916
11,KACTL,576,0.101770
11,simd-v0,576,0.014918
11,393435,576,0.008907
11,ours-406478,576,0.005981
11,simd-v0,577,0.014998
11,393435,577,0.008936
11,ours-406478,577,0.015659
11,KACTL,577,0.101860
11,393435,578,0.008996
11,ours-406478,578,0.005891
11,KACTL,578,0.101819
11,simd-v0,578,0.014978
11,ours-406478,579,0.005880
11,KACTL,579,0.101880
11,simd-v0,579,0.014938
11,393435,579,0.008926
11,KACTL,580,0.101890
11,simd-v0,580,0.014948
11,393435,580,0.008896
11,ours-406478,580,0.005861
11,simd-v0,581,0.015018
11,393435,581,0.008906
11,ours-406478,581,0.005881
11,KACTL,581,0.101830
11,393435,582,0.008917
11,ours-406478,582,0.005881
11,KACTL,582,0.101709
11,simd-v0,582,0.014928
11,ours-406478,583,0.005891
11,KACTL,583,0.101910
11,simd-v0,583,0.014908
11,393435,583,0.008916
11,KACTL,584,0.110786
11,simd-v0,584,0.014978
11,393435,584,0.008936
11,ours-406478,584,0.005881
11,simd-v0,585,0.015008
11,393435,585,0.009007
11,ours-406478,585,0.005871
11,KACTL,585,0.101870
11,393435,586,0.008937
11,ours-406478,586,0.005881
11,KACTL,586,0.101830
11,simd-v0,586,0.015038
11,ours-406478,587,0.005871
11,KACTL,587,0.101770
11,simd-v0,587,0.014968
11,393435,587,0.008917
11,KACTL,588,0.101860
11,simd-v0,588,0.014998
11,393435,588,0.008917
11,ours-406478,588,0.005891
11,simd-v0,589,0.014938
11,393435,589,0.009007
11,ours-406478,589,0.005861
11,KACTL,589,0.101780
11,393435,590,0.008917
11,ours-406478,590,0.005951
11,KACTL,590,0.101770
11,simd-v0,590,0.014938
11,ours-406478,591,0.005952
11,KACTL,591,0.101870
11,simd-v0,591,0.023845
11,393435,591,0.008926
11,KACTL,592,0.101790
11,simd-v0,592,0.014948
11,393435,592,0.008876
11,ours-406478,592,0.005931
11,simd-v0,593,0.014947
11,393435,593,0.008947
11,ours-406478,593,0.005951
11,KACTL,593,0.102651
11,393435,594,0.008916
11,ours-406478,594,0.005871
11,KACTL,594,0.101800
11,simd-v0,594,0.014978
11,ours-406478,595,0.005861
11,KACTL,595,0.101769
11,simd-v0,595,0.014938
11,393435,595,0.008987
11,KACTL,596,0.101750
11,simd-v0,596,0.014937
11,393435,596,0.008977
11,ours-406478,596,0.005861
11,simd-v0,597,0.014948
11,393435,597,0.008917
11,ours-406478,597,0.005881
11,KACTL,597,0.101760
11,393435,598,0.008927
11,ours-406478,598,0.005861
11,KACTL,598,0.101819
11,simd-v0,598,0.015058
11,ours-406478,599,0.005881
11,KACTL,599,0.110626
11,simd-v0,599,0.014948
11,393435,599,0.008946
11,KACTL,600,0.101740
11,simd-v0,600,0.014908
11,393435,600,0.008946
11,ours-406478,600,0.005931
11,simd-v0,601,0.014977
11,393435,601,0.008907
11,ours-406478,601,0.005891
11,KACTL,601,0.102702
11,393435,602,0.008916
11,ours-406478,602,0.005882
11,KACTL,602,0.101750
11,simd-v0,602,0.014977
11,ours-406478,603,0.005881
11,KACTL,603,0.101890
11,simd-v0,603,0.017493
11,393435,603,0.008917
11,KACTL,604,0.101800
11,simd-v0,604,0.014928
11,393435,604,0.008917
11,ours-406478,604,0.005901
11,simd-v0,605,0.015018
11,393435,605,0.008927
11,ours-406478,605,0.005891
11,KACTL,605,0.101780
11,393435,606,0.008907
11,ours-406478,606,0.005881
11,KACTL,606,0.110866
11,simd-v0,606,0.014928
11,ours-406478,607,0.005861
11,KACTL,607,0.101900
11,simd-v0,607,0.014978
11,393435,607,0.008937
11,KACTL,608,0.101830
11,simd-v0,608,0.014978
11,393435,608,0.008876
11,ours-406478,608,0.005882
11,simd-v0,609,0.015008
11,393435,609,0.008896
11,ours-406478,609,0.005871
11,KACTL,609,0.101990
11,393435,610,0.008927
11,ours-406478,610,0.005871
11,KACTL,610,0.101879
11,simd-v0,610,0.014968
11,ours-406478,611,0.005871
11,KACTL,611,0.101830
11,simd-v0,611,0.015048
11,393435,611,0.008897
11,KACTL,612,0.101710
11,simd-v0,612,0.014937
11,393435,612,0.008906
11,ours-406478,612,0.005921
11,simd-v0,613,0.014938
11,393435,613,0.008947
11,ours-406478,613,0.005881
11,KACTL,613,0.111728
11,393435,614,0.008936
11,ours-406478,614,0.005911
11,KACTL,614,0.101830
11,simd-v0,614,0.014968
11,ours-406478,615,0.005901
11,KACTL,615,0.101961
11,simd-v0,615,0.014908
11,393435,615,0.008946
11,KACTL,616,0.101789
11,simd-v0,616,0.015018
11,393435,616,0.008936
11,ours-406478,616,0.005891
11,simd-v0,617,0.014948
11,393435,617,0.008966
11,ours-406478,617,0.005901
11,KACTL,617,0.101999
11,393435,618,0.008897
11,ours-406478,618,0.005981
11,KACTL,618,0.101820
11,simd-v0,618,0.014988
11,ours-406478,619,0.005881
11,KACTL,619,0.102011
11,simd-v0,619,0.015018
11,393435,619,0.008927
11,KACTL,620,0.101769
11,simd-v0,620,0.015018
11,393435,620,0.008887
11,ours-406478,620,0.005901
11,simd-v0,621,0.015028
11,393435,621,0.017893
11,ours-406478,621,0.005991
11,KACTL,621,0.102000
11,393435,622,0.008937
11,ours-406478,622,0.005891
11,KACTL,622,0.101870
11,simd-v0,622,0.014928
11,ours-406478,623,0.005961
11,KACTL,623,0.102661
11,simd-v0,623,0.014897
11,393435,623,0.009047
11,KACTL,624,0.101759
11,simd-v0,624,0.015058
11,393435,624,0.008907
11,ours-406478,624,0.005891
11,simd-v0,625,0.014978
11,393435,625,0.008927
11,ours-406478,625,0.005902
11,KACTL,625,0.101940
11,393435,626,0.008886
11,ours-406478,626,0.005881
11,KACTL,626,0.101700
11,simd-v0,626,0.014928
11,ours-406478,627,0.005881
11,KACTL,627,0.101840
11,simd-v0,627,0.014917
11,393435,627,0.008907
11,KACTL,628,0.124612
11,simd-v0,628,0.015138
11,393435,628,0.009097
11,ours-406478,628,0.006121
11,simd-v0,629,0.014958
11,393435,629,0.008917
11,ours-406478,629,0.005901
11,KACTL,629,0.101850
11,393435,630,0.008917
11,ours-406478,630,0.005871
11,KACTL,630,0.102592
11,simd-v0,630,0.014938
11,ours-406478,631,0.005880
11,KACTL,631,0.101880
11,simd-v0,631,0.014968
11,393435,631,0.008976
11,KACTL,632,0.101720
11,simd-v0,632,0.015018
11,393435,632,0.008957
11,ours-406478,632,0.005901
11,simd-v0,633,0.014897
11,393435,633,0.008947
11,ours-406478,633,0.005871
11,KACTL,633,0.101991
11,393435,634,0.008917
11,ours-406478,634,0.005881
11,KACTL,634,0.101789
11,simd-v0,634,0.014948
11,ours-406478,635,0.005860
11,KACTL,635,0.111919
11,simd-v0,635,0.014957
11,393435,635,0.008967
11,KACTL,636,0.101870
11,simd-v0,636,0.014918
11,393435,636,0.008957
11,ours-406478,636,0.005920
11,simd-v0,637,0.014958
11,393435,637,0.008896
11,ours-406478,637,0.005880
11,KACTL,637,0.101730
11,393435,638,0.008907
11,ours-406478,638,0.005880
11,KACTL,638,0.101900
11,simd-v0,638,0.014959
11,ours-406478,639,0.005881
11,KACTL,639,0.101861
11,simd-v0,639,0.014928
11,393435,639,0.008917
11,KACTL,640,0.101870
11,simd-v0,640,0.014948
11,393435,640,0.008887
11,ours-406478,640,0.005891
11,simd-v0,641,0.015008
11,393435,641,0.008917
11,ours-406478,641,0.005871
11,KACTL,641,0.101870
11,393435,642,0.008917
11,ours-406478,642,0.005881
11,KACTL,642,0.101800
11,simd-v0,642,0.014918
11,ours-406478,643,0.005880
11,KACTL,643,0.110596
11,simd-v0,643,0.014938
11,393435,643,0.008957
11,KACTL,644,0.101750
11,simd-v0,644,0.014928
11,393435,644,0.008897
11,ours-406478,644,0.005941
11,simd-v0,645,0.015008
11,393435,645,0.008896
11,ours-406478,645,0.005891
11,KACTL,645,0.101780
11,393435,646,0.008997
11,ours-406478,646,0.005871
11,KACTL,646,0.101810
11,simd-v0,646,0.015019
11,ours-406478,647,0.005881
11,KACTL,647,0.101870
11,simd-v0,647,0.015008
11,393435,647,0.008886
11,KACTL,648,0.101779
11,simd-v0,648,0.014948
11,393435,648,0.008896
11,ours-406478,648,0.005891
11,simd-v0,649,0.014948
11,393435,649,0.008917
11,ours-406478,649,0.005962
11,KACTL,649,0.101860
11,393435,650,0.008977
11,ours-406478,650,0.005891
11,KACTL,650,0.110687
11,simd-v0,650,0.014988
11,ours-406478,651,0.005921
11,KACTL,651,0.101870
11,simd-v0,651,0.015008
11,393435,651,0.008956
11,KACTL,652,0.101780
11,simd-v0,652,0.014988
11,393435,652,0.008897
11,ours-406478,652,0.005891
11,simd-v0,653,0.014947
11,393435,653,0.008887
11,ours-406478,653,0.005901
11,KACTL,653,0.101870
11,393435,654,0.008906
11,ours-406478,654,0.005881
11,KACTL,654,0.101739
11,simd-v0,654,0.014908
11,ours-406478,655,0.006001
11,KACTL,655,0.102261
11,simd-v0,655,0.014988
11,393435,655,0.009047
11,KACTL,656,0.102180
11,simd-v0,656,0.015138
11,393435,656,0.008927
11,ours-406478,656,0.005911
11,simd-v0,657,0.014898
11,393435,657,0.008917
11,ours-406478,657,0.005911
11,KACTL,657,0.111789
11,393435,658,0.008987
11,ours-406478,658,0.005921
11,KACTL,658,0.101760
11,simd-v0,658,0.014978
11,ours-406478,659,0.005891
11,KACTL,659,0.101930
11,simd-v0,659,0.014928
11,393435,659,0.009017
11,KACTL,660,0.101800
11,simd-v0,660,0.014897
11,393435,660,0.008977
11,ours-406478,660,0.005901
11,simd-v0,661,0.014917
11,393435,661,0.008947
11,ours-406478,661,0.005891
11,KACTL,661,0.101770
11,393435,662,0.008897
11,ours-406478,662,0.005911
11,KACTL,662,0.101729
11,simd-v0,662,0.014908
11,ours-406478,663,0.005861
11,KACTL,663,0.101860
11,simd-v0,663,0.014948
11,393435,663,0.008906
11,KACTL,664,0.101920
11,simd-v0,664,0.014908
11,393435,664,0.008897
11,ours-406478,664,0.005891
11,simd-v0,665,0.024636
11,393435,665,0.008977
11,ours-406478,665,0.005901
11,KACTL,665,0.101890
11,393435,666,0.008917
11,ours-406478,666,0.005891
11,KACTL,666,0.101770
11,simd-v0,666,0.014938
11,ours-406478,667,0.005890
11,KACTL,667,0.101910
11,simd-v0,667,0.014908
11,393435,667,0.008927
11,KACTL,668,0.102131
11,simd-v0,668,0.014908
11,393435,668,0.008917
11,ours-406478,668,0.005891
11,simd-v0,669,0.014968
11,393435,669,0.008926
11,ours-406478,669,0.005871
11,KACTL,669,0.101760
11,393435,670,0.008917
11,ours-406478,670,0.005881
11,KACTL,670,0.101790
11,simd-v0,670,0.014918
11,ours-406478,671,0.005880
11,KACTL,671,0.101930
11,simd-v0,671,0.014959
11,393435,671,0.008906
11,KACTL,672,0.110827
11,simd-v0,672,0.014898
11,393435,672,0.008977
11,ours-406478,672,0.005931
11,simd-v0,673,0.015038
11,393435,673,0.008977
11,ours-406478,673,0.005891
11,KACTL,673,0.101819
11,393435,674,0.008937
11,ours-406478,674,0.005891
11,KACTL,674,0.101750
11,simd-v0,674,0.014998
11,ours-406478,675,0.005871
11,KACTL,675,0.101930
11,simd-v0,675,0.014968
11,393435,675,0.008936
11,KACTL,676,0.101720
11,simd-v0,676,0.014928
11,393435,676,0.008937
11,ours-406478,676,0.005880
11,simd-v0,677,0.017523
11,393435,677,0.008977
11,ours-406478,677,0.005891
11,KACTL,677,0.101810
11,393435,678,0.008887
11,ours-406478,678,0.005972
11,KACTL,678,0.101810
11,simd-v0,678,0.015699
11,ours-406478,679,0.005961
11,KACTL,679,0.110957
11,simd-v0,679,0.015078
11,393435,679,0.008926
11,KACTL,680,0.101820
11,simd-v0,680,0.014928
11,393435,680,0.008916
11,ours-406478,680,0.005931
11,simd-v0,681,0.014927
11,393435,681,0.008937
11,ours-406478,681,0.005951
11,KACTL,681,0.102691
11,393435,682,0.008926
11,ours-406478,682,0.005891
11,KACTL,682,0.101860
11,simd-v0,682,0.014938
11,ours-406478,683,0.005971
11,KACTL,683,0.101830
11,simd-v0,683,0.014938
11,393435,683,0.008996
11,KACTL,684,0.101830
11,simd-v0,684,0.015007
11,393435,684,0.008916
11,ours-406478,684,0.005891
11,simd-v0,685,0.014917
11,393435,685,0.008916
11,ours-406478,685,0.005881
11,KACTL,685,0.101870
11,393435,686,0.008927
11,ours-406478,686,0.005891
11,KACTL,686,0.101729
11,simd-v0,686,0.014938
11,ours-406478,687,0.014768
11,KACTL,687,0.101839
11,simd-v0,687,0.014928
11,393435,687,0.009007
11,KACTL,688,0.101800
11,simd-v0,688,0.014918
11,393435,688,0.008976
11,ours-406478,688,0.005911
11,simd-v0,689,0.014918
11,393435,689,0.008936
11,ours-406478,689,0.005891
11,KACTL,689,0.102482
11,393435,690,0.008907
11,ours-406478,690,0.005871
11,KACTL,690,0.101850
11,simd-v0,690,0.014958
11,ours-406478,691,0.005891
11,KACTL,691,0.101890
11,simd-v0,691,0.014917
11,393435,691,0.008926
11,KACTL,692,0.101790
11,simd-v0,692,0.015018
11,393435,692,0.008917
11,ours-406478,692,0.005891
11,simd-v0,693,0.015059
11,393435,693,0.008927
11,ours-406478,693,0.005891
11,KACTL,693,0.101890
11,393435,694,0.008907
11,ours-406478,694,0.005891
11,KACTL,694,0.110807
11,simd-v0,694,0.014927
11,ours-406478,695,0.005911
11,KACTL,695,0.101950
11,simd-v0,695,0.014958
11,393435,695,0.008926
11,KACTL,696,0.101739
11,simd-v0,696,0.014918
11,393435,696,0.008937
11,ours-406478,696,0.005880
11,simd-v0,697,0.014988
11,393435,697,0.008906
11,ours-406478,697,0.005921
11,KACTL,697,0.101910
11,393435,698,0.008917
11,ours-406478,698,0.005911
11,KACTL,698,0.101760
11,simd-v0,698,0.014978
11,ours-406478,699,0.005881
11,KACTL,699,0.101830
11,simd-v0,699,0.014947
11,393435,699,0.008886
11,KACTL,700,0.101730
11,simd-v0,700,0.014958
11,393435,700,0.008906
11,ours-406478,700,0.005881
11,simd-v0,701,0.014948
11,393435,701,0.008977
11,ours-406478,701,0.005871
11,KACTL,701,0.111708
11,393435,702,0.008936
11,ours-406478,702,0.005901
11,KACTL,702,0.101770
11,simd-v0,702,0.014978
11,ours-406478,703,0.005881
11,KACTL,703,0.101910
11,simd-v0,703,0.015709
11,393435,703,0.008907
11,KACTL,704,0.101790
11,simd-v0,704,0.014968
11,393435,704,0.008897
11,ours-406478,704,0.005891
11,simd-v0,705,0.014928
11,393435,705,0.009017
11,ours-406478,705,0.005901
11,KACTL,705,0.101830
11,393435,706,0.008907
11,ours-406478,706,0.005962
11,KACTL,706,0.101810
11,simd-v0,706,0.014958
11,ours-406478,707,0.005861
11,KACTL,707,0.101820
11,simd-v0,707,0.015048
11,393435,707,0.008927
11,KACTL,708,0.101720
11,simd-v0,708,0.015078
11,393435,708,0.008887
11,ours-406478,708,0.014818
11,simd-v0,709,0.014898
11,393435,709,0.008937
11,ours-406478,709,0.006011
11,KACTL,709,0.101850
11,393435,710,0.008886
11,ours-406478,710,0.005871
11,KACTL,710,0.101850
11,simd-v0,710,0.014977
11,ours-406478,711,0.005881
11,KACTL,711,0.102611
11,simd-v0,711,0.014948
11,393435,711,0.008977
11,KACTL,712,0.101720
11,simd-v0,712,0.014957
11,393435,712,0.008886
11,ours-406478,712,0.005891
11,simd-v0,713,0.014927
11,393435,713,0.008897
11,ours-406478,713,0.005881
11,KACTL,713,0.101890
11,393435,714,0.008906
11,ours-406478,714,0.005881
11,KACTL,714,0.101730
11,simd-v0,714,0.014947
11,ours-406478,715,0.005861
11,KACTL,715,0.101809
11,simd-v0,715,0.014948
11,393435,715,0.008907
11,KACTL,716,0.110726
11,simd-v0,716,0.014928
11,393435,716,0.009007
11,ours-406478,716,0.005971
11,simd-v0,717,0.014928
11,393435,717,0.008906
11,ours-406478,717,0.005891
11,KACTL,717,0.101750
11,393435,718,0.008926
11,ours-406478,718,0.005880
11,KACTL,718,0.101670
11,simd-v0,718,0.014928
11,ours-406478,719,0.005861
11,KACTL,719,0.101760
11,simd-v0,719,0.014968
11,393435,719,0.008896
11,KACTL,720,0.101830
11,simd-v0,720,0.014948
11,393435,720,0.008886
11,ours-406478,720,0.005901
11,simd-v0,721,0.015008
11,393435,721,0.008907
11,ours-406478,721,0.005901
11,KACTL,721,0.101839
11,393435,722,0.008897
11,ours-406478,722,0.005891
11,KACTL,722,0.101719
11,simd-v0,722,0.014968
11,ours-406478,723,0.005871
11,KACTL,723,0.110616
11,simd-v0,723,0.014907
11,393435,723,0.008947
11,KACTL,724,0.102250
11,simd-v0,724,0.014927
11,393435,724,0.008917
11,ours-406478,724,0.005921
11,simd-v0,725,0.014988
11,393435,725,0.008927
11,ours-406478,725,0.005902
11,KACTL,725,0.101890
11,393435,726,0.008927
11,ours-406478,726,0.005880
11,KACTL,726,0.101750
11,simd-v0,726,0.015098
11,ours-406478,727,0.005881
11,KACTL,727,0.101839
11,simd-v0,727,0.014948
11,393435,727,0.008897
11,KACTL,728,0.101849
11,simd-v0,728,0.014978
11,393435,728,0.008887
11,ours-406478,728,0.005900
11,simd-v0,729,0.014958
11,393435,729,0.008897
11,ours-406478,729,0.005971
11,KACTL,729,0.101820
11,393435,730,0.008917
11,ours-406478,730,0.005951
11,KACTL,730,0.101790
11,simd-v0,730,0.014988
11,ours-406478,731,0.014707
11,KACTL,731,0.102010
11,simd-v0,731,0.015028
11,393435,731,0.008967
11,KACTL,732,0.101820
11,simd-v0,732,0.015038
11,393435,732,0.008897
11,ours-406478,732,0.005901
11,simd-v0,733,0.014918
11,393435,733,0.008917
11,ours-406478,733,0.005871
11,KACTL,733,0.101901
11,393435,734,0.008896
11,ours-406478,734,0.005861
11,KACTL,734,0.101789
11,simd-v0,734,0.014898
11,ours-406478,735,0.005861
11,KACTL,735,0.101800
11,simd-v0,735,0.014978
11,393435,735,0.008977
11,KACTL,736,0.101760
11,simd-v0,736,0.014908
11,393435,736,0.009027
11,ours-406478,736,0.005871
11,simd-v0,737,0.014918
11,393435,737,0.008906
11,ours-406478,737,0.005871
11,KACTL,737,0.101920
11,393435,738,0.008917
11,ours-406478,738,0.005851
11,KACTL,738,0.110827
11,simd-v0,738,0.014887
11,ours-406478,739,0.005871
11,KACTL,739,0.101920
11,simd-v0,739,0.014988
11,393435,739,0.009148
11,KACTL,740,0.101840
11,simd-v0,740,0.014938
11,393435,740,0.008987
11,ours-406478,740,0.006002
11,simd-v0,741,0.014948
11,393435,741,0.008927
11,ours-406478,741,0.005901
11,KACTL,741,0.101770
11,393435,742,0.008916
11,ours-406478,742,0.005891
11,KACTL,742,0.101850
11,simd-v0,742,0.014917
11,ours-406478,743,0.005871
11,KACTL,743,0.101880
11,simd-v0,743,0.015028
11,393435,743,0.008917
11,KACTL,744,0.101859
11,simd-v0,744,0.014918
11,393435,744,0.008897
11,ours-406478,744,0.005871
11,simd-v0,745,0.014958
11,393435,745,0.008907
11,ours-406478,745,0.005902
11,KACTL,745,0.112289
11,393435,746,0.008987
11,ours-406478,746,0.005891
11,KACTL,746,0.101810
11,simd-v0,746,0.014998
11,ours-406478,747,0.005891
11,KACTL,747,0.101770
11,simd-v0,747,0.014928
11,393435,747,0.008947
11,KACTL,748,0.101839
11,simd-v0,748,0.014938
11,393435,748,0.008917
11,ours-406478,748,0.005891
11,simd-v0,749,0.015820
11,393435,749,0.008947
11,ours-406478,749,0.005881
11,KACTL,749,0.101850
11,393435,750,0.008947
11,ours-406478,750,0.005881
11,KACTL,750,0.103964
11,simd-v0,750,0.014888
11,ours-406478,751,0.005880
11,KACTL,751,0.101950
11,simd-v0,751,0.014907
11,393435,751,0.008927
11,KACTL,752,0.101759
11,simd-v0,752,0.014918
11,393435,752,0.008937
11,ours-406478,752,0.006162
11,simd-v0,753,0.014928
11,393435,753,0.008946
11,ours-406478,753,0.005891
11,KACTL,753,0.101940
11,393435,754,0.008927
11,ours-406478,754,0.005871
11,KACTL,754,0.101719
11,simd-v0,754,0.014948
11,ours-406478,755,0.005861
11,KACTL,755,0.101820
11,simd-v0,755,0.014928
11,393435,755,0.008906
11,KACTL,756,0.101770
11,simd-v0,756,0.014928
11,393435,756,0.008917
11,ours-406478,756,0.005881
11,simd-v0,757,0.015018
11,393435,757,0.008906
11,ours-406478,757,0.005880
11,KACTL,757,0.101790
11,393435,758,0.008997
11,ours-406478,758,0.005911
11,KACTL,758,0.101760
11,simd-v0,758,0.014997
11,ours-406478,759,0.005861
11,KACTL,759,0.101910
11,simd-v0,759,0.015108
11,393435,759,0.008916
11,KACTL,760,0.111768
11,simd-v0,760,0.014948
11,393435,760,0.008996
11,ours-406478,760,0.005951
11,simd-v0,761,0.014928
11,393435,761,0.009007
11,ours-406478,761,0.005881
11,KACTL,761,0.101779
11,393435,762,0.008917
11,ours-406478,762,0.005901
11,KACTL,762,0.102491
11,simd-v0,762,0.015079
11,ours-406478,763,0.005881
11,KACTL,763,0.101861
11,simd-v0,763,0.015018
11,393435,763,0.008877
11,KACTL,764,0.101719
11,simd-v0,764,0.014998
11,393435,764,0.008907
11,ours-406478,764,0.005891
11,simd-v0,765,0.014928
11,393435,765,0.008917
11,ours-406478,765,0.005891
11,KACTL,765,0.101840
11,393435,766,0.008887
11,ours-406478,766,0.005871
11,KACTL,766,0.101760
11,simd-v0,766,0.014978
11,ours-406478,767,0.005880
11,KACTL,767,0.110757
11,simd-v0,767,0.014938
11,393435,767,0.008947
11,KACTL,768,0.101759
11,simd-v0,768,0.015028
11,393435,768,0.008877
11,ours-406478,768,0.005951
11,simd-v0,769,0.014968
11,393435,769,0.008917
11,ours-406478,769,0.005902
11,KACTL,769,0.102732
11,393435,770,0.008927
11,ours-406478,770,0.005881
11,KACTL,770,0.101880
11,simd-v0,770,0.014928
11,ours-406478,771,0.005881
11,KACTL,771,0.101830
11,simd-v0,771,0.014997
11,393435,771,0.008917
11,KACTL,772,0.102121
11,simd-v0,772,0.015018
11,393435,772,0.008876
11,ours-406478,772,0.005901
11,simd-v0,773,0.014968
11,393435,773,0.008897
11,ours-406478,773,0.005901
11,KACTL,773,0.101839
11,393435,774,0.008937
11,ours-406478,774,0.005881
11,KACTL,774,0.101750
11,simd-v0,774,0.014877
11,ours-406478,775,0.005901
11,KACTL,775,0.101930
11,simd-v0,775,0.014938
11,393435,775,0.008966
11,KACTL,776,0.101810
11,simd-v0,776,0.014938
11,393435,776,0.008896
11,ours-406478,776,0.005991
11,simd-v0,777,0.014977
11,393435,777,0.008937
11,ours-406478,777,0.005901
11,KACTL,777,0.101890
11,393435,778,0.008897
11,ours-406478,778,0.005891
11,KACTL,778,0.101870
11,simd-v0,778,0.014948
11,ours-406478,779,0.005881
11,KACTL,779,0.101790
11,simd-v0,779,0.015018
11,393435,779,0.008907
11,KACTL,780,0.101790
11,simd-v0,780,0.014957
11,393435,780,0.008937
11,ours-406478,780,0.005911
11,simd-v0,781,0.014988
11,393435,781,0.008947
11,ours-406478,781,0.005921
11,KACTL,781,0.102180
11,393435,782,0.008947
11,ours-406478,782,0.005901
11,KACTL,782,0.111668
11,simd-v0,782,0.015058
11,ours-406478,783,0.005901
11,KACTL,783,0.101990
11,simd-v0,783,0.014898
11,393435,783,0.008977
11,KACTL,784,0.101839
11,simd-v0,784,0.014938
11,393435,784,0.008906
11,ours-406478,784,0.005901
11,simd-v0,785,0.015008
11,393435,785,0.008936
11,ours-406478,785,0.005881
11,KACTL,785,0.101980
11,393435,786,0.008917
11,ours-406478,786,0.005901
11,KACTL,786,0.101779
11,simd-v0,786,0.014978
11,ours-406478,787,0.005891
11,KACTL,787,0.101880
11,simd-v0,787,0.014918
11,393435,787,0.008916
11,KACTL,788,0.101780
11,simd-v0,788,0.014918
11,393435,788,0.008916
11,ours-406478,788,0.005891
11,simd-v0,789,0.014908
11,393435,789,0.008937
11,ours-406478,789,0.005961
11,KACTL,789,0.111097
11,393435,790,0.009017
11,ours-406478,790,0.006122
11,KACTL,790,0.101960
11,simd-v0,790,0.015048
11,ours-406478,791,0.005891
11,KACTL,791,0.101820
11,simd-v0,791,0.014978
11,393435,791,0.008927
11,KACTL,792,0.101840
11,simd-v0,792,0.014938
11,393435,792,0.008917
11,ours-406478,792,0.005891
11,simd-v0,793,0.014918
11,393435,793,0.008947
11,ours-406478,793,0.005951
11,KACTL,793,0.101880
11,393435,794,0.008987
11,ours-406478,794,0.005891
11,KACTL,794,0.101780
11,simd-v0,794,0.014908
11,ours-406478,795,0.005911
11,KACTL,795,0.102001
11,simd-v0,795,0.014928
11,393435,795,0.009007
11,KACTL,796,0.101800
11,simd-v0,796,0.023824
11,393435,796,0.008937
11,ours-406478,796,0.005931
11,simd-v0,797,0.014958
11,393435,797,0.008897
11,ours-406478,797,0.005881
11,KACTL,797,0.101980
11,393435,798,0.008926
11,ours-406478,798,0.005901
11,KACTL,798,0.101659
11,simd-v0,798,0.014978
11,ours-406478,799,0.005901
11,KACTL,799,0.101870
11,simd-v0,799,0.014908
11,393435,799,0.008927
11,KACTL,800,0.101759
11,simd-v0,800,0.014908
11,393435,800,0.009017
11,ours-406478,800,0.005891
11,simd-v0,801,0.014948
11,393435,801,0.008916
11,ours-406478,801,0.005860
11,KACTL,801,0.101720
11,393435,802,0.008907
11,ours-406478,802,0.005891
11,KACTL,802,0.101730
11,simd-v0,802,0.014968
11,ours-406478,803,0.005880
11,KACTL,803,0.101770
11,simd-v0,803,0.014928
11,393435,803,0.008946
11,KACTL,804,0.112480
11,simd-v0,804,0.014978
11,393435,804,0.008977
11,ours-406478,804,0.006021
11,simd-v0,805,0.014978
11,393435,805,0.008926
11,ours-406478,805,0.005871
11,KACTL,805,0.101890
11,393435,806,0.008936
11,ours-406478,806,0.005881
11,KACTL,806,0.101760
11,simd-v0,806,0.015018
11,ours-406478,807,0.005891
11,KACTL,807,0.101980
11,simd-v0,807,0.014917
11,393435,807,0.008957
11,KACTL,808,0.101810
11,simd-v0,808,0.014997
11,393435,808,0.008887
11,ours-406478,808,0.005891
11,simd-v0,809,0.015028
11,393435,809,0.009017
11,ours-406478,809,0.005871
11,KACTL,809,0.101900
11,393435,810,0.008927
11,ours-406478,810,0.005891
11,KACTL,810,0.101930
11,simd-v0,810,0.014948
11,ours-406478,811,0.005881
11,KACTL,811,0.110957
11,simd-v0,811,0.014967
11,393435,811,0.008937
11,KACTL,812,0.101760
11,simd-v0,812,0.014938
11,393435,812,0.008886
11,ours-406478,812,0.005921
11,simd-v0,813,0.014958
11,393435,813,0.008937
11,ours-406478,813,0.005871
11,KACTL,813,0.101900
11,393435,814,0.009027
11,ours-406478,814,0.005882
11,KACTL,814,0.101770
11,simd-v0,814,0.014978
11,ours-406478,815,0.005901
11,KACTL,815,0.101850
11,simd-v0,815,0.015008
11,393435,815,0.008907
11,KACTL,816,0.101780
11,simd-v0,816,0.015028
11,393435,816,0.008887
11,ours-406478,816,0.005881
11,simd-v0,817,0.014978
11,393435,817,0.008917
11,ours-406478,817,0.005962
11,KACTL,817,0.101950
11,393435,818,0.008926
11,ours-406478,818,0.005881
11,KACTL,818,0.110907
11,simd-v0,818,0.015018
11,ours-406478,819,0.005901
11,KACTL,819,0.101860
11,simd-v0,819,0.015098
11,393435,819,0.008946
11,KACTL,820,0.101720
11,simd-v0,820,0.015078
11,393435,820,0.008906
11,ours-406478,820,0.005891
11,simd-v0,821,0.014928
11,393435,821,0.008937
11,ours-406478,821,0.005871
11,KACTL,821,0.101830
11,393435,822,0.008907
11,ours-406478,822,0.005882
11,KACTL,822,0.101780
11,simd-v0,822,0.014997
11,ours-406478,823,0.005881
11,KACTL,823,0.104145
11,simd-v0,823,0.014948
11,393435,823,0.009017
11,KACTL,824,0.101770
11,simd-v0,824,0.015038
11,393435,824,0.008886
11,ours-406478,824,0.006061
11,simd-v0,825,0.014938
11,393435,825,0.008897
11,ours-406478,825,0.005921
11,KACTL,825,0.101900
11,393435,826,0.008897
11,ours-406478,826,0.005891
11,KACTL,826,0.101850
11,simd-v0,826,0.014958
11,ours-406478,827,0.005922
11,KACTL,827,0.101780
11,simd-v0,827,0.014978
11,393435,827,0.009067
11,KACTL,828,0.102551
11,simd-v0,828,0.014908
11,393435,828,0.008987
11,ours-406478,828,0.005901
11,simd-v0,829,0.015028
11,393435,829,0.008916
11,ours-406478,829,0.005901
11,KACTL,829,0.101830
11,393435,830,0.008906
11,ours-406478,830,0.005891
11,KACTL,830,0.101740
11,simd-v0,830,0.014908
11,ours-406478,831,0.005861
11,KACTL,831,0.101841
11,simd-v0,831,0.014938
11,393435,831,0.008907
11,KACTL,832,0.101749
11,simd-v0,832,0.014938
11,393435,832,0.008897
11,ours-406478,832,0.005891
11,simd-v0,833,0.015038
11,393435,833,0.008927
11,ours-406478,833,0.005902
11,KACTL,833,0.110777
11,393435,834,0.008956
11,ours-406478,834,0.005901
11,KACTL,834,0.101850
11,simd-v0,834,0.014928
11,ours-406478,835,0.005891
11,KACTL,835,0.101841
11,simd-v0,835,0.014938
11,393435,835,0.008917
11,KACTL,836,0.102631
11,simd-v0,836,0.014938
11,393435,836,0.008886
11,ours-406478,836,0.005891
11,simd-v0,837,0.014998
11,393435,837,0.008926
11,ours-406478,837,0.005901
11,KACTL,837,0.101870
11,393435,838,0.008917
11,ours-406478,838,0.005881
11,KACTL,838,0.101820
11,simd-v0,838,0.014918
11,ours-406478,839,0.005881
11,KACTL,839,0.101950
11,simd-v0,839,0.014928
11,393435,839,0.008916
11,KACTL,840,0.101840
11,simd-v0,840,0.023765
11,393435,840,0.008957
11,ours-406478,840,0.005911
11,simd-v0,841,0.015008
11,393435,841,0.008966
11,ours-406478,841,0.005891
11,KACTL,841,0.101890
11,393435,842,0.008987
11,ours-406478,842,0.005891
11,KACTL,842,0.101700
11,simd-v0,842,0.014978
11,ours-406478,843,0.005920
11,KACTL,843,0.101930
11,simd-v0,843,0.015058
11,393435,843,0.008927
11,KACTL,844,0.101690
11,simd-v0,844,0.014898
11,393435,844,0.008917
11,ours-406478,844,0.005891
11,simd-v0,845,0.014898
11,393435,845,0.008966
11,ours-406478,845,0.005961
11,KACTL,845,0.101820
11,393435,846,0.008957
11,ours-406478,846,0.005891
11,KACTL,846,0.101820
11,simd-v0,846,0.014918
11,ours-406478,847,0.005971
11,KACTL,847,0.101810
11,simd-v0,847,0.014918
11,393435,847,0.008987
11,KACTL,848,0.110656
11,simd-v0,848,0.015008
11,393435,848,0.008987
11,ours-406478,848,0.005951
11,simd-v0,849,0.014908
11,393435,849,0.008907
11,ours-406478,849,0.005891
11,KACTL,849,0.101790
11,393435,850,0.008927
11,ours-406478,850,0.005900
11,KACTL,850,0.101780
11,simd-v0,850,0.014927
11,ours-406478,851,0.005871
11,KACTL,851,0.101859
11,simd-v0,851,0.014917
11,393435,851,0.008927
11,KACTL,852,0.101910
11,simd-v0,852,0.014918
11,393435,852,0.008967
11,ours-406478,852,0.005891
11,simd-v0,853,0.014888
11,393435,853,0.008907
11,ours-406478,853,0.005901
11,KACTL,853,0.101890
11,393435,854,0.008907
11,ours-406478,854,0.005891
11,KACTL,854,0.101840
11,simd-v0,854,0.014928
11,ours-406478,855,0.005881
11,KACTL,855,0.110636
11,simd-v0,855,0.014908
11,393435,855,0.008957
11,KACTL,856,0.102191
11,simd-v0,856,0.014948
11,393435,856,0.008916
11,ours-406478,856,0.006011
11,simd-v0,857,0.014907
11,393435,857,0.008977
11,ours-406478,857,0.005901
11,KACTL,857,0.101809
11,393435,858,0.008947
11,ours-406478,858,0.005881
11,KACTL,858,0.101749
11,simd-v0,858,0.014908
11,ours-406478,859,0.005881
11,KACTL,859,0.102210
11,simd-v0,859,0.014878
11,393435,859,0.008907
11,KACTL,860,0.101740
11,simd-v0,860,0.014898
11,393435,860,0.008906
11,ours-406478,860,0.005911
11,simd-v0,861,0.015008
11,393435,861,0.008916
11,ours-406478,861,0.005891
11,KACTL,861,0.101739
11,393435,862,0.008906
11,ours-406478,862,0.005891
11,KACTL,862,0.110667
11,simd-v0,862,0.014918
11,ours-406478,863,0.005901
11,KACTL,863,0.101879
11,simd-v0,863,0.014998
11,393435,863,0.008957
11,KACTL,864,0.101870
11,simd-v0,864,0.014918
11,393435,864,0.008916
11,ours-406478,864,0.005891
11,simd-v0,865,0.014938
11,393435,865,0.009037
11,ours-406478,865,0.005891
11,KACTL,865,0.101881
11,393435,866,0.008907
11,ours-406478,866,0.005901
11,KACTL,866,0.101840
11,simd-v0,866,0.014977
11,ours-406478,867,0.005911
11,KACTL,867,0.101789
11,simd-v0,867,0.014948
11,393435,867,0.008917
11,KACTL,868,0.101699
11,simd-v0,868,0.014968
11,393435,868,0.008907
11,ours-406478,868,0.005891
11,simd-v0,869,0.014928
11,393435,869,0.008997
11,ours-406478,869,0.005882
11,KACTL,869,0.102000
11,393435,870,0.008906
11,ours-406478,870,0.005971
11,KACTL,870,0.106188
11,simd-v0,870,0.015088
11,ours-406478,871,0.006051
11,KACTL,871,0.101940
11,simd-v0,871,0.015019
11,393435,871,0.009107
11,KACTL,872,0.101780
11,simd-v0,872,0.015018
11,393435,872,0.008947
11,ours-406478,872,0.005901
11,simd-v0,873,0.015037
11,393435,873,0.008917
11,ours-406478,873,0.005911
11,KACTL,873,0.101870
11,393435,874,0.008987
11,ours-406478,874,0.005891
11,KACTL,874,0.101760
11,simd-v0,874,0.014998
11,ours-406478,875,0.005871
11,KACTL,875,0.101870
11,simd-v0,875,0.014988
11,393435,875,0.008947
11,KACTL,876,0.101720
11,simd-v0,876,0.014988
11,393435,876,0.008897
11,ours-406478,876,0.005881
11,simd-v0,877,0.014907
11,393435,877,0.008896
11,ours-406478,877,0.005961
11,KACTL,877,0.112380
11,393435,878,0.009007
11,ours-406478,878,0.005911
11,KACTL,878,0.101790
11,simd-v0,878,0.015048
11,ours-406478,879,0.005881
11,KACTL,879,0.101889
11,simd-v0,879,0.014988
11,393435,879,0.008917
11,KACTL,880,0.101980
11,simd-v0,880,0.015008
11,393435,880,0.008926
11,ours-406478,880,0.005901
11,simd-v0,881,0.014958
11,393435,881,0.008926
11,ours-406478,881,0.005891
11,KACTL,881,0.101780
11,393435,882,0.008907
11,ours-406478,882,0.005881
11,KACTL,882,0.101850
11,simd-v0,882,0.014897
11,ours-406478,883,0.005891
11,KACTL,883,0.101870
11,simd-v0,883,0.014928
11,393435,883,0.008977
11,KACTL,884,0.110666
11,simd-v0,884,0.015008
11,393435,884,0.008927
11,ours-406478,884,0.005981
11,simd-v0,885,0.014938
11,393435,885,0.008936
11,ours-406478,885,0.005891
11,KACTL,885,0.101869
11,393435,886,0.008907
11,ours-406478,886,0.005881
11,KACTL,886,0.101790
11,simd-v0,886,0.014908
11,ours-406478,887,0.005901
11,KACTL,887,0.102190
11,simd-v0,887,0.014927
11,393435,887,0.008917
11,KACTL,888,0.101820
11,simd-v0,888,0.014938
11,393435,888,0.008917
11,ours-406478,888,0.005941
11,simd-v0,889,0.014958
11,393435,889,0.008937
11,ours-406478,889,0.005881
11,KACTL,889,0.101810
11,393435,890,0.008917
11,ours-406478,890,0.005891
11,KACTL,890,0.101850
11,simd-v0,890,0.014908
11,ours-406478,891,0.005880
11,KACTL,891,0.101890
11,simd-v0,891,0.014948
11,393435,891,0.008906
11,KACTL,892,0.110717
11,simd-v0,892,0.014927
11,393435,892,0.008976
11,ours-406478,892,0.005941
11,simd-v0,893,0.014938
11,393435,893,0.008917
11,ours-406478,893,0.005881
11,KACTL,893,0.101810
11,393435,894,0.008917
11,ours-406478,894,0.005881
11,KACTL,894,0.101860
11,simd-v0,894,0.014938
11,ours-406478,895,0.005881
11,KACTL,895,0.101860
11,simd-v0,895,0.014938
11,393435,895,0.008927
11,KACTL,896,0.104024
11,simd-v0,896,0.014888
11,393435,896,0.008917
11,ours-406478,896,0.005922
11,simd-v0,897,0.015018
11,393435,897,0.008927
11,ours-406478,897,0.005891
11,KACTL,897,0.102041
11,393435,898,0.008987
11,ours-406478,898,0.005911
11,KACTL,898,0.101840
11,simd-v0,898,0.014978
11,ours-406478,899,0.005871
11,KACTL,899,0.110937
11,simd-v0,899,0.014898
11,393435,899,0.008987
11,KACTL,900,0.101799
11,simd-v0,900,0.015058
11,393435,900,0.008926
11,ours-406478,900,0.005941
11,simd-v0,901,0.014918
11,393435,901,0.009017
11,ours-406478,901,0.005881
11,KACTL,901,0.101900
11,393435,902,0.008977
11,ours-406478,902,0.005891
11,KACTL,902,0.101820
11,simd-v0,902,0.014978
11,ours-406478,903,0.005891
11,KACTL,903,0.101830
11,simd-v0,903,0.014999
11,393435,903,0.008937
11,KACTL,904,0.101700
11,simd-v0,904,0.015119
11,393435,904,0.008937
11,ours-406478,904,0.005911
11,simd-v0,905,0.014938
11,393435,905,0.008957
11,ours-406478,905,0.005882
11,KACTL,905,0.101950
11,393435,906,0.008917
11,ours-406478,906,0.005891
11,KACTL,906,0.110567
11,simd-v0,906,0.014938
11,ours-406478,907,0.005981
11,KACTL,907,0.101881
11,simd-v0,907,0.014948
11,393435,907,0.008997
11,KACTL,908,0.101930
11,simd-v0,908,0.014928
11,393435,908,0.008947
11,ours-406478,908,0.005981
11,simd-v0,909,0.014958
11,393435,909,0.008846
11,ours-406478,909,0.005971
11,KACTL,909,0.101990
11,393435,910,0.008897
11,ours-406478,910,0.005891
11,KACTL,910,0.101860
11,simd-v0,910,0.014928
11,ours-406478,911,0.005891
11,KACTL,911,0.101830
11,simd-v0,911,0.014977
11,393435,911,0.008987
11,KACTL,912,0.101810
11,simd-v0,912,0.014978
11,393435,912,0.008997
11,ours-406478,912,0.005881
11,simd-v0,913,0.014938
11,393435,913,0.008917
11,ours-406478,913,0.005881
11,KACTL,913,0.111818
11,393435,914,0.008937
11,ours-406478,914,0.005911
11,KACTL,914,0.101740
11,simd-v0,914,0.014958
11,ours-406478,915,0.005871
11,KACTL,915,0.101860
11,simd-v0,915,0.015008
11,393435,915,0.008917
11,KACTL,916,0.101830
11,simd-v0,916,0.014958
11,393435,916,0.009007
11,ours-406478,916,0.005891
11,simd-v0,917,0.014948
11,393435,917,0.008887
11,ours-406478,917,0.005881
11,KACTL,917,0.102020
11,393435,918,0.008946
11,ours-406478,918,0.005881
11,KACTL,918,0.101800
11,simd-v0,918,0.014967
11,ours-406478,919,0.005881
11,KACTL,919,0.101921
11,simd-v0,919,0.014938
11,393435,919,0.008916
11,KACTL,920,0.101750
11,simd-v0,920,0.014978
11,393435,920,0.008947
11,ours-406478,920,0.005860
11,simd-v0,921,0.015018
11,393435,921,0.008917
11,ours-406478,921,0.005870
11,KACTL,921,0.111678
11,393435,922,0.008937
11,ours-406478,922,0.005901
11,KACTL,922,0.101790
11,simd-v0,922,0.014968
11,ours-406478,923,0.005891
11,KACTL,923,0.101870
11,simd-v0,923,0.014937
11,393435,923,0.008907
11,KACTL,924,0.101880
11,simd-v0,924,0.014927
11,393435,924,0.008907
11,ours-406478,924,0.005881
11,simd-v0,925,0.015038
11,393435,925,0.008897
11,ours-406478,925,0.005881
11,KACTL,925,0.101850
11,393435,926,0.008947
11,ours-406478,926,0.005881
11,KACTL,926,0.101689
11,simd-v0,926,0.014958
11,ours-406478,927,0.005870
11,KACTL,927,0.101770
11,simd-v0,927,0.014968
11,393435,927,0.008947
11,KACTL,928,0.110466
11,simd-v0,928,0.015008
11,393435,928,0.008947
11,ours-406478,928,0.006002
11,simd-v0,929,0.014978
11,393435,929,0.008976
11,ours-406478,929,0.005901
11,KACTL,929,0.101800
11,393435,930,0.008986
11,ours-406478,930,0.005881
11,KACTL,930,0.101729
11,simd-v0,930,0.015028
11,ours-406478,931,0.005891
11,KACTL,931,0.101880
11,simd-v0,931,0.014988
11,393435,931,0.008906
11,KACTL,932,0.101870
11,simd-v0,932,0.015038
11,393435,932,0.008907
11,ours-406478,932,0.005901
11,simd-v0,933,0.014937
11,393435,933,0.008897
11,ours-406478,933,0.005981
11,KACTL,933,0.101950
11,393435,934,0.008917
11,ours-406478,934,0.005881
11,KACTL,934,0.101720
11,simd-v0,934,0.014928
11,ours-406478,935,0.005880
11,KACTL,935,0.101820
11,simd-v0,935,0.014988
11,393435,935,0.017783
11,KACTL,936,0.101750
11,simd-v0,936,0.015008
11,393435,936,0.009087
11,ours-406478,936,0.005921
11,simd-v0,937,0.014968
11,393435,937,0.008877
11,ours-406478,937,0.005881
11,KACTL,937,0.101940
11,393435,938,0.008926
11,ours-406478,938,0.005882
11,KACTL,938,0.101750
11,simd-v0,938,0.014938
11,ours-406478,939,0.005891
11,KACTL,939,0.101810
11,simd-v0,939,0.014968
11,393435,939,0.008917
11,KACTL,940,0.101780
11,simd-v0,940,0.014937
11,393435,940,0.008927
11,ours-406478,940,0.005881
11,simd-v0,941,0.014938
11,393435,941,0.008896
11,ours-406478,941,0.005891
11,KACTL,941,0.101830
11,393435,942,0.008946
11,ours-406478,942,0.005881
11,KACTL,942,0.101670
11,simd-v0,942,0.014977
11,ours-406478,943,0.005881
11,KACTL,943,0.110385
11,simd-v0,943,0.014958
11,393435,943,0.008927
11,KACTL,944,0.101810
11,simd-v0,944,0.014978
11,393435,944,0.008936
11,ours-406478,944,0.006021
11,simd-v0,945,0.014928
11,393435,945,0.008897
11,ours-406478,945,0.005881
11,KACTL,945,0.101769
11,393435,946,0.008896
11,ours-406478,946,0.005871
11,KACTL,946,0.101839
11,simd-v0,946,0.014958
11,ours-406478,947,0.005871
11,KACTL,947,0.101920
11,simd-v0,947,0.014968
11,393435,947,0.008896
11,KACTL,948,0.101669
11,simd-v0,948,0.014938
11,393435,948,0.008927
11,ours-406478,948,0.005911
11,simd-v0,949,0.015118
11,393435,949,0.008916
11,ours-406478,949,0.005921
11,KACTL,949,0.101940
11,393435,950,0.008997
11,ours-406478,950,0.005891
11,KACTL,950,0.111548
11,simd-v0,950,0.014957
11,ours-406478,951,0.006011
11,KACTL,951,0.101930
11,simd-v0,951,0.014937
11,393435,951,0.009037
11,KACTL,952,0.101769
11,simd-v0,952,0.014928
11,393435,952,0.008907
11,ours-406478,952,0.005911
11,simd-v0,953,0.015018
11,393435,953,0.008917
11,ours-406478,953,0.005891
11,KACTL,953,0.101740
11,393435,954,0.008977
11,ours-406478,954,0.005881
11,KACTL,954,0.101800
11,simd-v0,954,0.014978
11,ours-406478,955,0.005881
11,KACTL,955,0.101960
11,simd-v0,955,0.015008
11,393435,955,0.008926
11,KACTL,956,0.101829
11,simd-v0,956,0.014958
11,393435,956,0.008916
11,ours-406478,956,0.005902
11,simd-v0,957,0.014928
11,393435,957,0.008917
11,ours-406478,957,0.005971
11,KACTL,957,0.110727
11,393435,958,0.009036
11,ours-406478,958,0.005901
11,KACTL,958,0.102030
11,simd-v0,958,0.015028
11,ours-406478,959,0.005871
11,KACTL,959,0.101991
11,simd-v0,959,0.015008
11,393435,959,0.008946
11,KACTL,960,0.101760
11,simd-v0,960,0.015018
11,393435,960,0.008946
11,ours-406478,960,0.005901
11,simd-v0,961,0.014917
11,393435,961,0.008927
11,ours-406478,961,0.005891
11,KACTL,961,0.101829
11,393435,962,0.008927
11,ours-406478,962,0.005871
11,KACTL,962,0.101749
11,simd-v0,962,0.014937
11,ours-406478,963,0.005881
11,KACTL,963,0.101699
11,simd-v0,963,0.014978
11,393435,963,0.008997
11,KACTL,964,0.101830
11,simd-v0,964,0.014928
11,393435,964,0.008967
11,ours-406478,964,0.005891
11,simd-v0,965,0.014918
11,393435,965,0.008917
11,ours-406478,965,0.005891
11,KACTL,965,0.110486
11,393435,966,0.008946
11,ours-406478,966,0.005911
11,KACTL,966,0.102140
11,simd-v0,966,0.014988
11,ours-406478,967,0.005891
11,KACTL,967,0.101870
11,simd-v0,967,0.014938
11,393435,967,0.008916
11,KACTL,968,0.101790
11,simd-v0,968,0.014938
11,393435,968,0.008976
11,ours-406478,968,0.005871
11,simd-v0,969,0.014908
11,393435,969,0.008936
11,ours-406478,969,0.005901
11,KACTL,969,0.101970
11,393435,970,0.011311
11,ours-406478,970,0.005891
11,KACTL,970,0.101650
11,simd-v0,970,0.014928
11,ours-406478,971,0.005861
11,KACTL,971,0.101900
11,simd-v0,971,0.014908
11,393435,971,0.008927
11,KACTL,972,0.119212
11,simd-v0,972,0.014968
11,393435,972,0.009037
11,ours-406478,972,0.005921
11,simd-v0,973,0.014948
11,393435,973,0.008917
11,ours-406478,973,0.005871
11,KACTL,973,0.101930
11,393435,974,0.008937
11,ours-406478,974,0.005871
11,KACTL,974,0.101770
11,simd-v0,974,0.014968
11,ours-406478,975,0.005871
11,KACTL,975,0.101990
11,simd-v0,975,0.014928
11,393435,975,0.008917
11,KACTL,976,0.101699
11,simd-v0,976,0.014938
11,393435,976,0.008917
11,ours-406478,976,0.005891
11,simd-v0,977,0.015008
11,393435,977,0.008927
11,ours-406478,977,0.005901
11,KACTL,977,0.101820
11,393435,978,0.008917
11,ours-406478,978,0.005881
11,KACTL,978,0.101619
11,simd-v0,978,0.014938
11,ours-406478,979,0.005871
11,KACTL,979,0.101780
11,simd-v0,979,0.014938
11,393435,979,0.017653
11,KACTL,980,0.101730
11,simd-v0,980,0.014958
11,393435,980,0.008916
11,ours-406478,980,0.007865
11,simd-v0,981,0.015018
11,393435,981,0.008897
11,ours-406478,981,0.005912
11,KACTL,981,0.101870
11,393435,982,0.008917
11,ours-406478,982,0.005871
11,KACTL,982,0.101720
11,simd-v0,982,0.015059
11,ours-406478,983,0.005891
11,KACTL,983,0.101890
11,simd-v0,983,0.014948
11,393435,983,0.008907
11,KACTL,984,0.101739
11,simd-v0,984,0.014957
11,393435,984,0.008887
11,ours-406478,984,0.005881
11,simd-v0,985,0.014968
11,393435,985,0.008987
11,ours-406478,985,0.005881
11,KACTL,985,0.101900
11,393435,986,0.008907
11,ours-406478,986,0.005942
11,KACTL,986,0.101740
11,simd-v0,986,0.015028
11,ours-406478,987,0.005861
11,KACTL,987,0.110546
11,simd-v0,987,0.015028
11,393435,987,0.008956
11,KACTL,988,0.101880
11,simd-v0,988,0.014948
11,393435,988,0.008906
11,ours-406478,988,0.005921
11,simd-v0,989,0.014927
11,393435,989,0.008927
11,ours-406478,989,0.005982
11,KACTL,989,0.101850
11,393435,990,0.008947
11,ours-406478,990,0.005871
11,KACTL,990,0.101670
11,simd-v0,990,0.014968
11,ours-406478,991,0.005961
11,KACTL,991,0.101900
11,simd-v0,991,0.014959
11,393435,991,0.008977
11,KACTL,992,0.101750
11,simd-v0,992,0.015048
11,393435,992,0.008937
11,ours-406478,992,0.005911
11,simd-v0,993,0.015008
11,393435,993,0.008916
11,ours-406478,993,0.005901
11,KACTL,993,0.101970
11,393435,994,0.008927
11,ours-406478,994,0.005871
11,KACTL,994,0.111398
11,simd-v0,994,0.014918
11,ours-406478,995,0.005981
11,KACTL,995,0.101950
11,simd-v0,995,0.014887
11,393435,995,0.009067
11,KACTL,996,0.101900
11,simd-v0,996,0.014998
11,393435,996,0.008907
11,ours-406478,996,0.005911
11,simd-v0,997,0.014918
11,393435,997,0.008947
11,ours-406478,997,0.005880
11,KACTL,997,0.101870
11,393435,998,0.008916
11,ours-406478,998,0.005891
11,KACTL,998,0.101860
11,simd-v0,998,0.014948
11,ours-406478,999,0.005881
11,KACTL,999,0.102011
11,simd-v0,999,0.014948
11,393435,999,0.008906
11,KACTL,1000,0.101910
11,simd-v0,1000,0.014988
11,393435,1000,0.008967
11,ours-406478,1000,0.005961
12,KACTL,0,0.230039
12,simd-v0,0,0.029184
12,393435,0,0.019877
12,ours-406478,0,0.012784
12,simd-v0,1,0.029104
12,393435,1,0.019857
12,ours-406478,1,0.012493
12,KACTL,1,0.219950
12,393435,2,0.020017
12,ours-406478,2,0.012373
12,KACTL,2,0.220110
12,simd-v0,2,0.029105
12,ours-406478,3,0.012343
12,KACTL,3,0.219800
12,simd-v0,3,0.039023
12,393435,3,0.019957
12,KACTL,4,0.220100
12,simd-v0,4,0.029104
12,393435,4,0.019877
12,ours-406478,4,0.012664
12,simd-v0,5,0.029174
12,393435,5,0.019867
12,ours-406478,5,0.012363
12,KACTL,5,0.219710
12,393435,6,0.019886
12,ours-406478,6,0.012463
12,KACTL,6,0.219720
12,simd-v0,6,0.029165
12,ours-406478,7,0.012373
12,KACTL,7,0.229458
12,simd-v0,7,0.029005
12,393435,7,0.020429
12,KACTL,8,0.220722
12,simd-v0,8,0.029255
12,393435,8,0.019767
12,ours-406478,8,0.012683
12,simd-v0,9,0.029154
12,393435,9,0.019927
12,ours-406478,9,0.012394
12,KACTL,9,0.219799
12,393435,10,0.019837
12,ours-406478,10,0.012403
12,KACTL,10,0.230430
12,simd-v0,10,0.029194
12,ours-406478,11,0.012543
12,KACTL,11,0.219540
12,simd-v0,11,0.029164
12,393435,11,0.019927
12,KACTL,12,0.220651
12,simd-v0,12,0.029044
12,393435,12,0.019917
12,ours-406478,12,0.012564
12,simd-v0,13,0.029064
12,393435,13,0.019867
12,ours-406478,13,0.012413
12,KACTL,13,0.219709
12,393435,14,0.019807
12,ours-406478,14,0.012363
12,KACTL,14,0.229948
12,simd-v0,14,0.029245
12,ours-406478,15,0.012593
12,KACTL,15,0.220451
12,simd-v0,15,0.029134
12,393435,15,0.020007
12,KACTL,16,0.222655
12,simd-v0,16,0.028994
12,393435,16,0.019967
12,ours-406478,16,0.012623
12,simd-v0,17,0.029024
12,393435,17,0.019888
12,ours-406478,17,0.012373
12,KACTL,17,0.229448
12,393435,18,0.019917
12,ours-406478,18,0.012643
12,KACTL,18,0.219709
12,simd-v0,18,0.029004
12,ours-406478,19,0.012473
12,KACTL,19,0.219609
12,simd-v0,19,0.029115
12,393435,19,0.019857
12,KACTL,20,0.219409
12,simd-v0,20,0.029084
12,393435,20,0.019847
12,ours-406478,20,0.012604
12,simd-v0,21,0.038512
12,393435,21,0.020048
12,ours-406478,21,0.012604
12,KACTL,21,0.219940
12,393435,22,0.019938
12,ours-406478,22,0.012393
12,KACTL,22,0.219860
12,simd-v0,22,0.029085
12,ours-406478,23,0.012413
12,KACTL,23,0.219489
12,simd-v0,23,0.029225
12,393435,23,0.019967
12,KACTL,24,0.229308
12,simd-v0,24,0.029064
12,393435,24,0.019957
12,ours-406478,24,0.012774
12,simd-v0,25,0.029125
12,393435,25,0.019847
12,ours-406478,25,0.012513
12,KACTL,25,0.219820
12,393435,26,0.019927
12,ours-406478,26,0.012413
12,KACTL,26,0.220160
12,simd-v0,26,0.029114
12,ours-406478,27,0.012353
12,KACTL,27,0.219630
12,simd-v0,27,0.029054
12,393435,27,0.029585
12,KACTL,28,0.220281
12,simd-v0,28,0.029164
12,393435,28,0.019917
12,ours-406478,28,0.012713
12,simd-v0,29,0.029124
12,393435,29,0.019847
12,ours-406478,29,0.012363
12,KACTL,29,0.220612
12,393435,30,0.019827
12,ours-406478,30,0.012443
12,KACTL,30,0.219850
12,simd-v0,30,0.029114
12,ours-406478,31,0.012383
12,KACTL,31,0.229307
12,simd-v0,31,0.028994
12,393435,31,0.019967
12,KACTL,32,0.220270
12,simd-v0,32,0.029675
12,393435,32,0.019797
12,ours-406478,32,0.012643
12,simd-v0,33,0.029104
12,393435,33,0.019847
12,ours-406478,33,0.012364
12,KACTL,33,0.220171
12,393435,34,0.019877
12,ours-406478,34,0.012844
12,KACTL,34,0.229639
12,simd-v0,34,0.029164
12,ours-406478,35,0.012584
12,KACTL,35,0.219780
12,simd-v0,35,0.029205
12,393435,35,0.019907
12,KACTL,36,0.220531
12,simd-v0,36,0.029094
12,393435,36,0.019867
12,ours-406478,36,0.012703
12,simd-v0,37,0.029184
12,393435,37,0.019807
12,ours-406478,37,0.012424
12,KACTL,37,0.219810
12,393435,38,0.019887
12,ours-406478,38,0.012393
12,KACTL,38,0.230129
12,simd-v0,38,0.029175
12,ours-406478,39,0.012594
12,KACTL,39,0.220661
12,simd-v0,39,0.029164
12,393435,39,0.019927
12,KACTL,40,0.219829
12,simd-v0,40,0.029084
12,393435,40,0.019897
12,ours-406478,40,0.012644
12,simd-v0,41,0.029054
12,393435,41,0.019928
12,ours-406478,41,0.012363
12,KACTL,41,0.230570
12,393435,42,0.019927
12,ours-406478,42,0.012574
12,KACTL,42,0.220020
12,simd-v0,42,0.029194
12,ours-406478,43,0.012464
12,KACTL,43,0.220582
12,simd-v0,43,0.029285
12,393435,43,0.019998
12,KACTL,44,0.219519
12,simd-v0,44,0.029074
12,393435,44,0.019787
12,ours-406478,44,0.012593
12,simd-v0,45,0.029024
12,393435,45,0.019828
12,ours-406478,45,0.021971
12,KACTL,45,0.219599
12,393435,46,0.020017
12,ours-406478,46,0.012473
12,KACTL,46,0.221052
12,simd-v0,46,0.029014
12,ours-406478,47,0.012463
12,KACTL,47,0.219770
12,simd-v0,47,0.029044
12,393435,47,0.019927
12,KACTL,48,0.241250
12,simd-v0,48,0.029265
12,393435,48,0.020038
12,ours-406478,48,0.012693
12,simd-v0,49,0.029194
12,393435,49,0.019967
12,ours-406478,49,0.012393
12,KACTL,49,0.220822
12,393435,50,0.019917
12,ours-406478,50,0.012363
12,KACTL,50,0.222044
12,simd-v0,50,0.029105
12,ours-406478,51,0.012534
12,KACTL,51,0.219750
12,simd-v0,51,0.029125
12,393435,51,0.020007
12,KACTL,52,0.230670
12,simd-v0,52,0.029135
12,393435,52,0.020047
12,ours-406478,52,0.012764
12,simd-v0,53,0.028994
12,393435,53,0.019907
12,ours-406478,53,0.012433
12,KACTL,53,0.219780
12,393435,54,0.019877
12,ours-406478,54,0.012353
12,KACTL,54,0.220070
12,simd-v0,54,0.029044
12,ours-406478,55,0.012383
12,KACTL,55,0.229338
12,simd-v0,55,0.029104
12,393435,55,0.019957
12,KACTL,56,0.219980
12,simd-v0,56,0.029114
12,393435,56,0.019837
12,ours-406478,56,0.012654
12,simd-v0,57,0.029235
12,393435,57,0.019827
12,ours-406478,57,0.012383
12,KACTL,57,0.219679
12,393435,58,0.019957
12,ours-406478,58,0.012484
12,KACTL,58,0.220010
12,simd-v0,58,0.038652
12,ours-406478,59,0.012574
12,KACTL,59,0.219790
12,simd-v0,59,0.029094
12,393435,59,0.020088
12,KACTL,60,0.220051
12,simd-v0,60,0.029144
12,393435,60,0.019807
12,ours-406478,60,0.012564
12,simd-v0,61,0.029184
12,393435,61,0.019837
12,ours-406478,61,0.012403
12,KACTL,61,0.219820
12,393435,62,0.019827
12,ours-406478,62,0.012423
12,KACTL,62,0.229518
12,simd-v0,62,0.029054
12,ours-406478,63,0.012604
12,KACTL,63,0.219749
12,simd-v0,63,0.029845
12,393435,63,0.019897
12,KACTL,64,0.219930
12,simd-v0,64,0.029064
12,393435,64,0.019907
12,ours-406478,64,0.012574
12,simd-v0,65,0.029044
12,393435,65,0.019897
12,ours-406478,65,0.012393
12,KACTL,65,0.229858
12,393435,66,0.019877
12,ours-406478,66,0.012954
12,KACTL,66,0.220281
12,simd-v0,66,0.029204
12,ours-406478,67,0.012494
12,KACTL,67,0.220402
12,simd-v0,67,0.029224
12,393435,67,0.019877
12,KACTL,68,0.220140
12,simd-v0,68,0.029045
12,393435,68,0.019917
12,ours-406478,68,0.012574
12,simd-v0,69,0.029285
12,393435,69,0.019938
12,ours-406478,69,0.012383
12,KACTL,69,0.229287
12,393435,70,0.019857
12,ours-406478,70,0.012654
12,KACTL,70,0.219639
12,simd-v0,70,0.029054
12,ours-406478,71,0.012373
12,KACTL,71,0.219599
12,simd-v0,71,0.029264
12,393435,71,0.019897
12,KACTL,72,0.229698
12,simd-v0,72,0.029034
12,393435,72,0.019807
12,ours-406478,72,0.012764
12,simd-v0,73,0.029044
12,393435,73,0.019917
12,ours-406478,73,0.012394
12,KACTL,73,0.219910
12,393435,74,0.019867
12,ours-406478,74,0.013224
12,KACTL,74,0.220170
12,simd-v0,74,0.029104
12,ours-406478,75,0.012363
12,KACTL,75,0.219680
12,simd-v0,75,0.029214
12,393435,75,0.019957
12,KACTL,76,0.231842
12,simd-v0,76,0.029114
12,393435,76,0.019927
12,ours-406478,76,0.012763
12,simd-v0,77,0.029104
12,393435,77,0.019817
12,ours-406478,77,0.012504
12,KACTL,77,0.220561
12,393435,78,0.019918
12,ours-406478,78,0.012403
12,KACTL,78,0.220391
12,simd-v0,78,0.029125
12,ours-406478,79,0.012403
12,KACTL,79,0.229197
12,simd-v0,79,0.029064
12,393435,79,0.019957
12,KACTL,80,0.220251
12,simd-v0,80,0.029234
12,393435,80,0.019747
12,ours-406478,80,0.012944
12,simd-v0,81,0.029144
12,393435,81,0.019837
12,ours-406478,81,0.012443
12,KACTL,81,0.219680
12,393435,82,0.019847
12,ours-406478,82,0.012403
12,KACTL,82,0.219780
12,simd-v0,82,0.029154
12,ours-406478,83,0.036688
12,KACTL,83,0.219840
12,simd-v0,83,0.029364
12,393435,83,0.019938
12,KACTL,84,0.220291
12,simd-v0,84,0.029164
12,393435,84,0.019857
12,ours-406478,84,0.012674
12,simd-v0,85,0.029185
12,393435,85,0.019886
12,ours-406478,85,0.012574
12,KACTL,85,0.219740
12,393435,86,0.019968
12,ours-406478,86,0.012453
12,KACTL,86,0.229548
12,simd-v0,86,0.029114
12,ours-406478,87,0.012563
12,KACTL,87,0.219639
12,simd-v0,87,0.029094
12,393435,87,0.019987
12,KACTL,88,0.219910
12,simd-v0,88,0.029224
12,393435,88,0.019867
12,ours-406478,88,0.012564
12,simd-v0,89,0.029205
12,393435,89,0.019847
12,ours-406478,89,0.012363
12,KACTL,89,0.229158
12,393435,90,0.019887
12,ours-406478,90,0.012614
12,KACTL,90,0.219930
12,simd-v0,90,0.029255
12,ours-406478,91,0.012343
12,KACTL,91,0.220151
12,simd-v0,91,0.028984
12,393435,91,0.019927
12,KACTL,92,0.219840
12,simd-v0,92,0.029145
12,393435,92,0.019847
12,ours-406478,92,0.012543
12,simd-v0,93,0.029104
12,393435,93,0.019857
12,ours-406478,93,0.012403
12,KACTL,93,0.229197
12,393435,94,0.019937
12,ours-406478,94,0.012684
12,KACTL,94,0.220662
12,simd-v0,94,0.029115
12,ours-406478,95,0.012383
12,KACTL,95,0.219579
12,simd-v0,95,0.029224
12,393435,95,0.020007
12,KACTL,96,0.229488
12,simd-v0,96,0.029054
12,393435,96,0.019997
12,ours-406478,96,0.012694
12,simd-v0,97,0.029214
12,393435,97,0.019897
12,ours-406478,97,0.012343
12,KACTL,97,0.219620
12,393435,98,0.019897
12,ours-406478,98,0.012383
12,KACTL,98,0.219910
12,simd-v0,98,0.029085
12,ours-406478,99,0.012434
12,KACTL,99,0.219680
12,simd-v0,99,0.029164
12,393435,99,0.019847
12,KACTL,100,0.229598
12,simd-v0,100,0.029094
12,393435,100,0.019967
12,ours-406478,100,0.012643
12,simd-v0,101,0.029104
12,393435,101,0.019877
12,ours-406478,101,0.012384
12,KACTL,101,0.220702
12,393435,102,0.020068
12,ours-406478,102,0.012404
12,KACTL,102,0.219960
12,simd-v0,102,0.029134
12,ours-406478,103,0.012343
12,KACTL,103,0.229067
12,simd-v0,103,0.029155
12,393435,103,0.019857
12,KACTL,104,0.219880
12,simd-v0,104,0.029064
12,393435,104,0.019847
12,ours-406478,104,0.012773
12,simd-v0,105,0.029114
12,393435,105,0.019837
12,ours-406478,105,0.012494
12,KACTL,105,0.219599
12,393435,106,0.019978
12,ours-406478,106,0.012403
12,KACTL,106,0.219850
12,simd-v0,106,0.029104
12,ours-406478,107,0.012393
12,KACTL,107,0.229147
12,simd-v0,107,0.029144
12,393435,107,0.020108
12,KACTL,108,0.220702
12,simd-v0,108,0.029265
12,393435,108,0.019888
12,ours-406478,108,0.012734
12,simd-v0,109,0.029124
12,393435,109,0.019927
12,ours-406478,109,0.012373
12,KACTL,109,0.220000
12,393435,110,0.019897
12,ours-406478,110,0.012463
12,KACTL,110,0.229378
12,simd-v0,110,0.029215
12,ours-406478,111,0.012574
12,KACTL,111,0.219679
12,simd-v0,111,0.029074
12,393435,111,0.019947
12,KACTL,112,0.220771
12,simd-v0,112,0.029184
12,393435,112,0.019847
12,ours-406478,112,0.012604
12,simd-v0,113,0.029255
12,393435,113,0.019837
12,ours-406478,113,0.012343
12,KACTL,113,0.229007
12,393435,114,0.020007
12,ours-406478,114,0.012684
12,KACTL,114,0.220120
12,simd-v0,114,0.029235
12,ours-406478,115,0.012443
12,KACTL,115,0.219790
12,simd-v0,115,0.029275
12,393435,115,0.019917
12,KACTL,116,0.219991
12,simd-v0,116,0.029154
12,393435,116,0.019927
12,ours-406478,116,0.012513
12,simd-v0,117,0.029034
12,393435,117,0.019958
12,ours-406478,117,0.012413
12,KACTL,117,0.229368
12,393435,118,0.019907
12,ours-406478,118,0.012614
12,KACTL,118,0.220000
12,simd-v0,118,0.029045
12,ours-406478,119,0.012493
12,KACTL,119,0.222014
12,simd-v0,119,0.029254
12,393435,119,0.019857
12,KACTL,120,0.220110
12,simd-v0,120,0.040786
12,393435,120,0.019917
12,ours-406478,120,0.012753
12,simd-v0,121,0.029104
12,393435,121,0.019907
12,ours-406478,121,0.012352
12,KACTL,121,0.219850
12,393435,122,0.019827
12,ours-406478,122,0.012403
12,KACTL,122,0.220732
12,simd-v0,122,0.029074
12,ours-406478,123,0.012633
12,KACTL,123,0.220171
12,simd-v0,123,0.029144
12,393435,123,0.019987
12,KACTL,124,0.230880
12,simd-v0,124,0.029034
12,393435,124,0.019937
12,ours-406478,124,0.012713
12,simd-v0,125,0.029084
12,393435,125,0.019887
12,ours-406478,125,0.012394
12,KACTL,125,0.220872
12,393435,126,0.019867
12,ours-406478,126,0.012373
12,KACTL,126,0.219810
12,simd-v0,126,0.029105
12,ours-406478,127,0.012443
12,KACTL,127,0.229187
12,simd-v0,127,0.029064
12,393435,127,0.019917
12,KACTL,128,0.220351
12,simd-v0,128,0.029124
12,393435,128,0.019797
12,ours-406478,128,0.012724
12,simd-v0,129,0.029114
12,393435,129,0.019917
12,ours-406478,129,0.012353
12,KACTL,129,0.219900
12,393435,130,0.019937
12,ours-406478,130,0.012373
12,KACTL,130,0.220030
12,simd-v0,130,0.029164
12,ours-406478,131,0.012363
12,KACTL,131,0.231131
12,simd-v0,131,0.029124
12,393435,131,0.019957
12,KACTL,132,0.219720
12,simd-v0,132,0.029175
12,393435,132,0.019687
12,ours-406478,132,0.012693
12,simd-v0,133,0.029144
12,393435,133,0.019807
12,ours-406478,133,0.012474
12,KACTL,133,0.220231
12,393435,134,0.019908
12,ours-406478,134,0.012443
12,KACTL,134,0.229718
12,simd-v0,134,0.029125
12,ours-406478,135,0.012574
12,KACTL,135,0.219709
12,simd-v0,135,0.029064
12,393435,135,0.020067
12,KACTL,136,0.219589
12,simd-v0,136,0.029174
12,393435,136,0.019877
12,ours-406478,136,0.012554
12,simd-v0,137,0.029135
12,393435,137,0.019847
12,ours-406478,137,0.012393
12,KACTL,137,0.219650
12,393435,138,0.029354
12,ours-406478,138,0.012674
12,KACTL,138,0.219901
12,simd-v0,138,0.029255
12,ours-406478,139,0.012353
12,KACTL,139,0.219729
12,simd-v0,139,0.029104
12,393435,139,0.019877
12,KACTL,140,0.219659
12,simd-v0,140,0.029104
12,393435,140,0.020007
12,ours-406478,140,0.012543
12,simd-v0,141,0.029275
12,393435,141,0.019947
12,ours-406478,141,0.012383
12,KACTL,141,0.229418
12,393435,142,0.019977
12,ours-406478,142,0.012614
12,KACTL,142,0.219880
12,simd-v0,142,0.029225
12,ours-406478,143,0.012373
12,KACTL,143,0.219670
12,simd-v0,143,0.029094
12,393435,143,0.019897
12,KACTL,144,0.220120
12,simd-v0,144,0.029114
12,393435,144,0.019888
12,ours-406478,144,0.021991
12,simd-v0,145,0.029245
12,393435,145,0.019897
12,ours-406478,145,0.012433
12,KACTL,145,0.219940
12,393435,146,0.019867
12,ours-406478,146,0.012403
12,KACTL,146,0.220000
12,simd-v0,146,0.029074
12,ours-406478,147,0.012443
12,KACTL,147,0.219580
12,simd-v0,147,0.029205
12,393435,147,0.019908
12,KACTL,148,0.229247
12,simd-v0,148,0.029125
12,393435,148,0.019947
12,ours-406478,148,0.012673
12,simd-v0,149,0.029144
12,393435,149,0.019917
12,ours-406478,149,0.012394
12,KACTL,149,0.219720
12,393435,150,0.019897
12,ours-406478,150,0.012413
12,KACTL,150,0.219910
12,simd-v0,150,0.029065
12,ours-406478,151,0.012383
12,KACTL,151,0.219629
12,simd-v0,151,0.038722
12,393435,151,0.019948
12,KACTL,152,0.219780
12,simd-v0,152,0.029023
12,393435,152,0.019897
12,ours-406478,152,0.012774
12,simd-v0,153,0.029034
12,393435,153,0.019927
12,ours-406478,153,0.012493
12,KACTL,153,0.220180
12,393435,154,0.021169
12,ours-406478,154,0.019056
12,KACTL,154,0.219880
12,simd-v0,154,0.029124
12,ours-406478,155,0.012433
12,KACTL,155,0.229548
12,simd-v0,155,0.029165
12,393435,155,0.019847
12,KACTL,156,0.220301
12,simd-v0,156,0.029074
12,393435,156,0.019857
12,ours-406478,156,0.012683
12,simd-v0,157,0.029034
12,393435,157,0.019857
12,ours-406478,157,0.012423
12,KACTL,157,0.219730
12,393435,158,0.019927
12,ours-406478,158,0.012383
12,KACTL,158,0.229688
12,simd-v0,158,0.029104
12,ours-406478,159,0.012553
12,KACTL,159,0.219870
12,simd-v0,159,0.029054
12,393435,159,0.019987
12,KACTL,160,0.219890
12,simd-v0,160,0.029104
12,393435,160,0.019797
12,ours-406478,160,0.012573
12,simd-v0,161,0.029115
12,393435,161,0.019797
12,ours-406478,161,0.012373
12,KACTL,161,0.219809
12,393435,162,0.019797
12,ours-406478,162,0.012403
12,KACTL,162,0.242222
12,simd-v0,162,0.029225
12,ours-406478,163,0.012723
12,KACTL,163,0.219550
12,simd-v0,163,0.029044
12,393435,163,0.020138
12,KACTL,164,0.219890
12,simd-v0,164,0.029084
12,393435,164,0.019797
12,ours-406478,164,0.012544
12,simd-v0,165,0.029114
12,393435,165,0.019727
12,ours-406478,165,0.012564
12,KACTL,165,0.231381
12,393435,166,0.019977
12,ours-406478,166,0.012664
12,KACTL,166,0.219890
12,simd-v0,166,0.029154
12,ours-406478,167,0.012413
12,KACTL,167,0.219650
12,simd-v0,167,0.029024
12,393435,167,0.020007
12,KACTL,168,0.220060
12,simd-v0,168,0.029245
12,393435,168,0.019897
12,ours-406478,168,0.012574
12,simd-v0,169,0.039103
12,393435,169,0.019887
12,ours-406478,169,0.012694
12,KACTL,169,0.219940
12,393435,170,0.019857
12,ours-406478,170,0.012503
12,KACTL,170,0.220220
12,simd-v0,170,0.029124
12,ours-406478,171,0.012323
12,KACTL,171,0.219590
12,simd-v0,171,0.029074
12,393435,171,0.019877
12,KACTL,172,0.230109
12,simd-v0,172,0.029184
12,393435,172,0.019908
12,ours-406478,172,0.012674
12,simd-v0,173,0.029135
12,393435,173,0.019797
12,ours-406478,173,0.012353
12,KACTL,173,0.219569
12,393435,174,0.019807
12,ours-406478,174,0.012353
12,KACTL,174,0.219739
12,simd-v0,174,0.029074
12,ours-406478,175,0.012433
12,KACTL,175,0.219580
12,simd-v0,175,0.038612
12,393435,175,0.019857
12,KACTL,176,0.220130
12,simd-v0,176,0.029064
12,393435,176,0.019987
12,ours-406478,176,0.012673
12,simd-v0,177,0.029154
12,393435,177,0.019927
12,ours-406478,177,0.012343
12,KACTL,177,0.219800
12,393435,178,0.019897
12,ours-406478,178,0.013055
12,KACTL,178,0.220081
12,simd-v0,178,0.029154
12,ours-406478,179,0.012383
12,KACTL,179,0.229327
12,simd-v0,179,0.029114
12,393435,179,0.020008
12,KACTL,180,0.219919
12,simd-v0,180,0.029044
12,393435,180,0.019897
12,ours-406478,180,0.012683
12,simd-v0,181,0.029144
12,393435,181,0.019917
12,ours-406478,181,0.012383
12,KACTL,181,0.219880
12,393435,182,0.019977
12,ours-406478,182,0.012394
12,KACTL,182,0.229719
12,simd-v0,182,0.029044
12,ours-406478,183,0.012594
12,KACTL,183,0.219930
12,simd-v0,183,0.029184
12,393435,183,0.019957
12,KACTL,184,0.220270
12,simd-v0,184,0.029054
12,393435,184,0.019837
12,ours-406478,184,0.012594
12,simd-v0,185,0.029084
12,393435,185,0.019837
12,ours-406478,185,0.012523
12,KACTL,185,0.219679
12,393435,186,0.019907
12,ours-406478,186,0.012373
12,KACTL,186,0.229488
12,simd-v0,186,0.029014
12,ours-406478,187,0.012664
12,KACTL,187,0.219830
12,simd-v0,187,0.029134
12,393435,187,0.019997
12,KACTL,188,0.222445
12,simd-v0,188,0.029215
12,393435,188,0.019868
12,ours-406478,188,0.012644
12,simd-v0,189,0.029145
12,393435,189,0.019878
12,ours-406478,189,0.012373
12,KACTL,189,0.229608
12,393435,190,0.019937
12,ours-406478,190,0.012674
12,KACTL,190,0.219750
12,simd-v0,190,0.029205
12,ours-406478,191,0.012384
12,KACTL,191,0.219930
12,simd-v0,191,0.029034
12,393435,191,0.020047
12,KACTL,192,0.219950
12,simd-v0,192,0.029054
12,393435,192,0.019847
12,ours-406478,192,0.012564
12,simd-v0,193,0.029125
12,393435,193,0.029515
12,ours-406478,193,0.012533
12,KACTL,193,0.219640
12,393435,194,0.019897
12,ours-406478,194,0.012523
12,KACTL,194,0.219710
12,simd-v0,194,0.029235
12,ours-406478,195,0.012414
12,KACTL,195,0.219750
12,simd-v0,195,0.029105
12,393435,195,0.019907
12,KACTL,196,0.231341
12,simd-v0,196,0.029104
12,393435,196,0.019847
12,ours-406478,196,0.012654
12,simd-v0,197,0.029295
12,393435,197,0.019877
12,ours-406478,197,0.012373
12,KACTL,197,0.219810
12,393435,198,0.019868
12,ours-406478,198,0.012383
12,KACTL,198,0.220030
12,simd-v0,198,0.029034
12,ours-406478,199,0.012453
12,KACTL,199,0.219649
12,simd-v0,199,0.029154
12,393435,199,0.019998
12,KACTL,200,0.229759
12,simd-v0,200,0.029023
12,393435,200,0.019967
12,ours-406478,200,0.012694
12,simd-v0,201,0.029003
12,393435,201,0.020007
12,ours-406478,201,0.012333
12,KACTL,201,0.219870
12,393435,202,0.019917
12,ours-406478,202,0.012393
12,KACTL,202,0.219469
12,simd-v0,202,0.029084
12,ours-406478,203,0.012403
12,KACTL,203,0.229268
12,simd-v0,203,0.029174
12,393435,203,0.019877
12,KACTL,204,0.219870
12,simd-v0,204,0.029144
12,393435,204,0.019897
12,ours-406478,204,0.012683
12,simd-v0,205,0.029054
12,393435,205,0.020017
12,ours-406478,205,0.012384
12,KACTL,205,0.219660
12,393435,206,0.019887
12,ours-406478,206,0.012383
12,KACTL,206,0.219830
12,simd-v0,206,0.038752
12,ours-406478,207,0.012574
12,KACTL,207,0.219709
12,simd-v0,207,0.029174
12,393435,207,0.019958
12,KACTL,208,0.219839
12,simd-v0,208,0.029044
12,393435,208,0.019797
12,ours-406478,208,0.012784
12,simd-v0,209,0.029104
12,393435,209,0.019807
12,ours-406478,209,0.012463
12,KACTL,209,0.219779
12,393435,210,0.019897
12,ours-406478,210,0.012433
12,KACTL,210,0.230429
12,simd-v0,210,0.028994
12,ours-406478,211,0.012613
12,KACTL,211,0.219620
12,simd-v0,211,0.029104
12,393435,211,0.020018
12,KACTL,212,0.220021
12,simd-v0,212,0.029084
12,393435,212,0.019847
12,ours-406478,212,0.012564
12,simd-v0,213,0.029155
12,393435,213,0.019757
12,ours-406478,213,0.012393
12,KACTL,213,0.229027
12,393435,214,0.019948
12,ours-406478,214,0.012634
12,KACTL,214,0.220170
12,simd-v0,214,0.029155
12,ours-406478,215,0.012383
12,KACTL,215,0.219880
12,simd-v0,215,0.029094
12,393435,215,0.019957
12,KACTL,216,0.220061
12,simd-v0,216,0.029185
12,393435,216,0.019857
12,ours-406478,216,0.012503
12,simd-v0,217,0.029254
12,393435,217,0.019867
12,ours-406478,217,0.012352
12,KACTL,217,0.229338
12,393435,218,0.019947
12,ours-406478,218,0.012713
12,KACTL,218,0.220321
12,simd-v0,218,0.029235
12,ours-406478,219,0.012374
12,KACTL,219,0.219740
12,simd-v0,219,0.029045
12,393435,219,0.019958
12,KACTL,220,0.238114
12,simd-v0,220,0.029215
12,393435,220,0.019797
12,ours-406478,220,0.012743
12,simd-v0,221,0.029315
12,393435,221,0.019847
12,ours-406478,221,0.012433
12,KACTL,221,0.219920
12,393435,222,0.019766
12,ours-406478,222,0.012413
12,KACTL,222,0.220000
12,simd-v0,222,0.031469
12,ours-406478,223,0.012473
12,KACTL,223,0.219720
12,simd-v0,223,0.029174
12,393435,223,0.019987
12,KACTL,224,0.229498
12,simd-v0,224,0.029294
12,393435,224,0.019947
12,ours-406478,224,0.012674
12,simd-v0,225,0.029145
12,393435,225,0.019847
12,ours-406478,225,0.012353
12,KACTL,225,0.219659
12,393435,226,0.019857
12,ours-406478,226,0.012373
12,KACTL,226,0.220180
12,simd-v0,226,0.029074
12,ours-406478,227,0.012443
12,KACTL,227,0.229107
12,simd-v0,227,0.029075
12,393435,227,0.019988
12,KACTL,228,0.219640
12,simd-v0,228,0.029085
12,393435,228,0.019987
12,ours-406478,228,0.012674
12,simd-v0,229,0.029045
12,393435,229,0.019998
12,ours-406478,229,0.012393
12,KACTL,229,0.219789
12,393435,230,0.019857
12,ours-406478,230,0.012383
12,KACTL,230,0.219799
12,simd-v0,230,0.038532
12,ours-406478,231,0.012674
12,KACTL,231,0.219850
12,simd-v0,231,0.029134
12,393435,231,0.019927
12,KACTL,232,0.220031
12,simd-v0,232,0.029074
12,393435,232,0.019817
12,ours-406478,232,0.012634
12,simd-v0,233,0.029085
12,393435,233,0.019887
12,ours-406478,233,0.012413
12,KACTL,233,0.219800
12,393435,234,0.019857
12,ours-406478,234,0.012374
12,KACTL,234,0.229628
12,simd-v0,234,0.029095
12,ours-406478,235,0.012614
12,KACTL,235,0.219940
12,simd-v0,235,0.029034
12,393435,235,0.019998
12,KACTL,236,0.220121
12,simd-v0,236,0.029174
12,393435,236,0.019867
12,ours-406478,236,0.012623
12,simd-v0,237,0.029054
12,393435,237,0.019846
12,ours-406478,237,0.012483
12,KACTL,237,0.236801
12,393435,238,0.020077
12,ours-406478,238,0.012693
12,KACTL,238,0.220240
12,simd-v0,238,0.029184
12,ours-406478,239,0.012383
12,KACTL,239,0.219809
12,simd-v0,239,0.029204
12,393435,239,0.019967
12,KACTL,240,0.220200
12,simd-v0,240,0.029074
12,393435,240,0.019877
12,ours-406478,240,0.012524
12,simd-v0,241,0.029124
12,393435,241,0.019887
12,ours-406478,241,0.012353
12,KACTL,241,0.229508
12,393435,242,0.019978
12,ours-406478,242,0.012634
12,KACTL,242,0.220061
12,simd-v0,242,0.029074
12,ours-406478,243,0.012443
12,KACTL,243,0.219850
12,simd-v0,243,0.029085
12,393435,243,0.019907
12,KACTL,244,0.229368
12,simd-v0,244,0.029114
12,393435,244,0.019877
12,ours-406478,244,0.012704
12,simd-v0,245,0.029174
12,393435,245,0.019837
12,ours-406478,245,0.012353
12,KACTL,245,0.219940
12,393435,246,0.019857
12,ours-406478,246,0.012494
12,KACTL,246,0.219690
12,simd-v0,246,0.029174
12,ours-406478,247,0.012394
12,KACTL,247,0.219740
12,simd-v0,247,0.029115
12,393435,247,0.019877
12,KACTL,248,0.229428
12,simd-v0,248,0.029114
12,393435,248,0.019947
12,ours-406478,248,0.012623
12,simd-v0,249,0.029134
12,393435,249,0.019957
12,ours-406478,249,0.012523
12,KACTL,249,0.219850
12,393435,250,0.019947
12,ours-406478,250,0.012384
12,KACTL,250,0.219580
12,simd-v0,250,0.029165
12,ours-406478,251,0.012363
12,KACTL,251,0.229879
12,simd-v0,251,0.029104
12,393435,251,0.019997
12,KACTL,252,0.220110
12,simd-v0,252,0.029114
12,393435,252,0.019827
12,ours-406478,252,0.012674
12,simd-v0,253,0.029074
12,393435,253,0.019746
12,ours-406478,253,0.012373
12,KACTL,253,0.219779
12,393435,254,0.019787
12,ours-406478,254,0.012404
12,KACTL,254,0.220561
12,simd-v0,254,0.029104
12,ours-406478,255,0.012473
12,KACTL,255,0.229227
12,simd-v0,255,0.029195
12,393435,255,0.019928
12,KACTL,256,0.220051
12,simd-v0,256,0.029024
12,393435,256,0.019907
12,ours-406478,256,0.012734
12,simd-v0,257,0.029024
12,393435,257,0.019867
12,ours-406478,257,0.012373
12,KACTL,257,0.223266
12,393435,258,0.019957
12,ours-406478,258,0.012553
12,KACTL,258,0.229237
12,simd-v0,258,0.029095
12,ours-406478,259,0.012634
12,KACTL,259,0.219930
12,simd-v0,259,0.029275
12,393435,259,0.019927
12,KACTL,260,0.219469
12,simd-v0,260,0.029174
12,393435,260,0.019877
12,ours-406478,260,0.012523
12,simd-v0,261,0.029004
12,393435,261,0.019826
12,ours-406478,261,0.012403
12,KACTL,261,0.229337
12,393435,262,0.019967
12,ours-406478,262,0.012574
12,KACTL,262,0.219399
12,simd-v0,262,0.029104
12,ours-406478,263,0.012373
12,KACTL,263,0.219629
12,simd-v0,263,0.029104
12,393435,263,0.020048
12,KACTL,264,0.219300
12,simd-v0,264,0.029124
12,393435,264,0.019837
12,ours-406478,264,0.012464
12,simd-v0,265,0.029155
12,393435,265,0.019797
12,ours-406478,265,0.012343
12,KACTL,265,0.229628
12,393435,266,0.019978
12,ours-406478,266,0.012584
12,KACTL,266,0.219279
12,simd-v0,266,0.029124
12,ours-406478,267,0.012423
12,KACTL,267,0.219769
12,simd-v0,267,0.029224
12,393435,267,0.020047
12,KACTL,268,0.219189
12,simd-v0,268,0.029124
12,393435,268,0.019867
12,ours-406478,268,0.012623
12,simd-v0,269,0.029124
12,393435,269,0.019967
12,ours-406478,269,0.012403
12,KACTL,269,0.220000
12,393435,270,0.019757
12,ours-406478,270,0.012464
12,KACTL,270,0.219360
12,simd-v0,270,0.029134
12,ours-406478,271,0.012423
12,KACTL,271,0.220140
12,simd-v0,271,0.028963
12,393435,271,0.019907
12,KACTL,272,0.229117
12,simd-v0,272,0.029155
12,393435,272,0.019898
12,ours-406478,272,0.012654
12,simd-v0,273,0.029105
12,393435,273,0.019847
12,ours-406478,273,0.012383
12,KACTL,273,0.219609
12,393435,274,0.019796
12,ours-406478,274,0.012403
12,KACTL,274,0.219469
12,simd-v0,274,0.029055
12,ours-406478,275,0.012494
12,KACTL,275,0.239447
12,simd-v0,275,0.029094
12,393435,275,0.020018
12,KACTL,276,0.219409
12,simd-v0,276,0.029054
12,393435,276,0.019827
12,ours-406478,276,0.012703
12,simd-v0,277,0.029165
12,393435,277,0.019837
12,ours-406478,277,0.012443
12,KACTL,277,0.220040
12,393435,278,0.019857
12,ours-406478,278,0.012373
12,KACTL,278,0.219178
12,simd-v0,278,0.029104
12,ours-406478,279,0.012423
12,KACTL,279,0.231542
12,simd-v0,279,0.029234
12,393435,279,0.019918
12,KACTL,280,0.219318
12,simd-v0,280,0.028964
12,393435,280,0.019947
12,ours-406478,280,0.012644
12,simd-v0,281,0.029044
12,393435,281,0.019967
12,ours-406478,281,0.012373
12,KACTL,281,0.219860
12,393435,282,0.019917
12,ours-406478,282,0.012383
12,KACTL,282,0.228957
12,simd-v0,282,0.029215
12,ours-406478,283,0.012554
12,KACTL,283,0.219960
12,simd-v0,283,0.029145
12,393435,283,0.019887
12,KACTL,284,0.219339
12,simd-v0,284,0.029014
12,393435,284,0.019906
12,ours-406478,284,0.012524
12,simd-v0,285,0.029134
12,393435,285,0.019857
12,ours-406478,285,0.012464
12,KACTL,285,0.219730
12,393435,286,0.019958
12,ours-406478,286,0.022342
12,KACTL,286,0.219349
12,simd-v0,286,0.029023
12,ours-406478,287,0.012513
12,KACTL,287,0.219760
12,simd-v0,287,0.029054
12,393435,287,0.019997
12,KACTL,288,0.219149
12,simd-v0,288,0.029305
12,393435,288,0.019888
12,ours-406478,288,0.012533
12,simd-v0,289,0.029134
12,393435,289,0.019797
12,ours-406478,289,0.012413
12,KACTL,289,0.229298
12,393435,290,0.019927
12,ours-406478,290,0.012563
12,KACTL,290,0.219379
12,simd-v0,290,0.029105
12,ours-406478,291,0.012403
12,KACTL,291,0.219780
12,simd-v0,291,0.029074
12,393435,291,0.019887
12,KACTL,292,0.219509
12,simd-v0,292,0.029375
12,393435,292,0.019837
12,ours-406478,292,0.023434
12,simd-v0,293,0.029204
12,393435,293,0.019867
12,ours-406478,293,0.012504
12,KACTL,293,0.219830
12,393435,294,0.019857
12,ours-406478,294,0.012453
12,KACTL,294,0.219369
12,simd-v0,294,0.029185
12,ours-406478,295,0.012393
12,KACTL,295,0.219659
12,simd-v0,295,0.028984
12,393435,295,0.019866
12,KACTL,296,0.229057
12,simd-v0,296,0.029105
12,393435,296,0.019857
12,ours-406478,296,0.012644
12,simd-v0,297,0.029145
12,393435,297,0.019807
12,ours-406478,297,0.012393
12,KACTL,297,0.219779
12,393435,298,0.019797
12,ours-406478,298,0.012363
12,KACTL,298,0.219389
12,simd-v0,298,0.029135
12,ours-406478,299,0.012414
12,KACTL,299,0.219760
12,simd-v0,299,0.038743
12,393435,299,0.019987
12,KACTL,300,0.219399
12,simd-v0,300,0.028974
12,393435,300,0.019867
12,ours-406478,300,0.012663
12,simd-v0,301,0.029004
12,393435,301,0.019957
12,ours-406478,301,0.012383
12,KACTL,301,0.220020
12,393435,302,0.019897
12,ours-406478,302,0.012363
12,KACTL,302,0.219319
12,simd-v0,302,0.029154
12,ours-406478,303,0.012333
12,KACTL,303,0.229558
12,simd-v0,303,0.029204
12,393435,303,0.019927
12,KACTL,304,0.219169
12,simd-v0,304,0.029074
12,393435,304,0.019717
12,ours-406478,304,0.012754
12,simd-v0,305,0.029104
12,393435,305,0.019927
12,ours-406478,305,0.012393
12,KACTL,305,0.219620
12,393435,306,0.019917
12,ours-406478,306,0.012393
12,KACTL,306,0.228877
12,simd-v0,306,0.029064
12,ours-406478,307,0.012593
12,KACTL,307,0.219880
12,simd-v0,307,0.029065
12,393435,307,0.020057
12,KACTL,308,0.219389
12,simd-v0,308,0.029164
12,393435,308,0.019797
12,ours-406478,308,0.012464
12,simd-v0,309,0.029175
12,393435,309,0.019968
12,ours-406478,309,0.012433
12,KACTL,309,0.219980
12,393435,310,0.019897
12,ours-406478,310,0.012443
12,KACTL,310,0.229057
12,simd-v0,310,0.029094
12,ours-406478,311,0.012624
12,KACTL,311,0.219640
12,simd-v0,311,0.029024
12,393435,311,0.019957
12,KACTL,312,0.219479
12,simd-v0,312,0.029084
12,393435,312,0.019837
12,ours-406478,312,0.012433
12,simd-v0,313,0.029234
12,393435,313,0.019767
12,ours-406478,313,0.012383
12,KACTL,313,0.229668
12,393435,314,0.019977
12,ours-406478,314,0.012604
12,KACTL,314,0.219239
12,simd-v0,314,0.029164
12,ours-406478,315,0.012413
12,KACTL,315,0.219849
12,simd-v0,315,0.029004
12,393435,315,0.019937
12,KACTL,316,0.219239
12,simd-v0,316,0.028995
12,393435,316,0.019877
12,ours-406478,316,0.012493
12,simd-v0,317,0.029114
12,393435,317,0.029415
12,ours-406478,317,0.012534
12,KACTL,317,0.219730
12,393435,318,0.019908
12,ours-406478,318,0.012373
12,KACTL,318,0.219299
12,simd-v0,318,0.029114
12,ours-406478,319,0.012454
12,KACTL,319,0.219960
12,simd-v0,319,0.029205
12,393435,319,0.019907
12,KACTL,320,0.241711
12,simd-v0,320,0.029154
12,393435,320,0.019867
12,ours-406478,320,0.012744
12,simd-v0,321,0.029124
12,393435,321,0.019807
12,ours-406478,321,0.012363
12,KACTL,321,0.219810
12,393435,322,0.019807
12,ours-406478,322,0.012373
12,KACTL,322,0.219298
12,simd-v0,322,0.029024
12,ours-406478,323,0.012443
12,KACTL,323,0.219670
12,simd-v0,323,0.029135
12,393435,323,0.019917
12,KACTL,324,0.229548
12,simd-v0,324,0.029024
12,393435,324,0.020058
12,ours-406478,324,0.012704
12,simd-v0,325,0.029104
12,393435,325,0.020048
12,ours-406478,325,0.012353
12,KACTL,325,0.220030
12,393435,326,0.019857
12,ours-406478,326,0.012363
12,KACTL,326,0.221823
12,simd-v0,326,0.028994
12,ours-406478,327,0.012553
12,KACTL,327,0.229518
12,simd-v0,327,0.029174
12,393435,327,0.019907
12,KACTL,328,0.219149
12,simd-v0,328,0.029004
12,393435,328,0.019877
12,ours-406478,328,0.012703
12,simd-v0,329,0.029024
12,393435,329,0.019917
12,ours-406478,329,0.012363
12,KACTL,329,0.219639
12,393435,330,0.019897
12,ours-406478,330,0.012372
12,KACTL,330,0.219329
12,simd-v0,330,0.038813
12,ours-406478,331,0.012513
12,KACTL,331,0.219920
12,simd-v0,331,0.029004
12,393435,331,0.020037
12,KACTL,332,0.219219
12,simd-v0,332,0.029144
12,393435,332,0.019787
12,ours-406478,332,0.012554
12,simd-v0,333,0.029064
12,393435,333,0.019987
12,ours-406478,333,0.012403
12,KACTL,333,0.219870
12,393435,334,0.021450
12,ours-406478,334,0.013686
12,KACTL,334,0.229798
12,simd-v0,334,0.029125
12,ours-406478,335,0.012654
12,KACTL,335,0.219719
12,simd-v0,335,0.029084
12,393435,335,0.019967
12,KACTL,336,0.236310
12,simd-v0,336,0.034956
12,393435,336,0.025478
12,ours-406478,336,0.018344
12,simd-v0,337,0.031549
12,393435,337,0.020088
12,ours-406478,337,0.012453
12,KACTL,337,0.235469
12,393435,338,0.019907
12,ours-406478,338,0.012683
12,KACTL,338,0.219239
12,simd-v0,338,0.029294
12,ours-406478,339,0.012373
12,KACTL,339,0.219830
12,simd-v0,339,0.029064
12,393435,339,0.019877
12,KACTL,340,0.219288
12,simd-v0,340,0.029104
12,393435,340,0.019867
12,ours-406478,340,0.012543
12,simd-v0,341,0.039063
12,393435,341,0.019927
12,ours-406478,341,0.012564
12,KACTL,341,0.220081
12,393435,342,0.019847
12,ours-406478,342,0.012363
12,KACTL,342,0.218959
12,simd-v0,342,0.029065
12,ours-406478,343,0.012463
12,KACTL,343,0.219529
12,simd-v0,343,0.029145
12,393435,343,0.019877
12,KACTL,344,0.228787
12,simd-v0,344,0.029054
12,393435,344,0.020018
12,ours-406478,344,0.012643
12,simd-v0,345,0.029034
12,393435,345,0.019937
12,ours-406478,345,0.012353
12,KACTL,345,0.219820
12,393435,346,0.019827
12,ours-406478,346,0.012383
12,KACTL,346,0.219289
12,simd-v0,346,0.029024
12,ours-406478,347,0.012394
12,KACTL,347,0.219730
12,simd-v0,347,0.029044
12,393435,347,0.029344
12,KACTL,348,0.219499
12,simd-v0,348,0.029065
12,393435,348,0.019857
12,ours-406478,348,0.012724
12,simd-v0,349,0.029014
12,393435,349,0.019847
12,ours-406478,349,0.012453
12,KACTL,349,0.219739
12,393435,350,0.019937
12,ours-406478,350,0.012353
12,KACTL,350,0.219440
12,simd-v0,350,0.029084
12,ours-406478,351,0.012374
12,KACTL,351,0.229298
12,simd-v0,351,0.029075
12,393435,351,0.019978
12,KACTL,352,0.219298
12,simd-v0,352,0.029214
12,393435,352,0.019827
12,ours-406478,352,0.012684
12,simd-v0,353,0.029144
12,393435,353,0.019897
12,ours-406478,353,0.012403
12,KACTL,353,0.219630
12,393435,354,0.019877
12,ours-406478,354,0.012453
12,KACTL,354,0.228646
12,simd-v0,354,0.029114
12,ours-406478,355,0.012553
12,KACTL,355,0.220000
12,simd-v0,355,0.029185
12,393435,355,0.019957
12,KACTL,356,0.219228
12,simd-v0,356,0.029124
12,393435,356,0.019827
12,ours-406478,356,0.012533
12,simd-v0,357,0.029115
12,393435,357,0.019797
12,ours-406478,357,0.012403
12,KACTL,357,0.219780
12,393435,358,0.019837
12,ours-406478,358,0.012393
12,KACTL,358,0.229307
12,simd-v0,358,0.029084
12,ours-406478,359,0.012614
12,KACTL,359,0.219579
12,simd-v0,359,0.029195
12,393435,359,0.020037
12,KACTL,360,0.222164
12,simd-v0,360,0.029135
12,393435,360,0.019868
12,ours-406478,360,0.012654
12,simd-v0,361,0.029054
12,393435,361,0.019957
12,ours-406478,361,0.012393
12,KACTL,361,0.229708
12,393435,362,0.019937
12,ours-406478,362,0.012574
12,KACTL,362,0.219359
12,simd-v0,362,0.029064
12,ours-406478,363,0.012503
12,KACTL,363,0.219529
12,simd-v0,363,0.029145
12,393435,363,0.019847
12,KACTL,364,0.219449
12,simd-v0,364,0.029174
12,393435,364,0.019827
12,ours-406478,364,0.012534
12,simd-v0,365,0.029125
12,393435,365,0.019967
12,ours-406478,365,0.022181
12,KACTL,365,0.219790
12,393435,366,0.019927
12,ours-406478,366,0.012504
12,KACTL,366,0.219188
12,simd-v0,366,0.029014
12,ours-406478,367,0.012413
12,KACTL,367,0.219810
12,simd-v0,367,0.029164
12,393435,367,0.019927
12,KACTL,368,0.228627
12,simd-v0,368,0.029025
12,393435,368,0.019917
12,ours-406478,368,0.012684
12,simd-v0,369,0.029075
12,393435,369,0.019837
12,ours-406478,369,0.012434
12,KACTL,369,0.220050
12,393435,370,0.019907
12,ours-406478,370,0.012363
12,KACTL,370,0.219339
12,simd-v0,370,0.029205
12,ours-406478,371,0.012995
12,KACTL,371,0.219860
12,simd-v0,371,0.029095
12,393435,371,0.020017
12,KACTL,372,0.228767
12,simd-v0,372,0.029184
12,393435,372,0.019827
12,ours-406478,372,0.012674
12,simd-v0,373,0.029124
12,393435,373,0.019958
12,ours-406478,373,0.012393
12,KACTL,373,0.219890
12,393435,374,0.019807
12,ours-406478,374,0.012453
12,KACTL,374,0.219359
12,simd-v0,374,0.029225
12,ours-406478,375,0.012984
12,KACTL,375,0.235769
12,simd-v0,375,0.029164
12,393435,375,0.020058
12,KACTL,376,0.219168
12,simd-v0,376,0.029154
12,393435,376,0.019907
12,ours-406478,376,0.012914
12,simd-v0,377,0.029084
12,393435,377,0.019857
12,ours-406478,377,0.012463
12,KACTL,377,0.219980
12,393435,378,0.019977
12,ours-406478,378,0.012383
12,KACTL,378,0.219299
12,simd-v0,378,0.040235
12,ours-406478,379,0.012553
12,KACTL,379,0.219690
12,simd-v0,379,0.029024
12,393435,379,0.020057
12,KACTL,380,0.219099
12,simd-v0,380,0.029175
12,393435,380,0.019837
12,ours-406478,380,0.012493
12,simd-v0,381,0.029184
12,393435,381,0.019807
12,ours-406478,381,0.012423
12,KACTL,381,0.219569
12,393435,382,0.019887
12,ours-406478,382,0.012412
12,KACTL,382,0.228867
12,simd-v0,382,0.029245
12,ours-406478,383,0.012604
12,KACTL,383,0.219540
12,simd-v0,383,0.029044
12,393435,383,0.019937
12,KACTL,384,0.219319
12,simd-v0,384,0.029145
12,393435,384,0.019837
12,ours-406478,384,0.012493
12,simd-v0,385,0.029164
12,393435,385,0.019867
12,ours-406478,385,0.012383
12,KACTL,385,0.229578
12,393435,386,0.019907
12,ours-406478,386,0.012593
12,KACTL,386,0.219429
12,simd-v0,386,0.029254
12,ours-406478,387,0.012393
12,KACTL,387,0.219689
12,simd-v0,387,0.029165
12,393435,387,0.019866
12,KACTL,388,0.219149
12,simd-v0,388,0.029154
12,393435,388,0.019837
12,ours-406478,388,0.012473
12,simd-v0,389,0.029134
12,393435,389,0.019888
12,ours-406478,389,0.012353
12,KACTL,389,0.240850
12,393435,390,0.019948
12,ours-406478,390,0.012654
12,KACTL,390,0.219279
12,simd-v0,390,0.029165
12,ours-406478,391,0.012383
12,KACTL,391,0.219710
12,simd-v0,391,0.029134
12,393435,391,0.019797
12,KACTL,392,0.229367
12,simd-v0,392,0.029094
12,393435,392,0.019937
12,ours-406478,392,0.012644
12,simd-v0,393,0.029115
12,393435,393,0.019937
12,ours-406478,393,0.012353
12,KACTL,393,0.219580
12,393435,394,0.019847
12,ours-406478,394,0.012373
12,KACTL,394,0.219589
12,simd-v0,394,0.031589
12,ours-406478,395,0.012553
12,KACTL,395,0.219880
12,simd-v0,395,0.029195
12,393435,395,0.019938
12,KACTL,396,0.229198
12,simd-v0,396,0.029055
12,393435,396,0.020088
12,ours-406478,396,0.012653
12,simd-v0,397,0.029025
12,393435,397,0.019928
12,ours-406478,397,0.012363
12,KACTL,397,0.220090
12,393435,398,0.019998
12,ours-406478,398,0.012333
12,KACTL,398,0.219409
12,simd-v0,398,0.029104
12,ours-406478,399,0.012353
12,KACTL,399,0.229217
12,simd-v0,399,0.029095
12,393435,399,0.019998
12,KACTL,400,0.219449
12,simd-v0,400,0.029014
12,393435,400,0.019817
12,ours-406478,400,0.012714
12,simd-v0,401,0.029034
12,393435,401,0.019897
12,ours-406478,401,0.012494
12,KACTL,401,0.219850
12,393435,402,0.019887
12,ours-406478,402,0.012383
12,KACTL,402,0.219279
12,simd-v0,402,0.029124
12,ours-406478,403,0.012383
12,KACTL,403,0.229167
12,simd-v0,403,0.029114
12,393435,403,0.019977
12,KACTL,404,0.219299
12,simd-v0,404,0.029275
12,393435,404,0.019967
12,ours-406478,404,0.012624
12,simd-v0,405,0.029164
12,393435,405,0.019757
12,ours-406478,405,0.012383
12,KACTL,405,0.219840
12,393435,406,0.019887
12,ours-406478,406,0.012444
12,KACTL,406,0.228826
12,simd-v0,406,0.029224
12,ours-406478,407,0.012614
12,KACTL,407,0.219841
12,simd-v0,407,0.029074
12,393435,407,0.019957
12,KACTL,408,0.218978
12,simd-v0,408,0.029135
12,393435,408,0.019837
12,ours-406478,408,0.012483
12,simd-v0,409,0.029224
12,393435,409,0.019847
12,ours-406478,409,0.012443
12,KACTL,409,0.229427
12,393435,410,0.019897
12,ours-406478,410,0.012573
12,KACTL,410,0.219559
12,simd-v0,410,0.029265
12,ours-406478,411,0.012333
12,KACTL,411,0.219659
12,simd-v0,411,0.029204
12,393435,411,0.019967
12,KACTL,412,0.219229
12,simd-v0,412,0.029044
12,393435,412,0.019907
12,ours-406478,412,0.012494
12,simd-v0,413,0.029095
12,393435,413,0.019867
12,ours-406478,413,0.012373
12,KACTL,413,0.229768
12,393435,414,0.019927
12,ours-406478,414,0.012583
12,KACTL,414,0.219018
12,simd-v0,414,0.029184
12,ours-406478,415,0.012463
12,KACTL,415,0.219729
12,simd-v0,415,0.029074
12,393435,415,0.019906
12,KACTL,416,0.219249
12,simd-v0,416,0.029054
12,393435,416,0.019947
12,ours-406478,416,0.012603
12,simd-v0,417,0.029024
12,393435,417,0.019917
12,ours-406478,417,0.012383
12,KACTL,417,0.226913
12,393435,418,0.024285
12,ours-406478,418,0.016160
12,KACTL,418,0.291253
12,simd-v0,418,0.035747
12,ours-406478,419,0.018314
12,KACTL,419,0.293287
12,simd-v0,419,0.029535
12,393435,419,0.020638
12,KACTL,420,0.219530
12,simd-v0,420,0.029165
12,393435,420,0.020188
12,ours-406478,420,0.013134
12,simd-v0,421,0.029105
12,393435,421,0.019827
12,ours-406478,421,0.012543
12,KACTL,421,0.220220
12,393435,422,0.019877
12,ours-406478,422,0.012374
12,KACTL,422,0.219298
12,simd-v0,422,0.029174
12,ours-406478,423,0.012393
12,KACTL,423,0.230610
12,simd-v0,423,0.029054
12,393435,423,0.019997
12,KACTL,424,0.219359
12,simd-v0,424,0.029165
12,393435,424,0.019747
12,ours-406478,424,0.012623
12,simd-v0,425,0.029184
12,393435,425,0.019867
12,ours-406478,425,0.012343
12,KACTL,425,0.219660
12,393435,426,0.019917
12,ours-406478,426,0.012443
12,KACTL,426,0.229157
12,simd-v0,426,0.029144
12,ours-406478,427,0.012613
12,KACTL,427,0.219820
12,simd-v0,427,0.029075
12,393435,427,0.019957
12,KACTL,428,0.219339
12,simd-v0,428,0.031979
12,393435,428,0.019867
12,ours-406478,428,0.012633
12,simd-v0,429,0.029265
12,393435,429,0.019978
12,ours-406478,429,0.012373
12,KACTL,429,0.219740
12,393435,430,0.029775
12,ours-406478,430,0.012674
12,KACTL,430,0.219299
12,simd-v0,430,0.029255
12,ours-406478,431,0.012403
12,KACTL,431,0.219459
12,simd-v0,431,0.029094
12,393435,431,0.019917
12,KACTL,432,0.219209
12,simd-v0,432,0.029025
12,393435,432,0.019918
12,ours-406478,432,0.012523
12,simd-v0,433,0.029174
12,393435,433,0.019957
12,ours-406478,433,0.012383
12,KACTL,433,0.229218
12,393435,434,0.019917
12,ours-406478,434,0.012623
12,KACTL,434,0.219269
12,simd-v0,434,0.029165
12,ours-406478,435,0.012513
12,KACTL,435,0.220030
12,simd-v0,435,0.029095
12,393435,435,0.019797
12,KACTL,436,0.219309
12,simd-v0,436,0.029025
12,393435,436,0.029605
12,ours-406478,436,0.012584
12,simd-v0,437,0.029075
12,393435,437,0.019968
12,ours-406478,437,0.012373
12,KACTL,437,0.220341
12,393435,438,0.019917
12,ours-406478,438,0.012323
12,KACTL,438,0.219108
12,simd-v0,438,0.028985
12,ours-406478,439,0.012373
12,KACTL,439,0.219810
12,simd-v0,439,0.029044
12,393435,439,0.020047
12,KACTL,440,0.228877
12,simd-v0,440,0.029074
12,393435,440,0.019927
12,ours-406478,440,0.012784
12,simd-v0,441,0.029024
12,393435,441,0.019847
12,ours-406478,441,0.012493
12,KACTL,441,0.219920
12,393435,442,0.019918
12,ours-406478,442,0.012554
12,KACTL,442,0.219460
12,simd-v0,442,0.029235
12,ours-406478,443,0.012413
12,KACTL,443,0.219810
12,simd-v0,443,0.038612
12,393435,443,0.020007
12,KACTL,444,0.219390
12,simd-v0,444,0.029114
12,393435,444,0.019827
12,ours-406478,444,0.012644
12,simd-v0,445,0.029094
12,393435,445,0.019828
12,ours-406478,445,0.012373
12,KACTL,445,0.219489
12,393435,446,0.019857
12,ours-406478,446,0.012433
12,KACTL,446,0.219138
12,simd-v0,446,0.029104
12,ours-406478,447,0.012393
12,KACTL,447,0.229317
12,simd-v0,447,0.029044
12,393435,447,0.019897
12,KACTL,448,0.219298
12,simd-v0,448,0.029124
12,393435,448,0.019837
12,ours-406478,448,0.012663
12,simd-v0,449,0.029234
12,393435,449,0.019837
12,ours-406478,449,0.012363
12,KACTL,449,0.219459
12,393435,450,0.019827
12,ours-406478,450,0.012373
12,KACTL,450,0.228736
12,simd-v0,450,0.029165
12,ours-406478,451,0.012504
12,KACTL,451,0.219921
12,simd-v0,451,0.029224
12,393435,451,0.019967
12,KACTL,452,0.219069
12,simd-v0,452,0.028994
12,393435,452,0.019887
12,ours-406478,452,0.012524
12,simd-v0,453,0.029045
12,393435,453,0.019947
12,ours-406478,453,0.012373
12,KACTL,453,0.219730
12,393435,454,0.019848
12,ours-406478,454,0.012363
12,KACTL,454,0.228816
12,simd-v0,454,0.029074
12,ours-406478,455,0.012574
12,KACTL,455,0.220121
12,simd-v0,455,0.029164
12,393435,455,0.019927
12,KACTL,456,0.219259
12,simd-v0,456,0.028963
12,393435,456,0.019877
12,ours-406478,456,0.012533
12,simd-v0,457,0.029074
12,393435,457,0.019797
12,ours-406478,457,0.012483
12,KACTL,457,0.229558
12,393435,458,0.019997
12,ours-406478,458,0.012583
12,KACTL,458,0.219279
12,simd-v0,458,0.029054
12,ours-406478,459,0.012433
12,KACTL,459,0.219870
12,simd-v0,459,0.029054
12,393435,459,0.019937
12,KACTL,460,0.219269
12,simd-v0,460,0.029124
12,393435,460,0.019787
12,ours-406478,460,0.012734
12,simd-v0,461,0.039503
12,393435,461,0.020057
12,ours-406478,461,0.012593
12,KACTL,461,0.220251
12,393435,462,0.019928
12,ours-406478,462,0.012393
12,KACTL,462,0.219399
12,simd-v0,462,0.029114
12,ours-406478,463,0.012343
12,KACTL,463,0.223857
12,simd-v0,463,0.029124
12,393435,463,0.019977
12,KACTL,464,0.228817
12,simd-v0,464,0.029075
12,393435,464,0.019906
12,ours-406478,464,0.012754
12,simd-v0,465,0.029014
12,393435,465,0.019817
12,ours-406478,465,0.012423
12,KACTL,465,0.219809
12,393435,466,0.019857
12,ours-406478,466,0.012383
12,KACTL,466,0.219089
12,simd-v0,466,0.029125
12,ours-406478,467,0.012353
12,KACTL,467,0.219700
12,simd-v0,467,0.029004
12,393435,467,0.029515
12,KACTL,468,0.219280
12,simd-v0,468,0.029154
12,393435,468,0.019857
12,ours-406478,468,0.012623
12,simd-v0,469,0.029064
12,393435,469,0.019867
12,ours-406478,469,0.012353
12,KACTL,469,0.219880
12,393435,470,0.019857
12,ours-406478,470,0.012343
12,KACTL,470,0.219178
12,simd-v0,470,0.029174
12,ours-406478,471,0.012363
12,KACTL,471,0.229438
12,simd-v0,471,0.029004
12,393435,471,0.019937
12,KACTL,472,0.219199
12,simd-v0,472,0.029004
12,393435,472,0.019977
12,ours-406478,472,0.012573
12,simd-v0,473,0.029284
12,393435,473,0.019837
12,ours-406478,473,0.012343
12,KACTL,473,0.219660
12,393435,474,0.019907
12,ours-406478,474,0.012353
12,KACTL,474,0.230219
12,simd-v0,474,0.029054
12,ours-406478,475,0.012613
12,KACTL,475,0.219679
12,simd-v0,475,0.029094
12,393435,475,0.019907
12,KACTL,476,0.219439
12,simd-v0,476,0.029024
12,393435,476,0.019927
12,ours-406478,476,0.012463
12,simd-v0,477,0.029084
12,393435,477,0.019886
12,ours-406478,477,0.012373
12,KACTL,477,0.219879
12,393435,478,0.019977
12,ours-406478,478,0.012383
12,KACTL,478,0.229719
12,simd-v0,478,0.029004
12,ours-406478,479,0.012583
12,KACTL,479,0.219699
12,simd-v0,479,0.029234
12,393435,479,0.019957
12,KACTL,480,0.219259
12,simd-v0,480,0.029025
12,393435,480,0.019797
12,ours-406478,480,0.012574
12,simd-v0,481,0.029165
12,393435,481,0.019848
12,ours-406478,481,0.012483
12,KACTL,481,0.229357
12,393435,482,0.019957
12,ours-406478,482,0.012544
12,KACTL,482,0.219129
12,simd-v0,482,0.029094
12,ours-406478,483,0.012353
12,KACTL,483,0.219669
12,simd-v0,483,0.028994
12,393435,483,0.019897
12,KACTL,484,0.218917
12,simd-v0,484,0.029175
12,393435,484,0.019927
12,ours-406478,484,0.012503
12,simd-v0,485,0.029224
12,393435,485,0.019887
12,ours-406478,485,0.012413
12,KACTL,485,0.229779
12,393435,486,0.019888
12,ours-406478,486,0.012584
12,KACTL,486,0.219610
12,simd-v0,486,0.029244
12,ours-406478,487,0.012363
12,KACTL,487,0.219570
12,simd-v0,487,0.029044
12,393435,487,0.019917
12,KACTL,488,0.228677
12,simd-v0,488,0.029064
12,393435,488,0.019957
12,ours-406478,488,0.012623
12,simd-v0,489,0.029134
12,393435,489,0.019857
12,ours-406478,489,0.012373
12,KACTL,489,0.219709
12,393435,490,0.019837
12,ours-406478,490,0.012353
12,KACTL,490,0.219169
12,simd-v0,490,0.029164
12,ours-406478,491,0.012363
12,KACTL,491,0.219750
12,simd-v0,491,0.029114
12,393435,491,0.019847
12,KACTL,492,0.229118
12,simd-v0,492,0.029195
12,393435,492,0.019958
12,ours-406478,492,0.012633
12,simd-v0,493,0.029074
12,393435,493,0.019907
12,ours-406478,493,0.012323
12,KACTL,493,0.219779
12,393435,494,0.019857
12,ours-406478,494,0.012384
12,KACTL,494,0.219249
12,simd-v0,494,0.029075
12,ours-406478,495,0.012373
12,KACTL,495,0.229348
12,simd-v0,495,0.029295
12,393435,495,0.019877
12,KACTL,496,0.219409
12,simd-v0,496,0.029074
12,393435,496,0.019857
12,ours-406478,496,0.012634
12,simd-v0,497,0.029024
12,393435,497,0.019937
12,ours-406478,497,0.012423
12,KACTL,497,0.222294
12,393435,498,0.019917
12,ours-406478,498,0.012453
12,KACTL,498,0.219099
12,simd-v0,498,0.029054
12,ours-406478,499,0.021820
12,KACTL,499,0.219870
12,simd-v0,499,0.029225
12,393435,499,0.019978
12,KACTL,500,0.219219
12,simd-v0,500,0.029064
12,393435,500,0.019837
12,ours-406478,500,0.012704
12,simd-v0,501,0.029075
12,393435,501,0.019837
12,ours-406478,501,0.012453
12,KACTL,501,0.219619
12,393435,502,0.019898
12,ours-406478,502,0.012454
12,KACTL,502,0.240368
12,simd-v0,502,0.029234
12,ours-406478,503,0.012844
12,KACTL,503,0.220251
12,simd-v0,503,0.029165
12,393435,503,0.020087
12,KACTL,504,0.219399
12,simd-v0,504,0.029044
12,393435,504,0.019847
12,ours-406478,504,0.012593
12,simd-v0,505,0.029074
12,393435,505,0.019857
12,ours-406478,505,0.012453
12,KACTL,505,0.231261
12,393435,506,0.020008
12,ours-406478,506,0.012533
12,KACTL,506,0.219320
12,simd-v0,506,0.029104
12,ours-406478,507,0.012383
12,KACTL,507,0.219789
12,simd-v0,507,0.029024
12,393435,507,0.019957
12,KACTL,508,0.219489
12,simd-v0,508,0.029084
12,393435,508,0.019857
12,ours-406478,508,0.012494
12,simd-v0,509,0.029225
12,393435,509,0.019837
12,ours-406478,509,0.012403
12,KACTL,509,0.229438
12,393435,510,0.019957
12,ours-406478,510,0.012564
12,KACTL,510,0.219409
12,simd-v0,510,0.029175
12,ours-406478,511,0.012373
12,KACTL,511,0.219499
12,simd-v0,511,0.029165
12,393435,511,0.019998
12,KACTL,512,0.219278
12,simd-v0,512,0.040695
12,393435,512,0.019957
12,ours-406478,512,0.012623
12,simd-v0,513,0.029185
12,393435,513,0.019807
12,ours-406478,513,0.012383
12,KACTL,513,0.220441
12,393435,514,0.019747
12,ours-406478,514,0.012444
12,KACTL,514,0.219369
12,simd-v0,514,0.029145
12,ours-406478,515,0.012333
12,KACTL,515,0.219559
12,simd-v0,515,0.029195
12,393435,515,0.019857
12,KACTL,516,0.229268
12,simd-v0,516,0.029174
12,393435,516,0.019928
12,ours-406478,516,0.012624
12,simd-v0,517,0.029175
12,393435,517,0.019887
12,ours-406478,517,0.012353
12,KACTL,517,0.219699
12,393435,518,0.019847
12,ours-406478,518,0.012363
12,KACTL,518,0.219409
12,simd-v0,518,0.029134
12,ours-406478,519,0.012444
12,KACTL,519,0.229288
12,simd-v0,519,0.029174
12,393435,519,0.019907
12,KACTL,520,0.219359
12,simd-v0,520,0.028954
12,393435,520,0.020027
12,ours-406478,520,0.012653
12,simd-v0,521,0.029104
12,393435,521,0.020027
12,ours-406478,521,0.012373
12,KACTL,521,0.219630
12,393435,522,0.019848
12,ours-406478,522,0.012393
12,KACTL,522,0.219549
12,simd-v0,522,0.029034
12,ours-406478,523,0.012363
12,KACTL,523,0.229388
12,simd-v0,523,0.029105
12,393435,523,0.019987
12,KACTL,524,0.219379
12,simd-v0,524,0.029024
12,393435,524,0.019767
12,ours-406478,524,0.012754
12,simd-v0,525,0.029064
12,393435,525,0.019907
12,ours-406478,525,0.012413
12,KACTL,525,0.219670
12,393435,526,0.019917
12,ours-406478,526,0.012393
12,KACTL,526,0.229277
12,simd-v0,526,0.029194
12,ours-406478,527,0.012554
12,KACTL,527,0.219849
12,simd-v0,527,0.029174
12,393435,527,0.020117
12,KACTL,528,0.219189
12,simd-v0,528,0.029165
12,393435,528,0.019787
12,ours-406478,528,0.012483
12,simd-v0,529,0.029104
12,393435,529,0.019837
12,ours-406478,529,0.012403
12,KACTL,529,0.219449
12,393435,530,0.030257
12,ours-406478,530,0.012563
12,KACTL,530,0.219519
12,simd-v0,530,0.029124
12,ours-406478,531,0.012353
12,KACTL,531,0.219669
12,simd-v0,531,0.029054
12,393435,531,0.020028
12,KACTL,532,0.222094
12,simd-v0,532,0.029074
12,393435,532,0.019847
12,ours-406478,532,0.012633
12,simd-v0,533,0.029154
12,393435,533,0.019877
12,ours-406478,533,0.012333
12,KACTL,533,0.229939
12,393435,534,0.019937
12,ours-406478,534,0.012663
12,KACTL,534,0.219439
12,simd-v0,534,0.029334
12,ours-406478,535,0.012353
12,KACTL,535,0.219549
12,simd-v0,535,0.029135
12,393435,535,0.019867
12,KACTL,536,0.219309
12,simd-v0,536,0.029074
12,393435,536,0.029926
12,ours-406478,536,0.012593
12,simd-v0,537,0.029134
12,393435,537,0.019837
12,ours-406478,537,0.012372
12,KACTL,537,0.220040
12,393435,538,0.019857
12,ours-406478,538,0.012393
12,KACTL,538,0.219239
12,simd-v0,538,0.029034
12,ours-406478,539,0.012444
12,KACTL,539,0.219770
12,simd-v0,539,0.029085
12,393435,539,0.019928
12,KACTL,540,0.231201
12,simd-v0,540,0.029215
12,393435,540,0.019988
12,ours-406478,540,0.012664
12,simd-v0,541,0.029064
12,393435,541,0.019917
12,ours-406478,541,0.012413
12,KACTL,541,0.219890
12,393435,542,0.019807
12,ours-406478,542,0.012373
12,KACTL,542,0.219319
12,simd-v0,542,0.029164
12,ours-406478,543,0.012343
12,KACTL,543,0.219800
12,simd-v0,543,0.038973
12,393435,543,0.019827
12,KACTL,544,0.219519
12,simd-v0,544,0.029054
12,393435,544,0.019888
12,ours-406478,544,0.012624
12,simd-v0,545,0.029025
12,393435,545,0.019877
12,ours-406478,545,0.012544
12,KACTL,545,0.219901
12,393435,546,0.019827
12,ours-406478,546,0.012363
12,KACTL,546,0.219519
12,simd-v0,546,0.029124
12,ours-406478,547,0.012343
12,KACTL,547,0.230319
12,simd-v0,547,0.029104
12,393435,547,0.019887
12,KACTL,548,0.219349
12,simd-v0,548,0.029084
12,393435,548,0.019827
12,ours-406478,548,0.012773
12,simd-v0,549,0.029094
12,393435,549,0.019887
12,ours-406478,549,0.012383
12,KACTL,549,0.219951
12,393435,550,0.019997
12,ours-406478,550,0.012313
12,KACTL,550,0.231151
12,simd-v0,550,0.029134
12,ours-406478,551,0.012574
12,KACTL,551,0.219600
12,simd-v0,551,0.029014
12,393435,551,0.019937
12,KACTL,552,0.219570
12,simd-v0,552,0.029194
12,393435,552,0.019807
12,ours-406478,552,0.012463
12,simd-v0,553,0.029105
12,393435,553,0.019978
12,ours-406478,553,0.012413
12,KACTL,553,0.219659
12,393435,554,0.019867
12,ours-406478,554,0.012443
12,KACTL,554,0.231011
12,simd-v0,554,0.029214
12,ours-406478,555,0.012573
12,KACTL,555,0.219710
12,simd-v0,555,0.029255
12,393435,555,0.019977
12,KACTL,556,0.219269
12,simd-v0,556,0.029104
12,393435,556,0.019797
12,ours-406478,556,0.012513
12,simd-v0,557,0.029134
12,393435,557,0.019807
12,ours-406478,557,0.012423
12,KACTL,557,0.229648
12,393435,558,0.019897
12,ours-406478,558,0.012624
12,KACTL,558,0.219320
12,simd-v0,558,0.029144
12,ours-406478,559,0.012343
12,KACTL,559,0.219729
12,simd-v0,559,0.029045
12,393435,559,0.019847
12,KACTL,560,0.219479
12,simd-v0,560,0.029084
12,393435,560,0.019958
12,ours-406478,560,0.012504
12,simd-v0,561,0.038863
12,393435,561,0.019887
12,ours-406478,561,0.012533
12,KACTL,561,0.219900
12,393435,562,0.019807
12,ours-406478,562,0.012394
12,KACTL,562,0.219319
12,simd-v0,562,0.029064
12,ours-406478,563,0.012453
12,KACTL,563,0.219520
12,simd-v0,563,0.029134
12,393435,563,0.019877
12,KACTL,564,0.228976
12,simd-v0,564,0.029045
12,393435,564,0.020077
12,ours-406478,564,0.012634
12,simd-v0,565,0.029054
12,393435,565,0.019917
12,ours-406478,565,0.012363
12,KACTL,565,0.219950
12,393435,566,0.019827
12,ours-406478,566,0.012333
12,KACTL,566,0.222194
12,simd-v0,566,0.029104
12,ours-406478,567,0.012473
12,KACTL,567,0.219889
12,simd-v0,567,0.029214
12,393435,567,0.029716
12,KACTL,568,0.219389
12,simd-v0,568,0.029064
12,393435,568,0.019897
12,ours-406478,568,0.012714
12,simd-v0,569,0.029045
12,393435,569,0.019917
12,ours-406478,569,0.012393
12,KACTL,569,0.219830
12,393435,570,0.019907
12,ours-406478,570,0.012373
12,KACTL,570,0.219329
12,simd-v0,570,0.029154
12,ours-406478,571,0.012353
12,KACTL,571,0.229137
12,simd-v0,571,0.029074
12,393435,571,0.020057
12,KACTL,572,0.219499
12,simd-v0,572,0.029164
12,393435,572,0.019907
12,ours-406478,572,0.012644
12,simd-v0,573,0.028983
12,393435,573,0.019787
12,ours-406478,573,0.012484
12,KACTL,573,0.219398
12,393435,574,0.019837
12,ours-406478,574,0.012443
12,KACTL,574,0.229158
12,simd-v0,574,0.029234
12,ours-406478,575,0.012573
12,KACTL,575,0.219930
12,simd-v0,575,0.029074
12,393435,575,0.020078
12,KACTL,576,0.219409
12,simd-v0,576,0.029145
12,393435,576,0.019777
12,ours-406478,576,0.012543
12,simd-v0,577,0.029174
12,393435,577,0.019828
12,ours-406478,577,0.012383
12,KACTL,577,0.219900
12,393435,578,0.019887
12,ours-406478,578,0.012383
12,KACTL,578,0.229197
12,simd-v0,578,0.029214
12,ours-406478,579,0.012523
12,KACTL,579,0.219910
12,simd-v0,579,0.029135
12,393435,579,0.019897
12,KACTL,580,0.219389
12,simd-v0,580,0.029044
12,393435,580,0.019827
12,ours-406478,580,0.012493
12,simd-v0,581,0.029145
12,393435,581,0.019828
12,ours-406478,581,0.012373
12,KACTL,581,0.229468
12,393435,582,0.019846
12,ours-406478,582,0.012554
12,KACTL,582,0.219520
12,simd-v0,582,0.029195
12,ours-406478,583,0.012453
12,KACTL,583,0.219639
12,simd-v0,583,0.029074
12,393435,583,0.019837
12,KACTL,584,0.219479
12,simd-v0,584,0.029074
12,393435,584,0.019997
12,ours-406478,584,0.012443
12,simd-v0,585,0.028994
12,393435,585,0.020008
12,ours-406478,585,0.022091
12,KACTL,585,0.219870
12,393435,586,0.019917
12,ours-406478,586,0.012503
12,KACTL,586,0.219439
12,simd-v0,586,0.029054
12,ours-406478,587,0.012383
12,KACTL,587,0.219840
12,simd-v0,587,0.029155
12,393435,587,0.019967
12,KACTL,588,0.229688
12,simd-v0,588,0.029104
12,393435,588,0.020018
12,ours-406478,588,0.012734
12,simd-v0,589,0.029174
12,393435,589,0.019857
12,ours-406478,589,0.012393
12,KACTL,589,0.220030
12,393435,590,0.019917
12,ours-406478,590,0.012363
12,KACTL,590,0.219369
12,simd-v0,590,0.029074
12,ours-406478,591,0.012344
12,KACTL,591,0.220030
12,simd-v0,591,0.029075
12,393435,591,0.019917
12,KACTL,592,0.228897
12,simd-v0,592,0.029195
12,393435,592,0.019917
12,ours-406478,592,0.012714
12,simd-v0,593,0.029205
12,393435,593,0.019846
12,ours-406478,593,0.012433
12,KACTL,593,0.220000
12,393435,594,0.019897
12,ours-406478,594,0.012363
12,KACTL,594,0.219509
12,simd-v0,594,0.029124
12,ours-406478,595,0.012374
12,KACTL,595,0.229548
12,simd-v0,595,0.029145
12,393435,595,0.019968
12,KACTL,596,0.219378
12,simd-v0,596,0.029184
12,393435,596,0.019827
12,ours-406478,596,0.012653
12,simd-v0,597,0.029204
12,393435,597,0.019847
12,ours-406478,597,0.012332
12,KACTL,597,0.219800
12,393435,598,0.019897
12,ours-406478,598,0.012433
12,KACTL,598,0.219459
12,simd-v0,598,0.029165
12,ours-406478,599,0.012553
12,KACTL,599,0.219750
12,simd-v0,599,0.028994
12,393435,599,0.019938
12,KACTL,600,0.219309
12,simd-v0,600,0.029134
12,393435,600,0.019848
12,ours-406478,600,0.012453
12,simd-v0,601,0.029044
12,393435,601,0.019777
12,ours-406478,601,0.012343
12,KACTL,601,0.222023
12,393435,602,0.019887
12,ours-406478,602,0.012453
12,KACTL,602,0.229548
12,simd-v0,602,0.029114
12,ours-406478,603,0.012553
12,KACTL,603,0.219850
12,simd-v0,603,0.029114
12,393435,603,0.019927
12,KACTL,604,0.219459
12,simd-v0,604,0.028994
12,393435,604,0.019917
12,ours-406478,604,0.012453
12,simd-v0,605,0.029124
12,393435,605,0.019908
12,ours-406478,605,0.012383
12,KACTL,605,0.229267
12,393435,606,0.019897
12,ours-406478,606,0.012604
12,KACTL,606,0.219409
12,simd-v0,606,0.029194
12,ours-406478,607,0.012393
12,KACTL,607,0.219860
12,simd-v0,607,0.029134
12,393435,607,0.019867
12,KACTL,608,0.219439
12,simd-v0,608,0.029074
12,393435,608,0.019837
12,ours-406478,608,0.012564
12,simd-v0,609,0.029165
12,393435,609,0.019828
12,ours-406478,609,0.012353
12,KACTL,609,0.229588
12,393435,610,0.019967
12,ours-406478,610,0.012533
12,KACTL,610,0.219469
12,simd-v0,610,0.029105
12,ours-406478,611,0.012343
12,KACTL,611,0.220030
12,simd-v0,611,0.029064
12,393435,611,0.019938
12,KACTL,612,0.219279
12,simd-v0,612,0.038532
12,393435,612,0.019857
12,ours-406478,612,0.012664
12,simd-v0,613,0.029024
12,393435,613,0.019937
12,ours-406478,613,0.012453
12,KACTL,613,0.219740
12,393435,614,0.019897
12,ours-406478,614,0.012343
12,KACTL,614,0.219520
12,simd-v0,614,0.029234
12,ours-406478,615,0.012393
12,KACTL,615,0.219339
12,simd-v0,615,0.029064
12,393435,615,0.019977
12,KACTL,616,0.275143
12,simd-v0,616,0.029374
12,393435,616,0.020328
12,ours-406478,616,0.012794
12,simd-v0,617,0.029134
12,393435,617,0.019927
12,ours-406478,617,0.012463
12,KACTL,617,0.219549
12,393435,618,0.019817
12,ours-406478,618,0.012413
12,KACTL,618,0.219409
12,simd-v0,618,0.029114
12,ours-406478,619,0.012423
12,KACTL,619,0.230890
12,simd-v0,619,0.029104
12,393435,619,0.019937
12,KACTL,620,0.219529
12,simd-v0,620,0.029115
12,393435,620,0.019877
12,ours-406478,620,0.012704
12,simd-v0,621,0.029045
12,393435,621,0.019947
12,ours-406478,621,0.012373
12,KACTL,621,0.219840
12,393435,622,0.019887
12,ours-406478,622,0.012372
12,KACTL,622,0.219439
12,simd-v0,622,0.038872
12,ours-406478,623,0.012604
12,KACTL,623,0.220090
12,simd-v0,623,0.029105
12,393435,623,0.019967
12,KACTL,624,0.219529
12,simd-v0,624,0.029085
12,393435,624,0.019867
12,ours-406478,624,0.012543
12,simd-v0,625,0.029034
12,393435,625,0.019857
12,ours-406478,625,0.012373
12,KACTL,625,0.219729
12,393435,626,0.019927
12,ours-406478,626,0.012354
12,KACTL,626,0.228797
12,simd-v0,626,0.029064
12,ours-406478,627,0.012624
12,KACTL,627,0.219569
12,simd-v0,627,0.029064
12,393435,627,0.020027
12,KACTL,628,0.219319
12,simd-v0,628,0.029134
12,393435,628,0.019907
12,ours-406478,628,0.012463
12,simd-v0,629,0.029065
12,393435,629,0.019917
12,ours-406478,629,0.012664
12,KACTL,629,0.229828
12,393435,630,0.020098
12,ours-406478,630,0.012613
12,KACTL,630,0.219449
12,simd-v0,630,0.029364
12,ours-406478,631,0.012363
12,KACTL,631,0.219810
12,simd-v0,631,0.029054
12,393435,631,0.019977
12,KACTL,632,0.219329
12,simd-v0,632,0.029215
12,393435,632,0.019827
12,ours-406478,632,0.012964
12,simd-v0,633,0.030167
12,393435,633,0.019907
12,ours-406478,633,0.012383
12,KACTL,633,0.229478
12,393435,634,0.019987
12,ours-406478,634,0.012573
12,KACTL,634,0.219269
12,simd-v0,634,0.029184
12,ours-406478,635,0.012383
12,KACTL,635,0.222264
12,simd-v0,635,0.029084
12,393435,635,0.019997
12,KACTL,636,0.228897
12,simd-v0,636,0.029145
12,393435,636,0.020028
12,ours-406478,636,0.012634
12,simd-v0,637,0.029145
12,393435,637,0.019786
12,ours-406478,637,0.012413
12,KACTL,637,0.219970
12,393435,638,0.019806
12,ours-406478,638,0.012423
12,KACTL,638,0.219389
12,simd-v0,638,0.029235
12,ours-406478,639,0.012384
12,KACTL,639,0.219890
12,simd-v0,639,0.029105
12,393435,639,0.019817
12,KACTL,640,0.228917
12,simd-v0,640,0.029324
12,393435,640,0.019957
12,ours-406478,640,0.012603
12,simd-v0,641,0.029174
12,393435,641,0.019847
12,ours-406478,641,0.012363
12,KACTL,641,0.219850
12,393435,642,0.019847
12,ours-406478,642,0.012373
12,KACTL,642,0.219359
12,simd-v0,642,0.029065
12,ours-406478,643,0.012473
12,KACTL,643,0.228907
12,simd-v0,643,0.029135
12,393435,643,0.019937
12,KACTL,644,0.219539
12,simd-v0,644,0.029094
12,393435,644,0.019937
12,ours-406478,644,0.012694
12,simd-v0,645,0.029114
12,393435,645,0.019907
12,ours-406478,645,0.012363
12,KACTL,645,0.219740
12,393435,646,0.019847
12,ours-406478,646,0.012373
12,KACTL,646,0.219439
12,simd-v0,646,0.029023
12,ours-406478,647,0.012353
12,KACTL,647,0.231421
12,simd-v0,647,0.029124
12,393435,647,0.019977
12,KACTL,648,0.219429
12,simd-v0,648,0.029014
12,393435,648,0.019797
12,ours-406478,648,0.012754
12,simd-v0,649,0.029064
12,393435,649,0.019846
12,ours-406478,649,0.012463
12,KACTL,649,0.219499
12,393435,650,0.019908
12,ours-406478,650,0.012383
12,KACTL,650,0.228967
12,simd-v0,650,0.029114
12,ours-406478,651,0.012543
12,KACTL,651,0.219619
12,simd-v0,651,0.029014
12,393435,651,0.020097
12,KACTL,652,0.219489
12,simd-v0,652,0.029124
12,393435,652,0.019787
12,ours-406478,652,0.012453
12,simd-v0,653,0.029185
12,393435,653,0.019776
12,ours-406478,653,0.012423
12,KACTL,653,0.219729
12,393435,654,0.029715
12,ours-406478,654,0.012533
12,KACTL,654,0.219510
12,simd-v0,654,0.029275
12,ours-406478,655,0.012353
12,KACTL,655,0.219429
12,simd-v0,655,0.029024
12,393435,655,0.019968
12,KACTL,656,0.219399
12,simd-v0,656,0.029214
12,393435,656,0.019877
12,ours-406478,656,0.012494
12,simd-v0,657,0.029114
12,393435,657,0.019877
12,ours-406478,657,0.012393
12,KACTL,657,0.229689
12,393435,658,0.019927
12,ours-406478,658,0.012664
12,KACTL,658,0.219399
12,simd-v0,658,0.032631
12,ours-406478,659,0.012423
12,KACTL,659,0.219930
12,simd-v0,659,0.029024
12,393435,659,0.019897
12,KACTL,660,0.219418
12,simd-v0,660,0.029245
12,393435,660,0.029445
12,ours-406478,660,0.012623
12,simd-v0,661,0.029245
12,393435,661,0.019837
12,ours-406478,661,0.012393
12,KACTL,661,0.219990
12,393435,662,0.019817
12,ours-406478,662,0.012373
12,KACTL,662,0.219379
12,simd-v0,662,0.029064
12,ours-406478,663,0.012403
12,KACTL,663,0.219759
12,simd-v0,663,0.029154
12,393435,663,0.019877
12,KACTL,664,0.228938
12,simd-v0,664,0.029144
12,393435,664,0.019997
12,ours-406478,664,0.012624
12,simd-v0,665,0.029064
12,393435,665,0.019887
12,ours-406478,665,0.012363
12,KACTL,665,0.219749
12,393435,666,0.019817
12,ours-406478,666,0.012363
12,KACTL,666,0.219429
12,simd-v0,666,0.029115
12,ours-406478,667,0.012372
12,KACTL,667,0.229027
12,simd-v0,667,0.029185
12,393435,667,0.019867
12,KACTL,668,0.219459
12,simd-v0,668,0.029144
12,393435,668,0.019867
12,ours-406478,668,0.012714
12,simd-v0,669,0.029054
12,393435,669,0.019866
12,ours-406478,669,0.012383
12,KACTL,669,0.219719
12,393435,670,0.019957
12,ours-406478,670,0.012343
12,KACTL,670,0.222004
12,simd-v0,670,0.029064
12,ours-406478,671,0.012453
12,KACTL,671,0.229608
12,simd-v0,671,0.029124
12,393435,671,0.020067
12,KACTL,672,0.219419
12,simd-v0,672,0.029174
12,393435,672,0.019877
12,ours-406478,672,0.012864
12,simd-v0,673,0.029045
12,393435,673,0.019817
12,ours-406478,673,0.012473
12,KACTL,673,0.219419
12,393435,674,0.019877
12,ours-406478,674,0.012383
12,KACTL,674,0.229859
12,simd-v0,674,0.029134
12,ours-406478,675,0.012623
12,KACTL,675,0.219941
12,simd-v0,675,0.029004
12,393435,675,0.019997
12,KACTL,676,0.219379
12,simd-v0,676,0.029164
12,393435,676,0.019857
12,ours-406478,676,0.012483
12,simd-v0,677,0.029095
12,393435,677,0.019857
12,ours-406478,677,0.012373
12,KACTL,677,0.219800
12,393435,678,0.019837
12,ours-406478,678,0.012473
12,KACTL,678,0.229268
12,simd-v0,678,0.029145
12,ours-406478,679,0.012554
12,KACTL,679,0.219499
12,simd-v0,679,0.029084
12,393435,679,0.019898
12,KACTL,680,0.219369
12,simd-v0,680,0.029165
12,393435,680,0.019828
12,ours-406478,680,0.012503
12,simd-v0,681,0.029094
12,393435,681,0.019857
12,ours-406478,681,0.012424
12,KACTL,681,0.229428
12,393435,682,0.019947
12,ours-406478,682,0.012563
12,KACTL,682,0.219389
12,simd-v0,682,0.029274
12,ours-406478,683,0.012383
12,KACTL,683,0.219440
12,simd-v0,683,0.029114
12,393435,683,0.019867
12,KACTL,684,0.219329
12,simd-v0,684,0.029235
12,393435,684,0.019987
12,ours-406478,684,0.012423
12,simd-v0,685,0.039243
12,393435,685,0.019877
12,ours-406478,685,0.012523
12,KACTL,685,0.219980
12,393435,686,0.019868
12,ours-406478,686,0.012373
12,KACTL,686,0.219309
12,simd-v0,686,0.029054
12,ours-406478,687,0.012433
12,KACTL,687,0.219499
12,simd-v0,687,0.029064
12,393435,687,0.019877
12,KACTL,688,0.229117
12,simd-v0,688,0.029044
12,393435,688,0.020027
12,ours-406478,688,0.012583
12,simd-v0,689,0.029034
12,393435,689,0.019987
12,ours-406478,689,0.012354
12,KACTL,689,0.219800
12,393435,690,0.019968
12,ours-406478,690,0.012393
12,KACTL,690,0.219459
12,simd-v0,690,0.029124
12,ours-406478,691,0.012373
12,KACTL,691,0.219760
12,simd-v0,691,0.029004
12,393435,691,0.029695
12,KACTL,692,0.219399
12,simd-v0,692,0.029064
12,393435,692,0.019857
12,ours-406478,692,0.012684
12,simd-v0,693,0.029014
12,393435,693,0.019826
12,ours-406478,693,0.012453
12,KACTL,693,0.219820
12,393435,694,0.019887
12,ours-406478,694,0.012383
12,KACTL,694,0.219279
12,simd-v0,694,0.029144
12,ours-406478,695,0.012393
12,KACTL,695,0.237423
12,simd-v0,695,0.029204
12,393435,695,0.024215
12,KACTL,696,0.220091
12,simd-v0,696,0.029024
12,393435,696,0.019837
12,ours-406478,696,0.012723
12,simd-v0,697,0.029074
12,393435,697,0.019817
12,ours-406478,697,0.012464
12,KACTL,697,0.219820
12,393435,698,0.019868
12,ours-406478,698,0.012373
12,KACTL,698,0.238865
12,simd-v0,698,0.029285
12,ours-406478,699,0.012694
12,KACTL,699,0.219980
12,simd-v0,699,0.029325
12,393435,699,0.020067
12,KACTL,700,0.219499
12,simd-v0,700,0.029044
12,393435,700,0.019777
12,ours-406478,700,0.012563
12,simd-v0,701,0.029054
12,393435,701,0.019817
12,ours-406478,701,0.012463
12,KACTL,701,0.219669
12,393435,702,0.019967
12,ours-406478,702,0.012393
12,KACTL,702,0.229868
12,simd-v0,702,0.029054
12,ours-406478,703,0.012594
12,KACTL,703,0.219680
12,simd-v0,703,0.029074
12,393435,703,0.019997
12,KACTL,704,0.221524
12,simd-v0,704,0.029135
12,393435,704,0.019937
12,ours-406478,704,0.012614
12,simd-v0,705,0.029114
12,393435,705,0.019777
12,ours-406478,705,0.012393
12,KACTL,705,0.229809
12,393435,706,0.019947
12,ours-406478,706,0.012574
12,KACTL,706,0.219429
12,simd-v0,706,0.029255
12,ours-406478,707,0.012352
12,KACTL,707,0.219730
12,simd-v0,707,0.029094
12,393435,707,0.019877
12,KACTL,708,0.219409
12,simd-v0,708,0.029235
12,393435,708,0.019877
12,ours-406478,708,0.012473
12,simd-v0,709,0.029054
12,393435,709,0.029485
12,ours-406478,709,0.012544
12,KACTL,709,0.219960
12,393435,710,0.019877
12,ours-406478,710,0.012403
12,KACTL,710,0.219239
12,simd-v0,710,0.029174
12,ours-406478,711,0.012383
12,KACTL,711,0.219910
12,simd-v0,711,0.029114
12,393435,711,0.019877
12,KACTL,712,0.230860
12,simd-v0,712,0.029164
12,393435,712,0.020078
12,ours-406478,712,0.012794
12,simd-v0,713,0.029174
12,393435,713,0.019817
12,ours-406478,713,0.012353
12,KACTL,713,0.219730
12,393435,714,0.019837
12,ours-406478,714,0.012604
12,KACTL,714,0.233926
12,simd-v0,714,0.029364
12,ours-406478,715,0.012784
12,KACTL,715,0.219670
12,simd-v0,715,0.029044
12,393435,715,0.031649
12,KACTL,716,0.219529
12,simd-v0,716,0.029184
12,393435,716,0.019967
12,ours-406478,716,0.012684
12,simd-v0,717,0.029194
12,393435,717,0.020057
12,ours-406478,717,0.012403
12,KACTL,717,0.219358
12,393435,718,0.019937
12,ours-406478,718,0.012333
12,KACTL,718,0.219269
12,simd-v0,718,0.029184
12,ours-406478,719,0.013135
12,KACTL,719,0.229488
12,simd-v0,719,0.029045
12,393435,719,0.019988
12,KACTL,720,0.219600
12,simd-v0,720,0.029084
12,393435,720,0.019757
12,ours-406478,720,0.012673
12,simd-v0,721,0.029044
12,393435,721,0.019867
12,ours-406478,721,0.012383
12,KACTL,721,0.219569
12,393435,722,0.020618
12,ours-406478,722,0.012413
12,KACTL,722,0.229437
12,simd-v0,722,0.029215
12,ours-406478,723,0.012604
12,KACTL,723,0.219770
12,simd-v0,723,0.029244
12,393435,723,0.019987
12,KACTL,724,0.219530
12,simd-v0,724,0.029104
12,393435,724,0.019887
12,ours-406478,724,0.012494
12,simd-v0,725,0.029055
12,393435,725,0.019927
12,ours-406478,725,0.012353
12,KACTL,725,0.219590
12,393435,726,0.019937
12,ours-406478,726,0.012413
12,KACTL,726,0.229307
12,simd-v0,726,0.029034
12,ours-406478,727,0.012613
12,KACTL,727,0.219790
12,simd-v0,727,0.029255
12,393435,727,0.019928
12,KACTL,728,0.219318
12,simd-v0,728,0.029124
12,393435,728,0.019877
12,ours-406478,728,0.012544
12,simd-v0,729,0.029094
12,393435,729,0.019887
12,ours-406478,729,0.012423
12,KACTL,729,0.229458
12,393435,730,0.020007
12,ours-406478,730,0.012594
12,KACTL,730,0.219470
12,simd-v0,730,0.029235
12,ours-406478,731,0.012334
12,KACTL,731,0.219750
12,simd-v0,731,0.029144
12,393435,731,0.019917
12,KACTL,732,0.219409
12,simd-v0,732,0.029215
12,393435,732,0.019828
12,ours-406478,732,0.012554
12,simd-v0,733,0.029175
12,393435,733,0.019817
12,ours-406478,733,0.022151
12,KACTL,733,0.219740
12,393435,734,0.019917
12,ours-406478,734,0.012503
12,KACTL,734,0.219509
12,simd-v0,734,0.029324
12,ours-406478,735,0.012363
12,KACTL,735,0.219700
12,simd-v0,735,0.028984
12,393435,735,0.019866
12,KACTL,736,0.228797
12,simd-v0,736,0.029074
12,393435,736,0.019848
12,ours-406478,736,0.012664
12,simd-v0,737,0.029175
12,393435,737,0.019736
12,ours-406478,737,0.012373
12,KACTL,737,0.219820
12,393435,738,0.019807
12,ours-406478,738,0.012414
12,KACTL,738,0.219339
12,simd-v0,738,0.031710
12,ours-406478,739,0.012503
12,KACTL,739,0.219539
12,simd-v0,739,0.029075
12,393435,739,0.019867
12,KACTL,740,0.229137
12,simd-v0,740,0.029084
12,393435,740,0.019967
12,ours-406478,740,0.012664
12,simd-v0,741,0.029064
12,393435,741,0.019847
12,ours-406478,741,0.012393
12,KACTL,741,0.219819
12,393435,742,0.019877
12,ours-406478,742,0.012403
12,KACTL,742,0.219309
12,simd-v0,742,0.029085
12,ours-406478,743,0.012443
12,KACTL,743,0.229047
12,simd-v0,743,0.029174
12,393435,743,0.019877
12,KACTL,744,0.219449
12,simd-v0,744,0.029014
12,393435,744,0.019967
12,ours-406478,744,0.012634
12,simd-v0,745,0.029144
12,393435,745,0.019947
12,ours-406478,745,0.012434
12,KACTL,745,0.219720
12,393435,746,0.019857
12,ours-406478,746,0.012323
12,KACTL,746,0.219419
12,simd-v0,746,0.038672
12,ours-406478,747,0.012534
12,KACTL,747,0.220111
12,simd-v0,747,0.029335
12,393435,747,0.019937
12,KACTL,748,0.219469
12,simd-v0,748,0.029064
12,393435,748,0.019827
12,ours-406478,748,0.012573
12,simd-v0,749,0.029024
12,393435,749,0.019877
12,ours-406478,749,0.012473
12,KACTL,749,0.219399
12,393435,750,0.019988
12,ours-406478,750,0.012353
12,KACTL,750,0.228927
12,simd-v0,750,0.029144
12,ours-406478,751,0.012613
12,KACTL,751,0.219680
12,simd-v0,751,0.029044
12,393435,751,0.020007
12,KACTL,752,0.219459
12,simd-v0,752,0.029144
12,393435,752,0.019808
12,ours-406478,752,0.012453
12,simd-v0,753,0.029124
12,393435,753,0.019877
12,ours-406478,753,0.012383
12,KACTL,753,0.229168
12,393435,754,0.019858
12,ours-406478,754,0.012674
12,KACTL,754,0.219389
12,simd-v0,754,0.029175
12,ours-406478,755,0.012383
12,KACTL,755,0.219980
12,simd-v0,755,0.028994
12,393435,755,0.019817
12,KACTL,756,0.219449
12,simd-v0,756,0.029144
12,393435,756,0.019867
12,ours-406478,756,0.012714
12,simd-v0,757,0.029155
12,393435,757,0.019767
12,ours-406478,757,0.012414
12,KACTL,757,0.230309
12,393435,758,0.019917
12,ours-406478,758,0.012633
12,KACTL,758,0.219509
12,simd-v0,758,0.029144
12,ours-406478,759,0.012373
12,KACTL,759,0.219810
12,simd-v0,759,0.029094
12,393435,759,0.019877
12,KACTL,760,0.257289
12,simd-v0,760,0.029124
12,393435,760,0.019997
12,ours-406478,760,0.012774
12,simd-v0,761,0.029074
12,393435,761,0.019766
12,ours-406478,761,0.012393
12,KACTL,761,0.219790
12,393435,762,0.019937
12,ours-406478,762,0.012343
12,KACTL,762,0.219278
12,simd-v0,762,0.029104
12,ours-406478,763,0.012343
12,KACTL,763,0.219680
12,simd-v0,763,0.029084
12,393435,763,0.020028
12,KACTL,764,0.229939
12,simd-v0,764,0.029134
12,393435,764,0.019947
12,ours-406478,764,0.012573
12,simd-v0,765,0.029084
12,393435,765,0.019917
12,ours-406478,765,0.012363
12,KACTL,765,0.219850
12,393435,766,0.019837
12,ours-406478,766,0.012423
12,KACTL,766,0.219229
12,simd-v0,766,0.029174
12,ours-406478,767,0.012363
12,KACTL,767,0.231291
12,simd-v0,767,0.029094
12,393435,767,0.019987
12,KACTL,768,0.219439
12,simd-v0,768,0.029124
12,393435,768,0.019917
12,ours-406478,768,0.012674
12,simd-v0,769,0.029164
12,393435,769,0.019887
12,ours-406478,769,0.012393
12,KACTL,769,0.219499
12,393435,770,0.019776
12,ours-406478,770,0.012373
12,KACTL,770,0.219399
12,simd-v0,770,0.028994
12,ours-406478,771,0.024165
12,KACTL,771,0.219620
12,simd-v0,771,0.029305
12,393435,771,0.019927
12,KACTL,772,0.219659
12,simd-v0,772,0.029024
12,393435,772,0.019887
12,ours-406478,772,0.012564
12,simd-v0,773,0.029115
12,393435,773,0.019827
12,ours-406478,773,0.012423
12,KACTL,773,0.223025
12,393435,774,0.019847
12,ours-406478,774,0.012503
12,KACTL,774,0.229047
12,simd-v0,774,0.029164
12,ours-406478,775,0.012613
12,KACTL,775,0.219850
12,simd-v0,775,0.029195
12,393435,775,0.019968
12,KACTL,776,0.219319
12,simd-v0,776,0.028954
12,393435,776,0.019948
12,ours-406478,776,0.012473
12,simd-v0,777,0.029124
12,393435,777,0.019927
12,ours-406478,777,0.012403
12,KACTL,777,0.229007
12,393435,778,0.019907
12,ours-406478,778,0.012603
12,KACTL,778,0.219599
12,simd-v0,778,0.029064
12,ours-406478,779,0.012363
12,KACTL,779,0.219699
12,simd-v0,779,0.029105
12,393435,779,0.019908
12,KACTL,780,0.219550
12,simd-v0,780,0.029054
12,393435,780,0.019807
12,ours-406478,780,0.012564
12,simd-v0,781,0.028965
12,393435,781,0.019847
12,ours-406478,781,0.012463
12,KACTL,781,0.229498
12,393435,782,0.019927
12,ours-406478,782,0.012594
12,KACTL,782,0.219279
12,simd-v0,782,0.029074
12,ours-406478,783,0.012394
12,KACTL,783,0.219800
12,simd-v0,783,0.029185
12,393435,783,0.020028
12,KACTL,784,0.220190
12,simd-v0,784,0.038772
12,393435,784,0.019967
12,ours-406478,784,0.012583
12,simd-v0,785,0.029015
12,393435,785,0.019777
12,ours-406478,785,0.012443
12,KACTL,785,0.220100
12,393435,786,0.019836
12,ours-406478,786,0.012464
12,KACTL,786,0.219510
12,simd-v0,786,0.029214
12,ours-406478,787,0.012403
12,KACTL,787,0.220461
12,simd-v0,787,0.029124
12,393435,787,0.019867
12,KACTL,788,0.229087
12,simd-v0,788,0.029244
12,393435,788,0.019817
12,ours-406478,788,0.012663
12,simd-v0,789,0.029104
12,393435,789,0.019887
12,ours-406478,789,0.012353
12,KACTL,789,0.219429
12,393435,790,0.019967
12,ours-406478,790,0.012383
12,KACTL,790,0.219359
12,simd-v0,790,0.029044
12,ours-406478,791,0.012353
12,KACTL,791,0.229337
12,simd-v0,791,0.029155
12,393435,791,0.019927
12,KACTL,792,0.219569
12,simd-v0,792,0.029045
12,393435,792,0.019977
12,ours-406478,792,0.012714
12,simd-v0,793,0.029055
12,393435,793,0.020008
12,ours-406478,793,0.012403
12,KACTL,793,0.219760
12,393435,794,0.019847
12,ours-406478,794,0.012343
12,KACTL,794,0.219359
12,simd-v0,794,0.029064
12,ours-406478,795,0.012373
12,KACTL,795,0.229568
12,simd-v0,795,0.029254
12,393435,795,0.019987
12,KACTL,796,0.219519
12,simd-v0,796,0.029134
12,393435,796,0.019827
12,ours-406478,796,0.012663
12,simd-v0,797,0.029074
12,393435,797,0.019937
12,ours-406478,797,0.012363
12,KACTL,797,0.219670
12,393435,798,0.020679
12,ours-406478,798,0.012353
12,KACTL,798,0.229798
12,simd-v0,798,0.029244
12,ours-406478,799,0.012754
12,KACTL,799,0.219970
12,simd-v0,799,0.029194
12,393435,799,0.020047
12,KACTL,800,0.219460
12,simd-v0,800,0.028984
12,393435,800,0.019807
12,ours-406478,800,0.012624
12,simd-v0,801,0.029155
12,393435,801,0.019857
12,ours-406478,801,0.012433
12,KACTL,801,0.220321
12,393435,802,0.029455
12,ours-406478,802,0.012574
12,KACTL,802,0.219489
12,simd-v0,802,0.029044
12,ours-406478,803,0.012333
12,KACTL,803,0.219930
12,simd-v0,803,0.029024
12,393435,803,0.019977
12,KACTL,804,0.219329
12,simd-v0,804,0.029135
12,393435,804,0.020669
12,ours-406478,804,0.012514
12,simd-v0,805,0.029104
12,393435,805,0.019827
12,ours-406478,805,0.012383
12,KACTL,805,0.229849
12,393435,806,0.019987
12,ours-406478,806,0.012603
12,KACTL,806,0.219459
12,simd-v0,806,0.029345
12,ours-406478,807,0.012373
12,KACTL,807,0.219399
12,simd-v0,807,0.031519
12,393435,807,0.019967
12,KACTL,808,0.220150
12,simd-v0,808,0.029134
12,393435,808,0.039443
12,ours-406478,808,0.021289
12,simd-v0,809,0.034234
12,393435,809,0.024295
12,ours-406478,809,0.018575
12,KACTL,809,0.220862
12,393435,810,0.020007
12,ours-406478,810,0.012504
12,KACTL,810,0.219349
12,simd-v0,810,0.029184
12,ours-406478,811,0.012443
12,KACTL,811,0.219920
12,simd-v0,811,0.029095
12,393435,811,0.019907
12,KACTL,812,0.231342
12,simd-v0,812,0.029174
12,393435,812,0.019967
12,ours-406478,812,0.012713
12,simd-v0,813,0.029104
12,393435,813,0.019917
12,ours-406478,813,0.012384
12,KACTL,813,0.219590
12,393435,814,0.019917
12,ours-406478,814,0.012343
12,KACTL,814,0.219379
12,simd-v0,814,0.029084
12,ours-406478,815,0.012333
12,KACTL,815,0.229507
12,simd-v0,815,0.029144
12,393435,815,0.019968
12,KACTL,816,0.219399
12,simd-v0,816,0.029104
12,393435,816,0.019797
12,ours-406478,816,0.012743
12,simd-v0,817,0.029174
12,393435,817,0.019807
12,ours-406478,817,0.012454
12,KACTL,817,0.219981
12,393435,818,0.019827
12,ours-406478,818,0.012353
12,KACTL,818,0.219359
12,simd-v0,818,0.029134
12,ours-406478,819,0.012333
12,KACTL,819,0.230429
12,simd-v0,819,0.028994
12,393435,819,0.020017
12,KACTL,820,0.219349
12,simd-v0,820,0.029104
12,393435,820,0.019837
12,ours-406478,820,0.012634
12,simd-v0,821,0.029104
12,393435,821,0.019857
12,ours-406478,821,0.012363
12,KACTL,821,0.219649
12,393435,822,0.019927
12,ours-406478,822,0.012453
12,KACTL,822,0.228976
12,simd-v0,822,0.029265
12,ours-406478,823,0.012583
12,KACTL,823,0.219800
12,simd-v0,823,0.029094
12,393435,823,0.019927
12,KACTL,824,0.219439
12,simd-v0,824,0.029124
12,393435,824,0.019978
12,ours-406478,824,0.012423
12,simd-v0,825,0.029034
12,393435,825,0.019877
12,ours-406478,825,0.012373
12,KACTL,825,0.219880
12,393435,826,0.029405
12,ours-406478,826,0.012604
12,KACTL,826,0.219469
12,simd-v0,826,0.029365
12,ours-406478,827,0.012363
12,KACTL,827,0.219609
12,simd-v0,827,0.029164
12,393435,827,0.019907
12,KACTL,828,0.219329
12,simd-v0,828,0.028983
12,393435,828,0.019937
12,ours-406478,828,0.012503
12,simd-v0,829,0.029044
12,393435,829,0.019868
12,ours-406478,829,0.012383
12,KACTL,829,0.229898
12,393435,830,0.019897
12,ours-406478,830,0.012604
12,KACTL,830,0.219309
12,simd-v0,830,0.029224
12,ours-406478,831,0.012433
12,KACTL,831,0.219970
12,simd-v0,831,0.029245
12,393435,831,0.019908
12,KACTL,832,0.219479
12,simd-v0,832,0.029024
12,393435,832,0.019847
12,ours-406478,832,0.021981
12,simd-v0,833,0.029054
12,393435,833,0.019917
12,ours-406478,833,0.012443
12,KACTL,833,0.219900
12,393435,834,0.019937
12,ours-406478,834,0.012423
12,KACTL,834,0.219349
12,simd-v0,834,0.029084
12,ours-406478,835,0.012343
12,KACTL,835,0.219900
12,simd-v0,835,0.029094
12,393435,835,0.019967
12,KACTL,836,0.228977
12,simd-v0,836,0.029094
12,393435,836,0.019897
12,ours-406478,836,0.012743
12,simd-v0,837,0.029104
12,393435,837,0.019857
12,ours-406478,837,0.012443
12,KACTL,837,0.219790
12,393435,838,0.019897
12,ours-406478,838,0.012323
12,KACTL,838,0.219589
12,simd-v0,838,0.029294
12,ours-406478,839,0.012353
12,KACTL,839,0.219959
12,simd-v0,839,0.038462
12,393435,839,0.020047
12,KACTL,840,0.219569
12,simd-v0,840,0.029094
12,393435,840,0.019857
12,ours-406478,840,0.012794
12,simd-v0,841,0.029164
12,393435,841,0.019907
12,ours-406478,841,0.012443
12,KACTL,841,0.220020
12,393435,842,0.019877
12,ours-406478,842,0.012404
12,KACTL,842,0.222505
12,simd-v0,842,0.029174
12,ours-406478,843,0.012563
12,KACTL,843,0.230059
12,simd-v0,843,0.029114
12,393435,843,0.020077
12,KACTL,844,0.219369
12,simd-v0,844,0.029255
12,393435,844,0.019837
12,ours-406478,844,0.012674
12,simd-v0,845,0.029235
12,393435,845,0.019767
12,ours-406478,845,0.012393
12,KACTL,845,0.219719
12,393435,846,0.019817
12,ours-406478,846,0.012443
12,KACTL,846,0.229398
12,simd-v0,846,0.029124
12,ours-406478,847,0.012643
12,KACTL,847,0.219950
12,simd-v0,847,0.029054
12,393435,847,0.020028
12,KACTL,848,0.219470
12,simd-v0,848,0.029375
12,393435,848,0.019847
12,ours-406478,848,0.012523
12,simd-v0,849,0.029144
12,393435,849,0.019757
12,ours-406478,849,0.012383
12,KACTL,849,0.220020
12,393435,850,0.019807
12,ours-406478,850,0.012363
12,KACTL,850,0.229217
12,simd-v0,850,0.029244
12,ours-406478,851,0.012543
12,KACTL,851,0.219900
12,simd-v0,851,0.029165
12,393435,851,0.019907
12,KACTL,852,0.219529
12,simd-v0,852,0.029024
12,393435,852,0.019877
12,ours-406478,852,0.012494
12,simd-v0,853,0.029024
12,393435,853,0.019927
12,ours-406478,853,0.012343
12,KACTL,853,0.229448
12,393435,854,0.019957
12,ours-406478,854,0.012583
12,KACTL,854,0.219419
12,simd-v0,854,0.029124
12,ours-406478,855,0.012463
12,KACTL,855,0.219919
12,simd-v0,855,0.029134
12,393435,855,0.019897
12,KACTL,856,0.219249
12,simd-v0,856,0.029034
12,393435,856,0.019807
12,ours-406478,856,0.012543
12,simd-v0,857,0.038933
12,393435,857,0.019897
12,ours-406478,857,0.012493
12,KACTL,857,0.219810
12,393435,858,0.019937
12,ours-406478,858,0.012373
12,KACTL,858,0.219438
12,simd-v0,858,0.029074
12,ours-406478,859,0.012353
12,KACTL,859,0.219759
12,simd-v0,859,0.029023
12,393435,859,0.019867
12,KACTL,860,0.229458
12,simd-v0,860,0.029154
12,393435,860,0.019917
12,ours-406478,860,0.012714
12,simd-v0,861,0.029064
12,393435,861,0.019837
12,ours-406478,861,0.012463
12,KACTL,861,0.219670
12,393435,862,0.019968
12,ours-406478,862,0.012373
12,KACTL,862,0.219489
12,simd-v0,862,0.029114
12,ours-406478,863,0.012372
12,KACTL,863,0.219570
12,simd-v0,863,0.029054
12,393435,863,0.029615
12,KACTL,864,0.219359
12,simd-v0,864,0.029224
12,393435,864,0.019937
12,ours-406478,864,0.012714
12,simd-v0,865,0.029184
12,393435,865,0.019887
12,ours-406478,865,0.012433
12,KACTL,865,0.219539
12,393435,866,0.019808
12,ours-406478,866,0.012463
12,KACTL,866,0.219269
12,simd-v0,866,0.029204
12,ours-406478,867,0.012373
12,KACTL,867,0.229147
12,simd-v0,867,0.029104
12,393435,867,0.019977
12,KACTL,868,0.219619
12,simd-v0,868,0.029084
12,393435,868,0.019857
12,ours-406478,868,0.012673
12,simd-v0,869,0.029124
12,393435,869,0.019787
12,ours-406478,869,0.012363
12,KACTL,869,0.219980
12,393435,870,0.019868
12,ours-406478,870,0.012353
12,KACTL,870,0.219499
12,simd-v0,870,0.029045
12,ours-406478,871,0.012514
12,KACTL,871,0.219820
12,simd-v0,871,0.029115
12,393435,871,0.019927
12,KACTL,872,0.219369
12,simd-v0,872,0.029054
12,393435,872,0.019917
12,ours-406478,872,0.012453
12,simd-v0,873,0.029054
12,393435,873,0.019917
12,ours-406478,873,0.012353
12,KACTL,873,0.220050
12,393435,874,0.019967
12,ours-406478,874,0.012383
12,KACTL,874,0.228966
12,simd-v0,874,0.029144
12,ours-406478,875,0.012594
12,KACTL,875,0.219720
12,simd-v0,875,0.029184
12,393435,875,0.020038
12,KACTL,876,0.228576
12,simd-v0,876,0.029084
12,393435,876,0.019847
12,ours-406478,876,0.012643
12,simd-v0,877,0.029025
12,393435,877,0.019887
12,ours-406478,877,0.012443
12,KACTL,877,0.229778
12,393435,878,0.019887
12,ours-406478,878,0.012543
12,KACTL,878,0.219489
12,simd-v0,878,0.029104
12,ours-406478,879,0.012383
12,KACTL,879,0.219910
12,simd-v0,879,0.029034
12,393435,879,0.019898
12,KACTL,880,0.219418
12,simd-v0,880,0.029224
12,393435,880,0.019847
12,ours-406478,880,0.012484
12,simd-v0,881,0.029094
12,393435,881,0.019887
12,ours-406478,881,0.022392
12,KACTL,881,0.220080
12,393435,882,0.020018
12,ours-406478,882,0.012544
12,KACTL,882,0.219440
12,simd-v0,882,0.029094
12,ours-406478,883,0.012563
12,KACTL,883,0.219609
12,simd-v0,883,0.029105
12,393435,883,0.019977
12,KACTL,884,0.229848
12,simd-v0,884,0.029165
12,393435,884,0.019977
12,ours-406478,884,0.015439
12,simd-v0,885,0.029125
12,393435,885,0.019807
12,ours-406478,885,0.012453
12,KACTL,885,0.219800
12,393435,886,0.019847
12,ours-406478,886,0.012372
12,KACTL,886,0.219209
12,simd-v0,886,0.029074
12,ours-406478,887,0.012363
12,KACTL,887,0.219399
12,simd-v0,887,0.029024
12,393435,887,0.019847
12,KACTL,888,0.229067
12,simd-v0,888,0.029054
12,393435,888,0.019968
12,ours-406478,888,0.012644
12,simd-v0,889,0.029164
12,393435,889,0.019766
12,ours-406478,889,0.012413
12,KACTL,889,0.219399
12,393435,890,0.019897
12,ours-406478,890,0.012463
12,KACTL,890,0.219409
12,simd-v0,890,0.029105
12,ours-406478,891,0.012363
12,KACTL,891,0.229658
12,simd-v0,891,0.029114
12,393435,891,0.020088
12,KACTL,892,0.219268
12,simd-v0,892,0.029185
12,393435,892,0.019777
12,ours-406478,892,0.012684
12,simd-v0,893,0.029085
12,393435,893,0.019878
12,ours-406478,893,0.012333
12,KACTL,893,0.219599
12,393435,894,0.019857
12,ours-406478,894,0.012353
12,KACTL,894,0.219389
12,simd-v0,894,0.029114
12,ours-406478,895,0.012584
12,KACTL,895,0.220110
12,simd-v0,895,0.029275
12,393435,895,0.019947
12,KACTL,896,0.219419
12,simd-v0,896,0.029104
12,393435,896,0.019897
12,ours-406478,896,0.012523
12,simd-v0,897,0.029045
12,393435,897,0.019887
12,ours-406478,897,0.012383
12,KACTL,897,0.219890
12,393435,898,0.019827
12,ours-406478,898,0.012373
12,KACTL,898,0.229027
12,simd-v0,898,0.029044
12,ours-406478,899,0.012653
12,KACTL,899,0.219820
12,simd-v0,899,0.029204
12,393435,899,0.019937
12,KACTL,900,0.219268
12,simd-v0,900,0.029084
12,393435,900,0.019817
12,ours-406478,900,0.012553
12,simd-v0,901,0.029024
12,393435,901,0.019777
12,ours-406478,901,0.012484
12,KACTL,901,0.229258
12,393435,902,0.020048
12,ours-406478,902,0.012574
12,KACTL,902,0.219339
12,simd-v0,902,0.029145
12,ours-406478,903,0.012373
12,KACTL,903,0.219559
12,simd-v0,903,0.029014
12,393435,903,0.019937
12,KACTL,904,0.219389
12,simd-v0,904,0.029164
12,393435,904,0.019817
12,ours-406478,904,0.012473
12,simd-v0,905,0.029124
12,393435,905,0.019947
12,ours-406478,905,0.012383
12,KACTL,905,0.229108
12,393435,906,0.020087
12,ours-406478,906,0.012593
12,KACTL,906,0.219299
12,simd-v0,906,0.029235
12,ours-406478,907,0.012392
12,KACTL,907,0.219620
12,simd-v0,907,0.029014
12,393435,907,0.019867
12,KACTL,908,0.219640
12,simd-v0,908,0.038612
12,393435,908,0.019868
12,ours-406478,908,0.012664
12,simd-v0,909,0.029265
12,393435,909,0.019837
12,ours-406478,909,0.012403
12,KACTL,909,0.219629
12,393435,910,0.019827
12,ours-406478,910,0.012374
12,KACTL,910,0.219369
12,simd-v0,910,0.029254
12,ours-406478,911,0.012353
12,KACTL,911,0.222225
12,simd-v0,911,0.029175
12,393435,911,0.020027
12,KACTL,912,0.229148
12,simd-v0,912,0.029054
12,393435,912,0.019868
12,ours-406478,912,0.012694
12,simd-v0,913,0.029114
12,393435,913,0.019837
12,ours-406478,913,0.012463
12,KACTL,913,0.219900
12,393435,914,0.019807
12,ours-406478,914,0.012363
12,KACTL,914,0.219400
12,simd-v0,914,0.029054
12,ours-406478,915,0.012434
12,KACTL,915,0.229468
12,simd-v0,915,0.029184
12,393435,915,0.019937
12,KACTL,916,0.219429
12,simd-v0,916,0.029074
12,393435,916,0.019897
12,ours-406478,916,0.012663
12,simd-v0,917,0.029054
12,393435,917,0.019958
12,ours-406478,917,0.012403
12,KACTL,917,0.220060
12,393435,918,0.019827
12,ours-406478,918,0.012353
12,KACTL,918,0.219379
12,simd-v0,918,0.029165
12,ours-406478,919,0.012323
12,KACTL,919,0.229297
12,simd-v0,919,0.029154
12,393435,919,0.019978
12,KACTL,920,0.219328
12,simd-v0,920,0.029074
12,393435,920,0.019927
12,ours-406478,920,0.012723
12,simd-v0,921,0.029164
12,393435,921,0.019977
12,ours-406478,921,0.012443
12,KACTL,921,0.219749
12,393435,922,0.019967
12,ours-406478,922,0.012363
12,KACTL,922,0.242252
12,simd-v0,922,0.029295
12,ours-406478,923,0.012613
12,KACTL,923,0.219830
12,simd-v0,923,0.029105
12,393435,923,0.020037
12,KACTL,924,0.219429
12,simd-v0,924,0.029105
12,393435,924,0.019787
12,ours-406478,924,0.012583
12,simd-v0,925,0.029134
12,393435,925,0.019887
12,ours-406478,925,0.012533
12,KACTL,925,0.219799
12,393435,926,0.030938
12,ours-406478,926,0.012643
12,KACTL,926,0.219740
12,simd-v0,926,0.029174
12,ours-406478,927,0.012403
12,KACTL,927,0.219749
12,simd-v0,927,0.029134
12,393435,927,0.019837
12,KACTL,928,0.219509
12,simd-v0,928,0.029134
12,393435,928,0.019827
12,ours-406478,928,0.012493
12,simd-v0,929,0.029125
12,393435,929,0.019837
12,ours-406478,929,0.012423
12,KACTL,929,0.229678
12,393435,930,0.020047
12,ours-406478,930,0.012563
12,KACTL,930,0.219289
12,simd-v0,930,0.029085
12,ours-406478,931,0.012383
12,KACTL,931,0.219499
12,simd-v0,931,0.029174
12,393435,931,0.019918
12,KACTL,932,0.219520
12,simd-v0,932,0.029185
12,393435,932,0.029495
12,ours-406478,932,0.012654
12,simd-v0,933,0.029225
12,393435,933,0.019866
12,ours-406478,933,0.012383
12,KACTL,933,0.219940
12,393435,934,0.019806
12,ours-406478,934,0.012453
12,KACTL,934,0.219449
12,simd-v0,934,0.029134
12,ours-406478,935,0.012414
12,KACTL,935,0.219870
12,simd-v0,935,0.029134
12,393435,935,0.019937
12,KACTL,936,0.228857
12,simd-v0,936,0.029164
12,393435,936,0.019877
12,ours-406478,936,0.012663
12,simd-v0,937,0.029214
12,393435,937,0.019837
12,ours-406478,937,0.012373
12,KACTL,937,0.219720
12,393435,938,0.019857
12,ours-406478,938,0.012373
12,KACTL,938,0.219298
12,simd-v0,938,0.029134
12,ours-406478,939,0.012453
12,KACTL,939,0.229107
12,simd-v0,939,0.029235
12,393435,939,0.019957
12,KACTL,940,0.219489
12,simd-v0,940,0.028974
12,393435,940,0.019927
12,ours-406478,940,0.012734
12,simd-v0,941,0.029044
12,393435,941,0.019987
12,ours-406478,941,0.012403
12,KACTL,941,0.219649
12,393435,942,0.019776
12,ours-406478,942,0.012383
12,KACTL,942,0.219469
12,simd-v0,942,0.029034
12,ours-406478,943,0.012403
12,KACTL,943,0.229167
12,simd-v0,943,0.029154
12,393435,943,0.020047
12,KACTL,944,0.219429
12,simd-v0,944,0.028964
12,393435,944,0.019817
12,ours-406478,944,0.012724
12,simd-v0,945,0.029194
12,393435,945,0.019957
12,ours-406478,945,0.012394
12,KACTL,945,0.222064
12,393435,946,0.019957
12,ours-406478,946,0.012493
12,KACTL,946,0.229127
12,simd-v0,946,0.029214
12,ours-406478,947,0.012574
12,KACTL,947,0.219779
12,simd-v0,947,0.029064
12,393435,947,0.019898
12,KACTL,948,0.219429
12,simd-v0,948,0.029214
12,393435,948,0.019897
12,ours-406478,948,0.012484
12,simd-v0,949,0.029124
12,393435,949,0.019847
12,ours-406478,949,0.012493
12,KACTL,949,0.220010
12,393435,950,0.019917
12,ours-406478,950,0.012353
12,KACTL,950,0.230720
12,simd-v0,950,0.029084
12,ours-406478,951,0.012543
12,KACTL,951,0.219850
12,simd-v0,951,0.029165
12,393435,951,0.020077
12,KACTL,952,0.219389
12,simd-v0,952,0.029114
12,393435,952,0.019867
12,ours-406478,952,0.012443
12,simd-v0,953,0.029255
12,393435,953,0.019857
12,ours-406478,953,0.012383
12,KACTL,953,0.229398
12,393435,954,0.019968
12,ours-406478,954,0.012664
12,KACTL,954,0.219529
12,simd-v0,954,0.029085
12,ours-406478,955,0.012363
12,KACTL,955,0.219720
12,simd-v0,955,0.029094
12,393435,955,0.019847
12,KACTL,956,0.220250
12,simd-v0,956,0.029034
12,393435,956,0.019926
12,ours-406478,956,0.012463
12,simd-v0,957,0.039013
12,393435,957,0.019907
12,ours-406478,957,0.012604
12,KACTL,957,0.220010
12,393435,958,0.019837
12,ours-406478,958,0.012353
12,KACTL,958,0.219329
12,simd-v0,958,0.029064
12,ours-406478,959,0.012383
12,KACTL,959,0.219729
12,simd-v0,959,0.029165
12,393435,959,0.019907
12,KACTL,960,0.229818
12,simd-v0,960,0.029054
12,393435,960,0.019947
12,ours-406478,960,0.012674
12,simd-v0,961,0.029084
12,393435,961,0.019947
12,ours-406478,961,0.012343
12,KACTL,961,0.219840
12,393435,962,0.019887
12,ours-406478,962,0.012353
12,KACTL,962,0.219369
12,simd-v0,962,0.029094
12,ours-406478,963,0.012353
12,KACTL,963,0.220201
12,simd-v0,963,0.029125
12,393435,963,0.029395
12,KACTL,964,0.219630
12,simd-v0,964,0.029135
12,393435,964,0.019887
12,ours-406478,964,0.012634
12,simd-v0,965,0.029014
12,393435,965,0.019887
12,ours-406478,965,0.012354
12,KACTL,965,0.219630
12,393435,966,0.019907
12,ours-406478,966,0.012343
12,KACTL,966,0.219499
12,simd-v0,966,0.029084
12,ours-406478,967,0.012363
12,KACTL,967,0.229919
12,simd-v0,967,0.029255
12,393435,967,0.020077
12,KACTL,968,0.219269
12,simd-v0,968,0.029114
12,393435,968,0.019837
12,ours-406478,968,0.012744
12,simd-v0,969,0.029104
12,393435,969,0.019867
12,ours-406478,969,0.012474
12,KACTL,969,0.219769
12,393435,970,0.020037
12,ours-406478,970,0.012413
12,KACTL,970,0.229078
12,simd-v0,970,0.029045
12,ours-406478,971,0.012574
12,KACTL,971,0.219900
12,simd-v0,971,0.028995
12,393435,971,0.020078
12,KACTL,972,0.219349
12,simd-v0,972,0.029285
12,393435,972,0.019807
12,ours-406478,972,0.012514
12,simd-v0,973,0.029085
12,393435,973,0.019908
12,ours-406478,973,0.012403
12,KACTL,973,0.219920
12,393435,974,0.019828
12,ours-406478,974,0.012463
12,KACTL,974,0.229027
12,simd-v0,974,0.029234
12,ours-406478,975,0.012584
12,KACTL,975,0.219790
12,simd-v0,975,0.029104
12,393435,975,0.019938
12,KACTL,976,0.219299
12,simd-v0,976,0.029134
12,393435,976,0.019826
12,ours-406478,976,0.012523
12,simd-v0,977,0.029134
12,393435,977,0.019867
12,ours-406478,977,0.012352
12,KACTL,977,0.229288
12,393435,978,0.019957
12,ours-406478,978,0.012634
12,KACTL,978,0.219469
12,simd-v0,978,0.029164
12,ours-406478,979,0.012373
12,KACTL,979,0.219509
12,simd-v0,979,0.029154
12,393435,979,0.019937
12,KACTL,980,0.222314
12,simd-v0,980,0.029105
12,393435,980,0.019977
12,ours-406478,980,0.012543
12,simd-v0,981,0.029074
12,393435,981,0.019967
12,ours-406478,981,0.047919
12,KACTL,981,0.261989
12,393435,982,0.020288
12,ours-406478,982,0.012994
12,KACTL,982,0.219559
12,simd-v0,982,0.029225
12,ours-406478,983,0.012473
12,KACTL,983,0.219900
12,simd-v0,983,0.029145
12,393435,983,0.020038
12,KACTL,984,0.231883
12,simd-v0,984,0.029325
12,393435,984,0.019967
12,ours-406478,984,0.012663
12,simd-v0,985,0.029094
12,393435,985,0.019857
12,ours-406478,985,0.012353
12,KACTL,985,0.219960
12,393435,986,0.019918
12,ours-406478,986,0.012373
12,KACTL,986,0.219299
12,simd-v0,986,0.029155
12,ours-406478,987,0.012423
12,KACTL,987,0.219640
12,simd-v0,987,0.041888
12,393435,987,0.020438
12,KACTL,988,0.219439
12,simd-v0,988,0.029044
12,393435,988,0.019887
12,ours-406478,988,0.012653
12,simd-v0,989,0.029114
12,393435,989,0.019917
12,ours-406478,989,0.012353
12,KACTL,989,0.219429
12,393435,990,0.019937
12,ours-406478,990,0.012373
12,KACTL,990,0.219308
12,simd-v0,990,0.029064
12,ours-406478,991,0.012473
12,KACTL,991,0.229689
12,simd-v0,991,0.029154
12,393435,991,0.020017
12,KACTL,992,0.219379
12,simd-v0,992,0.029065
12,393435,992,0.019947
12,ours-406478,992,0.012654
12,simd-v0,993,0.029064
12,393435,993,0.019907
12,ours-406478,993,0.012374
12,KACTL,993,0.219489
12,393435,994,0.019857
12,ours-406478,994,0.012373
12,KACTL,994,0.229087
12,simd-v0,994,0.029295
12,ours-406478,995,0.012513
12,KACTL,995,0.219619
12,simd-v0,995,0.029185
12,393435,995,0.020007
12,KACTL,996,0.219239
12,simd-v0,996,0.029044
12,393435,996,0.019857
12,ours-406478,996,0.012543
12,simd-v0,997,0.029085
12,393435,997,0.019797
12,ours-406478,997,0.012483
12,KACTL,997,0.219619
12,393435,998,0.019977
12,ours-406478,998,0.012412
12,KACTL,998,0.228857
12,simd-v0,998,0.029094
12,ours-406478,999,0.012583
12,KACTL,999,0.219920
12,simd-v0,999,0.029145
12,393435,999,0.020027
12,KACTL,1000,0.219409
12,simd-v0,1000,0.029235
12,393435,1000,0.019787
12,ours-406478,1000,0.012443
13,KACTL,0,0.484253
13,simd-v0,0,0.058500
13,393435,0,0.040526
13,ours-406478,0,0.026599
13,simd-v0,1,0.058399
13,393435,1,0.040365
13,ours-406478,1,0.026409
13,KACTL,1,0.484684
13,393435,2,0.040436
13,ours-406478,2,0.026530
13,KACTL,2,0.473632
13,simd-v0,2,0.058409
13,ours-406478,3,0.029735
13,KACTL,3,0.484813
13,simd-v0,3,0.058299
13,393435,3,0.040756
13,KACTL,4,0.473303
13,simd-v0,4,0.058419
13,393435,4,0.040355
13,ours-406478,4,0.026619
13,simd-v0,5,0.058359
13,393435,5,0.050854
13,ours-406478,5,0.026469
13,KACTL,5,0.474806
13,393435,6,0.040415
13,ours-406478,6,0.026389
13,KACTL,6,0.484544
13,simd-v0,6,0.058329
13,ours-406478,7,0.026479
13,KACTL,7,0.474985
13,simd-v0,7,0.058349
13,393435,7,0.040485
13,KACTL,8,0.484062
13,simd-v0,8,0.058419
13,393435,8,0.040445
13,ours-406478,8,0.026470
13,simd-v0,9,0.058459
13,393435,9,0.040505
13,ours-406478,9,0.026490
13,KACTL,9,0.485966
13,393435,10,0.040435
13,ours-406478,10,0.026479
13,KACTL,10,0.473934
13,simd-v0,10,0.058519
13,ours-406478,11,0.026530
13,KACTL,11,0.484804
13,simd-v0,11,0.058679
13,393435,11,0.040516
13,KACTL,12,0.473883
13,simd-v0,12,0.058449
13,393435,12,0.040465
13,ours-406478,12,0.026550
13,simd-v0,13,0.058319
13,393435,13,0.040485
13,ours-406478,13,0.026439
13,KACTL,13,0.498770
13,393435,14,0.040696
13,ours-406478,14,0.026639
13,KACTL,14,0.494562
13,simd-v0,14,0.058489
13,ours-406478,15,0.026499
13,KACTL,15,0.474605
13,simd-v0,15,0.058419
13,393435,15,0.040526
13,KACTL,16,0.483722
13,simd-v0,16,0.058429
13,393435,16,0.040456
13,ours-406478,16,0.026580
13,simd-v0,17,0.058369
13,393435,17,0.040305
13,ours-406478,17,0.026540
13,KACTL,17,0.474585
13,393435,18,0.050364
13,ours-406478,18,0.026569
13,KACTL,18,0.473694
13,simd-v0,18,0.058429
13,ours-406478,19,0.026459
13,KACTL,19,0.488060
13,simd-v0,19,0.058479
13,393435,19,0.040666
13,KACTL,20,0.473583
13,simd-v0,20,0.058319
13,393435,20,0.040355
13,ours-406478,20,0.026599
13,simd-v0,21,0.058319
13,393435,21,0.040285
13,ours-406478,21,0.026490
13,KACTL,21,0.487739
13,393435,22,0.040415
13,ours-406478,22,0.026519
13,KACTL,22,0.474044
13,simd-v0,22,0.058479
13,ours-406478,23,0.026490
13,KACTL,23,0.474605
13,simd-v0,23,0.058369
13,393435,23,0.040495
13,KACTL,24,0.483432
13,simd-v0,24,0.058319
13,393435,24,0.040446
13,ours-406478,24,0.026569
13,simd-v0,25,0.058449
13,393435,25,0.040435
13,ours-406478,25,0.026479
13,KACTL,25,0.474725
13,393435,26,0.040305
13,ours-406478,26,0.026519
13,KACTL,26,0.483782
13,simd-v0,26,0.058419
13,ours-406478,27,0.026459
13,KACTL,27,0.484534
13,simd-v0,27,0.058398
13,393435,27,0.042068
13,KACTL,28,0.473733
13,simd-v0,28,0.058349
13,393435,28,0.040305
13,ours-406478,28,0.026599
13,simd-v0,29,0.058389
13,393435,29,0.040235
13,ours-406478,29,0.026459
13,KACTL,29,0.485546
13,393435,30,0.040506
13,ours-406478,30,0.026469
13,KACTL,30,0.473643
13,simd-v0,30,0.068317
13,ours-406478,31,0.026499
13,KACTL,31,0.474585
13,simd-v0,31,0.058469
13,393435,31,0.040446
13,KACTL,32,0.483552
13,simd-v0,32,0.058389
13,393435,32,0.040435
13,ours-406478,32,0.026650
13,simd-v0,33,0.058409
13,393435,33,0.040436
13,ours-406478,33,0.026439
13,KACTL,33,0.475186
13,393435,34,0.040296
13,ours-406478,34,0.026419
13,KACTL,34,0.483782
13,simd-v0,34,0.058559
13,ours-406478,35,0.026499
13,KACTL,35,0.478672
13,simd-v0,35,0.068638
13,393435,35,0.040596
13,KACTL,36,0.473653
13,simd-v0,36,0.058419
13,393435,36,0.040295
13,ours-406478,36,0.026560
13,simd-v0,37,0.058409
13,393435,37,0.040476
13,ours-406478,37,0.026429
13,KACTL,37,0.484864
13,393435,38,0.040486
13,ours-406478,38,0.026419
13,KACTL,38,0.473372
13,simd-v0,38,0.058448
13,ours-406478,39,0.026520
13,KACTL,39,0.490645
13,simd-v0,39,0.058489
13,393435,39,0.040496
13,KACTL,40,0.483962
13,simd-v0,40,0.058439
13,393435,40,0.040546
13,ours-406478,40,0.026519
13,simd-v0,41,0.058239
13,393435,41,0.040396
13,ours-406478,41,0.026479
13,KACTL,41,0.474745
13,393435,42,0.040946
13,ours-406478,42,0.026419
13,KACTL,42,0.483952
13,simd-v0,42,0.058369
13,ours-406478,43,0.026469
13,KACTL,43,0.474966
13,simd-v0,43,0.058479
13,393435,43,0.050674
13,KACTL,44,0.473963
13,simd-v0,44,0.058599
13,393435,44,0.040405
13,ours-406478,44,0.026469
13,simd-v0,45,0.058299
13,393435,45,0.040465
13,ours-406478,45,0.026419
13,KACTL,45,0.484934
13,393435,46,0.040545
13,ours-406478,46,0.026419
13,KACTL,46,0.473463
13,simd-v0,46,0.058459
13,ours-406478,47,0.026449
13,KACTL,47,0.484744
13,simd-v0,47,0.058409
13,393435,47,0.040506
13,KACTL,48,0.473754
13,simd-v0,48,0.068588
13,393435,48,0.040485
13,ours-406478,48,0.026469
13,simd-v0,49,0.058259
13,393435,49,0.040516
13,ours-406478,49,0.026430
13,KACTL,49,0.475386
13,393435,50,0.040396
13,ours-406478,50,0.026459
13,KACTL,50,0.483952
13,simd-v0,50,0.058459
13,ours-406478,51,0.026490
13,KACTL,51,0.477180
13,simd-v0,51,0.058379
13,393435,51,0.040515
13,KACTL,52,0.484804
13,simd-v0,52,0.058439
13,393435,52,0.040426
13,ours-406478,52,0.026510
13,simd-v0,53,0.058429
13,393435,53,0.040506
13,ours-406478,53,0.026389
13,KACTL,53,0.485786
13,393435,54,0.040686
13,ours-406478,54,0.026439
13,KACTL,54,0.473643
13,simd-v0,54,0.058409
13,ours-406478,55,0.026510
13,KACTL,55,0.484794
13,simd-v0,55,0.058480
13,393435,55,0.040415
13,KACTL,56,0.473673
13,simd-v0,56,0.058309
13,393435,56,0.050494
13,ours-406478,56,0.026459
13,simd-v0,57,0.058418
13,393435,57,0.040375
13,ours-406478,57,0.026449
13,KACTL,57,0.474905
13,393435,58,0.040375
13,ours-406478,58,0.026459
13,KACTL,58,0.483973
13,simd-v0,58,0.058419
13,ours-406478,59,0.026489
13,KACTL,59,0.474635
13,simd-v0,59,0.058339
13,393435,59,0.041217
13,KACTL,60,0.484083
13,simd-v0,60,0.058499
13,393435,60,0.040576
13,ours-406478,60,0.026680
13,simd-v0,61,0.058409
13,393435,61,0.040405
13,ours-406478,61,0.026509
13,KACTL,61,0.485315
13,393435,62,0.040495
13,ours-406478,62,0.026509
13,KACTL,62,0.473543
13,simd-v0,62,0.058559
13,ours-406478,63,0.026540
13,KACTL,63,0.485355
13,simd-v0,63,0.058279
13,393435,63,0.040556
13,KACTL,64,0.473693
13,simd-v0,64,0.058449
13,393435,64,0.040455
13,ours-406478,64,0.026559
13,simd-v0,65,0.068508
13,393435,65,0.040446
13,ours-406478,65,0.026670
13,KACTL,65,0.475126
13,393435,66,0.040605
13,ours-406478,66,0.026439
13,KACTL,66,0.495915
13,simd-v0,66,0.058489
13,ours-406478,67,0.026540
13,KACTL,67,0.477150
13,simd-v0,67,0.058309
13,393435,67,0.040615
13,KACTL,68,0.484383
13,simd-v0,68,0.058649
13,393435,68,0.040426
13,ours-406478,68,0.026520
13,simd-v0,69,0.058378
13,393435,69,0.040246
13,ours-406478,69,0.026519
13,KACTL,69,0.484574
13,393435,70,0.040435
13,ours-406478,70,0.026490
13,KACTL,70,0.473563
13,simd-v0,70,0.058599
13,ours-406478,71,0.026449
13,KACTL,71,0.484684
13,simd-v0,71,0.058419
13,393435,71,0.040495
13,KACTL,72,0.473513
13,simd-v0,72,0.058509
13,393435,72,0.040395
13,ours-406478,72,0.026559
13,simd-v0,73,0.069380
13,393435,73,0.040405
13,ours-406478,73,0.026499
13,KACTL,73,0.475226
13,393435,74,0.040275
13,ours-406478,74,0.026459
13,KACTL,74,0.483592
13,simd-v0,74,0.058629
13,ours-406478,75,0.026529
13,KACTL,75,0.474435
13,simd-v0,75,0.058459
13,393435,75,0.040486
13,KACTL,76,0.483953
13,simd-v0,76,0.058359
13,393435,76,0.040406
13,ours-406478,76,0.026560
13,simd-v0,77,0.058358
13,393435,77,0.040255
13,ours-406478,77,0.026479
13,KACTL,77,0.484964
13,393435,78,0.040425
13,ours-406478,78,0.026459
13,KACTL,78,0.473874
13,simd-v0,78,0.058459
13,ours-406478,79,0.026459
13,KACTL,79,0.484884
13,simd-v0,79,0.058349
13,393435,79,0.040626
13,KACTL,80,0.473614
13,simd-v0,80,0.058319
13,393435,80,0.040465
13,ours-406478,80,0.026550
13,simd-v0,81,0.058329
13,393435,81,0.040455
13,ours-406478,81,0.036778
13,KACTL,81,0.475026
13,393435,82,0.040355
13,ours-406478,82,0.026539
13,KACTL,82,0.483241
13,simd-v0,82,0.058459
13,ours-406478,83,0.026479
13,KACTL,83,0.475046
13,simd-v0,83,0.058228
13,393435,83,0.043200
13,KACTL,84,0.484043
13,simd-v0,84,0.058459
13,393435,84,0.040345
13,ours-406478,84,0.026570
13,simd-v0,85,0.058309
13,393435,85,0.040285
13,ours-406478,85,0.026489
13,KACTL,85,0.474705
13,393435,86,0.050775
13,ours-406478,86,0.026449
13,KACTL,86,0.473753
13,simd-v0,86,0.058429
13,ours-406478,87,0.026470
13,KACTL,87,0.484834
13,simd-v0,87,0.058339
13,393435,87,0.040506
13,KACTL,88,0.473533
13,simd-v0,88,0.058398
13,393435,88,0.040346
13,ours-406478,88,0.026550
13,simd-v0,89,0.058289
13,393435,89,0.040345
13,ours-406478,89,0.026469
13,KACTL,89,0.484884
13,393435,90,0.040466
13,ours-406478,90,0.026539
13,KACTL,90,0.473663
13,simd-v0,90,0.068348
13,ours-406478,91,0.026500
13,KACTL,91,0.474524
13,simd-v0,91,0.058469
13,393435,91,0.040485
13,KACTL,92,0.485485
13,simd-v0,92,0.058479
13,393435,92,0.040475
13,ours-406478,92,0.026539
13,simd-v0,93,0.058319
13,393435,93,0.040285
13,ours-406478,93,0.026389
13,KACTL,93,0.474785
13,393435,94,0.040245
13,ours-406478,94,0.026459
13,KACTL,94,0.483982
13,simd-v0,94,0.058459
13,ours-406478,95,0.026449
13,KACTL,95,0.484433
13,simd-v0,95,0.058338
13,393435,95,0.040515
13,KACTL,96,0.473764
13,simd-v0,96,0.058459
13,393435,96,0.040345
13,ours-406478,96,0.026620
13,simd-v0,97,0.058389
13,393435,97,0.040205
13,ours-406478,97,0.026430
13,KACTL,97,0.485485
13,393435,98,0.040475
13,ours-406478,98,0.026470
13,KACTL,98,0.473794
13,simd-v0,98,0.058509
13,ours-406478,99,0.036498
13,KACTL,99,0.474895
13,simd-v0,99,0.058469
13,393435,99,0.040495
13,KACTL,100,0.486076
13,simd-v0,100,0.058419
13,393435,100,0.040475
13,ours-406478,100,0.026469
13,simd-v0,101,0.058419
13,393435,101,0.040355
13,ours-406478,101,0.026420
13,KACTL,101,0.475045
13,393435,102,0.040305
13,ours-406478,102,0.026439
13,KACTL,102,0.484854
13,simd-v0,102,0.058509
13,ours-406478,103,0.026469
13,KACTL,103,0.474766
13,simd-v0,103,0.068698
13,393435,103,0.040545
13,KACTL,104,0.473693
13,simd-v0,104,0.058439
13,393435,104,0.040425
13,ours-406478,104,0.026580
13,simd-v0,105,0.058318
13,393435,105,0.040284
13,ours-406478,105,0.026530
13,KACTL,105,0.485125
13,393435,106,0.040485
13,ours-406478,106,0.026419
13,KACTL,106,0.473593
13,simd-v0,106,0.058469
13,ours-406478,107,0.026509
13,KACTL,107,0.486608
13,simd-v0,107,0.058389
13,393435,107,0.040526
13,KACTL,108,0.483992
13,simd-v0,108,0.058469
13,393435,108,0.040555
13,ours-406478,108,0.026519
13,simd-v0,109,0.058328
13,393435,109,0.040306
13,ours-406478,109,0.026449
13,KACTL,109,0.474736
13,393435,110,0.040296
13,ours-406478,110,0.026440
13,KACTL,110,0.484013
13,simd-v0,110,0.058499
13,ours-406478,111,0.026470
13,KACTL,111,0.474595
13,simd-v0,111,0.058469
13,393435,111,0.050965
13,KACTL,112,0.474014
13,simd-v0,112,0.058469
13,393435,112,0.040426
13,ours-406478,112,0.026509
13,simd-v0,113,0.058459
13,393435,113,0.040355
13,ours-406478,113,0.026409
13,KACTL,113,0.486006
13,393435,114,0.040456
13,ours-406478,114,0.026430
13,KACTL,114,0.473933
13,simd-v0,114,0.058409
13,ours-406478,115,0.026460
13,KACTL,115,0.486076
13,simd-v0,115,0.058399
13,393435,115,0.040525
13,KACTL,116,0.476078
13,simd-v0,116,0.068167
13,393435,116,0.041527
13,ours-406478,116,0.030367
13,simd-v0,117,0.058420
13,393435,117,0.040355
13,ours-406478,117,0.026479
13,KACTL,117,0.474775
13,393435,118,0.040536
13,ours-406478,118,0.026469
13,KACTL,118,0.484483
13,simd-v0,118,0.058529
13,ours-406478,119,0.026600
13,KACTL,119,0.474915
13,simd-v0,119,0.058208
13,393435,119,0.040526
13,KACTL,120,0.496686
13,simd-v0,120,0.058520
13,393435,120,0.040536
13,ours-406478,120,0.026550
13,simd-v0,121,0.058328
13,393435,121,0.040305
13,ours-406478,121,0.026499
13,KACTL,121,0.485095
13,393435,122,0.040395
13,ours-406478,122,0.026600
13,KACTL,122,0.474154
13,simd-v0,122,0.058349
13,ours-406478,123,0.026510
13,KACTL,123,0.484794
13,simd-v0,123,0.058359
13,393435,123,0.040516
13,KACTL,124,0.473923
13,simd-v0,124,0.058399
13,393435,124,0.050544
13,ours-406478,124,0.026529
13,simd-v0,125,0.058449
13,393435,125,0.040355
13,ours-406478,125,0.026549
13,KACTL,125,0.475126
13,393435,126,0.040335
13,ours-406478,126,0.026449
13,KACTL,126,0.484623
13,simd-v0,126,0.058399
13,ours-406478,127,0.026449
13,KACTL,127,0.474855
13,simd-v0,127,0.058379
13,393435,127,0.040415
13,KACTL,128,0.484513
13,simd-v0,128,0.058429
13,393435,128,0.040475
13,ours-406478,128,0.026510
13,simd-v0,129,0.058299
13,393435,129,0.040345
13,ours-406478,129,0.026489
13,KACTL,129,0.485214
13,393435,130,0.040375
13,ours-406478,130,0.026529
13,KACTL,130,0.474114
13,simd-v0,130,0.058369
13,ours-406478,131,0.026439
13,KACTL,131,0.484653
13,simd-v0,131,0.058379
13,393435,131,0.040445
13,KACTL,132,0.476739
13,simd-v0,132,0.058469
13,393435,132,0.040355
13,ours-406478,132,0.026489
13,simd-v0,133,0.058328
13,393435,133,0.040385
13,ours-406478,133,0.026579
13,KACTL,133,0.474976
13,393435,134,0.040445
13,ours-406478,134,0.026530
13,KACTL,134,0.483972
13,simd-v0,134,0.058500
13,ours-406478,135,0.026499
13,KACTL,135,0.474565
13,simd-v0,135,0.058489
13,393435,135,0.040445
13,KACTL,136,0.485014
13,simd-v0,136,0.058519
13,393435,136,0.040606
13,ours-406478,136,0.026539
13,simd-v0,137,0.058569
13,393435,137,0.040325
13,ours-406478,137,0.026510
13,KACTL,137,0.485144
13,393435,138,0.041067
13,ours-406478,138,0.026480
13,KACTL,138,0.473654
13,simd-v0,138,0.058338
13,ours-406478,139,0.026470
13,KACTL,139,0.485355
13,simd-v0,139,0.058379
13,393435,139,0.040546
13,KACTL,140,0.474264
13,simd-v0,140,0.058389
13,393435,140,0.040365
13,ours-406478,140,0.026700
13,simd-v0,141,0.069370
13,393435,141,0.040466
13,ours-406478,141,0.026490
13,KACTL,141,0.474886
13,393435,142,0.040355
13,ours-406478,142,0.026470
13,KACTL,142,0.484864
13,simd-v0,142,0.058299
13,ours-406478,143,0.026489
13,KACTL,143,0.474705
13,simd-v0,143,0.058368
13,393435,143,0.040496
13,KACTL,144,0.483762
13,simd-v0,144,0.058439
13,393435,144,0.040385
13,ours-406478,144,0.026580
13,simd-v0,145,0.058359
13,393435,145,0.040425
13,ours-406478,145,0.026519
13,KACTL,145,0.485124
13,393435,146,0.040506
13,ours-406478,146,0.026460
13,KACTL,146,0.474024
13,simd-v0,146,0.058358
13,ours-406478,147,0.026449
13,KACTL,147,0.485335
13,simd-v0,147,0.058399
13,393435,147,0.040516
13,KACTL,148,0.476588
13,simd-v0,148,0.058559
13,393435,148,0.040315
13,ours-406478,148,0.026590
13,simd-v0,149,0.058480
13,393435,149,0.040295
13,ours-406478,149,0.036839
13,KACTL,149,0.474865
13,393435,150,0.040365
13,ours-406478,150,0.026429
13,KACTL,150,0.483902
13,simd-v0,150,0.058389
13,ours-406478,151,0.026470
13,KACTL,151,0.474795
13,simd-v0,151,0.058369
13,393435,151,0.040556
13,KACTL,152,0.483822
13,simd-v0,152,0.058329
13,393435,152,0.040425
13,ours-406478,152,0.026569
13,simd-v0,153,0.058369
13,393435,153,0.040375
13,ours-406478,153,0.026440
13,KACTL,153,0.475356
13,393435,154,0.050755
13,ours-406478,154,0.026489
13,KACTL,154,0.473704
13,simd-v0,154,0.058499
13,ours-406478,155,0.026479
13,KACTL,155,0.484463
13,simd-v0,155,0.058319
13,393435,155,0.040435
13,KACTL,156,0.473743
13,simd-v0,156,0.058399
13,393435,156,0.040315
13,ours-406478,156,0.026529
13,simd-v0,157,0.058339
13,393435,157,0.040315
13,ours-406478,157,0.026460
13,KACTL,157,0.484884
13,393435,158,0.040415
13,ours-406478,158,0.026430
13,KACTL,158,0.473874
13,simd-v0,158,0.068408
13,ours-406478,159,0.026490
13,KACTL,159,0.474795
13,simd-v0,159,0.058389
13,393435,159,0.040476
13,KACTL,160,0.483762
13,simd-v0,160,0.058298
13,393435,160,0.040736
13,ours-406478,160,0.026560
13,simd-v0,161,0.058359
13,393435,161,0.040356
13,ours-406478,161,0.026429
13,KACTL,161,0.474976
13,393435,162,0.040275
13,ours-406478,162,0.026560
13,KACTL,162,0.484122
13,simd-v0,162,0.058329
13,ours-406478,163,0.026479
13,KACTL,163,0.484935
13,simd-v0,163,0.058419
13,393435,163,0.040466
13,KACTL,164,0.473803
13,simd-v0,164,0.058408
13,393435,164,0.042779
13,ours-406478,164,0.026570
13,simd-v0,165,0.058298
13,393435,165,0.040406
13,ours-406478,165,0.026419
13,KACTL,165,0.486157
13,393435,166,0.040485
13,ours-406478,166,0.026439
13,KACTL,166,0.473833
13,simd-v0,166,0.058358
13,ours-406478,167,0.036789
13,KACTL,167,0.475927
13,simd-v0,167,0.058538
13,393435,167,0.043933
13,KACTL,168,0.483712
13,simd-v0,168,0.058559
13,393435,168,0.040565
13,ours-406478,168,0.026489
13,simd-v0,169,0.058339
13,393435,169,0.040335
13,ours-406478,169,0.026449
13,KACTL,169,0.475186
13,393435,170,0.040575
13,ours-406478,170,0.026389
13,KACTL,170,0.483692
13,simd-v0,170,0.058389
13,ours-406478,171,0.026459
13,KACTL,171,0.475035
13,simd-v0,171,0.068548
13,393435,171,0.040435
13,KACTL,172,0.474835
13,simd-v0,172,0.058429
13,393435,172,0.040386
13,ours-406478,172,0.026500
13,simd-v0,173,0.058458
13,393435,173,0.040315
13,ours-406478,173,0.026429
13,KACTL,173,0.498239
13,393435,174,0.040586
13,ours-406478,174,0.026500
13,KACTL,174,0.473563
13,simd-v0,174,0.058409
13,ours-406478,175,0.026539
13,KACTL,175,0.485586
13,simd-v0,175,0.058449
13,393435,175,0.040475
13,KACTL,176,0.483892
13,simd-v0,176,0.058409
13,393435,176,0.040485
13,ours-406478,176,0.026469
13,simd-v0,177,0.058379
13,393435,177,0.040355
13,ours-406478,177,0.026429
13,KACTL,177,0.475095
13,393435,178,0.040376
13,ours-406478,178,0.026389
13,KACTL,178,0.485375
13,simd-v0,178,0.058338
13,ours-406478,179,0.026609
13,KACTL,179,0.474846
13,simd-v0,179,0.058299
13,393435,179,0.050454
13,KACTL,180,0.474574
13,simd-v0,180,0.058500
13,393435,180,0.040585
13,ours-406478,180,0.026499
13,simd-v0,181,0.060894
13,393435,181,0.040385
13,ours-406478,181,0.026460
13,KACTL,181,0.484613
13,393435,182,0.040315
13,ours-406478,182,0.026569
13,KACTL,182,0.473804
13,simd-v0,182,0.058589
13,ours-406478,183,0.026479
13,KACTL,183,0.485335
13,simd-v0,183,0.058339
13,393435,183,0.040605
13,KACTL,184,0.474134
13,simd-v0,184,0.068838
13,393435,184,0.040545
13,ours-406478,184,0.026570
13,simd-v0,185,0.058299
13,393435,185,0.040225
13,ours-406478,185,0.026490
13,KACTL,185,0.474945
13,393435,186,0.040406
13,ours-406478,186,0.026489
13,KACTL,186,0.484153
13,simd-v0,186,0.058499
13,ours-406478,187,0.026489
13,KACTL,187,0.474765
13,simd-v0,187,0.058278
13,393435,187,0.040486
13,KACTL,188,0.483982
13,simd-v0,188,0.058459
13,393435,188,0.040616
13,ours-406478,188,0.026469
13,simd-v0,189,0.058168
13,393435,189,0.040275
13,ours-406478,189,0.026520
13,KACTL,189,0.485085
13,393435,190,0.040375
13,ours-406478,190,0.026530
13,KACTL,190,0.473783
13,simd-v0,190,0.058309
13,ours-406478,191,0.026559
13,KACTL,191,0.485255
13,simd-v0,191,0.058348
13,393435,191,0.040565
13,KACTL,192,0.474475
13,simd-v0,192,0.058398
13,393435,192,0.050695
13,ours-406478,192,0.026560
13,simd-v0,193,0.058348
13,393435,193,0.040335
13,ours-406478,193,0.026509
13,KACTL,193,0.476398
13,393435,194,0.040345
13,ours-406478,194,0.026539
13,KACTL,194,0.501946
13,simd-v0,194,0.058569
13,ours-406478,195,0.026560
13,KACTL,195,0.475306
13,simd-v0,195,0.058379
13,393435,195,0.040756
13,KACTL,196,0.484854
13,simd-v0,196,0.058440
13,393435,196,0.040455
13,ours-406478,196,0.026559
13,simd-v0,197,0.058349
13,393435,197,0.040455
13,ours-406478,197,0.026429
13,KACTL,197,0.488040
13,393435,198,0.040455
13,ours-406478,198,0.026480
13,KACTL,198,0.473714
13,simd-v0,198,0.058398
13,ours-406478,199,0.026490
13,KACTL,199,0.484884
13,simd-v0,199,0.058459
13,393435,199,0.040556
13,KACTL,200,0.473724
13,simd-v0,200,0.058469
13,393435,200,0.040325
13,ours-406478,200,0.036769
13,simd-v0,201,0.058399
13,393435,201,0.040456
13,ours-406478,201,0.026409
13,KACTL,201,0.474865
13,393435,202,0.040396
13,ours-406478,202,0.026449
13,KACTL,202,0.484012
13,simd-v0,202,0.058369
13,ours-406478,203,0.026499
13,KACTL,203,0.474654
13,simd-v0,203,0.058339
13,393435,203,0.040606
13,KACTL,204,0.484093
13,simd-v0,204,0.058389
13,393435,204,0.040626
13,ours-406478,204,0.026499
13,simd-v0,205,0.058389
13,393435,205,0.040416
13,ours-406478,205,0.026490
13,KACTL,205,0.485124
13,393435,206,0.040476
13,ours-406478,206,0.026429
13,KACTL,206,0.474024
13,simd-v0,206,0.058459
13,ours-406478,207,0.026469
13,KACTL,207,0.485085
13,simd-v0,207,0.058600
13,393435,207,0.040847
13,KACTL,208,0.473813
13,simd-v0,208,0.058469
13,393435,208,0.040525
13,ours-406478,208,0.026580
13,simd-v0,209,0.068558
13,393435,209,0.040365
13,ours-406478,209,0.026509
13,KACTL,209,0.475186
13,393435,210,0.040395
13,ours-406478,210,0.026419
13,KACTL,210,0.483902
13,simd-v0,210,0.058429
13,ours-406478,211,0.026549
13,KACTL,211,0.475086
13,simd-v0,211,0.058409
13,393435,211,0.041057
13,KACTL,212,0.486767
13,simd-v0,212,0.058529
13,393435,212,0.040636
13,ours-406478,212,0.026530
13,simd-v0,213,0.058359
13,393435,213,0.040315
13,ours-406478,213,0.026439
13,KACTL,213,0.486748
13,393435,214,0.040486
13,ours-406478,214,0.026549
13,KACTL,214,0.474695
13,simd-v0,214,0.058499
13,ours-406478,215,0.026500
13,KACTL,215,0.484794
13,simd-v0,215,0.058439
13,393435,215,0.040495
13,KACTL,216,0.473583
13,simd-v0,216,0.058438
13,393435,216,0.040456
13,ours-406478,216,0.026490
13,simd-v0,217,0.058378
13,393435,217,0.040335
13,ours-406478,217,0.036598
13,KACTL,217,0.475857
13,393435,218,0.040416
13,ours-406478,218,0.026419
13,KACTL,218,0.483492
13,simd-v0,218,0.059712
13,ours-406478,219,0.026500
13,KACTL,219,0.475857
13,simd-v0,219,0.058379
13,393435,219,0.040546
13,KACTL,220,0.484232
13,simd-v0,220,0.058539
13,393435,220,0.048330
13,ours-406478,220,0.038222
13,simd-v0,221,0.070722
13,393435,221,0.043562
13,ours-406478,221,0.026499
13,KACTL,221,0.488410
13,393435,222,0.040556
13,ours-406478,222,0.026459
13,KACTL,222,0.473783
13,simd-v0,222,0.058500
13,ours-406478,223,0.026470
13,KACTL,223,0.485175
13,simd-v0,223,0.058379
13,393435,223,0.040546
13,KACTL,224,0.512996
13,simd-v0,224,0.058449
13,393435,224,0.040515
13,ours-406478,224,0.026900
13,simd-v0,225,0.058159
13,393435,225,0.052909
13,ours-406478,225,0.026520
13,KACTL,225,0.475266
13,393435,226,0.040455
13,ours-406478,226,0.026399
13,KACTL,226,0.495173
13,simd-v0,226,0.058599
13,ours-406478,227,0.026559
13,KACTL,227,0.475026
13,simd-v0,227,0.058279
13,393435,227,0.040616
13,KACTL,228,0.484493
13,simd-v0,228,0.058539
13,393435,228,0.040485
13,ours-406478,228,0.026470
13,simd-v0,229,0.058279
13,393435,229,0.040295
13,ours-406478,229,0.026459
13,KACTL,229,0.487959
13,393435,230,0.040435
13,ours-406478,230,0.026509
13,KACTL,230,0.474835
13,simd-v0,230,0.058509
13,ours-406478,231,0.026539
13,KACTL,231,0.484784
13,simd-v0,231,0.059140
13,393435,231,0.040526
13,KACTL,232,0.473984
13,simd-v0,232,0.058680
13,393435,232,0.040436
13,ours-406478,232,0.026479
13,simd-v0,233,0.058419
13,393435,233,0.040346
13,ours-406478,233,0.036568
13,KACTL,233,0.474916
13,393435,234,0.040445
13,ours-406478,234,0.026420
13,KACTL,234,0.485275
13,simd-v0,234,0.058529
13,ours-406478,235,0.026499
13,KACTL,235,0.475626
13,simd-v0,235,0.058369
13,393435,235,0.040526
13,KACTL,236,0.484854
13,simd-v0,236,0.058519
13,393435,236,0.040636
13,ours-406478,236,0.026499
13,simd-v0,237,0.058409
13,393435,237,0.040375
13,ours-406478,237,0.026479
13,KACTL,237,0.475136
13,393435,238,0.050455
13,ours-406478,238,0.026489
13,KACTL,238,0.475076
13,simd-v0,238,0.058469
13,ours-406478,239,0.026519
13,KACTL,239,0.484754
13,simd-v0,239,0.058599
13,393435,239,0.040416
13,KACTL,240,0.474234
13,simd-v0,240,0.058469
13,393435,240,0.040415
13,ours-406478,240,0.026519
13,simd-v0,241,0.058369
13,393435,241,0.040355
13,ours-406478,241,0.026439
13,KACTL,241,0.485394
13,393435,242,0.040505
13,ours-406478,242,0.026419
13,KACTL,242,0.473713
13,simd-v0,242,0.068448
13,ours-406478,243,0.026580
13,KACTL,243,0.475066
13,simd-v0,243,0.058409
13,393435,243,0.040495
13,KACTL,244,0.483532
13,simd-v0,244,0.058389
13,393435,244,0.040466
13,ours-406478,244,0.026460
13,simd-v0,245,0.058389
13,393435,245,0.040305
13,ours-406478,245,0.026519
13,KACTL,245,0.477480
13,393435,246,0.040525
13,ours-406478,246,0.026399
13,KACTL,246,0.483632
13,simd-v0,246,0.058540
13,ours-406478,247,0.026529
13,KACTL,247,0.484924
13,simd-v0,247,0.058479
13,393435,247,0.040395
13,KACTL,248,0.473834
13,simd-v0,248,0.058459
13,393435,248,0.040365
13,ours-406478,248,0.026529
13,simd-v0,249,0.058378
13,393435,249,0.040406
13,ours-406478,249,0.026410
13,KACTL,249,0.485886
13,393435,250,0.040485
13,ours-406478,250,0.026480
13,KACTL,250,0.508619
13,simd-v0,250,0.070582
13,ours-406478,251,0.026609
13,KACTL,251,0.475797
13,simd-v0,251,0.058489
13,393435,251,0.040786
13,KACTL,252,0.483862
13,simd-v0,252,0.058469
13,393435,252,0.040516
13,ours-406478,252,0.026469
13,simd-v0,253,0.058469
13,393435,253,0.040505
13,ours-406478,253,0.026429
13,KACTL,253,0.474835
13,393435,254,0.040426
13,ours-406478,254,0.026430
13,KACTL,254,0.484554
13,simd-v0,254,0.058529
13,ours-406478,255,0.026479
13,KACTL,255,0.485014
13,simd-v0,255,0.058529
13,393435,255,0.040496
13,KACTL,256,0.473743
13,simd-v0,256,0.058429
13,393435,256,0.040486
13,ours-406478,256,0.026579
13,simd-v0,257,0.058349
13,393435,257,0.040366
13,ours-406478,257,0.026419
13,KACTL,257,0.499641
13,393435,258,0.040626
13,ours-406478,258,0.026469
13,KACTL,258,0.474234
13,simd-v0,258,0.058570
13,ours-406478,259,0.036708
13,KACTL,259,0.473553
13,simd-v0,259,0.058399
13,393435,259,0.040666
13,KACTL,260,0.484072
13,simd-v0,260,0.058549
13,393435,260,0.040596
13,ours-406478,260,0.026459
13,simd-v0,261,0.058268
13,393435,261,0.040325
13,ours-406478,261,0.026409
13,KACTL,261,0.476789
13,393435,262,0.040566
13,ours-406478,262,0.026459
13,KACTL,262,0.484443
13,simd-v0,262,0.058459
13,ours-406478,263,0.026529
13,KACTL,263,0.473984
13,simd-v0,263,0.068468
13,393435,263,0.040405
13,KACTL,264,0.474214
13,simd-v0,264,0.058479
13,393435,264,0.040435
13,ours-406478,264,0.026489
13,simd-v0,265,0.058289
13,393435,265,0.040395
13,ours-406478,265,0.026409
13,KACTL,265,0.484293
13,393435,266,0.040707
13,ours-406478,266,0.026440
13,KACTL,266,0.474464
13,simd-v0,266,0.058640
13,ours-406478,267,0.026609
13,KACTL,267,0.484924
13,simd-v0,267,0.058518
13,393435,267,0.040576
13,KACTL,268,0.484393
13,simd-v0,268,0.058469
13,393435,268,0.040495
13,ours-406478,268,0.026500
13,simd-v0,269,0.058349
13,393435,269,0.040255
13,ours-406478,269,0.026489
13,KACTL,269,0.474544
13,393435,270,0.042139
13,ours-406478,270,0.026550
13,KACTL,270,0.484473
13,simd-v0,270,0.058518
13,ours-406478,271,0.026489
13,KACTL,271,0.474014
13,simd-v0,271,0.058449
13,393435,271,0.050855
13,KACTL,272,0.474355
13,simd-v0,272,0.058339
13,393435,272,0.040445
13,ours-406478,272,0.026549
13,simd-v0,273,0.058269
13,393435,273,0.040324
13,ours-406478,273,0.026570
13,KACTL,273,0.483932
13,393435,274,0.040505
13,ours-406478,274,0.026579
13,KACTL,274,0.474515
13,simd-v0,274,0.058329
13,ours-406478,275,0.026480
13,KACTL,275,0.483732
13,simd-v0,275,0.058409
13,393435,275,0.040675
13,KACTL,276,0.474505
13,simd-v0,276,0.068297
13,393435,276,0.040455
13,ours-406478,276,0.026599
13,simd-v0,277,0.058419
13,393435,277,0.040296
13,ours-406478,277,0.026520
13,KACTL,277,0.476558
13,393435,278,0.040345
13,ours-406478,278,0.026530
13,KACTL,278,0.484423
13,simd-v0,278,0.058469
13,ours-406478,279,0.026479
13,KACTL,279,0.473513
13,simd-v0,279,0.058278
13,393435,279,0.040505
13,KACTL,280,0.496346
13,simd-v0,280,0.058559
13,393435,280,0.040606
13,ours-406478,280,0.026550
13,simd-v0,281,0.058299
13,393435,281,0.040305
13,ours-406478,281,0.026480
13,KACTL,281,0.484483
13,393435,282,0.040485
13,ours-406478,282,0.026500
13,KACTL,282,0.474364
13,simd-v0,282,0.058479
13,ours-406478,283,0.026479
13,KACTL,283,0.484183
13,simd-v0,283,0.058439
13,393435,283,0.040455
13,KACTL,284,0.474415
13,simd-v0,284,0.058449
13,393435,284,0.050615
13,ours-406478,284,0.026559
13,simd-v0,285,0.058409
13,393435,285,0.040426
13,ours-406478,285,0.026449
13,KACTL,285,0.474004
13,393435,286,0.040335
13,ours-406478,286,0.026590
13,KACTL,286,0.484613
13,simd-v0,286,0.058459
13,ours-406478,287,0.026489
13,KACTL,287,0.473503
13,simd-v0,287,0.058319
13,393435,287,0.040686
13,KACTL,288,0.484383
13,simd-v0,288,0.058539
13,393435,288,0.040476
13,ours-406478,288,0.026570
13,simd-v0,289,0.058258
13,393435,289,0.040265
13,ours-406478,289,0.026529
13,KACTL,289,0.483872
13,393435,290,0.040445
13,ours-406478,290,0.026419
13,KACTL,290,0.474615
13,simd-v0,290,0.058539
13,ours-406478,291,0.026519
13,KACTL,291,0.484083
13,simd-v0,291,0.058369
13,393435,291,0.040686
13,KACTL,292,0.474124
13,simd-v0,292,0.058428
13,393435,292,0.040325
13,ours-406478,292,0.026599
13,simd-v0,293,0.068748
13,393435,293,0.040485
13,ours-406478,293,0.026470
13,KACTL,293,0.474324
13,393435,294,0.040304
13,ours-406478,294,0.026560
13,KACTL,294,0.486517
13,simd-v0,294,0.058409
13,ours-406478,295,0.026470
13,KACTL,295,0.474074
13,simd-v0,295,0.058358
13,393435,295,0.040646
13,KACTL,296,0.487078
13,simd-v0,296,0.058469
13,393435,296,0.040436
13,ours-406478,296,0.026539
13,simd-v0,297,0.058449
13,393435,297,0.040396
13,ours-406478,297,0.026430
13,KACTL,297,0.484203
13,393435,298,0.040516
13,ours-406478,298,0.026449
13,KACTL,298,0.474495
13,simd-v0,298,0.058369
13,ours-406478,299,0.026439
13,KACTL,299,0.483973
13,simd-v0,299,0.058429
13,393435,299,0.040546
13,KACTL,300,0.474495
13,simd-v0,300,0.058429
13,393435,300,0.040315
13,ours-406478,300,0.026620
13,simd-v0,301,0.058458
13,393435,301,0.050735
13,ours-406478,301,0.026469
13,KACTL,301,0.473903
13,393435,302,0.040416
13,ours-406478,302,0.026419
13,KACTL,302,0.484092
13,simd-v0,302,0.058379
13,ours-406478,303,0.026439
13,KACTL,303,0.473933
13,simd-v0,303,0.058308
13,393435,303,0.040515
13,KACTL,304,0.484283
13,simd-v0,304,0.058539
13,393435,304,0.040746
13,ours-406478,304,0.026540
13,simd-v0,305,0.058429
13,393435,305,0.040575
13,ours-406478,305,0.026409
13,KACTL,305,0.483512
13,393435,306,0.040436
13,ours-406478,306,0.026450
13,KACTL,306,0.474655
13,simd-v0,306,0.058449
13,ours-406478,307,0.026440
13,KACTL,307,0.484002
13,simd-v0,307,0.058308
13,393435,307,0.040475
13,KACTL,308,0.474495
13,simd-v0,308,0.058369
13,393435,308,0.040335
13,ours-406478,308,0.026609
13,simd-v0,309,0.058359
13,393435,309,0.040466
13,ours-406478,309,0.026419
13,KACTL,309,0.484774
13,393435,310,0.040615
13,ours-406478,310,0.026459
13,KACTL,310,0.486177
13,simd-v0,310,0.058389
13,ours-406478,311,0.026530
13,KACTL,311,0.473763
13,simd-v0,311,0.058349
13,393435,311,0.040706
13,KACTL,312,0.484353
13,simd-v0,312,0.058500
13,393435,312,0.040535
13,ours-406478,312,0.026489
13,simd-v0,313,0.058389
13,393435,313,0.040386
13,ours-406478,313,0.026450
13,KACTL,313,0.473703
13,393435,314,0.040405
13,ours-406478,314,0.037049
13,KACTL,314,0.474645
13,simd-v0,314,0.058499
13,ours-406478,315,0.026459
13,KACTL,315,0.483532
13,simd-v0,315,0.058409
13,393435,315,0.040476
13,KACTL,316,0.474324
13,simd-v0,316,0.058319
13,393435,316,0.040375
13,ours-406478,316,0.026529
13,simd-v0,317,0.058259
13,393435,317,0.040445
13,ours-406478,317,0.026450
13,KACTL,317,0.483822
13,393435,318,0.040425
13,ours-406478,318,0.026459
13,KACTL,318,0.474134
13,simd-v0,318,0.068617
13,ours-406478,319,0.026530
13,KACTL,319,0.473563
13,simd-v0,319,0.058409
13,393435,319,0.040515
13,KACTL,320,0.484553
13,simd-v0,320,0.058489
13,393435,320,0.040425
13,ours-406478,320,0.026740
13,simd-v0,321,0.058319
13,393435,321,0.040927
13,ours-406478,321,0.026480
13,KACTL,321,0.474003
13,393435,322,0.040546
13,ours-406478,322,0.026409
13,KACTL,322,0.484643
13,simd-v0,322,0.058619
13,ours-406478,323,0.026530
13,KACTL,323,0.483882
13,simd-v0,323,0.058359
13,393435,323,0.040606
13,KACTL,324,0.474595
13,simd-v0,324,0.058459
13,393435,324,0.040376
13,ours-406478,324,0.026530
13,simd-v0,325,0.058258
13,393435,325,0.040365
13,ours-406478,325,0.026410
13,KACTL,325,0.483752
13,393435,326,0.040445
13,ours-406478,326,0.026470
13,KACTL,326,0.476688
13,simd-v0,326,0.058560
13,ours-406478,327,0.026439
13,KACTL,327,0.483952
13,simd-v0,327,0.058408
13,393435,327,0.040445
13,KACTL,328,0.484393
13,simd-v0,328,0.058659
13,393435,328,0.040445
13,ours-406478,328,0.026529
13,simd-v0,329,0.058429
13,393435,329,0.040345
13,ours-406478,329,0.026429
13,KACTL,329,0.474044
13,393435,330,0.040436
13,ours-406478,330,0.026470
13,KACTL,330,0.484564
13,simd-v0,330,0.058589
13,ours-406478,331,0.026540
13,KACTL,331,0.473523
13,simd-v0,331,0.068377
13,393435,331,0.040495
13,KACTL,332,0.474525
13,simd-v0,332,0.058409
13,393435,332,0.040385
13,ours-406478,332,0.026509
13,simd-v0,333,0.058259
13,393435,333,0.040376
13,ours-406478,333,0.026399
13,KACTL,333,0.495594
13,393435,334,0.040616
13,ours-406478,334,0.026520
13,KACTL,334,0.474384
13,simd-v0,334,0.058469
13,ours-406478,335,0.026519
13,KACTL,335,0.484483
13,simd-v0,335,0.058499
13,393435,335,0.040476
13,KACTL,336,0.483902
13,simd-v0,336,0.058419
13,393435,336,0.040516
13,ours-406478,336,0.026509
13,simd-v0,337,0.058329
13,393435,337,0.040346
13,ours-406478,337,0.026439
13,KACTL,337,0.473774
13,393435,338,0.040365
13,ours-406478,338,0.026459
13,KACTL,338,0.484253
13,simd-v0,338,0.058449
13,ours-406478,339,0.026600
13,KACTL,339,0.473513
13,simd-v0,339,0.058308
13,393435,339,0.040565
13,KACTL,340,0.484263
13,simd-v0,340,0.058478
13,393435,340,0.040575
13,ours-406478,340,0.026479
13,simd-v0,341,0.058389
13,393435,341,0.040375
13,ours-406478,341,0.026440
13,KACTL,341,0.483992
13,393435,342,0.040455
13,ours-406478,342,0.026469
13,KACTL,342,0.476428
13,simd-v0,342,0.058439
13,ours-406478,343,0.026519
13,KACTL,343,0.483953
13,simd-v0,343,0.058580
13,393435,343,0.040415
13,KACTL,344,0.474214
13,simd-v0,344,0.068188
13,393435,344,0.040516
13,ours-406478,344,0.026490
13,simd-v0,345,0.058399
13,393435,345,0.040375
13,ours-406478,345,0.026469
13,KACTL,345,0.473854
13,393435,346,0.040475
13,ours-406478,346,0.026409
13,KACTL,346,0.487769
13,simd-v0,346,0.058489
13,ours-406478,347,0.026550
13,KACTL,347,0.473893
13,simd-v0,347,0.058399
13,393435,347,0.040406
13,KACTL,348,0.484403
13,simd-v0,348,0.058389
13,393435,348,0.040456
13,ours-406478,348,0.026459
13,simd-v0,349,0.058269
13,393435,349,0.040376
13,ours-406478,349,0.026459
13,KACTL,349,0.484242
13,393435,350,0.040496
13,ours-406478,350,0.026550
13,KACTL,350,0.474314
13,simd-v0,350,0.058389
13,ours-406478,351,0.026570
13,KACTL,351,0.484984
13,simd-v0,351,0.058559
13,393435,351,0.040666
13,KACTL,352,0.474054
13,simd-v0,352,0.058389
13,393435,352,0.040385
13,ours-406478,352,0.036858
13,simd-v0,353,0.058589
13,393435,353,0.040406
13,ours-406478,353,0.026469
13,KACTL,353,0.473954
13,393435,354,0.040515
13,ours-406478,354,0.026529
13,KACTL,354,0.484283
13,simd-v0,354,0.058399
13,ours-406478,355,0.026490
13,KACTL,355,0.473773
13,simd-v0,355,0.058369
13,393435,355,0.040566
13,KACTL,356,0.484143
13,simd-v0,356,0.058610
13,393435,356,0.040445
13,ours-406478,356,0.026519
13,simd-v0,357,0.058289
13,393435,357,0.040405
13,ours-406478,357,0.026540
13,KACTL,357,0.483812
13,393435,358,0.040345
13,ours-406478,358,0.026550
13,KACTL,358,0.474605
13,simd-v0,358,0.058248
13,ours-406478,359,0.029145
13,KACTL,359,0.483962
13,simd-v0,359,0.058409
13,393435,359,0.040515
13,KACTL,360,0.474274
13,simd-v0,360,0.058438
13,393435,360,0.040385
13,ours-406478,360,0.026529
13,simd-v0,361,0.068588
13,393435,361,0.040335
13,ours-406478,361,0.026559
13,KACTL,361,0.473913
13,393435,362,0.040396
13,ours-406478,362,0.026480
13,KACTL,362,0.487859
13,simd-v0,362,0.058609
13,ours-406478,363,0.026489
13,KACTL,363,0.473994
13,simd-v0,363,0.058439
13,393435,363,0.040345
13,KACTL,364,0.484282
13,simd-v0,364,0.058419
13,393435,364,0.040475
13,ours-406478,364,0.026599
13,simd-v0,365,0.058249
13,393435,365,0.040355
13,ours-406478,365,0.026540
13,KACTL,365,0.483982
13,393435,366,0.040375
13,ours-406478,366,0.026530
13,KACTL,366,0.474454
13,simd-v0,366,0.058509
13,ours-406478,367,0.026409
13,KACTL,367,0.483862
13,simd-v0,367,0.058489
13,393435,367,0.040435
13,KACTL,368,0.474205
13,simd-v0,368,0.058359
13,393435,368,0.040565
13,ours-406478,368,0.026520
13,simd-v0,369,0.058249
13,393435,369,0.040375
13,ours-406478,369,0.036828
13,KACTL,369,0.491196
13,393435,370,0.040696
13,ours-406478,370,0.026629
13,KACTL,370,0.496726
13,simd-v0,370,0.059430
13,ours-406478,371,0.026669
13,KACTL,371,0.473994
13,simd-v0,371,0.058420
13,393435,371,0.040766
13,KACTL,372,0.493290
13,simd-v0,372,0.058469
13,393435,372,0.040616
13,ours-406478,372,0.026540
13,simd-v0,373,0.058279
13,393435,373,0.040385
13,ours-406478,373,0.026440
13,KACTL,373,0.492398
13,393435,374,0.040596
13,ours-406478,374,0.026579
13,KACTL,374,0.474505
13,simd-v0,374,0.058700
13,ours-406478,375,0.026509
13,KACTL,375,0.500914
13,simd-v0,375,0.058459
13,393435,375,0.040506
13,KACTL,376,0.474414
13,simd-v0,376,0.058369
13,393435,376,0.040305
13,ours-406478,376,0.026659
13,simd-v0,377,0.058319
13,393435,377,0.059441
13,ours-406478,377,0.026549
13,KACTL,377,0.474114
13,393435,378,0.040536
13,ours-406478,378,0.026429
13,KACTL,378,0.494592
13,simd-v0,378,0.058439
13,ours-406478,379,0.026600
13,KACTL,379,0.473914
13,simd-v0,379,0.058359
13,393435,379,0.040666
13,KACTL,380,0.485374
13,simd-v0,380,0.058409
13,393435,380,0.040466
13,ours-406478,380,0.026489
13,simd-v0,381,0.058309
13,393435,381,0.040275
13,ours-406478,381,0.026480
13,KACTL,381,0.484212
13,393435,382,0.040476
13,ours-406478,382,0.026469
13,KACTL,382,0.474124
13,simd-v0,382,0.058399
13,ours-406478,383,0.026560
13,KACTL,383,0.485455
13,simd-v0,383,0.058308
13,393435,383,0.040446
13,KACTL,384,0.474385
13,simd-v0,384,0.058489
13,393435,384,0.040425
13,ours-406478,384,0.026500
13,simd-v0,385,0.058268
13,393435,385,0.040315
13,ours-406478,385,0.026449
13,KACTL,385,0.483661
13,393435,386,0.040466
13,ours-406478,386,0.026499
13,KACTL,386,0.494181
13,simd-v0,386,0.058679
13,ours-406478,387,0.026630
13,KACTL,387,0.474114
13,simd-v0,387,0.058369
13,393435,387,0.040486
13,KACTL,388,0.485014
13,simd-v0,388,0.058469
13,393435,388,0.040506
13,ours-406478,388,0.026469
13,simd-v0,389,0.058309
13,393435,389,0.040396
13,ours-406478,389,0.026570
13,KACTL,389,0.473613
13,393435,390,0.040475
13,ours-406478,390,0.036769
13,KACTL,390,0.474294
13,simd-v0,390,0.058469
13,ours-406478,391,0.026540
13,KACTL,391,0.486186
13,simd-v0,391,0.058449
13,393435,391,0.040385
13,KACTL,392,0.474354
13,simd-v0,392,0.058328
13,393435,392,0.040416
13,ours-406478,392,0.026509
13,simd-v0,393,0.058418
13,393435,393,0.040276
13,ours-406478,393,0.026590
13,KACTL,393,0.484684
13,393435,394,0.040496
13,ours-406478,394,0.026529
13,KACTL,394,0.474344
13,simd-v0,394,0.068759
13,ours-406478,395,0.026439
13,KACTL,395,0.473632
13,simd-v0,395,0.058378
13,393435,395,0.040525
13,KACTL,396,0.485756
13,simd-v0,396,0.058379
13,393435,396,0.040726
13,ours-406478,396,0.026579
13,simd-v0,397,0.058509
13,393435,397,0.040275
13,ours-406478,397,0.026480
13,KACTL,397,0.474184
13,393435,398,0.040325
13,ours-406478,398,0.026459
13,KACTL,398,0.486226
13,simd-v0,398,0.058469
13,ours-406478,399,0.026459
13,KACTL,399,0.483601
13,simd-v0,399,0.058379
13,393435,399,0.040515
13,KACTL,400,0.474034
13,simd-v0,400,0.058359
13,393435,400,0.040445
13,ours-406478,400,0.026560
13,simd-v0,401,0.058338
13,393435,401,0.040315
13,ours-406478,401,0.026549
13,KACTL,401,0.494221
13,393435,402,0.040585
13,ours-406478,402,0.026530
13,KACTL,402,0.474454
13,simd-v0,402,0.058439
13,ours-406478,403,0.037239
13,KACTL,403,0.474485
13,simd-v0,403,0.058499
13,393435,403,0.040526
13,KACTL,404,0.484573
13,simd-v0,404,0.058470
13,393435,404,0.040395
13,ours-406478,404,0.026569
13,simd-v0,405,0.058409
13,393435,405,0.040385
13,ours-406478,405,0.026460
13,KACTL,405,0.473973
13,393435,406,0.040295
13,ours-406478,406,0.026499
13,KACTL,406,0.484753
13,simd-v0,406,0.058539
13,ours-406478,407,0.026449
13,KACTL,407,0.476569
13,simd-v0,407,0.068388
13,393435,407,0.040456
13,KACTL,408,0.474395
13,simd-v0,408,0.058439
13,393435,408,0.040315
13,ours-406478,408,0.026620
13,simd-v0,409,0.058439
13,393435,409,0.040235
13,ours-406478,409,0.026399
13,KACTL,409,0.484223
13,393435,410,0.040435
13,ours-406478,410,0.026429
13,KACTL,410,0.474074
13,simd-v0,410,0.058559
13,ours-406478,411,0.026389
13,KACTL,411,0.485475
13,simd-v0,411,0.058449
13,393435,411,0.040486
13,KACTL,412,0.484273
13,simd-v0,412,0.058459
13,393435,412,0.040565
13,ours-406478,412,0.026620
13,simd-v0,413,0.058359
13,393435,413,0.040326
13,ours-406478,413,0.026509
13,KACTL,413,0.473853
13,393435,414,0.040425
13,ours-406478,414,0.026419
13,KACTL,414,0.484453
13,simd-v0,414,0.058409
13,ours-406478,415,0.026489
13,KACTL,415,0.473924
13,simd-v0,415,0.058329
13,393435,415,0.050845
13,KACTL,416,0.474505
13,simd-v0,416,0.058459
13,393435,416,0.040436
13,ours-406478,416,0.026560
13,simd-v0,417,0.058419
13,393435,417,0.040285
13,ours-406478,417,0.026459
13,KACTL,417,0.484333
13,393435,418,0.040525
13,ours-406478,418,0.026479
13,KACTL,418,0.474594
13,simd-v0,418,0.058480
13,ours-406478,419,0.033362
13,KACTL,419,0.484083
13,simd-v0,419,0.058499
13,393435,419,0.040675
13,KACTL,420,0.474194
13,simd-v0,420,0.068688
13,393435,420,0.040636
13,ours-406478,420,0.026489
13,simd-v0,421,0.058499
13,393435,421,0.040385
13,ours-406478,421,0.026379
13,KACTL,421,0.474464
13,393435,422,0.040406
13,ours-406478,422,0.026389
13,KACTL,422,0.484303
13,simd-v0,422,0.058429
13,ours-406478,423,0.026570
13,KACTL,423,0.476759
13,simd-v0,423,0.058359
13,393435,423,0.040746
13,KACTL,424,0.484713
13,simd-v0,424,0.058399
13,393435,424,0.040526
13,ours-406478,424,0.026510
13,simd-v0,425,0.058358
13,393435,425,0.040376
13,ours-406478,425,0.026419
13,KACTL,425,0.483722
13,393435,426,0.040415
13,ours-406478,426,0.026449
13,KACTL,426,0.474124
13,simd-v0,426,0.058469
13,ours-406478,427,0.026449
13,KACTL,427,0.483662
13,simd-v0,427,0.058469
13,393435,427,0.040485
13,KACTL,428,0.474675
13,simd-v0,428,0.058439
13,393435,428,0.050875
13,ours-406478,428,0.026499
13,simd-v0,429,0.058389
13,393435,429,0.040375
13,ours-406478,429,0.026439
13,KACTL,429,0.474004
13,393435,430,0.040416
13,ours-406478,430,0.026460
13,KACTL,430,0.485165
13,simd-v0,430,0.058580
13,ours-406478,431,0.026499
13,KACTL,431,0.473713
13,simd-v0,431,0.058329
13,393435,431,0.040566
13,KACTL,432,0.485134
13,simd-v0,432,0.058449
13,393435,432,0.040486
13,ours-406478,432,0.026489
13,simd-v0,433,0.058329
13,393435,433,0.040546
13,ours-406478,433,0.026440
13,KACTL,433,0.484133
13,393435,434,0.040495
13,ours-406478,434,0.026519
13,KACTL,434,0.474325
13,simd-v0,434,0.058509
13,ours-406478,435,0.026419
13,KACTL,435,0.484473
13,simd-v0,435,0.058600
13,393435,435,0.040465
13,KACTL,436,0.474274
13,simd-v0,436,0.058339
13,393435,436,0.040385
13,ours-406478,436,0.026540
13,simd-v0,437,0.068278
13,393435,437,0.040476
13,ours-406478,437,0.026429
13,KACTL,437,0.473813
13,393435,438,0.040396
13,ours-406478,438,0.026369
13,KACTL,438,0.484424
13,simd-v0,438,0.058409
13,ours-406478,439,0.026569
13,KACTL,439,0.473713
13,simd-v0,439,0.061214
13,393435,439,0.040505
13,KACTL,440,0.497938
13,simd-v0,440,0.058529
13,393435,440,0.040526
13,ours-406478,440,0.026459
13,simd-v0,441,0.058228
13,393435,441,0.040445
13,ours-406478,441,0.026529
13,KACTL,441,0.484043
13,393435,442,0.040376
13,ours-406478,442,0.026550
13,KACTL,442,0.474224
13,simd-v0,442,0.058539
13,ours-406478,443,0.026489
13,KACTL,443,0.483712
13,simd-v0,443,0.058359
13,393435,443,0.040335
13,KACTL,444,0.474124
13,simd-v0,444,0.058519
13,393435,444,0.040415
13,ours-406478,444,0.026570
13,simd-v0,445,0.058359
13,393435,445,0.050414
13,ours-406478,445,0.026550
13,KACTL,445,0.474114
13,393435,446,0.040415
13,ours-406478,446,0.026539
13,KACTL,446,0.483872
13,simd-v0,446,0.058369
13,ours-406478,447,0.026489
13,KACTL,447,0.473894
13,simd-v0,447,0.058358
13,393435,447,0.040435
13,KACTL,448,0.485866
13,simd-v0,448,0.058459
13,393435,448,0.040516
13,ours-406478,448,0.026790
13,simd-v0,449,0.058379
13,393435,449,0.040385
13,ours-406478,449,0.026450
13,KACTL,449,0.484193
13,393435,450,0.044383
13,ours-406478,450,0.026469
13,KACTL,450,0.474194
13,simd-v0,450,0.058569
13,ours-406478,451,0.026439
13,KACTL,451,0.483652
13,simd-v0,451,0.058348
13,393435,451,0.040686
13,KACTL,452,0.474164
13,simd-v0,452,0.058418
13,393435,452,0.040396
13,ours-406478,452,0.026630
13,simd-v0,453,0.058439
13,393435,453,0.040235
13,ours-406478,453,0.042129
13,KACTL,453,0.473994
13,393435,454,0.040626
13,ours-406478,454,0.026439
13,KACTL,454,0.484193
13,simd-v0,454,0.059291
13,ours-406478,455,0.026459
13,KACTL,455,0.473693
13,simd-v0,455,0.058498
13,393435,455,0.043170
13,KACTL,456,0.484293
13,simd-v0,456,0.058429
13,393435,456,0.040686
13,ours-406478,456,0.026520
13,simd-v0,457,0.058338
13,393435,457,0.040436
13,ours-406478,457,0.026419
13,KACTL,457,0.473764
13,393435,458,0.050444
13,ours-406478,458,0.026499
13,KACTL,458,0.474375
13,simd-v0,458,0.058339
13,ours-406478,459,0.026429
13,KACTL,459,0.483651
13,simd-v0,459,0.058449
13,393435,459,0.040646
13,KACTL,460,0.474164
13,simd-v0,460,0.058319
13,393435,460,0.040465
13,ours-406478,460,0.026590
13,simd-v0,461,0.058409
13,393435,461,0.040365
13,ours-406478,461,0.026420
13,KACTL,461,0.487058
13,393435,462,0.040445
13,ours-406478,462,0.026449
13,KACTL,462,0.474134
13,simd-v0,462,0.058378
13,ours-406478,463,0.026510
13,KACTL,463,0.473994
13,simd-v0,463,0.058499
13,393435,463,0.040536
13,KACTL,464,0.484503
13,simd-v0,464,0.058509
13,393435,464,0.040436
13,ours-406478,464,0.026519
13,simd-v0,465,0.058298
13,393435,465,0.040576
13,ours-406478,465,0.026410
13,KACTL,465,0.473502
13,393435,466,0.040435
13,ours-406478,466,0.026449
13,KACTL,466,0.484633
13,simd-v0,466,0.058419
13,ours-406478,467,0.026429
13,KACTL,467,0.483582
13,simd-v0,467,0.058429
13,393435,467,0.040626
13,KACTL,468,0.474335
13,simd-v0,468,0.058399
13,393435,468,0.040486
13,ours-406478,468,0.026569
13,simd-v0,469,0.058379
13,393435,469,0.040345
13,ours-406478,469,0.026470
13,KACTL,469,0.484042
13,393435,470,0.040465
13,ours-406478,470,0.026469
13,KACTL,470,0.474114
13,simd-v0,470,0.058449
13,ours-406478,471,0.036668
13,KACTL,471,0.473512
13,simd-v0,471,0.058359
13,393435,471,0.040566
13,KACTL,472,0.486037
13,simd-v0,472,0.058439
13,393435,472,0.040566
13,ours-406478,472,0.026519
13,simd-v0,473,0.058339
13,393435,473,0.040335
13,ours-406478,473,0.026419
13,KACTL,473,0.473733
13,393435,474,0.040396
13,ours-406478,474,0.026490
13,KACTL,474,0.484814
13,simd-v0,474,0.058469
13,ours-406478,475,0.026440
13,KACTL,475,0.473934
13,simd-v0,475,0.068688
13,393435,475,0.040475
13,KACTL,476,0.474225
13,simd-v0,476,0.058449
13,393435,476,0.040295
13,ours-406478,476,0.026489
13,simd-v0,477,0.058329
13,393435,477,0.040375
13,ours-406478,477,0.026439
13,KACTL,477,0.485004
13,393435,478,0.040466
13,ours-406478,478,0.026409
13,KACTL,478,0.474274
13,simd-v0,478,0.058530
13,ours-406478,479,0.026499
13,KACTL,479,0.483762
13,simd-v0,479,0.058429
13,393435,479,0.040596
13,KACTL,480,0.484143
13,simd-v0,480,0.058389
13,393435,480,0.040456
13,ours-406478,480,0.026439
13,simd-v0,481,0.058389
13,393435,481,0.040365
13,ours-406478,481,0.026400
13,KACTL,481,0.474304
13,393435,482,0.040506
13,ours-406478,482,0.026460
13,KACTL,482,0.484824
13,simd-v0,482,0.058479
13,ours-406478,483,0.026539
13,KACTL,483,0.473894
13,simd-v0,483,0.058369
13,393435,483,0.050544
13,KACTL,484,0.474615
13,simd-v0,484,0.058489
13,393435,484,0.040536
13,ours-406478,484,0.026469
13,simd-v0,485,0.058319
13,393435,485,0.040586
13,ours-406478,485,0.026450
13,KACTL,485,0.483802
13,393435,486,0.040426
13,ours-406478,486,0.026490
13,KACTL,486,0.474043
13,simd-v0,486,0.058460
13,ours-406478,487,0.026549
13,KACTL,487,0.483782
13,simd-v0,487,0.058338
13,393435,487,0.040525
13,KACTL,488,0.476949
13,simd-v0,488,0.068648
13,393435,488,0.040626
13,ours-406478,488,0.026490
13,simd-v0,489,0.058339
13,393435,489,0.040405
13,ours-406478,489,0.026420
13,KACTL,489,0.473833
13,393435,490,0.040396
13,ours-406478,490,0.026420
13,KACTL,490,0.484613
13,simd-v0,490,0.058318
13,ours-406478,491,0.026510
13,KACTL,491,0.473963
13,simd-v0,491,0.058439
13,393435,491,0.040475
13,KACTL,492,0.484563
13,simd-v0,492,0.058499
13,393435,492,0.040445
13,ours-406478,492,0.026499
13,simd-v0,493,0.058349
13,393435,493,0.040355
13,ours-406478,493,0.026429
13,KACTL,493,0.494623
13,393435,494,0.040586
13,ours-406478,494,0.026589
13,KACTL,494,0.473903
13,simd-v0,494,0.058469
13,ours-406478,495,0.026500
13,KACTL,495,0.484563
13,simd-v0,495,0.058639
13,393435,495,0.040426
13,KACTL,496,0.474053
13,simd-v0,496,0.058409
13,393435,496,0.050564
13,ours-406478,496,0.026470
13,simd-v0,497,0.058348
13,393435,497,0.040386
13,ours-406478,497,0.026459
13,KACTL,497,0.474184
13,393435,498,0.040355
13,ours-406478,498,0.026449
13,KACTL,498,0.484803
13,simd-v0,498,0.058519
13,ours-406478,499,0.026570
13,KACTL,499,0.473923
13,simd-v0,499,0.058549
13,393435,499,0.040485
13,KACTL,500,0.493630
13,simd-v0,500,0.058529
13,393435,500,0.040565
13,ours-406478,500,0.026530
13,simd-v0,501,0.058529
13,393435,501,0.040466
13,ours-406478,501,0.026540
13,KACTL,501,0.483872
13,393435,502,0.040336
13,ours-406478,502,0.026519
13,KACTL,502,0.474314
13,simd-v0,502,0.058559
13,ours-406478,503,0.026499
13,KACTL,503,0.483912
13,simd-v0,503,0.058389
13,393435,503,0.040576
13,KACTL,504,0.476528
13,simd-v0,504,0.058329
13,393435,504,0.040395
13,ours-406478,504,0.026469
13,simd-v0,505,0.068357
13,393435,505,0.040325
13,ours-406478,505,0.026529
13,KACTL,505,0.473814
13,393435,506,0.040275
13,ours-406478,506,0.026510
13,KACTL,506,0.484433
13,simd-v0,506,0.058409
13,ours-406478,507,0.026409
13,KACTL,507,0.473643
13,simd-v0,507,0.058439
13,393435,507,0.040476
13,KACTL,508,0.484443
13,simd-v0,508,0.058509
13,393435,508,0.040545
13,ours-406478,508,0.026539
13,simd-v0,509,0.058289
13,393435,509,0.040255
13,ours-406478,509,0.026490
13,KACTL,509,0.484023
13,393435,510,0.040355
13,ours-406478,510,0.026529
13,KACTL,510,0.474444
13,simd-v0,510,0.058359
13,ours-406478,511,0.026449
13,KACTL,511,0.484383
13,simd-v0,511,0.058539
13,393435,511,0.040526
13,KACTL,512,0.474244
13,simd-v0,512,0.058419
13,393435,512,0.040576
13,ours-406478,512,0.026499
13,simd-v0,513,0.058368
13,393435,513,0.050905
13,ours-406478,513,0.026540
13,KACTL,513,0.475296
13,393435,514,0.040296
13,ours-406478,514,0.026550
13,KACTL,514,0.484894
13,simd-v0,514,0.058629
13,ours-406478,515,0.026429
13,KACTL,515,0.474825
13,simd-v0,515,0.058380
13,393435,515,0.040585
13,KACTL,516,0.485055
13,simd-v0,516,0.058349
13,393435,516,0.040616
13,ours-406478,516,0.026609
13,simd-v0,517,0.058409
13,393435,517,0.040385
13,ours-406478,517,0.026520
13,KACTL,517,0.484734
13,393435,518,0.040425
13,ours-406478,518,0.026560
13,KACTL,518,0.480827
13,simd-v0,518,0.065262
13,ours-406478,519,0.026529
13,KACTL,519,0.485685
13,simd-v0,519,0.058509
13,393435,519,0.040325
13,KACTL,520,0.477340
13,simd-v0,520,0.058549
13,393435,520,0.040476
13,ours-406478,520,0.026600
13,simd-v0,521,0.058479
13,393435,521,0.040445
13,ours-406478,521,0.037771
13,KACTL,521,0.474644
13,393435,522,0.040375
13,ours-406478,522,0.026439
13,KACTL,522,0.484964
13,simd-v0,522,0.058610
13,ours-406478,523,0.026529
13,KACTL,523,0.474866
13,simd-v0,523,0.058539
13,393435,523,0.040495
13,KACTL,524,0.484914
13,simd-v0,524,0.058460
13,393435,524,0.040456
13,ours-406478,524,0.026559
13,simd-v0,525,0.058369
13,393435,525,0.040336
13,ours-406478,525,0.026420
13,KACTL,525,0.474554
13,393435,526,0.065371
13,ours-406478,526,0.026589
13,KACTL,526,0.474786
13,simd-v0,526,0.058519
13,ours-406478,527,0.026499
13,KACTL,527,0.484694
13,simd-v0,527,0.058359
13,393435,527,0.040535
13,KACTL,528,0.474595
13,simd-v0,528,0.058289
13,393435,528,0.040535
13,ours-406478,528,0.026550
13,simd-v0,529,0.058219
13,393435,529,0.040435
13,ours-406478,529,0.026539
13,KACTL,529,0.484674
13,393435,530,0.041718
13,ours-406478,530,0.028102
13,KACTL,530,0.484493
13,simd-v0,530,0.058509
13,ours-406478,531,0.026530
13,KACTL,531,0.474615
13,simd-v0,531,0.058319
13,393435,531,0.040515
13,KACTL,532,0.484864
13,simd-v0,532,0.058369
13,393435,532,0.040606
13,ours-406478,532,0.026640
13,simd-v0,533,0.058409
13,393435,533,0.040335
13,ours-406478,533,0.026470
13,KACTL,533,0.474605
13,393435,534,0.040415
13,ours-406478,534,0.036628
13,KACTL,534,0.474935
13,simd-v0,534,0.058609
13,ours-406478,535,0.026419
13,KACTL,535,0.484934
13,simd-v0,535,0.058429
13,393435,535,0.040536
13,KACTL,536,0.474975
13,simd-v0,536,0.058269
13,393435,536,0.042980
13,ours-406478,536,0.026620
13,simd-v0,537,0.058308
13,393435,537,0.040235
13,ours-406478,537,0.026469
13,KACTL,537,0.485105
13,393435,538,0.040485
13,ours-406478,538,0.026469
13,KACTL,538,0.475076
13,simd-v0,538,0.068428
13,ours-406478,539,0.026490
13,KACTL,539,0.474715
13,simd-v0,539,0.058349
13,393435,539,0.040616
13,KACTL,540,0.485094
13,simd-v0,540,0.058378
13,393435,540,0.040405
13,ours-406478,540,0.026579
13,simd-v0,541,0.058479
13,393435,541,0.040455
13,ours-406478,541,0.026419
13,KACTL,541,0.474845
13,393435,542,0.040325
13,ours-406478,542,0.026469
13,KACTL,542,0.485034
13,simd-v0,542,0.058469
13,ours-406478,543,0.026469
13,KACTL,543,0.484734
13,simd-v0,543,0.058440
13,393435,543,0.040595
13,KACTL,544,0.474915
13,simd-v0,544,0.058419
13,393435,544,0.040335
13,ours-406478,544,0.026680
13,simd-v0,545,0.058359
13,393435,545,0.040325
13,ours-406478,545,0.026449
13,KACTL,545,0.484894
13,393435,546,0.040486
13,ours-406478,546,0.026429
13,KACTL,546,0.475006
13,simd-v0,546,0.058480
13,ours-406478,547,0.026490
13,KACTL,547,0.496686
13,simd-v0,547,0.058550
13,393435,547,0.040556
13,KACTL,548,0.485284
13,simd-v0,548,0.058389
13,393435,548,0.040435
13,ours-406478,548,0.026549
13,simd-v0,549,0.058229
13,393435,549,0.040395
13,ours-406478,549,0.026440
13,KACTL,549,0.474986
13,393435,550,0.040505
13,ours-406478,550,0.026409
13,KACTL,550,0.484954
13,simd-v0,550,0.058549
13,ours-406478,551,0.026880
13,KACTL,551,0.474684
13,simd-v0,551,0.068227
13,393435,551,0.040436
13,KACTL,552,0.474645
13,simd-v0,552,0.058399
13,393435,552,0.040345
13,ours-406478,552,0.026489
13,simd-v0,553,0.060743
13,393435,553,0.040325
13,ours-406478,553,0.026449
13,KACTL,553,0.484844
13,393435,554,0.040445
13,ours-406478,554,0.026459
13,KACTL,554,0.474545
13,simd-v0,554,0.058710
13,ours-406478,555,0.026569
13,KACTL,555,0.484553
13,simd-v0,555,0.058479
13,393435,555,0.040446
13,KACTL,556,0.485054
13,simd-v0,556,0.058279
13,393435,556,0.040416
13,ours-406478,556,0.026500
13,simd-v0,557,0.058389
13,393435,557,0.040455
13,ours-406478,557,0.026459
13,KACTL,557,0.475296
13,393435,558,0.040405
13,ours-406478,558,0.026379
13,KACTL,558,0.485756
13,simd-v0,558,0.058469
13,ours-406478,559,0.026539
13,KACTL,559,0.474785
13,simd-v0,559,0.058368
13,393435,559,0.050985
13,KACTL,560,0.474946
13,simd-v0,560,0.058479
13,393435,560,0.040576
13,ours-406478,560,0.026509
13,simd-v0,561,0.058369
13,393435,561,0.040335
13,ours-406478,561,0.026479
13,KACTL,561,0.484934
13,393435,562,0.040235
13,ours-406478,562,0.026589
13,KACTL,562,0.475055
13,simd-v0,562,0.058408
13,ours-406478,563,0.026520
13,KACTL,563,0.485475
13,simd-v0,563,0.058408
13,393435,563,0.040455
13,KACTL,564,0.474926
13,simd-v0,564,0.068567
13,393435,564,0.040546
13,ours-406478,564,0.026560
13,simd-v0,565,0.058409
13,393435,565,0.040275
13,ours-406478,565,0.026499
13,KACTL,565,0.474996
13,393435,566,0.040245
13,ours-406478,566,0.026499
13,KACTL,566,0.484604
13,simd-v0,566,0.058478
13,ours-406478,567,0.026460
13,KACTL,567,0.474484
13,simd-v0,567,0.058368
13,393435,567,0.040335
13,KACTL,568,0.486447
13,simd-v0,568,0.058489
13,393435,568,0.040556
13,ours-406478,568,0.026559
13,simd-v0,569,0.058369
13,393435,569,0.040286
13,ours-406478,569,0.026570
13,KACTL,569,0.487840
13,393435,570,0.040426
13,ours-406478,570,0.026560
13,KACTL,570,0.474915
13,simd-v0,570,0.058530
13,ours-406478,571,0.026510
13,KACTL,571,0.484664
13,simd-v0,571,0.058519
13,393435,571,0.040606
13,KACTL,572,0.474625
13,simd-v0,572,0.058359
13,393435,572,0.050594
13,ours-406478,572,0.026560
13,simd-v0,573,0.058368
13,393435,573,0.040375
13,ours-406478,573,0.026499
13,KACTL,573,0.474836
13,393435,574,0.040315
13,ours-406478,574,0.026509
13,KACTL,574,0.484734
13,simd-v0,574,0.058539
13,ours-406478,575,0.026429
13,KACTL,575,0.474395
13,simd-v0,575,0.058349
13,393435,575,0.040616
13,KACTL,576,0.485565
13,simd-v0,576,0.059781
13,393435,576,0.044223
13,ours-406478,576,0.026479
13,simd-v0,577,0.058328
13,393435,577,0.040425
13,ours-406478,577,0.026500
13,KACTL,577,0.484674
13,393435,578,0.040426
13,ours-406478,578,0.026430
13,KACTL,578,0.474875
13,simd-v0,578,0.058549
13,ours-406478,579,0.026449
13,KACTL,579,0.484393
13,simd-v0,579,0.058338
13,393435,579,0.040515
13,KACTL,580,0.474725
13,simd-v0,580,0.058308
13,393435,580,0.040315
13,ours-406478,580,0.026590
13,simd-v0,581,0.058379
13,393435,581,0.040656
13,ours-406478,581,0.026499
13,KACTL,581,0.474955
13,393435,582,0.040395
13,ours-406478,582,0.026439
13,KACTL,582,0.485255
13,simd-v0,582,0.058469
13,ours-406478,583,0.026610
13,KACTL,583,0.474464
13,simd-v0,583,0.058399
13,393435,583,0.040476
13,KACTL,584,0.484563
13,simd-v0,584,0.058609
13,393435,584,0.040466
13,ours-406478,584,0.026509
13,simd-v0,585,0.058349
13,393435,585,0.040846
13,ours-406478,585,0.026409
13,KACTL,585,0.486717
13,393435,586,0.040466
13,ours-406478,586,0.026440
13,KACTL,586,0.474905
13,simd-v0,586,0.058369
13,ours-406478,587,0.026510
13,KACTL,587,0.484783
13,simd-v0,587,0.058499
13,393435,587,0.040465
13,KACTL,588,0.474885
13,simd-v0,588,0.058429
13,393435,588,0.040386
13,ours-406478,588,0.026560
13,simd-v0,589,0.069520
13,393435,589,0.040435
13,ours-406478,589,0.026510
13,KACTL,589,0.474655
13,393435,590,0.040356
13,ours-406478,590,0.026419
13,KACTL,590,0.484754
13,simd-v0,590,0.058729
13,ours-406478,591,0.026520
13,KACTL,591,0.474655
13,simd-v0,591,0.058248
13,393435,591,0.040625
13,KACTL,592,0.485405
13,simd-v0,592,0.058459
13,393435,592,0.040605
13,ours-406478,592,0.026480
13,simd-v0,593,0.058289
13,393435,593,0.040385
13,ours-406478,593,0.026439
13,KACTL,593,0.484994
13,393435,594,0.040425
13,ours-406478,594,0.026459
13,KACTL,594,0.474425
13,simd-v0,594,0.058409
13,ours-406478,595,0.026530
13,KACTL,595,0.484703
13,simd-v0,595,0.058519
13,393435,595,0.040526
13,KACTL,596,0.474825
13,simd-v0,596,0.058419
13,393435,596,0.040405
13,ours-406478,596,0.026510
13,simd-v0,597,0.058319
13,393435,597,0.040315
13,ours-406478,597,0.036569
13,KACTL,597,0.475146
13,393435,598,0.040385
13,ours-406478,598,0.026429
13,KACTL,598,0.484654
13,simd-v0,598,0.058509
13,ours-406478,599,0.026529
13,KACTL,599,0.474625
13,simd-v0,599,0.058660
13,393435,599,0.040435
13,KACTL,600,0.484483
13,simd-v0,600,0.058389
13,393435,600,0.040616
13,ours-406478,600,0.026509
13,simd-v0,601,0.058369
13,393435,601,0.040305
13,ours-406478,601,0.026450
13,KACTL,601,0.476989
13,393435,602,0.051917
13,ours-406478,602,0.026620
13,KACTL,602,0.475085
13,simd-v0,602,0.058509
13,ours-406478,603,0.026479
13,KACTL,603,0.484313
13,simd-v0,603,0.058409
13,393435,603,0.040516
13,KACTL,604,0.474695
13,simd-v0,604,0.058438
13,393435,604,0.040245
13,ours-406478,604,0.026610
13,simd-v0,605,0.058148
13,393435,605,0.040075
13,ours-406478,605,0.026490
13,KACTL,605,0.485275
13,393435,606,0.040376
13,ours-406478,606,0.026559
13,KACTL,606,0.484092
13,simd-v0,606,0.058429
13,ours-406478,607,0.026479
13,KACTL,607,0.474665
13,simd-v0,607,0.058339
13,393435,607,0.040596
13,KACTL,608,0.554634
13,simd-v0,608,0.058349
13,393435,608,0.040195
13,ours-406478,608,0.026539
13,simd-v0,609,0.058319
13,393435,609,0.040114
13,ours-406478,609,0.026489
13,KACTL,609,0.475076
13,393435,610,0.051146
13,ours-406478,610,0.026499
13,KACTL,610,0.474604
13,simd-v0,610,0.058448
13,ours-406478,611,0.026389
13,KACTL,611,0.484824
13,simd-v0,611,0.058389
13,393435,611,0.040505
13,KACTL,612,0.475016
13,simd-v0,612,0.058389
13,393435,612,0.040496
13,ours-406478,612,0.026629
13,simd-v0,613,0.058369
13,393435,613,0.040395
13,ours-406478,613,0.026540
13,KACTL,613,0.485004
13,393435,614,0.040366
13,ours-406478,614,0.026479
13,KACTL,614,0.484303
13,simd-v0,614,0.058529
13,ours-406478,615,0.026469
13,KACTL,615,0.474895
13,simd-v0,615,0.058379
13,393435,615,0.040515
13,KACTL,616,0.484874
13,simd-v0,616,0.058349
13,393435,616,0.040385
13,ours-406478,616,0.026549
13,simd-v0,617,0.058329
13,393435,617,0.040366
13,ours-406478,617,0.026409
13,KACTL,617,0.477581
13,393435,618,0.040266
13,ours-406478,618,0.026459
13,KACTL,618,0.474685
13,simd-v0,618,0.058509
13,ours-406478,619,0.026509
13,KACTL,619,0.485655
13,simd-v0,619,0.058338
13,393435,619,0.040605
13,KACTL,620,0.474906
13,simd-v0,620,0.059080
13,393435,620,0.040295
13,ours-406478,620,0.026580
13,simd-v0,621,0.058449
13,393435,621,0.040355
13,ours-406478,621,0.026479
13,KACTL,621,0.484924
13,393435,622,0.043181
13,ours-406478,622,0.026480
13,KACTL,622,0.474635
13,simd-v0,622,0.078577
13,ours-406478,623,0.026650
13,KACTL,623,0.474996
13,simd-v0,623,0.058309
13,393435,623,0.040616
13,KACTL,624,0.488881
13,simd-v0,624,0.058559
13,393435,624,0.040456
13,ours-406478,624,0.026519
13,simd-v0,625,0.058309
13,393435,625,0.040345
13,ours-406478,625,0.026440
13,KACTL,625,0.488721
13,393435,626,0.054031
13,ours-406478,626,0.034064
13,KACTL,626,0.476187
13,simd-v0,626,0.058630
13,ours-406478,627,0.026480
13,KACTL,627,0.485095
13,simd-v0,627,0.058469
13,393435,627,0.040796
13,KACTL,628,0.474885
13,simd-v0,628,0.058319
13,393435,628,0.040395
13,ours-406478,628,0.026499
13,simd-v0,629,0.058239
13,393435,629,0.040446
13,ours-406478,629,0.026429
13,KACTL,629,0.485254
13,393435,630,0.040476
13,ours-406478,630,0.026449
13,KACTL,630,0.474916
13,simd-v0,630,0.068578
13,ours-406478,631,0.026549
13,KACTL,631,0.474605
13,simd-v0,631,0.058560
13,393435,631,0.040475
13,KACTL,632,0.485375
13,simd-v0,632,0.058348
13,393435,632,0.040515
13,ours-406478,632,0.026509
13,simd-v0,633,0.058279
13,393435,633,0.040396
13,ours-406478,633,0.026479
13,KACTL,633,0.480006
13,393435,634,0.040405
13,ours-406478,634,0.026439
13,KACTL,634,0.484834
13,simd-v0,634,0.058439
13,ours-406478,635,0.026559
13,KACTL,635,0.484434
13,simd-v0,635,0.058619
13,393435,635,0.040455
13,KACTL,636,0.474886
13,simd-v0,636,0.058550
13,393435,636,0.040385
13,ours-406478,636,0.026539
13,simd-v0,637,0.058369
13,393435,637,0.040315
13,ours-406478,637,0.026409
13,KACTL,637,0.484904
13,393435,638,0.040455
13,ours-406478,638,0.026469
13,KACTL,638,0.476308
13,simd-v0,638,0.060032
13,ours-406478,639,0.026540
13,KACTL,639,0.484544
13,simd-v0,639,0.058319
13,393435,639,0.040395
13,KACTL,640,0.484424
13,simd-v0,640,0.058449
13,393435,640,0.040485
13,ours-406478,640,0.026490
13,simd-v0,641,0.058349
13,393435,641,0.040435
13,ours-406478,641,0.026539
13,KACTL,641,0.475286
13,393435,642,0.040435
13,ours-406478,642,0.026419
13,KACTL,642,0.485014
13,simd-v0,642,0.058629
13,ours-406478,643,0.026480
13,KACTL,643,0.474584
13,simd-v0,643,0.068367
13,393435,643,0.040535
13,KACTL,644,0.475216
13,simd-v0,644,0.058309
13,393435,644,0.040545
13,ours-406478,644,0.026470
13,simd-v0,645,0.058590
13,393435,645,0.040396
13,ours-406478,645,0.026420
13,KACTL,645,0.485595
13,393435,646,0.040445
13,ours-406478,646,0.026579
13,KACTL,646,0.474916
13,simd-v0,646,0.058449
13,ours-406478,647,0.026449
13,KACTL,647,0.485265
13,simd-v0,647,0.058369
13,393435,647,0.040636
13,KACTL,648,0.485024
13,simd-v0,648,0.058358
13,393435,648,0.040445
13,ours-406478,648,0.026639
13,simd-v0,649,0.058359
13,393435,649,0.040285
13,ours-406478,649,0.026529
13,KACTL,649,0.477460
13,393435,650,0.040416
13,ours-406478,650,0.026550
13,KACTL,650,0.484493
13,simd-v0,650,0.058389
13,ours-406478,651,0.026469
13,KACTL,651,0.475467
13,simd-v0,651,0.058440
13,393435,651,0.059130
13,KACTL,652,0.475197
13,simd-v0,652,0.058449
13,393435,652,0.040436
13,ours-406478,652,0.026530
13,simd-v0,653,0.058339
13,393435,653,0.042299
13,ours-406478,653,0.026430
13,KACTL,653,0.484814
13,393435,654,0.040395
13,ours-406478,654,0.026409
13,KACTL,654,0.474795
13,simd-v0,654,0.058669
13,ours-406478,655,0.026399
13,KACTL,655,0.485104
13,simd-v0,655,0.058489
13,393435,655,0.040466
13,KACTL,656,0.474745
13,simd-v0,656,0.068357
13,393435,656,0.040435
13,ours-406478,656,0.026499
13,simd-v0,657,0.058359
13,393435,657,0.040325
13,ours-406478,657,0.026450
13,KACTL,657,0.474795
13,393435,658,0.040396
13,ours-406478,658,0.026469
13,KACTL,658,0.484975
13,simd-v0,658,0.058419
13,ours-406478,659,0.026479
13,KACTL,659,0.474564
13,simd-v0,659,0.058369
13,393435,659,0.040495
13,KACTL,660,0.485074
13,simd-v0,660,0.058569
13,393435,660,0.040376
13,ours-406478,660,0.026489
13,simd-v0,661,0.058399
13,393435,661,0.040375
13,ours-406478,661,0.026419
13,KACTL,661,0.484814
13,393435,662,0.040455
13,ours-406478,662,0.026459
13,KACTL,662,0.474736
13,simd-v0,662,0.058459
13,ours-406478,663,0.026479
13,KACTL,663,0.484684
13,simd-v0,663,0.058379
13,393435,663,0.040605
13,KACTL,664,0.474535
13,simd-v0,664,0.058419
13,393435,664,0.050364
13,ours-406478,664,0.026529
13,simd-v0,665,0.058309
13,393435,665,0.040526
13,ours-406478,665,0.026419
13,KACTL,665,0.475045
13,393435,666,0.040386
13,ours-406478,666,0.026389
13,KACTL,666,0.487389
13,simd-v0,666,0.058529
13,ours-406478,667,0.026550
13,KACTL,667,0.474214
13,simd-v0,667,0.058238
13,393435,667,0.045294
13,KACTL,668,0.484974
13,simd-v0,668,0.058599
13,393435,668,0.040977
13,ours-406478,668,0.026529
13,simd-v0,669,0.058509
13,393435,669,0.040375
13,ours-406478,669,0.026419
13,KACTL,669,0.484443
13,393435,670,0.040395
13,ours-406478,670,0.026469
13,KACTL,670,0.474725
13,simd-v0,670,0.058559
13,ours-406478,671,0.026520
13,KACTL,671,0.484463
13,simd-v0,671,0.058519
13,393435,671,0.040556
13,KACTL,672,0.474795
13,simd-v0,672,0.058278
13,393435,672,0.040425
13,ours-406478,672,0.026529
13,simd-v0,673,0.069099
13,393435,673,0.040566
13,ours-406478,673,0.026590
13,KACTL,673,0.474836
13,393435,674,0.040365
13,ours-406478,674,0.026429
13,KACTL,674,0.485205
13,simd-v0,674,0.058479
13,ours-406478,675,0.026540
13,KACTL,675,0.474555
13,simd-v0,675,0.058339
13,393435,675,0.040425
13,KACTL,676,0.497878
13,simd-v0,676,0.058489
13,393435,676,0.040565
13,ours-406478,676,0.026620
13,simd-v0,677,0.058369
13,393435,677,0.040275
13,ours-406478,677,0.026520
13,KACTL,677,0.485735
13,393435,678,0.040826
13,ours-406478,678,0.026620
13,KACTL,678,0.474725
13,simd-v0,678,0.058489
13,ours-406478,679,0.026469
13,KACTL,679,0.485495
13,simd-v0,679,0.058609
13,393435,679,0.040485
13,KACTL,680,0.474695
13,simd-v0,680,0.058389
13,393435,680,0.040476
13,ours-406478,680,0.026640
13,simd-v0,681,0.068568
13,393435,681,0.040325
13,ours-406478,681,0.026520
13,KACTL,681,0.474845
13,393435,682,0.040395
13,ours-406478,682,0.026500
13,KACTL,682,0.487879
13,simd-v0,682,0.058569
13,ours-406478,683,0.026499
13,KACTL,683,0.474805
13,simd-v0,683,0.058549
13,393435,683,0.040555
13,KACTL,684,0.484884
13,simd-v0,684,0.058509
13,393435,684,0.040495
13,ours-406478,684,0.026620
13,simd-v0,685,0.058429
13,393435,685,0.040255
13,ours-406478,685,0.026439
13,KACTL,685,0.484764
13,393435,686,0.040475
13,ours-406478,686,0.026399
13,KACTL,686,0.474284
13,simd-v0,686,0.058620
13,ours-406478,687,0.026439
13,KACTL,687,0.484634
13,simd-v0,687,0.058389
13,393435,687,0.040485
13,KACTL,688,0.475146
13,simd-v0,688,0.058439
13,393435,688,0.040285
13,ours-406478,688,0.026529
13,simd-v0,689,0.058269
13,393435,689,0.050835
13,ours-406478,689,0.026529
13,KACTL,689,0.475166
13,393435,690,0.040505
13,ours-406478,690,0.026409
13,KACTL,690,0.484784
13,simd-v0,690,0.058679
13,ours-406478,691,0.026480
13,KACTL,691,0.475566
13,simd-v0,691,0.058399
13,393435,691,0.040515
13,KACTL,692,0.484844
13,simd-v0,692,0.058429
13,393435,692,0.040415
13,ours-406478,692,0.026559
13,simd-v0,693,0.058319
13,393435,693,0.040336
13,ours-406478,693,0.026480
13,KACTL,693,0.474795
13,393435,694,0.050554
13,ours-406478,694,0.026439
13,KACTL,694,0.475025
13,simd-v0,694,0.058479
13,ours-406478,695,0.026519
13,KACTL,695,0.484384
13,simd-v0,695,0.058299
13,393435,695,0.040525
13,KACTL,696,0.474936
13,simd-v0,696,0.058419
13,393435,696,0.040375
13,ours-406478,696,0.026540
13,simd-v0,697,0.058269
13,393435,697,0.040555
13,ours-406478,697,0.026459
13,KACTL,697,0.485004
13,393435,698,0.040796
13,ours-406478,698,0.026489
13,KACTL,698,0.486818
13,simd-v0,698,0.058499
13,ours-406478,699,0.026569
13,KACTL,699,0.474675
13,simd-v0,699,0.058179
13,393435,699,0.040546
13,KACTL,700,0.485265
13,simd-v0,700,0.058419
13,393435,700,0.040465
13,ours-406478,700,0.026509
13,simd-v0,701,0.058409
13,393435,701,0.040435
13,ours-406478,701,0.026489
13,KACTL,701,0.474645
13,393435,702,0.040426
13,ours-406478,702,0.026360
13,KACTL,702,0.474634
13,simd-v0,702,0.058660
13,ours-406478,703,0.026530
13,KACTL,703,0.486237
13,simd-v0,703,0.058619
13,393435,703,0.040415
13,KACTL,704,0.474785
13,simd-v0,704,0.058489
13,393435,704,0.040615
13,ours-406478,704,0.026509
13,simd-v0,705,0.058509
13,393435,705,0.040405
13,ours-406478,705,0.026449
13,KACTL,705,0.485015
13,393435,706,0.040575
13,ours-406478,706,0.026419
13,KACTL,706,0.474835
13,simd-v0,706,0.068487
13,ours-406478,707,0.026619
13,KACTL,707,0.475016
13,simd-v0,707,0.058709
13,393435,707,0.040436
13,KACTL,708,0.484714
13,simd-v0,708,0.058399
13,393435,708,0.040585
13,ours-406478,708,0.026529
13,simd-v0,709,0.058369
13,393435,709,0.040586
13,ours-406478,709,0.026510
13,KACTL,709,0.474625
13,393435,710,0.040445
13,ours-406478,710,0.026439
13,KACTL,710,0.485044
13,simd-v0,710,0.058529
13,ours-406478,711,0.026510
13,KACTL,711,0.476538
13,simd-v0,711,0.074329
13,393435,711,0.040536
13,KACTL,712,0.475116
13,simd-v0,712,0.060242
13,393435,712,0.040356
13,ours-406478,712,0.026580
13,simd-v0,713,0.058338
13,393435,713,0.040285
13,ours-406478,713,0.026489
13,KACTL,713,0.484744
13,393435,714,0.040345
13,ours-406478,714,0.026519
13,KACTL,714,0.477290
13,simd-v0,714,0.058439
13,ours-406478,715,0.026490
13,KACTL,715,0.505573
13,simd-v0,715,0.058399
13,393435,715,0.040695
13,KACTL,716,0.486587
13,simd-v0,716,0.058438
13,393435,716,0.040455
13,ours-406478,716,0.026740
13,simd-v0,717,0.058339
13,393435,717,0.040505
13,ours-406478,717,0.026510
13,KACTL,717,0.474755
13,393435,718,0.040416
13,ours-406478,718,0.026359
13,KACTL,718,0.485014
13,simd-v0,718,0.058559
13,ours-406478,719,0.026549
13,KACTL,719,0.475135
13,simd-v0,719,0.069710
13,393435,719,0.040405
13,KACTL,720,0.475096
13,simd-v0,720,0.058399
13,393435,720,0.040365
13,ours-406478,720,0.026520
13,simd-v0,721,0.058288
13,393435,721,0.040385
13,ours-406478,721,0.026379
13,KACTL,721,0.485045
13,393435,722,0.040456
13,ours-406478,722,0.026460
13,KACTL,722,0.474715
13,simd-v0,722,0.058500
13,ours-406478,723,0.026540
13,KACTL,723,0.484854
13,simd-v0,723,0.058429
13,393435,723,0.040565
13,KACTL,724,0.485976
13,simd-v0,724,0.058369
13,393435,724,0.041186
13,ours-406478,724,0.026500
13,simd-v0,725,0.058359
13,393435,725,0.040776
13,ours-406478,725,0.026420
13,KACTL,725,0.475546
13,393435,726,0.040345
13,ours-406478,726,0.026440
13,KACTL,726,0.484814
13,simd-v0,726,0.058490
13,ours-406478,727,0.026559
13,KACTL,727,0.474365
13,simd-v0,727,0.058489
13,393435,727,0.050935
13,KACTL,728,0.474765
13,simd-v0,728,0.058579
13,393435,728,0.040466
13,ours-406478,728,0.026510
13,simd-v0,729,0.058358
13,393435,729,0.040375
13,ours-406478,729,0.026439
13,KACTL,729,0.496937
13,393435,730,0.040526
13,ours-406478,730,0.026509
13,KACTL,730,0.478282
13,simd-v0,730,0.058369
13,ours-406478,731,0.026420
13,KACTL,731,0.486437
13,simd-v0,731,0.058459
13,393435,731,0.040506
13,KACTL,732,0.475146
13,simd-v0,732,0.058519
13,393435,732,0.040576
13,ours-406478,732,0.026589
13,simd-v0,733,0.058469
13,393435,733,0.040275
13,ours-406478,733,0.026409
13,KACTL,733,0.474955
13,393435,734,0.040456
13,ours-406478,734,0.026460
13,KACTL,734,0.484975
13,simd-v0,734,0.058489
13,ours-406478,735,0.026509
13,KACTL,735,0.474836
13,simd-v0,735,0.058539
13,393435,735,0.040576
13,KACTL,736,0.484914
13,simd-v0,736,0.058609
13,393435,736,0.040445
13,ours-406478,736,0.026539
13,simd-v0,737,0.058379
13,393435,737,0.040295
13,ours-406478,737,0.026550
13,KACTL,737,0.484804
13,393435,738,0.040515
13,ours-406478,738,0.026439
13,KACTL,738,0.475046
13,simd-v0,738,0.058389
13,ours-406478,739,0.026429
13,KACTL,739,0.484724
13,simd-v0,739,0.058509
13,393435,739,0.040515
13,KACTL,740,0.474615
13,simd-v0,740,0.068448
13,393435,740,0.040476
13,ours-406478,740,0.026579
13,simd-v0,741,0.058599
13,393435,741,0.040345
13,ours-406478,741,0.026409
13,KACTL,741,0.474645
13,393435,742,0.040336
13,ours-406478,742,0.026399
13,KACTL,742,0.484924
13,simd-v0,742,0.058619
13,ours-406478,743,0.026469
13,KACTL,743,0.474594
13,simd-v0,743,0.058299
13,393435,743,0.040546
13,KACTL,744,0.485054
13,simd-v0,744,0.058619
13,393435,744,0.040446
13,ours-406478,744,0.026570
13,simd-v0,745,0.058399
13,393435,745,0.040365
13,ours-406478,745,0.026429
13,KACTL,745,0.485555
13,393435,746,0.040396
13,ours-406478,746,0.026480
13,KACTL,746,0.474665
13,simd-v0,746,0.061054
13,ours-406478,747,0.026479
13,KACTL,747,0.485505
13,simd-v0,747,0.058449
13,393435,747,0.040515
13,KACTL,748,0.474856
13,simd-v0,748,0.058429
13,393435,748,0.040265
13,ours-406478,748,0.037049
13,simd-v0,749,0.058429
13,393435,749,0.040375
13,ours-406478,749,0.026379
13,KACTL,749,0.474555
13,393435,750,0.040375
13,ours-406478,750,0.026419
13,KACTL,750,0.485215
13,simd-v0,750,0.058418
13,ours-406478,751,0.026460
13,KACTL,751,0.474755
13,simd-v0,751,0.058309
13,393435,751,0.040516
13,KACTL,752,0.485264
13,simd-v0,752,0.058489
13,393435,752,0.040445
13,ours-406478,752,0.026469
13,simd-v0,753,0.058329
13,393435,753,0.040345
13,ours-406478,753,0.026510
13,KACTL,753,0.484513
13,393435,754,0.040435
13,ours-406478,754,0.026509
13,KACTL,754,0.474676
13,simd-v0,754,0.058599
13,ours-406478,755,0.026449
13,KACTL,755,0.485585
13,simd-v0,755,0.058439
13,393435,755,0.040486
13,KACTL,756,0.474905
13,simd-v0,756,0.058299
13,393435,756,0.040595
13,ours-406478,756,0.026520
13,simd-v0,757,0.068378
13,393435,757,0.040366
13,ours-406478,757,0.026469
13,KACTL,757,0.474875
13,393435,758,0.040376
13,ours-406478,758,0.026359
13,KACTL,758,0.484534
13,simd-v0,758,0.058309
13,ours-406478,759,0.026510
13,KACTL,759,0.474735
13,simd-v0,759,0.058559
13,393435,759,0.040676
13,KACTL,760,0.484774
13,simd-v0,760,0.058499
13,393435,760,0.040575
13,ours-406478,760,0.026470
13,simd-v0,761,0.058399
13,393435,761,0.040315
13,ours-406478,761,0.026440
13,KACTL,761,0.485385
13,393435,762,0.040425
13,ours-406478,762,0.026470
13,KACTL,762,0.474695
13,simd-v0,762,0.058519
13,ours-406478,763,0.026570
13,KACTL,763,0.486988
13,simd-v0,763,0.058439
13,393435,763,0.040495
13,KACTL,764,0.474775
13,simd-v0,764,0.058539
13,393435,764,0.041116
13,ours-406478,764,0.026530
13,simd-v0,765,0.058369
13,393435,765,0.050674
13,ours-406478,765,0.040416
13,KACTL,765,0.506775
13,393435,766,0.040816
13,ours-406478,766,0.026550
13,KACTL,766,0.486517
13,simd-v0,766,0.058599
13,ours-406478,767,0.026590
13,KACTL,767,0.474695
13,simd-v0,767,0.058329
13,393435,767,0.040536
13,KACTL,768,0.485395
13,simd-v0,768,0.058529
13,393435,768,0.040486
13,ours-406478,768,0.026499
13,simd-v0,769,0.058379
13,393435,769,0.040435
13,ours-406478,769,0.026469
13,KACTL,769,0.485005
13,393435,770,0.040485
13,ours-406478,770,0.026439
13,KACTL,770,0.474896
13,simd-v0,770,0.058449
13,ours-406478,771,0.026559
13,KACTL,771,0.485235
13,simd-v0,771,0.058248
13,393435,771,0.040496
13,KACTL,772,0.474975
13,simd-v0,772,0.058368
13,393435,772,0.040516
13,ours-406478,772,0.026559
13,simd-v0,773,0.058539
13,393435,773,0.051405
13,ours-406478,773,0.026609
13,KACTL,773,0.475176
13,393435,774,0.040395
13,ours-406478,774,0.026399
13,KACTL,774,0.485155
13,simd-v0,774,0.058520
13,ours-406478,775,0.026539
13,KACTL,775,0.474604
13,simd-v0,775,0.058339
13,393435,775,0.040375
13,KACTL,776,0.486036
13,simd-v0,776,0.058790
13,393435,776,0.040466
13,ours-406478,776,0.026510
13,simd-v0,777,0.058328
13,393435,777,0.040315
13,ours-406478,777,0.026509
13,KACTL,777,0.474605
13,393435,778,0.050555
13,ours-406478,778,0.026579
13,KACTL,778,0.474475
13,simd-v0,778,0.058510
13,ours-406478,779,0.026569
13,KACTL,779,0.489623
13,simd-v0,779,0.058409
13,393435,779,0.040526
13,KACTL,780,0.475035
13,simd-v0,780,0.058499
13,393435,780,0.040366
13,ours-406478,780,0.027311
13,simd-v0,781,0.058489
13,393435,781,0.040766
13,ours-406478,781,0.026549
13,KACTL,781,0.485095
13,393435,782,0.040325
13,ours-406478,782,0.026580
13,KACTL,782,0.495494
13,simd-v0,782,0.058639
13,ours-406478,783,0.026529
13,KACTL,783,0.474665
13,simd-v0,783,0.058569
13,393435,783,0.040586
13,KACTL,784,0.485676
13,simd-v0,784,0.058489
13,393435,784,0.040446
13,ours-406478,784,0.026509
13,simd-v0,785,0.058399
13,393435,785,0.040515
13,ours-406478,785,0.026439
13,KACTL,785,0.474706
13,393435,786,0.050574
13,ours-406478,786,0.026470
13,KACTL,786,0.474965
13,simd-v0,786,0.058599
13,ours-406478,787,0.026450
13,KACTL,787,0.484744
13,simd-v0,787,0.058438
13,393435,787,0.040436
13,KACTL,788,0.474895
13,simd-v0,788,0.058438
13,393435,788,0.040345
13,ours-406478,788,0.026540
13,simd-v0,789,0.058329
13,393435,789,0.040446
13,ours-406478,789,0.026399
13,KACTL,789,0.484964
13,393435,790,0.040405
13,ours-406478,790,0.026459
13,KACTL,790,0.474384
13,simd-v0,790,0.068558
13,ours-406478,791,0.026569
13,KACTL,791,0.474766
13,simd-v0,791,0.058529
13,393435,791,0.040686
13,KACTL,792,0.485004
13,simd-v0,792,0.058699
13,393435,792,0.040586
13,ours-406478,792,0.026469
13,simd-v0,793,0.058298
13,393435,793,0.040516
13,ours-406478,793,0.026440
13,KACTL,793,0.475086
13,393435,794,0.040465
13,ours-406478,794,0.026399
13,KACTL,794,0.486206
13,simd-v0,794,0.058590
13,ours-406478,795,0.026499
13,KACTL,795,0.486647
13,simd-v0,795,0.058499
13,393435,795,0.040455
13,KACTL,796,0.510913
13,simd-v0,796,0.058399
13,393435,796,0.040636
13,ours-406478,796,0.026790
13,simd-v0,797,0.058379
13,393435,797,0.040315
13,ours-406478,797,0.026540
13,KACTL,797,0.486958
13,393435,798,0.040496
13,ours-406478,798,0.026500
13,KACTL,798,0.474925
13,simd-v0,798,0.068497
13,ours-406478,799,0.026489
13,KACTL,799,0.474736
13,simd-v0,799,0.058419
13,393435,799,0.040506
13,KACTL,800,0.484544
13,simd-v0,800,0.058339
13,393435,800,0.041528
13,ours-406478,800,0.029044
13,simd-v0,801,0.058388
13,393435,801,0.040345
13,ours-406478,801,0.026419
13,KACTL,801,0.476058
13,393435,802,0.040545
13,ours-406478,802,0.026399
13,KACTL,802,0.484854
13,simd-v0,802,0.058539
13,ours-406478,803,0.026610
13,KACTL,803,0.485335
13,simd-v0,803,0.058369
13,393435,803,0.040495
13,KACTL,804,0.474765
13,simd-v0,804,0.058479
13,393435,804,0.040426
13,ours-406478,804,0.026549
13,simd-v0,805,0.058429
13,393435,805,0.040355
13,ours-406478,805,0.026450
13,KACTL,805,0.487278
13,393435,806,0.040526
13,ours-406478,806,0.026440
13,KACTL,806,0.475606
13,simd-v0,806,0.058429
13,ours-406478,807,0.036648
13,KACTL,807,0.474805
13,simd-v0,807,0.058529
13,393435,807,0.040445
13,KACTL,808,0.484954
13,simd-v0,808,0.058419
13,393435,808,0.040415
13,ours-406478,808,0.026519
13,simd-v0,809,0.058379
13,393435,809,0.040305
13,ours-406478,809,0.026409
13,KACTL,809,0.475216
13,393435,810,0.040525
13,ours-406478,810,0.026470
13,KACTL,810,0.484783
13,simd-v0,810,0.058499
13,ours-406478,811,0.026590
13,KACTL,811,0.478322
13,simd-v0,811,0.068368
13,393435,811,0.040376
13,KACTL,812,0.475266
13,simd-v0,812,0.058369
13,393435,812,0.040366
13,ours-406478,812,0.026499
13,simd-v0,813,0.058500
13,393435,813,0.040376
13,ours-406478,813,0.026399
13,KACTL,813,0.485035
13,393435,814,0.040455
13,ours-406478,814,0.026519
13,KACTL,814,0.475106
13,simd-v0,814,0.059351
13,ours-406478,815,0.026549
13,KACTL,815,0.495473
13,simd-v0,815,0.058599
13,393435,815,0.040586
13,KACTL,816,0.486136
13,simd-v0,816,0.058419
13,393435,816,0.040345
13,ours-406478,816,0.026800
13,simd-v0,817,0.058419
13,393435,817,0.040276
13,ours-406478,817,0.026379
13,KACTL,817,0.475075
13,393435,818,0.040305
13,ours-406478,818,0.026489
13,KACTL,818,0.485004
13,simd-v0,818,0.058609
13,ours-406478,819,0.026450
13,KACTL,819,0.474775
13,simd-v0,819,0.058599
13,393435,819,0.050414
13,KACTL,820,0.474966
13,simd-v0,820,0.058409
13,393435,820,0.040305
13,ours-406478,820,0.026580
13,simd-v0,821,0.058469
13,393435,821,0.040235
13,ours-406478,821,0.026490
13,KACTL,821,0.484924
13,393435,822,0.040445
13,ours-406478,822,0.026459
13,KACTL,822,0.474815
13,simd-v0,822,0.059290
13,ours-406478,823,0.026409
13,KACTL,823,0.484874
13,simd-v0,823,0.058379
13,393435,823,0.040616
13,KACTL,824,0.475967
13,simd-v0,824,0.068268
13,393435,824,0.040415
13,ours-406478,824,0.026630
13,simd-v0,825,0.058309
13,393435,825,0.040315
13,ours-406478,825,0.026419
13,KACTL,825,0.475106
13,393435,826,0.040405
13,ours-406478,826,0.026409
13,KACTL,826,0.484744
13,simd-v0,826,0.058439
13,ours-406478,827,0.026479
13,KACTL,827,0.477330
13,simd-v0,827,0.059410
13,393435,827,0.040476
13,KACTL,828,0.484603
13,simd-v0,828,0.058599
13,393435,828,0.040386
13,ours-406478,828,0.026580
13,simd-v0,829,0.058348
13,393435,829,0.040366
13,ours-406478,829,0.026420
13,KACTL,829,0.485736
13,393435,830,0.040445
13,ours-406478,830,0.026429
13,KACTL,830,0.474665
13,simd-v0,830,0.058620
13,ours-406478,831,0.026500
13,KACTL,831,0.484253
13,simd-v0,831,0.058438
13,393435,831,0.040576
13,KACTL,832,0.475747
13,simd-v0,832,0.058620
13,393435,832,0.050774
13,ours-406478,832,0.026500
13,simd-v0,833,0.058439
13,393435,833,0.040375
13,ours-406478,833,0.026440
13,KACTL,833,0.474815
13,393435,834,0.040365
13,ours-406478,834,0.026399
13,KACTL,834,0.485966
13,simd-v0,834,0.058499
13,ours-406478,835,0.026510
13,KACTL,835,0.474605
13,simd-v0,835,0.058459
13,393435,835,0.040496
13,KACTL,836,0.496826
13,simd-v0,836,0.058519
13,393435,836,0.040576
13,ours-406478,836,0.026529
13,simd-v0,837,0.059170
13,393435,837,0.040365
13,ours-406478,837,0.026439
13,KACTL,837,0.485576
13,393435,838,0.040426
13,ours-406478,838,0.026439
13,KACTL,838,0.474795
13,simd-v0,838,0.058419
13,ours-406478,839,0.026540
13,KACTL,839,0.484994
13,simd-v0,839,0.058469
13,393435,839,0.040415
13,KACTL,840,0.474665
13,simd-v0,840,0.058339
13,393435,840,0.040546
13,ours-406478,840,0.036689
13,simd-v0,841,0.058339
13,393435,841,0.040365
13,ours-406478,841,0.026509
13,KACTL,841,0.474544
13,393435,842,0.040405
13,ours-406478,842,0.026419
13,KACTL,842,0.485465
13,simd-v0,842,0.058639
13,ours-406478,843,0.026519
13,KACTL,843,0.474555
13,simd-v0,843,0.058389
13,393435,843,0.040355
13,KACTL,844,0.485705
13,simd-v0,844,0.058559
13,393435,844,0.040446
13,ours-406478,844,0.026490
13,simd-v0,845,0.058499
13,393435,845,0.040376
13,ours-406478,845,0.026520
13,KACTL,845,0.484894
13,393435,846,0.040475
13,ours-406478,846,0.026549
13,KACTL,846,0.474545
13,simd-v0,846,0.058599
13,ours-406478,847,0.026480
13,KACTL,847,0.507556
13,simd-v0,847,0.058369
13,393435,847,0.040686
13,KACTL,848,0.474905
13,simd-v0,848,0.058449
13,393435,848,0.040315
13,ours-406478,848,0.026730
13,simd-v0,849,0.068578
13,393435,849,0.040445
13,ours-406478,849,0.026470
13,KACTL,849,0.474985
13,393435,850,0.040386
13,ours-406478,850,0.026430
13,KACTL,850,0.484664
13,simd-v0,850,0.058569
13,ours-406478,851,0.026520
13,KACTL,851,0.474655
13,simd-v0,851,0.058539
13,393435,851,0.040506
13,KACTL,852,0.485124
13,simd-v0,852,0.058539
13,393435,852,0.040455
13,ours-406478,852,0.026550
13,simd-v0,853,0.058399
13,393435,853,0.040405
13,ours-406478,853,0.026429
13,KACTL,853,0.484674
13,393435,854,0.040506
13,ours-406478,854,0.026469
13,KACTL,854,0.475136
13,simd-v0,854,0.058509
13,ours-406478,855,0.026490
13,KACTL,855,0.484723
13,simd-v0,855,0.058409
13,393435,855,0.040596
13,KACTL,856,0.474755
13,simd-v0,856,0.058479
13,393435,856,0.040265
13,ours-406478,856,0.026629
13,simd-v0,857,0.058338
13,393435,857,0.050674
13,ours-406478,857,0.026500
13,KACTL,857,0.474715
13,393435,858,0.040476
13,ours-406478,858,0.026539
13,KACTL,858,0.484884
13,simd-v0,858,0.058529
13,ours-406478,859,0.026590
13,KACTL,859,0.474765
13,simd-v0,859,0.058389
13,393435,859,0.043762
13,KACTL,860,0.485115
13,simd-v0,860,0.058499
13,393435,860,0.040396
13,ours-406478,860,0.026500
13,simd-v0,861,0.058399
13,393435,861,0.040365
13,ours-406478,861,0.026480
13,KACTL,861,0.485214
13,393435,862,0.040455
13,ours-406478,862,0.026580
13,KACTL,862,0.474845
13,simd-v0,862,0.058509
13,ours-406478,863,0.026510
13,KACTL,863,0.484733
13,simd-v0,863,0.058419
13,393435,863,0.040436
13,KACTL,864,0.522785
13,simd-v0,864,0.058549
13,393435,864,0.040606
13,ours-406478,864,0.026610
13,simd-v0,865,0.058308
13,393435,865,0.051957
13,ours-406478,865,0.026460
13,KACTL,865,0.475797
13,393435,866,0.040426
13,ours-406478,866,0.026400
13,KACTL,866,0.485625
13,simd-v0,866,0.058559
13,ours-406478,867,0.026520
13,KACTL,867,0.474735
13,simd-v0,867,0.058319
13,393435,867,0.040556
13,KACTL,868,0.485705
13,simd-v0,868,0.058409
13,393435,868,0.040555
13,ours-406478,868,0.026500
13,simd-v0,869,0.058329
13,393435,869,0.040465
13,ours-406478,869,0.026429
13,KACTL,869,0.484764
13,393435,870,0.040476
13,ours-406478,870,0.026449
13,KACTL,870,0.474675
13,simd-v0,870,0.058489
13,ours-406478,871,0.026590
13,KACTL,871,0.484794
13,simd-v0,871,0.058530
13,393435,871,0.040556
13,KACTL,872,0.474865
13,simd-v0,872,0.058379
13,393435,872,0.040546
13,ours-406478,872,0.026590
13,simd-v0,873,0.058419
13,393435,873,0.040476
13,ours-406478,873,0.036869
13,KACTL,873,0.474605
13,393435,874,0.040405
13,ours-406478,874,0.026460
13,KACTL,874,0.484773
13,simd-v0,874,0.058589
13,ours-406478,875,0.026500
13,KACTL,875,0.474805
13,simd-v0,875,0.058298
13,393435,875,0.040406
13,KACTL,876,0.489212
13,simd-v0,876,0.058398
13,393435,876,0.040485
13,ours-406478,876,0.026479
13,simd-v0,877,0.058389
13,393435,877,0.040356
13,ours-406478,877,0.026540
13,KACTL,877,0.474816
13,393435,878,0.050755
13,ours-406478,878,0.026599
13,KACTL,878,0.475016
13,simd-v0,878,0.058388
13,ours-406478,879,0.026470
13,KACTL,879,0.484985
13,simd-v0,879,0.058389
13,393435,879,0.040415
13,KACTL,880,0.474805
13,simd-v0,880,0.058279
13,393435,880,0.040395
13,ours-406478,880,0.026569
13,simd-v0,881,0.058279
13,393435,881,0.040325
13,ours-406478,881,0.026470
13,KACTL,881,0.486206
13,393435,882,0.040446
13,ours-406478,882,0.026530
13,KACTL,882,0.474605
13,simd-v0,882,0.068818
13,ours-406478,883,0.026479
13,KACTL,883,0.474966
13,simd-v0,883,0.058289
13,393435,883,0.040445
13,KACTL,884,0.484935
13,simd-v0,884,0.058379
13,393435,884,0.040516
13,ours-406478,884,0.026580
13,simd-v0,885,0.058418
13,393435,885,0.040275
13,ours-406478,885,0.026580
13,KACTL,885,0.475246
13,393435,886,0.040616
13,ours-406478,886,0.026489
13,KACTL,886,0.484884
13,simd-v0,886,0.058409
13,ours-406478,887,0.026490
13,KACTL,887,0.484583
13,simd-v0,887,0.058389
13,393435,887,0.040676
13,KACTL,888,0.475176
13,simd-v0,888,0.058459
13,393435,888,0.040425
13,ours-406478,888,0.026569
13,simd-v0,889,0.058539
13,393435,889,0.040425
13,ours-406478,889,0.026489
13,KACTL,889,0.496696
13,393435,890,0.040666
13,ours-406478,890,0.026479
13,KACTL,890,0.474846
13,simd-v0,890,0.069069
13,ours-406478,891,0.026480
13,KACTL,891,0.474785
13,simd-v0,891,0.058439
13,393435,891,0.040656
13,KACTL,892,0.487880
13,simd-v0,892,0.058629
13,393435,892,0.040366
13,ours-406478,892,0.026620
13,simd-v0,893,0.058359
13,393435,893,0.040406
13,ours-406478,893,0.026410
13,KACTL,893,0.474614
13,393435,894,0.040415
13,ours-406478,894,0.026399
13,KACTL,894,0.485135
13,simd-v0,894,0.058409
13,ours-406478,895,0.026419
13,KACTL,895,0.474825
13,simd-v0,895,0.068869
13,393435,895,0.040586
13,KACTL,896,0.475146
13,simd-v0,896,0.058539
13,393435,896,0.040466
13,ours-406478,896,0.026550
13,simd-v0,897,0.058429
13,393435,897,0.040346
13,ours-406478,897,0.026409
13,KACTL,897,0.485165
13,393435,898,0.040505
13,ours-406478,898,0.026489
13,KACTL,898,0.474665
13,simd-v0,898,0.058409
13,ours-406478,899,0.026470
13,KACTL,899,0.485114
13,simd-v0,899,0.058449
13,393435,899,0.040286
13,KACTL,900,0.485545
13,simd-v0,900,0.058439
13,393435,900,0.040475
13,ours-406478,900,0.026549
13,simd-v0,901,0.058299
13,393435,901,0.040335
13,ours-406478,901,0.026409
13,KACTL,901,0.474755
13,393435,902,0.040816
13,ours-406478,902,0.026379
13,KACTL,902,0.485295
13,simd-v0,902,0.058559
13,ours-406478,903,0.026530
13,KACTL,903,0.474444
13,simd-v0,903,0.068337
13,393435,903,0.040405
13,KACTL,904,0.474956
13,simd-v0,904,0.058378
13,393435,904,0.040335
13,ours-406478,904,0.026520
13,simd-v0,905,0.058249
13,393435,905,0.040345
13,ours-406478,905,0.026449
13,KACTL,905,0.485896
13,393435,906,0.040385
13,ours-406478,906,0.026479
13,KACTL,906,0.474776
13,simd-v0,906,0.058589
13,ours-406478,907,0.026509
13,KACTL,907,0.487249
13,simd-v0,907,0.058559
13,393435,907,0.040706
13,KACTL,908,0.487879
13,simd-v0,908,0.058529
13,393435,908,0.042840
13,ours-406478,908,0.026580
13,simd-v0,909,0.058309
13,393435,909,0.040495
13,ours-406478,909,0.026540
13,KACTL,909,0.474976
13,393435,910,0.040306
13,ours-406478,910,0.026439
13,KACTL,910,0.484894
13,simd-v0,910,0.058529
13,ours-406478,911,0.026470
13,KACTL,911,0.475046
13,simd-v0,911,0.058539
13,393435,911,0.050514
13,KACTL,912,0.474694
13,simd-v0,912,0.058459
13,393435,912,0.043842
13,ours-406478,912,0.026549
13,simd-v0,913,0.058379
13,393435,913,0.040266
13,ours-406478,913,0.026479
13,KACTL,913,0.485315
13,393435,914,0.040425
13,ours-406478,914,0.026509
13,KACTL,914,0.474776
13,simd-v0,914,0.058529
13,ours-406478,915,0.026429
13,KACTL,915,0.485305
13,simd-v0,915,0.058429
13,393435,915,0.040516
13,KACTL,916,0.474766
13,simd-v0,916,0.068848
13,393435,916,0.040415
13,ours-406478,916,0.026539
13,simd-v0,917,0.058338
13,393435,917,0.040215
13,ours-406478,917,0.026419
13,KACTL,917,0.474805
13,393435,918,0.040355
13,ours-406478,918,0.026489
13,KACTL,918,0.486106
13,simd-v0,918,0.058409
13,ours-406478,919,0.026429
13,KACTL,919,0.474555
13,simd-v0,919,0.058469
13,393435,919,0.040576
13,KACTL,920,0.484944
13,simd-v0,920,0.058449
13,393435,920,0.040426
13,ours-406478,920,0.026590
13,simd-v0,921,0.058359
13,393435,921,0.040456
13,ours-406478,921,0.026519
13,KACTL,921,0.484934
13,393435,922,0.040616
13,ours-406478,922,0.026449
13,KACTL,922,0.474896
13,simd-v0,922,0.058398
13,ours-406478,923,0.026509
13,KACTL,923,0.484593
13,simd-v0,923,0.058459
13,393435,923,0.040466
13,KACTL,924,0.479894
13,simd-v0,924,0.058619
13,393435,924,0.050474
13,ours-406478,924,0.026480
13,simd-v0,925,0.058519
13,393435,925,0.040395
13,ours-406478,925,0.026389
13,KACTL,925,0.475156
13,393435,926,0.040356
13,ours-406478,926,0.026409
13,KACTL,926,0.485125
13,simd-v0,926,0.058569
13,ours-406478,927,0.026509
13,KACTL,927,0.474736
13,simd-v0,927,0.058308
13,393435,927,0.040616
13,KACTL,928,0.484714
13,simd-v0,928,0.058439
13,393435,928,0.040375
13,ours-406478,928,0.026509
13,simd-v0,929,0.058329
13,393435,929,0.040395
13,ours-406478,929,0.026369
13,KACTL,929,0.484944
13,393435,930,0.040555
13,ours-406478,930,0.026399
13,KACTL,930,0.475086
13,simd-v0,930,0.058610
13,ours-406478,931,0.026390
13,KACTL,931,0.485796
13,simd-v0,931,0.058419
13,393435,931,0.040446
13,KACTL,932,0.474725
13,simd-v0,932,0.058469
13,393435,932,0.040305
13,ours-406478,932,0.026519
13,simd-v0,933,0.069329
13,393435,933,0.040415
13,ours-406478,933,0.026489
13,KACTL,933,0.475206
13,393435,934,0.040365
13,ours-406478,934,0.026380
13,KACTL,934,0.484984
13,simd-v0,934,0.058509
13,ours-406478,935,0.026509
13,KACTL,935,0.474465
13,simd-v0,935,0.058489
13,393435,935,0.040676
13,KACTL,936,0.484704
13,simd-v0,936,0.058459
13,393435,936,0.040426
13,ours-406478,936,0.026510
13,simd-v0,937,0.058459
13,393435,937,0.040555
13,ours-406478,937,0.026429
13,KACTL,937,0.484694
13,393435,938,0.040396
13,ours-406478,938,0.026510
13,KACTL,938,0.475086
13,simd-v0,938,0.058539
13,ours-406478,939,0.026539
13,KACTL,939,0.485706
13,simd-v0,939,0.058449
13,393435,939,0.040606
13,KACTL,940,0.476649
13,simd-v0,940,0.058329
13,393435,940,0.040375
13,ours-406478,940,0.026519
13,simd-v0,941,0.058259
13,393435,941,0.050515
13,ours-406478,941,0.026429
13,KACTL,941,0.474585
13,393435,942,0.040295
13,ours-406478,942,0.026420
13,KACTL,942,0.496876
13,simd-v0,942,0.058519
13,ours-406478,943,0.026519
13,KACTL,943,0.474975
13,simd-v0,943,0.058309
13,393435,943,0.040546
13,KACTL,944,0.485285
13,simd-v0,944,0.058449
13,393435,944,0.040415
13,ours-406478,944,0.026600
13,simd-v0,945,0.058650
13,393435,945,0.040385
13,ours-406478,945,0.026510
13,KACTL,945,0.485305
13,393435,946,0.040386
13,ours-406478,946,0.026560
13,KACTL,946,0.474515
13,simd-v0,946,0.058579
13,ours-406478,947,0.026409
13,KACTL,947,0.484283
13,simd-v0,947,0.058420
13,393435,947,0.040505
13,KACTL,948,0.475046
13,simd-v0,948,0.058378
13,393435,948,0.040365
13,ours-406478,948,0.026540
13,simd-v0,949,0.058258
13,393435,949,0.040345
13,ours-406478,949,0.036798
13,KACTL,949,0.474915
13,393435,950,0.040345
13,ours-406478,950,0.026519
13,KACTL,950,0.484644
13,simd-v0,950,0.058579
13,ours-406478,951,0.026469
13,KACTL,951,0.474976
13,simd-v0,951,0.058379
13,393435,951,0.040436
13,KACTL,952,0.484793
13,simd-v0,952,0.058499
13,393435,952,0.040435
13,ours-406478,952,0.026580
13,simd-v0,953,0.058319
13,393435,953,0.040415
13,ours-406478,953,0.026509
13,KACTL,953,0.474856
13,393435,954,0.050764
13,ours-406478,954,0.026580
13,KACTL,954,0.474925
13,simd-v0,954,0.058549
13,ours-406478,955,0.026479
13,KACTL,955,0.484372
13,simd-v0,955,0.058479
13,393435,955,0.040526
13,KACTL,956,0.475005
13,simd-v0,956,0.058489
13,393435,956,0.043100
13,ours-406478,956,0.026539
13,simd-v0,957,0.058349
13,393435,957,0.040315
13,ours-406478,957,0.026509
13,KACTL,957,0.484684
13,393435,958,0.040345
13,ours-406478,958,0.026489
13,KACTL,958,0.474675
13,simd-v0,958,0.070221
13,ours-406478,959,0.026559
13,KACTL,959,0.475146
13,simd-v0,959,0.058399
13,393435,959,0.040616
13,KACTL,960,0.484794
13,simd-v0,960,0.058449
13,393435,960,0.040385
13,ours-406478,960,0.026620
13,simd-v0,961,0.058458
13,393435,961,0.040295
13,ours-406478,961,0.026469
13,KACTL,961,0.474756
13,393435,962,0.040275
13,ours-406478,962,0.028664
13,KACTL,962,0.484653
13,simd-v0,962,0.058610
13,ours-406478,963,0.026509
13,KACTL,963,0.483983
13,simd-v0,963,0.058609
13,393435,963,0.040515
13,KACTL,964,0.474976
13,simd-v0,964,0.058519
13,393435,964,0.040375
13,ours-406478,964,0.026609
13,simd-v0,965,0.058319
13,393435,965,0.040345
13,ours-406478,965,0.026440
13,KACTL,965,0.484874
13,393435,966,0.040506
13,ours-406478,966,0.026489
13,KACTL,966,0.475076
13,simd-v0,966,0.058529
13,ours-406478,967,0.026489
13,KACTL,967,0.474966
13,simd-v0,967,0.058419
13,393435,967,0.040646
13,KACTL,968,0.493981
13,simd-v0,968,0.058458
13,393435,968,0.040485
13,ours-406478,968,0.026509
13,simd-v0,969,0.058299
13,393435,969,0.040335
13,ours-406478,969,0.026469
13,KACTL,969,0.474785
13,393435,970,0.040816
13,ours-406478,970,0.026429
13,KACTL,970,0.484574
13,simd-v0,970,0.058549
13,ours-406478,971,0.026579
13,KACTL,971,0.474745
13,simd-v0,971,0.068308
13,393435,971,0.040445
13,KACTL,972,0.474755
13,simd-v0,972,0.058509
13,393435,972,0.040406
13,ours-406478,972,0.026470
13,simd-v0,973,0.058298
13,393435,973,0.042800
13,ours-406478,973,0.026429
13,KACTL,973,0.485195
13,393435,974,0.040445
13,ours-406478,974,0.026489
13,KACTL,974,0.474915
13,simd-v0,974,0.063538
13,ours-406478,975,0.026520
13,KACTL,975,0.484944
13,simd-v0,975,0.058389
13,393435,975,0.040476
13,KACTL,976,0.484734
13,simd-v0,976,0.058389
13,393435,976,0.040606
13,ours-406478,976,0.026470
13,simd-v0,977,0.058359
13,393435,977,0.040315
13,ours-406478,977,0.026539
13,KACTL,977,0.474696
13,393435,978,0.040365
13,ours-406478,978,0.026349
13,KACTL,978,0.484633
13,simd-v0,978,0.058589
13,ours-406478,979,0.026600
13,KACTL,979,0.474855
13,simd-v0,979,0.058348
13,393435,979,0.050203
13,KACTL,980,0.475517
13,simd-v0,980,0.058439
13,393435,980,0.040376
13,ours-406478,980,0.026510
13,simd-v0,981,0.058369
13,393435,981,0.040386
13,ours-406478,981,0.026459
13,KACTL,981,0.484924
13,393435,982,0.040476
13,ours-406478,982,0.026529
13,KACTL,982,0.474765
13,simd-v0,982,0.058509
13,ours-406478,983,0.026490
13,KACTL,983,0.484693
13,simd-v0,983,0.058419
13,393435,983,0.040546
13,KACTL,984,0.474605
13,simd-v0,984,0.058359
13,393435,984,0.040285
13,ours-406478,984,0.026930
13,simd-v0,985,0.059050
13,393435,985,0.040085
13,ours-406478,985,0.026469
13,KACTL,985,0.474945
13,393435,986,0.040266
13,ours-406478,986,0.026439
13,KACTL,986,0.484623
13,simd-v0,986,0.058579
13,ours-406478,987,0.026479
13,KACTL,987,0.474935
13,simd-v0,987,0.058379
13,393435,987,0.040506
13,KACTL,988,0.484854
13,simd-v0,988,0.058439
13,393435,988,0.040475
13,ours-406478,988,0.026550
13,simd-v0,989,0.058268
13,393435,989,0.040485
13,ours-406478,989,0.026490
13,KACTL,989,0.487318
13,393435,990,0.040316
13,ours-406478,990,0.026560
13,KACTL,990,0.474414
13,simd-v0,990,0.058420
13,ours-406478,991,0.026480
13,KACTL,991,0.484503
13,simd-v0,991,0.058519
13,393435,991,0.040526
13,KACTL,992,0.474965
13,simd-v0,992,0.068508
13,393435,992,0.040456
13,ours-406478,992,0.026600
13,simd-v0,993,0.058379
13,393435,993,0.040326
13,ours-406478,993,0.026450
13,KACTL,993,0.474645
13,393435,994,0.040305
13,ours-406478,994,0.026550
13,KACTL,994,0.484724
13,simd-v0,994,0.058429
13,ours-406478,995,0.026449
13,KACTL,995,0.474675
13,simd-v0,995,0.058429
13,393435,995,0.040516
13,KACTL,996,0.495534
13,simd-v0,996,0.058509
13,393435,996,0.040445
13,ours-406478,996,0.026509
13,simd-v0,997,0.058379
13,393435,997,0.040325
13,ours-406478,997,0.026459
13,KACTL,997,0.485375
13,393435,998,0.040616
13,ours-406478,998,0.026449
13,KACTL,998,0.474635
13,simd-v0,998,0.058590
13,ours-406478,999,0.026470
13,KACTL,999,0.486036
13,simd-v0,999,0.058439
13,393435,999,0.040666
13,KACTL,1000,0.474635
13,simd-v0,1000,0.058268
13,393435,1000,0.051225
13,ours-406478,1000,0.026520
14,KACTL,0,1.050929
14,simd-v0,0,0.119332
14,393435,0,0.089036
14,ours-406478,0,0.056636
14,simd-v0,1,0.119113
14,393435,1,0.088996
14,ours-406478,1,0.056305
14,KACTL,1,1.066899
14,393435,2,0.089196
14,ours-406478,2,0.067035
14,KACTL,2,1.050378
14,simd-v0,2,0.119703
14,ours-406478,3,0.056345
14,KACTL,3,1.066839
14,simd-v0,3,0.119283
14,393435,3,0.089587
14,KACTL,4,1.049717
14,simd-v0,4,0.119352
14,393435,4,0.088956
14,ours-406478,4,0.056365
14,simd-v0,5,0.131866
14,393435,5,0.089106
14,ours-406478,5,0.056275
14,KACTL,5,1.065847
14,393435,6,0.088976
14,ours-406478,6,0.056336
14,KACTL,6,1.052452
14,simd-v0,6,0.119453
14,ours-406478,7,0.056305
14,KACTL,7,1.066297
14,simd-v0,7,0.119213
14,393435,7,0.100057
14,KACTL,8,1.048544
14,simd-v0,8,0.119342
14,393435,8,0.089126
14,ours-406478,8,0.056205
14,simd-v0,9,0.122247
14,393435,9,0.089166
14,ours-406478,9,0.056275
14,KACTL,9,1.111402
14,393435,10,0.089206
14,ours-406478,10,0.056536
14,KACTL,10,1.052182
14,simd-v0,10,0.130232
14,ours-406478,11,0.057156
14,KACTL,11,1.066317
14,simd-v0,11,0.119413
14,393435,11,0.090499
14,KACTL,12,1.061549
14,simd-v0,12,0.119382
14,393435,12,0.094446
14,ours-406478,12,0.056416
14,simd-v0,13,0.119383
14,393435,13,0.100007
14,ours-406478,13,0.056365
14,KACTL,13,1.069655
14,393435,14,0.095878
14,ours-406478,14,0.056325
14,KACTL,14,1.062331
14,simd-v0,14,0.119472
14,ours-406478,15,0.056225
14,KACTL,15,1.066408
14,simd-v0,15,0.119343
14,393435,15,0.088855
14,KACTL,16,1.052101
14,simd-v0,16,0.129872
14,393435,16,0.089096
14,ours-406478,16,0.056275
14,simd-v0,17,0.119753
14,393435,17,0.089026
14,ours-406478,17,0.056195
14,KACTL,17,1.065857
14,393435,18,0.089086
14,ours-406478,18,0.056245
14,KACTL,18,1.058904
14,simd-v0,18,0.119252
14,ours-406478,19,0.067225
14,KACTL,19,1.066248
14,simd-v0,19,0.119272
14,393435,19,0.089076
14,KACTL,20,1.049837
14,simd-v0,20,0.119313
14,393435,20,0.089096
14,ours-406478,20,0.056234
14,simd-v0,21,0.122017
14,393435,21,0.089056
14,ours-406478,21,0.056244
14,KACTL,21,1.076046
14,393435,22,0.089176
14,ours-406478,22,0.056385
14,KACTL,22,1.048775
14,simd-v0,22,0.119182
14,ours-406478,23,0.056245
14,KACTL,23,1.065837
14,simd-v0,23,0.119343
14,393435,23,0.089026
14,KACTL,24,1.049417
14,simd-v0,24,0.119252
14,393435,24,0.099165
14,ours-406478,24,0.056265
14,simd-v0,25,0.119323
14,393435,25,0.088866
14,ours-406478,25,0.056325
14,KACTL,25,1.065697
14,393435,26,0.089116
14,ours-406478,26,0.056355
14,KACTL,26,1.064645
14,simd-v0,26,0.119683
14,ours-406478,27,0.056225
14,KACTL,27,1.066348
14,simd-v0,27,0.129632
14,393435,27,0.088956
14,KACTL,28,1.051190
14,simd-v0,28,0.119292
14,393435,28,0.089086
14,ours-406478,28,0.056285
14,simd-v0,29,0.119142
14,393435,29,0.088505
14,ours-406478,29,0.056275
14,KACTL,29,1.067140
14,393435,30,0.089016
14,ours-406478,30,0.066875
14,KACTL,30,1.049216
14,simd-v0,30,0.119302
14,ours-406478,31,0.056275
14,KACTL,31,1.085594
14,simd-v0,31,0.119313
14,393435,31,0.089357
14,KACTL,32,1.049507
14,simd-v0,32,0.119172
14,393435,32,0.089146
14,ours-406478,32,0.056495
14,simd-v0,33,0.129601
14,393435,33,0.089267
14,ours-406478,33,0.056215
14,KACTL,33,1.064756
14,393435,34,0.088535
14,ours-406478,34,0.056325
14,KACTL,34,1.050969
14,simd-v0,34,0.119243
14,ours-406478,35,0.056335
14,KACTL,35,1.065887
14,simd-v0,35,0.122138
14,393435,35,0.089186
14,KACTL,36,1.059045
14,simd-v0,36,0.119192
14,393435,36,0.089627
14,ours-406478,36,0.056275
14,simd-v0,37,0.119283
14,393435,37,0.089096
14,ours-406478,37,0.056335
14,KACTL,37,1.065266
14,393435,38,0.088675
14,ours-406478,38,0.056385
14,KACTL,38,1.050038
14,simd-v0,38,0.129572
14,ours-406478,39,0.056405
14,KACTL,39,1.066278
14,simd-v0,39,0.119322
14,393435,39,0.089216
14,KACTL,40,1.049225
14,simd-v0,40,0.119302
14,393435,40,0.088886
14,ours-406478,40,0.056366
14,simd-v0,41,0.119232
14,393435,41,0.089457
14,ours-406478,41,0.066854
14,KACTL,41,1.064875
14,393435,42,0.089017
14,ours-406478,42,0.056295
14,KACTL,42,1.061359
14,simd-v0,42,0.119333
14,ours-406478,43,0.056385
14,KACTL,43,1.068392
14,simd-v0,43,0.119242
14,393435,43,0.088876
14,KACTL,44,1.049697
14,simd-v0,44,0.119343
14,393435,44,0.099485
14,ours-406478,44,0.056335
14,simd-v0,45,0.120064
14,393435,45,0.089017
14,ours-406478,45,0.056275
14,KACTL,45,1.066428
14,393435,46,0.088916
14,ours-406478,46,0.056315
14,KACTL,46,1.050078
14,simd-v0,46,0.119263
14,ours-406478,47,0.056294
14,KACTL,47,1.069684
14,simd-v0,47,0.129481
14,393435,47,0.089136
14,KACTL,48,1.050959
14,simd-v0,48,0.119403
14,393435,48,0.088705
14,ours-406478,48,0.056295
14,simd-v0,49,0.119433
14,393435,49,0.088966
14,ours-406478,49,0.056315
14,KACTL,49,1.067070
14,393435,50,0.088916
14,ours-406478,50,0.056345
14,KACTL,50,1.051921
14,simd-v0,50,0.119122
14,ours-406478,51,0.056145
14,KACTL,51,1.065666
14,simd-v0,51,0.119282
14,393435,51,0.089377
14,KACTL,52,1.048364
14,simd-v0,52,0.119232
14,393435,52,0.088895
14,ours-406478,52,0.056375
14,simd-v0,53,0.129612
14,393435,53,0.089026
14,ours-406478,53,0.056426
14,KACTL,53,1.076858
14,393435,54,0.088997
14,ours-406478,54,0.056205
14,KACTL,54,1.050369
14,simd-v0,54,0.119263
14,ours-406478,55,0.056316
14,KACTL,55,1.064184
14,simd-v0,55,0.119162
14,393435,55,0.099315
14,KACTL,56,1.048995
14,simd-v0,56,0.119433
14,393435,56,0.088966
14,ours-406478,56,0.056356
14,simd-v0,57,0.119222
14,393435,57,0.089347
14,ours-406478,57,0.056195
14,KACTL,57,1.065747
14,393435,58,0.091711
14,ours-406478,58,0.056325
14,KACTL,58,1.049567
14,simd-v0,58,0.129431
14,ours-406478,59,0.056345
14,KACTL,59,1.065607
14,simd-v0,59,0.120114
14,393435,59,0.090288
14,KACTL,60,1.050248
14,simd-v0,60,0.119312
14,393435,60,0.089116
14,ours-406478,60,0.056314
14,simd-v0,61,0.119433
14,393435,61,0.090819
14,ours-406478,61,0.066674
14,KACTL,61,1.064875
14,393435,62,0.089166
14,ours-406478,62,0.056285
14,KACTL,62,1.048746
14,simd-v0,62,0.119342
14,ours-406478,63,0.056305
14,KACTL,63,1.070656
14,simd-v0,63,0.119252
14,393435,63,0.089116
14,KACTL,64,1.049507
14,simd-v0,64,0.129321
14,393435,64,0.088635
14,ours-406478,64,0.056335
14,simd-v0,65,0.119292
14,393435,65,0.088425
14,ours-406478,65,0.056375
14,KACTL,65,1.068402
14,393435,66,0.089166
14,ours-406478,66,0.056255
14,KACTL,66,1.050108
14,simd-v0,66,0.119293
14,ours-406478,67,0.056365
14,KACTL,67,1.087928
14,simd-v0,67,0.119262
14,393435,67,0.088866
14,KACTL,68,1.050158
14,simd-v0,68,0.120074
14,393435,68,0.089176
14,ours-406478,68,0.056355
14,simd-v0,69,0.119303
14,393435,69,0.088986
14,ours-406478,69,0.056275
14,KACTL,69,1.065897
14,393435,70,0.099486
14,ours-406478,70,0.056335
14,KACTL,70,1.049336
14,simd-v0,70,0.119303
14,ours-406478,71,0.056155
14,KACTL,71,1.069964
14,simd-v0,71,0.131596
14,393435,71,0.105778
14,KACTL,72,1.056630
14,simd-v0,72,0.122539
14,393435,72,0.089267
14,ours-406478,72,0.067656
14,simd-v0,73,0.119162
14,393435,73,0.089015
14,ours-406478,73,0.056535
14,KACTL,73,1.069113
14,393435,74,0.089407
14,ours-406478,74,0.056315
14,KACTL,74,1.050208
14,simd-v0,74,0.119182
14,ours-406478,75,0.056204
14,KACTL,75,1.065837
14,simd-v0,75,0.129782
14,393435,75,0.089046
14,KACTL,76,1.051650
14,simd-v0,76,0.119352
14,393435,76,0.088956
14,ours-406478,76,0.056295
14,simd-v0,77,0.119212
14,393435,77,0.089607
14,ours-406478,77,0.056235
14,KACTL,77,1.069274
14,393435,78,0.090539
14,ours-406478,78,0.056245
14,KACTL,78,1.063493
14,simd-v0,78,0.119392
14,ours-406478,79,0.056345
14,KACTL,79,1.065136
14,simd-v0,79,0.119243
14,393435,79,0.088826
14,KACTL,80,1.054085
14,simd-v0,80,0.119082
14,393435,80,0.089166
14,ours-406478,80,0.056385
14,simd-v0,81,0.119092
14,393435,81,0.099665
14,ours-406478,81,0.056325
14,KACTL,81,1.065236
14,393435,82,0.089216
14,ours-406478,82,0.056275
14,KACTL,82,1.048725
14,simd-v0,82,0.121276
14,ours-406478,83,0.056395
14,KACTL,83,1.066619
14,simd-v0,83,0.119293
14,393435,83,0.089567
14,KACTL,84,1.048604
14,simd-v0,84,0.129382
14,393435,84,0.089116
14,ours-406478,84,0.056325
14,simd-v0,85,0.120054
14,393435,85,0.088916
14,ours-406478,85,0.056275
14,KACTL,85,1.066057
14,393435,86,0.089076
14,ours-406478,86,0.056225
14,KACTL,86,1.049998
14,simd-v0,86,0.119293
14,ours-406478,87,0.066635
14,KACTL,87,1.067801
14,simd-v0,87,0.119303
14,393435,87,0.089036
14,KACTL,88,1.049397
14,simd-v0,88,0.119353
14,393435,88,0.089006
14,ours-406478,88,0.056355
14,simd-v0,89,0.119302
14,393435,89,0.089136
14,ours-406478,89,0.056365
14,KACTL,89,1.079292
14,393435,90,0.089176
14,ours-406478,90,0.056285
14,KACTL,90,1.049737
14,simd-v0,90,0.119132
14,ours-406478,91,0.056355
14,KACTL,91,1.077239
14,simd-v0,91,0.119222
14,393435,91,0.089567
14,KACTL,92,1.051871
14,simd-v0,92,0.119323
14,393435,92,0.099546
14,ours-406478,92,0.056325
14,simd-v0,93,0.119353
14,393435,93,0.088886
14,ours-406478,93,0.057116
14,KACTL,93,1.068282
14,393435,94,0.089126
14,ours-406478,94,0.056315
14,KACTL,94,1.049647
14,simd-v0,94,0.119183
14,ours-406478,95,0.058900
14,KACTL,95,1.066869
14,simd-v0,95,0.129141
14,393435,95,0.089006
14,KACTL,96,1.049247
14,simd-v0,96,0.119342
14,393435,96,0.089167
14,ours-406478,96,0.056365
14,simd-v0,97,0.119272
14,393435,97,0.089035
14,ours-406478,97,0.056265
14,KACTL,97,1.066368
14,393435,98,0.089037
14,ours-406478,98,0.066835
14,KACTL,98,1.049427
14,simd-v0,98,0.119442
14,ours-406478,99,0.056345
14,KACTL,99,1.065817
14,simd-v0,99,0.119342
14,393435,99,0.089176
14,KACTL,100,1.050057
14,simd-v0,100,0.119312
14,393435,100,0.088525
14,ours-406478,100,0.056405
14,simd-v0,101,0.129912
14,393435,101,0.089317
14,ours-406478,101,0.056305
14,KACTL,101,1.065727
14,393435,102,0.089116
14,ours-406478,102,0.056405
14,KACTL,102,1.051070
14,simd-v0,102,0.119242
14,ours-406478,103,0.056325
14,KACTL,103,1.065195
14,simd-v0,103,0.119232
14,393435,103,0.089086
14,KACTL,104,1.048895
14,simd-v0,104,0.119342
14,393435,104,0.088906
14,ours-406478,104,0.056365
14,simd-v0,105,0.119342
14,393435,105,0.088906
14,ours-406478,105,0.056255
14,KACTL,105,1.066468
14,393435,106,0.089316
14,ours-406478,106,0.056336
14,KACTL,106,1.066488
14,simd-v0,106,0.119233
14,ours-406478,107,0.056224
14,KACTL,107,1.066488
14,simd-v0,107,0.119323
14,393435,107,0.089216
14,KACTL,108,1.051440
14,simd-v0,108,0.119112
14,393435,108,0.089036
14,ours-406478,108,0.056305
14,simd-v0,109,0.119362
14,393435,109,0.089186
14,ours-406478,109,0.056305
14,KACTL,109,1.078310
14,393435,110,0.088816
14,ours-406478,110,0.056315
14,KACTL,110,1.048935
14,simd-v0,110,0.119383
14,ours-406478,111,0.056275
14,KACTL,111,1.066418
14,simd-v0,111,0.119212
14,393435,111,0.089136
14,KACTL,112,1.050569
14,simd-v0,112,0.119232
14,393435,112,0.099415
14,ours-406478,112,0.056315
14,simd-v0,113,0.119372
14,393435,113,0.088786
14,ours-406478,113,0.056325
14,KACTL,113,1.067229
14,393435,114,0.088525
14,ours-406478,114,0.056335
14,KACTL,114,1.051080
14,simd-v0,114,0.119432
14,ours-406478,115,0.056395
14,KACTL,115,1.067309
14,simd-v0,115,0.138929
14,393435,115,0.089366
14,KACTL,116,1.049968
14,simd-v0,116,0.119343
14,393435,116,0.089407
14,ours-406478,116,0.056375
14,simd-v0,117,0.119263
14,393435,117,0.089005
14,ours-406478,117,0.056325
14,KACTL,117,1.065135
14,393435,118,0.088996
14,ours-406478,118,0.066604
14,KACTL,118,1.056079
14,simd-v0,118,0.121827
14,ours-406478,119,0.056465
14,KACTL,119,1.066468
14,simd-v0,119,0.119323
14,393435,119,0.088926
14,KACTL,120,1.049366
14,simd-v0,120,0.119343
14,393435,120,0.088885
14,ours-406478,120,0.056335
14,simd-v0,121,0.129422
14,393435,121,0.089196
14,ours-406478,121,0.056134
14,KACTL,121,1.065977
14,393435,122,0.088855
14,ours-406478,122,0.056265
14,KACTL,122,1.050178
14,simd-v0,122,0.119142
14,ours-406478,123,0.056376
14,KACTL,123,1.067971
14,simd-v0,123,0.119293
14,393435,123,0.089077
14,KACTL,124,1.060466
14,simd-v0,124,0.119252
14,393435,124,0.089026
14,ours-406478,124,0.056265
14,simd-v0,125,0.119212
14,393435,125,0.088785
14,ours-406478,125,0.056265
14,KACTL,125,1.064935
14,393435,126,0.088915
14,ours-406478,126,0.056355
14,KACTL,126,1.049447
14,simd-v0,126,0.129592
14,ours-406478,127,0.056366
14,KACTL,127,1.066799
14,simd-v0,127,0.119313
14,393435,127,0.089086
14,KACTL,128,1.048835
14,simd-v0,128,0.119252
14,393435,128,0.089086
14,ours-406478,128,0.056275
14,simd-v0,129,0.119312
14,393435,129,0.089086
14,ours-406478,129,0.066975
14,KACTL,129,1.065236
14,393435,130,0.089427
14,ours-406478,130,0.056425
14,KACTL,130,1.049536
14,simd-v0,130,0.119413
14,ours-406478,131,0.056325
14,KACTL,131,1.065757
14,simd-v0,131,0.119302
14,393435,131,0.089077
14,KACTL,132,1.051269
14,simd-v0,132,0.119373
14,393435,132,0.099676
14,ours-406478,132,0.056325
14,simd-v0,133,0.119222
14,393435,133,0.088966
14,ours-406478,133,0.056255
14,KACTL,133,1.066147
14,393435,134,0.088886
14,ours-406478,134,0.056265
14,KACTL,134,1.049697
14,simd-v0,134,0.119172
14,ours-406478,135,0.056355
14,KACTL,135,1.070586
14,simd-v0,135,0.129461
14,393435,135,0.089016
14,KACTL,136,1.049065
14,simd-v0,136,0.119282
14,393435,136,0.089016
14,ours-406478,136,0.056385
14,simd-v0,137,0.119282
14,393435,137,0.089036
14,ours-406478,137,0.056336
14,KACTL,137,1.065506
14,393435,138,0.089657
14,ours-406478,138,0.066614
14,KACTL,138,1.051180
14,simd-v0,138,0.119323
14,ours-406478,139,0.056316
14,KACTL,139,1.068442
14,simd-v0,139,0.119253
14,393435,139,0.088845
14,KACTL,140,1.060918
14,simd-v0,140,0.119352
14,393435,140,0.089066
14,ours-406478,140,0.056295
14,simd-v0,141,0.130193
14,393435,141,0.089035
14,ours-406478,141,0.056345
14,KACTL,141,1.065436
14,393435,142,0.089086
14,ours-406478,142,0.056195
14,KACTL,142,1.050639
14,simd-v0,142,0.119353
14,ours-406478,143,0.056335
14,KACTL,143,1.066939
14,simd-v0,143,0.119312
14,393435,143,0.099255
14,KACTL,144,1.050308
14,simd-v0,144,0.119243
14,393435,144,0.089016
14,ours-406478,144,0.056325
14,simd-v0,145,0.119392
14,393435,145,0.089036
14,ours-406478,145,0.056315
14,KACTL,145,1.065166
14,393435,146,0.089326
14,ours-406478,146,0.057006
14,KACTL,146,1.052232
14,simd-v0,146,0.129893
14,ours-406478,147,0.056325
14,KACTL,147,1.066519
14,simd-v0,147,0.119312
14,393435,147,0.089106
14,KACTL,148,1.051420
14,simd-v0,148,0.119332
14,393435,148,0.088946
14,ours-406478,148,0.056405
14,simd-v0,149,0.119182
14,393435,149,0.088454
14,ours-406478,149,0.066864
14,KACTL,149,1.065597
14,393435,150,0.089016
14,ours-406478,150,0.056365
14,KACTL,150,1.049316
14,simd-v0,150,0.119262
14,ours-406478,151,0.057096
14,KACTL,151,1.065837
14,simd-v0,151,0.135844
14,393435,151,0.112069
14,KACTL,152,1.094480
14,simd-v0,152,0.170958
14,393435,152,0.113943
14,ours-406478,152,0.073918
14,simd-v0,153,0.122067
14,393435,153,0.089587
14,ours-406478,153,0.056375
14,KACTL,153,1.089251
14,393435,154,0.092713
14,ours-406478,154,0.056335
14,KACTL,154,1.049617
14,simd-v0,154,0.129652
14,ours-406478,155,0.056305
14,KACTL,155,1.065176
14,simd-v0,155,0.119313
14,393435,155,0.089477
14,KACTL,156,1.050037
14,simd-v0,156,0.119322
14,393435,156,0.089637
14,ours-406478,156,0.056195
14,simd-v0,157,0.119092
14,393435,157,0.099777
14,ours-406478,157,0.056365
14,KACTL,157,1.065706
14,393435,158,0.088765
14,ours-406478,158,0.056255
14,KACTL,158,1.049928
14,simd-v0,158,0.119353
14,ours-406478,159,0.056315
14,KACTL,159,1.067700
14,simd-v0,159,0.119312
14,393435,159,0.089176
14,KACTL,160,1.049557
14,simd-v0,160,0.129572
14,393435,160,0.088996
14,ours-406478,160,0.056285
14,simd-v0,161,0.119483
14,393435,161,0.089167
14,ours-406478,161,0.056265
14,KACTL,161,1.068152
14,393435,162,0.089117
14,ours-406478,162,0.056355
14,KACTL,162,1.049296
14,simd-v0,162,0.119352
14,ours-406478,163,0.056225
14,KACTL,163,1.076687
14,simd-v0,163,0.119212
14,393435,163,0.089167
14,KACTL,164,1.061609
14,simd-v0,164,0.119302
14,393435,164,0.088936
14,ours-406478,164,0.056405
14,simd-v0,165,0.119243
14,393435,165,0.088936
14,ours-406478,165,0.056314
14,KACTL,165,1.067340
14,393435,166,0.099366
14,ours-406478,166,0.056295
14,KACTL,166,1.049337
14,simd-v0,166,0.119342
14,ours-406478,167,0.056395
14,KACTL,167,1.066949
14,simd-v0,167,0.119303
14,393435,167,0.089126
14,KACTL,168,1.049486
14,simd-v0,168,0.121897
14,393435,168,0.089427
14,ours-406478,168,0.066714
14,simd-v0,169,0.119363
14,393435,169,0.089197
14,ours-406478,169,0.056325
14,KACTL,169,1.065606
14,393435,170,0.089336
14,ours-406478,170,0.056285
14,KACTL,170,1.049897
14,simd-v0,170,0.119362
14,ours-406478,171,0.056345
14,KACTL,171,1.065096
14,simd-v0,171,0.119362
14,393435,171,0.105497
14,KACTL,172,1.048725
14,simd-v0,172,0.119312
14,393435,172,0.088856
14,ours-406478,172,0.056416
14,simd-v0,173,0.119242
14,393435,173,0.088985
14,ours-406478,173,0.056165
14,KACTL,173,1.066158
14,393435,174,0.089046
14,ours-406478,174,0.056425
14,KACTL,174,1.049096
14,simd-v0,174,0.129542
14,ours-406478,175,0.056365
14,KACTL,175,1.065115
14,simd-v0,175,0.119243
14,393435,175,0.089206
14,KACTL,176,1.052463
14,simd-v0,176,0.119243
14,393435,176,0.089637
14,ours-406478,176,0.056325
14,simd-v0,177,0.119232
14,393435,177,0.099235
14,ours-406478,177,0.056416
14,KACTL,177,1.077890
14,393435,178,0.089246
14,ours-406478,178,0.056265
14,KACTL,178,1.049417
14,simd-v0,178,0.119193
14,ours-406478,179,0.056285
14,KACTL,179,1.065487
14,simd-v0,179,0.119312
14,393435,179,0.089827
14,KACTL,180,1.049576
14,simd-v0,180,0.129551
14,393435,180,0.089167
14,ours-406478,180,0.056285
14,simd-v0,181,0.119233
14,393435,181,0.088906
14,ours-406478,181,0.056234
14,KACTL,181,1.065737
14,393435,182,0.089196
14,ours-406478,182,0.056355
14,KACTL,182,1.049457
14,simd-v0,182,0.119793
14,ours-406478,183,0.056285
14,KACTL,183,1.078691
14,simd-v0,183,0.119323
14,393435,183,0.089066
14,KACTL,184,1.050999
14,simd-v0,184,0.119343
14,393435,184,0.089066
14,ours-406478,184,0.056305
14,simd-v0,185,0.119293
14,393435,185,0.089137
14,ours-406478,185,0.058299
14,KACTL,185,1.065837
14,393435,186,0.099365
14,ours-406478,186,0.056195
14,KACTL,186,1.051220
14,simd-v0,186,0.119222
14,ours-406478,187,0.056345
14,KACTL,187,1.065406
14,simd-v0,187,0.119282
14,393435,187,0.089126
14,KACTL,188,1.050799
14,simd-v0,188,0.119273
14,393435,188,0.089146
14,ours-406478,188,0.078015
14,simd-v0,189,0.119302
14,393435,189,0.089156
14,ours-406478,189,0.056205
14,KACTL,189,1.068582
14,393435,190,0.089107
14,ours-406478,190,0.056315
14,KACTL,190,1.051601
14,simd-v0,190,0.119263
14,ours-406478,191,0.056284
14,KACTL,191,1.068402
14,simd-v0,191,0.129782
14,393435,191,0.089347
14,KACTL,192,1.049296
14,simd-v0,192,0.119192
14,393435,192,0.089196
14,ours-406478,192,0.056274
14,simd-v0,193,0.119392
14,393435,193,0.089136
14,ours-406478,193,0.056235
14,KACTL,193,1.070946
14,393435,194,0.089246
14,ours-406478,194,0.056315
14,KACTL,194,1.092276
14,simd-v0,194,0.119884
14,ours-406478,195,0.056475
14,KACTL,195,1.096274
14,simd-v0,195,0.119372
14,393435,195,0.089206
14,KACTL,196,1.060938
14,simd-v0,196,0.119303
14,393435,196,0.089427
14,ours-406478,196,0.056505
14,simd-v0,197,0.130073
14,393435,197,0.089136
14,ours-406478,197,0.056305
14,KACTL,197,1.067620
14,393435,198,0.089126
14,ours-406478,198,0.056385
14,KACTL,198,1.052903
14,simd-v0,198,0.120114
14,ours-406478,199,0.056244
14,KACTL,199,1.069915
14,simd-v0,199,0.119613
14,393435,199,0.099125
14,KACTL,200,1.051089
14,simd-v0,200,0.119343
14,393435,200,0.089006
14,ours-406478,200,0.056395
14,simd-v0,201,0.119262
14,393435,201,0.089226
14,ours-406478,201,0.056335
14,KACTL,201,1.067430
14,393435,202,0.089026
14,ours-406478,202,0.056426
14,KACTL,202,1.049537
14,simd-v0,202,0.129692
14,ours-406478,203,0.056295
14,KACTL,203,1.065878
14,simd-v0,203,0.119242
14,393435,203,0.088745
14,KACTL,204,1.049827
14,simd-v0,204,0.119242
14,393435,204,0.089898
14,ours-406478,204,0.056436
14,simd-v0,205,0.119453
14,393435,205,0.088826
14,ours-406478,205,0.066634
14,KACTL,205,1.068963
14,393435,206,0.088925
14,ours-406478,206,0.056295
14,KACTL,206,1.050098
14,simd-v0,206,0.119183
14,ours-406478,207,0.056215
14,KACTL,207,1.065888
14,simd-v0,207,0.120064
14,393435,207,0.089196
14,KACTL,208,1.049957
14,simd-v0,208,0.119312
14,393435,208,0.088966
14,ours-406478,208,0.056315
14,simd-v0,209,0.120124
14,393435,209,0.089407
14,ours-406478,209,0.056254
14,KACTL,209,1.067390
14,393435,210,0.088906
14,ours-406478,210,0.056396
14,KACTL,210,1.049326
14,simd-v0,210,0.120113
14,ours-406478,211,0.056416
14,KACTL,211,1.065276
14,simd-v0,211,0.119313
14,393435,211,0.088956
14,KACTL,212,1.049387
14,simd-v0,212,0.119212
14,393435,212,0.088936
14,ours-406478,212,0.056305
14,simd-v0,213,0.119232
14,393435,213,0.088855
14,ours-406478,213,0.058910
14,KACTL,213,1.066489
14,393435,214,0.099104
14,ours-406478,214,0.056295
14,KACTL,214,1.050068
14,simd-v0,214,0.119302
14,ours-406478,215,0.056376
14,KACTL,215,1.084301
14,simd-v0,215,0.119192
14,393435,215,0.089236
14,KACTL,216,1.049506
14,simd-v0,216,0.119342
14,393435,216,0.089286
14,ours-406478,216,0.056616
14,simd-v0,217,0.129672
14,393435,217,0.089336
14,ours-406478,217,0.056295
14,KACTL,217,1.065617
14,393435,218,0.088946
14,ours-406478,218,0.056325
14,KACTL,218,1.050128
14,simd-v0,218,0.119312
14,ours-406478,219,0.056385
14,KACTL,219,1.077689
14,simd-v0,219,0.119383
14,393435,219,0.099836
14,KACTL,220,1.052472
14,simd-v0,220,0.119303
14,393435,220,0.088675
14,ours-406478,220,0.056315
14,simd-v0,221,0.119192
14,393435,221,0.088926
14,ours-406478,221,0.056325
14,KACTL,221,1.067179
14,393435,222,0.088876
14,ours-406478,222,0.056405
14,KACTL,222,1.056029
14,simd-v0,222,0.129491
14,ours-406478,223,0.056185
14,KACTL,223,1.065546
14,simd-v0,223,0.119302
14,393435,223,0.089036
14,KACTL,224,1.049547
14,simd-v0,224,0.119293
14,393435,224,0.089055
14,ours-406478,224,0.056295
14,simd-v0,225,0.119203
14,393435,225,0.099515
14,ours-406478,225,0.056325
14,KACTL,225,1.066758
14,393435,226,0.089507
14,ours-406478,226,0.056366
14,KACTL,226,1.049166
14,simd-v0,226,0.119382
14,ours-406478,227,0.056385
14,KACTL,227,1.066158
14,simd-v0,227,0.119363
14,393435,227,0.092203
14,KACTL,228,1.047914
14,simd-v0,228,0.129752
14,393435,228,0.089326
14,ours-406478,228,0.056315
14,simd-v0,229,0.119253
14,393435,229,0.088666
14,ours-406478,229,0.056365
14,KACTL,229,1.066128
14,393435,230,0.089337
14,ours-406478,230,0.056305
14,KACTL,230,1.050198
14,simd-v0,230,0.119312
14,ours-406478,231,0.056456
14,KACTL,231,1.075204
14,simd-v0,231,0.119263
14,393435,231,0.089196
14,KACTL,232,1.048675
14,simd-v0,232,0.119222
14,393435,232,0.088595
14,ours-406478,232,0.056294
14,simd-v0,233,0.119373
14,393435,233,0.088775
14,ours-406478,233,0.056335
14,KACTL,233,1.068613
14,393435,234,0.099335
14,ours-406478,234,0.056325
14,KACTL,234,1.049797
14,simd-v0,234,0.119363
14,ours-406478,235,0.056345
14,KACTL,235,1.084282
14,simd-v0,235,0.119313
14,393435,235,0.089347
14,KACTL,236,1.051641
14,simd-v0,236,0.119343
14,393435,236,0.089006
14,ours-406478,236,0.067345
14,simd-v0,237,0.119192
14,393435,237,0.089357
14,ours-406478,237,0.056335
14,KACTL,237,1.067641
14,393435,238,0.089006
14,ours-406478,238,0.056385
14,KACTL,238,1.049567
14,simd-v0,238,0.120094
14,ours-406478,239,0.056405
14,KACTL,239,1.065277
14,simd-v0,239,0.119322
14,393435,239,0.099515
14,KACTL,240,1.049446
14,simd-v0,240,0.119232
14,393435,240,0.089016
14,ours-406478,240,0.056325
14,simd-v0,241,0.119282
14,393435,241,0.088495
14,ours-406478,241,0.056235
14,KACTL,241,1.067040
14,393435,242,0.088555
14,ours-406478,242,0.056355
14,KACTL,242,1.061459
14,simd-v0,242,0.119402
14,ours-406478,243,0.056315
14,KACTL,243,1.078331
14,simd-v0,243,0.119263
14,393435,243,0.089106
14,KACTL,244,1.050679
14,simd-v0,244,0.119202
14,393435,244,0.089857
14,ours-406478,244,0.056395
14,simd-v0,245,0.119262
14,393435,245,0.099706
14,ours-406478,245,0.056294
14,KACTL,245,1.066148
14,393435,246,0.089888
14,ours-406478,246,0.056315
14,KACTL,246,1.050409
14,simd-v0,246,0.119223
14,ours-406478,247,0.056205
14,KACTL,247,1.065587
14,simd-v0,247,0.119182
14,393435,247,0.089096
14,KACTL,248,1.054536
14,simd-v0,248,0.129851
14,393435,248,0.089346
14,ours-406478,248,0.056405
14,simd-v0,249,0.119413
14,393435,249,0.088966
14,ours-406478,249,0.056305
14,KACTL,249,1.066087
14,393435,250,0.089327
14,ours-406478,250,0.056305
14,KACTL,250,1.051159
14,simd-v0,250,0.119383
14,ours-406478,251,0.066824
14,KACTL,251,1.066458
14,simd-v0,251,0.119282
14,393435,251,0.088986
14,KACTL,252,1.049606
14,simd-v0,252,0.119312
14,393435,252,0.089036
14,ours-406478,252,0.056345
14,simd-v0,253,0.119192
14,393435,253,0.088535
14,ours-406478,253,0.056295
14,KACTL,253,1.075625
14,393435,254,0.089567
14,ours-406478,254,0.056255
14,KACTL,254,1.049707
14,simd-v0,254,0.119202
14,ours-406478,255,0.056325
14,KACTL,255,1.066439
14,simd-v0,255,0.119402
14,393435,255,0.089287
14,KACTL,256,1.049626
14,simd-v0,256,0.119262
14,393435,256,0.089117
14,ours-406478,256,0.066784
14,simd-v0,257,0.119152
14,393435,257,0.089156
14,ours-406478,257,0.056305
14,KACTL,257,1.090985
14,393435,258,0.088985
14,ours-406478,258,0.056405
14,KACTL,258,1.066448
14,simd-v0,258,0.119263
14,ours-406478,259,0.056315
14,KACTL,259,1.060177
14,simd-v0,259,0.129221
14,393435,259,0.089176
14,KACTL,260,1.067129
14,simd-v0,260,0.119172
14,393435,260,0.089057
14,ours-406478,260,0.057376
14,simd-v0,261,0.119252
14,393435,261,0.089146
14,ours-406478,261,0.056335
14,KACTL,261,1.059455
14,393435,262,0.089266
14,ours-406478,262,0.066835
14,KACTL,262,1.067681
14,simd-v0,262,0.119503
14,ours-406478,263,0.056345
14,KACTL,263,1.059816
14,simd-v0,263,0.119262
14,393435,263,0.089387
14,KACTL,264,1.067901
14,simd-v0,264,0.119252
14,393435,264,0.091911
14,ours-406478,264,0.056355
14,simd-v0,265,0.129872
14,393435,265,0.089136
14,ours-406478,265,0.056355
14,KACTL,265,1.059796
14,393435,266,0.089116
14,ours-406478,266,0.056305
14,KACTL,266,1.067671
14,simd-v0,266,0.119302
14,ours-406478,267,0.056416
14,KACTL,267,1.058724
14,simd-v0,267,0.119252
14,393435,267,0.109885
14,KACTL,268,1.068241
14,simd-v0,268,0.119362
14,393435,268,0.089116
14,ours-406478,268,0.056265
14,simd-v0,269,0.120074
14,393435,269,0.089197
14,ours-406478,269,0.056305
14,KACTL,269,1.059565
14,393435,270,0.089416
14,ours-406478,270,0.056225
14,KACTL,270,1.066368
14,simd-v0,270,0.129461
14,ours-406478,271,0.056325
14,KACTL,271,1.058744
14,simd-v0,271,0.119332
14,393435,271,0.088996
14,KACTL,272,1.070266
14,simd-v0,272,0.119242
14,393435,272,0.089116
14,ours-406478,272,0.056265
14,simd-v0,273,0.120194
14,393435,273,0.099175
14,ours-406478,273,0.060513
14,KACTL,273,1.069875
14,393435,274,0.089296
14,ours-406478,274,0.056465
14,KACTL,274,1.068231
14,simd-v0,274,0.119372
14,ours-406478,275,0.056335
14,KACTL,275,1.060197
14,simd-v0,275,0.119372
14,393435,275,0.090097
14,KACTL,276,1.068593
14,simd-v0,276,0.129521
14,393435,276,0.088925
14,ours-406478,276,0.056275
14,simd-v0,277,0.119222
14,393435,277,0.089247
14,ours-406478,277,0.056225
14,KACTL,277,1.062080
14,393435,278,0.089347
14,ours-406478,278,0.056325
14,KACTL,278,1.067651
14,simd-v0,278,0.119383
14,ours-406478,279,0.066463
14,KACTL,279,1.062831
14,simd-v0,279,0.119423
14,393435,279,0.089176
14,KACTL,280,1.067761
14,simd-v0,280,0.119313
14,393435,280,0.089147
14,ours-406478,280,0.056215
14,simd-v0,281,0.119974
14,393435,281,0.089017
14,ours-406478,281,0.056315
14,KACTL,281,1.068061
14,393435,282,0.089036
14,ours-406478,282,0.056265
14,KACTL,282,1.071848
14,simd-v0,282,0.119142
14,ours-406478,283,0.056276
14,KACTL,283,1.060637
14,simd-v0,283,0.119303
14,393435,283,0.089157
14,KACTL,284,1.067520
14,simd-v0,284,0.119262
14,393435,284,0.099756
14,ours-406478,284,0.056425
14,simd-v0,285,0.119403
14,393435,285,0.089177
14,ours-406478,285,0.056265
14,KACTL,285,1.060368
14,393435,286,0.089327
14,ours-406478,286,0.056355
14,KACTL,286,1.066178
14,simd-v0,286,0.119343
14,ours-406478,287,0.059401
14,KACTL,287,1.059936
14,simd-v0,287,0.129501
14,393435,287,0.089277
14,KACTL,288,1.067941
14,simd-v0,288,0.119422
14,393435,288,0.089376
14,ours-406478,288,0.056195
14,simd-v0,289,0.119282
14,393435,289,0.088915
14,ours-406478,289,0.056275
14,KACTL,289,1.060598
14,393435,290,0.089437
14,ours-406478,290,0.087583
14,KACTL,290,1.068111
14,simd-v0,290,0.119373
14,ours-406478,291,0.056275
14,KACTL,291,1.060587
14,simd-v0,291,0.119262
14,393435,291,0.089427
14,KACTL,292,1.068261
14,simd-v0,292,0.119313
14,393435,292,0.089457
14,ours-406478,292,0.056455
14,simd-v0,293,0.129462
14,393435,293,0.089057
14,ours-406478,293,0.056335
14,KACTL,293,1.059616
14,393435,294,0.089206
14,ours-406478,294,0.056315
14,KACTL,294,1.072269
14,simd-v0,294,0.119202
14,ours-406478,295,0.056274
14,KACTL,295,1.058042
14,simd-v0,295,0.120054
14,393435,295,0.100096
14,KACTL,296,1.068101
14,simd-v0,296,0.119162
14,393435,296,0.088876
14,ours-406478,296,0.056365
14,simd-v0,297,0.119242
14,393435,297,0.088997
14,ours-406478,297,0.056335
14,KACTL,297,1.059335
14,393435,298,0.089517
14,ours-406478,298,0.056275
14,KACTL,298,1.077148
14,simd-v0,298,0.119433
14,ours-406478,299,0.056475
14,KACTL,299,1.060557
14,simd-v0,299,0.119283
14,393435,299,0.088986
14,KACTL,300,1.067530
14,simd-v0,300,0.119362
14,393435,300,0.089307
14,ours-406478,300,0.056345
14,simd-v0,301,0.119213
14,393435,301,0.099406
14,ours-406478,301,0.056325
14,KACTL,301,1.060167
14,393435,302,0.088545
14,ours-406478,302,0.056314
14,KACTL,302,1.069373
14,simd-v0,302,0.119243
14,ours-406478,303,0.056415
14,KACTL,303,1.060016
14,simd-v0,303,0.119473
14,393435,303,0.089717
14,KACTL,304,1.070757
14,simd-v0,304,0.129461
14,393435,304,0.089246
14,ours-406478,304,0.056305
14,simd-v0,305,0.119273
14,393435,305,0.089316
14,ours-406478,305,0.056215
14,KACTL,305,1.060177
14,393435,306,0.089407
14,ours-406478,306,0.056315
14,KACTL,306,1.066668
14,simd-v0,306,0.119423
14,ours-406478,307,0.066795
14,KACTL,307,1.059004
14,simd-v0,307,0.119312
14,393435,307,0.089015
14,KACTL,308,1.067260
14,simd-v0,308,0.119273
14,393435,308,0.088676
14,ours-406478,308,0.056355
14,simd-v0,309,0.119232
14,393435,309,0.091391
14,ours-406478,309,0.056335
14,KACTL,309,1.067039
14,393435,310,0.089376
14,ours-406478,310,0.056245
14,KACTL,310,1.072380
14,simd-v0,310,0.119363
14,ours-406478,311,0.056355
14,KACTL,311,1.061349
14,simd-v0,311,0.119282
14,393435,311,0.088755
14,KACTL,312,1.069223
14,simd-v0,312,0.120124
14,393435,312,0.098965
14,ours-406478,312,0.056275
14,simd-v0,313,0.119292
14,393435,313,0.088885
14,ours-406478,313,0.056124
14,KACTL,313,1.058894
14,393435,314,0.088936
14,ours-406478,314,0.056365
14,KACTL,314,1.068823
14,simd-v0,314,0.119262
14,ours-406478,315,0.056355
14,KACTL,315,1.060076
14,simd-v0,315,0.140142
14,393435,315,0.089157
14,KACTL,316,1.070035
14,simd-v0,316,0.119393
14,393435,316,0.088695
14,ours-406478,316,0.056355
14,simd-v0,317,0.119302
14,393435,317,0.088856
14,ours-406478,317,0.056145
14,KACTL,317,1.059285
14,393435,318,0.088936
14,ours-406478,318,0.056215
14,KACTL,318,1.081917
14,simd-v0,318,0.119323
14,ours-406478,319,0.056435
14,KACTL,319,1.059636
14,simd-v0,319,0.119322
14,393435,319,0.089256
14,KACTL,320,1.066959
14,simd-v0,320,0.119143
14,393435,320,0.089146
14,ours-406478,320,0.056345
14,simd-v0,321,0.129441
14,393435,321,0.088495
14,ours-406478,321,0.056315
14,KACTL,321,1.059826
14,393435,322,0.089206
14,ours-406478,322,0.056275
14,KACTL,322,1.068352
14,simd-v0,322,0.119342
14,ours-406478,323,0.056335
14,KACTL,323,1.058132
14,simd-v0,323,0.122017
14,393435,323,0.099315
14,KACTL,324,1.068392
14,simd-v0,324,0.119192
14,393435,324,0.088916
14,ours-406478,324,0.056265
14,simd-v0,325,0.119212
14,393435,325,0.089116
14,ours-406478,325,0.056415
14,KACTL,325,1.084592
14,393435,326,0.089296
14,ours-406478,326,0.056665
14,KACTL,326,1.081215
14,simd-v0,326,0.119593
14,ours-406478,327,0.056314
14,KACTL,327,1.058994
14,simd-v0,327,0.119302
14,393435,327,0.089567
14,KACTL,328,1.068041
14,simd-v0,328,0.119302
14,393435,328,0.089136
14,ours-406478,328,0.056366
14,simd-v0,329,0.130894
14,393435,329,0.089017
14,ours-406478,329,0.056385
14,KACTL,329,1.060427
14,393435,330,0.089066
14,ours-406478,330,0.056335
14,KACTL,330,1.066980
14,simd-v0,330,0.119202
14,ours-406478,331,0.056365
14,KACTL,331,1.060927
14,simd-v0,331,0.119253
14,393435,331,0.089167
14,KACTL,332,1.076206
14,simd-v0,332,0.119283
14,393435,332,0.089427
14,ours-406478,332,0.056335
14,simd-v0,333,0.119262
14,393435,333,0.088936
14,ours-406478,333,0.056245
14,KACTL,333,1.060237
14,393435,334,0.090148
14,ours-406478,334,0.056295
14,KACTL,334,1.068302
14,simd-v0,334,0.129481
14,ours-406478,335,0.056396
14,KACTL,335,1.058894
14,simd-v0,335,0.119392
14,393435,335,0.089016
14,KACTL,336,1.068282
14,simd-v0,336,0.119222
14,393435,336,0.088685
14,ours-406478,336,0.056275
14,simd-v0,337,0.119413
14,393435,337,0.089157
14,ours-406478,337,0.066665
14,KACTL,337,1.057762
14,393435,338,0.089057
14,ours-406478,338,0.056425
14,KACTL,338,1.070766
14,simd-v0,338,0.119803
14,ours-406478,339,0.062717
14,KACTL,339,1.060217
14,simd-v0,339,0.119373
14,393435,339,0.089778
14,KACTL,340,1.080554
14,simd-v0,340,0.130273
14,393435,340,0.088856
14,ours-406478,340,0.056355
14,simd-v0,341,0.119102
14,393435,341,0.089096
14,ours-406478,341,0.056365
14,KACTL,341,1.060597
14,393435,342,0.089287
14,ours-406478,342,0.056305
14,KACTL,342,1.066999
14,simd-v0,342,0.119423
14,ours-406478,343,0.056245
14,KACTL,343,1.067650
14,simd-v0,343,0.119343
14,393435,343,0.089437
14,KACTL,344,1.068091
14,simd-v0,344,0.119392
14,393435,344,0.089055
14,ours-406478,344,0.056265
14,simd-v0,345,0.119173
14,393435,345,0.089176
14,ours-406478,345,0.056175
14,KACTL,345,1.061058
14,393435,346,0.099385
14,ours-406478,346,0.056215
14,KACTL,346,1.068201
14,simd-v0,346,0.119433
14,ours-406478,347,0.056315
14,KACTL,347,1.059115
14,simd-v0,347,0.119292
14,393435,347,0.089147
14,KACTL,348,1.066668
14,simd-v0,348,0.119423
14,393435,348,0.089046
14,ours-406478,348,0.066945
14,simd-v0,349,0.119272
14,393435,349,0.088866
14,ours-406478,349,0.056235
14,KACTL,349,1.058734
14,393435,350,0.089386
14,ours-406478,350,0.056285
14,KACTL,350,1.068251
14,simd-v0,350,0.119423
14,ours-406478,351,0.056225
14,KACTL,351,1.059355
14,simd-v0,351,0.119383
14,393435,351,0.099346
14,KACTL,352,1.067410
14,simd-v0,352,0.119353
14,393435,352,0.089086
14,ours-406478,352,0.056265
14,simd-v0,353,0.119183
14,393435,353,0.089196
14,ours-406478,353,0.056225
14,KACTL,353,1.060728
14,393435,354,0.088895
14,ours-406478,354,0.056315
14,KACTL,354,1.075345
14,simd-v0,354,0.119382
14,ours-406478,355,0.056345
14,KACTL,355,1.061198
14,simd-v0,355,0.119332
14,393435,355,0.089297
14,KACTL,356,1.069524
14,simd-v0,356,0.119393
14,393435,356,0.089237
14,ours-406478,356,0.056295
14,simd-v0,357,0.119302
14,393435,357,0.099415
14,ours-406478,357,0.056255
14,KACTL,357,1.059305
14,393435,358,0.089517
14,ours-406478,358,0.056305
14,KACTL,358,1.068101
14,simd-v0,358,0.119373
14,ours-406478,359,0.056475
14,KACTL,359,1.059575
14,simd-v0,359,0.119312
14,393435,359,0.089216
14,KACTL,360,1.079623
14,simd-v0,360,0.119343
14,393435,360,0.089055
14,ours-406478,360,0.056396
14,simd-v0,361,0.119383
14,393435,361,0.089016
14,ours-406478,361,0.056305
14,KACTL,361,1.059195
14,393435,362,0.089186
14,ours-406478,362,0.056195
14,KACTL,362,1.068632
14,simd-v0,362,0.119373
14,ours-406478,363,0.056265
14,KACTL,363,1.059174
14,simd-v0,363,0.119292
14,393435,363,0.088675
14,KACTL,364,1.078281
14,simd-v0,364,0.119212
14,393435,364,0.089046
14,ours-406478,364,0.056406
14,simd-v0,365,0.119212
14,393435,365,0.089026
14,ours-406478,365,0.067265
14,KACTL,365,1.058363
14,393435,366,0.089076
14,ours-406478,366,0.056315
14,KACTL,366,1.067310
14,simd-v0,366,0.119242
14,ours-406478,367,0.056315
14,KACTL,367,1.060367
14,simd-v0,367,0.119313
14,393435,367,0.089056
14,KACTL,368,1.069484
14,simd-v0,368,0.119322
14,393435,368,0.089126
14,ours-406478,368,0.056385
14,simd-v0,369,0.119353
14,393435,369,0.088956
14,ours-406478,369,0.056375
14,KACTL,369,1.059345
14,393435,370,0.088775
14,ours-406478,370,0.056366
14,KACTL,370,1.069193
14,simd-v0,370,0.119392
14,ours-406478,371,0.056345
14,KACTL,371,1.059014
14,simd-v0,371,0.119393
14,393435,371,0.088926
14,KACTL,372,1.070316
14,simd-v0,372,0.119252
14,393435,372,0.089216
14,ours-406478,372,0.056255
14,simd-v0,373,0.119243
14,393435,373,0.088966
14,ours-406478,373,0.056255
14,KACTL,373,1.059085
14,393435,374,0.099174
14,ours-406478,374,0.056264
14,KACTL,374,1.067600
14,simd-v0,374,0.119363
14,ours-406478,375,0.056315
14,KACTL,375,1.062271
14,simd-v0,375,0.119283
14,393435,375,0.089276
14,KACTL,376,1.068642
14,simd-v0,376,0.119302
14,393435,376,0.089056
14,ours-406478,376,0.066754
14,simd-v0,377,0.120094
14,393435,377,0.088846
14,ours-406478,377,0.056406
14,KACTL,377,1.059415
14,393435,378,0.089076
14,ours-406478,378,0.056606
14,KACTL,378,1.079512
14,simd-v0,378,0.120014
14,ours-406478,379,0.056495
14,KACTL,379,1.060317
14,simd-v0,379,0.119383
14,393435,379,0.099766
14,KACTL,380,1.067881
14,simd-v0,380,0.119333
14,393435,380,0.089076
14,ours-406478,380,0.056305
14,simd-v0,381,0.123119
14,393435,381,0.089096
14,ours-406478,381,0.057046
14,KACTL,381,1.059135
14,393435,382,0.089016
14,ours-406478,382,0.056395
14,KACTL,382,1.079142
14,simd-v0,382,0.119353
14,ours-406478,383,0.056325
14,KACTL,383,1.058684
14,simd-v0,383,0.119263
14,393435,383,0.088896
14,KACTL,384,1.084673
14,simd-v0,384,0.119383
14,393435,384,0.089046
14,ours-406478,384,0.056475
14,simd-v0,385,0.131255
14,393435,385,0.088665
14,ours-406478,385,0.056335
14,KACTL,385,1.059776
14,393435,386,0.088936
14,ours-406478,386,0.056375
14,KACTL,386,1.069143
14,simd-v0,386,0.119273
14,ours-406478,387,0.056275
14,KACTL,387,1.060688
14,simd-v0,387,0.119513
14,393435,387,0.089096
14,KACTL,388,1.076226
14,simd-v0,388,0.119292
14,393435,388,0.088996
14,ours-406478,388,0.056265
14,simd-v0,389,0.119122
14,393435,389,0.088866
14,ours-406478,389,0.056275
14,KACTL,389,1.059636
14,393435,390,0.088996
14,ours-406478,390,0.056254
14,KACTL,390,1.069504
14,simd-v0,390,0.146363
14,ours-406478,391,0.056335
14,KACTL,391,1.059085
14,simd-v0,391,0.120124
14,393435,391,0.088885
14,KACTL,392,1.103427
14,simd-v0,392,0.119152
14,393435,392,0.088525
14,ours-406478,392,0.056435
14,simd-v0,393,0.119182
14,393435,393,0.099636
14,ours-406478,393,0.056305
14,KACTL,393,1.061068
14,393435,394,0.089046
14,ours-406478,394,0.056406
14,KACTL,394,1.066839
14,simd-v0,394,0.119382
14,ours-406478,395,0.056275
14,KACTL,395,1.058854
14,simd-v0,395,0.119362
14,393435,395,0.089066
14,KACTL,396,1.068953
14,simd-v0,396,0.129572
14,393435,396,0.089787
14,ours-406478,396,0.056376
14,simd-v0,397,0.122388
14,393435,397,0.088756
14,ours-406478,397,0.066504
14,KACTL,397,1.062591
14,393435,398,0.089718
14,ours-406478,398,0.056285
14,KACTL,398,1.085544
14,simd-v0,398,0.119122
14,ours-406478,399,0.066975
14,KACTL,399,1.059375
14,simd-v0,399,0.119382
14,393435,399,0.089036
14,KACTL,400,1.068292
14,simd-v0,400,0.119222
14,393435,400,0.089046
14,ours-406478,400,0.056325
14,simd-v0,401,0.119323
14,393435,401,0.088846
14,ours-406478,401,0.056316
14,KACTL,401,1.067450
14,393435,402,0.088926
14,ours-406478,402,0.056275
14,KACTL,402,1.067761
14,simd-v0,402,0.119142
14,ours-406478,403,0.056215
14,KACTL,403,1.060698
14,simd-v0,403,0.119272
14,393435,403,0.089066
14,KACTL,404,1.069504
14,simd-v0,404,0.121938
14,393435,404,0.099405
14,ours-406478,404,0.056415
14,simd-v0,405,0.119353
14,393435,405,0.088855
14,ours-406478,405,0.056345
14,KACTL,405,1.059275
14,393435,406,0.089376
14,ours-406478,406,0.056375
14,KACTL,406,1.068012
14,simd-v0,406,0.119222
14,ours-406478,407,0.056415
14,KACTL,407,1.059845
14,simd-v0,407,0.129802
14,393435,407,0.089066
14,KACTL,408,1.068332
14,simd-v0,408,0.121707
14,393435,408,0.088996
14,ours-406478,408,0.056314
14,simd-v0,409,0.119282
14,393435,409,0.088986
14,ours-406478,409,0.056265
14,KACTL,409,1.058063
14,393435,410,0.088825
14,ours-406478,410,0.067055
14,KACTL,410,1.067060
14,simd-v0,410,0.119272
14,ours-406478,411,0.056445
14,KACTL,411,1.059485
14,simd-v0,411,0.119232
14,393435,411,0.089196
14,KACTL,412,1.084021
14,simd-v0,412,0.119303
14,393435,412,0.088635
14,ours-406478,412,0.056335
14,simd-v0,413,0.129742
14,393435,413,0.089056
14,ours-406478,413,0.056175
14,KACTL,413,1.058823
14,393435,414,0.088475
14,ours-406478,414,0.056325
14,KACTL,414,1.069103
14,simd-v0,414,0.119433
14,ours-406478,415,0.056315
14,KACTL,415,1.058474
14,simd-v0,415,0.119293
14,393435,415,0.099396
14,KACTL,416,1.066899
14,simd-v0,416,0.119372
14,393435,416,0.089196
14,ours-406478,416,0.056335
14,simd-v0,417,0.119272
14,393435,417,0.088956
14,ours-406478,417,0.056265
14,KACTL,417,1.058313
14,393435,418,0.088775
14,ours-406478,418,0.056335
14,KACTL,418,1.066929
14,simd-v0,418,0.131415
14,ours-406478,419,0.056305
14,KACTL,419,1.061219
14,simd-v0,419,0.119172
14,393435,419,0.088445
14,KACTL,420,1.080054
14,simd-v0,420,0.119192
14,393435,420,0.089737
14,ours-406478,420,0.056225
14,simd-v0,421,0.119372
14,393435,421,0.099616
14,ours-406478,421,0.056265
14,KACTL,421,1.059045
14,393435,422,0.089557
14,ours-406478,422,0.056276
14,KACTL,422,1.068302
14,simd-v0,422,0.119472
14,ours-406478,423,0.056315
14,KACTL,423,1.060126
14,simd-v0,423,0.119282
14,393435,423,0.089297
14,KACTL,424,1.067971
14,simd-v0,424,0.129382
14,393435,424,0.089006
14,ours-406478,424,0.056305
14,simd-v0,425,0.119232
14,393435,425,0.089035
14,ours-406478,425,0.056265
14,KACTL,425,1.060337
14,393435,426,0.089106
14,ours-406478,426,0.056254
14,KACTL,426,1.068371
14,simd-v0,426,0.121738
14,ours-406478,427,0.066494
14,KACTL,427,1.059646
14,simd-v0,427,0.119343
14,393435,427,0.089818
14,KACTL,428,1.067470
14,simd-v0,428,0.119302
14,393435,428,0.089176
14,ours-406478,428,0.056355
14,simd-v0,429,0.119353
14,393435,429,0.088786
14,ours-406478,429,0.056265
14,KACTL,429,1.068061
14,393435,430,0.089056
14,ours-406478,430,0.056255
14,KACTL,430,1.067760
14,simd-v0,430,0.119263
14,ours-406478,431,0.056435
14,KACTL,431,1.060548
14,simd-v0,431,0.119363
14,393435,431,0.089617
14,KACTL,432,1.071498
14,simd-v0,432,0.119242
14,393435,432,0.099115
14,ours-406478,432,0.056264
14,simd-v0,433,0.119132
14,393435,433,0.089567
14,ours-406478,433,0.056245
14,KACTL,433,1.059405
14,393435,434,0.089066
14,ours-406478,434,0.056295
14,KACTL,434,1.070296
14,simd-v0,434,0.119252
14,ours-406478,435,0.056315
14,KACTL,435,1.058494
14,simd-v0,435,0.129441
14,393435,435,0.089176
14,KACTL,436,1.078711
14,simd-v0,436,0.119313
14,393435,436,0.088885
14,ours-406478,436,0.056234
14,simd-v0,437,0.119252
14,393435,437,0.089487
14,ours-406478,437,0.056355
14,KACTL,437,1.060217
14,393435,438,0.089667
14,ours-406478,438,0.066604
14,KACTL,438,1.068792
14,simd-v0,438,0.119202
14,ours-406478,439,0.056215
14,KACTL,439,1.059786
14,simd-v0,439,0.119182
14,393435,439,0.089276
14,KACTL,440,1.068071
14,simd-v0,440,0.119252
14,393435,440,0.089277
14,ours-406478,440,0.056365
14,simd-v0,441,0.129101
14,393435,441,0.089177
14,ours-406478,441,0.057107
14,KACTL,441,1.062020
14,393435,442,0.089406
14,ours-406478,442,0.056365
14,KACTL,442,1.068192
14,simd-v0,442,0.119232
14,ours-406478,443,0.056376
14,KACTL,443,1.058524
14,simd-v0,443,0.119202
14,393435,443,0.099826
14,KACTL,444,1.067260
14,simd-v0,444,0.119583
14,393435,444,0.088756
14,ours-406478,444,0.056255
14,simd-v0,445,0.119123
14,393435,445,0.089106
14,ours-406478,445,0.056325
14,KACTL,445,1.064555
14,393435,446,0.088906
14,ours-406478,446,0.056185
14,KACTL,446,1.067029
14,simd-v0,446,0.129301
14,ours-406478,447,0.056325
14,KACTL,447,1.058022
14,simd-v0,447,0.119262
14,393435,447,0.089377
14,KACTL,448,1.067771
14,simd-v0,448,0.119413
14,393435,448,0.090348
14,ours-406478,448,0.056385
14,simd-v0,449,0.121887
14,393435,449,0.099265
14,ours-406478,449,0.056356
14,KACTL,449,1.060177
14,393435,450,0.089296
14,ours-406478,450,0.056435
14,KACTL,450,1.069073
14,simd-v0,450,0.119312
14,ours-406478,451,0.056265
14,KACTL,451,1.060618
14,simd-v0,451,0.119503
14,393435,451,0.089276
14,KACTL,452,1.067931
14,simd-v0,452,0.129832
14,393435,452,0.089457
14,ours-406478,452,0.056446
14,simd-v0,453,0.119102
14,393435,453,0.089126
14,ours-406478,453,0.056336
14,KACTL,453,1.058954
14,393435,454,0.088885
14,ours-406478,454,0.056385
14,KACTL,454,1.067781
14,simd-v0,454,0.119293
14,ours-406478,455,0.066745
14,KACTL,455,1.058494
14,simd-v0,455,0.119303
14,393435,455,0.088975
14,KACTL,456,1.070637
14,simd-v0,456,0.119282
14,393435,456,0.088936
14,ours-406478,456,0.056295
14,simd-v0,457,0.119382
14,393435,457,0.089006
14,ours-406478,457,0.056355
14,KACTL,457,1.068722
14,393435,458,0.089768
14,ours-406478,458,0.056345
14,KACTL,458,1.068302
14,simd-v0,458,0.119152
14,ours-406478,459,0.056234
14,KACTL,459,1.061368
14,simd-v0,459,0.119082
14,393435,459,0.088946
14,KACTL,460,1.068683
14,simd-v0,460,0.119443
14,393435,460,0.110195
14,ours-406478,460,0.056325
14,simd-v0,461,0.119223
14,393435,461,0.089237
14,ours-406478,461,0.056195
14,KACTL,461,1.060217
14,393435,462,0.089087
14,ours-406478,462,0.056265
14,KACTL,462,1.067390
14,simd-v0,462,0.119343
14,ours-406478,463,0.056255
14,KACTL,463,1.061779
14,simd-v0,463,0.129442
14,393435,463,0.088876
14,KACTL,464,1.069123
14,simd-v0,464,0.120084
14,393435,464,0.088986
14,ours-406478,464,0.056325
14,simd-v0,465,0.119393
14,393435,465,0.089015
14,ours-406478,465,0.056395
14,KACTL,465,1.060607
14,393435,466,0.088636
14,ours-406478,466,0.066895
14,KACTL,466,1.067761
14,simd-v0,466,0.119252
14,ours-406478,467,0.057107
14,KACTL,467,1.060067
14,simd-v0,467,0.119322
14,393435,467,0.089036
14,KACTL,468,1.068111
14,simd-v0,468,0.119353
14,393435,468,0.089066
14,ours-406478,468,0.056355
14,simd-v0,469,0.129601
14,393435,469,0.088896
14,ours-406478,469,0.056405
14,KACTL,469,1.059425
14,393435,470,0.089217
14,ours-406478,470,0.056305
14,KACTL,470,1.068833
14,simd-v0,470,0.119323
14,ours-406478,471,0.056405
14,KACTL,471,1.060427
14,simd-v0,471,0.119172
14,393435,471,0.099285
14,KACTL,472,1.068062
14,simd-v0,472,0.119422
14,393435,472,0.089818
14,ours-406478,472,0.056265
14,simd-v0,473,0.119223
14,393435,473,0.088565
14,ours-406478,473,0.056225
14,KACTL,473,1.058774
14,393435,474,0.089507
14,ours-406478,474,0.056316
14,KACTL,474,1.066679
14,simd-v0,474,0.129311
14,ours-406478,475,0.056365
14,KACTL,475,1.060097
14,simd-v0,475,0.120004
14,393435,475,0.088925
14,KACTL,476,1.066619
14,simd-v0,476,0.119303
14,393435,476,0.089066
14,ours-406478,476,0.056395
14,simd-v0,477,0.119333
14,393435,477,0.099325
14,ours-406478,477,0.056385
14,KACTL,477,1.058694
14,393435,478,0.088534
14,ours-406478,478,0.056255
14,KACTL,478,1.092798
14,simd-v0,478,0.119362
14,ours-406478,479,0.056495
14,KACTL,479,1.091034
14,simd-v0,479,0.119373
14,393435,479,0.089357
14,KACTL,480,1.079904
14,simd-v0,480,0.119272
14,393435,480,0.089106
14,ours-406478,480,0.056566
14,simd-v0,481,0.119222
14,393435,481,0.088805
14,ours-406478,481,0.056105
14,KACTL,481,1.071478
14,393435,482,0.089317
14,ours-406478,482,0.056375
14,KACTL,482,1.068652
14,simd-v0,482,0.129482
14,ours-406478,483,0.056295
14,KACTL,483,1.059546
14,simd-v0,483,0.119222
14,393435,483,0.089808
14,KACTL,484,1.068141
14,simd-v0,484,0.119293
14,393435,484,0.089347
14,ours-406478,484,0.056415
14,simd-v0,485,0.119222
14,393435,485,0.089386
14,ours-406478,485,0.079298
14,KACTL,485,1.077288
14,393435,486,0.089196
14,ours-406478,486,0.056535
14,KACTL,486,1.068411
14,simd-v0,486,0.119542
14,ours-406478,487,0.056386
14,KACTL,487,1.060167
14,simd-v0,487,0.119513
14,393435,487,0.088966
14,KACTL,488,1.067811
14,simd-v0,488,0.129472
14,393435,488,0.089276
14,ours-406478,488,0.056295
14,simd-v0,489,0.119252
14,393435,489,0.089657
14,ours-406478,489,0.056325
14,KACTL,489,1.059606
14,393435,490,0.090198
14,ours-406478,490,0.056295
14,KACTL,490,1.072600
14,simd-v0,490,0.119583
14,ours-406478,491,0.056325
14,KACTL,491,1.068793
14,simd-v0,491,0.119213
14,393435,491,0.089397
14,KACTL,492,1.067610
14,simd-v0,492,0.119183
14,393435,492,0.088945
14,ours-406478,492,0.056275
14,simd-v0,493,0.119333
14,393435,493,0.088906
14,ours-406478,493,0.058850
14,KACTL,493,1.059866
14,393435,494,0.099886
14,ours-406478,494,0.056315
14,KACTL,494,1.068672
14,simd-v0,494,0.119362
14,ours-406478,495,0.056325
14,KACTL,495,1.060256
14,simd-v0,495,0.119262
14,393435,495,0.089286
14,KACTL,496,1.067240
14,simd-v0,496,0.119353
14,393435,496,0.089477
14,ours-406478,496,0.066754
14,simd-v0,497,0.119353
14,393435,497,0.088966
14,ours-406478,497,0.056265
14,KACTL,497,1.059675
14,393435,498,0.089357
14,ours-406478,498,0.056315
14,KACTL,498,1.067620
14,simd-v0,498,0.119393
14,ours-406478,499,0.056365
14,KACTL,499,1.059726
14,simd-v0,499,0.129913
14,393435,499,0.089137
14,KACTL,500,1.070316
14,simd-v0,500,0.119223
14,393435,500,0.089166
14,ours-406478,500,0.056285
14,simd-v0,501,0.119212
14,393435,501,0.089136
14,ours-406478,501,0.056325
14,KACTL,501,1.061078
14,393435,502,0.089016
14,ours-406478,502,0.056365
14,KACTL,502,1.077329
14,simd-v0,502,0.119322
14,ours-406478,503,0.056295
14,KACTL,503,1.059495
14,simd-v0,503,0.119343
14,393435,503,0.089006
14,KACTL,504,1.066979
14,simd-v0,504,0.119262
14,393435,504,0.088966
14,ours-406478,504,0.056355
14,simd-v0,505,0.129902
14,393435,505,0.089316
14,ours-406478,505,0.056275
14,KACTL,505,1.059145
14,393435,506,0.088906
14,ours-406478,506,0.056325
14,KACTL,506,1.068171
14,simd-v0,506,0.119343
14,ours-406478,507,0.056285
14,KACTL,507,1.058884
14,simd-v0,507,0.119312
14,393435,507,0.091882
14,KACTL,508,1.077459
14,simd-v0,508,0.119242
14,393435,508,0.089197
14,ours-406478,508,0.056345
14,simd-v0,509,0.119322
14,393435,509,0.089115
14,ours-406478,509,0.056285
14,KACTL,509,1.072670
14,393435,510,0.089206
14,ours-406478,510,0.056395
14,KACTL,510,1.067911
14,simd-v0,510,0.129812
14,ours-406478,511,0.056305
14,KACTL,511,1.060107
14,simd-v0,511,0.119393
14,393435,511,0.088896
14,KACTL,512,1.068302
14,simd-v0,512,0.120816
14,393435,512,0.089046
14,ours-406478,512,0.056265
14,simd-v0,513,0.119212
14,393435,513,0.089467
14,ours-406478,513,0.068187
14,KACTL,513,1.070626
14,393435,514,0.088796
14,ours-406478,514,0.056264
14,KACTL,514,1.065166
14,simd-v0,514,0.119332
14,ours-406478,515,0.056375
14,KACTL,515,1.072830
14,simd-v0,515,0.119182
14,393435,515,0.088936
14,KACTL,516,1.065807
14,simd-v0,516,0.129532
14,393435,516,0.089166
14,ours-406478,516,0.056315
14,simd-v0,517,0.119292
14,393435,517,0.088946
14,ours-406478,517,0.056355
14,KACTL,517,1.070546
14,393435,518,0.089026
14,ours-406478,518,0.056275
14,KACTL,518,1.066128
14,simd-v0,518,0.119402
14,ours-406478,519,0.056315
14,KACTL,519,1.081967
14,simd-v0,519,0.119383
14,393435,519,0.088635
14,KACTL,520,1.065457
14,simd-v0,520,0.119142
14,393435,520,0.089197
14,ours-406478,520,0.056305
14,simd-v0,521,0.119312
14,393435,521,0.088936
14,ours-406478,521,0.056275
14,KACTL,521,1.078701
14,393435,522,0.088926
14,ours-406478,522,0.056395
14,KACTL,522,1.069374
14,simd-v0,522,0.119403
14,ours-406478,523,0.057127
14,KACTL,523,1.070416
14,simd-v0,523,0.119232
14,393435,523,0.088986
14,KACTL,524,1.066699
14,simd-v0,524,0.120394
14,393435,524,0.100356
14,ours-406478,524,0.056405
14,simd-v0,525,0.123470
14,393435,525,0.088805
14,ours-406478,525,0.056325
14,KACTL,525,1.156607
14,393435,526,0.088936
14,ours-406478,526,0.056385
14,KACTL,526,1.066378
14,simd-v0,526,0.119262
14,ours-406478,527,0.056375
14,KACTL,527,1.130247
14,simd-v0,527,0.119613
14,393435,527,0.089186
14,KACTL,528,1.075886
14,simd-v0,528,0.120094
14,393435,528,0.089206
14,ours-406478,528,0.056736
14,simd-v0,529,0.119342
14,393435,529,0.089086
14,ours-406478,529,0.056315
14,KACTL,529,1.102565
14,393435,530,0.088935
14,ours-406478,530,0.056355
14,KACTL,530,1.079843
14,simd-v0,530,0.119402
14,ours-406478,531,0.056505
14,KACTL,531,1.079452
14,simd-v0,531,0.119503
14,393435,531,0.089026
14,KACTL,532,1.075515
14,simd-v0,532,0.136926
14,393435,532,0.088906
14,ours-406478,532,0.056325
14,simd-v0,533,0.119263
14,393435,533,0.088806
14,ours-406478,533,0.056296
14,KACTL,533,1.087948
14,393435,534,0.088977
14,ours-406478,534,0.056355
14,KACTL,534,1.075294
14,simd-v0,534,0.119353
14,ours-406478,535,0.076532
14,KACTL,535,1.084010
14,simd-v0,535,0.119473
14,393435,535,0.089046
14,KACTL,536,1.075836
14,simd-v0,536,0.119383
14,393435,536,0.089366
14,ours-406478,536,0.056435
14,simd-v0,537,0.119092
14,393435,537,0.092262
14,ours-406478,537,0.076172
14,KACTL,537,1.078952
14,393435,538,0.089387
14,ours-406478,538,0.056285
14,KACTL,538,1.079593
14,simd-v0,538,0.119944
14,ours-406478,539,0.056295
14,KACTL,539,1.078521
14,simd-v0,539,0.119413
14,393435,539,0.089096
14,KACTL,540,1.074193
14,simd-v0,540,0.136454
14,393435,540,0.089326
14,ours-406478,540,0.056305
14,simd-v0,541,0.119272
14,393435,541,0.088976
14,ours-406478,541,0.056284
14,KACTL,541,1.082899
14,393435,542,0.089226
14,ours-406478,542,0.056316
14,KACTL,542,1.078040
14,simd-v0,542,0.119523
14,ours-406478,543,0.067466
14,KACTL,543,1.069614
14,simd-v0,543,0.119342
14,393435,543,0.089376
14,KACTL,544,1.066859
14,simd-v0,544,0.119362
14,393435,544,0.089086
14,ours-406478,544,0.056325
14,simd-v0,545,0.119303
14,393435,545,0.089026
14,ours-406478,545,0.056295
14,KACTL,545,1.082087
14,393435,546,0.089016
14,ours-406478,546,0.056406
14,KACTL,546,1.065286
14,simd-v0,546,0.119293
14,ours-406478,547,0.056295
14,KACTL,547,1.070676
14,simd-v0,547,0.119554
14,393435,547,0.088706
14,KACTL,548,1.067451
14,simd-v0,548,0.119443
14,393435,548,0.099846
14,ours-406478,548,0.056244
14,simd-v0,549,0.119272
14,393435,549,0.089016
14,ours-406478,549,0.056215
14,KACTL,549,1.070595
14,393435,550,0.088826
14,ours-406478,550,0.056415
14,KACTL,550,1.066328
14,simd-v0,550,0.119262
14,ours-406478,551,0.056345
14,KACTL,551,1.081336
14,simd-v0,551,0.119463
14,393435,551,0.088926
14,KACTL,552,1.066048
14,simd-v0,552,0.119443
14,393435,552,0.089116
14,ours-406478,552,0.056435
14,simd-v0,553,0.119233
14,393435,553,0.088896
14,ours-406478,553,0.056315
14,KACTL,553,1.071477
14,393435,554,0.099645
14,ours-406478,554,0.056284
14,KACTL,554,1.066859
14,simd-v0,554,0.119383
14,ours-406478,555,0.056365
14,KACTL,555,1.070586
14,simd-v0,555,0.119363
14,393435,555,0.089086
14,KACTL,556,1.066177
14,simd-v0,556,0.119373
14,393435,556,0.089266
14,ours-406478,556,0.067025
14,simd-v0,557,0.119282
14,393435,557,0.094847
14,ours-406478,557,0.056334
14,KACTL,557,1.084011
14,393435,558,0.089337
14,ours-406478,558,0.056386
14,KACTL,558,1.066338
14,simd-v0,558,0.119263
14,ours-406478,559,0.056275
14,KACTL,559,1.071788
14,simd-v0,559,0.129422
14,393435,559,0.089207
14,KACTL,560,1.065486
14,simd-v0,560,0.119333
14,393435,560,0.089206
14,ours-406478,560,0.056385
14,simd-v0,561,0.120465
14,393435,561,0.088865
14,ours-406478,561,0.056275
14,KACTL,561,1.069935
14,393435,562,0.089507
14,ours-406478,562,0.066804
14,KACTL,562,1.077429
14,simd-v0,562,0.119764
14,ours-406478,563,0.056425
14,KACTL,563,1.072189
14,simd-v0,563,0.119182
14,393435,563,0.089778
14,KACTL,564,1.076507
14,simd-v0,564,0.119433
14,393435,564,0.089066
14,ours-406478,564,0.056375
14,simd-v0,565,0.130594
14,393435,565,0.088505
14,ours-406478,565,0.056355
14,KACTL,565,1.073351
14,393435,566,0.089226
14,ours-406478,566,0.056295
14,KACTL,566,1.068202
14,simd-v0,566,0.119333
14,ours-406478,567,0.056195
14,KACTL,567,1.069574
14,simd-v0,567,0.119322
14,393435,567,0.099365
14,KACTL,568,1.065997
14,simd-v0,568,0.119252
14,393435,568,0.089066
14,ours-406478,568,0.056295
14,simd-v0,569,0.119483
14,393435,569,0.089517
14,ours-406478,569,0.056265
14,KACTL,569,1.071017
14,393435,570,0.088755
14,ours-406478,570,0.056325
14,KACTL,570,1.067740
14,simd-v0,570,0.119333
14,ours-406478,571,0.056435
14,KACTL,571,1.069935
14,simd-v0,571,0.119232
14,393435,571,0.089207
14,KACTL,572,1.100332
14,simd-v0,572,0.119242
14,393435,572,0.089527
14,ours-406478,572,0.056526
14,simd-v0,573,0.131566
14,393435,573,0.089096
14,ours-406478,573,0.056345
14,KACTL,573,1.075375
14,393435,574,0.089115
14,ours-406478,574,0.056345
14,KACTL,574,1.066167
14,simd-v0,574,0.119332
14,ours-406478,575,0.056385
14,KACTL,575,1.068692
14,simd-v0,575,0.119242
14,393435,575,0.089016
14,KACTL,576,1.075736
14,simd-v0,576,0.119403
14,393435,576,0.088945
14,ours-406478,576,0.056336
14,simd-v0,577,0.119352
14,393435,577,0.089146
14,ours-406478,577,0.056325
14,KACTL,577,1.068592
14,393435,578,0.090258
14,ours-406478,578,0.056274
14,KACTL,578,1.073682
14,simd-v0,578,0.129591
14,ours-406478,579,0.056275
14,KACTL,579,1.068371
14,simd-v0,579,0.119363
14,393435,579,0.089206
14,KACTL,580,1.066689
14,simd-v0,580,0.119313
14,393435,580,0.089196
14,ours-406478,580,0.056315
14,simd-v0,581,0.122098
14,393435,581,0.100187
14,ours-406478,581,0.056365
14,KACTL,581,1.082859
14,393435,582,0.089066
14,ours-406478,582,0.056315
14,KACTL,582,1.068412
14,simd-v0,582,0.119433
14,ours-406478,583,0.056305
14,KACTL,583,1.071188
14,simd-v0,583,0.119322
14,393435,583,0.089287
14,KACTL,584,1.069824
14,simd-v0,584,0.129531
14,393435,584,0.088986
14,ours-406478,584,0.056235
14,simd-v0,585,0.119223
14,393435,585,0.089086
14,ours-406478,585,0.056315
14,KACTL,585,1.070066
14,393435,586,0.089026
14,ours-406478,586,0.056325
14,KACTL,586,1.066158
14,simd-v0,586,0.119362
14,ours-406478,587,0.067185
14,KACTL,587,1.069353
14,simd-v0,587,0.119312
14,393435,587,0.089387
14,KACTL,588,1.069013
14,simd-v0,588,0.119332
14,393435,588,0.089106
14,ours-406478,588,0.056375
14,simd-v0,589,0.119362
14,393435,589,0.089387
14,ours-406478,589,0.056365
14,KACTL,589,1.081957
14,393435,590,0.089216
14,ours-406478,590,0.058268
14,KACTL,590,1.065397
14,simd-v0,590,0.119603
14,ours-406478,591,0.056376
14,KACTL,591,1.072349
14,simd-v0,591,0.119362
14,393435,591,0.089276
14,KACTL,592,1.067700
14,simd-v0,592,0.119222
14,393435,592,0.089346
14,ours-406478,592,0.056265
14,simd-v0,593,0.119262
14,393435,593,0.088746
14,ours-406478,593,0.056285
14,KACTL,593,1.070505
14,393435,594,0.088906
14,ours-406478,594,0.056325
14,KACTL,594,1.065617
14,simd-v0,594,0.119213
14,ours-406478,595,0.056355
14,KACTL,595,1.080144
14,simd-v0,595,0.119142
14,393435,595,0.088936
14,KACTL,596,1.064756
14,simd-v0,596,0.119373
14,393435,596,0.088906
14,ours-406478,596,0.056314
14,simd-v0,597,0.120304
14,393435,597,0.089116
14,ours-406478,597,0.056235
14,KACTL,597,1.070155
14,393435,598,0.099316
14,ours-406478,598,0.056345
14,KACTL,598,1.064926
14,simd-v0,598,0.119333
14,ours-406478,599,0.056285
14,KACTL,599,1.070406
14,simd-v0,599,0.119302
14,393435,599,0.089247
14,KACTL,600,1.067570
14,simd-v0,600,0.119323
14,393435,600,0.089006
14,ours-406478,600,0.066654
14,simd-v0,601,0.119202
14,393435,601,0.088866
14,ours-406478,601,0.056295
14,KACTL,601,1.068982
14,393435,602,0.089136
14,ours-406478,602,0.056325
14,KACTL,602,1.072068
14,simd-v0,602,0.119322
14,ours-406478,603,0.056315
14,KACTL,603,1.091875
14,simd-v0,603,0.132898
14,393435,603,0.089116
14,KACTL,604,1.066599
14,simd-v0,604,0.119333
14,393435,604,0.089066
14,ours-406478,604,0.056615
14,simd-v0,605,0.120113
14,393435,605,0.089136
14,ours-406478,605,0.056305
14,KACTL,605,1.071919
14,393435,606,0.089327
14,ours-406478,606,0.078406
14,KACTL,606,1.064716
14,simd-v0,606,0.124933
14,ours-406478,607,0.056315
14,KACTL,607,1.068712
14,simd-v0,607,0.119483
14,393435,607,0.089257
14,KACTL,608,1.066377
14,simd-v0,608,0.119292
14,393435,608,0.089256
14,ours-406478,608,0.056355
14,simd-v0,609,0.129852
14,393435,609,0.088956
14,ours-406478,609,0.056285
14,KACTL,609,1.070656
14,393435,610,0.089056
14,ours-406478,610,0.056345
14,KACTL,610,1.066838
14,simd-v0,610,0.119353
14,ours-406478,611,0.056314
14,KACTL,611,1.070035
14,simd-v0,611,0.119333
14,393435,611,0.100016
14,KACTL,612,1.066057
14,simd-v0,612,0.119493
14,393435,612,0.089066
14,ours-406478,612,0.056305
14,simd-v0,613,0.119202
14,393435,613,0.089006
14,ours-406478,613,0.056175
14,KACTL,613,1.071177
14,393435,614,0.089227
14,ours-406478,614,0.056295
14,KACTL,614,1.073412
14,simd-v0,614,0.119332
14,ours-406478,615,0.056325
14,KACTL,615,1.069323
14,simd-v0,615,0.119152
14,393435,615,0.088915
14,KACTL,616,1.065547
14,simd-v0,616,0.119302
14,393435,616,0.089016
14,ours-406478,616,0.056376
14,simd-v0,617,0.119292
14,393435,617,0.099165
14,ours-406478,617,0.056305
14,KACTL,617,1.070366
14,393435,618,0.089597
14,ours-406478,618,0.056435
14,KACTL,618,1.067891
14,simd-v0,618,0.119302
14,ours-406478,619,0.056305
14,KACTL,619,1.083220
14,simd-v0,619,0.119303
14,393435,619,0.088886
14,KACTL,620,1.075615
14,simd-v0,620,0.119493
14,393435,620,0.089076
14,ours-406478,620,0.065181
14,simd-v0,621,0.119273
14,393435,621,0.088485
14,ours-406478,621,0.056155
14,KACTL,621,1.070666
14,393435,622,0.089036
14,ours-406478,622,0.056335
14,KACTL,622,1.065988
14,simd-v0,622,0.129702
14,ours-406478,623,0.056355
14,KACTL,623,1.069384
14,simd-v0,623,0.119312
14,393435,623,0.089237
14,KACTL,624,1.066588
14,simd-v0,624,0.119313
14,393435,624,0.088685
14,ours-406478,624,0.056305
14,simd-v0,625,0.119272
14,393435,625,0.091781
14,ours-406478,625,0.056296
14,KACTL,625,1.070716
14,393435,626,0.089237
14,ours-406478,626,0.056365
14,KACTL,626,1.066107
14,simd-v0,626,0.119303
14,ours-406478,627,0.056346
14,KACTL,627,1.070306
14,simd-v0,627,0.119342
14,393435,627,0.089257
14,KACTL,628,1.066057
14,simd-v0,628,0.130293
14,393435,628,0.092052
14,ours-406478,628,0.056225
14,simd-v0,629,0.119262
14,393435,629,0.089096
14,ours-406478,629,0.056245
14,KACTL,629,1.071928
14,393435,630,0.089156
14,ours-406478,630,0.056356
14,KACTL,630,1.078290
14,simd-v0,630,0.119303
14,ours-406478,631,0.079709
14,KACTL,631,1.072539
14,simd-v0,631,0.119312
14,393435,631,0.088915
14,KACTL,632,1.068963
14,simd-v0,632,0.119323
14,393435,632,0.089056
14,ours-406478,632,0.056476
14,simd-v0,633,0.119172
14,393435,633,0.089096
14,ours-406478,633,0.056245
14,KACTL,633,1.081576
14,393435,634,0.089157
14,ours-406478,634,0.056315
14,KACTL,634,1.065556
14,simd-v0,634,0.119502
14,ours-406478,635,0.056365
14,KACTL,635,1.069554
14,simd-v0,635,0.119233
14,393435,635,0.089146
14,KACTL,636,1.065937
14,simd-v0,636,0.119242
14,393435,636,0.099716
14,ours-406478,636,0.056235
14,simd-v0,637,0.119362
14,393435,637,0.089066
14,ours-406478,637,0.056345
14,KACTL,637,1.070766
14,393435,638,0.088997
14,ours-406478,638,0.056245
14,KACTL,638,1.066789
14,simd-v0,638,0.119162
14,ours-406478,639,0.056386
14,KACTL,639,1.101343
14,simd-v0,639,0.119573
14,393435,639,0.089246
14,KACTL,640,1.083861
14,simd-v0,640,0.130273
14,393435,640,0.089117
14,ours-406478,640,0.056476
14,simd-v0,641,0.119183
14,393435,641,0.089346
14,ours-406478,641,0.057057
14,KACTL,641,1.070256
14,393435,642,0.099545
14,ours-406478,642,0.056375
14,KACTL,642,1.064725
14,simd-v0,642,0.119232
14,ours-406478,643,0.056165
14,KACTL,643,1.085904
14,simd-v0,643,0.119413
14,393435,643,0.088936
14,KACTL,644,1.068041
14,simd-v0,644,0.119343
14,393435,644,0.099525
14,ours-406478,644,0.056516
14,simd-v0,645,0.119303
14,393435,645,0.088855
14,ours-406478,645,0.056215
14,KACTL,645,1.071648
14,393435,646,0.089246
14,ours-406478,646,0.056285
14,KACTL,646,1.066448
14,simd-v0,646,0.119353
14,ours-406478,647,0.056415
14,KACTL,647,1.071047
14,simd-v0,647,0.129742
14,393435,647,0.089276
14,KACTL,648,1.065947
14,simd-v0,648,0.119383
14,393435,648,0.089226
14,ours-406478,648,0.056215
14,simd-v0,649,0.119233
14,393435,649,0.088996
14,ours-406478,649,0.056365
14,KACTL,649,1.069374
14,393435,650,0.089266
14,ours-406478,650,0.068728
14,KACTL,650,1.066739
14,simd-v0,650,0.119393
14,ours-406478,651,0.056314
14,KACTL,651,1.071748
14,simd-v0,651,0.119402
14,393435,651,0.089727
14,KACTL,652,1.065226
14,simd-v0,652,0.119323
14,393435,652,0.089227
14,ours-406478,652,0.056406
14,simd-v0,653,0.129622
14,393435,653,0.088996
14,ours-406478,653,0.056325
14,KACTL,653,1.070606
14,393435,654,0.089277
14,ours-406478,654,0.057838
14,KACTL,654,1.078441
14,simd-v0,654,0.119383
14,ours-406478,655,0.056405
14,KACTL,655,1.071207
14,simd-v0,655,0.119252
14,393435,655,0.099536
14,KACTL,656,1.066008
14,simd-v0,656,0.119233
14,393435,656,0.088625
14,ours-406478,656,0.056355
14,simd-v0,657,0.119272
14,393435,657,0.089116
14,ours-406478,657,0.056264
14,KACTL,657,1.070526
14,393435,658,0.089357
14,ours-406478,658,0.056265
14,KACTL,658,1.075114
14,simd-v0,658,0.119293
14,ours-406478,659,0.056415
14,KACTL,659,1.069304
14,simd-v0,659,0.119493
14,393435,659,0.088996
14,KACTL,660,1.065938
14,simd-v0,660,0.119362
14,393435,660,0.089427
14,ours-406478,660,0.056275
14,simd-v0,661,0.119412
14,393435,661,0.089076
14,ours-406478,661,0.056274
14,KACTL,661,1.071959
14,393435,662,0.089016
14,ours-406478,662,0.056325
14,KACTL,662,1.066599
14,simd-v0,662,0.119372
14,ours-406478,663,0.056355
14,KACTL,663,1.093639
14,simd-v0,663,0.119142
14,393435,663,0.088996
14,KACTL,664,1.078140
14,simd-v0,664,0.119192
14,393435,664,0.089106
14,ours-406478,664,0.056676
14,simd-v0,665,0.119382
14,393435,665,0.089056
14,ours-406478,665,0.056345
14,KACTL,665,1.069964
14,393435,666,0.088635
14,ours-406478,666,0.056315
14,KACTL,666,1.076377
14,simd-v0,666,0.129953
14,ours-406478,667,0.056405
14,KACTL,667,1.068382
14,simd-v0,667,0.119263
14,393435,667,0.089076
14,KACTL,668,1.065717
14,simd-v0,668,0.119432
14,393435,668,0.088846
14,ours-406478,668,0.056215
14,simd-v0,669,0.122558
14,393435,669,0.099506
14,ours-406478,669,0.056325
14,KACTL,669,1.069424
14,393435,670,0.088976
14,ours-406478,670,0.056335
14,KACTL,670,1.064946
14,simd-v0,670,0.119282
14,ours-406478,671,0.056315
14,KACTL,671,1.120138
14,simd-v0,671,0.120174
14,393435,671,0.089267
14,KACTL,672,1.075966
14,simd-v0,672,0.119223
14,393435,672,0.088937
14,ours-406478,672,0.056445
14,simd-v0,673,0.119442
14,393435,673,0.088976
14,ours-406478,673,0.056235
14,KACTL,673,1.070255
14,393435,674,0.088966
14,ours-406478,674,0.056355
14,KACTL,674,1.067220
14,simd-v0,674,0.129742
14,ours-406478,675,0.056405
14,KACTL,675,1.068251
14,simd-v0,675,0.119403
14,393435,675,0.088776
14,KACTL,676,1.068281
14,simd-v0,676,0.119312
14,393435,676,0.089046
14,ours-406478,676,0.056385
14,simd-v0,677,0.119283
14,393435,677,0.088956
14,ours-406478,677,0.066995
14,KACTL,677,1.071127
14,393435,678,0.088776
14,ours-406478,678,0.056305
14,KACTL,678,1.078842
14,simd-v0,678,0.119402
14,ours-406478,679,0.056445
14,KACTL,679,1.070746
14,simd-v0,679,0.119232
14,393435,679,0.088876
14,KACTL,680,1.065667
14,simd-v0,680,0.129431
14,393435,680,0.089016
14,ours-406478,680,0.056335
14,simd-v0,681,0.119303
14,393435,681,0.088946
14,ours-406478,681,0.056294
14,KACTL,681,1.070265
14,393435,682,0.089277
14,ours-406478,682,0.056265
14,KACTL,682,1.065226
14,simd-v0,682,0.119453
14,ours-406478,683,0.056285
14,KACTL,683,1.082188
14,simd-v0,683,0.119263
14,393435,683,0.088876
14,KACTL,684,1.065677
14,simd-v0,684,0.119232
14,393435,684,0.089026
14,ours-406478,684,0.056296
14,simd-v0,685,0.119262
14,393435,685,0.089026
14,ours-406478,685,0.056255
14,KACTL,685,1.069033
14,393435,686,0.098834
14,ours-406478,686,0.056355
14,KACTL,686,1.065366
14,simd-v0,686,0.119233
14,ours-406478,687,0.056315
14,KACTL,687,1.072119
14,simd-v0,687,0.119262
14,393435,687,0.089046
14,KACTL,688,1.066188
14,simd-v0,688,0.119213
14,393435,688,0.099296
14,ours-406478,688,0.056345
14,simd-v0,689,0.119343
14,393435,689,0.089006
14,ours-406478,689,0.056275
14,KACTL,689,1.070325
14,393435,690,0.089037
14,ours-406478,690,0.056365
14,KACTL,690,1.067040
14,simd-v0,690,0.119212
14,ours-406478,691,0.056245
14,KACTL,691,1.071578
14,simd-v0,691,0.129992
14,393435,691,0.089046
14,KACTL,692,1.064835
14,simd-v0,692,0.119363
14,393435,692,0.089507
14,ours-406478,692,0.056345
14,simd-v0,693,0.119352
14,393435,693,0.088855
14,ours-406478,693,0.056415
14,KACTL,693,1.069794
14,393435,694,0.088986
14,ours-406478,694,0.066954
14,KACTL,694,1.066238
14,simd-v0,694,0.119483
14,ours-406478,695,0.056315
14,KACTL,695,1.069033
14,simd-v0,695,0.119272
14,393435,695,0.088966
14,KACTL,696,1.068311
14,simd-v0,696,0.119242
14,393435,696,0.089727
14,ours-406478,696,0.056245
14,simd-v0,697,0.129892
14,393435,697,0.089126
14,ours-406478,697,0.056265
14,KACTL,697,1.082288
14,393435,698,0.089076
14,ours-406478,698,0.061715
14,KACTL,698,1.188195
14,simd-v0,698,0.142717
14,ours-406478,699,0.079368
14,KACTL,699,1.466514
14,simd-v0,699,0.143888
14,393435,699,0.113511
14,KACTL,700,1.455053
14,simd-v0,700,0.143808
14,393435,700,0.113792
14,ours-406478,700,0.078917
14,simd-v0,701,0.143447
14,393435,701,0.117850
14,ours-406478,701,0.085138
14,KACTL,701,1.463319
14,393435,702,0.114353
14,ours-406478,702,0.079809
14,KACTL,702,1.346681
14,simd-v0,702,0.141533
14,ours-406478,703,0.056806
14,KACTL,703,1.070887
14,simd-v0,703,0.119342
14,393435,703,0.089627
14,KACTL,704,1.069253
14,simd-v0,704,0.119352
14,393435,704,0.089167
14,ours-406478,704,0.056535
14,simd-v0,705,0.119252
14,393435,705,0.104926
14,ours-406478,705,0.056425
14,KACTL,705,1.071287
14,393435,706,0.089607
14,ours-406478,706,0.056475
14,KACTL,706,1.065567
14,simd-v0,706,0.119222
14,ours-406478,707,0.056305
14,KACTL,707,1.070195
14,simd-v0,707,0.119222
14,393435,707,0.089327
14,KACTL,708,1.430377
14,simd-v0,708,0.152233
14,393435,708,0.114654
14,ours-406478,708,0.083345
14,simd-v0,709,0.147234
14,393435,709,0.110567
14,ours-406478,709,0.102862
14,KACTL,709,1.212361
14,393435,710,0.095759
14,ours-406478,710,0.058268
14,KACTL,710,1.076467
14,simd-v0,710,0.119623
14,ours-406478,711,0.056596
14,KACTL,711,1.091075
14,simd-v0,711,0.119282
14,393435,711,0.110395
14,KACTL,712,1.076998
14,simd-v0,712,0.119443
14,393435,712,0.089367
14,ours-406478,712,0.056545
14,simd-v0,713,0.119172
14,393435,713,0.088856
14,ours-406478,713,0.056235
14,KACTL,713,1.081657
14,393435,714,0.089106
14,ours-406478,714,0.056134
14,KACTL,714,1.086585
14,simd-v0,714,0.119583
14,ours-406478,715,0.056515
14,KACTL,715,1.086105
14,simd-v0,715,0.119313
14,393435,715,0.089256
14,KACTL,716,1.068893
14,simd-v0,716,0.226442
14,393435,716,0.151392
14,ours-406478,716,0.129331
14,simd-v0,717,0.242482
14,393435,717,0.141735
14,ours-406478,717,0.056556
14,KACTL,717,1.084713
14,393435,718,0.089547
14,ours-406478,718,0.056295
14,KACTL,718,1.085824
14,simd-v0,718,0.119453
14,ours-406478,719,0.056425
14,KACTL,719,1.076517
14,simd-v0,719,0.119443
14,393435,719,0.089246
14,KACTL,720,1.073963
14,simd-v0,720,0.119393
14,393435,720,0.089377
14,ours-406478,720,0.056385
14,simd-v0,721,0.136655
14,393435,721,0.089217
14,ours-406478,721,0.056205
14,KACTL,721,1.070977
14,393435,722,0.089156
14,ours-406478,722,0.056235
14,KACTL,722,1.074604
14,simd-v0,722,0.119432
14,ours-406478,723,0.056356
14,KACTL,723,1.075585
14,simd-v0,723,0.123069
14,393435,723,0.089377
14,KACTL,724,1.070726
14,simd-v0,724,0.119422
14,393435,724,0.089287
14,ours-406478,724,0.056436
14,simd-v0,725,0.119192
14,393435,725,0.089276
14,ours-406478,725,0.056395
14,KACTL,725,1.081146
14,393435,726,0.089737
14,ours-406478,726,0.056205
14,KACTL,726,1.073161
14,simd-v0,726,0.137125
14,ours-406478,727,0.056335
14,KACTL,727,1.132631
14,simd-v0,727,0.119232
14,393435,727,0.089297
14,KACTL,728,1.066599
14,simd-v0,728,0.119382
14,393435,728,0.089317
14,ours-406478,728,0.056455
14,simd-v0,729,0.129852
14,393435,729,0.089146
14,ours-406478,729,0.056296
14,KACTL,729,1.070105
14,393435,730,0.089036
14,ours-406478,730,0.056335
14,KACTL,730,1.067510
14,simd-v0,730,0.126435
14,ours-406478,731,0.056355
14,KACTL,731,1.069394
14,simd-v0,731,0.119202
14,393435,731,0.089698
14,KACTL,732,1.068091
14,simd-v0,732,0.119283
14,393435,732,0.089186
14,ours-406478,732,0.056335
14,simd-v0,733,0.119142
14,393435,733,0.088605
14,ours-406478,733,0.056255
14,KACTL,733,1.070025
14,393435,734,0.089267
14,ours-406478,734,0.056395
14,KACTL,734,1.065316
14,simd-v0,734,0.129522
14,ours-406478,735,0.056356
14,KACTL,735,1.070486
14,simd-v0,735,0.119262
14,393435,735,0.089287
14,KACTL,736,1.066778
14,simd-v0,736,0.119392
14,393435,736,0.089127
14,ours-406478,736,0.056375
14,simd-v0,737,0.119243
14,393435,737,0.099655
14,ours-406478,737,0.056305
14,KACTL,737,1.069754
14,393435,738,0.088935
14,ours-406478,738,0.056285
14,KACTL,738,1.065857
14,simd-v0,738,0.119253
14,ours-406478,739,0.056315
14,KACTL,739,1.069153
14,simd-v0,739,0.119332
14,393435,739,0.089026
14,KACTL,740,1.068592
14,simd-v0,740,0.129712
14,393435,740,0.089176
14,ours-406478,740,0.056395
14,simd-v0,741,0.119273
14,393435,741,0.089086
14,ours-406478,741,0.056315
14,KACTL,741,1.072620
14,393435,742,0.088716
14,ours-406478,742,0.056145
14,KACTL,742,1.067039
14,simd-v0,742,0.119402
14,ours-406478,743,0.067336
14,KACTL,743,1.082909
14,simd-v0,743,0.119212
14,393435,743,0.089477
14,KACTL,744,1.067149
14,simd-v0,744,0.119253
14,393435,744,0.088955
14,ours-406478,744,0.056536
14,simd-v0,745,0.119282
14,393435,745,0.088805
14,ours-406478,745,0.056224
14,KACTL,745,1.083500
14,393435,746,0.088916
14,ours-406478,746,0.056325
14,KACTL,746,1.066950
14,simd-v0,746,0.119202
14,ours-406478,747,0.056295
14,KACTL,747,1.072580
14,simd-v0,747,0.119332
14,393435,747,0.088905
14,KACTL,748,1.065656
14,simd-v0,748,0.119252
14,393435,748,0.089106
14,ours-406478,748,0.056395
14,simd-v0,749,0.119192
14,393435,749,0.089036
14,ours-406478,749,0.056296
14,KACTL,749,1.071779
14,393435,750,0.089426
14,ours-406478,750,0.056275
14,KACTL,750,1.067230
14,simd-v0,750,0.119623
14,ours-406478,751,0.056365
14,KACTL,751,1.093378
14,simd-v0,751,0.120104
14,393435,751,0.089156
14,KACTL,752,1.066849
14,simd-v0,752,0.119283
14,393435,752,0.088725
14,ours-406478,752,0.056285
14,simd-v0,753,0.119393
14,393435,753,0.088946
14,ours-406478,753,0.056314
14,KACTL,753,1.069173
14,393435,754,0.102010
14,ours-406478,754,0.060793
14,KACTL,754,1.066829
14,simd-v0,754,0.119323
14,ours-406478,755,0.056315
14,KACTL,755,1.070827
14,simd-v0,755,0.119413
14,393435,755,0.089057
14,KACTL,756,1.066057
14,simd-v0,756,0.119362
14,393435,756,0.099806
14,ours-406478,756,0.057056
14,simd-v0,757,0.119262
14,393435,757,0.088695
14,ours-406478,757,0.056315
14,KACTL,757,1.070526
14,393435,758,0.088956
14,ours-406478,758,0.056265
14,KACTL,758,1.066218
14,simd-v0,758,0.119373
14,ours-406478,759,0.056265
14,KACTL,759,1.068842
14,simd-v0,759,0.129331
14,393435,759,0.088805
14,KACTL,760,1.067310
14,simd-v0,760,0.119232
14,393435,760,0.089056
14,ours-406478,760,0.056225
14,simd-v0,761,0.119202
14,393435,761,0.088354
14,ours-406478,761,0.056215
14,KACTL,761,1.069594
14,393435,762,0.091570
14,ours-406478,762,0.066705
14,KACTL,762,1.068041
14,simd-v0,762,0.119382
14,ours-406478,763,0.056325
14,KACTL,763,1.071758
14,simd-v0,763,0.119242
14,393435,763,0.089056
14,KACTL,764,1.066679
14,simd-v0,764,0.119222
14,393435,764,0.089136
14,ours-406478,764,0.056335
14,simd-v0,765,0.130513
14,393435,765,0.089186
14,ours-406478,765,0.056325
14,KACTL,765,1.069563
14,393435,766,0.088856
14,ours-406478,766,0.056245
14,KACTL,766,1.066278
14,simd-v0,766,0.119332
14,ours-406478,767,0.056415
14,KACTL,767,1.070807
14,simd-v0,767,0.119393
14,393435,767,0.099375
14,KACTL,768,1.064604
14,simd-v0,768,0.119313
14,393435,768,0.089317
14,ours-406478,768,0.056325
14,simd-v0,769,0.119212
14,393435,769,0.089075
14,ours-406478,769,0.056185
14,KACTL,769,1.072640
14,393435,770,0.088946
14,ours-406478,770,0.056235
14,KACTL,770,1.065858
14,simd-v0,770,0.129331
14,ours-406478,771,0.056425
14,KACTL,771,1.069824
14,simd-v0,771,0.119382
14,393435,771,0.088966
14,KACTL,772,1.066768
14,simd-v0,772,0.119452
14,393435,772,0.089146
14,ours-406478,772,0.056255
14,simd-v0,773,0.119253
14,393435,773,0.099335
14,ours-406478,773,0.056285
14,KACTL,773,1.069604
14,393435,774,0.088736
14,ours-406478,774,0.056264
14,KACTL,774,1.065857
14,simd-v0,774,0.119392
14,ours-406478,775,0.056275
14,KACTL,775,1.082409
14,simd-v0,775,0.119422
14,393435,775,0.088545
14,KACTL,776,1.079152
14,simd-v0,776,0.119292
14,393435,776,0.088916
14,ours-406478,776,0.056325
14,simd-v0,777,0.119282
14,393435,777,0.088926
14,ours-406478,777,0.056215
14,KACTL,777,1.081286
14,393435,778,0.088946
14,ours-406478,778,0.056225
14,KACTL,778,1.065326
14,simd-v0,778,0.129451
14,ours-406478,779,0.056315
14,KACTL,779,1.069855
14,simd-v0,779,0.119273
14,393435,779,0.088585
14,KACTL,780,1.065687
14,simd-v0,780,0.119313
14,393435,780,0.088976
14,ours-406478,780,0.056295
14,simd-v0,781,0.119473
14,393435,781,0.089477
14,ours-406478,781,0.087263
14,KACTL,781,1.082148
14,393435,782,0.089266
14,ours-406478,782,0.056416
14,KACTL,782,1.065487
14,simd-v0,782,0.119302
14,ours-406478,783,0.056255
14,KACTL,783,1.069493
14,simd-v0,783,0.119293
14,393435,783,0.088996
14,KACTL,784,1.067259
14,simd-v0,784,0.129862
14,393435,784,0.088885
14,ours-406478,784,0.056325
14,simd-v0,785,0.119253
14,393435,785,0.089156
14,ours-406478,785,0.056345
14,KACTL,785,1.070686
14,393435,786,0.089156
14,ours-406478,786,0.056276
14,KACTL,786,1.068392
14,simd-v0,786,0.119393
14,ours-406478,787,0.067436
14,KACTL,787,1.069474
14,simd-v0,787,0.119312
14,393435,787,0.089306
14,KACTL,788,1.067190
14,simd-v0,788,0.119302
14,393435,788,0.088666
14,ours-406478,788,0.056295
14,simd-v0,789,0.119453
14,393435,789,0.089106
14,ours-406478,789,0.056285
14,KACTL,789,1.079683
14,393435,790,0.088785
14,ours-406478,790,0.056395
14,KACTL,790,1.065877
14,simd-v0,790,0.121687
14,ours-406478,791,0.056345
14,KACTL,791,1.075746
14,simd-v0,791,0.119182
14,393435,791,0.088956
14,KACTL,792,1.065758
14,simd-v0,792,0.119422
14,393435,792,0.099566
14,ours-406478,792,0.056466
14,simd-v0,793,0.122648
14,393435,793,0.089106
14,ours-406478,793,0.056376
14,KACTL,793,1.073070
14,393435,794,0.089056
14,ours-406478,794,0.057017
14,KACTL,794,1.066559
14,simd-v0,794,0.119473
14,ours-406478,795,0.056255
14,KACTL,795,1.082709
14,simd-v0,795,0.119362
14,393435,795,0.089286
14,KACTL,796,1.068041
14,simd-v0,796,0.119192
14,393435,796,0.089647
14,ours-406478,796,0.056335
14,simd-v0,797,0.119162
14,393435,797,0.089206
14,ours-406478,797,0.056205
14,KACTL,797,1.077449
14,393435,798,0.099606
14,ours-406478,798,0.056245
14,KACTL,798,1.067470
14,simd-v0,798,0.119312
14,ours-406478,799,0.056376
14,KACTL,799,1.085244
14,simd-v0,799,0.119473
14,393435,799,0.089126
14,KACTL,800,1.066529
14,simd-v0,800,0.119202
14,393435,800,0.099876
14,ours-406478,800,0.056285
14,simd-v0,801,0.119382
14,393435,801,0.089056
14,ours-406478,801,0.056195
14,KACTL,801,1.071648
14,393435,802,0.093545
14,ours-406478,802,0.056235
14,KACTL,802,1.066298
14,simd-v0,802,0.119323
14,ours-406478,803,0.056305
14,KACTL,803,1.074704
14,simd-v0,803,0.129812
14,393435,803,0.088745
14,KACTL,804,1.076227
14,simd-v0,804,0.119273
14,393435,804,0.088444
14,ours-406478,804,0.056295
14,simd-v0,805,0.119012
14,393435,805,0.088735
14,ours-406478,805,0.056164
14,KACTL,805,1.069945
14,393435,806,0.101680
14,ours-406478,806,0.056305
14,KACTL,806,1.065557
14,simd-v0,806,0.119422
14,ours-406478,807,0.056325
14,KACTL,807,1.071407
14,simd-v0,807,0.119412
14,393435,807,0.088866
14,KACTL,808,1.065897
14,simd-v0,808,0.119342
14,393435,808,0.088976
14,ours-406478,808,0.067055
14,simd-v0,809,0.119212
14,393435,809,0.089006
14,ours-406478,809,0.056426
14,KACTL,809,1.070586
14,393435,810,0.088976
14,ours-406478,810,0.056245
14,KACTL,810,1.066588
14,simd-v0,810,0.119283
14,ours-406478,811,0.056255
14,KACTL,811,1.071197
14,simd-v0,811,0.119313
14,393435,811,0.099346
14,KACTL,812,1.064735
14,simd-v0,812,0.119362
14,393435,812,0.089106
14,ours-406478,812,0.056285
14,simd-v0,813,0.119313
14,393435,813,0.088725
14,ours-406478,813,0.056265
14,KACTL,813,1.073732
14,393435,814,0.089236
14,ours-406478,814,0.056325
14,KACTL,814,1.074934
14,simd-v0,814,0.119313
14,ours-406478,815,0.056345
14,KACTL,815,1.070406
14,simd-v0,815,0.119192
14,393435,815,0.088986
14,KACTL,816,1.066498
14,simd-v0,816,0.119443
14,393435,816,0.089086
14,ours-406478,816,0.056316
14,simd-v0,817,0.129902
14,393435,817,0.088986
14,ours-406478,817,0.056275
14,KACTL,817,1.070075
14,393435,818,0.088565
14,ours-406478,818,0.056235
14,KACTL,818,1.067401
14,simd-v0,818,0.119292
14,ours-406478,819,0.056415
14,KACTL,819,1.070065
14,simd-v0,819,0.119382
14,393435,819,0.089056
14,KACTL,820,1.076708
14,simd-v0,820,0.119112
14,393435,820,0.088615
14,ours-406478,820,0.056215
14,simd-v0,821,0.119082
14,393435,821,0.088745
14,ours-406478,821,0.056275
14,KACTL,821,1.070746
14,393435,822,0.088966
14,ours-406478,822,0.056355
14,KACTL,822,1.066910
14,simd-v0,822,0.130603
14,ours-406478,823,0.056265
14,KACTL,823,1.081456
14,simd-v0,823,0.119403
14,393435,823,0.091992
14,KACTL,824,1.068592
14,simd-v0,824,0.119472
14,393435,824,0.089297
14,ours-406478,824,0.056315
14,simd-v0,825,0.119312
14,393435,825,0.099696
14,ours-406478,825,0.056425
14,KACTL,825,1.070155
14,393435,826,0.089877
14,ours-406478,826,0.056295
14,KACTL,826,1.065968
14,simd-v0,826,0.119292
14,ours-406478,827,0.056304
14,KACTL,827,1.069383
14,simd-v0,827,0.119292
14,393435,827,0.089066
14,KACTL,828,1.068082
14,simd-v0,828,0.130042
14,393435,828,0.088996
14,ours-406478,828,0.057056
14,simd-v0,829,0.119213
14,393435,829,0.088936
14,ours-406478,829,0.056305
14,KACTL,829,1.071708
14,393435,830,0.089176
14,ours-406478,830,0.056305
14,KACTL,830,1.067681
14,simd-v0,830,0.119262
14,ours-406478,831,0.067066
14,KACTL,831,1.070436
14,simd-v0,831,0.119383
14,393435,831,0.089917
14,KACTL,832,1.067971
14,simd-v0,832,0.119122
14,393435,832,0.088425
14,ours-406478,832,0.056275
14,simd-v0,833,0.119093
14,393435,833,0.088515
14,ours-406478,833,0.056174
14,KACTL,833,1.080995
14,393435,834,0.089226
14,ours-406478,834,0.056385
14,KACTL,834,1.066508
14,simd-v0,834,0.119353
14,ours-406478,835,0.056255
14,KACTL,835,1.073983
14,simd-v0,835,0.119373
14,393435,835,0.092292
14,KACTL,836,1.065256
14,simd-v0,836,0.119212
14,393435,836,0.099315
14,ours-406478,836,0.056285
14,simd-v0,837,0.119322
14,393435,837,0.088415
14,ours-406478,837,0.056244
14,KACTL,837,1.070666
14,393435,838,0.089056
14,ours-406478,838,0.056355
14,KACTL,838,1.064966
14,simd-v0,838,0.119382
14,ours-406478,839,0.056345
14,KACTL,839,1.068822
14,simd-v0,839,0.119222
14,393435,839,0.088825
14,KACTL,840,1.065677
14,simd-v0,840,0.119302
14,393435,840,0.089206
14,ours-406478,840,0.056245
14,simd-v0,841,0.119262
14,393435,841,0.088656
14,ours-406478,841,0.056265
14,KACTL,841,1.070516
14,393435,842,0.099626
14,ours-406478,842,0.056265
14,KACTL,842,1.066588
14,simd-v0,842,0.119283
14,ours-406478,843,0.056295
14,KACTL,843,1.070726
14,simd-v0,843,0.119272
14,393435,843,0.088926
14,KACTL,844,1.066178
14,simd-v0,844,0.119322
14,393435,844,0.088976
14,ours-406478,844,0.066815
14,simd-v0,845,0.119323
14,393435,845,0.089077
14,ours-406478,845,0.056275
14,KACTL,845,1.070185
14,393435,846,0.089186
14,ours-406478,846,0.056375
14,KACTL,846,1.065477
14,simd-v0,846,0.119253
14,ours-406478,847,0.056325
14,KACTL,847,1.070616
14,simd-v0,847,0.137907
14,393435,847,0.090379
14,KACTL,848,1.066970
14,simd-v0,848,0.119472
14,393435,848,0.089026
14,ours-406478,848,0.056495
14,simd-v0,849,0.119252
14,393435,849,0.088725
14,ours-406478,849,0.056275
14,KACTL,849,1.069734
14,393435,850,0.088976
14,ours-406478,850,0.058879
14,KACTL,850,1.076638
14,simd-v0,850,0.119413
14,ours-406478,851,0.056285
14,KACTL,851,1.070937
14,simd-v0,851,0.119343
14,393435,851,0.088915
14,KACTL,852,1.066909
14,simd-v0,852,0.119303
14,393435,852,0.088856
14,ours-406478,852,0.056325
14,simd-v0,853,0.129572
14,393435,853,0.088886
14,ours-406478,853,0.056285
14,KACTL,853,1.070075
14,393435,854,0.088635
14,ours-406478,854,0.056195
14,KACTL,854,1.064946
14,simd-v0,854,0.119192
14,ours-406478,855,0.056425
14,KACTL,855,1.069293
14,simd-v0,855,0.119372
14,393435,855,0.089056
14,KACTL,856,1.076527
14,simd-v0,856,0.119252
14,393435,856,0.090198
14,ours-406478,856,0.056425
14,simd-v0,857,0.119302
14,393435,857,0.089056
14,ours-406478,857,0.056225
14,KACTL,857,1.079423
14,393435,858,0.089176
14,ours-406478,858,0.056255
14,KACTL,858,1.067399
14,simd-v0,858,0.131646
14,ours-406478,859,0.056375
14,KACTL,859,1.069665
14,simd-v0,859,0.119272
14,393435,859,0.089116
14,KACTL,860,1.064986
14,simd-v0,860,0.119323
14,393435,860,0.089076
14,ours-406478,860,0.056385
14,simd-v0,861,0.119132
14,393435,861,0.099606
14,ours-406478,861,0.056335
14,KACTL,861,1.070035
14,393435,862,0.088735
14,ours-406478,862,0.057146
14,KACTL,862,1.065887
14,simd-v0,862,0.119373
14,ours-406478,863,0.056355
14,KACTL,863,1.069824
14,simd-v0,863,0.119352
14,393435,863,0.089557
14,KACTL,864,1.065607
14,simd-v0,864,0.132296
14,393435,864,0.089287
14,ours-406478,864,0.056445
14,simd-v0,865,0.119333
14,393435,865,0.088896
14,ours-406478,865,0.056244
14,KACTL,865,1.070375
14,393435,866,0.089127
14,ours-406478,866,0.056305
14,KACTL,866,1.067430
14,simd-v0,866,0.119382
14,ours-406478,867,0.066835
14,KACTL,867,1.070425
14,simd-v0,867,0.119252
14,393435,867,0.089346
14,KACTL,868,1.065006
14,simd-v0,868,0.119352
14,393435,868,0.088966
14,ours-406478,868,0.056366
14,simd-v0,869,0.119402
14,393435,869,0.089577
14,ours-406478,869,0.056175
14,KACTL,869,1.081387
14,393435,870,0.089106
14,ours-406478,870,0.056305
14,KACTL,870,1.066648
14,simd-v0,870,0.119413
14,ours-406478,871,0.056315
14,KACTL,871,1.071077
14,simd-v0,871,0.119463
14,393435,871,0.089356
14,KACTL,872,1.079673
14,simd-v0,872,0.119603
14,393435,872,0.099786
14,ours-406478,872,0.056325
14,simd-v0,873,0.119263
14,393435,873,0.089116
14,ours-406478,873,0.056195
14,KACTL,873,1.070656
14,393435,874,0.089216
14,ours-406478,874,0.056285
14,KACTL,874,1.066529
14,simd-v0,874,0.119322
14,ours-406478,875,0.056335
14,KACTL,875,1.078490
14,simd-v0,875,0.119292
14,393435,875,0.089046
14,KACTL,876,1.065587
14,simd-v0,876,0.119293
14,393435,876,0.088625
14,ours-406478,876,0.056255
14,simd-v0,877,0.119353
14,393435,877,0.089086
14,ours-406478,877,0.056325
14,KACTL,877,1.070666
14,393435,878,0.099396
14,ours-406478,878,0.056265
14,KACTL,878,1.068192
14,simd-v0,878,0.119293
14,ours-406478,879,0.057076
14,KACTL,879,1.073822
14,simd-v0,879,0.119252
14,393435,879,0.089036
14,KACTL,880,1.066699
14,simd-v0,880,0.119323
14,393435,880,0.088876
14,ours-406478,880,0.066854
14,simd-v0,881,0.119172
14,393435,881,0.089397
14,ours-406478,881,0.056405
14,KACTL,881,1.069303
14,393435,882,0.089837
14,ours-406478,882,0.056345
14,KACTL,882,1.065286
14,simd-v0,882,0.119333
14,ours-406478,883,0.056395
14,KACTL,883,1.069805
14,simd-v0,883,0.129802
14,393435,883,0.089156
14,KACTL,884,1.097416
14,simd-v0,884,0.119413
14,393435,884,0.089236
14,ours-406478,884,0.056505
14,simd-v0,885,0.119253
14,393435,885,0.089597
14,ours-406478,885,0.064620
14,KACTL,885,1.090684
14,393435,886,0.127868
14,ours-406478,886,0.077986
14,KACTL,886,1.193986
14,simd-v0,886,0.119693
14,ours-406478,887,0.056855
14,KACTL,887,1.071949
14,simd-v0,887,0.119423
14,393435,887,0.089737
14,KACTL,888,1.067170
14,simd-v0,888,0.129632
14,393435,888,0.089377
14,ours-406478,888,0.056405
14,simd-v0,889,0.119342
14,393435,889,0.088975
14,ours-406478,889,0.056405
14,KACTL,889,1.070526
14,393435,890,0.089376
14,ours-406478,890,0.056335
14,KACTL,890,1.066758
14,simd-v0,890,0.119342
14,ours-406478,891,0.056365
14,KACTL,891,1.080124
14,simd-v0,891,0.119242
14,393435,891,0.088966
14,KACTL,892,1.065677
14,simd-v0,892,0.119352
14,393435,892,0.089206
14,ours-406478,892,0.057036
14,simd-v0,893,0.119202
14,393435,893,0.089457
14,ours-406478,893,0.056335
14,KACTL,893,1.071537
14,393435,894,0.099235
14,ours-406478,894,0.056446
14,KACTL,894,1.066519
14,simd-v0,894,0.119202
14,ours-406478,895,0.057006
14,KACTL,895,1.070456
14,simd-v0,895,0.119322
14,393435,895,0.088726
14,KACTL,896,1.067350
14,simd-v0,896,0.119303
14,393435,896,0.099426
14,ours-406478,896,0.056335
14,simd-v0,897,0.119242
14,393435,897,0.089176
14,ours-406478,897,0.056274
14,KACTL,897,1.070876
14,393435,898,0.089307
14,ours-406478,898,0.056355
14,KACTL,898,1.077629
14,simd-v0,898,0.119594
14,ours-406478,899,0.056365
14,KACTL,899,1.070325
14,simd-v0,899,0.130353
14,393435,899,0.088766
14,KACTL,900,1.076577
14,simd-v0,900,0.119213
14,393435,900,0.089326
14,ours-406478,900,0.056265
14,simd-v0,901,0.119262
14,393435,901,0.088635
14,ours-406478,901,0.056255
14,KACTL,901,1.072239
14,393435,902,0.089066
14,ours-406478,902,0.066664
14,KACTL,902,1.065998
14,simd-v0,902,0.119192
14,ours-406478,903,0.056305
14,KACTL,903,1.069324
14,simd-v0,903,0.119333
14,393435,903,0.088745
14,KACTL,904,1.064946
14,simd-v0,904,0.119362
14,393435,904,0.088745
14,ours-406478,904,0.056245
14,simd-v0,905,0.130353
14,393435,905,0.089036
14,ours-406478,905,0.056325
14,KACTL,905,1.070215
14,393435,906,0.089156
14,ours-406478,906,0.056245
14,KACTL,906,1.065958
14,simd-v0,906,0.119343
14,ours-406478,907,0.056355
14,KACTL,907,1.069624
14,simd-v0,907,0.119282
14,393435,907,0.099947
14,KACTL,908,1.066689
14,simd-v0,908,0.119342
14,393435,908,0.088966
14,ours-406478,908,0.056325
14,simd-v0,909,0.119102
14,393435,909,0.089337
14,ours-406478,909,0.056365
14,KACTL,909,1.068822
14,393435,910,0.089286
14,ours-406478,910,0.056245
14,KACTL,910,1.087588
14,simd-v0,910,0.119353
14,ours-406478,911,0.056405
14,KACTL,911,1.069464
14,simd-v0,911,0.119342
14,393435,911,0.089347
14,KACTL,912,1.065657
14,simd-v0,912,0.119302
14,393435,912,0.088946
14,ours-406478,912,0.056336
14,simd-v0,913,0.119322
14,393435,913,0.099505
14,ours-406478,913,0.056255
14,KACTL,913,1.070756
14,393435,914,0.089267
14,ours-406478,914,0.056265
14,KACTL,914,1.067690
14,simd-v0,914,0.119373
14,ours-406478,915,0.056285
14,KACTL,915,1.070586
14,simd-v0,915,0.119242
14,393435,915,0.088836
14,KACTL,916,1.077368
14,simd-v0,916,0.119232
14,393435,916,0.091280
14,ours-406478,916,0.056365
14,simd-v0,917,0.119142
14,393435,917,0.089768
14,ours-406478,917,0.056195
14,KACTL,917,1.070837
14,393435,918,0.089146
14,ours-406478,918,0.056265
14,KACTL,918,1.065686
14,simd-v0,918,0.129742
14,ours-406478,919,0.056816
14,KACTL,919,1.069344
14,simd-v0,919,0.119342
14,393435,919,0.089116
14,KACTL,920,1.066758
14,simd-v0,920,0.119343
14,393435,920,0.088826
14,ours-406478,920,0.057016
14,simd-v0,921,0.119132
14,393435,921,0.089196
14,ours-406478,921,0.066585
14,KACTL,921,1.068702
14,393435,922,0.088756
14,ours-406478,922,0.056255
14,KACTL,922,1.066178
14,simd-v0,922,0.120094
14,ours-406478,923,0.056405
14,KACTL,923,1.071878
14,simd-v0,923,0.119272
14,393435,923,0.088986
14,KACTL,924,1.068522
14,simd-v0,924,0.131866
14,393435,924,0.088846
14,ours-406478,924,0.056295
14,simd-v0,925,0.119442
14,393435,925,0.089427
14,ours-406478,925,0.056235
14,KACTL,925,1.071267
14,393435,926,0.088976
14,ours-406478,926,0.056244
14,KACTL,926,1.066177
14,simd-v0,926,0.119282
14,ours-406478,927,0.056305
14,KACTL,927,1.133383
14,simd-v0,927,0.119272
14,393435,927,0.089316
14,KACTL,928,1.079352
14,simd-v0,928,0.119262
14,393435,928,0.088936
14,ours-406478,928,0.056465
14,simd-v0,929,0.119303
14,393435,929,0.088826
14,ours-406478,929,0.056345
14,KACTL,929,1.067860
14,393435,930,0.089327
14,ours-406478,930,0.056425
14,KACTL,930,1.067911
14,simd-v0,930,0.119482
14,ours-406478,931,0.056314
14,KACTL,931,1.069855
14,simd-v0,931,0.119282
14,393435,931,0.089046
14,KACTL,932,1.068232
14,simd-v0,932,0.129641
14,393435,932,0.089146
14,ours-406478,932,0.056334
14,simd-v0,933,0.119352
14,393435,933,0.089948
14,ours-406478,933,0.056235
14,KACTL,933,1.095854
14,393435,934,0.088946
14,ours-406478,934,0.056576
14,KACTL,934,1.067840
14,simd-v0,934,0.119452
14,ours-406478,935,0.056314
14,KACTL,935,1.082247
14,simd-v0,935,0.119353
14,393435,935,0.089157
14,KACTL,936,1.066488
14,simd-v0,936,0.119493
14,393435,936,0.089157
14,ours-406478,936,0.056265
14,simd-v0,937,0.119162
14,393435,937,0.088826
14,ours-406478,937,0.056325
14,KACTL,937,1.072300
14,393435,938,0.089256
14,ours-406478,938,0.056365
14,KACTL,938,1.065606
14,simd-v0,938,0.119383
14,ours-406478,939,0.056305
14,KACTL,939,1.071107
14,simd-v0,939,0.119382
14,393435,939,0.089076
14,KACTL,940,1.065397
14,simd-v0,940,0.119492
14,393435,940,0.099125
14,ours-406478,940,0.056455
14,simd-v0,941,0.119332
14,393435,941,0.088324
14,ours-406478,941,0.056355
14,KACTL,941,1.070816
14,393435,942,0.088845
14,ours-406478,942,0.056255
14,KACTL,942,1.066018
14,simd-v0,942,0.119322
14,ours-406478,943,0.056456
14,KACTL,943,1.069364
14,simd-v0,943,0.129662
14,393435,943,0.089256
14,KACTL,944,1.065507
14,simd-v0,944,0.119222
14,393435,944,0.088936
14,ours-406478,944,0.056225
14,simd-v0,945,0.119162
14,393435,945,0.089006
14,ours-406478,945,0.056325
14,KACTL,945,1.090443
14,393435,946,0.100738
14,ours-406478,946,0.056655
14,KACTL,946,1.066639
14,simd-v0,946,0.119383
14,ours-406478,947,0.056385
14,KACTL,947,1.084151
14,simd-v0,947,0.120014
14,393435,947,0.089187
14,KACTL,948,1.067010
14,simd-v0,948,0.119483
14,393435,948,0.089226
14,ours-406478,948,0.066974
14,simd-v0,949,0.119313
14,393435,949,0.088906
14,ours-406478,949,0.056315
14,KACTL,949,1.070757
14,393435,950,0.089026
14,ours-406478,950,0.057087
14,KACTL,950,1.066048
14,simd-v0,950,0.119322
14,ours-406478,951,0.056336
14,KACTL,951,1.070025
14,simd-v0,951,0.129502
14,393435,951,0.089396
14,KACTL,952,1.067781
14,simd-v0,952,0.119313
14,393435,952,0.089016
14,ours-406478,952,0.056325
14,simd-v0,953,0.119182
14,393435,953,0.089727
14,ours-406478,953,0.056325
14,KACTL,953,1.070836
14,393435,954,0.089206
14,ours-406478,954,0.056285
14,KACTL,954,1.075655
14,simd-v0,954,0.119213
14,ours-406478,955,0.056395
14,KACTL,955,1.069243
14,simd-v0,955,0.119303
14,393435,955,0.089166
14,KACTL,956,1.065226
14,simd-v0,956,0.119242
14,393435,956,0.088976
14,ours-406478,956,0.056335
14,simd-v0,957,0.129812
14,393435,957,0.089367
14,ours-406478,957,0.056254
14,KACTL,957,1.080604
14,393435,958,0.089157
14,ours-406478,958,0.056215
14,KACTL,958,1.066128
14,simd-v0,958,0.119152
14,ours-406478,959,0.056415
14,KACTL,959,1.070426
14,simd-v0,959,0.119312
14,393435,959,0.102021
14,KACTL,960,1.065716
14,simd-v0,960,0.119423
14,393435,960,0.088565
14,ours-406478,960,0.056225
14,simd-v0,961,0.119423
14,393435,961,0.088855
14,ours-406478,961,0.056325
14,KACTL,961,1.070425
14,393435,962,0.088955
14,ours-406478,962,0.056275
14,KACTL,962,1.065246
14,simd-v0,962,0.129481
14,ours-406478,963,0.056285
14,KACTL,963,1.068462
14,simd-v0,963,0.119303
14,393435,963,0.088986
14,KACTL,964,1.065836
14,simd-v0,964,0.120113
14,393435,964,0.088966
14,ours-406478,964,0.056265
14,simd-v0,965,0.120805
14,393435,965,0.106058
14,ours-406478,965,0.056245
14,KACTL,965,1.070927
14,393435,966,0.088896
14,ours-406478,966,0.056356
14,KACTL,966,1.066378
14,simd-v0,966,0.119363
14,ours-406478,967,0.056365
14,KACTL,967,1.093348
14,simd-v0,967,0.119283
14,393435,967,0.089387
14,KACTL,968,1.067360
14,simd-v0,968,0.119312
14,393435,968,0.089026
14,ours-406478,968,0.056546
14,simd-v0,969,0.119293
14,393435,969,0.088846
14,ours-406478,969,0.056265
14,KACTL,969,1.070726
14,393435,970,0.088805
14,ours-406478,970,0.056295
14,KACTL,970,1.065827
14,simd-v0,970,0.131646
14,ours-406478,971,0.056255
14,KACTL,971,1.069193
14,simd-v0,971,0.119262
14,393435,971,0.088776
14,KACTL,972,1.065847
14,simd-v0,972,0.119252
14,393435,972,0.088866
14,ours-406478,972,0.056345
14,simd-v0,973,0.119312
14,393435,973,0.089246
14,ours-406478,973,0.066694
14,KACTL,973,1.069514
14,393435,974,0.089076
14,ours-406478,974,0.056265
14,KACTL,974,1.069133
14,simd-v0,974,0.119243
14,ours-406478,975,0.056275
14,KACTL,975,1.068963
14,simd-v0,975,0.119243
14,393435,975,0.089346
14,KACTL,976,1.064996
14,simd-v0,976,0.129581
14,393435,976,0.089397
14,ours-406478,976,0.056374
14,simd-v0,977,0.119152
14,393435,977,0.088956
14,ours-406478,977,0.056285
14,KACTL,977,1.071728
14,393435,978,0.088545
14,ours-406478,978,0.056315
14,KACTL,978,1.066168
14,simd-v0,978,0.119323
14,ours-406478,979,0.056896
14,KACTL,979,1.077850
14,simd-v0,979,0.119413
14,393435,979,0.088976
14,KACTL,980,1.064916
14,simd-v0,980,0.119192
14,393435,980,0.089116
14,ours-406478,980,0.056265
14,simd-v0,981,0.119182
14,393435,981,0.089087
14,ours-406478,981,0.056405
14,KACTL,981,1.070545
14,393435,982,0.112420
14,ours-406478,982,0.056295
14,KACTL,982,1.066278
14,simd-v0,982,0.119362
14,ours-406478,983,0.056385
14,KACTL,983,1.070596
14,simd-v0,983,0.119253
14,393435,983,0.088997
14,KACTL,984,1.066458
14,simd-v0,984,0.119072
14,393435,984,0.089056
14,ours-406478,984,0.066564
14,simd-v0,985,0.119452
14,393435,985,0.088946
14,ours-406478,985,0.056375
14,KACTL,985,1.070296
14,393435,986,0.089026
14,ours-406478,986,0.056205
14,KACTL,986,1.065817
14,simd-v0,986,0.119302
14,ours-406478,987,0.056305
14,KACTL,987,1.069745
14,simd-v0,987,0.130042
14,393435,987,0.088866
14,KACTL,988,1.067320
14,simd-v0,988,0.119292
14,393435,988,0.088756
14,ours-406478,988,0.056296
14,simd-v0,989,0.119302
14,393435,989,0.088996
14,ours-406478,989,0.056285
14,KACTL,989,1.072209
14,393435,990,0.088655
14,ours-406478,990,0.067015
14,KACTL,990,1.067971
14,simd-v0,990,0.119282
14,ours-406478,991,0.056254
14,KACTL,991,1.071658
14,simd-v0,991,0.119293
14,393435,991,0.088926
14,KACTL,992,1.077038
14,simd-v0,992,0.119272
14,393435,992,0.089136
14,ours-406478,992,0.056395
14,simd-v0,993,0.130093
14,393435,993,0.088886
14,ours-406478,993,0.056275
14,KACTL,993,1.070305
14,393435,994,0.089227
14,ours-406478,994,0.056225
14,KACTL,994,1.066038
14,simd-v0,994,0.119403
14,ours-406478,995,0.056354
14,KACTL,995,1.069484
14,simd-v0,995,0.119272
14,393435,995,0.099436
14,KACTL,996,1.068392
14,simd-v0,996,0.119222
14,393435,996,0.088846
14,ours-406478,996,0.056314
14,simd-v0,997,0.119292
14,393435,997,0.088956
14,ours-406478,997,0.056315
14,KACTL,997,1.069333
14,393435,998,0.089347
14,ours-406478,998,0.056245
14,KACTL,998,1.066699
14,simd-v0,998,0.129662
14,ours-406478,999,0.056315
14,KACTL,999,1.069153
14,simd-v0,999,0.119323
14,393435,999,0.089097
14,KACTL,1000,1.065897
14,simd-v0,1000,0.119272
14,393435,1000,0.089066
14,ours-406478,1000,0.056335
15,KACTL,0,2.380168
15,simd-v0,0,0.246269
15,393435,0,0.180567
15,ours-406478,0,0.118771
15,simd-v0,1,0.257029
15,393435,1,0.181027
15,ours-406478,1,0.118501
15,KACTL,1,2.356624
15,393435,2,0.180857
15,ours-406478,2,0.129301
15,KACTL,2,2.362304
15,simd-v0,2,0.246460
15,ours-406478,3,0.118330
15,KACTL,3,2.365260
15,simd-v0,3,0.246790
15,393435,3,0.180998
15,KACTL,4,2.376530
15,simd-v0,4,0.246740
15,393435,4,0.180957
15,ours-406478,4,0.118511
15,simd-v0,5,0.246780
15,393435,5,0.194582
15,ours-406478,5,0.119943
15,KACTL,5,2.355361
15,393435,6,0.181088
15,ours-406478,6,0.118421
15,KACTL,6,2.376891
15,simd-v0,6,0.246610
15,ours-406478,7,0.118380
15,KACTL,7,2.384926
15,simd-v0,7,0.246931
15,393435,7,0.181879
15,KACTL,8,2.365099
15,simd-v0,8,0.257190
15,393435,8,0.181348
15,ours-406478,8,0.118521
15,simd-v0,9,0.246780
15,393435,9,0.180958
15,ours-406478,9,0.128840
15,KACTL,9,2.354069
15,393435,10,0.180958
15,ours-406478,10,0.118340
15,KACTL,10,2.387491
15,simd-v0,10,0.246590
15,ours-406478,11,0.118371
15,KACTL,11,2.357876
15,simd-v0,11,0.258762
15,393435,11,0.181318
15,KACTL,12,2.363717
15,simd-v0,12,0.257460
15,393435,12,0.181058
15,ours-406478,12,0.118391
15,simd-v0,13,0.246660
15,393435,13,0.181108
15,ours-406478,13,0.129091
15,KACTL,13,2.353688
15,393435,14,0.181168
15,ours-406478,14,0.118461
15,KACTL,14,2.393993
15,simd-v0,14,0.246199
15,ours-406478,15,0.118410
15,KACTL,15,2.357907
15,simd-v0,15,0.257961
15,393435,15,0.181238
15,KACTL,16,2.365611
15,simd-v0,16,0.247431
15,393435,16,0.182079
15,ours-406478,16,0.118351
15,simd-v0,17,0.246610
15,393435,17,0.181007
15,ours-406478,17,0.118431
15,KACTL,17,2.365631
15,393435,18,0.181178
15,ours-406478,18,0.118321
15,KACTL,18,2.366733
15,simd-v0,18,0.246570
15,ours-406478,19,0.118260
15,KACTL,19,2.353988
15,simd-v0,19,0.257510
15,393435,19,0.181589
15,KACTL,20,2.364087
15,simd-v0,20,0.246550
15,393435,20,0.200874
15,ours-406478,20,0.118401
15,simd-v0,21,0.246470
15,393435,21,0.182861
15,ours-406478,21,0.118450
15,KACTL,21,2.378384
15,393435,22,0.181097
15,ours-406478,22,0.118551
15,KACTL,22,2.365600
15,simd-v0,22,0.257039
15,ours-406478,23,0.118300
15,KACTL,23,2.355391
15,simd-v0,23,0.246409
15,393435,23,0.191738
15,KACTL,24,2.361172
15,simd-v0,24,0.246610
15,393435,24,0.180958
15,ours-406478,24,0.129101
15,simd-v0,25,0.246410
15,393435,25,0.181087
15,ours-406478,25,0.118290
15,KACTL,25,2.369408
15,393435,26,0.181027
15,ours-406478,26,0.118391
15,KACTL,26,2.363616
15,simd-v0,26,0.257300
15,ours-406478,27,0.118381
15,KACTL,27,2.353558
15,simd-v0,27,0.246629
15,393435,27,0.181478
15,KACTL,28,2.364939
15,simd-v0,28,0.246580
15,393435,28,0.181739
15,ours-406478,28,0.118331
15,simd-v0,29,0.256888
15,393435,29,0.181037
15,ours-406478,29,0.118401
15,KACTL,29,2.353347
15,393435,30,0.191477
15,ours-406478,30,0.118300
15,KACTL,30,2.362715
15,simd-v0,30,0.246510
15,ours-406478,31,0.129151
15,KACTL,31,2.356513
15,simd-v0,31,0.246450
15,393435,31,0.180857
15,KACTL,32,2.386509
15,simd-v0,32,0.246680
15,393435,32,0.183232
15,ours-406478,32,0.118521
15,simd-v0,33,0.257761
15,393435,33,0.180847
15,ours-406478,33,0.118340
15,KACTL,33,2.357556
15,393435,34,0.191618
15,ours-406478,34,0.118421
15,KACTL,34,2.361953
15,simd-v0,34,0.246539
15,ours-406478,35,0.118381
15,KACTL,35,2.365590
15,simd-v0,35,0.246600
15,393435,35,0.181017
15,KACTL,36,2.410174
15,simd-v0,36,0.246700
15,393435,36,0.181268
15,ours-406478,36,0.118811
15,simd-v0,37,0.260496
15,393435,37,0.181218
15,ours-406478,37,0.118361
15,KACTL,37,2.353297
15,393435,38,0.181007
15,ours-406478,38,0.129150
15,KACTL,38,2.365681
15,simd-v0,38,0.246771
15,ours-406478,39,0.118351
15,KACTL,39,2.364007
15,simd-v0,39,0.246660
15,393435,39,0.181168
15,KACTL,40,2.375479
15,simd-v0,40,0.246689
15,393435,40,0.181038
15,ours-406478,40,0.118340
15,simd-v0,41,0.246560
15,393435,41,0.191417
15,ours-406478,41,0.118421
15,KACTL,41,2.364909
15,393435,42,0.181468
15,ours-406478,42,0.118391
15,KACTL,42,2.376100
15,simd-v0,42,0.246439
15,ours-406478,43,0.118511
15,KACTL,43,2.375138
15,simd-v0,43,0.246560
15,393435,43,0.181388
15,KACTL,44,2.367794
15,simd-v0,44,0.257280
15,393435,44,0.180977
15,ours-406478,44,0.118370
15,simd-v0,45,0.257821
15,393435,45,0.192599
15,ours-406478,45,0.118270
15,KACTL,45,2.359408
15,393435,46,0.180948
15,ours-406478,46,0.118461
15,KACTL,46,2.376220
15,simd-v0,46,0.246720
15,ours-406478,47,0.118380
15,KACTL,47,2.399914
15,simd-v0,47,0.246620
15,393435,47,0.181699
15,KACTL,48,2.362424
15,simd-v0,48,0.262941
15,393435,48,0.183752
15,ours-406478,48,0.118431
15,simd-v0,49,0.246790
15,393435,49,0.181378
15,ours-406478,49,0.129061
15,KACTL,49,2.355672
15,393435,50,0.181087
15,ours-406478,50,0.118481
15,KACTL,50,2.370620
15,simd-v0,50,0.246821
15,ours-406478,51,0.118271
15,KACTL,51,2.355852
15,simd-v0,51,0.256889
15,393435,51,0.181208
15,KACTL,52,2.366803
15,simd-v0,52,0.257169
15,393435,52,0.182190
15,ours-406478,52,0.118370
15,simd-v0,53,0.263641
15,393435,53,0.193601
15,ours-406478,53,0.118541
15,KACTL,53,2.354149
15,393435,54,0.181338
15,ours-406478,54,0.118631
15,KACTL,54,2.387291
15,simd-v0,54,0.246530
15,ours-406478,55,0.118411
15,KACTL,55,2.356553
15,simd-v0,55,0.257219
15,393435,55,0.181228
15,KACTL,56,2.406246
15,simd-v0,56,0.267548
15,393435,56,0.182410
15,ours-406478,56,0.118801
15,simd-v0,57,0.246600
15,393435,57,0.181388
15,ours-406478,57,0.118511
15,KACTL,57,2.382512
15,393435,58,0.181298
15,ours-406478,58,0.118671
15,KACTL,58,2.377753
15,simd-v0,58,0.246630
15,ours-406478,59,0.118380
15,KACTL,59,2.353037
15,simd-v0,59,0.256959
15,393435,59,0.181519
15,KACTL,60,2.365169
15,simd-v0,60,0.246660
15,393435,60,0.191928
15,ours-406478,60,0.118401
15,simd-v0,61,0.246530
15,393435,61,0.180857
15,ours-406478,61,0.118351
15,KACTL,61,2.363447
15,393435,62,0.181178
15,ours-406478,62,0.118480
15,KACTL,62,2.366602
15,simd-v0,62,0.256979
15,ours-406478,63,0.118300
15,KACTL,63,2.354480
15,simd-v0,63,0.246630
15,393435,63,0.192098
15,KACTL,64,2.364729
15,simd-v0,64,0.260095
15,393435,64,0.181699
15,ours-406478,64,0.118441
15,simd-v0,65,0.247301
15,393435,65,0.181087
15,ours-406478,65,0.118370
15,KACTL,65,2.364147
15,393435,66,0.181438
15,ours-406478,66,0.118431
15,KACTL,66,2.362625
15,simd-v0,66,0.257921
15,ours-406478,67,0.118310
15,KACTL,67,2.364649
15,simd-v0,67,0.246690
15,393435,67,0.193641
15,KACTL,68,2.362033
15,simd-v0,68,0.246640
15,393435,68,0.180877
15,ours-406478,68,0.129191
15,simd-v0,69,0.246620
15,393435,69,0.181027
15,ours-406478,69,0.118330
15,KACTL,69,2.355070
15,393435,70,0.191648
15,ours-406478,70,0.119643
15,KACTL,70,2.362304
15,simd-v0,70,0.246479
15,ours-406478,71,0.129051
15,KACTL,71,2.353648
15,simd-v0,71,0.246669
15,393435,71,0.181659
15,KACTL,72,2.375980
15,simd-v0,72,0.246570
15,393435,72,0.180988
15,ours-406478,72,0.118350
15,simd-v0,73,0.257210
15,393435,73,0.181017
15,ours-406478,73,0.118410
15,KACTL,73,2.354640
15,393435,74,0.191578
15,ours-406478,74,0.118631
15,KACTL,74,2.364838
15,simd-v0,74,0.246770
15,ours-406478,75,0.118501
15,KACTL,75,2.364980
15,simd-v0,75,0.246559
15,393435,75,0.181027
15,KACTL,76,2.373966
15,simd-v0,76,0.246540
15,393435,76,0.181548
15,ours-406478,76,0.118370
15,simd-v0,77,0.257150
15,393435,77,0.180787
15,ours-406478,77,0.118210
15,KACTL,77,2.354259
15,393435,78,0.181028
15,ours-406478,78,0.128740
15,KACTL,78,2.375399
15,simd-v0,78,0.246750
15,ours-406478,79,0.118441
15,KACTL,79,2.398281
15,simd-v0,79,0.246760
15,393435,79,0.181859
15,KACTL,80,2.376130
15,simd-v0,80,0.247412
15,393435,80,0.180887
15,ours-406478,80,0.118491
15,simd-v0,81,0.246410
15,393435,81,0.191617
15,ours-406478,81,0.118310
15,KACTL,81,2.354209
15,393435,82,0.181148
15,ours-406478,82,0.118440
15,KACTL,82,2.378284
15,simd-v0,82,0.246580
15,ours-406478,83,0.118531
15,KACTL,83,2.364819
15,simd-v0,83,0.246539
15,393435,83,0.181238
15,KACTL,84,2.363727
15,simd-v0,84,0.257550
15,393435,84,0.181408
15,ours-406478,84,0.118300
15,simd-v0,85,0.246600
15,393435,85,0.191807
15,ours-406478,85,0.119042
15,KACTL,85,2.355862
15,393435,86,0.183592
15,ours-406478,86,0.122027
15,KACTL,86,2.372634
15,simd-v0,86,0.246560
15,ours-406478,87,0.118421
15,KACTL,87,2.363586
15,simd-v0,87,0.246599
15,393435,87,0.180737
15,KACTL,88,2.363046
15,simd-v0,88,0.264464
15,393435,88,0.181008
15,ours-406478,88,0.118281
15,simd-v0,89,0.246249
15,393435,89,0.180667
15,ours-406478,89,0.133048
15,KACTL,89,2.364238
15,393435,90,0.181017
15,ours-406478,90,0.118451
15,KACTL,90,2.375409
15,simd-v0,90,0.246490
15,ours-406478,91,0.118361
15,KACTL,91,2.364127
15,simd-v0,91,0.257631
15,393435,91,0.180977
15,KACTL,92,2.369307
15,simd-v0,92,0.257079
15,393435,92,0.181739
15,ours-406478,92,0.118360
15,simd-v0,93,0.246660
15,393435,93,0.182069
15,ours-406478,93,0.118250
15,KACTL,93,2.366693
15,393435,94,0.181008
15,ours-406478,94,0.118410
15,KACTL,94,2.373835
15,simd-v0,94,0.246650
15,ours-406478,95,0.118391
15,KACTL,95,2.353417
15,simd-v0,95,0.259494
15,393435,95,0.180958
15,KACTL,96,2.361252
15,simd-v0,96,0.246710
15,393435,96,0.191848
15,ours-406478,96,0.118290
15,simd-v0,97,0.246280
15,393435,97,0.181669
15,ours-406478,97,0.118481
15,KACTL,97,2.364718
15,393435,98,0.180807
15,ours-406478,98,0.118451
15,KACTL,98,2.362204
15,simd-v0,98,0.257720
15,ours-406478,99,0.118251
15,KACTL,99,2.356564
15,simd-v0,99,0.246590
15,393435,99,0.192319
15,KACTL,100,2.367354
15,simd-v0,100,0.246740
15,393435,100,0.181248
15,ours-406478,100,0.118601
15,simd-v0,101,0.246580
15,393435,101,0.180967
15,ours-406478,101,0.118390
15,KACTL,101,2.364779
15,393435,102,0.182350
15,ours-406478,102,0.118350
15,KACTL,102,2.367684
15,simd-v0,102,0.257379
15,ours-406478,103,0.118451
15,KACTL,103,2.355832
15,simd-v0,103,0.246550
15,393435,103,0.191617
15,KACTL,104,2.364117
15,simd-v0,104,0.246590
15,393435,104,0.181128
15,ours-406478,104,0.129702
15,simd-v0,105,0.246540
15,393435,105,0.180907
15,ours-406478,105,0.118251
15,KACTL,105,2.356012
15,393435,106,0.218908
15,ours-406478,106,0.118701
15,KACTL,106,2.366602
15,simd-v0,106,0.246730
15,ours-406478,107,0.129381
15,KACTL,107,2.353789
15,simd-v0,107,0.246590
15,393435,107,0.181518
15,KACTL,108,2.376050
15,simd-v0,108,0.246530
15,393435,108,0.181398
15,ours-406478,108,0.118451
15,simd-v0,109,0.257169
15,393435,109,0.181147
15,ours-406478,109,0.118180
15,KACTL,109,2.356053
15,393435,110,0.191277
15,ours-406478,110,0.118350
15,KACTL,110,2.363958
15,simd-v0,110,0.246530
15,ours-406478,111,0.118351
15,KACTL,111,2.436332
15,simd-v0,111,0.246670
15,393435,111,0.182130
15,KACTL,112,2.375228
15,simd-v0,112,0.246710
15,393435,112,0.181227
15,ours-406478,112,0.118921
15,simd-v0,113,0.256999
15,393435,113,0.180927
15,ours-406478,113,0.118450
15,KACTL,113,2.354660
15,393435,114,0.191256
15,ours-406478,114,0.118391
15,KACTL,114,2.363827
15,simd-v0,114,0.246609
15,ours-406478,115,0.118521
15,KACTL,115,2.365561
15,simd-v0,115,0.246519
15,393435,115,0.180898
15,KACTL,116,2.374447
15,simd-v0,116,0.246630
15,393435,116,0.181148
15,ours-406478,116,0.118380
15,simd-v0,117,0.246720
15,393435,117,0.181088
15,ours-406478,117,0.118361
15,KACTL,117,2.355291
15,393435,118,0.181168
15,ours-406478,118,0.129291
15,KACTL,118,2.365711
15,simd-v0,118,0.246460
15,ours-406478,119,0.118350
15,KACTL,119,2.365660
15,simd-v0,119,0.246419
15,393435,119,0.181649
15,KACTL,120,2.374928
15,simd-v0,120,0.246459
15,393435,120,0.180967
15,ours-406478,120,0.119433
15,simd-v0,121,0.246490
15,393435,121,0.191467
15,ours-406478,121,0.118300
15,KACTL,121,2.355973
15,393435,122,0.181088
15,ours-406478,122,0.118541
15,KACTL,122,2.498007
15,simd-v0,122,0.246410
15,ours-406478,123,0.118802
15,KACTL,123,2.366502
15,simd-v0,123,0.247411
15,393435,123,0.181869
15,KACTL,124,2.388714
15,simd-v0,124,0.246670
15,393435,124,0.181368
15,ours-406478,124,0.118470
15,simd-v0,125,0.246550
15,393435,125,0.191707
15,ours-406478,125,0.118350
15,KACTL,125,2.355741
15,393435,126,0.181127
15,ours-406478,126,0.118481
15,KACTL,126,2.377122
15,simd-v0,126,0.246579
15,ours-406478,127,0.118421
15,KACTL,127,2.376190
15,simd-v0,127,0.246660
15,393435,127,0.181959
15,KACTL,128,2.362454
15,simd-v0,128,0.256979
15,393435,128,0.181409
15,ours-406478,128,0.118460
15,simd-v0,129,0.246520
15,393435,129,0.181579
15,ours-406478,129,0.129101
15,KACTL,129,2.355261
15,393435,130,0.180977
15,ours-406478,130,0.118491
15,KACTL,130,2.372864
15,simd-v0,130,0.247331
15,ours-406478,131,0.118460
15,KACTL,131,2.425642
15,simd-v0,131,0.246580
15,393435,131,0.180536
15,KACTL,132,2.365480
15,simd-v0,132,0.259694
15,393435,132,0.181929
15,ours-406478,132,0.119002
15,simd-v0,133,0.246750
15,393435,133,0.181488
15,ours-406478,133,0.128780
15,KACTL,133,2.355211
15,393435,134,0.181037
15,ours-406478,134,0.118491
15,KACTL,134,2.383103
15,simd-v0,134,0.246519
15,ours-406478,135,0.118361
15,KACTL,135,2.356182
15,simd-v0,135,0.257090
15,393435,135,0.180917
15,KACTL,136,2.367323
15,simd-v0,136,0.257370
15,393435,136,0.180847
15,ours-406478,136,0.118331
15,simd-v0,137,0.246479
15,393435,137,0.181248
15,ours-406478,137,0.118331
15,KACTL,137,2.363396
15,393435,138,0.180907
15,ours-406478,138,0.118421
15,KACTL,138,2.374237
15,simd-v0,138,0.246589
15,ours-406478,139,0.118291
15,KACTL,139,2.357195
15,simd-v0,139,0.257049
15,393435,139,0.180907
15,KACTL,140,2.365010
15,simd-v0,140,0.246479
15,393435,140,0.191677
15,ours-406478,140,0.118421
15,simd-v0,141,0.246620
15,393435,141,0.181168
15,ours-406478,141,0.118251
15,KACTL,141,2.363587
15,393435,142,0.181849
15,ours-406478,142,0.118361
15,KACTL,142,2.374998
15,simd-v0,142,0.259894
15,ours-406478,143,0.118261
15,KACTL,143,2.372694
15,simd-v0,143,0.246500
15,393435,143,0.192058
15,KACTL,144,2.368195
15,simd-v0,144,0.246711
15,393435,144,0.191597
15,ours-406478,144,0.118370
15,simd-v0,145,0.246569
15,393435,145,0.181048
15,ours-406478,145,0.118611
15,KACTL,145,2.364509
15,393435,146,0.181278
15,ours-406478,146,0.118391
15,KACTL,146,2.369427
15,simd-v0,146,0.257229
15,ours-406478,147,0.118291
15,KACTL,147,2.352276
15,simd-v0,147,0.246400
15,393435,147,0.191167
15,KACTL,148,2.364027
15,simd-v0,148,0.246509
15,393435,148,0.180947
15,ours-406478,148,0.129451
15,simd-v0,149,0.246600
15,393435,149,0.181087
15,ours-406478,149,0.118461
15,KACTL,149,2.390767
15,393435,150,0.181669
15,ours-406478,150,0.118601
15,KACTL,150,2.365670
15,simd-v0,150,0.246720
15,ours-406478,151,0.118360
15,KACTL,151,2.373986
15,simd-v0,151,0.246580
15,393435,151,0.181468
15,KACTL,152,2.377984
15,simd-v0,152,0.247451
15,393435,152,0.181809
15,ours-406478,152,0.118652
15,simd-v0,153,0.259745
15,393435,153,0.181348
15,ours-406478,153,0.118552
15,KACTL,153,2.377643
15,393435,154,0.192229
15,ours-406478,154,0.118752
15,KACTL,154,2.362835
15,simd-v0,154,0.246600
15,ours-406478,155,0.128991
15,KACTL,155,2.353648
15,simd-v0,155,0.247421
15,393435,155,0.180948
15,KACTL,156,2.376421
15,simd-v0,156,0.246599
15,393435,156,0.180868
15,ours-406478,156,0.118371
15,simd-v0,157,0.257169
15,393435,157,0.181298
15,ours-406478,157,0.118410
15,KACTL,157,2.359810
15,393435,158,0.191958
15,ours-406478,158,0.118481
15,KACTL,158,2.364228
15,simd-v0,158,0.246639
15,ours-406478,159,0.118381
15,KACTL,159,2.401266
15,simd-v0,159,0.246740
15,393435,159,0.181368
15,KACTL,160,2.376089
15,simd-v0,160,0.246640
15,393435,160,0.181799
15,ours-406478,160,0.118742
15,simd-v0,161,0.257209
15,393435,161,0.181158
15,ours-406478,161,0.118421
15,KACTL,161,2.354149
15,393435,162,0.181158
15,ours-406478,162,0.128820
15,KACTL,162,2.363847
15,simd-v0,162,0.246560
15,ours-406478,163,0.118321
15,KACTL,163,2.367223
15,simd-v0,163,0.246610
15,393435,163,0.181789
15,KACTL,164,2.382913
15,simd-v0,164,0.246529
15,393435,164,0.181178
15,ours-406478,164,0.118511
15,simd-v0,165,0.246359
15,393435,165,0.202467
15,ours-406478,165,0.118170
15,KACTL,165,2.360281
15,393435,166,0.181067
15,ours-406478,166,0.118992
15,KACTL,166,2.409883
15,simd-v0,166,0.246680
15,ours-406478,167,0.118611
15,KACTL,167,2.366943
15,simd-v0,167,0.246690
15,393435,167,0.181659
15,KACTL,168,2.375028
15,simd-v0,168,0.246600
15,393435,168,0.181428
15,ours-406478,168,0.118371
15,simd-v0,169,0.247341
15,393435,169,0.191907
15,ours-406478,169,0.118361
15,KACTL,169,2.356544
15,393435,170,0.181348
15,ours-406478,170,0.118471
15,KACTL,170,2.372974
15,simd-v0,170,0.246640
15,ours-406478,171,0.118441
15,KACTL,171,2.363426
15,simd-v0,171,0.246640
15,393435,171,0.180867
15,KACTL,172,2.363536
15,simd-v0,172,0.257440
15,393435,172,0.180917
15,ours-406478,172,0.118310
15,simd-v0,173,0.247391
15,393435,173,0.181799
15,ours-406478,173,0.129110
15,KACTL,173,2.355302
15,393435,174,0.181339
15,ours-406478,174,0.118521
15,KACTL,174,2.373856
15,simd-v0,174,0.246399
15,ours-406478,175,0.118250
15,KACTL,175,2.353898
15,simd-v0,175,0.282517
15,393435,175,0.181439
15,KACTL,176,2.373695
15,simd-v0,176,0.257811
15,393435,176,0.181518
15,ours-406478,176,0.118871
15,simd-v0,177,0.246490
15,393435,177,0.181068
15,ours-406478,177,0.118321
15,KACTL,177,2.389144
15,393435,178,0.181298
15,ours-406478,178,0.118481
15,KACTL,178,2.376961
15,simd-v0,178,0.246670
15,ours-406478,179,0.118360
15,KACTL,179,2.357765
15,simd-v0,179,0.260165
15,393435,179,0.180978
15,KACTL,180,2.411355
15,simd-v0,180,0.257590
15,393435,180,0.181428
15,ours-406478,180,0.118571
15,simd-v0,181,0.246640
15,393435,181,0.181678
15,ours-406478,181,0.118361
15,KACTL,181,2.367734
15,393435,182,0.181018
15,ours-406478,182,0.118281
15,KACTL,182,2.374767
15,simd-v0,182,0.246509
15,ours-406478,183,0.118461
15,KACTL,183,2.356614
15,simd-v0,183,0.257019
15,393435,183,0.181088
15,KACTL,184,2.363176
15,simd-v0,184,0.246649
15,393435,184,0.191507
15,ours-406478,184,0.118371
15,simd-v0,185,0.246489
15,393435,185,0.181037
15,ours-406478,185,0.118300
15,KACTL,185,2.363536
15,393435,186,0.180887
15,ours-406478,186,0.118481
15,KACTL,186,2.367534
15,simd-v0,186,0.278810
15,ours-406478,187,0.118461
15,KACTL,187,2.353078
15,simd-v0,187,0.247452
15,393435,187,0.191948
15,KACTL,188,2.363676
15,simd-v0,188,0.246590
15,393435,188,0.180997
15,ours-406478,188,0.118601
15,simd-v0,189,0.246670
15,393435,189,0.180857
15,ours-406478,189,0.118361
15,KACTL,189,2.368165
15,393435,190,0.181188
15,ours-406478,190,0.118301
15,KACTL,190,2.363687
15,simd-v0,190,0.256929
15,ours-406478,191,0.118360
15,KACTL,191,2.355972
15,simd-v0,191,0.246610
15,393435,191,0.192378
15,KACTL,192,2.362064
15,simd-v0,192,0.246409
15,393435,192,0.181759
15,ours-406478,192,0.128880
15,simd-v0,193,0.246680
15,393435,193,0.180937
15,ours-406478,193,0.118491
15,KACTL,193,2.359629
15,393435,194,0.191837
15,ours-406478,194,0.118371
15,KACTL,194,2.363847
15,simd-v0,194,0.247351
15,ours-406478,195,0.130834
15,KACTL,195,2.353027
15,simd-v0,195,0.246610
15,393435,195,0.181128
15,KACTL,196,2.374728
15,simd-v0,196,0.246720
15,393435,196,0.180826
15,ours-406478,196,0.118852
15,simd-v0,197,0.257099
15,393435,197,0.181648
15,ours-406478,197,0.118421
15,KACTL,197,2.356904
15,393435,198,0.203619
15,ours-406478,198,0.118391
15,KACTL,198,2.364208
15,simd-v0,198,0.246640
15,ours-406478,199,0.118251
15,KACTL,199,2.365060
15,simd-v0,199,0.246610
15,393435,199,0.181108
15,KACTL,200,2.374958
15,simd-v0,200,0.246690
15,393435,200,0.181328
15,ours-406478,200,0.118410
15,simd-v0,201,0.257350
15,393435,201,0.181047
15,ours-406478,201,0.118301
15,KACTL,201,2.355481
15,393435,202,0.181949
15,ours-406478,202,0.128990
15,KACTL,202,2.362535
15,simd-v0,202,0.246449
15,ours-406478,203,0.119172
15,KACTL,203,2.382221
15,simd-v0,203,0.246820
15,393435,203,0.181208
15,KACTL,204,2.374326
15,simd-v0,204,0.246670
15,393435,204,0.181659
15,ours-406478,204,0.118651
15,simd-v0,205,0.247502
15,393435,205,0.191547
15,ours-406478,205,0.118501
15,KACTL,205,2.354430
15,393435,206,0.180967
15,ours-406478,206,0.119192
15,KACTL,206,2.412868
15,simd-v0,206,0.246259
15,ours-406478,207,0.118501
15,KACTL,207,2.363787
15,simd-v0,207,0.246500
15,393435,207,0.181609
15,KACTL,208,2.364819
15,simd-v0,208,0.246510
15,393435,208,0.181028
15,ours-406478,208,0.118481
15,simd-v0,209,0.246539
15,393435,209,0.202187
15,ours-406478,209,0.118391
15,KACTL,209,2.353178
15,393435,210,0.185105
15,ours-406478,210,0.126956
15,KACTL,210,2.376079
15,simd-v0,210,0.246590
15,ours-406478,211,0.118320
15,KACTL,211,2.363025
15,simd-v0,211,0.246570
15,393435,211,0.181188
15,KACTL,212,2.363827
15,simd-v0,212,0.256999
15,393435,212,0.181047
15,ours-406478,212,0.118521
15,simd-v0,213,0.246410
15,393435,213,0.180897
15,ours-406478,213,0.129312
15,KACTL,213,2.356624
15,393435,214,0.181368
15,ours-406478,214,0.118420
15,KACTL,214,2.374697
15,simd-v0,214,0.246619
15,ours-406478,215,0.118341
15,KACTL,215,2.397289
15,simd-v0,215,0.257330
15,393435,215,0.180496
15,KACTL,216,2.367424
15,simd-v0,216,0.260555
15,393435,216,0.180967
15,ours-406478,216,0.118751
15,simd-v0,217,0.246510
15,393435,217,0.181047
15,ours-406478,217,0.129231
15,KACTL,217,2.357435
15,393435,218,0.181268
15,ours-406478,218,0.118230
15,KACTL,218,2.376310
15,simd-v0,218,0.246630
15,ours-406478,219,0.118220
15,KACTL,219,2.354981
15,simd-v0,219,0.257039
15,393435,219,0.180827
15,KACTL,220,2.378414
15,simd-v0,220,0.247461
15,393435,220,0.191387
15,ours-406478,220,0.118411
15,simd-v0,221,0.246750
15,393435,221,0.181077
15,ours-406478,221,0.118440
15,KACTL,221,2.364859
15,393435,222,0.181638
15,ours-406478,222,0.118331
15,KACTL,222,2.364177
15,simd-v0,222,0.257139
15,ours-406478,223,0.118201
15,KACTL,223,2.356623
15,simd-v0,223,0.256999
15,393435,223,0.184364
15,KACTL,224,2.362054
15,simd-v0,224,0.246649
15,393435,224,0.191447
15,ours-406478,224,0.118501
15,simd-v0,225,0.246510
15,393435,225,0.181769
15,ours-406478,225,0.118311
15,KACTL,225,2.391319
15,393435,226,0.181278
15,ours-406478,226,0.118420
15,KACTL,226,2.362384
15,simd-v0,226,0.259845
15,ours-406478,227,0.118230
15,KACTL,227,2.354580
15,simd-v0,227,0.246690
15,393435,227,0.192428
15,KACTL,228,2.361924
15,simd-v0,228,0.246629
15,393435,228,0.180967
15,ours-406478,228,0.129180
15,simd-v0,229,0.246590
15,393435,229,0.181038
15,ours-406478,229,0.118401
15,KACTL,229,2.365891
15,393435,230,0.181007
15,ours-406478,230,0.118451
15,KACTL,230,2.367794
15,simd-v0,230,0.257039
15,ours-406478,231,0.118230
15,KACTL,231,2.363285
15,simd-v0,231,0.246389
15,393435,231,0.181007
15,KACTL,232,2.367915
15,simd-v0,232,0.246711
15,393435,232,0.180887
15,ours-406478,232,0.118480
15,simd-v0,233,0.257359
15,393435,233,0.181008
15,ours-406478,233,0.118541
15,KACTL,233,2.355832
15,393435,234,0.191487
15,ours-406478,234,0.118531
15,KACTL,234,2.362394
15,simd-v0,234,0.246710
15,ours-406478,235,0.129581
15,KACTL,235,2.351855
15,simd-v0,235,0.246650
15,393435,235,0.181038
15,KACTL,236,2.373545
15,simd-v0,236,0.246550
15,393435,236,0.180837
15,ours-406478,236,0.118461
15,simd-v0,237,0.259805
15,393435,237,0.181678
15,ours-406478,237,0.118280
15,KACTL,237,2.357976
15,393435,238,0.191056
15,ours-406478,238,0.118371
15,KACTL,238,2.362805
15,simd-v0,238,0.246510
15,ours-406478,239,0.118301
15,KACTL,239,2.365911
15,simd-v0,239,0.246509
15,393435,239,0.181539
15,KACTL,240,2.377192
15,simd-v0,240,0.246490
15,393435,240,0.180957
15,ours-406478,240,0.118470
15,simd-v0,241,0.246470
15,393435,241,0.181088
15,ours-406478,241,0.118431
15,KACTL,241,2.355982
15,393435,242,0.180937
15,ours-406478,242,0.128830
15,KACTL,242,2.374296
15,simd-v0,242,0.246600
15,ours-406478,243,0.118381
15,KACTL,243,2.367123
15,simd-v0,243,0.246539
15,393435,243,0.181178
15,KACTL,244,2.371181
15,simd-v0,244,0.246559
15,393435,244,0.181388
15,ours-406478,244,0.118330
15,simd-v0,245,0.246440
15,393435,245,0.191487
15,ours-406478,245,0.118491
15,KACTL,245,2.382913
15,393435,246,0.181308
15,ours-406478,246,0.118781
15,KACTL,246,2.377803
15,simd-v0,246,0.246640
15,ours-406478,247,0.118461
15,KACTL,247,2.371412
15,simd-v0,247,0.246810
15,393435,247,0.181078
15,KACTL,248,2.365220
15,simd-v0,248,0.257550
15,393435,248,0.180978
15,ours-406478,248,0.118401
15,simd-v0,249,0.246620
15,393435,249,0.180888
15,ours-406478,249,0.119292
15,KACTL,249,2.354720
15,393435,250,0.181389
15,ours-406478,250,0.118500
15,KACTL,250,2.377904
15,simd-v0,250,0.247953
15,ours-406478,251,0.119733
15,KACTL,251,2.369408
15,simd-v0,251,0.246590
15,393435,251,0.180997
15,KACTL,252,2.366291
15,simd-v0,252,0.257591
15,393435,252,0.181848
15,ours-406478,252,0.118611
15,simd-v0,253,0.246550
15,393435,253,0.180887
15,ours-406478,253,0.129010
15,KACTL,253,2.372193
15,393435,254,0.181218
15,ours-406478,254,0.118611
15,KACTL,254,2.380849
15,simd-v0,254,0.247492
15,ours-406478,255,0.118381
15,KACTL,255,2.357605
15,simd-v0,255,0.258211
15,393435,255,0.181688
15,KACTL,256,2.367043
15,simd-v0,256,0.257410
15,393435,256,0.182440
15,ours-406478,256,0.118521
15,simd-v0,257,0.246530
15,393435,257,0.180967
15,ours-406478,257,0.118281
15,KACTL,257,2.465136
15,393435,258,0.180447
15,ours-406478,258,0.118481
15,KACTL,258,2.392160
15,simd-v0,258,0.246690
15,ours-406478,259,0.118431
15,KACTL,259,2.363196
15,simd-v0,259,0.258101
15,393435,259,0.180967
15,KACTL,260,2.363066
15,simd-v0,260,0.256718
15,393435,260,0.180978
15,ours-406478,260,0.118411
15,simd-v0,261,0.246710
15,393435,261,0.180897
15,ours-406478,261,0.118351
15,KACTL,261,2.369427
15,393435,262,0.180897
15,ours-406478,262,0.118461
15,KACTL,262,2.373885
15,simd-v0,262,0.247362
15,ours-406478,263,0.118281
15,KACTL,263,2.363006
15,simd-v0,263,0.259263
15,393435,263,0.180917
15,KACTL,264,2.368265
15,simd-v0,264,0.246610
15,393435,264,0.191777
15,ours-406478,264,0.118430
15,simd-v0,265,0.246679
15,393435,265,0.181389
15,ours-406478,265,0.118250
15,KACTL,265,2.386008
15,393435,266,0.182320
15,ours-406478,266,0.118611
15,KACTL,266,2.359890
15,simd-v0,266,0.247482
15,ours-406478,267,0.118541
15,KACTL,267,2.366011
15,simd-v0,267,0.257360
15,393435,267,0.181859
15,KACTL,268,2.360421
15,simd-v0,268,0.246590
15,393435,268,0.191287
15,ours-406478,268,0.118411
15,simd-v0,269,0.256137
15,393435,269,0.181558
15,ours-406478,269,0.118340
15,KACTL,269,2.380157
15,393435,270,0.180998
15,ours-406478,270,0.118361
15,KACTL,270,2.364709
15,simd-v0,270,0.257581
15,ours-406478,271,0.118220
15,KACTL,271,2.362705
15,simd-v0,271,0.247802
15,393435,271,0.191888
15,KACTL,272,2.400325
15,simd-v0,272,0.246770
15,393435,272,0.192138
15,ours-406478,272,0.118591
15,simd-v0,273,0.246470
15,393435,273,0.181249
15,ours-406478,273,0.118141
15,KACTL,273,2.374688
15,393435,274,0.181959
15,ours-406478,274,0.118170
15,KACTL,274,2.359759
15,simd-v0,274,0.257040
15,ours-406478,275,0.118291
15,KACTL,275,2.372834
15,simd-v0,275,0.246520
15,393435,275,0.191907
15,KACTL,276,2.358878
15,simd-v0,276,0.246699
15,393435,276,0.183723
15,ours-406478,276,0.129060
15,simd-v0,277,0.246539
15,393435,277,0.186668
15,ours-406478,277,0.118240
15,KACTL,277,2.376260
15,393435,278,0.182239
15,ours-406478,278,0.118251
15,KACTL,278,2.360581
15,simd-v0,278,0.257330
15,ours-406478,279,0.118391
15,KACTL,279,2.385848
15,simd-v0,279,0.246580
15,393435,279,0.191677
15,KACTL,280,2.375289
15,simd-v0,280,0.246630
15,393435,280,0.181268
15,ours-406478,280,0.118662
15,simd-v0,281,0.276326
15,393435,281,0.181578
15,ours-406478,281,0.118571
15,KACTL,281,2.385016
15,393435,282,0.181679
15,ours-406478,282,0.118501
15,KACTL,282,2.359058
15,simd-v0,282,0.246750
15,ours-406478,283,0.128951
15,KACTL,283,2.359890
15,simd-v0,283,0.257320
15,393435,283,0.181228
15,KACTL,284,2.373425
15,simd-v0,284,0.246669
15,393435,284,0.181078
15,ours-406478,284,0.118591
15,simd-v0,285,0.257770
15,393435,285,0.181850
15,ours-406478,285,0.118301
15,KACTL,285,2.363747
15,393435,286,0.191677
15,ours-406478,286,0.127328
15,KACTL,286,2.360681
15,simd-v0,286,0.246760
15,ours-406478,287,0.129100
15,KACTL,287,2.363426
15,simd-v0,287,0.246540
15,393435,287,0.181518
15,KACTL,288,2.370750
15,simd-v0,288,0.257400
15,393435,288,0.180757
15,ours-406478,288,0.118410
15,simd-v0,289,0.265916
15,393435,289,0.181778
15,ours-406478,289,0.129131
15,KACTL,289,2.362915
15,393435,290,0.191507
15,ours-406478,290,0.118371
15,KACTL,290,2.362254
15,simd-v0,290,0.246700
15,ours-406478,291,0.118501
15,KACTL,291,2.373866
15,simd-v0,291,0.246710
15,393435,291,0.181068
15,KACTL,292,2.395967
15,simd-v0,292,0.247471
15,393435,292,0.181087
15,ours-406478,292,0.118731
15,simd-v0,293,0.257080
15,393435,293,0.181098
15,ours-406478,293,0.119252
15,KACTL,293,2.362935
15,393435,294,0.181268
15,ours-406478,294,0.131124
15,KACTL,294,2.361343
15,simd-v0,294,0.246500
15,ours-406478,295,0.118360
15,KACTL,295,2.373916
15,simd-v0,295,0.246550
15,393435,295,0.181037
15,KACTL,296,2.369658
15,simd-v0,296,0.246810
15,393435,296,0.181438
15,ours-406478,296,0.118280
15,simd-v0,297,0.246539
15,393435,297,0.191828
15,ours-406478,297,0.118411
15,KACTL,297,2.363086
15,393435,298,0.180997
15,ours-406478,298,0.121146
15,KACTL,298,2.371672
15,simd-v0,298,0.246580
15,ours-406478,299,0.118321
15,KACTL,299,2.434408
15,simd-v0,299,0.246599
15,393435,299,0.181528
15,KACTL,300,2.374217
15,simd-v0,300,0.249505
15,393435,300,0.181087
15,ours-406478,300,0.118842
15,simd-v0,301,0.246590
15,393435,301,0.193089
15,ours-406478,301,0.118361
15,KACTL,301,2.362425
15,393435,302,0.181038
15,ours-406478,302,0.118470
15,KACTL,302,2.372754
15,simd-v0,302,0.246790
15,ours-406478,303,0.118300
15,KACTL,303,2.385277
15,simd-v0,303,0.246549
15,393435,303,0.180968
15,KACTL,304,2.363136
15,simd-v0,304,0.258262
15,393435,304,0.181228
15,ours-406478,304,0.118491
15,simd-v0,305,0.246409
15,393435,305,0.181008
15,ours-406478,305,0.118301
15,KACTL,305,2.361483
15,393435,306,0.181088
15,ours-406478,306,0.118450
15,KACTL,306,2.379646
15,simd-v0,306,0.247301
15,ours-406478,307,0.118301
15,KACTL,307,2.363777
15,simd-v0,307,0.246520
15,393435,307,0.181027
15,KACTL,308,2.377853
15,simd-v0,308,0.266276
15,393435,308,0.181278
15,ours-406478,308,0.118802
15,simd-v0,309,0.246630
15,393435,309,0.181309
15,ours-406478,309,0.129892
15,KACTL,309,2.362825
15,393435,310,0.181047
15,ours-406478,310,0.118441
15,KACTL,310,2.392490
15,simd-v0,310,0.246540
15,ours-406478,311,0.118481
15,KACTL,311,2.375359
15,simd-v0,311,0.258202
15,393435,311,0.181148
15,KACTL,312,2.363206
15,simd-v0,312,0.257039
15,393435,312,0.181168
15,ours-406478,312,0.118531
15,simd-v0,313,0.247401
15,393435,313,0.181278
15,ours-406478,313,0.118291
15,KACTL,313,2.378364
15,393435,314,0.181098
15,ours-406478,314,0.118330
15,KACTL,314,2.373094
15,simd-v0,314,0.246500
15,ours-406478,315,0.118561
15,KACTL,315,2.395055
15,simd-v0,315,0.258723
15,393435,315,0.181007
15,KACTL,316,2.360141
15,simd-v0,316,0.256579
15,393435,316,0.181248
15,ours-406478,316,0.118491
15,simd-v0,317,0.247492
15,393435,317,0.181227
15,ours-406478,317,0.118130
15,KACTL,317,2.399624
15,393435,318,0.181288
15,ours-406478,318,0.118761
15,KACTL,318,2.374066
15,simd-v0,318,0.246820
15,ours-406478,319,0.118471
15,KACTL,319,2.363326
15,simd-v0,319,0.256799
15,393435,319,0.182209
15,KACTL,320,2.358598
15,simd-v0,320,0.246740
15,393435,320,0.191306
15,ours-406478,320,0.120975
15,simd-v0,321,0.246520
15,393435,321,0.181147
15,ours-406478,321,0.118320
15,KACTL,321,2.372052
15,393435,322,0.180967
15,ours-406478,322,0.118491
15,KACTL,322,2.362314
15,simd-v0,322,0.256899
15,ours-406478,323,0.118381
15,KACTL,323,2.360401
15,simd-v0,323,0.246579
15,393435,323,0.191617
15,KACTL,324,2.360771
15,simd-v0,324,0.246650
15,393435,324,0.181038
15,ours-406478,324,0.118601
15,simd-v0,325,0.246560
15,393435,325,0.180878
15,ours-406478,325,0.118351
15,KACTL,325,2.373916
15,393435,326,0.180977
15,ours-406478,326,0.119383
15,KACTL,326,2.361964
15,simd-v0,326,0.256889
15,ours-406478,327,0.118341
15,KACTL,327,2.367324
15,simd-v0,327,0.246499
15,393435,327,0.191517
15,KACTL,328,2.372944
15,simd-v0,328,0.247351
15,393435,328,0.181949
15,ours-406478,328,0.129471
15,simd-v0,329,0.246870
15,393435,329,0.181077
15,ours-406478,329,0.119032
15,KACTL,329,2.362866
15,393435,330,0.181157
15,ours-406478,330,0.118371
15,KACTL,330,2.358958
15,simd-v0,330,0.246580
15,ours-406478,331,0.129071
15,KACTL,331,2.366151
15,simd-v0,331,0.247221
15,393435,331,0.180997
15,KACTL,332,2.370689
15,simd-v0,332,0.246680
15,393435,332,0.180877
15,ours-406478,332,0.118230
15,simd-v0,333,0.257210
15,393435,333,0.180998
15,ours-406478,333,0.118410
15,KACTL,333,2.363627
15,393435,334,0.191337
15,ours-406478,334,0.119192
15,KACTL,334,2.364949
15,simd-v0,334,0.246500
15,ours-406478,335,0.118400
15,KACTL,335,2.407037
15,simd-v0,335,0.246690
15,393435,335,0.181709
15,KACTL,336,2.371622
15,simd-v0,336,0.246539
15,393435,336,0.181058
15,ours-406478,336,0.118692
15,simd-v0,337,0.257080
15,393435,337,0.180987
15,ours-406478,337,0.118300
15,KACTL,337,2.364939
15,393435,338,0.192067
15,ours-406478,338,0.118471
15,KACTL,338,2.359278
15,simd-v0,338,0.247381
15,ours-406478,339,0.118491
15,KACTL,339,2.387241
15,simd-v0,339,0.247361
15,393435,339,0.181178
15,KACTL,340,2.371381
15,simd-v0,340,0.246670
15,393435,340,0.180967
15,ours-406478,340,0.118371
15,simd-v0,341,0.256809
15,393435,341,0.183412
15,ours-406478,341,0.118260
15,KACTL,341,2.363186
15,393435,342,0.181067
15,ours-406478,342,0.128930
15,KACTL,342,2.363336
15,simd-v0,342,0.247441
15,ours-406478,343,0.130313
15,KACTL,343,2.383073
15,simd-v0,343,0.246700
15,393435,343,0.181318
15,KACTL,344,2.373215
15,simd-v0,344,0.246609
15,393435,344,0.181188
15,ours-406478,344,0.118611
15,simd-v0,345,0.246449
15,393435,345,0.191527
15,ours-406478,345,0.118390
15,KACTL,345,2.362325
15,393435,346,0.181027
15,ours-406478,346,0.118521
15,KACTL,346,2.389375
15,simd-v0,346,0.246640
15,ours-406478,347,0.118380
15,KACTL,347,2.383834
15,simd-v0,347,0.246510
15,393435,347,0.181198
15,KACTL,348,2.359849
15,simd-v0,348,0.246539
15,393435,348,0.180757
15,ours-406478,348,0.118591
15,simd-v0,349,0.246760
15,393435,349,0.191707
15,ours-406478,349,0.118401
15,KACTL,349,2.361613
15,393435,350,0.181018
15,ours-406478,350,0.118501
15,KACTL,350,2.380398
15,simd-v0,350,0.246409
15,ours-406478,351,0.118401
15,KACTL,351,2.376841
15,simd-v0,351,0.246630
15,393435,351,0.180957
15,KACTL,352,2.360892
15,simd-v0,352,0.257140
15,393435,352,0.181007
15,ours-406478,352,0.118420
15,simd-v0,353,0.246329
15,393435,353,0.180827
15,ours-406478,353,0.128950
15,KACTL,353,2.362534
15,393435,354,0.180837
15,ours-406478,354,0.118451
15,KACTL,354,2.384636
15,simd-v0,354,0.246549
15,ours-406478,355,0.118451
15,KACTL,355,2.365671
15,simd-v0,355,0.256809
15,393435,355,0.181068
15,KACTL,356,2.360230
15,simd-v0,356,0.257049
15,393435,356,0.181007
15,ours-406478,356,0.119303
15,simd-v0,357,0.246479
15,393435,357,0.181699
15,ours-406478,357,0.118411
15,KACTL,357,2.376711
15,393435,358,0.181278
15,ours-406478,358,0.118621
15,KACTL,358,2.387852
15,simd-v0,358,0.246570
15,ours-406478,359,0.118451
15,KACTL,359,2.363787
15,simd-v0,359,0.256769
15,393435,359,0.181228
15,KACTL,360,2.363376
15,simd-v0,360,0.246650
15,393435,360,0.191527
15,ours-406478,360,0.118351
15,simd-v0,361,0.246500
15,393435,361,0.180788
15,ours-406478,361,0.118361
15,KACTL,361,2.385698
15,393435,362,0.182861
15,ours-406478,362,0.118351
15,KACTL,362,2.360160
15,simd-v0,362,0.257179
15,ours-406478,363,0.118521
15,KACTL,363,2.364399
15,simd-v0,363,0.256599
15,393435,363,0.181098
15,KACTL,364,2.364909
15,simd-v0,364,0.247361
15,393435,364,0.192089
15,ours-406478,364,0.118341
15,simd-v0,365,0.246640
15,393435,365,0.180947
15,ours-406478,365,0.118400
15,KACTL,365,2.382001
15,393435,366,0.180867
15,ours-406478,366,0.118461
15,KACTL,366,2.362114
15,simd-v0,366,0.257389
15,ours-406478,367,0.118421
15,KACTL,367,2.362806
15,simd-v0,367,0.247452
15,393435,367,0.191828
15,KACTL,368,2.361022
15,simd-v0,368,0.246750
15,393435,368,0.180887
15,ours-406478,368,0.129100
15,simd-v0,369,0.246419
15,393435,369,0.180858
15,ours-406478,369,0.118351
15,KACTL,369,2.374917
15,393435,370,0.180818
15,ours-406478,370,0.118341
15,KACTL,370,2.362344
15,simd-v0,370,0.256909
15,ours-406478,371,0.118511
15,KACTL,371,2.388483
15,simd-v0,371,0.247221
15,393435,371,0.191838
15,KACTL,372,2.382412
15,simd-v0,372,0.246659
15,393435,372,0.181699
15,ours-406478,372,0.139680
15,simd-v0,373,0.246580
15,393435,373,0.181568
15,ours-406478,373,0.118231
15,KACTL,373,2.365490
15,393435,374,0.181018
15,ours-406478,374,0.118361
15,KACTL,374,2.376581
15,simd-v0,374,0.246429
15,ours-406478,375,0.129421
15,KACTL,375,2.363836
15,simd-v0,375,0.246540
15,393435,375,0.181077
15,KACTL,376,2.370609
15,simd-v0,376,0.246569
15,393435,376,0.181118
15,ours-406478,376,0.118501
15,simd-v0,377,0.256699
15,393435,377,0.180887
15,ours-406478,377,0.118200
15,KACTL,377,2.363086
15,393435,378,0.191356
15,ours-406478,378,0.120926
15,KACTL,378,2.361012
15,simd-v0,378,0.246589
15,ours-406478,379,0.118371
15,KACTL,379,2.368376
15,simd-v0,379,0.246529
15,393435,379,0.180737
15,KACTL,380,2.371772
15,simd-v0,380,0.247041
15,393435,380,0.180917
15,ours-406478,380,0.118471
15,simd-v0,381,0.257040
15,393435,381,0.180877
15,ours-406478,381,0.118381
15,KACTL,381,2.367544
15,393435,382,0.181018
15,ours-406478,382,0.128991
15,KACTL,382,2.360641
15,simd-v0,382,0.246640
15,ours-406478,383,0.119122
15,KACTL,383,2.427156
15,simd-v0,383,0.246851
15,393435,383,0.181268
15,KACTL,384,2.416786
15,simd-v0,384,0.246660
15,393435,384,0.181338
15,ours-406478,384,0.118681
15,simd-v0,385,0.257300
15,393435,385,0.181067
15,ours-406478,385,0.118340
15,KACTL,385,2.389434
15,393435,386,0.191677
15,ours-406478,386,0.118541
15,KACTL,386,2.363115
15,simd-v0,386,0.246590
15,ours-406478,387,0.118330
15,KACTL,387,2.375598
15,simd-v0,387,0.246709
15,393435,387,0.181027
15,KACTL,388,2.374247
15,simd-v0,388,0.246610
15,393435,388,0.195454
15,ours-406478,388,0.145301
15,simd-v0,389,0.259493
15,393435,389,0.181418
15,ours-406478,389,0.118541
15,KACTL,389,2.364829
15,393435,390,0.180907
15,ours-406478,390,0.130403
15,KACTL,390,2.359038
15,simd-v0,390,0.246580
15,ours-406478,391,0.118341
15,KACTL,391,2.374797
15,simd-v0,391,0.246720
15,393435,391,0.180928
15,KACTL,392,2.371671
15,simd-v0,392,0.246750
15,393435,392,0.180987
15,ours-406478,392,0.118491
15,simd-v0,393,0.246600
15,393435,393,0.191808
15,ours-406478,393,0.118361
15,KACTL,393,2.358737
15,393435,394,0.181207
15,ours-406478,394,0.118892
15,KACTL,394,2.371161
15,simd-v0,394,0.246789
15,ours-406478,395,0.118812
15,KACTL,395,2.385447
15,simd-v0,395,0.246599
15,393435,395,0.181289
15,KACTL,396,2.362555
15,simd-v0,396,0.256959
15,393435,396,0.180987
15,ours-406478,396,0.118510
15,simd-v0,397,0.246590
15,393435,397,0.192309
15,ours-406478,397,0.118291
15,KACTL,397,2.360761
15,393435,398,0.180997
15,ours-406478,398,0.118371
15,KACTL,398,2.373955
15,simd-v0,398,0.252802
15,ours-406478,399,0.119493
15,KACTL,399,2.375309
15,simd-v0,399,0.246579
15,393435,399,0.180918
15,KACTL,400,2.359649
15,simd-v0,400,0.257260
15,393435,400,0.180847
15,ours-406478,400,0.118461
15,simd-v0,401,0.246590
15,393435,401,0.180837
15,ours-406478,401,0.129361
15,KACTL,401,2.381100
15,393435,402,0.181589
15,ours-406478,402,0.118892
15,KACTL,402,2.372022
15,simd-v0,402,0.246610
15,ours-406478,403,0.118361
15,KACTL,403,2.362755
15,simd-v0,403,0.257411
15,393435,403,0.180877
15,KACTL,404,2.361122
15,simd-v0,404,0.256839
15,393435,404,0.183612
15,ours-406478,404,0.118261
15,simd-v0,405,0.246469
15,393435,405,0.180807
15,ours-406478,405,0.118962
15,KACTL,405,2.375078
15,393435,406,0.180867
15,ours-406478,406,0.118521
15,KACTL,406,2.387632
15,simd-v0,406,0.246820
15,ours-406478,407,0.118431
15,KACTL,407,2.364127
15,simd-v0,407,0.256949
15,393435,407,0.180978
15,KACTL,408,2.362415
15,simd-v0,408,0.246619
15,393435,408,0.192178
15,ours-406478,408,0.118551
15,simd-v0,409,0.246580
15,393435,409,0.181078
15,ours-406478,409,0.118200
15,KACTL,409,2.377573
15,393435,410,0.181047
15,ours-406478,410,0.118391
15,KACTL,410,2.361993
15,simd-v0,410,0.257761
15,ours-406478,411,0.118381
15,KACTL,411,2.365310
15,simd-v0,411,0.257059
15,393435,411,0.181078
15,KACTL,412,2.360872
15,simd-v0,412,0.246750
15,393435,412,0.192269
15,ours-406478,412,0.118411
15,simd-v0,413,0.246580
15,393435,413,0.181048
15,ours-406478,413,0.118250
15,KACTL,413,2.383383
15,393435,414,0.181168
15,ours-406478,414,0.118430
15,KACTL,414,2.362554
15,simd-v0,414,0.256959
15,ours-406478,415,0.121366
15,KACTL,415,2.362195
15,simd-v0,415,0.246640
15,393435,415,0.191507
15,KACTL,416,2.359850
15,simd-v0,416,0.246640
15,393435,416,0.181087
15,ours-406478,416,0.128850
15,simd-v0,417,0.246730
15,393435,417,0.180967
15,ours-406478,417,0.118380
15,KACTL,417,2.384917
15,393435,418,0.181098
15,ours-406478,418,0.118361
15,KACTL,418,2.364999
15,simd-v0,418,0.257120
15,ours-406478,419,0.118340
15,KACTL,419,2.362694
15,simd-v0,419,0.246640
15,393435,419,0.181068
15,KACTL,420,2.359248
15,simd-v0,420,0.246630
15,393435,420,0.180807
15,ours-406478,420,0.118431
15,simd-v0,421,0.257009
15,393435,421,0.181078
15,ours-406478,421,0.118351
15,KACTL,421,2.366863
15,393435,422,0.191257
15,ours-406478,422,0.118430
15,KACTL,422,2.358988
15,simd-v0,422,0.246730
15,ours-406478,423,0.129691
15,KACTL,423,2.361523
15,simd-v0,423,0.246690
15,393435,423,0.180937
15,KACTL,424,2.370760
15,simd-v0,424,0.246560
15,393435,424,0.181148
15,ours-406478,424,0.118310
15,simd-v0,425,0.257430
15,393435,425,0.183512
15,ours-406478,425,0.118321
15,KACTL,425,2.363006
15,393435,426,0.191526
15,ours-406478,426,0.119082
15,KACTL,426,2.359028
15,simd-v0,426,0.246640
15,ours-406478,427,0.118371
15,KACTL,427,2.378545
15,simd-v0,427,0.246490
15,393435,427,0.181008
15,KACTL,428,2.386249
15,simd-v0,428,0.246631
15,393435,428,0.195495
15,ours-406478,428,0.136014
15,simd-v0,429,0.257971
15,393435,429,0.181999
15,ours-406478,429,0.118370
15,KACTL,429,2.362624
15,393435,430,0.181178
15,ours-406478,430,0.129251
15,KACTL,430,2.359709
15,simd-v0,430,0.246660
15,ours-406478,431,0.118330
15,KACTL,431,2.376821
15,simd-v0,431,0.246600
15,393435,431,0.180827
15,KACTL,432,2.388513
15,simd-v0,432,0.246729
15,393435,432,0.180927
15,ours-406478,432,0.118481
15,simd-v0,433,0.246540
15,393435,433,0.191828
15,ours-406478,433,0.118210
15,KACTL,433,2.362334
15,393435,434,0.181098
15,ours-406478,434,0.118451
15,KACTL,434,2.369277
15,simd-v0,434,0.246651
15,ours-406478,435,0.118271
15,KACTL,435,2.376030
15,simd-v0,435,0.246470
15,393435,435,0.180907
15,KACTL,436,2.371492
15,simd-v0,436,0.246480
15,393435,436,0.181087
15,ours-406478,436,0.118431
15,simd-v0,437,0.246670
15,393435,437,0.191958
15,ours-406478,437,0.118311
15,KACTL,437,2.365209
15,393435,438,0.180978
15,ours-406478,438,0.118501
15,KACTL,438,2.373805
15,simd-v0,438,0.246800
15,ours-406478,439,0.118281
15,KACTL,439,2.378194
15,simd-v0,439,0.247341
15,393435,439,0.181278
15,KACTL,440,2.361663
15,simd-v0,440,0.256979
15,393435,440,0.181819
15,ours-406478,440,0.118571
15,simd-v0,441,0.246449
15,393435,441,0.181128
15,ours-406478,441,0.128900
15,KACTL,441,2.363807
15,393435,442,0.181358
15,ours-406478,442,0.118351
15,KACTL,442,2.370410
15,simd-v0,442,0.246830
15,ours-406478,443,0.118321
15,KACTL,443,2.363065
15,simd-v0,443,0.257080
15,393435,443,0.181077
15,KACTL,444,2.360712
15,simd-v0,444,0.256909
15,393435,444,0.182551
15,ours-406478,444,0.118561
15,simd-v0,445,0.247171
15,393435,445,0.180967
15,ours-406478,445,0.118370
15,KACTL,445,2.376340
15,393435,446,0.181298
15,ours-406478,446,0.118371
15,KACTL,446,2.371561
15,simd-v0,446,0.247491
15,ours-406478,447,0.118401
15,KACTL,447,2.361122
15,simd-v0,447,0.256808
15,393435,447,0.180898
15,KACTL,448,2.361131
15,simd-v0,448,0.246680
15,393435,448,0.193230
15,ours-406478,448,0.119232
15,simd-v0,449,0.246580
15,393435,449,0.181118
15,ours-406478,449,0.118290
15,KACTL,449,2.375368
15,393435,450,0.181048
15,ours-406478,450,0.118441
15,KACTL,450,2.375760
15,simd-v0,450,0.256930
15,ours-406478,451,0.118421
15,KACTL,451,2.364328
15,simd-v0,451,0.246590
15,393435,451,0.183612
15,KACTL,452,2.361242
15,simd-v0,452,0.246480
15,393435,452,0.192619
15,ours-406478,452,0.118401
15,simd-v0,453,0.246530
15,393435,453,0.181929
15,ours-406478,453,0.118321
15,KACTL,453,2.391769
15,393435,454,0.181288
15,ours-406478,454,0.132176
15,KACTL,454,2.361713
15,simd-v0,454,0.257180
15,ours-406478,455,0.118411
15,KACTL,455,2.388233
15,simd-v0,455,0.246640
15,393435,455,0.192640
15,KACTL,456,2.361994
15,simd-v0,456,0.246589
15,393435,456,0.181118
15,ours-406478,456,0.129130
15,simd-v0,457,0.247321
15,393435,457,0.181238
15,ours-406478,457,0.118331
15,KACTL,457,2.387151
15,393435,458,0.181178
15,ours-406478,458,0.118651
15,KACTL,458,2.364158
15,simd-v0,458,0.257670
15,ours-406478,459,0.118271
15,KACTL,459,2.363717
15,simd-v0,459,0.246660
15,393435,459,0.191557
15,KACTL,460,2.361773
15,simd-v0,460,0.246620
15,393435,460,0.181088
15,ours-406478,460,0.129101
15,simd-v0,461,0.246620
15,393435,461,0.180897
15,ours-406478,461,0.118380
15,KACTL,461,2.384205
15,393435,462,0.183573
15,ours-406478,462,0.119202
15,KACTL,462,2.360621
15,simd-v0,462,0.247251
15,ours-406478,463,0.128940
15,KACTL,463,2.360601
15,simd-v0,463,0.246579
15,393435,463,0.180978
15,KACTL,464,2.370579
15,simd-v0,464,0.246700
15,393435,464,0.181178
15,ours-406478,464,0.118331
15,simd-v0,465,0.256889
15,393435,465,0.180927
15,ours-406478,465,0.118450
15,KACTL,465,2.364418
15,393435,466,0.275383
15,ours-406478,466,0.118361
15,KACTL,466,2.373415
15,simd-v0,466,0.246780
15,ours-406478,467,0.129211
15,KACTL,467,2.393001
15,simd-v0,467,0.246590
15,393435,467,0.181599
15,KACTL,468,2.373334
15,simd-v0,468,0.246670
15,393435,468,0.181328
15,ours-406478,468,0.118531
15,simd-v0,469,0.256839
15,393435,469,0.181138
15,ours-406478,469,0.118331
15,KACTL,469,2.363165
15,393435,470,0.193742
15,ours-406478,470,0.118301
15,KACTL,470,2.359399
15,simd-v0,470,0.246549
15,ours-406478,471,0.128931
15,KACTL,471,2.362465
15,simd-v0,471,0.246569
15,393435,471,0.181178
15,KACTL,472,2.372002
15,simd-v0,472,0.246489
15,393435,472,0.181128
15,ours-406478,472,0.118401
15,simd-v0,473,0.257330
15,393435,473,0.180937
15,ours-406478,473,0.118411
15,KACTL,473,2.362895
15,393435,474,0.180987
15,ours-406478,474,0.118340
15,KACTL,474,2.359699
15,simd-v0,474,0.246821
15,ours-406478,475,0.121246
15,KACTL,475,2.375499
15,simd-v0,475,0.246520
15,393435,475,0.181118
15,KACTL,476,2.368495
15,simd-v0,476,0.247311
15,393435,476,0.180988
15,ours-406478,476,0.118391
15,simd-v0,477,0.246539
15,393435,477,0.191337
15,ours-406478,477,0.118301
15,KACTL,477,2.377362
15,393435,478,0.181108
15,ours-406478,478,0.129210
15,KACTL,478,2.360581
15,simd-v0,478,0.248213
15,ours-406478,479,0.118431
15,KACTL,479,2.375429
15,simd-v0,479,0.246580
15,393435,479,0.180987
15,KACTL,480,2.369418
15,simd-v0,480,0.246460
15,393435,480,0.180848
15,ours-406478,480,0.118480
15,simd-v0,481,0.246640
15,393435,481,0.191307
15,ours-406478,481,0.118401
15,KACTL,481,2.366673
15,393435,482,0.180997
15,ours-406478,482,0.118361
15,KACTL,482,2.372392
15,simd-v0,482,0.246660
15,ours-406478,483,0.118350
15,KACTL,483,2.375508
15,simd-v0,483,0.246610
15,393435,483,0.181168
15,KACTL,484,2.360932
15,simd-v0,484,0.258532
15,393435,484,0.181238
15,ours-406478,484,0.118321
15,simd-v0,485,0.246509
15,393435,485,0.180887
15,ours-406478,485,0.133108
15,KACTL,485,2.392861
15,393435,486,0.181528
15,ours-406478,486,0.118651
15,KACTL,486,2.370149
15,simd-v0,486,0.247641
15,ours-406478,487,0.118321
15,KACTL,487,2.452723
15,simd-v0,487,0.246349
15,393435,487,0.182059
15,KACTL,488,2.380979
15,simd-v0,488,0.259945
15,393435,488,0.181177
15,ours-406478,488,0.118892
15,simd-v0,489,0.246580
15,393435,489,0.191908
15,ours-406478,489,0.118420
15,KACTL,489,2.366262
15,393435,490,0.183001
15,ours-406478,490,0.118391
15,KACTL,490,2.369618
15,simd-v0,490,0.246400
15,ours-406478,491,0.118481
15,KACTL,491,2.374587
15,simd-v0,491,0.246620
15,393435,491,0.181859
15,KACTL,492,2.360871
15,simd-v0,492,0.257120
15,393435,492,0.180838
15,ours-406478,492,0.119151
15,simd-v0,493,0.246700
15,393435,493,0.180787
15,ours-406478,493,0.129381
15,KACTL,493,2.362604
15,393435,494,0.182601
15,ours-406478,494,0.118431
15,KACTL,494,2.373064
15,simd-v0,494,0.256248
15,ours-406478,495,0.119543
15,KACTL,495,2.365410
15,simd-v0,495,0.256759
15,393435,495,0.181047
15,KACTL,496,2.414602
15,simd-v0,496,0.266907
15,393435,496,0.181939
15,ours-406478,496,0.118791
15,simd-v0,497,0.247472
15,393435,497,0.181258
15,ours-406478,497,0.118350
15,KACTL,497,2.364268
15,393435,498,0.181679
15,ours-406478,498,0.118401
15,KACTL,498,2.372674
15,simd-v0,498,0.249676
15,ours-406478,499,0.118511
15,KACTL,499,2.363446
15,simd-v0,499,0.257099
15,393435,499,0.180917
15,KACTL,500,2.362555
15,simd-v0,500,0.246640
15,393435,500,0.191657
15,ours-406478,500,0.118370
15,simd-v0,501,0.246710
15,393435,501,0.181048
15,ours-406478,501,0.118300
15,KACTL,501,2.373484
15,393435,502,0.180867
15,ours-406478,502,0.118381
15,KACTL,502,2.360702
15,simd-v0,502,0.256789
15,ours-406478,503,0.118350
15,KACTL,503,2.408992
15,simd-v0,503,0.256999
15,393435,503,0.181178
15,KACTL,504,2.377052
15,simd-v0,504,0.246469
15,393435,504,0.192179
15,ours-406478,504,0.118701
15,simd-v0,505,0.246490
15,393435,505,0.180958
15,ours-406478,505,0.118391
15,KACTL,505,2.376521
15,393435,506,0.181088
15,ours-406478,506,0.118391
15,KACTL,506,2.458914
15,simd-v0,506,0.246760
15,ours-406478,507,0.118832
15,KACTL,507,2.376720
15,simd-v0,507,0.257740
15,393435,507,0.181518
15,KACTL,508,2.360250
15,simd-v0,508,0.246700
15,393435,508,0.201987
15,ours-406478,508,0.121817
15,simd-v0,509,0.246689
15,393435,509,0.181007
15,ours-406478,509,0.118451
15,KACTL,509,2.376190
15,393435,510,0.181168
15,ours-406478,510,0.118351
15,KACTL,510,2.361643
15,simd-v0,510,0.256949
15,ours-406478,511,0.118390
15,KACTL,511,2.362986
15,simd-v0,511,0.246219
15,393435,511,0.191707
16,KACTL,0,5.257181
16,simd-v0,0,0.521122
16,393435,0,0.396649
16,ours-406478,0,0.253904
16,simd-v0,1,0.510201
16,393435,1,0.397822
16,ours-406478,1,0.263752
16,KACTL,1,5.194484
16,393435,2,0.396650
16,ours-406478,2,0.263902
16,KACTL,2,5.259365
16,simd-v0,2,0.533775
16,ours-406478,3,0.260836
16,KACTL,3,5.209072
16,simd-v0,3,0.520630
16,393435,3,0.396900
16,KACTL,4,5.253955
16,simd-v0,4,0.522835
16,393435,4,0.397662
16,ours-406478,4,0.264382
16,simd-v0,5,0.510131
16,393435,5,0.417278
16,ours-406478,5,0.253112
16,KACTL,5,5.188734
16,393435,6,0.397130
16,ours-406478,6,0.253262
16,KACTL,6,5.264865
16,simd-v0,6,0.521612
16,ours-406478,7,0.253152
16,KACTL,7,5.189064
16,simd-v0,7,0.520951
16,393435,7,0.399445
16,KACTL,8,5.295413
16,simd-v0,8,0.520801
16,393435,8,0.397191
16,ours-406478,8,0.263932
16,simd-v0,9,0.510391
16,393435,9,0.405586
16,ours-406478,9,0.253042
16,KACTL,9,5.202951
16,393435,10,0.407911
16,ours-406478,10,0.253292
16,KACTL,10,5.265487
16,simd-v0,10,0.523175
16,ours-406478,11,0.253453
16,KACTL,11,5.193592
16,simd-v0,11,0.521281
16,393435,11,0.395698
16,KACTL,12,5.253645
16,simd-v0,12,0.510080
16,393435,12,0.397751
16,ours-406478,12,0.264332
16,simd-v0,13,0.510442
16,393435,13,0.407490
16,ours-406478,13,0.253462
16,KACTL,13,5.192200
16,393435,14,0.410996
16,ours-406478,14,0.256267
16,KACTL,14,5.279152
16,simd-v0,14,0.523847
16,ours-406478,15,0.253332
16,KACTL,15,5.220423
16,simd-v0,15,0.520811
16,393435,15,0.395558
16,KACTL,16,5.272400
16,simd-v0,16,0.510060
16,393435,16,0.409563
16,ours-406478,16,0.253393
16,simd-v0,17,0.511002
16,393435,17,0.409774
16,ours-406478,17,0.252942
16,KACTL,17,5.199594
16,393435,18,0.407139
16,ours-406478,18,0.253122
16,KACTL,18,5.267270
16,simd-v0,18,0.520500
16,ours-406478,19,0.253032
16,KACTL,19,5.190647
16,simd-v0,19,0.520741
16,393435,19,0.397731
16,KACTL,20,5.280795
16,simd-v0,20,0.520720
16,393435,20,0.406718
16,ours-406478,20,0.253452
16,simd-v0,21,0.510392
16,393435,21,0.405917
16,ours-406478,21,0.253092
16,KACTL,21,5.188944
16,393435,22,0.406998
16,ours-406478,22,0.253142
16,KACTL,22,5.268292
16,simd-v0,22,0.520710
16,ours-406478,23,0.253182
16,KACTL,23,5.193763
16,simd-v0,23,0.520791
16,393435,23,0.397501
16,KACTL,24,5.267090
16,simd-v0,24,0.510322
16,393435,24,0.406458
16,ours-406478,24,0.253253
16,simd-v0,25,0.530328
16,393435,25,0.395818
16,ours-406478,25,0.252811
16,KACTL,25,5.204292
16,393435,26,0.415595
16,ours-406478,26,0.255005
16,KACTL,26,5.268131
16,simd-v0,26,0.512365
16,ours-406478,27,0.254285
16,KACTL,27,5.201617
16,simd-v0,27,0.513327
16,393435,27,0.416225
16,KACTL,28,5.260668
16,simd-v0,28,0.510432
16,393435,28,0.407941
16,ours-406478,28,0.253452
16,simd-v0,29,0.520561
16,393435,29,0.393543
16,ours-406478,29,0.253102
16,KACTL,29,5.202770
16,393435,30,0.395898
16,ours-406478,30,0.253032
16,KACTL,30,5.287868
16,simd-v0,30,0.515181
16,ours-406478,31,0.254575
16,KACTL,31,5.197851
16,simd-v0,31,0.510061
16,393435,31,0.407520
16,KACTL,32,5.273903
16,simd-v0,32,0.512075
16,393435,32,0.395968
16,ours-406478,32,0.253603
16,simd-v0,33,0.521402
16,393435,33,0.395738
16,ours-406478,33,0.253282
16,KACTL,33,5.211827
16,393435,34,0.399014
16,ours-406478,34,0.252951
16,KACTL,34,5.308767
16,simd-v0,34,0.510542
16,ours-406478,35,0.265976
16,KACTL,35,5.211406
16,simd-v0,35,0.510081
16,393435,35,0.407430
16,KACTL,36,5.262581
16,simd-v0,36,0.520501
16,393435,36,0.393584
16,ours-406478,36,0.253083
16,simd-v0,37,0.523195
16,393435,37,0.396049
16,ours-406478,37,0.263922
16,KACTL,37,5.197881
16,393435,38,0.396970
16,ours-406478,38,0.263591
16,KACTL,38,5.262832
16,simd-v0,38,0.510011
16,ours-406478,39,0.264212
16,KACTL,39,5.182452
16,simd-v0,39,0.510061
16,393435,39,0.406919
16,KACTL,40,5.271708
16,simd-v0,40,0.521382
16,393435,40,0.397321
16,ours-406478,40,0.253302
16,simd-v0,41,0.534647
16,393435,41,0.432306
16,ours-406478,41,0.266667
16,KACTL,41,5.186209
16,393435,42,0.395958
16,ours-406478,42,0.264262
16,KACTL,42,5.256450
16,simd-v0,42,0.510252
16,ours-406478,43,0.263582
16,KACTL,43,5.185408
16,simd-v0,43,0.509851
16,393435,43,0.395077
16,KACTL,44,5.300152
16,simd-v0,44,0.549434
16,393435,44,0.501335
16,ours-406478,44,0.309056
16,simd-v0,45,0.510291
16,393435,45,0.417177
16,ours-406478,45,0.253543
16,KACTL,45,5.213931
16,393435,46,0.408090
16,ours-406478,46,0.253632
16,KACTL,46,5.259085
16,simd-v0,46,0.521482
16,ours-406478,47,0.253152
16,KACTL,47,5.207108
16,simd-v0,47,0.520431
16,393435,47,0.395998
16,KACTL,48,5.270507
16,simd-v0,48,0.510081
16,393435,48,0.406909
16,ours-406478,48,0.253403
16,simd-v0,49,0.509851
16,393435,49,0.404975
16,ours-406478,49,0.253462
16,KACTL,49,5.204472
16,393435,50,0.417108
16,ours-406478,50,0.253242
16,KACTL,50,5.257612
16,simd-v0,50,0.520511
16,ours-406478,51,0.252901
16,KACTL,51,5.188803
16,simd-v0,51,0.520611
16,393435,51,0.396439
16,KACTL,52,5.265507
16,simd-v0,52,0.510031
16,393435,52,0.408662
16,ours-406478,52,0.253863
16,simd-v0,53,0.510020
16,393435,53,0.406718
16,ours-406478,53,0.253222
16,KACTL,53,5.263623
16,393435,54,0.408201
16,ours-406478,54,0.253502
16,KACTL,54,5.259055
16,simd-v0,54,0.522163
16,ours-406478,55,0.253162
16,KACTL,55,5.198341
16,simd-v0,55,0.520411
16,393435,55,0.394716
16,KACTL,56,5.263342
16,simd-v0,56,0.510102
16,393435,56,0.407270
16,ours-406478,56,0.275503
16,simd-v0,57,0.523937
16,393435,57,0.396119
16,ours-406478,57,0.253312
16,KACTL,57,5.204223
16,393435,58,0.397651
16,ours-406478,58,0.253202
16,KACTL,58,5.290694
16,simd-v0,58,0.510261
16,ours-406478,59,0.252972
16,KACTL,59,5.201367
16,simd-v0,59,0.510843
16,393435,59,0.409333
16,KACTL,60,5.265547
16,simd-v0,60,0.509911
16,393435,60,0.406528
16,ours-406478,60,0.253392
16,simd-v0,61,0.520460
16,393435,61,0.395567
16,ours-406478,61,0.253262
16,KACTL,61,5.227175
16,393435,62,0.397110
16,ours-406478,62,0.253382
16,KACTL,62,5.266228
16,simd-v0,62,0.510121
16,ours-406478,63,0.253102
16,KACTL,63,5.216285
16,simd-v0,63,0.510291
16,393435,63,0.406578
16,KACTL,64,5.279973
16,simd-v0,64,0.510081
16,393435,64,0.407069
16,ours-406478,64,0.253373
16,simd-v0,65,0.520691
16,393435,65,0.398823
16,ours-406478,65,0.253112
16,KACTL,65,5.203211
16,393435,66,0.397131
16,ours-406478,66,0.252981
16,KACTL,66,5.285624
16,simd-v0,66,0.510041
16,ours-406478,67,0.252911
16,KACTL,67,5.192701
16,simd-v0,67,0.509990
16,393435,67,0.406248
16,KACTL,68,5.274914
16,simd-v0,68,0.520561
16,393435,68,0.397070
16,ours-406478,68,0.253172
16,simd-v0,69,0.544786
16,393435,69,0.398373
16,ours-406478,69,0.263541
16,KACTL,69,5.232695
16,393435,70,0.397130
16,ours-406478,70,0.253472
16,KACTL,70,5.259876
16,simd-v0,70,0.511003
16,ours-406478,71,0.263922
16,KACTL,71,5.195447
16,simd-v0,71,0.509541
16,393435,71,0.406548
16,KACTL,72,5.259506
16,simd-v0,72,0.520440
16,393435,72,0.394886
16,ours-406478,72,0.253452
16,simd-v0,73,0.520411
16,393435,73,0.405606
16,ours-406478,73,0.266598
16,KACTL,73,5.225011
16,393435,74,0.394826
16,ours-406478,74,0.263681
16,KACTL,74,5.269093
16,simd-v0,74,0.510542
16,ours-406478,75,0.264092
16,KACTL,75,5.197841
16,simd-v0,75,0.510562
16,393435,75,0.396599
16,KACTL,76,5.258363
16,simd-v0,76,0.520430
16,393435,76,0.398182
16,ours-406478,76,0.253132
16,simd-v0,77,0.520280
16,393435,77,0.396880
16,ours-406478,77,0.264012
16,KACTL,77,5.189555
16,393435,78,0.397781
16,ours-406478,78,0.263702
16,KACTL,78,5.288729
16,simd-v0,78,0.521022
16,ours-406478,79,0.253222
16,KACTL,79,5.193051
16,simd-v0,79,0.520430
16,393435,79,0.398112
16,KACTL,80,5.258243
16,simd-v0,80,0.520802
16,393435,80,0.397431
16,ours-406478,80,0.264262
16,simd-v0,81,0.510913
16,393435,81,0.395537
16,ours-406478,81,0.255496
16,KACTL,81,5.189495
16,393435,82,0.397741
16,ours-406478,82,0.263722
16,KACTL,82,5.249497
16,simd-v0,82,0.520630
16,ours-406478,83,0.255647
16,KACTL,83,5.231323
16,simd-v0,83,0.535749
16,393435,83,0.397470
16,KACTL,84,5.261920
16,simd-v0,84,0.532984
16,393435,84,0.399735
16,ours-406478,84,0.264763
16,simd-v0,85,0.510852
16,393435,85,0.406618
16,ours-406478,85,0.252911
16,KACTL,85,5.187922
16,393435,86,0.407670
16,ours-406478,86,0.255958
16,KACTL,86,5.265246
16,simd-v0,86,0.520521
16,ours-406478,87,0.253172
16,KACTL,87,5.188984
16,simd-v0,87,0.521182
16,393435,87,0.394776
16,KACTL,88,5.272490
16,simd-v0,88,0.520851
16,393435,88,0.396640
16,ours-406478,88,0.264323
16,simd-v0,89,0.510422
16,393435,89,0.406057
16,ours-406478,89,0.256007
16,KACTL,89,5.192771
16,393435,90,0.406919
16,ours-406478,90,0.253222
16,KACTL,90,5.258434
16,simd-v0,90,0.520911
16,ours-406478,91,0.252931
16,KACTL,91,5.240430
16,simd-v0,91,0.521162
16,393435,91,0.396379
16,KACTL,92,5.280925
16,simd-v0,92,0.510082
16,393435,92,0.406818
16,ours-406478,92,0.253853
16,simd-v0,93,0.510141
16,393435,93,0.406438
16,ours-406478,93,0.253132
16,KACTL,93,5.213690
16,393435,94,0.406368
16,ours-406478,94,0.253473
16,KACTL,94,5.271558
16,simd-v0,94,0.521372
16,ours-406478,95,0.253332
16,KACTL,95,5.188954
16,simd-v0,95,0.520571
16,393435,95,0.397831
16,KACTL,96,5.265106
16,simd-v0,96,0.512445
16,393435,96,0.406939
16,ours-406478,96,0.253031
16,simd-v0,97,0.510061
16,393435,97,0.407991
16,ours-406478,97,0.253262
16,KACTL,97,5.184987
16,393435,98,0.407349
16,ours-406478,98,0.253944
16,KACTL,98,5.260838
16,simd-v0,98,0.520350
16,ours-406478,99,0.253122
16,KACTL,99,5.188133
16,simd-v0,99,0.523316
16,393435,99,0.395537
16,KACTL,100,5.275515
16,simd-v0,100,0.510572
16,393435,100,0.407150
16,ours-406478,100,0.253192
16,simd-v0,101,0.510221
16,393435,101,0.408992
16,ours-406478,101,0.253012
16,KACTL,101,5.194144
16,393435,102,0.406177
16,ours-406478,102,0.252872
16,KACTL,102,5.259255
16,simd-v0,102,0.525740
16,ours-406478,103,0.253232
16,KACTL,103,5.210524
16,simd-v0,103,0.520390
16,393435,103,0.396489
16,KACTL,104,5.276417
16,simd-v0,104,0.510251
16,393435,104,0.406198
16,ours-406478,104,0.253382
16,simd-v0,105,0.520591
16,393435,105,0.395027
16,ours-406478,105,0.253192
16,KACTL,105,5.230762
16,393435,106,0.398262
16,ours-406478,106,0.253542
16,KACTL,106,5.379930
16,simd-v0,106,0.583698
16,ours-406478,107,0.268130
16,KACTL,107,5.492761
16,simd-v0,107,0.529587
16,393435,107,0.396399
16,KACTL,108,5.754288
16,simd-v0,108,0.510733
16,393435,108,0.416126
16,ours-406478,108,0.254755
16,simd-v0,109,0.527924
16,393435,109,0.397682
16,ours-406478,109,0.253603
16,KACTL,109,5.262011
16,393435,110,0.397310
16,ours-406478,110,0.253232
16,KACTL,110,5.301584
16,simd-v0,110,0.510071
16,ours-406478,111,0.252991
16,KACTL,111,5.193122
16,simd-v0,111,0.510212
16,393435,111,0.406318
16,KACTL,112,5.257151
16,simd-v0,112,0.522534
16,393435,112,0.395918
16,ours-406478,112,0.253422
16,simd-v0,113,0.521232
16,393435,113,0.395427
16,ours-406478,113,0.253382
16,KACTL,113,5.213540
16,393435,114,0.397441
16,ours-406478,114,0.253202
16,KACTL,114,5.278451
16,simd-v0,114,0.509911
16,ours-406478,115,0.264393
16,KACTL,115,5.206417
16,simd-v0,115,0.510021
16,393435,115,0.406758
16,KACTL,116,5.255198
16,simd-v0,116,0.521582
16,393435,116,0.396329
16,ours-406478,116,0.253021
16,simd-v0,117,0.520550
16,393435,117,0.394896
16,ours-406478,117,0.264573
16,KACTL,117,5.194946
16,393435,118,0.396068
16,ours-406478,118,0.253563
16,KACTL,118,5.281687
16,simd-v0,118,0.510201
16,ours-406478,119,0.264844
16,KACTL,119,5.191859
16,simd-v0,119,0.510391
16,393435,119,0.417057
16,KACTL,120,5.274333
16,simd-v0,120,0.530980
16,393435,120,0.415014
16,ours-406478,120,0.255296
16,simd-v0,121,0.523295
16,393435,121,0.401288
16,ours-406478,121,0.264604
16,KACTL,121,5.192821
16,393435,122,0.396279
16,ours-406478,122,0.263822
16,KACTL,122,5.277139
16,simd-v0,122,0.509701
16,ours-406478,123,0.331257
16,KACTL,123,5.188373
16,simd-v0,123,0.521301
16,393435,123,0.396409
16,KACTL,124,5.260037
16,simd-v0,124,0.520410
16,393435,124,0.396699
16,ours-406478,124,0.275814
16,simd-v0,125,0.510422
16,393435,125,0.406558
16,ours-406478,125,0.253102
16,KACTL,125,5.192691
16,393435,126,0.393864
16,ours-406478,126,0.263902
16,KACTL,126,5.251350
16,simd-v0,126,0.523105
16,ours-406478,127,0.263561
16,KACTL,127,5.196448
16,simd-v0,127,0.520059
16,393435,127,0.396039
16,KACTL,128,5.256841
16,simd-v0,128,0.520791
16,393435,128,0.396800
16,ours-406478,128,0.263792
16,simd-v0,129,0.509790
16,393435,129,0.408732
16,ours-406478,129,0.253042
16,KACTL,129,5.240961
16,393435,130,0.426275
16,ours-406478,130,0.253372
16,KACTL,130,5.285745
16,simd-v0,130,0.521382
16,ours-406478,131,0.253673
16,KACTL,131,5.189745
16,simd-v0,131,0.521272
16,393435,131,0.396739
16,KACTL,132,5.267150
16,simd-v0,132,0.509981
16,393435,132,0.396699
16,ours-406478,132,0.253813
16,simd-v0,133,0.510021
16,393435,133,0.406547
16,ours-406478,133,0.253342
16,KACTL,133,5.193021
16,393435,134,0.406358
16,ours-406478,134,0.252881
16,KACTL,134,5.249377
16,simd-v0,134,0.530389
16,ours-406478,135,0.253132
16,KACTL,135,5.187291
16,simd-v0,135,0.522363
16,393435,135,0.395868
16,KACTL,136,5.269184
16,simd-v0,136,0.510241
16,393435,136,0.407159
16,ours-406478,136,0.253032
16,simd-v0,137,0.509941
16,393435,137,0.407159
16,ours-406478,137,0.253092
16,KACTL,137,5.187992
16,393435,138,0.428429
16,ours-406478,138,0.253382
16,KACTL,138,5.267069
16,simd-v0,138,0.520380
16,ours-406478,139,0.252932
16,KACTL,139,5.191088
16,simd-v0,139,0.520741
16,393435,139,0.395146
16,KACTL,140,5.292507
16,simd-v0,140,0.510271
16,393435,140,0.407330
16,ours-406478,140,0.256388
16,simd-v0,141,0.510191
16,393435,141,0.406388
16,ours-406478,141,0.253092
16,KACTL,141,5.197219
16,393435,142,0.406578
16,ours-406478,142,0.254605
16,KACTL,142,5.280385
16,simd-v0,142,0.522704
16,ours-406478,143,0.253422
16,KACTL,143,5.229319
16,simd-v0,143,0.509931
16,393435,143,0.399595
16,KACTL,144,5.274594
16,simd-v0,144,0.509981
16,393435,144,0.406488
16,ours-406478,144,0.253553
16,simd-v0,145,0.530729
16,393435,145,0.398012
16,ours-406478,145,0.253072
16,KACTL,145,5.189104
16,393435,146,0.398603
16,ours-406478,146,0.253262
16,KACTL,146,5.314558
16,simd-v0,146,0.510452
16,ours-406478,147,0.253553
16,KACTL,147,5.205205
16,simd-v0,147,0.510120
16,393435,147,0.406448
16,KACTL,148,5.257492
16,simd-v0,148,0.526622
16,393435,148,0.407850
16,ours-406478,148,0.253092
16,simd-v0,149,0.521042
16,393435,149,0.395688
16,ours-406478,149,0.253132
16,KACTL,149,5.203241
16,393435,150,0.395958
16,ours-406478,150,0.253182
16,KACTL,150,5.290704
16,simd-v0,150,0.510201
16,ours-406478,151,0.253172
16,KACTL,151,5.207979
16,simd-v0,151,0.510121
16,393435,151,0.406688
16,KACTL,152,5.299591
16,simd-v0,152,0.520079
16,393435,152,0.394886
16,ours-406478,152,0.253393
16,simd-v0,153,0.520952
16,393435,153,0.396288
16,ours-406478,153,0.253202
16,KACTL,153,5.206677
16,393435,154,0.396439
16,ours-406478,154,0.253042
16,KACTL,154,5.261359
16,simd-v0,154,0.509901
16,ours-406478,155,0.264212
16,KACTL,155,5.211485
16,simd-v0,155,0.510211
16,393435,155,0.407289
16,KACTL,156,5.268482
16,simd-v0,156,0.521513
16,393435,156,0.395507
16,ours-406478,156,0.253042
16,simd-v0,157,0.520720
16,393435,157,0.396820
16,ours-406478,157,0.264182
16,KACTL,157,5.190056
16,393435,158,0.396189
16,ours-406478,158,0.252961
16,KACTL,158,5.307445
16,simd-v0,158,0.510221
16,ours-406478,159,0.264504
16,KACTL,159,5.197029
16,simd-v0,159,0.510543
16,393435,159,0.411247
16,KACTL,160,5.262401
16,simd-v0,160,0.523436
16,393435,160,0.402430
16,ours-406478,160,0.254805
16,simd-v0,161,0.530158
16,393435,161,0.395788
16,ours-406478,161,0.265736
16,KACTL,161,5.186249
16,393435,162,0.395668
16,ours-406478,162,0.263781
16,KACTL,162,5.292908
16,simd-v0,162,0.510281
16,ours-406478,163,0.253492
16,KACTL,163,5.185167
16,simd-v0,163,0.520400
16,393435,163,0.399775
16,KACTL,164,5.250719
16,simd-v0,164,0.520991
16,393435,164,0.397301
16,ours-406478,164,0.253072
16,simd-v0,165,0.509941
16,393435,165,0.397601
16,ours-406478,165,0.263923
16,KACTL,165,5.194815
16,393435,166,0.397491
16,ours-406478,166,0.263671
16,KACTL,166,5.267640
16,simd-v0,166,0.520330
16,ours-406478,167,0.255737
16,KACTL,167,5.187611
16,simd-v0,167,0.521342
16,393435,167,0.396019
16,KACTL,168,5.310410
16,simd-v0,168,0.535057
16,393435,168,0.395227
16,ours-406478,168,0.264403
16,simd-v0,169,0.510061
16,393435,169,0.406117
16,ours-406478,169,0.253412
16,KACTL,169,5.198031
16,393435,170,0.405646
16,ours-406478,170,0.256008
16,KACTL,170,5.276117
16,simd-v0,170,0.520681
16,ours-406478,171,0.253312
16,KACTL,171,5.195045
16,simd-v0,171,0.520611
16,393435,171,0.396248
16,KACTL,172,5.279714
16,simd-v0,172,0.533003
16,393435,172,0.396710
16,ours-406478,172,0.265846
16,simd-v0,173,0.509590
16,393435,173,0.409383
16,ours-406478,173,0.253393
16,KACTL,173,5.188333
16,393435,174,0.405887
16,ours-406478,174,0.253082
16,KACTL,174,5.259806
16,simd-v0,174,0.520621
16,ours-406478,175,0.253021
16,KACTL,175,5.213119
16,simd-v0,175,0.520791
16,393435,175,0.395748
16,KACTL,176,5.269535
16,simd-v0,176,0.510111
16,393435,176,0.396108
16,ours-406478,176,0.253382
16,simd-v0,177,0.509941
16,393435,177,0.407059
16,ours-406478,177,0.253172
16,KACTL,177,5.190627
16,393435,178,0.405927
16,ours-406478,178,0.253272
16,KACTL,178,5.250368
16,simd-v0,178,0.521232
16,ours-406478,179,0.253071
16,KACTL,179,5.186149
16,simd-v0,179,0.520831
16,393435,179,0.395939
16,KACTL,180,5.282578
16,simd-v0,180,0.512845
16,393435,180,0.406207
16,ours-406478,180,0.253583
16,simd-v0,181,0.510812
16,393435,181,0.409684
16,ours-406478,181,0.255165
16,KACTL,181,5.201467
16,393435,182,0.406959
16,ours-406478,182,0.262820
16,KACTL,182,5.260357
16,simd-v0,182,0.520730
16,ours-406478,183,0.253232
16,KACTL,183,5.189886
16,simd-v0,183,0.523316
16,393435,183,0.395778
16,KACTL,184,5.270226
16,simd-v0,184,0.510041
16,393435,184,0.407840
16,ours-406478,184,0.253362
16,simd-v0,185,0.509990
16,393435,185,0.408662
16,ours-406478,185,0.252942
16,KACTL,185,5.191800
16,393435,186,0.406357
16,ours-406478,186,0.253132
16,KACTL,186,5.254135
16,simd-v0,186,0.523055
16,ours-406478,187,0.252912
16,KACTL,187,5.208951
16,simd-v0,187,0.520781
16,393435,187,0.393834
16,KACTL,188,5.270366
16,simd-v0,188,0.510041
16,393435,188,0.406027
16,ours-406478,188,0.253262
16,simd-v0,189,0.510201
16,393435,189,0.395788
16,ours-406478,189,0.253192
16,KACTL,189,5.187291
16,393435,190,0.418621
16,ours-406478,190,0.253202
16,KACTL,190,5.264345
16,simd-v0,190,0.520220
16,ours-406478,191,0.253012
16,KACTL,191,5.192481
16,simd-v0,191,0.509840
16,393435,191,0.394856
16,KACTL,192,5.278380
16,simd-v0,192,0.510131
16,393435,192,0.405356
16,ours-406478,192,0.253102
16,simd-v0,193,0.520550
16,393435,193,0.399776
16,ours-406478,193,0.253212
16,KACTL,193,5.188293
16,393435,194,0.395818
16,ours-406478,194,0.252952
16,KACTL,194,5.359572
16,simd-v0,194,0.510312
16,ours-406478,195,0.253633
16,KACTL,195,5.206607
16,simd-v0,195,0.509931
16,393435,195,0.409063
16,KACTL,196,5.292497
16,simd-v0,196,0.509991
16,393435,196,0.407360
16,ours-406478,196,0.253774
16,simd-v0,197,0.520862
16,393435,197,0.395808
16,ours-406478,197,0.253202
16,KACTL,197,5.263724
16,393435,198,0.396830
16,ours-406478,198,0.253743
16,KACTL,198,5.412471
16,simd-v0,198,0.510111
16,ours-406478,199,0.264303
16,KACTL,199,5.211586
16,simd-v0,199,0.510341
16,393435,199,0.406759
16,KACTL,200,5.250258
16,simd-v0,200,0.520932
16,393435,200,0.396549
16,ours-406478,200,0.253221
16,simd-v0,201,0.521041
16,393435,201,0.396018
16,ours-406478,201,0.263992
16,KACTL,201,5.194464
16,393435,202,0.404755
16,ours-406478,202,0.263401
16,KACTL,202,5.263533
16,simd-v0,202,0.510212
16,ours-406478,203,0.263832
16,KACTL,203,5.191809
16,simd-v0,203,0.528956
16,393435,203,0.397190
16,KACTL,204,5.263543
16,simd-v0,204,0.521953
16,393435,204,0.395907
16,ours-406478,204,0.253292
16,simd-v0,205,0.510883
16,393435,205,0.394385
16,ours-406478,205,0.263932
16,KACTL,205,5.184075
16,393435,206,0.394255
16,ours-406478,206,0.263611
16,KACTL,206,5.317013
16,simd-v0,206,0.521032
16,ours-406478,207,0.254404
16,KACTL,207,5.184876
16,simd-v0,207,0.520891
16,393435,207,0.396169
16,KACTL,208,5.270717
16,simd-v0,208,0.520641
16,393435,208,0.395788
16,ours-406478,208,0.264043
16,simd-v0,209,0.509880
16,393435,209,0.406547
16,ours-406478,209,0.252972
16,KACTL,209,5.192601
16,393435,210,0.394145
16,ours-406478,210,0.253252
16,KACTL,210,5.268141
16,simd-v0,210,0.520651
16,ours-406478,211,0.254174
16,KACTL,211,5.198923
16,simd-v0,211,0.520531
16,393435,211,0.397190
16,KACTL,212,5.255898
16,simd-v0,212,0.520500
16,393435,212,0.395908
16,ours-406478,212,0.263852
16,simd-v0,213,0.512586
16,393435,213,0.406538
16,ours-406478,213,0.253343
16,KACTL,213,5.186981
16,393435,214,0.406588
16,ours-406478,214,0.253132
16,KACTL,214,5.258283
16,simd-v0,214,0.520781
16,ours-406478,215,0.253433
16,KACTL,215,5.190196
16,simd-v0,215,0.520651
16,393435,215,0.396059
16,KACTL,216,5.268161
16,simd-v0,216,0.521172
16,393435,216,0.395057
16,ours-406478,216,0.263902
16,simd-v0,217,0.510181
16,393435,217,0.407660
16,ours-406478,217,0.253182
16,KACTL,217,5.185698
16,393435,218,0.406468
16,ours-406478,218,0.253363
16,KACTL,218,5.264776
16,simd-v0,218,0.523316
16,ours-406478,219,0.253112
16,KACTL,219,5.186049
16,simd-v0,219,0.520961
16,393435,219,0.400246
16,KACTL,220,5.264165
16,simd-v0,220,0.520009
16,393435,220,0.395818
16,ours-406478,220,0.263932
16,simd-v0,221,0.510031
16,393435,221,0.423950
16,ours-406478,221,0.252862
16,KACTL,221,5.212549
16,393435,222,0.406037
16,ours-406478,222,0.253292
16,KACTL,222,5.275516
16,simd-v0,222,0.557760
16,ours-406478,223,0.253682
16,KACTL,223,5.190718
16,simd-v0,223,0.520731
16,393435,223,0.398122
16,KACTL,224,5.270536
16,simd-v0,224,0.510672
16,393435,224,0.408001
16,ours-406478,224,0.253302
16,simd-v0,225,0.510492
16,393435,225,0.407399
16,ours-406478,225,0.253092
16,KACTL,225,5.190598
16,393435,226,0.429611
16,ours-406478,226,0.264684
16,KACTL,226,5.294511
16,simd-v0,226,0.521402
16,ours-406478,227,0.253162
16,KACTL,227,5.207899
16,simd-v0,227,0.520931
16,393435,227,0.397381
16,KACTL,228,5.272850
16,simd-v0,228,0.509980
16,393435,228,0.406999
16,ours-406478,228,0.253412
16,simd-v0,229,0.520501
16,393435,229,0.394986
16,ours-406478,229,0.253142
16,KACTL,229,5.185337
16,393435,230,0.406358
16,ours-406478,230,0.252881
16,KACTL,230,5.256841
16,simd-v0,230,0.520380
16,ours-406478,231,0.253763
16,KACTL,231,5.189345
16,simd-v0,231,0.510311
16,393435,231,0.398864
16,KACTL,232,5.272920
16,simd-v0,232,0.509920
16,393435,232,0.407209
16,ours-406478,232,0.253383
17,KACTL,0,11.178711
17,simd-v0,0,1.085725
17,393435,0,0.814478
17,ours-406478,0,0.540288
17,simd-v0,1,1.085564
17,393435,1,0.813597
17,ours-406478,1,0.529747
17,KACTL,1,11.333400
17,393435,2,0.810010
17,ours-406478,2,0.541309
17,KACTL,2,11.257277
17,simd-v0,2,1.101734
17,ours-406478,3,0.529076
17,KACTL,3,11.400034
17,simd-v0,3,1.084903
17,393435,3,0.815380
17,KACTL,4,11.244764
17,simd-v0,4,1.089661
17,393435,4,0.818736
17,ours-406478,4,0.536109
17,simd-v0,5,1.093910
17,393435,5,0.820951
17,ours-406478,5,0.528856
17,KACTL,5,11.310156
17,393435,6,0.802977
17,ours-406478,6,0.540147
17,KACTL,6,11.113891
17,simd-v0,6,1.083591
17,ours-406478,7,0.539385
17,KACTL,7,11.209828
17,simd-v0,7,1.084782
17,393435,7,0.814799
17,KACTL,8,11.144146
17,simd-v0,8,1.096163
17,393435,8,0.803368
17,ours-406478,8,0.540778
17,simd-v0,9,1.085734
17,393435,9,0.815951
17,ours-406478,9,0.539014
17,KACTL,9,11.253360
17,393435,10,0.815440
17,ours-406478,10,0.528796
17,KACTL,10,11.171107
17,simd-v0,10,1.114728
17,ours-406478,11,0.529077
17,KACTL,11,11.254312
17,simd-v0,11,1.085173
17,393435,11,0.828114
17,KACTL,12,11.179182
17,simd-v0,12,1.088560
17,393435,12,0.813767
17,ours-406478,12,0.541330
17,simd-v0,13,1.095192
17,393435,13,0.823566
17,ours-406478,13,0.529457
17,KACTL,13,11.286692
17,393435,14,0.805011
17,ours-406478,14,0.539436
17,KACTL,14,11.222372
17,simd-v0,14,1.085574
17,ours-406478,15,0.543764
17,KACTL,15,11.258670
17,simd-v0,15,1.085132
17,393435,15,0.803939
17,KACTL,16,11.187277
17,simd-v0,16,1.085444
17,393435,16,0.814599
17,ours-406478,16,0.529868
17,simd-v0,17,1.084733
17,393435,17,0.813357
17,ours-406478,17,0.542071
17,KACTL,17,11.255915
17,393435,18,0.813857
17,ours-406478,18,0.539406
17,KACTL,18,11.210850
17,simd-v0,18,1.088289
17,ours-406478,19,0.541059
17,KACTL,19,11.337096
17,simd-v0,19,1.098859
17,393435,19,0.815991
17,KACTL,20,11.301831
17,simd-v0,20,1.096184
17,393435,20,0.805101
17,ours-406478,20,0.533755
17,simd-v0,21,1.111823
17,393435,21,0.813657
17,ours-406478,21,0.552590
17,KACTL,21,11.212243
17,393435,22,0.814589
17,ours-406478,22,0.528646
17,KACTL,22,11.199820
17,simd-v0,22,1.088189
17,ours-406478,23,0.528746
17,KACTL,23,11.303824
17,simd-v0,23,1.089532
17,393435,23,0.814940
17,KACTL,24,11.193598
17,simd-v0,24,1.094380
17,393435,24,0.813978
17,ours-406478,24,0.555596
17,simd-v0,25,1.099941
17,393435,25,0.821532
17,ours-406478,25,0.528075
17,KACTL,25,11.300418
17,393435,26,0.814518
17,ours-406478,26,0.528846
17,KACTL,26,11.217924
17,simd-v0,26,1.104889
17,ours-406478,27,0.533915
17,KACTL,27,11.369447
17,simd-v0,27,1.087949
17,393435,27,0.823866
17,KACTL,28,11.189140
17,simd-v0,28,1.087728
17,393435,28,0.815080
17,ours-406478,28,0.542171
17,simd-v0,29,1.084412
17,393435,29,0.820760
17,ours-406478,29,0.529688
17,KACTL,29,11.313482
17,393435,30,0.803177
17,ours-406478,30,0.541649
17,KACTL,30,11.274931
17,simd-v0,30,1.086215
17,ours-406478,31,0.528906
17,KACTL,31,11.319263
17,simd-v0,31,1.085223
17,393435,31,0.805863
17,KACTL,32,11.255124
17,simd-v0,32,1.097406
17,393435,32,0.814438
17,ours-406478,32,0.529868
17,simd-v0,33,1.095542
17,393435,33,0.803447
17,ours-406478,33,0.538965
17,KACTL,33,11.290620
17,393435,34,0.815400
17,ours-406478,34,0.539546
17,KACTL,34,11.152212
17,simd-v0,34,1.087277
17,ours-406478,35,0.539516
17,KACTL,35,11.254833
17,simd-v0,35,1.100552
17,393435,35,0.813958
17,KACTL,36,11.142633
17,simd-v0,36,1.094971
17,393435,36,0.803598
17,ours-406478,36,0.540217
17,simd-v0,37,1.105732
17,393435,37,0.815731
17,ours-406478,37,0.539456
17,KACTL,37,11.234145
17,393435,38,0.813918
17,ours-406478,38,0.528565
17,KACTL,38,11.271544
17,simd-v0,38,1.085815
17,ours-406478,39,0.529607
17,KACTL,39,11.277305
17,simd-v0,39,1.083490
17,393435,39,0.815060
17,KACTL,40,11.161409
17,simd-v0,40,1.104348
17,393435,40,0.816272
17,ours-406478,40,0.550837
17,simd-v0,41,1.096574
17,393435,41,0.815621
17,ours-406478,41,0.529588
17,KACTL,41,11.291932
17,393435,42,0.830879
17,ours-406478,42,0.529006
17,KACTL,42,11.215049
17,simd-v0,42,1.096855
17,ours-406478,43,0.531341
17,KACTL,43,11.254723
17,simd-v0,43,1.096975
17,393435,43,0.804900
17,KACTL,44,11.807884
17,simd-v0,44,1.135747
17,393435,44,0.816562
17,ours-406478,44,0.549254
17,simd-v0,45,1.100803
17,393435,45,0.818716
17,ours-406478,45,0.541430
17,KACTL,45,11.268919
17,393435,46,0.990266
17,ours-406478,46,0.648399
17,KACTL,46,11.355570
17,simd-v0,46,1.098238
17,ours-406478,47,0.529447
17,KACTL,47,11.237099
17,simd-v0,47,1.094651
17,393435,47,0.806824
17,KACTL,48,11.201714
17,simd-v0,48,1.085483
17,393435,48,0.816512
17,ours-406478,48,0.530138
17,simd-v0,49,1.087178
17,393435,49,0.814688
17,ours-406478,49,0.539145
17,KACTL,49,11.209529
17,393435,50,0.816092
17,ours-406478,50,0.539175
17,KACTL,50,11.180354
17,simd-v0,50,1.099790
17,ours-406478,51,0.540908
17,KACTL,51,11.277105
17,simd-v0,51,1.087718
17,393435,51,0.815190
17,KACTL,52,11.332949
17,simd-v0,52,1.103738
17,393435,52,0.803869
17,ours-406478,52,0.543934
17,simd-v0,53,1.085414
17,393435,53,0.816562
17,ours-406478,53,0.539777
17,KACTL,53,11.272616
17,393435,54,0.813567
17,ours-406478,54,0.529657
17,KACTL,54,11.186526
17,simd-v0,54,1.085253
17,ours-406478,55,0.529127
17,KACTL,55,11.278757
17,simd-v0,55,1.085204
17,393435,55,0.816431
17,KACTL,56,11.208696
17,simd-v0,56,1.085173
17,393435,56,0.821301
17,ours-406478,56,0.541360
17,simd-v0,57,1.083991
17,393435,57,0.819188
17,ours-406478,57,0.528786
17,KACTL,57,11.243401
17,393435,58,0.812645
17,ours-406478,58,0.539726
17,KACTL,58,11.258711
17,simd-v0,58,1.084973
17,ours-406478,59,0.528946
17,KACTL,59,11.260614
17,simd-v0,59,1.094972
17,393435,59,0.803397
17,KACTL,60,11.200301
17,simd-v0,60,1.084842
17,393435,60,0.818155
17,ours-406478,60,0.529527
17,simd-v0,61,1.084672
17,393435,61,0.814128
17,ours-406478,61,0.551157
17,KACTL,61,11.243643
17,393435,62,0.814458
17,ours-406478,62,0.538945
17,KACTL,62,11.191344
17,simd-v0,62,1.084803
17,ours-406478,63,0.539706
17,KACTL,63,11.220470
17,simd-v0,63,1.084362
17,393435,63,0.814478
17,KACTL,64,11.187778
17,simd-v0,64,1.085293
17,393435,64,0.814970
17,ours-406478,64,0.616680
17,simd-v0,65,1.087087
17,393435,65,0.814749
17,ours-406478,65,0.539566
17,KACTL,65,11.368185
17,393435,66,0.819909
17,ours-406478,66,0.545086
17,KACTL,66,11.243632
17,simd-v0,66,1.086385
17,ours-406478,67,0.529738
17,KACTL,67,11.331686
17,simd-v0,67,1.092527
17,393435,67,0.814950
17,KACTL,68,11.199219
17,simd-v0,68,1.083219
17,393435,68,0.814568
17,ours-406478,68,0.540858
17,simd-v0,69,1.082879
17,393435,69,0.812264
17,ours-406478,69,0.528746
17,KACTL,69,11.241829
17,393435,70,0.802626
17,ours-406478,70,0.528946
17,KACTL,70,11.233283
17,simd-v0,70,1.097196
17,ours-406478,71,0.529257
17,KACTL,71,11.254833
17,simd-v0,71,1.087147
17,393435,71,0.803177
17,KACTL,72,11.205201
17,simd-v0,72,1.084502
17,393435,72,0.814278
17,ours-406478,72,0.530068
17,simd-v0,73,1.104389
17,393435,73,0.806273
17,ours-406478,73,0.539195
17,KACTL,73,11.277014
17,393435,74,0.813406
17,ours-406478,74,0.539125
17,KACTL,74,11.238764
17,simd-v0,74,1.085264
17,ours-406478,75,0.540769
17,KACTL,75,11.304465
17,simd-v0,75,1.083851
17,393435,75,0.818356
17,KACTL,76,11.252619
17,simd-v0,76,1.103847
17,393435,76,0.816412
17,ours-406478,76,0.530389
17,simd-v0,77,1.090553
17,393435,77,0.813667
17,ours-406478,77,0.539796
17,KACTL,77,11.224246
17,393435,78,0.814068
17,ours-406478,78,0.539696
17,KACTL,78,11.195141
17,simd-v0,78,1.093909
17,ours-406478,79,0.539426
17,KACTL,79,11.309345
17,simd-v0,79,1.112014
17,393435,79,0.816011
17,KACTL,80,11.134308
17,simd-v0,80,1.085374
17,393435,80,0.814629
17,ours-406478,80,0.543774
17,simd-v0,81,1.087217
17,393435,81,0.813938
17,ours-406478,81,0.529166
17,KACTL,81,11.276894
17,393435,82,0.814299
17,ours-406478,82,0.530569
17,KACTL,82,11.198508
17,simd-v0,82,1.096625
17,ours-406478,83,0.528605
17,KACTL,83,11.375839
17,simd-v0,83,1.087288
17,393435,83,0.814248
17,KACTL,84,11.194119
17,simd-v0,84,1.118706
17,393435,84,0.837472
17,ours-406478,84,0.541069
17,simd-v0,85,1.099970
17,393435,85,0.817123
17,ours-406478,85,0.528976
17,KACTL,85,11.344120
17,393435,86,0.808157
17,ours-406478,86,0.528585
17,KACTL,86,11.229796
17,simd-v0,86,1.099400
17,ours-406478,87,0.528796
17,KACTL,87,11.281863
17,simd-v0,87,1.110340
17,393435,87,0.808397
17,KACTL,88,11.209618
17,simd-v0,88,1.084271
17,393435,88,0.813286
17,ours-406478,88,0.528686
17,simd-v0,89,1.084342
17,393435,89,0.805822
17,ours-406478,89,0.540668
17,KACTL,89,11.295739
17,393435,90,0.815309
17,ours-406478,90,0.539505
17,KACTL,90,11.137654
17,simd-v0,90,1.084683
17,ours-406478,91,0.539656
17,KACTL,91,11.170205
17,simd-v0,91,1.087317
17,393435,91,0.824577
17,KACTL,92,11.342787
17,simd-v0,92,1.095082
17,393435,92,0.804150
17,ours-406478,92,0.542100
17,simd-v0,93,1.083660
17,393435,93,0.814428
17,ours-406478,93,0.539476
17,KACTL,93,11.273828
17,393435,94,0.814088
17,ours-406478,94,0.529638
17,KACTL,94,11.313443
17,simd-v0,94,1.084371
17,ours-406478,95,0.529657
17,KACTL,95,11.234315
17,simd-v0,95,1.430987
17,393435,95,0.989495
17,KACTL,96,11.346474
17,simd-v0,96,1.087547
17,393435,96,0.816101
17,ours-406478,96,0.540598
17,simd-v0,97,1.095252
17,393435,97,0.804079
17,ours-406478,97,0.528856
17,KACTL,97,11.219928
17,393435,98,0.814027
17,ours-406478,98,0.539696
17,KACTL,98,11.195562
17,simd-v0,98,1.095402
17,ours-406478,99,0.592655
17,KACTL,99,11.281733
17,simd-v0,99,1.084882
17,393435,99,0.817294
17,KACTL,100,11.199220
17,simd-v0,100,1.085854
17,393435,100,0.815100
17,ours-406478,100,0.531070
17,simd-v0,101,1.087477
17,393435,101,0.813396
17,ours-406478,101,0.539535
17,KACTL,101,11.564260
17,393435,102,0.819448
17,ours-406478,102,0.540237
17,KACTL,102,11.214177
17,simd-v0,102,1.083099
17,ours-406478,103,0.539696
17,KACTL,103,11.202896
17,simd-v0,103,1.105291
17,393435,103,0.814569
17,KACTL,104,11.213616
17,simd-v0,104,1.082558
17,393435,104,0.804831
17,ours-406478,104,0.529097
17,simd-v0,105,1.091826
17,393435,105,0.844755
17,ours-406478,105,0.540077
17,KACTL,105,11.233313
17,393435,106,0.813116
17,ours-406478,106,0.531020
17,KACTL,106,11.261646
17,simd-v0,106,1.086315
17,ours-406478,107,0.543343
17,KACTL,107,11.255824
17,simd-v0,107,1.084292
17,393435,107,0.815199
17,KACTL,108,11.179462
17,simd-v0,108,1.085273
17,393435,108,0.815932
17,ours-406478,108,0.547631
18,KACTL,0,23.855415
18,simd-v0,0,2.288056
18,393435,0,1.783595
18,ours-406478,0,1.160133
18,simd-v0,1,2.285381
18,393435,1,1.797732
18,ours-406478,1,1.138963
18,KACTL,1,23.650373
18,393435,2,1.791340
18,ours-406478,2,1.157297
18,KACTL,2,23.732727
18,simd-v0,2,2.309496
18,ours-406478,3,1.141778
18,KACTL,3,23.570654
18,simd-v0,3,2.299317
18,393435,3,1.773847
18,KACTL,4,23.937337
18,simd-v0,4,2.306189
18,393435,4,1.773647
18,ours-406478,4,1.151226
18,simd-v0,5,2.289298
18,393435,5,1.784347
18,ours-406478,5,1.141548
18,KACTL,5,23.385970
18,393435,6,1.769820
18,ours-406478,6,1.140647
18,KACTL,6,23.589729
18,simd-v0,6,2.293005
18,ours-406478,7,1.160833
18,KACTL,7,23.531291
18,simd-v0,7,2.275903
18,393435,7,1.795127
18,KACTL,8,23.636887
18,simd-v0,8,2.300398
18,393435,8,1.772976
18,ours-406478,8,1.157388
18,simd-v0,9,2.283147
18,393435,9,1.774839
18,ours-406478,9,1.138442
18,KACTL,9,23.843623
18,393435,10,1.770652
18,ours-406478,10,1.147860
18,KACTL,10,23.609065
18,simd-v0,10,2.305489
18,ours-406478,11,1.182234
18,KACTL,11,23.558832
18,simd-v0,11,2.321057
18,393435,11,1.766123
18,KACTL,12,23.514529
18,simd-v0,12,2.271575
18,393435,12,1.761163
18,ours-406478,12,1.153721
18,simd-v0,13,2.274530
18,393435,13,1.768357
18,ours-406478,13,1.140257
18,KACTL,13,23.530840
18,393435,14,1.780770
18,ours-406478,14,1.157168
18,KACTL,14,23.852078
18,simd-v0,14,2.290831
18,ours-406478,15,1.142840
18,KACTL,15,23.690357
18,simd-v0,15,2.276545
18,393435,15,1.770090
18,KACTL,16,23.746232
18,simd-v0,16,2.550285
18,393435,16,2.816872
18,ours-406478,16,1.893681
18,simd-v0,17,3.682115
18,393435,17,2.885509
18,ours-406478,17,1.943674
18,KACTL,17,36.414299
18,393435,18,2.032198
18,ours-406478,18,1.143021
18,KACTL,18,24.801960
18,simd-v0,18,2.294298
18,ours-406478,19,1.155354
18,KACTL,19,23.541009
18,simd-v0,19,2.277576
18,393435,19,1.762056
18,KACTL,20,23.473563
18,simd-v0,20,2.286743
18,393435,20,1.772655
18,ours-406478,20,1.161194
18,simd-v0,21,2.271635
18,393435,21,1.775651
18,ours-406478,21,1.148451
18,KACTL,21,27.825797
18,393435,22,1.776902
18,ours-406478,22,3.035669
18,KACTL,22,33.562322
18,simd-v0,22,2.313112
18,ours-406478,23,1.153791
18,KACTL,23,23.595982
18,simd-v0,23,2.298476
18,393435,23,1.810986
18,KACTL,24,23.622661
18,simd-v0,24,2.281023
18,393435,24,1.774699
18,ours-406478,24,1.163128
18,simd-v0,25,2.298946
18,393435,25,1.774187
18,ours-406478,25,1.138372
18,KACTL,25,23.621008
18,393435,26,1.789936
18,ours-406478,26,1.142510
18,KACTL,26,23.704233
18,simd-v0,26,2.283578
18,ours-406478,27,1.148942
18,KACTL,27,23.530740
18,simd-v0,27,2.325376
18,393435,27,1.779498
18,KACTL,28,23.540038
18,simd-v0,28,2.289188
18,393435,28,1.761924
18,ours-406478,28,1.150605
18,simd-v0,29,2.300548
18,393435,29,1.778506
18,ours-406478,29,1.147108
18,KACTL,29,23.576074
18,393435,30,1.776132
18,ours-406478,30,1.141498
18,KACTL,30,23.655112
18,simd-v0,30,2.285842
18,ours-406478,31,1.141518
18,KACTL,31,23.625117
18,simd-v0,31,2.282104
18,393435,31,1.789206
18,KACTL,32,23.757554
18,simd-v0,32,2.281253
18,393435,32,1.778306
18,ours-406478,32,1.154432
18,simd-v0,33,2.294308
18,393435,33,1.772855
18,ours-406478,33,1.138843
18,KACTL,33,23.780446
18,393435,34,1.780220
18,ours-406478,34,1.165163
18,KACTL,34,23.720254
18,simd-v0,34,2.318993
18,ours-406478,35,1.145095
18,KACTL,35,23.485928
18,simd-v0,35,2.301942
18,393435,35,1.798232
18,KACTL,36,23.558172
18,simd-v0,36,2.289679
18,393435,36,1.797741
18,ours-406478,36,1.148862
18,simd-v0,37,2.290902
18,393435,37,1.774057
18,ours-406478,37,1.265911
18,KACTL,37,23.449239
18,393435,38,1.776813
18,ours-406478,38,1.143041
18,KACTL,38,23.586776
18,simd-v0,38,2.324604
18,ours-406478,39,1.156746
18,KACTL,39,23.561548
18,simd-v0,39,2.298816
18,393435,39,1.782423
18,KACTL,40,23.737216
18,simd-v0,40,2.303275
18,393435,40,1.769899
18,ours-406478,40,1.152659
18,simd-v0,41,2.279991
18,393435,41,1.768768
18,ours-406478,41,1.138733
18,KACTL,41,23.694767
18,393435,42,1.776813
18,ours-406478,42,1.143893
18,KACTL,42,23.724933
18,simd-v0,42,2.285340
18,ours-406478,43,1.185741
18,KACTL,43,23.529810
18,simd-v0,43,2.296751
18,393435,43,1.764880
18,KACTL,44,23.550308
18,simd-v0,44,2.281273
18,393435,44,1.755513
18,ours-406478,44,1.149864
18,simd-v0,45,2.278998
18,393435,45,1.780470
18,ours-406478,45,1.141288
18,KACTL,45,23.508640
18,393435,46,1.774518
18,ours-406478,46,1.142039
18,KACTL,46,23.685310
18,simd-v0,46,2.280772
18,ours-406478,47,1.142470
18,KACTL,47,23.573531
18,simd-v0,47,2.301511
18,393435,47,1.783475
18,KACTL,48,23.520823
18,simd-v0,48,2.287745
18,393435,48,1.802901
18,ours-406478,48,1.149614
18,simd-v0,49,2.294498
18,393435,49,1.771563
18,ours-406478,49,1.139013
18,KACTL,49,23.586916
18,393435,50,1.778296
18,ours-406478,50,1.141749
18,KACTL,50,23.680421
18,simd-v0,50,2.271255
18,ours-406478,51,1.150435
18,KACTL,51,23.696861
18,simd-v0,51,2.283988
18,393435,51,1.793373
19,KACTL,0,49.754464
19,simd-v0,0,4.784530
19,393435,0,3.597667
19,ours-406478,0,2.381380
19,simd-v0,1,4.776305
19,393435,1,3.598269
19,ours-406478,1,2.385528
19,KACTL,1,49.653816
19,393435,2,3.589864
19,ours-406478,2,2.376010
19,KACTL,2,49.804026
19,simd-v0,2,4.749756
19,ours-406478,3,2.380378
19,KACTL,3,49.572374
19,simd-v0,3,4.739386
19,393435,3,3.606574
19,KACTL,4,49.660619
19,simd-v0,4,4.809697
19,393435,4,3.593108
19,ours-406478,4,2.399884
19,simd-v0,5,4.782286
19,393435,5,3.586928
19,ours-406478,5,2.389966
19,KACTL,5,49.600627
19,393435,6,3.599941
19,ours-406478,6,2.374377
19,KACTL,6,49.843279
19,simd-v0,6,4.783329
19,ours-406478,7,2.381200
19,KACTL,7,49.604805
19,simd-v0,7,4.735538
19,393435,7,3.632542
19,KACTL,8,49.746980
19,simd-v0,8,4.753613
19,393435,8,3.614128
19,ours-406478,8,2.439448
19,simd-v0,9,4.752801
19,393435,9,3.599792
19,ours-406478,9,2.384796
19,KACTL,9,49.512643
19,393435,10,3.599591
19,ours-406478,10,2.381710
19,KACTL,10,49.971528
19,simd-v0,10,4.742873
19,ours-406478,11,2.382752
19,KACTL,11,49.950910
19,simd-v0,11,4.713899
19,393435,11,3.593350
19,KACTL,12,49.749114
19,simd-v0,12,4.762179
19,393435,12,3.579584
19,ours-406478,12,2.384305
19,simd-v0,13,4.739777
19,393435,13,3.595805
19,ours-406478,13,2.375188
19,KACTL,13,49.622888
19,393435,14,3.580696
19,ours-406478,14,2.379126
19,KACTL,14,49.890567
19,simd-v0,14,4.754725
19,ours-406478,15,2.397220
19,KACTL,15,49.705282
19,simd-v0,15,4.756147
19,393435,15,3.598609
19,KACTL,16,49.890928
19,simd-v0,16,4.751750
19,393435,16,3.610882
19,ours-406478,16,2.395917
19,simd-v0,17,4.790452
19,393435,17,3.594813
19,ours-406478,17,2.386569
19,KACTL,17,49.721121
19,393435,18,3.582620
19,ours-406478,18,2.380729
19,KACTL,18,49.875339
19,simd-v0,18,4.762700
19,ours-406478,19,2.389004
19,KACTL,19,49.582173
19,simd-v0,19,4.751889
19,393435,19,3.627153
19,KACTL,20,49.623339
19,simd-v0,20,4.838852
19,393435,20,3.642922
19,ours-406478,20,2.427907
19,simd-v0,21,4.856655
19,393435,21,3.604020
19,ours-406478,21,2.390968
19,KACTL,21,49.552627
19,393435,22,3.586808
19,ours-406478,22,2.399704
19,KACTL,22,50.009479
19,simd-v0,22,4.750918
19,ours-406478,23,2.866224
19,KACTL,23,49.882773
19,simd-v0,23,4.793668
19,393435,23,3.748539
20,KACTL,0,118.537364
20,simd-v0,0,9.886762
20,393435,0,7.821823
20,ours-406478,0,5.095510
20,simd-v0,1,9.888416
20,393435,1,7.760900
20,ours-406478,1,5.147247
20,KACTL,1,108.947204
20,393435,2,7.822444
20,ours-406478,2,5.104717
20,KACTL,2,118.228658
20,simd-v0,2,9.856346
20,ours-406478,3,5.106430
20,KACTL,3,108.897311
20,simd-v0,3,9.882546
20,393435,3,7.744109
20,KACTL,4,118.814431
20,simd-v0,4,9.919474
20,393435,4,7.752845
20,ours-406478,4,5.093256
20,simd-v0,5,9.882585
20,393435,5,7.766099
20,ours-406478,5,5.089559
20,KACTL,5,108.999922
20,393435,6,7.798189
20,ours-406478,6,5.093246
20,KACTL,6,118.138300
20,simd-v0,6,9.892684
20,ours-406478,7,5.087786
20,KACTL,7,109.009680
20,simd-v0,7,9.898665
20,393435,7,7.846960
20,KACTL,8,121.070407
20,simd-v0,8,10.104620
20,393435,8,8.110381
20,ours-406478,8,5.081955
20,simd-v0,9,10.065757
20,393435,9,8.119748
20,ours-406478,9,5.286506
20,KACTL,9,111.178334
20,393435,10,8.006437
20,ours-406478,10,5.470399
20,KACTL,10,118.534689
20,simd-v0,10,9.882275
21,KACTL,0,252.556643
21,simd-v0,0,20.473442
21,393435,0,15.809956
21,ours-406478,0,10.478707
21,simd-v0,1,20.691097
21,393435,1,15.831667
21,ours-406478,1,10.470682
21,KACTL,1,235.999203
21,393435,2,15.848989
21,ours-406478,2,10.555640
21,KACTL,2,251.875083
21,simd-v0,2,23.090921
21,ours-406478,3,11.870702
21,KACTL,3,237.765726
21,simd-v0,3,20.447353
21,393435,3,15.859649
21,KACTL,4,251.181909
21,simd-v0,4,20.583827
21,393435,4,15.791753
21,ours-406478,4,10.522819
21,simd-v0,5,20.485313
21,393435,5,15.851424
21,ours-406478,5,10.478517
21,KACTL,5,236.997114
21,393435,6,15.805829
21,ours-406478,6,10.525444
21,KACTL,6,251.633522
21,simd-v0,6,20.613302
21,ours-406478,7,10.501970
21,KACTL,7,236.935749
21,simd-v0,7,20.494871
21,393435,7,15.818363
21,KACTL,8,251.075250
21,simd-v0,8,20.438616
21,393435,8,15.856583
21,ours-406478,8,10.474188
21,simd-v0,9,20.451580
21,393435,9,15.838430
21,ours-406478,9,10.542105
21,KACTL,9,235.805786
21,393435,10,15.781605
21,ours-406478,10,10.520833
21,KACTL,10,253.193059
21,simd-v0,10,20.467595
22,KACTL,0,504.278808
22,simd-v0,0,43.675521
22,393435,0,33.964418
22,ours-406478,0,22.556440
22,simd-v0,1,43.235930
22,393435,1,33.960240
22,ours-406478,1,22.553716
22,KACTL,1,494.816168
22,393435,2,34.058744
22,ours-406478,2,22.546763
22,KACTL,2,521.526867
22,simd-v0,2,43.509391
22,ours-406478,3,22.467094
22,KACTL,3,495.810844
22,simd-v0,3,43.492159
22,393435,3,33.896662
22,KACTL,4,512.093213
22,simd-v0,4,43.161101
22,393435,4,34.076197
22,ours-406478,4,22.558915
22,simd-v0,5,43.247362
22,393435,5,33.914886
22,ours-406478,5,22.575215
22,KACTL,5,495.333523
22,393435,6,34.072039
22,ours-406478,6,22.630139
22,KACTL,6,505.480779
22,simd-v0,6,43.353280
22,ours-406478,7,22.561219
22,KACTL,7,495.236012
22,simd-v0,7,43.579601
22,393435,7,33.935264
22,KACTL,8,504.015306
22,simd-v0,8,43.360363
22,393435,8,34.006917
22,ours-406478,8,22.497230
22,simd-v0,9,43.175167
22,393435,9,33.925175
22,ours-406478,9,22.533418
22,KACTL,9,496.617305
22,393435,10,33.961546
22,ours-406478,10,22.558934
22,KACTL,10,503.577002
22,simd-v0,10,43.719200
