lg,impl,rep,ms
10,KACTL,0,0.047198
10,simd-v0,0,0.008126
10,393435,0,0.004438
10,ours-406478,0,0.002996
10,simd-v0,1,0.008075
10,393435,1,0.004379
10,ours-406478,1,0.002985
10,KACTL,1,0.047248
10,393435,2,0.004408
10,ours-406478,2,0.002976
10,KACTL,2,0.047189
10,simd-v0,2,0.008075
10,ours-406478,3,0.002965
10,KACTL,3,0.047088
10,simd-v0,3,0.029124
10,393435,3,0.006201
10,KACTL,4,0.053700
10,simd-v0,4,0.008175
10,393435,4,0.004518
10,ours-406478,4,0.003346
10,simd-v0,5,0.008105
10,393435,5,0.004378
10,ours-406478,5,0.003757
10,KACTL,5,0.047198
10,393435,6,0.004428
10,ours-406478,6,0.002966
10,KACTL,6,0.047108
10,simd-v0,6,0.008085
10,ours-406478,7,0.002976
10,KACTL,7,0.047158
10,simd-v0,7,0.008065
10,393435,7,0.004389
10,KACTL,8,0.047209
10,simd-v0,8,0.008065
10,393435,8,0.004409
10,ours-406478,8,0.002996
10,simd-v0,9,0.008065
10,393435,9,0.004418
10,ours-406478,9,0.002976
10,KACTL,9,0.047158
10,393435,10,0.004408
10,ours-406478,10,0.002956
10,KACTL,10,0.047048
10,simd-v0,10,0.008086
10,ours-406478,11,0.002966
10,KACTL,11,0.047058
10,simd-v0,11,0.008065
10,393435,11,0.004419
10,KACTL,12,0.047139
10,simd-v0,12,0.008075
10,393435,12,0.004408
10,ours-406478,12,0.002966
10,simd-v0,13,0.008126
10,393435,13,0.004408
10,ours-406478,13,0.002975
10,KACTL,13,0.047159
10,393435,14,0.004488
10,ours-406478,14,0.002976
10,KACTL,14,0.047128
10,simd-v0,14,0.008155
10,ours-406478,15,0.002956
10,KACTL,15,0.047048
10,simd-v0,15,0.008075
10,393435,15,0.004478
10,KACTL,16,0.047148
10,simd-v0,16,0.008075
10,393435,16,0.004499
10,ours-406478,16,0.002966
10,simd-v0,17,0.008065
10,393435,17,0.004428
10,ours-406478,17,0.002976
10,KACTL,17,0.047108
10,393435,18,0.004398
10,ours-406478,18,0.002986
10,KACTL,18,0.058179
10,simd-v0,18,0.008105
10,ours-406478,19,0.003006
10,KACTL,19,0.047178
10,simd-v0,19,0.008065
10,393435,19,0.004468
10,KACTL,20,0.048000
10,simd-v0,20,0.008065
10,393435,20,0.004388
10,ours-406478,20,0.003006
10,simd-v0,21,0.008055
10,393435,21,0.004369
10,ours-406478,21,0.002975
10,KACTL,21,0.047199
10,393435,22,0.004399
10,ours-406478,22,0.002975
10,KACTL,22,0.047108
10,simd-v0,22,0.008075
10,ours-406478,23,0.002965
10,KACTL,23,0.047158
10,simd-v0,23,0.008055
10,393435,23,0.004399
10,KACTL,24,0.047119
10,simd-v0,24,0.008065
10,393435,24,0.004388
10,ours-406478,24,0.002986
10,simd-v0,25,0.008085
10,393435,25,0.004409
10,ours-406478,25,0.002985
10,KACTL,25,0.047048
10,393435,26,0.004398
10,ours-406478,26,0.002975
10,KACTL,26,0.047068
10,simd-v0,26,0.008075
10,ours-406478,27,0.002966
10,KACTL,27,0.047078
10,simd-v0,27,0.008075
10,393435,27,0.004438
10,KACTL,28,0.047189
10,simd-v0,28,0.008075
10,393435,28,0.004389
10,ours-406478,28,0.002985
10,simd-v0,29,0.008166
10,393435,29,0.004388
10,ours-406478,29,0.002995
10,KACTL,29,0.047088
10,393435,30,0.004469
10,ours-406478,30,0.002965
10,KACTL,30,0.047088
10,simd-v0,30,0.008085
10,ours-406478,31,0.003036
10,KACTL,31,0.047118
10,simd-v0,31,0.008055
10,393435,31,0.004509
10,KACTL,32,0.047118
10,simd-v0,32,0.008076
10,393435,32,0.004468
10,ours-406478,32,0.002996
10,simd-v0,33,0.008065
10,393435,33,0.004408
10,ours-406478,33,0.002956
10,KACTL,33,0.047198
10,393435,34,0.022402
10,ours-406478,34,0.004909
10,KACTL,34,0.049192
10,simd-v0,34,0.008155
10,ours-406478,35,0.002975
10,KACTL,35,0.047109
10,simd-v0,35,0.008826
10,393435,35,0.004549
10,KACTL,36,0.047168
10,simd-v0,36,0.008055
10,393435,36,0.004408
10,ours-406478,36,0.002976
10,simd-v0,37,0.008075
10,393435,37,0.004428
10,ours-406478,37,0.002975
10,KACTL,37,0.047178
10,393435,38,0.004408
10,ours-406478,38,0.002965
10,KACTL,38,0.047139
10,simd-v0,38,0.008095
10,ours-406478,39,0.002946
10,KACTL,39,0.047118
10,simd-v0,39,0.008075
10,393435,39,0.004418
10,KACTL,40,0.047138
10,simd-v0,40,0.008065
10,393435,40,0.004408
10,ours-406478,40,0.002966
10,simd-v0,41,0.008155
10,393435,41,0.004378
10,ours-406478,41,0.002966
10,KACTL,41,0.047098
10,393435,42,0.004458
10,ours-406478,42,0.002956
10,KACTL,42,0.047118
10,simd-v0,42,0.008075
10,ours-406478,43,0.003046
10,KACTL,43,0.047218
10,simd-v0,43,0.008095
10,393435,43,0.004499
10,KACTL,44,0.047168
10,simd-v0,44,0.008075
10,393435,44,0.004438
10,ours-406478,44,0.003086
10,simd-v0,45,0.008105
10,393435,45,0.004388
10,ours-406478,45,0.002986
10,KACTL,45,0.047128
10,393435,46,0.004388
10,ours-406478,46,0.002966
10,KACTL,46,0.047138
10,simd-v0,46,0.008085
10,ours-406478,47,0.002956
10,KACTL,47,0.047158
10,simd-v0,47,0.008065
10,393435,47,0.004388
10,KACTL,48,0.059622
10,simd-v0,48,0.008085
10,393435,48,0.004459
10,ours-406478,48,0.003105
10,simd-v0,49,0.008075
10,393435,49,0.004428
10,ours-406478,49,0.002985
10,KACTL,49,0.047819
10,393435,50,0.004398
10,ours-406478,50,0.002976
10,KACTL,50,0.047028
10,simd-v0,50,0.008055
10,ours-406478,51,0.002966
10,KACTL,51,0.047168
10,simd-v0,51,0.008095
10,393435,51,0.004428
10,KACTL,52,0.047229
10,simd-v0,52,0.008055
10,393435,52,0.004428
10,ours-406478,52,0.002985
10,simd-v0,53,0.008075
10,393435,53,0.004408
10,ours-406478,53,0.002966
10,KACTL,53,0.047209
10,393435,54,0.004399
10,ours-406478,54,0.002966
10,KACTL,54,0.047058
10,simd-v0,54,0.008045
10,ours-406478,55,0.002966
10,KACTL,55,0.047098
10,simd-v0,55,0.008075
10,393435,55,0.004398
10,KACTL,56,0.047138
10,simd-v0,56,0.008065
10,393435,56,0.004389
10,ours-406478,56,0.002986
10,simd-v0,57,0.008085
10,393435,57,0.004438
10,ours-406478,57,0.002976
10,KACTL,57,0.047118
10,393435,58,0.004408
10,ours-406478,58,0.002955
10,KACTL,58,0.047109
10,simd-v0,58,0.008075
10,ours-406478,59,0.002966
10,KACTL,59,0.047128
10,simd-v0,59,0.008085
10,393435,59,0.004449
10,KACTL,60,0.047068
10,simd-v0,60,0.008065
10,393435,60,0.004368
10,ours-406478,60,0.002976
10,simd-v0,61,0.008065
10,393435,61,0.004369
10,ours-406478,61,0.002965
10,KACTL,61,0.047139
10,393435,62,0.004418
10,ours-406478,62,0.002975
10,KACTL,62,0.047169
10,simd-v0,62,0.008075
10,ours-406478,63,0.002956
10,KACTL,63,0.047138
10,simd-v0,63,0.027071
10,393435,63,0.006161
10,KACTL,64,0.052368
10,simd-v0,64,0.008055
10,393435,64,0.004508
10,ours-406478,64,0.003306
10,simd-v0,65,0.008095
10,393435,65,0.004398
10,ours-406478,65,0.002996
10,KACTL,65,0.048019
10,393435,66,0.004419
10,ours-406478,66,0.002975
10,KACTL,66,0.047098
10,simd-v0,66,0.008086
10,ours-406478,67,0.002955
10,KACTL,67,0.047138
10,simd-v0,67,0.008065
10,393435,67,0.004388
10,KACTL,68,0.047228
10,simd-v0,68,0.008065
10,393435,68,0.004438
10,ours-406478,68,0.002986
10,simd-v0,69,0.008075
10,393435,69,0.004418
10,ours-406478,69,0.002976
10,KACTL,69,0.047298
10,393435,70,0.004409
10,ours-406478,70,0.002956
10,KACTL,70,0.047138
10,simd-v0,70,0.008085
10,ours-406478,71,0.002946
10,KACTL,71,0.047118
10,simd-v0,71,0.008065
10,393435,71,0.004418
10,KACTL,72,0.047058
10,simd-v0,72,0.008055
10,393435,72,0.004419
10,ours-406478,72,0.002985
10,simd-v0,73,0.008055
10,393435,73,0.004418
10,ours-406478,73,0.002986
10,KACTL,73,0.047178
10,393435,74,0.004408
10,ours-406478,74,0.002986
10,KACTL,74,0.047108
10,simd-v0,74,0.008065
10,ours-406478,75,0.002956
10,KACTL,75,0.047098
10,simd-v0,75,0.008095
10,393435,75,0.004378
10,KACTL,76,0.047138
10,simd-v0,76,0.008076
10,393435,76,0.004429
10,ours-406478,76,0.002986
10,simd-v0,77,0.008135
10,393435,77,0.004409
10,ours-406478,77,0.002976
10,KACTL,77,0.047108
10,393435,78,0.004469
10,ours-406478,78,0.002975
10,KACTL,78,0.062246
10,simd-v0,78,0.008075
10,ours-406478,79,0.003066
10,KACTL,79,0.047118
10,simd-v0,79,0.008055
10,393435,79,0.004479
10,KACTL,80,0.047919
10,simd-v0,80,0.008065
10,393435,80,0.004378
10,ours-406478,80,0.003015
10,simd-v0,81,0.008095
10,393435,81,0.004398
10,ours-406478,81,0.002976
10,KACTL,81,0.047078
10,393435,82,0.004428
10,ours-406478,82,0.002976
10,KACTL,82,0.047138
10,simd-v0,82,0.008065
10,ours-406478,83,0.002996
10,KACTL,83,0.047248
10,simd-v0,83,0.008065
10,393435,83,0.004388
10,KACTL,84,0.047098
10,simd-v0,84,0.008065
10,393435,84,0.004389
10,ours-406478,84,0.002985
10,simd-v0,85,0.008065
10,393435,85,0.004398
10,ours-406478,85,0.002976
10,KACTL,85,0.047118
10,393435,86,0.004388
10,ours-406478,86,0.002966
10,KACTL,86,0.047088
10,simd-v0,86,0.008055
10,ours-406478,87,0.002955
10,KACTL,87,0.047077
10,simd-v0,87,0.008055
10,393435,87,0.004429
10,KACTL,88,0.047168
10,simd-v0,88,0.008075
10,393435,88,0.004418
10,ours-406478,88,0.003006
10,simd-v0,89,0.008145
10,393435,89,0.004379
10,ours-406478,89,0.002966
10,KACTL,89,0.047198
10,393435,90,0.004469
10,ours-406478,90,0.002965
10,KACTL,90,0.047209
10,simd-v0,90,0.008156
10,ours-406478,91,0.002955
10,KACTL,91,0.047088
10,simd-v0,91,0.008064
10,393435,91,0.004478
10,KACTL,92,0.047128
10,simd-v0,92,0.008075
10,393435,92,0.004478
10,ours-406478,92,0.002995
10,simd-v0,93,0.008065
10,393435,93,0.004448
10,ours-406478,93,0.002976
10,KACTL,93,0.058740
10,393435,94,0.004439
10,ours-406478,94,0.003026
10,KACTL,94,0.047179
10,simd-v0,94,0.008115
10,ours-406478,95,0.002975
10,KACTL,95,0.047879
10,simd-v0,95,0.008075
10,393435,95,0.004418
10,KACTL,96,0.047108
10,simd-v0,96,0.008056
10,393435,96,0.004409
10,ours-406478,96,0.003006
10,simd-v0,97,0.008055
10,393435,97,0.004419
10,ours-406478,97,0.002976
10,KACTL,97,0.047188
10,393435,98,0.004408
10,ours-406478,98,0.002956
10,KACTL,98,0.047158
10,simd-v0,98,0.008085
10,ours-406478,99,0.002956
10,KACTL,99,0.047098
10,simd-v0,99,0.008075
10,393435,99,0.004388
10,KACTL,100,0.047138
10,simd-v0,100,0.008086
10,393435,100,0.004378
10,ours-406478,100,0.002965
10,simd-v0,101,0.008066
10,393435,101,0.004389
10,ours-406478,101,0.002965
10,KACTL,101,0.047128
10,393435,102,0.009168
10,ours-406478,102,0.004589
10,KACTL,102,0.065272
10,simd-v0,102,0.009728
10,ours-406478,103,0.004458
10,KACTL,103,0.057588
10,simd-v0,103,0.008125
10,393435,103,0.004628
10,KACTL,104,0.047259
10,simd-v0,104,0.008055
10,393435,104,0.004388
10,ours-406478,104,0.003056
10,simd-v0,105,0.008055
10,393435,105,0.004408
10,ours-406478,105,0.002985
10,KACTL,105,0.047109
10,393435,106,0.004398
10,ours-406478,106,0.002956
10,KACTL,106,0.047148
10,simd-v0,106,0.008065
10,ours-406478,107,0.002966
10,KACTL,107,0.047209
10,simd-v0,107,0.008075
10,393435,107,0.004418
10,KACTL,108,0.058520
10,simd-v0,108,0.008105
10,393435,108,0.004449
10,ours-406478,108,0.003025
10,simd-v0,109,0.008096
10,393435,109,0.004389
10,ours-406478,109,0.002965
10,KACTL,109,0.047108
10,393435,110,0.004419
10,ours-406478,110,0.002975
10,KACTL,110,0.047108
10,simd-v0,110,0.008155
10,ours-406478,111,0.002965
10,KACTL,111,0.047098
10,simd-v0,111,0.008116
10,393435,111,0.004428
10,KACTL,112,0.047178
10,simd-v0,112,0.008125
10,393435,112,0.004449
10,ours-406478,112,0.002995
10,simd-v0,113,0.008075
10,393435,113,0.004429
10,ours-406478,113,0.002955
10,KACTL,113,0.047088
10,393435,114,0.004418
10,ours-406478,114,0.002996
10,KACTL,114,0.047128
10,simd-v0,114,0.008085
10,ours-406478,115,0.002976
10,KACTL,115,0.047088
10,simd-v0,115,0.008065
10,393435,115,0.004418
10,KACTL,116,0.047078
10,simd-v0,116,0.008056
10,393435,116,0.004388
10,ours-406478,116,0.002995
10,simd-v0,117,0.008055
10,393435,117,0.004408
10,ours-406478,117,0.002976
10,KACTL,117,0.047088
10,393435,118,0.004408
10,ours-406478,118,0.002976
10,KACTL,118,0.047118
10,simd-v0,118,0.008075
10,ours-406478,119,0.002955
10,KACTL,119,0.047077
10,simd-v0,119,0.008075
10,393435,119,0.004438
10,KACTL,120,0.047058
10,simd-v0,120,0.008055
10,393435,120,0.004398
10,ours-406478,120,0.002975
10,simd-v0,121,0.008056
10,393435,121,0.004439
10,ours-406478,121,0.002955
10,KACTL,121,0.047149
10,393435,122,0.004408
10,ours-406478,122,0.002965
10,KACTL,122,0.047158
10,simd-v0,122,0.008086
10,ours-406478,123,0.002965
10,KACTL,123,0.065753
10,simd-v0,123,0.010440
10,393435,123,0.006543
10,KACTL,124,0.047649
10,simd-v0,124,0.008937
10,393435,124,0.004448
10,ours-406478,124,0.003217
10,simd-v0,125,0.008076
10,393435,125,0.004398
10,ours-406478,125,0.002995
10,KACTL,125,0.047057
10,393435,126,0.004409
10,ours-406478,126,0.002965
10,KACTL,126,0.047139
10,simd-v0,126,0.008096
10,ours-406478,127,0.002965
10,KACTL,127,0.047219
10,simd-v0,127,0.008085
10,393435,127,0.004408
10,KACTL,128,0.047098
10,simd-v0,128,0.008076
10,393435,128,0.004418
10,ours-406478,128,0.002996
10,simd-v0,129,0.008095
10,393435,129,0.004428
10,ours-406478,129,0.002986
10,KACTL,129,0.050304
10,393435,130,0.004409
10,ours-406478,130,0.002986
10,KACTL,130,0.047168
10,simd-v0,130,0.008065
10,ours-406478,131,0.002966
10,KACTL,131,0.047158
10,simd-v0,131,0.008065
10,393435,131,0.004479
10,KACTL,132,0.047298
10,simd-v0,132,0.008075
10,393435,132,0.004379
10,ours-406478,132,0.003075
10,simd-v0,133,0.008085
10,393435,133,0.004489
10,ours-406478,133,0.002975
10,KACTL,133,0.047068
10,393435,134,0.004419
10,ours-406478,134,0.002956
10,KACTL,134,0.047068
10,simd-v0,134,0.008056
10,ours-406478,135,0.002966
10,KACTL,135,0.047148
10,simd-v0,135,0.008055
10,393435,135,0.004409
10,KACTL,136,0.047178
10,simd-v0,136,0.008065
10,393435,136,0.004378
10,ours-406478,136,0.003056
10,simd-v0,137,0.008106
10,393435,137,0.004418
10,ours-406478,137,0.002985
10,KACTL,137,0.047108
10,393435,138,0.004408
10,ours-406478,138,0.002975
10,KACTL,138,0.058921
10,simd-v0,138,0.008105
10,ours-406478,139,0.003016
10,KACTL,139,0.047198
10,simd-v0,139,0.008085
10,393435,139,0.004489
10,KACTL,140,0.047920
10,simd-v0,140,0.008075
10,393435,140,0.004389
10,ours-406478,140,0.002965
10,simd-v0,141,0.008075
10,393435,141,0.004398
10,ours-406478,141,0.002976
10,KACTL,141,0.047118
10,393435,142,0.004409
10,ours-406478,142,0.002956
10,KACTL,142,0.047118
10,simd-v0,142,0.008075
10,ours-406478,143,0.002956
10,KACTL,143,0.047088
10,simd-v0,143,0.008085
10,393435,143,0.004408
10,KACTL,144,0.047118
10,simd-v0,144,0.008075
10,393435,144,0.004408
10,ours-406478,144,0.002965
10,simd-v0,145,0.008055
10,393435,145,0.004388
10,ours-406478,145,0.002986
10,KACTL,145,0.047158
10,393435,146,0.004408
10,ours-406478,146,0.002966
10,KACTL,146,0.047268
10,simd-v0,146,0.008075
10,ours-406478,147,0.002966
10,KACTL,147,0.047158
10,simd-v0,147,0.008075
10,393435,147,0.004378
10,KACTL,148,0.047178
10,simd-v0,148,0.008065
10,393435,148,0.004389
10,ours-406478,148,0.002965
10,simd-v0,149,0.008065
10,393435,149,0.004459
10,ours-406478,149,0.002966
10,KACTL,149,0.047168
10,393435,150,0.004408
10,ours-406478,150,0.002966
10,KACTL,150,0.047178
10,simd-v0,150,0.008065
10,ours-406478,151,0.002966
10,KACTL,151,0.047098
10,simd-v0,151,0.008085
10,393435,151,0.004418
10,KACTL,152,0.047089
10,simd-v0,152,0.008075
10,393435,152,0.004388
10,ours-406478,152,0.002965
10,simd-v0,153,0.008065
10,393435,153,0.004419
10,ours-406478,153,0.002986
10,KACTL,153,0.056616
10,393435,154,0.004399
10,ours-406478,154,0.003016
10,KACTL,154,0.047198
10,simd-v0,154,0.008095
10,ours-406478,155,0.002966
10,KACTL,155,0.047108
10,simd-v0,155,0.008086
10,393435,155,0.004398
10,KACTL,156,0.047168
10,simd-v0,156,0.008065
10,393435,156,0.004398
10,ours-406478,156,0.002976
10,simd-v0,157,0.008055
10,393435,157,0.004399
10,ours-406478,157,0.002985
10,KACTL,157,0.047168
10,393435,158,0.004418
10,ours-406478,158,0.002955
10,KACTL,158,0.047128
10,simd-v0,158,0.008076
10,ours-406478,159,0.002955
10,KACTL,159,0.047118
10,simd-v0,159,0.008075
10,393435,159,0.004439
10,KACTL,160,0.047188
10,simd-v0,160,0.008065
10,393435,160,0.004368
10,ours-406478,160,0.002976
10,simd-v0,161,0.008075
10,393435,161,0.004398
10,ours-406478,161,0.002976
10,KACTL,161,0.047128
10,393435,162,0.004418
10,ours-406478,162,0.002965
10,KACTL,162,0.047099
10,simd-v0,162,0.008085
10,ours-406478,163,0.002955
10,KACTL,163,0.047148
10,simd-v0,163,0.008075
10,393435,163,0.004429
10,KACTL,164,0.061254
10,simd-v0,164,0.009889
10,393435,164,0.004679
10,ours-406478,164,0.003206
10,simd-v0,165,0.008085
10,393435,165,0.004418
10,ours-406478,165,0.002965
10,KACTL,165,0.047078
10,393435,166,0.004418
10,ours-406478,166,0.002955
10,KACTL,166,0.047108
10,simd-v0,166,0.008064
10,ours-406478,167,0.002986
10,KACTL,167,0.047139
10,simd-v0,167,0.008095
10,393435,167,0.004428
10,KACTL,168,0.047168
10,simd-v0,168,0.019056
10,393435,168,0.004439
10,ours-406478,168,0.003036
10,simd-v0,169,0.008075
10,393435,169,0.004399
10,ours-406478,169,0.002966
10,KACTL,169,0.047309
10,393435,170,0.004408
10,ours-406478,170,0.002945
10,KACTL,170,0.047088
10,simd-v0,170,0.008075
10,ours-406478,171,0.002955
10,KACTL,171,0.047148
10,simd-v0,171,0.008085
10,393435,171,0.004399
10,KACTL,172,0.047088
10,simd-v0,172,0.008075
10,393435,172,0.004408
10,ours-406478,172,0.003005
10,simd-v0,173,0.008066
10,393435,173,0.004399
10,ours-406478,173,0.003086
10,KACTL,173,0.047129
10,393435,174,0.004429
10,ours-406478,174,0.003005
10,KACTL,174,0.047229
10,simd-v0,174,0.008075
10,ours-406478,175,0.002946
10,KACTL,175,0.047168
10,simd-v0,175,0.008065
10,393435,175,0.004408
10,KACTL,176,0.059632
10,simd-v0,176,0.008186
10,393435,176,0.004609
10,ours-406478,176,0.003186
10,simd-v0,177,0.008065
10,393435,177,0.004398
10,ours-406478,177,0.002965
10,KACTL,177,0.047209
10,393435,178,0.004448
10,ours-406478,178,0.002986
10,KACTL,178,0.047218
10,simd-v0,178,0.008076
10,ours-406478,179,0.002985
10,KACTL,179,0.047168
10,simd-v0,179,0.008066
10,393435,179,0.004408
10,KACTL,180,0.059131
10,simd-v0,180,0.010109
10,393435,180,0.004930
10,ours-406478,180,0.003196
10,simd-v0,181,0.008075
10,393435,181,0.004448
10,ours-406478,181,0.002986
10,KACTL,181,0.047399
10,393435,182,0.004418
10,ours-406478,182,0.002975
10,KACTL,182,0.047089
10,simd-v0,182,0.008055
10,ours-406478,183,0.002966
10,KACTL,183,0.073858
10,simd-v0,183,0.008175
10,393435,183,0.004659
10,KACTL,184,0.047239
10,simd-v0,184,0.008065
10,393435,184,0.004428
10,ours-406478,184,0.003206
10,simd-v0,185,0.008075
10,393435,185,0.004409
10,ours-406478,185,0.002985
10,KACTL,185,0.047138
10,393435,186,0.004418
10,ours-406478,186,0.002965
10,KACTL,186,0.047118
10,simd-v0,186,0.008055
10,ours-406478,187,0.002956
10,KACTL,187,0.047118
10,simd-v0,187,0.008055
10,393435,187,0.004419
10,KACTL,188,0.047168
10,simd-v0,188,0.008065
10,393435,188,0.004388
10,ours-406478,188,0.002955
10,simd-v0,189,0.008056
10,393435,189,0.004419
10,ours-406478,189,0.002975
10,KACTL,189,0.047158
10,393435,190,0.004399
10,ours-406478,190,0.002965
10,KACTL,190,0.047118
10,simd-v0,190,0.008084
10,ours-406478,191,0.002955
10,KACTL,191,0.047188
10,simd-v0,191,0.008055
10,393435,191,0.004389
10,KACTL,192,0.047298
10,simd-v0,192,0.008045
10,393435,192,0.004368
10,ours-406478,192,0.002986
10,simd-v0,193,0.008065
10,393435,193,0.004408
10,ours-406478,193,0.002975
10,KACTL,193,0.047129
10,393435,194,0.004388
10,ours-406478,194,0.002995
10,KACTL,194,0.047068
10,simd-v0,194,0.008066
10,ours-406478,195,0.002956
10,KACTL,195,0.047138
10,simd-v0,195,0.008066
10,393435,195,0.004419
10,KACTL,196,0.047109
10,simd-v0,196,0.008065
10,393435,196,0.004398
10,ours-406478,196,0.002975
10,simd-v0,197,0.008175
10,393435,197,0.004408
10,ours-406478,197,0.002965
10,KACTL,197,0.047059
10,393435,198,0.004479
10,ours-406478,198,0.002965
10,KACTL,198,0.062187
10,simd-v0,198,0.008085
10,ours-406478,199,0.003066
10,KACTL,199,0.047189
10,simd-v0,199,0.008084
10,393435,199,0.004479
10,KACTL,200,0.047228
10,simd-v0,200,0.008096
10,393435,200,0.004399
10,ours-406478,200,0.002976
10,simd-v0,201,0.008055
10,393435,201,0.004388
10,ours-406478,201,0.002986
10,KACTL,201,0.047128
10,393435,202,0.004428
10,ours-406478,202,0.002986
10,KACTL,202,0.047118
10,simd-v0,202,0.008055
10,ours-406478,203,0.002946
10,KACTL,203,0.047168
10,simd-v0,203,0.008075
10,393435,203,0.004398
10,KACTL,204,0.047218
10,simd-v0,204,0.008065
10,393435,204,0.004408
10,ours-406478,204,0.002966
10,simd-v0,205,0.008055
10,393435,205,0.004438
10,ours-406478,205,0.002966
10,KACTL,205,0.047178
10,393435,206,0.004398
10,ours-406478,206,0.002966
10,KACTL,206,0.047138
10,simd-v0,206,0.008065
10,ours-406478,207,0.002946
10,KACTL,207,0.047149
10,simd-v0,207,0.008055
10,393435,207,0.004418
10,KACTL,208,0.047118
10,simd-v0,208,0.008055
10,393435,208,0.004378
10,ours-406478,208,0.002956
10,simd-v0,209,0.008065
10,393435,209,0.004418
10,ours-406478,209,0.003046
10,KACTL,209,0.047078
10,393435,210,0.004418
10,ours-406478,210,0.002966
10,KACTL,210,0.047148
10,simd-v0,210,0.008075
10,ours-406478,211,0.002955
10,KACTL,211,0.047138
10,simd-v0,211,0.008055
10,393435,211,0.004398
10,KACTL,212,0.047168
10,simd-v0,212,0.008065
10,393435,212,0.004389
10,ours-406478,212,0.002966
10,simd-v0,213,0.008145
10,393435,213,0.004418
10,ours-406478,213,0.002966
10,KACTL,213,0.056505
10,393435,214,0.004418
10,ours-406478,214,0.003016
10,KACTL,214,0.047318
10,simd-v0,214,0.008115
10,ours-406478,215,0.002975
10,KACTL,215,0.047119
10,simd-v0,215,0.008075
10,393435,215,0.004478
10,KACTL,216,0.047109
10,simd-v0,216,0.008085
10,393435,216,0.004378
10,ours-406478,216,0.003086
10,simd-v0,217,0.008065
10,393435,217,0.004408
10,ours-406478,217,0.002976
10,KACTL,217,0.047188
10,393435,218,0.004398
10,ours-406478,218,0.002956
10,KACTL,218,0.047138
10,simd-v0,218,0.008055
10,ours-406478,219,0.002965
10,KACTL,219,0.047218
10,simd-v0,219,0.008065
10,393435,219,0.004398
10,KACTL,220,0.047108
10,simd-v0,220,0.008085
10,393435,220,0.004399
10,ours-406478,220,0.002985
10,simd-v0,221,0.008085
10,393435,221,0.004408
10,ours-406478,221,0.002976
10,KACTL,221,0.047098
10,393435,222,0.004398
10,ours-406478,222,0.002976
10,KACTL,222,0.047198
10,simd-v0,222,0.008075
10,ours-406478,223,0.002946
10,KACTL,223,0.047108
10,simd-v0,223,0.008065
10,393435,223,0.004408
10,KACTL,224,0.047188
10,simd-v0,224,0.008075
10,393435,224,0.004408
10,ours-406478,224,0.002985
10,simd-v0,225,0.008055
10,393435,225,0.004478
10,ours-406478,225,0.002965
10,KACTL,225,0.047078
10,393435,226,0.004448
10,ours-406478,226,0.003036
10,KACTL,226,0.047179
10,simd-v0,226,0.008055
10,ours-406478,227,0.003046
10,KACTL,227,0.047128
10,simd-v0,227,0.008064
10,393435,227,0.004478
10,KACTL,228,0.047138
10,simd-v0,228,0.008065
10,393435,228,0.015058
10,ours-406478,228,0.002985
10,simd-v0,229,0.008095
10,393435,229,0.004428
10,ours-406478,229,0.002965
10,KACTL,229,0.047138
10,393435,230,0.004419
10,ours-406478,230,0.002965
10,KACTL,230,0.047138
10,simd-v0,230,0.008085
10,ours-406478,231,0.002986
10,KACTL,231,0.047108
10,simd-v0,231,0.008075
10,393435,231,0.004428
10,KACTL,232,0.047149
10,simd-v0,232,0.008075
10,393435,232,0.004418
10,ours-406478,232,0.002986
10,simd-v0,233,0.008064
10,393435,233,0.004388
10,ours-406478,233,0.002965
10,KACTL,233,0.047118
10,393435,234,0.004418
10,ours-406478,234,0.002965
10,KACTL,234,0.047068
10,simd-v0,234,0.008085
10,ours-406478,235,0.002956
10,KACTL,235,0.047158
10,simd-v0,235,0.008065
10,393435,235,0.004418
10,KACTL,236,0.047129
10,simd-v0,236,0.008064
10,393435,236,0.004388
10,ours-406478,236,0.002995
10,simd-v0,237,0.008065
10,393435,237,0.004398
10,ours-406478,237,0.002965
10,KACTL,237,0.047138
10,393435,238,0.004388
10,ours-406478,238,0.002976
10,KACTL,238,0.047128
10,simd-v0,238,0.008075
10,ours-406478,239,0.002976
10,KACTL,239,0.047088
10,simd-v0,239,0.008075
10,393435,239,0.004428
10,KACTL,240,0.047108
10,simd-v0,240,0.008075
10,393435,240,0.004399
10,ours-406478,240,0.002986
10,simd-v0,241,0.008065
10,393435,241,0.004498
10,ours-406478,241,0.002956
10,KACTL,241,0.047098
10,393435,242,0.004388
10,ours-406478,242,0.002966
10,KACTL,242,0.047128
10,simd-v0,242,0.008055
10,ours-406478,243,0.002956
10,KACTL,243,0.047139
10,simd-v0,243,0.008075
10,393435,243,0.004408
10,KACTL,244,0.056055
10,simd-v0,244,0.008185
10,393435,244,0.004409
10,ours-406478,244,0.003015
10,simd-v0,245,0.008066
10,393435,245,0.004429
10,ours-406478,245,0.002966
10,KACTL,245,0.047840
10,393435,246,0.004428
10,ours-406478,246,0.002975
10,KACTL,246,0.047199
10,simd-v0,246,0.008055
10,ours-406478,247,0.002966
10,KACTL,247,0.047138
10,simd-v0,247,0.008086
10,393435,247,0.004408
10,KACTL,248,0.047118
10,simd-v0,248,0.008065
10,393435,248,0.004398
10,ours-406478,248,0.002986
10,simd-v0,249,0.008055
10,393435,249,0.004418
10,ours-406478,249,0.002966
10,KACTL,249,0.047068
10,393435,250,0.004418
10,ours-406478,250,0.002975
10,KACTL,250,0.047097
10,simd-v0,250,0.008064
10,ours-406478,251,0.002966
10,KACTL,251,0.047148
10,simd-v0,251,0.008075
10,393435,251,0.004409
10,KACTL,252,0.047079
10,simd-v0,252,0.008065
10,393435,252,0.004398
10,ours-406478,252,0.002965
10,simd-v0,253,0.008065
10,393435,253,0.004398
10,ours-406478,253,0.002985
10,KACTL,253,0.047128
10,393435,254,0.004389
10,ours-406478,254,0.003005
10,KACTL,254,0.047108
10,simd-v0,254,0.008086
10,ours-406478,255,0.002986
10,KACTL,255,0.047148
10,simd-v0,255,0.008065
10,393435,255,0.004409
10,KACTL,256,0.047169
10,simd-v0,256,0.008055
10,393435,256,0.004369
10,ours-406478,256,0.002985
10,simd-v0,257,0.008085
10,393435,257,0.004418
10,ours-406478,257,0.003056
10,KACTL,257,0.047369
10,393435,258,0.004528
10,ours-406478,258,0.003046
10,KACTL,258,0.047168
10,simd-v0,258,0.008086
10,ours-406478,259,0.003055
10,KACTL,259,0.057066
10,simd-v0,259,0.008085
10,393435,259,0.004428
10,KACTL,260,0.047049
10,simd-v0,260,0.008084
10,393435,260,0.004378
10,ours-406478,260,0.003035
10,simd-v0,261,0.008076
10,393435,261,0.004409
10,ours-406478,261,0.002976
10,KACTL,261,0.047860
10,393435,262,0.004398
10,ours-406478,262,0.002995
10,KACTL,262,0.047088
10,simd-v0,262,0.008065
10,ours-406478,263,0.002965
10,KACTL,263,0.047028
10,simd-v0,263,0.008075
10,393435,263,0.004388
10,KACTL,264,0.047128
10,simd-v0,264,0.008055
10,393435,264,0.004408
10,ours-406478,264,0.003006
10,simd-v0,265,0.008065
10,393435,265,0.004388
10,ours-406478,265,0.002985
10,KACTL,265,0.047138
10,393435,266,0.004428
10,ours-406478,266,0.002976
10,KACTL,266,0.047068
10,simd-v0,266,0.008065
10,ours-406478,267,0.002945
10,KACTL,267,0.047117
10,simd-v0,267,0.008055
10,393435,267,0.004418
10,KACTL,268,0.047148
10,simd-v0,268,0.008065
10,393435,268,0.004389
10,ours-406478,268,0.002976
10,simd-v0,269,0.008105
10,393435,269,0.004418
10,ours-406478,269,0.002986
10,KACTL,269,0.047138
10,393435,270,0.004408
10,ours-406478,270,0.002976
10,KACTL,270,0.047068
10,simd-v0,270,0.008085
10,ours-406478,271,0.002966
10,KACTL,271,0.047118
10,simd-v0,271,0.008065
10,393435,271,0.004408
10,KACTL,272,0.047149
10,simd-v0,272,0.008055
10,393435,272,0.004418
10,ours-406478,272,0.002975
10,simd-v0,273,0.008075
10,393435,273,0.004479
10,ours-406478,273,0.002955
10,KACTL,273,0.047098
10,393435,274,0.004439
10,ours-406478,274,0.003035
10,KACTL,274,0.055895
10,simd-v0,274,0.008176
10,ours-406478,275,0.002996
10,KACTL,275,0.047028
10,simd-v0,275,0.008166
10,393435,275,0.004458
10,KACTL,276,0.047098
10,simd-v0,276,0.008145
10,393435,276,0.004429
10,ours-406478,276,0.002976
10,simd-v0,277,0.008065
10,393435,277,0.004408
10,ours-406478,277,0.002966
10,KACTL,277,0.047128
10,393435,278,0.004418
10,ours-406478,278,0.002976
10,KACTL,278,0.047228
10,simd-v0,278,0.008075
10,ours-406478,279,0.002956
10,KACTL,279,0.047038
10,simd-v0,279,0.008095
10,393435,279,0.004398
10,KACTL,280,0.047078
10,simd-v0,280,0.008055
10,393435,280,0.004419
10,ours-406478,280,0.002986
10,simd-v0,281,0.011321
10,393435,281,0.004409
10,ours-406478,281,0.002975
10,KACTL,281,0.047099
10,393435,282,0.004388
10,ours-406478,282,0.002975
10,KACTL,282,0.047088
10,simd-v0,282,0.008066
10,ours-406478,283,0.002955
10,KACTL,283,0.047048
10,simd-v0,283,0.008085
10,393435,283,0.004398
10,KACTL,284,0.047088
10,simd-v0,284,0.008046
10,393435,284,0.004409
10,ours-406478,284,0.002965
10,simd-v0,285,0.008055
10,393435,285,0.004408
10,ours-406478,285,0.002966
10,KACTL,285,0.047088
10,393435,286,0.004428
10,ours-406478,286,0.002966
10,KACTL,286,0.047128
10,simd-v0,286,0.008065
10,ours-406478,287,0.002956
10,KACTL,287,0.047128
10,simd-v0,287,0.008065
10,393435,287,0.004418
10,KACTL,288,0.047118
10,simd-v0,288,0.008075
10,393435,288,0.004409
10,ours-406478,288,0.002985
10,simd-v0,289,0.008065
10,393435,289,0.004499
10,ours-406478,289,0.002966
10,KACTL,289,0.056616
10,393435,290,0.004399
10,ours-406478,290,0.003005
10,KACTL,290,0.047108
10,simd-v0,290,0.008196
10,ours-406478,291,0.002985
10,KACTL,291,0.047870
10,simd-v0,291,0.008145
10,393435,291,0.004408
10,KACTL,292,0.047118
10,simd-v0,292,0.008135
10,393435,292,0.004408
10,ours-406478,292,0.002975
10,simd-v0,293,0.008085
10,393435,293,0.004419
10,ours-406478,293,0.002975
10,KACTL,293,0.047109
10,393435,294,0.004438
10,ours-406478,294,0.002955
10,KACTL,294,0.047058
10,simd-v0,294,0.008085
10,ours-406478,295,0.002975
10,KACTL,295,0.047108
10,simd-v0,295,0.008086
10,393435,295,0.004409
10,KACTL,296,0.047158
10,simd-v0,296,0.008055
10,393435,296,0.004428
10,ours-406478,296,0.002986
10,simd-v0,297,0.008055
10,393435,297,0.004409
10,ours-406478,297,0.002965
10,KACTL,297,0.047128
10,393435,298,0.004398
10,ours-406478,298,0.002955
10,KACTL,298,0.047058
10,simd-v0,298,0.008065
10,ours-406478,299,0.002956
10,KACTL,299,0.047118
10,simd-v0,299,0.008055
10,393435,299,0.004408
10,KACTL,300,0.047128
10,simd-v0,300,0.008075
10,393435,300,0.004438
10,ours-406478,300,0.003075
10,simd-v0,301,0.008075
10,393435,301,0.004418
10,ours-406478,301,0.002995
10,KACTL,301,0.047079
10,393435,302,0.004369
10,ours-406478,302,0.002955
10,KACTL,302,0.047138
10,simd-v0,302,0.008075
10,ours-406478,303,0.002936
10,KACTL,303,0.047108
10,simd-v0,303,0.008076
10,393435,303,0.004398
10,KACTL,304,0.047198
10,simd-v0,304,0.008085
10,393435,304,0.004388
10,ours-406478,304,0.002986
10,simd-v0,305,0.018424
10,393435,305,0.004408
10,ours-406478,305,0.003016
10,KACTL,305,0.047088
10,393435,306,0.004418
10,ours-406478,306,0.002966
10,KACTL,306,0.047098
10,simd-v0,306,0.008085
10,ours-406478,307,0.002976
10,KACTL,307,0.047939
10,simd-v0,307,0.008076
10,393435,307,0.004418
10,KACTL,308,0.047238
10,simd-v0,308,0.008065
10,393435,308,0.004399
10,ours-406478,308,0.002985
10,simd-v0,309,0.008065
10,393435,309,0.004418
10,ours-406478,309,0.002956
10,KACTL,309,0.047078
10,393435,310,0.004418
10,ours-406478,310,0.002966
10,KACTL,310,0.047078
10,simd-v0,310,0.008085
10,ours-406478,311,0.002956
10,KACTL,311,0.047098
10,simd-v0,311,0.008055
10,393435,311,0.004398
10,KACTL,312,0.047148
10,simd-v0,312,0.008085
10,393435,312,0.004399
10,ours-406478,312,0.002986
10,simd-v0,313,0.008075
10,393435,313,0.004408
10,ours-406478,313,0.002956
10,KACTL,313,0.047108
10,393435,314,0.004398
10,ours-406478,314,0.002976
10,KACTL,314,0.047158
10,simd-v0,314,0.008065
10,ours-406478,315,0.002965
10,KACTL,315,0.047108
10,simd-v0,315,0.008075
10,393435,315,0.004408
10,KACTL,316,0.047058
10,simd-v0,316,0.008065
10,393435,316,0.004389
10,ours-406478,316,0.002966
10,simd-v0,317,0.008065
10,393435,317,0.004378
10,ours-406478,317,0.002975
10,KACTL,317,0.047159
10,393435,318,0.004408
10,ours-406478,318,0.002965
10,KACTL,318,0.047058
10,simd-v0,318,0.008075
10,ours-406478,319,0.002965
10,KACTL,319,0.047018
10,simd-v0,319,0.008096
10,393435,319,0.004419
10,KACTL,320,0.056024
10,simd-v0,320,0.008115
10,393435,320,0.004428
10,ours-406478,320,0.003046
10,simd-v0,321,0.008075
10,393435,321,0.004428
10,ours-406478,321,0.002996
10,KACTL,321,0.047168
10,393435,322,0.004438
10,ours-406478,322,0.002996
10,KACTL,322,0.047830
10,simd-v0,322,0.008136
10,ours-406478,323,0.002965
10,KACTL,323,0.047089
10,simd-v0,323,0.008166
10,393435,323,0.004408
10,KACTL,324,0.047178
10,simd-v0,324,0.008135
10,393435,324,0.004379
10,ours-406478,324,0.002955
10,simd-v0,325,0.008055
10,393435,325,0.004418
10,ours-406478,325,0.002986
10,KACTL,325,0.047138
10,393435,326,0.004438
10,ours-406478,326,0.002956
10,KACTL,326,0.047018
10,simd-v0,326,0.008065
10,ours-406478,327,0.002965
10,KACTL,327,0.047088
10,simd-v0,327,0.008065
10,393435,327,0.004428
10,KACTL,328,0.047098
10,simd-v0,328,0.008055
10,393435,328,0.005100
10,ours-406478,328,0.007644
10,simd-v0,329,0.010830
10,393435,329,0.006131
10,ours-406478,329,0.005501
10,KACTL,329,0.049092
10,393435,330,0.004519
10,ours-406478,330,0.002996
10,KACTL,330,0.047159
10,simd-v0,330,0.008126
10,ours-406478,331,0.002955
10,KACTL,331,0.047109
10,simd-v0,331,0.008064
10,393435,331,0.004398
10,KACTL,332,0.047178
10,simd-v0,332,0.008075
10,393435,332,0.004419
10,ours-406478,332,0.002986
10,simd-v0,333,0.008135
10,393435,333,0.004408
10,ours-406478,333,0.002966
10,KACTL,333,0.047098
10,393435,334,0.004478
10,ours-406478,334,0.002956
10,KACTL,334,0.047108
10,simd-v0,334,0.008085
10,ours-406478,335,0.003036
10,KACTL,335,0.057548
10,simd-v0,335,0.008095
10,393435,335,0.004438
10,KACTL,336,0.047198
10,simd-v0,336,0.008075
10,393435,336,0.004398
10,ours-406478,336,0.003036
10,simd-v0,337,0.008095
10,393435,337,0.004428
10,ours-406478,337,0.002976
10,KACTL,337,0.047819
10,393435,338,0.004379
10,ours-406478,338,0.002985
10,KACTL,338,0.047098
10,simd-v0,338,0.008055
10,ours-406478,339,0.002966
10,KACTL,339,0.047098
10,simd-v0,339,0.008065
10,393435,339,0.004418
10,KACTL,340,0.047028
10,simd-v0,340,0.008056
10,393435,340,0.004369
10,ours-406478,340,0.002975
10,simd-v0,341,0.008055
10,393435,341,0.004388
10,ours-406478,341,0.002976
10,KACTL,341,0.047098
10,393435,342,0.004408
10,ours-406478,342,0.003026
10,KACTL,342,0.047088
10,simd-v0,342,0.008125
10,ours-406478,343,0.002965
10,KACTL,343,0.047199
10,simd-v0,343,0.008085
10,393435,343,0.004458
10,KACTL,344,0.047098
10,simd-v0,344,0.008065
10,393435,344,0.004439
10,ours-406478,344,0.002976
10,simd-v0,345,0.008045
10,393435,345,0.004469
10,ours-406478,345,0.002966
10,KACTL,345,0.047158
10,393435,346,0.004418
10,ours-406478,346,0.002966
10,KACTL,346,0.047158
10,simd-v0,346,0.008075
10,ours-406478,347,0.002956
10,KACTL,347,0.047138
10,simd-v0,347,0.008085
10,393435,347,0.004409
10,KACTL,348,0.047088
10,simd-v0,348,0.008095
10,393435,348,0.004388
10,ours-406478,348,0.002965
10,simd-v0,349,0.008055
10,393435,349,0.004419
10,ours-406478,349,0.002986
10,KACTL,349,0.047178
10,393435,350,0.004418
10,ours-406478,350,0.002966
10,KACTL,350,0.057107
10,simd-v0,350,0.008095
10,ours-406478,351,0.003005
10,KACTL,351,0.047169
10,simd-v0,351,0.008075
10,393435,351,0.004438
10,KACTL,352,0.047208
10,simd-v0,352,0.008065
10,393435,352,0.004379
10,ours-406478,352,0.003005
10,simd-v0,353,0.008065
10,393435,353,0.004438
10,ours-406478,353,0.002955
10,KACTL,353,0.047088
10,393435,354,0.004419
10,ours-406478,354,0.002976
10,KACTL,354,0.047088
10,simd-v0,354,0.008075
10,ours-406478,355,0.002966
10,KACTL,355,0.047078
10,simd-v0,355,0.008055
10,393435,355,0.004428
10,KACTL,356,0.047139
10,simd-v0,356,0.008055
10,393435,356,0.004379
10,ours-406478,356,0.002985
10,simd-v0,357,0.008065
10,393435,357,0.004408
10,ours-406478,357,0.002976
10,KACTL,357,0.047078
10,393435,358,0.004428
10,ours-406478,358,0.002986
10,KACTL,358,0.047068
10,simd-v0,358,0.008075
10,ours-406478,359,0.002965
10,KACTL,359,0.047128
10,simd-v0,359,0.008065
10,393435,359,0.004418
10,KACTL,360,0.047118
10,simd-v0,360,0.008055
10,393435,360,0.004419
10,ours-406478,360,0.002985
10,simd-v0,361,0.008065
10,393435,361,0.004408
10,ours-406478,361,0.003036
10,KACTL,361,0.047118
10,393435,362,0.004398
10,ours-406478,362,0.002986
10,KACTL,362,0.047088
10,simd-v0,362,0.008085
10,ours-406478,363,0.002976
10,KACTL,363,0.047078
10,simd-v0,363,0.008065
10,393435,363,0.004418
10,KACTL,364,0.047108
10,simd-v0,364,0.008065
10,393435,364,0.004399
10,ours-406478,364,0.002985
10,simd-v0,365,0.008145
10,393435,365,0.004408
10,ours-406478,365,0.002976
10,KACTL,365,0.056115
10,393435,366,0.004429
10,ours-406478,366,0.003005
10,KACTL,366,0.047129
10,simd-v0,366,0.008084
10,ours-406478,367,0.002975
10,KACTL,367,0.047128
10,simd-v0,367,0.008076
10,393435,367,0.004408
10,KACTL,368,0.047018
10,simd-v0,368,0.008085
10,393435,368,0.004378
10,ours-406478,368,0.002966
10,simd-v0,369,0.008046
10,393435,369,0.004408
10,ours-406478,369,0.002965
10,KACTL,369,0.047209
10,393435,370,0.004408
10,ours-406478,370,0.002955
10,KACTL,370,0.047189
10,simd-v0,370,0.008065
10,ours-406478,371,0.002945
10,KACTL,371,0.047098
10,simd-v0,371,0.008075
10,393435,371,0.004389
10,KACTL,372,0.046998
10,simd-v0,372,0.008085
10,393435,372,0.004388
10,ours-406478,372,0.002976
10,simd-v0,373,0.008075
10,393435,373,0.004408
10,ours-406478,373,0.002975
10,KACTL,373,0.047088
10,393435,374,0.004378
10,ours-406478,374,0.002956
10,KACTL,374,0.047078
10,simd-v0,374,0.008085
10,ours-406478,375,0.002966
10,KACTL,375,0.047118
10,simd-v0,375,0.008065
10,393435,375,0.004388
10,KACTL,376,0.047109
10,simd-v0,376,0.008055
10,393435,376,0.004379
10,ours-406478,376,0.002975
10,simd-v0,377,0.008065
10,393435,377,0.004419
10,ours-406478,377,0.002976
10,KACTL,377,0.047068
10,393435,378,0.004408
10,ours-406478,378,0.002976
10,KACTL,378,0.047108
10,simd-v0,378,0.008055
10,ours-406478,379,0.002965
10,KACTL,379,0.047069
10,simd-v0,379,0.008075
10,393435,379,0.004428
10,KACTL,380,0.047318
10,simd-v0,380,0.008056
10,393435,380,0.004388
10,ours-406478,380,0.002965
10,simd-v0,381,0.008135
10,393435,381,0.013175
10,ours-406478,381,0.003006
10,KACTL,381,0.047099
10,393435,382,0.004418
10,ours-406478,382,0.002985
10,KACTL,382,0.047008
10,simd-v0,382,0.008115
10,ours-406478,383,0.002965
10,KACTL,383,0.047078
10,simd-v0,383,0.008145
10,393435,383,0.004398
10,KACTL,384,0.047108
10,simd-v0,384,0.008125
10,393435,384,0.004408
10,ours-406478,384,0.003015
10,simd-v0,385,0.008065
10,393435,385,0.004369
10,ours-406478,385,0.002986
10,KACTL,385,0.047159
10,393435,386,0.004428
10,ours-406478,386,0.002985
10,KACTL,386,0.047038
10,simd-v0,386,0.008075
10,ours-406478,387,0.002956
10,KACTL,387,0.047088
10,simd-v0,387,0.008095
10,393435,387,0.004389
10,KACTL,388,0.047118
10,simd-v0,388,0.008095
10,393435,388,0.004448
10,ours-406478,388,0.002966
10,simd-v0,389,0.008055
10,393435,389,0.004408
10,ours-406478,389,0.002985
10,KACTL,389,0.047189
10,393435,390,0.004418
10,ours-406478,390,0.002965
10,KACTL,390,0.047108
10,simd-v0,390,0.008065
10,ours-406478,391,0.002955
10,KACTL,391,0.047159
10,simd-v0,391,0.008055
10,393435,391,0.004408
10,KACTL,392,0.047178
10,simd-v0,392,0.008085
10,393435,392,0.004389
10,ours-406478,392,0.002976
10,simd-v0,393,0.008045
10,393435,393,0.004428
10,ours-406478,393,0.002976
10,KACTL,393,0.047138
10,393435,394,0.004418
10,ours-406478,394,0.002976
10,KACTL,394,0.047108
10,simd-v0,394,0.008065
10,ours-406478,395,0.002955
10,KACTL,395,0.047008
10,simd-v0,395,0.008086
10,393435,395,0.004409
10,KACTL,396,0.057077
10,simd-v0,396,0.008085
10,393435,396,0.004538
10,ours-406478,396,0.003035
10,simd-v0,397,0.008075
10,393435,397,0.004379
10,ours-406478,397,0.002976
10,KACTL,397,0.047108
10,393435,398,0.004418
10,ours-406478,398,0.002966
10,KACTL,398,0.047088
10,simd-v0,398,0.008065
10,ours-406478,399,0.002946
10,KACTL,399,0.047118
10,simd-v0,399,0.008085
10,393435,399,0.004398
10,KACTL,400,0.047238
10,simd-v0,400,0.008075
10,393435,400,0.004398
10,ours-406478,400,0.002975
10,simd-v0,401,0.008066
10,393435,401,0.004359
10,ours-406478,401,0.002965
10,KACTL,401,0.047128
10,393435,402,0.004449
10,ours-406478,402,0.002955
10,KACTL,402,0.047128
10,simd-v0,402,0.008095
10,ours-406478,403,0.002965
10,KACTL,403,0.047159
10,simd-v0,403,0.008045
10,393435,403,0.004419
10,KACTL,404,0.047069
10,simd-v0,404,0.008065
10,393435,404,0.004398
10,ours-406478,404,0.002996
10,simd-v0,405,0.008086
10,393435,405,0.004408
10,ours-406478,405,0.002955
10,KACTL,405,0.047189
10,393435,406,0.004408
10,ours-406478,406,0.002965
10,KACTL,406,0.047039
10,simd-v0,406,0.008086
10,ours-406478,407,0.002966
10,KACTL,407,0.047148
10,simd-v0,407,0.008096
10,393435,407,0.004429
10,KACTL,408,0.047359
10,simd-v0,408,0.008064
10,393435,408,0.004398
10,ours-406478,408,0.002975
10,simd-v0,409,0.008065
10,393435,409,0.004409
10,ours-406478,409,0.002956
10,KACTL,409,0.047128
10,393435,410,0.004398
10,ours-406478,410,0.002966
10,KACTL,410,0.047008
10,simd-v0,410,0.008075
10,ours-406478,411,0.002965
10,KACTL,411,0.055944
10,simd-v0,411,0.008095
10,393435,411,0.004438
10,KACTL,412,0.047138
10,simd-v0,412,0.008076
10,393435,412,0.004398
10,ours-406478,412,0.003085
10,simd-v0,413,0.008065
10,393435,413,0.004449
10,ours-406478,413,0.002965
10,KACTL,413,0.047058
10,393435,414,0.004409
10,ours-406478,414,0.002976
10,KACTL,414,0.047148
10,simd-v0,414,0.008076
10,ours-406478,415,0.002966
10,KACTL,415,0.047038
10,simd-v0,415,0.008145
10,393435,415,0.004399
10,KACTL,416,0.047069
10,simd-v0,416,0.008155
10,393435,416,0.004378
10,ours-406478,416,0.002975
10,simd-v0,417,0.008055
10,393435,417,0.004388
10,ours-406478,417,0.002995
10,KACTL,417,0.047148
10,393435,418,0.004379
10,ours-406478,418,0.002965
10,KACTL,418,0.047148
10,simd-v0,418,0.008065
10,ours-406478,419,0.002985
10,KACTL,419,0.047098
10,simd-v0,419,0.008075
10,393435,419,0.004398
10,KACTL,420,0.047108
10,simd-v0,420,0.008065
10,393435,420,0.004398
10,ours-406478,420,0.002975
10,simd-v0,421,0.008066
10,393435,421,0.004419
10,ours-406478,421,0.002985
10,KACTL,421,0.047138
10,393435,422,0.004409
10,ours-406478,422,0.002975
10,KACTL,422,0.047129
10,simd-v0,422,0.008056
10,ours-406478,423,0.002945
10,KACTL,423,0.047038
10,simd-v0,423,0.008055
10,393435,423,0.004408
10,KACTL,424,0.047099
10,simd-v0,424,0.008046
10,393435,424,0.004399
10,ours-406478,424,0.002995
10,simd-v0,425,0.008065
10,393435,425,0.004439
10,ours-406478,425,0.002986
10,KACTL,425,0.047068
10,393435,426,0.004418
10,ours-406478,426,0.002986
10,KACTL,426,0.047168
10,simd-v0,426,0.018285
10,ours-406478,427,0.003206
10,KACTL,427,0.047179
10,simd-v0,427,0.008085
10,393435,427,0.004618
10,KACTL,428,0.047078
10,simd-v0,428,0.008085
10,393435,428,0.004488
10,ours-406478,428,0.003006
10,simd-v0,429,0.008055
10,393435,429,0.004398
10,ours-406478,429,0.002965
10,KACTL,429,0.047128
10,393435,430,0.004398
10,ours-406478,430,0.002985
10,KACTL,430,0.047138
10,simd-v0,430,0.008075
10,ours-406478,431,0.002965
10,KACTL,431,0.047069
10,simd-v0,431,0.008085
10,393435,431,0.004408
10,KACTL,432,0.047048
10,simd-v0,432,0.008075
10,393435,432,0.004388
10,ours-406478,432,0.002976
10,simd-v0,433,0.008035
10,393435,433,0.004398
10,ours-406478,433,0.002965
10,KACTL,433,0.049864
10,393435,434,0.004398
10,ours-406478,434,0.002966
10,KACTL,434,0.047138
10,simd-v0,434,0.008075
10,ours-406478,435,0.002955
10,KACTL,435,0.047079
10,simd-v0,435,0.008065
10,393435,435,0.004408
10,KACTL,436,0.047198
10,simd-v0,436,0.008085
10,393435,436,0.004409
10,ours-406478,436,0.002976
10,simd-v0,437,0.008085
10,393435,437,0.004418
10,ours-406478,437,0.002996
10,KACTL,437,0.047108
10,393435,438,0.004388
10,ours-406478,438,0.002976
10,KACTL,438,0.047158
10,simd-v0,438,0.008075
10,ours-406478,439,0.002965
10,KACTL,439,0.047118
10,simd-v0,439,0.008075
10,393435,439,0.004408
10,KACTL,440,0.047038
10,simd-v0,440,0.008075
10,393435,440,0.004398
10,ours-406478,440,0.002986
10,simd-v0,441,0.008075
10,393435,441,0.004408
10,ours-406478,441,0.002986
10,KACTL,441,0.047138
10,393435,442,0.004388
10,ours-406478,442,0.002976
10,KACTL,442,0.056375
10,simd-v0,442,0.008075
10,ours-406478,443,0.003076
10,KACTL,443,0.047138
10,simd-v0,443,0.008075
10,393435,443,0.004538
10,KACTL,444,0.047108
10,simd-v0,444,0.008065
10,393435,444,0.004488
10,ours-406478,444,0.002995
10,simd-v0,445,0.008085
10,393435,445,0.004438
10,ours-406478,445,0.002955
10,KACTL,445,0.047129
10,393435,446,0.004389
10,ours-406478,446,0.002985
10,KACTL,446,0.047109
10,simd-v0,446,0.008096
10,ours-406478,447,0.002995
10,KACTL,447,0.047048
10,simd-v0,447,0.008075
10,393435,447,0.004399
10,KACTL,448,0.047068
10,simd-v0,448,0.008055
10,393435,448,0.004408
10,ours-406478,448,0.002986
10,simd-v0,449,0.008055
10,393435,449,0.004408
10,ours-406478,449,0.002965
10,KACTL,449,0.047108
10,393435,450,0.004419
10,ours-406478,450,0.002955
10,KACTL,450,0.047108
10,simd-v0,450,0.008085
10,ours-406478,451,0.002976
10,KACTL,451,0.047038
10,simd-v0,451,0.008065
10,393435,451,0.004418
10,KACTL,452,0.047058
10,simd-v0,452,0.008075
10,393435,452,0.004408
10,ours-406478,452,0.002975
10,simd-v0,453,0.008055
10,393435,453,0.004428
10,ours-406478,453,0.002996
10,KACTL,453,0.047068
10,393435,454,0.004408
10,ours-406478,454,0.002966
10,KACTL,454,0.047178
10,simd-v0,454,0.008065
10,ours-406478,455,0.002966
10,KACTL,455,0.047068
10,simd-v0,455,0.008095
10,393435,455,0.004398
10,KACTL,456,0.047068
10,simd-v0,456,0.008065
10,393435,456,0.004388
10,ours-406478,456,0.002985
10,simd-v0,457,0.008065
10,393435,457,0.004438
10,ours-406478,457,0.002976
10,KACTL,457,0.056075
10,393435,458,0.004419
10,ours-406478,458,0.002996
10,KACTL,458,0.047168
10,simd-v0,458,0.008106
10,ours-406478,459,0.002966
10,KACTL,459,0.047138
10,simd-v0,459,0.008075
10,393435,459,0.004408
10,KACTL,460,0.047158
10,simd-v0,460,0.008085
10,393435,460,0.004368
10,ours-406478,460,0.002966
10,simd-v0,461,0.008075
10,393435,461,0.004398
10,ours-406478,461,0.002976
10,KACTL,461,0.047098
10,393435,462,0.004378
10,ours-406478,462,0.002946
10,KACTL,462,0.047098
10,simd-v0,462,0.008065
10,ours-406478,463,0.002955
10,KACTL,463,0.047118
10,simd-v0,463,0.008135
10,393435,463,0.004418
10,KACTL,464,0.047208
10,simd-v0,464,0.008126
10,393435,464,0.004379
10,ours-406478,464,0.002965
10,simd-v0,465,0.008065
10,393435,465,0.004418
10,ours-406478,465,0.002966
10,KACTL,465,0.047088
10,393435,466,0.004408
10,ours-406478,466,0.002966
10,KACTL,466,0.047228
10,simd-v0,466,0.008085
10,ours-406478,467,0.002966
10,KACTL,467,0.047118
10,simd-v0,467,0.008055
10,393435,467,0.004388
10,KACTL,468,0.047108
10,simd-v0,468,0.008075
10,393435,468,0.004389
10,ours-406478,468,0.003005
10,simd-v0,469,0.008055
10,393435,469,0.004428
10,ours-406478,469,0.003066
10,KACTL,469,0.047118
10,393435,470,0.004408
10,ours-406478,470,0.002976
10,KACTL,470,0.047058
10,simd-v0,470,0.008065
10,ours-406478,471,0.002975
10,KACTL,471,0.047279
10,simd-v0,471,0.008075
10,393435,471,0.004418
10,KACTL,472,0.057037
10,simd-v0,472,0.008085
10,393435,472,0.004418
10,ours-406478,472,0.003025
10,simd-v0,473,0.008145
10,393435,473,0.004418
10,ours-406478,473,0.002985
10,KACTL,473,0.047109
10,393435,474,0.004408
10,ours-406478,474,0.002975
10,KACTL,474,0.047088
10,simd-v0,474,0.008075
10,ours-406478,475,0.003046
10,KACTL,475,0.047159
10,simd-v0,475,0.008065
10,393435,475,0.004478
10,KACTL,476,0.047078
10,simd-v0,476,0.008084
10,393435,476,0.004469
10,ours-406478,476,0.002965
10,simd-v0,477,0.008055
10,393435,477,0.004409
10,ours-406478,477,0.002986
10,KACTL,477,0.047118
10,393435,478,0.004419
10,ours-406478,478,0.002976
10,KACTL,478,0.047279
10,simd-v0,478,0.008075
10,ours-406478,479,0.002965
10,KACTL,479,0.047079
10,simd-v0,479,0.008065
10,393435,479,0.004409
10,KACTL,480,0.047088
10,simd-v0,480,0.008065
10,393435,480,0.004378
10,ours-406478,480,0.002976
10,simd-v0,481,0.008065
10,393435,481,0.004438
10,ours-406478,481,0.002975
10,KACTL,481,0.046998
10,393435,482,0.004378
10,ours-406478,482,0.002975
10,KACTL,482,0.047118
10,simd-v0,482,0.008055
10,ours-406478,483,0.002955
10,KACTL,483,0.047098
10,simd-v0,483,0.008065
10,393435,483,0.004398
10,KACTL,484,0.047149
10,simd-v0,484,0.008045
10,393435,484,0.004388
10,ours-406478,484,0.002965
10,simd-v0,485,0.008075
10,393435,485,0.004398
10,ours-406478,485,0.002975
10,KACTL,485,0.047088
10,393435,486,0.004398
10,ours-406478,486,0.002976
10,KACTL,486,0.047078
10,simd-v0,486,0.008065
10,ours-406478,487,0.002966
10,KACTL,487,0.047038
10,simd-v0,487,0.008065
10,393435,487,0.004458
10,KACTL,488,0.047178
10,simd-v0,488,0.008095
10,393435,488,0.004439
10,ours-406478,488,0.003055
10,simd-v0,489,0.008085
10,393435,489,0.004498
10,ours-406478,489,0.002975
10,KACTL,489,0.047128
10,393435,490,0.004398
10,ours-406478,490,0.002965
10,KACTL,490,0.047068
10,simd-v0,490,0.008095
10,ours-406478,491,0.002956
10,KACTL,491,0.047058
10,simd-v0,491,0.008095
10,393435,491,0.004428
10,KACTL,492,0.047108
10,simd-v0,492,0.008055
10,393435,492,0.004408
10,ours-406478,492,0.002986
10,simd-v0,493,0.008035
10,393435,493,0.004408
10,ours-406478,493,0.002965
10,KACTL,493,0.047139
10,393435,494,0.004408
10,ours-406478,494,0.002955
10,KACTL,494,0.047048
10,simd-v0,494,0.008166
10,ours-406478,495,0.002955
10,KACTL,495,0.047088
10,simd-v0,495,0.008165
10,393435,495,0.004389
10,KACTL,496,0.047058
10,simd-v0,496,0.008145
10,393435,496,0.004398
10,ours-406478,496,0.002966
10,simd-v0,497,0.008055
10,393435,497,0.004408
10,ours-406478,497,0.002975
10,KACTL,497,0.047109
10,393435,498,0.004418
10,ours-406478,498,0.002985
10,KACTL,498,0.047118
10,simd-v0,498,0.008066
10,ours-406478,499,0.002965
10,KACTL,499,0.047028
10,simd-v0,499,0.008095
10,393435,499,0.004418
10,KACTL,500,0.047219
10,simd-v0,500,0.008065
10,393435,500,0.004418
10,ours-406478,500,0.002996
10,simd-v0,501,0.008065
10,393435,501,0.004408
10,ours-406478,501,0.002976
10,KACTL,501,0.047128
10,393435,502,0.004408
10,ours-406478,502,0.002955
10,KACTL,502,0.047159
10,simd-v0,502,0.008095
10,ours-406478,503,0.002955
10,KACTL,503,0.056686
10,simd-v0,503,0.008085
10,393435,503,0.004408
10,KACTL,504,0.047169
10,simd-v0,504,0.008065
10,393435,504,0.004398
10,ours-406478,504,0.003036
10,simd-v0,505,0.008105
10,393435,505,0.004369
10,ours-406478,505,0.003045
10,KACTL,505,0.047057
10,393435,506,0.004398
10,ours-406478,506,0.002955
10,KACTL,506,0.047189
10,simd-v0,506,0.008065
10,ours-406478,507,0.002965
10,KACTL,507,0.047048
10,simd-v0,507,0.008065
10,393435,507,0.004408
10,KACTL,508,0.047178
10,simd-v0,508,0.008065
10,393435,508,0.004398
10,ours-406478,508,0.002975
10,simd-v0,509,0.008156
10,393435,509,0.004448
10,ours-406478,509,0.002965
10,KACTL,509,0.047128
10,393435,510,0.004418
10,ours-406478,510,0.002956
10,KACTL,510,0.047068
10,simd-v0,510,0.008145
10,ours-406478,511,0.002966
10,KACTL,511,0.047068
10,simd-v0,511,0.008065
10,393435,511,0.004478
10,KACTL,512,0.047178
10,simd-v0,512,0.008065
10,393435,512,0.004398
10,ours-406478,512,0.003065
10,simd-v0,513,0.008066
10,393435,513,0.004429
10,ours-406478,513,0.002975
10,KACTL,513,0.047479
10,393435,514,0.004439
10,ours-406478,514,0.002975
10,KACTL,514,0.047159
10,simd-v0,514,0.008085
10,ours-406478,515,0.002975
10,KACTL,515,0.047118
10,simd-v0,515,0.008075
10,393435,515,0.004408
10,KACTL,516,0.047339
10,simd-v0,516,0.008065
10,393435,516,0.004428
10,ours-406478,516,0.002975
10,simd-v0,517,0.008035
10,393435,517,0.004409
10,ours-406478,517,0.002965
10,KACTL,517,0.047148
10,393435,518,0.004409
10,ours-406478,518,0.002975
10,KACTL,518,0.057017
10,simd-v0,518,0.008084
10,ours-406478,519,0.003026
10,KACTL,519,0.047099
10,simd-v0,519,0.008055
10,393435,519,0.004448
10,KACTL,520,0.047078
10,simd-v0,520,0.008065
10,393435,520,0.004388
10,ours-406478,520,0.002986
10,simd-v0,521,0.008055
10,393435,521,0.004418
10,ours-406478,521,0.002976
10,KACTL,521,0.047048
10,393435,522,0.004408
10,ours-406478,522,0.003056
10,KACTL,522,0.047258
10,simd-v0,522,0.008075
10,ours-406478,523,0.003036
10,KACTL,523,0.047209
10,simd-v0,523,0.008055
10,393435,523,0.004488
10,KACTL,524,0.047148
10,simd-v0,524,0.008065
10,393435,524,0.004439
10,ours-406478,524,0.002996
10,simd-v0,525,0.008045
10,393435,525,0.004428
10,ours-406478,525,0.002956
10,KACTL,525,0.047128
10,393435,526,0.004428
10,ours-406478,526,0.002966
10,KACTL,526,0.047188
10,simd-v0,526,0.008055
10,ours-406478,527,0.002986
10,KACTL,527,0.047008
10,simd-v0,527,0.008065
10,393435,527,0.004388
10,KACTL,528,0.047118
10,simd-v0,528,0.008065
10,393435,528,0.004388
10,ours-406478,528,0.002976
10,simd-v0,529,0.008065
10,393435,529,0.004438
10,ours-406478,529,0.002966
10,KACTL,529,0.047038
10,393435,530,0.004398
10,ours-406478,530,0.002965
10,KACTL,530,0.047198
10,simd-v0,530,0.008085
10,ours-406478,531,0.002956
10,KACTL,531,0.047119
10,simd-v0,531,0.008065
10,393435,531,0.004428
10,KACTL,532,0.047148
10,simd-v0,532,0.008065
10,393435,532,0.004398
10,ours-406478,532,0.002975
10,simd-v0,533,0.008075
10,393435,533,0.004408
10,ours-406478,533,0.002966
10,KACTL,533,0.094837
10,393435,534,0.005981
10,ours-406478,534,0.003276
10,KACTL,534,0.047549
10,simd-v0,534,0.008225
10,ours-406478,535,0.002956
10,KACTL,535,0.047068
10,simd-v0,535,0.008075
10,393435,535,0.004438
10,KACTL,536,0.047178
10,simd-v0,536,0.008065
10,393435,536,0.004398
10,ours-406478,536,0.002976
10,simd-v0,537,0.008075
10,393435,537,0.004418
10,ours-406478,537,0.002976
10,KACTL,537,0.047109
10,393435,538,0.004398
10,ours-406478,538,0.002975
10,KACTL,538,0.047078
10,simd-v0,538,0.008075
10,ours-406478,539,0.002946
10,KACTL,539,0.047099
10,simd-v0,539,0.008065
10,393435,539,0.004418
10,KACTL,540,0.047188
10,simd-v0,540,0.008066
10,393435,540,0.004378
10,ours-406478,540,0.002976
10,simd-v0,541,0.008095
10,393435,541,0.004419
10,ours-406478,541,0.002976
10,KACTL,541,0.047208
10,393435,542,0.004418
10,ours-406478,542,0.002966
10,KACTL,542,0.047169
10,simd-v0,542,0.008044
10,ours-406478,543,0.002966
10,KACTL,543,0.047038
10,simd-v0,543,0.008065
10,393435,543,0.004408
10,KACTL,544,0.047199
10,simd-v0,544,0.008055
10,393435,544,0.004448
10,ours-406478,544,0.002986
10,simd-v0,545,0.008166
10,393435,545,0.004418
10,ours-406478,545,0.002955
10,KACTL,545,0.047017
10,393435,546,0.004508
10,ours-406478,546,0.002965
10,KACTL,546,0.047088
10,simd-v0,546,0.008085
10,ours-406478,547,0.002965
10,KACTL,547,0.047038
10,simd-v0,547,0.008066
10,393435,547,0.004489
10,KACTL,548,0.058960
10,simd-v0,548,0.008115
10,393435,548,0.004448
10,ours-406478,548,0.003036
10,simd-v0,549,0.008065
10,393435,549,0.004408
10,ours-406478,549,0.002996
10,KACTL,549,0.047178
10,393435,550,0.004409
10,ours-406478,550,0.002956
10,KACTL,550,0.047659
10,simd-v0,550,0.008075
10,ours-406478,551,0.002965
10,KACTL,551,0.047109
10,simd-v0,551,0.008086
10,393435,551,0.004398
10,KACTL,552,0.047158
10,simd-v0,552,0.008085
10,393435,552,0.004389
10,ours-406478,552,0.002986
10,simd-v0,553,0.008065
10,393435,553,0.004398
10,ours-406478,553,0.003036
10,KACTL,553,0.047098
10,393435,554,0.004428
10,ours-406478,554,0.002965
10,KACTL,554,0.047018
10,simd-v0,554,0.008085
10,ours-406478,555,0.002956
10,KACTL,555,0.047148
10,simd-v0,555,0.008055
10,393435,555,0.004418
10,KACTL,556,0.047169
10,simd-v0,556,0.008065
10,393435,556,0.004368
10,ours-406478,556,0.002975
10,simd-v0,557,0.008075
10,393435,557,0.004459
10,ours-406478,557,0.002975
10,KACTL,557,0.047169
10,393435,558,0.004398
10,ours-406478,558,0.003055
10,KACTL,558,0.047158
10,simd-v0,558,0.008065
10,ours-406478,559,0.003046
10,KACTL,559,0.047078
10,simd-v0,559,0.008065
10,393435,559,0.004488
10,KACTL,560,0.047129
10,simd-v0,560,0.008046
10,393435,560,0.004438
10,ours-406478,560,0.002985
10,simd-v0,561,0.008055
10,393435,561,0.004419
10,ours-406478,561,0.002965
10,KACTL,561,0.047028
10,393435,562,0.004409
10,ours-406478,562,0.002966
10,KACTL,562,0.047088
10,simd-v0,562,0.008085
10,ours-406478,563,0.002956
10,KACTL,563,0.057137
10,simd-v0,563,0.008095
10,393435,563,0.004469
10,KACTL,564,0.047148
10,simd-v0,564,0.008085
10,393435,564,0.004408
10,ours-406478,564,0.003026
10,simd-v0,565,0.008045
10,393435,565,0.004408
10,ours-406478,565,0.002996
10,KACTL,565,0.047088
10,393435,566,0.004448
10,ours-406478,566,0.003737
10,KACTL,566,0.047068
10,simd-v0,566,0.008055
10,ours-406478,567,0.002956
10,KACTL,567,0.047048
10,simd-v0,567,0.008045
10,393435,567,0.004408
10,KACTL,568,0.047038
10,simd-v0,568,0.008085
10,393435,568,0.004409
10,ours-406478,568,0.002985
10,simd-v0,569,0.008035
10,393435,569,0.004408
10,ours-406478,569,0.002966
10,KACTL,569,0.047058
10,393435,570,0.004438
10,ours-406478,570,0.002966
10,KACTL,570,0.047118
10,simd-v0,570,0.008065
10,ours-406478,571,0.002945
10,KACTL,571,0.047068
10,simd-v0,571,0.008075
10,393435,571,0.004418
10,KACTL,572,0.047038
10,simd-v0,572,0.008075
10,393435,572,0.004399
10,ours-406478,572,0.002976
10,simd-v0,573,0.008065
10,393435,573,0.004488
10,ours-406478,573,0.002966
10,KACTL,573,0.047028
10,393435,574,0.004398
10,ours-406478,574,0.002996
10,KACTL,574,0.047138
10,simd-v0,574,0.008055
10,ours-406478,575,0.002965
10,KACTL,575,0.047059
10,simd-v0,575,0.008055
10,393435,575,0.004408
10,KACTL,576,0.047128
10,simd-v0,576,0.008035
10,393435,576,0.004378
10,ours-406478,576,0.002986
10,simd-v0,577,0.008075
10,393435,577,0.004408
10,ours-406478,577,0.002986
10,KACTL,577,0.047048
10,393435,578,0.004398
10,ours-406478,578,0.002976
10,KACTL,578,0.055714
10,simd-v0,578,0.008096
10,ours-406478,579,0.003016
10,KACTL,579,0.047078
10,simd-v0,579,0.008075
10,393435,579,0.004479
10,KACTL,580,0.047078
10,simd-v0,580,0.008065
10,393435,580,0.004398
10,ours-406478,580,0.002986
10,simd-v0,581,0.008075
10,393435,581,0.004408
10,ours-406478,581,0.002975
10,KACTL,581,0.047068
10,393435,582,0.004418
10,ours-406478,582,0.002976
10,KACTL,582,0.047088
10,simd-v0,582,0.008095
10,ours-406478,583,0.002965
10,KACTL,583,0.047088
10,simd-v0,583,0.008076
10,393435,583,0.004399
10,KACTL,584,0.047108
10,simd-v0,584,0.008075
10,393435,584,0.004398
10,ours-406478,584,0.003016
10,simd-v0,585,0.008065
10,393435,585,0.004388
10,ours-406478,585,0.005831
10,KACTL,585,0.047078
10,393435,586,0.004429
10,ours-406478,586,0.002985
10,KACTL,586,0.047068
10,simd-v0,586,0.008086
10,ours-406478,587,0.002955
10,KACTL,587,0.047088
10,simd-v0,587,0.008065
10,393435,587,0.004408
10,KACTL,588,0.047079
10,simd-v0,588,0.008076
10,393435,588,0.004418
10,ours-406478,588,0.002975
10,simd-v0,589,0.008055
10,393435,589,0.004389
10,ours-406478,589,0.002965
10,KACTL,589,0.047168
10,393435,590,0.004409
10,ours-406478,590,0.002966
10,KACTL,590,0.047209
10,simd-v0,590,0.008096
10,ours-406478,591,0.002955
10,KACTL,591,0.047138
10,simd-v0,591,0.008086
10,393435,591,0.004428
10,KACTL,592,0.047078
10,simd-v0,592,0.008055
10,393435,592,0.004398
10,ours-406478,592,0.002976
10,simd-v0,593,0.008065
10,393435,593,0.004388
10,ours-406478,593,0.002955
10,KACTL,593,0.047099
10,393435,594,0.004379
10,ours-406478,594,0.003005
10,KACTL,594,0.047158
10,simd-v0,594,0.008085
10,ours-406478,595,0.002966
10,KACTL,595,0.047108
10,simd-v0,595,0.008065
10,393435,595,0.004498
10,KACTL,596,0.047158
10,simd-v0,596,0.008075
10,393435,596,0.004398
10,ours-406478,596,0.003056
10,simd-v0,597,0.008055
10,393435,597,0.004398
10,ours-406478,597,0.002965
10,KACTL,597,0.047008
10,393435,598,0.004408
10,ours-406478,598,0.002965
10,KACTL,598,0.047108
10,simd-v0,598,0.008065
10,ours-406478,599,0.002966
10,KACTL,599,0.047158
10,simd-v0,599,0.008095
10,393435,599,0.004398
10,KACTL,600,0.047098
10,simd-v0,600,0.008055
10,393435,600,0.004379
10,ours-406478,600,0.002965
10,simd-v0,601,0.008075
10,393435,601,0.004409
10,ours-406478,601,0.002975
10,KACTL,601,0.047078
10,393435,602,0.004379
10,ours-406478,602,0.002966
10,KACTL,602,0.047098
10,simd-v0,602,0.008085
10,ours-406478,603,0.002966
10,KACTL,603,0.047038
10,simd-v0,603,0.008075
10,393435,603,0.004418
10,KACTL,604,0.047128
10,simd-v0,604,0.008076
10,393435,604,0.004388
10,ours-406478,604,0.002976
10,simd-v0,605,0.008075
10,393435,605,0.004519
10,ours-406478,605,0.002966
10,KACTL,605,0.047118
10,393435,606,0.004409
10,ours-406478,606,0.003035
10,KACTL,606,0.047138
10,simd-v0,606,0.008086
10,ours-406478,607,0.002955
10,KACTL,607,0.047038
10,simd-v0,607,0.008075
10,393435,607,0.004408
10,KACTL,608,0.047108
10,simd-v0,608,0.008086
10,393435,608,0.004409
10,ours-406478,608,0.003065
10,simd-v0,609,0.008046
10,393435,609,0.004418
10,ours-406478,609,0.002975
10,KACTL,609,0.057167
10,393435,610,0.004429
10,ours-406478,610,0.003036
10,KACTL,610,0.047198
10,simd-v0,610,0.008105
10,ours-406478,611,0.002966
10,KACTL,611,0.047188
10,simd-v0,611,0.008085
10,393435,611,0.004409
10,KACTL,612,0.047990
10,simd-v0,612,0.008095
10,393435,612,0.004388
10,ours-406478,612,0.002975
10,simd-v0,613,0.008075
10,393435,613,0.004438
10,ours-406478,613,0.002986
10,KACTL,613,0.047078
10,393435,614,0.004408
10,ours-406478,614,0.002986
10,KACTL,614,0.047088
10,simd-v0,614,0.008055
10,ours-406478,615,0.002965
10,KACTL,615,0.047059
10,simd-v0,615,0.008066
10,393435,615,0.004388
10,KACTL,616,0.047148
10,simd-v0,616,0.008045
10,393435,616,0.004398
10,ours-406478,616,0.002966
10,simd-v0,617,0.008075
10,393435,617,0.004408
10,ours-406478,617,0.002955
10,KACTL,617,0.047059
10,393435,618,0.004418
10,ours-406478,618,0.002975
10,KACTL,618,0.047158
10,simd-v0,618,0.008055
10,ours-406478,619,0.002975
10,KACTL,619,0.047128
10,simd-v0,619,0.008076
10,393435,619,0.004408
10,KACTL,620,0.047118
10,simd-v0,620,0.008055
10,393435,620,0.004398
10,ours-406478,620,0.002986
10,simd-v0,621,0.008095
10,393435,621,0.004408
10,ours-406478,621,0.002976
10,KACTL,621,0.047088
10,393435,622,0.004378
10,ours-406478,622,0.002976
10,KACTL,622,0.047088
10,simd-v0,622,0.008065
10,ours-406478,623,0.002955
10,KACTL,623,0.047139
10,simd-v0,623,0.008065
10,393435,623,0.004439
10,KACTL,624,0.056025
10,simd-v0,624,0.008095
10,393435,624,0.004519
10,ours-406478,624,0.003035
10,simd-v0,625,0.008065
10,393435,625,0.004368
10,ours-406478,625,0.002966
10,KACTL,625,0.047158
10,393435,626,0.004409
10,ours-406478,626,0.002976
10,KACTL,626,0.047098
10,simd-v0,626,0.008085
10,ours-406478,627,0.002966
10,KACTL,627,0.047839
10,simd-v0,627,0.008065
10,393435,627,0.004429
10,KACTL,628,0.047078
10,simd-v0,628,0.008095
10,393435,628,0.004408
10,ours-406478,628,0.002966
10,simd-v0,629,0.008046
10,393435,629,0.004419
10,ours-406478,629,0.002985
10,KACTL,629,0.047038
10,393435,630,0.004408
10,ours-406478,630,0.002955
10,KACTL,630,0.047118
10,simd-v0,630,0.008064
10,ours-406478,631,0.002945
10,KACTL,631,0.047108
10,simd-v0,631,0.008085
10,393435,631,0.004449
10,KACTL,632,0.047169
10,simd-v0,632,0.008075
10,393435,632,0.004388
10,ours-406478,632,0.002976
10,simd-v0,633,0.008055
10,393435,633,0.004388
10,ours-406478,633,0.002986
10,KACTL,633,0.047139
10,393435,634,0.004408
10,ours-406478,634,0.002956
10,KACTL,634,0.047069
10,simd-v0,634,0.008075
10,ours-406478,635,0.002945
10,KACTL,635,0.047058
10,simd-v0,635,0.008075
10,393435,635,0.004389
10,KACTL,636,0.047048
10,simd-v0,636,0.008085
10,393435,636,0.004398
10,ours-406478,636,0.002996
10,simd-v0,637,0.008055
10,393435,637,0.004399
10,ours-406478,637,0.002966
10,KACTL,637,0.047048
10,393435,638,0.004438
10,ours-406478,638,0.003016
10,KACTL,638,0.047098
10,simd-v0,638,0.008065
10,ours-406478,639,0.002966
10,KACTL,639,0.047038
10,simd-v0,639,0.008165
10,393435,639,0.004478
10,KACTL,640,0.047168
10,simd-v0,640,0.008155
10,393435,640,0.004378
10,ours-406478,640,0.003026
10,simd-v0,641,0.008065
10,393435,641,0.004428
10,ours-406478,641,0.002996
10,KACTL,641,0.047028
10,393435,642,0.004398
10,ours-406478,642,0.002955
10,KACTL,642,0.047057
10,simd-v0,642,0.008066
10,ours-406478,643,0.002976
10,KACTL,643,0.047018
10,simd-v0,643,0.008065
10,393435,643,0.004439
10,KACTL,644,0.047119
10,simd-v0,644,0.008075
10,393435,644,0.004398
10,ours-406478,644,0.002985
10,simd-v0,645,0.008066
10,393435,645,0.004399
10,ours-406478,645,0.002965
10,KACTL,645,0.047119
10,393435,646,0.004419
10,ours-406478,646,0.002965
10,KACTL,646,0.047148
10,simd-v0,646,0.008066
10,ours-406478,647,0.002975
10,KACTL,647,0.047008
10,simd-v0,647,0.008095
10,393435,647,0.004399
10,KACTL,648,0.047208
10,simd-v0,648,0.008055
10,393435,648,0.004418
10,ours-406478,648,0.002986
10,simd-v0,649,0.008065
10,393435,649,0.004388
10,ours-406478,649,0.002975
10,KACTL,649,0.047109
10,393435,650,0.004409
10,ours-406478,650,0.002965
10,KACTL,650,0.047078
10,simd-v0,650,0.008064
10,ours-406478,651,0.002946
10,KACTL,651,0.047038
10,simd-v0,651,0.008075
10,393435,651,0.004408
10,KACTL,652,0.047119
10,simd-v0,652,0.008055
10,393435,652,0.004398
10,ours-406478,652,0.002965
10,simd-v0,653,0.008085
10,393435,653,0.004399
10,ours-406478,653,0.003035
10,KACTL,653,0.047199
10,393435,654,0.004388
10,ours-406478,654,0.002965
10,KACTL,654,0.047159
10,simd-v0,654,0.008085
10,ours-406478,655,0.002975
10,KACTL,655,0.056165
10,simd-v0,655,0.008055
10,393435,655,0.004498
10,KACTL,656,0.047119
10,simd-v0,656,0.008045
10,393435,656,0.004468
10,ours-406478,656,0.002996
10,simd-v0,657,0.008055
10,393435,657,0.004428
10,ours-406478,657,0.002955
10,KACTL,657,0.047138
10,393435,658,0.004438
10,ours-406478,658,0.002975
10,KACTL,658,0.047128
10,simd-v0,658,0.008045
10,ours-406478,659,0.002985
10,KACTL,659,0.047088
10,simd-v0,659,0.008056
10,393435,659,0.004408
10,KACTL,660,0.047118
10,simd-v0,660,0.008065
10,393435,660,0.004388
10,ours-406478,660,0.002976
10,simd-v0,661,0.008075
10,393435,661,0.004428
10,ours-406478,661,0.002966
10,KACTL,661,0.047098
10,393435,662,0.004408
10,ours-406478,662,0.002966
10,KACTL,662,0.047209
10,simd-v0,662,0.008055
10,ours-406478,663,0.002966
10,KACTL,663,0.047059
10,simd-v0,663,0.008035
10,393435,663,0.004388
10,KACTL,664,0.047088
10,simd-v0,664,0.008045
10,393435,664,0.004408
10,ours-406478,664,0.002976
10,simd-v0,665,0.008065
10,393435,665,0.004408
10,ours-406478,665,0.002976
10,KACTL,665,0.047148
10,393435,666,0.004408
10,ours-406478,666,0.002985
10,KACTL,666,0.047129
10,simd-v0,666,0.008065
10,ours-406478,667,0.002985
10,KACTL,667,0.047129
10,simd-v0,667,0.008065
10,393435,667,0.004418
10,KACTL,668,0.047108
10,simd-v0,668,0.008075
10,393435,668,0.004389
10,ours-406478,668,0.002985
10,simd-v0,669,0.008075
10,393435,669,0.004418
10,ours-406478,669,0.002976
10,KACTL,669,0.047068
10,393435,670,0.004408
10,ours-406478,670,0.002966
10,KACTL,670,0.055834
10,simd-v0,670,0.008106
10,ours-406478,671,0.003015
10,KACTL,671,0.047118
10,simd-v0,671,0.008075
10,393435,671,0.004468
10,KACTL,672,0.047089
10,simd-v0,672,0.008096
10,393435,672,0.004408
10,ours-406478,672,0.003045
10,simd-v0,673,0.008035
10,393435,673,0.004399
10,ours-406478,673,0.002965
10,KACTL,673,0.047149
10,393435,674,0.004419
10,ours-406478,674,0.002976
10,KACTL,674,0.047219
10,simd-v0,674,0.008065
10,ours-406478,675,0.002955
10,KACTL,675,0.047088
10,simd-v0,675,0.008075
10,393435,675,0.004409
10,KACTL,676,0.047148
10,simd-v0,676,0.008095
10,393435,676,0.004388
10,ours-406478,676,0.002966
10,simd-v0,677,0.008065
10,393435,677,0.004408
10,ours-406478,677,0.002966
10,KACTL,677,0.047057
10,393435,678,0.004388
10,ours-406478,678,0.002965
10,KACTL,678,0.047148
10,simd-v0,678,0.008065
10,ours-406478,679,0.002945
10,KACTL,679,0.047119
10,simd-v0,679,0.008086
10,393435,679,0.004398
10,KACTL,680,0.047128
10,simd-v0,680,0.008045
10,393435,680,0.004448
10,ours-406478,680,0.003036
10,simd-v0,681,0.008085
10,393435,681,0.004398
10,ours-406478,681,0.002986
10,KACTL,681,0.047138
10,393435,682,0.004408
10,ours-406478,682,0.002976
10,KACTL,682,0.047118
10,simd-v0,682,0.008045
10,ours-406478,683,0.002966
10,KACTL,683,0.047048
10,simd-v0,683,0.008045
10,393435,683,0.004428
10,KACTL,684,0.047178
10,simd-v0,684,0.008045
10,393435,684,0.004378
10,ours-406478,684,0.002976
10,simd-v0,685,0.008075
10,393435,685,0.004418
10,ours-406478,685,0.003056
10,KACTL,685,0.056776
10,393435,686,0.004548
10,ours-406478,686,0.003006
10,KACTL,686,0.047078
10,simd-v0,686,0.008105
10,ours-406478,687,0.002966
10,KACTL,687,0.047098
10,simd-v0,687,0.008075
10,393435,687,0.004509
10,KACTL,688,0.047168
10,simd-v0,688,0.008105
10,393435,688,0.004488
10,ours-406478,688,0.002996
10,simd-v0,689,0.008065
10,393435,689,0.004408
10,ours-406478,689,0.002966
10,KACTL,689,0.047118
10,393435,690,0.004388
10,ours-406478,690,0.002956
10,KACTL,690,0.047128
10,simd-v0,690,0.008085
10,ours-406478,691,0.002965
10,KACTL,691,0.047089
10,simd-v0,691,0.008085
10,393435,691,0.004398
10,KACTL,692,0.047088
10,simd-v0,692,0.008085
10,393435,692,0.004389
10,ours-406478,692,0.002986
10,simd-v0,693,0.008055
10,393435,693,0.004408
10,ours-406478,693,0.002986
10,KACTL,693,0.047138
10,393435,694,0.004408
10,ours-406478,694,0.002956
10,KACTL,694,0.047148
10,simd-v0,694,0.008085
10,ours-406478,695,0.003006
10,KACTL,695,0.047088
10,simd-v0,695,0.008075
10,393435,695,0.004408
10,KACTL,696,0.047078
10,simd-v0,696,0.008076
10,393435,696,0.004419
10,ours-406478,696,0.002975
10,simd-v0,697,0.008065
10,393435,697,0.004398
10,ours-406478,697,0.002986
10,KACTL,697,0.047138
10,393435,698,0.004409
10,ours-406478,698,0.002966
10,KACTL,698,0.047108
10,simd-v0,698,0.008065
10,ours-406478,699,0.002956
10,KACTL,699,0.047098
10,simd-v0,699,0.008065
10,393435,699,0.004418
10,KACTL,700,0.047139
10,simd-v0,700,0.008086
10,393435,700,0.013354
10,ours-406478,700,0.002995
10,simd-v0,701,0.008106
10,393435,701,0.004528
10,ours-406478,701,0.002986
10,KACTL,701,0.047128
10,393435,702,0.004418
10,ours-406478,702,0.003036
10,KACTL,702,0.047128
10,simd-v0,702,0.008065
10,ours-406478,703,0.002976
10,KACTL,703,0.047078
10,simd-v0,703,0.008055
10,393435,703,0.004418
10,KACTL,704,0.047159
10,simd-v0,704,0.008064
10,393435,704,0.004419
10,ours-406478,704,0.003056
10,simd-v0,705,0.008056
10,393435,705,0.004419
10,ours-406478,705,0.002975
10,KACTL,705,0.047008
10,393435,706,0.004419
10,ours-406478,706,0.002986
10,KACTL,706,0.047078
10,simd-v0,706,0.008075
10,ours-406478,707,0.002956
10,KACTL,707,0.047038
10,simd-v0,707,0.008085
10,393435,707,0.004378
10,KACTL,708,0.047279
10,simd-v0,708,0.008135
10,393435,708,0.004388
10,ours-406478,708,0.002986
10,simd-v0,709,0.008075
10,393435,709,0.004429
10,ours-406478,709,0.002975
10,KACTL,709,0.047068
10,393435,710,0.004398
10,ours-406478,710,0.002975
10,KACTL,710,0.047158
10,simd-v0,710,0.008076
10,ours-406478,711,0.002975
10,KACTL,711,0.047068
10,simd-v0,711,0.008065
10,393435,711,0.004418
10,KACTL,712,0.047128
10,simd-v0,712,0.008055
10,393435,712,0.004388
10,ours-406478,712,0.003006
10,simd-v0,713,0.008075
10,393435,713,0.004388
10,ours-406478,713,0.002965
10,KACTL,713,0.047058
10,393435,714,0.004419
10,ours-406478,714,0.002976
10,KACTL,714,0.047078
10,simd-v0,714,0.008075
10,ours-406478,715,0.002976
10,KACTL,715,0.047058
10,simd-v0,715,0.008075
10,393435,715,0.004428
10,KACTL,716,0.055935
10,simd-v0,716,0.008104
10,393435,716,0.004449
10,ours-406478,716,0.003016
10,simd-v0,717,0.008066
10,393435,717,0.004408
10,ours-406478,717,0.003005
10,KACTL,717,0.047198
10,393435,718,0.004388
10,ours-406478,718,0.002956
10,KACTL,718,0.047098
10,simd-v0,718,0.008085
10,ours-406478,719,0.002955
10,KACTL,719,0.047039
10,simd-v0,719,0.008084
10,393435,719,0.004408
10,KACTL,720,0.047048
10,simd-v0,720,0.008075
10,393435,720,0.004378
10,ours-406478,720,0.002976
10,simd-v0,721,0.008086
10,393435,721,0.004388
10,ours-406478,721,0.003005
10,KACTL,721,0.047099
10,393435,722,0.004388
10,ours-406478,722,0.002966
10,KACTL,722,0.047058
10,simd-v0,722,0.008066
10,ours-406478,723,0.003066
10,KACTL,723,0.047229
10,simd-v0,723,0.008065
10,393435,723,0.004458
10,KACTL,724,0.047159
10,simd-v0,724,0.008076
10,393435,724,0.004389
10,ours-406478,724,0.002985
10,simd-v0,725,0.008075
10,393435,725,0.004439
10,ours-406478,725,0.002966
10,KACTL,725,0.047118
10,393435,726,0.004399
10,ours-406478,726,0.002975
10,KACTL,726,0.047128
10,simd-v0,726,0.008076
10,ours-406478,727,0.002956
10,KACTL,727,0.047158
10,simd-v0,727,0.008055
10,393435,727,0.004428
10,KACTL,728,0.047158
10,simd-v0,728,0.008035
10,393435,728,0.004378
10,ours-406478,728,0.002975
10,simd-v0,729,0.008084
10,393435,729,0.004409
10,ours-406478,729,0.002965
10,KACTL,729,0.047048
10,393435,730,0.004419
10,ours-406478,730,0.002976
10,KACTL,730,0.047088
10,simd-v0,730,0.008075
10,ours-406478,731,0.002966
10,KACTL,731,0.056676
10,simd-v0,731,0.008104
10,393435,731,0.004458
10,KACTL,732,0.047148
10,simd-v0,732,0.008075
10,393435,732,0.004409
10,ours-406478,732,0.003016
10,simd-v0,733,0.008075
10,393435,733,0.004488
10,ours-406478,733,0.002966
10,KACTL,733,0.047068
10,393435,734,0.004398
10,ours-406478,734,0.003056
10,KACTL,734,0.047118
10,simd-v0,734,0.008085
10,ours-406478,735,0.002966
10,KACTL,735,0.047198
10,simd-v0,735,0.008075
10,393435,735,0.004409
10,KACTL,736,0.047129
10,simd-v0,736,0.008075
10,393435,736,0.004398
10,ours-406478,736,0.003066
10,simd-v0,737,0.008055
10,393435,737,0.004408
10,ours-406478,737,0.002955
10,KACTL,737,0.049722
10,393435,738,0.004388
10,ours-406478,738,0.002985
10,KACTL,738,0.047138
10,simd-v0,738,0.008055
10,ours-406478,739,0.002956
10,KACTL,739,0.047239
10,simd-v0,739,0.008095
10,393435,739,0.004378
10,KACTL,740,0.046998
10,simd-v0,740,0.008075
10,393435,740,0.004398
10,ours-406478,740,0.002995
10,simd-v0,741,0.008065
10,393435,741,0.004418
10,ours-406478,741,0.002966
10,KACTL,741,0.047098
10,393435,742,0.004398
10,ours-406478,742,0.002976
10,KACTL,742,0.047058
10,simd-v0,742,0.008065
10,ours-406478,743,0.002976
10,KACTL,743,0.047128
10,simd-v0,743,0.008085
10,393435,743,0.004418
10,KACTL,744,0.047058
10,simd-v0,744,0.008075
10,393435,744,0.004379
10,ours-406478,744,0.002975
10,simd-v0,745,0.008055
10,393435,745,0.004418
10,ours-406478,745,0.002956
10,KACTL,745,0.047148
10,393435,746,0.004398
10,ours-406478,746,0.002955
10,KACTL,746,0.056295
10,simd-v0,746,0.008096
10,ours-406478,747,0.002996
10,KACTL,747,0.047078
10,simd-v0,747,0.008055
10,393435,747,0.004469
10,KACTL,748,0.047108
10,simd-v0,748,0.008055
10,393435,748,0.004398
10,ours-406478,748,0.002976
10,simd-v0,749,0.008095
10,393435,749,0.004498
10,ours-406478,749,0.002966
10,KACTL,749,0.047058
10,393435,750,0.004388
10,ours-406478,750,0.003046
10,KACTL,750,0.047068
10,simd-v0,750,0.008075
10,ours-406478,751,0.002966
10,KACTL,751,0.047198
10,simd-v0,751,0.008055
10,393435,751,0.004408
10,KACTL,752,0.047058
10,simd-v0,752,0.008065
10,393435,752,0.004388
10,ours-406478,752,0.003046
10,simd-v0,753,0.008075
10,393435,753,0.004398
10,ours-406478,753,0.002966
10,KACTL,753,0.047098
10,393435,754,0.004408
10,ours-406478,754,0.002956
10,KACTL,754,0.047108
10,simd-v0,754,0.008065
10,ours-406478,755,0.002976
10,KACTL,755,0.047098
10,simd-v0,755,0.008145
10,393435,755,0.004418
10,KACTL,756,0.047139
10,simd-v0,756,0.008146
10,393435,756,0.004408
10,ours-406478,756,0.002996
10,simd-v0,757,0.008086
10,393435,757,0.004409
10,ours-406478,757,0.002965
10,KACTL,757,0.047179
10,393435,758,0.004428
10,ours-406478,758,0.002965
10,KACTL,758,0.047109
10,simd-v0,758,0.008044
10,ours-406478,759,0.002955
10,KACTL,759,0.047068
10,simd-v0,759,0.008085
10,393435,759,0.004399
10,KACTL,760,0.047188
10,simd-v0,760,0.008075
10,393435,760,0.004408
10,ours-406478,760,0.002986
10,simd-v0,761,0.008075
10,393435,761,0.004399
10,ours-406478,761,0.002966
10,KACTL,761,0.047109
10,393435,762,0.013274
10,ours-406478,762,0.002995
10,KACTL,762,0.047139
10,simd-v0,762,0.008095
10,ours-406478,763,0.002985
10,KACTL,763,0.047109
10,simd-v0,763,0.008075
10,393435,763,0.004418
10,KACTL,764,0.047108
10,simd-v0,764,0.008085
10,393435,764,0.004399
10,ours-406478,764,0.003036
10,simd-v0,765,0.008095
10,393435,765,0.004388
10,ours-406478,765,0.002966
10,KACTL,765,0.047109
10,393435,766,0.004408
10,ours-406478,766,0.002975
10,KACTL,766,0.047108
10,simd-v0,766,0.008055
10,ours-406478,767,0.003026
10,KACTL,767,0.047038
10,simd-v0,767,0.008055
10,393435,767,0.004488
10,KACTL,768,0.047249
10,simd-v0,768,0.008045
10,393435,768,0.004469
10,ours-406478,768,0.002976
10,simd-v0,769,0.008064
10,393435,769,0.004428
10,ours-406478,769,0.002965
10,KACTL,769,0.047148
10,393435,770,0.004439
10,ours-406478,770,0.002965
10,KACTL,770,0.047108
10,simd-v0,770,0.008044
10,ours-406478,771,0.002965
10,KACTL,771,0.047168
10,simd-v0,771,0.008066
10,393435,771,0.004439
10,KACTL,772,0.047098
10,simd-v0,772,0.008045
10,393435,772,0.004428
10,ours-406478,772,0.002986
10,simd-v0,773,0.008075
10,393435,773,0.004408
10,ours-406478,773,0.002965
10,KACTL,773,0.047118
10,393435,774,0.004398
10,ours-406478,774,0.002965
10,KACTL,774,0.047077
10,simd-v0,774,0.008096
10,ours-406478,775,0.002955
10,KACTL,775,0.047209
10,simd-v0,775,0.008075
10,393435,775,0.004398
10,KACTL,776,0.047088
10,simd-v0,776,0.008055
10,393435,776,0.004388
10,ours-406478,776,0.002976
10,simd-v0,777,0.008075
10,393435,777,0.004398
10,ours-406478,777,0.012844
10,KACTL,777,0.047119
10,393435,778,0.004438
10,ours-406478,778,0.002976
10,KACTL,778,0.047189
10,simd-v0,778,0.008105
10,ours-406478,779,0.002955
10,KACTL,779,0.047088
10,simd-v0,779,0.008075
10,393435,779,0.004418
10,KACTL,780,0.047138
10,simd-v0,780,0.008055
10,393435,780,0.004379
10,ours-406478,780,0.002976
10,simd-v0,781,0.008065
10,393435,781,0.004478
10,ours-406478,781,0.003006
10,KACTL,781,0.047098
10,393435,782,0.004439
10,ours-406478,782,0.003036
10,KACTL,782,0.047148
10,simd-v0,782,0.008046
10,ours-406478,783,0.002956
10,KACTL,783,0.047158
10,simd-v0,783,0.008055
10,393435,783,0.004408
10,KACTL,784,0.047099
10,simd-v0,784,0.008076
10,393435,784,0.004398
10,ours-406478,784,0.003075
10,simd-v0,785,0.008046
10,393435,785,0.004398
10,ours-406478,785,0.002975
10,KACTL,785,0.047038
10,393435,786,0.004398
10,ours-406478,786,0.002965
10,KACTL,786,0.047138
10,simd-v0,786,0.008086
10,ours-406478,787,0.002966
10,KACTL,787,0.047128
10,simd-v0,787,0.008146
10,393435,787,0.004409
10,KACTL,788,0.047179
10,simd-v0,788,0.008155
10,393435,788,0.004398
10,ours-406478,788,0.002986
10,simd-v0,789,0.008075
10,393435,789,0.004418
10,ours-406478,789,0.002975
10,KACTL,789,0.047028
10,393435,790,0.004408
10,ours-406478,790,0.002975
10,KACTL,790,0.047088
10,simd-v0,790,0.008065
10,ours-406478,791,0.002975
10,KACTL,791,0.047098
10,simd-v0,791,0.008065
10,393435,791,0.004389
10,KACTL,792,0.056405
10,simd-v0,792,0.008075
10,393435,792,0.004418
10,ours-406478,792,0.003015
10,simd-v0,793,0.008076
10,393435,793,0.004428
10,ours-406478,793,0.002965
10,KACTL,793,0.047109
10,393435,794,0.004388
10,ours-406478,794,0.002975
10,KACTL,794,0.047119
10,simd-v0,794,0.008095
10,ours-406478,795,0.002985
10,KACTL,795,0.047850
10,simd-v0,795,0.008065
10,393435,795,0.004418
10,KACTL,796,0.047088
10,simd-v0,796,0.008035
10,393435,796,0.004388
10,ours-406478,796,0.002976
10,simd-v0,797,0.008055
10,393435,797,0.004388
10,ours-406478,797,0.003036
10,KACTL,797,0.047128
10,393435,798,0.004368
10,ours-406478,798,0.002976
10,KACTL,798,0.046988
10,simd-v0,798,0.008085
10,ours-406478,799,0.002975
10,KACTL,799,0.047057
10,simd-v0,799,0.008076
10,393435,799,0.004448
10,KACTL,800,0.047088
10,simd-v0,800,0.008065
10,393435,800,0.004418
10,ours-406478,800,0.002986
10,simd-v0,801,0.008145
10,393435,801,0.004388
10,ours-406478,801,0.002986
10,KACTL,801,0.047098
10,393435,802,0.004378
10,ours-406478,802,0.002966
10,KACTL,802,0.047088
10,simd-v0,802,0.008165
10,ours-406478,803,0.002956
10,KACTL,803,0.047098
10,simd-v0,803,0.008165
10,393435,803,0.004448
10,KACTL,804,0.047139
10,simd-v0,804,0.008165
10,393435,804,0.004388
10,ours-406478,804,0.002985
10,simd-v0,805,0.008066
10,393435,805,0.004398
10,ours-406478,805,0.002975
10,KACTL,805,0.047139
10,393435,806,0.004399
10,ours-406478,806,0.002945
10,KACTL,806,0.047108
10,simd-v0,806,0.008055
10,ours-406478,807,0.003016
10,KACTL,807,0.056947
10,simd-v0,807,0.008075
10,393435,807,0.004589
10,KACTL,808,0.047208
10,simd-v0,808,0.008075
10,393435,808,0.004378
10,ours-406478,808,0.003056
10,simd-v0,809,0.008075
10,393435,809,0.004418
10,ours-406478,809,0.002965
10,KACTL,809,0.047109
10,393435,810,0.004418
10,ours-406478,810,0.003005
10,KACTL,810,0.047870
10,simd-v0,810,0.008065
10,ours-406478,811,0.002956
10,KACTL,811,0.047138
10,simd-v0,811,0.008065
10,393435,811,0.004398
10,KACTL,812,0.047068
10,simd-v0,812,0.008066
10,393435,812,0.004419
10,ours-406478,812,0.002966
10,simd-v0,813,0.008065
10,393435,813,0.004508
10,ours-406478,813,0.002956
10,KACTL,813,0.047058
10,393435,814,0.004398
10,ours-406478,814,0.003066
10,KACTL,814,0.047088
10,simd-v0,814,0.008056
10,ours-406478,815,0.002986
10,KACTL,815,0.046998
10,simd-v0,815,0.008085
10,393435,815,0.004419
10,KACTL,816,0.047048
10,simd-v0,816,0.008044
10,393435,816,0.004399
10,ours-406478,816,0.003065
10,simd-v0,817,0.008055
10,393435,817,0.004418
10,ours-406478,817,0.002966
10,KACTL,817,0.047038
10,393435,818,0.004408
10,ours-406478,818,0.002966
10,KACTL,818,0.047088
10,simd-v0,818,0.008075
10,ours-406478,819,0.002966
10,KACTL,819,0.047028
10,simd-v0,819,0.008145
10,393435,819,0.004418
10,KACTL,820,0.047239
10,simd-v0,820,0.008145
10,393435,820,0.004448
10,ours-406478,820,0.002976
10,simd-v0,821,0.008055
10,393435,821,0.004418
10,ours-406478,821,0.002955
10,KACTL,821,0.047088
10,393435,822,0.004388
10,ours-406478,822,0.002965
10,KACTL,822,0.047138
10,simd-v0,822,0.008086
10,ours-406478,823,0.011942
10,KACTL,823,0.047098
10,simd-v0,823,0.008095
10,393435,823,0.004428
10,KACTL,824,0.047139
10,simd-v0,824,0.008085
10,393435,824,0.004398
10,ours-406478,824,0.002995
10,simd-v0,825,0.008065
10,393435,825,0.004398
10,ours-406478,825,0.002966
10,KACTL,825,0.047820
10,393435,826,0.004408
10,ours-406478,826,0.002985
10,KACTL,826,0.047117
10,simd-v0,826,0.008056
10,ours-406478,827,0.002976
10,KACTL,827,0.047128
10,simd-v0,827,0.008055
10,393435,827,0.004419
10,KACTL,828,0.047148
10,simd-v0,828,0.008075
10,393435,828,0.004378
10,ours-406478,828,0.002986
10,simd-v0,829,0.008065
10,393435,829,0.004428
10,ours-406478,829,0.003055
10,KACTL,829,0.047128
10,393435,830,0.004408
10,ours-406478,830,0.002966
10,KACTL,830,0.047069
10,simd-v0,830,0.008055
10,ours-406478,831,0.002985
10,KACTL,831,0.047198
10,simd-v0,831,0.008055
10,393435,831,0.004378
10,KACTL,832,0.047098
10,simd-v0,832,0.008075
10,393435,832,0.004358
10,ours-406478,832,0.002986
10,simd-v0,833,0.008075
10,393435,833,0.004428
10,ours-406478,833,0.002956
10,KACTL,833,0.047079
10,393435,834,0.004418
10,ours-406478,834,0.002975
10,KACTL,834,0.047068
10,simd-v0,834,0.008135
10,ours-406478,835,0.002985
10,KACTL,835,0.047088
10,simd-v0,835,0.008155
10,393435,835,0.004418
10,KACTL,836,0.047048
10,simd-v0,836,0.008145
10,393435,836,0.004388
10,ours-406478,836,0.002976
10,simd-v0,837,0.008075
10,393435,837,0.004439
10,ours-406478,837,0.002985
10,KACTL,837,0.047058
10,393435,838,0.004459
10,ours-406478,838,0.002966
10,KACTL,838,0.056045
10,simd-v0,838,0.008115
10,ours-406478,839,0.002996
10,KACTL,839,0.047178
10,simd-v0,839,0.008075
10,393435,839,0.004469
10,KACTL,840,0.047108
10,simd-v0,840,0.008075
10,393435,840,0.004378
10,ours-406478,840,0.003777
10,simd-v0,841,0.008065
10,393435,841,0.004418
10,ours-406478,841,0.002975
10,KACTL,841,0.047148
10,393435,842,0.004399
10,ours-406478,842,0.002965
10,KACTL,842,0.047168
10,simd-v0,842,0.008086
10,ours-406478,843,0.002966
10,KACTL,843,0.047078
10,simd-v0,843,0.008085
10,393435,843,0.004399
10,KACTL,844,0.047129
10,simd-v0,844,0.008085
10,393435,844,0.004398
10,ours-406478,844,0.002995
10,simd-v0,845,0.008055
10,393435,845,0.004409
10,ours-406478,845,0.002965
10,KACTL,845,0.047098
10,393435,846,0.004408
10,ours-406478,846,0.002955
10,KACTL,846,0.047068
10,simd-v0,846,0.008095
10,ours-406478,847,0.002956
10,KACTL,847,0.047058
10,simd-v0,847,0.008095
10,393435,847,0.004408
10,KACTL,848,0.047078
10,simd-v0,848,0.008085
10,393435,848,0.004409
10,ours-406478,848,0.002975
10,simd-v0,849,0.008056
10,393435,849,0.004468
10,ours-406478,849,0.003006
10,KACTL,849,0.047068
10,393435,850,0.004398
10,ours-406478,850,0.002986
10,KACTL,850,0.047148
10,simd-v0,850,0.008075
10,ours-406478,851,0.002966
10,KACTL,851,0.047148
10,simd-v0,851,0.008135
10,393435,851,0.004399
10,KACTL,852,0.047178
10,simd-v0,852,0.008125
10,393435,852,0.004378
10,ours-406478,852,0.002976
10,simd-v0,853,0.008075
10,393435,853,0.004398
10,ours-406478,853,0.002965
10,KACTL,853,0.056777
10,393435,854,0.004428
10,ours-406478,854,0.002995
10,KACTL,854,0.047158
10,simd-v0,854,0.008106
10,ours-406478,855,0.002975
10,KACTL,855,0.047118
10,simd-v0,855,0.008075
10,393435,855,0.004419
10,KACTL,856,0.047899
10,simd-v0,856,0.008076
10,393435,856,0.004419
10,ours-406478,856,0.002985
10,simd-v0,857,0.008075
10,393435,857,0.004428
10,ours-406478,857,0.002976
10,KACTL,857,0.047028
10,393435,858,0.004398
10,ours-406478,858,0.002976
10,KACTL,858,0.047038
10,simd-v0,858,0.008075
10,ours-406478,859,0.002955
10,KACTL,859,0.047059
10,simd-v0,859,0.008065
10,393435,859,0.004428
10,KACTL,860,0.047078
10,simd-v0,860,0.008085
10,393435,860,0.004408
10,ours-406478,860,0.002976
10,simd-v0,861,0.008055
10,393435,861,0.004398
10,ours-406478,861,0.003035
10,KACTL,861,0.047188
10,393435,862,0.004378
10,ours-406478,862,0.002956
10,KACTL,862,0.047118
10,simd-v0,862,0.008085
10,ours-406478,863,0.002975
10,KACTL,863,0.047088
10,simd-v0,863,0.008085
10,393435,863,0.004398
10,KACTL,864,0.047038
10,simd-v0,864,0.008075
10,393435,864,0.004399
10,ours-406478,864,0.002986
10,simd-v0,865,0.008105
10,393435,865,0.004398
10,ours-406478,865,0.002966
10,KACTL,865,0.047078
10,393435,866,0.004388
10,ours-406478,866,0.002955
10,KACTL,866,0.047098
10,simd-v0,866,0.008155
10,ours-406478,867,0.002986
10,KACTL,867,0.047068
10,simd-v0,867,0.008155
10,393435,867,0.004418
10,KACTL,868,0.047078
10,simd-v0,868,0.017022
10,393435,868,0.004388
10,ours-406478,868,0.003035
10,simd-v0,869,0.008084
10,393435,869,0.004409
10,ours-406478,869,0.002975
10,KACTL,869,0.047168
10,393435,870,0.004399
10,ours-406478,870,0.002975
10,KACTL,870,0.047118
10,simd-v0,870,0.008056
10,ours-406478,871,0.002966
10,KACTL,871,0.047088
10,simd-v0,871,0.008055
10,393435,871,0.004408
10,KACTL,872,0.047870
10,simd-v0,872,0.008055
10,393435,872,0.004388
10,ours-406478,872,0.002986
10,simd-v0,873,0.008085
10,393435,873,0.004428
10,ours-406478,873,0.002986
10,KACTL,873,0.047038
10,393435,874,0.004398
10,ours-406478,874,0.002995
10,KACTL,874,0.047118
10,simd-v0,874,0.008075
10,ours-406478,875,0.002975
10,KACTL,875,0.047119
10,simd-v0,875,0.008055
10,393435,875,0.004408
10,KACTL,876,0.047138
10,simd-v0,876,0.008056
10,393435,876,0.004398
10,ours-406478,876,0.002965
10,simd-v0,877,0.008075
10,393435,877,0.004418
10,ours-406478,877,0.002966
10,KACTL,877,0.047048
10,393435,878,0.004398
10,ours-406478,878,0.002966
10,KACTL,878,0.047128
10,simd-v0,878,0.008085
10,ours-406478,879,0.002965
10,KACTL,879,0.047089
10,simd-v0,879,0.008065
10,393435,879,0.004418
10,KACTL,880,0.047068
10,simd-v0,880,0.008065
10,393435,880,0.004398
10,ours-406478,880,0.002986
10,simd-v0,881,0.008165
10,393435,881,0.004418
10,ours-406478,881,0.002986
10,KACTL,881,0.047108
10,393435,882,0.004469
10,ours-406478,882,0.002976
10,KACTL,882,0.047118
10,simd-v0,882,0.008075
10,ours-406478,883,0.002996
10,KACTL,883,0.047138
10,simd-v0,883,0.008065
10,393435,883,0.004469
10,KACTL,884,0.056025
10,simd-v0,884,0.008095
10,393435,884,0.004458
10,ours-406478,884,0.003025
10,simd-v0,885,0.008065
10,393435,885,0.004398
10,ours-406478,885,0.002966
10,KACTL,885,0.047058
10,393435,886,0.004398
10,ours-406478,886,0.002966
10,KACTL,886,0.047138
10,simd-v0,886,0.008075
10,ours-406478,887,0.002986
10,KACTL,887,0.047128
10,simd-v0,887,0.008065
10,393435,887,0.004398
10,KACTL,888,0.047078
10,simd-v0,888,0.008055
10,393435,888,0.004399
10,ours-406478,888,0.002966
10,simd-v0,889,0.008065
10,393435,889,0.004408
10,ours-406478,889,0.002966
10,KACTL,889,0.047078
10,393435,890,0.004388
10,ours-406478,890,0.002965
10,KACTL,890,0.049724
10,simd-v0,890,0.008065
10,ours-406478,891,0.002985
10,KACTL,891,0.047148
10,simd-v0,891,0.008085
10,393435,891,0.004488
10,KACTL,892,0.047149
10,simd-v0,892,0.008064
10,393435,892,0.004398
10,ours-406478,892,0.003045
10,simd-v0,893,0.008076
10,393435,893,0.004469
10,ours-406478,893,0.002975
10,KACTL,893,0.047108
10,393435,894,0.004429
10,ours-406478,894,0.002965
10,KACTL,894,0.047048
10,simd-v0,894,0.008076
10,ours-406478,895,0.002965
10,KACTL,895,0.047208
10,simd-v0,895,0.008066
10,393435,895,0.004408
10,KACTL,896,0.047118
10,simd-v0,896,0.008075
10,393435,896,0.004408
10,ours-406478,896,0.002986
10,simd-v0,897,0.008095
10,393435,897,0.004378
10,ours-406478,897,0.002965
10,KACTL,897,0.047098
10,393435,898,0.004438
10,ours-406478,898,0.002976
10,KACTL,898,0.047108
10,simd-v0,898,0.008145
10,ours-406478,899,0.002966
10,KACTL,899,0.056967
10,simd-v0,899,0.008096
10,393435,899,0.004488
10,KACTL,900,0.047068
10,simd-v0,900,0.008085
10,393435,900,0.004409
10,ours-406478,900,0.003015
10,simd-v0,901,0.008075
10,393435,901,0.004418
10,ours-406478,901,0.002976
10,KACTL,901,0.047068
10,393435,902,0.005170
10,ours-406478,902,0.002955
10,KACTL,902,0.047098
10,simd-v0,902,0.008055
10,ours-406478,903,0.002956
10,KACTL,903,0.047088
10,simd-v0,903,0.008085
10,393435,903,0.004399
10,KACTL,904,0.047158
10,simd-v0,904,0.008085
10,393435,904,0.004398
10,ours-406478,904,0.002986
10,simd-v0,905,0.008066
10,393435,905,0.004408
10,ours-406478,905,0.002995
10,KACTL,905,0.047068
10,393435,906,0.004409
10,ours-406478,906,0.002995
10,KACTL,906,0.047139
10,simd-v0,906,0.008064
10,ours-406478,907,0.002965
10,KACTL,907,0.047038
10,simd-v0,907,0.008075
10,393435,907,0.004418
10,KACTL,908,0.047158
10,simd-v0,908,0.008065
10,393435,908,0.004388
10,ours-406478,908,0.002965
10,simd-v0,909,0.008066
10,393435,909,0.004408
10,ours-406478,909,0.003045
10,KACTL,909,0.047079
10,393435,910,0.004428
10,ours-406478,910,0.002986
10,KACTL,910,0.047108
10,simd-v0,910,0.008045
10,ours-406478,911,0.002955
10,KACTL,911,0.047128
10,simd-v0,911,0.008055
10,393435,911,0.004399
10,KACTL,912,0.047088
10,simd-v0,912,0.008075
10,393435,912,0.004398
10,ours-406478,912,0.002965
10,simd-v0,913,0.008146
10,393435,913,0.004408
10,ours-406478,913,0.002966
10,KACTL,913,0.047119
10,393435,914,0.004468
10,ours-406478,914,0.002986
10,KACTL,914,0.056025
10,simd-v0,914,0.008075
10,ours-406478,915,0.003006
10,KACTL,915,0.047108
10,simd-v0,915,0.008065
10,393435,915,0.004488
10,KACTL,916,0.047078
10,simd-v0,916,0.008035
10,393435,916,0.004398
10,ours-406478,916,0.002975
10,simd-v0,917,0.008065
10,393435,917,0.004409
10,ours-406478,917,0.002976
10,KACTL,917,0.047950
10,393435,918,0.004398
10,ours-406478,918,0.002965
10,KACTL,918,0.047179
10,simd-v0,918,0.008055
10,ours-406478,919,0.002975
10,KACTL,919,0.047129
10,simd-v0,919,0.008055
10,393435,919,0.004388
10,KACTL,920,0.047078
10,simd-v0,920,0.008075
10,393435,920,0.004398
10,ours-406478,920,0.002966
10,simd-v0,921,0.008085
10,393435,921,0.004408
10,ours-406478,921,0.002966
10,KACTL,921,0.047198
10,393435,922,0.004418
10,ours-406478,922,0.002966
10,KACTL,922,0.047128
10,simd-v0,922,0.008075
10,ours-406478,923,0.002945
10,KACTL,923,0.047089
10,simd-v0,923,0.008065
10,393435,923,0.004418
10,KACTL,924,0.047088
10,simd-v0,924,0.008075
10,393435,924,0.004378
10,ours-406478,924,0.002966
10,simd-v0,925,0.008065
10,393435,925,0.004388
10,ours-406478,925,0.002986
10,KACTL,925,0.047098
10,393435,926,0.004398
10,ours-406478,926,0.002955
10,KACTL,926,0.047179
10,simd-v0,926,0.008085
10,ours-406478,927,0.002975
10,KACTL,927,0.047037
10,simd-v0,927,0.011872
10,393435,927,0.006111
10,KACTL,928,0.056776
10,simd-v0,928,0.008206
10,393435,928,0.004558
10,ours-406478,928,0.003236
10,simd-v0,929,0.008085
10,393435,929,0.004368
10,ours-406478,929,0.002965
10,KACTL,929,0.057648
10,393435,930,0.004439
10,ours-406478,930,0.002995
10,KACTL,930,0.047128
10,simd-v0,930,0.008105
10,ours-406478,931,0.002965
10,KACTL,931,0.047089
10,simd-v0,931,0.008055
10,393435,931,0.004418
10,KACTL,932,0.047088
10,simd-v0,932,0.008065
10,393435,932,0.004409
10,ours-406478,932,0.002975
10,simd-v0,933,0.008045
10,393435,933,0.004428
10,ours-406478,933,0.003015
10,KACTL,933,0.047099
10,393435,934,0.004428
10,ours-406478,934,0.002965
10,KACTL,934,0.047108
10,simd-v0,934,0.008065
10,ours-406478,935,0.002965
10,KACTL,935,0.047179
10,simd-v0,935,0.008065
10,393435,935,0.004408
10,KACTL,936,0.047158
10,simd-v0,936,0.008075
10,393435,936,0.004379
10,ours-406478,936,0.002975
10,simd-v0,937,0.008155
10,393435,937,0.004429
10,ours-406478,937,0.002975
10,KACTL,937,0.047048
10,393435,938,0.004489
10,ours-406478,938,0.002956
10,KACTL,938,0.059391
10,simd-v0,938,0.008115
10,ours-406478,939,0.003146
10,KACTL,939,0.047278
10,simd-v0,939,0.008065
10,393435,939,0.004638
10,KACTL,940,0.047189
10,simd-v0,940,0.008075
10,393435,940,0.004418
10,ours-406478,940,0.002985
10,simd-v0,941,0.008075
10,393435,941,0.004408
10,ours-406478,941,0.002966
10,KACTL,941,0.047058
10,393435,942,0.004409
10,ours-406478,942,0.002995
10,KACTL,942,0.047169
10,simd-v0,942,0.008075
10,ours-406478,943,0.002995
10,KACTL,943,0.048020
10,simd-v0,943,0.010710
10,393435,943,0.006152
10,KACTL,944,0.073458
10,simd-v0,944,0.010108
10,393435,944,0.006863
10,ours-406478,944,0.003386
10,simd-v0,945,0.008126
10,393435,945,0.004479
10,ours-406478,945,0.002986
10,KACTL,945,0.047429
10,393435,946,0.004388
10,ours-406478,946,0.002996
10,KACTL,946,0.047148
10,simd-v0,946,0.008045
10,ours-406478,947,0.002956
10,KACTL,947,0.047108
10,simd-v0,947,0.008055
10,393435,947,0.004418
10,KACTL,948,0.047089
10,simd-v0,948,0.008075
10,393435,948,0.004358
10,ours-406478,948,0.002996
10,simd-v0,949,0.008065
10,393435,949,0.004429
10,ours-406478,949,0.002965
10,KACTL,949,0.047138
10,393435,950,0.004429
10,ours-406478,950,0.002965
10,KACTL,950,0.047098
10,simd-v0,950,0.008046
10,ours-406478,951,0.002975
10,KACTL,951,0.047088
10,simd-v0,951,0.008045
10,393435,951,0.004419
10,KACTL,952,0.047078
10,simd-v0,952,0.008055
10,393435,952,0.004388
10,ours-406478,952,0.002965
10,simd-v0,953,0.008086
10,393435,953,0.004418
10,ours-406478,953,0.002975
10,KACTL,953,0.047219
10,393435,954,0.004418
10,ours-406478,954,0.002976
10,KACTL,954,0.047037
10,simd-v0,954,0.008086
10,ours-406478,955,0.002955
10,KACTL,955,0.047139
10,simd-v0,955,0.008066
10,393435,955,0.004409
10,KACTL,956,0.047138
10,simd-v0,956,0.008075
10,393435,956,0.004388
10,ours-406478,956,0.002996
10,simd-v0,957,0.008075
10,393435,957,0.004468
10,ours-406478,957,0.002976
10,KACTL,957,0.047098
10,393435,958,0.004388
10,ours-406478,958,0.002976
10,KACTL,958,0.047118
10,simd-v0,958,0.008055
10,ours-406478,959,0.002965
10,KACTL,959,0.057828
10,simd-v0,959,0.008186
10,393435,959,0.004478
10,KACTL,960,0.047158
10,simd-v0,960,0.008136
10,393435,960,0.004399
10,ours-406478,960,0.003045
10,simd-v0,961,0.008066
10,393435,961,0.004388
10,ours-406478,961,0.002966
10,KACTL,961,0.047198
10,393435,962,0.004409
10,ours-406478,962,0.002975
10,KACTL,962,0.047098
10,simd-v0,962,0.008085
10,ours-406478,963,0.002955
10,KACTL,963,0.047118
10,simd-v0,963,0.008096
10,393435,963,0.004429
10,KACTL,964,0.047108
10,simd-v0,964,0.008095
10,393435,964,0.004408
10,ours-406478,964,0.002976
10,simd-v0,965,0.008856
10,393435,965,0.004388
10,ours-406478,965,0.002976
10,KACTL,965,0.047148
10,393435,966,0.004398
10,ours-406478,966,0.002966
10,KACTL,966,0.047148
10,simd-v0,966,0.008095
10,ours-406478,967,0.002946
10,KACTL,967,0.047028
10,simd-v0,967,0.008065
10,393435,967,0.004418
10,KACTL,968,0.047158
10,simd-v0,968,0.008105
10,393435,968,0.004428
10,ours-406478,968,0.002975
10,simd-v0,969,0.008075
10,393435,969,0.004399
10,ours-406478,969,0.002975
10,KACTL,969,0.047119
10,393435,970,0.004399
10,ours-406478,970,0.002955
10,KACTL,970,0.047128
10,simd-v0,970,0.008066
10,ours-406478,971,0.002955
10,KACTL,971,0.047068
10,simd-v0,971,0.008065
10,393435,971,0.004418
10,KACTL,972,0.047088
10,simd-v0,972,0.008066
10,393435,972,0.004388
10,ours-406478,972,0.002965
10,simd-v0,973,0.008066
10,393435,973,0.004498
10,ours-406478,973,0.002975
10,KACTL,973,0.047028
10,393435,974,0.004399
10,ours-406478,974,0.002966
10,KACTL,974,0.056005
10,simd-v0,974,0.008166
10,ours-406478,975,0.003005
10,KACTL,975,0.047058
10,simd-v0,975,0.008155
10,393435,975,0.004528
10,KACTL,976,0.047119
10,simd-v0,976,0.008085
10,393435,976,0.004438
10,ours-406478,976,0.003116
10,simd-v0,977,0.008075
10,393435,977,0.004408
10,ours-406478,977,0.002986
10,KACTL,977,0.047939
10,393435,978,0.004358
10,ours-406478,978,0.002956
10,KACTL,978,0.047108
10,simd-v0,978,0.008086
10,ours-406478,979,0.002965
10,KACTL,979,0.047118
10,simd-v0,979,0.008085
10,393435,979,0.004428
10,KACTL,980,0.047138
10,simd-v0,980,0.008085
10,393435,980,0.004378
10,ours-406478,980,0.002966
10,simd-v0,981,0.008044
10,393435,981,0.004398
10,ours-406478,981,0.002976
10,KACTL,981,0.047099
10,393435,982,0.004408
10,ours-406478,982,0.002965
10,KACTL,982,0.047169
10,simd-v0,982,0.008065
10,ours-406478,983,0.002955
10,KACTL,983,0.047048
10,simd-v0,983,0.008075
10,393435,983,0.004409
10,KACTL,984,0.047098
10,simd-v0,984,0.008095
10,393435,984,0.004398
10,ours-406478,984,0.002965
10,simd-v0,985,0.008066
10,393435,985,0.004419
10,ours-406478,985,0.002966
10,KACTL,985,0.047078
10,393435,986,0.004409
10,ours-406478,986,0.002965
10,KACTL,986,0.047198
10,simd-v0,986,0.008075
10,ours-406478,987,0.002976
10,KACTL,987,0.047088
10,simd-v0,987,0.008065
10,393435,987,0.004388
10,KACTL,988,0.047079
10,simd-v0,988,0.008065
10,393435,988,0.004398
10,ours-406478,988,0.002966
10,simd-v0,989,0.008135
10,393435,989,0.004409
10,ours-406478,989,0.002965
10,KACTL,989,0.057047
10,393435,990,0.004449
10,ours-406478,990,0.002995
10,KACTL,990,0.047028
10,simd-v0,990,0.008096
10,ours-406478,991,0.002975
10,KACTL,991,0.047099
10,simd-v0,991,0.008126
10,393435,991,0.004438
10,KACTL,992,0.047088
10,simd-v0,992,0.008065
10,393435,992,0.004348
10,ours-406478,992,0.003006
10,simd-v0,993,0.008085
10,393435,993,0.005190
10,ours-406478,993,0.002955
10,KACTL,993,0.047088
10,393435,994,0.004408
10,ours-406478,994,0.002965
10,KACTL,994,0.047088
10,simd-v0,994,0.008106
10,ours-406478,995,0.002966
10,KACTL,995,0.047058
10,simd-v0,995,0.008065
10,393435,995,0.004378
10,KACTL,996,0.047169
10,simd-v0,996,0.008076
10,393435,996,0.004398
10,ours-406478,996,0.002995
10,simd-v0,997,0.008064
10,393435,997,0.004418
10,ours-406478,997,0.002965
10,KACTL,997,0.047149
10,393435,998,0.004398
10,ours-406478,998,0.002965
10,KACTL,998,0.047109
10,simd-v0,998,0.008075
10,ours-406478,999,0.002955
10,KACTL,999,0.047038
10,simd-v0,999,0.008085
10,393435,999,0.004388
10,KACTL,1000,0.047099
10,simd-v0,1000,0.008065
10,393435,1000,0.004398
10,ours-406478,1000,0.002975
11,KACTL,0,0.101951
11,simd-v0,0,0.015059
11,393435,0,0.008936
11,ours-406478,0,0.005941
11,simd-v0,1,0.014948
11,393435,1,0.008897
11,ours-406478,1,0.005862
11,KACTL,1,0.102752
11,393435,2,0.008907
11,ours-406478,2,0.005871
11,KACTL,2,0.101871
11,simd-v0,2,0.014958
11,ours-406478,3,0.005871
11,KACTL,3,0.101971
11,simd-v0,3,0.014968
11,393435,3,0.009046
11,KACTL,4,0.101891
11,simd-v0,4,0.014957
11,393435,4,0.008987
11,ours-406478,4,0.005900
11,simd-v0,5,0.014958
11,393435,5,0.008906
11,ours-406478,5,0.005891
11,KACTL,5,0.101861
11,393435,6,0.008926
11,ours-406478,6,0.005881
11,KACTL,6,0.101911
11,simd-v0,6,0.014928
11,ours-406478,7,0.005891
11,KACTL,7,0.113001
11,simd-v0,7,0.014998
11,393435,7,0.008987
11,KACTL,8,0.101910
11,simd-v0,8,0.015729
11,393435,8,0.008967
11,ours-406478,8,0.006052
11,simd-v0,9,0.014928
11,393435,9,0.008906
11,ours-406478,9,0.005891
11,KACTL,9,0.101900
11,393435,10,0.008887
11,ours-406478,10,0.005871
11,KACTL,10,0.101840
11,simd-v0,10,0.014968
11,ours-406478,11,0.005850
11,KACTL,11,0.101800
11,simd-v0,11,0.014948
11,393435,11,0.008957
11,KACTL,12,0.101831
11,simd-v0,12,0.014938
11,393435,12,0.008897
11,ours-406478,12,0.005901
11,simd-v0,13,0.015069
11,393435,13,0.008897
11,ours-406478,13,0.005881
11,KACTL,13,0.101941
11,393435,14,0.008907
11,ours-406478,14,0.005861
11,KACTL,14,0.111268
11,simd-v0,14,0.014988
11,ours-406478,15,0.005911
11,KACTL,15,0.102011
11,simd-v0,15,0.014918
11,393435,15,0.009007
11,KACTL,16,0.101881
11,simd-v0,16,0.014988
11,393435,16,0.008896
11,ours-406478,16,0.005921
11,simd-v0,17,0.015018
11,393435,17,0.008917
11,ours-406478,17,0.005911
11,KACTL,17,0.101941
11,393435,18,0.008917
11,ours-406478,18,0.005951
11,KACTL,18,0.101901
11,simd-v0,18,0.015009
11,ours-406478,19,0.005891
11,KACTL,19,0.101961
11,simd-v0,19,0.014998
11,393435,19,0.008937
11,KACTL,20,0.101851
11,simd-v0,20,0.014917
11,393435,20,0.008916
11,ours-406478,20,0.005911
11,simd-v0,21,0.015028
11,393435,21,0.008957
11,ours-406478,21,0.005900
11,KACTL,21,0.112501
11,393435,22,0.008977
11,ours-406478,22,0.006002
11,KACTL,22,0.101761
11,simd-v0,22,0.014978
11,ours-406478,23,0.005891
11,KACTL,23,0.101871
11,simd-v0,23,0.014979
11,393435,23,0.008957
11,KACTL,24,0.101790
11,simd-v0,24,0.014959
11,393435,24,0.008897
11,ours-406478,24,0.005891
11,simd-v0,25,0.014917
11,393435,25,0.009017
11,ours-406478,25,0.005891
11,KACTL,25,0.101971
11,393435,26,0.008987
11,ours-406478,26,0.005891
11,KACTL,26,0.101760
11,simd-v0,26,0.015038
11,ours-406478,27,0.005891
11,KACTL,27,0.101840
11,simd-v0,27,0.014988
11,393435,27,0.008936
11,KACTL,28,0.101881
11,simd-v0,28,0.015028
11,393435,28,0.008917
11,ours-406478,28,0.015198
11,simd-v0,29,0.014938
11,393435,29,0.009068
11,ours-406478,29,0.005921
11,KACTL,29,0.101971
11,393435,30,0.008907
11,ours-406478,30,0.005951
11,KACTL,30,0.101891
11,simd-v0,30,0.014937
11,ours-406478,31,0.005901
11,KACTL,31,0.101970
11,simd-v0,31,0.015038
11,393435,31,0.008966
11,KACTL,32,0.104776
11,simd-v0,32,0.015038
11,393435,32,0.008917
11,ours-406478,32,0.005921
11,simd-v0,33,0.014958
11,393435,33,0.008926
11,ours-406478,33,0.005901
11,KACTL,33,0.101900
11,393435,34,0.008896
11,ours-406478,34,0.005871
11,KACTL,34,0.101781
11,simd-v0,34,0.014939
11,ours-406478,35,0.005901
11,KACTL,35,0.101860
11,simd-v0,35,0.015058
11,393435,35,0.009037
11,KACTL,36,0.111308
11,simd-v0,36,0.015049
11,393435,36,0.008937
11,ours-406478,36,0.006002
11,simd-v0,37,0.014978
11,393435,37,0.008907
11,ours-406478,37,0.005891
11,KACTL,37,0.102031
11,393435,38,0.008937
11,ours-406478,38,0.005861
11,KACTL,38,0.101790
11,simd-v0,38,0.014968
11,ours-406478,39,0.005880
11,KACTL,39,0.101981
11,simd-v0,39,0.014968
11,393435,39,0.008917
11,KACTL,40,0.101801
11,simd-v0,40,0.014898
11,393435,40,0.008926
11,ours-406478,40,0.005891
11,simd-v0,41,0.014968
11,393435,41,0.008907
11,ours-406478,41,0.005871
11,KACTL,41,0.101941
11,393435,42,0.008917
11,ours-406478,42,0.005881
11,KACTL,42,0.101810
11,simd-v0,42,0.015008
11,ours-406478,43,0.005880
11,KACTL,43,0.111168
11,simd-v0,43,0.015028
11,393435,43,0.009027
11,KACTL,44,0.101750
11,simd-v0,44,0.014988
11,393435,44,0.008887
11,ours-406478,44,0.006072
11,simd-v0,45,0.015028
11,393435,45,0.008886
11,ours-406478,45,0.005881
11,KACTL,45,0.101891
11,393435,46,0.008896
11,ours-406478,46,0.005861
11,KACTL,46,0.101881
11,simd-v0,46,0.015008
11,ours-406478,47,0.005861
11,KACTL,47,0.101880
11,simd-v0,47,0.014958
11,393435,47,0.008907
11,KACTL,48,0.102121
11,simd-v0,48,0.015018
11,393435,48,0.008936
11,ours-406478,48,0.005891
11,simd-v0,49,0.015048
11,393435,49,0.008937
11,ours-406478,49,0.005871
11,KACTL,49,0.102201
11,393435,50,0.009027
11,ours-406478,50,0.005871
11,KACTL,50,0.101790
11,simd-v0,50,0.024426
11,ours-406478,51,0.005931
11,KACTL,51,0.102332
11,simd-v0,51,0.015018
11,393435,51,0.008977
11,KACTL,52,0.101851
11,simd-v0,52,0.014948
11,393435,52,0.008877
11,ours-406478,52,0.005901
11,simd-v0,53,0.015028
11,393435,53,0.008976
11,ours-406478,53,0.005881
11,KACTL,53,0.101881
11,393435,54,0.008987
11,ours-406478,54,0.005861
11,KACTL,54,0.101930
11,simd-v0,54,0.015048
11,ours-406478,55,0.005891
11,KACTL,55,0.101951
11,simd-v0,55,0.015038
11,393435,55,0.008927
11,KACTL,56,0.101771
11,simd-v0,56,0.014948
11,393435,56,0.008896
11,ours-406478,56,0.005881
11,simd-v0,57,0.014939
11,393435,57,0.008897
11,ours-406478,57,0.005941
11,KACTL,57,0.101971
11,393435,58,0.008917
11,ours-406478,58,0.005891
11,KACTL,58,0.111158
11,simd-v0,58,0.015048
11,ours-406478,59,0.005931
11,KACTL,59,0.101911
11,simd-v0,59,0.015019
11,393435,59,0.009007
11,KACTL,60,0.101820
11,simd-v0,60,0.015058
11,393435,60,0.008886
11,ours-406478,60,0.005911
11,simd-v0,61,0.015008
11,393435,61,0.008877
11,ours-406478,61,0.005881
11,KACTL,61,0.101860
11,393435,62,0.008897
11,ours-406478,62,0.005931
11,KACTL,62,0.101821
11,simd-v0,62,0.014978
11,ours-406478,63,0.005961
11,KACTL,63,0.102031
11,simd-v0,63,0.014918
11,393435,63,0.008996
11,KACTL,64,0.101791
11,simd-v0,64,0.015058
11,393435,64,0.008947
11,ours-406478,64,0.005921
11,simd-v0,65,0.014937
11,393435,65,0.008887
11,ours-406478,65,0.005911
11,KACTL,65,0.112460
11,393435,66,0.008997
11,ours-406478,66,0.006021
11,KACTL,66,0.101790
11,simd-v0,66,0.014978
11,ours-406478,67,0.005901
11,KACTL,67,0.101831
11,simd-v0,67,0.014938
11,393435,67,0.008977
11,KACTL,68,0.101821
11,simd-v0,68,0.014948
11,393435,68,0.008986
11,ours-406478,68,0.005891
11,simd-v0,69,0.014947
11,393435,69,0.008917
11,ours-406478,69,0.005881
11,KACTL,69,0.101780
11,393435,70,0.008916
11,ours-406478,70,0.005861
11,KACTL,70,0.101770
11,simd-v0,70,0.014958
11,ours-406478,71,0.005881
11,KACTL,71,0.101851
11,simd-v0,71,0.014907
11,393435,71,0.008947
11,KACTL,72,0.101801
11,simd-v0,72,0.014888
11,393435,72,0.018454
11,ours-406478,72,0.005921
11,simd-v0,73,0.014938
11,393435,73,0.008917
11,ours-406478,73,0.005891
11,KACTL,73,0.101951
11,393435,74,0.008927
11,ours-406478,74,0.005891
11,KACTL,74,0.101820
11,simd-v0,74,0.014908
11,ours-406478,75,0.005871
11,KACTL,75,0.101840
11,simd-v0,75,0.014928
11,393435,75,0.008927
11,KACTL,76,0.101891
11,simd-v0,76,0.014907
11,393435,76,0.008907
11,ours-406478,76,0.005901
11,simd-v0,77,0.015008
11,393435,77,0.008926
11,ours-406478,77,0.005881
11,KACTL,77,0.101831
11,393435,78,0.008957
11,ours-406478,78,0.005891
11,KACTL,78,0.101760
11,simd-v0,78,0.014928
11,ours-406478,79,0.005871
11,KACTL,79,0.102031
11,simd-v0,79,0.014917
11,393435,79,0.008927
11,KACTL,80,0.111077
11,simd-v0,80,0.015018
11,393435,80,0.008957
11,ours-406478,80,0.006001
11,simd-v0,81,0.015018
11,393435,81,0.008906
11,ours-406478,81,0.005891
11,KACTL,81,0.102010
11,393435,82,0.008987
11,ours-406478,82,0.005900
11,KACTL,82,0.101740
11,simd-v0,82,0.015028
11,ours-406478,83,0.005901
11,KACTL,83,0.101951
11,simd-v0,83,0.014938
11,393435,83,0.008937
11,KACTL,84,0.101771
11,simd-v0,84,0.014928
11,393435,84,0.008896
11,ours-406478,84,0.005901
11,simd-v0,85,0.014908
11,393435,85,0.008907
11,ours-406478,85,0.005961
11,KACTL,85,0.101911
11,393435,86,0.008897
11,ours-406478,86,0.005972
11,KACTL,86,0.101801
11,simd-v0,86,0.014978
11,ours-406478,87,0.005951
11,KACTL,87,0.111249
11,simd-v0,87,0.015098
11,393435,87,0.009006
11,KACTL,88,0.101741
11,simd-v0,88,0.015068
11,393435,88,0.008907
11,ours-406478,88,0.006011
11,simd-v0,89,0.014928
11,393435,89,0.008917
11,ours-406478,89,0.005882
11,KACTL,89,0.101921
11,393435,90,0.009066
11,ours-406478,90,0.005891
11,KACTL,90,0.102602
11,simd-v0,90,0.014958
11,ours-406478,91,0.005881
11,KACTL,91,0.101741
11,simd-v0,91,0.015038
11,393435,91,0.008987
11,KACTL,92,0.101831
11,simd-v0,92,0.014968
11,393435,92,0.008987
11,ours-406478,92,0.005891
11,simd-v0,93,0.015018
11,393435,93,0.008907
11,ours-406478,93,0.005882
11,KACTL,93,0.101951
11,393435,94,0.008977
11,ours-406478,94,0.005891
11,KACTL,94,0.101851
11,simd-v0,94,0.024255
11,ours-406478,95,0.005911
11,KACTL,95,0.101931
11,simd-v0,95,0.014968
11,393435,95,0.008977
11,KACTL,96,0.101871
11,simd-v0,96,0.014948
11,393435,96,0.008977
11,ours-406478,96,0.005901
11,simd-v0,97,0.014948
11,393435,97,0.008947
11,ours-406478,97,0.005881
11,KACTL,97,0.101841
11,393435,98,0.008917
11,ours-406478,98,0.005871
11,KACTL,98,0.101841
11,simd-v0,98,0.014958
11,ours-406478,99,0.005891
11,KACTL,99,0.101821
11,simd-v0,99,0.014938
11,393435,99,0.008927
11,KACTL,100,0.101670
11,simd-v0,100,0.014928
11,393435,100,0.008916
11,ours-406478,100,0.005881
11,simd-v0,101,0.015099
11,393435,101,0.008967
11,ours-406478,101,0.005891
11,KACTL,101,0.102612
11,393435,102,0.008936
11,ours-406478,102,0.005891
11,KACTL,102,0.110878
11,simd-v0,102,0.014958
11,ours-406478,103,0.005921
11,KACTL,103,0.101921
11,simd-v0,103,0.015039
11,393435,103,0.008987
11,KACTL,104,0.101830
11,simd-v0,104,0.015038
11,393435,104,0.008887
11,ours-406478,104,0.005911
11,simd-v0,105,0.015048
11,393435,105,0.008916
11,ours-406478,105,0.005881
11,KACTL,105,0.104295
11,393435,106,0.008946
11,ours-406478,106,0.006002
11,KACTL,106,0.101801
11,simd-v0,106,0.015018
11,ours-406478,107,0.005871
11,KACTL,107,0.101890
11,simd-v0,107,0.015018
11,393435,107,0.008936
11,KACTL,108,0.101871
11,simd-v0,108,0.015018
11,393435,108,0.008907
11,ours-406478,108,0.005891
11,simd-v0,109,0.014959
11,393435,109,0.009037
11,ours-406478,109,0.005902
11,KACTL,109,0.112200
11,393435,110,0.008997
11,ours-406478,110,0.006031
11,KACTL,110,0.101821
11,simd-v0,110,0.014988
11,ours-406478,111,0.005881
11,KACTL,111,0.102602
11,simd-v0,111,0.014968
11,393435,111,0.008907
11,KACTL,112,0.101791
11,simd-v0,112,0.014948
11,393435,112,0.008916
11,ours-406478,112,0.005911
11,simd-v0,113,0.014999
11,393435,113,0.008987
11,ours-406478,113,0.005891
11,KACTL,113,0.101891
11,393435,114,0.009027
11,ours-406478,114,0.005871
11,KACTL,114,0.101751
11,simd-v0,114,0.015018
11,ours-406478,115,0.005871
11,KACTL,115,0.101911
11,simd-v0,115,0.015138
11,393435,115,0.008917
11,KACTL,116,0.101820
11,simd-v0,116,0.024516
11,393435,116,0.008946
11,ours-406478,116,0.005981
11,simd-v0,117,0.014937
11,393435,117,0.008947
11,ours-406478,117,0.005881
11,KACTL,117,0.101851
11,393435,118,0.008927
11,ours-406478,118,0.005951
11,KACTL,118,0.101841
11,simd-v0,118,0.014918
11,ours-406478,119,0.005971
11,KACTL,119,0.101831
11,simd-v0,119,0.014948
11,393435,119,0.009007
11,KACTL,120,0.101850
11,simd-v0,120,0.015018
11,393435,120,0.008907
11,ours-406478,120,0.005921
11,simd-v0,121,0.015028
11,393435,121,0.008917
11,ours-406478,121,0.005891
11,KACTL,121,0.101881
11,393435,122,0.008896
11,ours-406478,122,0.005880
11,KACTL,122,0.101771
11,simd-v0,122,0.015028
11,ours-406478,123,0.005881
11,KACTL,123,0.101931
11,simd-v0,123,0.014988
11,393435,123,0.008897
11,KACTL,124,0.111118
11,simd-v0,124,0.014997
11,393435,124,0.009027
11,ours-406478,124,0.006012
11,simd-v0,125,0.014968
11,393435,125,0.008957
11,ours-406478,125,0.005881
11,KACTL,125,0.102281
11,393435,126,0.008906
11,ours-406478,126,0.005891
11,KACTL,126,0.101740
11,simd-v0,126,0.014968
11,ours-406478,127,0.005891
11,KACTL,127,0.101901
11,simd-v0,127,0.014908
11,393435,127,0.008947
11,KACTL,128,0.101860
11,simd-v0,128,0.014948
11,393435,128,0.008957
11,ours-406478,128,0.005992
11,simd-v0,129,0.014948
11,393435,129,0.008927
11,ours-406478,129,0.005891
11,KACTL,129,0.101900
11,393435,130,0.008927
11,ours-406478,130,0.005891
11,KACTL,130,0.101961
11,simd-v0,130,0.014958
11,ours-406478,131,0.005891
11,KACTL,131,0.111088
11,simd-v0,131,0.014999
11,393435,131,0.008987
11,KACTL,132,0.101901
11,simd-v0,132,0.014968
11,393435,132,0.008907
11,ours-406478,132,0.006022
11,simd-v0,133,0.014988
11,393435,133,0.008927
11,ours-406478,133,0.005871
11,KACTL,133,0.101840
11,393435,134,0.008906
11,ours-406478,134,0.005881
11,KACTL,134,0.101800
11,simd-v0,134,0.014999
11,ours-406478,135,0.005881
11,KACTL,135,0.101900
11,simd-v0,135,0.014918
11,393435,135,0.008937
11,KACTL,136,0.101790
11,simd-v0,136,0.014928
11,393435,136,0.008897
11,ours-406478,136,0.005911
11,simd-v0,137,0.014928
11,393435,137,0.009007
11,ours-406478,137,0.005891
11,KACTL,137,0.101871
11,393435,138,0.008987
11,ours-406478,138,0.005902
11,KACTL,138,0.112220
11,simd-v0,138,0.015018
11,ours-406478,139,0.005921
11,KACTL,139,0.101950
11,simd-v0,139,0.015028
11,393435,139,0.009057
11,KACTL,140,0.101881
11,simd-v0,140,0.014948
11,393435,140,0.008897
11,ours-406478,140,0.005921
11,simd-v0,141,0.014928
11,393435,141,0.008997
11,ours-406478,141,0.005861
11,KACTL,141,0.101820
11,393435,142,0.008917
11,ours-406478,142,0.005971
11,KACTL,142,0.101750
11,simd-v0,142,0.014998
11,ours-406478,143,0.005902
11,KACTL,143,0.101801
11,simd-v0,143,0.015018
11,393435,143,0.008937
11,KACTL,144,0.101771
11,simd-v0,144,0.015058
11,393435,144,0.008896
11,ours-406478,144,0.005901
11,simd-v0,145,0.014948
11,393435,145,0.008927
11,ours-406478,145,0.005881
11,KACTL,145,0.101760
11,393435,146,0.008926
11,ours-406478,146,0.005891
11,KACTL,146,0.111028
11,simd-v0,146,0.014988
11,ours-406478,147,0.006021
11,KACTL,147,0.101781
11,simd-v0,147,0.014948
11,393435,147,0.009107
11,KACTL,148,0.101831
11,simd-v0,148,0.015029
11,393435,148,0.008867
11,ours-406478,148,0.006022
11,simd-v0,149,0.014978
11,393435,149,0.008866
11,ours-406478,149,0.005871
11,KACTL,149,0.101931
11,393435,150,0.008957
11,ours-406478,150,0.005861
11,KACTL,150,0.101861
11,simd-v0,150,0.014968
11,ours-406478,151,0.005871
11,KACTL,151,0.101820
11,simd-v0,151,0.014938
11,393435,151,0.008927
11,KACTL,152,0.101860
11,simd-v0,152,0.015018
11,393435,152,0.008997
11,ours-406478,152,0.005902
11,simd-v0,153,0.014938
11,393435,153,0.008926
11,ours-406478,153,0.005891
11,KACTL,153,0.112381
11,393435,154,0.008947
11,ours-406478,154,0.006011
11,KACTL,154,0.101800
11,simd-v0,154,0.014968
11,ours-406478,155,0.005871
11,KACTL,155,0.101911
11,simd-v0,155,0.014948
11,393435,155,0.008937
11,KACTL,156,0.101790
11,simd-v0,156,0.014988
11,393435,156,0.008886
11,ours-406478,156,0.005991
11,simd-v0,157,0.014968
11,393435,157,0.008887
11,ours-406478,157,0.005891
11,KACTL,157,0.101990
11,393435,158,0.008907
11,ours-406478,158,0.005871
11,KACTL,158,0.101810
11,simd-v0,158,0.014948
11,ours-406478,159,0.005881
11,KACTL,159,0.102161
11,simd-v0,159,0.014989
11,393435,159,0.008917
11,KACTL,160,0.101830
11,simd-v0,160,0.024226
11,393435,160,0.009057
11,ours-406478,160,0.005941
11,simd-v0,161,0.015078
11,393435,161,0.008926
11,ours-406478,161,0.005901
11,KACTL,161,0.101910
11,393435,162,0.008907
11,ours-406478,162,0.005871
11,KACTL,162,0.101870
11,simd-v0,162,0.014958
11,ours-406478,163,0.005861
11,KACTL,163,0.101881
11,simd-v0,163,0.015008
11,393435,163,0.008946
11,KACTL,164,0.101820
11,simd-v0,164,0.014978
11,393435,164,0.008906
11,ours-406478,164,0.005901
11,simd-v0,165,0.015099
11,393435,165,0.008927
11,ours-406478,165,0.005881
11,KACTL,165,0.101911
11,393435,166,0.008977
11,ours-406478,166,0.005871
11,KACTL,166,0.101790
11,simd-v0,166,0.015028
11,ours-406478,167,0.005871
11,KACTL,167,0.101931
11,simd-v0,167,0.015048
11,393435,167,0.008897
11,KACTL,168,0.111579
11,simd-v0,168,0.014968
11,393435,168,0.008947
11,ours-406478,168,0.006011
11,simd-v0,169,0.014928
11,393435,169,0.008997
11,ours-406478,169,0.005891
11,KACTL,169,0.102001
11,393435,170,0.009027
11,ours-406478,170,0.005881
11,KACTL,170,0.101770
11,simd-v0,170,0.015048
11,ours-406478,171,0.005871
11,KACTL,171,0.101910
11,simd-v0,171,0.015148
11,393435,171,0.008886
11,KACTL,172,0.101901
11,simd-v0,172,0.015168
11,393435,172,0.008877
11,ours-406478,172,0.005901
11,simd-v0,173,0.014938
11,393435,173,0.008897
11,ours-406478,173,0.005882
11,KACTL,173,0.101931
11,393435,174,0.008947
11,ours-406478,174,0.005851
11,KACTL,174,0.101801
11,simd-v0,174,0.014968
11,ours-406478,175,0.005871
11,KACTL,175,0.110908
11,simd-v0,175,0.015008
11,393435,175,0.008976
11,KACTL,176,0.101780
11,simd-v0,176,0.015018
11,393435,176,0.008906
11,ours-406478,176,0.006011
11,simd-v0,177,0.014917
11,393435,177,0.008957
11,ours-406478,177,0.005881
11,KACTL,177,0.101881
11,393435,178,0.008937
11,ours-406478,178,0.005881
11,KACTL,178,0.104245
11,simd-v0,178,0.014928
11,ours-406478,179,0.005891
11,KACTL,179,0.101950
11,simd-v0,179,0.014938
11,393435,179,0.008946
11,KACTL,180,0.101891
11,simd-v0,180,0.014968
11,393435,180,0.008967
11,ours-406478,180,0.005901
11,simd-v0,181,0.014908
11,393435,181,0.008957
11,ours-406478,181,0.005901
11,KACTL,181,0.101891
11,393435,182,0.008897
11,ours-406478,182,0.005871
11,KACTL,182,0.111248
11,simd-v0,182,0.014998
11,ours-406478,183,0.005921
11,KACTL,183,0.101851
11,simd-v0,183,0.014939
11,393435,183,0.008987
11,KACTL,184,0.101851
11,simd-v0,184,0.014948
11,393435,184,0.008917
11,ours-406478,184,0.005991
11,simd-v0,185,0.014918
11,393435,185,0.008927
11,ours-406478,185,0.005891
11,KACTL,185,0.101851
11,393435,186,0.008877
11,ours-406478,186,0.005881
11,KACTL,186,0.101830
11,simd-v0,186,0.014978
11,ours-406478,187,0.005880
11,KACTL,187,0.101891
11,simd-v0,187,0.014978
11,393435,187,0.008937
11,KACTL,188,0.101971
11,simd-v0,188,0.014948
11,393435,188,0.009017
11,ours-406478,188,0.005912
11,simd-v0,189,0.015008
11,393435,189,0.008907
11,ours-406478,189,0.005881
11,KACTL,189,0.101821
11,393435,190,0.008957
11,ours-406478,190,0.005962
11,KACTL,190,0.101931
11,simd-v0,190,0.015148
11,ours-406478,191,0.005871
11,KACTL,191,0.101930
11,simd-v0,191,0.015068
11,393435,191,0.009027
11,KACTL,192,0.101811
11,simd-v0,192,0.014948
11,393435,192,0.008897
11,ours-406478,192,0.005891
11,simd-v0,193,0.015008
11,393435,193,0.008907
11,ours-406478,193,0.005881
11,KACTL,193,0.101890
11,393435,194,0.008947
11,ours-406478,194,0.005891
11,KACTL,194,0.101791
11,simd-v0,194,0.014938
11,ours-406478,195,0.005911
11,KACTL,195,0.101861
11,simd-v0,195,0.014958
11,393435,195,0.008926
11,KACTL,196,0.101740
11,simd-v0,196,0.014978
11,393435,196,0.008896
11,ours-406478,196,0.005912
11,simd-v0,197,0.014988
11,393435,197,0.008996
11,ours-406478,197,0.005881
11,KACTL,197,0.124913
11,393435,198,0.009087
11,ours-406478,198,0.006102
11,KACTL,198,0.101770
11,simd-v0,198,0.015028
11,ours-406478,199,0.005891
11,KACTL,199,0.102652
11,simd-v0,199,0.014968
11,393435,199,0.008897
11,KACTL,200,0.101690
11,simd-v0,200,0.014928
11,393435,200,0.008867
11,ours-406478,200,0.005901
11,simd-v0,201,0.014998
11,393435,201,0.008906
11,ours-406478,201,0.005891
11,KACTL,201,0.101711
11,393435,202,0.008977
11,ours-406478,202,0.005871
11,KACTL,202,0.101820
11,simd-v0,202,0.015028
11,ours-406478,203,0.005891
11,KACTL,203,0.101901
11,simd-v0,203,0.015048
11,393435,203,0.008897
11,KACTL,204,0.112811
11,simd-v0,204,0.014958
11,393435,204,0.009027
11,ours-406478,204,0.006021
11,simd-v0,205,0.014958
11,393435,205,0.009037
11,ours-406478,205,0.005911
11,KACTL,205,0.101840
11,393435,206,0.008987
11,ours-406478,206,0.005881
11,KACTL,206,0.102572
11,simd-v0,206,0.014998
11,ours-406478,207,0.005881
11,KACTL,207,0.101851
11,simd-v0,207,0.015039
11,393435,207,0.008927
11,KACTL,208,0.101751
11,simd-v0,208,0.014998
11,393435,208,0.008897
11,ours-406478,208,0.005921
11,simd-v0,209,0.014908
11,393435,209,0.008937
11,ours-406478,209,0.005901
11,KACTL,209,0.101841
11,393435,210,0.008917
11,ours-406478,210,0.005871
11,KACTL,210,0.101860
11,simd-v0,210,0.014948
11,ours-406478,211,0.005901
11,KACTL,211,0.101981
11,simd-v0,211,0.014938
11,393435,211,0.018464
11,KACTL,212,0.101791
11,simd-v0,212,0.015017
11,393435,212,0.008917
11,ours-406478,212,0.006012
11,simd-v0,213,0.014988
11,393435,213,0.008916
11,ours-406478,213,0.005881
11,KACTL,213,0.101801
11,393435,214,0.008907
11,ours-406478,214,0.005881
11,KACTL,214,0.101871
11,simd-v0,214,0.014938
11,ours-406478,215,0.005861
11,KACTL,215,0.101941
11,simd-v0,215,0.014948
11,393435,215,0.008937
11,KACTL,216,0.101840
11,simd-v0,216,0.014928
11,393435,216,0.008887
11,ours-406478,216,0.005981
11,simd-v0,217,0.014928
11,393435,217,0.008907
11,ours-406478,217,0.005911
11,KACTL,217,0.101771
11,393435,218,0.008907
11,ours-406478,218,0.005881
11,KACTL,218,0.102632
11,simd-v0,218,0.014918
11,ours-406478,219,0.005871
11,KACTL,219,0.111188
11,simd-v0,219,0.014948
11,393435,219,0.008927
11,KACTL,220,0.101821
11,simd-v0,220,0.014908
11,393435,220,0.008957
11,ours-406478,220,0.005991
11,simd-v0,221,0.014978
11,393435,221,0.008927
11,ours-406478,221,0.005881
11,KACTL,221,0.101921
11,393435,222,0.008906
11,ours-406478,222,0.005891
11,KACTL,222,0.102601
11,simd-v0,222,0.014898
11,ours-406478,223,0.005881
11,KACTL,223,0.101901
11,simd-v0,223,0.015018
11,393435,223,0.008917
11,KACTL,224,0.101921
11,simd-v0,224,0.014998
11,393435,224,0.008907
11,ours-406478,224,0.005911
11,simd-v0,225,0.015019
11,393435,225,0.008917
11,ours-406478,225,0.005881
11,KACTL,225,0.101850
11,393435,226,0.008987
11,ours-406478,226,0.005891
11,KACTL,226,0.111018
11,simd-v0,226,0.014978
11,ours-406478,227,0.005941
11,KACTL,227,0.101931
11,simd-v0,227,0.014968
11,393435,227,0.008967
11,KACTL,228,0.101751
11,simd-v0,228,0.014958
11,393435,228,0.008927
11,ours-406478,228,0.005931
11,simd-v0,229,0.015018
11,393435,229,0.008987
11,ours-406478,229,0.005891
11,KACTL,229,0.101880
11,393435,230,0.008997
11,ours-406478,230,0.005881
11,KACTL,230,0.101880
11,simd-v0,230,0.015008
11,ours-406478,231,0.005881
11,KACTL,231,0.101931
11,simd-v0,231,0.015008
11,393435,231,0.008947
11,KACTL,232,0.101760
11,simd-v0,232,0.015029
11,393435,232,0.008906
11,ours-406478,232,0.005991
11,simd-v0,233,0.014978
11,393435,233,0.008907
11,ours-406478,233,0.005961
11,KACTL,233,0.112250
11,393435,234,0.009047
11,ours-406478,234,0.006011
11,KACTL,234,0.101780
11,simd-v0,234,0.015098
11,ours-406478,235,0.005881
11,KACTL,235,0.101871
11,simd-v0,235,0.014988
11,393435,235,0.008927
11,KACTL,236,0.102120
11,simd-v0,236,0.014928
11,393435,236,0.008887
11,ours-406478,236,0.005911
11,simd-v0,237,0.014948
11,393435,237,0.008927
11,ours-406478,237,0.005951
11,KACTL,237,0.101910
11,393435,238,0.008927
11,ours-406478,238,0.005871
11,KACTL,238,0.101890
11,simd-v0,238,0.014938
11,ours-406478,239,0.005881
11,KACTL,239,0.101810
11,simd-v0,239,0.014968
11,393435,239,0.008986
11,KACTL,240,0.101790
11,simd-v0,240,0.014988
11,393435,240,0.008957
11,ours-406478,240,0.005891
11,simd-v0,241,0.015008
11,393435,241,0.008946
11,ours-406478,241,0.015068
11,KACTL,241,0.102101
11,393435,242,0.009067
11,ours-406478,242,0.005891
11,KACTL,242,0.101720
11,simd-v0,242,0.014998
11,ours-406478,243,0.005860
11,KACTL,243,0.102622
11,simd-v0,243,0.014978
11,393435,243,0.008887
11,KACTL,244,0.101781
11,simd-v0,244,0.014999
11,393435,244,0.008957
11,ours-406478,244,0.005911
11,simd-v0,245,0.014968
11,393435,245,0.008897
11,ours-406478,245,0.005882
11,KACTL,245,0.101741
11,393435,246,0.008907
11,ours-406478,246,0.005881
11,KACTL,246,0.101850
11,simd-v0,246,0.014958
11,ours-406478,247,0.005871
11,KACTL,247,0.101740
11,simd-v0,247,0.014948
11,393435,247,0.008917
11,KACTL,248,0.111137
11,simd-v0,248,0.014989
11,393435,248,0.008937
11,ours-406478,248,0.006052
11,simd-v0,249,0.014938
11,393435,249,0.008897
11,ours-406478,249,0.005881
11,KACTL,249,0.101961
11,393435,250,0.008927
11,ours-406478,250,0.005881
11,KACTL,250,0.102532
11,simd-v0,250,0.014958
11,ours-406478,251,0.005882
11,KACTL,251,0.104706
11,simd-v0,251,0.014948
11,393435,251,0.008917
11,KACTL,252,0.101900
11,simd-v0,252,0.014948
11,393435,252,0.008877
11,ours-406478,252,0.005921
11,simd-v0,253,0.014998
11,393435,253,0.008907
11,ours-406478,253,0.005892
11,KACTL,253,0.101811
11,393435,254,0.008897
11,ours-406478,254,0.005870
11,KACTL,254,0.101881
11,simd-v0,254,0.014968
11,ours-406478,255,0.005881
11,KACTL,255,0.101931
11,simd-v0,255,0.024696
11,393435,255,0.008937
11,KACTL,256,0.102161
11,simd-v0,256,0.014958
11,393435,256,0.008917
11,ours-406478,256,0.006011
11,simd-v0,257,0.015058
11,393435,257,0.008906
11,ours-406478,257,0.005891
11,KACTL,257,0.103244
11,393435,258,0.008947
11,ours-406478,258,0.005891
11,KACTL,258,0.101771
11,simd-v0,258,0.015018
11,ours-406478,259,0.005891
11,KACTL,259,0.101761
11,simd-v0,259,0.014918
11,393435,259,0.008906
11,KACTL,260,0.101801
11,simd-v0,260,0.014958
11,393435,260,0.008896
11,ours-406478,260,0.005931
11,simd-v0,261,0.014908
11,393435,261,0.008906
11,ours-406478,261,0.005971
11,KACTL,261,0.101850
11,393435,262,0.008906
11,ours-406478,262,0.005951
11,KACTL,262,0.101800
11,simd-v0,262,0.014938
11,ours-406478,263,0.005961
11,KACTL,263,0.111168
11,simd-v0,263,0.015068
11,393435,263,0.009016
11,KACTL,264,0.101821
11,simd-v0,264,0.015008
11,393435,264,0.008956
11,ours-406478,264,0.005991
11,simd-v0,265,0.015048
11,393435,265,0.008916
11,ours-406478,265,0.005881
11,KACTL,265,0.102612
11,393435,266,0.008916
11,ours-406478,266,0.005881
11,KACTL,266,0.101770
11,simd-v0,266,0.014917
11,ours-406478,267,0.005891
11,KACTL,267,0.101850
11,simd-v0,267,0.014988
11,393435,267,0.008997
11,KACTL,268,0.101690
11,simd-v0,268,0.014928
11,393435,268,0.008957
11,ours-406478,268,0.005911
11,simd-v0,269,0.014958
11,393435,269,0.008907
11,ours-406478,269,0.005891
11,KACTL,269,0.101901
11,393435,270,0.008887
11,ours-406478,270,0.005881
11,KACTL,270,0.111258
11,simd-v0,270,0.014938
11,ours-406478,271,0.005941
11,KACTL,271,0.101821
11,simd-v0,271,0.014958
11,393435,271,0.008987
11,KACTL,272,0.101791
11,simd-v0,272,0.014918
11,393435,272,0.009017
11,ours-406478,272,0.005891
11,simd-v0,273,0.014908
11,393435,273,0.008917
11,ours-406478,273,0.005901
11,KACTL,273,0.101800
11,393435,274,0.008897
11,ours-406478,274,0.005891
11,KACTL,274,0.101780
11,simd-v0,274,0.014908
11,ours-406478,275,0.005901
11,KACTL,275,0.101982
11,simd-v0,275,0.014948
11,393435,275,0.008987
11,KACTL,276,0.101751
11,simd-v0,276,0.014938
11,393435,276,0.008907
11,ours-406478,276,0.005891
11,simd-v0,277,0.014968
11,393435,277,0.008896
11,ours-406478,277,0.005871
11,KACTL,277,0.111860
11,393435,278,0.008967
11,ours-406478,278,0.005971
11,KACTL,278,0.101810
11,simd-v0,278,0.014988
11,ours-406478,279,0.005851
11,KACTL,279,0.101831
11,simd-v0,279,0.014938
11,393435,279,0.008946
11,KACTL,280,0.101730
11,simd-v0,280,0.014948
11,393435,280,0.008877
11,ours-406478,280,0.005901
11,simd-v0,281,0.015028
11,393435,281,0.008937
11,ours-406478,281,0.005881
11,KACTL,281,0.101711
11,393435,282,0.008917
11,ours-406478,282,0.005861
11,KACTL,282,0.101911
11,simd-v0,282,0.014928
11,ours-406478,283,0.005891
11,KACTL,283,0.101851
11,simd-v0,283,0.014958
11,393435,283,0.008937
11,KACTL,284,0.101741
11,simd-v0,284,0.014908
11,393435,284,0.008916
11,ours-406478,284,0.005881
11,simd-v0,285,0.014948
11,393435,285,0.018194
11,ours-406478,285,0.005952
11,KACTL,285,0.101891
11,393435,286,0.008916
11,ours-406478,286,0.005891
11,KACTL,286,0.101830
11,simd-v0,286,0.015108
11,ours-406478,287,0.005891
11,KACTL,287,0.101871
11,simd-v0,287,0.014948
11,393435,287,0.008906
11,KACTL,288,0.101830
11,simd-v0,288,0.014948
11,393435,288,0.008886
11,ours-406478,288,0.005901
11,simd-v0,289,0.014988
11,393435,289,0.008947
11,ours-406478,289,0.005951
11,KACTL,289,0.101830
11,393435,290,0.008907
11,ours-406478,290,0.005951
11,KACTL,290,0.101700
11,simd-v0,290,0.014948
11,ours-406478,291,0.005961
11,KACTL,291,0.101780
11,simd-v0,291,0.014958
11,393435,291,0.008997
11,KACTL,292,0.110907
11,simd-v0,292,0.015048
11,393435,292,0.008977
11,ours-406478,292,0.005971
11,simd-v0,293,0.014928
11,393435,293,0.008897
11,ours-406478,293,0.005882
11,KACTL,293,0.101781
11,393435,294,0.008937
11,ours-406478,294,0.005881
11,KACTL,294,0.101740
11,simd-v0,294,0.014948
11,ours-406478,295,0.005891
11,KACTL,295,0.101860
11,simd-v0,295,0.014978
11,393435,295,0.008997
11,KACTL,296,0.101800
11,simd-v0,296,0.014968
11,393435,296,0.008987
11,ours-406478,296,0.005891
11,simd-v0,297,0.014928
11,393435,297,0.008956
11,ours-406478,297,0.005861
11,KACTL,297,0.101821
11,393435,298,0.008916
11,ours-406478,298,0.005871
11,KACTL,298,0.101741
11,simd-v0,298,0.015058
11,ours-406478,299,0.005881
11,KACTL,299,0.101781
11,simd-v0,299,0.024326
11,393435,299,0.008917
11,KACTL,300,0.101841
11,simd-v0,300,0.014938
11,393435,300,0.008997
11,ours-406478,300,0.006001
11,simd-v0,301,0.015008
11,393435,301,0.008917
11,ours-406478,301,0.005891
11,KACTL,301,0.101741
11,393435,302,0.008957
11,ours-406478,302,0.005860
11,KACTL,302,0.101790
11,simd-v0,302,0.014958
11,ours-406478,303,0.005871
11,KACTL,303,0.101811
11,simd-v0,303,0.014938
11,393435,303,0.008916
11,KACTL,304,0.101831
11,simd-v0,304,0.014958
11,393435,304,0.008907
11,ours-406478,304,0.005900
11,simd-v0,305,0.015048
11,393435,305,0.008906
11,ours-406478,305,0.005871
11,KACTL,305,0.101891
11,393435,306,0.008926
11,ours-406478,306,0.005871
11,KACTL,306,0.101720
11,simd-v0,306,0.015048
11,ours-406478,307,0.005881
11,KACTL,307,0.110947
11,simd-v0,307,0.014948
11,393435,307,0.008967
11,KACTL,308,0.101831
11,simd-v0,308,0.014938
11,393435,308,0.008907
11,ours-406478,308,0.005971
11,simd-v0,309,0.015048
11,393435,309,0.008886
11,ours-406478,309,0.005901
11,KACTL,309,0.101791
11,393435,310,0.009007
11,ours-406478,310,0.005871
11,KACTL,310,0.101861
11,simd-v0,310,0.015088
11,ours-406478,311,0.005871
11,KACTL,311,0.101800
11,simd-v0,311,0.015018
11,393435,311,0.008916
11,KACTL,312,0.101700
11,simd-v0,312,0.014948
11,393435,312,0.008897
11,ours-406478,312,0.005891
11,simd-v0,313,0.014938
11,393435,313,0.008967
11,ours-406478,313,0.005961
11,KACTL,313,0.101810
11,393435,314,0.008917
11,ours-406478,314,0.005871
11,KACTL,314,0.111088
11,simd-v0,314,0.015048
11,ours-406478,315,0.005922
11,KACTL,315,0.101801
11,simd-v0,315,0.015048
11,393435,315,0.008967
11,KACTL,316,0.101881
11,simd-v0,316,0.015709
11,393435,316,0.008897
11,ours-406478,316,0.005911
11,simd-v0,317,0.014917
11,393435,317,0.008997
11,ours-406478,317,0.005991
11,KACTL,317,0.101920
11,393435,318,0.008947
11,ours-406478,318,0.005961
11,KACTL,318,0.101881
11,simd-v0,318,0.015058
11,ours-406478,319,0.005861
11,KACTL,319,0.101821
11,simd-v0,319,0.015028
11,393435,319,0.008907
11,KACTL,320,0.101861
11,simd-v0,320,0.015008
11,393435,320,0.008897
11,ours-406478,320,0.005911
11,simd-v0,321,0.014978
11,393435,321,0.008927
11,ours-406478,321,0.005891
11,KACTL,321,0.111869
11,393435,322,0.008957
11,ours-406478,322,0.006051
11,KACTL,322,0.101820
11,simd-v0,322,0.014968
11,ours-406478,323,0.005951
11,KACTL,323,0.101760
11,simd-v0,323,0.014928
11,393435,323,0.008987
11,KACTL,324,0.102582
11,simd-v0,324,0.015018
11,393435,324,0.011491
11,ours-406478,324,0.005901
11,simd-v0,325,0.015008
11,393435,325,0.008947
11,ours-406478,325,0.005871
11,KACTL,325,0.101821
11,393435,326,0.008927
11,ours-406478,326,0.005881
11,KACTL,326,0.102171
11,simd-v0,326,0.014977
11,ours-406478,327,0.005881
11,KACTL,327,0.101720
11,simd-v0,327,0.014957
11,393435,327,0.008937
11,KACTL,328,0.101801
11,simd-v0,328,0.014968
11,393435,328,0.008987
11,ours-406478,328,0.005891
11,simd-v0,329,0.024475
11,393435,329,0.008927
11,ours-406478,329,0.005951
11,KACTL,329,0.101991
11,393435,330,0.008957
11,ours-406478,330,0.005881
11,KACTL,330,0.101870
11,simd-v0,330,0.014948
11,ours-406478,331,0.005871
11,KACTL,331,0.102582
11,simd-v0,331,0.014968
11,393435,331,0.008937
11,KACTL,332,0.101711
11,simd-v0,332,0.014938
11,393435,332,0.008906
11,ours-406478,332,0.005971
11,simd-v0,333,0.014948
11,393435,333,0.008917
11,ours-406478,333,0.005881
11,KACTL,333,0.101760
11,393435,334,0.008937
11,ours-406478,334,0.005891
11,KACTL,334,0.101740
11,simd-v0,334,0.014948
11,ours-406478,335,0.005891
11,KACTL,335,0.101810
11,simd-v0,335,0.014908
11,393435,335,0.008917
11,KACTL,336,0.111258
11,simd-v0,336,0.014978
11,393435,336,0.008957
11,ours-406478,336,0.005941
11,simd-v0,337,0.015118
11,393435,337,0.008916
11,ours-406478,337,0.005881
11,KACTL,337,0.101881
11,393435,338,0.008926
11,ours-406478,338,0.005871
11,KACTL,338,0.102602
11,simd-v0,338,0.014938
11,ours-406478,339,0.005892
11,KACTL,339,0.101690
11,simd-v0,339,0.014928
11,393435,339,0.009027
11,KACTL,340,0.101810
11,simd-v0,340,0.014948
11,393435,340,0.008967
11,ours-406478,340,0.005911
11,simd-v0,341,0.014938
11,393435,341,0.008988
11,ours-406478,341,0.005881
11,KACTL,341,0.101791
11,393435,342,0.008986
11,ours-406478,342,0.005881
11,KACTL,342,0.101801
11,simd-v0,342,0.015038
11,ours-406478,343,0.005881
11,KACTL,343,0.112801
11,simd-v0,343,0.015008
11,393435,343,0.008967
11,KACTL,344,0.101780
11,simd-v0,344,0.015058
11,393435,344,0.008916
11,ours-406478,344,0.005951
11,simd-v0,345,0.014977
11,393435,345,0.008967
11,ours-406478,345,0.005901
11,KACTL,345,0.101840
11,393435,346,0.009809
11,ours-406478,346,0.005951
11,KACTL,346,0.137627
11,simd-v0,346,0.018003
11,ours-406478,347,0.008606
11,KACTL,347,0.134301
11,simd-v0,347,0.017834
11,393435,347,0.012623
11,KACTL,348,0.128510
11,simd-v0,348,0.017453
11,393435,348,0.009558
11,ours-406478,348,0.006492
11,simd-v0,349,0.015058
11,393435,349,0.009097
11,ours-406478,349,0.012374
11,KACTL,349,0.145462
11,393435,350,0.011962
11,ours-406478,350,0.008045
11,KACTL,350,0.133890
11,simd-v0,350,0.015359
11,ours-406478,351,0.006131
11,KACTL,351,0.101801
11,simd-v0,351,0.014968
11,393435,351,0.009338
11,KACTL,352,0.110026
11,simd-v0,352,0.014958
11,393435,352,0.009007
11,ours-406478,352,0.006031
11,simd-v0,353,0.015058
11,393435,353,0.008917
11,ours-406478,353,0.005871
11,KACTL,353,0.101910
11,393435,354,0.008987
11,ours-406478,354,0.005901
11,KACTL,354,0.108904
11,simd-v0,354,0.015008
11,ours-406478,355,0.005920
11,KACTL,355,0.109786
11,simd-v0,355,0.014957
11,393435,355,0.008997
11,KACTL,356,0.128480
11,simd-v0,356,0.018164
11,393435,356,0.012784
11,ours-406478,356,0.009438
11,simd-v0,357,0.026951
11,393435,357,0.009247
11,ours-406478,357,0.006071
11,KACTL,357,0.102501
11,393435,358,0.009057
11,ours-406478,358,0.005902
11,KACTL,358,0.113843
11,simd-v0,358,0.015099
11,ours-406478,359,0.006052
11,KACTL,359,0.101960
11,simd-v0,359,0.015028
11,393435,359,0.009297
11,KACTL,360,0.101771
11,simd-v0,360,0.014968
11,393435,360,0.008896
11,ours-406478,360,0.006061
11,simd-v0,361,0.015038
11,393435,361,0.008937
11,ours-406478,361,0.005891
11,KACTL,361,0.101831
11,393435,362,0.008907
11,ours-406478,362,0.005862
11,KACTL,362,0.111709
11,simd-v0,362,0.015018
11,ours-406478,363,0.014607
11,KACTL,363,0.127729
11,simd-v0,363,0.015109
11,393435,363,0.009287
11,KACTL,364,0.111949
11,simd-v0,364,0.014998
11,393435,364,0.008967
11,ours-406478,364,0.006142
11,simd-v0,365,0.014927
11,393435,365,0.008906
11,ours-406478,365,0.005871
11,KACTL,365,0.108994
11,393435,366,0.008917
11,ours-406478,366,0.005921
11,KACTL,366,0.117120
11,simd-v0,366,0.015168
11,ours-406478,367,0.005961
11,KACTL,367,0.109324
11,simd-v0,367,0.014998
11,393435,367,0.009107
11,KACTL,368,0.116147
11,simd-v0,368,0.015088
11,393435,368,0.008977
11,ours-406478,368,0.006112
11,simd-v0,369,0.014948
11,393435,369,0.008886
11,ours-406478,369,0.005951
11,KACTL,369,0.115416
11,393435,370,0.009067
11,ours-406478,370,0.006022
11,KACTL,370,0.101800
11,simd-v0,370,0.015179
11,ours-406478,371,0.014336
11,KACTL,371,0.101841
11,simd-v0,371,0.014957
11,393435,371,0.008977
11,KACTL,372,0.102601
11,simd-v0,372,0.014968
11,393435,372,0.008926
11,ours-406478,372,0.005921
11,simd-v0,373,0.015058
11,393435,373,0.008977
11,ours-406478,373,0.005880
11,KACTL,373,0.109294
11,393435,374,0.009016
11,ours-406478,374,0.005921
11,KACTL,374,0.101771
11,simd-v0,374,0.022663
11,ours-406478,375,0.005881
11,KACTL,375,0.101821
11,simd-v0,375,0.014989
11,393435,375,0.009027
11,KACTL,376,0.108693
11,simd-v0,376,0.014918
11,393435,376,0.008917
11,ours-406478,376,0.025258
11,simd-v0,377,0.017503
11,393435,377,0.009127
11,ours-406478,377,0.006081
11,KACTL,377,0.110937
11,393435,378,0.008997
11,ours-406478,378,0.005941
11,KACTL,378,0.101770
11,simd-v0,378,0.015098
11,ours-406478,379,0.005871
11,KACTL,379,0.109986
11,simd-v0,379,0.014998
11,393435,379,0.008986
11,KACTL,380,0.101841
11,simd-v0,380,0.014928
11,393435,380,0.008976
11,ours-406478,380,0.005931
11,simd-v0,381,0.014968
11,393435,381,0.008887
11,ours-406478,381,0.005891
11,KACTL,381,0.101850
11,393435,382,0.008927
11,ours-406478,382,0.005881
11,KACTL,382,0.101860
11,simd-v0,382,0.014928
11,ours-406478,383,0.005891
11,KACTL,383,0.101830
11,simd-v0,383,0.014998
11,393435,383,0.008957
11,KACTL,384,0.131726
11,simd-v0,384,0.015218
11,393435,384,0.009147
11,ours-406478,384,0.006211
11,simd-v0,385,0.014938
11,393435,385,0.008947
11,ours-406478,385,0.005902
11,KACTL,385,0.101871
11,393435,386,0.008887
11,ours-406478,386,0.005871
11,KACTL,386,0.101821
11,simd-v0,386,0.024717
11,ours-406478,387,0.005981
11,KACTL,387,0.101910
11,simd-v0,387,0.015028
11,393435,387,0.008996
11,KACTL,388,0.101680
11,simd-v0,388,0.015028
11,393435,388,0.008897
11,ours-406478,388,0.005891
11,simd-v0,389,0.015038
11,393435,389,0.008927
11,ours-406478,389,0.005881
11,KACTL,389,0.109726
11,393435,390,0.008907
11,ours-406478,390,0.005921
11,KACTL,390,0.102171
11,simd-v0,390,0.015068
11,ours-406478,391,0.005881
11,KACTL,391,0.113472
11,simd-v0,391,0.015168
11,393435,391,0.009007
11,KACTL,392,0.101810
11,simd-v0,392,0.015018
11,393435,392,0.008926
11,ours-406478,392,0.006051
11,simd-v0,393,0.014948
11,393435,393,0.008927
11,ours-406478,393,0.005881
11,KACTL,393,0.101860
11,393435,394,0.008887
11,ours-406478,394,0.005881
11,KACTL,394,0.104746
11,simd-v0,394,0.014957
11,ours-406478,395,0.005871
11,KACTL,395,0.101870
11,simd-v0,395,0.014918
11,393435,395,0.009017
11,KACTL,396,0.101871
11,simd-v0,396,0.014958
11,393435,396,0.008856
11,ours-406478,396,0.005902
11,simd-v0,397,0.014958
11,393435,397,0.008896
11,ours-406478,397,0.005901
11,KACTL,397,0.101861
11,393435,398,0.008906
11,ours-406478,398,0.005851
11,KACTL,398,0.112360
11,simd-v0,398,0.015068
11,ours-406478,399,0.005941
11,KACTL,399,0.101800
11,simd-v0,399,0.014998
11,393435,399,0.009007
11,KACTL,400,0.101791
11,simd-v0,400,0.014908
11,393435,400,0.008986
11,ours-406478,400,0.005901
11,simd-v0,401,0.014957
11,393435,401,0.008907
11,ours-406478,401,0.005961
11,KACTL,401,0.101861
11,393435,402,0.009026
11,ours-406478,402,0.005891
11,KACTL,402,0.101800
11,simd-v0,402,0.015128
11,ours-406478,403,0.005880
11,KACTL,403,0.101881
11,simd-v0,403,0.015008
11,393435,403,0.008907
11,KACTL,404,0.101751
11,simd-v0,404,0.014968
11,393435,404,0.008956
11,ours-406478,404,0.005901
11,simd-v0,405,0.014957
11,393435,405,0.008897
11,ours-406478,405,0.005871
11,KACTL,405,0.112700
11,393435,406,0.008966
11,ours-406478,406,0.005961
11,KACTL,406,0.101810
11,simd-v0,406,0.015058
11,ours-406478,407,0.005851
11,KACTL,407,0.101831
11,simd-v0,407,0.015049
11,393435,407,0.008887
11,KACTL,408,0.101891
11,simd-v0,408,0.014968
11,393435,408,0.008907
11,ours-406478,408,0.005961
11,simd-v0,409,0.014968
11,393435,409,0.008897
11,ours-406478,409,0.005881
11,KACTL,409,0.101830
11,393435,410,0.009037
11,ours-406478,410,0.005871
11,KACTL,410,0.101700
11,simd-v0,410,0.014958
11,ours-406478,411,0.005881
11,KACTL,411,0.101851
11,simd-v0,411,0.014968
11,393435,411,0.008957
11,KACTL,412,0.101820
11,simd-v0,412,0.014968
11,393435,412,0.008997
11,ours-406478,412,0.032221
11,simd-v0,413,0.018906
11,393435,413,0.009187
11,ours-406478,413,0.006112
11,KACTL,413,0.102382
11,393435,414,0.008956
11,ours-406478,414,0.005901
11,KACTL,414,0.101871
11,simd-v0,414,0.014988
11,ours-406478,415,0.005871
11,KACTL,415,0.101820
11,simd-v0,415,0.014928
11,393435,415,0.008917
11,KACTL,416,0.101710
11,simd-v0,416,0.014937
11,393435,416,0.008957
11,ours-406478,416,0.005901
11,simd-v0,417,0.014927
11,393435,417,0.008917
11,ours-406478,417,0.005871
11,KACTL,417,0.101780
11,393435,418,0.008927
11,ours-406478,418,0.005871
11,KACTL,418,0.101750
11,simd-v0,418,0.014998
11,ours-406478,419,0.005881
11,KACTL,419,0.101850
11,simd-v0,419,0.014917
11,393435,419,0.008917
11,KACTL,420,0.112962
11,simd-v0,420,0.014978
11,393435,420,0.008967
11,ours-406478,420,0.006081
11,simd-v0,421,0.014948
11,393435,421,0.008927
11,ours-406478,421,0.005871
11,KACTL,421,0.101740
11,393435,422,0.008916
11,ours-406478,422,0.005881
11,KACTL,422,0.101811
11,simd-v0,422,0.014958
11,ours-406478,423,0.005891
11,KACTL,423,0.101810
11,simd-v0,423,0.014928
11,393435,423,0.008896
11,KACTL,424,0.101711
11,simd-v0,424,0.015018
11,393435,424,0.008947
11,ours-406478,424,0.005901
11,simd-v0,425,0.015008
11,393435,425,0.008907
11,ours-406478,425,0.005871
11,KACTL,425,0.101750
11,393435,426,0.008986
11,ours-406478,426,0.005881
11,KACTL,426,0.101981
11,simd-v0,426,0.015088
11,ours-406478,427,0.005871
11,KACTL,427,0.111539
11,simd-v0,427,0.014998
11,393435,427,0.008947
11,KACTL,428,0.101820
11,simd-v0,428,0.014948
11,393435,428,0.008917
11,ours-406478,428,0.005971
11,simd-v0,429,0.014948
11,393435,429,0.008966
11,ours-406478,429,0.005861
11,KACTL,429,0.101810
11,393435,430,0.009769
11,ours-406478,430,0.005871
11,KACTL,430,0.101750
11,simd-v0,430,0.015048
11,ours-406478,431,0.005880
11,KACTL,431,0.101821
11,simd-v0,431,0.015048
11,393435,431,0.008937
11,KACTL,432,0.101821
11,simd-v0,432,0.015038
11,393435,432,0.008866
11,ours-406478,432,0.005901
11,simd-v0,433,0.014968
11,393435,433,0.008897
11,ours-406478,433,0.005871
11,KACTL,433,0.101830
11,393435,434,0.008906
11,ours-406478,434,0.005891
11,KACTL,434,0.111680
11,simd-v0,434,0.015057
11,ours-406478,435,0.005901
11,KACTL,435,0.101741
11,simd-v0,435,0.015158
11,393435,435,0.008987
11,KACTL,436,0.101791
11,simd-v0,436,0.015099
11,393435,436,0.008947
11,ours-406478,436,0.005920
11,simd-v0,437,0.015028
11,393435,437,0.008917
11,ours-406478,437,0.005871
11,KACTL,437,0.101771
11,393435,438,0.008896
11,ours-406478,438,0.005871
11,KACTL,438,0.101721
11,simd-v0,438,0.014968
11,ours-406478,439,0.005871
11,KACTL,439,0.101831
11,simd-v0,439,0.014978
11,393435,439,0.008916
11,KACTL,440,0.101781
11,simd-v0,440,0.014938
11,393435,440,0.008947
11,ours-406478,440,0.005891
11,simd-v0,441,0.014998
11,393435,441,0.008906
11,ours-406478,441,0.005881
11,KACTL,441,0.101750
11,393435,442,0.008927
11,ours-406478,442,0.005891
11,KACTL,442,0.132488
11,simd-v0,442,0.015209
11,ours-406478,443,0.006191
11,KACTL,443,0.101840
11,simd-v0,443,0.015038
11,393435,443,0.009238
11,KACTL,444,0.101851
11,simd-v0,444,0.014978
11,393435,444,0.008917
11,ours-406478,444,0.006032
11,simd-v0,445,0.014978
11,393435,445,0.008897
11,ours-406478,445,0.005881
11,KACTL,445,0.101951
11,393435,446,0.008937
11,ours-406478,446,0.005941
11,KACTL,446,0.101871
11,simd-v0,446,0.014988
11,ours-406478,447,0.005921
11,KACTL,447,0.101821
11,simd-v0,447,0.015018
11,393435,447,0.008997
11,KACTL,448,0.101741
11,simd-v0,448,0.015038
11,393435,448,0.008896
11,ours-406478,448,0.005901
11,simd-v0,449,0.015039
11,393435,449,0.008917
11,ours-406478,449,0.005891
11,KACTL,449,0.114645
11,393435,450,0.008946
11,ours-406478,450,0.006091
11,KACTL,450,0.101700
11,simd-v0,450,0.015038
11,ours-406478,451,0.005931
11,KACTL,451,0.102572
11,simd-v0,451,0.014918
11,393435,451,0.008997
11,KACTL,452,0.101770
11,simd-v0,452,0.014988
11,393435,452,0.008907
11,ours-406478,452,0.005901
11,simd-v0,453,0.014938
11,393435,453,0.008907
11,ours-406478,453,0.005902
11,KACTL,453,0.101730
11,393435,454,0.008907
11,ours-406478,454,0.005871
11,KACTL,454,0.101851
11,simd-v0,454,0.014938
11,ours-406478,455,0.005871
11,KACTL,455,0.101820
11,simd-v0,455,0.014978
11,393435,455,0.008887
11,KACTL,456,0.111749
11,simd-v0,456,0.014948
11,393435,456,0.009017
11,ours-406478,456,0.005992
11,simd-v0,457,0.014958
11,393435,457,0.008896
11,ours-406478,457,0.005901
11,KACTL,457,0.101900
11,393435,458,0.008926
11,ours-406478,458,0.005931
11,KACTL,458,0.101710
11,simd-v0,458,0.014937
11,ours-406478,459,0.005861
11,KACTL,459,0.101771
11,simd-v0,459,0.014998
11,393435,459,0.008897
11,KACTL,460,0.101821
11,simd-v0,460,0.014928
11,393435,460,0.008886
11,ours-406478,460,0.005921
11,simd-v0,461,0.015018
11,393435,461,0.008916
11,ours-406478,461,0.005891
11,KACTL,461,0.101770
11,393435,462,0.008897
11,ours-406478,462,0.005882
11,KACTL,462,0.101811
11,simd-v0,462,0.014948
11,ours-406478,463,0.005871
11,KACTL,463,0.101821
11,simd-v0,463,0.024185
11,393435,463,0.008966
11,KACTL,464,0.101850
11,simd-v0,464,0.015028
11,393435,464,0.008927
11,ours-406478,464,0.005981
11,simd-v0,465,0.014988
11,393435,465,0.008927
11,ours-406478,465,0.005891
11,KACTL,465,0.101830
11,393435,466,0.008907
11,ours-406478,466,0.005881
11,KACTL,466,0.101720
11,simd-v0,466,0.014939
11,ours-406478,467,0.005881
11,KACTL,467,0.105026
11,simd-v0,467,0.014928
11,393435,467,0.008927
11,KACTL,468,0.101800
11,simd-v0,468,0.014988
11,393435,468,0.008907
11,ours-406478,468,0.005962
11,simd-v0,469,0.014938
11,393435,469,0.008988
11,ours-406478,469,0.005911
11,KACTL,469,0.101911
11,393435,470,0.008956
11,ours-406478,470,0.005881
11,KACTL,470,0.101791
11,simd-v0,470,0.015008
11,ours-406478,471,0.005881
11,KACTL,471,0.133790
11,simd-v0,471,0.015089
11,393435,471,0.009347
11,KACTL,472,0.101770
11,simd-v0,472,0.014938
11,393435,472,0.008957
11,ours-406478,472,0.006161
11,simd-v0,473,0.014928
11,393435,473,0.008907
11,ours-406478,473,0.005900
11,KACTL,473,0.101961
11,393435,474,0.008917
11,ours-406478,474,0.005871
11,KACTL,474,0.101710
11,simd-v0,474,0.014958
11,ours-406478,475,0.005861
11,KACTL,475,0.101850
11,simd-v0,475,0.014938
11,393435,475,0.008896
11,KACTL,476,0.101720
11,simd-v0,476,0.015038
11,393435,476,0.008907
11,ours-406478,476,0.005911
11,simd-v0,477,0.014958
11,393435,477,0.008977
11,ours-406478,477,0.005891
11,KACTL,477,0.101851
11,393435,478,0.009017
11,ours-406478,478,0.005861
11,KACTL,478,0.112711
11,simd-v0,478,0.014998
11,ours-406478,479,0.005951
11,KACTL,479,0.101840
11,simd-v0,479,0.014938
11,393435,479,0.008987
11,KACTL,480,0.101820
11,simd-v0,480,0.014918
11,393435,480,0.008917
11,ours-406478,480,0.005902
11,simd-v0,481,0.014948
11,393435,481,0.008997
11,ours-406478,481,0.005881
11,KACTL,481,0.101771
11,393435,482,0.008867
11,ours-406478,482,0.005871
11,KACTL,482,0.101750
11,simd-v0,482,0.015008
11,ours-406478,483,0.005860
11,KACTL,483,0.101810
11,simd-v0,483,0.015038
11,393435,483,0.008917
11,KACTL,484,0.101820
11,simd-v0,484,0.015058
11,393435,484,0.008876
11,ours-406478,484,0.005911
11,simd-v0,485,0.014968
11,393435,485,0.008886
11,ours-406478,485,0.005891
11,KACTL,485,0.111479
11,393435,486,0.009097
11,ours-406478,486,0.006041
11,KACTL,486,0.101790
11,simd-v0,486,0.015178
11,ours-406478,487,0.005901
11,KACTL,487,0.101831
11,simd-v0,487,0.015049
11,393435,487,0.008887
11,KACTL,488,0.101761
11,simd-v0,488,0.015008
11,393435,488,0.008897
11,ours-406478,488,0.005901
11,simd-v0,489,0.014958
11,393435,489,0.008907
11,ours-406478,489,0.005891
11,KACTL,489,0.101810
11,393435,490,0.008907
11,ours-406478,490,0.005881
11,KACTL,490,0.101800
11,simd-v0,490,0.014928
11,ours-406478,491,0.005891
11,KACTL,491,0.101780
11,simd-v0,491,0.014968
11,393435,491,0.008997
11,KACTL,492,0.101770
11,simd-v0,492,0.014938
11,393435,492,0.009017
11,ours-406478,492,0.016191
11,simd-v0,493,0.014998
11,393435,493,0.008957
11,ours-406478,493,0.005931
11,KACTL,493,0.101921
11,393435,494,0.008947
11,ours-406478,494,0.005861
11,KACTL,494,0.101661
11,simd-v0,494,0.015008
11,ours-406478,495,0.005871
11,KACTL,495,0.101831
11,simd-v0,495,0.015059
11,393435,495,0.008927
11,KACTL,496,0.101791
11,simd-v0,496,0.014968
11,393435,496,0.008977
11,ours-406478,496,0.005901
11,simd-v0,497,0.014938
11,393435,497,0.008927
11,ours-406478,497,0.005861
11,KACTL,497,0.101750
11,393435,498,0.008916
11,ours-406478,498,0.005871
11,KACTL,498,0.101711
11,simd-v0,498,0.014988
11,ours-406478,499,0.005891
11,KACTL,499,0.101721
11,simd-v0,499,0.014998
11,393435,499,0.008906
11,KACTL,500,0.130975
11,simd-v0,500,0.015229
11,393435,500,0.009167
11,ours-406478,500,0.006181
11,simd-v0,501,0.014978
11,393435,501,0.008947
11,ours-406478,501,0.005911
11,KACTL,501,0.101891
11,393435,502,0.008917
11,ours-406478,502,0.005880
11,KACTL,502,0.101731
11,simd-v0,502,0.014908
11,ours-406478,503,0.005882
11,KACTL,503,0.101760
11,simd-v0,503,0.014938
11,393435,503,0.008926
11,KACTL,504,0.101851
11,simd-v0,504,0.014908
11,393435,504,0.008987
11,ours-406478,504,0.005931
11,simd-v0,505,0.014958
11,393435,505,0.008927
11,ours-406478,505,0.005891
11,KACTL,505,0.101730
11,393435,506,0.008897
11,ours-406478,506,0.005911
11,KACTL,506,0.101690
11,simd-v0,506,0.014998
11,ours-406478,507,0.005882
11,KACTL,507,0.113643
11,simd-v0,507,0.015008
11,393435,507,0.008986
11,KACTL,508,0.101800
11,simd-v0,508,0.014958
11,393435,508,0.008887
11,ours-406478,508,0.006082
11,simd-v0,509,0.015039
11,393435,509,0.008937
11,ours-406478,509,0.005861
11,KACTL,509,0.102411
11,393435,510,0.008907
11,ours-406478,510,0.005891
11,KACTL,510,0.101881
11,simd-v0,510,0.014948
11,ours-406478,511,0.005891
11,KACTL,511,0.101831
11,simd-v0,511,0.014928
11,393435,511,0.008906
11,KACTL,512,0.101871
11,simd-v0,512,0.014948
11,393435,512,0.008917
11,ours-406478,512,0.005901
11,simd-v0,513,0.015019
11,393435,513,0.008967
11,ours-406478,513,0.005881
11,KACTL,513,0.102301
11,393435,514,0.008897
11,ours-406478,514,0.005891
11,KACTL,514,0.122339
11,simd-v0,514,0.015099
11,ours-406478,515,0.006052
11,KACTL,515,0.102171
11,simd-v0,515,0.014938
11,393435,515,0.009077
11,KACTL,516,0.101720
11,simd-v0,516,0.014957
11,393435,516,0.008887
11,ours-406478,516,0.005951
11,simd-v0,517,0.014968
11,393435,517,0.008906
11,ours-406478,517,0.006662
11,KACTL,517,0.101790
11,393435,518,0.008926
11,ours-406478,518,0.005871
11,KACTL,518,0.101900
11,simd-v0,518,0.014988
11,ours-406478,519,0.005861
11,KACTL,519,0.101951
11,simd-v0,519,0.014938
11,393435,519,0.008896
11,KACTL,520,0.101740
11,simd-v0,520,0.014938
11,393435,520,0.008887
11,ours-406478,520,0.005912
11,simd-v0,521,0.015058
11,393435,521,0.008897
11,ours-406478,521,0.005901
11,KACTL,521,0.101830
11,393435,522,0.019376
11,ours-406478,522,0.005951
11,KACTL,522,0.101790
11,simd-v0,522,0.015048
11,ours-406478,523,0.005902
11,KACTL,523,0.102212
11,simd-v0,523,0.014958
11,393435,523,0.008926
11,KACTL,524,0.101881
11,simd-v0,524,0.014918
11,393435,524,0.008896
11,ours-406478,524,0.005901
11,simd-v0,525,0.015028
11,393435,525,0.008987
11,ours-406478,525,0.005901
11,KACTL,525,0.101750
11,393435,526,0.008967
11,ours-406478,526,0.005891
11,KACTL,526,0.101791
11,simd-v0,526,0.015048
11,ours-406478,527,0.005881
11,KACTL,527,0.101810
11,simd-v0,527,0.015008
11,393435,527,0.008947
11,KACTL,528,0.101950
11,simd-v0,528,0.014978
11,393435,528,0.008927
11,ours-406478,528,0.005951
11,simd-v0,529,0.014938
11,393435,529,0.008846
11,ours-406478,529,0.005871
11,KACTL,529,0.112179
11,393435,530,0.009067
11,ours-406478,530,0.005971
11,KACTL,530,0.101830
11,simd-v0,530,0.015158
11,ours-406478,531,0.005871
11,KACTL,531,0.101841
11,simd-v0,531,0.015028
11,393435,531,0.008917
11,KACTL,532,0.101761
11,simd-v0,532,0.015008
11,393435,532,0.008896
11,ours-406478,532,0.005891
11,simd-v0,533,0.014927
11,393435,533,0.008896
11,ours-406478,533,0.005971
11,KACTL,533,0.101900
11,393435,534,0.008887
11,ours-406478,534,0.005881
11,KACTL,534,0.101850
11,simd-v0,534,0.014988
11,ours-406478,535,0.005881
11,KACTL,535,0.101921
11,simd-v0,535,0.014938
11,393435,535,0.008966
11,KACTL,536,0.111258
11,simd-v0,536,0.015078
11,393435,536,0.008947
11,ours-406478,536,0.005981
11,simd-v0,537,0.015028
11,393435,537,0.008896
11,ours-406478,537,0.005891
11,KACTL,537,0.101981
11,393435,538,0.008947
11,ours-406478,538,0.005871
11,KACTL,538,0.101711
11,simd-v0,538,0.014958
11,ours-406478,539,0.005891
11,KACTL,539,0.104526
11,simd-v0,539,0.014958
11,393435,539,0.009007
11,KACTL,540,0.101850
11,simd-v0,540,0.014928
11,393435,540,0.008967
11,ours-406478,540,0.005922
11,simd-v0,541,0.014948
11,393435,541,0.008937
11,ours-406478,541,0.005861
11,KACTL,541,0.101911
11,393435,542,0.008897
11,ours-406478,542,0.005871
11,KACTL,542,0.101760
11,simd-v0,542,0.014968
11,ours-406478,543,0.005871
11,KACTL,543,0.101821
11,simd-v0,543,0.014948
11,393435,543,0.018865
11,KACTL,544,0.101810
11,simd-v0,544,0.015018
11,393435,544,0.008946
11,ours-406478,544,0.005981
11,simd-v0,545,0.014938
11,393435,545,0.008877
11,ours-406478,545,0.005881
11,KACTL,545,0.101901
11,393435,546,0.008907
11,ours-406478,546,0.005881
11,KACTL,546,0.101720
11,simd-v0,546,0.015008
11,ours-406478,547,0.005881
11,KACTL,547,0.101730
11,simd-v0,547,0.014948
11,393435,547,0.008937
11,KACTL,548,0.101801
11,simd-v0,548,0.014988
11,393435,548,0.008887
11,ours-406478,548,0.005911
11,simd-v0,549,0.015038
11,393435,549,0.008897
11,ours-406478,549,0.005871
11,KACTL,549,0.101770
11,393435,550,0.008917
11,ours-406478,550,0.005861
11,KACTL,550,0.101800
11,simd-v0,550,0.014938
11,ours-406478,551,0.005881
11,KACTL,551,0.110937
11,simd-v0,551,0.014968
11,393435,551,0.008987
11,KACTL,552,0.101831
11,simd-v0,552,0.014977
11,393435,552,0.008876
11,ours-406478,552,0.005981
11,simd-v0,553,0.015038
11,393435,553,0.008926
11,ours-406478,553,0.005871
11,KACTL,553,0.101841
11,393435,554,0.009759
11,ours-406478,554,0.005881
11,KACTL,554,0.101800
11,simd-v0,554,0.015018
11,ours-406478,555,0.005881
11,KACTL,555,0.101860
11,simd-v0,555,0.015038
11,393435,555,0.008937
11,KACTL,556,0.101710
11,simd-v0,556,0.014928
11,393435,556,0.008897
11,ours-406478,556,0.005881
11,simd-v0,557,0.014938
11,393435,557,0.008907
11,ours-406478,557,0.005961
11,KACTL,557,0.101911
11,393435,558,0.008907
11,ours-406478,558,0.005891
11,KACTL,558,0.111038
11,simd-v0,558,0.015109
11,ours-406478,559,0.005880
11,KACTL,559,0.101781
11,simd-v0,559,0.015048
11,393435,559,0.008997
11,KACTL,560,0.101851
11,simd-v0,560,0.015019
11,393435,560,0.008887
11,ours-406478,560,0.005921
11,simd-v0,561,0.014938
11,393435,561,0.008887
11,ours-406478,561,0.005871
11,KACTL,561,0.101971
11,393435,562,0.008917
11,ours-406478,562,0.005871
11,KACTL,562,0.101790
11,simd-v0,562,0.015088
11,ours-406478,563,0.005871
11,KACTL,563,0.101841
11,simd-v0,563,0.014938
11,393435,563,0.008906
11,KACTL,564,0.101751
11,simd-v0,564,0.014958
11,393435,564,0.008987
11,ours-406478,564,0.005871
11,simd-v0,565,0.014978
11,393435,565,0.008906
11,ours-406478,565,0.005891
11,KACTL,565,0.110808
11,393435,566,0.008917
11,ours-406478,566,0.005911
11,KACTL,566,0.101690
11,simd-v0,566,0.015048
11,ours-406478,567,0.005871
11,KACTL,567,0.101810
11,simd-v0,567,0.014989
11,393435,567,0.008907
11,KACTL,568,0.102641
11,simd-v0,568,0.014958
11,393435,568,0.008886
11,ours-406478,568,0.005981
11,simd-v0,569,0.014938
11,393435,569,0.008886
11,ours-406478,569,0.005891
11,KACTL,569,0.101841
11,393435,570,0.008917
11,ours-406478,570,0.005871
11,KACTL,570,0.101750
11,simd-v0,570,0.015059
11,ours-406478,571,0.005891
11,KACTL,571,0.101861
11,simd-v0,571,0.014958
11,393435,571,0.008936
11,KACTL,572,0.101841
11,simd-v0,572,0.014928
11,393435,572,0.008866
11,ours-406478,572,0.005891
11,simd-v0,573,0.015028
11,393435,573,0.008886
11,ours-406478,573,0.005891
11,KACTL,573,0.112019
11,393435,574,0.008947
11,ours-406478,574,0.005992
11,KACTL,574,0.101771
11,simd-v0,574,0.015058
11,ours-406478,575,0.005871
11,KACTL,575,0.101810
11,simd-v0,575,0.014928
11,393435,575,0.008937
11,KACTL,576,0.101751
11,simd-v0,576,0.014928
11,393435,576,0.008916
11,ours-406478,576,0.005901
11,simd-v0,577,0.015019
11,393435,577,0.008897
11,ours-406478,577,0.005891
11,KACTL,577,0.101850
11,393435,578,0.008887
11,ours-406478,578,0.005871
11,KACTL,578,0.101800
11,simd-v0,578,0.014917
11,ours-406478,579,0.005861
11,KACTL,579,0.101781
11,simd-v0,579,0.014988
11,393435,579,0.008906
11,KACTL,580,0.111088
11,simd-v0,580,0.014978
11,393435,580,0.008927
11,ours-406478,580,0.005971
11,simd-v0,581,0.014978
11,393435,581,0.008906
11,ours-406478,581,0.005921
11,KACTL,581,0.101911
11,393435,582,0.008957
11,ours-406478,582,0.005871
11,KACTL,582,0.101800
11,simd-v0,582,0.014978
11,ours-406478,583,0.005920
11,KACTL,583,0.101891
11,simd-v0,583,0.015018
11,393435,583,0.008917
11,KACTL,584,0.101791
11,simd-v0,584,0.014948
11,393435,584,0.008886
11,ours-406478,584,0.005921
11,simd-v0,585,0.014999
11,393435,585,0.008917
11,ours-406478,585,0.005951
11,KACTL,585,0.101710
11,393435,586,0.008906
11,ours-406478,586,0.005871
11,KACTL,586,0.101921
11,simd-v0,586,0.014998
11,ours-406478,587,0.005971
11,KACTL,587,0.101800
11,simd-v0,587,0.014928
11,393435,587,0.018525
11,KACTL,588,0.101710
11,simd-v0,588,0.015058
11,393435,588,0.008936
11,ours-406478,588,0.005971
11,simd-v0,589,0.014908
11,393435,589,0.008917
11,ours-406478,589,0.005891
11,KACTL,589,0.101930
11,393435,590,0.008886
11,ours-406478,590,0.005881
11,KACTL,590,0.101760
11,simd-v0,590,0.014937
11,ours-406478,591,0.005871
11,KACTL,591,0.101811
11,simd-v0,591,0.014939
11,393435,591,0.008967
11,KACTL,592,0.101780
11,simd-v0,592,0.014928
11,393435,592,0.008947
11,ours-406478,592,0.005901
11,simd-v0,593,0.014947
11,393435,593,0.008897
11,ours-406478,593,0.005901
11,KACTL,593,0.101841
11,393435,594,0.008906
11,ours-406478,594,0.005861
11,KACTL,594,0.101750
11,simd-v0,594,0.014948
11,ours-406478,595,0.005861
11,KACTL,595,0.111188
11,simd-v0,595,0.015019
11,393435,595,0.008957
11,KACTL,596,0.101811
11,simd-v0,596,0.014978
11,393435,596,0.008897
11,ours-406478,596,0.006052
11,simd-v0,597,0.014968
11,393435,597,0.008906
11,ours-406478,597,0.005881
11,KACTL,597,0.101871
11,393435,598,0.008897
11,ours-406478,598,0.005891
11,KACTL,598,0.102552
11,simd-v0,598,0.014888
11,ours-406478,599,0.005881
11,KACTL,599,0.101921
11,simd-v0,599,0.014908
11,393435,599,0.008907
11,KACTL,600,0.101800
11,simd-v0,600,0.014907
11,393435,600,0.008907
11,ours-406478,600,0.005901
11,simd-v0,601,0.014997
11,393435,601,0.008907
11,ours-406478,601,0.005881
11,KACTL,601,0.101820
11,393435,602,0.008897
11,ours-406478,602,0.005891
11,KACTL,602,0.111088
11,simd-v0,602,0.014968
11,ours-406478,603,0.005931
11,KACTL,603,0.101860
11,simd-v0,603,0.015048
11,393435,603,0.008976
11,KACTL,604,0.101761
11,simd-v0,604,0.015018
11,393435,604,0.008896
11,ours-406478,604,0.005891
11,simd-v0,605,0.014938
11,393435,605,0.008917
11,ours-406478,605,0.005901
11,KACTL,605,0.102673
11,393435,606,0.009027
11,ours-406478,606,0.005891
11,KACTL,606,0.101811
11,simd-v0,606,0.014988
11,ours-406478,607,0.005901
11,KACTL,607,0.101911
11,simd-v0,607,0.014999
11,393435,607,0.008927
11,KACTL,608,0.101820
11,simd-v0,608,0.014939
11,393435,608,0.008917
11,ours-406478,608,0.005921
11,simd-v0,609,0.014938
11,393435,609,0.008897
11,ours-406478,609,0.005972
11,KACTL,609,0.110908
11,393435,610,0.008946
11,ours-406478,610,0.005901
11,KACTL,610,0.101880
11,simd-v0,610,0.015218
11,ours-406478,611,0.005901
11,KACTL,611,0.101900
11,simd-v0,611,0.015028
11,393435,611,0.008917
11,KACTL,612,0.101941
11,simd-v0,612,0.017573
11,393435,612,0.008927
11,ours-406478,612,0.005931
11,simd-v0,613,0.015018
11,393435,613,0.008887
11,ours-406478,613,0.005941
11,KACTL,613,0.101990
11,393435,614,0.008917
11,ours-406478,614,0.005941
11,KACTL,614,0.101750
11,simd-v0,614,0.014898
11,ours-406478,615,0.005940
11,KACTL,615,0.101811
11,simd-v0,615,0.014958
11,393435,615,0.008987
11,KACTL,616,0.101750
11,simd-v0,616,0.015018
11,393435,616,0.008947
11,ours-406478,616,0.005891
11,simd-v0,617,0.014948
11,393435,617,0.008906
11,ours-406478,617,0.016361
11,KACTL,617,0.101840
11,393435,618,0.008937
11,ours-406478,618,0.005921
11,KACTL,618,0.101750
11,simd-v0,618,0.015088
11,ours-406478,619,0.005871
11,KACTL,619,0.101971
11,simd-v0,619,0.015008
11,393435,619,0.008977
11,KACTL,620,0.101851
11,simd-v0,620,0.014958
11,393435,620,0.008977
11,ours-406478,620,0.005901
11,simd-v0,621,0.014937
11,393435,621,0.008907
11,ours-406478,621,0.005891
11,KACTL,621,0.101870
11,393435,622,0.009017
11,ours-406478,622,0.005861
11,KACTL,622,0.101740
11,simd-v0,622,0.014948
11,ours-406478,623,0.005892
11,KACTL,623,0.101790
11,simd-v0,623,0.014958
11,393435,623,0.008957
11,KACTL,624,0.111007
11,simd-v0,624,0.014968
11,393435,624,0.008967
11,ours-406478,624,0.005961
11,simd-v0,625,0.014948
11,393435,625,0.008897
11,ours-406478,625,0.005891
11,KACTL,625,0.101981
11,393435,626,0.008886
11,ours-406478,626,0.005871
11,KACTL,626,0.101761
11,simd-v0,626,0.014968
11,ours-406478,627,0.005881
11,KACTL,627,0.101831
11,simd-v0,627,0.015048
11,393435,627,0.008897
11,KACTL,628,0.101781
11,simd-v0,628,0.014948
11,393435,628,0.008917
11,ours-406478,628,0.005901
11,simd-v0,629,0.015018
11,393435,629,0.008947
11,ours-406478,629,0.005862
11,KACTL,629,0.101961
11,393435,630,0.008917
11,ours-406478,630,0.005871
11,KACTL,630,0.101680
11,simd-v0,630,0.014968
11,ours-406478,631,0.005871
11,KACTL,631,0.101790
11,simd-v0,631,0.024205
11,393435,631,0.008906
11,KACTL,632,0.101821
11,simd-v0,632,0.014998
11,393435,632,0.008887
11,ours-406478,632,0.005991
11,simd-v0,633,0.015048
11,393435,633,0.008897
11,ours-406478,633,0.005881
11,KACTL,633,0.101991
11,393435,634,0.008896
11,ours-406478,634,0.005881
11,KACTL,634,0.101771
11,simd-v0,634,0.015039
11,ours-406478,635,0.005861
11,KACTL,635,0.101851
11,simd-v0,635,0.015058
11,393435,635,0.008917
11,KACTL,636,0.101880
11,simd-v0,636,0.014937
11,393435,636,0.008867
11,ours-406478,636,0.005901
11,simd-v0,637,0.014928
11,393435,637,0.008927
11,ours-406478,637,0.005972
11,KACTL,637,0.101831
11,393435,638,0.008907
11,ours-406478,638,0.005941
11,KACTL,638,0.101670
11,simd-v0,638,0.015008
11,ours-406478,639,0.005962
11,KACTL,639,0.111208
11,simd-v0,639,0.015078
11,393435,639,0.008937
11,KACTL,640,0.101741
11,simd-v0,640,0.015028
11,393435,640,0.008866
11,ours-406478,640,0.005981
11,simd-v0,641,0.014958
11,393435,641,0.008897
11,ours-406478,641,0.005891
11,KACTL,641,0.101901
11,393435,642,0.008917
11,ours-406478,642,0.005861
11,KACTL,642,0.101791
11,simd-v0,642,0.014998
11,ours-406478,643,0.005891
11,KACTL,643,0.101861
11,simd-v0,643,0.014948
11,393435,643,0.008976
11,KACTL,644,0.101640
11,simd-v0,644,0.014948
11,393435,644,0.008967
11,ours-406478,644,0.005901
11,simd-v0,645,0.014958
11,393435,645,0.008916
11,ours-406478,645,0.005902
11,KACTL,645,0.101801
11,393435,646,0.008877
11,ours-406478,646,0.005861
11,KACTL,646,0.131456
11,simd-v0,646,0.015169
11,ours-406478,647,0.006191
11,KACTL,647,0.102191
11,simd-v0,647,0.015028
11,393435,647,0.009077
11,KACTL,648,0.101811
11,simd-v0,648,0.014988
11,393435,648,0.008937
11,ours-406478,648,0.005891
11,simd-v0,649,0.014948
11,393435,649,0.008917
11,ours-406478,649,0.005901
11,KACTL,649,0.101780
11,393435,650,0.008916
11,ours-406478,650,0.005871
11,KACTL,650,0.101690
11,simd-v0,650,0.015018
11,ours-406478,651,0.005881
11,KACTL,651,0.101891
11,simd-v0,651,0.014978
11,393435,651,0.009177
11,KACTL,652,0.101831
11,simd-v0,652,0.014988
11,393435,652,0.008987
11,ours-406478,652,0.005901
11,simd-v0,653,0.015008
11,393435,653,0.008897
11,ours-406478,653,0.005891
11,KACTL,653,0.112300
11,393435,654,0.008957
11,ours-406478,654,0.005931
11,KACTL,654,0.101800
11,simd-v0,654,0.015179
11,ours-406478,655,0.005951
11,KACTL,655,0.101911
11,simd-v0,655,0.014968
11,393435,655,0.009027
11,KACTL,656,0.102532
11,simd-v0,656,0.015018
11,393435,656,0.008927
11,ours-406478,656,0.005911
11,simd-v0,657,0.014957
11,393435,657,0.008897
11,ours-406478,657,0.005891
11,KACTL,657,0.101760
11,393435,658,0.008886
11,ours-406478,658,0.005871
11,KACTL,658,0.101721
11,simd-v0,658,0.014958
11,ours-406478,659,0.005881
11,KACTL,659,0.101861
11,simd-v0,659,0.014978
11,393435,659,0.008886
11,KACTL,660,0.101701
11,simd-v0,660,0.014948
11,393435,660,0.008886
11,ours-406478,660,0.005982
11,simd-v0,661,0.025378
11,393435,661,0.008937
11,ours-406478,661,0.005981
11,KACTL,661,0.101991
11,393435,662,0.008877
11,ours-406478,662,0.005891
11,KACTL,662,0.101790
11,simd-v0,662,0.014928
11,ours-406478,663,0.005871
11,KACTL,663,0.101891
11,simd-v0,663,0.015720
11,393435,663,0.008907
11,KACTL,664,0.101711
11,simd-v0,664,0.014948
11,393435,664,0.008896
11,ours-406478,664,0.005901
11,simd-v0,665,0.015049
11,393435,665,0.008917
11,ours-406478,665,0.005881
11,KACTL,665,0.101901
11,393435,666,0.008877
11,ours-406478,666,0.005881
11,KACTL,666,0.101741
11,simd-v0,666,0.014917
11,ours-406478,667,0.005871
11,KACTL,667,0.101821
11,simd-v0,667,0.015008
11,393435,667,0.008887
11,KACTL,668,0.111108
11,simd-v0,668,0.015028
11,393435,668,0.008926
11,ours-406478,668,0.006011
11,simd-v0,669,0.015038
11,393435,669,0.008937
11,ours-406478,669,0.005901
11,KACTL,669,0.101911
11,393435,670,0.008897
11,ours-406478,670,0.005880
11,KACTL,670,0.101831
11,simd-v0,670,0.014958
11,ours-406478,671,0.005871
11,KACTL,671,0.102703
11,simd-v0,671,0.014948
11,393435,671,0.008886
11,KACTL,672,0.101740
11,simd-v0,672,0.014928
11,393435,672,0.008917
11,ours-406478,672,0.005941
11,simd-v0,673,0.014908
11,393435,673,0.009007
11,ours-406478,673,0.005891
11,KACTL,673,0.101951
11,393435,674,0.008897
11,ours-406478,674,0.005911
11,KACTL,674,0.101741
11,simd-v0,674,0.014948
11,ours-406478,675,0.005941
11,KACTL,675,0.111329
11,simd-v0,675,0.015038
11,393435,675,0.008957
11,KACTL,676,0.101730
11,simd-v0,676,0.014908
11,393435,676,0.008907
11,ours-406478,676,0.005981
11,simd-v0,677,0.014948
11,393435,677,0.008927
11,ours-406478,677,0.005951
11,KACTL,677,0.101790
11,393435,678,0.008917
11,ours-406478,678,0.005880
11,KACTL,678,0.102602
11,simd-v0,678,0.014948
11,ours-406478,679,0.005971
11,KACTL,679,0.101921
11,simd-v0,679,0.014998
11,393435,679,0.009008
11,KACTL,680,0.101731
11,simd-v0,680,0.014968
11,393435,680,0.008906
11,ours-406478,680,0.005902
11,simd-v0,681,0.014938
11,393435,681,0.008906
11,ours-406478,681,0.005901
11,KACTL,681,0.101761
11,393435,682,0.008907
11,ours-406478,682,0.005881
11,KACTL,682,0.101831
11,simd-v0,682,0.014948
11,ours-406478,683,0.015469
11,KACTL,683,0.101911
11,simd-v0,683,0.014977
11,393435,683,0.008957
11,KACTL,684,0.101760
11,simd-v0,684,0.014988
11,393435,684,0.008977
11,ours-406478,684,0.005972
11,simd-v0,685,0.014928
11,393435,685,0.008916
11,ours-406478,685,0.005901
11,KACTL,685,0.104736
11,393435,686,0.008907
11,ours-406478,686,0.005881
11,KACTL,686,0.101801
11,simd-v0,686,0.015018
11,ours-406478,687,0.005901
11,KACTL,687,0.101831
11,simd-v0,687,0.014928
11,393435,687,0.008917
11,KACTL,688,0.101771
11,simd-v0,688,0.014928
11,393435,688,0.008907
11,ours-406478,688,0.005891
11,simd-v0,689,0.014958
11,393435,689,0.008916
11,ours-406478,689,0.005881
11,KACTL,689,0.101781
11,393435,690,0.008887
11,ours-406478,690,0.005902
11,KACTL,690,0.111389
11,simd-v0,690,0.015059
11,ours-406478,691,0.005921
11,KACTL,691,0.101851
11,simd-v0,691,0.015028
11,393435,691,0.008987
11,KACTL,692,0.101771
11,simd-v0,692,0.014948
11,393435,692,0.008906
11,ours-406478,692,0.005901
11,simd-v0,693,0.015038
11,393435,693,0.008907
11,ours-406478,693,0.005901
11,KACTL,693,0.101820
11,393435,694,0.008916
11,ours-406478,694,0.005871
11,KACTL,694,0.101850
11,simd-v0,694,0.015069
11,ours-406478,695,0.005901
11,KACTL,695,0.101740
11,simd-v0,695,0.014928
11,393435,695,0.008907
11,KACTL,696,0.101711
11,simd-v0,696,0.014978
11,393435,696,0.008906
11,ours-406478,696,0.005891
11,simd-v0,697,0.014998
11,393435,697,0.008877
11,ours-406478,697,0.005921
11,KACTL,697,0.112040
11,393435,698,0.008987
11,ours-406478,698,0.005951
11,KACTL,698,0.101791
11,simd-v0,698,0.015028
11,ours-406478,699,0.005891
11,KACTL,699,0.101761
11,simd-v0,699,0.014928
11,393435,699,0.008896
11,KACTL,700,0.101700
11,simd-v0,700,0.014988
11,393435,700,0.008897
11,ours-406478,700,0.005880
11,simd-v0,701,0.014918
11,393435,701,0.008946
11,ours-406478,701,0.005871
11,KACTL,701,0.101861
11,393435,702,0.008997
11,ours-406478,702,0.005882
11,KACTL,702,0.101800
11,simd-v0,702,0.015088
11,ours-406478,703,0.005881
11,KACTL,703,0.101900
11,simd-v0,703,0.015028
11,393435,703,0.008887
11,KACTL,704,0.101681
11,simd-v0,704,0.015008
11,393435,704,0.008886
11,ours-406478,704,0.015239
11,simd-v0,705,0.014978
11,393435,705,0.008917
11,ours-406478,705,0.005921
11,KACTL,705,0.102111
11,393435,706,0.008906
11,ours-406478,706,0.005951
11,KACTL,706,0.101811
11,simd-v0,706,0.014977
11,ours-406478,707,0.005941
11,KACTL,707,0.101830
11,simd-v0,707,0.014998
11,393435,707,0.008927
11,KACTL,708,0.101811
11,simd-v0,708,0.015018
11,393435,708,0.008907
11,ours-406478,708,0.005901
11,simd-v0,709,0.014968
11,393435,709,0.008887
11,ours-406478,709,0.005871
11,KACTL,709,0.101841
11,393435,710,0.008947
11,ours-406478,710,0.005861
11,KACTL,710,0.101750
11,simd-v0,710,0.014968
11,ours-406478,711,0.005891
11,KACTL,711,0.101811
11,simd-v0,711,0.014948
11,393435,711,0.008917
11,KACTL,712,0.111158
11,simd-v0,712,0.015008
11,393435,712,0.008997
11,ours-406478,712,0.005991
11,simd-v0,713,0.014998
11,393435,713,0.008887
11,ours-406478,713,0.005881
11,KACTL,713,0.101790
11,393435,714,0.008866
11,ours-406478,714,0.005881
11,KACTL,714,0.101781
11,simd-v0,714,0.014948
11,ours-406478,715,0.005871
11,KACTL,715,0.101871
11,simd-v0,715,0.015079
11,393435,715,0.008897
11,KACTL,716,0.101771
11,simd-v0,716,0.014928
11,393435,716,0.008876
11,ours-406478,716,0.005901
11,simd-v0,717,0.014938
11,393435,717,0.008906
11,ours-406478,717,0.005871
11,KACTL,717,0.101911
11,393435,718,0.008887
11,ours-406478,718,0.005871
11,KACTL,718,0.101761
11,simd-v0,718,0.014978
11,ours-406478,719,0.005871
11,KACTL,719,0.111199
11,simd-v0,719,0.015018
11,393435,719,0.008927
11,KACTL,720,0.101881
11,simd-v0,720,0.014979
11,393435,720,0.008897
11,ours-406478,720,0.005971
11,simd-v0,721,0.015028
11,393435,721,0.008886
11,ours-406478,721,0.005881
11,KACTL,721,0.101951
11,393435,722,0.008906
11,ours-406478,722,0.005881
11,KACTL,722,0.101751
11,simd-v0,722,0.014988
11,ours-406478,723,0.005871
11,KACTL,723,0.101851
11,simd-v0,723,0.014928
11,393435,723,0.008896
11,KACTL,724,0.101780
11,simd-v0,724,0.014998
11,393435,724,0.008877
11,ours-406478,724,0.005921
11,simd-v0,725,0.014948
11,393435,725,0.008967
11,ours-406478,725,0.005891
11,KACTL,725,0.101790
11,393435,726,0.008906
11,ours-406478,726,0.005961
11,KACTL,726,0.101690
11,simd-v0,726,0.015048
11,ours-406478,727,0.015218
11,KACTL,727,0.101901
11,simd-v0,727,0.015098
11,393435,727,0.008947
11,KACTL,728,0.101811
11,simd-v0,728,0.014938
11,393435,728,0.008896
11,ours-406478,728,0.005911
11,simd-v0,729,0.014968
11,393435,729,0.008916
11,ours-406478,729,0.005971
11,KACTL,729,0.101830
11,393435,730,0.008876
11,ours-406478,730,0.005881
11,KACTL,730,0.101751
11,simd-v0,730,0.014998
11,ours-406478,731,0.005951
11,KACTL,731,0.101951
11,simd-v0,731,0.015078
11,393435,731,0.009007
11,KACTL,732,0.101701
11,simd-v0,732,0.015048
11,393435,732,0.008886
11,ours-406478,732,0.005901
11,simd-v0,733,0.014978
11,393435,733,0.008886
11,ours-406478,733,0.005891
11,KACTL,733,0.101811
11,393435,734,0.008917
11,ours-406478,734,0.005871
11,KACTL,734,0.111018
11,simd-v0,734,0.015018
11,ours-406478,735,0.005911
11,KACTL,735,0.101831
11,simd-v0,735,0.015028
11,393435,735,0.009007
11,KACTL,736,0.101861
11,simd-v0,736,0.014947
11,393435,736,0.008947
11,ours-406478,736,0.005911
11,simd-v0,737,0.014958
11,393435,737,0.008887
11,ours-406478,737,0.005881
11,KACTL,737,0.101760
11,393435,738,0.008886
11,ours-406478,738,0.005871
11,KACTL,738,0.101811
11,simd-v0,738,0.015069
11,ours-406478,739,0.005861
11,KACTL,739,0.102001
11,simd-v0,739,0.015008
11,393435,739,0.008937
11,KACTL,740,0.101760
11,simd-v0,740,0.015078
11,393435,740,0.008897
11,ours-406478,740,0.006081
11,simd-v0,741,0.014977
11,393435,741,0.008887
11,ours-406478,741,0.005891
11,KACTL,741,0.124112
11,393435,742,0.009087
11,ours-406478,742,0.006072
11,KACTL,742,0.101800
11,simd-v0,742,0.015228
11,ours-406478,743,0.005901
11,KACTL,743,0.101930
11,simd-v0,743,0.014918
11,393435,743,0.008957
11,KACTL,744,0.101700
11,simd-v0,744,0.014927
11,393435,744,0.008967
11,ours-406478,744,0.005901
11,simd-v0,745,0.014948
11,393435,745,0.008937
11,ours-406478,745,0.005882
11,KACTL,745,0.102011
11,393435,746,0.008897
11,ours-406478,746,0.005882
11,KACTL,746,0.101761
11,simd-v0,746,0.014958
11,ours-406478,747,0.005891
11,KACTL,747,0.101871
11,simd-v0,747,0.015037
11,393435,747,0.008917
11,KACTL,748,0.101850
11,simd-v0,748,0.014957
11,393435,748,0.019437
11,ours-406478,748,0.005942
11,simd-v0,749,0.015028
11,393435,749,0.008917
11,ours-406478,749,0.005901
11,KACTL,749,0.102030
11,393435,750,0.008897
11,ours-406478,750,0.005861
11,KACTL,750,0.101760
11,simd-v0,750,0.014968
11,ours-406478,751,0.005871
11,KACTL,751,0.101801
11,simd-v0,751,0.014928
11,393435,751,0.008897
11,KACTL,752,0.101830
11,simd-v0,752,0.014948
11,393435,752,0.008887
11,ours-406478,752,0.005911
11,simd-v0,753,0.015038
11,393435,753,0.008937
11,ours-406478,753,0.005880
11,KACTL,753,0.101831
11,393435,754,0.008897
11,ours-406478,754,0.005871
11,KACTL,754,0.101690
11,simd-v0,754,0.014958
11,ours-406478,755,0.005891
11,KACTL,755,0.101950
11,simd-v0,755,0.014938
11,393435,755,0.008926
11,KACTL,756,0.111128
11,simd-v0,756,0.015018
11,393435,756,0.008937
11,ours-406478,756,0.006001
11,simd-v0,757,0.015029
11,393435,757,0.008917
11,ours-406478,757,0.005871
11,KACTL,757,0.101921
11,393435,758,0.008997
11,ours-406478,758,0.005871
11,KACTL,758,0.104055
11,simd-v0,758,0.015059
11,ours-406478,759,0.005871
11,KACTL,759,0.102221
11,simd-v0,759,0.014948
11,393435,759,0.008927
11,KACTL,760,0.101721
11,simd-v0,760,0.014998
11,393435,760,0.008896
11,ours-406478,760,0.005901
11,simd-v0,761,0.014959
11,393435,761,0.008977
11,ours-406478,761,0.005881
11,KACTL,761,0.101931
11,393435,762,0.008897
11,ours-406478,762,0.005951
11,KACTL,762,0.101860
11,simd-v0,762,0.014948
11,ours-406478,763,0.005942
11,KACTL,763,0.112661
11,simd-v0,763,0.015098
11,393435,763,0.008976
11,KACTL,764,0.101851
11,simd-v0,764,0.014948
11,393435,764,0.008887
11,ours-406478,764,0.006021
11,simd-v0,765,0.014918
11,393435,765,0.008897
11,ours-406478,765,0.005962
11,KACTL,765,0.101861
11,393435,766,0.008897
11,ours-406478,766,0.005861
11,KACTL,766,0.101861
11,simd-v0,766,0.014908
11,ours-406478,767,0.005942
11,KACTL,767,0.101851
11,simd-v0,767,0.014928
11,393435,767,0.008967
11,KACTL,768,0.101811
11,simd-v0,768,0.015068
11,393435,768,0.008876
11,ours-406478,768,0.005911
11,simd-v0,769,0.014968
11,393435,769,0.008907
11,ours-406478,769,0.005891
11,KACTL,769,0.101671
11,393435,770,0.008907
11,ours-406478,770,0.005871
11,KACTL,770,0.111428
11,simd-v0,770,0.014948
11,ours-406478,771,0.005911
11,KACTL,771,0.102662
11,simd-v0,771,0.014958
11,393435,771,0.008947
11,KACTL,772,0.101801
11,simd-v0,772,0.014958
11,393435,772,0.008967
11,ours-406478,772,0.005911
11,simd-v0,773,0.014979
11,393435,773,0.008917
11,ours-406478,773,0.005901
11,KACTL,773,0.101880
11,393435,774,0.008897
11,ours-406478,774,0.005891
11,KACTL,774,0.101570
11,simd-v0,774,0.014958
11,ours-406478,775,0.005891
11,KACTL,775,0.101851
11,simd-v0,775,0.014959
11,393435,775,0.008897
11,KACTL,776,0.101781
11,simd-v0,776,0.015048
11,393435,776,0.008897
11,ours-406478,776,0.005911
11,simd-v0,777,0.015028
11,393435,777,0.008897
11,ours-406478,777,0.005891
11,KACTL,777,0.101820
11,393435,778,0.008907
11,ours-406478,778,0.005871
11,KACTL,778,0.111158
11,simd-v0,778,0.014968
11,ours-406478,779,0.005911
11,KACTL,779,0.101851
11,simd-v0,779,0.014948
11,393435,779,0.008957
11,KACTL,780,0.101921
11,simd-v0,780,0.014908
11,393435,780,0.008887
11,ours-406478,780,0.005901
11,simd-v0,781,0.015018
11,393435,781,0.008896
11,ours-406478,781,0.005891
11,KACTL,781,0.101971
11,393435,782,0.008927
11,ours-406478,782,0.005880
11,KACTL,782,0.101690
11,simd-v0,782,0.015018
11,ours-406478,783,0.005881
11,KACTL,783,0.101831
11,simd-v0,783,0.014998
11,393435,783,0.008937
11,KACTL,784,0.101741
11,simd-v0,784,0.015018
11,393435,784,0.008927
11,ours-406478,784,0.005901
11,simd-v0,785,0.014928
11,393435,785,0.009037
11,ours-406478,785,0.005891
11,KACTL,785,0.111990
11,393435,786,0.008967
11,ours-406478,786,0.005961
11,KACTL,786,0.101740
11,simd-v0,786,0.015059
11,ours-406478,787,0.005901
11,KACTL,787,0.101840
11,simd-v0,787,0.014918
11,393435,787,0.008907
11,KACTL,788,0.101810
11,simd-v0,788,0.014968
11,393435,788,0.008917
11,ours-406478,788,0.005891
11,simd-v0,789,0.014938
11,393435,789,0.008987
11,ours-406478,789,0.005871
11,KACTL,789,0.101881
11,393435,790,0.008917
11,ours-406478,790,0.005881
11,KACTL,790,0.101811
11,simd-v0,790,0.014988
11,ours-406478,791,0.005882
11,KACTL,791,0.101901
11,simd-v0,791,0.015008
11,393435,791,0.008947
11,KACTL,792,0.101770
11,simd-v0,792,0.024356
11,393435,792,0.008926
11,ours-406478,792,0.005921
11,simd-v0,793,0.014968
11,393435,793,0.008937
11,ours-406478,793,0.005951
11,KACTL,793,0.101961
11,393435,794,0.008907
11,ours-406478,794,0.005942
11,KACTL,794,0.101771
11,simd-v0,794,0.014898
11,ours-406478,795,0.005951
11,KACTL,795,0.101861
11,simd-v0,795,0.014938
11,393435,795,0.008966
11,KACTL,796,0.101700
11,simd-v0,796,0.014988
11,393435,796,0.008896
11,ours-406478,796,0.005891
11,simd-v0,797,0.014988
11,393435,797,0.008936
11,ours-406478,797,0.005911
11,KACTL,797,0.101861
11,393435,798,0.008937
11,ours-406478,798,0.005880
11,KACTL,798,0.101720
11,simd-v0,798,0.014918
11,ours-406478,799,0.005891
11,KACTL,799,0.101861
11,simd-v0,799,0.014928
11,393435,799,0.008896
11,KACTL,800,0.111028
11,simd-v0,800,0.015028
11,393435,800,0.009017
11,ours-406478,800,0.005971
11,simd-v0,801,0.014957
11,393435,801,0.008917
11,ours-406478,801,0.005871
11,KACTL,801,0.101850
11,393435,802,0.008906
11,ours-406478,802,0.005881
11,KACTL,802,0.101730
11,simd-v0,802,0.014948
11,ours-406478,803,0.005901
11,KACTL,803,0.102742
11,simd-v0,803,0.014958
11,393435,803,0.008937
11,KACTL,804,0.101821
11,simd-v0,804,0.014938
11,393435,804,0.008906
11,ours-406478,804,0.005901
11,simd-v0,805,0.014968
11,393435,805,0.008907
11,ours-406478,805,0.005881
11,KACTL,805,0.101830
11,393435,806,0.008917
11,ours-406478,806,0.005881
11,KACTL,806,0.101761
11,simd-v0,806,0.014938
11,ours-406478,807,0.005871
11,KACTL,807,0.111819
11,simd-v0,807,0.015039
11,393435,807,0.008947
11,KACTL,808,0.101780
11,simd-v0,808,0.014959
11,393435,808,0.008877
11,ours-406478,808,0.005991
11,simd-v0,809,0.015018
11,393435,809,0.008896
11,ours-406478,809,0.005871
11,KACTL,809,0.101961
11,393435,810,0.008927
11,ours-406478,810,0.005871
11,KACTL,810,0.102542
11,simd-v0,810,0.014968
11,ours-406478,811,0.005861
11,KACTL,811,0.101840
11,simd-v0,811,0.014939
11,393435,811,0.008917
11,KACTL,812,0.101751
11,simd-v0,812,0.015018
11,393435,812,0.008927
11,ours-406478,812,0.005891
11,simd-v0,813,0.014948
11,393435,813,0.008977
11,ours-406478,813,0.005891
11,KACTL,813,0.101901
11,393435,814,0.008927
11,ours-406478,814,0.005941
11,KACTL,814,0.110877
11,simd-v0,814,0.015098
11,ours-406478,815,0.005891
11,KACTL,815,0.101940
11,simd-v0,815,0.015018
11,393435,815,0.008966
11,KACTL,816,0.101660
11,simd-v0,816,0.014948
11,393435,816,0.008887
11,ours-406478,816,0.005902
11,simd-v0,817,0.014978
11,393435,817,0.008906
11,ours-406478,817,0.005961
11,KACTL,817,0.101900
11,393435,818,0.009428
11,ours-406478,818,0.005861
11,KACTL,818,0.101750
11,simd-v0,818,0.014968
11,ours-406478,819,0.005952
11,KACTL,819,0.101640
11,simd-v0,819,0.014948
11,393435,819,0.008987
11,KACTL,820,0.101770
11,simd-v0,820,0.015039
11,393435,820,0.008877
11,ours-406478,820,0.005881
11,simd-v0,821,0.014938
11,393435,821,0.008897
11,ours-406478,821,0.005891
11,KACTL,821,0.101851
11,393435,822,0.008907
11,ours-406478,822,0.005881
11,KACTL,822,0.111078
11,simd-v0,822,0.015038
11,ours-406478,823,0.005911
11,KACTL,823,0.101800
11,simd-v0,823,0.014958
11,393435,823,0.009077
11,KACTL,824,0.101851
11,simd-v0,824,0.015098
11,393435,824,0.008877
11,ours-406478,824,0.006021
11,simd-v0,825,0.014928
11,393435,825,0.008947
11,ours-406478,825,0.005891
11,KACTL,825,0.101790
11,393435,826,0.008896
11,ours-406478,826,0.005871
11,KACTL,826,0.101801
11,simd-v0,826,0.014959
11,ours-406478,827,0.005871
11,KACTL,827,0.101900
11,simd-v0,827,0.014948
11,393435,827,0.008907
11,KACTL,828,0.101891
11,simd-v0,828,0.014968
11,393435,828,0.008937
11,ours-406478,828,0.006001
11,simd-v0,829,0.014978
11,393435,829,0.008896
11,ours-406478,829,0.005871
11,KACTL,829,0.111859
11,393435,830,0.008957
11,ours-406478,830,0.005952
11,KACTL,830,0.101791
11,simd-v0,830,0.015039
11,ours-406478,831,0.005871
11,KACTL,831,0.101740
11,simd-v0,831,0.014957
11,393435,831,0.011582
11,KACTL,832,0.101760
11,simd-v0,832,0.014948
11,393435,832,0.008927
11,ours-406478,832,0.005911
11,simd-v0,833,0.014978
11,393435,833,0.008917
11,ours-406478,833,0.005902
11,KACTL,833,0.101850
11,393435,834,0.008937
11,ours-406478,834,0.005891
11,KACTL,834,0.101750
11,simd-v0,834,0.014968
11,ours-406478,835,0.005871
11,KACTL,835,0.101800
11,simd-v0,835,0.014938
11,393435,835,0.008937
11,KACTL,836,0.101880
11,simd-v0,836,0.024396
11,393435,836,0.008947
11,ours-406478,836,0.005951
11,simd-v0,837,0.015038
11,393435,837,0.008947
11,ours-406478,837,0.005881
11,KACTL,837,0.101910
11,393435,838,0.008917
11,ours-406478,838,0.005881
11,KACTL,838,0.101790
11,simd-v0,838,0.014928
11,ours-406478,839,0.005882
11,KACTL,839,0.101720
11,simd-v0,839,0.014948
11,393435,839,0.008897
11,KACTL,840,0.101910
11,simd-v0,840,0.014918
11,393435,840,0.008887
11,ours-406478,840,0.005921
11,simd-v0,841,0.014968
11,393435,841,0.008987
11,ours-406478,841,0.005901
11,KACTL,841,0.101841
11,393435,842,0.008897
11,ours-406478,842,0.005871
11,KACTL,842,0.101741
11,simd-v0,842,0.015048
11,ours-406478,843,0.005881
11,KACTL,843,0.101871
11,simd-v0,843,0.015049
11,393435,843,0.008887
11,KACTL,844,0.111228
11,simd-v0,844,0.015009
11,393435,844,0.008957
11,ours-406478,844,0.006002
11,simd-v0,845,0.014958
11,393435,845,0.008946
11,ours-406478,845,0.005971
11,KACTL,845,0.101850
11,393435,846,0.008896
11,ours-406478,846,0.005951
11,KACTL,846,0.101700
11,simd-v0,846,0.014928
11,ours-406478,847,0.005961
11,KACTL,847,0.101860
11,simd-v0,847,0.014948
11,393435,847,0.008957
11,KACTL,848,0.101800
11,simd-v0,848,0.014988
11,393435,848,0.008897
11,ours-406478,848,0.005901
11,simd-v0,849,0.014938
11,393435,849,0.008907
11,ours-406478,849,0.005891
11,KACTL,849,0.101780
11,393435,850,0.008897
11,ours-406478,850,0.005861
11,KACTL,850,0.101791
11,simd-v0,850,0.014948
11,ours-406478,851,0.005891
11,KACTL,851,0.111138
11,simd-v0,851,0.015017
11,393435,851,0.009037
11,KACTL,852,0.101760
11,simd-v0,852,0.014938
11,393435,852,0.009107
11,ours-406478,852,0.005981
11,simd-v0,853,0.014958
11,393435,853,0.008967
11,ours-406478,853,0.005881
11,KACTL,853,0.101810
11,393435,854,0.008896
11,ours-406478,854,0.005881
11,KACTL,854,0.101871
11,simd-v0,854,0.014958
11,ours-406478,855,0.005871
11,KACTL,855,0.101800
11,simd-v0,855,0.014958
11,393435,855,0.008927
11,KACTL,856,0.101841
11,simd-v0,856,0.015068
11,393435,856,0.008917
11,ours-406478,856,0.005911
11,simd-v0,857,0.014988
11,393435,857,0.008927
11,ours-406478,857,0.005901
11,KACTL,857,0.101781
11,393435,858,0.008927
11,ours-406478,858,0.005891
11,KACTL,858,0.111368
11,simd-v0,858,0.014988
11,ours-406478,859,0.005921
11,KACTL,859,0.101800
11,simd-v0,859,0.014908
11,393435,859,0.008957
11,KACTL,860,0.101810
11,simd-v0,860,0.014937
11,393435,860,0.008917
11,ours-406478,860,0.005891
11,simd-v0,861,0.014998
11,393435,861,0.008906
11,ours-406478,861,0.005891
11,KACTL,861,0.101811
11,393435,862,0.008937
11,ours-406478,862,0.005881
11,KACTL,862,0.101710
11,simd-v0,862,0.014918
11,ours-406478,863,0.005871
11,KACTL,863,0.101800
11,simd-v0,863,0.014928
11,393435,863,0.008887
11,KACTL,864,0.101821
11,simd-v0,864,0.014968
11,393435,864,0.008897
11,ours-406478,864,0.005901
11,simd-v0,865,0.014948
11,393435,865,0.008977
11,ours-406478,865,0.005891
11,KACTL,865,0.101800
11,393435,866,0.008956
11,ours-406478,866,0.016892
11,KACTL,866,0.102000
11,simd-v0,866,0.015109
11,ours-406478,867,0.005881
11,KACTL,867,0.101840
11,simd-v0,867,0.014948
11,393435,867,0.009047
11,KACTL,868,0.101871
11,simd-v0,868,0.014968
11,393435,868,0.008876
11,ours-406478,868,0.005882
11,simd-v0,869,0.014978
11,393435,869,0.008997
11,ours-406478,869,0.005871
11,KACTL,869,0.101810
11,393435,870,0.008996
11,ours-406478,870,0.005871
11,KACTL,870,0.101780
11,simd-v0,870,0.015038
11,ours-406478,871,0.005871
11,KACTL,871,0.101821
11,simd-v0,871,0.014977
11,393435,871,0.008927
11,KACTL,872,0.101791
11,simd-v0,872,0.015048
11,393435,872,0.008917
11,ours-406478,872,0.005881
11,simd-v0,873,0.014937
11,393435,873,0.008917
11,ours-406478,873,0.005891
11,KACTL,873,0.113382
11,393435,874,0.008946
11,ours-406478,874,0.006032
11,KACTL,874,0.101760
11,simd-v0,874,0.015088
11,ours-406478,875,0.005871
11,KACTL,875,0.101791
11,simd-v0,875,0.015017
11,393435,875,0.008897
11,KACTL,876,0.101690
11,simd-v0,876,0.015049
11,393435,876,0.008876
11,ours-406478,876,0.005891
11,simd-v0,877,0.014997
11,393435,877,0.008897
11,ours-406478,877,0.005881
11,KACTL,877,0.101770
11,393435,878,0.008926
11,ours-406478,878,0.005871
11,KACTL,878,0.101770
11,simd-v0,878,0.014968
11,ours-406478,879,0.005881
11,KACTL,879,0.101860
11,simd-v0,879,0.014917
11,393435,879,0.008887
11,KACTL,880,0.101721
11,simd-v0,880,0.014998
11,393435,880,0.008937
11,ours-406478,880,0.005992
11,simd-v0,881,0.014968
11,393435,881,0.008896
11,ours-406478,881,0.005901
11,KACTL,881,0.101901
11,393435,882,0.008927
11,ours-406478,882,0.005851
11,KACTL,882,0.101740
11,simd-v0,882,0.014937
11,ours-406478,883,0.005871
11,KACTL,883,0.101890
11,simd-v0,883,0.014978
11,393435,883,0.008907
11,KACTL,884,0.102581
11,simd-v0,884,0.015018
11,393435,884,0.008896
11,ours-406478,884,0.005981
11,simd-v0,885,0.015037
11,393435,885,0.008897
11,ours-406478,885,0.005881
11,KACTL,885,0.101820
11,393435,886,0.008896
11,ours-406478,886,0.005861
11,KACTL,886,0.101770
11,simd-v0,886,0.014968
11,ours-406478,887,0.005901
11,KACTL,887,0.101770
11,simd-v0,887,0.015048
11,393435,887,0.008907
11,KACTL,888,0.110998
11,simd-v0,888,0.015018
11,393435,888,0.008947
11,ours-406478,888,0.005961
11,simd-v0,889,0.015078
11,393435,889,0.008897
11,ours-406478,889,0.005901
11,KACTL,889,0.101841
11,393435,890,0.008907
11,ours-406478,890,0.005882
11,KACTL,890,0.101771
11,simd-v0,890,0.014958
11,ours-406478,891,0.005871
11,KACTL,891,0.102662
11,simd-v0,891,0.014968
11,393435,891,0.008917
11,KACTL,892,0.101730
11,simd-v0,892,0.014957
11,393435,892,0.008907
11,ours-406478,892,0.005911
11,simd-v0,893,0.014938
11,393435,893,0.008967
11,ours-406478,893,0.005871
11,KACTL,893,0.101951
11,393435,894,0.008987
11,ours-406478,894,0.005871
11,KACTL,894,0.101871
11,simd-v0,894,0.015028
11,ours-406478,895,0.005871
11,KACTL,895,0.111238
11,simd-v0,895,0.015038
11,393435,895,0.008947
11,KACTL,896,0.101881
11,simd-v0,896,0.014927
11,393435,896,0.008937
11,ours-406478,896,0.005961
11,simd-v0,897,0.014958
11,393435,897,0.008996
11,ours-406478,897,0.005891
11,KACTL,897,0.101881
11,393435,898,0.008897
11,ours-406478,898,0.005940
11,KACTL,898,0.101791
11,simd-v0,898,0.014988
11,ours-406478,899,0.006181
11,KACTL,899,0.101840
11,simd-v0,899,0.014988
11,393435,899,0.008906
11,KACTL,900,0.101770
11,simd-v0,900,0.015048
11,393435,900,0.008936
11,ours-406478,900,0.005891
11,simd-v0,901,0.014968
11,393435,901,0.008887
11,ours-406478,901,0.005891
11,KACTL,901,0.101851
11,393435,902,0.008957
11,ours-406478,902,0.005861
11,KACTL,902,0.110777
11,simd-v0,902,0.015058
11,ours-406478,903,0.005921
11,KACTL,903,0.101841
11,simd-v0,903,0.014968
11,393435,903,0.008967
11,KACTL,904,0.101750
11,simd-v0,904,0.014977
11,393435,904,0.008977
11,ours-406478,904,0.005931
11,simd-v0,905,0.014968
11,393435,905,0.011341
11,ours-406478,905,0.005901
11,KACTL,905,0.101911
11,393435,906,0.008907
11,ours-406478,906,0.005971
11,KACTL,906,0.101750
11,simd-v0,906,0.014968
11,ours-406478,907,0.005861
11,KACTL,907,0.101901
11,simd-v0,907,0.014989
11,393435,907,0.008887
11,KACTL,908,0.101801
11,simd-v0,908,0.014978
11,393435,908,0.008957
11,ours-406478,908,0.005931
11,simd-v0,909,0.014918
11,393435,909,0.008887
11,ours-406478,909,0.005881
11,KACTL,909,0.101911
11,393435,910,0.019236
11,ours-406478,910,0.005961
11,KACTL,910,0.101891
11,simd-v0,910,0.015069
11,ours-406478,911,0.005891
11,KACTL,911,0.101931
11,simd-v0,911,0.014938
11,393435,911,0.008927
11,KACTL,912,0.101780
11,simd-v0,912,0.014958
11,393435,912,0.008897
11,ours-406478,912,0.005961
11,simd-v0,913,0.014998
11,393435,913,0.008917
11,ours-406478,913,0.005871
11,KACTL,913,0.101831
11,393435,914,0.008917
11,ours-406478,914,0.005891
11,KACTL,914,0.101740
11,simd-v0,914,0.014938
11,ours-406478,915,0.005891
11,KACTL,915,0.101891
11,simd-v0,915,0.014938
11,393435,915,0.008937
11,KACTL,916,0.101991
11,simd-v0,916,0.014938
11,393435,916,0.008907
11,ours-406478,916,0.005901
11,simd-v0,917,0.015008
11,393435,917,0.008917
11,ours-406478,917,0.005891
11,KACTL,917,0.111158
11,393435,918,0.008956
11,ours-406478,918,0.005971
11,KACTL,918,0.101760
11,simd-v0,918,0.015038
11,ours-406478,919,0.005891
11,KACTL,919,0.101850
11,simd-v0,919,0.014938
11,393435,919,0.008897
11,KACTL,920,0.101861
11,simd-v0,920,0.015048
11,393435,920,0.008916
11,ours-406478,920,0.005901
11,simd-v0,921,0.014928
11,393435,921,0.008997
11,ours-406478,921,0.005881
11,KACTL,921,0.101720
11,393435,922,0.008987
11,ours-406478,922,0.005881
11,KACTL,922,0.101731
11,simd-v0,922,0.015018
11,ours-406478,923,0.005901
11,KACTL,923,0.101911
11,simd-v0,923,0.015018
11,393435,923,0.008947
11,KACTL,924,0.110887
11,simd-v0,924,0.014918
11,393435,924,0.008967
11,ours-406478,924,0.005931
11,simd-v0,925,0.014928
11,393435,925,0.008976
11,ours-406478,925,0.005901
11,KACTL,925,0.101910
11,393435,926,0.008917
11,ours-406478,926,0.005961
11,KACTL,926,0.101760
11,simd-v0,926,0.014938
11,ours-406478,927,0.005891
11,KACTL,927,0.101760
11,simd-v0,927,0.015048
11,393435,927,0.008947
11,KACTL,928,0.101790
11,simd-v0,928,0.015008
11,393435,928,0.008907
11,ours-406478,928,0.005911
11,simd-v0,929,0.014918
11,393435,929,0.008927
11,ours-406478,929,0.005882
11,KACTL,929,0.101841
11,393435,930,0.008897
11,ours-406478,930,0.005891
11,KACTL,930,0.101861
11,simd-v0,930,0.015028
11,ours-406478,931,0.005881
11,KACTL,931,0.101871
11,simd-v0,931,0.014928
11,393435,931,0.008896
11,KACTL,932,0.111038
11,simd-v0,932,0.015098
11,393435,932,0.008927
11,ours-406478,932,0.005941
11,simd-v0,933,0.014968
11,393435,933,0.008927
11,ours-406478,933,0.005891
11,KACTL,933,0.101931
11,393435,934,0.008907
11,ours-406478,934,0.005871
11,KACTL,934,0.101830
11,simd-v0,934,0.014918
11,ours-406478,935,0.005901
11,KACTL,935,0.101861
11,simd-v0,935,0.014968
11,393435,935,0.008946
11,KACTL,936,0.101830
11,simd-v0,936,0.014978
11,393435,936,0.008917
11,ours-406478,936,0.005971
11,simd-v0,937,0.014928
11,393435,937,0.008926
11,ours-406478,937,0.005871
11,KACTL,937,0.101761
11,393435,938,0.008887
11,ours-406478,938,0.005882
11,KACTL,938,0.101841
11,simd-v0,938,0.014918
11,ours-406478,939,0.005882
11,KACTL,939,0.117039
11,simd-v0,939,0.015038
11,393435,939,0.008967
11,KACTL,940,0.101820
11,simd-v0,940,0.014938
11,393435,940,0.008937
11,ours-406478,940,0.006171
11,simd-v0,941,0.015009
11,393435,941,0.008897
11,ours-406478,941,0.005891
11,KACTL,941,0.101971
11,393435,942,0.008887
11,ours-406478,942,0.005860
11,KACTL,942,0.102612
11,simd-v0,942,0.014948
11,ours-406478,943,0.005881
11,KACTL,943,0.101860
11,simd-v0,943,0.014978
11,393435,943,0.008907
11,KACTL,944,0.101851
11,simd-v0,944,0.015008
11,393435,944,0.008897
11,ours-406478,944,0.005881
11,simd-v0,945,0.015108
11,393435,945,0.008886
11,ours-406478,945,0.005881
11,KACTL,945,0.101831
11,393435,946,0.008977
11,ours-406478,946,0.005860
11,KACTL,946,0.112140
11,simd-v0,946,0.014998
11,ours-406478,947,0.005901
11,KACTL,947,0.101881
11,simd-v0,947,0.014999
11,393435,947,0.008957
11,KACTL,948,0.101810
11,simd-v0,948,0.015068
11,393435,948,0.008877
11,ours-406478,948,0.005902
11,simd-v0,949,0.014988
11,393435,949,0.008957
11,ours-406478,949,0.005901
11,KACTL,949,0.101851
11,393435,950,0.008977
11,ours-406478,950,0.005881
11,KACTL,950,0.101791
11,simd-v0,950,0.015019
11,ours-406478,951,0.005931
11,KACTL,951,0.101841
11,simd-v0,951,0.014948
11,393435,951,0.008936
11,KACTL,952,0.101760
11,simd-v0,952,0.014948
11,393435,952,0.008887
11,ours-406478,952,0.005900
11,simd-v0,953,0.014928
11,393435,953,0.008966
11,ours-406478,953,0.005901
11,KACTL,953,0.111980
11,393435,954,0.009027
11,ours-406478,954,0.005941
11,KACTL,954,0.102612
11,simd-v0,954,0.015098
11,ours-406478,955,0.005880
11,KACTL,955,0.101741
11,simd-v0,955,0.015048
11,393435,955,0.008906
11,KACTL,956,0.101720
11,simd-v0,956,0.014918
11,393435,956,0.008887
11,ours-406478,956,0.005891
11,simd-v0,957,0.014938
11,393435,957,0.008917
11,ours-406478,957,0.005971
11,KACTL,957,0.101731
11,393435,958,0.008927
11,ours-406478,958,0.005881
11,KACTL,958,0.101760
11,simd-v0,958,0.014938
11,ours-406478,959,0.005871
11,KACTL,959,0.101901
11,simd-v0,959,0.014958
11,393435,959,0.009067
11,KACTL,960,0.101770
11,simd-v0,960,0.014988
11,393435,960,0.008896
11,ours-406478,960,0.005911
11,simd-v0,961,0.014938
11,393435,961,0.008957
11,ours-406478,961,0.005881
11,KACTL,961,0.111409
11,393435,962,0.008947
11,ours-406478,962,0.005951
11,KACTL,962,0.101770
11,simd-v0,962,0.015058
11,ours-406478,963,0.005901
11,KACTL,963,0.101861
11,simd-v0,963,0.014998
11,393435,963,0.008896
11,KACTL,964,0.101751
11,simd-v0,964,0.014978
11,393435,964,0.008976
11,ours-406478,964,0.005891
11,simd-v0,965,0.014939
11,393435,965,0.008917
11,ours-406478,965,0.005891
11,KACTL,965,0.101920
11,393435,966,0.008887
11,ours-406478,966,0.005881
11,KACTL,966,0.101860
11,simd-v0,966,0.014918
11,ours-406478,967,0.005881
11,KACTL,967,0.101951
11,simd-v0,967,0.014918
11,393435,967,0.008906
11,KACTL,968,0.111148
11,simd-v0,968,0.019977
11,393435,968,0.012524
11,ours-406478,968,0.009678
11,simd-v0,969,0.015078
11,393435,969,0.008997
11,ours-406478,969,0.005891
11,KACTL,969,0.102402
11,393435,970,0.008967
11,ours-406478,970,0.005871
11,KACTL,970,0.101791
11,simd-v0,970,0.014938
11,ours-406478,971,0.005861
11,KACTL,971,0.101911
11,simd-v0,971,0.014959
11,393435,971,0.008887
11,KACTL,972,0.101731
11,simd-v0,972,0.014978
11,393435,972,0.008886
11,ours-406478,972,0.005951
11,simd-v0,973,0.014957
11,393435,973,0.008897
11,ours-406478,973,0.005891
11,KACTL,973,0.101790
11,393435,974,0.008966
11,ours-406478,974,0.005871
11,KACTL,974,0.101781
11,simd-v0,974,0.014968
11,ours-406478,975,0.005861
11,KACTL,975,0.101991
11,simd-v0,975,0.026329
11,393435,975,0.008937
11,KACTL,976,0.101740
11,simd-v0,976,0.014999
11,393435,976,0.008917
11,ours-406478,976,0.006101
11,simd-v0,977,0.014958
11,393435,977,0.008906
11,ours-406478,977,0.005881
11,KACTL,977,0.101851
11,393435,978,0.008906
11,ours-406478,978,0.008486
11,KACTL,978,0.101850
11,simd-v0,978,0.015008
11,ours-406478,979,0.005881
11,KACTL,979,0.102732
11,simd-v0,979,0.014968
11,393435,979,0.008917
11,KACTL,980,0.101791
11,simd-v0,980,0.014958
11,393435,980,0.008886
11,ours-406478,980,0.005901
11,simd-v0,981,0.015028
11,393435,981,0.008907
11,ours-406478,981,0.005891
11,KACTL,981,0.101910
11,393435,982,0.008906
11,ours-406478,982,0.005881
11,KACTL,982,0.101840
11,simd-v0,982,0.015018
11,ours-406478,983,0.005891
11,KACTL,983,0.123401
11,simd-v0,983,0.015048
11,393435,983,0.009127
11,KACTL,984,0.101661
11,simd-v0,984,0.014908
11,393435,984,0.008907
11,ours-406478,984,0.006131
11,simd-v0,985,0.015068
11,393435,985,0.008917
11,ours-406478,985,0.005881
11,KACTL,985,0.101731
11,393435,986,0.008917
11,ours-406478,986,0.005881
11,KACTL,986,0.102512
11,simd-v0,986,0.014938
11,ours-406478,987,0.005871
11,KACTL,987,0.101921
11,simd-v0,987,0.014957
11,393435,987,0.008927
11,KACTL,988,0.101781
11,simd-v0,988,0.014958
11,393435,988,0.008887
11,ours-406478,988,0.005891
11,simd-v0,989,0.014918
11,393435,989,0.009017
11,ours-406478,989,0.005911
11,KACTL,989,0.102031
11,393435,990,0.009017
11,ours-406478,990,0.005871
11,KACTL,990,0.112010
11,simd-v0,990,0.015068
11,ours-406478,991,0.005900
11,KACTL,991,0.101871
11,simd-v0,991,0.014958
11,393435,991,0.008987
11,KACTL,992,0.101691
11,simd-v0,992,0.014988
11,393435,992,0.008916
11,ours-406478,992,0.005961
11,simd-v0,993,0.015018
11,393435,993,0.008877
11,ours-406478,993,0.005882
11,KACTL,993,0.102492
11,393435,994,0.008987
11,ours-406478,994,0.005871
11,KACTL,994,0.101761
11,simd-v0,994,0.015029
11,ours-406478,995,0.005871
11,KACTL,995,0.101800
11,simd-v0,995,0.015098
11,393435,995,0.008886
11,KACTL,996,0.101650
11,simd-v0,996,0.014959
11,393435,996,0.008927
11,ours-406478,996,0.005901
11,simd-v0,997,0.015008
11,393435,997,0.008907
11,ours-406478,997,0.005971
11,KACTL,997,0.128380
11,393435,998,0.009148
11,ours-406478,998,0.006231
11,KACTL,998,0.101961
11,simd-v0,998,0.015119
11,ours-406478,999,0.005921
11,KACTL,999,0.101861
11,simd-v0,999,0.014918
11,393435,999,0.008937
11,KACTL,1000,0.101760
11,simd-v0,1000,0.014958
11,393435,1000,0.008927
11,ours-406478,1000,0.005880
12,KACTL,0,0.220072
12,simd-v0,0,0.029005
12,393435,0,0.020098
12,ours-406478,0,0.012434
12,simd-v0,1,0.028985
12,393435,1,0.019958
12,ours-406478,1,0.012364
12,KACTL,1,0.230011
12,393435,2,0.019967
12,ours-406478,2,0.012573
12,KACTL,2,0.219090
12,simd-v0,2,0.029175
12,ours-406478,3,0.012444
12,KACTL,3,0.220222
12,simd-v0,3,0.029094
12,393435,3,0.019948
12,KACTL,4,0.219181
12,simd-v0,4,0.028965
12,393435,4,0.019937
12,ours-406478,4,0.012413
12,simd-v0,5,0.029014
12,393435,5,0.020018
12,ours-406478,5,0.012343
12,KACTL,5,0.230491
12,393435,6,0.019978
12,ours-406478,6,0.012533
12,KACTL,6,0.219271
12,simd-v0,6,0.030026
12,ours-406478,7,0.012393
12,KACTL,7,0.219450
12,simd-v0,7,0.029104
12,393435,7,0.019967
12,KACTL,8,0.237935
12,simd-v0,8,0.032791
12,393435,8,0.020248
12,ours-406478,8,0.012884
12,simd-v0,9,0.029114
12,393435,9,0.020077
12,ours-406478,9,0.012373
12,KACTL,9,0.220412
12,393435,10,0.019977
12,ours-406478,10,0.012383
12,KACTL,10,0.219110
12,simd-v0,10,0.029075
12,ours-406478,11,0.012343
12,KACTL,11,0.219451
12,simd-v0,11,0.029065
12,393435,11,0.019978
12,KACTL,12,0.242524
12,simd-v0,12,0.029215
12,393435,12,0.020188
12,ours-406478,12,0.012835
12,simd-v0,13,0.029185
12,393435,13,0.020027
12,ours-406478,13,0.012383
12,KACTL,13,0.219521
12,393435,14,0.019898
12,ours-406478,14,0.012373
12,KACTL,14,0.219150
12,simd-v0,14,0.029095
12,ours-406478,15,0.012393
12,KACTL,15,0.231032
12,simd-v0,15,0.029155
12,393435,15,0.020058
12,KACTL,16,0.219100
12,simd-v0,16,0.028943
12,393435,16,0.019867
12,ours-406478,16,0.012734
12,simd-v0,17,0.029104
12,393435,17,0.019887
12,ours-406478,17,0.012363
12,KACTL,17,0.219420
12,393435,18,0.020027
12,ours-406478,18,0.012403
12,KACTL,18,0.218959
12,simd-v0,18,0.029174
12,ours-406478,19,0.023083
12,KACTL,19,0.219501
12,simd-v0,19,0.029055
12,393435,19,0.022973
12,KACTL,20,0.219150
12,simd-v0,20,0.029174
12,393435,20,0.019877
12,ours-406478,20,0.012584
12,simd-v0,21,0.029084
12,393435,21,0.019917
12,ours-406478,21,0.012383
12,KACTL,21,0.219310
12,393435,22,0.019857
12,ours-406478,22,0.012433
12,KACTL,22,0.229440
12,simd-v0,22,0.029475
12,ours-406478,23,0.012474
12,KACTL,23,0.219631
12,simd-v0,23,0.028994
12,393435,23,0.020168
12,KACTL,24,0.219120
12,simd-v0,24,0.029085
12,393435,24,0.019877
12,ours-406478,24,0.012403
12,simd-v0,25,0.029085
12,393435,25,0.019857
12,ours-406478,25,0.012363
12,KACTL,25,0.243385
12,393435,26,0.020348
12,ours-406478,26,0.012774
12,KACTL,26,0.220282
12,simd-v0,26,0.029175
12,ours-406478,27,0.012353
12,KACTL,27,0.219310
12,simd-v0,27,0.029084
12,393435,27,0.020088
12,KACTL,28,0.218989
12,simd-v0,28,0.029225
12,393435,28,0.019847
12,ours-406478,28,0.012414
12,simd-v0,29,0.029065
12,393435,29,0.019887
12,ours-406478,29,0.012403
12,KACTL,29,0.230701
12,393435,30,0.020088
12,ours-406478,30,0.012693
12,KACTL,30,0.218990
12,simd-v0,30,0.029245
12,ours-406478,31,0.012353
12,KACTL,31,0.219461
12,simd-v0,31,0.029035
12,393435,31,0.019897
12,KACTL,32,0.218879
12,simd-v0,32,0.029174
12,393435,32,0.019987
12,ours-406478,32,0.012593
12,simd-v0,33,0.029094
12,393435,33,0.019887
12,ours-406478,33,0.012343
12,KACTL,33,0.219441
12,393435,34,0.019937
12,ours-406478,34,0.012363
12,KACTL,34,0.219160
12,simd-v0,34,0.029145
12,ours-406478,35,0.012454
12,KACTL,35,0.219240
12,simd-v0,35,0.029114
12,393435,35,0.019967
12,KACTL,36,0.230211
12,simd-v0,36,0.029205
12,393435,36,0.019988
12,ours-406478,36,0.012714
12,simd-v0,37,0.029064
12,393435,37,0.019887
12,ours-406478,37,0.012363
12,KACTL,37,0.219531
12,393435,38,0.019888
12,ours-406478,38,0.012393
12,KACTL,38,0.219130
12,simd-v0,38,0.028984
12,ours-406478,39,0.012383
12,KACTL,39,0.245870
12,simd-v0,39,0.029346
12,393435,39,0.020028
12,KACTL,40,0.219681
12,simd-v0,40,0.029034
12,393435,40,0.020078
12,ours-406478,40,0.012784
12,simd-v0,41,0.029024
12,393435,41,0.019947
12,ours-406478,41,0.012354
12,KACTL,41,0.219221
12,393435,42,0.019927
12,ours-406478,42,0.012383
12,KACTL,42,0.219190
12,simd-v0,42,0.029074
12,ours-406478,43,0.024105
12,KACTL,43,0.219671
12,simd-v0,43,0.029184
12,393435,43,0.020137
12,KACTL,44,0.219150
12,simd-v0,44,0.029104
12,393435,44,0.019927
12,ours-406478,44,0.012633
12,simd-v0,45,0.029104
12,393435,45,0.020007
12,ours-406478,45,0.012434
12,KACTL,45,0.219471
12,393435,46,0.020028
12,ours-406478,46,0.012354
12,KACTL,46,0.229419
12,simd-v0,46,0.029254
12,ours-406478,47,0.012433
12,KACTL,47,0.219531
12,simd-v0,47,0.029134
12,393435,47,0.020077
12,KACTL,48,0.219791
12,simd-v0,48,0.028964
12,393435,48,0.019818
12,ours-406478,48,0.012463
12,simd-v0,49,0.028974
12,393435,49,0.019888
12,ours-406478,49,0.012473
12,KACTL,49,0.244768
12,393435,50,0.020088
12,ours-406478,50,0.012674
12,KACTL,50,0.219201
12,simd-v0,50,0.029145
12,ours-406478,51,0.012393
12,KACTL,51,0.220152
12,simd-v0,51,0.029055
12,393435,51,0.019938
12,KACTL,52,0.219100
12,simd-v0,52,0.029084
12,393435,52,0.019948
12,ours-406478,52,0.012434
12,simd-v0,53,0.029074
12,393435,53,0.019837
12,ours-406478,53,0.012444
12,KACTL,53,0.230522
12,393435,54,0.019997
12,ours-406478,54,0.012553
12,KACTL,54,0.221885
12,simd-v0,54,0.029204
12,ours-406478,55,0.012423
12,KACTL,55,0.220022
12,simd-v0,55,0.029055
12,393435,55,0.020067
12,KACTL,56,0.218890
12,simd-v0,56,0.039824
12,393435,56,0.019947
12,ours-406478,56,0.012613
12,simd-v0,57,0.029004
12,393435,57,0.020018
12,ours-406478,57,0.012464
12,KACTL,57,0.219401
12,393435,58,0.019857
12,ours-406478,58,0.012463
12,KACTL,58,0.218940
12,simd-v0,58,0.029044
12,ours-406478,59,0.012343
12,KACTL,59,0.219311
12,simd-v0,59,0.029085
12,393435,59,0.019988
12,KACTL,60,0.229169
12,simd-v0,60,0.029245
12,393435,60,0.020018
12,ours-406478,60,0.012594
12,simd-v0,61,0.029055
12,393435,61,0.019877
12,ours-406478,61,0.012413
12,KACTL,61,0.220202
12,393435,62,0.019888
12,ours-406478,62,0.012383
12,KACTL,62,0.219021
12,simd-v0,62,0.029024
12,ours-406478,63,0.012383
12,KACTL,63,0.229610
12,simd-v0,63,0.029074
12,393435,63,0.020138
12,KACTL,64,0.219070
12,simd-v0,64,0.029014
12,393435,64,0.019997
12,ours-406478,64,0.012594
12,simd-v0,65,0.029115
12,393435,65,0.020008
12,ours-406478,65,0.012403
12,KACTL,65,0.220402
12,393435,66,0.019857
12,ours-406478,66,0.012343
12,KACTL,66,0.219140
12,simd-v0,66,0.029095
12,ours-406478,67,0.012354
12,KACTL,67,0.229259
12,simd-v0,67,0.029134
12,393435,67,0.020078
12,KACTL,68,0.219099
12,simd-v0,68,0.029074
12,393435,68,0.019888
12,ours-406478,68,0.012604
12,simd-v0,69,0.029885
12,393435,69,0.019997
12,ours-406478,69,0.012363
12,KACTL,69,0.219460
12,393435,70,0.020017
12,ours-406478,70,0.012404
12,KACTL,70,0.229039
12,simd-v0,70,0.029134
12,ours-406478,71,0.012433
12,KACTL,71,0.219461
12,simd-v0,71,0.028994
12,393435,71,0.020157
12,KACTL,72,0.219010
12,simd-v0,72,0.029175
12,393435,72,0.019918
12,ours-406478,72,0.012464
12,simd-v0,73,0.029074
12,393435,73,0.019847
12,ours-406478,73,0.012343
12,KACTL,73,0.219411
12,393435,74,0.019927
12,ours-406478,74,0.022232
12,KACTL,74,0.219160
12,simd-v0,74,0.029255
12,ours-406478,75,0.012384
12,KACTL,75,0.219541
12,simd-v0,75,0.029826
12,393435,75,0.020067
12,KACTL,76,0.219240
12,simd-v0,76,0.029084
12,393435,76,0.019877
12,ours-406478,76,0.012393
12,simd-v0,77,0.029154
12,393435,77,0.019878
12,ours-406478,77,0.012383
12,KACTL,77,0.230601
12,393435,78,0.019998
12,ours-406478,78,0.012643
12,KACTL,78,0.219000
12,simd-v0,78,0.029285
12,ours-406478,79,0.012363
12,KACTL,79,0.220363
12,simd-v0,79,0.029125
12,393435,79,0.020068
12,KACTL,80,0.219200
12,simd-v0,80,0.029125
12,393435,80,0.019947
12,ours-406478,80,0.012704
12,simd-v0,81,0.029175
12,393435,81,0.019988
12,ours-406478,81,0.012404
12,KACTL,81,0.219732
12,393435,82,0.019927
12,ours-406478,82,0.012373
12,KACTL,82,0.219039
12,simd-v0,82,0.029115
12,ours-406478,83,0.012343
12,KACTL,83,0.219500
12,simd-v0,83,0.029245
12,393435,83,0.019977
12,KACTL,84,0.229098
12,simd-v0,84,0.029055
12,393435,84,0.020028
12,ours-406478,84,0.012614
12,simd-v0,85,0.029015
12,393435,85,0.019967
12,ours-406478,85,0.012353
12,KACTL,85,0.219611
12,393435,86,0.019897
12,ours-406478,86,0.012363
12,KACTL,86,0.219090
12,simd-v0,86,0.029014
12,ours-406478,87,0.012383
12,KACTL,87,0.219381
12,simd-v0,87,0.039013
12,393435,87,0.020028
12,KACTL,88,0.225362
12,simd-v0,88,0.029094
12,393435,88,0.020007
12,ours-406478,88,0.012653
12,simd-v0,89,0.028974
12,393435,89,0.019927
12,ours-406478,89,0.012363
12,KACTL,89,0.219451
12,393435,90,0.019997
12,ours-406478,90,0.012373
12,KACTL,90,0.218890
12,simd-v0,90,0.029094
12,ours-406478,91,0.012373
12,KACTL,91,0.229850
12,simd-v0,91,0.029195
12,393435,91,0.019957
12,KACTL,92,0.218999
12,simd-v0,92,0.029034
12,393435,92,0.019957
12,ours-406478,92,0.012694
12,simd-v0,93,0.028974
12,393435,93,0.019877
12,ours-406478,93,0.012454
12,KACTL,93,0.219521
12,393435,94,0.019978
12,ours-406478,94,0.012394
12,KACTL,94,0.228959
12,simd-v0,94,0.029165
12,ours-406478,95,0.012433
12,KACTL,95,0.219481
12,simd-v0,95,0.029014
12,393435,95,0.020198
12,KACTL,96,0.218859
12,simd-v0,96,0.029094
12,393435,96,0.019917
12,ours-406478,96,0.012404
12,simd-v0,97,0.029034
12,393435,97,0.019847
12,ours-406478,97,0.012373
12,KACTL,97,0.219280
12,393435,98,0.019887
12,ours-406478,98,0.012434
12,KACTL,98,0.229620
12,simd-v0,98,0.029164
12,ours-406478,99,0.012473
12,KACTL,99,0.219390
12,simd-v0,99,0.028994
12,393435,99,0.020147
12,KACTL,100,0.219160
12,simd-v0,100,0.028974
12,393435,100,0.019987
12,ours-406478,100,0.012433
12,simd-v0,101,0.028994
12,393435,101,0.019928
12,ours-406478,101,0.012394
12,KACTL,101,0.239208
12,393435,102,0.020028
12,ours-406478,102,0.012775
12,KACTL,102,0.219070
12,simd-v0,102,0.029145
12,ours-406478,103,0.012383
12,KACTL,103,0.219320
12,simd-v0,103,0.029184
12,393435,103,0.019918
12,KACTL,104,0.219030
12,simd-v0,104,0.029085
12,393435,104,0.020008
12,ours-406478,104,0.012403
12,simd-v0,105,0.028994
12,393435,105,0.030667
12,ours-406478,105,0.012514
12,KACTL,105,0.219411
12,393435,106,0.019937
12,ours-406478,106,0.012403
12,KACTL,106,0.219010
12,simd-v0,106,0.029065
12,ours-406478,107,0.012473
12,KACTL,107,0.219431
12,simd-v0,107,0.029185
12,393435,107,0.019877
12,KACTL,108,0.229098
12,simd-v0,108,0.029294
12,393435,108,0.020077
12,ours-406478,108,0.012573
12,simd-v0,109,0.028974
12,393435,109,0.019927
12,ours-406478,109,0.012404
12,KACTL,109,0.219461
12,393435,110,0.020008
12,ours-406478,110,0.012404
12,KACTL,110,0.219801
12,simd-v0,110,0.029064
12,ours-406478,111,0.012373
12,KACTL,111,0.219411
12,simd-v0,111,0.029105
12,393435,111,0.019958
12,KACTL,112,0.229079
12,simd-v0,112,0.029174
12,393435,112,0.019937
12,ours-406478,112,0.012613
12,simd-v0,113,0.028964
12,393435,113,0.019968
12,ours-406478,113,0.012464
12,KACTL,113,0.219501
12,393435,114,0.019938
12,ours-406478,114,0.012393
12,KACTL,114,0.218990
12,simd-v0,114,0.029054
12,ours-406478,115,0.012353
12,KACTL,115,0.229459
12,simd-v0,115,0.029104
12,393435,115,0.020158
12,KACTL,116,0.218910
12,simd-v0,116,0.029115
12,393435,116,0.019907
12,ours-406478,116,0.012564
12,simd-v0,117,0.029065
12,393435,117,0.020008
12,ours-406478,117,0.012393
12,KACTL,117,0.220071
12,393435,118,0.019917
12,ours-406478,118,0.012393
12,KACTL,118,0.219100
12,simd-v0,118,0.039363
12,ours-406478,119,0.012434
12,KACTL,119,0.219551
12,simd-v0,119,0.029034
12,393435,119,0.020078
12,KACTL,120,0.219100
12,simd-v0,120,0.029886
12,393435,120,0.019907
12,ours-406478,120,0.012423
12,simd-v0,121,0.029114
12,393435,121,0.019958
12,ours-406478,121,0.012383
12,KACTL,121,0.219391
12,393435,122,0.019867
12,ours-406478,122,0.012383
12,KACTL,122,0.230260
12,simd-v0,122,0.029295
12,ours-406478,123,0.012664
12,KACTL,123,0.222667
12,simd-v0,123,0.029154
12,393435,123,0.020088
12,KACTL,124,0.219822
12,simd-v0,124,0.029014
12,393435,124,0.019977
12,ours-406478,124,0.012513
12,simd-v0,125,0.029084
12,393435,125,0.019898
12,ours-406478,125,0.012403
12,KACTL,125,0.230171
12,393435,126,0.019937
12,ours-406478,126,0.012603
12,KACTL,126,0.219180
12,simd-v0,126,0.029104
12,ours-406478,127,0.012463
12,KACTL,127,0.220312
12,simd-v0,127,0.029075
12,393435,127,0.019937
12,KACTL,128,0.219000
12,simd-v0,128,0.029034
12,393435,128,0.019837
12,ours-406478,128,0.012513
12,simd-v0,129,0.028944
12,393435,129,0.019908
12,ours-406478,129,0.012403
12,KACTL,129,0.229670
12,393435,130,0.020017
12,ours-406478,130,0.012574
12,KACTL,130,0.218900
12,simd-v0,130,0.029105
12,ours-406478,131,0.012373
12,KACTL,131,0.220062
12,simd-v0,131,0.028985
12,393435,131,0.020058
12,KACTL,132,0.229009
12,simd-v0,132,0.028984
12,393435,132,0.020018
12,ours-406478,132,0.012664
12,simd-v0,133,0.028944
12,393435,133,0.019877
12,ours-406478,133,0.012483
12,KACTL,133,0.219331
12,393435,134,0.020007
12,ours-406478,134,0.012383
12,KACTL,134,0.219161
12,simd-v0,134,0.029115
12,ours-406478,135,0.012363
12,KACTL,135,0.219451
12,simd-v0,135,0.029075
12,393435,135,0.019927
12,KACTL,136,0.228999
12,simd-v0,136,0.029224
12,393435,136,0.019907
12,ours-406478,136,0.012573
12,simd-v0,137,0.029114
12,393435,137,0.019887
12,ours-406478,137,0.012343
12,KACTL,137,0.219641
12,393435,138,0.019888
12,ours-406478,138,0.012413
12,KACTL,138,0.219090
12,simd-v0,138,0.029175
12,ours-406478,139,0.012353
12,KACTL,139,0.229479
12,simd-v0,139,0.029175
12,393435,139,0.020048
12,KACTL,140,0.219350
12,simd-v0,140,0.028984
12,393435,140,0.019967
12,ours-406478,140,0.012584
12,simd-v0,141,0.029004
12,393435,141,0.019877
12,ours-406478,141,0.012393
12,KACTL,141,0.219311
12,393435,142,0.019877
12,ours-406478,142,0.012393
12,KACTL,142,0.218900
12,simd-v0,142,0.028984
12,ours-406478,143,0.012373
12,KACTL,143,0.229480
12,simd-v0,143,0.029215
12,393435,143,0.019947
12,KACTL,144,0.219280
12,simd-v0,144,0.029015
12,393435,144,0.019827
12,ours-406478,144,0.012553
12,simd-v0,145,0.028974
12,393435,145,0.019928
12,ours-406478,145,0.012393
12,KACTL,145,0.219561
12,393435,146,0.019927
12,ours-406478,146,0.012363
12,KACTL,146,0.228778
12,simd-v0,146,0.029114
12,ours-406478,147,0.012473
12,KACTL,147,0.219230
12,simd-v0,147,0.029055
12,393435,147,0.020178
12,KACTL,148,0.219151
12,simd-v0,148,0.029135
12,393435,148,0.019977
12,ours-406478,148,0.012423
12,simd-v0,149,0.029024
12,393435,149,0.019907
12,ours-406478,149,0.012353
12,KACTL,149,0.219340
12,393435,150,0.029936
12,ours-406478,150,0.012554
12,KACTL,150,0.225592
12,simd-v0,150,0.033603
12,ours-406478,151,0.012714
12,KACTL,151,0.220383
12,simd-v0,151,0.029094
12,393435,151,0.020198
12,KACTL,152,0.251300
12,simd-v0,152,0.036909
12,393435,152,0.023944
12,ours-406478,152,0.012833
12,simd-v0,153,0.029205
12,393435,153,0.020008
12,ours-406478,153,0.012373
12,KACTL,153,0.239338
12,393435,154,0.020127
12,ours-406478,154,0.012604
12,KACTL,154,0.239388
12,simd-v0,154,0.029114
12,ours-406478,155,0.012824
12,KACTL,155,0.219461
12,simd-v0,155,0.028985
12,393435,155,0.020258
12,KACTL,156,0.231824
12,simd-v0,156,0.029104
12,393435,156,0.020047
12,ours-406478,156,0.012664
12,simd-v0,157,0.029035
12,393435,157,0.019998
12,ours-406478,157,0.012423
12,KACTL,157,0.222527
12,393435,158,0.020008
12,ours-406478,158,0.012483
12,KACTL,158,0.218870
12,simd-v0,158,0.029044
12,ours-406478,159,0.012393
12,KACTL,159,0.219300
12,simd-v0,159,0.029145
12,393435,159,0.020078
12,KACTL,160,0.229880
12,simd-v0,160,0.029194
12,393435,160,0.019957
12,ours-406478,160,0.012653
12,simd-v0,161,0.029075
12,393435,161,0.020017
12,ours-406478,161,0.012463
12,KACTL,161,0.219510
12,393435,162,0.019877
12,ours-406478,162,0.012394
12,KACTL,162,0.219030
12,simd-v0,162,0.029154
12,ours-406478,163,0.012384
12,KACTL,163,0.229670
12,simd-v0,163,0.029104
12,393435,163,0.020088
12,KACTL,164,0.219090
12,simd-v0,164,0.029164
12,393435,164,0.019877
12,ours-406478,164,0.012603
12,simd-v0,165,0.029195
12,393435,165,0.019958
12,ours-406478,165,0.012554
12,KACTL,165,0.220222
12,393435,166,0.020028
12,ours-406478,166,0.012504
12,KACTL,166,0.252874
12,simd-v0,166,0.029615
12,ours-406478,167,0.012915
12,KACTL,167,0.220132
12,simd-v0,167,0.029244
12,393435,167,0.020349
12,KACTL,168,0.218890
12,simd-v0,168,0.029034
12,393435,168,0.019968
12,ours-406478,168,0.012604
12,simd-v0,169,0.029104
12,393435,169,0.019897
12,ours-406478,169,0.012473
12,KACTL,169,0.219400
12,393435,170,0.020027
12,ours-406478,170,0.012393
12,KACTL,170,0.242263
12,simd-v0,170,0.029265
12,ours-406478,171,0.012704
12,KACTL,171,0.219470
12,simd-v0,171,0.029255
12,393435,171,0.020077
12,KACTL,172,0.219731
12,simd-v0,172,0.028974
12,393435,172,0.019917
12,ours-406478,172,0.012524
12,simd-v0,173,0.029134
12,393435,173,0.019847
12,ours-406478,173,0.012484
12,KACTL,173,0.229800
12,393435,174,0.020018
12,ours-406478,174,0.012563
12,KACTL,174,0.219120
12,simd-v0,174,0.029145
12,ours-406478,175,0.012373
12,KACTL,175,0.220162
12,simd-v0,175,0.029135
12,393435,175,0.019928
12,KACTL,176,0.219100
12,simd-v0,176,0.028985
12,393435,176,0.019827
12,ours-406478,176,0.012383
12,simd-v0,177,0.029105
12,393435,177,0.030307
12,ours-406478,177,0.012613
12,KACTL,177,0.219531
12,393435,178,0.019848
12,ours-406478,178,0.012483
12,KACTL,178,0.219000
12,simd-v0,178,0.029265
12,ours-406478,179,0.012363
12,KACTL,179,0.219431
12,simd-v0,179,0.029024
12,393435,179,0.019927
12,KACTL,180,0.228838
12,simd-v0,180,0.029205
12,393435,180,0.019937
12,ours-406478,180,0.012594
12,simd-v0,181,0.029014
12,393435,181,0.020017
12,ours-406478,181,0.012403
12,KACTL,181,0.219771
12,393435,182,0.019858
12,ours-406478,182,0.012373
12,KACTL,182,0.219080
12,simd-v0,182,0.029054
12,ours-406478,183,0.012413
12,KACTL,183,0.219300
12,simd-v0,183,0.029165
12,393435,183,0.019937
12,KACTL,184,0.229189
12,simd-v0,184,0.029155
12,393435,184,0.020098
12,ours-406478,184,0.012583
12,simd-v0,185,0.029165
12,393435,185,0.019908
12,ours-406478,185,0.012383
12,KACTL,185,0.231463
12,393435,186,0.020118
12,ours-406478,186,0.012733
12,KACTL,186,0.219110
12,simd-v0,186,0.029335
12,ours-406478,187,0.012494
12,KACTL,187,0.245860
12,simd-v0,187,0.029215
12,393435,187,0.020378
12,KACTL,188,0.218970
12,simd-v0,188,0.029065
12,393435,188,0.019887
12,ours-406478,188,0.012814
12,simd-v0,189,0.029174
12,393435,189,0.019868
12,ours-406478,189,0.012383
12,KACTL,189,0.219511
12,393435,190,0.019958
12,ours-406478,190,0.012433
12,KACTL,190,0.229098
12,simd-v0,190,0.029134
12,ours-406478,191,0.012483
12,KACTL,191,0.222275
12,simd-v0,191,0.029075
12,393435,191,0.020058
12,KACTL,192,0.219010
12,simd-v0,192,0.029074
12,393435,192,0.019947
12,ours-406478,192,0.012474
12,simd-v0,193,0.029034
12,393435,193,0.019937
12,ours-406478,193,0.012353
12,KACTL,193,0.219391
12,393435,194,0.019897
12,ours-406478,194,0.012393
12,KACTL,194,0.229138
12,simd-v0,194,0.029125
12,ours-406478,195,0.012564
12,KACTL,195,0.219441
12,simd-v0,195,0.029124
12,393435,195,0.020057
12,KACTL,196,0.219110
12,simd-v0,196,0.029014
12,393435,196,0.019947
12,ours-406478,196,0.012493
12,simd-v0,197,0.028994
12,393435,197,0.020058
12,ours-406478,197,0.012343
12,KACTL,197,0.229249
12,393435,198,0.019937
12,ours-406478,198,0.012543
12,KACTL,198,0.219070
12,simd-v0,198,0.029195
12,ours-406478,199,0.012403
12,KACTL,199,0.219440
12,simd-v0,199,0.029025
12,393435,199,0.020008
12,KACTL,200,0.219000
12,simd-v0,200,0.029075
12,393435,200,0.019867
12,ours-406478,200,0.012363
12,simd-v0,201,0.029124
12,393435,201,0.019868
12,ours-406478,201,0.022612
12,KACTL,201,0.219581
12,393435,202,0.019988
12,ours-406478,202,0.012473
12,KACTL,202,0.219130
12,simd-v0,202,0.029235
12,ours-406478,203,0.012373
12,KACTL,203,0.219431
12,simd-v0,203,0.029044
12,393435,203,0.019927
12,KACTL,204,0.228979
12,simd-v0,204,0.029174
12,393435,204,0.019857
12,ours-406478,204,0.012593
12,simd-v0,205,0.029094
12,393435,205,0.019837
12,ours-406478,205,0.012404
12,KACTL,205,0.219692
12,393435,206,0.019877
12,ours-406478,206,0.012474
12,KACTL,206,0.218930
12,simd-v0,206,0.029145
12,ours-406478,207,0.012374
12,KACTL,207,0.219450
12,simd-v0,207,0.029275
12,393435,207,0.020088
12,KACTL,208,0.230301
12,simd-v0,208,0.029184
12,393435,208,0.020117
12,ours-406478,208,0.012654
12,simd-v0,209,0.029054
12,393435,209,0.019867
12,ours-406478,209,0.012393
12,KACTL,209,0.219741
12,393435,210,0.019888
12,ours-406478,210,0.012353
12,KACTL,210,0.220011
12,simd-v0,210,0.029145
12,ours-406478,211,0.012383
12,KACTL,211,0.229239
12,simd-v0,211,0.029044
12,393435,211,0.020078
12,KACTL,212,0.219010
12,simd-v0,212,0.028994
12,393435,212,0.019997
12,ours-406478,212,0.012584
12,simd-v0,213,0.028965
12,393435,213,0.019937
12,ours-406478,213,0.012353
12,KACTL,213,0.220232
12,393435,214,0.019987
12,ours-406478,214,0.012393
12,KACTL,214,0.219090
12,simd-v0,214,0.038822
12,ours-406478,215,0.012563
12,KACTL,215,0.220122
12,simd-v0,215,0.029155
12,393435,215,0.020068
12,KACTL,216,0.219019
12,simd-v0,216,0.028974
12,393435,216,0.019857
12,ours-406478,216,0.012523
12,simd-v0,217,0.029055
12,393435,217,0.019997
12,ours-406478,217,0.012343
12,KACTL,217,0.219561
12,393435,218,0.019977
12,ours-406478,218,0.012373
12,KACTL,218,0.229009
12,simd-v0,218,0.029305
12,ours-406478,219,0.012494
12,KACTL,219,0.219451
12,simd-v0,219,0.029025
12,393435,219,0.020148
12,KACTL,220,0.219882
12,simd-v0,220,0.029055
12,393435,220,0.019777
12,ours-406478,220,0.012403
12,simd-v0,221,0.029095
12,393435,221,0.019917
12,ours-406478,221,0.012353
12,KACTL,221,0.229128
12,393435,222,0.020078
12,ours-406478,222,0.012574
12,KACTL,222,0.219170
12,simd-v0,222,0.029214
12,ours-406478,223,0.012374
12,KACTL,223,0.219521
12,simd-v0,223,0.029054
12,393435,223,0.019918
12,KACTL,224,0.219040
12,simd-v0,224,0.029155
12,393435,224,0.019838
12,ours-406478,224,0.012413
12,simd-v0,225,0.029014
12,393435,225,0.019878
12,ours-406478,225,0.012393
12,KACTL,225,0.229589
12,393435,226,0.019877
12,ours-406478,226,0.012544
12,KACTL,226,0.221765
12,simd-v0,226,0.029405
12,ours-406478,227,0.012404
12,KACTL,227,0.219491
12,simd-v0,227,0.029105
12,393435,227,0.019998
12,KACTL,228,0.218980
12,simd-v0,228,0.039123
12,393435,228,0.019967
12,ours-406478,228,0.012583
12,simd-v0,229,0.029114
12,393435,229,0.019917
12,ours-406478,229,0.012393
12,KACTL,229,0.219561
12,393435,230,0.019907
12,ours-406478,230,0.012374
12,KACTL,230,0.219020
12,simd-v0,230,0.029165
12,ours-406478,231,0.012433
12,KACTL,231,0.219501
12,simd-v0,231,0.029115
12,393435,231,0.019897
12,KACTL,232,0.229149
12,simd-v0,232,0.029255
12,393435,232,0.020098
12,ours-406478,232,0.012574
12,simd-v0,233,0.029014
12,393435,233,0.019937
12,ours-406478,233,0.012333
12,KACTL,233,0.219511
12,393435,234,0.019988
12,ours-406478,234,0.012373
12,KACTL,234,0.218950
12,simd-v0,234,0.029045
12,ours-406478,235,0.012353
12,KACTL,235,0.229079
12,simd-v0,235,0.029285
12,393435,235,0.019998
12,KACTL,236,0.219160
12,simd-v0,236,0.029045
12,393435,236,0.019917
12,ours-406478,236,0.012644
12,simd-v0,237,0.029215
12,393435,237,0.019877
12,ours-406478,237,0.012433
12,KACTL,237,0.219430
12,393435,238,0.019927
12,ours-406478,238,0.012392
12,KACTL,238,0.218930
12,simd-v0,238,0.029055
12,ours-406478,239,0.012343
12,KACTL,239,0.229579
12,simd-v0,239,0.029114
12,393435,239,0.020118
12,KACTL,240,0.219070
12,simd-v0,240,0.029215
12,393435,240,0.019837
12,ours-406478,240,0.012573
12,simd-v0,241,0.029204
12,393435,241,0.019937
12,ours-406478,241,0.012373
12,KACTL,241,0.219441
12,393435,242,0.019978
12,ours-406478,242,0.012373
12,KACTL,242,0.230121
12,simd-v0,242,0.029165
12,ours-406478,243,0.012474
12,KACTL,243,0.219531
12,simd-v0,243,0.029184
12,393435,243,0.020088
12,KACTL,244,0.219080
12,simd-v0,244,0.028995
12,393435,244,0.019968
12,ours-406478,244,0.012393
12,simd-v0,245,0.028964
12,393435,245,0.019958
12,ours-406478,245,0.012383
12,KACTL,245,0.220252
12,393435,246,0.019937
12,ours-406478,246,0.022512
12,KACTL,246,0.219010
12,simd-v0,246,0.029265
12,ours-406478,247,0.012514
12,KACTL,247,0.219240
12,simd-v0,247,0.029004
12,393435,247,0.020108
12,KACTL,248,0.220202
12,simd-v0,248,0.028995
12,393435,248,0.019927
12,ours-406478,248,0.012423
12,simd-v0,249,0.029025
12,393435,249,0.020018
12,ours-406478,249,0.012413
12,KACTL,249,0.230622
12,393435,250,0.020128
12,ours-406478,250,0.012584
12,KACTL,250,0.219170
12,simd-v0,250,0.029295
12,ours-406478,251,0.012454
12,KACTL,251,0.219351
12,simd-v0,251,0.029085
12,393435,251,0.019987
12,KACTL,252,0.219190
12,simd-v0,252,0.028955
12,393435,252,0.019857
12,ours-406478,252,0.022963
12,simd-v0,253,0.029054
12,393435,253,0.020057
12,ours-406478,253,0.012473
12,KACTL,253,0.219761
12,393435,254,0.020018
12,ours-406478,254,0.012353
12,KACTL,254,0.219080
12,simd-v0,254,0.029055
12,ours-406478,255,0.012363
12,KACTL,255,0.220022
12,simd-v0,255,0.029014
12,393435,255,0.020007
12,KACTL,256,0.228869
12,simd-v0,256,0.029125
12,393435,256,0.020007
12,ours-406478,256,0.012653
12,simd-v0,257,0.029075
12,393435,257,0.019977
12,ours-406478,257,0.012423
12,KACTL,257,0.219861
12,393435,258,0.019937
12,ours-406478,258,0.012354
12,KACTL,258,0.220122
12,simd-v0,258,0.029114
12,ours-406478,259,0.012383
12,KACTL,259,0.219441
12,simd-v0,259,0.038993
12,393435,259,0.020128
12,KACTL,260,0.222085
12,simd-v0,260,0.029135
12,393435,260,0.019997
12,ours-406478,260,0.012634
12,simd-v0,261,0.029054
12,393435,261,0.019897
12,ours-406478,261,0.012393
12,KACTL,261,0.219260
12,393435,262,0.019817
12,ours-406478,262,0.012443
12,KACTL,262,0.219190
12,simd-v0,262,0.029145
12,ours-406478,263,0.012343
12,KACTL,263,0.229389
12,simd-v0,263,0.029164
12,393435,263,0.020058
12,KACTL,264,0.219111
12,simd-v0,264,0.029054
12,393435,264,0.019968
12,ours-406478,264,0.012594
12,simd-v0,265,0.029054
12,393435,265,0.019858
12,ours-406478,265,0.012403
12,KACTL,265,0.219400
12,393435,266,0.019897
12,ours-406478,266,0.012424
12,KACTL,266,0.229069
12,simd-v0,266,0.029124
12,ours-406478,267,0.012433
12,KACTL,267,0.219531
12,simd-v0,267,0.029044
12,393435,267,0.020118
12,KACTL,268,0.219110
12,simd-v0,268,0.029004
12,393435,268,0.019827
12,ours-406478,268,0.012423
12,simd-v0,269,0.028984
12,393435,269,0.019927
12,ours-406478,269,0.012353
12,KACTL,269,0.219441
12,393435,270,0.019877
12,ours-406478,270,0.012363
12,KACTL,270,0.229189
12,simd-v0,270,0.029065
12,ours-406478,271,0.012504
12,KACTL,271,0.220102
12,simd-v0,271,0.029145
12,393435,271,0.020127
12,KACTL,272,0.219120
12,simd-v0,272,0.029085
12,393435,272,0.019907
12,ours-406478,272,0.012433
12,simd-v0,273,0.028954
12,393435,273,0.019947
12,ours-406478,273,0.012423
12,KACTL,273,0.229199
12,393435,274,0.019997
12,ours-406478,274,0.012573
12,KACTL,274,0.219320
12,simd-v0,274,0.029225
12,ours-406478,275,0.012373
12,KACTL,275,0.219350
12,simd-v0,275,0.029024
12,393435,275,0.020038
12,KACTL,276,0.219802
12,simd-v0,276,0.029065
12,393435,276,0.020007
12,ours-406478,276,0.012403
12,simd-v0,277,0.029044
12,393435,277,0.030678
12,ours-406478,277,0.012493
12,KACTL,277,0.219430
12,393435,278,0.019997
12,ours-406478,278,0.012453
12,KACTL,278,0.219029
12,simd-v0,278,0.029295
12,ours-406478,279,0.012393
12,KACTL,279,0.220172
12,simd-v0,279,0.029125
12,393435,279,0.019907
12,KACTL,280,0.241142
12,simd-v0,280,0.029395
12,393435,280,0.019987
12,ours-406478,280,0.012664
12,simd-v0,281,0.029075
12,393435,281,0.019917
12,ours-406478,281,0.012393
12,KACTL,281,0.219871
12,393435,282,0.019937
12,ours-406478,282,0.012483
12,KACTL,282,0.219320
12,simd-v0,282,0.029896
12,ours-406478,283,0.012363
12,KACTL,283,0.219221
12,simd-v0,283,0.029044
12,393435,283,0.019967
12,KACTL,284,0.230351
12,simd-v0,284,0.029165
12,393435,284,0.019978
12,ours-406478,284,0.012574
12,simd-v0,285,0.029025
12,393435,285,0.019897
12,ours-406478,285,0.012343
12,KACTL,285,0.219390
12,393435,286,0.019907
12,ours-406478,286,0.012363
12,KACTL,286,0.219070
12,simd-v0,286,0.028975
12,ours-406478,287,0.012423
12,KACTL,287,0.229188
12,simd-v0,287,0.029264
12,393435,287,0.020097
12,KACTL,288,0.219240
12,simd-v0,288,0.029034
12,393435,288,0.020028
12,ours-406478,288,0.012563
12,simd-v0,289,0.029054
12,393435,289,0.020098
12,ours-406478,289,0.012353
12,KACTL,289,0.219451
12,393435,290,0.019998
12,ours-406478,290,0.012373
12,KACTL,290,0.219000
12,simd-v0,290,0.039033
12,ours-406478,291,0.012463
12,KACTL,291,0.219360
12,simd-v0,291,0.029044
12,393435,291,0.020028
12,KACTL,292,0.219260
12,simd-v0,292,0.029034
12,393435,292,0.019878
12,ours-406478,292,0.012684
12,simd-v0,293,0.028994
12,393435,293,0.019927
12,ours-406478,293,0.012373
12,KACTL,293,0.219400
12,393435,294,0.020007
12,ours-406478,294,0.012364
12,KACTL,294,0.229400
12,simd-v0,294,0.029124
12,ours-406478,295,0.012514
12,KACTL,295,0.221895
12,simd-v0,295,0.029084
12,393435,295,0.020098
12,KACTL,296,0.219120
12,simd-v0,296,0.029064
12,393435,296,0.019857
12,ours-406478,296,0.012493
12,simd-v0,297,0.029025
12,393435,297,0.019937
12,ours-406478,297,0.012483
12,KACTL,297,0.229349
12,393435,298,0.020068
12,ours-406478,298,0.012524
12,KACTL,298,0.219280
12,simd-v0,298,0.029235
12,ours-406478,299,0.012373
12,KACTL,299,0.219341
12,simd-v0,299,0.029044
12,393435,299,0.020118
12,KACTL,300,0.219982
12,simd-v0,300,0.029035
12,393435,300,0.019927
12,ours-406478,300,0.012403
12,simd-v0,301,0.029055
12,393435,301,0.019977
12,ours-406478,301,0.012403
12,KACTL,301,0.229549
12,393435,302,0.019987
12,ours-406478,302,0.012604
12,KACTL,302,0.219190
12,simd-v0,302,0.029315
12,ours-406478,303,0.012353
12,KACTL,303,0.220132
12,simd-v0,303,0.029125
12,393435,303,0.019937
12,KACTL,304,0.229048
12,simd-v0,304,0.029175
12,393435,304,0.020058
12,ours-406478,304,0.012584
12,simd-v0,305,0.029025
12,393435,305,0.019877
12,ours-406478,305,0.012343
12,KACTL,305,0.219370
12,393435,306,0.019857
12,ours-406478,306,0.012373
12,KACTL,306,0.219020
12,simd-v0,306,0.028994
12,ours-406478,307,0.012443
12,KACTL,307,0.219380
12,simd-v0,307,0.029154
12,393435,307,0.019917
12,KACTL,308,0.229119
12,simd-v0,308,0.029054
12,393435,308,0.020108
12,ours-406478,308,0.012604
12,simd-v0,309,0.029075
12,393435,309,0.019948
12,ours-406478,309,0.012403
12,KACTL,309,0.219320
12,393435,310,0.019987
12,ours-406478,310,0.012384
12,KACTL,310,0.219050
12,simd-v0,310,0.029004
12,ours-406478,311,0.012373
12,KACTL,311,0.229099
12,simd-v0,311,0.029164
12,393435,311,0.020067
12,KACTL,312,0.219180
12,simd-v0,312,0.029004
12,393435,312,0.019777
12,ours-406478,312,0.012724
12,simd-v0,313,0.029015
12,393435,313,0.020028
12,ours-406478,313,0.012443
12,KACTL,313,0.219230
12,393435,314,0.019898
12,ours-406478,314,0.012373
12,KACTL,314,0.219180
12,simd-v0,314,0.029095
12,ours-406478,315,0.012373
12,KACTL,315,0.229569
12,simd-v0,315,0.029155
12,393435,315,0.020087
12,KACTL,316,0.219130
12,simd-v0,316,0.029145
12,393435,316,0.019857
12,ours-406478,316,0.012623
12,simd-v0,317,0.029064
12,393435,317,0.019867
12,ours-406478,317,0.012384
12,KACTL,317,0.219561
12,393435,318,0.019837
12,ours-406478,318,0.012373
12,KACTL,318,0.229599
12,simd-v0,318,0.029365
12,ours-406478,319,0.012503
12,KACTL,319,0.219551
12,simd-v0,319,0.029084
12,393435,319,0.020058
12,KACTL,320,0.219060
12,simd-v0,320,0.028994
12,393435,320,0.019998
12,ours-406478,320,0.012383
12,simd-v0,321,0.029184
12,393435,321,0.019867
12,ours-406478,321,0.012363
12,KACTL,321,0.219280
12,393435,322,0.030006
12,ours-406478,322,0.012493
12,KACTL,322,0.219511
12,simd-v0,322,0.029075
12,ours-406478,323,0.012444
12,KACTL,323,0.219461
12,simd-v0,323,0.029064
12,393435,323,0.020088
12,KACTL,324,0.220022
12,simd-v0,324,0.028954
12,393435,324,0.020007
12,ours-406478,324,0.012493
12,simd-v0,325,0.028914
12,393435,325,0.019917
12,ours-406478,325,0.012403
12,KACTL,325,0.230021
12,393435,326,0.020067
12,ours-406478,326,0.012634
12,KACTL,326,0.219211
12,simd-v0,326,0.029215
12,ours-406478,327,0.012343
12,KACTL,327,0.219160
12,simd-v0,327,0.029084
12,393435,327,0.019968
12,KACTL,328,0.219221
12,simd-v0,328,0.029154
12,393435,328,0.019927
12,ours-406478,328,0.012604
12,simd-v0,329,0.029224
12,393435,329,0.020128
12,ours-406478,329,0.012364
12,KACTL,329,0.222747
12,393435,330,0.019977
12,ours-406478,330,0.012443
12,KACTL,330,0.219040
12,simd-v0,330,0.029135
12,ours-406478,331,0.012363
12,KACTL,331,0.220322
12,simd-v0,331,0.028984
12,393435,331,0.020047
12,KACTL,332,0.229269
12,simd-v0,332,0.029155
12,393435,332,0.020058
12,ours-406478,332,0.012634
12,simd-v0,333,0.029025
12,393435,333,0.019928
12,ours-406478,333,0.012493
12,KACTL,333,0.219351
12,393435,334,0.019988
12,ours-406478,334,0.012503
12,KACTL,334,0.219320
12,simd-v0,334,0.029345
12,ours-406478,335,0.012403
12,KACTL,335,0.219340
12,simd-v0,335,0.039494
12,393435,335,0.020147
12,KACTL,336,0.219220
12,simd-v0,336,0.029074
12,393435,336,0.019867
12,ours-406478,336,0.012593
12,simd-v0,337,0.029205
12,393435,337,0.019817
12,ours-406478,337,0.012403
12,KACTL,337,0.219380
12,393435,338,0.019917
12,ours-406478,338,0.012453
12,KACTL,338,0.220041
12,simd-v0,338,0.029144
12,ours-406478,339,0.012373
12,KACTL,339,0.229289
12,simd-v0,339,0.029085
12,393435,339,0.020118
12,KACTL,340,0.219000
12,simd-v0,340,0.029014
12,393435,340,0.019958
12,ours-406478,340,0.012623
12,simd-v0,341,0.029024
12,393435,341,0.019928
12,ours-406478,341,0.012373
12,KACTL,341,0.220172
12,393435,342,0.019867
12,ours-406478,342,0.012423
12,KACTL,342,0.236903
12,simd-v0,342,0.029304
12,ours-406478,343,0.012604
12,KACTL,343,0.219490
12,simd-v0,343,0.029104
12,393435,343,0.019998
12,KACTL,344,0.255408
12,simd-v0,344,0.035697
12,393435,344,0.020107
12,ours-406478,344,0.012884
12,simd-v0,345,0.029064
12,393435,345,0.019868
12,ours-406478,345,0.012393
12,KACTL,345,0.219491
12,393435,346,0.044704
12,ours-406478,346,0.012764
12,KACTL,346,0.219470
12,simd-v0,346,0.029275
12,ours-406478,347,0.012494
12,KACTL,347,0.247353
12,simd-v0,347,0.029125
12,393435,347,0.034504
12,KACTL,348,0.219160
12,simd-v0,348,0.029235
12,393435,348,0.019997
12,ours-406478,348,0.012864
12,simd-v0,349,0.029204
12,393435,349,0.019847
12,ours-406478,349,0.012363
12,KACTL,349,0.272760
12,393435,350,0.020389
12,ours-406478,350,0.012974
12,KACTL,350,0.219371
12,simd-v0,350,0.029275
12,ours-406478,351,0.012423
12,KACTL,351,0.220072
12,simd-v0,351,0.029104
12,393435,351,0.020097
12,KACTL,352,0.233407
12,simd-v0,352,0.029175
12,393435,352,0.020068
12,ours-406478,352,0.012634
12,simd-v0,353,0.029064
12,393435,353,0.019888
12,ours-406478,353,0.012413
12,KACTL,353,0.219301
12,393435,354,0.019897
12,ours-406478,354,0.012403
12,KACTL,354,0.219061
12,simd-v0,354,0.028994
12,ours-406478,355,0.012473
12,KACTL,355,0.219251
12,simd-v0,355,0.029045
12,393435,355,0.031058
12,KACTL,356,0.219611
12,simd-v0,356,0.029064
12,393435,356,0.020067
12,ours-406478,356,0.012653
12,simd-v0,357,0.029084
12,393435,357,0.020007
12,ours-406478,357,0.012353
12,KACTL,357,0.219310
12,393435,358,0.019858
12,ours-406478,358,0.012353
12,KACTL,358,0.219991
12,simd-v0,358,0.029004
12,ours-406478,359,0.012374
12,KACTL,359,0.229750
12,simd-v0,359,0.029175
12,393435,359,0.020068
12,KACTL,360,0.219190
12,simd-v0,360,0.028984
12,393435,360,0.019847
12,ours-406478,360,0.012684
12,simd-v0,361,0.028994
12,393435,361,0.019898
12,ours-406478,361,0.012494
12,KACTL,361,0.246541
12,393435,362,0.020238
12,ours-406478,362,0.012644
12,KACTL,362,0.245119
12,simd-v0,362,0.029405
12,ours-406478,363,0.012814
12,KACTL,363,0.222706
12,simd-v0,363,0.029035
12,393435,363,0.020217
12,KACTL,364,0.219040
12,simd-v0,364,0.029064
12,393435,364,0.019918
12,ours-406478,364,0.012554
12,simd-v0,365,0.029105
12,393435,365,0.019928
12,ours-406478,365,0.012403
12,KACTL,365,0.219180
12,393435,366,0.019897
12,ours-406478,366,0.012363
12,KACTL,366,0.268101
12,simd-v0,366,0.029165
12,ours-406478,367,0.012683
12,KACTL,367,0.219391
12,simd-v0,367,0.029074
12,393435,367,0.020148
12,KACTL,368,0.219059
12,simd-v0,368,0.029044
12,393435,368,0.019857
12,ours-406478,368,0.012564
12,simd-v0,369,0.029015
12,393435,369,0.019857
12,ours-406478,369,0.012453
12,KACTL,369,0.233386
12,393435,370,0.020058
12,ours-406478,370,0.012633
12,KACTL,370,0.219120
12,simd-v0,370,0.029305
12,ours-406478,371,0.012424
12,KACTL,371,0.219291
12,simd-v0,371,0.029795
12,393435,371,0.020058
12,KACTL,372,0.219170
12,simd-v0,372,0.029105
12,393435,372,0.030588
12,ours-406478,372,0.012613
12,simd-v0,373,0.029085
12,393435,373,0.019937
12,ours-406478,373,0.012453
12,KACTL,373,0.219210
12,393435,374,0.019907
12,ours-406478,374,0.012373
12,KACTL,374,0.243826
12,simd-v0,374,0.029125
12,ours-406478,375,0.012643
12,KACTL,375,0.220022
12,simd-v0,375,0.029025
12,393435,375,0.020188
12,KACTL,376,0.281577
12,simd-v0,376,0.029255
12,393435,376,0.020549
12,ours-406478,376,0.012934
12,simd-v0,377,0.028985
12,393435,377,0.019938
12,ours-406478,377,0.012383
12,KACTL,377,0.219682
12,393435,378,0.019897
12,ours-406478,378,0.012393
12,KACTL,378,0.220001
12,simd-v0,378,0.029064
12,ours-406478,379,0.012373
12,KACTL,379,0.251421
12,simd-v0,379,0.029285
12,393435,379,0.020098
12,KACTL,380,0.219140
12,simd-v0,380,0.029105
12,393435,380,0.020028
12,ours-406478,380,0.012795
12,simd-v0,381,0.028954
12,393435,381,0.019967
12,ours-406478,381,0.012383
12,KACTL,381,0.220583
12,393435,382,0.019838
12,ours-406478,382,0.012433
12,KACTL,382,0.219160
12,simd-v0,382,0.041378
12,ours-406478,383,0.012634
12,KACTL,383,0.219440
12,simd-v0,383,0.029205
12,393435,383,0.020158
12,KACTL,384,0.219010
12,simd-v0,384,0.028995
12,393435,384,0.019947
12,ours-406478,384,0.012544
12,simd-v0,385,0.029014
12,393435,385,0.019837
12,ours-406478,385,0.012374
12,KACTL,385,0.219431
12,393435,386,0.019958
12,ours-406478,386,0.012393
12,KACTL,386,0.230000
12,simd-v0,386,0.029075
12,ours-406478,387,0.012484
12,KACTL,387,0.219311
12,simd-v0,387,0.028954
12,393435,387,0.020138
12,KACTL,388,0.219231
12,simd-v0,388,0.029044
12,393435,388,0.019907
12,ours-406478,388,0.012474
12,simd-v0,389,0.029115
12,393435,389,0.019907
12,ours-406478,389,0.012373
12,KACTL,389,0.229861
12,393435,390,0.019988
12,ours-406478,390,0.012543
12,KACTL,390,0.220653
12,simd-v0,390,0.029184
12,ours-406478,391,0.012373
12,KACTL,391,0.219381
12,simd-v0,391,0.029014
12,393435,391,0.020017
12,KACTL,392,0.219170
12,simd-v0,392,0.029145
12,393435,392,0.019907
12,ours-406478,392,0.012403
12,simd-v0,393,0.029064
12,393435,393,0.019837
12,ours-406478,393,0.012363
12,KACTL,393,0.250779
12,393435,394,0.020178
12,ours-406478,394,0.012764
12,KACTL,394,0.219190
12,simd-v0,394,0.029074
12,ours-406478,395,0.012353
12,KACTL,395,0.219331
12,simd-v0,395,0.028974
12,393435,395,0.020157
12,KACTL,396,0.230632
12,simd-v0,396,0.029184
12,393435,396,0.019957
12,ours-406478,396,0.012563
12,simd-v0,397,0.029054
12,393435,397,0.019857
12,ours-406478,397,0.012443
12,KACTL,397,0.222556
12,393435,398,0.019937
12,ours-406478,398,0.012483
12,KACTL,398,0.219171
12,simd-v0,398,0.029154
12,ours-406478,399,0.012373
12,KACTL,399,0.219220
12,simd-v0,399,0.029014
12,393435,399,0.019977
12,KACTL,400,0.230741
12,simd-v0,400,0.029155
12,393435,400,0.019938
12,ours-406478,400,0.012653
12,simd-v0,401,0.029195
12,393435,401,0.019837
12,ours-406478,401,0.012353
12,KACTL,401,0.219341
12,393435,402,0.019817
12,ours-406478,402,0.012373
12,KACTL,402,0.219231
12,simd-v0,402,0.028984
12,ours-406478,403,0.012403
12,KACTL,403,0.229278
12,simd-v0,403,0.029115
12,393435,403,0.020028
12,KACTL,404,0.219190
12,simd-v0,404,0.029165
12,393435,404,0.019978
12,ours-406478,404,0.012574
12,simd-v0,405,0.029044
12,393435,405,0.019927
12,ours-406478,405,0.012363
12,KACTL,405,0.220163
12,393435,406,0.019927
12,ours-406478,406,0.012363
12,KACTL,406,0.219221
12,simd-v0,406,0.052559
12,ours-406478,407,0.017783
12,KACTL,407,0.219871
12,simd-v0,407,0.029044
12,393435,407,0.020158
12,KACTL,408,0.219200
12,simd-v0,408,0.029125
12,393435,408,0.019907
12,ours-406478,408,0.012514
12,simd-v0,409,0.029104
12,393435,409,0.019917
12,ours-406478,409,0.012384
12,KACTL,409,0.220172
12,393435,410,0.019917
12,ours-406478,410,0.012352
12,KACTL,410,0.230942
12,simd-v0,410,0.029195
12,ours-406478,411,0.012564
12,KACTL,411,0.219350
12,simd-v0,411,0.029125
12,393435,411,0.020117
12,KACTL,412,0.219160
12,simd-v0,412,0.029024
12,393435,412,0.019988
12,ours-406478,412,0.012413
12,simd-v0,413,0.028994
12,393435,413,0.019977
12,ours-406478,413,0.012374
12,KACTL,413,0.239298
12,393435,414,0.020178
12,ours-406478,414,0.012653
12,KACTL,414,0.219310
12,simd-v0,414,0.029174
12,ours-406478,415,0.012443
12,KACTL,415,0.219520
12,simd-v0,415,0.029034
12,393435,415,0.019968
12,KACTL,416,0.219070
12,simd-v0,416,0.029064
12,393435,416,0.019848
12,ours-406478,416,0.012384
12,simd-v0,417,0.029075
12,393435,417,0.020037
12,ours-406478,417,0.012383
12,KACTL,417,0.229810
12,393435,418,0.019958
12,ours-406478,418,0.012583
12,KACTL,418,0.219581
12,simd-v0,418,0.029124
12,ours-406478,419,0.012663
12,KACTL,419,0.219331
12,simd-v0,419,0.046286
12,393435,419,0.020017
12,KACTL,420,0.260067
12,simd-v0,420,0.029224
12,393435,420,0.020108
12,ours-406478,420,0.013135
12,simd-v0,421,0.029085
12,393435,421,0.020127
12,ours-406478,421,0.012594
12,KACTL,421,0.229169
12,393435,422,0.020007
12,ours-406478,422,0.012613
12,KACTL,422,0.219000
12,simd-v0,422,0.029215
12,ours-406478,423,0.012433
12,KACTL,423,0.219340
12,simd-v0,423,0.042670
12,393435,423,0.020087
12,KACTL,424,0.219180
12,simd-v0,424,0.029054
12,393435,424,0.019977
12,ours-406478,424,0.012653
12,simd-v0,425,0.028954
12,393435,425,0.019978
12,ours-406478,425,0.012383
12,KACTL,425,0.219451
12,393435,426,0.019917
12,ours-406478,426,0.012373
12,KACTL,426,0.233958
12,simd-v0,426,0.029114
12,ours-406478,427,0.012834
12,KACTL,427,0.231954
12,simd-v0,427,0.029245
12,393435,427,0.020418
12,KACTL,428,0.219220
12,simd-v0,428,0.028984
12,393435,428,0.019977
12,ours-406478,428,0.012674
12,simd-v0,429,0.029094
12,393435,429,0.020028
12,ours-406478,429,0.012373
12,KACTL,429,0.219521
12,393435,430,0.019817
12,ours-406478,430,0.012373
12,KACTL,430,0.229359
12,simd-v0,430,0.029065
12,ours-406478,431,0.012543
12,KACTL,431,0.222095
12,simd-v0,431,0.029204
12,393435,431,0.020098
12,KACTL,432,0.219070
12,simd-v0,432,0.028924
12,393435,432,0.019928
12,ours-406478,432,0.012644
12,simd-v0,433,0.029025
12,393435,433,0.019957
12,ours-406478,433,0.012363
12,KACTL,433,0.220021
12,393435,434,0.019987
12,ours-406478,434,0.012383
12,KACTL,434,0.252102
12,simd-v0,434,0.029124
12,ours-406478,435,0.012754
12,KACTL,435,0.219531
12,simd-v0,435,0.029114
12,393435,435,0.020118
12,KACTL,436,0.219922
12,simd-v0,436,0.028945
12,393435,436,0.019947
12,ours-406478,436,0.012483
12,simd-v0,437,0.028914
12,393435,437,0.019887
12,ours-406478,437,0.012373
12,KACTL,437,0.231123
12,393435,438,0.020017
12,ours-406478,438,0.012584
12,KACTL,438,0.219070
12,simd-v0,438,0.029124
12,ours-406478,439,0.012393
12,KACTL,439,0.219360
12,simd-v0,439,0.029084
12,393435,439,0.019877
12,KACTL,440,0.218970
12,simd-v0,440,0.028934
12,393435,440,0.019847
12,ours-406478,440,0.022712
12,simd-v0,441,0.029094
12,393435,441,0.020178
12,ours-406478,441,0.012423
12,KACTL,441,0.219631
12,393435,442,0.020008
12,ours-406478,442,0.012374
12,KACTL,442,0.219160
12,simd-v0,442,0.028984
12,ours-406478,443,0.012404
12,KACTL,443,0.219331
12,simd-v0,443,0.029114
12,393435,443,0.019977
12,KACTL,444,0.229078
12,simd-v0,444,0.029174
12,393435,444,0.020057
12,ours-406478,444,0.012624
12,simd-v0,445,0.029004
12,393435,445,0.019827
12,ours-406478,445,0.012354
12,KACTL,445,0.219922
12,393435,446,0.019877
12,ours-406478,446,0.012473
12,KACTL,446,0.219170
12,simd-v0,446,0.029245
12,ours-406478,447,0.012374
12,KACTL,447,0.219301
12,simd-v0,447,0.055494
12,393435,447,0.021760
12,KACTL,448,0.219651
12,simd-v0,448,0.029025
12,393435,448,0.019917
12,ours-406478,448,0.012955
12,simd-v0,449,0.028954
12,393435,449,0.019887
12,ours-406478,449,0.012463
12,KACTL,449,0.219391
12,393435,450,0.019847
12,ours-406478,450,0.012373
12,KACTL,450,0.219210
12,simd-v0,450,0.029165
12,ours-406478,451,0.012373
12,KACTL,451,0.231624
12,simd-v0,451,0.029095
12,393435,451,0.020108
12,KACTL,452,0.218980
12,simd-v0,452,0.029235
12,393435,452,0.019867
12,ours-406478,452,0.012614
12,simd-v0,453,0.029094
12,393435,453,0.019907
12,ours-406478,453,0.012343
12,KACTL,453,0.219430
12,393435,454,0.019917
12,ours-406478,454,0.012363
12,KACTL,454,0.239809
12,simd-v0,454,0.029205
12,ours-406478,455,0.012643
12,KACTL,455,0.219662
12,simd-v0,455,0.028984
12,393435,455,0.020258
12,KACTL,456,0.218960
12,simd-v0,456,0.029004
12,393435,456,0.019837
12,ours-406478,456,0.012473
12,simd-v0,457,0.029025
12,393435,457,0.019827
12,ours-406478,457,0.012373
12,KACTL,457,0.219391
12,393435,458,0.019858
12,ours-406478,458,0.012403
12,KACTL,458,0.229659
12,simd-v0,458,0.029095
12,ours-406478,459,0.012514
12,KACTL,459,0.219370
12,simd-v0,459,0.029184
12,393435,459,0.020087
12,KACTL,460,0.219811
12,simd-v0,460,0.029014
12,393435,460,0.019918
12,ours-406478,460,0.012664
12,simd-v0,461,0.029064
12,393435,461,0.019897
12,ours-406478,461,0.012393
12,KACTL,461,0.230271
12,393435,462,0.020057
12,ours-406478,462,0.012674
12,KACTL,462,0.219321
12,simd-v0,462,0.029214
12,ours-406478,463,0.012373
12,KACTL,463,0.219381
12,simd-v0,463,0.029125
12,393435,463,0.020008
12,KACTL,464,0.219972
12,simd-v0,464,0.029004
12,393435,464,0.019997
12,ours-406478,464,0.022362
12,simd-v0,465,0.029144
12,393435,465,0.019977
12,ours-406478,465,0.012563
12,KACTL,465,0.222076
12,393435,466,0.019948
12,ours-406478,466,0.012493
12,KACTL,466,0.219211
12,simd-v0,466,0.029085
12,ours-406478,467,0.012453
12,KACTL,467,0.220112
12,simd-v0,467,0.029225
12,393435,467,0.020048
12,KACTL,468,0.229089
12,simd-v0,468,0.029094
12,393435,468,0.020088
12,ours-406478,468,0.012664
12,simd-v0,469,0.029115
12,393435,469,0.020038
12,ours-406478,469,0.012383
12,KACTL,469,0.219350
12,393435,470,0.019977
12,ours-406478,470,0.012373
12,KACTL,470,0.219130
12,simd-v0,470,0.029004
12,ours-406478,471,0.012354
12,KACTL,471,0.219290
12,simd-v0,471,0.039885
12,393435,471,0.019978
12,KACTL,472,0.219079
12,simd-v0,472,0.029074
12,393435,472,0.019967
12,ours-406478,472,0.012704
12,simd-v0,473,0.028934
12,393435,473,0.019897
12,ours-406478,473,0.012483
12,KACTL,473,0.219511
12,393435,474,0.019977
12,ours-406478,474,0.012374
12,KACTL,474,0.219070
12,simd-v0,474,0.029124
12,ours-406478,475,0.012394
12,KACTL,475,0.229299
12,simd-v0,475,0.029055
12,393435,475,0.020058
12,KACTL,476,0.218990
12,simd-v0,476,0.029104
12,393435,476,0.019957
12,ours-406478,476,0.012594
12,simd-v0,477,0.029014
12,393435,477,0.019998
12,ours-406478,477,0.012343
12,KACTL,477,0.220262
12,393435,478,0.019948
12,ours-406478,478,0.012343
12,KACTL,478,0.229129
12,simd-v0,478,0.029164
12,ours-406478,479,0.012463
12,KACTL,479,0.219340
12,simd-v0,479,0.029164
12,393435,479,0.020087
12,KACTL,480,0.219040
12,simd-v0,480,0.029125
12,393435,480,0.019948
12,ours-406478,480,0.012403
12,simd-v0,481,0.029204
12,393435,481,0.019827
12,ours-406478,481,0.012373
12,KACTL,481,0.220062
12,393435,482,0.019897
12,ours-406478,482,0.012383
12,KACTL,482,0.229148
12,simd-v0,482,0.029034
12,ours-406478,483,0.012574
12,KACTL,483,0.219391
12,simd-v0,483,0.029094
12,393435,483,0.020078
12,KACTL,484,0.219220
12,simd-v0,484,0.029145
12,393435,484,0.019937
12,ours-406478,484,0.012403
12,simd-v0,485,0.029906
12,393435,485,0.019917
12,ours-406478,485,0.012384
12,KACTL,485,0.228919
12,393435,486,0.019957
12,ours-406478,486,0.012624
12,KACTL,486,0.219160
12,simd-v0,486,0.029175
12,ours-406478,487,0.012394
12,KACTL,487,0.219521
12,simd-v0,487,0.028994
12,393435,487,0.020078
12,KACTL,488,0.219100
12,simd-v0,488,0.029104
12,393435,488,0.019898
12,ours-406478,488,0.012403
12,simd-v0,489,0.029104
12,393435,489,0.019977
12,ours-406478,489,0.033623
12,KACTL,489,0.219641
12,393435,490,0.020238
12,ours-406478,490,0.012474
12,KACTL,490,0.219281
12,simd-v0,490,0.029064
12,ours-406478,491,0.012373
12,KACTL,491,0.219310
12,simd-v0,491,0.029035
12,393435,491,0.020118
12,KACTL,492,0.230681
12,simd-v0,492,0.029155
12,393435,492,0.020008
12,ours-406478,492,0.012654
12,simd-v0,493,0.029114
12,393435,493,0.019877
12,ours-406478,493,0.012444
12,KACTL,493,0.219451
12,393435,494,0.020018
12,ours-406478,494,0.012384
12,KACTL,494,0.219160
12,simd-v0,494,0.029074
12,ours-406478,495,0.012374
12,KACTL,495,0.219491
12,simd-v0,495,0.029004
12,393435,495,0.019967
12,KACTL,496,0.229469
12,simd-v0,496,0.029215
12,393435,496,0.020027
12,ours-406478,496,0.012603
12,simd-v0,497,0.029144
12,393435,497,0.019927
12,ours-406478,497,0.012354
12,KACTL,497,0.219281
12,393435,498,0.019857
12,ours-406478,498,0.012463
12,KACTL,498,0.219029
12,simd-v0,498,0.029105
12,ours-406478,499,0.012373
12,KACTL,499,0.229469
12,simd-v0,499,0.029004
12,393435,499,0.020097
12,KACTL,500,0.221665
12,simd-v0,500,0.029215
12,393435,500,0.019938
12,ours-406478,500,0.012624
12,simd-v0,501,0.029115
12,393435,501,0.019867
12,ours-406478,501,0.012373
12,KACTL,501,0.219481
12,393435,502,0.019947
12,ours-406478,502,0.012403
12,KACTL,502,0.218970
12,simd-v0,502,0.039343
12,ours-406478,503,0.012644
12,KACTL,503,0.219501
12,simd-v0,503,0.029165
12,393435,503,0.020258
12,KACTL,504,0.219260
12,simd-v0,504,0.029004
12,393435,504,0.019997
12,ours-406478,504,0.012493
12,simd-v0,505,0.028903
12,393435,505,0.019987
12,ours-406478,505,0.012393
12,KACTL,505,0.219350
12,393435,506,0.019837
12,ours-406478,506,0.012373
12,KACTL,506,0.229639
12,simd-v0,506,0.029105
12,ours-406478,507,0.012584
12,KACTL,507,0.219400
12,simd-v0,507,0.029124
12,393435,507,0.020117
12,KACTL,508,0.219070
12,simd-v0,508,0.029034
12,393435,508,0.019847
12,ours-406478,508,0.012523
12,simd-v0,509,0.028964
12,393435,509,0.019938
12,ours-406478,509,0.012413
12,KACTL,509,0.229129
12,393435,510,0.019987
12,ours-406478,510,0.012533
12,KACTL,510,0.219220
12,simd-v0,510,0.029094
12,ours-406478,511,0.012363
12,KACTL,511,0.219380
12,simd-v0,511,0.028985
12,393435,511,0.020027
12,KACTL,512,0.219140
12,simd-v0,512,0.029075
12,393435,512,0.019827
12,ours-406478,512,0.012433
12,simd-v0,513,0.029114
12,393435,513,0.019937
12,ours-406478,513,0.012344
12,KACTL,513,0.230211
12,393435,514,0.020038
12,ours-406478,514,0.012584
12,KACTL,514,0.219270
12,simd-v0,514,0.029235
12,ours-406478,515,0.012393
12,KACTL,515,0.219311
12,simd-v0,515,0.028994
12,393435,515,0.020288
12,KACTL,516,0.228968
12,simd-v0,516,0.029165
12,393435,516,0.019988
12,ours-406478,516,0.012603
12,simd-v0,517,0.029084
12,393435,517,0.019858
12,ours-406478,517,0.012413
12,KACTL,517,0.219300
12,393435,518,0.019927
12,ours-406478,518,0.012514
12,KACTL,518,0.219270
12,simd-v0,518,0.029125
12,ours-406478,519,0.012374
12,KACTL,519,0.220012
12,simd-v0,519,0.029085
12,393435,519,0.019997
12,KACTL,520,0.229279
12,simd-v0,520,0.029295
12,393435,520,0.019948
12,ours-406478,520,0.012593
12,simd-v0,521,0.029124
12,393435,521,0.019897
12,ours-406478,521,0.012394
12,KACTL,521,0.219291
12,393435,522,0.019907
12,ours-406478,522,0.012403
12,KACTL,522,0.219972
12,simd-v0,522,0.028985
12,ours-406478,523,0.012483
12,KACTL,523,0.229149
12,simd-v0,523,0.029124
12,393435,523,0.019967
12,KACTL,524,0.219261
12,simd-v0,524,0.029054
12,393435,524,0.020038
12,ours-406478,524,0.012643
12,simd-v0,525,0.028944
12,393435,525,0.019977
12,ours-406478,525,0.012383
12,KACTL,525,0.219461
12,393435,526,0.019887
12,ours-406478,526,0.012393
12,KACTL,526,0.219210
12,simd-v0,526,0.028985
12,ours-406478,527,0.012373
12,KACTL,527,0.229479
12,simd-v0,527,0.029255
12,393435,527,0.020138
12,KACTL,528,0.219220
12,simd-v0,528,0.028954
12,393435,528,0.019907
12,ours-406478,528,0.012653
12,simd-v0,529,0.029094
12,393435,529,0.019858
12,ours-406478,529,0.012473
12,KACTL,529,0.219160
12,393435,530,0.020017
12,ours-406478,530,0.012414
12,KACTL,530,0.228959
12,simd-v0,530,0.029194
12,ours-406478,531,0.012493
12,KACTL,531,0.219310
12,simd-v0,531,0.028974
12,393435,531,0.020098
12,KACTL,532,0.219150
12,simd-v0,532,0.029034
12,393435,532,0.019847
12,ours-406478,532,0.012454
12,simd-v0,533,0.029135
12,393435,533,0.019948
12,ours-406478,533,0.012363
12,KACTL,533,0.219330
12,393435,534,0.029676
12,ours-406478,534,0.012583
12,KACTL,534,0.219160
12,simd-v0,534,0.031799
12,ours-406478,535,0.012423
12,KACTL,535,0.219481
12,simd-v0,535,0.029074
12,393435,535,0.020168
12,KACTL,536,0.219141
12,simd-v0,536,0.028974
12,393435,536,0.020058
12,ours-406478,536,0.012423
12,simd-v0,537,0.029085
12,393435,537,0.019908
12,ours-406478,537,0.012383
12,KACTL,537,0.229439
12,393435,538,0.019957
12,ours-406478,538,0.012594
12,KACTL,538,0.219180
12,simd-v0,538,0.029074
12,ours-406478,539,0.012433
12,KACTL,539,0.219200
12,simd-v0,539,0.028995
12,393435,539,0.019947
12,KACTL,540,0.220092
12,simd-v0,540,0.028944
12,393435,540,0.020017
12,ours-406478,540,0.012524
12,simd-v0,541,0.029084
12,393435,541,0.020088
12,ours-406478,541,0.012393
12,KACTL,541,0.219470
12,393435,542,0.019847
12,ours-406478,542,0.012372
12,KACTL,542,0.219120
12,simd-v0,542,0.028974
12,ours-406478,543,0.012374
12,KACTL,543,0.220062
12,simd-v0,543,0.028985
12,393435,543,0.019977
12,KACTL,544,0.229009
12,simd-v0,544,0.029125
12,393435,544,0.019977
12,ours-406478,544,0.012713
12,simd-v0,545,0.029054
12,393435,545,0.020037
12,ours-406478,545,0.012523
12,KACTL,545,0.219471
12,393435,546,0.020018
12,ours-406478,546,0.012373
12,KACTL,546,0.219190
12,simd-v0,546,0.028964
12,ours-406478,547,0.012363
12,KACTL,547,0.219441
12,simd-v0,547,0.039744
12,393435,547,0.020028
12,KACTL,548,0.219380
12,simd-v0,548,0.029074
12,393435,548,0.019928
12,ours-406478,548,0.012714
12,simd-v0,549,0.028964
12,393435,549,0.019827
12,ours-406478,549,0.012463
12,KACTL,549,0.219361
12,393435,550,0.019927
12,ours-406478,550,0.012413
12,KACTL,550,0.219310
12,simd-v0,550,0.029155
12,ours-406478,551,0.012323
12,KACTL,551,0.229219
12,simd-v0,551,0.029114
12,393435,551,0.020117
12,KACTL,552,0.219251
12,simd-v0,552,0.029044
12,393435,552,0.019918
12,ours-406478,552,0.012603
12,simd-v0,553,0.029024
12,393435,553,0.019938
12,ours-406478,553,0.012333
12,KACTL,553,0.219310
12,393435,554,0.019867
12,ours-406478,554,0.012434
12,KACTL,554,0.228989
12,simd-v0,554,0.029174
12,ours-406478,555,0.012473
12,KACTL,555,0.219481
12,simd-v0,555,0.029064
12,393435,555,0.020037
12,KACTL,556,0.219331
12,simd-v0,556,0.028954
12,393435,556,0.019977
12,ours-406478,556,0.012443
12,simd-v0,557,0.028964
12,393435,557,0.019887
12,ours-406478,557,0.012353
12,KACTL,557,0.219411
12,393435,558,0.019857
12,ours-406478,558,0.012383
12,KACTL,558,0.269875
12,simd-v0,558,0.029175
12,ours-406478,559,0.012844
12,KACTL,559,0.219550
12,simd-v0,559,0.028924
12,393435,559,0.020378
12,KACTL,560,0.219170
12,simd-v0,560,0.029055
12,393435,560,0.020028
12,ours-406478,560,0.012524
12,simd-v0,561,0.029024
12,393435,561,0.019877
12,ours-406478,561,0.012384
12,KACTL,561,0.231023
12,393435,562,0.019997
12,ours-406478,562,0.012663
12,KACTL,562,0.219230
12,simd-v0,562,0.029325
12,ours-406478,563,0.012414
12,KACTL,563,0.219300
12,simd-v0,563,0.029034
12,393435,563,0.020077
12,KACTL,564,0.219170
12,simd-v0,564,0.029074
12,393435,564,0.019928
12,ours-406478,564,0.022462
12,simd-v0,565,0.029095
12,393435,565,0.020027
12,ours-406478,565,0.012443
12,KACTL,565,0.219601
12,393435,566,0.019877
12,ours-406478,566,0.012514
12,KACTL,566,0.219340
12,simd-v0,566,0.029135
12,ours-406478,567,0.012414
12,KACTL,567,0.220272
12,simd-v0,567,0.029095
12,393435,567,0.019988
12,KACTL,568,0.228949
12,simd-v0,568,0.029084
12,393435,568,0.019997
12,ours-406478,568,0.012614
12,simd-v0,569,0.029185
12,393435,569,0.019967
12,ours-406478,569,0.012403
12,KACTL,569,0.223699
12,393435,570,0.019918
12,ours-406478,570,0.012473
12,KACTL,570,0.219441
12,simd-v0,570,0.029014
12,ours-406478,571,0.012463
12,KACTL,571,0.219230
12,simd-v0,571,0.039264
12,393435,571,0.020047
12,KACTL,572,0.219381
12,simd-v0,572,0.028954
12,393435,572,0.020067
12,ours-406478,572,0.012564
12,simd-v0,573,0.028974
12,393435,573,0.019937
12,ours-406478,573,0.012394
12,KACTL,573,0.219331
12,393435,574,0.019857
12,ours-406478,574,0.012363
12,KACTL,574,0.220011
12,simd-v0,574,0.028954
12,ours-406478,575,0.012403
12,KACTL,575,0.229269
12,simd-v0,575,0.029135
12,393435,575,0.020108
12,KACTL,576,0.219290
12,simd-v0,576,0.029115
12,393435,576,0.019897
12,ours-406478,576,0.012694
12,simd-v0,577,0.028975
12,393435,577,0.019927
12,ours-406478,577,0.012473
12,KACTL,577,0.219380
12,393435,578,0.019968
12,ours-406478,578,0.013164
12,KACTL,578,0.229179
12,simd-v0,578,0.029105
12,ours-406478,579,0.012454
12,KACTL,579,0.219320
12,simd-v0,579,0.029095
12,393435,579,0.020138
12,KACTL,580,0.219150
12,simd-v0,580,0.029165
12,393435,580,0.019897
12,ours-406478,580,0.012443
12,simd-v0,581,0.029114
12,393435,581,0.019807
12,ours-406478,581,0.012393
12,KACTL,581,0.219441
12,393435,582,0.019867
12,ours-406478,582,0.012473
12,KACTL,582,0.229208
12,simd-v0,582,0.029234
12,ours-406478,583,0.012443
12,KACTL,583,0.219380
12,simd-v0,583,0.028955
12,393435,583,0.020018
12,KACTL,584,0.219141
12,simd-v0,584,0.028944
12,393435,584,0.019947
12,ours-406478,584,0.012513
12,simd-v0,585,0.029846
12,393435,585,0.019888
12,ours-406478,585,0.012413
12,KACTL,585,0.231072
12,393435,586,0.020198
12,ours-406478,586,0.012594
12,KACTL,586,0.219170
12,simd-v0,586,0.029275
12,ours-406478,587,0.012383
12,KACTL,587,0.219531
12,simd-v0,587,0.029164
12,393435,587,0.020047
12,KACTL,588,0.219261
12,simd-v0,588,0.028944
12,393435,588,0.020048
12,ours-406478,588,0.012564
12,simd-v0,589,0.028974
12,393435,589,0.031159
12,ours-406478,589,0.012544
12,KACTL,589,0.219410
12,393435,590,0.019817
12,ours-406478,590,0.012443
12,KACTL,590,0.219130
12,simd-v0,590,0.029054
12,ours-406478,591,0.012423
12,KACTL,591,0.219421
12,simd-v0,591,0.029035
12,393435,591,0.020028
12,KACTL,592,0.230201
12,simd-v0,592,0.029095
12,393435,592,0.019957
12,ours-406478,592,0.012594
12,simd-v0,593,0.029045
12,393435,593,0.020027
12,ours-406478,593,0.012403
12,KACTL,593,0.219531
12,393435,594,0.019927
12,ours-406478,594,0.012393
12,KACTL,594,0.219290
12,simd-v0,594,0.029014
12,ours-406478,595,0.012393
12,KACTL,595,0.219390
12,simd-v0,595,0.029004
12,393435,595,0.020007
12,KACTL,596,0.229570
12,simd-v0,596,0.029205
12,393435,596,0.019948
12,ours-406478,596,0.012704
12,simd-v0,597,0.029014
12,393435,597,0.019817
12,ours-406478,597,0.012433
12,KACTL,597,0.219310
12,393435,598,0.019937
12,ours-406478,598,0.012384
12,KACTL,598,0.219221
12,simd-v0,598,0.029785
12,ours-406478,599,0.012353
12,KACTL,599,0.231513
12,simd-v0,599,0.029104
12,393435,599,0.020108
12,KACTL,600,0.219190
12,simd-v0,600,0.029085
12,393435,600,0.019877
12,ours-406478,600,0.012623
12,simd-v0,601,0.028994
12,393435,601,0.019847
12,ours-406478,601,0.012393
12,KACTL,601,0.219280
12,393435,602,0.019987
12,ours-406478,602,0.012503
12,KACTL,602,0.219080
12,simd-v0,602,0.039053
12,ours-406478,603,0.012483
12,KACTL,603,0.221665
12,simd-v0,603,0.029094
12,393435,603,0.020168
12,KACTL,604,0.219251
12,simd-v0,604,0.029235
12,393435,604,0.019897
12,ours-406478,604,0.012513
12,simd-v0,605,0.029005
12,393435,605,0.019927
12,ours-406478,605,0.012393
12,KACTL,605,0.219400
12,393435,606,0.019928
12,ours-406478,606,0.012344
12,KACTL,606,0.229279
12,simd-v0,606,0.029165
12,ours-406478,607,0.012524
12,KACTL,607,0.219291
12,simd-v0,607,0.029004
12,393435,607,0.020008
12,KACTL,608,0.219181
12,simd-v0,608,0.029014
12,393435,608,0.020038
12,ours-406478,608,0.012434
12,simd-v0,609,0.029034
12,393435,609,0.019957
12,ours-406478,609,0.012384
12,KACTL,609,0.229209
12,393435,610,0.019918
12,ours-406478,610,0.012564
12,KACTL,610,0.219200
12,simd-v0,610,0.029025
12,ours-406478,611,0.012493
12,KACTL,611,0.219270
12,simd-v0,611,0.029104
12,393435,611,0.020038
12,KACTL,612,0.219220
12,simd-v0,612,0.029065
12,393435,612,0.019917
12,ours-406478,612,0.012463
12,simd-v0,613,0.029065
12,393435,613,0.019897
12,ours-406478,613,0.012433
12,KACTL,613,0.229429
12,393435,614,0.020018
12,ours-406478,614,0.012624
12,KACTL,614,0.219471
12,simd-v0,614,0.029064
12,ours-406478,615,0.012414
12,KACTL,615,0.219310
12,simd-v0,615,0.029044
12,393435,615,0.020158
12,KACTL,616,0.229189
12,simd-v0,616,0.028984
12,393435,616,0.020037
12,ours-406478,616,0.012704
12,simd-v0,617,0.029014
12,393435,617,0.019947
12,ours-406478,617,0.012473
12,KACTL,617,0.219371
12,393435,618,0.019947
12,ours-406478,618,0.012393
12,KACTL,618,0.219170
12,simd-v0,618,0.029054
12,ours-406478,619,0.012363
12,KACTL,619,0.219350
12,simd-v0,619,0.029095
12,393435,619,0.020078
12,KACTL,620,0.230090
12,simd-v0,620,0.029145
12,393435,620,0.020038
12,ours-406478,620,0.012604
12,simd-v0,621,0.029065
12,393435,621,0.019908
12,ours-406478,621,0.012353
12,KACTL,621,0.219450
12,393435,622,0.019867
12,ours-406478,622,0.012384
12,KACTL,622,0.219311
12,simd-v0,622,0.029024
12,ours-406478,623,0.012383
12,KACTL,623,0.230050
12,simd-v0,623,0.028974
12,393435,623,0.020097
12,KACTL,624,0.219150
12,simd-v0,624,0.028935
12,393435,624,0.019907
12,ours-406478,624,0.012603
12,simd-v0,625,0.029165
12,393435,625,0.019807
12,ours-406478,625,0.012383
12,KACTL,625,0.219321
12,393435,626,0.019877
12,ours-406478,626,0.012383
12,KACTL,626,0.220062
12,simd-v0,626,0.029014
12,ours-406478,627,0.012463
12,KACTL,627,0.229410
12,simd-v0,627,0.029195
12,393435,627,0.019997
12,KACTL,628,0.219180
12,simd-v0,628,0.028965
12,393435,628,0.019968
12,ours-406478,628,0.012644
12,simd-v0,629,0.029065
12,393435,629,0.019998
12,ours-406478,629,0.012494
12,KACTL,629,0.219310
12,393435,630,0.020038
12,ours-406478,630,0.012404
12,KACTL,630,0.229830
12,simd-v0,630,0.029244
12,ours-406478,631,0.012604
12,KACTL,631,0.219471
12,simd-v0,631,0.029065
12,393435,631,0.020098
12,KACTL,632,0.219301
12,simd-v0,632,0.029155
12,393435,632,0.023664
12,ours-406478,632,0.013445
12,simd-v0,633,0.029074
12,393435,633,0.019948
12,ours-406478,633,0.012393
12,KACTL,633,0.229309
12,393435,634,0.019978
12,ours-406478,634,0.012534
12,KACTL,634,0.219291
12,simd-v0,634,0.029065
12,ours-406478,635,0.012383
12,KACTL,635,0.219360
12,simd-v0,635,0.029094
12,393435,635,0.020047
12,KACTL,636,0.219270
12,simd-v0,636,0.028945
12,393435,636,0.019887
12,ours-406478,636,0.012484
12,simd-v0,637,0.029045
12,393435,637,0.019847
12,ours-406478,637,0.012453
12,KACTL,637,0.229078
12,393435,638,0.019998
12,ours-406478,638,0.012614
12,KACTL,638,0.221815
12,simd-v0,638,0.029145
12,ours-406478,639,0.012414
12,KACTL,639,0.219150
12,simd-v0,639,0.028994
12,393435,639,0.020107
12,KACTL,640,0.219250
12,simd-v0,640,0.029065
12,393435,640,0.030036
12,ours-406478,640,0.012584
12,simd-v0,641,0.029225
12,393435,641,0.019898
12,ours-406478,641,0.012443
12,KACTL,641,0.219411
12,393435,642,0.019988
12,ours-406478,642,0.012483
12,KACTL,642,0.219160
12,simd-v0,642,0.029144
12,ours-406478,643,0.012373
12,KACTL,643,0.219361
12,simd-v0,643,0.028985
12,393435,643,0.019957
12,KACTL,644,0.229219
12,simd-v0,644,0.029184
12,393435,644,0.019947
12,ours-406478,644,0.012603
12,simd-v0,645,0.029014
12,393435,645,0.019897
12,ours-406478,645,0.012394
12,KACTL,645,0.219311
12,393435,646,0.019897
12,ours-406478,646,0.012393
12,KACTL,646,0.219310
12,simd-v0,646,0.028944
12,ours-406478,647,0.012483
12,KACTL,647,0.229860
12,simd-v0,647,0.029114
12,393435,647,0.020057
12,KACTL,648,0.219150
12,simd-v0,648,0.029114
12,393435,648,0.019977
12,ours-406478,648,0.012614
12,simd-v0,649,0.028984
12,393435,649,0.019938
12,ours-406478,649,0.012383
12,KACTL,649,0.219390
12,393435,650,0.019977
12,ours-406478,650,0.012383
12,KACTL,650,0.219991
12,simd-v0,650,0.028904
12,ours-406478,651,0.012373
12,KACTL,651,0.229209
12,simd-v0,651,0.029254
12,393435,651,0.020168
12,KACTL,652,0.219310
12,simd-v0,652,0.029045
12,393435,652,0.019817
12,ours-406478,652,0.012743
12,simd-v0,653,0.029004
12,393435,653,0.019917
12,ours-406478,653,0.012494
12,KACTL,653,0.219320
12,393435,654,0.019878
12,ours-406478,654,0.012423
12,KACTL,654,0.229049
12,simd-v0,654,0.029085
12,ours-406478,655,0.012494
12,KACTL,655,0.219421
12,simd-v0,655,0.028925
12,393435,655,0.020258
12,KACTL,656,0.219330
12,simd-v0,656,0.029115
12,393435,656,0.019987
12,ours-406478,656,0.012464
12,simd-v0,657,0.029055
12,393435,657,0.019817
12,ours-406478,657,0.012363
12,KACTL,657,0.219291
12,393435,658,0.019857
12,ours-406478,658,0.012463
12,KACTL,658,0.229078
12,simd-v0,658,0.029245
12,ours-406478,659,0.012474
12,KACTL,659,0.219260
12,simd-v0,659,0.028964
12,393435,659,0.020037
12,KACTL,660,0.219240
12,simd-v0,660,0.029014
12,393435,660,0.019977
12,ours-406478,660,0.012443
12,simd-v0,661,0.029095
12,393435,661,0.019827
12,ours-406478,661,0.012374
12,KACTL,661,0.229169
12,393435,662,0.020018
12,ours-406478,662,0.012564
12,KACTL,662,0.219200
12,simd-v0,662,0.029145
12,ours-406478,663,0.012414
12,KACTL,663,0.219331
12,simd-v0,663,0.029224
12,393435,663,0.019937
12,KACTL,664,0.219150
12,simd-v0,664,0.029005
12,393435,664,0.020017
12,ours-406478,664,0.012463
12,simd-v0,665,0.038622
12,393435,665,0.020007
12,ours-406478,665,0.012564
12,KACTL,665,0.219241
12,393435,666,0.019917
12,ours-406478,666,0.012403
12,KACTL,666,0.219260
12,simd-v0,666,0.029065
12,ours-406478,667,0.012353
12,KACTL,667,0.219260
12,simd-v0,667,0.029114
12,393435,667,0.019948
12,KACTL,668,0.229118
12,simd-v0,668,0.029054
12,393435,668,0.019957
12,ours-406478,668,0.012684
12,simd-v0,669,0.029035
12,393435,669,0.019987
12,ours-406478,669,0.012363
12,KACTL,669,0.219400
12,393435,670,0.020017
12,ours-406478,670,0.012383
12,KACTL,670,0.219351
12,simd-v0,670,0.029025
12,ours-406478,671,0.012373
12,KACTL,671,0.219240
12,simd-v0,671,0.029014
12,393435,671,0.040315
12,KACTL,672,0.224731
12,simd-v0,672,0.031829
12,393435,672,0.020218
12,ours-406478,672,0.012824
12,simd-v0,673,0.029045
12,393435,673,0.019987
12,ours-406478,673,0.012373
12,KACTL,673,0.219400
12,393435,674,0.020027
12,ours-406478,674,0.012363
12,KACTL,674,0.219351
12,simd-v0,674,0.028985
12,ours-406478,675,0.012383
12,KACTL,675,0.230621
12,simd-v0,675,0.029245
12,393435,675,0.020037
12,KACTL,676,0.219280
12,simd-v0,676,0.029025
12,393435,676,0.019868
12,ours-406478,676,0.012704
12,simd-v0,677,0.028965
12,393435,677,0.019897
12,ours-406478,677,0.012453
12,KACTL,677,0.219520
12,393435,678,0.019977
12,ours-406478,678,0.012393
12,KACTL,678,0.230601
12,simd-v0,678,0.029004
12,ours-406478,679,0.012483
12,KACTL,679,0.219370
12,simd-v0,679,0.029044
12,393435,679,0.020168
12,KACTL,680,0.219321
12,simd-v0,680,0.029064
12,393435,680,0.019967
12,ours-406478,680,0.012393
12,simd-v0,681,0.029055
12,393435,681,0.019807
12,ours-406478,681,0.012393
12,KACTL,681,0.219962
12,393435,682,0.019918
12,ours-406478,682,0.012473
12,KACTL,682,0.234689
12,simd-v0,682,0.029154
12,ours-406478,683,0.012593
12,KACTL,683,0.219431
12,simd-v0,683,0.029034
12,393435,683,0.020158
12,KACTL,684,0.219159
12,simd-v0,684,0.029074
12,393435,684,0.019947
12,ours-406478,684,0.012413
12,simd-v0,685,0.029034
12,393435,685,0.019867
12,ours-406478,685,0.012364
12,KACTL,685,0.229670
12,393435,686,0.020027
12,ours-406478,686,0.012654
12,KACTL,686,0.219140
12,simd-v0,686,0.029295
12,ours-406478,687,0.012403
12,KACTL,687,0.219470
12,simd-v0,687,0.028954
12,393435,687,0.019927
12,KACTL,688,0.219170
12,simd-v0,688,0.029755
12,393435,688,0.019997
12,ours-406478,688,0.012434
12,simd-v0,689,0.028954
12,393435,689,0.019907
12,ours-406478,689,0.012533
12,KACTL,689,0.219491
12,393435,690,0.019987
12,ours-406478,690,0.012444
12,KACTL,690,0.219251
12,simd-v0,690,0.029085
12,ours-406478,691,0.012473
12,KACTL,691,0.219250
12,simd-v0,691,0.029094
12,393435,691,0.020038
12,KACTL,692,0.229870
12,simd-v0,692,0.028984
12,393435,692,0.020128
12,ours-406478,692,0.012593
12,simd-v0,693,0.028994
12,393435,693,0.020038
12,ours-406478,693,0.012403
12,KACTL,693,0.219410
12,393435,694,0.019938
12,ours-406478,694,0.012424
12,KACTL,694,0.219070
12,simd-v0,694,0.029034
12,ours-406478,695,0.012393
12,KACTL,695,0.220062
12,simd-v0,695,0.029115
12,393435,695,0.020018
12,KACTL,696,0.229280
12,simd-v0,696,0.029065
12,393435,696,0.019978
12,ours-406478,696,0.012734
12,simd-v0,697,0.028984
12,393435,697,0.019968
12,ours-406478,697,0.012504
12,KACTL,697,0.219361
12,393435,698,0.019957
12,ours-406478,698,0.012423
12,KACTL,698,0.219331
12,simd-v0,698,0.029134
12,ours-406478,699,0.012393
12,KACTL,699,0.230190
12,simd-v0,699,0.029045
12,393435,699,0.020218
12,KACTL,700,0.219200
12,simd-v0,700,0.029064
12,393435,700,0.019988
12,ours-406478,700,0.012644
12,simd-v0,701,0.029044
12,393435,701,0.019837
12,ours-406478,701,0.012403
12,KACTL,701,0.219390
12,393435,702,0.019847
12,ours-406478,702,0.012383
12,KACTL,702,0.219872
12,simd-v0,702,0.029104
12,ours-406478,703,0.022372
12,KACTL,703,0.219480
12,simd-v0,703,0.029164
12,393435,703,0.020128
12,KACTL,704,0.219180
12,simd-v0,704,0.028964
12,393435,704,0.020047
12,ours-406478,704,0.012483
12,simd-v0,705,0.029074
12,393435,705,0.019837
12,ours-406478,705,0.012383
12,KACTL,705,0.219280
12,393435,706,0.020628
12,ours-406478,706,0.012423
12,KACTL,706,0.228938
12,simd-v0,706,0.028964
12,ours-406478,707,0.012543
12,KACTL,707,0.221655
12,simd-v0,707,0.029154
12,393435,707,0.020098
12,KACTL,708,0.219160
12,simd-v0,708,0.028964
12,393435,708,0.020058
12,ours-406478,708,0.012543
12,simd-v0,709,0.029024
12,393435,709,0.019968
12,ours-406478,709,0.012363
12,KACTL,709,0.234088
12,393435,710,0.020028
12,ours-406478,710,0.012594
12,KACTL,710,0.219380
12,simd-v0,710,0.029104
12,ours-406478,711,0.012493
12,KACTL,711,0.219501
12,simd-v0,711,0.029074
12,393435,711,0.020027
12,KACTL,712,0.219150
12,simd-v0,712,0.028994
12,393435,712,0.019937
12,ours-406478,712,0.012453
12,simd-v0,713,0.028965
12,393435,713,0.019897
12,ours-406478,713,0.012423
12,KACTL,713,0.229209
12,393435,714,0.020038
12,ours-406478,714,0.012694
12,KACTL,714,0.219360
12,simd-v0,714,0.029105
12,ours-406478,715,0.012383
12,KACTL,715,0.219351
12,simd-v0,715,0.028984
12,393435,715,0.020037
12,KACTL,716,0.219200
12,simd-v0,716,0.040156
12,393435,716,0.019997
12,ours-406478,716,0.012723
12,simd-v0,717,0.028984
12,393435,717,0.019817
12,ours-406478,717,0.012393
12,KACTL,717,0.219491
12,393435,718,0.020008
12,ours-406478,718,0.012404
12,KACTL,718,0.219270
12,simd-v0,718,0.029044
12,ours-406478,719,0.012363
12,KACTL,719,0.219270
12,simd-v0,719,0.028974
12,393435,719,0.020077
12,KACTL,720,0.229189
12,simd-v0,720,0.029144
12,393435,720,0.020097
12,ours-406478,720,0.012614
12,simd-v0,721,0.029055
12,393435,721,0.019787
12,ours-406478,721,0.012373
12,KACTL,721,0.219381
12,393435,722,0.019968
12,ours-406478,722,0.012463
12,KACTL,722,0.219361
12,simd-v0,722,0.029115
12,ours-406478,723,0.012363
12,KACTL,723,0.229479
12,simd-v0,723,0.029024
12,393435,723,0.020047
12,KACTL,724,0.219281
12,simd-v0,724,0.029084
12,393435,724,0.019927
12,ours-406478,724,0.012603
12,simd-v0,725,0.029054
12,393435,725,0.019888
12,ours-406478,725,0.012353
12,KACTL,725,0.219481
12,393435,726,0.019907
12,ours-406478,726,0.012403
12,KACTL,726,0.219220
12,simd-v0,726,0.029075
12,ours-406478,727,0.012443
12,KACTL,727,0.229419
12,simd-v0,727,0.029215
12,393435,727,0.020057
12,KACTL,728,0.219270
12,simd-v0,728,0.028984
12,393435,728,0.019977
12,ours-406478,728,0.012573
12,simd-v0,729,0.028984
12,393435,729,0.019997
12,ours-406478,729,0.012343
12,KACTL,729,0.219261
12,393435,730,0.019907
12,ours-406478,730,0.012363
12,KACTL,730,0.230030
12,simd-v0,730,0.029084
12,ours-406478,731,0.012564
12,KACTL,731,0.219250
12,simd-v0,731,0.029094
12,393435,731,0.020067
12,KACTL,732,0.219350
12,simd-v0,732,0.028954
12,393435,732,0.019928
12,ours-406478,732,0.012494
12,simd-v0,733,0.028994
12,393435,733,0.020047
12,ours-406478,733,0.012463
12,KACTL,733,0.220143
12,393435,734,0.029846
12,ours-406478,734,0.012533
12,KACTL,734,0.219260
12,simd-v0,734,0.029154
12,ours-406478,735,0.012373
12,KACTL,735,0.219431
12,simd-v0,735,0.029005
12,393435,735,0.020178
12,KACTL,736,0.219140
12,simd-v0,736,0.029054
12,393435,736,0.019917
12,ours-406478,736,0.012413
12,simd-v0,737,0.029035
12,393435,737,0.019827
12,ours-406478,737,0.012383
12,KACTL,737,0.229570
12,393435,738,0.019917
12,ours-406478,738,0.012713
12,KACTL,738,0.219361
12,simd-v0,738,0.029245
12,ours-406478,739,0.012383
12,KACTL,739,0.219451
12,simd-v0,739,0.028924
12,393435,739,0.019998
12,KACTL,740,0.219270
12,simd-v0,740,0.029024
12,393435,740,0.020068
12,ours-406478,740,0.022242
12,simd-v0,741,0.029235
12,393435,741,0.019887
12,ours-406478,741,0.012483
12,KACTL,741,0.222096
12,393435,742,0.019998
12,ours-406478,742,0.012493
12,KACTL,742,0.219340
12,simd-v0,742,0.029095
12,ours-406478,743,0.012343
12,KACTL,743,0.219330
12,simd-v0,743,0.029085
12,393435,743,0.019998
12,KACTL,744,0.229349
12,simd-v0,744,0.029144
12,393435,744,0.020017
12,ours-406478,744,0.012583
12,simd-v0,745,0.028994
12,393435,745,0.019987
12,ours-406478,745,0.012373
12,KACTL,745,0.219451
12,393435,746,0.019938
12,ours-406478,746,0.012343
12,KACTL,746,0.219220
12,simd-v0,746,0.028984
12,ours-406478,747,0.012383
12,KACTL,747,0.219270
12,simd-v0,747,0.039002
12,393435,747,0.020167
12,KACTL,748,0.219421
12,simd-v0,748,0.029025
12,393435,748,0.019897
12,ours-406478,748,0.012604
12,simd-v0,749,0.028974
12,393435,749,0.020097
12,ours-406478,749,0.012363
12,KACTL,749,0.219380
12,393435,750,0.019988
12,ours-406478,750,0.012383
12,KACTL,750,0.219050
12,simd-v0,750,0.028904
12,ours-406478,751,0.012373
12,KACTL,751,0.230100
12,simd-v0,751,0.029054
12,393435,751,0.020148
12,KACTL,752,0.219240
12,simd-v0,752,0.029094
12,393435,752,0.019887
12,ours-406478,752,0.012603
12,simd-v0,753,0.029064
12,393435,753,0.019827
12,ours-406478,753,0.012464
12,KACTL,753,0.219351
12,393435,754,0.019887
12,ours-406478,754,0.012443
12,KACTL,754,0.229649
12,simd-v0,754,0.029245
12,ours-406478,755,0.012454
12,KACTL,755,0.219341
12,simd-v0,755,0.029035
12,393435,755,0.020078
12,KACTL,756,0.219290
12,simd-v0,756,0.029075
12,393435,756,0.019898
12,ours-406478,756,0.012604
12,simd-v0,757,0.029215
12,393435,757,0.019818
12,ours-406478,757,0.012403
12,KACTL,757,0.219381
12,393435,758,0.019897
12,ours-406478,758,0.012473
12,KACTL,758,0.229910
12,simd-v0,758,0.029145
12,ours-406478,759,0.012484
12,KACTL,759,0.219260
12,simd-v0,759,0.029044
12,393435,759,0.020038
12,KACTL,760,0.219231
12,simd-v0,760,0.029034
12,393435,760,0.019867
12,ours-406478,760,0.012473
12,simd-v0,761,0.029055
12,393435,761,0.019827
12,ours-406478,761,0.012413
12,KACTL,761,0.229098
12,393435,762,0.020038
12,ours-406478,762,0.012574
12,KACTL,762,0.219130
12,simd-v0,762,0.029305
12,ours-406478,763,0.012343
12,KACTL,763,0.219361
12,simd-v0,763,0.029124
12,393435,763,0.020067
12,KACTL,764,0.219210
12,simd-v0,764,0.028945
12,393435,764,0.019908
12,ours-406478,764,0.012443
12,simd-v0,765,0.028984
12,393435,765,0.032000
12,ours-406478,765,0.012534
12,KACTL,765,0.219381
12,393435,766,0.019998
12,ours-406478,766,0.012433
12,KACTL,766,0.219291
12,simd-v0,766,0.029225
12,ours-406478,767,0.012354
12,KACTL,767,0.219351
12,simd-v0,767,0.029114
12,393435,767,0.019957
12,KACTL,768,0.229379
12,simd-v0,768,0.029105
12,393435,768,0.020108
12,ours-406478,768,0.012613
12,simd-v0,769,0.029004
12,393435,769,0.020018
12,ours-406478,769,0.012333
12,KACTL,769,0.219701
12,393435,770,0.020007
12,ours-406478,770,0.012414
12,KACTL,770,0.219190
12,simd-v0,770,0.028984
12,ours-406478,771,0.012414
12,KACTL,771,0.220111
12,simd-v0,771,0.029034
12,393435,771,0.020078
12,KACTL,772,0.229530
12,simd-v0,772,0.029174
12,393435,772,0.019937
12,ours-406478,772,0.012604
12,simd-v0,773,0.029015
12,393435,773,0.019987
12,ours-406478,773,0.012443
12,KACTL,773,0.219270
12,393435,774,0.019898
12,ours-406478,774,0.012493
12,KACTL,774,0.219200
12,simd-v0,774,0.029014
12,ours-406478,775,0.012404
12,KACTL,775,0.231123
12,simd-v0,775,0.029064
12,393435,775,0.020157
12,KACTL,776,0.222045
12,simd-v0,776,0.029024
12,393435,776,0.020018
12,ours-406478,776,0.012644
12,simd-v0,777,0.029144
12,393435,777,0.019907
12,ours-406478,777,0.012373
12,KACTL,777,0.219270
12,393435,778,0.019877
12,ours-406478,778,0.012414
12,KACTL,778,0.219190
12,simd-v0,778,0.039554
12,ours-406478,779,0.012453
12,KACTL,779,0.219410
12,simd-v0,779,0.029044
12,393435,779,0.020047
12,KACTL,780,0.219220
12,simd-v0,780,0.029055
12,393435,780,0.020058
12,ours-406478,780,0.012504
12,simd-v0,781,0.029015
12,393435,781,0.019897
12,ours-406478,781,0.012413
12,KACTL,781,0.219330
12,393435,782,0.019877
12,ours-406478,782,0.012403
12,KACTL,782,0.229770
12,simd-v0,782,0.029054
12,ours-406478,783,0.012604
12,KACTL,783,0.219130
12,simd-v0,783,0.029054
12,393435,783,0.020068
12,KACTL,784,0.219460
12,simd-v0,784,0.028964
12,393435,784,0.020008
12,ours-406478,784,0.012413
12,simd-v0,785,0.029124
12,393435,785,0.020027
12,ours-406478,785,0.012373
12,KACTL,785,0.240961
12,393435,786,0.020127
12,ours-406478,786,0.012644
12,KACTL,786,0.219441
12,simd-v0,786,0.029175
12,ours-406478,787,0.012474
12,KACTL,787,0.219300
12,simd-v0,787,0.029104
12,393435,787,0.019977
12,KACTL,788,0.219280
12,simd-v0,788,0.028984
12,393435,788,0.019817
12,ours-406478,788,0.013275
12,simd-v0,789,0.028984
12,393435,789,0.019987
12,ours-406478,789,0.012353
12,KACTL,789,0.230422
12,393435,790,0.020007
12,ours-406478,790,0.012603
12,KACTL,790,0.219230
12,simd-v0,790,0.029125
12,ours-406478,791,0.012343
12,KACTL,791,0.219270
12,simd-v0,791,0.028904
12,393435,791,0.020068
12,KACTL,792,0.230021
12,simd-v0,792,0.029164
12,393435,792,0.023604
12,ours-406478,792,0.012694
12,simd-v0,793,0.029004
12,393435,793,0.019927
12,ours-406478,793,0.012353
12,KACTL,793,0.219431
12,393435,794,0.020048
12,ours-406478,794,0.012383
12,KACTL,794,0.219290
12,simd-v0,794,0.028934
12,ours-406478,795,0.012363
12,KACTL,795,0.219461
12,simd-v0,795,0.029074
12,393435,795,0.020128
12,KACTL,796,0.229319
12,simd-v0,796,0.029124
12,393435,796,0.020038
12,ours-406478,796,0.012574
12,simd-v0,797,0.029115
12,393435,797,0.019947
12,ours-406478,797,0.012403
12,KACTL,797,0.219461
12,393435,798,0.019937
12,ours-406478,798,0.012443
12,KACTL,798,0.219240
12,simd-v0,798,0.029185
12,ours-406478,799,0.012554
12,KACTL,799,0.229659
12,simd-v0,799,0.029064
12,393435,799,0.020268
12,KACTL,800,0.219471
12,simd-v0,800,0.029084
12,393435,800,0.019867
12,ours-406478,800,0.012594
12,simd-v0,801,0.029104
12,393435,801,0.019938
12,ours-406478,801,0.012384
12,KACTL,801,0.219351
12,393435,802,0.019887
12,ours-406478,802,0.012463
12,KACTL,802,0.219330
12,simd-v0,802,0.029065
12,ours-406478,803,0.012373
12,KACTL,803,0.219541
12,simd-v0,803,0.029034
12,393435,803,0.020118
12,KACTL,804,0.219230
12,simd-v0,804,0.029034
12,393435,804,0.019868
12,ours-406478,804,0.012634
12,simd-v0,805,0.029065
12,393435,805,0.019958
12,ours-406478,805,0.012373
12,KACTL,805,0.219340
12,393435,806,0.019866
12,ours-406478,806,0.012423
12,KACTL,806,0.229279
12,simd-v0,806,0.029175
12,ours-406478,807,0.012494
12,KACTL,807,0.219341
12,simd-v0,807,0.029044
12,393435,807,0.020087
12,KACTL,808,0.219201
12,simd-v0,808,0.029054
12,393435,808,0.019948
12,ours-406478,808,0.012454
12,simd-v0,809,0.028924
12,393435,809,0.019987
12,ours-406478,809,0.012363
12,KACTL,809,0.229800
12,393435,810,0.019977
12,ours-406478,810,0.012523
12,KACTL,810,0.221786
12,simd-v0,810,0.029195
12,ours-406478,811,0.012454
12,KACTL,811,0.219361
12,simd-v0,811,0.029015
12,393435,811,0.020047
12,KACTL,812,0.219170
12,simd-v0,812,0.028934
12,393435,812,0.019947
12,ours-406478,812,0.012474
12,simd-v0,813,0.028954
12,393435,813,0.019847
12,ours-406478,813,0.013255
12,KACTL,813,0.229489
12,393435,814,0.020067
12,ours-406478,814,0.012594
12,KACTL,814,0.219300
12,simd-v0,814,0.029134
12,ours-406478,815,0.012373
12,KACTL,815,0.219371
12,simd-v0,815,0.029075
12,393435,815,0.020027
12,KACTL,816,0.219952
12,simd-v0,816,0.039063
12,393435,816,0.019977
12,ours-406478,816,0.012604
12,simd-v0,817,0.029024
12,393435,817,0.019907
12,ours-406478,817,0.012424
12,KACTL,817,0.219551
12,393435,818,0.019867
12,ours-406478,818,0.012393
12,KACTL,818,0.219200
12,simd-v0,818,0.029114
12,ours-406478,819,0.012373
12,KACTL,819,0.219511
12,simd-v0,819,0.028995
12,393435,819,0.019987
12,KACTL,820,0.229189
12,simd-v0,820,0.029154
12,393435,820,0.020018
12,ours-406478,820,0.012624
12,simd-v0,821,0.029075
12,393435,821,0.019907
12,ours-406478,821,0.012403
12,KACTL,821,0.219651
12,393435,822,0.019998
12,ours-406478,822,0.012373
12,KACTL,822,0.219200
12,simd-v0,822,0.029034
12,ours-406478,823,0.012383
12,KACTL,823,0.228958
12,simd-v0,823,0.028955
12,393435,823,0.020118
12,KACTL,824,0.219381
12,simd-v0,824,0.029064
12,393435,824,0.020048
12,ours-406478,824,0.012624
12,simd-v0,825,0.029134
12,393435,825,0.019927
12,ours-406478,825,0.012413
12,KACTL,825,0.219330
12,393435,826,0.019977
12,ours-406478,826,0.012383
12,KACTL,826,0.219241
12,simd-v0,826,0.029035
12,ours-406478,827,0.012393
12,KACTL,827,0.229339
12,simd-v0,827,0.029084
12,393435,827,0.020127
12,KACTL,828,0.219100
12,simd-v0,828,0.029205
12,393435,828,0.019918
12,ours-406478,828,0.012613
12,simd-v0,829,0.028954
12,393435,829,0.019908
12,ours-406478,829,0.012353
12,KACTL,829,0.219280
12,393435,830,0.019998
12,ours-406478,830,0.012413
12,KACTL,830,0.228838
12,simd-v0,830,0.028974
12,ours-406478,831,0.012473
12,KACTL,831,0.219241
12,simd-v0,831,0.028974
12,393435,831,0.020208
12,KACTL,832,0.219281
12,simd-v0,832,0.029034
12,393435,832,0.019848
12,ours-406478,832,0.012474
12,simd-v0,833,0.029004
12,393435,833,0.019877
12,ours-406478,833,0.012374
12,KACTL,833,0.219261
12,393435,834,0.019927
12,ours-406478,834,0.012443
12,KACTL,834,0.229299
12,simd-v0,834,0.029164
12,ours-406478,835,0.012493
12,KACTL,835,0.219220
12,simd-v0,835,0.029024
12,393435,835,0.020098
12,KACTL,836,0.219280
12,simd-v0,836,0.029105
12,393435,836,0.019927
12,ours-406478,836,0.012423
12,simd-v0,837,0.029104
12,393435,837,0.019847
12,ours-406478,837,0.012414
12,KACTL,837,0.229730
12,393435,838,0.020057
12,ours-406478,838,0.012654
12,KACTL,838,0.219090
12,simd-v0,838,0.029135
12,ours-406478,839,0.012383
12,KACTL,839,0.219210
12,simd-v0,839,0.029264
12,393435,839,0.019878
12,KACTL,840,0.219271
12,simd-v0,840,0.028964
12,393435,840,0.019927
12,ours-406478,840,0.012494
12,simd-v0,841,0.039605
12,393435,841,0.020097
12,ours-406478,841,0.012563
12,KACTL,841,0.219571
12,393435,842,0.019977
12,ours-406478,842,0.012433
12,KACTL,842,0.219211
12,simd-v0,842,0.029075
12,ours-406478,843,0.012383
12,KACTL,843,0.219240
12,simd-v0,843,0.029145
12,393435,843,0.020008
12,KACTL,844,0.230011
12,simd-v0,844,0.029084
12,393435,844,0.019987
12,ours-406478,844,0.012644
12,simd-v0,845,0.028964
12,393435,845,0.019997
12,ours-406478,845,0.012383
12,KACTL,845,0.221795
12,393435,846,0.019977
12,ours-406478,846,0.012463
12,KACTL,846,0.219160
12,simd-v0,846,0.029015
12,ours-406478,847,0.012353
12,KACTL,847,0.219310
12,simd-v0,847,0.029045
12,393435,847,0.030046
12,KACTL,848,0.219300
12,simd-v0,848,0.029055
12,393435,848,0.019958
12,ours-406478,848,0.012714
12,simd-v0,849,0.029034
12,393435,849,0.019978
12,ours-406478,849,0.012383
12,KACTL,849,0.219150
12,393435,850,0.019948
12,ours-406478,850,0.012403
12,KACTL,850,0.219180
12,simd-v0,850,0.028964
12,ours-406478,851,0.012363
12,KACTL,851,0.229038
12,simd-v0,851,0.029055
12,393435,851,0.020098
12,KACTL,852,0.219230
12,simd-v0,852,0.029074
12,393435,852,0.019907
12,ours-406478,852,0.012664
12,simd-v0,853,0.029074
12,393435,853,0.019887
12,ours-406478,853,0.012394
12,KACTL,853,0.219541
12,393435,854,0.019928
12,ours-406478,854,0.012464
12,KACTL,854,0.229259
12,simd-v0,854,0.029165
12,ours-406478,855,0.012464
12,KACTL,855,0.219611
12,simd-v0,855,0.028995
12,393435,855,0.020038
12,KACTL,856,0.219230
12,simd-v0,856,0.029084
12,393435,856,0.020038
12,ours-406478,856,0.012443
12,simd-v0,857,0.029064
12,393435,857,0.019928
12,ours-406478,857,0.012373
12,KACTL,857,0.219380
12,393435,858,0.019897
12,ours-406478,858,0.012384
12,KACTL,858,0.229139
12,simd-v0,858,0.029175
12,ours-406478,859,0.012514
12,KACTL,859,0.219391
12,simd-v0,859,0.029225
12,393435,859,0.020057
12,KACTL,860,0.219150
12,simd-v0,860,0.029025
12,393435,860,0.020027
12,ours-406478,860,0.012423
12,simd-v0,861,0.029015
12,393435,861,0.019997
12,ours-406478,861,0.012353
12,KACTL,861,0.229209
12,393435,862,0.020027
12,ours-406478,862,0.012563
12,KACTL,862,0.220122
12,simd-v0,862,0.029045
12,ours-406478,863,0.012434
12,KACTL,863,0.219260
12,simd-v0,863,0.029024
12,393435,863,0.019928
12,KACTL,864,0.219311
12,simd-v0,864,0.028984
12,393435,864,0.019957
12,ours-406478,864,0.012493
12,simd-v0,865,0.029765
12,393435,865,0.019937
12,ours-406478,865,0.012454
12,KACTL,865,0.219451
12,393435,866,0.020038
12,ours-406478,866,0.012643
12,KACTL,866,0.219280
12,simd-v0,866,0.029124
12,ours-406478,867,0.012353
12,KACTL,867,0.220163
12,simd-v0,867,0.029004
12,393435,867,0.020108
12,KACTL,868,0.229990
12,simd-v0,868,0.029094
12,393435,868,0.020037
12,ours-406478,868,0.012694
12,simd-v0,869,0.028995
12,393435,869,0.019807
12,ours-406478,869,0.012473
12,KACTL,869,0.219260
12,393435,870,0.019898
12,ours-406478,870,0.012383
12,KACTL,870,0.219160
12,simd-v0,870,0.029115
12,ours-406478,871,0.012383
12,KACTL,871,0.219280
12,simd-v0,871,0.028934
12,393435,871,0.020048
12,KACTL,872,0.229189
12,simd-v0,872,0.029175
12,393435,872,0.020098
12,ours-406478,872,0.012603
12,simd-v0,873,0.029064
12,393435,873,0.019867
12,ours-406478,873,0.012373
12,KACTL,873,0.219411
12,393435,874,0.019847
12,ours-406478,874,0.012383
12,KACTL,874,0.219240
12,simd-v0,874,0.029065
12,ours-406478,875,0.012393
12,KACTL,875,0.229229
12,simd-v0,875,0.029114
12,393435,875,0.020027
12,KACTL,876,0.219200
12,simd-v0,876,0.029054
12,393435,876,0.019987
12,ours-406478,876,0.012593
12,simd-v0,877,0.029005
12,393435,877,0.019888
12,ours-406478,877,0.012403
12,KACTL,877,0.219300
12,393435,878,0.019878
12,ours-406478,878,0.012394
12,KACTL,878,0.219261
12,simd-v0,878,0.028974
12,ours-406478,879,0.012384
12,KACTL,879,0.229309
12,simd-v0,879,0.029085
12,393435,879,0.022462
12,KACTL,880,0.219260
12,simd-v0,880,0.029034
12,393435,880,0.019957
12,ours-406478,880,0.012624
12,simd-v0,881,0.028994
12,393435,881,0.019907
12,ours-406478,881,0.012363
12,KACTL,881,0.219331
12,393435,882,0.020047
12,ours-406478,882,0.012363
12,KACTL,882,0.229340
12,simd-v0,882,0.029104
12,ours-406478,883,0.012664
12,KACTL,883,0.219431
12,simd-v0,883,0.029115
12,393435,883,0.019987
12,KACTL,884,0.219150
12,simd-v0,884,0.029014
12,393435,884,0.019848
12,ours-406478,884,0.012504
12,simd-v0,885,0.028954
12,393435,885,0.019887
12,ours-406478,885,0.012494
12,KACTL,885,0.229620
12,393435,886,0.020148
12,ours-406478,886,0.012594
12,KACTL,886,0.219200
12,simd-v0,886,0.029165
12,ours-406478,887,0.012423
12,KACTL,887,0.219341
12,simd-v0,887,0.029025
12,393435,887,0.019997
12,KACTL,888,0.219230
12,simd-v0,888,0.029044
12,393435,888,0.019928
12,ours-406478,888,0.012393
12,simd-v0,889,0.029074
12,393435,889,0.019927
12,ours-406478,889,0.012384
12,KACTL,889,0.229460
12,393435,890,0.020008
12,ours-406478,890,0.012583
12,KACTL,890,0.219270
12,simd-v0,890,0.029074
12,ours-406478,891,0.012373
12,KACTL,891,0.219291
12,simd-v0,891,0.028934
12,393435,891,0.019957
12,KACTL,892,0.219390
12,simd-v0,892,0.039394
12,393435,892,0.019987
12,ours-406478,892,0.012593
12,simd-v0,893,0.029124
12,393435,893,0.019907
12,ours-406478,893,0.012383
12,KACTL,893,0.219430
12,393435,894,0.019888
12,ours-406478,894,0.012374
12,KACTL,894,0.219230
12,simd-v0,894,0.029014
12,ours-406478,895,0.012394
12,KACTL,895,0.219281
12,simd-v0,895,0.029135
12,393435,895,0.020037
12,KACTL,896,0.230321
12,simd-v0,896,0.029064
12,393435,896,0.020108
12,ours-406478,896,0.012604
12,simd-v0,897,0.029005
12,393435,897,0.019787
12,ours-406478,897,0.012353
12,KACTL,897,0.219391
12,393435,898,0.019848
12,ours-406478,898,0.012423
12,KACTL,898,0.219180
12,simd-v0,898,0.028975
12,ours-406478,899,0.012353
12,KACTL,899,0.230150
12,simd-v0,899,0.029305
12,393435,899,0.020067
12,KACTL,900,0.219361
12,simd-v0,900,0.028934
12,393435,900,0.019948
12,ours-406478,900,0.012573
12,simd-v0,901,0.029044
12,393435,901,0.019948
12,ours-406478,901,0.012373
12,KACTL,901,0.219471
12,393435,902,0.020038
12,ours-406478,902,0.012373
12,KACTL,902,0.219220
12,simd-v0,902,0.029025
12,ours-406478,903,0.012363
12,KACTL,903,0.229399
12,simd-v0,903,0.029104
12,393435,903,0.020067
12,KACTL,904,0.219261
12,simd-v0,904,0.029004
12,393435,904,0.019847
12,ours-406478,904,0.012603
12,simd-v0,905,0.029004
12,393435,905,0.019928
12,ours-406478,905,0.012423
12,KACTL,905,0.219370
12,393435,906,0.019897
12,ours-406478,906,0.012463
12,KACTL,906,0.229689
12,simd-v0,906,0.029155
12,ours-406478,907,0.012454
12,KACTL,907,0.219401
12,simd-v0,907,0.029095
12,393435,907,0.020228
12,KACTL,908,0.219150
12,simd-v0,908,0.029075
12,393435,908,0.019927
12,ours-406478,908,0.012483
12,simd-v0,909,0.029094
12,393435,909,0.019908
12,ours-406478,909,0.012394
12,KACTL,909,0.219300
12,393435,910,0.019987
12,ours-406478,910,0.012383
12,KACTL,910,0.229890
12,simd-v0,910,0.029185
12,ours-406478,911,0.012443
12,KACTL,911,0.219370
12,simd-v0,911,0.029105
12,393435,911,0.020037
12,KACTL,912,0.219260
12,simd-v0,912,0.029035
12,393435,912,0.020007
12,ours-406478,912,0.012403
12,simd-v0,913,0.029134
12,393435,913,0.020018
12,ours-406478,913,0.012424
12,KACTL,913,0.230011
12,393435,914,0.020117
12,ours-406478,914,0.012594
12,KACTL,914,0.221445
12,simd-v0,914,0.029085
12,ours-406478,915,0.012494
12,KACTL,915,0.219320
12,simd-v0,915,0.029095
12,393435,915,0.020048
12,KACTL,916,0.219141
12,simd-v0,916,0.028954
12,393435,916,0.019907
12,ours-406478,916,0.012513
12,simd-v0,917,0.039324
12,393435,917,0.020037
12,ours-406478,917,0.012513
12,KACTL,917,0.226373
12,393435,918,0.025498
12,ours-406478,918,0.017923
12,KACTL,918,0.236573
12,simd-v0,918,0.029215
12,ours-406478,919,0.012613
12,KACTL,919,0.219240
12,simd-v0,919,0.029014
12,393435,919,0.020218
12,KACTL,920,0.231754
12,simd-v0,920,0.029114
12,393435,920,0.020068
12,ours-406478,920,0.012634
12,simd-v0,921,0.029085
12,393435,921,0.019917
12,ours-406478,921,0.012333
12,KACTL,921,0.219340
12,393435,922,0.019968
12,ours-406478,922,0.012363
12,KACTL,922,0.219150
12,simd-v0,922,0.029064
12,ours-406478,923,0.012363
12,KACTL,923,0.219491
12,simd-v0,923,0.029065
12,393435,923,0.020038
12,KACTL,924,0.219290
12,simd-v0,924,0.028924
12,393435,924,0.020008
12,ours-406478,924,0.012584
12,simd-v0,925,0.028955
12,393435,925,0.019977
12,ours-406478,925,0.012513
12,KACTL,925,0.219431
12,393435,926,0.019846
12,ours-406478,926,0.012433
12,KACTL,926,0.219090
12,simd-v0,926,0.029034
12,ours-406478,927,0.012473
12,KACTL,927,0.230221
12,simd-v0,927,0.029245
12,393435,927,0.020087
12,KACTL,928,0.219210
12,simd-v0,928,0.028974
12,393435,928,0.019977
12,ours-406478,928,0.012604
12,simd-v0,929,0.029035
12,393435,929,0.019927
12,ours-406478,929,0.012373
12,KACTL,929,0.219391
12,393435,930,0.019867
12,ours-406478,930,0.012373
12,KACTL,930,0.241482
12,simd-v0,930,0.029155
12,ours-406478,931,0.012613
12,KACTL,931,0.219301
12,simd-v0,931,0.029104
12,393435,931,0.020067
12,KACTL,932,0.219130
12,simd-v0,932,0.028994
12,393435,932,0.020048
12,ours-406478,932,0.012464
12,simd-v0,933,0.029125
12,393435,933,0.020027
12,ours-406478,933,0.012373
12,KACTL,933,0.219400
12,393435,934,0.019917
12,ours-406478,934,0.023224
12,KACTL,934,0.219200
12,simd-v0,934,0.029044
12,ours-406478,935,0.012473
12,KACTL,935,0.219481
12,simd-v0,935,0.029064
12,393435,935,0.020057
12,KACTL,936,0.219281
12,simd-v0,936,0.028984
12,393435,936,0.019948
12,ours-406478,936,0.012524
12,simd-v0,937,0.028955
12,393435,937,0.019937
12,ours-406478,937,0.012473
12,KACTL,937,0.229569
12,393435,938,0.020108
12,ours-406478,938,0.012583
12,KACTL,938,0.219340
12,simd-v0,938,0.029134
12,ours-406478,939,0.012353
12,KACTL,939,0.219351
12,simd-v0,939,0.029045
12,393435,939,0.020067
12,KACTL,940,0.219171
12,simd-v0,940,0.029214
12,393435,940,0.019887
12,ours-406478,940,0.012394
12,simd-v0,941,0.039003
12,393435,941,0.019967
12,ours-406478,941,0.012614
12,KACTL,941,0.219461
12,393435,942,0.019907
12,ours-406478,942,0.012494
12,KACTL,942,0.219120
12,simd-v0,942,0.029054
12,ours-406478,943,0.012353
12,KACTL,943,0.219410
12,simd-v0,943,0.029015
12,393435,943,0.019967
12,KACTL,944,0.229359
12,simd-v0,944,0.029175
12,393435,944,0.019978
12,ours-406478,944,0.012623
12,simd-v0,945,0.029094
12,393435,945,0.019877
12,ours-406478,945,0.012354
12,KACTL,945,0.219661
12,393435,946,0.019928
12,ours-406478,946,0.012363
12,KACTL,946,0.219190
12,simd-v0,946,0.028984
12,ours-406478,947,0.012372
12,KACTL,947,0.219241
12,simd-v0,947,0.029054
12,393435,947,0.030787
12,KACTL,948,0.219291
12,simd-v0,948,0.032110
12,393435,948,0.020147
12,ours-406478,948,0.012614
12,simd-v0,949,0.029044
12,393435,949,0.019978
12,ours-406478,949,0.012363
12,KACTL,949,0.219391
12,393435,950,0.019907
12,ours-406478,950,0.012373
12,KACTL,950,0.219230
12,simd-v0,950,0.029065
12,ours-406478,951,0.012363
12,KACTL,951,0.230641
12,simd-v0,951,0.029135
12,393435,951,0.019968
12,KACTL,952,0.219300
12,simd-v0,952,0.029034
12,393435,952,0.019947
12,ours-406478,952,0.012614
12,simd-v0,953,0.029125
12,393435,953,0.019957
12,ours-406478,953,0.012383
12,KACTL,953,0.219270
12,393435,954,0.019958
12,ours-406478,954,0.012363
12,KACTL,954,0.228868
12,simd-v0,954,0.029034
12,ours-406478,955,0.012433
12,KACTL,955,0.219361
12,simd-v0,955,0.029004
12,393435,955,0.020167
12,KACTL,956,0.219221
12,simd-v0,956,0.029044
12,393435,956,0.019907
12,ours-406478,956,0.012454
12,simd-v0,957,0.028924
12,393435,957,0.019948
12,ours-406478,957,0.012454
12,KACTL,957,0.219351
12,393435,958,0.019957
12,ours-406478,958,0.012443
12,KACTL,958,0.230371
12,simd-v0,958,0.029265
12,ours-406478,959,0.012493
12,KACTL,959,0.219221
12,simd-v0,959,0.028994
12,393435,959,0.020137
12,KACTL,960,0.219110
12,simd-v0,960,0.029094
12,393435,960,0.019928
12,ours-406478,960,0.012423
12,simd-v0,961,0.029054
12,393435,961,0.019907
12,ours-406478,961,0.012383
12,KACTL,961,0.229470
12,393435,962,0.019927
12,ours-406478,962,0.012633
12,KACTL,962,0.219351
12,simd-v0,962,0.029225
12,ours-406478,963,0.012363
12,KACTL,963,0.219320
12,simd-v0,963,0.029234
12,393435,963,0.020017
12,KACTL,964,0.219090
12,simd-v0,964,0.028964
12,393435,964,0.020057
12,ours-406478,964,0.012433
12,simd-v0,965,0.029014
12,393435,965,0.019978
12,ours-406478,965,0.023023
12,KACTL,965,0.219401
12,393435,966,0.020047
12,ours-406478,966,0.012544
12,KACTL,966,0.219270
12,simd-v0,966,0.029154
12,ours-406478,967,0.012434
12,KACTL,967,0.219471
12,simd-v0,967,0.029094
12,393435,967,0.020047
12,KACTL,968,0.229910
12,simd-v0,968,0.029104
12,393435,968,0.020057
12,ours-406478,968,0.012694
12,simd-v0,969,0.028964
12,393435,969,0.019958
12,ours-406478,969,0.012383
12,KACTL,969,0.219301
12,393435,970,0.019877
12,ours-406478,970,0.012394
12,KACTL,970,0.219200
12,simd-v0,970,0.028964
12,ours-406478,971,0.012413
12,KACTL,971,0.219301
12,simd-v0,971,0.029275
12,393435,971,0.019998
12,KACTL,972,0.249217
12,simd-v0,972,0.029105
12,393435,972,0.020248
12,ours-406478,972,0.012894
12,simd-v0,973,0.029175
12,393435,973,0.020008
12,ours-406478,973,0.012383
12,KACTL,973,0.219501
12,393435,974,0.019947
12,ours-406478,974,0.012363
12,KACTL,974,0.219110
12,simd-v0,974,0.028994
12,ours-406478,975,0.012434
12,KACTL,975,0.232275
12,simd-v0,975,0.029325
12,393435,975,0.020007
12,KACTL,976,0.219411
12,simd-v0,976,0.029044
12,393435,976,0.020018
12,ours-406478,976,0.012583
12,simd-v0,977,0.029044
12,393435,977,0.020048
12,ours-406478,977,0.012364
12,KACTL,977,0.219321
12,393435,978,0.019877
12,ours-406478,978,0.012393
12,KACTL,978,0.219210
12,simd-v0,978,0.039244
12,ours-406478,979,0.012533
12,KACTL,979,0.219350
12,simd-v0,979,0.029134
12,393435,979,0.020067
12,KACTL,980,0.219141
12,simd-v0,980,0.028984
12,393435,980,0.019938
12,ours-406478,980,0.012484
12,simd-v0,981,0.028974
12,393435,981,0.019897
12,ours-406478,981,0.012443
12,KACTL,981,0.219311
12,393435,982,0.019917
12,ours-406478,982,0.012393
12,KACTL,982,0.229038
12,simd-v0,982,0.029145
12,ours-406478,983,0.012504
12,KACTL,983,0.222136
12,simd-v0,983,0.029064
12,393435,983,0.020178
12,KACTL,984,0.219230
12,simd-v0,984,0.029024
12,393435,984,0.019908
12,ours-406478,984,0.012564
12,simd-v0,985,0.029045
12,393435,985,0.019867
12,ours-406478,985,0.012413
12,KACTL,985,0.229219
12,393435,986,0.019928
12,ours-406478,986,0.012544
12,KACTL,986,0.219270
12,simd-v0,986,0.029234
12,ours-406478,987,0.012393
12,KACTL,987,0.219331
12,simd-v0,987,0.028974
12,393435,987,0.019957
12,KACTL,988,0.219210
12,simd-v0,988,0.029035
12,393435,988,0.019927
12,ours-406478,988,0.012383
12,simd-v0,989,0.029155
12,393435,989,0.019777
12,ours-406478,989,0.012423
12,KACTL,989,0.229339
12,393435,990,0.020007
12,ours-406478,990,0.012593
12,KACTL,990,0.219321
12,simd-v0,990,0.029205
12,ours-406478,991,0.012384
12,KACTL,991,0.219491
12,simd-v0,991,0.029185
12,393435,991,0.019968
12,KACTL,992,0.229420
12,simd-v0,992,0.029144
12,393435,992,0.020018
12,ours-406478,992,0.012553
12,simd-v0,993,0.029004
12,393435,993,0.020007
12,ours-406478,993,0.012334
12,KACTL,993,0.219411
12,393435,994,0.019888
12,ours-406478,994,0.012363
12,KACTL,994,0.224420
12,simd-v0,994,0.035346
12,ours-406478,995,0.012794
12,KACTL,995,0.220232
12,simd-v0,995,0.029115
12,393435,995,0.020038
12,KACTL,996,0.232475
12,simd-v0,996,0.029135
12,393435,996,0.020198
12,ours-406478,996,0.012724
12,simd-v0,997,0.029024
12,393435,997,0.019967
12,ours-406478,997,0.012344
12,KACTL,997,0.230922
12,393435,998,0.020108
12,ours-406478,998,0.012664
12,KACTL,998,0.237164
12,simd-v0,998,0.033663
12,ours-406478,999,0.012794
12,KACTL,999,0.231934
12,simd-v0,999,0.029164
12,393435,999,0.020338
12,KACTL,1000,0.219240
12,simd-v0,1000,0.029064
12,393435,1000,0.019988
12,ours-406478,1000,0.012723
13,KACTL,0,0.475250
13,simd-v0,0,0.078828
13,393435,0,0.041708
13,ours-406478,0,0.026570
13,simd-v0,1,0.058279
13,393435,1,0.040416
13,ours-406478,1,0.026410
13,KACTL,1,0.487823
13,393435,2,0.040807
13,ours-406478,2,0.026640
13,KACTL,2,0.490248
13,simd-v0,2,0.058409
13,ours-406478,3,0.027362
13,KACTL,3,0.475000
13,simd-v0,3,0.058269
13,393435,3,0.040656
13,KACTL,4,0.490218
13,simd-v0,4,0.058349
13,393435,4,0.040426
13,ours-406478,4,0.026540
13,simd-v0,5,0.058179
13,393435,5,0.040335
13,ours-406478,5,0.026359
13,KACTL,5,0.487212
13,393435,6,0.040687
13,ours-406478,6,0.026469
13,KACTL,6,0.475440
13,simd-v0,6,0.058269
13,ours-406478,7,0.026459
13,KACTL,7,0.486190
13,simd-v0,7,0.058379
13,393435,7,0.040456
13,KACTL,8,0.475169
13,simd-v0,8,0.058259
13,393435,8,0.050745
13,ours-406478,8,0.027332
13,simd-v0,9,0.058369
13,393435,9,0.040296
13,ours-406478,9,0.026429
13,KACTL,9,0.475390
13,393435,10,0.040506
13,ours-406478,10,0.026440
13,KACTL,10,0.486250
13,simd-v0,10,0.058299
13,ours-406478,11,0.026510
13,KACTL,11,0.493433
13,simd-v0,11,0.058360
13,393435,11,0.040656
13,KACTL,12,0.486871
13,simd-v0,12,0.058379
13,393435,12,0.040646
13,ours-406478,12,0.026580
13,simd-v0,13,0.058129
13,393435,13,0.040406
13,ours-406478,13,0.026330
13,KACTL,13,0.484647
13,393435,14,0.040476
13,ours-406478,14,0.026520
13,KACTL,14,0.474748
13,simd-v0,14,0.058400
13,ours-406478,15,0.026489
13,KACTL,15,0.485328
13,simd-v0,15,0.058289
13,393435,15,0.040646
13,KACTL,16,0.475159
13,simd-v0,16,0.058249
13,393435,16,0.050965
13,ours-406478,16,0.026580
13,simd-v0,17,0.059090
13,393435,17,0.040415
13,ours-406478,17,0.026359
13,KACTL,17,0.474568
13,393435,18,0.040336
13,ours-406478,18,0.026520
13,KACTL,18,0.486160
13,simd-v0,18,0.058339
13,ours-406478,19,0.026490
13,KACTL,19,0.474658
13,simd-v0,19,0.058239
13,393435,19,0.040526
13,KACTL,20,0.489115
13,simd-v0,20,0.058319
13,393435,20,0.040436
13,ours-406478,20,0.026580
13,simd-v0,21,0.058269
13,393435,21,0.040285
13,ours-406478,21,0.026319
13,KACTL,21,0.489295
13,393435,22,0.040406
13,ours-406478,22,0.026540
13,KACTL,22,0.475059
13,simd-v0,22,0.058309
13,ours-406478,23,0.026370
13,KACTL,23,0.486110
13,simd-v0,23,0.058409
13,393435,23,0.040516
13,KACTL,24,0.475049
13,simd-v0,24,0.058258
13,393435,24,0.040526
13,ours-406478,24,0.026550
13,simd-v0,25,0.068959
13,393435,25,0.040425
13,ours-406478,25,0.026480
13,KACTL,25,0.474959
13,393435,26,0.040445
13,ours-406478,26,0.026519
13,KACTL,26,0.486130
13,simd-v0,26,0.058380
13,ours-406478,27,0.026419
13,KACTL,27,0.474558
13,simd-v0,27,0.058249
13,393435,27,0.040506
13,KACTL,28,0.485769
13,simd-v0,28,0.058320
13,393435,28,0.040576
13,ours-406478,28,0.026560
13,simd-v0,29,0.058189
13,393435,29,0.040326
13,ours-406478,29,0.026359
13,KACTL,29,0.485719
13,393435,30,0.040496
13,ours-406478,30,0.026509
13,KACTL,30,0.475330
13,simd-v0,30,0.058419
13,ours-406478,31,0.026369
13,KACTL,31,0.485479
13,simd-v0,31,0.058329
13,393435,31,0.040456
13,KACTL,32,0.475370
13,simd-v0,32,0.058279
13,393435,32,0.040405
13,ours-406478,32,0.026540
13,simd-v0,33,0.058159
13,393435,33,0.051406
13,ours-406478,33,0.026470
13,KACTL,33,0.475700
13,393435,34,0.040466
13,ours-406478,34,0.026490
13,KACTL,34,0.485318
13,simd-v0,34,0.058299
13,ours-406478,35,0.026460
13,KACTL,35,0.474619
13,simd-v0,35,0.058199
13,393435,35,0.040616
13,KACTL,36,0.485419
13,simd-v0,36,0.060774
13,393435,36,0.040385
13,ours-406478,36,0.026560
13,simd-v0,37,0.058280
13,393435,37,0.040426
13,ours-406478,37,0.026309
13,KACTL,37,0.485299
13,393435,38,0.040506
13,ours-406478,38,0.026439
13,KACTL,38,0.475841
13,simd-v0,38,0.058409
13,ours-406478,39,0.026389
13,KACTL,39,0.485458
13,simd-v0,39,0.058289
13,393435,39,0.040476
13,KACTL,40,0.475420
13,simd-v0,40,0.058229
13,393435,40,0.040325
13,ours-406478,40,0.026530
13,simd-v0,41,0.058178
13,393435,41,0.040375
13,ours-406478,41,0.026339
13,KACTL,41,0.486230
13,393435,42,0.040505
13,ours-406478,42,0.026450
13,KACTL,42,0.485198
13,simd-v0,42,0.058399
13,ours-406478,43,0.026470
13,KACTL,43,0.474679
13,simd-v0,43,0.058219
13,393435,43,0.040576
13,KACTL,44,0.485328
13,simd-v0,44,0.058399
13,393435,44,0.040455
13,ours-406478,44,0.026530
13,simd-v0,45,0.058099
13,393435,45,0.040365
13,ours-406478,45,0.026260
13,KACTL,45,0.474838
13,393435,46,0.040376
13,ours-406478,46,0.037501
13,KACTL,46,0.475309
13,simd-v0,46,0.058298
13,ours-406478,47,0.026399
13,KACTL,47,0.485258
13,simd-v0,47,0.059120
13,393435,47,0.040476
13,KACTL,48,0.475199
13,simd-v0,48,0.058258
13,393435,48,0.040446
13,ours-406478,48,0.026439
13,simd-v0,49,0.058149
13,393435,49,0.040426
13,ours-406478,49,0.026279
13,KACTL,49,0.486000
13,393435,50,0.040466
13,ours-406478,50,0.026399
13,KACTL,50,0.475119
13,simd-v0,50,0.068879
13,ours-406478,51,0.026550
13,KACTL,51,0.475700
13,simd-v0,51,0.058239
13,393435,51,0.040486
13,KACTL,52,0.486501
13,simd-v0,52,0.058349
13,393435,52,0.040446
13,ours-406478,52,0.026489
13,simd-v0,53,0.058349
13,393435,53,0.040456
13,ours-406478,53,0.026399
13,KACTL,53,0.475089
13,393435,54,0.040516
13,ours-406478,54,0.026490
13,KACTL,54,0.506838
13,simd-v0,54,0.058429
13,ours-406478,55,0.026550
13,KACTL,55,0.486110
13,simd-v0,55,0.058350
13,393435,55,0.041387
13,KACTL,56,0.475510
13,simd-v0,56,0.058359
13,393435,56,0.040576
13,ours-406478,56,0.026560
13,simd-v0,57,0.058239
13,393435,57,0.040386
13,ours-406478,57,0.026389
13,KACTL,57,0.485829
13,393435,58,0.040416
13,ours-406478,58,0.026489
13,KACTL,58,0.475069
13,simd-v0,58,0.069199
13,ours-406478,59,0.026469
13,KACTL,59,0.475831
13,simd-v0,59,0.058269
13,393435,59,0.040696
13,KACTL,60,0.485979
13,simd-v0,60,0.058550
13,393435,60,0.040316
13,ours-406478,60,0.026530
13,simd-v0,61,0.058309
13,393435,61,0.040296
13,ours-406478,61,0.026279
13,KACTL,61,0.474508
13,393435,62,0.040326
13,ours-406478,62,0.026510
13,KACTL,62,0.486781
13,simd-v0,62,0.058400
13,ours-406478,63,0.026459
13,KACTL,63,0.474758
13,simd-v0,63,0.058309
13,393435,63,0.040466
13,KACTL,64,0.474849
13,simd-v0,64,0.058389
13,393435,64,0.040386
13,ours-406478,64,0.026590
13,simd-v0,65,0.058128
13,393435,65,0.040345
13,ours-406478,65,0.026269
13,KACTL,65,0.485499
13,393435,66,0.040676
13,ours-406478,66,0.026430
13,KACTL,66,0.475309
13,simd-v0,66,0.058309
13,ours-406478,67,0.026449
13,KACTL,67,0.572031
13,simd-v0,67,0.058399
13,393435,67,0.040526
13,KACTL,68,0.486781
13,simd-v0,68,0.058380
13,393435,68,0.040566
13,ours-406478,68,0.029576
13,simd-v0,69,0.058260
13,393435,69,0.040576
13,ours-406478,69,0.026469
13,KACTL,69,0.474739
13,393435,70,0.040606
13,ours-406478,70,0.026440
13,KACTL,70,0.486831
13,simd-v0,70,0.058469
13,ours-406478,71,0.026550
13,KACTL,71,0.485429
13,simd-v0,71,0.058339
13,393435,71,0.040456
13,KACTL,72,0.476121
13,simd-v0,72,0.058180
13,393435,72,0.040426
13,ours-406478,72,0.026469
13,simd-v0,73,0.058249
13,393435,73,0.040366
13,ours-406478,73,0.026390
13,KACTL,73,0.486691
13,393435,74,0.040396
13,ours-406478,74,0.026490
13,KACTL,74,0.475319
13,simd-v0,74,0.058409
13,ours-406478,75,0.037120
13,KACTL,75,0.475871
13,simd-v0,75,0.058349
13,393435,75,0.040415
13,KACTL,76,0.485729
13,simd-v0,76,0.059131
13,393435,76,0.040436
13,ours-406478,76,0.026540
13,simd-v0,77,0.058158
13,393435,77,0.040346
13,ours-406478,77,0.026389
13,KACTL,77,0.475048
13,393435,78,0.040356
13,ours-406478,78,0.026469
13,KACTL,78,0.485789
13,simd-v0,78,0.058389
13,ours-406478,79,0.026389
13,KACTL,79,0.475059
13,simd-v0,79,0.068899
13,393435,79,0.040495
13,KACTL,80,0.475130
13,simd-v0,80,0.058289
13,393435,80,0.040406
13,ours-406478,80,0.026579
13,simd-v0,81,0.058219
13,393435,81,0.040276
13,ours-406478,81,0.026370
13,KACTL,81,0.485730
13,393435,82,0.040436
13,ours-406478,82,0.026539
13,KACTL,82,0.474959
13,simd-v0,82,0.058319
13,ours-406478,83,0.026479
13,KACTL,83,0.485738
13,simd-v0,83,0.058319
13,393435,83,0.040586
13,KACTL,84,0.485569
13,simd-v0,84,0.058459
13,393435,84,0.040807
13,ours-406478,84,0.027291
13,simd-v0,85,0.058309
13,393435,85,0.040335
13,ours-406478,85,0.029134
13,KACTL,85,0.475130
13,393435,86,0.040435
13,ours-406478,86,0.026509
13,KACTL,86,0.485628
13,simd-v0,86,0.058279
13,ours-406478,87,0.026439
13,KACTL,87,0.475059
13,simd-v0,87,0.058159
13,393435,87,0.050945
13,KACTL,88,0.475900
13,simd-v0,88,0.058609
13,393435,88,0.040356
13,ours-406478,88,0.026570
13,simd-v0,89,0.058229
13,393435,89,0.040366
13,ours-406478,89,0.026380
13,KACTL,89,0.485358
13,393435,90,0.040366
13,ours-406478,90,0.026480
13,KACTL,90,0.475078
13,simd-v0,90,0.058690
13,ours-406478,91,0.026430
13,KACTL,91,0.485549
13,simd-v0,91,0.058319
13,393435,91,0.040476
13,KACTL,92,0.475561
13,simd-v0,92,0.068739
13,393435,92,0.040416
13,ours-406478,92,0.026579
13,simd-v0,93,0.058119
13,393435,93,0.040386
13,ours-406478,93,0.026289
13,KACTL,93,0.474979
13,393435,94,0.040296
13,ours-406478,94,0.026530
13,KACTL,94,0.486621
13,simd-v0,94,0.058339
13,ours-406478,95,0.026480
13,KACTL,95,0.474718
13,simd-v0,95,0.058149
13,393435,95,0.040546
13,KACTL,96,0.485720
13,simd-v0,96,0.058289
13,393435,96,0.040686
13,ours-406478,96,0.026580
13,simd-v0,97,0.058259
13,393435,97,0.040345
13,ours-406478,97,0.026390
13,KACTL,97,0.486570
13,393435,98,0.040486
13,ours-406478,98,0.026429
13,KACTL,98,0.475270
13,simd-v0,98,0.058369
13,ours-406478,99,0.026399
13,KACTL,99,0.486110
13,simd-v0,99,0.058340
13,393435,99,0.040475
13,KACTL,100,0.475320
13,simd-v0,100,0.058310
13,393435,100,0.051146
13,ours-406478,100,0.026499
13,simd-v0,101,0.058589
13,393435,101,0.040476
13,ours-406478,101,0.026339
13,KACTL,101,0.477583
13,393435,102,0.040456
13,ours-406478,102,0.026440
13,KACTL,102,0.486020
13,simd-v0,102,0.058379
13,ours-406478,103,0.026489
13,KACTL,103,0.475039
13,simd-v0,103,0.058259
13,393435,103,0.040546
13,KACTL,104,0.485829
13,simd-v0,104,0.058289
13,393435,104,0.040566
13,ours-406478,104,0.026540
13,simd-v0,105,0.058209
13,393435,105,0.040385
13,ours-406478,105,0.026319
13,KACTL,105,0.485458
13,393435,106,0.040475
13,ours-406478,106,0.026430
13,KACTL,106,0.475119
13,simd-v0,106,0.058399
13,ours-406478,107,0.026529
13,KACTL,107,0.500257
13,simd-v0,107,0.058249
13,393435,107,0.040396
13,KACTL,108,0.475320
13,simd-v0,108,0.058269
13,393435,108,0.040486
13,ours-406478,108,0.038101
13,simd-v0,109,0.058269
13,393435,109,0.040405
13,ours-406478,109,0.026429
13,KACTL,109,0.475681
13,393435,110,0.040355
13,ours-406478,110,0.026510
13,KACTL,110,0.486851
13,simd-v0,110,0.058359
13,ours-406478,111,0.026489
13,KACTL,111,0.474958
13,simd-v0,111,0.058179
13,393435,111,0.040406
13,KACTL,112,0.486781
13,simd-v0,112,0.058209
13,393435,112,0.040446
13,ours-406478,112,0.026590
13,simd-v0,113,0.058139
13,393435,113,0.040416
13,ours-406478,113,0.026389
13,KACTL,113,0.485669
13,393435,114,0.040365
13,ours-406478,114,0.026459
13,KACTL,114,0.476392
13,simd-v0,114,0.058359
13,ours-406478,115,0.026379
13,KACTL,115,0.485359
13,simd-v0,115,0.058369
13,393435,115,0.040587
13,KACTL,116,0.475240
13,simd-v0,116,0.058189
13,393435,116,0.040496
13,ours-406478,116,0.026559
13,simd-v0,117,0.068728
13,393435,117,0.040436
13,ours-406478,117,0.026560
13,KACTL,117,0.477604
13,393435,118,0.040386
13,ours-406478,118,0.026510
13,KACTL,118,0.486330
13,simd-v0,118,0.059151
13,ours-406478,119,0.026530
13,KACTL,119,0.474639
13,simd-v0,119,0.058179
13,393435,119,0.040656
13,KACTL,120,0.486591
13,simd-v0,120,0.058399
13,393435,120,0.040346
13,ours-406478,120,0.026539
13,simd-v0,121,0.058209
13,393435,121,0.040386
13,ours-406478,121,0.026360
13,KACTL,121,0.485448
13,393435,122,0.040616
13,ours-406478,122,0.026479
13,KACTL,122,0.475189
13,simd-v0,122,0.058309
13,ours-406478,123,0.026379
13,KACTL,123,0.485027
13,simd-v0,123,0.059121
13,393435,123,0.040605
13,KACTL,124,0.474999
13,simd-v0,124,0.058239
13,393435,124,0.040365
13,ours-406478,124,0.026610
13,simd-v0,125,0.058239
13,393435,125,0.051066
13,ours-406478,125,0.026430
13,KACTL,125,0.475981
13,393435,126,0.040426
13,ours-406478,126,0.026440
13,KACTL,126,0.485278
13,simd-v0,126,0.058359
13,ours-406478,127,0.026460
13,KACTL,127,0.474838
13,simd-v0,127,0.058219
13,393435,127,0.040426
13,KACTL,128,0.485489
13,simd-v0,128,0.058309
13,393435,128,0.040426
13,ours-406478,128,0.026590
13,simd-v0,129,0.058119
13,393435,129,0.040396
13,ours-406478,129,0.026289
13,KACTL,129,0.474508
13,393435,130,0.051015
13,ours-406478,130,0.026510
13,KACTL,130,0.475089
13,simd-v0,130,0.058429
13,ours-406478,131,0.026379
13,KACTL,131,0.485398
13,simd-v0,131,0.058369
13,393435,131,0.040596
13,KACTL,132,0.475159
13,simd-v0,132,0.058289
13,393435,132,0.040295
13,ours-406478,132,0.026550
13,simd-v0,133,0.058229
13,393435,133,0.040305
13,ours-406478,133,0.026319
13,KACTL,133,0.488194
13,393435,134,0.040486
13,ours-406478,134,0.026450
13,KACTL,134,0.484897
13,simd-v0,134,0.058330
13,ours-406478,135,0.026439
13,KACTL,135,0.475480
13,simd-v0,135,0.058339
13,393435,135,0.040446
13,KACTL,136,0.486611
13,simd-v0,136,0.058379
13,393435,136,0.040626
13,ours-406478,136,0.026480
13,simd-v0,137,0.058249
13,393435,137,0.040435
13,ours-406478,137,0.026320
13,KACTL,137,0.475039
13,393435,138,0.040556
13,ours-406478,138,0.037771
13,KACTL,138,0.475329
13,simd-v0,138,0.058359
13,ours-406478,139,0.026360
13,KACTL,139,0.485177
13,simd-v0,139,0.058339
13,393435,139,0.040275
13,KACTL,140,0.475329
13,simd-v0,140,0.058369
13,393435,140,0.040406
13,ours-406478,140,0.026560
13,simd-v0,141,0.058218
13,393435,141,0.040386
13,ours-406478,141,0.026259
13,KACTL,141,0.486971
13,393435,142,0.040526
13,ours-406478,142,0.026459
13,KACTL,142,0.475120
13,simd-v0,142,0.069000
13,ours-406478,143,0.026530
13,KACTL,143,0.474668
13,simd-v0,143,0.058149
13,393435,143,0.054292
13,KACTL,144,0.489196
13,simd-v0,144,0.058359
13,393435,144,0.040516
13,ours-406478,144,0.026669
13,simd-v0,145,0.058189
13,393435,145,0.040415
13,ours-406478,145,0.026350
13,KACTL,145,0.474448
13,393435,146,0.040325
13,ours-406478,146,0.026480
13,KACTL,146,0.486921
13,simd-v0,146,0.058349
13,ours-406478,147,0.026449
13,KACTL,147,0.485339
13,simd-v0,147,0.058299
13,393435,147,0.040445
13,KACTL,148,0.484186
13,simd-v0,148,0.067927
13,393435,148,0.051296
13,ours-406478,148,0.036368
13,simd-v0,149,0.068768
13,393435,149,0.054251
13,ours-406478,149,0.037249
13,KACTL,149,0.558795
13,393435,150,0.041298
13,ours-406478,150,0.027071
13,KACTL,150,0.501258
13,simd-v0,150,0.058670
13,ours-406478,151,0.026550
13,KACTL,151,0.474949
13,simd-v0,151,0.058420
13,393435,151,0.040947
13,KACTL,152,0.487071
13,simd-v0,152,0.058420
13,393435,152,0.040486
13,ours-406478,152,0.026530
13,simd-v0,153,0.058279
13,393435,153,0.040265
13,ours-406478,153,0.026389
13,KACTL,153,0.486009
13,393435,154,0.040426
13,ours-406478,154,0.026459
13,KACTL,154,0.475390
13,simd-v0,154,0.058349
13,ours-406478,155,0.026359
13,KACTL,155,0.485448
13,simd-v0,155,0.058510
13,393435,155,0.040516
13,KACTL,156,0.474908
13,simd-v0,156,0.058219
13,393435,156,0.040355
13,ours-406478,156,0.026540
13,simd-v0,157,0.058099
13,393435,157,0.040365
13,ours-406478,157,0.037160
13,KACTL,157,0.474939
13,393435,158,0.040396
13,ours-406478,158,0.026390
13,KACTL,158,0.485458
13,simd-v0,158,0.058330
13,ours-406478,159,0.026519
13,KACTL,159,0.475730
13,simd-v0,159,0.058239
13,393435,159,0.040575
13,KACTL,160,0.485929
13,simd-v0,160,0.059251
13,393435,160,0.040365
13,ours-406478,160,0.026570
13,simd-v0,161,0.058280
13,393435,161,0.040366
13,ours-406478,161,0.026309
13,KACTL,161,0.475029
13,393435,162,0.051096
13,ours-406478,162,0.026460
13,KACTL,162,0.475139
13,simd-v0,162,0.058359
13,ours-406478,163,0.026400
13,KACTL,163,0.485309
13,simd-v0,163,0.058319
13,393435,163,0.040455
13,KACTL,164,0.475330
13,simd-v0,164,0.058440
13,393435,164,0.040326
13,ours-406478,164,0.026540
13,simd-v0,165,0.058219
13,393435,165,0.040406
13,ours-406478,165,0.026340
13,KACTL,165,0.487923
13,393435,166,0.040435
13,ours-406478,166,0.026400
13,KACTL,166,0.485279
13,simd-v0,166,0.058319
13,ours-406478,167,0.026520
13,KACTL,167,0.474778
13,simd-v0,167,0.058279
13,393435,167,0.040476
13,KACTL,168,0.485869
13,simd-v0,168,0.058240
13,393435,168,0.040555
13,ours-406478,168,0.026470
13,simd-v0,169,0.058159
13,393435,169,0.040416
13,ours-406478,169,0.026309
13,KACTL,169,0.474818
13,393435,170,0.040416
13,ours-406478,170,0.026480
13,KACTL,170,0.485609
13,simd-v0,170,0.058369
13,ours-406478,171,0.026540
13,KACTL,171,0.485108
13,simd-v0,171,0.058259
13,393435,171,0.040566
13,KACTL,172,0.475079
13,simd-v0,172,0.058239
13,393435,172,0.040335
13,ours-406478,172,0.026470
13,simd-v0,173,0.058129
13,393435,173,0.040556
13,ours-406478,173,0.026259
13,KACTL,173,0.485639
13,393435,174,0.040456
13,ours-406478,174,0.026460
13,KACTL,174,0.475299
13,simd-v0,174,0.069090
13,ours-406478,175,0.026510
13,KACTL,175,0.474558
13,simd-v0,175,0.058209
13,393435,175,0.040456
13,KACTL,176,0.485518
13,simd-v0,176,0.058320
13,393435,176,0.040516
13,ours-406478,176,0.026499
13,simd-v0,177,0.058229
13,393435,177,0.040376
13,ours-406478,177,0.026218
13,KACTL,177,0.474788
13,393435,178,0.040466
13,ours-406478,178,0.026490
13,KACTL,178,0.485899
13,simd-v0,178,0.058430
13,ours-406478,179,0.026540
13,KACTL,179,0.474789
13,simd-v0,179,0.068849
13,393435,179,0.040797
13,KACTL,180,0.475319
13,simd-v0,180,0.058199
13,393435,180,0.040386
13,ours-406478,180,0.026489
13,simd-v0,181,0.058279
13,393435,181,0.040396
13,ours-406478,181,0.026289
13,KACTL,181,0.487973
13,393435,182,0.040576
13,ours-406478,182,0.026569
13,KACTL,182,0.475469
13,simd-v0,182,0.058419
13,ours-406478,183,0.026530
13,KACTL,183,0.494205
13,simd-v0,183,0.058369
13,393435,183,0.040525
13,KACTL,184,0.486280
13,simd-v0,184,0.058279
13,393435,184,0.040455
13,ours-406478,184,0.026610
13,simd-v0,185,0.058189
13,393435,185,0.040275
13,ours-406478,185,0.026379
13,KACTL,185,0.475069
13,393435,186,0.040356
13,ours-406478,186,0.026490
13,KACTL,186,0.486600
13,simd-v0,186,0.058539
13,ours-406478,187,0.026409
13,KACTL,187,0.474548
13,simd-v0,187,0.068618
13,393435,187,0.040495
13,KACTL,188,0.475080
13,simd-v0,188,0.058249
13,393435,188,0.040456
13,ours-406478,188,0.026559
13,simd-v0,189,0.058299
13,393435,189,0.040366
13,ours-406478,189,0.026410
13,KACTL,189,0.488023
13,393435,190,0.040445
13,ours-406478,190,0.026530
13,KACTL,190,0.475019
13,simd-v0,190,0.058349
13,ours-406478,191,0.026430
13,KACTL,191,0.485909
13,simd-v0,191,0.058519
13,393435,191,0.040917
13,KACTL,192,0.485979
13,simd-v0,192,0.058249
13,393435,192,0.040366
13,ours-406478,192,0.026550
13,simd-v0,193,0.058138
13,393435,193,0.040265
13,ours-406478,193,0.026389
13,KACTL,193,0.475670
13,393435,194,0.040316
13,ours-406478,194,0.026540
13,KACTL,194,0.485739
13,simd-v0,194,0.058289
13,ours-406478,195,0.026470
13,KACTL,195,0.474447
13,simd-v0,195,0.058199
13,393435,195,0.040525
13,KACTL,196,0.485950
13,simd-v0,196,0.058429
13,393435,196,0.040376
13,ours-406478,196,0.026570
13,simd-v0,197,0.058179
13,393435,197,0.040346
13,ours-406478,197,0.026359
13,KACTL,197,0.485669
13,393435,198,0.040465
13,ours-406478,198,0.029876
13,KACTL,198,0.475109
13,simd-v0,198,0.058480
13,ours-406478,199,0.026360
13,KACTL,199,0.487422
13,simd-v0,199,0.058389
13,393435,199,0.040596
13,KACTL,200,0.475229
13,simd-v0,200,0.068609
13,393435,200,0.040436
13,ours-406478,200,0.026540
13,simd-v0,201,0.058289
13,393435,201,0.040626
13,ours-406478,201,0.026320
13,KACTL,201,0.475370
13,393435,202,0.040305
13,ours-406478,202,0.026440
13,KACTL,202,0.497230
13,simd-v0,202,0.058389
13,ours-406478,203,0.026640
13,KACTL,203,0.474548
13,simd-v0,203,0.058219
13,393435,203,0.040546
13,KACTL,204,0.486070
13,simd-v0,204,0.058399
13,393435,204,0.040516
13,ours-406478,204,0.026480
13,simd-v0,205,0.058229
13,393435,205,0.040456
13,ours-406478,205,0.026330
13,KACTL,205,0.485849
13,393435,206,0.040616
13,ours-406478,206,0.026469
13,KACTL,206,0.475159
13,simd-v0,206,0.058319
13,ours-406478,207,0.026529
13,KACTL,207,0.485348
13,simd-v0,207,0.058229
13,393435,207,0.040485
13,KACTL,208,0.475189
13,simd-v0,208,0.058279
13,393435,208,0.052608
13,ours-406478,208,0.026460
13,simd-v0,209,0.058439
13,393435,209,0.040456
13,ours-406478,209,0.026309
13,KACTL,209,0.475720
13,393435,210,0.040426
13,ours-406478,210,0.026439
13,KACTL,210,0.486169
13,simd-v0,210,0.058289
13,ours-406478,211,0.027321
13,KACTL,211,0.474789
13,simd-v0,211,0.058109
13,393435,211,0.040516
13,KACTL,212,0.485819
13,simd-v0,212,0.058310
13,393435,212,0.040385
13,ours-406478,212,0.026429
13,simd-v0,213,0.058229
13,393435,213,0.040406
13,ours-406478,213,0.026310
13,KACTL,213,0.485298
13,393435,214,0.040637
13,ours-406478,214,0.026390
13,KACTL,214,0.477824
13,simd-v0,214,0.058299
13,ours-406478,215,0.026459
13,KACTL,215,0.485348
13,simd-v0,215,0.058269
13,393435,215,0.040546
13,KACTL,216,0.475630
13,simd-v0,216,0.058309
13,393435,216,0.040435
13,ours-406478,216,0.026509
13,simd-v0,217,0.069150
13,393435,217,0.040636
13,ours-406478,217,0.026580
13,KACTL,217,0.475720
13,393435,218,0.040435
13,ours-406478,218,0.026409
13,KACTL,218,0.486590
13,simd-v0,218,0.058269
13,ours-406478,219,0.026509
13,KACTL,219,0.475590
13,simd-v0,219,0.058269
13,393435,219,0.040376
13,KACTL,220,0.486210
13,simd-v0,220,0.058349
13,393435,220,0.040396
13,ours-406478,220,0.026469
13,simd-v0,221,0.058169
13,393435,221,0.040386
13,ours-406478,221,0.026359
13,KACTL,221,0.488013
13,393435,222,0.040356
13,ours-406478,222,0.026529
13,KACTL,222,0.475299
13,simd-v0,222,0.058309
13,ours-406478,223,0.026499
13,KACTL,223,0.485528
13,simd-v0,223,0.058399
13,393435,223,0.040486
13,KACTL,224,0.475009
13,simd-v0,224,0.058209
13,393435,224,0.040326
13,ours-406478,224,0.026549
13,simd-v0,225,0.069099
13,393435,225,0.040375
13,ours-406478,225,0.026570
13,KACTL,225,0.474918
13,393435,226,0.040426
13,ours-406478,226,0.026469
13,KACTL,226,0.485799
13,simd-v0,226,0.058409
13,ours-406478,227,0.026530
13,KACTL,227,0.475069
13,simd-v0,227,0.058239
13,393435,227,0.040646
13,KACTL,228,0.485749
13,simd-v0,228,0.058419
13,393435,228,0.040385
13,ours-406478,228,0.026610
13,simd-v0,229,0.058299
13,393435,229,0.040335
13,ours-406478,229,0.026369
13,KACTL,229,0.485549
13,393435,230,0.040496
13,ours-406478,230,0.026459
13,KACTL,230,0.478606
13,simd-v0,230,0.058349
13,ours-406478,231,0.026460
13,KACTL,231,0.485268
13,simd-v0,231,0.058349
13,393435,231,0.040455
13,KACTL,232,0.475330
13,simd-v0,232,0.058240
13,393435,232,0.040285
13,ours-406478,232,0.026510
13,simd-v0,233,0.058569
13,393435,233,0.040345
13,ours-406478,233,0.037149
13,KACTL,233,0.475790
13,393435,234,0.040505
13,ours-406478,234,0.026429
13,KACTL,234,0.485619
13,simd-v0,234,0.058360
13,ours-406478,235,0.026430
13,KACTL,235,0.475189
13,simd-v0,235,0.058249
13,393435,235,0.040646
13,KACTL,236,0.485899
13,simd-v0,236,0.058339
13,393435,236,0.040366
13,ours-406478,236,0.026550
13,simd-v0,237,0.058229
13,393435,237,0.040486
13,ours-406478,237,0.026380
13,KACTL,237,0.475029
13,393435,238,0.051115
13,ours-406478,238,0.026440
13,KACTL,238,0.475389
13,simd-v0,238,0.058400
13,ours-406478,239,0.026349
13,KACTL,239,0.485469
13,simd-v0,239,0.058339
13,393435,239,0.040506
13,KACTL,240,0.475550
13,simd-v0,240,0.058340
13,393435,240,0.040455
13,ours-406478,240,0.026530
13,simd-v0,241,0.058179
13,393435,241,0.040426
13,ours-406478,241,0.026279
13,KACTL,241,0.485188
13,393435,242,0.040545
13,ours-406478,242,0.026430
13,KACTL,242,0.475821
13,simd-v0,242,0.068899
13,ours-406478,243,0.026560
13,KACTL,243,0.475029
13,simd-v0,243,0.058199
13,393435,243,0.040465
13,KACTL,244,0.485790
13,simd-v0,244,0.058309
13,393435,244,0.040446
13,ours-406478,244,0.026470
13,simd-v0,245,0.059000
13,393435,245,0.040386
13,ours-406478,245,0.026279
13,KACTL,245,0.474980
13,393435,246,0.040516
13,ours-406478,246,0.026429
13,KACTL,246,0.488224
13,simd-v0,246,0.058420
13,ours-406478,247,0.026519
13,KACTL,247,0.485238
13,simd-v0,247,0.058209
13,393435,247,0.040465
13,KACTL,248,0.475350
13,simd-v0,248,0.058389
13,393435,248,0.040385
13,ours-406478,248,0.026500
13,simd-v0,249,0.058189
13,393435,249,0.040425
13,ours-406478,249,0.026229
13,KACTL,249,0.485668
13,393435,250,0.040646
13,ours-406478,250,0.026429
13,KACTL,250,0.475300
13,simd-v0,250,0.058340
13,ours-406478,251,0.026550
13,KACTL,251,0.474589
13,simd-v0,251,0.058339
13,393435,251,0.040636
13,KACTL,252,0.486029
13,simd-v0,252,0.058319
13,393435,252,0.040576
13,ours-406478,252,0.026429
13,simd-v0,253,0.058178
13,393435,253,0.041317
13,ours-406478,253,0.026279
13,KACTL,253,0.475180
13,393435,254,0.040385
13,ours-406478,254,0.026490
13,KACTL,254,0.486230
13,simd-v0,254,0.058249
13,ours-406478,255,0.026489
13,KACTL,255,0.475580
13,simd-v0,255,0.079348
13,393435,255,0.040426
13,KACTL,256,0.476101
13,simd-v0,256,0.058289
13,393435,256,0.040496
13,ours-406478,256,0.026500
13,simd-v0,257,0.058199
13,393435,257,0.040435
13,ours-406478,257,0.026379
13,KACTL,257,0.501699
13,393435,258,0.040576
13,ours-406478,258,0.026490
13,KACTL,258,0.475129
13,simd-v0,258,0.058359
13,ours-406478,259,0.037150
13,KACTL,259,0.475740
13,simd-v0,259,0.058369
13,393435,259,0.040545
13,KACTL,260,0.484778
13,simd-v0,260,0.058409
13,393435,260,0.040406
13,ours-406478,260,0.026590
13,simd-v0,261,0.058289
13,393435,261,0.040306
13,ours-406478,261,0.026300
13,KACTL,261,0.476010
13,393435,262,0.040406
13,ours-406478,262,0.026539
13,KACTL,262,0.487382
13,simd-v0,262,0.058660
13,ours-406478,263,0.026440
13,KACTL,263,0.474658
13,simd-v0,263,0.068860
13,393435,263,0.040626
13,KACTL,264,0.474618
13,simd-v0,264,0.058209
13,393435,264,0.040395
13,ours-406478,264,0.026560
13,simd-v0,265,0.058168
13,393435,265,0.040356
13,ours-406478,265,0.026309
13,KACTL,265,0.485749
13,393435,266,0.040456
13,ours-406478,266,0.027262
13,KACTL,266,0.474779
13,simd-v0,266,0.058509
13,ours-406478,267,0.026490
13,KACTL,267,0.486650
13,simd-v0,267,0.058390
13,393435,267,0.040466
13,KACTL,268,0.485208
13,simd-v0,268,0.058419
13,393435,268,0.040506
13,ours-406478,268,0.026449
13,simd-v0,269,0.058168
13,393435,269,0.040566
13,ours-406478,269,0.026269
13,KACTL,269,0.475509
13,393435,270,0.040375
13,ours-406478,270,0.026440
13,KACTL,270,0.485218
13,simd-v0,270,0.058379
13,ours-406478,271,0.026539
13,KACTL,271,0.474678
13,simd-v0,271,0.058470
13,393435,271,0.051045
13,KACTL,272,0.474979
13,simd-v0,272,0.058319
13,393435,272,0.040476
13,ours-406478,272,0.026499
13,simd-v0,273,0.058399
13,393435,273,0.040315
13,ours-406478,273,0.026279
13,KACTL,273,0.500236
13,393435,274,0.040566
13,ours-406478,274,0.026600
13,KACTL,274,0.474368
13,simd-v0,274,0.058329
13,ours-406478,275,0.026489
13,KACTL,275,0.486230
13,simd-v0,275,0.058279
13,393435,275,0.040466
13,KACTL,276,0.474608
13,simd-v0,276,0.068789
13,393435,276,0.040495
13,ours-406478,276,0.026520
13,simd-v0,277,0.058218
13,393435,277,0.040456
13,ours-406478,277,0.026389
13,KACTL,277,0.475389
13,393435,278,0.040406
13,ours-406478,278,0.026490
13,KACTL,278,0.485078
13,simd-v0,278,0.061064
13,ours-406478,279,0.027311
13,KACTL,279,0.474979
13,simd-v0,279,0.058389
13,393435,279,0.040396
13,KACTL,280,0.486281
13,simd-v0,280,0.058359
13,393435,280,0.040496
13,ours-406478,280,0.026439
13,simd-v0,281,0.058108
13,393435,281,0.040396
13,ours-406478,281,0.026369
13,KACTL,281,0.485769
13,393435,282,0.040436
13,ours-406478,282,0.026510
13,KACTL,282,0.474669
13,simd-v0,282,0.058359
13,ours-406478,283,0.026510
13,KACTL,283,0.485458
13,simd-v0,283,0.058309
13,393435,283,0.040436
13,KACTL,284,0.474738
13,simd-v0,284,0.058098
13,393435,284,0.051356
13,ours-406478,284,0.026590
13,simd-v0,285,0.058370
13,393435,285,0.040326
13,ours-406478,285,0.026400
13,KACTL,285,0.475209
13,393435,286,0.040276
13,ours-406478,286,0.026490
13,KACTL,286,0.486219
13,simd-v0,286,0.058329
13,ours-406478,287,0.026430
13,KACTL,287,0.475670
13,simd-v0,287,0.058278
13,393435,287,0.040365
13,KACTL,288,0.485529
13,simd-v0,288,0.058480
13,393435,288,0.040666
13,ours-406478,288,0.026519
13,simd-v0,289,0.058279
13,393435,289,0.040316
13,ours-406478,289,0.026339
13,KACTL,289,0.485659
13,393435,290,0.040385
13,ours-406478,290,0.026529
13,KACTL,290,0.474468
13,simd-v0,290,0.058219
13,ours-406478,291,0.026460
13,KACTL,291,0.485499
13,simd-v0,291,0.058339
13,393435,291,0.040505
13,KACTL,292,0.474478
13,simd-v0,292,0.058199
13,393435,292,0.040456
13,ours-406478,292,0.026459
13,simd-v0,293,0.068749
13,393435,293,0.040376
13,ours-406478,293,0.026560
13,KACTL,293,0.474829
13,393435,294,0.040375
13,ours-406478,294,0.026520
13,KACTL,294,0.484968
13,simd-v0,294,0.058329
13,ours-406478,295,0.026420
13,KACTL,295,0.477574
13,simd-v0,295,0.058239
13,393435,295,0.040606
13,KACTL,296,0.484867
13,simd-v0,296,0.058280
13,393435,296,0.040345
13,ours-406478,296,0.026500
13,simd-v0,297,0.058179
13,393435,297,0.040306
13,ours-406478,297,0.026300
13,KACTL,297,0.485399
13,393435,298,0.040526
13,ours-406478,298,0.026539
13,KACTL,298,0.474838
13,simd-v0,298,0.058349
13,ours-406478,299,0.026399
13,KACTL,299,0.485498
13,simd-v0,299,0.058419
13,393435,299,0.040486
13,KACTL,300,0.474838
13,simd-v0,300,0.058239
13,393435,300,0.040365
13,ours-406478,300,0.026520
13,simd-v0,301,0.058279
13,393435,301,0.051636
13,ours-406478,301,0.026539
13,KACTL,301,0.475370
13,393435,302,0.040626
13,ours-406478,302,0.026549
13,KACTL,302,0.485709
13,simd-v0,302,0.058309
13,ours-406478,303,0.026459
13,KACTL,303,0.474878
13,simd-v0,303,0.058289
13,393435,303,0.040506
13,KACTL,304,0.485168
13,simd-v0,304,0.058360
13,393435,304,0.040365
13,ours-406478,304,0.026530
13,simd-v0,305,0.058299
13,393435,305,0.040325
13,ours-406478,305,0.026350
13,KACTL,305,0.485769
13,393435,306,0.040436
13,ours-406478,306,0.026419
13,KACTL,306,0.474918
13,simd-v0,306,0.058350
13,ours-406478,307,0.026380
13,KACTL,307,0.485508
13,simd-v0,307,0.058329
13,393435,307,0.040546
13,KACTL,308,0.475369
13,simd-v0,308,0.058269
13,393435,308,0.040435
13,ours-406478,308,0.026570
13,simd-v0,309,0.058209
13,393435,309,0.040265
13,ours-406478,309,0.047620
13,KACTL,309,0.475931
13,393435,310,0.040476
13,ours-406478,310,0.026430
13,KACTL,310,0.487402
13,simd-v0,310,0.058339
13,ours-406478,311,0.026560
13,KACTL,311,0.503522
13,simd-v0,311,0.058509
13,393435,311,0.040826
13,KACTL,312,0.488414
13,simd-v0,312,0.058419
13,393435,312,0.040475
13,ours-406478,312,0.026610
13,simd-v0,313,0.058310
13,393435,313,0.040275
13,ours-406478,313,0.026329
13,KACTL,313,0.485689
13,393435,314,0.040486
13,ours-406478,314,0.026389
13,KACTL,314,0.474829
13,simd-v0,314,0.058379
13,ours-406478,315,0.026399
13,KACTL,315,0.486170
13,simd-v0,315,0.058309
13,393435,315,0.040506
13,KACTL,316,0.474618
13,simd-v0,316,0.058460
13,393435,316,0.040385
13,ours-406478,316,0.026580
13,simd-v0,317,0.058260
13,393435,317,0.040385
13,ours-406478,317,0.037029
13,KACTL,317,0.475179
13,393435,318,0.040506
13,ours-406478,318,0.026440
13,KACTL,318,0.484617
13,simd-v0,318,0.058449
13,ours-406478,319,0.026429
13,KACTL,319,0.475029
13,simd-v0,319,0.058279
13,393435,319,0.040596
13,KACTL,320,0.485128
13,simd-v0,320,0.058360
13,393435,320,0.040616
13,ours-406478,320,0.026559
13,simd-v0,321,0.058309
13,393435,321,0.040416
13,ours-406478,321,0.026299
13,KACTL,321,0.475119
13,393435,322,0.040365
13,ours-406478,322,0.026429
13,KACTL,322,0.474478
13,simd-v0,322,0.058419
13,ours-406478,323,0.026379
13,KACTL,323,0.484587
13,simd-v0,323,0.058439
13,393435,323,0.040446
13,KACTL,324,0.474387
13,simd-v0,324,0.058199
13,393435,324,0.040375
13,ours-406478,324,0.026500
13,simd-v0,325,0.058309
13,393435,325,0.040285
13,ours-406478,325,0.026279
13,KACTL,325,0.486069
13,393435,326,0.040646
13,ours-406478,326,0.026449
13,KACTL,326,0.475090
13,simd-v0,326,0.069100
13,ours-406478,327,0.026439
13,KACTL,327,0.477664
13,simd-v0,327,0.058510
13,393435,327,0.040475
13,KACTL,328,0.485158
13,simd-v0,328,0.058450
13,393435,328,0.040535
13,ours-406478,328,0.026460
13,simd-v0,329,0.058229
13,393435,329,0.040385
13,ours-406478,329,0.026280
13,KACTL,329,0.475219
13,393435,330,0.040365
13,ours-406478,330,0.026450
13,KACTL,330,0.485389
13,simd-v0,330,0.058329
13,ours-406478,331,0.026520
13,KACTL,331,0.485428
13,simd-v0,331,0.058309
13,393435,331,0.040505
13,KACTL,332,0.474789
13,simd-v0,332,0.058138
13,393435,332,0.040386
13,ours-406478,332,0.026499
13,simd-v0,333,0.058259
13,393435,333,0.040396
13,ours-406478,333,0.026319
13,KACTL,333,0.485880
13,393435,334,0.040396
13,ours-406478,334,0.026459
13,KACTL,334,0.474769
13,simd-v0,334,0.058369
13,ours-406478,335,0.037530
13,KACTL,335,0.475661
13,simd-v0,335,0.058309
13,393435,335,0.040536
13,KACTL,336,0.527407
13,simd-v0,336,0.058480
13,393435,336,0.040856
13,ours-406478,336,0.026760
13,simd-v0,337,0.058259
13,393435,337,0.040425
13,ours-406478,337,0.026309
13,KACTL,337,0.476482
13,393435,338,0.040356
13,ours-406478,338,0.026519
13,KACTL,338,0.485078
13,simd-v0,338,0.058379
13,ours-406478,339,0.026479
13,KACTL,339,0.485548
13,simd-v0,339,0.058419
13,393435,339,0.040526
13,KACTL,340,0.474478
13,simd-v0,340,0.058298
13,393435,340,0.040356
13,ours-406478,340,0.026559
13,simd-v0,341,0.058249
13,393435,341,0.040305
13,ours-406478,341,0.026339
13,KACTL,341,0.485569
13,393435,342,0.040696
13,ours-406478,342,0.026479
13,KACTL,342,0.474929
13,simd-v0,342,0.058419
13,ours-406478,343,0.026400
13,KACTL,343,0.488073
13,simd-v0,343,0.058269
13,393435,343,0.040656
13,KACTL,344,0.485088
13,simd-v0,344,0.058258
13,393435,344,0.040535
13,ours-406478,344,0.026440
13,simd-v0,345,0.058179
13,393435,345,0.040355
13,ours-406478,345,0.026269
13,KACTL,345,0.475029
13,393435,346,0.040375
13,ours-406478,346,0.026419
13,KACTL,346,0.485258
13,simd-v0,346,0.058399
13,ours-406478,347,0.026450
13,KACTL,347,0.475009
13,simd-v0,347,0.068719
13,393435,347,0.040656
13,KACTL,348,0.474878
13,simd-v0,348,0.058259
13,393435,348,0.040386
13,ours-406478,348,0.026540
13,simd-v0,349,0.058249
13,393435,349,0.040386
13,ours-406478,349,0.026279
13,KACTL,349,0.488144
13,393435,350,0.040425
13,ours-406478,350,0.026480
13,KACTL,350,0.474297
13,simd-v0,350,0.058340
13,ours-406478,351,0.026480
13,KACTL,351,0.485749
13,simd-v0,351,0.058389
13,393435,351,0.040416
13,KACTL,352,0.491019
13,simd-v0,352,0.058379
13,393435,352,0.040496
13,ours-406478,352,0.026529
13,simd-v0,353,0.058229
13,393435,353,0.040406
13,ours-406478,353,0.026319
13,KACTL,353,0.474989
13,393435,354,0.040496
13,ours-406478,354,0.026440
13,KACTL,354,0.485188
13,simd-v0,354,0.058389
13,ours-406478,355,0.026530
13,KACTL,355,0.474928
13,simd-v0,355,0.058289
13,393435,355,0.051005
13,KACTL,356,0.474679
13,simd-v0,356,0.058300
13,393435,356,0.040526
13,ours-406478,356,0.026510
13,simd-v0,357,0.058249
13,393435,357,0.040576
13,ours-406478,357,0.026279
13,KACTL,357,0.485609
13,393435,358,0.040526
13,ours-406478,358,0.026500
13,KACTL,358,0.474318
13,simd-v0,358,0.058409
13,ours-406478,359,0.026500
13,KACTL,359,0.488064
13,simd-v0,359,0.058238
13,393435,359,0.040425
13,KACTL,360,0.474669
13,simd-v0,360,0.068638
13,393435,360,0.040456
13,ours-406478,360,0.026449
13,simd-v0,361,0.058108
13,393435,361,0.040386
13,ours-406478,361,0.026369
13,KACTL,361,0.475269
13,393435,362,0.040425
13,ours-406478,362,0.026579
13,KACTL,362,0.497682
13,simd-v0,362,0.058319
13,ours-406478,363,0.026480
13,KACTL,363,0.474588
13,simd-v0,363,0.058339
13,393435,363,0.040456
13,KACTL,364,0.488714
13,simd-v0,364,0.058339
13,393435,364,0.040836
13,ours-406478,364,0.026580
13,simd-v0,365,0.058159
13,393435,365,0.040305
13,ours-406478,365,0.026339
13,KACTL,365,0.485749
13,393435,366,0.040435
13,ours-406478,366,0.026510
13,KACTL,366,0.474999
13,simd-v0,366,0.058309
13,ours-406478,367,0.026450
13,KACTL,367,0.485108
13,simd-v0,367,0.058390
13,393435,367,0.040536
13,KACTL,368,0.474739
13,simd-v0,368,0.058068
13,393435,368,0.050825
13,ours-406478,368,0.026590
13,simd-v0,369,0.058400
13,393435,369,0.040816
13,ours-406478,369,0.026299
13,KACTL,369,0.475220
13,393435,370,0.040385
13,ours-406478,370,0.026449
13,KACTL,370,0.485008
13,simd-v0,370,0.058419
13,ours-406478,371,0.026460
13,KACTL,371,0.474788
13,simd-v0,371,0.058259
13,393435,371,0.040466
13,KACTL,372,0.484917
13,simd-v0,372,0.058430
13,393435,372,0.040386
13,ours-406478,372,0.026570
13,simd-v0,373,0.058239
13,393435,373,0.040455
13,ours-406478,373,0.026359
13,KACTL,373,0.485579
13,393435,374,0.040596
13,ours-406478,374,0.026510
13,KACTL,374,0.474578
13,simd-v0,374,0.058309
13,ours-406478,375,0.026449
13,KACTL,375,0.485299
13,simd-v0,375,0.060944
13,393435,375,0.040526
13,KACTL,376,0.474839
13,simd-v0,376,0.058168
13,393435,376,0.040636
13,ours-406478,376,0.026480
13,simd-v0,377,0.068929
13,393435,377,0.040435
13,ours-406478,377,0.026470
13,KACTL,377,0.474978
13,393435,378,0.040405
13,ours-406478,378,0.026400
13,KACTL,378,0.485238
13,simd-v0,378,0.058380
13,ours-406478,379,0.026460
13,KACTL,379,0.474779
13,simd-v0,379,0.058289
13,393435,379,0.040526
13,KACTL,380,0.485518
13,simd-v0,380,0.058370
13,393435,380,0.040365
13,ours-406478,380,0.026520
13,simd-v0,381,0.058169
13,393435,381,0.040375
13,ours-406478,381,0.026240
13,KACTL,381,0.485929
13,393435,382,0.040505
13,ours-406478,382,0.026450
13,KACTL,382,0.474468
13,simd-v0,382,0.058389
13,ours-406478,383,0.026439
13,KACTL,383,0.485388
13,simd-v0,383,0.058349
13,393435,383,0.040496
13,KACTL,384,0.474969
13,simd-v0,384,0.058209
13,393435,384,0.040385
13,ours-406478,384,0.026500
13,simd-v0,385,0.058118
13,393435,385,0.051446
13,ours-406478,385,0.026470
13,KACTL,385,0.475831
13,393435,386,0.040416
13,ours-406478,386,0.026430
13,KACTL,386,0.484637
13,simd-v0,386,0.058560
13,ours-406478,387,0.026459
13,KACTL,387,0.475059
13,simd-v0,387,0.058239
13,393435,387,0.040616
13,KACTL,388,0.485128
13,simd-v0,388,0.058480
13,393435,388,0.040415
13,ours-406478,388,0.026450
13,simd-v0,389,0.058139
13,393435,389,0.040395
13,ours-406478,389,0.026259
13,KACTL,389,0.498513
13,393435,390,0.040776
13,ours-406478,390,0.026519
13,KACTL,390,0.475530
13,simd-v0,390,0.058340
13,ours-406478,391,0.026470
13,KACTL,391,0.513341
13,simd-v0,391,0.058380
13,393435,391,0.040836
13,KACTL,392,0.483905
13,simd-v0,392,0.058239
13,393435,392,0.040376
13,ours-406478,392,0.026760
13,simd-v0,393,0.058169
13,393435,393,0.053029
13,ours-406478,393,0.026500
13,KACTL,393,0.475129
13,393435,394,0.040406
13,ours-406478,394,0.026440
13,KACTL,394,0.484887
13,simd-v0,394,0.058339
13,ours-406478,395,0.026489
13,KACTL,395,0.475239
13,simd-v0,395,0.058279
13,393435,395,0.040456
13,KACTL,396,0.485578
13,simd-v0,396,0.058700
13,393435,396,0.040496
13,ours-406478,396,0.026510
13,simd-v0,397,0.058299
13,393435,397,0.040436
13,ours-406478,397,0.026330
13,KACTL,397,0.485007
13,393435,398,0.040706
13,ours-406478,398,0.026399
13,KACTL,398,0.474659
13,simd-v0,398,0.058359
13,ours-406478,399,0.026509
13,KACTL,399,0.485118
13,simd-v0,399,0.059451
13,393435,399,0.040426
13,KACTL,400,0.474849
13,simd-v0,400,0.058179
13,393435,400,0.040416
13,ours-406478,400,0.026499
13,simd-v0,401,0.058149
13,393435,401,0.040346
13,ours-406478,401,0.037019
13,KACTL,401,0.475109
13,393435,402,0.040455
13,ours-406478,402,0.026459
13,KACTL,402,0.484447
13,simd-v0,402,0.058390
13,ours-406478,403,0.026590
13,KACTL,403,0.475119
13,simd-v0,403,0.058238
13,393435,403,0.040505
13,KACTL,404,0.487002
13,simd-v0,404,0.058269
13,393435,404,0.040446
13,ours-406478,404,0.026449
13,simd-v0,405,0.058339
13,393435,405,0.040386
13,ours-406478,405,0.026270
13,KACTL,405,0.475009
13,393435,406,0.059391
13,ours-406478,406,0.030036
13,KACTL,406,0.491830
13,simd-v0,406,0.058459
13,ours-406478,407,0.026569
13,KACTL,407,0.510446
13,simd-v0,407,0.058289
13,393435,407,0.040716
13,KACTL,408,0.477894
13,simd-v0,408,0.058359
13,393435,408,0.040465
13,ours-406478,408,0.026560
13,simd-v0,409,0.058159
13,393435,409,0.040405
13,ours-406478,409,0.037220
13,KACTL,409,0.475230
13,393435,410,0.041228
13,ours-406478,410,0.026440
13,KACTL,410,0.484837
13,simd-v0,410,0.058499
13,ours-406478,411,0.026530
13,KACTL,411,0.475911
13,simd-v0,411,0.058330
13,393435,411,0.040365
13,KACTL,412,0.487392
13,simd-v0,412,0.058389
13,393435,412,0.040466
13,ours-406478,412,0.026470
13,simd-v0,413,0.058219
13,393435,413,0.040455
13,ours-406478,413,0.026399
13,KACTL,413,0.475771
13,393435,414,0.051267
13,ours-406478,414,0.026539
13,KACTL,414,0.474699
13,simd-v0,414,0.058379
13,ours-406478,415,0.026479
13,KACTL,415,0.485538
13,simd-v0,415,0.058339
13,393435,415,0.040496
13,KACTL,416,0.474688
13,simd-v0,416,0.058339
13,393435,416,0.040405
13,ours-406478,416,0.026480
13,simd-v0,417,0.058159
13,393435,417,0.040607
13,ours-406478,417,0.026299
13,KACTL,417,0.485940
13,393435,418,0.040456
13,ours-406478,418,0.026509
13,KACTL,418,0.474879
13,simd-v0,418,0.068849
13,ours-406478,419,0.026430
13,KACTL,419,0.475049
13,simd-v0,419,0.058359
13,393435,419,0.040426
13,KACTL,420,0.485518
13,simd-v0,420,0.058329
13,393435,420,0.040486
13,ours-406478,420,0.026470
13,simd-v0,421,0.057989
13,393435,421,0.040546
13,ours-406478,421,0.026389
13,KACTL,421,0.476211
13,393435,422,0.040406
13,ours-406478,422,0.026470
13,KACTL,422,0.485078
13,simd-v0,422,0.058380
13,ours-406478,423,0.026510
13,KACTL,423,0.484977
13,simd-v0,423,0.058299
13,393435,423,0.040526
13,KACTL,424,0.477584
13,simd-v0,424,0.058620
13,393435,424,0.040415
13,ours-406478,424,0.026470
13,simd-v0,425,0.058118
13,393435,425,0.040335
13,ours-406478,425,0.026369
13,KACTL,425,0.485418
13,393435,426,0.040355
13,ours-406478,426,0.026520
13,KACTL,426,0.474618
13,simd-v0,426,0.058389
13,ours-406478,427,0.037721
13,KACTL,427,0.474939
13,simd-v0,427,0.058349
13,393435,427,0.040516
13,KACTL,428,0.485349
13,simd-v0,428,0.058329
13,393435,428,0.040666
13,ours-406478,428,0.026530
13,simd-v0,429,0.058159
13,393435,429,0.040345
13,ours-406478,429,0.026380
13,KACTL,429,0.475960
13,393435,430,0.040336
13,ours-406478,430,0.026510
13,KACTL,430,0.486050
13,simd-v0,430,0.058449
13,ours-406478,431,0.026500
13,KACTL,431,0.475440
13,simd-v0,431,0.068809
13,393435,431,0.040526
13,KACTL,432,0.475119
13,simd-v0,432,0.058219
13,393435,432,0.040405
13,ours-406478,432,0.026520
13,simd-v0,433,0.058219
13,393435,433,0.040506
13,ours-406478,433,0.026339
13,KACTL,433,0.485819
13,393435,434,0.040375
13,ours-406478,434,0.026560
13,KACTL,434,0.474408
13,simd-v0,434,0.058419
13,ours-406478,435,0.026479
13,KACTL,435,0.486440
13,simd-v0,435,0.058360
13,393435,435,0.040506
13,KACTL,436,0.485829
13,simd-v0,436,0.058269
13,393435,436,0.040346
13,ours-406478,436,0.026620
13,simd-v0,437,0.058149
13,393435,437,0.040366
13,ours-406478,437,0.026299
13,KACTL,437,0.475240
13,393435,438,0.040395
13,ours-406478,438,0.026409
13,KACTL,438,0.485869
13,simd-v0,438,0.058499
13,ours-406478,439,0.026430
13,KACTL,439,0.475930
13,simd-v0,439,0.058410
13,393435,439,0.050925
13,KACTL,440,0.477103
13,simd-v0,440,0.058379
13,393435,440,0.040465
13,ours-406478,440,0.026540
13,simd-v0,441,0.058160
13,393435,441,0.040866
13,ours-406478,441,0.026239
13,KACTL,441,0.485589
13,393435,442,0.040556
13,ours-406478,442,0.026469
13,KACTL,442,0.474698
13,simd-v0,442,0.058359
13,ours-406478,443,0.026459
13,KACTL,443,0.485529
13,simd-v0,443,0.058519
13,393435,443,0.040556
13,KACTL,444,0.474909
13,simd-v0,444,0.068649
13,393435,444,0.040456
13,ours-406478,444,0.026429
13,simd-v0,445,0.058299
13,393435,445,0.040375
13,ours-406478,445,0.026300
13,KACTL,445,0.475710
13,393435,446,0.040476
13,ours-406478,446,0.026440
13,KACTL,446,0.485249
13,simd-v0,446,0.058349
13,ours-406478,447,0.026440
13,KACTL,447,0.475209
13,simd-v0,447,0.058369
13,393435,447,0.040566
13,KACTL,448,0.485228
13,simd-v0,448,0.058390
13,393435,448,0.040455
13,ours-406478,448,0.027311
13,simd-v0,449,0.058159
13,393435,449,0.040396
13,ours-406478,449,0.026289
13,KACTL,449,0.485980
13,393435,450,0.040505
13,ours-406478,450,0.026400
13,KACTL,450,0.474749
13,simd-v0,450,0.058399
13,ours-406478,451,0.026429
13,KACTL,451,0.485177
13,simd-v0,451,0.058269
13,393435,451,0.040456
13,KACTL,452,0.475239
13,simd-v0,452,0.058178
13,393435,452,0.051126
13,ours-406478,452,0.026500
13,simd-v0,453,0.058329
13,393435,453,0.040365
13,ours-406478,453,0.026370
13,KACTL,453,0.475280
13,393435,454,0.040396
13,ours-406478,454,0.026440
13,KACTL,454,0.485028
13,simd-v0,454,0.058369
13,ours-406478,455,0.026540
13,KACTL,455,0.475449
13,simd-v0,455,0.058239
13,393435,455,0.040706
13,KACTL,456,0.487362
13,simd-v0,456,0.058469
13,393435,456,0.040446
13,ours-406478,456,0.026489
13,simd-v0,457,0.058199
13,393435,457,0.040396
13,ours-406478,457,0.026289
13,KACTL,457,0.485349
13,393435,458,0.040546
13,ours-406478,458,0.026419
13,KACTL,458,0.474609
13,simd-v0,458,0.058279
13,ours-406478,459,0.026460
13,KACTL,459,0.497331
13,simd-v0,459,0.058509
13,393435,459,0.040516
13,KACTL,460,0.474889
13,simd-v0,460,0.058359
13,393435,460,0.040446
13,ours-406478,460,0.038322
13,simd-v0,461,0.058460
13,393435,461,0.040465
13,ours-406478,461,0.026439
13,KACTL,461,0.475740
13,393435,462,0.043171
13,ours-406478,462,0.026549
13,KACTL,462,0.485268
13,simd-v0,462,0.058279
13,ours-406478,463,0.026430
13,KACTL,463,0.475860
13,simd-v0,463,0.058319
13,393435,463,0.040456
13,KACTL,464,0.487442
13,simd-v0,464,0.058199
13,393435,464,0.040556
13,ours-406478,464,0.026560
13,simd-v0,465,0.058470
13,393435,465,0.040426
13,ours-406478,465,0.026319
13,KACTL,465,0.485778
13,393435,466,0.040416
13,ours-406478,466,0.026529
13,KACTL,466,0.474789
13,simd-v0,466,0.058379
13,ours-406478,467,0.026429
13,KACTL,467,0.485489
13,simd-v0,467,0.058370
13,393435,467,0.040515
13,KACTL,468,0.475270
13,simd-v0,468,0.058309
13,393435,468,0.040426
13,ours-406478,468,0.026539
13,simd-v0,469,0.068789
13,393435,469,0.040376
13,ours-406478,469,0.026540
13,KACTL,469,0.474879
13,393435,470,0.040315
13,ours-406478,470,0.026550
13,KACTL,470,0.484948
13,simd-v0,470,0.058369
13,ours-406478,471,0.026490
13,KACTL,471,0.475891
13,simd-v0,471,0.058329
13,393435,471,0.040766
13,KACTL,472,0.485108
13,simd-v0,472,0.060924
13,393435,472,0.040446
13,ours-406478,472,0.026570
13,simd-v0,473,0.058299
13,393435,473,0.040335
13,ours-406478,473,0.026380
13,KACTL,473,0.485459
13,393435,474,0.040376
13,ours-406478,474,0.026430
13,KACTL,474,0.474769
13,simd-v0,474,0.058309
13,ours-406478,475,0.026440
13,KACTL,475,0.485268
13,simd-v0,475,0.058320
13,393435,475,0.040436
13,KACTL,476,0.474919
13,simd-v0,476,0.058289
13,393435,476,0.040365
13,ours-406478,476,0.026539
13,simd-v0,477,0.058229
13,393435,477,0.051095
13,ours-406478,477,0.026529
13,KACTL,477,0.475109
13,393435,478,0.040717
13,ours-406478,478,0.026450
13,KACTL,478,0.485188
13,simd-v0,478,0.058409
13,ours-406478,479,0.026430
13,KACTL,479,0.475349
13,simd-v0,479,0.058449
13,393435,479,0.040526
13,KACTL,480,0.486781
13,simd-v0,480,0.058429
13,393435,480,0.040486
13,ours-406478,480,0.026479
13,simd-v0,481,0.058219
13,393435,481,0.040436
13,ours-406478,481,0.026269
13,KACTL,481,0.474718
13,393435,482,0.040366
13,ours-406478,482,0.026470
13,KACTL,482,0.474698
13,simd-v0,482,0.058429
13,ours-406478,483,0.026410
13,KACTL,483,0.485338
13,simd-v0,483,0.058419
13,393435,483,0.040496
13,KACTL,484,0.474788
13,simd-v0,484,0.058219
13,393435,484,0.040376
13,ours-406478,484,0.026510
13,simd-v0,485,0.058269
13,393435,485,0.040395
13,ours-406478,485,0.026259
13,KACTL,485,0.485468
13,393435,486,0.040456
13,ours-406478,486,0.026460
13,KACTL,486,0.485438
13,simd-v0,486,0.058449
13,ours-406478,487,0.026529
13,KACTL,487,0.474919
13,simd-v0,487,0.058329
13,393435,487,0.040515
13,KACTL,488,0.484667
13,simd-v0,488,0.058349
13,393435,488,0.040455
13,ours-406478,488,0.026460
13,simd-v0,489,0.058259
13,393435,489,0.040436
13,ours-406478,489,0.026309
13,KACTL,489,0.475730
13,393435,490,0.040325
13,ours-406478,490,0.036979
13,KACTL,490,0.474809
13,simd-v0,490,0.058309
13,ours-406478,491,0.026490
13,KACTL,491,0.485198
13,simd-v0,491,0.058209
13,393435,491,0.040686
13,KACTL,492,0.475410
13,simd-v0,492,0.058189
13,393435,492,0.040446
13,ours-406478,492,0.026460
13,simd-v0,493,0.058229
13,393435,493,0.040335
13,ours-406478,493,0.026280
13,KACTL,493,0.485628
13,393435,494,0.040476
13,ours-406478,494,0.026450
13,KACTL,494,0.475059
13,simd-v0,494,0.068638
13,ours-406478,495,0.026509
13,KACTL,495,0.474838
13,simd-v0,495,0.058380
13,393435,495,0.040546
13,KACTL,496,0.484988
13,simd-v0,496,0.058399
13,393435,496,0.040426
13,ours-406478,496,0.026470
13,simd-v0,497,0.058420
13,393435,497,0.040416
13,ours-406478,497,0.026199
13,KACTL,497,0.475240
13,393435,498,0.040395
13,ours-406478,498,0.026339
13,KACTL,498,0.485619
13,simd-v0,498,0.058359
13,ours-406478,499,0.026500
13,KACTL,499,0.486130
13,simd-v0,499,0.058259
13,393435,499,0.040416
13,KACTL,500,0.474778
13,simd-v0,500,0.059191
13,393435,500,0.040425
13,ours-406478,500,0.026490
13,simd-v0,501,0.058259
13,393435,501,0.040295
13,ours-406478,501,0.026299
13,KACTL,501,0.485358
13,393435,502,0.040465
13,ours-406478,502,0.026410
13,KACTL,502,0.474748
13,simd-v0,502,0.058420
13,ours-406478,503,0.026430
13,KACTL,503,0.485298
13,simd-v0,503,0.058299
13,393435,503,0.040355
13,KACTL,504,0.484287
13,simd-v0,504,0.058429
13,393435,504,0.040486
13,ours-406478,504,0.026479
13,simd-v0,505,0.058259
13,393435,505,0.040366
13,ours-406478,505,0.029314
13,KACTL,505,0.475970
13,393435,506,0.040346
13,ours-406478,506,0.026310
13,KACTL,506,0.485669
13,simd-v0,506,0.058330
13,ours-406478,507,0.026519
13,KACTL,507,0.475911
13,simd-v0,507,0.068618
13,393435,507,0.040415
13,KACTL,508,0.474448
13,simd-v0,508,0.058319
13,393435,508,0.040365
13,ours-406478,508,0.026470
13,simd-v0,509,0.058259
13,393435,509,0.040386
13,ours-406478,509,0.026260
13,KACTL,509,0.486019
13,393435,510,0.040485
13,ours-406478,510,0.026450
13,KACTL,510,0.474588
13,simd-v0,510,0.058319
13,ours-406478,511,0.026419
13,KACTL,511,0.485649
13,simd-v0,511,0.058320
13,393435,511,0.040385
13,KACTL,512,0.494997
13,simd-v0,512,0.058339
13,393435,512,0.040455
13,ours-406478,512,0.026640
13,simd-v0,513,0.058279
13,393435,513,0.040386
13,ours-406478,513,0.027131
13,KACTL,513,0.476161
13,393435,514,0.040336
13,ours-406478,514,0.026369
13,KACTL,514,0.488064
13,simd-v0,514,0.058219
13,ours-406478,515,0.026499
13,KACTL,515,0.475529
13,simd-v0,515,0.058269
13,393435,515,0.051045
13,KACTL,516,0.474858
13,simd-v0,516,0.058289
13,393435,516,0.040566
13,ours-406478,516,0.026490
13,simd-v0,517,0.058178
13,393435,517,0.040295
13,ours-406478,517,0.026299
13,KACTL,517,0.486521
13,393435,518,0.040526
13,ours-406478,518,0.026539
13,KACTL,518,0.474858
13,simd-v0,518,0.058479
13,ours-406478,519,0.026349
13,KACTL,519,0.512339
13,simd-v0,519,0.058409
13,393435,519,0.040666
13,KACTL,520,0.489125
13,simd-v0,520,0.058339
13,393435,520,0.040576
13,ours-406478,520,0.026870
13,simd-v0,521,0.058250
13,393435,521,0.040316
13,ours-406478,521,0.026349
13,KACTL,521,0.479658
13,393435,522,0.040405
13,ours-406478,522,0.026499
13,KACTL,522,0.485860
13,simd-v0,522,0.058640
13,ours-406478,523,0.026449
13,KACTL,523,0.475490
13,simd-v0,523,0.058510
13,393435,523,0.051286
13,KACTL,524,0.474909
13,simd-v0,524,0.058549
13,393435,524,0.040325
13,ours-406478,524,0.026550
13,simd-v0,525,0.059021
13,393435,525,0.040466
13,ours-406478,525,0.026279
13,KACTL,525,0.486461
13,393435,526,0.040326
13,ours-406478,526,0.026519
13,KACTL,526,0.475630
13,simd-v0,526,0.058269
13,ours-406478,527,0.026379
13,KACTL,527,0.485989
13,simd-v0,527,0.058369
13,393435,527,0.040546
13,KACTL,528,0.475029
13,simd-v0,528,0.068809
13,393435,528,0.040446
13,ours-406478,528,0.026559
13,simd-v0,529,0.058299
13,393435,529,0.040306
13,ours-406478,529,0.026399
13,KACTL,529,0.475621
13,393435,530,0.040355
13,ours-406478,530,0.026479
13,KACTL,530,0.484958
13,simd-v0,530,0.058279
13,ours-406478,531,0.026430
13,KACTL,531,0.475530
13,simd-v0,531,0.058259
13,393435,531,0.040666
13,KACTL,532,0.485488
13,simd-v0,532,0.058309
13,393435,532,0.040516
13,ours-406478,532,0.026579
13,simd-v0,533,0.058249
13,393435,533,0.040335
13,ours-406478,533,0.026339
13,KACTL,533,0.485739
13,393435,534,0.040486
13,ours-406478,534,0.026450
13,KACTL,534,0.474939
13,simd-v0,534,0.058369
13,ours-406478,535,0.026349
13,KACTL,535,0.486400
13,simd-v0,535,0.058419
13,393435,535,0.040526
13,KACTL,536,0.475240
13,simd-v0,536,0.058159
13,393435,536,0.050865
13,ours-406478,536,0.026509
13,simd-v0,537,0.058259
13,393435,537,0.040596
13,ours-406478,537,0.026309
13,KACTL,537,0.478395
13,393435,538,0.041658
13,ours-406478,538,0.026349
13,KACTL,538,0.485098
13,simd-v0,538,0.058369
13,ours-406478,539,0.026440
13,KACTL,539,0.476060
13,simd-v0,539,0.058269
13,393435,539,0.040486
13,KACTL,540,0.485619
13,simd-v0,540,0.058279
13,393435,540,0.040396
13,ours-406478,540,0.026439
13,simd-v0,541,0.058139
13,393435,541,0.040576
13,ours-406478,541,0.026259
13,KACTL,541,0.486190
13,393435,542,0.040485
13,ours-406478,542,0.026409
13,KACTL,542,0.493734
13,simd-v0,542,0.058419
13,ours-406478,543,0.026600
13,KACTL,543,0.487552
13,simd-v0,543,0.058309
13,393435,543,0.040476
13,KACTL,544,0.474919
13,simd-v0,544,0.058289
13,393435,544,0.040506
13,ours-406478,544,0.037040
13,simd-v0,545,0.058148
13,393435,545,0.040385
13,ours-406478,545,0.026399
13,KACTL,545,0.475429
13,393435,546,0.040286
13,ours-406478,546,0.026430
13,KACTL,546,0.485919
13,simd-v0,546,0.058249
13,ours-406478,547,0.026439
13,KACTL,547,0.476231
13,simd-v0,547,0.058208
13,393435,547,0.040425
13,KACTL,548,0.485639
13,simd-v0,548,0.058198
13,393435,548,0.040505
13,ours-406478,548,0.026450
13,simd-v0,549,0.058109
13,393435,549,0.040365
13,ours-406478,549,0.026409
13,KACTL,549,0.486621
13,393435,550,0.040506
13,ours-406478,550,0.026509
13,KACTL,550,0.475249
13,simd-v0,550,0.058310
13,ours-406478,551,0.026329
13,KACTL,551,0.485829
13,simd-v0,551,0.058238
13,393435,551,0.040525
13,KACTL,552,0.474829
13,simd-v0,552,0.058199
13,393435,552,0.040405
13,ours-406478,552,0.026419
13,simd-v0,553,0.068679
13,393435,553,0.040416
13,ours-406478,553,0.026500
13,KACTL,553,0.478536
13,393435,554,0.040355
13,ours-406478,554,0.026490
13,KACTL,554,0.484897
13,simd-v0,554,0.058299
13,ours-406478,555,0.026409
13,KACTL,555,0.475309
13,simd-v0,555,0.058380
13,393435,555,0.040475
13,KACTL,556,0.485468
13,simd-v0,556,0.058300
13,393435,556,0.040546
13,ours-406478,556,0.026539
13,simd-v0,557,0.058149
13,393435,557,0.040296
13,ours-406478,557,0.026379
13,KACTL,557,0.487482
13,393435,558,0.040506
13,ours-406478,558,0.026390
13,KACTL,558,0.474878
13,simd-v0,558,0.058549
13,ours-406478,559,0.026349
13,KACTL,559,0.486140
13,simd-v0,559,0.058369
13,393435,559,0.040546
13,KACTL,560,0.474889
13,simd-v0,560,0.058219
13,393435,560,0.040336
13,ours-406478,560,0.026479
13,simd-v0,561,0.058169
13,393435,561,0.040406
13,ours-406478,561,0.036749
13,KACTL,561,0.475500
13,393435,562,0.040386
13,ours-406478,562,0.026410
13,KACTL,562,0.486390
13,simd-v0,562,0.058320
13,ours-406478,563,0.026449
13,KACTL,563,0.475380
13,simd-v0,563,0.059161
13,393435,563,0.040466
13,KACTL,564,0.485739
13,simd-v0,564,0.058390
13,393435,564,0.040435
13,ours-406478,564,0.026530
13,simd-v0,565,0.058209
13,393435,565,0.040326
13,ours-406478,565,0.026249
13,KACTL,565,0.475400
13,393435,566,0.063178
13,ours-406478,566,0.026610
13,KACTL,566,0.475409
13,simd-v0,566,0.058389
13,ours-406478,567,0.026429
13,KACTL,567,0.487072
13,simd-v0,567,0.058390
13,393435,567,0.040406
13,KACTL,568,0.476081
13,simd-v0,568,0.058249
13,393435,568,0.040426
13,ours-406478,568,0.026469
13,simd-v0,569,0.058199
13,393435,569,0.040376
13,ours-406478,569,0.026269
13,KACTL,569,0.489206
13,393435,570,0.040496
13,ours-406478,570,0.026500
13,KACTL,570,0.484877
13,simd-v0,570,0.058189
13,ours-406478,571,0.026529
13,KACTL,571,0.475209
13,simd-v0,571,0.058249
13,393435,571,0.040365
13,KACTL,572,0.485739
13,simd-v0,572,0.058279
13,393435,572,0.040565
13,ours-406478,572,0.026490
13,simd-v0,573,0.058229
13,393435,573,0.040266
13,ours-406478,573,0.026269
13,KACTL,573,0.476421
13,393435,574,0.040336
13,ours-406478,574,0.037259
13,KACTL,574,0.474488
13,simd-v0,574,0.058299
13,ours-406478,575,0.026450
13,KACTL,575,0.486310
13,simd-v0,575,0.058429
13,393435,575,0.040566
13,KACTL,576,0.477474
13,simd-v0,576,0.058178
13,393435,576,0.040396
13,ours-406478,576,0.026490
13,simd-v0,577,0.058149
13,393435,577,0.040356
13,ours-406478,577,0.026319
13,KACTL,577,0.486531
13,393435,578,0.040285
13,ours-406478,578,0.026469
13,KACTL,578,0.474689
13,simd-v0,578,0.069230
13,ours-406478,579,0.026439
13,KACTL,579,0.475499
13,simd-v0,579,0.058500
13,393435,579,0.040606
13,KACTL,580,0.484817
13,simd-v0,580,0.058220
13,393435,580,0.040547
13,ours-406478,580,0.026559
13,simd-v0,581,0.058179
13,393435,581,0.040315
13,ours-406478,581,0.026299
13,KACTL,581,0.475339
13,393435,582,0.040356
13,ours-406478,582,0.026419
13,KACTL,582,0.485418
13,simd-v0,582,0.058589
13,ours-406478,583,0.026429
13,KACTL,583,0.485709
13,simd-v0,583,0.058259
13,393435,583,0.040616
13,KACTL,584,0.474799
13,simd-v0,584,0.058169
13,393435,584,0.040446
13,ours-406478,584,0.027291
13,simd-v0,585,0.058219
13,393435,585,0.040355
13,ours-406478,585,0.026299
13,KACTL,585,0.487843
13,393435,586,0.040395
13,ours-406478,586,0.026500
13,KACTL,586,0.475640
13,simd-v0,586,0.058379
13,ours-406478,587,0.036809
13,KACTL,587,0.475630
13,simd-v0,587,0.058389
13,393435,587,0.040476
13,KACTL,588,0.485830
13,simd-v0,588,0.058209
13,393435,588,0.040376
13,ours-406478,588,0.026559
13,simd-v0,589,0.058189
13,393435,589,0.040306
13,ours-406478,589,0.026370
13,KACTL,589,0.475840
13,393435,590,0.040336
13,ours-406478,590,0.026460
13,KACTL,590,0.486009
13,simd-v0,590,0.058329
13,ours-406478,591,0.026400
13,KACTL,591,0.476201
13,simd-v0,591,0.068708
13,393435,591,0.040436
13,KACTL,592,0.475289
13,simd-v0,592,0.058239
13,393435,592,0.040256
13,ours-406478,592,0.026590
13,simd-v0,593,0.058991
13,393435,593,0.040285
13,ours-406478,593,0.026320
13,KACTL,593,0.485989
13,393435,594,0.040396
13,ours-406478,594,0.026440
13,KACTL,594,0.475440
13,simd-v0,594,0.058359
13,ours-406478,595,0.026349
13,KACTL,595,0.486481
13,simd-v0,595,0.058359
13,393435,595,0.040456
13,KACTL,596,0.486020
13,simd-v0,596,0.058229
13,393435,596,0.040416
13,ours-406478,596,0.026540
13,simd-v0,597,0.058289
13,393435,597,0.040456
13,ours-406478,597,0.026300
13,KACTL,597,0.475851
13,393435,598,0.040375
13,ours-406478,598,0.026399
13,KACTL,598,0.485870
13,simd-v0,598,0.058349
13,ours-406478,599,0.026460
13,KACTL,599,0.475540
13,simd-v0,599,0.058199
13,393435,599,0.051045
13,KACTL,600,0.474829
13,simd-v0,600,0.058309
13,393435,600,0.040486
13,ours-406478,600,0.026529
13,simd-v0,601,0.058319
13,393435,601,0.040535
13,ours-406478,601,0.026299
13,KACTL,601,0.486340
13,393435,602,0.040416
13,ours-406478,602,0.026410
13,KACTL,602,0.474788
13,simd-v0,602,0.058329
13,ours-406478,603,0.026379
13,KACTL,603,0.485899
13,simd-v0,603,0.058239
13,393435,603,0.040446
13,KACTL,604,0.474839
13,simd-v0,604,0.068909
13,393435,604,0.040546
13,ours-406478,604,0.026530
13,simd-v0,605,0.058239
13,393435,605,0.040486
13,ours-406478,605,0.026239
13,KACTL,605,0.475691
13,393435,606,0.040385
13,ours-406478,606,0.026370
13,KACTL,606,0.485628
13,simd-v0,606,0.058520
13,ours-406478,607,0.026509
13,KACTL,607,0.475731
13,simd-v0,607,0.058309
13,393435,607,0.040436
13,KACTL,608,0.485128
13,simd-v0,608,0.058269
13,393435,608,0.040596
13,ours-406478,608,0.026550
13,simd-v0,609,0.058249
13,393435,609,0.040446
13,ours-406478,609,0.026309
13,KACTL,609,0.487693
13,393435,610,0.040345
13,ours-406478,610,0.026500
13,KACTL,610,0.474488
13,simd-v0,610,0.059210
13,ours-406478,611,0.026500
13,KACTL,611,0.486120
13,simd-v0,611,0.058329
13,393435,611,0.040525
13,KACTL,612,0.475440
13,simd-v0,612,0.058229
13,393435,612,0.051025
13,ours-406478,612,0.026509
13,simd-v0,613,0.058229
13,393435,613,0.040345
13,ours-406478,613,0.026329
13,KACTL,613,0.475630
13,393435,614,0.040516
13,ours-406478,614,0.026470
13,KACTL,614,0.486019
13,simd-v0,614,0.058249
13,ours-406478,615,0.026390
13,KACTL,615,0.475941
13,simd-v0,615,0.058240
13,393435,615,0.040546
13,KACTL,616,0.486951
13,simd-v0,616,0.058278
13,393435,616,0.040526
13,ours-406478,616,0.026540
13,simd-v0,617,0.058219
13,393435,617,0.040436
13,ours-406478,617,0.026290
13,KACTL,617,0.486351
13,393435,618,0.040436
13,ours-406478,618,0.026499
13,KACTL,618,0.477413
13,simd-v0,618,0.058359
13,ours-406478,619,0.026379
13,KACTL,619,0.499284
13,simd-v0,619,0.058340
13,393435,619,0.040586
13,KACTL,620,0.475219
13,simd-v0,620,0.058218
13,393435,620,0.040336
13,ours-406478,620,0.026509
13,simd-v0,621,0.058309
13,393435,621,0.040525
13,ours-406478,621,0.026289
13,KACTL,621,0.475389
13,393435,622,0.040456
13,ours-406478,622,0.026310
13,KACTL,622,0.485608
13,simd-v0,622,0.058289
13,ours-406478,623,0.026440
13,KACTL,623,0.475299
13,simd-v0,623,0.058299
13,393435,623,0.040466
13,KACTL,624,0.485168
13,simd-v0,624,0.058360
13,393435,624,0.040395
13,ours-406478,624,0.026450
13,simd-v0,625,0.058189
13,393435,625,0.040385
13,ours-406478,625,0.026319
13,KACTL,625,0.487252
13,393435,626,0.040416
13,ours-406478,626,0.026449
13,KACTL,626,0.475180
13,simd-v0,626,0.058389
13,ours-406478,627,0.026349
13,KACTL,627,0.485920
13,simd-v0,627,0.058269
13,393435,627,0.040476
13,KACTL,628,0.475059
13,simd-v0,628,0.058199
13,393435,628,0.040266
13,ours-406478,628,0.026489
13,simd-v0,629,0.069269
13,393435,629,0.040546
13,ours-406478,629,0.026409
13,KACTL,629,0.475700
13,393435,630,0.040405
13,ours-406478,630,0.026390
13,KACTL,630,0.484837
13,simd-v0,630,0.058599
13,ours-406478,631,0.026549
13,KACTL,631,0.475180
13,simd-v0,631,0.058209
13,393435,631,0.040485
13,KACTL,632,0.486561
13,simd-v0,632,0.058239
13,393435,632,0.040446
13,ours-406478,632,0.026499
13,simd-v0,633,0.058149
13,393435,633,0.040396
13,ours-406478,633,0.026259
13,KACTL,633,0.486802
13,393435,634,0.040446
13,ours-406478,634,0.026409
13,KACTL,634,0.477604
13,simd-v0,634,0.059452
13,ours-406478,635,0.026479
13,KACTL,635,0.486641
13,simd-v0,635,0.058329
13,393435,635,0.040476
13,KACTL,636,0.474939
13,simd-v0,636,0.058179
13,393435,636,0.040386
13,ours-406478,636,0.026500
13,simd-v0,637,0.058298
13,393435,637,0.051096
13,ours-406478,637,0.026419
13,KACTL,637,0.475541
13,393435,638,0.040395
13,ours-406478,638,0.026339
13,KACTL,638,0.485589
13,simd-v0,638,0.058389
13,ours-406478,639,0.026469
13,KACTL,639,0.475200
13,simd-v0,639,0.058429
13,393435,639,0.040386
13,KACTL,640,0.485919
13,simd-v0,640,0.058289
13,393435,640,0.040476
13,ours-406478,640,0.026490
13,simd-v0,641,0.058289
13,393435,641,0.040405
13,ours-406478,641,0.026239
13,KACTL,641,0.485719
13,393435,642,0.040465
13,ours-406478,642,0.026470
13,KACTL,642,0.474488
13,simd-v0,642,0.058430
13,ours-406478,643,0.026439
13,KACTL,643,0.486190
13,simd-v0,643,0.058300
13,393435,643,0.040485
13,KACTL,644,0.475038
13,simd-v0,644,0.058490
13,393435,644,0.041187
13,ours-406478,644,0.026459
13,simd-v0,645,0.058309
13,393435,645,0.040385
13,ours-406478,645,0.026260
13,KACTL,645,0.486099
13,393435,646,0.040446
13,ours-406478,646,0.026479
13,KACTL,646,0.485459
13,simd-v0,646,0.058419
13,ours-406478,647,0.026460
13,KACTL,647,0.475851
13,simd-v0,647,0.058249
13,393435,647,0.040596
13,KACTL,648,0.487924
13,simd-v0,648,0.058199
13,393435,648,0.040396
13,ours-406478,648,0.026569
13,simd-v0,649,0.058179
13,393435,649,0.040245
13,ours-406478,649,0.026329
13,KACTL,649,0.475660
13,393435,650,0.050835
13,ours-406478,650,0.026490
13,KACTL,650,0.477313
13,simd-v0,650,0.058479
13,ours-406478,651,0.026419
13,KACTL,651,0.485469
13,simd-v0,651,0.058330
13,393435,651,0.040526
13,KACTL,652,0.474498
13,simd-v0,652,0.058399
13,393435,652,0.040325
13,ours-406478,652,0.026520
13,simd-v0,653,0.058299
13,393435,653,0.040265
13,ours-406478,653,0.026359
13,KACTL,653,0.486250
13,393435,654,0.040325
13,ours-406478,654,0.026510
13,KACTL,654,0.475630
13,simd-v0,654,0.068759
13,ours-406478,655,0.026410
13,KACTL,655,0.475210
13,simd-v0,655,0.058319
13,393435,655,0.040486
13,KACTL,656,0.485999
13,simd-v0,656,0.058339
13,393435,656,0.040395
13,ours-406478,656,0.026580
13,simd-v0,657,0.058249
13,393435,657,0.040255
13,ours-406478,657,0.026259
13,KACTL,657,0.475751
13,393435,658,0.040375
13,ours-406478,658,0.026479
13,KACTL,658,0.485308
13,simd-v0,658,0.058450
13,ours-406478,659,0.026450
13,KACTL,659,0.485188
13,simd-v0,659,0.058239
13,393435,659,0.040496
13,KACTL,660,0.474458
13,simd-v0,660,0.058168
13,393435,660,0.040295
13,ours-406478,660,0.026540
13,simd-v0,661,0.058249
13,393435,661,0.040285
13,ours-406478,661,0.026339
13,KACTL,661,0.486060
13,393435,662,0.040526
13,ours-406478,662,0.026439
13,KACTL,662,0.474779
13,simd-v0,662,0.058349
13,ours-406478,663,0.036839
13,KACTL,663,0.475389
13,simd-v0,663,0.058350
13,393435,663,0.040516
13,KACTL,664,0.484847
13,simd-v0,664,0.058269
13,393435,664,0.040376
13,ours-406478,664,0.026559
13,simd-v0,665,0.058189
13,393435,665,0.040415
13,ours-406478,665,0.026209
13,KACTL,665,0.475319
13,393435,666,0.040445
13,ours-406478,666,0.026339
13,KACTL,666,0.487572
13,simd-v0,666,0.058339
13,ours-406478,667,0.026520
13,KACTL,667,0.476262
13,simd-v0,667,0.068719
13,393435,667,0.040626
13,KACTL,668,0.475399
13,simd-v0,668,0.058239
13,393435,668,0.040326
13,ours-406478,668,0.026540
13,simd-v0,669,0.058309
13,393435,669,0.040406
13,ours-406478,669,0.026270
13,KACTL,669,0.486561
13,393435,670,0.040456
13,ours-406478,670,0.026449
13,KACTL,670,0.475009
13,simd-v0,670,0.058420
13,ours-406478,671,0.026339
13,KACTL,671,0.485949
13,simd-v0,671,0.058258
13,393435,671,0.040455
13,KACTL,672,0.496139
13,simd-v0,672,0.058559
13,393435,672,0.040997
13,ours-406478,672,0.026470
13,simd-v0,673,0.058138
13,393435,673,0.040345
13,ours-406478,673,0.026249
13,KACTL,673,0.475530
13,393435,674,0.040546
13,ours-406478,674,0.026360
13,KACTL,674,0.493063
13,simd-v0,674,0.058309
13,ours-406478,675,0.026590
13,KACTL,675,0.475770
13,simd-v0,675,0.058279
13,393435,675,0.040536
13,KACTL,676,0.474959
13,simd-v0,676,0.058168
13,393435,676,0.040406
13,ours-406478,676,0.026440
13,simd-v0,677,0.058149
13,393435,677,0.040345
13,ours-406478,677,0.026340
13,KACTL,677,0.486931
13,393435,678,0.040716
13,ours-406478,678,0.026460
13,KACTL,678,0.474838
13,simd-v0,678,0.058389
13,ours-406478,679,0.026419
13,KACTL,679,0.485829
13,simd-v0,679,0.058269
13,393435,679,0.040566
13,KACTL,680,0.475049
13,simd-v0,680,0.068558
13,393435,680,0.040445
13,ours-406478,680,0.026540
13,simd-v0,681,0.058138
13,393435,681,0.040265
13,ours-406478,681,0.026329
13,KACTL,681,0.476071
13,393435,682,0.040346
13,ours-406478,682,0.026480
13,KACTL,682,0.499164
13,simd-v0,682,0.068799
13,ours-406478,683,0.026619
13,KACTL,683,0.475440
13,simd-v0,683,0.058390
13,393435,683,0.052368
13,KACTL,684,0.474749
13,simd-v0,684,0.058289
13,393435,684,0.040486
13,ours-406478,684,0.026460
13,simd-v0,685,0.058139
13,393435,685,0.040365
13,ours-406478,685,0.026249
13,KACTL,685,0.486290
13,393435,686,0.040516
13,ours-406478,686,0.026429
13,KACTL,686,0.474849
13,simd-v0,686,0.058289
13,ours-406478,687,0.026370
13,KACTL,687,0.485669
13,simd-v0,687,0.058279
13,393435,687,0.040486
13,KACTL,688,0.475670
13,simd-v0,688,0.068588
13,393435,688,0.040516
13,ours-406478,688,0.026500
13,simd-v0,689,0.058429
13,393435,689,0.040285
13,ours-406478,689,0.026289
13,KACTL,689,0.475660
13,393435,690,0.040486
13,ours-406478,690,0.026360
13,KACTL,690,0.485699
13,simd-v0,690,0.058300
13,ours-406478,691,0.026530
13,KACTL,691,0.475920
13,simd-v0,691,0.058269
13,393435,691,0.040486
13,KACTL,692,0.485348
13,simd-v0,692,0.058229
13,393435,692,0.040475
13,ours-406478,692,0.026480
13,simd-v0,693,0.058199
13,393435,693,0.040295
13,ours-406478,693,0.026249
13,KACTL,693,0.486039
13,393435,694,0.040556
13,ours-406478,694,0.026530
13,KACTL,694,0.474989
13,simd-v0,694,0.058419
13,ours-406478,695,0.027241
13,KACTL,695,0.486471
13,simd-v0,695,0.058510
13,393435,695,0.040415
13,KACTL,696,0.475059
13,simd-v0,696,0.058229
13,393435,696,0.050705
13,ours-406478,696,0.026449
13,simd-v0,697,0.058299
13,393435,697,0.040406
13,ours-406478,697,0.026310
13,KACTL,697,0.475850
13,393435,698,0.040356
13,ours-406478,698,0.026440
13,KACTL,698,0.485278
13,simd-v0,698,0.058430
13,ours-406478,699,0.026479
13,KACTL,699,0.478075
13,simd-v0,699,0.058339
13,393435,699,0.041198
13,KACTL,700,0.485368
13,simd-v0,700,0.058329
13,393435,700,0.040446
13,ours-406478,700,0.026489
13,simd-v0,701,0.058089
13,393435,701,0.040296
13,ours-406478,701,0.026349
13,KACTL,701,0.486240
13,393435,702,0.040355
13,ours-406478,702,0.026580
13,KACTL,702,0.475009
13,simd-v0,702,0.058349
13,ours-406478,703,0.026309
13,KACTL,703,0.485950
13,simd-v0,703,0.058279
13,393435,703,0.040625
13,KACTL,704,0.475199
13,simd-v0,704,0.058079
13,393435,704,0.040445
13,ours-406478,704,0.026470
13,simd-v0,705,0.058309
13,393435,705,0.040426
13,ours-406478,705,0.026520
13,KACTL,705,0.475701
13,393435,706,0.040445
13,ours-406478,706,0.026439
13,KACTL,706,0.485018
13,simd-v0,706,0.058329
13,ours-406478,707,0.026409
13,KACTL,707,0.475400
13,simd-v0,707,0.058279
13,393435,707,0.040616
13,KACTL,708,0.485469
13,simd-v0,708,0.058109
13,393435,708,0.040496
13,ours-406478,708,0.026559
13,simd-v0,709,0.058229
13,393435,709,0.040736
13,ours-406478,709,0.026370
13,KACTL,709,0.486981
13,393435,710,0.040405
13,ours-406478,710,0.026570
13,KACTL,710,0.474828
13,simd-v0,710,0.058560
13,ours-406478,711,0.026379
13,KACTL,711,0.487282
13,simd-v0,711,0.058499
13,393435,711,0.040456
13,KACTL,712,0.474768
13,simd-v0,712,0.058249
13,393435,712,0.040316
13,ours-406478,712,0.026519
13,simd-v0,713,0.068748
13,393435,713,0.040365
13,ours-406478,713,0.026469
13,KACTL,713,0.475310
13,393435,714,0.040285
13,ours-406478,714,0.026410
13,KACTL,714,0.486330
13,simd-v0,714,0.058319
13,ours-406478,715,0.026409
13,KACTL,715,0.477875
13,simd-v0,715,0.058269
13,393435,715,0.040465
13,KACTL,716,0.485678
13,simd-v0,716,0.058189
13,393435,716,0.040375
13,ours-406478,716,0.026590
13,simd-v0,717,0.058329
13,393435,717,0.040286
13,ours-406478,717,0.026290
13,KACTL,717,0.488505
13,393435,718,0.040455
13,ours-406478,718,0.026499
13,KACTL,718,0.474829
13,simd-v0,718,0.058329
13,ours-406478,719,0.026379
13,KACTL,719,0.487172
13,simd-v0,719,0.058330
13,393435,719,0.040536
13,KACTL,720,0.475269
13,simd-v0,720,0.058319
13,393435,720,0.040295
13,ours-406478,720,0.026560
13,simd-v0,721,0.058249
13,393435,721,0.040436
13,ours-406478,721,0.037069
13,KACTL,721,0.475871
13,393435,722,0.040476
13,ours-406478,722,0.026340
13,KACTL,722,0.485067
13,simd-v0,722,0.058690
13,ours-406478,723,0.026459
13,KACTL,723,0.475610
13,simd-v0,723,0.058229
13,393435,723,0.040416
13,KACTL,724,0.485579
13,simd-v0,724,0.058229
13,393435,724,0.040445
13,ours-406478,724,0.026470
13,simd-v0,725,0.058259
13,393435,725,0.040375
13,ours-406478,725,0.026259
13,KACTL,725,0.476482
13,393435,726,0.062887
13,ours-406478,726,0.026540
13,KACTL,726,0.475320
13,simd-v0,726,0.058309
13,ours-406478,727,0.026469
13,KACTL,727,0.487693
13,simd-v0,727,0.058330
13,393435,727,0.040435
13,KACTL,728,0.474658
13,simd-v0,728,0.058209
13,393435,728,0.040425
13,ours-406478,728,0.026429
13,simd-v0,729,0.058880
13,393435,729,0.040456
13,ours-406478,729,0.026249
13,KACTL,729,0.486019
13,393435,730,0.040456
13,ours-406478,730,0.026549
13,KACTL,730,0.485047
13,simd-v0,730,0.058380
13,ours-406478,731,0.026530
13,KACTL,731,0.478125
13,simd-v0,731,0.058299
13,393435,731,0.040686
13,KACTL,732,0.485829
13,simd-v0,732,0.058199
13,393435,732,0.040446
13,ours-406478,732,0.026579
13,simd-v0,733,0.058259
13,393435,733,0.040395
13,ours-406478,733,0.026369
13,KACTL,733,0.475550
13,393435,734,0.040296
13,ours-406478,734,0.037270
13,KACTL,734,0.474729
13,simd-v0,734,0.058520
13,ours-406478,735,0.026319
13,KACTL,735,0.486450
13,simd-v0,735,0.058319
13,393435,735,0.040536
13,KACTL,736,0.474538
13,simd-v0,736,0.058159
13,393435,736,0.040686
13,ours-406478,736,0.026590
13,simd-v0,737,0.058139
13,393435,737,0.040396
13,ours-406478,737,0.027161
13,KACTL,737,0.485889
13,393435,738,0.040336
13,ours-406478,738,0.026499
13,KACTL,738,0.475340
13,simd-v0,738,0.068869
13,ours-406478,739,0.026380
13,KACTL,739,0.475419
13,simd-v0,739,0.058359
13,393435,739,0.040436
13,KACTL,740,0.485087
13,simd-v0,740,0.058229
13,393435,740,0.040355
13,ours-406478,740,0.026550
13,simd-v0,741,0.058540
13,393435,741,0.040335
13,ours-406478,741,0.026269
13,KACTL,741,0.475299
13,393435,742,0.040316
13,ours-406478,742,0.026420
13,KACTL,742,0.485879
13,simd-v0,742,0.058379
13,ours-406478,743,0.026399
13,KACTL,743,0.486150
13,simd-v0,743,0.058339
13,393435,743,0.040466
13,KACTL,744,0.474929
13,simd-v0,744,0.058269
13,393435,744,0.040256
13,ours-406478,744,0.026519
13,simd-v0,745,0.058148
13,393435,745,0.040255
13,ours-406478,745,0.026339
13,KACTL,745,0.485999
13,393435,746,0.040366
13,ours-406478,746,0.026440
13,KACTL,746,0.475019
13,simd-v0,746,0.058509
13,ours-406478,747,0.036609
13,KACTL,747,0.477684
13,simd-v0,747,0.059151
13,393435,747,0.040506
13,KACTL,748,0.485268
13,simd-v0,748,0.058219
13,393435,748,0.040505
13,ours-406478,748,0.026539
13,simd-v0,749,0.058209
13,393435,749,0.040376
13,ours-406478,749,0.026240
13,KACTL,749,0.475630
13,393435,750,0.040415
13,ours-406478,750,0.026349
13,KACTL,750,0.485358
13,simd-v0,750,0.058329
13,ours-406478,751,0.026380
13,KACTL,751,0.475770
13,simd-v0,751,0.068849
13,393435,751,0.040536
13,KACTL,752,0.474718
13,simd-v0,752,0.058409
13,393435,752,0.040306
13,ours-406478,752,0.026509
13,simd-v0,753,0.058219
13,393435,753,0.040486
13,ours-406478,753,0.026280
13,KACTL,753,0.486300
13,393435,754,0.040456
13,ours-406478,754,0.026429
13,KACTL,754,0.474669
13,simd-v0,754,0.058700
13,ours-406478,755,0.026339
13,KACTL,755,0.485919
13,simd-v0,755,0.058329
13,393435,755,0.040506
13,KACTL,756,0.484717
13,simd-v0,756,0.058419
13,393435,756,0.040606
13,ours-406478,756,0.026449
13,simd-v0,757,0.058199
13,393435,757,0.040355
13,ours-406478,757,0.026619
13,KACTL,757,0.475370
13,393435,758,0.040376
13,ours-406478,758,0.026349
13,KACTL,758,0.485499
13,simd-v0,758,0.058359
13,ours-406478,759,0.026419
13,KACTL,759,0.475721
13,simd-v0,759,0.058390
13,393435,759,0.050995
13,KACTL,760,0.475189
13,simd-v0,760,0.058590
13,393435,760,0.040395
13,ours-406478,760,0.026440
13,simd-v0,761,0.058280
13,393435,761,0.040396
13,ours-406478,761,0.026299
13,KACTL,761,0.485889
13,393435,762,0.040676
13,ours-406478,762,0.026459
13,KACTL,762,0.474708
13,simd-v0,762,0.058490
13,ours-406478,763,0.026370
13,KACTL,763,0.487542
13,simd-v0,763,0.058339
13,393435,763,0.040505
13,KACTL,764,0.475740
13,simd-v0,764,0.068668
13,393435,764,0.040455
13,ours-406478,764,0.026440
13,simd-v0,765,0.058239
13,393435,765,0.040516
13,ours-406478,765,0.026279
13,KACTL,765,0.515344
13,393435,766,0.041128
13,ours-406478,766,0.026580
13,KACTL,766,0.486791
13,simd-v0,766,0.058510
13,ours-406478,767,0.026419
13,KACTL,767,0.475650
13,simd-v0,767,0.058269
13,393435,767,0.052007
13,KACTL,768,0.475199
13,simd-v0,768,0.058299
13,393435,768,0.040326
13,ours-406478,768,0.026499
13,simd-v0,769,0.058169
13,393435,769,0.040346
13,ours-406478,769,0.026229
13,KACTL,769,0.487192
13,393435,770,0.040455
13,ours-406478,770,0.026410
13,KACTL,770,0.474749
13,simd-v0,770,0.058700
13,ours-406478,771,0.026339
13,KACTL,771,0.485980
13,simd-v0,771,0.058359
13,393435,771,0.040575
13,KACTL,772,0.474719
13,simd-v0,772,0.069189
13,393435,772,0.040465
13,ours-406478,772,0.026460
13,simd-v0,773,0.058148
13,393435,773,0.040215
13,ours-406478,773,0.026430
13,KACTL,773,0.475680
13,393435,774,0.040376
13,ours-406478,774,0.026389
13,KACTL,774,0.485318
13,simd-v0,774,0.058409
13,ours-406478,775,0.026509
13,KACTL,775,0.475509
13,simd-v0,775,0.058309
13,393435,775,0.040415
13,KACTL,776,0.487102
13,simd-v0,776,0.058299
13,393435,776,0.040456
13,ours-406478,776,0.026489
13,simd-v0,777,0.058239
13,393435,777,0.040445
13,ours-406478,777,0.026229
13,KACTL,777,0.486831
13,393435,778,0.040466
13,ours-406478,778,0.026489
13,KACTL,778,0.474789
13,simd-v0,778,0.058390
13,ours-406478,779,0.026400
13,KACTL,779,0.499344
13,simd-v0,779,0.061004
13,393435,779,0.040997
13,KACTL,780,0.474979
13,simd-v0,780,0.058299
13,393435,780,0.051536
13,ours-406478,780,0.026580
13,simd-v0,781,0.058319
13,393435,781,0.040246
13,ours-406478,781,0.026369
13,KACTL,781,0.475459
13,393435,782,0.040306
13,ours-406478,782,0.026469
13,KACTL,782,0.486521
13,simd-v0,782,0.058520
13,ours-406478,783,0.026510
13,KACTL,783,0.475089
13,simd-v0,783,0.058238
13,393435,783,0.040646
13,KACTL,784,0.486300
13,simd-v0,784,0.058310
13,393435,784,0.040356
13,ours-406478,784,0.026539
13,simd-v0,785,0.058269
13,393435,785,0.040315
13,ours-406478,785,0.026279
13,KACTL,785,0.486010
13,393435,786,0.040416
13,ours-406478,786,0.026439
13,KACTL,786,0.489586
13,simd-v0,786,0.058650
13,ours-406478,787,0.026550
13,KACTL,787,0.506658
13,simd-v0,787,0.058319
13,393435,787,0.040786
13,KACTL,788,0.509533
13,simd-v0,788,0.070382
13,393435,788,0.040957
13,ours-406478,788,0.026820
13,simd-v0,789,0.058209
13,393435,789,0.040466
13,ours-406478,789,0.026230
13,KACTL,789,0.475690
13,393435,790,0.040436
13,ours-406478,790,0.026369
13,KACTL,790,0.486510
13,simd-v0,790,0.058289
13,ours-406478,791,0.026510
13,KACTL,791,0.475079
13,simd-v0,791,0.058429
13,393435,791,0.040516
13,KACTL,792,0.485348
13,simd-v0,792,0.058289
13,393435,792,0.040476
13,ours-406478,792,0.026500
13,simd-v0,793,0.058219
13,393435,793,0.040355
13,ours-406478,793,0.026270
13,KACTL,793,0.487512
13,393435,794,0.040505
13,ours-406478,794,0.026410
13,KACTL,794,0.475069
13,simd-v0,794,0.058479
13,ours-406478,795,0.026450
13,KACTL,795,0.485949
13,simd-v0,795,0.061234
13,393435,795,0.040476
13,KACTL,796,0.474678
13,simd-v0,796,0.058299
13,393435,796,0.050906
13,ours-406478,796,0.026499
13,simd-v0,797,0.058439
13,393435,797,0.040455
13,ours-406478,797,0.026340
13,KACTL,797,0.475711
13,393435,798,0.040596
13,ours-406478,798,0.026360
13,KACTL,798,0.485278
13,simd-v0,798,0.058329
13,ours-406478,799,0.026479
13,KACTL,799,0.475290
13,simd-v0,799,0.058239
13,393435,799,0.040375
13,KACTL,800,0.485379
13,simd-v0,800,0.058370
13,393435,800,0.040475
13,ours-406478,800,0.026500
13,simd-v0,801,0.058129
13,393435,801,0.040425
13,ours-406478,801,0.026389
13,KACTL,801,0.485930
13,393435,802,0.040476
13,ours-406478,802,0.026500
13,KACTL,802,0.474588
13,simd-v0,802,0.058439
13,ours-406478,803,0.026470
13,KACTL,803,0.494876
13,simd-v0,803,0.060082
13,393435,803,0.040797
13,KACTL,804,0.475340
13,simd-v0,804,0.058319
13,393435,804,0.040395
13,ours-406478,804,0.026580
13,simd-v0,805,0.070122
13,393435,805,0.040335
13,ours-406478,805,0.026540
13,KACTL,805,0.475820
13,393435,806,0.040346
13,ours-406478,806,0.028103
13,KACTL,806,0.495457
13,simd-v0,806,0.058379
13,ours-406478,807,0.026440
13,KACTL,807,0.475570
13,simd-v0,807,0.058309
13,393435,807,0.040527
13,KACTL,808,0.485519
13,simd-v0,808,0.058188
13,393435,808,0.040325
13,ours-406478,808,0.026510
13,simd-v0,809,0.061044
13,393435,809,0.040456
13,ours-406478,809,0.026280
13,KACTL,809,0.486871
13,393435,810,0.040446
13,ours-406478,810,0.026450
13,KACTL,810,0.506308
13,simd-v0,810,0.058440
13,ours-406478,811,0.026570
13,KACTL,811,0.488385
13,simd-v0,811,0.058349
13,393435,811,0.043431
13,KACTL,812,0.475250
13,simd-v0,812,0.058109
13,393435,812,0.040425
13,ours-406478,812,0.026530
13,simd-v0,813,0.068868
13,393435,813,0.040356
13,ours-406478,813,0.026490
13,KACTL,813,0.475600
13,393435,814,0.040416
13,ours-406478,814,0.026460
13,KACTL,814,0.487242
13,simd-v0,814,0.058290
13,ours-406478,815,0.026439
13,KACTL,815,0.475620
13,simd-v0,815,0.058690
13,393435,815,0.040636
13,KACTL,816,0.488254
13,simd-v0,816,0.058239
13,393435,816,0.040536
13,ours-406478,816,0.026529
13,simd-v0,817,0.058219
13,393435,817,0.040405
13,ours-406478,817,0.026189
13,KACTL,817,0.487292
13,393435,818,0.040446
13,ours-406478,818,0.026439
13,KACTL,818,0.475881
13,simd-v0,818,0.058399
13,ours-406478,819,0.026449
13,KACTL,819,0.488995
13,simd-v0,819,0.058400
13,393435,819,0.040505
13,KACTL,820,0.475089
13,simd-v0,820,0.058169
13,393435,820,0.040516
13,ours-406478,820,0.026449
13,simd-v0,821,0.068949
13,393435,821,0.040456
13,ours-406478,821,0.026499
13,KACTL,821,0.475840
13,393435,822,0.040396
13,ours-406478,822,0.026370
13,KACTL,822,0.484927
13,simd-v0,822,0.058349
13,ours-406478,823,0.026469
13,KACTL,823,0.475410
13,simd-v0,823,0.058119
13,393435,823,0.041207
13,KACTL,824,0.486120
13,simd-v0,824,0.058239
13,393435,824,0.040506
13,ours-406478,824,0.026469
13,simd-v0,825,0.058279
13,393435,825,0.040375
13,ours-406478,825,0.026299
13,KACTL,825,0.485869
13,393435,826,0.040485
13,ours-406478,826,0.026490
13,KACTL,826,0.474849
13,simd-v0,826,0.058419
13,ours-406478,827,0.026399
13,KACTL,827,0.486491
13,simd-v0,827,0.058329
13,393435,827,0.040426
13,KACTL,828,0.477213
13,simd-v0,828,0.058159
13,393435,828,0.040376
13,ours-406478,828,0.027191
13,simd-v0,829,0.058249
13,393435,829,0.050915
13,ours-406478,829,0.026430
13,KACTL,829,0.475630
13,393435,830,0.040415
13,ours-406478,830,0.026379
13,KACTL,830,0.485368
13,simd-v0,830,0.058450
13,ours-406478,831,0.026399
13,KACTL,831,0.475410
13,simd-v0,831,0.058289
13,393435,831,0.040426
13,KACTL,832,0.498552
13,simd-v0,832,0.058349
13,393435,832,0.040426
13,ours-406478,832,0.026570
13,simd-v0,833,0.058370
13,393435,833,0.040296
13,ours-406478,833,0.026339
13,KACTL,833,0.475690
13,393435,834,0.052317
13,ours-406478,834,0.026399
13,KACTL,834,0.475160
13,simd-v0,834,0.058279
13,ours-406478,835,0.026289
13,KACTL,835,0.486871
13,simd-v0,835,0.058239
13,393435,835,0.040596
13,KACTL,836,0.474959
13,simd-v0,836,0.058149
13,393435,836,0.040286
13,ours-406478,836,0.026600
13,simd-v0,837,0.058239
13,393435,837,0.040275
13,ours-406478,837,0.026299
13,KACTL,837,0.487312
13,393435,838,0.040396
13,ours-406478,838,0.026500
13,KACTL,838,0.484627
13,simd-v0,838,0.058449
13,ours-406478,839,0.026429
13,KACTL,839,0.475590
13,simd-v0,839,0.058249
13,393435,839,0.040465
13,KACTL,840,0.486159
13,simd-v0,840,0.058219
13,393435,840,0.040516
13,ours-406478,840,0.026540
13,simd-v0,841,0.058220
13,393435,841,0.040386
13,ours-406478,841,0.026269
13,KACTL,841,0.475360
13,393435,842,0.040305
13,ours-406478,842,0.037800
13,KACTL,842,0.475059
13,simd-v0,842,0.058400
13,ours-406478,843,0.026369
13,KACTL,843,0.485418
13,simd-v0,843,0.058399
13,393435,843,0.040496
13,KACTL,844,0.477554
13,simd-v0,844,0.058189
13,393435,844,0.040345
13,ours-406478,844,0.026550
13,simd-v0,845,0.058159
13,393435,845,0.040315
13,ours-406478,845,0.026269
13,KACTL,845,0.486099
13,393435,846,0.040456
13,ours-406478,846,0.026459
13,KACTL,846,0.475109
13,simd-v0,846,0.068818
13,ours-406478,847,0.026439
13,KACTL,847,0.475510
13,simd-v0,847,0.058240
13,393435,847,0.040605
13,KACTL,848,0.485388
13,simd-v0,848,0.058320
13,393435,848,0.040465
13,ours-406478,848,0.026550
13,simd-v0,849,0.058179
13,393435,849,0.040325
13,ours-406478,849,0.026279
13,KACTL,849,0.475610
13,393435,850,0.040335
13,ours-406478,850,0.026369
13,KACTL,850,0.485108
13,simd-v0,850,0.058319
13,ours-406478,851,0.026419
13,KACTL,851,0.485468
13,simd-v0,851,0.058309
13,393435,851,0.040496
13,KACTL,852,0.474888
13,simd-v0,852,0.058189
13,393435,852,0.040376
13,ours-406478,852,0.026450
13,simd-v0,853,0.058169
13,393435,853,0.040435
13,ours-406478,853,0.026279
13,KACTL,853,0.485929
13,393435,854,0.040445
13,ours-406478,854,0.026450
13,KACTL,854,0.475109
13,simd-v0,854,0.058259
13,ours-406478,855,0.046898
13,KACTL,855,0.498773
13,simd-v0,855,0.058429
13,393435,855,0.040757
13,KACTL,856,0.487212
13,simd-v0,856,0.058279
13,393435,856,0.040606
13,ours-406478,856,0.026790
13,simd-v0,857,0.058209
13,393435,857,0.040296
13,ours-406478,857,0.026289
13,KACTL,857,0.475801
13,393435,858,0.040596
13,ours-406478,858,0.026400
13,KACTL,858,0.485949
13,simd-v0,858,0.058439
13,ours-406478,859,0.026449
13,KACTL,859,0.485758
13,simd-v0,859,0.059141
13,393435,859,0.040516
13,KACTL,860,0.478525
13,simd-v0,860,0.058650
13,393435,860,0.040536
13,ours-406478,860,0.026509
13,simd-v0,861,0.058169
13,393435,861,0.040305
13,ours-406478,861,0.026309
13,KACTL,861,0.486029
13,393435,862,0.040416
13,ours-406478,862,0.026449
13,KACTL,862,0.474939
13,simd-v0,862,0.058329
13,ours-406478,863,0.046227
13,KACTL,863,0.476312
13,simd-v0,863,0.058259
13,393435,863,0.040456
13,KACTL,864,0.486370
13,simd-v0,864,0.058299
13,393435,864,0.040656
13,ours-406478,864,0.026480
13,simd-v0,865,0.058219
13,393435,865,0.040415
13,ours-406478,865,0.026279
13,KACTL,865,0.475550
13,393435,866,0.040466
13,ours-406478,866,0.026390
13,KACTL,866,0.485148
13,simd-v0,866,0.058209
13,ours-406478,867,0.026500
13,KACTL,867,0.475049
13,simd-v0,867,0.068558
13,393435,867,0.041227
13,KACTL,868,0.475209
13,simd-v0,868,0.058249
13,393435,868,0.040326
13,ours-406478,868,0.026460
13,simd-v0,869,0.058279
13,393435,869,0.040356
13,ours-406478,869,0.026239
13,KACTL,869,0.485900
13,393435,870,0.040436
13,ours-406478,870,0.026559
13,KACTL,870,0.474609
13,simd-v0,870,0.058299
13,ours-406478,871,0.026469
13,KACTL,871,0.485799
13,simd-v0,871,0.058309
13,393435,871,0.040476
13,KACTL,872,0.485739
13,simd-v0,872,0.058299
13,393435,872,0.040546
13,ours-406478,872,0.026500
13,simd-v0,873,0.058169
13,393435,873,0.040506
13,ours-406478,873,0.026329
13,KACTL,873,0.475379
13,393435,874,0.040556
13,ours-406478,874,0.026349
13,KACTL,874,0.485529
13,simd-v0,874,0.058369
13,ours-406478,875,0.026500
13,KACTL,875,0.475309
13,simd-v0,875,0.058218
13,393435,875,0.051857
13,KACTL,876,0.477263
13,simd-v0,876,0.058349
13,393435,876,0.040466
13,ours-406478,876,0.026470
13,simd-v0,877,0.058099
13,393435,877,0.040345
13,ours-406478,877,0.026289
13,KACTL,877,0.486641
13,393435,878,0.040456
13,ours-406478,878,0.026479
13,KACTL,878,0.474719
13,simd-v0,878,0.058199
13,ours-406478,879,0.026399
13,KACTL,879,0.486169
13,simd-v0,879,0.058259
13,393435,879,0.040516
13,KACTL,880,0.474799
13,simd-v0,880,0.068457
13,393435,880,0.040476
13,ours-406478,880,0.026540
13,simd-v0,881,0.058139
13,393435,881,0.040306
13,ours-406478,881,0.026400
13,KACTL,881,0.476421
13,393435,882,0.040255
13,ours-406478,882,0.026430
13,KACTL,882,0.485879
13,simd-v0,882,0.058300
13,ours-406478,883,0.026449
13,KACTL,883,0.475380
13,simd-v0,883,0.058249
13,393435,883,0.040506
13,KACTL,884,0.485388
13,simd-v0,884,0.058359
13,393435,884,0.040445
13,ours-406478,884,0.026690
13,simd-v0,885,0.058209
13,393435,885,0.040275
13,ours-406478,885,0.029315
13,KACTL,885,0.500256
13,393435,886,0.040726
13,ours-406478,886,0.026460
13,KACTL,886,0.475069
13,simd-v0,886,0.058389
13,ours-406478,887,0.026390
13,KACTL,887,0.485679
13,simd-v0,887,0.058309
13,393435,887,0.040525
13,KACTL,888,0.475931
13,simd-v0,888,0.058229
13,393435,888,0.040456
13,ours-406478,888,0.026469
13,simd-v0,889,0.058290
13,393435,889,0.040316
13,ours-406478,889,0.026249
13,KACTL,889,0.475860
13,393435,890,0.040385
13,ours-406478,890,0.026410
13,KACTL,890,0.486100
13,simd-v0,890,0.058309
13,ours-406478,891,0.026560
13,KACTL,891,0.475390
13,simd-v0,891,0.058259
13,393435,891,0.040486
13,KACTL,892,0.488425
13,simd-v0,892,0.058460
13,393435,892,0.040616
13,ours-406478,892,0.026409
13,simd-v0,893,0.058219
13,393435,893,0.040365
13,ours-406478,893,0.026209
13,KACTL,893,0.518891
13,393435,894,0.040816
13,ours-406478,894,0.026550
13,KACTL,894,0.475028
13,simd-v0,894,0.058399
13,ours-406478,895,0.026379
13,KACTL,895,0.486891
13,simd-v0,895,0.058350
13,393435,895,0.040736
13,KACTL,896,0.491941
13,simd-v0,896,0.058329
13,393435,896,0.040676
13,ours-406478,896,0.026539
13,simd-v0,897,0.058339
13,393435,897,0.040435
13,ours-406478,897,0.026299
13,KACTL,897,0.494856
13,393435,898,0.046587
13,ours-406478,898,0.041378
13,KACTL,898,0.487943
13,simd-v0,898,0.058369
13,ours-406478,899,0.026529
13,KACTL,899,0.475390
13,simd-v0,899,0.058179
13,393435,899,0.040556
13,KACTL,900,0.486300
13,simd-v0,900,0.058379
13,393435,900,0.040556
13,ours-406478,900,0.026530
13,simd-v0,901,0.058108
13,393435,901,0.040366
13,ours-406478,901,0.026249
13,KACTL,901,0.485879
13,393435,902,0.040376
13,ours-406478,902,0.026529
13,KACTL,902,0.474928
13,simd-v0,902,0.058329
13,ours-406478,903,0.026389
13,KACTL,903,0.486410
13,simd-v0,903,0.058459
13,393435,903,0.040456
13,KACTL,904,0.474808
13,simd-v0,904,0.068518
13,393435,904,0.040576
13,ours-406478,904,0.026470
13,simd-v0,905,0.058198
13,393435,905,0.040406
13,ours-406478,905,0.026269
13,KACTL,905,0.475269
13,393435,906,0.040396
13,ours-406478,906,0.026500
13,KACTL,906,0.485388
13,simd-v0,906,0.058239
13,ours-406478,907,0.026580
13,KACTL,907,0.475429
13,simd-v0,907,0.058330
13,393435,907,0.040375
13,KACTL,908,0.487993
13,simd-v0,908,0.058479
13,393435,908,0.040485
13,ours-406478,908,0.026470
13,simd-v0,909,0.058099
13,393435,909,0.040285
13,ours-406478,909,0.026290
13,KACTL,909,0.486420
13,393435,910,0.040425
13,ours-406478,910,0.026450
13,KACTL,910,0.474809
13,simd-v0,910,0.058178
13,ours-406478,911,0.026350
13,KACTL,911,0.487291
13,simd-v0,911,0.058309
13,393435,911,0.040526
13,KACTL,912,0.475019
13,simd-v0,912,0.058119
13,393435,912,0.040385
13,ours-406478,912,0.037240
13,simd-v0,913,0.059301
13,393435,913,0.040446
13,ours-406478,913,0.026429
13,KACTL,913,0.475851
13,393435,914,0.052448
13,ours-406478,914,0.026520
13,KACTL,914,0.486320
13,simd-v0,914,0.058420
13,ours-406478,915,0.026449
13,KACTL,915,0.475390
13,simd-v0,915,0.058279
13,393435,915,0.040556
13,KACTL,916,0.486330
13,simd-v0,916,0.058349
13,393435,916,0.040446
13,ours-406478,916,0.026519
13,simd-v0,917,0.058209
13,393435,917,0.040496
13,ours-406478,917,0.026319
13,KACTL,917,0.486440
13,393435,918,0.040456
13,ours-406478,918,0.026410
13,KACTL,918,0.474969
13,simd-v0,918,0.058399
13,ours-406478,919,0.026329
13,KACTL,919,0.486922
13,simd-v0,919,0.058249
13,393435,919,0.040516
13,KACTL,920,0.474779
13,simd-v0,920,0.058159
13,393435,920,0.040335
13,ours-406478,920,0.026550
13,simd-v0,921,0.071393
13,393435,921,0.040516
13,ours-406478,921,0.026409
13,KACTL,921,0.475961
13,393435,922,0.040385
13,ours-406478,922,0.026299
13,KACTL,922,0.485248
13,simd-v0,922,0.058359
13,ours-406478,923,0.026560
13,KACTL,923,0.475510
13,simd-v0,923,0.058299
13,393435,923,0.040465
13,KACTL,924,0.485108
13,simd-v0,924,0.061044
13,393435,924,0.040476
13,ours-406478,924,0.026489
13,simd-v0,925,0.058219
13,393435,925,0.040326
13,ours-406478,925,0.026239
13,KACTL,925,0.485860
13,393435,926,0.040396
13,ours-406478,926,0.026479
13,KACTL,926,0.475069
13,simd-v0,926,0.058419
13,ours-406478,927,0.026479
13,KACTL,927,0.486010
13,simd-v0,927,0.058289
13,393435,927,0.040435
13,KACTL,928,0.475119
13,simd-v0,928,0.058199
13,393435,928,0.040345
13,ours-406478,928,0.026419
13,simd-v0,929,0.058189
13,393435,929,0.050995
13,ours-406478,929,0.026399
13,KACTL,929,0.475489
13,393435,930,0.040375
13,ours-406478,930,0.026360
13,KACTL,930,0.485038
13,simd-v0,930,0.059091
13,ours-406478,931,0.026510
13,KACTL,931,0.475209
13,simd-v0,931,0.058259
13,393435,931,0.040436
13,KACTL,932,0.485999
13,simd-v0,932,0.058219
13,393435,932,0.040425
13,ours-406478,932,0.026480
13,simd-v0,933,0.058149
13,393435,933,0.040365
13,ours-406478,933,0.026289
13,KACTL,933,0.485969
13,393435,934,0.040456
13,ours-406478,934,0.026430
13,KACTL,934,0.474718
13,simd-v0,934,0.058359
13,ours-406478,935,0.026449
13,KACTL,935,0.486220
13,simd-v0,935,0.058209
13,393435,935,0.040465
13,KACTL,936,0.475018
13,simd-v0,936,0.058229
13,393435,936,0.040305
13,ours-406478,936,0.026469
13,simd-v0,937,0.058149
13,393435,937,0.040386
13,ours-406478,937,0.045775
13,KACTL,937,0.478666
13,393435,938,0.040536
13,ours-406478,938,0.026500
13,KACTL,938,0.485819
13,simd-v0,938,0.058309
13,ours-406478,939,0.027221
13,KACTL,939,0.475500
13,simd-v0,939,0.058179
13,393435,939,0.040506
13,KACTL,940,0.485849
13,simd-v0,940,0.058058
13,393435,940,0.040475
13,ours-406478,940,0.026550
13,simd-v0,941,0.060854
13,393435,941,0.040256
13,ours-406478,941,0.026400
13,KACTL,941,0.475770
13,393435,942,0.051266
13,ours-406478,942,0.026439
13,KACTL,942,0.476151
13,simd-v0,942,0.058380
13,ours-406478,943,0.026369
13,KACTL,943,0.485689
13,simd-v0,943,0.059191
13,393435,943,0.040496
13,KACTL,944,0.475099
13,simd-v0,944,0.058189
13,393435,944,0.040345
13,ours-406478,944,0.026500
13,simd-v0,945,0.058249
13,393435,945,0.040385
13,ours-406478,945,0.026279
13,KACTL,945,0.485919
13,393435,946,0.040376
13,ours-406478,946,0.026460
13,KACTL,946,0.484977
13,simd-v0,946,0.058470
13,ours-406478,947,0.026489
13,KACTL,947,0.475370
13,simd-v0,947,0.058319
13,393435,947,0.040736
13,KACTL,948,0.486400
13,simd-v0,948,0.058249
13,393435,948,0.040696
13,ours-406478,948,0.026509
13,simd-v0,949,0.058409
13,393435,949,0.040365
13,ours-406478,949,0.026249
13,KACTL,949,0.475610
13,393435,950,0.040636
13,ours-406478,950,0.037080
13,KACTL,950,0.475100
13,simd-v0,950,0.058419
13,ours-406478,951,0.026420
13,KACTL,951,0.486450
13,simd-v0,951,0.058168
13,393435,951,0.040495
13,KACTL,952,0.475129
13,simd-v0,952,0.058189
13,393435,952,0.040346
13,ours-406478,952,0.026510
13,simd-v0,953,0.058320
13,393435,953,0.040316
13,ours-406478,953,0.026330
13,KACTL,953,0.486882
13,393435,954,0.040446
13,ours-406478,954,0.026410
13,KACTL,954,0.474818
13,simd-v0,954,0.068828
13,ours-406478,955,0.026470
13,KACTL,955,0.476462
13,simd-v0,955,0.058309
13,393435,955,0.040496
13,KACTL,956,0.485458
13,simd-v0,956,0.058330
13,393435,956,0.040455
13,ours-406478,956,0.026490
13,simd-v0,957,0.058290
13,393435,957,0.040386
13,ours-406478,957,0.026299
13,KACTL,957,0.475800
13,393435,958,0.040355
13,ours-406478,958,0.026329
13,KACTL,958,0.486020
13,simd-v0,958,0.058510
13,ours-406478,959,0.026529
13,KACTL,959,0.485419
13,simd-v0,959,0.058679
13,393435,959,0.040345
13,KACTL,960,0.475169
13,simd-v0,960,0.058239
13,393435,960,0.040376
13,ours-406478,960,0.026430
13,simd-v0,961,0.058279
13,393435,961,0.040345
13,ours-406478,961,0.026309
13,KACTL,961,0.487402
13,393435,962,0.040435
13,ours-406478,962,0.026510
13,KACTL,962,0.474999
13,simd-v0,962,0.058489
13,ours-406478,963,0.026490
13,KACTL,963,0.476111
13,simd-v0,963,0.058509
13,393435,963,0.040425
13,KACTL,964,0.485188
13,simd-v0,964,0.058429
13,393435,964,0.040436
13,ours-406478,964,0.026490
13,simd-v0,965,0.058119
13,393435,965,0.040366
13,ours-406478,965,0.026289
13,KACTL,965,0.475300
13,393435,966,0.040375
13,ours-406478,966,0.026449
13,KACTL,966,0.485187
13,simd-v0,966,0.058269
13,ours-406478,967,0.026500
13,KACTL,967,0.475159
13,simd-v0,967,0.068779
13,393435,967,0.040625
13,KACTL,968,0.474559
13,simd-v0,968,0.058208
13,393435,968,0.040346
13,ours-406478,968,0.026489
13,simd-v0,969,0.058159
13,393435,969,0.040405
13,ours-406478,969,0.026360
13,KACTL,969,0.485919
13,393435,970,0.040385
13,ours-406478,970,0.026520
13,KACTL,970,0.474819
13,simd-v0,970,0.058429
13,ours-406478,971,0.026469
13,KACTL,971,0.486050
13,simd-v0,971,0.058280
13,393435,971,0.040435
13,KACTL,972,0.485218
13,simd-v0,972,0.058319
13,393435,972,0.040386
13,ours-406478,972,0.026580
13,simd-v0,973,0.058299
13,393435,973,0.040316
13,ours-406478,973,0.026400
13,KACTL,973,0.478385
13,393435,974,0.040286
13,ours-406478,974,0.026500
13,KACTL,974,0.485228
13,simd-v0,974,0.058400
13,ours-406478,975,0.026439
13,KACTL,975,0.475209
13,simd-v0,975,0.058419
13,393435,975,0.051246
13,KACTL,976,0.474738
13,simd-v0,976,0.058298
13,393435,976,0.040476
13,ours-406478,976,0.026500
13,simd-v0,977,0.058149
13,393435,977,0.040275
13,ours-406478,977,0.026289
13,KACTL,977,0.486370
13,393435,978,0.040355
13,ours-406478,978,0.026540
13,KACTL,978,0.474788
13,simd-v0,978,0.058320
13,ours-406478,979,0.026380
13,KACTL,979,0.485909
13,simd-v0,979,0.058309
13,393435,979,0.040616
13,KACTL,980,0.475349
13,simd-v0,980,0.068508
13,393435,980,0.040426
13,ours-406478,980,0.026560
13,simd-v0,981,0.058299
13,393435,981,0.040295
13,ours-406478,981,0.026359
13,KACTL,981,0.475560
13,393435,982,0.040295
13,ours-406478,982,0.026439
13,KACTL,982,0.485479
13,simd-v0,982,0.058400
13,ours-406478,983,0.026479
13,KACTL,983,0.475270
13,simd-v0,983,0.058359
13,393435,983,0.040426
13,KACTL,984,0.486661
13,simd-v0,984,0.058360
13,393435,984,0.040265
13,ours-406478,984,0.026539
13,simd-v0,985,0.058229
13,393435,985,0.040105
13,ours-406478,985,0.026189
13,KACTL,985,0.486641
13,393435,986,0.041298
13,ours-406478,986,0.026440
13,KACTL,986,0.474508
13,simd-v0,986,0.058319
13,ours-406478,987,0.026420
13,KACTL,987,0.486190
13,simd-v0,987,0.058309
13,393435,987,0.040515
13,KACTL,988,0.475119
13,simd-v0,988,0.058239
13,393435,988,0.050815
13,ours-406478,988,0.026430
13,simd-v0,989,0.058370
13,393435,989,0.040355
13,ours-406478,989,0.026260
13,KACTL,989,0.479577
13,393435,990,0.040396
13,ours-406478,990,0.026369
13,KACTL,990,0.496690
13,simd-v0,990,0.058369
13,ours-406478,991,0.026570
13,KACTL,991,0.475450
13,simd-v0,991,0.058209
13,393435,991,0.040456
13,KACTL,992,0.485849
13,simd-v0,992,0.058329
13,393435,992,0.040506
13,ours-406478,992,0.026530
13,simd-v0,993,0.058238
13,393435,993,0.040466
13,ours-406478,993,0.026269
13,KACTL,993,0.486169
13,393435,994,0.040606
13,ours-406478,994,0.026519
13,KACTL,994,0.474939
13,simd-v0,994,0.058379
13,ours-406478,995,0.026419
13,KACTL,995,0.522678
13,simd-v0,995,0.058530
13,393435,995,0.040716
13,KACTL,996,0.475430
13,simd-v0,996,0.058209
13,393435,996,0.053931
13,ours-406478,996,0.026820
13,simd-v0,997,0.058269
13,393435,997,0.040396
13,ours-406478,997,0.026259
13,KACTL,997,0.476532
13,393435,998,0.040365
13,ours-406478,998,0.026379
13,KACTL,998,0.486491
13,simd-v0,998,0.058309
13,ours-406478,999,0.026559
13,KACTL,999,0.475069
13,simd-v0,999,0.058238
13,393435,999,0.040506
13,KACTL,1000,0.486931
13,simd-v0,1000,0.058269
13,393435,1000,0.040436
13,ours-406478,1000,0.026459
14,KACTL,0,1.082746
14,simd-v0,0,0.119183
14,393435,0,0.099897
14,ours-406478,0,0.056376
14,simd-v0,1,0.119163
14,393435,1,0.089127
14,ours-406478,1,0.056285
14,KACTL,1,1.074491
14,393435,2,0.089317
14,ours-406478,2,0.056285
14,KACTL,2,1.081715
14,simd-v0,2,0.119193
14,ours-406478,3,0.056296
14,KACTL,3,1.074501
14,simd-v0,3,0.129513
14,393435,3,0.089408
14,KACTL,4,1.083448
14,simd-v0,4,0.119214
14,393435,4,0.088866
14,ours-406478,4,0.056316
14,simd-v0,5,0.119093
14,393435,5,0.089627
14,ours-406478,5,0.056236
14,KACTL,5,1.076695
14,393435,6,0.099156
14,ours-406478,6,0.056376
14,KACTL,6,1.085502
14,simd-v0,6,0.119233
14,ours-406478,7,0.056346
14,KACTL,7,1.074140
14,simd-v0,7,0.119143
14,393435,7,0.089227
14,KACTL,8,1.081554
14,simd-v0,8,0.119183
14,393435,8,0.099977
14,ours-406478,8,0.056376
14,simd-v0,9,0.119133
14,393435,9,0.090380
14,ours-406478,9,0.056256
14,KACTL,9,1.073529
14,393435,10,0.089157
14,ours-406478,10,0.056186
14,KACTL,10,1.081704
14,simd-v0,10,0.119313
14,ours-406478,11,0.056246
14,KACTL,11,1.074792
14,simd-v0,11,0.129673
14,393435,11,0.089267
14,KACTL,12,1.081874
14,simd-v0,12,0.119253
14,393435,12,0.089718
14,ours-406478,12,0.056355
14,simd-v0,13,0.119213
14,393435,13,0.089317
14,ours-406478,13,0.056245
14,KACTL,13,1.077507
14,393435,14,0.099346
14,ours-406478,14,0.056215
14,KACTL,14,1.083277
14,simd-v0,14,0.119995
14,ours-406478,15,0.056296
14,KACTL,15,1.073749
14,simd-v0,15,0.119234
14,393435,15,0.089257
14,KACTL,16,1.095109
14,simd-v0,16,0.119183
14,393435,16,0.089438
14,ours-406478,16,0.056546
14,simd-v0,17,0.119273
14,393435,17,0.090138
14,ours-406478,17,0.056206
14,KACTL,17,1.074100
14,393435,18,0.089316
14,ours-406478,18,0.056205
14,KACTL,18,1.081945
14,simd-v0,18,0.119313
14,ours-406478,19,0.056326
14,KACTL,19,1.074170
14,simd-v0,19,0.129493
14,393435,19,0.089367
14,KACTL,20,1.083568
14,simd-v0,20,0.121959
14,393435,20,0.089046
14,ours-406478,20,0.056366
14,simd-v0,21,0.119203
14,393435,21,0.089237
14,ours-406478,21,0.056245
14,KACTL,21,1.074231
14,393435,22,0.099526
14,ours-406478,22,0.056295
14,KACTL,22,1.082145
14,simd-v0,22,0.119223
14,ours-406478,23,0.056305
14,KACTL,23,1.073729
14,simd-v0,23,0.119234
14,393435,23,0.089337
14,KACTL,24,1.085151
14,simd-v0,24,0.119123
14,393435,24,0.089437
14,ours-406478,24,0.067066
14,simd-v0,25,0.119253
14,393435,25,0.089226
14,ours-406478,25,0.057006
14,KACTL,25,1.073830
14,393435,26,0.089417
14,ours-406478,26,0.056245
14,KACTL,26,1.081364
14,simd-v0,26,0.119103
14,ours-406478,27,0.056275
14,KACTL,27,1.075242
14,simd-v0,27,0.129773
14,393435,27,0.089578
14,KACTL,28,1.084620
14,simd-v0,28,0.119924
14,393435,28,0.089397
14,ours-406478,28,0.056256
14,simd-v0,29,0.119193
14,393435,29,0.089077
14,ours-406478,29,0.056255
14,KACTL,29,1.074660
14,393435,30,0.088977
14,ours-406478,30,0.056296
14,KACTL,30,1.081854
14,simd-v0,30,0.119203
14,ours-406478,31,0.056386
14,KACTL,31,1.074080
14,simd-v0,31,0.119183
14,393435,31,0.089006
14,KACTL,32,1.082155
14,simd-v0,32,0.119303
14,393435,32,0.089438
14,ours-406478,32,0.066895
14,simd-v0,33,0.119384
14,393435,33,0.088746
14,ours-406478,33,0.056225
14,KACTL,33,1.073709
14,393435,34,0.089227
14,ours-406478,34,0.056236
14,KACTL,34,1.083187
14,simd-v0,34,0.119243
14,ours-406478,35,0.056225
14,KACTL,35,1.076915
14,simd-v0,35,0.129442
14,393435,35,0.089127
14,KACTL,36,1.083137
14,simd-v0,36,0.119203
14,393435,36,0.089176
14,ours-406478,36,0.056976
14,simd-v0,37,0.119203
14,393435,37,0.089277
14,ours-406478,37,0.056315
14,KACTL,37,1.074971
14,393435,38,0.089267
14,ours-406478,38,0.066765
14,KACTL,38,1.080642
14,simd-v0,38,0.119213
14,ours-406478,39,0.056305
14,KACTL,39,1.073930
14,simd-v0,39,0.119323
14,393435,39,0.089468
14,KACTL,40,1.094819
14,simd-v0,40,0.119333
14,393435,40,0.089157
14,ours-406478,40,0.056255
14,simd-v0,41,0.130183
14,393435,41,0.089447
14,ours-406478,41,0.056205
14,KACTL,41,1.094208
14,393435,42,0.089798
14,ours-406478,42,0.056465
14,KACTL,42,1.086553
14,simd-v0,42,0.119403
14,ours-406478,43,0.056235
14,KACTL,43,1.074191
14,simd-v0,43,0.129353
14,393435,43,0.089207
14,KACTL,44,1.082807
14,simd-v0,44,0.119523
14,393435,44,0.089127
14,ours-406478,44,0.056345
14,simd-v0,45,0.119173
14,393435,45,0.089317
14,ours-406478,45,0.056365
14,KACTL,45,1.074881
14,393435,46,0.088896
14,ours-406478,46,0.067817
14,KACTL,46,1.082276
14,simd-v0,46,0.119183
14,ours-406478,47,0.056395
14,KACTL,47,1.075212
14,simd-v0,47,0.119213
14,393435,47,0.089127
14,KACTL,48,1.091573
14,simd-v0,48,0.119363
14,393435,48,0.089258
14,ours-406478,48,0.066915
14,simd-v0,49,0.119203
14,393435,49,0.089247
14,ours-406478,49,0.056426
14,KACTL,49,1.073439
14,393435,50,0.091711
14,ours-406478,50,0.056325
14,KACTL,50,1.081764
14,simd-v0,50,0.119273
14,ours-406478,51,0.056355
14,KACTL,51,1.074090
14,simd-v0,51,0.130073
14,393435,51,0.089378
14,KACTL,52,1.083257
14,simd-v0,52,0.119293
14,393435,52,0.089247
14,ours-406478,52,0.056296
14,simd-v0,53,0.119234
14,393435,53,0.089367
14,ours-406478,53,0.056285
14,KACTL,53,1.074030
14,393435,54,0.089678
14,ours-406478,54,0.066735
14,KACTL,54,1.080682
14,simd-v0,54,0.119113
14,ours-406478,55,0.056376
14,KACTL,55,1.075313
14,simd-v0,55,0.119304
14,393435,55,0.089548
14,KACTL,56,1.082335
14,simd-v0,56,0.119233
14,393435,56,0.089126
14,ours-406478,56,0.056355
14,simd-v0,57,0.129883
14,393435,57,0.089378
14,ours-406478,57,0.056386
14,KACTL,57,1.077546
14,393435,58,0.089999
14,ours-406478,58,0.056315
14,KACTL,58,1.082646
14,simd-v0,58,0.119093
14,ours-406478,59,0.056275
14,KACTL,59,1.075332
14,simd-v0,59,0.119203
14,393435,59,0.099877
14,KACTL,60,1.081875
14,simd-v0,60,0.119212
14,393435,60,0.089648
14,ours-406478,60,0.056255
14,simd-v0,61,0.119273
14,393435,61,0.089157
14,ours-406478,61,0.056275
14,KACTL,61,1.074892
14,393435,62,0.089597
14,ours-406478,62,0.056295
14,KACTL,62,1.092925
14,simd-v0,62,0.119254
14,ours-406478,63,0.056215
14,KACTL,63,1.074221
14,simd-v0,63,0.119263
14,393435,63,0.089147
14,KACTL,64,1.097605
14,simd-v0,64,0.119253
14,393435,64,0.089147
14,ours-406478,64,0.056325
14,simd-v0,65,0.131416
14,393435,65,0.088746
14,ours-406478,65,0.056416
14,KACTL,65,1.074100
14,393435,66,0.089147
14,ours-406478,66,0.056295
14,KACTL,66,1.082516
14,simd-v0,66,0.119183
14,ours-406478,67,0.056276
14,KACTL,67,1.075092
14,simd-v0,67,0.119314
14,393435,67,0.100408
14,KACTL,68,1.080572
14,simd-v0,68,0.119233
14,393435,68,0.089047
14,ours-406478,68,0.056255
14,simd-v0,69,0.119253
14,393435,69,0.091731
14,ours-406478,69,0.056285
14,KACTL,69,1.075402
14,393435,70,0.088876
14,ours-406478,70,0.056345
14,KACTL,70,1.093135
14,simd-v0,70,0.119273
14,ours-406478,71,0.056425
14,KACTL,71,1.086212
14,simd-v0,71,0.122309
14,393435,71,0.089878
14,KACTL,72,1.131938
14,simd-v0,72,0.119193
14,393435,72,0.089628
14,ours-406478,72,0.069971
14,simd-v0,73,0.119283
14,393435,73,0.089217
14,ours-406478,73,0.056356
14,KACTL,73,1.075473
14,393435,74,0.089137
14,ours-406478,74,0.056305
14,KACTL,74,1.084990
14,simd-v0,74,0.119103
14,ours-406478,75,0.056326
14,KACTL,75,1.072838
14,simd-v0,75,0.129262
14,393435,75,0.089097
14,KACTL,76,1.081374
14,simd-v0,76,0.119243
14,393435,76,0.089126
14,ours-406478,76,0.056226
14,simd-v0,77,0.119303
14,393435,77,0.089037
14,ours-406478,77,0.056366
14,KACTL,77,1.074361
14,393435,78,0.089017
14,ours-406478,78,0.066845
14,KACTL,78,1.095460
14,simd-v0,78,0.119423
14,ours-406478,79,0.056316
14,KACTL,79,1.105389
14,simd-v0,79,0.119304
14,393435,79,0.089768
14,KACTL,80,1.084690
14,simd-v0,80,0.119204
14,393435,80,0.088946
14,ours-406478,80,0.067716
14,simd-v0,81,0.119303
14,393435,81,0.089087
14,ours-406478,81,0.056355
14,KACTL,81,1.074762
14,393435,82,0.090058
14,ours-406478,82,0.056315
14,KACTL,82,1.108054
14,simd-v0,82,0.119243
14,ours-406478,83,0.056376
14,KACTL,83,1.075673
14,simd-v0,83,0.129743
14,393435,83,0.089467
14,KACTL,84,1.082345
14,simd-v0,84,0.119243
14,393435,84,0.088996
14,ours-406478,84,0.056385
14,simd-v0,85,0.119373
14,393435,85,0.088686
14,ours-406478,85,0.056236
14,KACTL,85,1.073839
14,393435,86,0.099236
14,ours-406478,86,0.056246
14,KACTL,86,1.101081
14,simd-v0,86,0.119303
14,ours-406478,87,0.056326
14,KACTL,87,1.072918
14,simd-v0,87,0.119303
14,393435,87,0.089217
14,KACTL,88,1.093837
14,simd-v0,88,0.119143
14,393435,88,0.100158
14,ours-406478,88,0.056436
14,simd-v0,89,0.119343
14,393435,89,0.089347
14,ours-406478,89,0.056356
14,KACTL,89,1.074751
14,393435,90,0.090119
14,ours-406478,90,0.056345
14,KACTL,90,1.082105
14,simd-v0,90,0.119153
14,ours-406478,91,0.056265
14,KACTL,91,1.073359
14,simd-v0,91,0.129913
14,393435,91,0.089087
14,KACTL,92,1.082846
14,simd-v0,92,0.119193
14,393435,92,0.089958
14,ours-406478,92,0.056305
14,simd-v0,93,0.119333
14,393435,93,0.105558
14,ours-406478,93,0.071715
14,KACTL,93,1.079129
14,393435,94,0.099556
14,ours-406478,94,0.056356
14,KACTL,94,1.081575
14,simd-v0,94,0.119152
14,ours-406478,95,0.056235
14,KACTL,95,1.075143
14,simd-v0,95,0.119303
14,393435,95,0.089207
14,KACTL,96,1.082916
14,simd-v0,96,0.125435
14,393435,96,0.110427
14,ours-406478,96,0.056376
14,simd-v0,97,0.128621
14,393435,97,0.089568
14,ours-406478,97,0.056265
14,KACTL,97,1.089408
14,393435,98,0.089086
14,ours-406478,98,0.056305
14,KACTL,98,1.083597
14,simd-v0,98,0.119133
14,ours-406478,99,0.056245
14,KACTL,99,1.085241
14,simd-v0,99,0.119454
14,393435,99,0.089057
14,KACTL,100,1.098685
14,simd-v0,100,0.121988
14,393435,100,0.089597
14,ours-406478,100,0.056445
14,simd-v0,101,0.119344
14,393435,101,0.089067
14,ours-406478,101,0.056215
14,KACTL,101,1.074270
14,393435,102,0.089167
14,ours-406478,102,0.056206
14,KACTL,102,1.082837
14,simd-v0,102,0.119153
14,ours-406478,103,0.056395
14,KACTL,103,1.075161
14,simd-v0,103,0.119333
14,393435,103,0.089177
14,KACTL,104,1.083648
14,simd-v0,104,0.119113
14,393435,104,0.099677
14,ours-406478,104,0.056345
14,simd-v0,105,0.119333
14,393435,105,0.089597
14,ours-406478,105,0.056326
14,KACTL,105,1.073890
14,393435,106,0.089147
14,ours-406478,106,0.056346
14,KACTL,106,1.081974
14,simd-v0,106,0.119123
14,ours-406478,107,0.056326
14,KACTL,107,1.083498
14,simd-v0,107,0.119233
14,393435,107,0.089287
14,KACTL,108,1.086093
14,simd-v0,108,0.119223
14,393435,108,0.090099
14,ours-406478,108,0.056335
14,simd-v0,109,0.119304
14,393435,109,0.088867
14,ours-406478,109,0.056295
14,KACTL,109,1.073569
14,393435,110,0.099336
14,ours-406478,110,0.056446
14,KACTL,110,1.083037
14,simd-v0,110,0.119133
14,ours-406478,111,0.056346
14,KACTL,111,1.074110
14,simd-v0,111,0.119143
14,393435,111,0.089107
14,KACTL,112,1.082005
14,simd-v0,112,0.119183
14,393435,112,0.099817
14,ours-406478,112,0.056356
14,simd-v0,113,0.119294
14,393435,113,0.089267
14,ours-406478,113,0.056286
14,KACTL,113,1.074812
14,393435,114,0.089849
14,ours-406478,114,0.056436
14,KACTL,114,1.083267
14,simd-v0,114,0.119313
14,ours-406478,115,0.056405
14,KACTL,115,1.078068
14,simd-v0,115,0.129512
14,393435,115,0.089377
14,KACTL,116,1.081804
14,simd-v0,116,0.119323
14,393435,116,0.089087
14,ours-406478,116,0.056366
14,simd-v0,117,0.119223
14,393435,117,0.089187
14,ours-406478,117,0.056325
14,KACTL,117,1.074050
14,393435,118,0.099065
14,ours-406478,118,0.056216
14,KACTL,118,1.081985
14,simd-v0,118,0.119243
14,ours-406478,119,0.056245
14,KACTL,119,1.074120
14,simd-v0,119,0.120135
14,393435,119,0.089488
14,KACTL,120,1.084149
14,simd-v0,120,0.119343
14,393435,120,0.110958
14,ours-406478,120,0.056355
14,simd-v0,121,0.119254
14,393435,121,0.089567
14,ours-406478,121,0.056295
14,KACTL,121,1.083608
14,393435,122,0.089107
14,ours-406478,122,0.056335
14,KACTL,122,1.083948
14,simd-v0,122,0.119152
14,ours-406478,123,0.056355
14,KACTL,123,1.074210
14,simd-v0,123,0.129643
14,393435,123,0.089137
14,KACTL,124,1.082014
14,simd-v0,124,0.119263
14,393435,124,0.089497
14,ours-406478,124,0.056315
14,simd-v0,125,0.119233
14,393435,125,0.089387
14,ours-406478,125,0.056225
14,KACTL,125,1.074721
14,393435,126,0.099436
14,ours-406478,126,0.056415
14,KACTL,126,1.082906
14,simd-v0,126,0.119284
14,ours-406478,127,0.056345
14,KACTL,127,1.073378
14,simd-v0,127,0.119955
14,393435,127,0.089207
14,KACTL,128,1.082235
14,simd-v0,128,0.119183
14,393435,128,0.089307
14,ours-406478,128,0.056436
14,simd-v0,129,0.119243
14,393435,129,0.089347
14,ours-406478,129,0.056216
14,KACTL,129,1.075943
14,393435,130,0.089868
14,ours-406478,130,0.057096
14,KACTL,130,1.082716
14,simd-v0,130,0.119233
14,ours-406478,131,0.056326
14,KACTL,131,1.074040
14,simd-v0,131,0.129783
14,393435,131,0.089247
14,KACTL,132,1.082095
14,simd-v0,132,0.119303
14,393435,132,0.088986
14,ours-406478,132,0.056376
14,simd-v0,133,0.120024
14,393435,133,0.089237
14,ours-406478,133,0.056346
14,KACTL,133,1.074831
14,393435,134,0.099666
14,ours-406478,134,0.056355
14,KACTL,134,1.082355
14,simd-v0,134,0.119142
14,ours-406478,135,0.056355
14,KACTL,135,1.073469
14,simd-v0,135,0.119173
14,393435,135,0.089007
14,KACTL,136,1.082415
14,simd-v0,136,0.119284
14,393435,136,0.089086
14,ours-406478,136,0.066955
14,simd-v0,137,0.119293
14,393435,137,0.089387
14,ours-406478,137,0.056305
14,KACTL,137,1.076304
14,393435,138,0.088826
14,ours-406478,138,0.056977
14,KACTL,138,1.082916
14,simd-v0,138,0.119313
14,ours-406478,139,0.056325
14,KACTL,139,1.073619
14,simd-v0,139,0.129402
14,393435,139,0.088726
14,KACTL,140,1.082395
14,simd-v0,140,0.119203
14,393435,140,0.089237
14,ours-406478,140,0.056285
14,simd-v0,141,0.119153
14,393435,141,0.089087
14,ours-406478,141,0.056375
14,KACTL,141,1.073499
14,393435,142,0.088977
14,ours-406478,142,0.066825
14,KACTL,142,1.081494
14,simd-v0,142,0.120034
14,ours-406478,143,0.056395
14,KACTL,143,1.073869
14,simd-v0,143,0.119304
14,393435,143,0.089768
14,KACTL,144,1.086043
14,simd-v0,144,0.119303
14,393435,144,0.089077
14,ours-406478,144,0.076683
14,simd-v0,145,0.119353
14,393435,145,0.089447
14,ours-406478,145,0.056275
14,KACTL,145,1.074771
14,393435,146,0.089057
14,ours-406478,146,0.056186
14,KACTL,146,1.084830
14,simd-v0,146,0.118972
14,ours-406478,147,0.056335
14,KACTL,147,1.073810
14,simd-v0,147,0.129793
14,393435,147,0.089007
14,KACTL,148,1.081975
14,simd-v0,148,0.119102
14,393435,148,0.089327
14,ours-406478,148,0.056345
14,simd-v0,149,0.119233
14,393435,149,0.089007
14,ours-406478,149,0.056305
14,KACTL,149,1.075642
14,393435,150,0.089017
14,ours-406478,150,0.067226
14,KACTL,150,1.081854
14,simd-v0,150,0.119253
14,ours-406478,151,0.056295
14,KACTL,151,1.074320
14,simd-v0,151,0.121908
14,393435,151,0.089137
14,KACTL,152,1.080813
14,simd-v0,152,0.119394
14,393435,152,0.089508
14,ours-406478,152,0.056355
14,simd-v0,153,0.129863
14,393435,153,0.089357
14,ours-406478,153,0.056325
14,KACTL,153,1.074100
14,393435,154,0.089407
14,ours-406478,154,0.056326
14,KACTL,154,1.081193
14,simd-v0,154,0.119273
14,ours-406478,155,0.056355
14,KACTL,155,1.073448
14,simd-v0,155,0.119223
14,393435,155,0.088997
14,KACTL,156,1.082226
14,simd-v0,156,0.119334
14,393435,156,0.089167
14,ours-406478,156,0.056305
14,simd-v0,157,0.119183
14,393435,157,0.089899
14,ours-406478,157,0.056265
14,KACTL,157,1.074150
14,393435,158,0.089147
14,ours-406478,158,0.066855
14,KACTL,158,1.081885
14,simd-v0,158,0.120205
14,ours-406478,159,0.059491
14,KACTL,159,1.213691
14,simd-v0,159,0.144791
14,393435,159,0.091251
14,KACTL,160,1.334407
14,simd-v0,160,0.147656
14,393435,160,0.108563
14,ours-406478,160,0.064661
14,simd-v0,161,0.144971
14,393435,161,0.102773
14,ours-406478,161,0.065132
14,KACTL,161,1.458830
14,393435,162,0.120736
14,ours-406478,162,0.086422
14,KACTL,162,1.474579
14,simd-v0,162,0.165140
14,ours-406478,163,0.079528
14,KACTL,163,1.440276
14,simd-v0,163,0.143799
14,393435,163,0.139010
14,KACTL,164,1.520275
14,simd-v0,164,0.143588
14,393435,164,0.116458
14,ours-406478,164,0.080440
14,simd-v0,165,0.165600
14,393435,165,0.114414
14,ours-406478,165,0.080019
14,KACTL,165,1.458449
14,393435,166,0.121717
14,ours-406478,166,0.088295
14,KACTL,166,1.629839
14,simd-v0,166,0.150291
14,ours-406478,167,0.086241
14,KACTL,167,1.632315
14,simd-v0,167,0.150292
14,393435,167,0.118752
14,KACTL,168,1.653164
14,simd-v0,168,0.150161
14,393435,168,0.118462
14,ours-406478,168,0.086492
14,simd-v0,169,0.168535
14,393435,169,0.118131
14,ours-406478,169,0.086122
14,KACTL,169,1.626443
14,393435,170,0.134492
14,ours-406478,170,0.056656
14,KACTL,170,1.092644
14,simd-v0,170,0.119383
14,ours-406478,171,0.056356
14,KACTL,171,1.079651
14,simd-v0,171,0.119433
14,393435,171,0.089267
14,KACTL,172,1.090591
14,simd-v0,172,0.119233
14,393435,172,0.101009
14,ours-406478,172,0.056355
14,simd-v0,173,0.119374
14,393435,173,0.089227
14,ours-406478,173,0.056355
14,KACTL,173,1.081103
14,393435,174,0.089027
14,ours-406478,174,0.056275
14,KACTL,174,1.087535
14,simd-v0,174,0.119193
14,ours-406478,175,0.056305
14,KACTL,175,1.146856
14,simd-v0,175,0.119364
14,393435,175,0.089598
14,KACTL,176,1.094458
14,simd-v0,176,0.122420
14,393435,176,0.091230
14,ours-406478,176,0.056707
14,simd-v0,177,0.119264
14,393435,177,0.089177
14,ours-406478,177,0.056265
14,KACTL,177,1.094518
14,393435,178,0.089197
14,ours-406478,178,0.056406
14,KACTL,178,1.083718
14,simd-v0,178,0.119323
14,ours-406478,179,0.056246
14,KACTL,179,1.081093
14,simd-v0,179,0.119353
14,393435,179,0.089377
14,KACTL,180,1.084599
14,simd-v0,180,0.129732
14,393435,180,0.089177
14,ours-406478,180,0.056406
14,simd-v0,181,0.119234
14,393435,181,0.089167
14,ours-406478,181,0.056386
14,KACTL,181,1.074080
14,393435,182,0.089458
14,ours-406478,182,0.057117
14,KACTL,182,1.091944
14,simd-v0,182,0.119413
14,ours-406478,183,0.056355
14,KACTL,183,1.093437
14,simd-v0,183,0.119143
14,393435,183,0.089317
14,KACTL,184,1.100901
14,simd-v0,184,0.119483
14,393435,184,0.089127
14,ours-406478,184,0.056356
14,simd-v0,185,0.119994
14,393435,185,0.089558
14,ours-406478,185,0.056265
14,KACTL,185,1.088106
14,393435,186,0.089247
14,ours-406478,186,0.056295
14,KACTL,186,1.082165
14,simd-v0,186,0.119143
14,ours-406478,187,0.056286
14,KACTL,187,1.073649
14,simd-v0,187,0.119253
14,393435,187,0.089216
14,KACTL,188,1.082265
14,simd-v0,188,0.129753
14,393435,188,0.089287
14,ours-406478,188,0.056346
14,simd-v0,189,0.119203
14,393435,189,0.089327
14,ours-406478,189,0.056225
14,KACTL,189,1.073159
14,393435,190,0.089157
14,ours-406478,190,0.056285
14,KACTL,190,1.082055
14,simd-v0,190,0.119223
14,ours-406478,191,0.056235
14,KACTL,191,1.087645
14,simd-v0,191,0.119293
14,393435,191,0.089067
14,KACTL,192,1.082565
14,simd-v0,192,0.119304
14,393435,192,0.089037
14,ours-406478,192,0.056185
14,simd-v0,193,0.119083
14,393435,193,0.089358
14,ours-406478,193,0.056315
14,KACTL,193,1.081945
14,393435,194,0.089347
14,ours-406478,194,0.056286
14,KACTL,194,1.084449
14,simd-v0,194,0.119334
14,ours-406478,195,0.056295
14,KACTL,195,1.072928
14,simd-v0,195,0.119143
14,393435,195,0.089367
14,KACTL,196,1.082946
14,simd-v0,196,0.119123
14,393435,196,0.099295
14,ours-406478,196,0.056275
14,simd-v0,197,0.119133
14,393435,197,0.089287
14,ours-406478,197,0.056215
14,KACTL,197,1.074942
14,393435,198,0.089057
14,ours-406478,198,0.056296
14,KACTL,198,1.085742
14,simd-v0,198,0.119234
14,ours-406478,199,0.056245
14,KACTL,199,1.084440
14,simd-v0,199,0.119183
14,393435,199,0.089277
14,KACTL,200,1.083087
14,simd-v0,200,0.119123
14,393435,200,0.089036
14,ours-406478,200,0.056386
14,simd-v0,201,0.119223
14,393435,201,0.089106
14,ours-406478,201,0.056326
14,KACTL,201,1.082896
14,393435,202,0.089107
14,ours-406478,202,0.056345
14,KACTL,202,1.081805
14,simd-v0,202,0.119183
14,ours-406478,203,0.056235
14,KACTL,203,1.074430
14,simd-v0,203,0.119183
14,393435,203,0.088926
14,KACTL,204,1.082636
14,simd-v0,204,0.119243
14,393435,204,0.099697
14,ours-406478,204,0.056215
14,simd-v0,205,0.119323
14,393435,205,0.089197
14,ours-406478,205,0.056305
14,KACTL,205,1.076173
14,393435,206,0.089037
14,ours-406478,206,0.056305
14,KACTL,206,1.083628
14,simd-v0,206,0.119193
14,ours-406478,207,0.056295
14,KACTL,207,1.095811
14,simd-v0,207,0.119304
14,393435,207,0.089158
14,KACTL,208,1.083047
14,simd-v0,208,0.119944
14,393435,208,0.089077
14,ours-406478,208,0.056415
14,simd-v0,209,0.119283
14,393435,209,0.089127
14,ours-406478,209,0.056305
14,KACTL,209,1.074101
14,393435,210,0.099055
14,ours-406478,210,0.056355
14,KACTL,210,1.083217
14,simd-v0,210,0.119213
14,ours-406478,211,0.056356
14,KACTL,211,1.074471
14,simd-v0,211,0.119304
14,393435,211,0.091451
14,KACTL,212,1.088878
14,simd-v0,212,0.119343
14,393435,212,0.099968
14,ours-406478,212,0.056336
14,simd-v0,213,0.119354
14,393435,213,0.088936
14,ours-406478,213,0.056366
14,KACTL,213,1.077736
14,393435,214,0.088866
14,ours-406478,214,0.056246
14,KACTL,214,1.081113
14,simd-v0,214,0.119233
14,ours-406478,215,0.056275
14,KACTL,215,1.081684
14,simd-v0,215,0.119223
14,393435,215,0.089117
14,KACTL,216,1.082255
14,simd-v0,216,0.119274
14,393435,216,0.089187
14,ours-406478,216,0.056435
14,simd-v0,217,0.119223
14,393435,217,0.089137
14,ours-406478,217,0.056316
14,KACTL,217,1.074130
14,393435,218,0.099486
14,ours-406478,218,0.056226
14,KACTL,218,1.082937
14,simd-v0,218,0.119474
14,ours-406478,219,0.056265
14,KACTL,219,1.074331
14,simd-v0,219,0.119323
14,393435,219,0.089107
14,KACTL,220,1.084319
14,simd-v0,220,0.120005
14,393435,220,0.099777
14,ours-406478,220,0.056265
14,simd-v0,221,0.119243
14,393435,221,0.089207
14,ours-406478,221,0.056355
14,KACTL,221,1.073740
14,393435,222,0.089357
14,ours-406478,222,0.056285
14,KACTL,222,1.082436
14,simd-v0,222,0.119293
14,ours-406478,223,0.056366
14,KACTL,223,1.075533
14,simd-v0,223,0.144000
14,393435,223,0.089016
14,KACTL,224,1.082696
14,simd-v0,224,0.119123
14,393435,224,0.089247
14,ours-406478,224,0.056486
14,simd-v0,225,0.119313
14,393435,225,0.089287
14,ours-406478,225,0.056305
14,KACTL,225,1.074221
14,393435,226,0.099536
14,ours-406478,226,0.056306
14,KACTL,226,1.082205
14,simd-v0,226,0.119213
14,ours-406478,227,0.056295
14,KACTL,227,1.076585
14,simd-v0,227,0.119173
14,393435,227,0.089117
14,KACTL,228,1.081534
14,simd-v0,228,0.119905
14,393435,228,0.099697
14,ours-406478,228,0.056306
14,simd-v0,229,0.119203
14,393435,229,0.089087
14,ours-406478,229,0.056295
14,KACTL,229,1.098405
14,393435,230,0.089177
14,ours-406478,230,0.056506
14,KACTL,230,1.086423
14,simd-v0,230,0.120025
14,ours-406478,231,0.056336
14,KACTL,231,1.075403
14,simd-v0,231,0.141725
14,393435,231,0.089207
14,KACTL,232,1.082206
14,simd-v0,232,0.119143
14,393435,232,0.089147
14,ours-406478,232,0.056405
14,simd-v0,233,0.124413
14,393435,233,0.089057
14,ours-406478,233,0.056315
14,KACTL,233,1.073699
14,393435,234,0.099206
14,ours-406478,234,0.056466
14,KACTL,234,1.082996
14,simd-v0,234,0.119163
14,ours-406478,235,0.056325
14,KACTL,235,1.076123
14,simd-v0,235,0.119032
14,393435,235,0.094657
14,KACTL,236,1.083398
14,simd-v0,236,0.119243
14,393435,236,0.099766
14,ours-406478,236,0.056366
14,simd-v0,237,0.119343
14,393435,237,0.089177
14,ours-406478,237,0.056326
14,KACTL,237,1.075182
14,393435,238,0.088916
14,ours-406478,238,0.056355
14,KACTL,238,1.082646
14,simd-v0,238,0.119284
14,ours-406478,239,0.056335
14,KACTL,239,1.075543
14,simd-v0,239,0.129903
14,393435,239,0.089387
14,KACTL,240,1.080692
14,simd-v0,240,0.119163
14,393435,240,0.089267
14,ours-406478,240,0.056246
14,simd-v0,241,0.119273
14,393435,241,0.089037
14,ours-406478,241,0.056967
14,KACTL,241,1.073899
14,393435,242,0.099556
14,ours-406478,242,0.056316
14,KACTL,242,1.086614
14,simd-v0,242,0.119243
14,ours-406478,243,0.056245
14,KACTL,243,1.075252
14,simd-v0,243,0.119253
14,393435,243,0.089217
14,KACTL,244,1.082075
14,simd-v0,244,0.119353
14,393435,244,0.099707
14,ours-406478,244,0.056316
14,simd-v0,245,0.119274
14,393435,245,0.089278
14,ours-406478,245,0.056336
14,KACTL,245,1.074571
14,393435,246,0.089147
14,ours-406478,246,0.056425
14,KACTL,246,1.081123
14,simd-v0,246,0.119213
14,ours-406478,247,0.056286
14,KACTL,247,1.074220
14,simd-v0,247,0.129543
14,393435,247,0.089157
14,KACTL,248,1.081744
14,simd-v0,248,0.119183
14,393435,248,0.089258
14,ours-406478,248,0.056215
14,simd-v0,249,0.119273
14,393435,249,0.089127
14,ours-406478,249,0.056296
14,KACTL,249,1.077006
14,393435,250,0.099717
14,ours-406478,250,0.056255
14,KACTL,250,1.124966
14,simd-v0,250,0.119254
14,ours-406478,251,0.056425
14,KACTL,251,1.074120
14,simd-v0,251,0.119243
14,393435,251,0.089748
14,KACTL,252,1.083287
14,simd-v0,252,0.120094
14,393435,252,0.099756
14,ours-406478,252,0.056395
14,simd-v0,253,0.119313
14,393435,253,0.089458
14,ours-406478,253,0.072546
14,KACTL,253,1.098716
14,393435,254,0.089378
14,ours-406478,254,0.056566
14,KACTL,254,1.083948
14,simd-v0,254,0.119865
14,ours-406478,255,0.056326
14,KACTL,255,1.094458
14,simd-v0,255,0.119274
14,393435,255,0.089167
14,KACTL,256,1.083297
14,simd-v0,256,0.122048
14,393435,256,0.089287
14,ours-406478,256,0.056406
14,simd-v0,257,0.119284
14,393435,257,0.089317
14,ours-406478,257,0.056215
14,KACTL,257,1.129534
14,393435,258,0.089277
14,ours-406478,258,0.056285
14,KACTL,258,1.081825
14,simd-v0,258,0.119303
14,ours-406478,259,0.056446
14,KACTL,259,1.080753
14,simd-v0,259,0.119373
14,393435,259,0.089197
14,KACTL,260,1.076785
14,simd-v0,260,0.129542
14,393435,260,0.089247
14,ours-406478,260,0.056356
14,simd-v0,261,0.130023
14,393435,261,0.089468
14,ours-406478,261,0.056386
14,KACTL,261,1.101381
14,393435,262,0.089447
14,ours-406478,262,0.056466
14,KACTL,262,1.077226
14,simd-v0,262,0.120075
14,ours-406478,263,0.067225
14,KACTL,263,1.080712
14,simd-v0,263,0.119534
14,393435,263,0.089207
14,KACTL,264,1.078488
14,simd-v0,264,0.119194
14,393435,264,0.089027
14,ours-406478,264,0.056336
14,simd-v0,265,0.119243
14,393435,265,0.089297
14,ours-406478,265,0.057077
14,KACTL,265,1.093176
14,393435,266,0.089778
14,ours-406478,266,0.056326
14,KACTL,266,1.074260
14,simd-v0,266,0.119303
14,ours-406478,267,0.056256
14,KACTL,267,1.080923
14,simd-v0,267,0.119133
14,393435,267,0.089116
14,KACTL,268,1.076906
14,simd-v0,268,0.129803
14,393435,268,0.089277
14,ours-406478,268,0.056315
14,simd-v0,269,0.119283
14,393435,269,0.089167
14,ours-406478,269,0.056245
14,KACTL,269,1.081734
14,393435,270,0.088957
14,ours-406478,270,0.056335
14,KACTL,270,1.228689
14,simd-v0,270,0.131897
14,ours-406478,271,0.056786
14,KACTL,271,1.084770
14,simd-v0,271,0.119393
14,393435,271,0.089578
14,KACTL,272,1.076103
14,simd-v0,272,0.119303
14,393435,272,0.089327
14,ours-406478,272,0.056256
14,simd-v0,273,0.119283
14,393435,273,0.099706
14,ours-406478,273,0.056355
14,KACTL,273,1.080573
14,393435,274,0.089297
14,ours-406478,274,0.056295
14,KACTL,274,1.075703
14,simd-v0,274,0.119233
14,ours-406478,275,0.056265
14,KACTL,275,1.081123
14,simd-v0,275,0.119294
14,393435,275,0.089387
14,KACTL,276,1.086272
14,simd-v0,276,0.119173
14,393435,276,0.089177
14,ours-406478,276,0.056325
14,simd-v0,277,0.119263
14,393435,277,0.089037
14,ours-406478,277,0.056265
14,KACTL,277,1.081774
14,393435,278,0.089117
14,ours-406478,278,0.056276
14,KACTL,278,1.078348
14,simd-v0,278,0.129573
14,ours-406478,279,0.056356
14,KACTL,279,1.091633
14,simd-v0,279,0.119233
14,393435,279,0.089027
14,KACTL,280,1.076184
14,simd-v0,280,0.119364
14,393435,280,0.089097
14,ours-406478,280,0.056225
14,simd-v0,281,0.119173
14,393435,281,0.099877
14,ours-406478,281,0.056376
14,KACTL,281,1.079671
14,393435,282,0.089037
14,ours-406478,282,0.056285
14,KACTL,282,1.075843
14,simd-v0,282,0.119123
14,ours-406478,283,0.056195
14,KACTL,283,1.081013
14,simd-v0,283,0.119193
14,393435,283,0.089347
14,KACTL,284,1.085331
14,simd-v0,284,0.119253
14,393435,284,0.089147
14,ours-406478,284,0.056315
14,simd-v0,285,0.119214
14,393435,285,0.089137
14,ours-406478,285,0.056255
14,KACTL,285,1.082206
14,393435,286,0.089357
14,ours-406478,286,0.056275
14,KACTL,286,1.075593
14,simd-v0,286,0.129633
14,ours-406478,287,0.056426
14,KACTL,287,1.082175
14,simd-v0,287,0.119403
14,393435,287,0.089247
14,KACTL,288,1.076564
14,simd-v0,288,0.118953
14,393435,288,0.089397
14,ours-406478,288,0.056315
14,simd-v0,289,0.119233
14,393435,289,0.099937
14,ours-406478,289,0.056366
14,KACTL,289,1.078899
14,393435,290,0.089468
14,ours-406478,290,0.056195
14,KACTL,290,1.076645
14,simd-v0,290,0.119243
14,ours-406478,291,0.056215
14,KACTL,291,1.080182
14,simd-v0,291,0.119234
14,393435,291,0.088836
14,KACTL,292,1.075533
14,simd-v0,292,0.129762
14,393435,292,0.089167
14,ours-406478,292,0.056325
14,simd-v0,293,0.119293
14,393435,293,0.091742
14,ours-406478,293,0.056306
14,KACTL,293,1.079961
14,393435,294,0.089418
14,ours-406478,294,0.056326
14,KACTL,294,1.107863
14,simd-v0,294,0.140263
14,ours-406478,295,0.057909
14,KACTL,295,1.089539
14,simd-v0,295,0.119133
14,393435,295,0.089788
14,KACTL,296,1.085601
14,simd-v0,296,0.119103
14,393435,296,0.089438
14,ours-406478,296,0.056255
14,simd-v0,297,0.119263
14,393435,297,0.110807
14,ours-406478,297,0.056436
14,KACTL,297,1.097765
14,393435,298,0.088786
14,ours-406478,298,0.056416
14,KACTL,298,1.086894
14,simd-v0,298,0.119183
14,ours-406478,299,0.056877
14,KACTL,299,1.088887
14,simd-v0,299,0.119153
14,393435,299,0.108243
14,KACTL,300,1.093356
14,simd-v0,300,0.119433
14,393435,300,0.089367
14,ours-406478,300,0.056415
14,simd-v0,301,0.119454
14,393435,301,0.089447
14,ours-406478,301,0.056336
14,KACTL,301,1.090631
14,393435,302,0.089367
14,ours-406478,302,0.056265
14,KACTL,302,1.104166
14,simd-v0,302,0.119323
14,ours-406478,303,0.056316
14,KACTL,303,1.088166
14,simd-v0,303,0.119273
14,393435,303,0.090058
14,KACTL,304,1.077036
14,simd-v0,304,0.119133
14,393435,304,0.089177
14,ours-406478,304,0.056286
14,simd-v0,305,0.130124
14,393435,305,0.089427
14,ours-406478,305,0.056315
14,KACTL,305,1.079731
14,393435,306,0.089237
14,ours-406478,306,0.056316
14,KACTL,306,1.074010
14,simd-v0,306,0.119303
14,ours-406478,307,0.056265
14,KACTL,307,1.081924
14,simd-v0,307,0.119373
14,393435,307,0.100187
14,KACTL,308,1.076695
14,simd-v0,308,0.119343
14,393435,308,0.088896
14,ours-406478,308,0.056335
14,simd-v0,309,0.119313
14,393435,309,0.088987
14,ours-406478,309,0.056285
14,KACTL,309,1.080713
14,393435,310,0.088756
14,ours-406478,310,0.056366
14,KACTL,310,1.084679
14,simd-v0,310,0.120134
14,ours-406478,311,0.056255
14,KACTL,311,1.079741
14,simd-v0,311,0.119373
14,393435,311,0.089227
14,KACTL,312,1.089749
14,simd-v0,312,0.119304
14,393435,312,0.089197
14,ours-406478,312,0.056506
14,simd-v0,313,0.131295
14,393435,313,0.089167
14,ours-406478,313,0.056435
14,KACTL,313,1.079340
14,393435,314,0.089087
14,ours-406478,314,0.056326
14,KACTL,314,1.079030
14,simd-v0,314,0.119114
14,ours-406478,315,0.056275
14,KACTL,315,1.081343
14,simd-v0,315,0.119163
14,393435,315,0.099586
14,KACTL,316,1.087184
14,simd-v0,316,0.119364
14,393435,316,0.088726
14,ours-406478,316,0.056135
14,simd-v0,317,0.118913
14,393435,317,0.089016
14,ours-406478,317,0.056195
14,KACTL,317,1.081093
14,393435,318,0.089448
14,ours-406478,318,0.056345
14,KACTL,318,1.085242
14,simd-v0,318,0.119984
14,ours-406478,319,0.056335
14,KACTL,319,1.080332
14,simd-v0,319,0.119163
14,393435,319,0.089999
14,KACTL,320,1.076625
14,simd-v0,320,0.119343
14,393435,320,0.089077
14,ours-406478,320,0.056335
14,simd-v0,321,0.129733
14,393435,321,0.089628
14,ours-406478,321,0.056366
14,KACTL,321,1.080633
14,393435,322,0.089237
14,ours-406478,322,0.059280
14,KACTL,322,1.075853
14,simd-v0,322,0.119303
14,ours-406478,323,0.056365
14,KACTL,323,1.083257
14,simd-v0,323,0.119243
14,393435,323,0.099556
14,KACTL,324,1.074811
14,simd-v0,324,0.119133
14,393435,324,0.089087
14,ours-406478,324,0.056326
14,simd-v0,325,0.119363
14,393435,325,0.089177
14,ours-406478,325,0.056336
14,KACTL,325,1.079861
14,393435,326,0.089256
14,ours-406478,326,0.056345
14,KACTL,326,1.084148
14,simd-v0,326,0.119303
14,ours-406478,327,0.056226
14,KACTL,327,1.092414
14,simd-v0,327,0.119333
14,393435,327,0.089037
14,KACTL,328,1.077036
14,simd-v0,328,0.119233
14,393435,328,0.089337
14,ours-406478,328,0.056255
14,simd-v0,329,0.129602
14,393435,329,0.089327
14,ours-406478,329,0.056385
14,KACTL,329,1.082646
14,393435,330,0.088957
14,ours-406478,330,0.056235
14,KACTL,330,1.075843
14,simd-v0,330,0.119274
14,ours-406478,331,0.056355
14,KACTL,331,1.080662
14,simd-v0,331,0.119173
14,393435,331,0.099877
14,KACTL,332,1.077406
14,simd-v0,332,0.119143
14,393435,332,0.089237
14,ours-406478,332,0.056336
14,simd-v0,333,0.119203
14,393435,333,0.089257
14,ours-406478,333,0.056386
14,KACTL,333,1.080873
14,393435,334,0.089187
14,ours-406478,334,0.056315
14,KACTL,334,1.084870
14,simd-v0,334,0.119223
14,ours-406478,335,0.056406
14,KACTL,335,1.122842
14,simd-v0,335,0.119183
14,393435,335,0.089337
14,KACTL,336,1.083788
14,simd-v0,336,0.119183
14,393435,336,0.089297
14,ours-406478,336,0.056606
14,simd-v0,337,0.130294
14,393435,337,0.096841
14,ours-406478,337,0.056245
14,KACTL,337,1.093116
14,393435,338,0.089518
14,ours-406478,338,0.056375
14,KACTL,338,1.075533
14,simd-v0,338,0.119163
14,ours-406478,339,0.056206
14,KACTL,339,1.080732
14,simd-v0,339,0.119073
14,393435,339,0.099647
14,KACTL,340,1.075522
14,simd-v0,340,0.119273
14,393435,340,0.089167
14,ours-406478,340,0.056326
14,simd-v0,341,0.119263
14,393435,341,0.089237
14,ours-406478,341,0.056295
14,KACTL,341,1.081785
14,393435,342,0.089687
14,ours-406478,342,0.056336
14,KACTL,342,1.084720
14,simd-v0,342,0.119253
14,ours-406478,343,0.056315
14,KACTL,343,1.081574
14,simd-v0,343,0.119333
14,393435,343,0.089217
14,KACTL,344,1.076364
14,simd-v0,344,0.119143
14,393435,344,0.089117
14,ours-406478,344,0.056155
14,simd-v0,345,0.129943
14,393435,345,0.089928
14,ours-406478,345,0.056245
14,KACTL,345,1.078709
14,393435,346,0.089317
14,ours-406478,346,0.056326
14,KACTL,346,1.075853
14,simd-v0,346,0.119243
14,ours-406478,347,0.056346
14,KACTL,347,1.078749
14,simd-v0,347,0.119354
14,393435,347,0.099686
14,KACTL,348,1.074421
14,simd-v0,348,0.119254
14,393435,348,0.089377
14,ours-406478,348,0.056155
14,simd-v0,349,0.119173
14,393435,349,0.088816
14,ours-406478,349,0.056285
14,KACTL,349,1.080362
14,393435,350,0.088977
14,ours-406478,350,0.056246
14,KACTL,350,1.084009
14,simd-v0,350,0.119423
14,ours-406478,351,0.056346
14,KACTL,351,1.082666
14,simd-v0,351,0.119233
14,393435,351,0.089117
14,KACTL,352,1.076975
14,simd-v0,352,0.119153
14,393435,352,0.089257
14,ours-406478,352,0.056326
14,simd-v0,353,0.119273
14,393435,353,0.089257
14,ours-406478,353,0.057037
14,KACTL,353,1.079731
14,393435,354,0.089207
14,ours-406478,354,0.056336
14,KACTL,354,1.074651
14,simd-v0,354,0.119293
14,ours-406478,355,0.056315
14,KACTL,355,1.082075
14,simd-v0,355,0.119284
14,393435,355,0.089147
14,KACTL,356,1.085481
14,simd-v0,356,0.120105
14,393435,356,0.089187
14,ours-406478,356,0.056345
14,simd-v0,357,0.119273
14,393435,357,0.089187
14,ours-406478,357,0.056265
14,KACTL,357,1.081774
14,393435,358,0.089348
14,ours-406478,358,0.056325
14,KACTL,358,1.078078
14,simd-v0,358,0.129813
14,ours-406478,359,0.056355
14,KACTL,359,1.079049
14,simd-v0,359,0.119103
14,393435,359,0.089227
14,KACTL,360,1.075552
14,simd-v0,360,0.119133
14,393435,360,0.089296
14,ours-406478,360,0.056265
14,simd-v0,361,0.119403
14,393435,361,0.109936
14,ours-406478,361,0.056305
14,KACTL,361,1.082175
14,393435,362,0.089417
14,ours-406478,362,0.056345
14,KACTL,362,1.075873
14,simd-v0,362,0.119103
14,ours-406478,363,0.057037
14,KACTL,363,1.091212
14,simd-v0,363,0.119193
14,393435,363,0.089217
14,KACTL,364,1.086243
14,simd-v0,364,0.119183
14,393435,364,0.089437
14,ours-406478,364,0.056356
14,simd-v0,365,0.119284
14,393435,365,0.089007
14,ours-406478,365,0.056285
14,KACTL,365,1.082336
14,393435,366,0.089357
14,ours-406478,366,0.056305
14,KACTL,366,1.076164
14,simd-v0,366,0.129533
14,ours-406478,367,0.056376
14,KACTL,367,1.081724
14,simd-v0,367,0.119133
14,393435,367,0.088906
14,KACTL,368,1.075172
14,simd-v0,368,0.119263
14,393435,368,0.089317
14,ours-406478,368,0.056295
14,simd-v0,369,0.119323
14,393435,369,0.101911
14,ours-406478,369,0.056395
14,KACTL,369,1.080251
14,393435,370,0.089237
14,ours-406478,370,0.056335
14,KACTL,370,1.077997
14,simd-v0,370,0.119494
14,ours-406478,371,0.056365
14,KACTL,371,1.079490
14,simd-v0,371,0.119203
14,393435,371,0.088856
14,KACTL,372,1.084309
14,simd-v0,372,0.119283
14,393435,372,0.089227
14,ours-406478,372,0.056336
14,simd-v0,373,0.122269
14,393435,373,0.089277
14,ours-406478,373,0.056306
14,KACTL,373,1.080091
14,393435,374,0.089247
14,ours-406478,374,0.056175
14,KACTL,374,1.075252
14,simd-v0,374,0.129602
14,ours-406478,375,0.056326
14,KACTL,375,1.080502
14,simd-v0,375,0.119284
14,393435,375,0.089006
14,KACTL,376,1.075733
14,simd-v0,376,0.119183
14,393435,376,0.088967
14,ours-406478,376,0.056296
14,simd-v0,377,0.119324
14,393435,377,0.099426
14,ours-406478,377,0.056336
14,KACTL,377,1.080181
14,393435,378,0.089598
14,ours-406478,378,0.056305
14,KACTL,378,1.076925
14,simd-v0,378,0.119263
14,ours-406478,379,0.056245
14,KACTL,379,1.081745
14,simd-v0,379,0.119203
14,393435,379,0.089187
14,KACTL,380,1.093506
14,simd-v0,380,0.122168
14,393435,380,0.089928
14,ours-406478,380,0.056406
14,simd-v0,381,0.119403
14,393435,381,0.089247
14,ours-406478,381,0.056326
14,KACTL,381,1.082356
14,393435,382,0.089137
14,ours-406478,382,0.056196
14,KACTL,382,1.076144
14,simd-v0,382,0.129483
14,ours-406478,383,0.056316
14,KACTL,383,1.080832
14,simd-v0,383,0.119203
14,393435,383,0.089077
14,KACTL,384,1.075463
14,simd-v0,384,0.119343
14,393435,384,0.089227
14,ours-406478,384,0.056235
14,simd-v0,385,0.119263
14,393435,385,0.108152
14,ours-406478,385,0.056345
14,KACTL,385,1.081653
14,393435,386,0.089107
14,ours-406478,386,0.056305
14,KACTL,386,1.074571
14,simd-v0,386,0.119253
14,ours-406478,387,0.056275
14,KACTL,387,1.082165
14,simd-v0,387,0.119083
14,393435,387,0.089578
14,KACTL,388,1.084369
14,simd-v0,388,0.119353
14,393435,388,0.089527
14,ours-406478,388,0.056315
14,simd-v0,389,0.119233
14,393435,389,0.089227
14,ours-406478,389,0.056235
14,KACTL,389,1.081534
14,393435,390,0.089166
14,ours-406478,390,0.056275
14,KACTL,390,1.073609
14,simd-v0,390,0.129332
14,ours-406478,391,0.056305
14,KACTL,391,1.080242
14,simd-v0,391,0.119423
14,393435,391,0.088466
14,KACTL,392,1.074560
14,simd-v0,392,0.119214
14,393435,392,0.088816
14,ours-406478,392,0.056195
14,simd-v0,393,0.119043
14,393435,393,0.089247
14,ours-406478,393,0.066875
14,KACTL,393,1.079451
14,393435,394,0.089007
14,ours-406478,394,0.056285
14,KACTL,394,1.074140
14,simd-v0,394,0.121768
14,ours-406478,395,0.056305
14,KACTL,395,1.081454
14,simd-v0,395,0.119284
14,393435,395,0.088846
14,KACTL,396,1.076384
14,simd-v0,396,0.130314
14,393435,396,0.089918
14,ours-406478,396,0.056245
14,simd-v0,397,0.119424
14,393435,397,0.088826
14,ours-406478,397,0.056315
14,KACTL,397,1.081784
14,393435,398,0.089427
14,ours-406478,398,0.056356
14,KACTL,398,1.075463
14,simd-v0,398,0.119173
14,ours-406478,399,0.066735
14,KACTL,399,1.080191
14,simd-v0,399,0.119153
14,393435,399,0.089127
14,KACTL,400,1.076294
14,simd-v0,400,0.119123
14,393435,400,0.089136
14,ours-406478,400,0.056276
14,simd-v0,401,0.119334
14,393435,401,0.089367
14,ours-406478,401,0.067496
14,KACTL,401,1.079680
14,393435,402,0.088977
14,ours-406478,402,0.057107
14,KACTL,402,1.078619
14,simd-v0,402,0.119244
14,ours-406478,403,0.056365
14,KACTL,403,1.082355
14,simd-v0,403,0.119234
14,393435,403,0.089317
14,KACTL,404,1.076034
14,simd-v0,404,0.130033
14,393435,404,0.088886
14,ours-406478,404,0.056335
14,simd-v0,405,0.119374
14,393435,405,0.089307
14,ours-406478,405,0.056275
14,KACTL,405,1.080492
14,393435,406,0.089137
14,ours-406478,406,0.056255
14,KACTL,406,1.075452
14,simd-v0,406,0.119183
14,ours-406478,407,0.067045
14,KACTL,407,1.078629
14,simd-v0,407,0.119013
14,393435,407,0.089347
14,KACTL,408,1.073770
14,simd-v0,408,0.119183
14,393435,408,0.089698
14,ours-406478,408,0.056336
14,simd-v0,409,0.119304
14,393435,409,0.089337
14,ours-406478,409,0.056336
14,KACTL,409,1.121930
14,393435,410,0.089066
14,ours-406478,410,0.056426
14,KACTL,410,1.074080
14,simd-v0,410,0.119213
14,ours-406478,411,0.056305
14,KACTL,411,1.080432
14,simd-v0,411,0.119484
14,393435,411,0.089097
14,KACTL,412,1.077286
14,simd-v0,412,0.129873
14,393435,412,0.089307
14,ours-406478,412,0.056285
14,simd-v0,413,0.119163
14,393435,413,0.089147
14,ours-406478,413,0.056376
14,KACTL,413,1.081764
14,393435,414,0.089127
14,ours-406478,414,0.056316
14,KACTL,414,1.076364
14,simd-v0,414,0.119364
14,ours-406478,415,0.068849
14,KACTL,415,1.080312
14,simd-v0,415,0.119103
14,393435,415,0.089387
14,KACTL,416,1.075543
14,simd-v0,416,0.122208
14,393435,416,0.089337
14,ours-406478,416,0.056335
14,simd-v0,417,0.119333
14,393435,417,0.089117
14,ours-406478,417,0.056265
14,KACTL,417,1.079921
14,393435,418,0.089167
14,ours-406478,418,0.056235
14,KACTL,418,1.075262
14,simd-v0,418,0.119163
14,ours-406478,419,0.056286
14,KACTL,419,1.080773
14,simd-v0,419,0.119163
14,393435,419,0.089327
14,KACTL,420,1.111360
14,simd-v0,420,0.131376
14,393435,420,0.089638
14,ours-406478,420,0.056566
14,simd-v0,421,0.120105
14,393435,421,0.089517
14,ours-406478,421,0.056315
14,KACTL,421,1.082636
14,393435,422,0.089227
14,ours-406478,422,0.056305
14,KACTL,422,1.075422
14,simd-v0,422,0.119333
14,ours-406478,423,0.066985
14,KACTL,423,1.080021
14,simd-v0,423,0.119254
14,393435,423,0.089087
14,KACTL,424,1.081985
14,simd-v0,424,0.119263
14,393435,424,0.089467
14,ours-406478,424,0.056296
14,simd-v0,425,0.119293
14,393435,425,0.089217
14,ours-406478,425,0.066985
14,KACTL,425,1.079500
14,393435,426,0.089047
14,ours-406478,426,0.056296
14,KACTL,426,1.074792
14,simd-v0,426,0.119484
14,ours-406478,427,0.056336
14,KACTL,427,1.079961
14,simd-v0,427,0.119143
14,393435,427,0.089558
14,KACTL,428,1.075652
14,simd-v0,428,0.129783
14,393435,428,0.089077
14,ours-406478,428,0.056326
14,simd-v0,429,0.119363
14,393435,429,0.091983
14,ours-406478,429,0.056315
14,KACTL,429,1.080963
14,393435,430,0.089097
14,ours-406478,430,0.056265
14,KACTL,430,1.075412
14,simd-v0,430,0.119263
14,ours-406478,431,0.066915
14,KACTL,431,1.100429
14,simd-v0,431,0.119343
14,393435,431,0.088996
14,KACTL,432,1.106821
14,simd-v0,432,0.119173
14,393435,432,0.089217
14,ours-406478,432,0.057176
14,simd-v0,433,0.119293
14,393435,433,0.089267
14,ours-406478,433,0.080000
14,KACTL,433,1.084349
14,393435,434,0.089116
14,ours-406478,434,0.056445
14,KACTL,434,1.075883
14,simd-v0,434,0.119203
14,ours-406478,435,0.056386
14,KACTL,435,1.079671
14,simd-v0,435,0.119283
14,393435,435,0.088696
14,KACTL,436,1.080202
14,simd-v0,436,0.129502
14,393435,436,0.089458
14,ours-406478,436,0.056305
14,simd-v0,437,0.119233
14,393435,437,0.089378
14,ours-406478,437,0.056275
14,KACTL,437,1.081174
14,393435,438,0.089227
14,ours-406478,438,0.056395
14,KACTL,438,1.079290
14,simd-v0,438,0.119153
14,ours-406478,439,0.056385
14,KACTL,439,1.093647
14,simd-v0,439,0.119303
14,393435,439,0.089277
14,KACTL,440,1.076835
14,simd-v0,440,0.119062
14,393435,440,0.089207
14,ours-406478,440,0.056315
14,simd-v0,441,0.119133
14,393435,441,0.089057
14,ours-406478,441,0.067036
14,KACTL,441,1.081133
14,393435,442,0.089278
14,ours-406478,442,0.056225
14,KACTL,442,1.074181
14,simd-v0,442,0.119244
14,ours-406478,443,0.056335
14,KACTL,443,1.086002
14,simd-v0,443,0.119123
14,393435,443,0.089117
14,KACTL,444,1.076234
14,simd-v0,444,0.129702
14,393435,444,0.089438
14,ours-406478,444,0.056245
14,simd-v0,445,0.119264
14,393435,445,0.088866
14,ours-406478,445,0.056326
14,KACTL,445,1.082716
14,393435,446,0.089217
14,ours-406478,446,0.056275
14,KACTL,446,1.076986
14,simd-v0,446,0.118953
14,ours-406478,447,0.066865
14,KACTL,447,1.079671
14,simd-v0,447,0.119193
14,393435,447,0.088846
14,KACTL,448,1.076505
14,simd-v0,448,0.119083
14,393435,448,0.089267
14,ours-406478,448,0.056185
14,simd-v0,449,0.119253
14,393435,449,0.088956
14,ours-406478,449,0.066765
14,KACTL,449,1.079380
14,393435,450,0.088966
14,ours-406478,450,0.056296
14,KACTL,450,1.075453
14,simd-v0,450,0.119283
14,ours-406478,451,0.056276
14,KACTL,451,1.079270
14,simd-v0,451,0.119183
14,393435,451,0.088927
14,KACTL,452,1.097404
14,simd-v0,452,0.137748
14,393435,452,0.089647
14,ours-406478,452,0.056496
14,simd-v0,453,0.119163
14,393435,453,0.093424
14,ours-406478,453,0.056315
14,KACTL,453,1.082206
14,393435,454,0.089327
14,ours-406478,454,0.056356
14,KACTL,454,1.075112
14,simd-v0,454,0.119153
14,ours-406478,455,0.056295
14,KACTL,455,1.080763
14,simd-v0,455,0.119203
14,393435,455,0.089267
14,KACTL,456,1.087575
14,simd-v0,456,0.119103
14,393435,456,0.089387
14,ours-406478,456,0.056325
14,simd-v0,457,0.119313
14,393435,457,0.089337
14,ours-406478,457,0.079539
14,KACTL,457,1.082295
14,393435,458,0.089247
14,ours-406478,458,0.056366
14,KACTL,458,1.076956
14,simd-v0,458,0.119253
14,ours-406478,459,0.056296
14,KACTL,459,1.080402
14,simd-v0,459,0.119153
14,393435,459,0.089227
14,KACTL,460,1.078278
14,simd-v0,460,0.131496
14,393435,460,0.089217
14,ours-406478,460,0.056325
14,simd-v0,461,0.119223
14,393435,461,0.088946
14,ours-406478,461,0.056276
14,KACTL,461,1.081574
14,393435,462,0.088756
14,ours-406478,462,0.056275
14,KACTL,462,1.075332
14,simd-v0,462,0.119053
14,ours-406478,463,0.056405
14,KACTL,463,1.081284
14,simd-v0,463,0.119173
14,393435,463,0.089187
14,KACTL,464,1.075333
14,simd-v0,464,0.119224
14,393435,464,0.089397
14,ours-406478,464,0.056345
14,simd-v0,465,0.119234
14,393435,465,0.089267
14,ours-406478,465,0.066885
14,KACTL,465,1.079681
14,393435,466,0.089327
14,ours-406478,466,0.056325
14,KACTL,466,1.074882
14,simd-v0,466,0.119192
14,ours-406478,467,0.056415
14,KACTL,467,1.081935
14,simd-v0,467,0.119163
14,393435,467,0.089247
14,KACTL,468,1.075112
14,simd-v0,468,0.130043
14,393435,468,0.089437
14,ours-406478,468,0.056316
14,simd-v0,469,0.119274
14,393435,469,0.089036
14,ours-406478,469,0.057047
14,KACTL,469,1.079730
14,393435,470,0.089287
14,ours-406478,470,0.056285
14,KACTL,470,1.076184
14,simd-v0,470,0.119273
14,ours-406478,471,0.066885
14,KACTL,471,1.078749
14,simd-v0,471,0.119133
14,393435,471,0.089157
14,KACTL,472,1.073890
14,simd-v0,472,0.119083
14,393435,472,0.089247
14,ours-406478,472,0.056315
14,simd-v0,473,0.119204
14,393435,473,0.089317
14,ours-406478,473,0.056356
14,KACTL,473,1.091483
14,393435,474,0.089267
14,ours-406478,474,0.056225
14,KACTL,474,1.074761
14,simd-v0,474,0.119163
14,ours-406478,475,0.059822
14,KACTL,475,1.081965
14,simd-v0,475,0.119233
14,393435,475,0.089207
14,KACTL,476,1.075092
14,simd-v0,476,0.129493
14,393435,476,0.088876
14,ours-406478,476,0.056286
14,simd-v0,477,0.119263
14,393435,477,0.089017
14,ours-406478,477,0.056345
14,KACTL,477,1.080483
14,393435,478,0.089258
14,ours-406478,478,0.056356
14,KACTL,478,1.076715
14,simd-v0,478,0.119154
14,ours-406478,479,0.056365
14,KACTL,479,1.091603
14,simd-v0,479,0.119042
14,393435,479,0.089347
14,KACTL,480,1.076265
14,simd-v0,480,0.119294
14,393435,480,0.089277
14,ours-406478,480,0.056325
14,simd-v0,481,0.119334
14,393435,481,0.089247
14,ours-406478,481,0.056256
14,KACTL,481,1.102814
14,393435,482,0.089107
14,ours-406478,482,0.058539
14,KACTL,482,1.077396
14,simd-v0,482,0.120626
14,ours-406478,483,0.056295
14,KACTL,483,1.079810
14,simd-v0,483,0.119163
14,393435,483,0.089097
14,KACTL,484,1.075542
14,simd-v0,484,0.129783
14,393435,484,0.089397
14,ours-406478,484,0.056376
14,simd-v0,485,0.119213
14,393435,485,0.089177
14,ours-406478,485,0.056315
14,KACTL,485,1.081124
14,393435,486,0.089267
14,ours-406478,486,0.056415
14,KACTL,486,1.074871
14,simd-v0,486,0.119153
14,ours-406478,487,0.056236
14,KACTL,487,1.092334
14,simd-v0,487,0.119243
14,393435,487,0.089778
14,KACTL,488,1.074080
14,simd-v0,488,0.119043
14,393435,488,0.089207
14,ours-406478,488,0.056365
14,simd-v0,489,0.119133
14,393435,489,0.089127
14,ours-406478,489,0.056245
14,KACTL,489,1.093006
14,393435,490,0.089818
14,ours-406478,490,0.056355
14,KACTL,490,1.077216
14,simd-v0,490,0.119223
14,ours-406478,491,0.056226
14,KACTL,491,1.080943
14,simd-v0,491,0.120125
14,393435,491,0.089207
14,KACTL,492,1.075944
14,simd-v0,492,0.119253
14,393435,492,0.099877
14,ours-406478,492,0.056336
14,simd-v0,493,0.119283
14,393435,493,0.089167
14,ours-406478,493,0.056315
14,KACTL,493,1.080552
14,393435,494,0.089196
14,ours-406478,494,0.056206
14,KACTL,494,1.076205
14,simd-v0,494,0.119323
14,ours-406478,495,0.056365
14,KACTL,495,1.089199
14,simd-v0,495,0.119263
14,393435,495,0.089076
14,KACTL,496,1.076695
14,simd-v0,496,0.119234
14,393435,496,0.093385
14,ours-406478,496,0.056285
14,simd-v0,497,0.120115
14,393435,497,0.089257
14,ours-406478,497,0.056325
14,KACTL,497,1.090852
14,393435,498,0.089207
14,ours-406478,498,0.056276
14,KACTL,498,1.075243
14,simd-v0,498,0.119133
14,ours-406478,499,0.056315
14,KACTL,499,1.080993
14,simd-v0,499,0.119083
14,393435,499,0.089057
14,KACTL,500,1.075513
14,simd-v0,500,0.119153
14,393435,500,0.099697
14,ours-406478,500,0.056376
14,simd-v0,501,0.119203
14,393435,501,0.089237
14,ours-406478,501,0.056256
14,KACTL,501,1.081354
14,393435,502,0.089257
14,ours-406478,502,0.056296
14,KACTL,502,1.075543
14,simd-v0,502,0.119143
14,ours-406478,503,0.056175
14,KACTL,503,1.089990
14,simd-v0,503,0.119233
14,393435,503,0.089238
14,KACTL,504,1.079500
14,simd-v0,504,0.119122
14,393435,504,0.089217
14,ours-406478,504,0.056325
14,simd-v0,505,0.119212
14,393435,505,0.089126
14,ours-406478,505,0.056275
14,KACTL,505,1.092435
14,393435,506,0.099937
14,ours-406478,506,0.056235
14,KACTL,506,1.076715
14,simd-v0,506,0.119192
14,ours-406478,507,0.056346
14,KACTL,507,1.082355
14,simd-v0,507,0.119082
14,393435,507,0.089207
14,KACTL,508,1.075072
14,simd-v0,508,0.119273
14,393435,508,0.099837
14,ours-406478,508,0.056336
14,simd-v0,509,0.119283
14,393435,509,0.089317
14,ours-406478,509,0.056265
14,KACTL,509,1.080171
14,393435,510,0.089788
14,ours-406478,510,0.056266
14,KACTL,510,1.075763
14,simd-v0,510,0.119163
14,ours-406478,511,0.056265
14,KACTL,511,1.091863
14,simd-v0,511,0.119174
14,393435,511,0.089397
14,KACTL,512,1.074120
14,simd-v0,512,0.119173
14,393435,512,0.089047
14,ours-406478,512,0.057167
14,simd-v0,513,0.119273
14,393435,513,0.088956
14,ours-406478,513,0.056286
14,KACTL,513,1.093646
14,393435,514,0.100939
14,ours-406478,514,0.056416
14,KACTL,514,1.076405
14,simd-v0,514,0.119434
14,ours-406478,515,0.056225
14,KACTL,515,1.080542
14,simd-v0,515,0.119373
14,393435,515,0.088967
14,KACTL,516,1.075743
14,simd-v0,516,0.119243
14,393435,516,0.099516
14,ours-406478,516,0.056396
14,simd-v0,517,0.119223
14,393435,517,0.089137
14,ours-406478,517,0.056315
14,KACTL,517,1.077937
14,393435,518,0.089187
14,ours-406478,518,0.056245
14,KACTL,518,1.078278
14,simd-v0,518,0.119274
14,ours-406478,519,0.056245
14,KACTL,519,1.078088
14,simd-v0,519,0.129372
14,393435,519,0.089147
14,KACTL,520,1.075443
14,simd-v0,520,0.119213
14,393435,520,0.089097
14,ours-406478,520,0.056295
14,simd-v0,521,0.120085
14,393435,521,0.089357
14,ours-406478,521,0.056385
14,KACTL,521,1.079119
14,393435,522,0.099817
14,ours-406478,522,0.056316
14,KACTL,522,1.073909
14,simd-v0,522,0.119344
14,ours-406478,523,0.056276
14,KACTL,523,1.078338
14,simd-v0,523,0.120165
14,393435,523,0.089097
14,KACTL,524,1.076786
14,simd-v0,524,0.119273
14,393435,524,0.089448
14,ours-406478,524,0.066905
14,simd-v0,525,0.119203
14,393435,525,0.089317
14,ours-406478,525,0.056286
14,KACTL,525,1.079019
14,393435,526,0.091792
14,ours-406478,526,0.056346
14,KACTL,526,1.076675
14,simd-v0,526,0.119143
14,ours-406478,527,0.056205
14,KACTL,527,1.079139
14,simd-v0,527,0.129472
14,393435,527,0.089337
14,KACTL,528,1.074311
14,simd-v0,528,0.119163
14,393435,528,0.089037
14,ours-406478,528,0.056275
14,simd-v0,529,0.119444
14,393435,529,0.089046
14,ours-406478,529,0.056265
14,KACTL,529,1.079320
14,393435,530,0.099036
14,ours-406478,530,0.056316
14,KACTL,530,1.075373
14,simd-v0,530,0.119263
14,ours-406478,531,0.056386
14,KACTL,531,1.080572
14,simd-v0,531,0.119283
14,393435,531,0.089468
14,KACTL,532,1.082837
14,simd-v0,532,0.119183
14,393435,532,0.089367
14,ours-406478,532,0.067306
14,simd-v0,533,0.119454
14,393435,533,0.089107
14,ours-406478,533,0.056426
14,KACTL,533,1.081634
14,393435,534,0.089167
14,ours-406478,534,0.056175
14,KACTL,534,1.076665
14,simd-v0,534,0.119443
14,ours-406478,535,0.056416
14,KACTL,535,1.079410
14,simd-v0,535,0.129752
14,393435,535,0.089187
14,KACTL,536,1.075643
14,simd-v0,536,0.119223
14,393435,536,0.089488
14,ours-406478,536,0.056225
14,simd-v0,537,0.119053
14,393435,537,0.088837
14,ours-406478,537,0.056195
14,KACTL,537,1.079591
14,393435,538,0.089187
14,ours-406478,538,0.066675
14,KACTL,538,1.075052
14,simd-v0,538,0.119233
14,ours-406478,539,0.056216
14,KACTL,539,1.079039
14,simd-v0,539,0.119283
14,393435,539,0.089387
14,KACTL,540,1.078508
14,simd-v0,540,0.119264
14,393435,540,0.088866
14,ours-406478,540,0.056405
14,simd-v0,541,0.119233
14,393435,541,0.089288
14,ours-406478,541,0.056395
14,KACTL,541,1.078659
14,393435,542,0.089137
14,ours-406478,542,0.056355
14,KACTL,542,1.073980
14,simd-v0,542,0.120125
14,ours-406478,543,0.056426
14,KACTL,543,1.078338
14,simd-v0,543,0.129272
14,393435,543,0.089297
14,KACTL,544,1.074180
14,simd-v0,544,0.119223
14,393435,544,0.089218
14,ours-406478,544,0.056355
14,simd-v0,545,0.119223
14,393435,545,0.089037
14,ours-406478,545,0.056315
14,KACTL,545,1.078268
14,393435,546,0.089147
14,ours-406478,546,0.066795
14,KACTL,546,1.074902
14,simd-v0,546,0.119263
14,ours-406478,547,0.056266
14,KACTL,547,1.079931
14,simd-v0,547,0.121768
14,393435,547,0.089207
14,KACTL,548,1.075343
14,simd-v0,548,0.119354
14,393435,548,0.089217
14,ours-406478,548,0.056315
14,simd-v0,549,0.129743
14,393435,549,0.089447
14,ours-406478,549,0.056286
14,KACTL,549,1.089058
14,393435,550,0.088886
14,ours-406478,550,0.056175
14,KACTL,550,1.074662
14,simd-v0,550,0.119303
14,ours-406478,551,0.056365
14,KACTL,551,1.080121
14,simd-v0,551,0.119213
14,393435,551,0.100298
14,KACTL,552,1.086333
14,simd-v0,552,0.119213
14,393435,552,0.089357
14,ours-406478,552,0.056346
14,simd-v0,553,0.119394
14,393435,553,0.089728
14,ours-406478,553,0.056325
14,KACTL,553,1.080001
14,393435,554,0.089207
14,ours-406478,554,0.056216
14,KACTL,554,1.084609
14,simd-v0,554,0.119183
14,ours-406478,555,0.056296
14,KACTL,555,1.084169
14,simd-v0,555,0.119112
14,393435,555,0.089567
14,KACTL,556,1.075052
14,simd-v0,556,0.119414
14,393435,556,0.089057
14,ours-406478,556,0.056386
14,simd-v0,557,0.130134
14,393435,557,0.089618
14,ours-406478,557,0.056376
14,KACTL,557,1.077937
14,393435,558,0.089247
14,ours-406478,558,0.057398
14,KACTL,558,1.075162
14,simd-v0,558,0.119283
14,ours-406478,559,0.056296
14,KACTL,559,1.080673
14,simd-v0,559,0.119403
14,393435,559,0.099106
14,KACTL,560,1.074230
14,simd-v0,560,0.119183
14,393435,560,0.088817
14,ours-406478,560,0.056325
14,simd-v0,561,0.119223
14,393435,561,0.089217
14,ours-406478,561,0.056275
14,KACTL,561,1.079240
14,393435,562,0.089087
14,ours-406478,562,0.056435
14,KACTL,562,1.087024
14,simd-v0,562,0.119303
14,ours-406478,563,0.056316
14,KACTL,563,1.081244
14,simd-v0,563,0.119293
14,393435,563,0.088976
14,KACTL,564,1.076205
14,simd-v0,564,0.119253
14,393435,564,0.088827
14,ours-406478,564,0.056255
14,simd-v0,565,0.129723
14,393435,565,0.088976
14,ours-406478,565,0.056276
14,KACTL,565,1.079300
14,393435,566,0.089037
14,ours-406478,566,0.056305
14,KACTL,566,1.074601
14,simd-v0,566,0.119373
14,ours-406478,567,0.057087
14,KACTL,567,1.078669
14,simd-v0,567,0.119173
14,393435,567,0.099666
14,KACTL,568,1.074781
14,simd-v0,568,0.119223
14,393435,568,0.089117
14,ours-406478,568,0.056406
14,simd-v0,569,0.119323
14,393435,569,0.089247
14,ours-406478,569,0.056336
14,KACTL,569,1.082987
14,393435,570,0.089257
14,ours-406478,570,0.056415
14,KACTL,570,1.074431
14,simd-v0,570,0.119213
14,ours-406478,571,0.056326
14,KACTL,571,1.078689
14,simd-v0,571,0.119273
14,393435,571,0.088907
14,KACTL,572,1.076535
14,simd-v0,572,0.119694
14,393435,572,0.089457
14,ours-406478,572,0.056396
14,simd-v0,573,0.119233
14,393435,573,0.089037
14,ours-406478,573,0.056385
14,KACTL,573,1.078689
14,393435,574,0.089297
14,ours-406478,574,0.056245
14,KACTL,574,1.074731
14,simd-v0,574,0.119344
14,ours-406478,575,0.056305
14,KACTL,575,1.077897
14,simd-v0,575,0.119213
14,393435,575,0.089327
14,KACTL,576,1.094509
14,simd-v0,576,0.119233
14,393435,576,0.088927
14,ours-406478,576,0.056376
14,simd-v0,577,0.119294
14,393435,577,0.091992
14,ours-406478,577,0.056275
14,KACTL,577,1.082486
14,393435,578,0.089236
14,ours-406478,578,0.056355
14,KACTL,578,1.076134
14,simd-v0,578,0.152185
14,ours-406478,579,0.073859
14,KACTL,579,1.080472
14,simd-v0,579,0.119283
14,393435,579,0.089818
14,KACTL,580,1.074931
14,simd-v0,580,0.119152
14,393435,580,0.089127
14,ours-406478,580,0.056405
14,simd-v0,581,0.129843
14,393435,581,0.088826
14,ours-406478,581,0.056305
14,KACTL,581,1.079260
14,393435,582,0.088976
14,ours-406478,582,0.056376
14,KACTL,582,1.075413
14,simd-v0,582,0.119303
14,ours-406478,583,0.056256
14,KACTL,583,1.080152
14,simd-v0,583,0.119233
14,393435,583,0.099546
14,KACTL,584,1.078709
14,simd-v0,584,0.119243
14,393435,584,0.089026
14,ours-406478,584,0.056305
14,simd-v0,585,0.119363
14,393435,585,0.089046
14,ours-406478,585,0.056256
14,KACTL,585,1.079550
14,393435,586,0.089167
14,ours-406478,586,0.056286
14,KACTL,586,1.074891
14,simd-v0,586,0.119414
14,ours-406478,587,0.056295
14,KACTL,587,1.078499
14,simd-v0,587,0.119233
14,393435,587,0.089237
14,KACTL,588,1.076505
14,simd-v0,588,0.119203
14,393435,588,0.089147
14,ours-406478,588,0.056336
14,simd-v0,589,0.119363
14,393435,589,0.099987
14,ours-406478,589,0.056365
14,KACTL,589,1.079360
14,393435,590,0.089207
14,ours-406478,590,0.056386
14,KACTL,590,1.076785
14,simd-v0,590,0.119364
14,ours-406478,591,0.056295
14,KACTL,591,1.079680
14,simd-v0,591,0.120004
14,393435,591,0.089207
14,KACTL,592,1.085171
14,simd-v0,592,0.119193
14,393435,592,0.089167
14,ours-406478,592,0.056386
14,simd-v0,593,0.119364
14,393435,593,0.088917
14,ours-406478,593,0.056335
14,KACTL,593,1.079881
14,393435,594,0.089217
14,ours-406478,594,0.056286
14,KACTL,594,1.076675
14,simd-v0,594,0.129313
14,ours-406478,595,0.056295
14,KACTL,595,1.077897
14,simd-v0,595,0.119163
14,393435,595,0.088927
14,KACTL,596,1.075183
14,simd-v0,596,0.119303
14,393435,596,0.089267
14,ours-406478,596,0.056385
14,simd-v0,597,0.119203
14,393435,597,0.099967
14,ours-406478,597,0.056386
14,KACTL,597,1.078158
14,393435,598,0.089328
14,ours-406478,598,0.056315
14,KACTL,598,1.076515
14,simd-v0,598,0.121968
14,ours-406478,599,0.056165
14,KACTL,599,1.079410
14,simd-v0,599,0.119924
14,393435,599,0.089288
14,KACTL,600,1.096853
14,simd-v0,600,0.119303
14,393435,600,0.089207
14,ours-406478,600,0.056285
14,simd-v0,601,0.119283
14,393435,601,0.089147
14,ours-406478,601,0.056346
14,KACTL,601,1.079320
14,393435,602,0.088756
14,ours-406478,602,0.056345
14,KACTL,602,1.075603
14,simd-v0,602,0.129623
14,ours-406478,603,0.056375
14,KACTL,603,1.079330
14,simd-v0,603,0.119394
14,393435,603,0.089007
14,KACTL,604,1.075142
14,simd-v0,604,0.119273
14,393435,604,0.089017
14,ours-406478,604,0.056276
14,simd-v0,605,0.120014
14,393435,605,0.099937
14,ours-406478,605,0.056346
14,KACTL,605,1.078599
14,393435,606,0.088976
14,ours-406478,606,0.056235
14,KACTL,606,1.078929
14,simd-v0,606,0.119303
14,ours-406478,607,0.056246
14,KACTL,607,1.079360
14,simd-v0,607,0.119244
14,393435,607,0.089327
14,KACTL,608,1.075132
14,simd-v0,608,0.129352
14,393435,608,0.089237
14,ours-406478,608,0.056336
14,simd-v0,609,0.119274
14,393435,609,0.089076
14,ours-406478,609,0.056295
14,KACTL,609,1.078949
14,393435,610,0.089297
14,ours-406478,610,0.056375
14,KACTL,610,1.098486
14,simd-v0,610,0.130233
14,ours-406478,611,0.056416
14,KACTL,611,1.100279
14,simd-v0,611,0.119313
14,393435,611,0.089447
14,KACTL,612,1.076725
14,simd-v0,612,0.119333
14,393435,612,0.089418
14,ours-406478,612,0.056385
14,simd-v0,613,0.119264
14,393435,613,0.100327
14,ours-406478,613,0.056246
14,KACTL,613,1.082767
14,393435,614,0.109034
14,ours-406478,614,0.072105
14,KACTL,614,1.083017
14,simd-v0,614,0.119283
14,ours-406478,615,0.056285
14,KACTL,615,1.078668
14,simd-v0,615,0.119213
14,393435,615,0.089427
14,KACTL,616,1.085020
14,simd-v0,616,0.119253
14,393435,616,0.089187
14,ours-406478,616,0.056235
14,simd-v0,617,0.119314
14,393435,617,0.089087
14,ours-406478,617,0.056296
14,KACTL,617,1.080392
14,393435,618,0.089407
14,ours-406478,618,0.057077
14,KACTL,618,1.089679
14,simd-v0,618,0.129492
14,ours-406478,619,0.056446
14,KACTL,619,1.078669
14,simd-v0,619,0.119253
14,393435,619,0.089217
14,KACTL,620,1.078178
14,simd-v0,620,0.119203
14,393435,620,0.089777
14,ours-406478,620,0.056335
14,simd-v0,621,0.119013
14,393435,621,0.100347
14,ours-406478,621,0.056395
14,KACTL,621,1.077527
14,393435,622,0.089317
14,ours-406478,622,0.056306
14,KACTL,622,1.076295
14,simd-v0,622,0.119363
14,ours-406478,623,0.056225
14,KACTL,623,1.079570
14,simd-v0,623,0.119914
14,393435,623,0.089418
14,KACTL,624,1.095741
14,simd-v0,624,0.119313
14,393435,624,0.089358
14,ours-406478,624,0.056275
14,simd-v0,625,0.119233
14,393435,625,0.089017
14,ours-406478,625,0.056315
14,KACTL,625,1.080162
14,393435,626,0.089267
14,ours-406478,626,0.056296
14,KACTL,626,1.074201
14,simd-v0,626,0.129412
14,ours-406478,627,0.056326
14,KACTL,627,1.077076
14,simd-v0,627,0.119183
14,393435,627,0.089157
14,KACTL,628,1.079149
14,simd-v0,628,0.119163
14,393435,628,0.089016
14,ours-406478,628,0.056225
14,simd-v0,629,0.119264
14,393435,629,0.099587
14,ours-406478,629,0.056416
14,KACTL,629,1.080091
14,393435,630,0.089478
14,ours-406478,630,0.056275
14,KACTL,630,1.075653
14,simd-v0,630,0.119143
14,ours-406478,631,0.056205
14,KACTL,631,1.080412
14,simd-v0,631,0.119093
14,393435,631,0.089859
14,KACTL,632,1.083087
14,simd-v0,632,0.119324
14,393435,632,0.089588
14,ours-406478,632,0.056285
14,simd-v0,633,0.119363
14,393435,633,0.089117
14,ours-406478,633,0.056345
14,KACTL,633,1.078338
14,393435,634,0.089267
14,ours-406478,634,0.056335
14,KACTL,634,1.118123
14,simd-v0,634,0.131346
14,ours-406478,635,0.056546
14,KACTL,635,1.082056
14,simd-v0,635,0.119233
14,393435,635,0.089427
14,KACTL,636,1.076024
14,simd-v0,636,0.119133
14,393435,636,0.089087
14,ours-406478,636,0.056355
14,simd-v0,637,0.120165
14,393435,637,0.100228
14,ours-406478,637,0.056386
14,KACTL,637,1.079380
14,393435,638,0.088856
14,ours-406478,638,0.056316
14,KACTL,638,1.074841
14,simd-v0,638,0.119172
14,ours-406478,639,0.056225
14,KACTL,639,1.078329
14,simd-v0,639,0.119193
14,393435,639,0.089928
14,KACTL,640,1.084089
14,simd-v0,640,0.119293
14,393435,640,0.089557
14,ours-406478,640,0.056215
14,simd-v0,641,0.119353
14,393435,641,0.089297
14,ours-406478,641,0.056336
14,KACTL,641,1.078528
14,393435,642,0.089197
14,ours-406478,642,0.056295
14,KACTL,642,1.078038
14,simd-v0,642,0.180758
14,ours-406478,643,0.056436
14,KACTL,643,1.085231
14,simd-v0,643,0.119183
14,393435,643,0.089688
14,KACTL,644,1.078208
14,simd-v0,644,0.119253
14,393435,644,0.089247
14,ours-406478,644,0.056225
14,simd-v0,645,0.119304
14,393435,645,0.100548
14,ours-406478,645,0.056436
14,KACTL,645,1.079290
14,393435,646,0.089658
14,ours-406478,646,0.056295
14,KACTL,646,1.081264
14,simd-v0,646,0.119243
14,ours-406478,647,0.056435
14,KACTL,647,1.079029
14,simd-v0,647,0.119154
14,393435,647,0.089257
14,KACTL,648,1.094739
14,simd-v0,648,0.119333
14,393435,648,0.088956
14,ours-406478,648,0.056265
14,simd-v0,649,0.119293
14,393435,649,0.089307
14,ours-406478,649,0.056245
14,KACTL,649,1.087425
14,393435,650,0.089158
14,ours-406478,650,0.056245
14,KACTL,650,1.078198
14,simd-v0,650,0.129743
14,ours-406478,651,0.056326
14,KACTL,651,1.077056
14,simd-v0,651,0.119274
14,393435,651,0.089247
14,KACTL,652,1.075292
14,simd-v0,652,0.119143
14,393435,652,0.089066
14,ours-406478,652,0.056316
14,simd-v0,653,0.119293
14,393435,653,0.099486
14,ours-406478,653,0.056285
14,KACTL,653,1.079160
14,393435,654,0.089187
14,ours-406478,654,0.056345
14,KACTL,654,1.074942
14,simd-v0,654,0.119123
14,ours-406478,655,0.056366
14,KACTL,655,1.080051
14,simd-v0,655,0.119354
14,393435,655,0.089247
14,KACTL,656,1.083528
14,simd-v0,656,0.119224
14,393435,656,0.089047
14,ours-406478,656,0.056335
14,simd-v0,657,0.119253
14,393435,657,0.092123
14,ours-406478,657,0.056305
14,KACTL,657,1.078498
14,393435,658,0.089478
14,ours-406478,658,0.056275
14,KACTL,658,1.076635
14,simd-v0,658,0.130575
14,ours-406478,659,0.056335
14,KACTL,659,1.077466
14,simd-v0,659,0.119253
14,393435,659,0.089036
14,KACTL,660,1.075222
14,simd-v0,660,0.119234
14,393435,660,0.089047
14,ours-406478,660,0.056246
14,simd-v0,661,0.121457
14,393435,661,0.100669
14,ours-406478,661,0.056326
14,KACTL,661,1.080311
14,393435,662,0.089287
14,ours-406478,662,0.056325
14,KACTL,662,1.075793
14,simd-v0,662,0.119194
14,ours-406478,663,0.056325
14,KACTL,663,1.079671
14,simd-v0,663,0.119263
14,393435,663,0.088836
14,KACTL,664,1.086694
14,simd-v0,664,0.119083
14,393435,664,0.089398
14,ours-406478,664,0.056395
14,simd-v0,665,0.119344
14,393435,665,0.089136
14,ours-406478,665,0.056256
14,KACTL,665,1.079119
14,393435,666,0.089076
14,ours-406478,666,0.056266
14,KACTL,666,1.076695
14,simd-v0,666,0.129613
14,ours-406478,667,0.056235
14,KACTL,667,1.079390
14,simd-v0,667,0.119203
14,393435,667,0.089207
14,KACTL,668,1.075813
14,simd-v0,668,0.119172
14,393435,668,0.089097
14,ours-406478,668,0.056335
14,simd-v0,669,0.119263
14,393435,669,0.090099
14,ours-406478,669,0.056305
14,KACTL,669,1.078448
14,393435,670,0.089327
14,ours-406478,670,0.056306
14,KACTL,670,1.075413
14,simd-v0,670,0.119314
14,ours-406478,671,0.056325
14,KACTL,671,1.081443
14,simd-v0,671,0.119133
14,393435,671,0.089187
14,KACTL,672,1.076435
14,simd-v0,672,0.140132
14,393435,672,0.089438
14,ours-406478,672,0.056265
14,simd-v0,673,0.119353
14,393435,673,0.089197
14,ours-406478,673,0.056175
14,KACTL,673,1.106360
14,393435,674,0.089638
14,ours-406478,674,0.056436
14,KACTL,674,1.105158
14,simd-v0,674,0.132448
14,ours-406478,675,0.056455
14,KACTL,675,1.077857
14,simd-v0,675,0.119213
14,393435,675,0.089257
14,KACTL,676,1.075352
14,simd-v0,676,0.119274
14,393435,676,0.089308
14,ours-406478,676,0.056245
14,simd-v0,677,0.119303
14,393435,677,0.099907
14,ours-406478,677,0.056265
14,KACTL,677,1.079149
14,393435,678,0.089507
14,ours-406478,678,0.056266
14,KACTL,678,1.075182
14,simd-v0,678,0.122339
14,ours-406478,679,0.056235
14,KACTL,679,1.080954
14,simd-v0,679,0.119143
14,393435,679,0.089147
14,KACTL,680,1.084710
14,simd-v0,680,0.119334
14,393435,680,0.089067
14,ours-406478,680,0.056375
14,simd-v0,681,0.119414
14,393435,681,0.089327
14,ours-406478,681,0.056355
14,KACTL,681,1.094639
14,393435,682,0.089227
14,ours-406478,682,0.056326
14,KACTL,682,1.074811
14,simd-v0,682,0.129372
14,ours-406478,683,0.056345
14,KACTL,683,1.084319
14,simd-v0,683,0.119404
14,393435,683,0.089037
14,KACTL,684,1.076223
14,simd-v0,684,0.119103
14,393435,684,0.089227
14,ours-406478,684,0.056326
14,simd-v0,685,0.119454
14,393435,685,0.100558
14,ours-406478,685,0.056355
14,KACTL,685,1.079129
14,393435,686,0.089358
14,ours-406478,686,0.056405
14,KACTL,686,1.077196
14,simd-v0,686,0.119043
14,ours-406478,687,0.056245
14,KACTL,687,1.078859
14,simd-v0,687,0.119293
14,393435,687,0.089247
14,KACTL,688,1.083698
14,simd-v0,688,0.119233
14,393435,688,0.089337
14,ours-406478,688,0.056225
14,simd-v0,689,0.119234
14,393435,689,0.089186
14,ours-406478,689,0.056195
14,KACTL,689,1.097615
14,393435,690,0.089277
14,ours-406478,690,0.056435
14,KACTL,690,1.077356
14,simd-v0,690,0.130504
14,ours-406478,691,0.056375
14,KACTL,691,1.078949
14,simd-v0,691,0.119203
14,393435,691,0.089428
14,KACTL,692,1.075403
14,simd-v0,692,0.119163
14,393435,692,0.089087
14,ours-406478,692,0.056265
14,simd-v0,693,0.119253
14,393435,693,0.099697
14,ours-406478,693,0.056416
14,KACTL,693,1.087556
14,393435,694,0.089337
14,ours-406478,694,0.056305
14,KACTL,694,1.074632
14,simd-v0,694,0.119263
14,ours-406478,695,0.056356
14,KACTL,695,1.109076
14,simd-v0,695,0.128420
14,393435,695,0.089458
14,KACTL,696,1.098415
14,simd-v0,696,0.119063
14,393435,696,0.089207
14,ours-406478,696,0.056566
14,simd-v0,697,0.119423
14,393435,697,0.089237
14,ours-406478,697,0.056336
14,KACTL,697,1.079841
14,393435,698,0.089047
14,ours-406478,698,0.056335
14,KACTL,698,1.074711
14,simd-v0,698,0.129563
14,ours-406478,699,0.056326
14,KACTL,699,1.078648
14,simd-v0,699,0.119304
14,393435,699,0.089277
14,KACTL,700,1.074881
14,simd-v0,700,0.119243
14,393435,700,0.089167
14,ours-406478,700,0.056325
14,simd-v0,701,0.119364
14,393435,701,0.099637
14,ours-406478,701,0.056296
14,KACTL,701,1.077807
14,393435,702,0.089277
14,ours-406478,702,0.056315
14,KACTL,702,1.075302
14,simd-v0,702,0.119223
14,ours-406478,703,0.056286
14,KACTL,703,1.078749
14,simd-v0,703,0.119323
14,393435,703,0.089037
14,KACTL,704,1.074531
14,simd-v0,704,0.119203
14,393435,704,0.089257
14,ours-406478,704,0.056325
14,simd-v0,705,0.119083
14,393435,705,0.089116
14,ours-406478,705,0.056276
14,KACTL,705,1.079250
14,393435,706,0.089347
14,ours-406478,706,0.056236
14,KACTL,706,1.074701
14,simd-v0,706,0.129443
14,ours-406478,707,0.056265
14,KACTL,707,1.079951
14,simd-v0,707,0.119293
14,393435,707,0.089187
14,KACTL,708,1.078548
14,simd-v0,708,0.119263
14,393435,708,0.088967
14,ours-406478,708,0.056365
14,simd-v0,709,0.119303
14,393435,709,0.089247
14,ours-406478,709,0.056376
14,KACTL,709,1.077907
14,393435,710,0.089117
14,ours-406478,710,0.056215
14,KACTL,710,1.075092
14,simd-v0,710,0.119393
14,ours-406478,711,0.056316
14,KACTL,711,1.079170
14,simd-v0,711,0.119243
14,393435,711,0.088776
14,KACTL,712,1.074912
14,simd-v0,712,0.129603
14,393435,712,0.088976
14,ours-406478,712,0.056315
14,simd-v0,713,0.119283
14,393435,713,0.089007
14,ours-406478,713,0.056285
14,KACTL,713,1.080252
14,393435,714,0.089166
14,ours-406478,714,0.056325
14,KACTL,714,1.074721
14,simd-v0,714,0.119283
14,ours-406478,715,0.066585
14,KACTL,715,1.079751
14,simd-v0,715,0.119133
14,393435,715,0.089156
14,KACTL,716,1.076405
14,simd-v0,716,0.119213
14,393435,716,0.088676
14,ours-406478,716,0.056396
14,simd-v0,717,0.119323
14,393435,717,0.089127
14,ours-406478,717,0.067075
14,KACTL,717,1.078458
14,393435,718,0.093706
14,ours-406478,718,0.069289
14,KACTL,718,1.096322
14,simd-v0,718,0.119364
14,ours-406478,719,0.056455
14,KACTL,719,1.080172
14,simd-v0,719,0.119283
14,393435,719,0.089437
14,KACTL,720,1.076454
14,simd-v0,720,0.141886
14,393435,720,0.089538
14,ours-406478,720,0.056296
14,simd-v0,721,0.119223
14,393435,721,0.089588
14,ours-406478,721,0.056386
14,KACTL,721,1.083357
14,393435,722,0.089337
14,ours-406478,722,0.056336
14,KACTL,722,1.079440
14,simd-v0,722,0.129512
14,ours-406478,723,0.056325
14,KACTL,723,1.079320
14,simd-v0,723,0.119253
14,393435,723,0.089267
14,KACTL,724,1.076103
14,simd-v0,724,0.119113
14,393435,724,0.089207
14,ours-406478,724,0.056376
14,simd-v0,725,0.119393
14,393435,725,0.089117
14,ours-406478,725,0.067356
14,KACTL,725,1.077647
14,393435,726,0.089468
14,ours-406478,726,0.056336
14,KACTL,726,1.075393
14,simd-v0,726,0.119083
14,ours-406478,727,0.056196
14,KACTL,727,1.078699
14,simd-v0,727,0.119273
14,393435,727,0.088956
14,KACTL,728,1.075172
14,simd-v0,728,0.129502
14,393435,728,0.089648
14,ours-406478,728,0.056346
14,simd-v0,729,0.119223
14,393435,729,0.089037
14,ours-406478,729,0.056235
14,KACTL,729,1.081203
14,393435,730,0.089377
14,ours-406478,730,0.057157
14,KACTL,730,1.076786
14,simd-v0,730,0.119234
14,ours-406478,731,0.066965
14,KACTL,731,1.079150
14,simd-v0,731,0.119233
14,393435,731,0.089298
14,KACTL,732,1.074461
14,simd-v0,732,0.119203
14,393435,732,0.089388
14,ours-406478,732,0.056265
14,simd-v0,733,0.119373
14,393435,733,0.089548
14,ours-406478,733,0.067255
14,KACTL,733,1.077827
14,393435,734,0.088686
14,ours-406478,734,0.056346
14,KACTL,734,1.074480
14,simd-v0,734,0.119313
14,ours-406478,735,0.056346
14,KACTL,735,1.077827
14,simd-v0,735,0.119153
14,393435,735,0.089157
14,KACTL,736,1.110558
14,simd-v0,736,0.130505
14,393435,736,0.089217
14,ours-406478,736,0.056475
14,simd-v0,737,0.119233
14,393435,737,0.089187
14,ours-406478,737,0.056406
14,KACTL,737,1.081394
14,393435,738,0.089237
14,ours-406478,738,0.056325
14,KACTL,738,1.074642
14,simd-v0,738,0.119143
14,ours-406478,739,0.066865
14,KACTL,739,1.078138
14,simd-v0,739,0.119223
14,393435,739,0.089187
14,KACTL,740,1.076605
14,simd-v0,740,0.119334
14,393435,740,0.089377
14,ours-406478,740,0.056276
14,simd-v0,741,0.119313
14,393435,741,0.089207
14,ours-406478,741,0.056315
14,KACTL,741,1.077817
14,393435,742,0.089978
14,ours-406478,742,0.056345
14,KACTL,742,1.074981
14,simd-v0,742,0.119354
14,ours-406478,743,0.056245
14,KACTL,743,1.078548
14,simd-v0,743,0.119183
14,393435,743,0.089247
14,KACTL,744,1.077266
14,simd-v0,744,0.139030
14,393435,744,0.088856
14,ours-406478,744,0.056315
14,simd-v0,745,0.119313
14,393435,745,0.088966
14,ours-406478,745,0.056326
14,KACTL,745,1.080532
14,393435,746,0.089147
14,ours-406478,746,0.056365
14,KACTL,746,1.075743
14,simd-v0,746,0.119012
14,ours-406478,747,0.066716
14,KACTL,747,1.077967
14,simd-v0,747,0.119864
14,393435,747,0.089267
14,KACTL,748,1.076315
14,simd-v0,748,0.119113
14,393435,748,0.089167
14,ours-406478,748,0.056345
14,simd-v0,749,0.119263
14,393435,749,0.089107
14,ours-406478,749,0.056345
14,KACTL,749,1.088528
14,393435,750,0.088956
14,ours-406478,750,0.056275
14,KACTL,750,1.074681
14,simd-v0,750,0.119153
14,ours-406478,751,0.056176
14,KACTL,751,1.080923
14,simd-v0,751,0.119153
14,393435,751,0.089517
14,KACTL,752,1.074571
14,simd-v0,752,0.129792
14,393435,752,0.089056
14,ours-406478,752,0.056336
14,simd-v0,753,0.119233
14,393435,753,0.089297
14,ours-406478,753,0.056356
14,KACTL,753,1.079811
14,393435,754,0.089217
14,ours-406478,754,0.056315
14,KACTL,754,1.074772
14,simd-v0,754,0.120015
14,ours-406478,755,0.056285
14,KACTL,755,1.089128
14,simd-v0,755,0.119294
14,393435,755,0.089157
14,KACTL,756,1.074261
14,simd-v0,756,0.119443
14,393435,756,0.089157
14,ours-406478,756,0.056286
14,simd-v0,757,0.119203
14,393435,757,0.089297
14,ours-406478,757,0.056225
14,KACTL,757,1.086414
14,393435,758,0.089126
14,ours-406478,758,0.056375
14,KACTL,758,1.075412
14,simd-v0,758,0.119223
14,ours-406478,759,0.056315
14,KACTL,759,1.082186
14,simd-v0,759,0.119303
14,393435,759,0.089387
14,KACTL,760,1.075493
14,simd-v0,760,0.119343
14,393435,760,0.099466
14,ours-406478,760,0.056416
14,simd-v0,761,0.119283
14,393435,761,0.089217
14,ours-406478,761,0.056385
14,KACTL,761,1.079460
14,393435,762,0.089127
14,ours-406478,762,0.056245
14,KACTL,762,1.075101
14,simd-v0,762,0.119173
14,ours-406478,763,0.056255
14,KACTL,763,1.087426
14,simd-v0,763,0.119173
14,393435,763,0.089227
14,KACTL,764,1.075292
14,simd-v0,764,0.119313
14,393435,764,0.089277
14,ours-406478,764,0.056376
14,simd-v0,765,0.119363
14,393435,765,0.089347
14,ours-406478,765,0.056306
14,KACTL,765,1.079560
14,393435,766,0.099246
14,ours-406478,766,0.056325
14,KACTL,766,1.077807
14,simd-v0,766,0.119163
14,ours-406478,767,0.056315
14,KACTL,767,1.080031
14,simd-v0,767,0.119134
14,393435,767,0.089407
14,KACTL,768,1.075292
14,simd-v0,768,0.119273
14,393435,768,0.110237
14,ours-406478,768,0.056285
14,simd-v0,769,0.119314
14,393435,769,0.089187
14,ours-406478,769,0.056325
14,KACTL,769,1.080382
14,393435,770,0.089107
14,ours-406478,770,0.056276
14,KACTL,770,1.075773
14,simd-v0,770,0.119232
14,ours-406478,771,0.056275
14,KACTL,771,1.080012
14,simd-v0,771,0.129613
14,393435,771,0.089027
14,KACTL,772,1.074080
14,simd-v0,772,0.119253
14,393435,772,0.089187
14,ours-406478,772,0.056435
14,simd-v0,773,0.119263
14,393435,773,0.089006
14,ours-406478,773,0.056355
14,KACTL,773,1.081173
14,393435,774,0.099145
14,ours-406478,774,0.056275
14,KACTL,774,1.075042
14,simd-v0,774,0.119975
14,ours-406478,775,0.056366
14,KACTL,775,1.079651
14,simd-v0,775,0.119183
14,393435,775,0.089297
14,KACTL,776,1.076344
14,simd-v0,776,0.119223
14,393435,776,0.089027
14,ours-406478,776,0.056406
14,simd-v0,777,0.119344
14,393435,777,0.090019
14,ours-406478,777,0.056335
14,KACTL,777,1.078428
14,393435,778,0.089217
14,ours-406478,778,0.056336
14,KACTL,778,1.074972
14,simd-v0,778,0.119253
14,ours-406478,779,0.056295
14,KACTL,779,1.078728
14,simd-v0,779,0.129532
14,393435,779,0.089216
14,KACTL,780,1.075192
14,simd-v0,780,0.119844
14,393435,780,0.089067
14,ours-406478,780,0.056355
14,simd-v0,781,0.119383
14,393435,781,0.089297
14,ours-406478,781,0.056246
14,KACTL,781,1.079240
14,393435,782,0.101329
14,ours-406478,782,0.056295
14,KACTL,782,1.081053
14,simd-v0,782,0.119133
14,ours-406478,783,0.056326
14,KACTL,783,1.080052
14,simd-v0,783,0.119273
14,393435,783,0.088926
14,KACTL,784,1.074171
14,simd-v0,784,0.119313
14,393435,784,0.088897
14,ours-406478,784,0.067095
14,simd-v0,785,0.119394
14,393435,785,0.089177
14,ours-406478,785,0.056275
14,KACTL,785,1.079650
14,393435,786,0.089037
14,ours-406478,786,0.056366
14,KACTL,786,1.074691
14,simd-v0,786,0.119283
14,ours-406478,787,0.056355
14,KACTL,787,1.079550
14,simd-v0,787,0.129483
14,393435,787,0.089477
14,KACTL,788,1.077557
14,simd-v0,788,0.119955
14,393435,788,0.089487
14,ours-406478,788,0.056325
14,simd-v0,789,0.128069
14,393435,789,0.091842
14,ours-406478,789,0.056335
14,KACTL,789,1.108745
14,393435,790,0.102212
14,ours-406478,790,0.056626
14,KACTL,790,1.076454
14,simd-v0,790,0.120084
14,ours-406478,791,0.056225
14,KACTL,791,1.079991
14,simd-v0,791,0.119253
14,393435,791,0.089317
14,KACTL,792,1.074822
14,simd-v0,792,0.119373
14,393435,792,0.089127
14,ours-406478,792,0.078367
14,simd-v0,793,0.119454
14,393435,793,0.089057
14,ours-406478,793,0.056306
14,KACTL,793,1.082366
14,393435,794,0.089318
14,ours-406478,794,0.056225
14,KACTL,794,1.076194
14,simd-v0,794,0.119173
14,ours-406478,795,0.056265
14,KACTL,795,1.080642
14,simd-v0,795,0.129893
14,393435,795,0.089498
14,KACTL,796,1.074642
14,simd-v0,796,0.129912
14,393435,796,0.089117
14,ours-406478,796,0.056326
14,simd-v0,797,0.119243
14,393435,797,0.088846
14,ours-406478,797,0.056305
14,KACTL,797,1.079601
14,393435,798,0.099507
14,ours-406478,798,0.056366
14,KACTL,798,1.074101
14,simd-v0,798,0.119293
14,ours-406478,799,0.056365
14,KACTL,799,1.080172
14,simd-v0,799,0.119143
14,393435,799,0.088917
14,KACTL,800,1.075904
14,simd-v0,800,0.119283
14,393435,800,0.089187
14,ours-406478,800,0.066925
14,simd-v0,801,0.119394
14,393435,801,0.089307
14,ours-406478,801,0.056386
14,KACTL,801,1.078689
14,393435,802,0.089377
14,ours-406478,802,0.056275
14,KACTL,802,1.078909
14,simd-v0,802,0.119273
14,ours-406478,803,0.056296
14,KACTL,803,1.078208
14,simd-v0,803,0.129483
14,393435,803,0.089187
14,KACTL,804,1.074251
14,simd-v0,804,0.119984
14,393435,804,0.089146
14,ours-406478,804,0.056375
14,simd-v0,805,0.119193
14,393435,805,0.089007
14,ours-406478,805,0.056345
14,KACTL,805,1.080703
14,393435,806,0.089077
14,ours-406478,806,0.066575
14,KACTL,806,1.074812
14,simd-v0,806,0.119393
14,ours-406478,807,0.056326
14,KACTL,807,1.078028
14,simd-v0,807,0.119133
14,393435,807,0.089307
14,KACTL,808,1.075503
14,simd-v0,808,0.119153
14,393435,808,0.089788
14,ours-406478,808,0.066825
14,simd-v0,809,0.119113
14,393435,809,0.089026
14,ours-406478,809,0.056335
14,KACTL,809,1.078228
14,393435,810,0.089047
14,ours-406478,810,0.056185
14,KACTL,810,1.077878
14,simd-v0,810,0.119233
14,ours-406478,811,0.056286
14,KACTL,811,1.079340
14,simd-v0,811,0.129342
14,393435,811,0.088926
14,KACTL,812,1.075543
14,simd-v0,812,0.119193
14,393435,812,0.089187
14,ours-406478,812,0.056266
14,simd-v0,813,0.119333
14,393435,813,0.089347
14,ours-406478,813,0.056336
14,KACTL,813,1.079039
14,393435,814,0.089137
14,ours-406478,814,0.066745
14,KACTL,814,1.075392
14,simd-v0,814,0.119263
14,ours-406478,815,0.056285
14,KACTL,815,1.079139
14,simd-v0,815,0.119334
14,393435,815,0.089147
14,KACTL,816,1.076225
14,simd-v0,816,0.134281
14,393435,816,0.104245
14,ours-406478,816,0.056695
14,simd-v0,817,0.119664
14,393435,817,0.089197
14,ours-406478,817,0.056255
14,KACTL,817,1.084821
14,393435,818,0.089237
14,ours-406478,818,0.056346
14,KACTL,818,1.074952
14,simd-v0,818,0.119274
14,ours-406478,819,0.056225
14,KACTL,819,1.079731
14,simd-v0,819,0.129472
14,393435,819,0.088866
14,KACTL,820,1.073720
14,simd-v0,820,0.119173
14,393435,820,0.089197
14,ours-406478,820,0.056305
14,simd-v0,821,0.119243
14,393435,821,0.089347
14,ours-406478,821,0.056315
14,KACTL,821,1.078799
14,393435,822,0.089197
14,ours-406478,822,0.066725
14,KACTL,822,1.074601
14,simd-v0,822,0.119203
14,ours-406478,823,0.056296
14,KACTL,823,1.078087
14,simd-v0,823,0.119394
14,393435,823,0.088946
14,KACTL,824,1.096442
14,simd-v0,824,0.119254
14,393435,824,0.089337
14,ours-406478,824,0.056326
14,simd-v0,825,0.130885
14,393435,825,0.089448
14,ours-406478,825,0.056225
14,KACTL,825,1.078619
14,393435,826,0.089798
14,ours-406478,826,0.056396
14,KACTL,826,1.075312
14,simd-v0,826,0.119103
14,ours-406478,827,0.056175
14,KACTL,827,1.078678
14,simd-v0,827,0.119133
14,393435,827,0.088956
14,KACTL,828,1.075102
14,simd-v0,828,0.119143
14,393435,828,0.089127
14,ours-406478,828,0.056306
14,simd-v0,829,0.119263
14,393435,829,0.089548
14,ours-406478,829,0.056285
14,KACTL,829,1.082837
14,393435,830,0.089227
14,ours-406478,830,0.056296
14,KACTL,830,1.074772
14,simd-v0,830,0.119354
14,ours-406478,831,0.056205
14,KACTL,831,1.079259
14,simd-v0,831,0.119194
14,393435,831,0.092063
14,KACTL,832,1.075132
14,simd-v0,832,0.119103
14,393435,832,0.088847
14,ours-406478,832,0.056415
14,simd-v0,833,0.131577
14,393435,833,0.089187
14,ours-406478,833,0.056296
14,KACTL,833,1.078448
14,393435,834,0.089147
14,ours-406478,834,0.056325
14,KACTL,834,1.075412
14,simd-v0,834,0.119214
14,ours-406478,835,0.056215
14,KACTL,835,1.086163
14,simd-v0,835,0.119203
14,393435,835,0.099917
14,KACTL,836,1.075403
14,simd-v0,836,0.119153
14,393435,836,0.089127
14,ours-406478,836,0.056396
14,simd-v0,837,0.119083
14,393435,837,0.089387
14,ours-406478,837,0.056275
14,KACTL,837,1.078399
14,393435,838,0.089217
14,ours-406478,838,0.056376
14,KACTL,838,1.084931
14,simd-v0,838,0.119163
14,ours-406478,839,0.056175
14,KACTL,839,1.081074
14,simd-v0,839,0.126627
14,393435,839,0.089117
14,KACTL,840,1.084510
14,simd-v0,840,0.119083
14,393435,840,0.089197
14,ours-406478,840,0.056286
14,simd-v0,841,0.130534
14,393435,841,0.089347
14,ours-406478,841,0.056285
14,KACTL,841,1.078368
14,393435,842,0.089227
14,ours-406478,842,0.056445
14,KACTL,842,1.077426
14,simd-v0,842,0.119203
14,ours-406478,843,0.056296
14,KACTL,843,1.078338
14,simd-v0,843,0.119344
14,393435,843,0.099947
14,KACTL,844,1.074621
14,simd-v0,844,0.119293
14,393435,844,0.088846
14,ours-406478,844,0.056326
14,simd-v0,845,0.119334
14,393435,845,0.089247
14,ours-406478,845,0.056265
14,KACTL,845,1.079090
14,393435,846,0.089447
14,ours-406478,846,0.056406
14,KACTL,846,1.087885
14,simd-v0,846,0.119263
14,ours-406478,847,0.056256
14,KACTL,847,1.079050
14,simd-v0,847,0.119243
14,393435,847,0.089276
14,KACTL,848,1.076435
14,simd-v0,848,0.119303
14,393435,848,0.088706
14,ours-406478,848,0.056275
14,simd-v0,849,0.129943
14,393435,849,0.089327
14,ours-406478,849,0.056396
14,KACTL,849,1.078108
14,393435,850,0.089287
14,ours-406478,850,0.056316
14,KACTL,850,1.075383
14,simd-v0,850,0.119213
14,ours-406478,851,0.056346
14,KACTL,851,1.078658
14,simd-v0,851,0.119373
14,393435,851,0.099847
14,KACTL,852,1.074881
14,simd-v0,852,0.119374
14,393435,852,0.089448
14,ours-406478,852,0.056305
14,simd-v0,853,0.119353
14,393435,853,0.089087
14,ours-406478,853,0.056426
14,KACTL,853,1.081594
14,393435,854,0.089458
14,ours-406478,854,0.056275
14,KACTL,854,1.075292
14,simd-v0,854,0.119534
14,ours-406478,855,0.056336
14,KACTL,855,1.077567
14,simd-v0,855,0.119273
14,393435,855,0.089127
14,KACTL,856,1.075973
14,simd-v0,856,0.119273
14,393435,856,0.089086
14,ours-406478,856,0.056375
14,simd-v0,857,0.119213
14,393435,857,0.099897
14,ours-406478,857,0.056385
14,KACTL,857,1.079160
14,393435,858,0.089016
14,ours-406478,858,0.056175
14,KACTL,858,1.077216
14,simd-v0,858,0.119183
14,ours-406478,859,0.056255
14,KACTL,859,1.079280
14,simd-v0,859,0.119303
14,393435,859,0.088927
14,KACTL,860,1.086784
14,simd-v0,860,0.119323
14,393435,860,0.089397
14,ours-406478,860,0.056295
14,simd-v0,861,0.119223
14,393435,861,0.091772
14,ours-406478,861,0.056286
14,KACTL,861,1.081604
14,393435,862,0.089247
14,ours-406478,862,0.056326
14,KACTL,862,1.075493
14,simd-v0,862,0.129542
14,ours-406478,863,0.056395
14,KACTL,863,1.079199
14,simd-v0,863,0.119152
14,393435,863,0.089137
14,KACTL,864,1.086233
14,simd-v0,864,0.119323
14,393435,864,0.088756
14,ours-406478,864,0.056366
14,simd-v0,865,0.118982
14,393435,865,0.100779
14,ours-406478,865,0.056395
14,KACTL,865,1.079260
14,393435,866,0.089407
14,ours-406478,866,0.056336
14,KACTL,866,1.075393
14,simd-v0,866,0.119845
14,ours-406478,867,0.056235
14,KACTL,867,1.079050
14,simd-v0,867,0.119183
14,393435,867,0.089107
14,KACTL,868,1.088277
14,simd-v0,868,0.119253
14,393435,868,0.089418
14,ours-406478,868,0.056356
14,simd-v0,869,0.119243
14,393435,869,0.089808
14,ours-406478,869,0.056295
14,KACTL,869,1.078909
14,393435,870,0.089097
14,ours-406478,870,0.056346
14,KACTL,870,1.074551
14,simd-v0,870,0.129813
14,ours-406478,871,0.056316
14,KACTL,871,1.076695
14,simd-v0,871,0.119414
14,393435,871,0.089277
14,KACTL,872,1.077095
14,simd-v0,872,0.119203
14,393435,872,0.089066
14,ours-406478,872,0.056295
14,simd-v0,873,0.119173
14,393435,873,0.099586
14,ours-406478,873,0.056305
14,KACTL,873,1.079039
14,393435,874,0.089016
14,ours-406478,874,0.056366
14,KACTL,874,1.075032
14,simd-v0,874,0.119243
14,ours-406478,875,0.056325
14,KACTL,875,1.082947
14,simd-v0,875,0.119153
14,393435,875,0.089287
14,KACTL,876,1.083468
14,simd-v0,876,0.119934
14,393435,876,0.089257
14,ours-406478,876,0.056325
14,simd-v0,877,0.119113
14,393435,877,0.089117
14,ours-406478,877,0.056335
14,KACTL,877,1.078949
14,393435,878,0.089407
14,ours-406478,878,0.056245
14,KACTL,878,1.074361
14,simd-v0,878,0.129352
14,ours-406478,879,0.056366
14,KACTL,879,1.079030
14,simd-v0,879,0.119173
14,393435,879,0.089197
14,KACTL,880,1.075032
14,simd-v0,880,0.119263
14,393435,880,0.089217
14,ours-406478,880,0.056316
14,simd-v0,881,0.119132
14,393435,881,0.089257
14,ours-406478,881,0.066645
14,KACTL,881,1.077587
14,393435,882,0.089067
14,ours-406478,882,0.056376
14,KACTL,882,1.074562
14,simd-v0,882,0.119183
14,ours-406478,883,0.058951
14,KACTL,883,1.079200
14,simd-v0,883,0.119192
14,393435,883,0.089117
14,KACTL,884,1.075743
14,simd-v0,884,0.129643
14,393435,884,0.089167
14,ours-406478,884,0.056386
14,simd-v0,885,0.119243
14,393435,885,0.089398
14,ours-406478,885,0.056255
14,KACTL,885,1.078489
14,393435,886,0.089127
14,ours-406478,886,0.056225
14,KACTL,886,1.075112
14,simd-v0,886,0.119223
14,ours-406478,887,0.067827
14,KACTL,887,1.078198
14,simd-v0,887,0.119303
14,393435,887,0.089347
14,KACTL,888,1.084871
14,simd-v0,888,0.119133
14,393435,888,0.089367
14,ours-406478,888,0.056225
14,simd-v0,889,0.119363
14,393435,889,0.089247
14,ours-406478,889,0.067677
14,KACTL,889,1.093877
14,393435,890,0.088976
14,ours-406478,890,0.056325
14,KACTL,890,1.077998
14,simd-v0,890,0.119344
14,ours-406478,891,0.056355
14,KACTL,891,1.078639
14,simd-v0,891,0.119212
14,393435,891,0.089417
14,KACTL,892,1.074170
14,simd-v0,892,0.129673
14,393435,892,0.089287
14,ours-406478,892,0.056316
14,simd-v0,893,0.119273
14,393435,893,0.088646
14,ours-406478,893,0.056325
14,KACTL,893,1.081976
14,393435,894,0.089237
14,ours-406478,894,0.056396
14,KACTL,894,1.075503
14,simd-v0,894,0.119213
14,ours-406478,895,0.067186
14,KACTL,895,1.078589
14,simd-v0,895,0.119283
14,393435,895,0.088996
14,KACTL,896,1.075163
14,simd-v0,896,0.119173
14,393435,896,0.088937
14,ours-406478,896,0.059882
14,simd-v0,897,0.119403
14,393435,897,0.089398
14,ours-406478,897,0.066785
14,KACTL,897,1.081705
14,393435,898,0.088916
14,ours-406478,898,0.056336
14,KACTL,898,1.075453
14,simd-v0,898,0.119243
14,ours-406478,899,0.056315
14,KACTL,899,1.078569
14,simd-v0,899,0.119173
14,393435,899,0.089156
14,KACTL,900,1.074872
14,simd-v0,900,0.129703
14,393435,900,0.089167
14,ours-406478,900,0.056355
14,simd-v0,901,0.119314
14,393435,901,0.089126
14,ours-406478,901,0.056365
14,KACTL,901,1.079360
14,393435,902,0.089478
14,ours-406478,902,0.056355
14,KACTL,902,1.074340
14,simd-v0,902,0.119102
14,ours-406478,903,0.067085
14,KACTL,903,1.124325
14,simd-v0,903,0.119263
14,393435,903,0.089597
14,KACTL,904,1.088046
14,simd-v0,904,0.122058
14,393435,904,0.090159
14,ours-406478,904,0.056656
14,simd-v0,905,0.119173
14,393435,905,0.089287
14,ours-406478,905,0.067346
14,KACTL,905,1.079170
14,393435,906,0.089007
14,ours-406478,906,0.056325
14,KACTL,906,1.075102
14,simd-v0,906,0.119143
14,ours-406478,907,0.056255
14,KACTL,907,1.079190
14,simd-v0,907,0.119283
14,393435,907,0.088917
14,KACTL,908,1.074671
14,simd-v0,908,0.129753
14,393435,908,0.089378
14,ours-406478,908,0.056406
14,simd-v0,909,0.119343
14,393435,909,0.089277
14,ours-406478,909,0.056335
14,KACTL,909,1.081645
14,393435,910,0.089337
14,ours-406478,910,0.056285
14,KACTL,910,1.074110
14,simd-v0,910,0.119133
14,ours-406478,911,0.066845
14,KACTL,911,1.079440
14,simd-v0,911,0.119985
14,393435,911,0.089317
14,KACTL,912,1.078458
14,simd-v0,912,0.119154
14,393435,912,0.089187
14,ours-406478,912,0.056385
14,simd-v0,913,0.119313
14,393435,913,0.089207
14,ours-406478,913,0.066775
14,KACTL,913,1.078258
14,393435,914,0.089077
14,ours-406478,914,0.056315
14,KACTL,914,1.074832
14,simd-v0,914,0.119273
14,ours-406478,915,0.056345
14,KACTL,915,1.079230
14,simd-v0,915,0.119924
14,393435,915,0.089317
14,KACTL,916,1.076415
14,simd-v0,916,0.129382
14,393435,916,0.088726
14,ours-406478,916,0.056315
14,simd-v0,917,0.119063
14,393435,917,0.088997
14,ours-406478,917,0.056255
14,KACTL,917,1.080392
14,393435,918,0.089107
14,ours-406478,918,0.056245
14,KACTL,918,1.073690
14,simd-v0,918,0.119093
14,ours-406478,919,0.066785
14,KACTL,919,1.083488
14,simd-v0,919,0.119163
14,393435,919,0.089157
14,KACTL,920,1.075884
14,simd-v0,920,0.119123
14,393435,920,0.090269
14,ours-406478,920,0.056346
14,simd-v0,921,0.119243
14,393435,921,0.089187
14,ours-406478,921,0.056356
14,KACTL,921,1.089209
14,393435,922,0.089036
14,ours-406478,922,0.056305
14,KACTL,922,1.074110
14,simd-v0,922,0.119363
14,ours-406478,923,0.056395
14,KACTL,923,1.078718
14,simd-v0,923,0.119273
14,393435,923,0.089017
14,KACTL,924,1.075724
14,simd-v0,924,0.129653
14,393435,924,0.089517
14,ours-406478,924,0.056345
14,simd-v0,925,0.119253
14,393435,925,0.089348
14,ours-406478,925,0.056345
14,KACTL,925,1.081153
14,393435,926,0.089116
14,ours-406478,926,0.056255
14,KACTL,926,1.076876
14,simd-v0,926,0.119293
14,ours-406478,927,0.056285
14,KACTL,927,1.100159
14,simd-v0,927,0.119343
14,393435,927,0.089417
14,KACTL,928,1.076074
14,simd-v0,928,0.119123
14,393435,928,0.088997
14,ours-406478,928,0.056316
14,simd-v0,929,0.119353
14,393435,929,0.089076
14,ours-406478,929,0.056265
14,KACTL,929,1.088236
14,393435,930,0.089278
14,ours-406478,930,0.056406
14,KACTL,930,1.073829
14,simd-v0,930,0.119424
14,ours-406478,931,0.056386
14,KACTL,931,1.079771
14,simd-v0,931,0.119183
14,393435,931,0.089197
14,KACTL,932,1.076174
14,simd-v0,932,0.119043
14,393435,932,0.099657
14,ours-406478,932,0.056345
14,simd-v0,933,0.119314
14,393435,933,0.089218
14,ours-406478,933,0.056275
14,KACTL,933,1.079421
14,393435,934,0.092243
14,ours-406478,934,0.056466
14,KACTL,934,1.075012
14,simd-v0,934,0.119224
14,ours-406478,935,0.056315
14,KACTL,935,1.087736
14,simd-v0,935,0.119253
14,393435,935,0.089187
14,KACTL,936,1.074841
14,simd-v0,936,0.119274
14,393435,936,0.089227
14,ours-406478,936,0.056295
14,simd-v0,937,0.119323
14,393435,937,0.089337
14,ours-406478,937,0.056266
14,KACTL,937,1.079951
14,393435,938,0.099126
14,ours-406478,938,0.056296
14,KACTL,938,1.076285
14,simd-v0,938,0.119133
14,ours-406478,939,0.056315
14,KACTL,939,1.116940
14,simd-v0,939,0.120085
14,393435,939,0.089518
14,KACTL,940,1.076865
14,simd-v0,940,0.119212
14,393435,940,0.099266
14,ours-406478,940,0.056586
14,simd-v0,941,0.119203
14,393435,941,0.089377
14,ours-406478,941,0.056326
14,KACTL,941,1.082235
14,393435,942,0.089457
14,ours-406478,942,0.056266
14,KACTL,942,1.074371
14,simd-v0,942,0.121067
14,ours-406478,943,0.056265
14,KACTL,943,1.087265
14,simd-v0,943,0.119293
14,393435,943,0.089487
14,KACTL,944,1.074602
14,simd-v0,944,0.119113
14,393435,944,0.089256
14,ours-406478,944,0.056415
14,simd-v0,945,0.119273
14,393435,945,0.088906
14,ours-406478,945,0.056295
14,KACTL,945,1.079390
14,393435,946,0.089217
14,ours-406478,946,0.057227
14,KACTL,946,1.075503
14,simd-v0,946,0.119344
14,ours-406478,947,0.056286
14,KACTL,947,1.079120
14,simd-v0,947,0.119223
14,393435,947,0.089347
14,KACTL,948,1.077657
14,simd-v0,948,0.119193
14,393435,948,0.099466
14,ours-406478,948,0.056346
14,simd-v0,949,0.119123
14,393435,949,0.089978
14,ours-406478,949,0.056235
14,KACTL,949,1.079901
14,393435,950,0.089207
14,ours-406478,950,0.056396
14,KACTL,950,1.075573
14,simd-v0,950,0.119022
14,ours-406478,951,0.056285
14,KACTL,951,1.095260
14,simd-v0,951,0.119714
14,393435,951,0.089287
14,KACTL,952,1.076515
14,simd-v0,952,0.119243
14,393435,952,0.088827
14,ours-406478,952,0.056306
14,simd-v0,953,0.119273
14,393435,953,0.089187
14,ours-406478,953,0.056245
14,KACTL,953,1.079841
14,393435,954,0.099306
14,ours-406478,954,0.056335
14,KACTL,954,1.075613
14,simd-v0,954,0.119394
14,ours-406478,955,0.056265
14,KACTL,955,1.079010
14,simd-v0,955,0.121658
14,393435,955,0.089859
14,KACTL,956,1.074892
14,simd-v0,956,0.119363
14,393435,956,0.099547
14,ours-406478,956,0.056436
14,simd-v0,957,0.119344
14,393435,957,0.089237
14,ours-406478,957,0.056325
14,KACTL,957,1.080261
14,393435,958,0.088977
14,ours-406478,958,0.056335
14,KACTL,958,1.075563
14,simd-v0,958,0.119143
14,ours-406478,959,0.056375
14,KACTL,959,1.079781
14,simd-v0,959,0.129443
14,393435,959,0.088957
14,KACTL,960,1.076104
14,simd-v0,960,0.119193
14,393435,960,0.089588
14,ours-406478,960,0.056365
14,simd-v0,961,0.119353
14,393435,961,0.089207
14,ours-406478,961,0.056245
14,KACTL,961,1.081133
14,393435,962,0.099066
14,ours-406478,962,0.056315
14,KACTL,962,1.076595
14,simd-v0,962,0.119083
14,ours-406478,963,0.056325
14,KACTL,963,1.092615
14,simd-v0,963,0.119203
14,393435,963,0.089347
14,KACTL,964,1.077848
14,simd-v0,964,0.119163
14,393435,964,0.100017
14,ours-406478,964,0.056265
14,simd-v0,965,0.119423
14,393435,965,0.089297
14,ours-406478,965,0.056225
14,KACTL,965,1.081744
14,393435,966,0.090049
14,ours-406478,966,0.056275
14,KACTL,966,1.074961
14,simd-v0,966,0.119173
14,ours-406478,967,0.056266
14,KACTL,967,1.078258
14,simd-v0,967,0.142737
14,393435,967,0.089087
14,KACTL,968,1.104427
14,simd-v0,968,0.119354
14,393435,968,0.089307
14,ours-406478,968,0.056556
14,simd-v0,969,0.119263
14,393435,969,0.089318
14,ours-406478,969,0.056306
14,KACTL,969,1.091192
14,393435,970,0.100057
14,ours-406478,970,0.056406
14,KACTL,970,1.077416
14,simd-v0,970,0.119283
14,ours-406478,971,0.056306
14,KACTL,971,1.078949
14,simd-v0,971,0.119203
14,393435,971,0.089187
14,KACTL,972,1.076354
14,simd-v0,972,0.119073
14,393435,972,0.099466
14,ours-406478,972,0.056345
14,simd-v0,973,0.119223
14,393435,973,0.089137
14,ours-406478,973,0.056305
14,KACTL,973,1.080683
14,393435,974,0.089037
14,ours-406478,974,0.056205
14,KACTL,974,1.075734
14,simd-v0,974,0.119223
14,ours-406478,975,0.056275
14,KACTL,975,1.102694
14,simd-v0,975,0.119293
14,393435,975,0.089537
14,KACTL,976,1.074401
14,simd-v0,976,0.119203
14,393435,976,0.089307
14,ours-406478,976,0.056395
14,simd-v0,977,0.119243
14,393435,977,0.089327
14,ours-406478,977,0.056306
14,KACTL,977,1.082116
14,393435,978,0.099547
14,ours-406478,978,0.056406
14,KACTL,978,1.113935
14,simd-v0,978,0.119314
14,ours-406478,979,0.056495
14,KACTL,979,1.079260
14,simd-v0,979,0.119153
14,393435,979,0.089477
14,KACTL,980,1.075132
14,simd-v0,980,0.119183
14,393435,980,0.099556
14,ours-406478,980,0.056225
14,simd-v0,981,0.119183
14,393435,981,0.089067
14,ours-406478,981,0.056245
14,KACTL,981,1.078949
14,393435,982,0.089277
14,ours-406478,982,0.056376
14,KACTL,982,1.075843
14,simd-v0,982,0.119383
14,ours-406478,983,0.056276
14,KACTL,983,1.087535
14,simd-v0,983,0.119123
14,393435,983,0.089147
14,KACTL,984,1.076865
14,simd-v0,984,0.119153
14,393435,984,0.089197
14,ours-406478,984,0.059652
14,simd-v0,985,0.119324
14,393435,985,0.089167
14,ours-406478,985,0.056395
14,KACTL,985,1.078748
14,393435,986,0.100318
14,ours-406478,986,0.056256
14,KACTL,986,1.080462
14,simd-v0,986,0.119203
14,ours-406478,987,0.056375
14,KACTL,987,1.080793
14,simd-v0,987,0.119213
14,393435,987,0.089278
14,KACTL,988,1.077537
14,simd-v0,988,0.119083
14,393435,988,0.099556
14,ours-406478,988,0.056305
14,simd-v0,989,0.119123
14,393435,989,0.089528
14,ours-406478,989,0.056355
14,KACTL,989,1.098195
14,393435,990,0.089317
14,ours-406478,990,0.056546
14,KACTL,990,1.078228
14,simd-v0,990,0.119925
14,ours-406478,991,0.056235
14,KACTL,991,1.078088
14,simd-v0,991,0.119293
14,393435,991,0.089167
14,KACTL,992,1.079050
14,simd-v0,992,0.119383
14,393435,992,0.088946
14,ours-406478,992,0.056226
14,simd-v0,993,0.119273
14,393435,993,0.088876
14,ours-406478,993,0.056255
14,KACTL,993,1.078569
14,393435,994,0.099596
14,ours-406478,994,0.056265
14,KACTL,994,1.075402
14,simd-v0,994,0.119323
14,ours-406478,995,0.056276
14,KACTL,995,1.078869
14,simd-v0,995,0.119113
14,393435,995,0.089287
14,KACTL,996,1.075032
14,simd-v0,996,0.119263
14,393435,996,0.099787
14,ours-406478,996,0.056356
14,simd-v0,997,0.119273
14,393435,997,0.089558
14,ours-406478,997,0.056336
14,KACTL,997,1.079360
14,393435,998,0.089638
14,ours-406478,998,0.056355
14,KACTL,998,1.112823
14,simd-v0,998,0.119303
14,ours-406478,999,0.056606
14,KACTL,999,1.097233
14,simd-v0,999,0.119193
14,393435,999,0.089707
14,KACTL,1000,1.074892
14,simd-v0,1000,0.119183
14,393435,1000,0.089278
14,ours-406478,1000,0.056295
15,KACTL,0,2.373792
15,simd-v0,0,0.256991
15,393435,0,0.181369
15,ours-406478,0,0.118191
15,simd-v0,1,0.246582
15,393435,1,0.180799
15,ours-406478,1,0.128741
15,KACTL,1,2.384533
15,393435,2,0.181279
15,ours-406478,2,0.118161
15,KACTL,2,2.380816
15,simd-v0,2,0.246341
15,ours-406478,3,0.121087
15,KACTL,3,2.475243
15,simd-v0,3,0.246381
15,393435,3,0.179896
15,KACTL,4,2.374364
15,simd-v0,4,0.258424
15,393435,4,0.180718
15,ours-406478,4,0.118271
15,simd-v0,5,0.246982
15,393435,5,0.191729
15,ours-406478,5,0.118161
15,KACTL,5,2.382048
15,393435,6,0.180477
15,ours-406478,6,0.119043
15,KACTL,6,2.393659
15,simd-v0,6,0.246441
15,ours-406478,7,0.118141
15,KACTL,7,2.390584
15,simd-v0,7,0.246471
15,393435,7,0.180648
15,KACTL,8,2.378962
15,simd-v0,8,0.257101
15,393435,8,0.180467
15,ours-406478,8,0.118191
15,simd-v0,9,0.246541
15,393435,9,0.180558
15,ours-406478,9,0.128992
15,KACTL,9,2.386186
15,393435,10,0.180628
15,ours-406478,10,0.118131
15,KACTL,10,2.383491
15,simd-v0,10,0.246461
15,ours-406478,11,0.118202
15,KACTL,11,2.391275
15,simd-v0,11,0.246552
15,393435,11,0.181630
15,KACTL,12,2.371188
15,simd-v0,12,0.257302
15,393435,12,0.180548
15,ours-406478,12,0.118081
15,simd-v0,13,0.249538
15,393435,13,0.180518
15,ours-406478,13,0.129102
15,KACTL,13,2.380796
15,393435,14,0.180488
15,ours-406478,14,0.118051
15,KACTL,14,2.381858
15,simd-v0,14,0.246411
15,ours-406478,15,0.118130
15,KACTL,15,2.384162
15,simd-v0,15,0.256851
15,393435,15,0.180908
15,KACTL,16,2.376067
15,simd-v0,16,0.257001
15,393435,16,0.180468
15,ours-406478,16,0.118131
15,simd-v0,17,0.247272
15,393435,17,0.180368
15,ours-406478,17,0.130183
15,KACTL,17,2.392698
15,393435,18,0.181539
15,ours-406478,18,0.118242
15,KACTL,18,2.381688
15,simd-v0,18,0.246611
15,ours-406478,19,0.118111
15,KACTL,19,2.386406
15,simd-v0,19,0.257051
15,393435,19,0.180588
15,KACTL,20,2.374524
15,simd-v0,20,0.258003
15,393435,20,0.180628
15,ours-406478,20,0.118101
15,simd-v0,21,0.246732
15,393435,21,0.180678
15,ours-406478,21,0.118171
15,KACTL,21,2.391756
15,393435,22,0.180478
15,ours-406478,22,0.118061
15,KACTL,22,2.384142
15,simd-v0,22,0.246381
15,ours-406478,23,0.118191
15,KACTL,23,2.385714
15,simd-v0,23,0.257261
15,393435,23,0.180448
15,KACTL,24,2.372170
15,simd-v0,24,0.246402
15,393435,24,0.180538
15,ours-406478,24,0.118151
15,simd-v0,25,0.246492
15,393435,25,0.180498
15,ours-406478,25,0.118121
15,KACTL,25,2.393699
15,393435,26,0.180468
15,ours-406478,26,0.118151
15,KACTL,26,2.383641
15,simd-v0,26,0.253194
15,ours-406478,27,0.118251
15,KACTL,27,2.393699
15,simd-v0,27,0.256931
15,393435,27,0.181490
15,KACTL,28,2.371258
15,simd-v0,28,0.246352
15,393435,28,0.191879
15,ours-406478,28,0.118202
15,simd-v0,29,0.246642
15,393435,29,0.180518
15,ours-406478,29,0.118051
15,KACTL,29,2.393901
15,393435,30,0.180918
15,ours-406478,30,0.118231
15,KACTL,30,2.368612
15,simd-v0,30,0.247232
15,ours-406478,31,0.118231
15,KACTL,31,2.380615
15,simd-v0,31,0.257652
15,393435,31,0.180508
15,KACTL,32,2.371128
15,simd-v0,32,0.246461
15,393435,32,0.191829
15,ours-406478,32,0.118402
15,simd-v0,33,0.246542
15,393435,33,0.187311
15,ours-406478,33,0.118221
15,KACTL,33,2.391475
15,393435,34,0.180598
15,ours-406478,34,0.118111
15,KACTL,34,2.371970
15,simd-v0,34,0.257232
15,ours-406478,35,0.118181
15,KACTL,35,2.382138
15,simd-v0,35,0.256781
15,393435,35,0.180739
15,KACTL,36,2.375766
15,simd-v0,36,0.246321
15,393435,36,0.191097
15,ours-406478,36,0.118192
15,simd-v0,37,0.246631
15,393435,37,0.180548
15,ours-406478,37,0.118041
15,KACTL,37,2.404130
15,393435,38,0.180658
15,ours-406478,38,0.118221
15,KACTL,38,2.374884
15,simd-v0,38,0.256831
15,ours-406478,39,0.118141
15,KACTL,39,2.385595
15,simd-v0,39,0.246411
15,393435,39,0.191177
15,KACTL,40,2.373382
15,simd-v0,40,0.246481
15,393435,40,0.191569
15,ours-406478,40,0.118932
15,simd-v0,41,0.246772
15,393435,41,0.180447
15,ours-406478,41,0.118101
15,KACTL,41,2.393760
15,393435,42,0.180518
15,ours-406478,42,0.118112
15,KACTL,42,2.372310
15,simd-v0,42,0.257943
15,ours-406478,43,0.118161
15,KACTL,43,2.382599
15,simd-v0,43,0.246481
15,393435,43,0.192811
15,KACTL,44,2.370546
15,simd-v0,44,0.246461
15,393435,44,0.180569
15,ours-406478,44,0.129402
15,simd-v0,45,0.246502
15,393435,45,0.180688
15,ours-406478,45,0.118241
15,KACTL,45,2.390835
15,393435,46,0.180618
15,ours-406478,46,0.118282
15,KACTL,46,2.372009
15,simd-v0,46,0.256880
15,ours-406478,47,0.118272
15,KACTL,47,2.384573
15,simd-v0,47,0.246361
15,393435,47,0.191197
15,KACTL,48,2.371027
15,simd-v0,48,0.246492
15,393435,48,0.180558
15,ours-406478,48,0.140152
15,simd-v0,49,0.246622
15,393435,49,0.180669
15,ours-406478,49,0.118031
15,KACTL,49,2.395223
15,393435,50,0.180718
15,ours-406478,50,0.118231
15,KACTL,50,2.373853
15,simd-v0,50,0.257122
15,ours-406478,51,0.119023
15,KACTL,51,2.381928
15,simd-v0,51,0.246812
15,393435,51,0.192391
15,KACTL,52,2.370667
15,simd-v0,52,0.246321
15,393435,52,0.180498
15,ours-406478,52,0.128591
15,simd-v0,53,0.247393
15,393435,53,0.180558
15,ours-406478,53,0.118121
15,KACTL,53,2.385134
15,393435,54,0.181389
15,ours-406478,54,0.118262
15,KACTL,54,2.370716
15,simd-v0,54,0.246421
15,ours-406478,55,0.128771
15,KACTL,55,2.380175
15,simd-v0,55,0.246341
15,393435,55,0.180558
15,KACTL,56,2.385725
15,simd-v0,56,0.246381
15,393435,56,0.180517
15,ours-406478,56,0.118141
15,simd-v0,57,0.257472
15,393435,57,0.180528
15,ours-406478,57,0.118231
15,KACTL,57,2.381688
15,393435,58,0.192370
15,ours-406478,58,0.118101
15,KACTL,58,2.391956
15,simd-v0,58,0.247282
15,ours-406478,59,0.129272
15,KACTL,59,2.395824
15,simd-v0,59,0.250268
15,393435,59,0.181189
15,KACTL,60,2.394872
15,simd-v0,60,0.246822
15,393435,60,0.180758
15,ours-406478,60,0.118292
15,simd-v0,61,0.259075
15,393435,61,0.180458
15,ours-406478,61,0.118172
15,KACTL,61,2.384343
15,393435,62,0.191388
15,ours-406478,62,0.118070
15,KACTL,62,2.371919
15,simd-v0,62,0.246611
15,ours-406478,63,0.128991
15,KACTL,63,2.398298
15,simd-v0,63,0.246451
15,393435,63,0.181560
15,KACTL,64,2.414098
15,simd-v0,64,0.251280
15,393435,64,0.209503
15,ours-406478,64,0.118582
15,simd-v0,65,0.261360
15,393435,65,0.180858
15,ours-406478,65,0.118291
15,KACTL,65,2.382288
15,393435,66,0.191027
15,ours-406478,66,0.118161
15,KACTL,66,2.374244
15,simd-v0,66,0.246582
15,ours-406478,67,0.128801
15,KACTL,67,2.394652
15,simd-v0,67,0.246521
15,393435,67,0.181139
15,KACTL,68,2.395644
15,simd-v0,68,0.246522
15,393435,68,0.181139
15,ours-406478,68,0.118382
15,simd-v0,69,0.257632
15,393435,69,0.180488
15,ours-406478,69,0.118111
15,KACTL,69,2.385224
15,393435,70,0.191178
15,ours-406478,70,0.118051
15,KACTL,70,2.383751
15,simd-v0,70,0.246481
15,ours-406478,71,0.129833
15,KACTL,71,2.379934
15,simd-v0,71,0.246662
15,393435,71,0.180538
15,KACTL,72,2.382459
15,simd-v0,72,0.246421
15,393435,72,0.180488
15,ours-406478,72,0.118301
15,simd-v0,73,0.256941
15,393435,73,0.181199
15,ours-406478,73,0.118352
15,KACTL,73,2.382970
15,393435,74,0.191217
15,ours-406478,74,0.118121
15,KACTL,74,2.370887
15,simd-v0,74,0.246300
15,ours-406478,75,0.129112
15,KACTL,75,2.382118
15,simd-v0,75,0.246481
15,393435,75,0.180397
15,KACTL,76,2.382639
15,simd-v0,76,0.246501
15,393435,76,0.180377
15,ours-406478,76,0.118171
15,simd-v0,77,0.257212
15,393435,77,0.180378
15,ours-406478,77,0.118152
15,KACTL,77,2.382419
15,393435,78,0.191578
15,ours-406478,78,0.118201
15,KACTL,78,2.374213
15,simd-v0,78,0.246551
15,ours-406478,79,0.118051
15,KACTL,79,2.434877
15,simd-v0,79,0.249637
15,393435,79,0.180909
15,KACTL,80,2.425109
15,simd-v0,80,0.246572
15,393435,80,0.180749
15,ours-406478,80,0.118532
15,simd-v0,81,0.269514
15,393435,81,0.180989
15,ours-406478,81,0.118291
15,KACTL,81,2.382689
15,393435,82,0.191008
15,ours-406478,82,0.118171
15,KACTL,82,2.374353
15,simd-v0,82,0.246371
15,ours-406478,83,0.128620
15,KACTL,83,2.384894
15,simd-v0,83,0.246321
15,393435,83,0.180378
15,KACTL,84,2.379794
15,simd-v0,84,0.247183
15,393435,84,0.180537
15,ours-406478,84,0.118271
15,simd-v0,85,0.257241
15,393435,85,0.180337
15,ours-406478,85,0.118101
15,KACTL,85,2.383240
15,393435,86,0.193613
15,ours-406478,86,0.118241
15,KACTL,86,2.378782
15,simd-v0,86,0.246531
15,ours-406478,87,0.118192
15,KACTL,87,2.393219
15,simd-v0,87,0.246441
15,393435,87,0.180518
15,KACTL,88,2.382550
15,simd-v0,88,0.246471
15,393435,88,0.180468
15,ours-406478,88,0.118181
15,simd-v0,89,0.257392
15,393435,89,0.180538
15,ours-406478,89,0.118883
15,KACTL,89,2.386386
15,393435,90,0.191037
15,ours-406478,90,0.118281
15,KACTL,90,2.372701
15,simd-v0,90,0.246532
15,ours-406478,91,0.118021
15,KACTL,91,2.403658
15,simd-v0,91,0.247683
15,393435,91,0.180689
15,KACTL,92,2.400032
15,simd-v0,92,0.247352
15,393435,92,0.180798
15,ours-406478,92,0.118352
15,simd-v0,93,0.258434
15,393435,93,0.180578
15,ours-406478,93,0.118993
15,KACTL,93,2.411433
15,393435,94,0.190847
15,ours-406478,94,0.118152
15,KACTL,94,2.373352
15,simd-v0,94,0.246290
15,ours-406478,95,0.118061
15,KACTL,95,2.390785
15,simd-v0,95,0.247152
15,393435,95,0.180608
15,KACTL,96,2.385014
15,simd-v0,96,0.246511
15,393435,96,0.182301
15,ours-406478,96,0.118071
15,simd-v0,97,0.257441
15,393435,97,0.180718
15,ours-406478,97,0.118081
15,KACTL,97,2.381637
15,393435,98,0.180378
15,ours-406478,98,0.128830
15,KACTL,98,2.371498
15,simd-v0,98,0.246421
15,ours-406478,99,0.118081
15,KACTL,99,2.392858
15,simd-v0,99,0.246341
15,393435,99,0.194745
15,KACTL,100,2.381977
15,simd-v0,100,0.247383
15,393435,100,0.180337
15,ours-406478,100,0.118061
15,simd-v0,101,0.246701
15,393435,101,0.180638
15,ours-406478,101,0.118191
15,KACTL,101,2.381226
15,393435,102,0.181249
15,ours-406478,102,0.128771
15,KACTL,102,2.380184
15,simd-v0,102,0.246581
15,ours-406478,103,0.118121
15,KACTL,103,2.393450
15,simd-v0,103,0.246641
15,393435,103,0.180598
15,KACTL,104,2.381256
15,simd-v0,104,0.246541
15,393435,104,0.180889
15,ours-406478,104,0.118221
15,simd-v0,105,0.246581
15,393435,105,0.191338
15,ours-406478,105,0.118171
15,KACTL,105,2.382128
15,393435,106,0.180568
15,ours-406478,106,0.128490
15,KACTL,106,2.376618
15,simd-v0,106,0.246481
15,ours-406478,107,0.118071
15,KACTL,107,2.406594
15,simd-v0,107,0.246512
15,393435,107,0.180859
15,KACTL,108,2.382128
15,simd-v0,108,0.246651
15,393435,108,0.182572
15,ours-406478,108,0.118261
15,simd-v0,109,0.246701
15,393435,109,0.191699
15,ours-406478,109,0.118111
15,KACTL,109,2.381517
15,393435,110,0.180458
15,ours-406478,110,0.118241
15,KACTL,110,2.386297
15,simd-v0,110,0.247113
15,ours-406478,111,0.118232
15,KACTL,111,2.392287
15,simd-v0,111,0.246381
15,393435,111,0.181680
15,KACTL,112,2.381627
15,simd-v0,112,0.246421
15,393435,112,0.180347
15,ours-406478,112,0.118101
15,simd-v0,113,0.246832
15,393435,113,0.191318
15,ours-406478,113,0.118211
15,KACTL,113,2.396285
15,393435,114,0.180658
15,ours-406478,114,0.118331
15,KACTL,114,2.384382
15,simd-v0,114,0.246592
15,ours-406478,115,0.118181
15,KACTL,115,2.392057
15,simd-v0,115,0.246451
15,393435,115,0.181470
15,KACTL,116,2.373201
15,simd-v0,116,0.257782
15,393435,116,0.181249
15,ours-406478,116,0.118903
15,simd-v0,117,0.246571
15,393435,117,0.192019
15,ours-406478,117,0.118162
15,KACTL,117,2.385575
15,393435,118,0.180487
15,ours-406478,118,0.118211
15,KACTL,118,2.383120
15,simd-v0,118,0.247443
15,ours-406478,119,0.118242
15,KACTL,119,2.389752
15,simd-v0,119,0.246532
15,393435,119,0.180769
15,KACTL,120,2.374985
15,simd-v0,120,0.257122
15,393435,120,0.180578
15,ours-406478,120,0.118181
15,simd-v0,121,0.246582
15,393435,121,0.180587
15,ours-406478,121,0.128851
15,KACTL,121,2.382108
15,393435,122,0.181420
15,ours-406478,122,0.118071
15,KACTL,122,2.382388
15,simd-v0,122,0.246421
15,ours-406478,123,0.118051
15,KACTL,123,2.391396
15,simd-v0,123,0.246452
15,393435,123,0.180488
15,KACTL,124,2.370466
15,simd-v0,124,0.268001
15,393435,124,0.180618
15,ours-406478,124,0.118081
15,simd-v0,125,0.246682
15,393435,125,0.180338
15,ours-406478,125,0.129523
15,KACTL,125,2.380715
15,393435,126,0.180538
15,ours-406478,126,0.118271
15,KACTL,126,2.382388
15,simd-v0,126,0.246330
15,ours-406478,127,0.118031
15,KACTL,127,2.382488
15,simd-v0,127,0.257202
15,393435,127,0.180989
15,KACTL,128,2.375125
15,simd-v0,128,0.256771
15,393435,128,0.180498
15,ours-406478,128,0.118111
15,simd-v0,129,0.246421
15,393435,129,0.180207
15,ours-406478,129,0.118211
15,KACTL,129,2.389031
15,393435,130,0.181149
15,ours-406478,130,0.120947
15,KACTL,130,2.384322
15,simd-v0,130,0.246431
15,ours-406478,131,0.118162
15,KACTL,131,2.381918
15,simd-v0,131,0.257161
15,393435,131,0.180427
15,KACTL,132,2.390314
15,simd-v0,132,0.257041
15,393435,132,0.180839
15,ours-406478,132,0.118272
15,simd-v0,133,0.247433
15,393435,133,0.180578
15,ours-406478,133,0.118231
15,KACTL,133,2.395453
15,393435,134,0.180418
15,ours-406478,134,0.117931
15,KACTL,134,2.382589
15,simd-v0,134,0.246342
15,ours-406478,135,0.118092
15,KACTL,135,2.383120
15,simd-v0,135,0.264054
15,393435,135,0.180678
15,KACTL,136,2.377620
15,simd-v0,136,0.256961
15,393435,136,0.180557
15,ours-406478,136,0.118141
15,simd-v0,137,0.246521
15,393435,137,0.181319
15,ours-406478,137,0.118141
15,KACTL,137,2.390183
15,393435,138,0.180508
15,ours-406478,138,0.118903
15,KACTL,138,2.380805
15,simd-v0,138,0.246461
15,ours-406478,139,0.118201
15,KACTL,139,2.382368
15,simd-v0,139,0.257131
15,393435,139,0.180468
15,KACTL,140,2.380424
15,simd-v0,140,0.246491
15,393435,140,0.191047
15,ours-406478,140,0.118292
15,simd-v0,141,0.246501
15,393435,141,0.180528
15,ours-406478,141,0.118071
15,KACTL,141,2.389602
15,393435,142,0.180428
15,ours-406478,142,0.118311
15,KACTL,142,2.373312
15,simd-v0,142,0.246712
15,ours-406478,143,0.118061
15,KACTL,143,2.385104
15,simd-v0,143,0.256941
15,393435,143,0.180748
15,KACTL,144,2.369765
15,simd-v0,144,0.247343
15,393435,144,0.190938
15,ours-406478,144,0.118202
15,simd-v0,145,0.246421
15,393435,145,0.181220
15,ours-406478,145,0.118181
15,KACTL,145,2.404751
15,393435,146,0.180848
15,ours-406478,146,0.130514
15,KACTL,146,2.404570
15,simd-v0,146,0.247694
15,ours-406478,147,0.118561
15,KACTL,147,2.385905
15,simd-v0,147,0.257142
15,393435,147,0.181300
15,KACTL,148,2.370927
15,simd-v0,148,0.246421
15,393435,148,0.191729
15,ours-406478,148,0.118221
15,simd-v0,149,0.246602
15,393435,149,0.180508
15,ours-406478,149,0.118232
15,KACTL,149,2.407616
15,393435,150,0.180929
15,ours-406478,150,0.118201
15,KACTL,150,2.376648
15,simd-v0,150,0.257262
15,ours-406478,151,0.118121
15,KACTL,151,2.381467
15,simd-v0,151,0.257342
15,393435,151,0.180568
15,KACTL,152,2.372210
15,simd-v0,152,0.247764
15,393435,152,0.191549
15,ours-406478,152,0.118181
15,simd-v0,153,0.246521
15,393435,153,0.180538
15,ours-406478,153,0.118131
15,KACTL,153,2.430439
15,393435,154,0.180718
15,ours-406478,154,0.118341
15,KACTL,154,2.371248
15,simd-v0,154,0.257221
15,ours-406478,155,0.118151
15,KACTL,155,2.382759
15,simd-v0,155,0.256831
15,393435,155,0.180919
15,KACTL,156,2.374364
15,simd-v0,156,0.249738
15,393435,156,0.191288
15,ours-406478,156,0.118131
15,simd-v0,157,0.246511
15,393435,157,0.180518
15,ours-406478,157,0.118020
15,KACTL,157,2.400873
15,393435,158,0.180598
15,ours-406478,158,0.118282
15,KACTL,158,2.375256
15,simd-v0,158,0.257071
15,ours-406478,159,0.118031
15,KACTL,159,2.380275
15,simd-v0,159,0.246571
15,393435,159,0.191249
15,KACTL,160,2.376458
15,simd-v0,160,0.246662
15,393435,160,0.191408
15,ours-406478,160,0.118191
15,simd-v0,161,0.246421
15,393435,161,0.181039
15,ours-406478,161,0.118121
15,KACTL,161,2.391435
15,393435,162,0.180538
15,ours-406478,162,0.118142
15,KACTL,162,2.374183
15,simd-v0,162,0.257141
15,ours-406478,163,0.118161
15,KACTL,163,2.418086
15,simd-v0,163,0.247414
15,393435,163,0.193342
15,KACTL,164,2.371729
15,simd-v0,164,0.246762
15,393435,164,0.191779
15,ours-406478,164,0.118532
15,simd-v0,165,0.246531
15,393435,165,0.180448
15,ours-406478,165,0.118021
15,KACTL,165,2.392588
15,393435,166,0.180839
15,ours-406478,166,0.118272
15,KACTL,166,2.374925
15,simd-v0,166,0.256821
15,ours-406478,167,0.118131
15,KACTL,167,2.379233
15,simd-v0,167,0.247343
15,393435,167,0.191229
15,KACTL,168,2.372310
15,simd-v0,168,0.246372
15,393435,168,0.180588
15,ours-406478,168,0.141555
15,simd-v0,169,0.246952
15,393435,169,0.180378
15,ours-406478,169,0.118031
15,KACTL,169,2.401054
15,393435,170,0.180327
15,ours-406478,170,0.118061
15,KACTL,170,2.375045
15,simd-v0,170,0.256932
15,ours-406478,171,0.118101
15,KACTL,171,2.380565
15,simd-v0,171,0.246632
15,393435,171,0.191018
15,KACTL,172,2.371258
15,simd-v0,172,0.248395
15,393435,172,0.180528
15,ours-406478,172,0.128791
15,simd-v0,173,0.246582
15,393435,173,0.180517
15,ours-406478,173,0.118132
15,KACTL,173,2.394982
15,393435,174,0.180468
15,ours-406478,174,0.118071
15,KACTL,174,2.377078
15,simd-v0,174,0.257882
15,ours-406478,175,0.118061
15,KACTL,175,2.384192
15,simd-v0,175,0.246501
15,393435,175,0.191549
15,KACTL,176,2.372279
15,simd-v0,176,0.249337
15,393435,176,0.181430
15,ours-406478,176,0.128761
15,simd-v0,177,0.246621
15,393435,177,0.180568
15,ours-406478,177,0.118091
15,KACTL,177,2.391976
15,393435,178,0.180608
15,ours-406478,178,0.118132
15,KACTL,178,2.373863
15,simd-v0,178,0.246541
15,ours-406478,179,0.128881
15,KACTL,179,2.380916
15,simd-v0,179,0.246441
15,393435,179,0.181189
15,KACTL,180,2.401755
15,simd-v0,180,0.246541
15,393435,180,0.180859
15,ours-406478,180,0.118021
15,simd-v0,181,0.264876
15,393435,181,0.180608
15,ours-406478,181,0.122699
15,KACTL,181,2.436660
15,393435,182,0.180718
15,ours-406478,182,0.118442
15,KACTL,182,2.373562
15,simd-v0,182,0.257021
15,ours-406478,183,0.118192
15,KACTL,183,2.385705
15,simd-v0,183,0.246642
15,393435,183,0.191708
15,KACTL,184,2.377299
15,simd-v0,184,0.246672
15,393435,184,0.180678
15,ours-406478,184,0.118181
15,simd-v0,185,0.246582
15,393435,185,0.180408
15,ours-406478,185,0.118001
15,KACTL,185,2.381417
15,393435,186,0.191829
15,ours-406478,186,0.118061
15,KACTL,186,2.377058
15,simd-v0,186,0.246732
15,ours-406478,187,0.129322
15,KACTL,187,2.378902
15,simd-v0,187,0.246381
15,393435,187,0.180458
15,KACTL,188,2.381497
15,simd-v0,188,0.246431
15,393435,188,0.180377
15,ours-406478,188,0.118943
15,simd-v0,189,0.257331
15,393435,189,0.180498
15,ours-406478,189,0.118161
15,KACTL,189,2.381487
15,393435,190,0.190917
15,ours-406478,190,0.118261
15,KACTL,190,2.372880
15,simd-v0,190,0.246341
15,ours-406478,191,0.141054
15,KACTL,191,2.383671
15,simd-v0,191,0.246862
15,393435,191,0.180568
15,KACTL,192,2.418547
15,simd-v0,192,0.246601
15,393435,192,0.180688
15,ours-406478,192,0.118392
15,simd-v0,193,0.257031
15,393435,193,0.182060
15,ours-406478,193,0.118121
15,KACTL,193,2.383251
15,393435,194,0.191138
15,ours-406478,194,0.118211
15,KACTL,194,2.372260
15,simd-v0,194,0.246381
15,ours-406478,195,0.129563
15,KACTL,195,2.382188
15,simd-v0,195,0.246482
15,393435,195,0.180829
15,KACTL,196,2.400803
15,simd-v0,196,0.247003
15,393435,196,0.183453
15,ours-406478,196,0.118181
15,simd-v0,197,0.257281
15,393435,197,0.180698
15,ours-406478,197,0.118031
15,KACTL,197,2.381677
15,393435,198,0.191128
15,ours-406478,198,0.118141
15,KACTL,198,2.371188
15,simd-v0,198,0.246532
15,ours-406478,199,0.118121
15,KACTL,199,2.382218
15,simd-v0,199,0.246442
15,393435,199,0.180708
15,KACTL,200,2.385445
15,simd-v0,200,0.246522
15,393435,200,0.180999
15,ours-406478,200,0.118021
15,simd-v0,201,0.257421
15,393435,201,0.180828
15,ours-406478,201,0.118131
15,KACTL,201,2.420110
15,393435,202,0.202940
15,ours-406478,202,0.118451
15,KACTL,202,2.373211
15,simd-v0,202,0.246561
15,ours-406478,203,0.128600
15,KACTL,203,2.386706
15,simd-v0,203,0.246441
15,393435,203,0.180888
15,KACTL,204,2.382188
15,simd-v0,204,0.246581
15,393435,204,0.180458
15,ours-406478,204,0.118011
15,simd-v0,205,0.257873
15,393435,205,0.181009
15,ours-406478,205,0.118171
15,KACTL,205,2.380375
15,393435,206,0.192391
15,ours-406478,206,0.118191
15,KACTL,206,2.374323
15,simd-v0,206,0.249477
15,ours-406478,207,0.118151
15,KACTL,207,2.391747
15,simd-v0,207,0.246421
15,393435,207,0.180418
15,KACTL,208,2.382089
15,simd-v0,208,0.246461
15,393435,208,0.180558
15,ours-406478,208,0.118011
15,simd-v0,209,0.257262
15,393435,209,0.180528
15,ours-406478,209,0.118091
15,KACTL,209,2.384303
15,393435,210,0.180467
15,ours-406478,210,0.128971
15,KACTL,210,2.374074
15,simd-v0,210,0.246361
15,ours-406478,211,0.118041
15,KACTL,211,2.389492
15,simd-v0,211,0.246531
15,393435,211,0.181239
15,KACTL,212,2.385063
15,simd-v0,212,0.246552
15,393435,212,0.181360
15,ours-406478,212,0.118111
15,simd-v0,213,0.246571
15,393435,213,0.182682
15,ours-406478,213,0.118021
15,KACTL,213,2.385204
15,393435,214,0.180819
15,ours-406478,214,0.129081
15,KACTL,214,2.369946
15,simd-v0,214,0.246581
15,ours-406478,215,0.118192
15,KACTL,215,2.387608
15,simd-v0,215,0.246441
15,393435,215,0.180447
15,KACTL,216,2.383040
15,simd-v0,216,0.246461
15,393435,216,0.180428
15,ours-406478,216,0.121087
15,simd-v0,217,0.246411
15,393435,217,0.193272
15,ours-406478,217,0.118181
15,KACTL,217,2.382149
15,393435,218,0.180428
15,ours-406478,218,0.128841
15,KACTL,218,2.371398
15,simd-v0,218,0.246201
15,ours-406478,219,0.118041
15,KACTL,219,2.391305
15,simd-v0,219,0.246512
15,393435,219,0.180538
15,KACTL,220,2.384803
15,simd-v0,220,0.247173
15,393435,220,0.180397
15,ours-406478,220,0.118081
15,simd-v0,221,0.246401
15,393435,221,0.192260
15,ours-406478,221,0.117961
15,KACTL,221,2.380906
15,393435,222,0.180428
15,ours-406478,222,0.118181
15,KACTL,222,2.384061
15,simd-v0,222,0.246411
15,ours-406478,223,0.118041
15,KACTL,223,2.391997
15,simd-v0,223,0.246591
15,393435,223,0.180497
15,KACTL,224,2.396014
15,simd-v0,224,0.246562
15,393435,224,0.181059
15,ours-406478,224,0.118201
15,simd-v0,225,0.246491
15,393435,225,0.192511
15,ours-406478,225,0.118141
15,KACTL,225,2.383762
15,393435,226,0.180909
15,ours-406478,226,0.118151
15,KACTL,226,2.384443
15,simd-v0,226,0.246641
15,ours-406478,227,0.121006
15,KACTL,227,2.391896
15,simd-v0,227,0.257802
15,393435,227,0.180868
15,KACTL,228,2.412004
15,simd-v0,228,0.246532
15,393435,228,0.180778
15,ours-406478,228,0.118351
15,simd-v0,229,0.246761
15,393435,229,0.191158
15,ours-406478,229,0.118231
15,KACTL,229,2.384713
15,393435,230,0.180548
15,ours-406478,230,0.118091
15,KACTL,230,2.390404
15,simd-v0,230,0.246591
15,ours-406478,231,0.118101
15,KACTL,231,2.411934
15,simd-v0,231,0.246561
15,393435,231,0.181259
15,KACTL,232,2.372250
15,simd-v0,232,0.257331
15,393435,232,0.180848
15,ours-406478,232,0.118241
15,simd-v0,233,0.246641
15,393435,233,0.191198
15,ours-406478,233,0.118992
15,KACTL,233,2.385935
15,393435,234,0.180768
15,ours-406478,234,0.118141
15,KACTL,234,2.386496
15,simd-v0,234,0.246582
15,ours-406478,235,0.118010
15,KACTL,235,2.402977
15,simd-v0,235,0.246432
15,393435,235,0.180778
15,KACTL,236,2.373361
15,simd-v0,236,0.258054
15,393435,236,0.180498
15,ours-406478,236,0.118161
15,simd-v0,237,0.249197
15,393435,237,0.191559
15,ours-406478,237,0.118141
15,KACTL,237,2.382579
15,393435,238,0.180368
15,ours-406478,238,0.118191
15,KACTL,238,2.384522
15,simd-v0,238,0.246601
15,ours-406478,239,0.118171
15,KACTL,239,2.397567
15,simd-v0,239,0.246562
15,393435,239,0.180448
15,KACTL,240,2.374945
15,simd-v0,240,0.257412
15,393435,240,0.180498
15,ours-406478,240,0.118141
15,simd-v0,241,0.246532
15,393435,241,0.180578
15,ours-406478,241,0.128861
15,KACTL,241,2.383060
15,393435,242,0.180508
15,ours-406478,242,0.118122
15,KACTL,242,2.382169
15,simd-v0,242,0.246392
15,ours-406478,243,0.118061
15,KACTL,243,2.394431
15,simd-v0,243,0.246482
15,393435,243,0.180377
15,KACTL,244,2.372300
15,simd-v0,244,0.257091
15,393435,244,0.180588
15,ours-406478,244,0.118141
15,simd-v0,245,0.246742
15,393435,245,0.180488
15,ours-406478,245,0.128811
15,KACTL,245,2.380275
15,393435,246,0.180587
15,ours-406478,246,0.118101
15,KACTL,246,2.429096
15,simd-v0,246,0.246451
15,ours-406478,247,0.118482
15,KACTL,247,2.384343
15,simd-v0,247,0.246421
15,393435,247,0.181220
15,KACTL,248,2.370175
15,simd-v0,248,0.257201
15,393435,248,0.181580
15,ours-406478,248,0.118141
15,simd-v0,249,0.246532
15,393435,249,0.180498
15,ours-406478,249,0.128962
15,KACTL,249,2.384373
15,393435,250,0.180517
15,ours-406478,250,0.118031
15,KACTL,250,2.402796
15,simd-v0,250,0.247293
15,ours-406478,251,0.118171
15,KACTL,251,2.388109
15,simd-v0,251,0.257562
15,393435,251,0.183343
15,KACTL,252,2.373742
15,simd-v0,252,0.257021
15,393435,252,0.181320
15,ours-406478,252,0.117971
15,simd-v0,253,0.246652
15,393435,253,0.180618
15,ours-406478,253,0.128881
15,KACTL,253,2.385264
15,393435,254,0.180638
15,ours-406478,254,0.118051
15,KACTL,254,2.385865
15,simd-v0,254,0.247955
15,ours-406478,255,0.118030
15,KACTL,255,2.379633
15,simd-v0,255,0.256981
15,393435,255,0.180728
15,KACTL,256,2.375996
15,simd-v0,256,0.256941
15,393435,256,0.180668
15,ours-406478,256,0.118863
15,simd-v0,257,0.246371
15,393435,257,0.183183
15,ours-406478,257,0.118112
15,KACTL,257,2.474491
15,393435,258,0.180147
15,ours-406478,258,0.118181
15,KACTL,258,2.404190
15,simd-v0,258,0.246631
15,ours-406478,259,0.118231
15,KACTL,259,2.384944
15,simd-v0,259,0.246531
15,393435,259,0.181200
15,KACTL,260,2.396505
15,simd-v0,260,0.257402
15,393435,260,0.180969
15,ours-406478,260,0.118121
15,simd-v0,261,0.246441
15,393435,261,0.181249
15,ours-406478,261,0.129142
15,KACTL,261,2.376959
15,393435,262,0.181139
15,ours-406478,262,0.118031
15,KACTL,262,2.403839
15,simd-v0,262,0.247143
15,ours-406478,263,0.118041
15,KACTL,263,2.380515
15,simd-v0,263,0.257161
15,393435,263,0.180537
15,KACTL,264,2.391295
15,simd-v0,264,0.256881
15,393435,264,0.180728
15,ours-406478,264,0.118101
15,simd-v0,265,0.246341
15,393435,265,0.180558
15,ours-406478,265,0.129131
15,KACTL,265,2.377008
15,393435,266,0.180999
15,ours-406478,266,0.117961
15,KACTL,266,2.402547
15,simd-v0,266,0.246472
15,ours-406478,267,0.118041
15,KACTL,267,2.380214
15,simd-v0,267,0.257301
15,393435,267,0.181330
15,KACTL,268,2.410271
15,simd-v0,268,0.257512
15,393435,268,0.180809
15,ours-406478,268,0.118162
15,simd-v0,269,0.246451
15,393435,269,0.181149
15,ours-406478,269,0.128791
15,KACTL,269,2.379363
15,393435,270,0.181830
15,ours-406478,270,0.118061
15,KACTL,270,2.403719
15,simd-v0,270,0.246452
15,ours-406478,271,0.118041
15,KACTL,271,2.379603
15,simd-v0,271,0.257121
15,393435,271,0.180878
15,KACTL,272,2.394090
15,simd-v0,272,0.256890
15,393435,272,0.181129
15,ours-406478,272,0.119003
15,simd-v0,273,0.246761
15,393435,273,0.180407
15,ours-406478,273,0.128551
15,KACTL,273,2.381828
15,393435,274,0.180588
15,ours-406478,274,0.118061
15,KACTL,274,2.402446
15,simd-v0,274,0.246411
15,ours-406478,275,0.118152
15,KACTL,275,2.379163
15,simd-v0,275,0.256941
15,393435,275,0.180477
15,KACTL,276,2.391966
15,simd-v0,276,0.256891
15,393435,276,0.180899
15,ours-406478,276,0.118081
15,simd-v0,277,0.246592
15,393435,277,0.183343
15,ours-406478,277,0.118101
15,KACTL,277,2.399901
15,393435,278,0.181169
15,ours-406478,278,0.118121
15,KACTL,278,2.403818
15,simd-v0,278,0.246301
15,ours-406478,279,0.118962
15,KACTL,279,2.391485
15,simd-v0,279,0.257572
15,393435,279,0.182431
15,KACTL,280,2.395774
15,simd-v0,280,0.257052
15,393435,280,0.180588
15,ours-406478,280,0.118171
15,simd-v0,281,0.246582
15,393435,281,0.180638
15,ours-406478,281,0.118091
15,KACTL,281,2.378982
15,393435,282,0.181309
15,ours-406478,282,0.118202
15,KACTL,282,2.399471
15,simd-v0,282,0.246341
15,ours-406478,283,0.117981
15,KACTL,283,2.381648
15,simd-v0,283,0.257001
15,393435,283,0.180427
15,KACTL,284,2.393760
15,simd-v0,284,0.256931
15,393435,284,0.180468
15,ours-406478,284,0.117950
15,simd-v0,285,0.246642
15,393435,285,0.180417
15,ours-406478,285,0.118152
15,KACTL,285,2.394261
15,393435,286,0.180628
15,ours-406478,286,0.118101
15,KACTL,286,2.454143
15,simd-v0,286,0.246641
15,ours-406478,287,0.118472
15,KACTL,287,2.383230
15,simd-v0,287,0.258354
15,393435,287,0.181028
15,KACTL,288,2.392327
15,simd-v0,288,0.257211
15,393435,288,0.180538
15,ours-406478,288,0.118131
15,simd-v0,289,0.247092
15,393435,289,0.181089
15,ours-406478,289,0.128501
15,KACTL,289,2.377209
15,393435,290,0.181860
15,ours-406478,290,0.118092
15,KACTL,290,2.416122
15,simd-v0,290,0.246431
15,ours-406478,291,0.118081
15,KACTL,291,2.377048
15,simd-v0,291,0.258414
15,393435,291,0.180898
15,KACTL,292,2.392658
15,simd-v0,292,0.256770
15,393435,292,0.180458
15,ours-406478,292,0.118251
15,simd-v0,293,0.247633
15,393435,293,0.180367
15,ours-406478,293,0.118091
15,KACTL,293,2.382419
15,393435,294,0.181259
15,ours-406478,294,0.118262
15,KACTL,294,2.402777
15,simd-v0,294,0.246472
15,ours-406478,295,0.118141
15,KACTL,295,2.379312
15,simd-v0,295,0.256991
15,393435,295,0.181189
15,KACTL,296,2.394912
15,simd-v0,296,0.256890
15,393435,296,0.180688
15,ours-406478,296,0.118051
15,simd-v0,297,0.246631
15,393435,297,0.183272
15,ours-406478,297,0.118041
15,KACTL,297,2.384733
15,393435,298,0.181300
15,ours-406478,298,0.118101
15,KACTL,298,2.401264
15,simd-v0,298,0.246441
15,ours-406478,299,0.118993
15,KACTL,299,2.378121
15,simd-v0,299,0.257141
15,393435,299,0.180558
15,KACTL,300,2.395614
15,simd-v0,300,0.256891
15,393435,300,0.180438
15,ours-406478,300,0.118212
15,simd-v0,301,0.246551
15,393435,301,0.180608
15,ours-406478,301,0.118151
15,KACTL,301,2.408828
15,393435,302,0.181219
15,ours-406478,302,0.118101
15,KACTL,302,2.403027
15,simd-v0,302,0.246702
15,ours-406478,303,0.118041
15,KACTL,303,2.394741
15,simd-v0,303,0.282669
15,393435,303,0.181760
15,KACTL,304,2.394160
15,simd-v0,304,0.257733
15,393435,304,0.180899
15,ours-406478,304,0.118291
15,simd-v0,305,0.247443
15,393435,305,0.180327
15,ours-406478,305,0.128842
15,KACTL,305,2.377519
15,393435,306,0.180999
15,ours-406478,306,0.118252
15,KACTL,306,2.402096
15,simd-v0,306,0.246471
15,ours-406478,307,0.118613
15,KACTL,307,2.380405
15,simd-v0,307,0.266929
15,393435,307,0.181199
15,KACTL,308,2.399270
15,simd-v0,308,0.257211
15,393435,308,0.180598
15,ours-406478,308,0.118252
15,simd-v0,309,0.247443
15,393435,309,0.180708
15,ours-406478,309,0.129041
15,KACTL,309,2.385374
15,393435,310,0.191708
15,ours-406478,310,0.124223
15,KACTL,310,2.419809
15,simd-v0,310,0.246471
15,ours-406478,311,0.118141
15,KACTL,311,2.376348
15,simd-v0,311,0.246521
15,393435,311,0.181059
15,KACTL,312,2.402957
15,simd-v0,312,0.257512
15,393435,312,0.180448
15,ours-406478,312,0.118221
15,simd-v0,313,0.246351
15,393435,313,0.180487
15,ours-406478,313,0.128891
15,KACTL,313,2.396414
15,393435,314,0.181340
15,ours-406478,314,0.118091
15,KACTL,314,2.403658
15,simd-v0,314,0.246542
15,ours-406478,315,0.118963
15,KACTL,315,2.376237
15,simd-v0,315,0.246682
15,393435,315,0.180377
15,KACTL,316,2.391095
15,simd-v0,316,0.257202
15,393435,316,0.180658
15,ours-406478,316,0.118212
15,simd-v0,317,0.246521
15,393435,317,0.183012
15,ours-406478,317,0.128971
15,KACTL,317,2.378822
15,393435,318,0.180498
15,ours-406478,318,0.118161
15,KACTL,318,2.402306
15,simd-v0,318,0.246391
15,ours-406478,319,0.118121
15,KACTL,319,2.377400
15,simd-v0,319,0.257441
15,393435,319,0.180468
15,KACTL,320,2.441309
15,simd-v0,320,0.259115
15,393435,320,0.180758
15,ours-406478,320,0.118441
15,simd-v0,321,0.246601
15,393435,321,0.180538
15,ours-406478,321,0.129252
15,KACTL,321,2.379143
15,393435,322,0.180818
15,ours-406478,322,0.118051
15,KACTL,322,2.402136
15,simd-v0,322,0.246391
15,ours-406478,323,0.118060
15,KACTL,323,2.405712
15,simd-v0,323,0.246381
15,393435,323,0.180607
15,KACTL,324,2.470524
15,simd-v0,324,0.270105
15,393435,324,0.180928
15,ours-406478,324,0.118261
15,simd-v0,325,0.247183
15,393435,325,0.193221
15,ours-406478,325,0.118141
15,KACTL,325,2.408438
15,393435,326,0.181810
15,ours-406478,326,0.118412
15,KACTL,326,2.406013
15,simd-v0,326,0.246531
15,ours-406478,327,0.118161
15,KACTL,327,2.414399
15,simd-v0,327,0.246621
15,393435,327,0.181019
15,KACTL,328,2.417264
15,simd-v0,328,0.246952
15,393435,328,0.180568
15,ours-406478,328,0.118432
15,simd-v0,329,0.246712
15,393435,329,0.204313
15,ours-406478,329,0.118191
15,KACTL,329,2.414419
15,393435,330,0.180908
15,ours-406478,330,0.131276
15,KACTL,330,2.413366
15,simd-v0,330,0.246461
15,ours-406478,331,0.119564
15,KACTL,331,2.404380
15,simd-v0,331,0.246762
15,393435,331,0.183543
15,KACTL,332,2.403649
15,simd-v0,332,0.246461
15,393435,332,0.181099
15,ours-406478,332,0.118322
15,simd-v0,333,0.246561
15,393435,333,0.191678
15,ours-406478,333,0.118241
15,KACTL,333,2.383250
15,393435,334,0.180558
15,ours-406478,334,0.128901
15,KACTL,334,2.393349
15,simd-v0,334,0.253774
15,ours-406478,335,0.118132
15,KACTL,335,2.401144
15,simd-v0,335,0.246792
15,393435,335,0.180558
15,KACTL,336,2.402026
15,simd-v0,336,0.246351
15,393435,336,0.182342
15,ours-406478,336,0.118151
15,simd-v0,337,0.249387
15,393435,337,0.192550
15,ours-406478,337,0.118171
15,KACTL,337,2.384022
15,393435,338,0.180508
15,ours-406478,338,0.129322
15,KACTL,338,2.394882
15,simd-v0,338,0.246702
15,ours-406478,339,0.118021
15,KACTL,339,2.388600
15,simd-v0,339,0.246491
15,393435,339,0.180608
15,KACTL,340,2.403197
15,simd-v0,340,0.246712
15,393435,340,0.180788
15,ours-406478,340,0.118141
15,simd-v0,341,0.246652
15,393435,341,0.191368
15,ours-406478,341,0.118201
15,KACTL,341,2.386927
15,393435,342,0.181280
15,ours-406478,342,0.139672
15,KACTL,342,2.394652
15,simd-v0,342,0.246602
15,ours-406478,343,0.118171
15,KACTL,343,2.388861
15,simd-v0,343,0.246451
15,393435,343,0.180838
15,KACTL,344,2.402386
15,simd-v0,344,0.246352
15,393435,344,0.180729
15,ours-406478,344,0.118081
15,simd-v0,345,0.246552
15,393435,345,0.191378
15,ours-406478,345,0.118101
15,KACTL,345,2.431972
15,393435,346,0.179956
15,ours-406478,346,0.145753
15,KACTL,346,2.394682
15,simd-v0,346,0.249517
15,ours-406478,347,0.119724
15,KACTL,347,2.389993
15,simd-v0,347,0.246502
15,393435,347,0.180718
15,KACTL,348,2.400672
15,simd-v0,348,0.246562
15,393435,348,0.180598
15,ours-406478,348,0.118061
15,simd-v0,349,0.257572
15,393435,349,0.180588
15,ours-406478,349,0.117981
15,KACTL,349,2.405522
15,393435,350,0.180708
15,ours-406478,350,0.128912
15,KACTL,350,2.393078
15,simd-v0,350,0.246501
15,ours-406478,351,0.118892
15,KACTL,351,2.391707
15,simd-v0,351,0.246352
15,393435,351,0.180448
15,KACTL,352,2.403247
15,simd-v0,352,0.246491
15,393435,352,0.180408
15,ours-406478,352,0.117971
15,simd-v0,353,0.257542
15,393435,353,0.180899
15,ours-406478,353,0.118091
15,KACTL,353,2.385254
15,393435,354,0.180327
15,ours-406478,354,0.129182
15,KACTL,354,2.391216
15,simd-v0,354,0.246582
15,ours-406478,355,0.118101
15,KACTL,355,2.392157
15,simd-v0,355,0.246471
15,393435,355,0.180638
15,KACTL,356,2.402225
15,simd-v0,356,0.246251
15,393435,356,0.180558
15,ours-406478,356,0.118242
15,simd-v0,357,0.267691
15,393435,357,0.181980
15,ours-406478,357,0.118051
15,KACTL,357,2.383120
15,393435,358,0.180958
15,ours-406478,358,0.129152
15,KACTL,358,2.390784
15,simd-v0,358,0.246622
15,ours-406478,359,0.118061
15,KACTL,359,2.392868
15,simd-v0,359,0.246532
15,393435,359,0.180518
15,KACTL,360,2.405853
15,simd-v0,360,0.246591
15,393435,360,0.180638
15,ours-406478,360,0.118142
15,simd-v0,361,0.287027
15,393435,361,0.231333
15,ours-406478,361,0.177583
15,KACTL,361,2.400032
15,393435,362,0.192149
15,ours-406478,362,0.118201
15,KACTL,362,2.389823
15,simd-v0,362,0.246581
15,ours-406478,363,0.128861
15,KACTL,363,2.381757
15,simd-v0,363,0.246211
15,393435,363,0.180868
15,KACTL,364,2.408648
15,simd-v0,364,0.246601
15,393435,364,0.180548
15,ours-406478,364,0.118912
15,simd-v0,365,0.257331
15,393435,365,0.180508
15,ours-406478,365,0.118152
15,KACTL,365,2.379774
15,393435,366,0.191067
15,ours-406478,366,0.118061
15,KACTL,366,2.391466
15,simd-v0,366,0.250098
15,ours-406478,367,0.131817
15,KACTL,367,2.415360
15,simd-v0,367,0.246402
15,393435,367,0.181669
15,KACTL,368,2.399982
15,simd-v0,368,0.246561
15,393435,368,0.180969
15,ours-406478,368,0.119053
15,simd-v0,369,0.257442
15,393435,369,0.180928
15,ours-406478,369,0.118141
15,KACTL,369,2.379022
15,393435,370,0.192851
15,ours-406478,370,0.118171
15,KACTL,370,2.393960
15,simd-v0,370,0.247222
15,ours-406478,371,0.128881
15,KACTL,371,2.378892
15,simd-v0,371,0.246541
15,393435,371,0.180548
15,KACTL,372,2.404150
15,simd-v0,372,0.246421
15,393435,372,0.180538
15,ours-406478,372,0.118101
15,simd-v0,373,0.257281
15,393435,373,0.180739
15,ours-406478,373,0.118121
15,KACTL,373,2.380275
15,393435,374,0.190927
15,ours-406478,374,0.117990
15,KACTL,374,2.390915
15,simd-v0,374,0.246451
15,ours-406478,375,0.128811
15,KACTL,375,2.377429
15,simd-v0,375,0.246421
15,393435,375,0.180839
15,KACTL,376,2.402757
15,simd-v0,376,0.246301
15,393435,376,0.180638
15,ours-406478,376,0.118111
15,simd-v0,377,0.257862
15,393435,377,0.180508
15,ours-406478,377,0.117981
15,KACTL,377,2.379183
15,393435,378,0.191048
15,ours-406478,378,0.118150
15,KACTL,378,2.405813
15,simd-v0,378,0.246732
15,ours-406478,379,0.128891
15,KACTL,379,2.376999
15,simd-v0,379,0.246511
15,393435,379,0.180818
15,KACTL,380,2.408147
15,simd-v0,380,0.246702
15,393435,380,0.181319
15,ours-406478,380,0.118131
15,simd-v0,381,0.257381
15,393435,381,0.180498
15,ours-406478,381,0.118211
15,KACTL,381,2.379604
15,393435,382,0.191588
15,ours-406478,382,0.118050
15,KACTL,382,2.393138
15,simd-v0,382,0.247623
15,ours-406478,383,0.129463
15,KACTL,383,2.378291
15,simd-v0,383,0.246381
15,393435,383,0.180477
15,KACTL,384,2.401374
15,simd-v0,384,0.246271
15,393435,384,0.180748
15,ours-406478,384,0.118172
15,simd-v0,385,0.257482
15,393435,385,0.181239
15,ours-406478,385,0.118051
15,KACTL,385,2.377821
15,393435,386,0.191077
15,ours-406478,386,0.118161
15,KACTL,386,2.392637
15,simd-v0,386,0.248995
15,ours-406478,387,0.128882
15,KACTL,387,2.380867
15,simd-v0,387,0.246372
15,393435,387,0.180478
15,KACTL,388,2.406123
15,simd-v0,388,0.246181
15,393435,388,0.180558
15,ours-406478,388,0.118171
15,simd-v0,389,0.257452
15,393435,389,0.180398
15,ours-406478,389,0.118170
15,KACTL,389,2.389402
15,393435,390,0.191328
15,ours-406478,390,0.118191
15,KACTL,390,2.395202
15,simd-v0,390,0.246522
15,ours-406478,391,0.128711
15,KACTL,391,2.423184
15,simd-v0,391,0.246572
15,393435,391,0.180838
15,KACTL,392,2.407165
15,simd-v0,392,0.246762
15,393435,392,0.180698
15,ours-406478,392,0.118341
15,simd-v0,393,0.257462
15,393435,393,0.180868
15,ours-406478,393,0.118081
15,KACTL,393,2.401114
15,393435,394,0.191429
15,ours-406478,394,0.118111
15,KACTL,394,2.389562
15,simd-v0,394,0.246632
15,ours-406478,395,0.143349
15,KACTL,395,2.376588
15,simd-v0,395,0.246412
15,393435,395,0.180819
15,KACTL,396,2.403388
15,simd-v0,396,0.246462
15,393435,396,0.183423
15,ours-406478,396,0.118130
15,simd-v0,397,0.257983
15,393435,397,0.180608
15,ours-406478,397,0.118000
15,KACTL,397,2.375446
15,393435,398,0.191639
15,ours-406478,398,0.118151
15,KACTL,398,2.428385
15,simd-v0,398,0.246421
15,ours-406478,399,0.130625
15,KACTL,399,2.377790
15,simd-v0,399,0.246281
15,393435,399,0.180949
15,KACTL,400,2.418817
15,simd-v0,400,0.246702
15,393435,400,0.180788
15,ours-406478,400,0.118201
15,simd-v0,401,0.257522
15,393435,401,0.180548
15,ours-406478,401,0.117990
15,KACTL,401,2.383441
15,393435,402,0.191218
15,ours-406478,402,0.118131
15,KACTL,402,2.391285
15,simd-v0,402,0.246361
15,ours-406478,403,0.129272
15,KACTL,403,2.383672
15,simd-v0,403,0.246632
15,393435,403,0.181129
15,KACTL,404,2.405161
15,simd-v0,404,0.246461
15,393435,404,0.182391
15,ours-406478,404,0.118151
15,simd-v0,405,0.257521
15,393435,405,0.180548
15,ours-406478,405,0.118201
15,KACTL,405,2.378742
15,393435,406,0.191098
15,ours-406478,406,0.118151
15,KACTL,406,2.391656
15,simd-v0,406,0.249286
15,ours-406478,407,0.134492
15,KACTL,407,2.379373
15,simd-v0,407,0.246542
15,393435,407,0.180508
15,KACTL,408,2.405281
15,simd-v0,408,0.246641
15,393435,408,0.180468
15,ours-406478,408,0.118121
15,simd-v0,409,0.258473
15,393435,409,0.180378
15,ours-406478,409,0.118232
15,KACTL,409,2.388721
15,393435,410,0.191358
15,ours-406478,410,0.118221
15,KACTL,410,2.394642
15,simd-v0,410,0.246411
15,ours-406478,411,0.128731
15,KACTL,411,2.392758
15,simd-v0,411,0.246582
15,393435,411,0.181119
15,KACTL,412,2.402657
15,simd-v0,412,0.246602
15,393435,412,0.180628
15,ours-406478,412,0.118142
15,simd-v0,413,0.257161
15,393435,413,0.180458
15,ours-406478,413,0.118201
15,KACTL,413,2.430729
15,393435,414,0.192470
15,ours-406478,414,0.118311
15,KACTL,414,2.392137
15,simd-v0,414,0.247503
15,ours-406478,415,0.128761
15,KACTL,415,2.411914
15,simd-v0,415,0.246641
15,393435,415,0.192100
15,KACTL,416,2.393479
15,simd-v0,416,0.246321
15,393435,416,0.183473
15,ours-406478,416,0.129112
15,simd-v0,417,0.246632
15,393435,417,0.180458
15,ours-406478,417,0.118161
15,KACTL,417,2.376748
15,393435,418,0.180949
15,ours-406478,418,0.118251
15,KACTL,418,2.390875
15,simd-v0,418,0.246432
15,ours-406478,419,0.118081
15,KACTL,419,2.378892
15,simd-v0,419,0.246201
15,393435,419,0.180628
15,KACTL,420,2.405622
15,simd-v0,420,0.246421
15,393435,420,0.180398
15,ours-406478,420,0.117981
15,simd-v0,421,0.258013
15,393435,421,0.180678
15,ours-406478,421,0.118191
15,KACTL,421,2.377780
15,393435,422,0.191528
15,ours-406478,422,0.119013
15,KACTL,422,2.405732
15,simd-v0,422,0.246641
15,ours-406478,423,0.118251
15,KACTL,423,2.381538
15,simd-v0,423,0.246431
15,393435,423,0.180668
15,KACTL,424,2.404840
15,simd-v0,424,0.246491
15,393435,424,0.180968
15,ours-406478,424,0.118151
15,simd-v0,425,0.258954
15,393435,425,0.180749
15,ours-406478,425,0.118101
15,KACTL,425,2.378993
15,393435,426,0.191719
15,ours-406478,426,0.118953
15,KACTL,426,2.391225
15,simd-v0,426,0.249086
15,ours-406478,427,0.129202
15,KACTL,427,2.381477
15,simd-v0,427,0.246582
15,393435,427,0.180478
15,KACTL,428,2.403919
15,simd-v0,428,0.246812
15,393435,428,0.180468
15,ours-406478,428,0.118010
15,simd-v0,429,0.257482
15,393435,429,0.181489
15,ours-406478,429,0.118112
15,KACTL,429,2.380535
15,393435,430,0.191438
15,ours-406478,430,0.118081
15,KACTL,430,2.395032
15,simd-v0,430,0.246572
15,ours-406478,431,0.128751
15,KACTL,431,2.377419
15,simd-v0,431,0.246602
15,393435,431,0.180538
15,KACTL,432,2.405101
15,simd-v0,432,0.246411
15,393435,432,0.180458
15,ours-406478,432,0.118252
15,simd-v0,433,0.257411
15,393435,433,0.181179
15,ours-406478,433,0.127709
15,KACTL,433,2.393710
15,393435,434,0.191168
15,ours-406478,434,0.118031
15,KACTL,434,2.391996
15,simd-v0,434,0.246592
15,ours-406478,435,0.128891
15,KACTL,435,2.379704
15,simd-v0,435,0.246551
15,393435,435,0.180929
15,KACTL,436,2.400954
15,simd-v0,436,0.246652
15,393435,436,0.183273
15,ours-406478,436,0.118131
15,simd-v0,437,0.257131
15,393435,437,0.182291
15,ours-406478,437,0.118121
15,KACTL,437,2.381457
15,393435,438,0.191418
15,ours-406478,438,0.118222
15,KACTL,438,2.392547
15,simd-v0,438,0.246452
15,ours-406478,439,0.130414
15,KACTL,439,2.378471
15,simd-v0,439,0.246351
15,393435,439,0.180508
15,KACTL,440,2.405342
15,simd-v0,440,0.246471
15,393435,440,0.180538
15,ours-406478,440,0.118151
15,simd-v0,441,0.257502
15,393435,441,0.180638
15,ours-406478,441,0.118101
15,KACTL,441,2.396195
15,393435,442,0.191548
15,ours-406478,442,0.118232
15,KACTL,442,2.390965
15,simd-v0,442,0.246531
15,ours-406478,443,0.134111
15,KACTL,443,2.384793
15,simd-v0,443,0.246611
15,393435,443,0.181099
15,KACTL,444,2.415942
15,simd-v0,444,0.246842
15,393435,444,0.180518
15,ours-406478,444,0.118131
15,simd-v0,445,0.257301
15,393435,445,0.181219
15,ours-406478,445,0.118111
15,KACTL,445,2.378812
15,393435,446,0.191378
15,ours-406478,446,0.118212
15,KACTL,446,2.390945
15,simd-v0,446,0.249367
15,ours-406478,447,0.128761
15,KACTL,447,2.376026
15,simd-v0,447,0.246391
15,393435,447,0.180498
15,KACTL,448,2.401655
15,simd-v0,448,0.246562
15,393435,448,0.180979
15,ours-406478,448,0.118111
15,simd-v0,449,0.257141
15,393435,449,0.180618
15,ours-406478,449,0.118171
15,KACTL,449,2.379623
15,393435,450,0.191689
15,ours-406478,450,0.118202
15,KACTL,450,2.394011
15,simd-v0,450,0.246542
15,ours-406478,451,0.129112
15,KACTL,451,2.378000
15,simd-v0,451,0.246271
15,393435,451,0.180377
15,KACTL,452,2.411724
15,simd-v0,452,0.247173
15,393435,452,0.180819
15,ours-406478,452,0.118421
15,simd-v0,453,0.257372
15,393435,453,0.181309
15,ours-406478,453,0.118171
15,KACTL,453,2.380164
15,393435,454,0.191408
15,ours-406478,454,0.118272
15,KACTL,454,2.392167
15,simd-v0,454,0.247182
15,ours-406478,455,0.129001
15,KACTL,455,2.392267
15,simd-v0,455,0.246682
15,393435,455,0.180497
15,KACTL,456,2.402867
15,simd-v0,456,0.247263
15,393435,456,0.180508
15,ours-406478,456,0.118281
15,simd-v0,457,0.257282
15,393435,457,0.180639
15,ours-406478,457,0.118051
15,KACTL,457,2.380224
15,393435,458,0.191058
15,ours-406478,458,0.118271
15,KACTL,458,2.390594
15,simd-v0,458,0.246561
15,ours-406478,459,0.128781
15,KACTL,459,2.379122
15,simd-v0,459,0.246541
15,393435,459,0.180588
15,KACTL,460,2.404660
15,simd-v0,460,0.246541
15,393435,460,0.180628
15,ours-406478,460,0.118271
15,simd-v0,461,0.257041
15,393435,461,0.181250
15,ours-406478,461,0.118191
15,KACTL,461,2.379303
15,393435,462,0.191268
15,ours-406478,462,0.118232
15,KACTL,462,2.390193
15,simd-v0,462,0.246381
15,ours-406478,463,0.129483
15,KACTL,463,2.382580
15,simd-v0,463,0.246431
15,393435,463,0.180548
15,KACTL,464,2.406865
15,simd-v0,464,0.246351
15,393435,464,0.180468
15,ours-406478,464,0.118021
15,simd-v0,465,0.257462
15,393435,465,0.180458
15,ours-406478,465,0.118201
15,KACTL,465,2.378922
15,393435,466,0.191668
15,ours-406478,466,0.118111
15,KACTL,466,2.390604
15,simd-v0,466,0.248906
15,ours-406478,467,0.128771
15,KACTL,467,2.376978
15,simd-v0,467,0.246522
15,393435,467,0.180508
15,KACTL,468,2.402796
15,simd-v0,468,0.246652
15,393435,468,0.180467
15,ours-406478,468,0.118191
15,simd-v0,469,0.257422
15,393435,469,0.179976
15,ours-406478,469,0.118803
15,KACTL,469,2.380435
15,393435,470,0.191238
15,ours-406478,470,0.118131
15,KACTL,470,2.393179
15,simd-v0,470,0.246421
15,ours-406478,471,0.130254
15,KACTL,471,2.380866
15,simd-v0,471,0.246722
15,393435,471,0.181229
15,KACTL,472,2.401735
15,simd-v0,472,0.246451
15,393435,472,0.180477
15,ours-406478,472,0.118131
15,simd-v0,473,0.257813
15,393435,473,0.180547
15,ours-406478,473,0.132217
15,KACTL,473,2.429597
15,393435,474,0.193471
15,ours-406478,474,0.118352
15,KACTL,474,2.392588
15,simd-v0,474,0.246642
15,ours-406478,475,0.129663
15,KACTL,475,2.376107
15,simd-v0,475,0.246492
15,393435,475,0.180929
15,KACTL,476,2.435698
15,simd-v0,476,0.247524
15,393435,476,0.183864
15,ours-406478,476,0.118251
15,simd-v0,477,0.258795
15,393435,477,0.180889
15,ours-406478,477,0.119183
15,KACTL,477,2.377660
15,393435,478,0.191439
15,ours-406478,478,0.118111
15,KACTL,478,2.390213
15,simd-v0,478,0.246882
15,ours-406478,479,0.129031
15,KACTL,479,2.376778
15,simd-v0,479,0.247003
15,393435,479,0.181399
15,KACTL,480,2.403368
15,simd-v0,480,0.246461
15,393435,480,0.181920
15,ours-406478,480,0.118121
15,simd-v0,481,0.258053
15,393435,481,0.180618
15,ours-406478,481,0.118282
15,KACTL,481,2.378692
15,393435,482,0.191078
15,ours-406478,482,0.118181
15,KACTL,482,2.390013
15,simd-v0,482,0.246522
15,ours-406478,483,0.128931
15,KACTL,483,2.378953
15,simd-v0,483,0.246641
15,393435,483,0.180528
15,KACTL,484,2.413066
15,simd-v0,484,0.246531
15,393435,484,0.180578
15,ours-406478,484,0.118131
15,simd-v0,485,0.257732
15,393435,485,0.180448
15,ours-406478,485,0.118151
15,KACTL,485,2.382650
15,393435,486,0.191007
15,ours-406478,486,0.118061
15,KACTL,486,2.391936
15,simd-v0,486,0.249236
15,ours-406478,487,0.128921
15,KACTL,487,2.421973
15,simd-v0,487,0.246802
15,393435,487,0.180638
15,KACTL,488,2.401043
15,simd-v0,488,0.246502
15,393435,488,0.180387
15,ours-406478,488,0.118382
15,simd-v0,489,0.257362
15,393435,489,0.180487
15,ours-406478,489,0.118322
15,KACTL,489,2.376657
15,393435,490,0.191018
15,ours-406478,490,0.118111
15,KACTL,490,2.394902
15,simd-v0,490,0.246601
15,ours-406478,491,0.129492
15,KACTL,491,2.379804
15,simd-v0,491,0.247142
15,393435,491,0.180568
15,KACTL,492,2.404460
15,simd-v0,492,0.246431
15,393435,492,0.180467
15,ours-406478,492,0.118061
15,simd-v0,493,0.257371
15,393435,493,0.180408
15,ours-406478,493,0.117971
15,KACTL,493,2.380686
15,393435,494,0.191909
15,ours-406478,494,0.118161
15,KACTL,494,2.392127
15,simd-v0,494,0.246601
15,ours-406478,495,0.149129
15,KACTL,495,2.379895
15,simd-v0,495,0.247132
15,393435,495,0.181390
15,KACTL,496,2.442561
15,simd-v0,496,0.247713
15,393435,496,0.184666
15,ours-406478,496,0.118221
15,simd-v0,497,0.257552
15,393435,497,0.180838
15,ours-406478,497,0.118031
15,KACTL,497,2.381638
15,393435,498,0.192220
15,ours-406478,498,0.118201
15,KACTL,498,2.391075
15,simd-v0,498,0.246421
15,ours-406478,499,0.128881
15,KACTL,499,2.375426
15,simd-v0,499,0.246291
15,393435,499,0.180558
15,KACTL,500,2.407085
15,simd-v0,500,0.246411
15,393435,500,0.180397
15,ours-406478,500,0.118121
15,simd-v0,501,0.257722
15,393435,501,0.180297
15,ours-406478,501,0.118191
15,KACTL,501,2.378081
15,393435,502,0.191969
15,ours-406478,502,0.118121
15,KACTL,502,2.393539
15,simd-v0,502,0.246311
15,ours-406478,503,0.130424
15,KACTL,503,2.379824
15,simd-v0,503,0.246251
15,393435,503,0.180908
15,KACTL,504,2.402667
15,simd-v0,504,0.246441
15,393435,504,0.180468
15,ours-406478,504,0.118131
15,simd-v0,505,0.257643
15,393435,505,0.180468
15,ours-406478,505,0.118101
15,KACTL,505,2.380615
15,393435,506,0.203050
15,ours-406478,506,0.118231
15,KACTL,506,2.394832
15,simd-v0,506,0.249297
15,ours-406478,507,0.129171
15,KACTL,507,2.377429
15,simd-v0,507,0.247093
15,393435,507,0.180529
15,KACTL,508,2.408848
15,simd-v0,508,0.246372
15,393435,508,0.180979
15,ours-406478,508,0.118281
16,KACTL,0,5.259754
16,simd-v0,0,0.511167
16,393435,0,0.407292
16,ours-406478,0,0.253524
16,simd-v0,1,0.521015
16,393435,1,0.399979
16,ours-406478,1,0.260087
16,KACTL,1,5.233004
16,393435,2,0.395801
16,ours-406478,2,0.252192
16,KACTL,2,5.231361
16,simd-v0,2,0.509304
16,ours-406478,3,0.252582
16,KACTL,3,5.254945
16,simd-v0,3,0.510265
16,393435,3,0.409045
16,KACTL,4,5.225019
16,simd-v0,4,0.521135
16,393435,4,0.396030
16,ours-406478,4,0.252102
16,simd-v0,5,0.521086
16,393435,5,0.424885
16,ours-406478,5,0.265427
16,KACTL,5,5.255295
16,393435,6,0.395690
16,ours-406478,6,0.263823
16,KACTL,6,5.231140
16,simd-v0,6,0.510185
16,ours-406478,7,0.263162
16,KACTL,7,5.227574
16,simd-v0,7,0.510626
16,393435,7,0.407262
16,KACTL,8,5.228505
16,simd-v0,8,0.521066
16,393435,8,0.405439
16,ours-406478,8,0.272951
16,simd-v0,9,0.525413
16,393435,9,0.397825
16,ours-406478,9,0.264315
16,KACTL,9,5.229157
16,393435,10,0.396202
16,ours-406478,10,0.263523
16,KACTL,10,5.353138
16,simd-v0,10,0.522528
16,ours-406478,11,0.252743
16,KACTL,11,5.229617
16,simd-v0,11,0.521466
16,393435,11,0.395240
16,KACTL,12,5.228615
16,simd-v0,12,0.520684
16,393435,12,0.396482
16,ours-406478,12,0.267430
16,simd-v0,13,0.509874
16,393435,13,0.407793
16,ours-406478,13,0.252362
16,KACTL,13,5.249555
16,393435,14,0.410378
16,ours-406478,14,0.252723
16,KACTL,14,5.230389
16,simd-v0,14,0.521937
16,ours-406478,15,0.252072
16,KACTL,15,5.226371
16,simd-v0,15,0.531364
16,393435,15,0.396272
16,KACTL,16,5.234898
16,simd-v0,16,0.521326
16,393435,16,0.397183
16,ours-406478,16,0.265406
16,simd-v0,17,0.515224
16,393435,17,0.407051
16,ours-406478,17,0.252252
16,KACTL,17,5.231341
16,393435,18,0.406672
16,ours-406478,18,0.252062
16,KACTL,18,5.279240
16,simd-v0,18,0.522337
16,ours-406478,19,0.252713
16,KACTL,19,5.256408
16,simd-v0,19,0.521876
16,393435,19,0.396002
16,KACTL,20,5.251167
16,simd-v0,20,0.511497
16,393435,20,0.416409
16,ours-406478,20,0.252352
16,simd-v0,21,0.510716
16,393435,21,0.407993
16,ours-406478,21,0.252161
16,KACTL,21,5.234446
16,393435,22,0.406781
16,ours-406478,22,0.252011
16,KACTL,22,5.233975
16,simd-v0,22,0.520735
16,ours-406478,23,0.251962
16,KACTL,23,5.236811
16,simd-v0,23,0.522388
16,393435,23,0.396431
16,KACTL,24,5.230709
16,simd-v0,24,0.509694
16,393435,24,0.407813
16,ours-406478,24,0.252132
16,simd-v0,25,0.509844
16,393435,25,0.408975
16,ours-406478,25,0.254526
16,KACTL,25,5.234356
16,393435,26,0.416359
16,ours-406478,26,0.252242
16,KACTL,26,5.233325
16,simd-v0,26,0.521015
16,ours-406478,27,0.252223
16,KACTL,27,5.230128
16,simd-v0,27,0.509914
16,393435,27,0.396212
16,KACTL,28,5.225269
16,simd-v0,28,0.509974
16,393435,28,0.407352
16,ours-406478,28,0.252352
16,simd-v0,29,0.528910
16,393435,29,0.395049
16,ours-406478,29,0.254176
16,KACTL,29,5.306221
16,393435,30,0.395891
16,ours-406478,30,0.252723
16,KACTL,30,5.245637
16,simd-v0,30,0.510907
16,ours-406478,31,0.252132
16,KACTL,31,5.242842
16,simd-v0,31,0.510125
16,393435,31,0.407102
16,KACTL,32,5.233975
16,simd-v0,32,0.512920
16,393435,32,0.406661
16,ours-406478,32,0.252553
16,simd-v0,33,0.520765
16,393435,33,0.396221
16,ours-406478,33,0.252372
16,KACTL,33,5.236911
16,393435,34,0.396793
16,ours-406478,34,0.252022
16,KACTL,34,5.236501
16,simd-v0,34,0.510285
16,ours-406478,35,0.252092
16,KACTL,35,5.243143
16,simd-v0,35,0.509523
16,393435,35,0.408194
16,KACTL,36,5.235067
16,simd-v0,36,0.509874
16,393435,36,0.405699
16,ours-406478,36,0.252192
16,simd-v0,37,0.521045
16,393435,37,0.395290
16,ours-406478,37,0.252262
16,KACTL,37,5.238314
16,393435,38,0.395901
16,ours-406478,38,0.252192
16,KACTL,38,5.229197
16,simd-v0,38,0.510725
16,ours-406478,39,0.255007
16,KACTL,39,5.242712
16,simd-v0,39,0.509354
16,393435,39,0.405630
16,KACTL,40,5.228766
16,simd-v0,40,0.510385
16,393435,40,0.395681
16,ours-406478,40,0.252452
16,simd-v0,41,0.520524
16,393435,41,0.397013
16,ours-406478,41,0.252182
16,KACTL,41,5.243313
16,393435,42,0.396643
16,ours-406478,42,0.254967
16,KACTL,42,5.241440
16,simd-v0,42,0.510876
16,ours-406478,43,0.263042
16,KACTL,43,5.238905
16,simd-v0,43,0.510175
16,393435,43,0.407362
16,KACTL,44,5.216724
16,simd-v0,44,0.520184
16,393435,44,0.396531
16,ours-406478,44,0.252302
16,simd-v0,45,0.521316
16,393435,45,0.395600
16,ours-406478,45,0.255559
16,KACTL,45,5.269513
16,393435,46,0.395801
16,ours-406478,46,0.263293
16,KACTL,46,5.246569
16,simd-v0,46,0.510776
16,ours-406478,47,0.263614
16,KACTL,47,5.225269
16,simd-v0,47,0.518410
16,393435,47,0.434994
16,KACTL,48,5.235088
16,simd-v0,48,0.520504
16,393435,48,0.395330
16,ours-406478,48,0.252623
16,simd-v0,49,0.521386
16,393435,49,0.395901
16,ours-406478,49,0.263342
16,KACTL,49,5.228585
16,393435,50,0.397013
16,ours-406478,50,0.263133
16,KACTL,50,5.230279
16,simd-v0,50,0.509653
16,ours-406478,51,0.263964
16,KACTL,51,5.225470
16,simd-v0,51,0.520123
16,393435,51,0.397534
16,KACTL,52,5.218337
16,simd-v0,52,0.522659
16,393435,52,0.395621
16,ours-406478,52,0.252212
16,simd-v0,53,0.531916
16,393435,53,0.395991
16,ours-406478,53,0.263604
16,KACTL,53,5.218206
16,393435,54,0.395059
16,ours-406478,54,0.263092
16,KACTL,54,5.221612
16,simd-v0,54,0.509884
16,ours-406478,55,0.263474
16,KACTL,55,5.234746
16,simd-v0,55,0.524342
16,393435,55,0.418834
16,KACTL,56,5.282536
16,simd-v0,56,0.520655
16,393435,56,0.397084
16,ours-406478,56,0.263864
16,simd-v0,57,0.510696
16,393435,57,0.407543
16,ours-406478,57,0.252272
16,KACTL,57,5.236369
16,393435,58,0.418793
16,ours-406478,58,0.252423
16,KACTL,58,5.228214
16,simd-v0,58,0.523720
16,ours-406478,59,0.252272
16,KACTL,59,5.248463
16,simd-v0,59,0.520785
16,393435,59,0.396792
16,KACTL,60,5.233765
16,simd-v0,60,0.521987
16,393435,60,0.395670
16,ours-406478,60,0.264074
16,simd-v0,61,0.510135
16,393435,61,0.406180
16,ours-406478,61,0.252333
16,KACTL,61,5.236220
16,393435,62,0.408554
16,ours-406478,62,0.252432
16,KACTL,62,5.222845
16,simd-v0,62,0.520234
16,ours-406478,63,0.252212
16,KACTL,63,5.292905
16,simd-v0,63,0.521476
16,393435,63,0.395691
16,KACTL,64,5.238223
16,simd-v0,64,0.510315
16,393435,64,0.406191
16,ours-406478,64,0.252473
16,simd-v0,65,0.510015
16,393435,65,0.408995
16,ours-406478,65,0.253244
16,KACTL,65,5.235568
16,393435,66,0.405990
16,ours-406478,66,0.263303
16,KACTL,66,5.231742
16,simd-v0,66,0.520594
16,ours-406478,67,0.253144
16,KACTL,67,5.230349
16,simd-v0,67,0.526816
16,393435,67,0.421059
16,KACTL,68,5.246429
16,simd-v0,68,0.510636
16,393435,68,0.407823
16,ours-406478,68,0.252653
16,simd-v0,69,0.510515
16,393435,69,0.465661
16,ours-406478,69,0.252212
16,KACTL,69,5.252219
16,393435,70,0.395631
16,ours-406478,70,0.252082
16,KACTL,70,5.229247
16,simd-v0,70,0.520374
16,ours-406478,71,0.251771
16,KACTL,71,5.244906
16,simd-v0,71,0.509603
16,393435,71,0.406771
16,KACTL,72,5.232032
16,simd-v0,72,0.509484
16,393435,72,0.405830
16,ours-406478,72,0.252854
16,simd-v0,73,0.523419
16,393435,73,0.395431
16,ours-406478,73,0.252372
16,KACTL,73,5.250386
16,393435,74,0.395210
16,ours-406478,74,0.252122
16,KACTL,74,5.251469
16,simd-v0,74,0.509844
16,ours-406478,75,0.252062
16,KACTL,75,5.238183
16,simd-v0,75,0.509754
16,393435,75,0.405990
16,KACTL,76,5.227664
16,simd-v0,76,0.510145
16,393435,76,0.409226
16,ours-406478,76,0.252432
16,simd-v0,77,0.521296
16,393435,77,0.396112
16,ours-406478,77,0.252372
16,KACTL,77,5.262719
16,393435,78,0.395811
16,ours-406478,78,0.253324
16,KACTL,78,5.247801
16,simd-v0,78,0.509904
16,ours-406478,79,0.252272
16,KACTL,79,5.234997
16,simd-v0,79,0.509924
16,393435,79,0.406922
16,KACTL,80,5.222765
16,simd-v0,80,0.510897
16,393435,80,0.407002
16,ours-406478,80,0.252393
16,simd-v0,81,0.522278
16,393435,81,0.396081
16,ours-406478,81,0.252432
16,KACTL,81,5.234456
16,393435,82,0.396812
16,ours-406478,82,0.252132
16,KACTL,82,5.406017
16,simd-v0,82,0.510145
16,ours-406478,83,0.264785
16,KACTL,83,5.229737
16,simd-v0,83,0.509894
16,393435,83,0.406310
16,KACTL,84,5.222554
16,simd-v0,84,0.521525
16,393435,84,0.396722
16,ours-406478,84,0.252743
16,simd-v0,85,0.524011
16,393435,85,0.396662
16,ours-406478,85,0.264686
16,KACTL,85,5.232563
16,393435,86,0.396822
16,ours-406478,86,0.262973
16,KACTL,86,5.229317
16,simd-v0,86,0.509854
16,ours-406478,87,0.263053
16,KACTL,87,5.234045
16,simd-v0,87,0.521516
16,393435,87,0.396672
16,KACTL,88,5.230770
16,simd-v0,88,0.522117
16,393435,88,0.396332
16,ours-406478,88,0.253204
16,simd-v0,89,0.521416
16,393435,89,0.396442
16,ours-406478,89,0.263633
16,KACTL,89,5.227904
16,393435,90,0.396132
16,ours-406478,90,0.263853
16,KACTL,90,5.217003
16,simd-v0,90,0.509944
16,ours-406478,91,0.252623
16,KACTL,91,5.223416
16,simd-v0,91,0.520364
16,393435,91,0.396693
16,KACTL,92,5.235729
16,simd-v0,92,0.521716
16,393435,92,0.395750
16,ours-406478,92,0.264275
16,simd-v0,93,0.510165
16,393435,93,0.396562
16,ours-406478,93,0.252543
16,KACTL,93,5.267718
16,393435,94,0.396513
16,ours-406478,94,0.252702
16,KACTL,94,5.217194
16,simd-v0,94,0.521566
16,ours-406478,95,0.252382
16,KACTL,95,5.231611
16,simd-v0,95,0.520995
16,393435,95,0.395770
16,KACTL,96,5.234356
16,simd-v0,96,0.520294
16,393435,96,0.395500
16,ours-406478,96,0.263984
16,simd-v0,97,0.510084
16,393435,97,0.406601
16,ours-406478,97,0.252403
16,KACTL,97,5.248062
16,393435,98,0.407573
16,ours-406478,98,0.252482
16,KACTL,98,5.244665
16,simd-v0,98,0.520484
16,ours-406478,99,0.252262
16,KACTL,99,5.259162
16,simd-v0,99,0.520214
16,393435,99,0.398817
16,KACTL,100,5.231571
16,simd-v0,100,0.520093
16,393435,100,0.395831
16,ours-406478,100,0.264405
16,simd-v0,101,0.510565
16,393435,101,0.406641
16,ours-406478,101,0.252242
16,KACTL,101,5.223767
16,393435,102,0.406692
16,ours-406478,102,0.252022
16,KACTL,102,5.231250
16,simd-v0,102,0.521235
16,ours-406478,103,0.252372
16,KACTL,103,5.234897
16,simd-v0,103,0.521496
16,393435,103,0.395720
16,KACTL,104,5.253442
16,simd-v0,104,0.509654
16,393435,104,0.399638
16,ours-406478,104,0.252573
16,simd-v0,105,0.509533
16,393435,105,0.406631
16,ours-406478,105,0.252362
16,KACTL,105,5.232152
16,393435,106,0.407042
16,ours-406478,106,0.252262
16,KACTL,106,5.266397
16,simd-v0,106,0.520725
16,ours-406478,107,0.252452
16,KACTL,107,5.272297
16,simd-v0,107,0.533137
16,393435,107,0.396392
16,KACTL,108,5.231180
16,simd-v0,108,0.510084
16,393435,108,0.410798
16,ours-406478,108,0.252593
16,simd-v0,109,0.509724
16,393435,109,0.407492
16,ours-406478,109,0.252412
16,KACTL,109,5.263851
16,393435,110,0.405900
16,ours-406478,110,0.252673
16,KACTL,110,5.230038
16,simd-v0,110,0.521326
16,ours-406478,111,0.252202
16,KACTL,111,5.248632
16,simd-v0,111,0.510425
16,393435,111,0.406511
16,KACTL,112,5.248683
16,simd-v0,112,0.510025
16,393435,112,0.409206
16,ours-406478,112,0.252333
16,simd-v0,113,0.522008
16,393435,113,0.397153
16,ours-406478,113,0.252192
16,KACTL,113,5.240508
16,393435,114,0.396472
16,ours-406478,114,0.252303
16,KACTL,114,5.239496
16,simd-v0,114,0.509854
16,ours-406478,115,0.252242
16,KACTL,115,5.242331
16,simd-v0,115,0.511017
16,393435,115,0.405238
16,KACTL,116,5.227293
16,simd-v0,116,0.509684
16,393435,116,0.407222
16,ours-406478,116,0.252102
16,simd-v0,117,0.522338
16,393435,117,0.395860
16,ours-406478,117,0.253184
16,KACTL,117,5.248383
16,393435,118,0.395991
16,ours-406478,118,0.252172
16,KACTL,118,5.231562
16,simd-v0,118,0.510585
16,ours-406478,119,0.252052
16,KACTL,119,5.245548
16,simd-v0,119,0.510085
16,393435,119,0.407112
16,KACTL,120,5.224037
16,simd-v0,120,0.509213
16,393435,120,0.406661
16,ours-406478,120,0.252462
16,simd-v0,121,0.521276
16,393435,121,0.396372
16,ours-406478,121,0.252262
16,KACTL,121,5.239917
16,393435,122,0.396843
16,ours-406478,122,0.252252
16,KACTL,122,5.240277
16,simd-v0,122,0.511597
16,ours-406478,123,0.264064
16,KACTL,123,5.234386
16,simd-v0,123,0.509774
16,393435,123,0.405729
16,KACTL,124,5.219318
16,simd-v0,124,0.522407
16,393435,124,0.397023
16,ours-406478,124,0.252322
16,simd-v0,125,0.521727
16,393435,125,0.395821
16,ours-406478,125,0.252292
16,KACTL,125,5.246439
16,393435,126,0.395911
16,ours-406478,126,0.252152
16,KACTL,126,5.242471
16,simd-v0,126,0.510405
16,ours-406478,127,0.264114
16,KACTL,127,5.236029
16,simd-v0,127,0.509533
16,393435,127,0.419405
16,KACTL,128,5.229978
16,simd-v0,128,0.520795
16,393435,128,0.396572
16,ours-406478,128,0.252272
16,simd-v0,129,0.520875
16,393435,129,0.397374
16,ours-406478,129,0.263232
16,KACTL,129,5.236901
16,393435,130,0.395059
16,ours-406478,130,0.262972
16,KACTL,130,5.228896
16,simd-v0,130,0.509734
16,ours-406478,131,0.281096
16,KACTL,131,5.273620
16,simd-v0,131,0.510275
16,393435,131,0.396773
16,KACTL,132,5.234326
16,simd-v0,132,0.527126
16,393435,132,0.397164
16,ours-406478,132,0.252763
16,simd-v0,133,0.532016
16,393435,133,0.396302
16,ours-406478,133,0.263503
16,KACTL,133,5.214990
16,393435,134,0.395821
16,ours-406478,134,0.265748
16,KACTL,134,5.219148
16,simd-v0,134,0.510396
16,ours-406478,135,0.252403
16,KACTL,135,5.221242
16,simd-v0,135,0.520955
16,393435,135,0.395520
16,KACTL,136,5.237011
16,simd-v0,136,0.521135
16,393435,136,0.397634
16,ours-406478,136,0.263132
16,simd-v0,137,0.510015
16,393435,137,0.395450
16,ours-406478,137,0.253314
16,KACTL,137,5.239456
16,393435,138,0.395460
16,ours-406478,138,0.275164
16,KACTL,138,5.218135
16,simd-v0,138,0.520604
16,ours-406478,139,0.252232
16,KACTL,139,5.230068
16,simd-v0,139,0.520514
16,393435,139,0.396202
16,KACTL,140,5.276695
16,simd-v0,140,0.520745
16,393435,140,0.395710
16,ours-406478,140,0.264024
16,simd-v0,141,0.509965
16,393435,141,0.406912
16,ours-406478,141,0.252332
16,KACTL,141,5.252430
16,393435,142,0.405028
16,ours-406478,142,0.252423
16,KACTL,142,5.226662
16,simd-v0,142,0.520403
16,ours-406478,143,0.252182
16,KACTL,143,5.241169
16,simd-v0,143,0.520755
16,393435,143,0.396422
16,KACTL,144,5.225870
16,simd-v0,144,0.523450
16,393435,144,0.398075
16,ours-406478,144,0.263393
16,simd-v0,145,0.510134
16,393435,145,0.406882
16,ours-406478,145,0.252292
16,KACTL,145,5.222584
16,393435,146,0.404067
16,ours-406478,146,0.252163
16,KACTL,146,5.229417
16,simd-v0,146,0.520384
16,ours-406478,147,0.252243
16,KACTL,147,5.235258
16,simd-v0,147,0.522728
16,393435,147,0.396432
16,KACTL,148,5.251819
16,simd-v0,148,0.510145
16,393435,148,0.394078
16,ours-406478,148,0.252833
16,simd-v0,149,0.510676
16,393435,149,0.406161
16,ours-406478,149,0.252362
16,KACTL,149,5.236591
16,393435,150,0.406831
16,ours-406478,150,0.252273
16,KACTL,150,5.220751
16,simd-v0,150,0.522558
16,ours-406478,151,0.252112
16,KACTL,151,5.234867
16,simd-v0,151,0.520384
16,393435,151,0.396872
16,KACTL,152,5.238013
16,simd-v0,152,0.530683
16,393435,152,0.406250
16,ours-406478,152,0.252533
16,simd-v0,153,0.536564
16,393435,153,0.407943
16,ours-406478,153,0.254126
16,KACTL,153,5.250556
16,393435,154,0.409957
16,ours-406478,154,0.252162
16,KACTL,154,5.249555
16,simd-v0,154,0.521136
16,ours-406478,155,0.252393
16,KACTL,155,5.235269
16,simd-v0,155,0.510085
16,393435,155,0.397304
16,KACTL,156,5.230900
16,simd-v0,156,0.509574
16,393435,156,0.406160
16,ours-406478,156,0.252673
16,simd-v0,157,0.521285
16,393435,157,0.398406
16,ours-406478,157,0.252372
16,KACTL,157,5.265444
16,393435,158,0.395039
16,ours-406478,158,0.252913
16,KACTL,158,5.289390
16,simd-v0,158,0.510275
16,ours-406478,159,0.253254
16,KACTL,159,5.234766
16,simd-v0,159,0.510064
16,393435,159,0.407823
16,KACTL,160,5.229978
16,simd-v0,160,0.510656
16,393435,160,0.406671
16,ours-406478,160,0.252412
16,simd-v0,161,0.522007
16,393435,161,0.395962
16,ours-406478,161,0.252282
16,KACTL,161,5.236991
16,393435,162,0.395961
16,ours-406478,162,0.252151
16,KACTL,162,5.341807
16,simd-v0,162,0.510406
16,ours-406478,163,0.252613
16,KACTL,163,5.262959
16,simd-v0,163,0.511226
16,393435,163,0.407552
16,KACTL,164,5.234907
16,simd-v0,164,0.521366
16,393435,164,0.397443
16,ours-406478,164,0.253675
16,simd-v0,165,0.520755
16,393435,165,0.394960
16,ours-406478,165,0.263643
16,KACTL,165,5.230419
16,393435,166,0.394709
16,ours-406478,166,0.262702
16,KACTL,166,5.229237
16,simd-v0,166,0.509884
16,ours-406478,167,0.262822
16,KACTL,167,5.248462
16,simd-v0,167,0.510967
16,393435,167,0.407413
16,KACTL,168,5.251068
16,simd-v0,168,0.537766
16,393435,168,0.394538
16,ours-406478,168,0.252573
16,simd-v0,169,0.522848
16,393435,169,0.397083
16,ours-406478,169,0.263533
16,KACTL,169,5.232903
16,393435,170,0.396732
16,ours-406478,170,0.262843
16,KACTL,170,5.240829
16,simd-v0,170,0.509995
16,ours-406478,171,0.263102
16,KACTL,171,5.219709
16,simd-v0,171,0.521136
16,393435,171,0.396462
16,KACTL,172,5.226501
16,simd-v0,172,0.520424
16,393435,172,0.396573
16,ours-406478,172,0.252383
16,simd-v0,173,0.522347
16,393435,173,0.396161
16,ours-406478,173,0.263654
16,KACTL,173,5.225088
16,393435,174,0.396411
16,ours-406478,174,0.262972
16,KACTL,174,5.223636
16,simd-v0,174,0.510105
16,ours-406478,175,0.262952
16,KACTL,175,5.223155
16,simd-v0,175,0.520514
16,393435,175,0.396161
16,KACTL,176,5.213347
16,simd-v0,176,0.521095
16,393435,176,0.395560
16,ours-406478,176,0.253484
16,simd-v0,177,0.513120
16,393435,177,0.397133
16,ours-406478,177,0.262993
16,KACTL,177,5.232042
16,393435,178,0.397124
16,ours-406478,178,0.262862
16,KACTL,178,5.220139
16,simd-v0,178,0.519973
16,ours-406478,179,0.252082
16,KACTL,179,5.230449
16,simd-v0,179,0.521506
16,393435,179,0.397404
16,KACTL,180,5.232132
16,simd-v0,180,0.520865
16,393435,180,0.395330
16,ours-406478,180,0.263152
16,simd-v0,181,0.510335
16,393435,181,0.406250
16,ours-406478,181,0.252262
16,KACTL,181,5.236560
16,393435,182,0.396142
16,ours-406478,182,0.253385
16,KACTL,182,5.231902
16,simd-v0,182,0.553025
16,ours-406478,183,0.252412
16,KACTL,183,5.226151
16,simd-v0,183,0.520254
16,393435,183,0.396733
16,KACTL,184,5.227253
16,simd-v0,184,0.520925
16,393435,184,0.396722
16,ours-406478,184,0.264004
16,simd-v0,185,0.519753
16,393435,185,0.407493
16,ours-406478,185,0.252422
16,KACTL,185,5.229247
16,393435,186,0.407403
16,ours-406478,186,0.252372
16,KACTL,186,5.235108
16,simd-v0,186,0.521706
16,ours-406478,187,0.252192
16,KACTL,187,5.252350
16,simd-v0,187,0.521306
16,393435,187,0.396632
16,KACTL,188,5.226572
16,simd-v0,188,0.509794
16,393435,188,0.396321
16,ours-406478,188,0.265386
16,simd-v0,189,0.511628
16,393435,189,0.417802
16,ours-406478,189,0.252232
16,KACTL,189,5.234807
16,393435,190,0.407252
16,ours-406478,190,0.251982
16,KACTL,190,5.232593
16,simd-v0,190,0.521115
16,ours-406478,191,0.252112
16,KACTL,191,5.230388
16,simd-v0,191,0.521015
16,393435,191,0.395380
16,KACTL,192,5.251228
16,simd-v0,192,0.510416
16,393435,192,0.406681
16,ours-406478,192,0.253043
16,simd-v0,193,0.510295
16,393435,193,0.406561
16,ours-406478,193,0.252101
16,KACTL,193,5.232983
16,393435,194,0.406010
16,ours-406478,194,0.252232
16,KACTL,194,5.229508
16,simd-v0,194,0.520394
16,ours-406478,195,0.252242
16,KACTL,195,5.233064
16,simd-v0,195,0.521487
16,393435,195,0.395560
16,KACTL,196,5.232332
16,simd-v0,196,0.510506
16,393435,196,0.406241
16,ours-406478,196,0.253094
16,simd-v0,197,0.509754
16,393435,197,0.406190
16,ours-406478,197,0.252452
16,KACTL,197,5.242621
16,393435,198,0.405418
16,ours-406478,198,0.252372
16,KACTL,198,5.232132
16,simd-v0,198,0.520634
16,ours-406478,199,0.252562
16,KACTL,199,5.232112
16,simd-v0,199,0.520885
16,393435,199,0.395349
16,KACTL,200,5.228064
16,simd-v0,200,0.509814
16,393435,200,0.404497
16,ours-406478,200,0.252152
16,simd-v0,201,0.510255
16,393435,201,0.406321
16,ours-406478,201,0.252693
16,KACTL,201,5.279470
16,393435,202,0.397023
16,ours-406478,202,0.252843
16,KACTL,202,5.233394
16,simd-v0,202,0.520895
16,ours-406478,203,0.252212
16,KACTL,203,5.250486
16,simd-v0,203,0.509854
16,393435,203,0.407293
16,KACTL,204,5.230168
16,simd-v0,204,0.509894
16,393435,204,0.407182
16,ours-406478,204,0.252272
16,simd-v0,205,0.521465
16,393435,205,0.396572
16,ours-406478,205,0.252312
16,KACTL,205,5.251618
16,393435,206,0.396352
16,ours-406478,206,0.252333
16,KACTL,206,5.318063
16,simd-v0,206,0.509935
16,ours-406478,207,0.252432
16,KACTL,207,5.230419
16,simd-v0,207,0.509694
16,393435,207,0.418934
16,KACTL,208,5.223346
16,simd-v0,208,0.509694
16,393435,208,0.407753
16,ours-406478,208,0.252292
16,simd-v0,209,0.521546
16,393435,209,0.395721
16,ours-406478,209,0.252342
16,KACTL,209,5.232333
16,393435,210,0.395489
16,ours-406478,210,0.252142
16,KACTL,210,5.235688
16,simd-v0,210,0.510726
16,ours-406478,211,0.253725
16,KACTL,211,5.247972
16,simd-v0,211,0.510646
16,393435,211,0.405799
16,KACTL,212,5.219759
16,simd-v0,212,0.538539
16,393435,212,0.396883
16,ours-406478,212,0.252292
16,simd-v0,213,0.520725
16,393435,213,0.395390
16,ours-406478,213,0.252353
16,KACTL,213,5.253903
16,393435,214,0.397715
16,ours-406478,214,0.260167
16,KACTL,214,5.230198
16,simd-v0,214,0.511177
16,ours-406478,215,0.262672
16,KACTL,215,5.236621
16,simd-v0,215,0.509824
16,393435,215,0.406300
16,KACTL,216,5.251648
16,simd-v0,216,0.522498
16,393435,216,0.396302
16,ours-406478,216,0.252552
16,simd-v0,217,0.552825
16,393435,217,0.395530
16,ours-406478,217,0.268081
16,KACTL,217,5.231631
16,393435,218,0.396072
16,ours-406478,218,0.264305
16,KACTL,218,5.238584
16,simd-v0,218,0.510114
16,ours-406478,219,0.264115
16,KACTL,219,5.238825
16,simd-v0,219,0.523409
16,393435,219,0.399047
16,KACTL,220,5.216052
16,simd-v0,220,0.521676
16,393435,220,0.396762
16,ours-406478,220,0.253044
16,simd-v0,221,0.510836
16,393435,221,0.395881
16,ours-406478,221,0.263513
16,KACTL,221,5.233715
16,393435,222,0.396201
16,ours-406478,222,0.263333
16,KACTL,222,5.214188
16,simd-v0,222,0.520635
16,ours-406478,223,0.254907
16,KACTL,223,5.230469
16,simd-v0,223,0.520404
16,393435,223,0.394829
16,KACTL,224,5.220841
16,simd-v0,224,0.520464
16,393435,224,0.395400
16,ours-406478,224,0.263544
16,simd-v0,225,0.510034
16,393435,225,0.395910
16,ours-406478,225,0.252292
16,KACTL,225,5.220691
16,393435,226,0.396752
16,ours-406478,226,0.335798
16,KACTL,226,5.242271
16,simd-v0,226,0.520364
16,ours-406478,227,0.252913
16,KACTL,227,5.237702
16,simd-v0,227,0.520434
16,393435,227,0.395220
16,KACTL,228,5.257069
16,simd-v0,228,0.520454
16,393435,228,0.395230
16,ours-406478,228,0.263584
16,simd-v0,229,0.510115
16,393435,229,0.409055
16,ours-406478,229,0.252131
16,KACTL,229,5.227463
16,393435,230,0.406611
16,ours-406478,230,0.252242
16,KACTL,230,5.249204
16,simd-v0,230,0.520053
17,KACTL,0,11.122136
17,simd-v0,0,1.086494
17,393435,0,0.814604
17,ours-406478,0,0.528629
17,simd-v0,1,1.099387
17,393435,1,0.802953
17,ours-406478,1,0.538758
17,KACTL,1,11.217213
17,393435,2,0.813752
17,ours-406478,2,0.538909
17,KACTL,2,11.124991
17,simd-v0,2,1.087997
17,ours-406478,3,0.539439
17,KACTL,3,11.240577
17,simd-v0,3,1.099838
17,393435,3,0.816127
17,KACTL,4,11.149867
17,simd-v0,4,1.091392
17,393435,4,0.822088
17,ours-406478,4,0.539290
17,simd-v0,5,1.088918
17,393435,5,0.813091
17,ours-406478,5,0.527788
17,KACTL,5,11.229005
17,393435,6,0.815876
17,ours-406478,6,0.528268
17,KACTL,6,11.490525
17,simd-v0,6,1.101352
17,ours-406478,7,0.540761
17,KACTL,7,11.281463
17,simd-v0,7,1.177293
17,393435,7,0.925472
17,KACTL,8,11.205861
17,simd-v0,8,1.107483
17,393435,8,0.803704
17,ours-406478,8,0.542886
17,simd-v0,9,1.092275
17,393435,9,0.819164
17,ours-406478,9,0.538618
17,KACTL,9,11.197275
17,393435,10,0.814775
17,ours-406478,10,0.528038
17,KACTL,10,11.220469
17,simd-v0,10,1.085862
17,ours-406478,11,0.528469
17,KACTL,11,11.242831
17,simd-v0,11,1.086543
17,393435,11,0.818672
17,KACTL,12,11.137314
17,simd-v0,12,1.087905
17,393435,12,0.815957
17,ours-406478,12,0.529160
17,simd-v0,13,1.088537
17,393435,13,0.827760
17,ours-406478,13,0.527808
17,KACTL,13,11.243903
17,393435,14,0.816217
17,ours-406478,14,0.539079
17,KACTL,14,11.154346
17,simd-v0,14,1.093186
17,ours-406478,15,0.540782
17,KACTL,15,11.187658
17,simd-v0,15,1.089980
17,393435,15,0.815126
17,KACTL,16,11.206994
17,simd-v0,16,1.100069
17,393435,16,0.804385
17,ours-406478,16,0.540141
17,simd-v0,17,1.094038
17,393435,17,0.815436
17,ours-406478,17,0.539409
17,KACTL,17,11.238162
17,393435,18,0.813733
17,ours-406478,18,0.529721
17,KACTL,18,11.182859
17,simd-v0,18,1.089810
17,ours-406478,19,0.528409
17,KACTL,19,11.227704
17,simd-v0,19,1.091193
17,393435,19,0.815236
17,KACTL,20,11.162792
17,simd-v0,20,1.124986
17,393435,20,0.816317
17,ours-406478,20,0.539780
17,simd-v0,21,1.099528
17,393435,21,0.816298
17,ours-406478,21,0.527938
17,KACTL,21,11.273199
17,393435,22,0.803855
17,ours-406478,22,0.543568
17,KACTL,22,11.130481
17,simd-v0,22,1.088707
17,ours-406478,23,0.540873
17,KACTL,23,11.194962
17,simd-v0,23,1.089028
17,393435,23,0.816639
17,KACTL,24,11.135550
17,simd-v0,24,1.097834
17,393435,24,0.803564
17,ours-406478,24,0.543958
17,simd-v0,25,1.092204
17,393435,25,0.817921
17,ours-406478,25,0.539049
17,KACTL,25,11.271795
17,393435,26,0.817039
17,ours-406478,26,0.529411
17,KACTL,26,11.177489
17,simd-v0,26,1.101933
17,ours-406478,27,0.527999
17,KACTL,27,11.198077
17,simd-v0,27,1.098586
17,393435,27,0.815807
17,KACTL,28,11.188319
17,simd-v0,28,1.088468
17,393435,28,0.815797
17,ours-406478,28,0.539580
17,simd-v0,29,1.090772
17,393435,29,0.818983
17,ours-406478,29,0.528259
17,KACTL,29,11.303154
17,393435,30,0.807391
17,ours-406478,30,0.539679
17,KACTL,30,11.132224
17,simd-v0,30,1.089088
17,ours-406478,31,0.539850
17,KACTL,31,11.183110
17,simd-v0,31,1.090301
17,393435,31,0.815657
17,KACTL,32,11.240897
17,simd-v0,32,1.090000
17,393435,32,0.816137
17,ours-406478,32,0.528479
17,simd-v0,33,1.097844
17,393435,33,0.817169
17,ours-406478,33,0.539620
17,KACTL,33,11.187438
17,393435,34,0.814985
17,ours-406478,34,0.528029
17,KACTL,34,11.175515
17,simd-v0,34,1.086553
17,ours-406478,35,0.528189
17,KACTL,35,11.241710
17,simd-v0,35,1.089619
17,393435,35,0.815377
17,KACTL,36,11.120422
17,simd-v0,36,1.090140
17,393435,36,0.816468
17,ours-406478,36,0.538838
17,simd-v0,37,1.092434
17,393435,37,0.815155
17,ours-406478,37,0.528329
17,KACTL,37,11.264893
17,393435,38,0.804155
17,ours-406478,38,0.539720
17,KACTL,38,11.172550
17,simd-v0,38,1.088537
17,ours-406478,39,0.540491
17,KACTL,39,11.183070
17,simd-v0,39,1.092404
17,393435,39,0.815936
17,KACTL,40,11.171989
17,simd-v0,40,1.134774
17,393435,40,0.805348
17,ours-406478,40,0.528399
17,simd-v0,41,1.093867
17,393435,41,0.816499
17,ours-406478,41,0.540081
17,KACTL,41,11.191375
17,393435,42,0.815336
17,ours-406478,42,0.527948
17,KACTL,42,11.257960
17,simd-v0,42,1.091073
17,ours-406478,43,0.529611
17,KACTL,43,11.240327
17,simd-v0,43,1.089830
17,393435,43,0.815397
17,KACTL,44,11.130822
17,simd-v0,44,1.111430
17,393435,44,0.817721
17,ours-406478,44,0.539409
17,simd-v0,45,1.090752
17,393435,45,0.815747
17,ours-406478,45,0.531435
17,KACTL,45,11.215781
17,393435,46,0.803925
17,ours-406478,46,0.539460
17,KACTL,46,11.168302
17,simd-v0,46,1.098465
17,ours-406478,47,0.541354
17,KACTL,47,11.156069
17,simd-v0,47,1.089840
17,393435,47,0.816188
17,KACTL,48,11.164064
17,simd-v0,48,1.100119
17,393435,48,0.807601
17,ours-406478,48,0.538537
17,simd-v0,49,1.091984
17,393435,49,0.815586
17,ours-406478,49,0.539279
17,KACTL,49,11.225880
17,393435,50,0.831637
17,ours-406478,50,0.528669
17,KACTL,50,11.168182
17,simd-v0,50,1.099197
17,ours-406478,51,0.528860
17,KACTL,51,11.256236
17,simd-v0,51,1.087946
17,393435,51,0.815927
17,KACTL,52,11.255064
17,simd-v0,52,1.100209
17,393435,52,0.826397
17,ours-406478,52,0.540943
17,simd-v0,53,1.096823
17,393435,53,0.826677
17,ours-406478,53,0.528189
17,KACTL,53,11.276144
17,393435,54,0.804566
17,ours-406478,54,0.528619
17,KACTL,54,11.170156
17,simd-v0,54,1.088798
17,ours-406478,55,0.527707
17,KACTL,55,11.236991
17,simd-v0,55,1.089940
17,393435,55,0.807632
17,KACTL,56,11.210882
17,simd-v0,56,1.091844
17,393435,56,0.828430
17,ours-406478,56,0.529290
17,simd-v0,57,1.091653
17,393435,57,0.815507
17,ours-406478,57,0.540381
17,KACTL,57,11.184592
17,393435,58,0.814814
17,ours-406478,58,0.540181
17,KACTL,58,11.155297
17,simd-v0,58,1.090881
17,ours-406478,59,0.539630
17,KACTL,59,11.300819
17,simd-v0,59,1.089579
17,393435,59,0.815696
17,KACTL,60,11.131663
17,simd-v0,60,1.089109
17,393435,60,0.816428
17,ours-406478,60,0.541574
17,simd-v0,61,1.092124
17,393435,61,0.814714
17,ours-406478,61,0.528159
17,KACTL,61,11.285601
17,393435,62,0.818792
17,ours-406478,62,0.529320
17,KACTL,62,11.200572
17,simd-v0,62,1.098586
17,ours-406478,63,0.528860
17,KACTL,63,11.205812
17,simd-v0,63,1.143380
17,393435,63,0.804325
17,KACTL,64,11.217324
17,simd-v0,64,1.101632
17,393435,64,0.815657
17,ours-406478,64,0.529121
17,simd-v0,65,1.101471
17,393435,65,0.804816
17,ours-406478,65,0.539650
17,KACTL,65,11.237170
17,393435,66,0.817240
17,ours-406478,66,0.539189
17,KACTL,66,11.124279
17,simd-v0,66,1.091552
17,ours-406478,67,0.540101
17,KACTL,67,11.224607
17,simd-v0,67,1.091673
17,393435,67,0.819233
17,KACTL,68,11.118689
17,simd-v0,68,1.089709
17,393435,68,0.817490
17,ours-406478,68,0.552344
17,simd-v0,69,1.093526
17,393435,69,0.815436
17,ours-406478,69,0.529902
17,KACTL,69,11.251247
17,393435,70,0.815876
17,ours-406478,70,0.527928
17,KACTL,70,11.133517
17,simd-v0,70,1.102112
17,ours-406478,71,0.528359
17,KACTL,71,11.441203
17,simd-v0,71,1.090331
17,393435,71,0.815887
17,KACTL,72,11.146972
17,simd-v0,72,1.089619
17,393435,72,0.816638
17,ours-406478,72,0.530753
17,simd-v0,73,1.175280
17,393435,73,1.313509
17,ours-406478,73,0.595685
17,KACTL,73,11.229175
17,393435,74,0.815546
17,ours-406478,74,0.539409
17,KACTL,74,11.205181
17,simd-v0,74,1.089178
17,ours-406478,75,0.540401
17,KACTL,75,11.249554
17,simd-v0,75,1.091463
17,393435,75,0.818923
17,KACTL,76,11.127726
17,simd-v0,76,1.089980
17,393435,76,0.819564
17,ours-406478,76,0.539339
17,simd-v0,77,1.094498
17,393435,77,0.814765
17,ours-406478,77,0.528819
17,KACTL,77,11.245867
17,393435,78,0.816749
17,ours-406478,78,0.528710
17,KACTL,78,11.185454
17,simd-v0,78,1.119195
17,ours-406478,79,0.528279
17,KACTL,79,11.283607
17,simd-v0,79,1.089890
17,393435,79,0.805588
17,KACTL,80,11.192687
17,simd-v0,80,1.089058
17,393435,80,0.816738
17,ours-406478,80,0.528910
17,simd-v0,81,1.098095
17,393435,81,0.803965
17,ours-406478,81,0.540281
17,KACTL,81,11.237771
17,393435,82,0.814774
17,ours-406478,82,0.540081
17,KACTL,82,11.194041
17,simd-v0,82,1.088818
17,ours-406478,83,0.540070
17,KACTL,83,11.238203
17,simd-v0,83,1.088187
17,393435,83,0.818652
17,KACTL,84,11.177559
17,simd-v0,84,1.090030
17,393435,84,0.804165
17,ours-406478,84,0.553585
17,simd-v0,85,1.096352
17,393435,85,0.816157
17,ours-406478,85,0.539460
17,KACTL,85,11.257638
17,393435,86,0.816228
17,ours-406478,86,0.528209
17,KACTL,86,11.177529
17,simd-v0,86,1.089740
17,ours-406478,87,0.528139
17,KACTL,87,11.240026
17,simd-v0,87,1.087745
17,393435,87,0.844050
17,KACTL,88,11.169734
17,simd-v0,88,1.088717
17,393435,88,0.815285
17,ours-406478,88,0.528900
17,simd-v0,89,1.092435
17,393435,89,0.817931
17,ours-406478,89,0.528258
17,KACTL,89,11.257258
17,393435,90,0.818411
17,ours-406478,90,0.540331
17,KACTL,90,11.133696
17,simd-v0,90,1.089940
17,ours-406478,91,0.540842
17,KACTL,91,11.271766
17,simd-v0,91,1.090681
17,393435,91,0.815306
17,KACTL,92,11.197116
17,simd-v0,92,1.101441
17,393435,92,0.805268
17,ours-406478,92,0.530042
17,simd-v0,93,1.089980
17,393435,93,0.816088
17,ours-406478,93,0.539861
17,KACTL,93,11.226881
17,393435,94,0.817289
17,ours-406478,94,0.528859
17,KACTL,94,11.173130
17,simd-v0,94,1.088647
17,ours-406478,95,0.528299
17,KACTL,95,11.183059
17,simd-v0,95,1.087255
17,393435,95,0.815527
17,KACTL,96,11.182398
17,simd-v0,96,1.099287
17,393435,96,0.820747
17,ours-406478,96,0.538788
17,simd-v0,97,1.089629
17,393435,97,0.814775
17,ours-406478,97,0.528499
17,KACTL,97,11.247730
17,393435,98,0.815447
17,ours-406478,98,0.539950
17,KACTL,98,11.139808
17,simd-v0,98,1.090711
17,ours-406478,99,0.539911
17,KACTL,99,11.196755
17,simd-v0,99,1.089059
17,393435,99,0.815847
17,KACTL,100,11.195032
17,simd-v0,100,1.123823
17,393435,100,0.807741
17,ours-406478,100,0.543337
17,simd-v0,101,1.104628
17,393435,101,0.819334
17,ours-406478,101,0.539500
17,KACTL,101,11.211963
17,393435,102,0.814304
17,ours-406478,102,0.528119
17,KACTL,102,11.168482
17,simd-v0,102,1.095841
17,ours-406478,103,0.527818
17,KACTL,103,11.228093
17,simd-v0,103,1.088558
17,393435,103,0.826366
17,KACTL,104,11.189030
17,simd-v0,104,1.093577
17,393435,104,0.816027
17,ours-406478,104,0.539920
17,simd-v0,105,1.100290
17,393435,105,0.815396
17,ours-406478,105,0.528509
17,KACTL,105,11.220459
17,393435,106,0.804766
17,ours-406478,106,0.539450
17,KACTL,106,11.143816
17,simd-v0,106,1.088117
18,KACTL,0,24.822225
18,simd-v0,0,2.302239
18,393435,0,1.768520
18,ours-406478,0,1.162195
18,simd-v0,1,2.308741
18,393435,1,1.776515
18,ours-406478,1,1.162656
18,KACTL,1,24.005627
18,393435,2,1.776534
18,ours-406478,2,1.167566
18,KACTL,2,24.650113
18,simd-v0,2,2.327877
18,ours-406478,3,1.149902
18,KACTL,3,23.930576
18,simd-v0,3,2.285567
18,393435,3,1.762959
18,KACTL,4,24.649492
18,simd-v0,4,2.298041
18,393435,4,1.764783
18,ours-406478,4,1.152778
18,simd-v0,5,2.297359
18,393435,5,1.777146
18,ours-406478,5,1.148840
18,KACTL,5,23.938832
18,393435,6,1.758982
18,ours-406478,6,1.161814
18,KACTL,6,24.738048
18,simd-v0,6,2.298672
18,ours-406478,7,1.149401
18,KACTL,7,23.910248
18,simd-v0,7,2.299193
18,393435,7,1.783057
18,KACTL,8,24.655814
18,simd-v0,8,2.297870
18,393435,8,1.780643
18,ours-406478,8,1.151725
18,simd-v0,9,2.322306
18,393435,9,1.804297
18,ours-406478,9,1.160282
18,KACTL,9,24.048618
18,393435,10,1.773640
18,ours-406478,10,1.149591
18,KACTL,10,24.603496
18,simd-v0,10,2.310244
18,ours-406478,11,1.149141
18,KACTL,11,23.898557
18,simd-v0,11,2.317176
18,393435,11,1.776775
18,KACTL,12,24.634574
18,simd-v0,12,2.303300
18,393435,12,1.774702
18,ours-406478,12,1.152688
18,simd-v0,13,2.339388
18,393435,13,1.772267
18,ours-406478,13,1.148059
18,KACTL,13,24.149747
18,393435,14,1.780673
18,ours-406478,14,1.147978
18,KACTL,14,24.650063
18,simd-v0,14,2.292110
18,ours-406478,15,1.174739
18,KACTL,15,23.933231
18,simd-v0,15,2.297630
18,393435,15,1.775032
18,KACTL,16,24.545447
18,simd-v0,16,2.306847
18,393435,16,1.773559
18,ours-406478,16,1.175910
18,simd-v0,17,2.337966
18,393435,17,1.780202
18,ours-406478,17,1.150313
18,KACTL,17,24.039661
18,393435,18,1.774812
18,ours-406478,18,1.150253
18,KACTL,18,24.653419
18,simd-v0,18,2.318519
18,ours-406478,19,1.151866
18,KACTL,19,24.026506
18,simd-v0,19,2.285738
18,393435,19,1.771586
18,KACTL,20,24.545046
18,simd-v0,20,2.297851
18,393435,20,1.813003
18,ours-406478,20,1.177154
18,simd-v0,21,2.331894
18,393435,21,1.773229
18,ours-406478,21,1.150824
18,KACTL,21,23.947017
18,393435,22,1.776374
18,ours-406478,22,1.156985
18,KACTL,22,24.669870
18,simd-v0,22,2.330151
18,ours-406478,23,1.152077
18,KACTL,23,23.975982
18,simd-v0,23,2.306667
18,393435,23,1.779209
18,KACTL,24,24.613314
18,simd-v0,24,2.320513
18,393435,24,1.779831
18,ours-406478,24,1.152407
18,simd-v0,25,2.300486
18,393435,25,1.775383
18,ours-406478,25,1.152867
18,KACTL,25,23.961264
18,393435,26,1.768130
18,ours-406478,26,1.158317
18,KACTL,26,24.630577
18,simd-v0,26,2.304012
18,ours-406478,27,1.152227
18,KACTL,27,23.942639
18,simd-v0,27,2.305235
18,393435,27,1.765364
18,KACTL,28,24.700417
18,simd-v0,28,2.306486
18,393435,28,1.774471
18,ours-406478,28,1.151926
18,simd-v0,29,2.302189
18,393435,29,1.795541
18,ours-406478,29,1.180089
18,KACTL,29,24.052544
18,393435,30,1.777035
18,ours-406478,30,1.151675
18,KACTL,30,24.597715
18,simd-v0,30,2.296639
18,ours-406478,31,1.151565
18,KACTL,31,23.894990
18,simd-v0,31,2.310655
18,393435,31,1.775824
18,KACTL,32,24.598256
18,simd-v0,32,2.313711
18,393435,32,1.775373
18,ours-406478,32,1.152086
18,simd-v0,33,2.300405
18,393435,33,1.767237
18,ours-406478,33,1.159570
18,KACTL,33,23.983455
18,393435,34,1.780993
18,ours-406478,34,1.151304
18,KACTL,34,24.782631
18,simd-v0,34,2.310354
18,ours-406478,35,1.152697
18,KACTL,35,24.039390
18,simd-v0,35,2.300275
18,393435,35,1.778208
18,KACTL,36,24.553692
18,simd-v0,36,2.299343
18,393435,36,1.781423
18,ours-406478,36,1.152296
18,simd-v0,37,2.325092
18,393435,37,1.776314
18,ours-406478,37,1.148278
18,KACTL,37,23.991861
18,393435,38,1.775082
18,ours-406478,38,1.149151
18,KACTL,38,24.663228
18,simd-v0,38,2.318710
18,ours-406478,39,1.163818
18,KACTL,39,24.001720
18,simd-v0,39,2.297610
18,393435,39,1.773449
18,KACTL,40,24.586685
18,simd-v0,40,2.305585
18,393435,40,1.772287
18,ours-406478,40,1.149922
18,simd-v0,41,2.321164
18,393435,41,1.782225
18,ours-406478,41,1.149642
18,KACTL,41,24.027167
18,393435,42,1.776995
18,ours-406478,42,1.166453
18,KACTL,42,24.610940
18,simd-v0,42,2.308411
18,ours-406478,43,1.151235
18,KACTL,43,24.108940
18,simd-v0,43,2.298832
18,393435,43,1.794208
18,KACTL,44,24.634464
18,simd-v0,44,2.316425
18,393435,44,1.764923
18,ours-406478,44,1.151335
18,simd-v0,45,2.305465
18,393435,45,1.777326
18,ours-406478,45,1.148930
18,KACTL,45,23.927360
18,393435,46,1.773409
18,ours-406478,46,1.160713
18,KACTL,46,24.662657
18,simd-v0,46,2.312968
18,ours-406478,47,1.154290
18,KACTL,47,24.127505
18,simd-v0,47,2.298230
18,393435,47,1.779320
18,KACTL,48,24.574982
18,simd-v0,48,2.300075
18,393435,48,1.775413
18,ours-406478,48,1.158899
18,simd-v0,49,2.301767
18,393435,49,1.772988
18,ours-406478,49,1.149501
18,KACTL,49,24.060860
18,393435,50,1.780753
18,ours-406478,50,1.150182
18,KACTL,50,24.583509
18,simd-v0,50,2.317367
19,KACTL,0,54.393679
19,simd-v0,0,4.796176
19,393435,0,3.593756
19,ours-406478,0,2.392988
19,simd-v0,1,4.790525
19,393435,1,3.667575
19,ours-406478,1,2.412324
19,KACTL,1,53.357950
19,393435,2,3.584969
19,ours-406478,2,2.399852
19,KACTL,2,54.396484
19,simd-v0,2,4.788672
19,ours-406478,3,2.396415
19,KACTL,3,53.271309
19,simd-v0,3,4.803420
19,393435,3,3.596831
19,KACTL,4,54.532569
19,simd-v0,4,4.795545
19,393435,4,3.619784
19,ours-406478,4,2.403558
19,simd-v0,5,4.798791
19,393435,5,3.611519
19,ours-406478,5,2.400683
19,KACTL,5,53.354725
19,393435,6,3.601861
19,ours-406478,6,2.411523
19,KACTL,6,54.392296
19,simd-v0,6,4.810453
19,ours-406478,7,2.382610
19,KACTL,7,53.246051
19,simd-v0,7,4.796677
19,393435,7,3.597142
19,KACTL,8,54.529002
19,simd-v0,8,4.807487
19,393435,8,3.595740
19,ours-406478,8,2.393570
19,simd-v0,9,4.839046
19,393435,9,3.599436
19,ours-406478,9,2.394581
19,KACTL,9,53.356207
19,393435,10,3.606710
19,ours-406478,10,2.386466
19,KACTL,10,54.613570
19,simd-v0,10,4.817987
19,ours-406478,11,2.392869
19,KACTL,11,53.383618
19,simd-v0,11,4.795354
19,393435,11,4.274640
19,KACTL,12,54.453344
19,simd-v0,12,4.855954
19,393435,12,3.608246
19,ours-406478,12,2.389445
19,simd-v0,13,4.785111
19,393435,13,3.588650
19,ours-406478,13,2.382903
19,KACTL,13,53.346378
19,393435,14,3.595272
19,ours-406478,14,2.392480
19,KACTL,14,54.529473
19,simd-v0,14,4.827660
19,ours-406478,15,2.398291
19,KACTL,15,53.214682
19,simd-v0,15,4.797705
19,393435,15,3.596394
19,KACTL,16,54.450446
19,simd-v0,16,4.777947
19,393435,16,3.588350
19,ours-406478,16,2.390156
19,simd-v0,17,4.785642
19,393435,17,3.595212
19,ours-406478,17,2.405966
19,KACTL,17,53.477443
19,393435,18,3.585184
19,ours-406478,18,2.387882
19,KACTL,18,54.456978
19,simd-v0,18,4.805339
19,ours-406478,19,2.397840
19,KACTL,19,53.320060
19,simd-v0,19,4.774601
19,393435,19,3.587488
19,KACTL,20,54.592171
19,simd-v0,20,4.805149
19,393435,20,3.589251
19,ours-406478,20,2.394063
19,simd-v0,21,4.808796
19,393435,21,3.612055
19,ours-406478,21,2.395546
19,KACTL,21,53.351188
19,393435,22,3.594401
19,ours-406478,22,2.391809
19,KACTL,22,54.626266
19,simd-v0,22,4.787435
20,KACTL,0,108.060928
20,simd-v0,0,9.955383
20,393435,0,7.765662
20,ours-406478,0,5.123565
20,simd-v0,1,9.977213
20,393435,1,7.775260
20,ours-406478,1,5.112354
20,KACTL,1,109.618565
20,393435,2,7.805317
20,ours-406478,2,5.101393
20,KACTL,2,108.098409
20,simd-v0,2,9.936768
20,ours-406478,3,5.120188
20,KACTL,3,109.877961
20,simd-v0,3,9.963388
20,393435,3,7.795539
20,KACTL,4,108.581142
20,simd-v0,4,9.950594
20,393435,4,7.779288
20,ours-406478,4,5.138323
20,simd-v0,5,10.040342
20,393435,5,7.919961
20,ours-406478,5,5.150936
20,KACTL,5,109.681052
20,393435,6,7.800327
20,ours-406478,6,5.123044
20,KACTL,6,107.637867
20,simd-v0,6,11.738362
20,ours-406478,7,6.734672
20,KACTL,7,118.248897
20,simd-v0,7,9.993574
20,393435,7,7.764870
20,KACTL,8,108.241106
20,simd-v0,8,9.944422
20,393435,8,7.805597
20,ours-406478,8,5.122432
20,simd-v0,9,9.977334
20,393435,9,7.783846
20,ours-406478,9,5.156176
20,KACTL,9,109.451082
20,393435,10,7.779979
20,ours-406478,10,5.103647
20,KACTL,10,108.236787
20,simd-v0,10,9.927029
21,KACTL,0,234.841973
21,simd-v0,0,20.572064
21,393435,0,15.846214
21,ours-406478,0,10.513207
21,simd-v0,1,20.589757
21,393435,1,15.816739
21,ours-406478,1,10.590933
21,KACTL,1,227.428380
21,393435,2,15.881561
21,ours-406478,2,10.654843
21,KACTL,2,234.798872
21,simd-v0,2,20.618632
21,ours-406478,3,10.613746
21,KACTL,3,227.889604
21,simd-v0,3,20.687109
21,393435,3,15.860081
21,KACTL,4,234.680932
21,simd-v0,4,20.891803
21,393435,4,15.852515
21,ours-406478,4,10.534127
21,simd-v0,5,20.736041
21,393435,5,15.836376
21,ours-406478,5,10.537984
21,KACTL,5,227.733832
21,393435,6,15.837067
21,ours-406478,6,10.555476
21,KACTL,6,234.439189
21,simd-v0,6,20.535135
21,ours-406478,7,10.497738
21,KACTL,7,226.834638
21,simd-v0,7,20.515858
21,393435,7,15.854450
21,KACTL,8,234.046444
21,simd-v0,8,20.595978
21,393435,8,15.781253
21,ours-406478,8,10.520331
21,simd-v0,9,20.561173
21,393435,9,15.907770
21,ours-406478,9,10.570555
21,KACTL,9,227.102560
21,393435,10,15.857606
21,ours-406478,10,10.569272
21,KACTL,10,234.449408
21,simd-v0,10,20.501502
22,KACTL,0,489.936158
22,simd-v0,0,43.543171
22,393435,0,33.919498
22,ours-406478,0,22.730986
22,simd-v0,1,43.842311
22,393435,1,34.039924
22,ours-406478,1,22.711801
22,KACTL,1,483.593066
22,393435,2,34.375211
22,ours-406478,2,22.690380
22,KACTL,2,490.734773
22,simd-v0,2,43.598485
22,ours-406478,3,22.604059
22,KACTL,3,486.895246
22,simd-v0,3,43.601070
22,393435,3,33.939556
22,KACTL,4,490.566178
22,simd-v0,4,43.672213
22,393435,4,33.914589
22,ours-406478,4,22.681283
22,simd-v0,5,43.535246
22,393435,5,34.015397
22,ours-406478,5,22.695590
22,KACTL,5,484.400226
22,393435,6,34.198280
22,ours-406478,6,22.613877
22,KACTL,6,489.667665
22,simd-v0,6,43.483249
22,ours-406478,7,22.652700
22,KACTL,7,479.443078
22,simd-v0,7,43.623441
22,393435,7,33.882769
22,KACTL,8,488.791255
22,simd-v0,8,43.459043
22,393435,8,33.973028
22,ours-406478,8,22.668389
22,simd-v0,9,43.572105
22,393435,9,33.929888
22,ours-406478,9,22.765862
22,KACTL,9,481.125747
22,393435,10,34.119853
22,ours-406478,10,22.671495
22,KACTL,10,490.022500
22,simd-v0,10,43.801345
