lg,impl,rep,ms
10,KACTL,0,0.031467
10,simd-v0,0,0.005368
10,393435,0,0.002694
10,ours-406478,0,0.001893
10,simd-v0,1,0.005359
10,393435,1,0.002634
10,ours-406478,1,0.001873
10,KACTL,1,0.031398
10,393435,2,0.002644
10,ours-406478,2,0.001883
10,KACTL,2,0.040110
10,simd-v0,2,0.005358
10,ours-406478,3,0.001882
10,KACTL,3,0.031397
10,simd-v0,3,0.005358
10,393435,3,0.002654
10,KACTL,4,0.031387
10,simd-v0,4,0.005368
10,393435,4,0.002654
10,ours-406478,4,0.001883
10,simd-v0,5,0.005358
10,393435,5,0.002634
10,ours-406478,5,0.001873
10,KACTL,5,0.031368
10,393435,6,0.002654
10,ours-406478,6,0.001882
10,KACTL,6,0.031407
10,simd-v0,6,0.005378
10,ours-406478,7,0.001883
10,KACTL,7,0.035233
10,simd-v0,7,0.005348
10,393435,7,0.002644
10,KACTL,8,0.031387
10,simd-v0,8,0.005338
10,393435,8,0.002644
10,ours-406478,8,0.001873
10,simd-v0,9,0.005368
10,393435,9,0.002644
10,ours-406478,9,0.001883
10,KACTL,9,0.031397
10,393435,10,0.002644
10,ours-406478,10,0.001863
10,KACTL,10,0.031387
10,simd-v0,10,0.005348
10,ours-406478,11,0.001873
10,KACTL,11,0.031417
10,simd-v0,11,0.005328
10,393435,11,0.002634
10,KACTL,12,0.031418
10,simd-v0,12,0.005368
10,393435,12,0.002654
10,ours-406478,12,0.001883
10,simd-v0,13,0.005348
10,393435,13,0.002644
10,ours-406478,13,0.001873
10,KACTL,13,0.031398
10,393435,14,0.002634
10,ours-406478,14,0.001873
10,KACTL,14,0.031367
10,simd-v0,14,0.005338
10,ours-406478,15,0.001893
10,KACTL,15,0.031358
10,simd-v0,15,0.005368
10,393435,15,0.002644
10,KACTL,16,0.031377
10,simd-v0,16,0.005358
10,393435,16,0.002634
10,ours-406478,16,0.001863
10,simd-v0,17,0.005368
10,393435,17,0.002644
10,ours-406478,17,0.001873
10,KACTL,17,0.031397
10,393435,18,0.002644
10,ours-406478,18,0.001863
10,KACTL,18,0.031347
10,simd-v0,18,0.005358
10,ours-406478,19,0.001873
10,KACTL,19,0.031407
10,simd-v0,19,0.005338
10,393435,19,0.002654
10,KACTL,20,0.031388
10,simd-v0,20,0.005368
10,393435,20,0.002634
10,ours-406478,20,0.001883
10,simd-v0,21,0.005358
10,393435,21,0.002634
10,ours-406478,21,0.001863
10,KACTL,21,0.031377
10,393435,22,0.002644
10,ours-406478,22,0.001872
10,KACTL,22,0.031367
10,simd-v0,22,0.005348
10,ours-406478,23,0.001863
10,KACTL,23,0.031338
10,simd-v0,23,0.005358
10,393435,23,0.002634
10,KACTL,24,0.031347
10,simd-v0,24,0.005328
10,393435,24,0.002644
10,ours-406478,24,0.001873
10,simd-v0,25,0.005348
10,393435,25,0.002654
10,ours-406478,25,0.001872
10,KACTL,25,0.048713
10,393435,26,0.002844
10,ours-406478,26,0.001863
10,KACTL,26,0.031387
10,simd-v0,26,0.005338
10,ours-406478,27,0.001873
10,KACTL,27,0.031337
10,simd-v0,27,0.005378
10,393435,27,0.002634
10,KACTL,28,0.031277
10,simd-v0,28,0.005358
10,393435,28,0.002644
10,ours-406478,28,0.001883
10,simd-v0,29,0.005338
10,393435,29,0.002654
10,ours-406478,29,0.001862
10,KACTL,29,0.031337
10,393435,30,0.002644
10,ours-406478,30,0.001863
10,KACTL,30,0.031357
10,simd-v0,30,0.005338
10,ours-406478,31,0.001873
10,KACTL,31,0.031348
10,simd-v0,31,0.005358
10,393435,31,0.002644
10,KACTL,32,0.031347
10,simd-v0,32,0.005338
10,393435,32,0.002634
10,ours-406478,32,0.001863
10,simd-v0,33,0.005348
10,393435,33,0.002644
10,ours-406478,33,0.001863
10,KACTL,33,0.031277
10,393435,34,0.002644
10,ours-406478,34,0.001863
10,KACTL,34,0.031327
10,simd-v0,34,0.005348
10,ours-406478,35,0.001853
10,KACTL,35,0.031387
10,simd-v0,35,0.005328
10,393435,35,0.002634
10,KACTL,36,0.031337
10,simd-v0,36,0.005328
10,393435,36,0.002644
10,ours-406478,36,0.001873
10,simd-v0,37,0.005338
10,393435,37,0.002634
10,ours-406478,37,0.001863
10,KACTL,37,0.031358
10,393435,38,0.002624
10,ours-406478,38,0.001863
10,KACTL,38,0.031387
10,simd-v0,38,0.005318
10,ours-406478,39,0.001863
10,KACTL,39,0.031397
10,simd-v0,39,0.005348
10,393435,39,0.002634
10,KACTL,40,0.031387
10,simd-v0,40,0.005338
10,393435,40,0.002634
10,ours-406478,40,0.001873
10,simd-v0,41,0.005349
10,393435,41,0.002634
10,ours-406478,41,0.001873
10,KACTL,41,0.031387
10,393435,42,0.002644
10,ours-406478,42,0.001863
10,KACTL,42,0.031377
10,simd-v0,42,0.005358
10,ours-406478,43,0.001883
10,KACTL,43,0.031318
10,simd-v0,43,0.005348
10,393435,43,0.002644
10,KACTL,44,0.031327
10,simd-v0,44,0.005338
10,393435,44,0.002624
10,ours-406478,44,0.001883
10,simd-v0,45,0.005358
10,393435,45,0.002654
10,ours-406478,45,0.001873
10,KACTL,45,0.031367
10,393435,46,0.002644
10,ours-406478,46,0.001873
10,KACTL,46,0.031317
10,simd-v0,46,0.005338
10,ours-406478,47,0.001892
10,KACTL,47,0.031387
10,simd-v0,47,0.005338
10,393435,47,0.008132
10,KACTL,48,0.031297
10,simd-v0,48,0.005358
10,393435,48,0.002634
10,ours-406478,48,0.001873
10,simd-v0,49,0.005338
10,393435,49,0.002634
10,ours-406478,49,0.001873
10,KACTL,49,0.031297
10,393435,50,0.002624
10,ours-406478,50,0.001862
10,KACTL,50,0.031337
10,simd-v0,50,0.005358
10,ours-406478,51,0.001863
10,KACTL,51,0.031317
10,simd-v0,51,0.005338
10,393435,51,0.002644
10,KACTL,52,0.031367
10,simd-v0,52,0.005328
10,393435,52,0.002644
10,ours-406478,52,0.001863
10,simd-v0,53,0.005338
10,393435,53,0.002634
10,ours-406478,53,0.001863
10,KACTL,53,0.031298
10,393435,54,0.002634
10,ours-406478,54,0.001883
10,KACTL,54,0.031317
10,simd-v0,54,0.005328
10,ours-406478,55,0.001862
10,KACTL,55,0.031357
10,simd-v0,55,0.005338
10,393435,55,0.002634
10,KACTL,56,0.031318
10,simd-v0,56,0.005358
10,393435,56,0.002644
10,ours-406478,56,0.001863
10,simd-v0,57,0.005348
10,393435,57,0.002634
10,ours-406478,57,0.001863
10,KACTL,57,0.031327
10,393435,58,0.002634
10,ours-406478,58,0.001863
10,KACTL,58,0.031348
10,simd-v0,58,0.005358
10,ours-406478,59,0.001872
10,KACTL,59,0.031397
10,simd-v0,59,0.005368
10,393435,59,0.002634
10,KACTL,60,0.031328
10,simd-v0,60,0.005348
10,393435,60,0.002644
10,ours-406478,60,0.001863
10,simd-v0,61,0.005348
10,393435,61,0.002624
10,ours-406478,61,0.001873
10,KACTL,61,0.031297
10,393435,62,0.002644
10,ours-406478,62,0.001873
10,KACTL,62,0.031348
10,simd-v0,62,0.005358
10,ours-406478,63,0.001852
10,KACTL,63,0.031357
10,simd-v0,63,0.005318
10,393435,63,0.002634
10,KACTL,64,0.031388
10,simd-v0,64,0.005338
10,393435,64,0.002654
10,ours-406478,64,0.001873
10,simd-v0,65,0.005358
10,393435,65,0.002634
10,ours-406478,65,0.001873
10,KACTL,65,0.031297
10,393435,66,0.002644
10,ours-406478,66,0.001883
10,KACTL,66,0.031348
10,simd-v0,66,0.005338
10,ours-406478,67,0.001873
10,KACTL,67,0.031287
10,simd-v0,67,0.005338
10,393435,67,0.002644
10,KACTL,68,0.031327
10,simd-v0,68,0.005348
10,393435,68,0.002644
10,ours-406478,68,0.001862
10,simd-v0,69,0.005358
10,393435,69,0.002644
10,ours-406478,69,0.001862
10,KACTL,69,0.031327
10,393435,70,0.002633
10,ours-406478,70,0.001893
10,KACTL,70,0.031357
10,simd-v0,70,0.005338
10,ours-406478,71,0.001893
10,KACTL,71,0.036605
10,simd-v0,71,0.005358
10,393435,71,0.002644
10,KACTL,72,0.031377
10,simd-v0,72,0.005338
10,393435,72,0.002634
10,ours-406478,72,0.001872
10,simd-v0,73,0.005358
10,393435,73,0.002644
10,ours-406478,73,0.001863
10,KACTL,73,0.031347
10,393435,74,0.002634
10,ours-406478,74,0.001883
10,KACTL,74,0.031338
10,simd-v0,74,0.005328
10,ours-406478,75,0.001883
10,KACTL,75,0.031357
10,simd-v0,75,0.005348
10,393435,75,0.002644
10,KACTL,76,0.031357
10,simd-v0,76,0.005348
10,393435,76,0.002644
10,ours-406478,76,0.001862
10,simd-v0,77,0.005358
10,393435,77,0.002634
10,ours-406478,77,0.001872
10,KACTL,77,0.031357
10,393435,78,0.002644
10,ours-406478,78,0.001863
10,KACTL,78,0.031357
10,simd-v0,78,0.005358
10,ours-406478,79,0.001863
10,KACTL,79,0.031387
10,simd-v0,79,0.005348
10,393435,79,0.002644
10,KACTL,80,0.031357
10,simd-v0,80,0.005338
10,393435,80,0.002644
10,ours-406478,80,0.001862
10,simd-v0,81,0.005358
10,393435,81,0.002644
10,ours-406478,81,0.001862
10,KACTL,81,0.031357
10,393435,82,0.002634
10,ours-406478,82,0.001883
10,KACTL,82,0.031328
10,simd-v0,82,0.005348
10,ours-406478,83,0.001873
10,KACTL,83,0.031367
10,simd-v0,83,0.005348
10,393435,83,0.002634
10,KACTL,84,0.031337
10,simd-v0,84,0.005348
10,393435,84,0.002634
10,ours-406478,84,0.001882
10,simd-v0,85,0.005358
10,393435,85,0.002644
10,ours-406478,85,0.001862
10,KACTL,85,0.031297
10,393435,86,0.002644
10,ours-406478,86,0.001883
10,KACTL,86,0.031327
10,simd-v0,86,0.005358
10,ours-406478,87,0.001873
10,KACTL,87,0.031367
10,simd-v0,87,0.005358
10,393435,87,0.002644
10,KACTL,88,0.031428
10,simd-v0,88,0.005358
10,393435,88,0.002644
10,ours-406478,88,0.001863
10,simd-v0,89,0.005348
10,393435,89,0.002643
10,ours-406478,89,0.001893
10,KACTL,89,0.031378
10,393435,90,0.002644
10,ours-406478,90,0.001873
10,KACTL,90,0.031367
10,simd-v0,90,0.005368
10,ours-406478,91,0.001863
10,KACTL,91,0.031337
10,simd-v0,91,0.005348
10,393435,91,0.002634
10,KACTL,92,0.031358
10,simd-v0,92,0.005348
10,393435,92,0.002644
10,ours-406478,92,0.001883
10,simd-v0,93,0.005358
10,393435,93,0.002654
10,ours-406478,93,0.001883
10,KACTL,93,0.031328
10,393435,94,0.002634
10,ours-406478,94,0.001873
10,KACTL,94,0.036935
10,simd-v0,94,0.005338
10,ours-406478,95,0.001873
10,KACTL,95,0.031327
10,simd-v0,95,0.005348
10,393435,95,0.002644
10,KACTL,96,0.031357
10,simd-v0,96,0.005338
10,393435,96,0.002654
10,ours-406478,96,0.001862
10,simd-v0,97,0.005358
10,393435,97,0.002634
10,ours-406478,97,0.001862
10,KACTL,97,0.031367
10,393435,98,0.002634
10,ours-406478,98,0.001873
10,KACTL,98,0.031287
10,simd-v0,98,0.005348
10,ours-406478,99,0.001873
10,KACTL,99,0.031387
10,simd-v0,99,0.005348
10,393435,99,0.002634
10,KACTL,100,0.031367
10,simd-v0,100,0.005338
10,393435,100,0.002644
10,ours-406478,100,0.001873
10,simd-v0,101,0.005358
10,393435,101,0.002644
10,ours-406478,101,0.001873
10,KACTL,101,0.031317
10,393435,102,0.002654
10,ours-406478,102,0.001863
10,KACTL,102,0.031338
10,simd-v0,102,0.005358
10,ours-406478,103,0.001862
10,KACTL,103,0.031347
10,simd-v0,103,0.005339
10,393435,103,0.002634
10,KACTL,104,0.031318
10,simd-v0,104,0.005358
10,393435,104,0.002644
10,ours-406478,104,0.001863
10,simd-v0,105,0.005338
10,393435,105,0.002644
10,ours-406478,105,0.001863
10,KACTL,105,0.031407
10,393435,106,0.002634
10,ours-406478,106,0.001893
10,KACTL,106,0.031407
10,simd-v0,106,0.005348
10,ours-406478,107,0.001873
10,KACTL,107,0.031377
10,simd-v0,107,0.005358
10,393435,107,0.002644
10,KACTL,108,0.031427
10,simd-v0,108,0.005358
10,393435,108,0.002644
10,ours-406478,108,0.001873
10,simd-v0,109,0.005338
10,393435,109,0.002634
10,ours-406478,109,0.001873
10,KACTL,109,0.031387
10,393435,110,0.002644
10,ours-406478,110,0.001872
10,KACTL,110,0.031357
10,simd-v0,110,0.005358
10,ours-406478,111,0.001873
10,KACTL,111,0.031368
10,simd-v0,111,0.005348
10,393435,111,0.002624
10,KACTL,112,0.031287
10,simd-v0,112,0.005349
10,393435,112,0.002634
10,ours-406478,112,0.001873
10,simd-v0,113,0.005358
10,393435,113,0.002634
10,ours-406478,113,0.001873
10,KACTL,113,0.031367
10,393435,114,0.002654
10,ours-406478,114,0.001883
10,KACTL,114,0.031367
10,simd-v0,114,0.005338
10,ours-406478,115,0.001863
10,KACTL,115,0.031328
10,simd-v0,115,0.005348
10,393435,115,0.002644
10,KACTL,116,0.031347
10,simd-v0,116,0.005348
10,393435,116,0.002644
10,ours-406478,116,0.001873
10,simd-v0,117,0.005338
10,393435,117,0.002634
10,ours-406478,117,0.001883
10,KACTL,117,0.031367
10,393435,118,0.002644
10,ours-406478,118,0.001873
10,KACTL,118,0.044587
10,simd-v0,118,0.005348
10,ours-406478,119,0.001863
10,KACTL,119,0.031417
10,simd-v0,119,0.005338
10,393435,119,0.002634
10,KACTL,120,0.031378
10,simd-v0,120,0.005348
10,393435,120,0.002654
10,ours-406478,120,0.001873
10,simd-v0,121,0.005348
10,393435,121,0.002644
10,ours-406478,121,0.001863
10,KACTL,121,0.031398
10,393435,122,0.002634
10,ours-406478,122,0.001863
10,KACTL,122,0.031357
10,simd-v0,122,0.005328
10,ours-406478,123,0.001873
10,KACTL,123,0.031417
10,simd-v0,123,0.005348
10,393435,123,0.002644
10,KACTL,124,0.031337
10,simd-v0,124,0.005328
10,393435,124,0.002644
10,ours-406478,124,0.001873
10,simd-v0,125,0.005338
10,393435,125,0.002634
10,ours-406478,125,0.001863
10,KACTL,125,0.031398
10,393435,126,0.002634
10,ours-406478,126,0.001873
10,KACTL,126,0.031357
10,simd-v0,126,0.005358
10,ours-406478,127,0.001873
10,KACTL,127,0.031367
10,simd-v0,127,0.005368
10,393435,127,0.002644
10,KACTL,128,0.031277
10,simd-v0,128,0.005338
10,393435,128,0.002644
10,ours-406478,128,0.001862
10,simd-v0,129,0.005368
10,393435,129,0.002644
10,ours-406478,129,0.001873
10,KACTL,129,0.031508
10,393435,130,0.002644
10,ours-406478,130,0.001873
10,KACTL,130,0.031327
10,simd-v0,130,0.005358
10,ours-406478,131,0.001863
10,KACTL,131,0.031367
10,simd-v0,131,0.005338
10,393435,131,0.002634
10,KACTL,132,0.031367
10,simd-v0,132,0.005368
10,393435,132,0.002644
10,ours-406478,132,0.001862
10,simd-v0,133,0.005348
10,393435,133,0.002634
10,ours-406478,133,0.001863
10,KACTL,133,0.031397
10,393435,134,0.002654
10,ours-406478,134,0.001873
10,KACTL,134,0.031378
10,simd-v0,134,0.005368
10,ours-406478,135,0.001872
10,KACTL,135,0.031307
10,simd-v0,135,0.005349
10,393435,135,0.002634
10,KACTL,136,0.031348
10,simd-v0,136,0.005348
10,393435,136,0.002644
10,ours-406478,136,0.001883
10,simd-v0,137,0.005348
10,393435,137,0.002654
10,ours-406478,137,0.001863
10,KACTL,137,0.031408
10,393435,138,0.002654
10,ours-406478,138,0.001863
10,KACTL,138,0.031267
10,simd-v0,138,0.005358
10,ours-406478,139,0.001862
10,KACTL,139,0.031397
10,simd-v0,139,0.005338
10,393435,139,0.002644
10,KACTL,140,0.031347
10,simd-v0,140,0.005348
10,393435,140,0.002624
10,ours-406478,140,0.001863
10,simd-v0,141,0.005328
10,393435,141,0.002644
10,ours-406478,141,0.001883
10,KACTL,141,0.038218
10,393435,142,0.002654
10,ours-406478,142,0.001873
10,KACTL,142,0.031368
10,simd-v0,142,0.005348
10,ours-406478,143,0.001863
10,KACTL,143,0.031307
10,simd-v0,143,0.005368
10,393435,143,0.002634
10,KACTL,144,0.031368
10,simd-v0,144,0.005338
10,393435,144,0.002634
10,ours-406478,144,0.001873
10,simd-v0,145,0.005358
10,393435,145,0.002654
10,ours-406478,145,0.001873
10,KACTL,145,0.031387
10,393435,146,0.002644
10,ours-406478,146,0.001883
10,KACTL,146,0.031357
10,simd-v0,146,0.005348
10,ours-406478,147,0.001863
10,KACTL,147,0.031357
10,simd-v0,147,0.005328
10,393435,147,0.002634
10,KACTL,148,0.031328
10,simd-v0,148,0.005348
10,393435,148,0.002654
10,ours-406478,148,0.001873
10,simd-v0,149,0.005358
10,393435,149,0.002644
10,ours-406478,149,0.001883
10,KACTL,149,0.031338
10,393435,150,0.002634
10,ours-406478,150,0.001863
10,KACTL,150,0.031317
10,simd-v0,150,0.005328
10,ours-406478,151,0.001873
10,KACTL,151,0.031347
10,simd-v0,151,0.005328
10,393435,151,0.002644
10,KACTL,152,0.031387
10,simd-v0,152,0.005348
10,393435,152,0.002644
10,ours-406478,152,0.001863
10,simd-v0,153,0.005348
10,393435,153,0.002644
10,ours-406478,153,0.001863
10,KACTL,153,0.031358
10,393435,154,0.002644
10,ours-406478,154,0.001873
10,KACTL,154,0.031317
10,simd-v0,154,0.005338
10,ours-406478,155,0.001873
10,KACTL,155,0.031367
10,simd-v0,155,0.005358
10,393435,155,0.002644
10,KACTL,156,0.031397
10,simd-v0,156,0.005358
10,393435,156,0.002644
10,ours-406478,156,0.001863
10,simd-v0,157,0.005349
10,393435,157,0.002624
10,ours-406478,157,0.001883
10,KACTL,157,0.031307
10,393435,158,0.002644
10,ours-406478,158,0.001872
10,KACTL,158,0.031357
10,simd-v0,158,0.005338
10,ours-406478,159,0.001873
10,KACTL,159,0.032760
10,simd-v0,159,0.005338
10,393435,159,0.002634
10,KACTL,160,0.031388
10,simd-v0,160,0.005358
10,393435,160,0.002634
10,ours-406478,160,0.001883
10,simd-v0,161,0.005348
10,393435,161,0.002633
10,ours-406478,161,0.001873
10,KACTL,161,0.031287
10,393435,162,0.002634
10,ours-406478,162,0.001873
10,KACTL,162,0.031308
10,simd-v0,162,0.005358
10,ours-406478,163,0.001872
10,KACTL,163,0.031327
10,simd-v0,163,0.005368
10,393435,163,0.002644
10,KACTL,164,0.031398
10,simd-v0,164,0.005338
10,393435,164,0.012489
10,ours-406478,164,0.001883
10,simd-v0,165,0.005338
10,393435,165,0.002644
10,ours-406478,165,0.001873
10,KACTL,165,0.031368
10,393435,166,0.002634
10,ours-406478,166,0.001863
10,KACTL,166,0.031407
10,simd-v0,166,0.005338
10,ours-406478,167,0.001873
10,KACTL,167,0.031357
10,simd-v0,167,0.005328
10,393435,167,0.002634
10,KACTL,168,0.031257
10,simd-v0,168,0.005328
10,393435,168,0.002634
10,ours-406478,168,0.001863
10,simd-v0,169,0.005338
10,393435,169,0.002644
10,ours-406478,169,0.001873
10,KACTL,169,0.031348
10,393435,170,0.002644
10,ours-406478,170,0.001863
10,KACTL,170,0.031327
10,simd-v0,170,0.005348
10,ours-406478,171,0.001863
10,KACTL,171,0.031357
10,simd-v0,171,0.005358
10,393435,171,0.002624
10,KACTL,172,0.031367
10,simd-v0,172,0.005348
10,393435,172,0.002644
10,ours-406478,172,0.001853
10,simd-v0,173,0.005348
10,393435,173,0.002644
10,ours-406478,173,0.001873
10,KACTL,173,0.031377
10,393435,174,0.002634
10,ours-406478,174,0.001873
10,KACTL,174,0.031357
10,simd-v0,174,0.005338
10,ours-406478,175,0.001862
10,KACTL,175,0.031367
10,simd-v0,175,0.005338
10,393435,175,0.002654
10,KACTL,176,0.031377
10,simd-v0,176,0.005348
10,393435,176,0.002634
10,ours-406478,176,0.001873
10,simd-v0,177,0.005348
10,393435,177,0.002634
10,ours-406478,177,0.001893
10,KACTL,177,0.031328
10,393435,178,0.002644
10,ours-406478,178,0.001873
10,KACTL,178,0.031337
10,simd-v0,178,0.005318
10,ours-406478,179,0.001862
10,KACTL,179,0.031377
10,simd-v0,179,0.005348
10,393435,179,0.002644
10,KACTL,180,0.031397
10,simd-v0,180,0.005358
10,393435,180,0.002644
10,ours-406478,180,0.001863
10,simd-v0,181,0.005348
10,393435,181,0.002644
10,ours-406478,181,0.001863
10,KACTL,181,0.031348
10,393435,182,0.002634
10,ours-406478,182,0.001903
10,KACTL,182,0.031337
10,simd-v0,182,0.005348
10,ours-406478,183,0.001873
10,KACTL,183,0.031337
10,simd-v0,183,0.005338
10,393435,183,0.002634
10,KACTL,184,0.031357
10,simd-v0,184,0.005348
10,393435,184,0.002644
10,ours-406478,184,0.001873
10,simd-v0,185,0.005348
10,393435,185,0.002644
10,ours-406478,185,0.001873
10,KACTL,185,0.031388
10,393435,186,0.002634
10,ours-406478,186,0.001892
10,KACTL,186,0.031297
10,simd-v0,186,0.005338
10,ours-406478,187,0.001883
10,KACTL,187,0.031378
10,simd-v0,187,0.005368
10,393435,187,0.002634
10,KACTL,188,0.036765
10,simd-v0,188,0.005358
10,393435,188,0.002644
10,ours-406478,188,0.001863
10,simd-v0,189,0.005348
10,393435,189,0.002634
10,ours-406478,189,0.001883
10,KACTL,189,0.031367
10,393435,190,0.002654
10,ours-406478,190,0.001873
10,KACTL,190,0.031368
10,simd-v0,190,0.005338
10,ours-406478,191,0.001882
10,KACTL,191,0.031327
10,simd-v0,191,0.005349
10,393435,191,0.002634
10,KACTL,192,0.031358
10,simd-v0,192,0.005328
10,393435,192,0.002644
10,ours-406478,192,0.001873
10,simd-v0,193,0.005348
10,393435,193,0.002654
10,ours-406478,193,0.001893
10,KACTL,193,0.031307
10,393435,194,0.002664
10,ours-406478,194,0.001873
10,KACTL,194,0.031397
10,simd-v0,194,0.005348
10,ours-406478,195,0.001883
10,KACTL,195,0.031417
10,simd-v0,195,0.005338
10,393435,195,0.002644
10,KACTL,196,0.031377
10,simd-v0,196,0.005348
10,393435,196,0.002644
10,ours-406478,196,0.001883
10,simd-v0,197,0.005359
10,393435,197,0.002644
10,ours-406478,197,0.001873
10,KACTL,197,0.031367
10,393435,198,0.002644
10,ours-406478,198,0.001862
10,KACTL,198,0.031357
10,simd-v0,198,0.005328
10,ours-406478,199,0.001863
10,KACTL,199,0.031317
10,simd-v0,199,0.005348
10,393435,199,0.002644
10,KACTL,200,0.031327
10,simd-v0,200,0.005338
10,393435,200,0.002644
10,ours-406478,200,0.001873
10,simd-v0,201,0.005318
10,393435,201,0.002634
10,ours-406478,201,0.001883
10,KACTL,201,0.031357
10,393435,202,0.002644
10,ours-406478,202,0.001862
10,KACTL,202,0.031347
10,simd-v0,202,0.005359
10,ours-406478,203,0.001883
10,KACTL,203,0.031357
10,simd-v0,203,0.005338
10,393435,203,0.002644
10,KACTL,204,0.031367
10,simd-v0,204,0.005338
10,393435,204,0.002644
10,ours-406478,204,0.001853
10,simd-v0,205,0.005339
10,393435,205,0.002654
10,ours-406478,205,0.001893
10,KACTL,205,0.031337
10,393435,206,0.002654
10,ours-406478,206,0.001862
10,KACTL,206,0.031387
10,simd-v0,206,0.005348
10,ours-406478,207,0.001863
10,KACTL,207,0.031388
10,simd-v0,207,0.005358
10,393435,207,0.002654
10,KACTL,208,0.031377
10,simd-v0,208,0.005358
10,393435,208,0.002634
10,ours-406478,208,0.001862
10,simd-v0,209,0.005348
10,393435,209,0.002624
10,ours-406478,209,0.001892
10,KACTL,209,0.031357
10,393435,210,0.002644
10,ours-406478,210,0.001873
10,KACTL,210,0.031358
10,simd-v0,210,0.005328
10,ours-406478,211,0.001873
10,KACTL,211,0.041723
10,simd-v0,211,0.006260
10,393435,211,0.002775
10,KACTL,212,0.031387
10,simd-v0,212,0.005348
10,393435,212,0.002634
10,ours-406478,212,0.001903
10,simd-v0,213,0.005348
10,393435,213,0.002634
10,ours-406478,213,0.001883
10,KACTL,213,0.031428
10,393435,214,0.002634
10,ours-406478,214,0.001863
10,KACTL,214,0.031357
10,simd-v0,214,0.005328
10,ours-406478,215,0.001862
10,KACTL,215,0.031347
10,simd-v0,215,0.005338
10,393435,215,0.002634
10,KACTL,216,0.031337
10,simd-v0,216,0.005338
10,393435,216,0.002634
10,ours-406478,216,0.001862
10,simd-v0,217,0.005348
10,393435,217,0.002644
10,ours-406478,217,0.001862
10,KACTL,217,0.031337
10,393435,218,0.002634
10,ours-406478,218,0.001873
10,KACTL,218,0.031348
10,simd-v0,218,0.005368
10,ours-406478,219,0.001873
10,KACTL,219,0.031327
10,simd-v0,219,0.005348
10,393435,219,0.002644
10,KACTL,220,0.031378
10,simd-v0,220,0.005348
10,393435,220,0.002634
10,ours-406478,220,0.001883
10,simd-v0,221,0.005358
10,393435,221,0.002654
10,ours-406478,221,0.001873
10,KACTL,221,0.031337
10,393435,222,0.002634
10,ours-406478,222,0.001873
10,KACTL,222,0.031348
10,simd-v0,222,0.005368
10,ours-406478,223,0.001862
10,KACTL,223,0.031357
10,simd-v0,223,0.005328
10,393435,223,0.002634
10,KACTL,224,0.031338
10,simd-v0,224,0.005338
10,393435,224,0.002644
10,ours-406478,224,0.001863
10,simd-v0,225,0.005328
10,393435,225,0.002634
10,ours-406478,225,0.001873
10,KACTL,225,0.031317
10,393435,226,0.002634
10,ours-406478,226,0.001893
10,KACTL,226,0.031358
10,simd-v0,226,0.005358
10,ours-406478,227,0.001862
10,KACTL,227,0.031337
10,simd-v0,227,0.005358
10,393435,227,0.002644
10,KACTL,228,0.031408
10,simd-v0,228,0.005338
10,393435,228,0.002644
10,ours-406478,228,0.001853
10,simd-v0,229,0.005338
10,393435,229,0.002644
10,ours-406478,229,0.001873
10,KACTL,229,0.031348
10,393435,230,0.002634
10,ours-406478,230,0.001863
10,KACTL,230,0.031327
10,simd-v0,230,0.005338
10,ours-406478,231,0.001882
10,KACTL,231,0.031407
10,simd-v0,231,0.005338
10,393435,231,0.002644
10,KACTL,232,0.031327
10,simd-v0,232,0.005348
10,393435,232,0.002654
10,ours-406478,232,0.001893
10,simd-v0,233,0.005338
10,393435,233,0.002654
10,ours-406478,233,0.001883
10,KACTL,233,0.031388
10,393435,234,0.002644
10,ours-406478,234,0.001863
10,KACTL,234,0.031407
10,simd-v0,234,0.010667
10,ours-406478,235,0.001883
10,KACTL,235,0.031338
10,simd-v0,235,0.005368
10,393435,235,0.002644
10,KACTL,236,0.031317
10,simd-v0,236,0.005348
10,393435,236,0.002644
10,ours-406478,236,0.001863
10,simd-v0,237,0.005338
10,393435,237,0.002644
10,ours-406478,237,0.001863
10,KACTL,237,0.031387
10,393435,238,0.002644
10,ours-406478,238,0.001873
10,KACTL,238,0.031397
10,simd-v0,238,0.005358
10,ours-406478,239,0.001863
10,KACTL,239,0.031367
10,simd-v0,239,0.005348
10,393435,239,0.002644
10,KACTL,240,0.031347
10,simd-v0,240,0.005338
10,393435,240,0.002634
10,ours-406478,240,0.001873
10,simd-v0,241,0.005348
10,393435,241,0.002654
10,ours-406478,241,0.001882
10,KACTL,241,0.031337
10,393435,242,0.002644
10,ours-406478,242,0.001873
10,KACTL,242,0.031307
10,simd-v0,242,0.005338
10,ours-406478,243,0.001873
10,KACTL,243,0.031377
10,simd-v0,243,0.005338
10,393435,243,0.002644
10,KACTL,244,0.031317
10,simd-v0,244,0.005338
10,393435,244,0.002634
10,ours-406478,244,0.001893
10,simd-v0,245,0.005358
10,393435,245,0.002644
10,ours-406478,245,0.001862
10,KACTL,245,0.031347
10,393435,246,0.002634
10,ours-406478,246,0.001863
10,KACTL,246,0.031358
10,simd-v0,246,0.005348
10,ours-406478,247,0.001883
10,KACTL,247,0.031337
10,simd-v0,247,0.005348
10,393435,247,0.002634
10,KACTL,248,0.031398
10,simd-v0,248,0.005348
10,393435,248,0.002634
10,ours-406478,248,0.001883
10,simd-v0,249,0.005328
10,393435,249,0.002634
10,ours-406478,249,0.001893
10,KACTL,249,0.031408
10,393435,250,0.002644
10,ours-406478,250,0.001863
10,KACTL,250,0.031337
10,simd-v0,250,0.005358
10,ours-406478,251,0.001872
10,KACTL,251,0.031297
10,simd-v0,251,0.005338
10,393435,251,0.002634
10,KACTL,252,0.031338
10,simd-v0,252,0.005348
10,393435,252,0.002644
10,ours-406478,252,0.001863
10,simd-v0,253,0.005348
10,393435,253,0.002654
10,ours-406478,253,0.001883
10,KACTL,253,0.031327
10,393435,254,0.002654
10,ours-406478,254,0.001873
10,KACTL,254,0.031387
10,simd-v0,254,0.005338
10,ours-406478,255,0.001863
10,KACTL,255,0.031417
10,simd-v0,255,0.005338
10,393435,255,0.002654
10,KACTL,256,0.031377
10,simd-v0,256,0.005348
10,393435,256,0.002644
10,ours-406478,256,0.001873
10,simd-v0,257,0.005338
10,393435,257,0.002634
10,ours-406478,257,0.001883
10,KACTL,257,0.031438
10,393435,258,0.002644
10,ours-406478,258,0.001883
10,KACTL,258,0.036485
10,simd-v0,258,0.005358
10,ours-406478,259,0.001873
10,KACTL,259,0.031378
10,simd-v0,259,0.005348
10,393435,259,0.002634
10,KACTL,260,0.031347
10,simd-v0,260,0.005338
10,393435,260,0.002644
10,ours-406478,260,0.001872
10,simd-v0,261,0.005338
10,393435,261,0.002644
10,ours-406478,261,0.001872
10,KACTL,261,0.031337
10,393435,262,0.002654
10,ours-406478,262,0.001863
10,KACTL,262,0.031328
10,simd-v0,262,0.005358
10,ours-406478,263,0.001883
10,KACTL,263,0.031317
10,simd-v0,263,0.005328
10,393435,263,0.002644
10,KACTL,264,0.031358
10,simd-v0,264,0.005348
10,393435,264,0.002644
10,ours-406478,264,0.001863
10,simd-v0,265,0.005338
10,393435,265,0.002634
10,ours-406478,265,0.001883
10,KACTL,265,0.031317
10,393435,266,0.002644
10,ours-406478,266,0.001873
10,KACTL,266,0.031348
10,simd-v0,266,0.005358
10,ours-406478,267,0.001872
10,KACTL,267,0.031317
10,simd-v0,267,0.005339
10,393435,267,0.002644
10,KACTL,268,0.031338
10,simd-v0,268,0.005358
10,393435,268,0.002634
10,ours-406478,268,0.001873
10,simd-v0,269,0.005338
10,393435,269,0.002644
10,ours-406478,269,0.001873
10,KACTL,269,0.031408
10,393435,270,0.002644
10,ours-406478,270,0.001873
10,KACTL,270,0.031347
10,simd-v0,270,0.005328
10,ours-406478,271,0.001873
10,KACTL,271,0.031317
10,simd-v0,271,0.005358
10,393435,271,0.002654
10,KACTL,272,0.031317
10,simd-v0,272,0.005368
10,393435,272,0.002644
10,ours-406478,272,0.001863
10,simd-v0,273,0.005338
10,393435,273,0.002634
10,ours-406478,273,0.001863
10,KACTL,273,0.031368
10,393435,274,0.002644
10,ours-406478,274,0.001873
10,KACTL,274,0.031327
10,simd-v0,274,0.005348
10,ours-406478,275,0.001863
10,KACTL,275,0.031367
10,simd-v0,275,0.005338
10,393435,275,0.002634
10,KACTL,276,0.031317
10,simd-v0,276,0.005348
10,393435,276,0.002644
10,ours-406478,276,0.001873
10,simd-v0,277,0.005338
10,393435,277,0.002644
10,ours-406478,277,0.001883
10,KACTL,277,0.031338
10,393435,278,0.002634
10,ours-406478,278,0.001863
10,KACTL,278,0.031337
10,simd-v0,278,0.005338
10,ours-406478,279,0.001883
10,KACTL,279,0.031397
10,simd-v0,279,0.005338
10,393435,279,0.002634
10,KACTL,280,0.031327
10,simd-v0,280,0.005348
10,393435,280,0.002634
10,ours-406478,280,0.001873
10,simd-v0,281,0.005348
10,393435,281,0.002644
10,ours-406478,281,0.001873
10,KACTL,281,0.042083
10,393435,282,0.002634
10,ours-406478,282,0.001883
10,KACTL,282,0.031348
10,simd-v0,282,0.005368
10,ours-406478,283,0.001883
10,KACTL,283,0.031277
10,simd-v0,283,0.005348
10,393435,283,0.002634
10,KACTL,284,0.031348
10,simd-v0,284,0.005358
10,393435,284,0.002634
10,ours-406478,284,0.001883
10,simd-v0,285,0.005338
10,393435,285,0.002654
10,ours-406478,285,0.001873
10,KACTL,285,0.031317
10,393435,286,0.002644
10,ours-406478,286,0.001873
10,KACTL,286,0.031287
10,simd-v0,286,0.005348
10,ours-406478,287,0.001862
10,KACTL,287,0.031347
10,simd-v0,287,0.005348
10,393435,287,0.002624
10,KACTL,288,0.031318
10,simd-v0,288,0.005348
10,393435,288,0.002634
10,ours-406478,288,0.001873
10,simd-v0,289,0.005358
10,393435,289,0.002634
10,ours-406478,289,0.001863
10,KACTL,289,0.031378
10,393435,290,0.002644
10,ours-406478,290,0.001863
10,KACTL,290,0.031327
10,simd-v0,290,0.005338
10,ours-406478,291,0.001862
10,KACTL,291,0.031377
10,simd-v0,291,0.005348
10,393435,291,0.002634
10,KACTL,292,0.031337
10,simd-v0,292,0.005368
10,393435,292,0.002644
10,ours-406478,292,0.001863
10,simd-v0,293,0.005328
10,393435,293,0.002634
10,ours-406478,293,0.001873
10,KACTL,293,0.031358
10,393435,294,0.002634
10,ours-406478,294,0.001882
10,KACTL,294,0.031377
10,simd-v0,294,0.005358
10,ours-406478,295,0.001873
10,KACTL,295,0.031348
10,simd-v0,295,0.005348
10,393435,295,0.002624
10,KACTL,296,0.031337
10,simd-v0,296,0.005338
10,393435,296,0.002654
10,ours-406478,296,0.001883
10,simd-v0,297,0.005348
10,393435,297,0.002644
10,ours-406478,297,0.001883
10,KACTL,297,0.031347
10,393435,298,0.002634
10,ours-406478,298,0.001873
10,KACTL,298,0.031397
10,simd-v0,298,0.005348
10,ours-406478,299,0.001863
10,KACTL,299,0.031337
10,simd-v0,299,0.005328
10,393435,299,0.002634
10,KACTL,300,0.031347
10,simd-v0,300,0.005368
10,393435,300,0.002634
10,ours-406478,300,0.001892
10,simd-v0,301,0.005358
10,393435,301,0.002654
10,ours-406478,301,0.001873
10,KACTL,301,0.031347
10,393435,302,0.002634
10,ours-406478,302,0.001873
10,KACTL,302,0.031388
10,simd-v0,302,0.005368
10,ours-406478,303,0.001862
10,KACTL,303,0.031297
10,simd-v0,303,0.005368
10,393435,303,0.002634
10,KACTL,304,0.031338
10,simd-v0,304,0.005348
10,393435,304,0.002623
10,ours-406478,304,0.001883
10,simd-v0,305,0.016916
10,393435,305,0.003015
10,ours-406478,305,0.002323
10,KACTL,305,0.033551
10,393435,306,0.002644
10,ours-406478,306,0.001873
10,KACTL,306,0.031327
10,simd-v0,306,0.005348
10,ours-406478,307,0.001863
10,KACTL,307,0.031388
10,simd-v0,307,0.005338
10,393435,307,0.002634
10,KACTL,308,0.031317
10,simd-v0,308,0.005338
10,393435,308,0.002634
10,ours-406478,308,0.001863
10,simd-v0,309,0.005338
10,393435,309,0.002644
10,ours-406478,309,0.001862
10,KACTL,309,0.031327
10,393435,310,0.002624
10,ours-406478,310,0.001883
10,KACTL,310,0.031327
10,simd-v0,310,0.005348
10,ours-406478,311,0.001873
10,KACTL,311,0.031368
10,simd-v0,311,0.005328
10,393435,311,0.002644
10,KACTL,312,0.031337
10,simd-v0,312,0.005348
10,393435,312,0.002634
10,ours-406478,312,0.001883
10,simd-v0,313,0.005338
10,393435,313,0.002654
10,ours-406478,313,0.001882
10,KACTL,313,0.031357
10,393435,314,0.002634
10,ours-406478,314,0.001863
10,KACTL,314,0.031348
10,simd-v0,314,0.005348
10,ours-406478,315,0.001883
10,KACTL,315,0.031307
10,simd-v0,315,0.005338
10,393435,315,0.002634
10,KACTL,316,0.031327
10,simd-v0,316,0.005358
10,393435,316,0.002654
10,ours-406478,316,0.001873
10,simd-v0,317,0.005348
10,393435,317,0.002634
10,ours-406478,317,0.001883
10,KACTL,317,0.031297
10,393435,318,0.002634
10,ours-406478,318,0.001863
10,KACTL,318,0.031368
10,simd-v0,318,0.005348
10,ours-406478,319,0.001882
10,KACTL,319,0.031317
10,simd-v0,319,0.005348
10,393435,319,0.002654
10,KACTL,320,0.031338
10,simd-v0,320,0.005348
10,393435,320,0.002644
10,ours-406478,320,0.001863
10,simd-v0,321,0.005338
10,393435,321,0.002634
10,ours-406478,321,0.001873
10,KACTL,321,0.031327
10,393435,322,0.002634
10,ours-406478,322,0.001873
10,KACTL,322,0.031408
10,simd-v0,322,0.005358
10,ours-406478,323,0.001873
10,KACTL,323,0.031337
10,simd-v0,323,0.005338
10,393435,323,0.002634
10,KACTL,324,0.031377
10,simd-v0,324,0.005348
10,393435,324,0.002654
10,ours-406478,324,0.001873
10,simd-v0,325,0.005338
10,393435,325,0.002644
10,ours-406478,325,0.001883
10,KACTL,325,0.031358
10,393435,326,0.002634
10,ours-406478,326,0.001872
10,KACTL,326,0.031367
10,simd-v0,326,0.005338
10,ours-406478,327,0.001873
10,KACTL,327,0.031358
10,simd-v0,327,0.005348
10,393435,327,0.002634
10,KACTL,328,0.040711
10,simd-v0,328,0.005348
10,393435,328,0.002644
10,ours-406478,328,0.001873
10,simd-v0,329,0.005338
10,393435,329,0.002644
10,ours-406478,329,0.001873
10,KACTL,329,0.031377
10,393435,330,0.002644
10,ours-406478,330,0.001873
10,KACTL,330,0.031398
10,simd-v0,330,0.005338
10,ours-406478,331,0.001873
10,KACTL,331,0.031387
10,simd-v0,331,0.005328
10,393435,331,0.002644
10,KACTL,332,0.031357
10,simd-v0,332,0.005338
10,393435,332,0.002644
10,ours-406478,332,0.001853
10,simd-v0,333,0.005348
10,393435,333,0.002634
10,ours-406478,333,0.001873
10,KACTL,333,0.031338
10,393435,334,0.002644
10,ours-406478,334,0.001863
10,KACTL,334,0.031347
10,simd-v0,334,0.005328
10,ours-406478,335,0.001873
10,KACTL,335,0.031337
10,simd-v0,335,0.005348
10,393435,335,0.002634
10,KACTL,336,0.031297
10,simd-v0,336,0.005338
10,393435,336,0.002644
10,ours-406478,336,0.001873
10,simd-v0,337,0.005338
10,393435,337,0.002634
10,ours-406478,337,0.001883
10,KACTL,337,0.031338
10,393435,338,0.002644
10,ours-406478,338,0.001873
10,KACTL,338,0.031397
10,simd-v0,338,0.005359
10,ours-406478,339,0.001893
10,KACTL,339,0.031358
10,simd-v0,339,0.005338
10,393435,339,0.002644
10,KACTL,340,0.031327
10,simd-v0,340,0.005349
10,393435,340,0.002644
10,ours-406478,340,0.001883
10,simd-v0,341,0.005328
10,393435,341,0.002634
10,ours-406478,341,0.001883
10,KACTL,341,0.031337
10,393435,342,0.002644
10,ours-406478,342,0.001893
10,KACTL,342,0.031347
10,simd-v0,342,0.005339
10,ours-406478,343,0.001873
10,KACTL,343,0.031388
10,simd-v0,343,0.005348
10,393435,343,0.002644
10,KACTL,344,0.031307
10,simd-v0,344,0.005358
10,393435,344,0.002644
10,ours-406478,344,0.001873
10,simd-v0,345,0.005348
10,393435,345,0.002634
10,ours-406478,345,0.001893
10,KACTL,345,0.031277
10,393435,346,0.002634
10,ours-406478,346,0.001862
10,KACTL,346,0.031367
10,simd-v0,346,0.005338
10,ours-406478,347,0.001883
10,KACTL,347,0.031428
10,simd-v0,347,0.005368
10,393435,347,0.002634
10,KACTL,348,0.031377
10,simd-v0,348,0.005348
10,393435,348,0.002644
10,ours-406478,348,0.001862
10,simd-v0,349,0.005358
10,393435,349,0.002634
10,ours-406478,349,0.001883
10,KACTL,349,0.031357
10,393435,350,0.002644
10,ours-406478,350,0.001883
10,KACTL,350,0.031348
10,simd-v0,350,0.005368
10,ours-406478,351,0.001862
10,KACTL,351,0.036625
10,simd-v0,351,0.005348
10,393435,351,0.002654
10,KACTL,352,0.031347
10,simd-v0,352,0.005358
10,393435,352,0.002644
10,ours-406478,352,0.001863
10,simd-v0,353,0.005338
10,393435,353,0.002634
10,ours-406478,353,0.001883
10,KACTL,353,0.031388
10,393435,354,0.002634
10,ours-406478,354,0.001862
10,KACTL,354,0.031327
10,simd-v0,354,0.005359
10,ours-406478,355,0.001863
10,KACTL,355,0.031317
10,simd-v0,355,0.005358
10,393435,355,0.002644
10,KACTL,356,0.031367
10,simd-v0,356,0.005358
10,393435,356,0.002644
10,ours-406478,356,0.001863
10,simd-v0,357,0.005338
10,393435,357,0.002644
10,ours-406478,357,0.001873
10,KACTL,357,0.031327
10,393435,358,0.002634
10,ours-406478,358,0.001872
10,KACTL,358,0.031337
10,simd-v0,358,0.005358
10,ours-406478,359,0.001873
10,KACTL,359,0.031378
10,simd-v0,359,0.005348
10,393435,359,0.002644
10,KACTL,360,0.031377
10,simd-v0,360,0.005348
10,393435,360,0.002654
10,ours-406478,360,0.001872
10,simd-v0,361,0.005348
10,393435,361,0.002644
10,ours-406478,361,0.001863
10,KACTL,361,0.031337
10,393435,362,0.002644
10,ours-406478,362,0.001873
10,KACTL,362,0.031358
10,simd-v0,362,0.005338
10,ours-406478,363,0.001863
10,KACTL,363,0.031407
10,simd-v0,363,0.005328
10,393435,363,0.002644
10,KACTL,364,0.031287
10,simd-v0,364,0.005338
10,393435,364,0.002634
10,ours-406478,364,0.001873
10,simd-v0,365,0.005358
10,393435,365,0.002654
10,ours-406478,365,0.001883
10,KACTL,365,0.031347
10,393435,366,0.002634
10,ours-406478,366,0.001873
10,KACTL,366,0.031358
10,simd-v0,366,0.005338
10,ours-406478,367,0.001882
10,KACTL,367,0.031397
10,simd-v0,367,0.005368
10,393435,367,0.002634
10,KACTL,368,0.031318
10,simd-v0,368,0.005348
10,393435,368,0.002644
10,ours-406478,368,0.001863
10,simd-v0,369,0.005338
10,393435,369,0.002644
10,ours-406478,369,0.001873
10,KACTL,369,0.031368
10,393435,370,0.002644
10,ours-406478,370,0.001863
10,KACTL,370,0.031427
10,simd-v0,370,0.005348
10,ours-406478,371,0.001873
10,KACTL,371,0.031327
10,simd-v0,371,0.005368
10,393435,371,0.002634
10,KACTL,372,0.031337
10,simd-v0,372,0.005318
10,393435,372,0.002644
10,ours-406478,372,0.001873
10,simd-v0,373,0.005388
10,393435,373,0.002654
10,ours-406478,373,0.001863
10,KACTL,373,0.031368
10,393435,374,0.002644
10,ours-406478,374,0.001862
10,KACTL,374,0.031397
10,simd-v0,374,0.005348
10,ours-406478,375,0.001873
10,KACTL,375,0.036646
10,simd-v0,375,0.005338
10,393435,375,0.002634
10,KACTL,376,0.031407
10,simd-v0,376,0.005358
10,393435,376,0.002624
10,ours-406478,376,0.001872
10,simd-v0,377,0.005358
10,393435,377,0.002654
10,ours-406478,377,0.001893
10,KACTL,377,0.031377
10,393435,378,0.002634
10,ours-406478,378,0.001873
10,KACTL,378,0.031348
10,simd-v0,378,0.005368
10,ours-406478,379,0.001872
10,KACTL,379,0.031357
10,simd-v0,379,0.005338
10,393435,379,0.002654
10,KACTL,380,0.031348
10,simd-v0,380,0.005338
10,393435,380,0.002644
10,ours-406478,380,0.001883
10,simd-v0,381,0.005348
10,393435,381,0.002644
10,ours-406478,381,0.001873
10,KACTL,381,0.031418
10,393435,382,0.002634
10,ours-406478,382,0.001863
10,KACTL,382,0.031357
10,simd-v0,382,0.005339
10,ours-406478,383,0.001873
10,KACTL,383,0.031388
10,simd-v0,383,0.005348
10,393435,383,0.002624
10,KACTL,384,0.031337
10,simd-v0,384,0.005359
10,393435,384,0.002633
10,ours-406478,384,0.001873
10,simd-v0,385,0.005348
10,393435,385,0.002634
10,ours-406478,385,0.001883
10,KACTL,385,0.031308
10,393435,386,0.002644
10,ours-406478,386,0.001883
10,KACTL,386,0.031337
10,simd-v0,386,0.005358
10,ours-406478,387,0.001863
10,KACTL,387,0.031337
10,simd-v0,387,0.005348
10,393435,387,0.002634
10,KACTL,388,0.031307
10,simd-v0,388,0.005318
10,393435,388,0.002634
10,ours-406478,388,0.001883
10,simd-v0,389,0.005348
10,393435,389,0.002634
10,ours-406478,389,0.001873
10,KACTL,389,0.031357
10,393435,390,0.002644
10,ours-406478,390,0.001882
10,KACTL,390,0.031317
10,simd-v0,390,0.005338
10,ours-406478,391,0.001883
10,KACTL,391,0.031378
10,simd-v0,391,0.005348
10,393435,391,0.002634
10,KACTL,392,0.031327
10,simd-v0,392,0.005359
10,393435,392,0.002644
10,ours-406478,392,0.001873
10,simd-v0,393,0.005368
10,393435,393,0.004156
10,ours-406478,393,0.001863
10,KACTL,393,0.031347
10,393435,394,0.002644
10,ours-406478,394,0.001873
10,KACTL,394,0.031328
10,simd-v0,394,0.005348
10,ours-406478,395,0.001872
10,KACTL,395,0.031407
10,simd-v0,395,0.005358
10,393435,395,0.002644
10,KACTL,396,0.031347
10,simd-v0,396,0.005358
10,393435,396,0.002644
10,ours-406478,396,0.001863
10,simd-v0,397,0.005338
10,393435,397,0.002644
10,ours-406478,397,0.001873
10,KACTL,397,0.031308
10,393435,398,0.002644
10,ours-406478,398,0.001873
10,KACTL,398,0.036545
10,simd-v0,398,0.005348
10,ours-406478,399,0.001863
10,KACTL,399,0.031327
10,simd-v0,399,0.005328
10,393435,399,0.002634
10,KACTL,400,0.031357
10,simd-v0,400,0.005348
10,393435,400,0.002644
10,ours-406478,400,0.001873
10,simd-v0,401,0.005348
10,393435,401,0.002644
10,ours-406478,401,0.001863
10,KACTL,401,0.031347
10,393435,402,0.002634
10,ours-406478,402,0.001882
10,KACTL,402,0.031417
10,simd-v0,402,0.005348
10,ours-406478,403,0.001863
10,KACTL,403,0.031338
10,simd-v0,403,0.005348
10,393435,403,0.002634
10,KACTL,404,0.031357
10,simd-v0,404,0.005348
10,393435,404,0.002644
10,ours-406478,404,0.001873
10,simd-v0,405,0.005328
10,393435,405,0.002634
10,ours-406478,405,0.001873
10,KACTL,405,0.031427
10,393435,406,0.002634
10,ours-406478,406,0.001873
10,KACTL,406,0.031287
10,simd-v0,406,0.005348
10,ours-406478,407,0.001873
10,KACTL,407,0.031347
10,simd-v0,407,0.005328
10,393435,407,0.002634
10,KACTL,408,0.031377
10,simd-v0,408,0.005348
10,393435,408,0.002644
10,ours-406478,408,0.001863
10,simd-v0,409,0.005328
10,393435,409,0.002644
10,ours-406478,409,0.001862
10,KACTL,409,0.031367
10,393435,410,0.002654
10,ours-406478,410,0.001883
10,KACTL,410,0.031438
10,simd-v0,410,0.005348
10,ours-406478,411,0.001862
10,KACTL,411,0.031357
10,simd-v0,411,0.005338
10,393435,411,0.002634
10,KACTL,412,0.031378
10,simd-v0,412,0.005358
10,393435,412,0.002644
10,ours-406478,412,0.001883
10,simd-v0,413,0.005338
10,393435,413,0.002644
10,ours-406478,413,0.001863
10,KACTL,413,0.031358
10,393435,414,0.002634
10,ours-406478,414,0.001873
10,KACTL,414,0.031377
10,simd-v0,414,0.005339
10,ours-406478,415,0.001893
10,KACTL,415,0.031358
10,simd-v0,415,0.005338
10,393435,415,0.002634
10,KACTL,416,0.031287
10,simd-v0,416,0.005338
10,393435,416,0.002624
10,ours-406478,416,0.001873
10,simd-v0,417,0.005328
10,393435,417,0.002634
10,ours-406478,417,0.001883
10,KACTL,417,0.031368
10,393435,418,0.002644
10,ours-406478,418,0.001872
10,KACTL,418,0.031397
10,simd-v0,418,0.005378
10,ours-406478,419,0.001873
10,KACTL,419,0.031268
10,simd-v0,419,0.005368
10,393435,419,0.002644
10,KACTL,420,0.031267
10,simd-v0,420,0.005328
10,393435,420,0.002644
10,ours-406478,420,0.001873
10,simd-v0,421,0.005359
10,393435,421,0.002644
10,ours-406478,421,0.001863
10,KACTL,421,0.036765
10,393435,422,0.002634
10,ours-406478,422,0.001873
10,KACTL,422,0.031337
10,simd-v0,422,0.005358
10,ours-406478,423,0.001873
10,KACTL,423,0.031337
10,simd-v0,423,0.005348
10,393435,423,0.002654
10,KACTL,424,0.031358
10,simd-v0,424,0.005348
10,393435,424,0.002644
10,ours-406478,424,0.001873
10,simd-v0,425,0.005338
10,393435,425,0.002644
10,ours-406478,425,0.001873
10,KACTL,425,0.031367
10,393435,426,0.002644
10,ours-406478,426,0.001863
10,KACTL,426,0.031338
10,simd-v0,426,0.005328
10,ours-406478,427,0.001873
10,KACTL,427,0.031328
10,simd-v0,427,0.005338
10,393435,427,0.002634
10,KACTL,428,0.031337
10,simd-v0,428,0.005328
10,393435,428,0.002634
10,ours-406478,428,0.001873
10,simd-v0,429,0.005338
10,393435,429,0.002644
10,ours-406478,429,0.001863
10,KACTL,429,0.031327
10,393435,430,0.002644
10,ours-406478,430,0.001862
10,KACTL,430,0.031347
10,simd-v0,430,0.005338
10,ours-406478,431,0.001883
10,KACTL,431,0.031338
10,simd-v0,431,0.005368
10,393435,431,0.002644
10,KACTL,432,0.031367
10,simd-v0,432,0.005358
10,393435,432,0.002644
10,ours-406478,432,0.001872
10,simd-v0,433,0.005348
10,393435,433,0.002644
10,ours-406478,433,0.001862
10,KACTL,433,0.031397
10,393435,434,0.002634
10,ours-406478,434,0.001873
10,KACTL,434,0.031297
10,simd-v0,434,0.005338
10,ours-406478,435,0.001863
10,KACTL,435,0.031397
10,simd-v0,435,0.005338
10,393435,435,0.002644
10,KACTL,436,0.031378
10,simd-v0,436,0.005358
10,393435,436,0.002654
10,ours-406478,436,0.001883
10,simd-v0,437,0.005348
10,393435,437,0.002644
10,ours-406478,437,0.001883
10,KACTL,437,0.031388
10,393435,438,0.002634
10,ours-406478,438,0.001873
10,KACTL,438,0.031317
10,simd-v0,438,0.005348
10,ours-406478,439,0.001873
10,KACTL,439,0.031367
10,simd-v0,439,0.005358
10,393435,439,0.002644
10,KACTL,440,0.031357
10,simd-v0,440,0.005348
10,393435,440,0.002644
10,ours-406478,440,0.001873
10,simd-v0,441,0.005368
10,393435,441,0.002644
10,ours-406478,441,0.001873
10,KACTL,441,0.031417
10,393435,442,0.002644
10,ours-406478,442,0.001852
10,KACTL,442,0.031317
10,simd-v0,442,0.005338
10,ours-406478,443,0.001883
10,KACTL,443,0.031348
10,simd-v0,443,0.005358
10,393435,443,0.002644
10,KACTL,444,0.031297
10,simd-v0,444,0.005349
10,393435,444,0.002644
10,ours-406478,444,0.001873
10,simd-v0,445,0.005368
10,393435,445,0.002634
10,ours-406478,445,0.001863
10,KACTL,445,0.037206
10,393435,446,0.002644
10,ours-406478,446,0.001873
10,KACTL,446,0.031337
10,simd-v0,446,0.005348
10,ours-406478,447,0.001863
10,KACTL,447,0.031307
10,simd-v0,447,0.005338
10,393435,447,0.002633
10,KACTL,448,0.031397
10,simd-v0,448,0.005328
10,393435,448,0.002654
10,ours-406478,448,0.001872
10,simd-v0,449,0.005358
10,393435,449,0.002644
10,ours-406478,449,0.001852
10,KACTL,449,0.031337
10,393435,450,0.002644
10,ours-406478,450,0.001893
10,KACTL,450,0.031328
10,simd-v0,450,0.005358
10,ours-406478,451,0.001873
10,KACTL,451,0.031417
10,simd-v0,451,0.005339
10,393435,451,0.002634
10,KACTL,452,0.031338
10,simd-v0,452,0.005328
10,393435,452,0.002634
10,ours-406478,452,0.001883
10,simd-v0,453,0.005338
10,393435,453,0.002634
10,ours-406478,453,0.001863
10,KACTL,453,0.031337
10,393435,454,0.002634
10,ours-406478,454,0.001873
10,KACTL,454,0.031338
10,simd-v0,454,0.005338
10,ours-406478,455,0.001873
10,KACTL,455,0.031257
10,simd-v0,455,0.005348
10,393435,455,0.002634
10,KACTL,456,0.031337
10,simd-v0,456,0.005338
10,393435,456,0.002634
10,ours-406478,456,0.001872
10,simd-v0,457,0.005358
10,393435,457,0.002634
10,ours-406478,457,0.001872
10,KACTL,457,0.031297
10,393435,458,0.002644
10,ours-406478,458,0.001863
10,KACTL,458,0.031297
10,simd-v0,458,0.005338
10,ours-406478,459,0.001883
10,KACTL,459,0.031387
10,simd-v0,459,0.005338
10,393435,459,0.002634
10,KACTL,460,0.031307
10,simd-v0,460,0.005348
10,393435,460,0.002634
10,ours-406478,460,0.001882
10,simd-v0,461,0.005338
10,393435,461,0.002634
10,ours-406478,461,0.001882
10,KACTL,461,0.031337
10,393435,462,0.002644
10,ours-406478,462,0.001863
10,KACTL,462,0.031328
10,simd-v0,462,0.005358
10,ours-406478,463,0.001873
10,KACTL,463,0.031337
10,simd-v0,463,0.005338
10,393435,463,0.002634
10,KACTL,464,0.031377
10,simd-v0,464,0.005338
10,393435,464,0.002644
10,ours-406478,464,0.001862
10,simd-v0,465,0.005348
10,393435,465,0.002634
10,ours-406478,465,0.001862
10,KACTL,465,0.031347
10,393435,466,0.002654
10,ours-406478,466,0.001883
10,KACTL,466,0.031338
10,simd-v0,466,0.005348
10,ours-406478,467,0.001873
10,KACTL,467,0.031307
10,simd-v0,467,0.005338
10,393435,467,0.002634
10,KACTL,468,0.031297
10,simd-v0,468,0.010426
10,393435,468,0.002644
10,ours-406478,468,0.001862
10,simd-v0,469,0.005358
10,393435,469,0.002644
10,ours-406478,469,0.001873
10,KACTL,469,0.031317
10,393435,470,0.002644
10,ours-406478,470,0.001862
10,KACTL,470,0.031347
10,simd-v0,470,0.005348
10,ours-406478,471,0.001863
10,KACTL,471,0.031297
10,simd-v0,471,0.005338
10,393435,471,0.002644
10,KACTL,472,0.031317
10,simd-v0,472,0.005338
10,393435,472,0.002634
10,ours-406478,472,0.001873
10,simd-v0,473,0.005348
10,393435,473,0.002654
10,ours-406478,473,0.001883
10,KACTL,473,0.031337
10,393435,474,0.002644
10,ours-406478,474,0.001862
10,KACTL,474,0.031347
10,simd-v0,474,0.005349
10,ours-406478,475,0.001883
10,KACTL,475,0.031348
10,simd-v0,475,0.005358
10,393435,475,0.002644
10,KACTL,476,0.031287
10,simd-v0,476,0.005338
10,393435,476,0.002634
10,ours-406478,476,0.001863
10,simd-v0,477,0.005369
10,393435,477,0.002644
10,ours-406478,477,0.001863
10,KACTL,477,0.031287
10,393435,478,0.002624
10,ours-406478,478,0.001862
10,KACTL,478,0.031287
10,simd-v0,478,0.005338
10,ours-406478,479,0.001873
10,KACTL,479,0.031317
10,simd-v0,479,0.005338
10,393435,479,0.002634
10,KACTL,480,0.031307
10,simd-v0,480,0.005358
10,393435,480,0.002634
10,ours-406478,480,0.001863
10,simd-v0,481,0.005328
10,393435,481,0.002634
10,ours-406478,481,0.001863
10,KACTL,481,0.031358
10,393435,482,0.002644
10,ours-406478,482,0.001873
10,KACTL,482,0.031317
10,simd-v0,482,0.005338
10,ours-406478,483,0.001883
10,KACTL,483,0.031307
10,simd-v0,483,0.005358
10,393435,483,0.002654
10,KACTL,484,0.031347
10,simd-v0,484,0.005338
10,393435,484,0.002634
10,ours-406478,484,0.001873
10,simd-v0,485,0.005348
10,393435,485,0.002624
10,ours-406478,485,0.001883
10,KACTL,485,0.031318
10,393435,486,0.002644
10,ours-406478,486,0.001873
10,KACTL,486,0.031267
10,simd-v0,486,0.005338
10,ours-406478,487,0.001882
10,KACTL,487,0.031337
10,simd-v0,487,0.005328
10,393435,487,0.002634
10,KACTL,488,0.031318
10,simd-v0,488,0.005348
10,393435,488,0.002634
10,ours-406478,488,0.001883
10,simd-v0,489,0.005338
10,393435,489,0.002634
10,ours-406478,489,0.001883
10,KACTL,489,0.031358
10,393435,490,0.002644
10,ours-406478,490,0.001873
10,KACTL,490,0.031297
10,simd-v0,490,0.005358
10,ours-406478,491,0.001863
10,KACTL,491,0.031357
10,simd-v0,491,0.005348
10,393435,491,0.002634
10,KACTL,492,0.036525
10,simd-v0,492,0.005338
10,393435,492,0.002644
10,ours-406478,492,0.001873
10,simd-v0,493,0.005338
10,393435,493,0.002634
10,ours-406478,493,0.001883
10,KACTL,493,0.031318
10,393435,494,0.002644
10,ours-406478,494,0.001873
10,KACTL,494,0.031347
10,simd-v0,494,0.005358
10,ours-406478,495,0.001873
10,KACTL,495,0.031327
10,simd-v0,495,0.005338
10,393435,495,0.002644
10,KACTL,496,0.031407
10,simd-v0,496,0.005328
10,393435,496,0.002644
10,ours-406478,496,0.001863
10,simd-v0,497,0.005348
10,393435,497,0.002644
10,ours-406478,497,0.001863
10,KACTL,497,0.031297
10,393435,498,0.002654
10,ours-406478,498,0.001863
10,KACTL,498,0.031337
10,simd-v0,498,0.005348
10,ours-406478,499,0.001863
10,KACTL,499,0.031347
10,simd-v0,499,0.005338
10,393435,499,0.002644
10,KACTL,500,0.031397
10,simd-v0,500,0.005338
10,393435,500,0.002644
10,ours-406478,500,0.001863
10,simd-v0,501,0.005349
10,393435,501,0.002644
10,ours-406478,501,0.001883
10,KACTL,501,0.031327
10,393435,502,0.002634
10,ours-406478,502,0.001882
10,KACTL,502,0.031327
10,simd-v0,502,0.005338
10,ours-406478,503,0.001883
10,KACTL,503,0.031428
10,simd-v0,503,0.005378
10,393435,503,0.002644
10,KACTL,504,0.031377
10,simd-v0,504,0.005338
10,393435,504,0.002644
10,ours-406478,504,0.001872
10,simd-v0,505,0.005358
10,393435,505,0.002644
10,ours-406478,505,0.001862
10,KACTL,505,0.031327
10,393435,506,0.002634
10,ours-406478,506,0.001893
10,KACTL,506,0.031398
10,simd-v0,506,0.005358
10,ours-406478,507,0.001873
10,KACTL,507,0.031377
10,simd-v0,507,0.005338
10,393435,507,0.002644
10,KACTL,508,0.031358
10,simd-v0,508,0.005338
10,393435,508,0.002654
10,ours-406478,508,0.001873
10,simd-v0,509,0.005338
10,393435,509,0.002634
10,ours-406478,509,0.001873
10,KACTL,509,0.031357
10,393435,510,0.002634
10,ours-406478,510,0.001863
10,KACTL,510,0.031338
10,simd-v0,510,0.005338
10,ours-406478,511,0.001862
10,KACTL,511,0.031318
10,simd-v0,511,0.005348
10,393435,511,0.002644
10,KACTL,512,0.031257
10,simd-v0,512,0.005348
10,393435,512,0.002644
10,ours-406478,512,0.001863
10,simd-v0,513,0.005338
10,393435,513,0.002644
10,ours-406478,513,0.001863
10,KACTL,513,0.031578
10,393435,514,0.002644
10,ours-406478,514,0.001873
10,KACTL,514,0.031377
10,simd-v0,514,0.005338
10,ours-406478,515,0.001893
10,KACTL,515,0.036596
10,simd-v0,515,0.005338
10,393435,515,0.002644
10,KACTL,516,0.031337
10,simd-v0,516,0.005328
10,393435,516,0.002644
10,ours-406478,516,0.001863
10,simd-v0,517,0.005338
10,393435,517,0.002644
10,ours-406478,517,0.001862
10,KACTL,517,0.031437
10,393435,518,0.002654
10,ours-406478,518,0.001883
10,KACTL,518,0.031357
10,simd-v0,518,0.005348
10,ours-406478,519,0.001882
10,KACTL,519,0.031377
10,simd-v0,519,0.005358
10,393435,519,0.002644
10,KACTL,520,0.031347
10,simd-v0,520,0.005338
10,393435,520,0.002654
10,ours-406478,520,0.001883
10,simd-v0,521,0.005348
10,393435,521,0.002634
10,ours-406478,521,0.001883
10,KACTL,521,0.031368
10,393435,522,0.002644
10,ours-406478,522,0.001862
10,KACTL,522,0.031357
10,simd-v0,522,0.005338
10,ours-406478,523,0.001893
10,KACTL,523,0.031368
10,simd-v0,523,0.005358
10,393435,523,0.002644
10,KACTL,524,0.031307
10,simd-v0,524,0.005338
10,393435,524,0.002634
10,ours-406478,524,0.001863
10,simd-v0,525,0.005328
10,393435,525,0.002644
10,ours-406478,525,0.001872
10,KACTL,525,0.031367
10,393435,526,0.002644
10,ours-406478,526,0.001863
10,KACTL,526,0.031317
10,simd-v0,526,0.005348
10,ours-406478,527,0.001873
10,KACTL,527,0.031347
10,simd-v0,527,0.005338
10,393435,527,0.002644
10,KACTL,528,0.031378
10,simd-v0,528,0.005358
10,393435,528,0.002644
10,ours-406478,528,0.001863
10,simd-v0,529,0.005338
10,393435,529,0.002644
10,ours-406478,529,0.001873
10,KACTL,529,0.031357
10,393435,530,0.002634
10,ours-406478,530,0.001883
10,KACTL,530,0.031367
10,simd-v0,530,0.005348
10,ours-406478,531,0.001872
10,KACTL,531,0.031377
10,simd-v0,531,0.005338
10,393435,531,0.002654
10,KACTL,532,0.031357
10,simd-v0,532,0.005348
10,393435,532,0.002644
10,ours-406478,532,0.001863
10,simd-v0,533,0.005328
10,393435,533,0.002624
10,ours-406478,533,0.001873
10,KACTL,533,0.031358
10,393435,534,0.002634
10,ours-406478,534,0.001872
10,KACTL,534,0.031417
10,simd-v0,534,0.005348
10,ours-406478,535,0.001863
10,KACTL,535,0.031398
10,simd-v0,535,0.005358
10,393435,535,0.002644
10,KACTL,536,0.031317
10,simd-v0,536,0.005328
10,393435,536,0.002654
10,ours-406478,536,0.001863
10,simd-v0,537,0.005358
10,393435,537,0.002644
10,ours-406478,537,0.001873
10,KACTL,537,0.031327
10,393435,538,0.002644
10,ours-406478,538,0.001873
10,KACTL,538,0.031307
10,simd-v0,538,0.005358
10,ours-406478,539,0.001873
10,KACTL,539,0.036936
10,simd-v0,539,0.005348
10,393435,539,0.002644
10,KACTL,540,0.031317
10,simd-v0,540,0.005358
10,393435,540,0.002634
10,ours-406478,540,0.001863
10,simd-v0,541,0.005338
10,393435,541,0.002624
10,ours-406478,541,0.001863
10,KACTL,541,0.031308
10,393435,542,0.002644
10,ours-406478,542,0.001863
10,KACTL,542,0.031347
10,simd-v0,542,0.005368
10,ours-406478,543,0.001873
10,KACTL,543,0.031377
10,simd-v0,543,0.005338
10,393435,543,0.002644
10,KACTL,544,0.031327
10,simd-v0,544,0.005348
10,393435,544,0.002634
10,ours-406478,544,0.001873
10,simd-v0,545,0.005368
10,393435,545,0.002644
10,ours-406478,545,0.001873
10,KACTL,545,0.031337
10,393435,546,0.002644
10,ours-406478,546,0.001863
10,KACTL,546,0.031397
10,simd-v0,546,0.005328
10,ours-406478,547,0.001863
10,KACTL,547,0.031257
10,simd-v0,547,0.005328
10,393435,547,0.002634
10,KACTL,548,0.031337
10,simd-v0,548,0.005348
10,393435,548,0.002644
10,ours-406478,548,0.001873
10,simd-v0,549,0.005358
10,393435,549,0.002634
10,ours-406478,549,0.001863
10,KACTL,549,0.031308
10,393435,550,0.002634
10,ours-406478,550,0.001873
10,KACTL,550,0.031357
10,simd-v0,550,0.005338
10,ours-406478,551,0.001873
10,KACTL,551,0.031357
10,simd-v0,551,0.005328
10,393435,551,0.002634
10,KACTL,552,0.031347
10,simd-v0,552,0.005318
10,393435,552,0.002654
10,ours-406478,552,0.001873
10,simd-v0,553,0.005339
10,393435,553,0.002644
10,ours-406478,553,0.001873
10,KACTL,553,0.031327
10,393435,554,0.002654
10,ours-406478,554,0.001883
10,KACTL,554,0.031367
10,simd-v0,554,0.005348
10,ours-406478,555,0.001863
10,KACTL,555,0.031347
10,simd-v0,555,0.005328
10,393435,555,0.002634
10,KACTL,556,0.031327
10,simd-v0,556,0.005338
10,393435,556,0.002644
10,ours-406478,556,0.001863
10,simd-v0,557,0.005348
10,393435,557,0.002644
10,ours-406478,557,0.001873
10,KACTL,557,0.031298
10,393435,558,0.002644
10,ours-406478,558,0.001863
10,KACTL,558,0.031337
10,simd-v0,558,0.005338
10,ours-406478,559,0.001883
10,KACTL,559,0.031427
10,simd-v0,559,0.005338
10,393435,559,0.002654
10,KACTL,560,0.031307
10,simd-v0,560,0.005368
10,393435,560,0.002644
10,ours-406478,560,0.001873
10,simd-v0,561,0.005338
10,393435,561,0.002624
10,ours-406478,561,0.001883
10,KACTL,561,0.031297
10,393435,562,0.002644
10,ours-406478,562,0.001872
10,KACTL,562,0.036515
10,simd-v0,562,0.005348
10,ours-406478,563,0.001873
10,KACTL,563,0.031348
10,simd-v0,563,0.005348
10,393435,563,0.002634
10,KACTL,564,0.031347
10,simd-v0,564,0.005339
10,393435,564,0.002644
10,ours-406478,564,0.001873
10,simd-v0,565,0.005348
10,393435,565,0.002644
10,ours-406478,565,0.001863
10,KACTL,565,0.031397
10,393435,566,0.002634
10,ours-406478,566,0.001873
10,KACTL,566,0.031417
10,simd-v0,566,0.005338
10,ours-406478,567,0.001873
10,KACTL,567,0.031347
10,simd-v0,567,0.005348
10,393435,567,0.002644
10,KACTL,568,0.031347
10,simd-v0,568,0.005358
10,393435,568,0.002654
10,ours-406478,568,0.001882
10,simd-v0,569,0.005338
10,393435,569,0.002644
10,ours-406478,569,0.001862
10,KACTL,569,0.031387
10,393435,570,0.002644
10,ours-406478,570,0.001873
10,KACTL,570,0.031328
10,simd-v0,570,0.005378
10,ours-406478,571,0.001872
10,KACTL,571,0.031377
10,simd-v0,571,0.005348
10,393435,571,0.002634
10,KACTL,572,0.031287
10,simd-v0,572,0.005348
10,393435,572,0.002633
10,ours-406478,572,0.001873
10,simd-v0,573,0.005348
10,393435,573,0.002644
10,ours-406478,573,0.001873
10,KACTL,573,0.031368
10,393435,574,0.002654
10,ours-406478,574,0.001882
10,KACTL,574,0.031417
10,simd-v0,574,0.005348
10,ours-406478,575,0.001863
10,KACTL,575,0.031328
10,simd-v0,575,0.005348
10,393435,575,0.002633
10,KACTL,576,0.031327
10,simd-v0,576,0.005348
10,393435,576,0.002634
10,ours-406478,576,0.001883
10,simd-v0,577,0.005348
10,393435,577,0.002654
10,ours-406478,577,0.001882
10,KACTL,577,0.031327
10,393435,578,0.002644
10,ours-406478,578,0.001863
10,KACTL,578,0.031337
10,simd-v0,578,0.005358
10,ours-406478,579,0.001873
10,KACTL,579,0.031327
10,simd-v0,579,0.005348
10,393435,579,0.002664
10,KACTL,580,0.031418
10,simd-v0,580,0.005348
10,393435,580,0.002624
10,ours-406478,580,0.001873
10,simd-v0,581,0.005348
10,393435,581,0.002633
10,ours-406478,581,0.001883
10,KACTL,581,0.031327
10,393435,582,0.002644
10,ours-406478,582,0.001873
10,KACTL,582,0.031327
10,simd-v0,582,0.005348
10,ours-406478,583,0.001883
10,KACTL,583,0.031267
10,simd-v0,583,0.005359
10,393435,583,0.002634
10,KACTL,584,0.031328
10,simd-v0,584,0.005338
10,393435,584,0.002644
10,ours-406478,584,0.001863
10,simd-v0,585,0.005358
10,393435,585,0.002644
10,ours-406478,585,0.001873
10,KACTL,585,0.031348
10,393435,586,0.007882
10,ours-406478,586,0.001883
10,KACTL,586,0.031337
10,simd-v0,586,0.005338
10,ours-406478,587,0.001873
10,KACTL,587,0.031357
10,simd-v0,587,0.005358
10,393435,587,0.002694
10,KACTL,588,0.031357
10,simd-v0,588,0.005348
10,393435,588,0.002664
10,ours-406478,588,0.001873
10,simd-v0,589,0.005358
10,393435,589,0.002624
10,ours-406478,589,0.001883
10,KACTL,589,0.031367
10,393435,590,0.002634
10,ours-406478,590,0.001863
10,KACTL,590,0.031387
10,simd-v0,590,0.005358
10,ours-406478,591,0.001863
10,KACTL,591,0.031327
10,simd-v0,591,0.005358
10,393435,591,0.002644
10,KACTL,592,0.031387
10,simd-v0,592,0.005328
10,393435,592,0.002634
10,ours-406478,592,0.001862
10,simd-v0,593,0.005368
10,393435,593,0.002654
10,ours-406478,593,0.001883
10,KACTL,593,0.031337
10,393435,594,0.002634
10,ours-406478,594,0.001873
10,KACTL,594,0.031338
10,simd-v0,594,0.005358
10,ours-406478,595,0.001862
10,KACTL,595,0.031367
10,simd-v0,595,0.005338
10,393435,595,0.002644
10,KACTL,596,0.031357
10,simd-v0,596,0.005348
10,393435,596,0.002634
10,ours-406478,596,0.001882
10,simd-v0,597,0.005358
10,393435,597,0.002644
10,ours-406478,597,0.001873
10,KACTL,597,0.031347
10,393435,598,0.002634
10,ours-406478,598,0.001863
10,KACTL,598,0.031338
10,simd-v0,598,0.005358
10,ours-406478,599,0.001873
10,KACTL,599,0.031317
10,simd-v0,599,0.005338
10,393435,599,0.002634
10,KACTL,600,0.031418
10,simd-v0,600,0.005348
10,393435,600,0.002634
10,ours-406478,600,0.001873
10,simd-v0,601,0.005348
10,393435,601,0.002633
10,ours-406478,601,0.001883
10,KACTL,601,0.031327
10,393435,602,0.002634
10,ours-406478,602,0.001873
10,KACTL,602,0.031307
10,simd-v0,602,0.005328
10,ours-406478,603,0.001892
10,KACTL,603,0.031397
10,simd-v0,603,0.005338
10,393435,603,0.002634
10,KACTL,604,0.031347
10,simd-v0,604,0.005328
10,393435,604,0.002644
10,ours-406478,604,0.001873
10,simd-v0,605,0.005358
10,393435,605,0.002644
10,ours-406478,605,0.001883
10,KACTL,605,0.031358
10,393435,606,0.002644
10,ours-406478,606,0.001863
10,KACTL,606,0.031347
10,simd-v0,606,0.005328
10,ours-406478,607,0.001863
10,KACTL,607,0.031357
10,simd-v0,607,0.005348
10,393435,607,0.002634
10,KACTL,608,0.031347
10,simd-v0,608,0.005348
10,393435,608,0.002644
10,ours-406478,608,0.001863
10,simd-v0,609,0.005348
10,393435,609,0.002624
10,ours-406478,609,0.001863
10,KACTL,609,0.036636
10,393435,610,0.002634
10,ours-406478,610,0.001862
10,KACTL,610,0.031317
10,simd-v0,610,0.005328
10,ours-406478,611,0.001873
10,KACTL,611,0.031328
10,simd-v0,611,0.005358
10,393435,611,0.002654
10,KACTL,612,0.031347
10,simd-v0,612,0.005338
10,393435,612,0.002644
10,ours-406478,612,0.001873
10,simd-v0,613,0.005348
10,393435,613,0.002644
10,ours-406478,613,0.001873
10,KACTL,613,0.031397
10,393435,614,0.002644
10,ours-406478,614,0.001873
10,KACTL,614,0.031317
10,simd-v0,614,0.005338
10,ours-406478,615,0.001873
10,KACTL,615,0.031358
10,simd-v0,615,0.005348
10,393435,615,0.002624
10,KACTL,616,0.031307
10,simd-v0,616,0.005338
10,393435,616,0.002644
10,ours-406478,616,0.001863
10,simd-v0,617,0.005338
10,393435,617,0.002634
10,ours-406478,617,0.001852
10,KACTL,617,0.031387
10,393435,618,0.002634
10,ours-406478,618,0.001863
10,KACTL,618,0.031348
10,simd-v0,618,0.005358
10,ours-406478,619,0.001873
10,KACTL,619,0.031317
10,simd-v0,619,0.005358
10,393435,619,0.002644
10,KACTL,620,0.031327
10,simd-v0,620,0.005338
10,393435,620,0.002634
10,ours-406478,620,0.001863
10,simd-v0,621,0.005318
10,393435,621,0.002634
10,ours-406478,621,0.001873
10,KACTL,621,0.031317
10,393435,622,0.002634
10,ours-406478,622,0.001863
10,KACTL,622,0.031338
10,simd-v0,622,0.005348
10,ours-406478,623,0.001853
10,KACTL,623,0.031387
10,simd-v0,623,0.005348
10,393435,623,0.002634
10,KACTL,624,0.031337
10,simd-v0,624,0.005338
10,393435,624,0.002644
10,ours-406478,624,0.001862
10,simd-v0,625,0.005358
10,393435,625,0.002624
10,ours-406478,625,0.001863
10,KACTL,625,0.031287
10,393435,626,0.002634
10,ours-406478,626,0.001893
10,KACTL,626,0.031328
10,simd-v0,626,0.005338
10,ours-406478,627,0.001873
10,KACTL,627,0.032789
10,simd-v0,627,0.005328
10,393435,627,0.002644
10,KACTL,628,0.031327
10,simd-v0,628,0.005338
10,393435,628,0.002634
10,ours-406478,628,0.001873
10,simd-v0,629,0.005348
10,393435,629,0.002634
10,ours-406478,629,0.001863
10,KACTL,629,0.031378
10,393435,630,0.002634
10,ours-406478,630,0.001873
10,KACTL,630,0.031357
10,simd-v0,630,0.005348
10,ours-406478,631,0.001863
10,KACTL,631,0.031297
10,simd-v0,631,0.005338
10,393435,631,0.002634
10,KACTL,632,0.031277
10,simd-v0,632,0.005348
10,393435,632,0.002644
10,ours-406478,632,0.001883
10,simd-v0,633,0.005328
10,393435,633,0.002644
10,ours-406478,633,0.001873
10,KACTL,633,0.031307
10,393435,634,0.002634
10,ours-406478,634,0.001883
10,KACTL,634,0.031357
10,simd-v0,634,0.005338
10,ours-406478,635,0.001883
10,KACTL,635,0.031267
10,simd-v0,635,0.005368
10,393435,635,0.002644
10,KACTL,636,0.031297
10,simd-v0,636,0.005358
10,393435,636,0.002643
10,ours-406478,636,0.001883
10,simd-v0,637,0.005338
10,393435,637,0.002634
10,ours-406478,637,0.001863
10,KACTL,637,0.031398
10,393435,638,0.002634
10,ours-406478,638,0.001873
10,KACTL,638,0.031387
10,simd-v0,638,0.005358
10,ours-406478,639,0.001873
10,KACTL,639,0.031357
10,simd-v0,639,0.005338
10,393435,639,0.002644
10,KACTL,640,0.031357
10,simd-v0,640,0.005338
10,393435,640,0.002644
10,ours-406478,640,0.001863
10,simd-v0,641,0.005338
10,393435,641,0.002644
10,ours-406478,641,0.001863
10,KACTL,641,0.031358
10,393435,642,0.002624
10,ours-406478,642,0.001883
10,KACTL,642,0.031397
10,simd-v0,642,0.005338
10,ours-406478,643,0.001883
10,KACTL,643,0.031398
10,simd-v0,643,0.005318
10,393435,643,0.002634
10,KACTL,644,0.031327
10,simd-v0,644,0.005338
10,393435,644,0.002644
10,ours-406478,644,0.001873
10,simd-v0,645,0.005348
10,393435,645,0.002634
10,ours-406478,645,0.001863
10,KACTL,645,0.031367
10,393435,646,0.002634
10,ours-406478,646,0.001863
10,KACTL,646,0.031347
10,simd-v0,646,0.005338
10,ours-406478,647,0.001883
10,KACTL,647,0.031397
10,simd-v0,647,0.005348
10,393435,647,0.002634
10,KACTL,648,0.031287
10,simd-v0,648,0.005338
10,393435,648,0.002654
10,ours-406478,648,0.001882
10,simd-v0,649,0.005338
10,393435,649,0.002634
10,ours-406478,649,0.001862
10,KACTL,649,0.031307
10,393435,650,0.002644
10,ours-406478,650,0.001863
10,KACTL,650,0.031337
10,simd-v0,650,0.005358
10,ours-406478,651,0.001853
10,KACTL,651,0.031357
10,simd-v0,651,0.005328
10,393435,651,0.002644
10,KACTL,652,0.031377
10,simd-v0,652,0.005338
10,393435,652,0.002644
10,ours-406478,652,0.001862
10,simd-v0,653,0.005338
10,393435,653,0.002644
10,ours-406478,653,0.001873
10,KACTL,653,0.031397
10,393435,654,0.002634
10,ours-406478,654,0.001863
10,KACTL,654,0.031368
10,simd-v0,654,0.005348
10,ours-406478,655,0.001862
10,KACTL,655,0.031407
10,simd-v0,655,0.005338
10,393435,655,0.002644
10,KACTL,656,0.036535
10,simd-v0,656,0.005338
10,393435,656,0.002634
10,ours-406478,656,0.001873
10,simd-v0,657,0.005328
10,393435,657,0.002634
10,ours-406478,657,0.001873
10,KACTL,657,0.031318
10,393435,658,0.002644
10,ours-406478,658,0.001873
10,KACTL,658,0.031417
10,simd-v0,658,0.005349
10,ours-406478,659,0.001873
10,KACTL,659,0.031388
10,simd-v0,659,0.005348
10,393435,659,0.002634
10,KACTL,660,0.031417
10,simd-v0,660,0.005318
10,393435,660,0.002634
10,ours-406478,660,0.001893
10,simd-v0,661,0.005338
10,393435,661,0.002644
10,ours-406478,661,0.001883
10,KACTL,661,0.031317
10,393435,662,0.002634
10,ours-406478,662,0.001883
10,KACTL,662,0.031357
10,simd-v0,662,0.005338
10,ours-406478,663,0.001873
10,KACTL,663,0.031347
10,simd-v0,663,0.005328
10,393435,663,0.002634
10,KACTL,664,0.031367
10,simd-v0,664,0.005338
10,393435,664,0.002644
10,ours-406478,664,0.001872
10,simd-v0,665,0.005348
10,393435,665,0.002644
10,ours-406478,665,0.001862
10,KACTL,665,0.031387
10,393435,666,0.002634
10,ours-406478,666,0.001863
10,KACTL,666,0.031277
10,simd-v0,666,0.005328
10,ours-406478,667,0.001863
10,KACTL,667,0.031337
10,simd-v0,667,0.005358
10,393435,667,0.002644
10,KACTL,668,0.031357
10,simd-v0,668,0.005338
10,393435,668,0.002644
10,ours-406478,668,0.001852
10,simd-v0,669,0.005328
10,393435,669,0.002654
10,ours-406478,669,0.001862
10,KACTL,669,0.031317
10,393435,670,0.002634
10,ours-406478,670,0.001873
10,KACTL,670,0.031358
10,simd-v0,670,0.005348
10,ours-406478,671,0.001873
10,KACTL,671,0.031347
10,simd-v0,671,0.005328
10,393435,671,0.002634
10,KACTL,672,0.031358
10,simd-v0,672,0.005358
10,393435,672,0.002634
10,ours-406478,672,0.001872
10,simd-v0,673,0.005368
10,393435,673,0.002644
10,ours-406478,673,0.001873
10,KACTL,673,0.031347
10,393435,674,0.002634
10,ours-406478,674,0.001883
10,KACTL,674,0.031328
10,simd-v0,674,0.005358
10,ours-406478,675,0.001862
10,KACTL,675,0.031347
10,simd-v0,675,0.005348
10,393435,675,0.002654
10,KACTL,676,0.031338
10,simd-v0,676,0.005348
10,393435,676,0.002654
10,ours-406478,676,0.001883
10,simd-v0,677,0.005338
10,393435,677,0.002634
10,ours-406478,677,0.001863
10,KACTL,677,0.031328
10,393435,678,0.002634
10,ours-406478,678,0.001863
10,KACTL,678,0.031357
10,simd-v0,678,0.005328
10,ours-406478,679,0.001863
10,KACTL,679,0.036765
10,simd-v0,679,0.005358
10,393435,679,0.002634
10,KACTL,680,0.031407
10,simd-v0,680,0.005338
10,393435,680,0.002634
10,ours-406478,680,0.001863
10,simd-v0,681,0.005349
10,393435,681,0.002654
10,ours-406478,681,0.001863
10,KACTL,681,0.031357
10,393435,682,0.002634
10,ours-406478,682,0.001873
10,KACTL,682,0.031407
10,simd-v0,682,0.005338
10,ours-406478,683,0.001873
10,KACTL,683,0.031447
10,simd-v0,683,0.005338
10,393435,683,0.002644
10,KACTL,684,0.031357
10,simd-v0,684,0.005348
10,393435,684,0.002634
10,ours-406478,684,0.001873
10,simd-v0,685,0.005338
10,393435,685,0.002644
10,ours-406478,685,0.001873
10,KACTL,685,0.031337
10,393435,686,0.002634
10,ours-406478,686,0.001873
10,KACTL,686,0.031348
10,simd-v0,686,0.005348
10,ours-406478,687,0.001862
10,KACTL,687,0.031367
10,simd-v0,687,0.005368
10,393435,687,0.002624
10,KACTL,688,0.031328
10,simd-v0,688,0.005338
10,393435,688,0.002644
10,ours-406478,688,0.001873
10,simd-v0,689,0.005348
10,393435,689,0.002634
10,ours-406478,689,0.001893
10,KACTL,689,0.031358
10,393435,690,0.002644
10,ours-406478,690,0.001873
10,KACTL,690,0.031357
10,simd-v0,690,0.005348
10,ours-406478,691,0.001873
10,KACTL,691,0.031407
10,simd-v0,691,0.005348
10,393435,691,0.002624
10,KACTL,692,0.031327
10,simd-v0,692,0.005348
10,393435,692,0.002624
10,ours-406478,692,0.001893
10,simd-v0,693,0.005338
10,393435,693,0.002634
10,ours-406478,693,0.001853
10,KACTL,693,0.031357
10,393435,694,0.002644
10,ours-406478,694,0.001872
10,KACTL,694,0.031357
10,simd-v0,694,0.005338
10,ours-406478,695,0.001883
10,KACTL,695,0.031317
10,simd-v0,695,0.005358
10,393435,695,0.002644
10,KACTL,696,0.031327
10,simd-v0,696,0.005378
10,393435,696,0.002634
10,ours-406478,696,0.001883
10,simd-v0,697,0.005348
10,393435,697,0.002634
10,ours-406478,697,0.001873
10,KACTL,697,0.031407
10,393435,698,0.002634
10,ours-406478,698,0.001873
10,KACTL,698,0.031327
10,simd-v0,698,0.005358
10,ours-406478,699,0.001863
10,KACTL,699,0.031277
10,simd-v0,699,0.005338
10,393435,699,0.002644
10,KACTL,700,0.031337
10,simd-v0,700,0.005348
10,393435,700,0.002634
10,ours-406478,700,0.001873
10,simd-v0,701,0.005348
10,393435,701,0.002634
10,ours-406478,701,0.001863
10,KACTL,701,0.031367
10,393435,702,0.002654
10,ours-406478,702,0.001863
10,KACTL,702,0.031418
10,simd-v0,702,0.005348
10,ours-406478,703,0.001873
10,KACTL,703,0.036715
10,simd-v0,703,0.005338
10,393435,703,0.002644
10,KACTL,704,0.031368
10,simd-v0,704,0.005368
10,393435,704,0.002634
10,ours-406478,704,0.001873
10,simd-v0,705,0.005348
10,393435,705,0.002634
10,ours-406478,705,0.001863
10,KACTL,705,0.031348
10,393435,706,0.002634
10,ours-406478,706,0.001863
10,KACTL,706,0.031357
10,simd-v0,706,0.005348
10,ours-406478,707,0.001863
10,KACTL,707,0.031387
10,simd-v0,707,0.005348
10,393435,707,0.002634
10,KACTL,708,0.031397
10,simd-v0,708,0.005338
10,393435,708,0.002624
10,ours-406478,708,0.001863
10,simd-v0,709,0.005339
10,393435,709,0.002644
10,ours-406478,709,0.001873
10,KACTL,709,0.031397
10,393435,710,0.002654
10,ours-406478,710,0.001863
10,KACTL,710,0.031257
10,simd-v0,710,0.005338
10,ours-406478,711,0.001883
10,KACTL,711,0.031348
10,simd-v0,711,0.005348
10,393435,711,0.002634
10,KACTL,712,0.031337
10,simd-v0,712,0.005348
10,393435,712,0.002654
10,ours-406478,712,0.001863
10,simd-v0,713,0.005338
10,393435,713,0.002644
10,ours-406478,713,0.001873
10,KACTL,713,0.031367
10,393435,714,0.002624
10,ours-406478,714,0.001873
10,KACTL,714,0.031367
10,simd-v0,714,0.005348
10,ours-406478,715,0.001863
10,KACTL,715,0.031367
10,simd-v0,715,0.005358
10,393435,715,0.002654
10,KACTL,716,0.031287
10,simd-v0,716,0.005348
10,393435,716,0.002624
10,ours-406478,716,0.001862
10,simd-v0,717,0.005338
10,393435,717,0.002644
10,ours-406478,717,0.001872
10,KACTL,717,0.031327
10,393435,718,0.002643
10,ours-406478,718,0.001883
10,KACTL,718,0.031368
10,simd-v0,718,0.005358
10,ours-406478,719,0.001883
10,KACTL,719,0.031317
10,simd-v0,719,0.005348
10,393435,719,0.002634
10,KACTL,720,0.031387
10,simd-v0,720,0.005348
10,393435,720,0.002634
10,ours-406478,720,0.001872
10,simd-v0,721,0.005358
10,393435,721,0.002634
10,ours-406478,721,0.001863
10,KACTL,721,0.031377
10,393435,722,0.002634
10,ours-406478,722,0.001883
10,KACTL,722,0.031347
10,simd-v0,722,0.005348
10,ours-406478,723,0.001873
10,KACTL,723,0.031357
10,simd-v0,723,0.005328
10,393435,723,0.002644
10,KACTL,724,0.031387
10,simd-v0,724,0.005338
10,393435,724,0.002654
10,ours-406478,724,0.001872
10,simd-v0,725,0.005348
10,393435,725,0.002644
10,ours-406478,725,0.001863
10,KACTL,725,0.031297
10,393435,726,0.002634
10,ours-406478,726,0.001863
10,KACTL,726,0.037146
10,simd-v0,726,0.005358
10,ours-406478,727,0.001863
10,KACTL,727,0.031367
10,simd-v0,727,0.005368
10,393435,727,0.002634
10,KACTL,728,0.031408
10,simd-v0,728,0.005348
10,393435,728,0.002664
10,ours-406478,728,0.001863
10,simd-v0,729,0.005338
10,393435,729,0.002634
10,ours-406478,729,0.001863
10,KACTL,729,0.031387
10,393435,730,0.002634
10,ours-406478,730,0.001873
10,KACTL,730,0.031358
10,simd-v0,730,0.005348
10,ours-406478,731,0.001872
10,KACTL,731,0.031387
10,simd-v0,731,0.005338
10,393435,731,0.002634
10,KACTL,732,0.031357
10,simd-v0,732,0.005338
10,393435,732,0.002654
10,ours-406478,732,0.001883
10,simd-v0,733,0.005338
10,393435,733,0.002634
10,ours-406478,733,0.001863
10,KACTL,733,0.031318
10,393435,734,0.002644
10,ours-406478,734,0.001883
10,KACTL,734,0.031377
10,simd-v0,734,0.005358
10,ours-406478,735,0.001873
10,KACTL,735,0.031337
10,simd-v0,735,0.005358
10,393435,735,0.002634
10,KACTL,736,0.031397
10,simd-v0,736,0.005338
10,393435,736,0.002644
10,ours-406478,736,0.001853
10,simd-v0,737,0.005328
10,393435,737,0.002634
10,ours-406478,737,0.001863
10,KACTL,737,0.031377
10,393435,738,0.002634
10,ours-406478,738,0.001882
10,KACTL,738,0.031297
10,simd-v0,738,0.005348
10,ours-406478,739,0.001873
10,KACTL,739,0.031398
10,simd-v0,739,0.005318
10,393435,739,0.002634
10,KACTL,740,0.031347
10,simd-v0,740,0.005329
10,393435,740,0.002634
10,ours-406478,740,0.001873
10,simd-v0,741,0.005348
10,393435,741,0.002644
10,ours-406478,741,0.001853
10,KACTL,741,0.031347
10,393435,742,0.002634
10,ours-406478,742,0.001883
10,KACTL,742,0.031347
10,simd-v0,742,0.005338
10,ours-406478,743,0.001883
10,KACTL,743,0.031327
10,simd-v0,743,0.005348
10,393435,743,0.002634
10,KACTL,744,0.031317
10,simd-v0,744,0.005358
10,393435,744,0.002634
10,ours-406478,744,0.001863
10,simd-v0,745,0.005328
10,393435,745,0.002634
10,ours-406478,745,0.001873
10,KACTL,745,0.031337
10,393435,746,0.002634
10,ours-406478,746,0.001863
10,KACTL,746,0.031397
10,simd-v0,746,0.005358
10,ours-406478,747,0.001873
10,KACTL,747,0.031347
10,simd-v0,747,0.005338
10,393435,747,0.002634
10,KACTL,748,0.031317
10,simd-v0,748,0.005338
10,393435,748,0.002634
10,ours-406478,748,0.001872
10,simd-v0,749,0.005368
10,393435,749,0.002634
10,ours-406478,749,0.001863
10,KACTL,749,0.031337
10,393435,750,0.007781
10,ours-406478,750,0.001873
10,KACTL,750,0.031378
10,simd-v0,750,0.005348
10,ours-406478,751,0.001873
10,KACTL,751,0.031377
10,simd-v0,751,0.005328
10,393435,751,0.002644
10,KACTL,752,0.031328
10,simd-v0,752,0.005338
10,393435,752,0.002634
10,ours-406478,752,0.001862
10,simd-v0,753,0.005368
10,393435,753,0.002644
10,ours-406478,753,0.001863
10,KACTL,753,0.031307
10,393435,754,0.002634
10,ours-406478,754,0.001873
10,KACTL,754,0.031288
10,simd-v0,754,0.005348
10,ours-406478,755,0.001873
10,KACTL,755,0.031327
10,simd-v0,755,0.005328
10,393435,755,0.002654
10,KACTL,756,0.031348
10,simd-v0,756,0.005348
10,393435,756,0.002644
10,ours-406478,756,0.001883
10,simd-v0,757,0.005348
10,393435,757,0.002644
10,ours-406478,757,0.001863
10,KACTL,757,0.031388
10,393435,758,0.002634
10,ours-406478,758,0.001883
10,KACTL,758,0.031357
10,simd-v0,758,0.005338
10,ours-406478,759,0.001883
10,KACTL,759,0.031377
10,simd-v0,759,0.005328
10,393435,759,0.002624
10,KACTL,760,0.031347
10,simd-v0,760,0.005348
10,393435,760,0.002644
10,ours-406478,760,0.001873
10,simd-v0,761,0.005369
10,393435,761,0.002644
10,ours-406478,761,0.001873
10,KACTL,761,0.031367
10,393435,762,0.002644
10,ours-406478,762,0.001862
10,KACTL,762,0.031377
10,simd-v0,762,0.005328
10,ours-406478,763,0.001863
10,KACTL,763,0.031338
10,simd-v0,763,0.005338
10,393435,763,0.002654
10,KACTL,764,0.031337
10,simd-v0,764,0.005348
10,393435,764,0.002654
10,ours-406478,764,0.001973
10,simd-v0,765,0.005349
10,393435,765,0.002644
10,ours-406478,765,0.001893
10,KACTL,765,0.031327
10,393435,766,0.002624
10,ours-406478,766,0.001882
10,KACTL,766,0.031327
10,simd-v0,766,0.005358
10,ours-406478,767,0.001873
10,KACTL,767,0.031328
10,simd-v0,767,0.005348
10,393435,767,0.002644
10,KACTL,768,0.031297
10,simd-v0,768,0.005338
10,393435,768,0.002634
10,ours-406478,768,0.001863
10,simd-v0,769,0.005328
10,393435,769,0.002644
10,ours-406478,769,0.001863
10,KACTL,769,0.031287
10,393435,770,0.002634
10,ours-406478,770,0.001863
10,KACTL,770,0.031337
10,simd-v0,770,0.005348
10,ours-406478,771,0.001883
10,KACTL,771,0.031347
10,simd-v0,771,0.005328
10,393435,771,0.002644
10,KACTL,772,0.031357
10,simd-v0,772,0.005369
10,393435,772,0.002644
10,ours-406478,772,0.001893
10,simd-v0,773,0.005338
10,393435,773,0.002644
10,ours-406478,773,0.001873
10,KACTL,773,0.036855
10,393435,774,0.002654
10,ours-406478,774,0.001893
10,KACTL,774,0.031387
10,simd-v0,774,0.005348
10,ours-406478,775,0.001883
10,KACTL,775,0.031408
10,simd-v0,775,0.005338
10,393435,775,0.002644
10,KACTL,776,0.031417
10,simd-v0,776,0.005338
10,393435,776,0.002634
10,ours-406478,776,0.001873
10,simd-v0,777,0.005358
10,393435,777,0.002664
10,ours-406478,777,0.001872
10,KACTL,777,0.031397
10,393435,778,0.002644
10,ours-406478,778,0.001873
10,KACTL,778,0.031378
10,simd-v0,778,0.005348
10,ours-406478,779,0.001873
10,KACTL,779,0.031307
10,simd-v0,779,0.005338
10,393435,779,0.002644
10,KACTL,780,0.031418
10,simd-v0,780,0.005358
10,393435,780,0.002644
10,ours-406478,780,0.001883
10,simd-v0,781,0.005338
10,393435,781,0.002644
10,ours-406478,781,0.001873
10,KACTL,781,0.031398
10,393435,782,0.002644
10,ours-406478,782,0.001853
10,KACTL,782,0.031457
10,simd-v0,782,0.005359
10,ours-406478,783,0.001873
10,KACTL,783,0.031388
10,simd-v0,783,0.005348
10,393435,783,0.002644
10,KACTL,784,0.031447
10,simd-v0,784,0.005348
10,393435,784,0.002634
10,ours-406478,784,0.001882
10,simd-v0,785,0.005348
10,393435,785,0.002634
10,ours-406478,785,0.001862
10,KACTL,785,0.031337
10,393435,786,0.002644
10,ours-406478,786,0.001873
10,KACTL,786,0.031408
10,simd-v0,786,0.005368
10,ours-406478,787,0.001882
10,KACTL,787,0.031437
10,simd-v0,787,0.005348
10,393435,787,0.002644
10,KACTL,788,0.031357
10,simd-v0,788,0.005348
10,393435,788,0.002644
10,ours-406478,788,0.001863
10,simd-v0,789,0.005358
10,393435,789,0.002644
10,ours-406478,789,0.001873
10,KACTL,789,0.031378
10,393435,790,0.002644
10,ours-406478,790,0.001882
10,KACTL,790,0.031307
10,simd-v0,790,0.005348
10,ours-406478,791,0.001863
10,KACTL,791,0.031378
10,simd-v0,791,0.005378
10,393435,791,0.002634
10,KACTL,792,0.031357
10,simd-v0,792,0.005358
10,393435,792,0.002654
10,ours-406478,792,0.001893
10,simd-v0,793,0.005348
10,393435,793,0.002644
10,ours-406478,793,0.001872
10,KACTL,793,0.031367
10,393435,794,0.002644
10,ours-406478,794,0.001873
10,KACTL,794,0.031357
10,simd-v0,794,0.005358
10,ours-406478,795,0.001883
10,KACTL,795,0.031387
10,simd-v0,795,0.005348
10,393435,795,0.002654
10,KACTL,796,0.031368
10,simd-v0,796,0.005358
10,393435,796,0.008403
10,ours-406478,796,0.001872
10,simd-v0,797,0.005368
10,393435,797,0.002644
10,ours-406478,797,0.001873
10,KACTL,797,0.031377
10,393435,798,0.002634
10,ours-406478,798,0.001873
10,KACTL,798,0.031387
10,simd-v0,798,0.005348
10,ours-406478,799,0.001863
10,KACTL,799,0.031357
10,simd-v0,799,0.005348
10,393435,799,0.002634
10,KACTL,800,0.031347
10,simd-v0,800,0.005368
10,393435,800,0.002644
10,ours-406478,800,0.001873
10,simd-v0,801,0.005358
10,393435,801,0.002634
10,ours-406478,801,0.001863
10,KACTL,801,0.031417
10,393435,802,0.002634
10,ours-406478,802,0.001862
10,KACTL,802,0.031347
10,simd-v0,802,0.005368
10,ours-406478,803,0.001873
10,KACTL,803,0.031418
10,simd-v0,803,0.005348
10,393435,803,0.002654
10,KACTL,804,0.031457
10,simd-v0,804,0.005358
10,393435,804,0.002634
10,ours-406478,804,0.001873
10,simd-v0,805,0.005348
10,393435,805,0.002644
10,ours-406478,805,0.001863
10,KACTL,805,0.031337
10,393435,806,0.002634
10,ours-406478,806,0.001883
10,KACTL,806,0.031378
10,simd-v0,806,0.005338
10,ours-406478,807,0.001862
10,KACTL,807,0.031387
10,simd-v0,807,0.005338
10,393435,807,0.002644
10,KACTL,808,0.031458
10,simd-v0,808,0.005358
10,393435,808,0.002634
10,ours-406478,808,0.001873
10,simd-v0,809,0.005379
10,393435,809,0.002634
10,ours-406478,809,0.001863
10,KACTL,809,0.031397
10,393435,810,0.002644
10,ours-406478,810,0.001873
10,KACTL,810,0.031367
10,simd-v0,810,0.005348
10,ours-406478,811,0.001873
10,KACTL,811,0.031408
10,simd-v0,811,0.005348
10,393435,811,0.002644
10,KACTL,812,0.031387
10,simd-v0,812,0.005358
10,393435,812,0.002644
10,ours-406478,812,0.001862
10,simd-v0,813,0.005338
10,393435,813,0.002644
10,ours-406478,813,0.001873
10,KACTL,813,0.031407
10,393435,814,0.002644
10,ours-406478,814,0.001873
10,KACTL,814,0.031447
10,simd-v0,814,0.005348
10,ours-406478,815,0.001883
10,KACTL,815,0.031377
10,simd-v0,815,0.005358
10,393435,815,0.002634
10,KACTL,816,0.031427
10,simd-v0,816,0.005348
10,393435,816,0.002644
10,ours-406478,816,0.001863
10,simd-v0,817,0.005369
10,393435,817,0.002644
10,ours-406478,817,0.001883
10,KACTL,817,0.031407
10,393435,818,0.002634
10,ours-406478,818,0.001883
10,KACTL,818,0.031448
10,simd-v0,818,0.005368
10,ours-406478,819,0.001872
10,KACTL,819,0.031337
10,simd-v0,819,0.005349
10,393435,819,0.002634
10,KACTL,820,0.036666
10,simd-v0,820,0.005348
10,393435,820,0.002634
10,ours-406478,820,0.001863
10,simd-v0,821,0.005348
10,393435,821,0.002644
10,ours-406478,821,0.001883
10,KACTL,821,0.031358
10,393435,822,0.002634
10,ours-406478,822,0.001863
10,KACTL,822,0.031307
10,simd-v0,822,0.005348
10,ours-406478,823,0.001873
10,KACTL,823,0.031327
10,simd-v0,823,0.005338
10,393435,823,0.002644
10,KACTL,824,0.031357
10,simd-v0,824,0.005338
10,393435,824,0.002634
10,ours-406478,824,0.001873
10,simd-v0,825,0.005348
10,393435,825,0.002634
10,ours-406478,825,0.001863
10,KACTL,825,0.031357
10,393435,826,0.002644
10,ours-406478,826,0.001872
10,KACTL,826,0.031347
10,simd-v0,826,0.005348
10,ours-406478,827,0.001863
10,KACTL,827,0.031368
10,simd-v0,827,0.005338
10,393435,827,0.002644
10,KACTL,828,0.031387
10,simd-v0,828,0.005348
10,393435,828,0.002644
10,ours-406478,828,0.001873
10,simd-v0,829,0.005358
10,393435,829,0.002644
10,ours-406478,829,0.001872
10,KACTL,829,0.031347
10,393435,830,0.002644
10,ours-406478,830,0.001863
10,KACTL,830,0.031347
10,simd-v0,830,0.005348
10,ours-406478,831,0.001863
10,KACTL,831,0.031357
10,simd-v0,831,0.005348
10,393435,831,0.002644
10,KACTL,832,0.031317
10,simd-v0,832,0.005358
10,393435,832,0.002634
10,ours-406478,832,0.001862
10,simd-v0,833,0.005338
10,393435,833,0.002634
10,ours-406478,833,0.001882
10,KACTL,833,0.031337
10,393435,834,0.002644
10,ours-406478,834,0.001863
10,KACTL,834,0.031378
10,simd-v0,834,0.005358
10,ours-406478,835,0.001873
10,KACTL,835,0.031317
10,simd-v0,835,0.005348
10,393435,835,0.002644
10,KACTL,836,0.031337
10,simd-v0,836,0.005328
10,393435,836,0.002644
10,ours-406478,836,0.001872
10,simd-v0,837,0.005368
10,393435,837,0.002644
10,ours-406478,837,0.001862
10,KACTL,837,0.031347
10,393435,838,0.002644
10,ours-406478,838,0.001873
10,KACTL,838,0.031358
10,simd-v0,838,0.005338
10,ours-406478,839,0.001863
10,KACTL,839,0.031347
10,simd-v0,839,0.005348
10,393435,839,0.002644
10,KACTL,840,0.031357
10,simd-v0,840,0.005348
10,393435,840,0.002654
10,ours-406478,840,0.001882
10,simd-v0,841,0.005348
10,393435,841,0.002644
10,ours-406478,841,0.001873
10,KACTL,841,0.031357
10,393435,842,0.002644
10,ours-406478,842,0.001863
10,KACTL,842,0.031388
10,simd-v0,842,0.005338
10,ours-406478,843,0.001882
10,KACTL,843,0.036605
10,simd-v0,843,0.005338
10,393435,843,0.002644
10,KACTL,844,0.031387
10,simd-v0,844,0.005328
10,393435,844,0.002644
10,ours-406478,844,0.001873
10,simd-v0,845,0.005378
10,393435,845,0.002644
10,ours-406478,845,0.001863
10,KACTL,845,0.031398
10,393435,846,0.002634
10,ours-406478,846,0.001882
10,KACTL,846,0.031347
10,simd-v0,846,0.005338
10,ours-406478,847,0.001883
10,KACTL,847,0.031368
10,simd-v0,847,0.005358
10,393435,847,0.002654
10,KACTL,848,0.031367
10,simd-v0,848,0.005348
10,393435,848,0.002644
10,ours-406478,848,0.001872
10,simd-v0,849,0.005338
10,393435,849,0.002634
10,ours-406478,849,0.001873
10,KACTL,849,0.031357
10,393435,850,0.002634
10,ours-406478,850,0.001883
10,KACTL,850,0.031367
10,simd-v0,850,0.005328
10,ours-406478,851,0.001863
10,KACTL,851,0.031367
10,simd-v0,851,0.005338
10,393435,851,0.002624
10,KACTL,852,0.031347
10,simd-v0,852,0.005348
10,393435,852,0.002644
10,ours-406478,852,0.001862
10,simd-v0,853,0.005348
10,393435,853,0.002644
10,ours-406478,853,0.001872
10,KACTL,853,0.031397
10,393435,854,0.002644
10,ours-406478,854,0.001873
10,KACTL,854,0.031358
10,simd-v0,854,0.005358
10,ours-406478,855,0.001872
10,KACTL,855,0.031357
10,simd-v0,855,0.005339
10,393435,855,0.002634
10,KACTL,856,0.031358
10,simd-v0,856,0.005348
10,393435,856,0.002643
10,ours-406478,856,0.001873
10,simd-v0,857,0.005348
10,393435,857,0.002634
10,ours-406478,857,0.001873
10,KACTL,857,0.031348
10,393435,858,0.002634
10,ours-406478,858,0.001863
10,KACTL,858,0.031367
10,simd-v0,858,0.005338
10,ours-406478,859,0.001883
10,KACTL,859,0.031347
10,simd-v0,859,0.005338
10,393435,859,0.002644
10,KACTL,860,0.031287
10,simd-v0,860,0.005348
10,393435,860,0.002654
10,ours-406478,860,0.001883
10,simd-v0,861,0.005338
10,393435,861,0.002634
10,ours-406478,861,0.001863
10,KACTL,861,0.033301
10,393435,862,0.002644
10,ours-406478,862,0.001873
10,KACTL,862,0.031317
10,simd-v0,862,0.005338
10,ours-406478,863,0.001883
10,KACTL,863,0.031337
10,simd-v0,863,0.005348
10,393435,863,0.002644
10,KACTL,864,0.031357
10,simd-v0,864,0.005358
10,393435,864,0.002644
10,ours-406478,864,0.001873
10,simd-v0,865,0.005358
10,393435,865,0.002634
10,ours-406478,865,0.001883
10,KACTL,865,0.031357
10,393435,866,0.002634
10,ours-406478,866,0.001893
10,KACTL,866,0.031407
10,simd-v0,866,0.005338
10,ours-406478,867,0.001873
10,KACTL,867,0.036404
10,simd-v0,867,0.005338
10,393435,867,0.002644
10,KACTL,868,0.031347
10,simd-v0,868,0.005358
10,393435,868,0.002654
10,ours-406478,868,0.001883
10,simd-v0,869,0.005338
10,393435,869,0.002644
10,ours-406478,869,0.001872
10,KACTL,869,0.031377
10,393435,870,0.002633
10,ours-406478,870,0.001883
10,KACTL,870,0.031347
10,simd-v0,870,0.005338
10,ours-406478,871,0.001873
10,KACTL,871,0.031347
10,simd-v0,871,0.005358
10,393435,871,0.002654
10,KACTL,872,0.031408
10,simd-v0,872,0.005338
10,393435,872,0.002634
10,ours-406478,872,0.001873
10,simd-v0,873,0.005348
10,393435,873,0.002644
10,ours-406478,873,0.001883
10,KACTL,873,0.031398
10,393435,874,0.002644
10,ours-406478,874,0.001863
10,KACTL,874,0.031347
10,simd-v0,874,0.005348
10,ours-406478,875,0.001863
10,KACTL,875,0.031327
10,simd-v0,875,0.005348
10,393435,875,0.002654
10,KACTL,876,0.031387
10,simd-v0,876,0.005338
10,393435,876,0.002654
10,ours-406478,876,0.001873
10,simd-v0,877,0.005338
10,393435,877,0.002644
10,ours-406478,877,0.001863
10,KACTL,877,0.031387
10,393435,878,0.002634
10,ours-406478,878,0.001872
10,KACTL,878,0.031347
10,simd-v0,878,0.005338
10,ours-406478,879,0.001883
10,KACTL,879,0.031368
10,simd-v0,879,0.005338
10,393435,879,0.002644
10,KACTL,880,0.031347
10,simd-v0,880,0.005348
10,393435,880,0.002644
10,ours-406478,880,0.001863
10,simd-v0,881,0.005328
10,393435,881,0.002644
10,ours-406478,881,0.001872
10,KACTL,881,0.031397
10,393435,882,0.002633
10,ours-406478,882,0.001883
10,KACTL,882,0.031368
10,simd-v0,882,0.005358
10,ours-406478,883,0.001873
10,KACTL,883,0.031367
10,simd-v0,883,0.005348
10,393435,883,0.002634
10,KACTL,884,0.031327
10,simd-v0,884,0.005338
10,393435,884,0.002644
10,ours-406478,884,0.001873
10,simd-v0,885,0.005348
10,393435,885,0.002634
10,ours-406478,885,0.001873
10,KACTL,885,0.031267
10,393435,886,0.002644
10,ours-406478,886,0.001883
10,KACTL,886,0.031358
10,simd-v0,886,0.005328
10,ours-406478,887,0.001863
10,KACTL,887,0.031347
10,simd-v0,887,0.005338
10,393435,887,0.002644
10,KACTL,888,0.031297
10,simd-v0,888,0.005338
10,393435,888,0.002644
10,ours-406478,888,0.001873
10,simd-v0,889,0.005338
10,393435,889,0.002644
10,ours-406478,889,0.001873
10,KACTL,889,0.031347
10,393435,890,0.002644
10,ours-406478,890,0.001883
10,KACTL,890,0.036575
10,simd-v0,890,0.005338
10,ours-406478,891,0.001893
10,KACTL,891,0.031357
10,simd-v0,891,0.005328
10,393435,891,0.002644
10,KACTL,892,0.031408
10,simd-v0,892,0.005338
10,393435,892,0.002634
10,ours-406478,892,0.001883
10,simd-v0,893,0.005348
10,393435,893,0.002644
10,ours-406478,893,0.001863
10,KACTL,893,0.031368
10,393435,894,0.002664
10,ours-406478,894,0.001883
10,KACTL,894,0.031417
10,simd-v0,894,0.005338
10,ours-406478,895,0.001883
10,KACTL,895,0.031368
10,simd-v0,895,0.005348
10,393435,895,0.002644
10,KACTL,896,0.031357
10,simd-v0,896,0.005349
10,393435,896,0.002644
10,ours-406478,896,0.001873
10,simd-v0,897,0.005338
10,393435,897,0.002634
10,ours-406478,897,0.001863
10,KACTL,897,0.031367
10,393435,898,0.002624
10,ours-406478,898,0.001883
10,KACTL,898,0.031367
10,simd-v0,898,0.005338
10,ours-406478,899,0.001883
10,KACTL,899,0.031357
10,simd-v0,899,0.005348
10,393435,899,0.002654
10,KACTL,900,0.031407
10,simd-v0,900,0.005358
10,393435,900,0.002654
10,ours-406478,900,0.001863
10,simd-v0,901,0.005318
10,393435,901,0.002634
10,ours-406478,901,0.001873
10,KACTL,901,0.031377
10,393435,902,0.002624
10,ours-406478,902,0.001893
10,KACTL,902,0.031277
10,simd-v0,902,0.005338
10,ours-406478,903,0.001883
10,KACTL,903,0.031317
10,simd-v0,903,0.005338
10,393435,903,0.002644
10,KACTL,904,0.031308
10,simd-v0,904,0.005368
10,393435,904,0.002654
10,ours-406478,904,0.001873
10,simd-v0,905,0.005348
10,393435,905,0.002644
10,ours-406478,905,0.001863
10,KACTL,905,0.031358
10,393435,906,0.002644
10,ours-406478,906,0.001863
10,KACTL,906,0.031387
10,simd-v0,906,0.005338
10,ours-406478,907,0.001873
10,KACTL,907,0.031377
10,simd-v0,907,0.005348
10,393435,907,0.002634
10,KACTL,908,0.031337
10,simd-v0,908,0.005338
10,393435,908,0.002634
10,ours-406478,908,0.001863
10,simd-v0,909,0.005348
10,393435,909,0.002644
10,ours-406478,909,0.001863
10,KACTL,909,0.031367
10,393435,910,0.002644
10,ours-406478,910,0.001872
10,KACTL,910,0.031377
10,simd-v0,910,0.005348
10,ours-406478,911,0.001883
10,KACTL,911,0.031348
10,simd-v0,911,0.005358
10,393435,911,0.002654
10,KACTL,912,0.031347
10,simd-v0,912,0.005338
10,393435,912,0.002634
10,ours-406478,912,0.001873
10,simd-v0,913,0.005358
10,393435,913,0.002654
10,ours-406478,913,0.001882
10,KACTL,913,0.036795
10,393435,914,0.002644
10,ours-406478,914,0.001873
10,KACTL,914,0.031337
10,simd-v0,914,0.005338
10,ours-406478,915,0.001873
10,KACTL,915,0.031397
10,simd-v0,915,0.005348
10,393435,915,0.002644
10,KACTL,916,0.031307
10,simd-v0,916,0.005338
10,393435,916,0.002644
10,ours-406478,916,0.001863
10,simd-v0,917,0.005338
10,393435,917,0.002634
10,ours-406478,917,0.001883
10,KACTL,917,0.031357
10,393435,918,0.002644
10,ours-406478,918,0.001862
10,KACTL,918,0.031377
10,simd-v0,918,0.005348
10,ours-406478,919,0.001873
10,KACTL,919,0.031358
10,simd-v0,919,0.005348
10,393435,919,0.002654
10,KACTL,920,0.031377
10,simd-v0,920,0.005338
10,393435,920,0.002634
10,ours-406478,920,0.001883
10,simd-v0,921,0.005338
10,393435,921,0.002644
10,ours-406478,921,0.001872
10,KACTL,921,0.031357
10,393435,922,0.002644
10,ours-406478,922,0.001873
10,KACTL,922,0.031388
10,simd-v0,922,0.005358
10,ours-406478,923,0.001863
10,KACTL,923,0.031367
10,simd-v0,923,0.005338
10,393435,923,0.002634
10,KACTL,924,0.031338
10,simd-v0,924,0.005348
10,393435,924,0.002654
10,ours-406478,924,0.001883
10,simd-v0,925,0.005338
10,393435,925,0.002644
10,ours-406478,925,0.001883
10,KACTL,925,0.031438
10,393435,926,0.002644
10,ours-406478,926,0.001873
10,KACTL,926,0.031357
10,simd-v0,926,0.005358
10,ours-406478,927,0.001863
10,KACTL,927,0.031347
10,simd-v0,927,0.005358
10,393435,927,0.002654
10,KACTL,928,0.031367
10,simd-v0,928,0.005348
10,393435,928,0.002634
10,ours-406478,928,0.001863
10,simd-v0,929,0.005358
10,393435,929,0.002634
10,ours-406478,929,0.001873
10,KACTL,929,0.031367
10,393435,930,0.002644
10,ours-406478,930,0.001862
10,KACTL,930,0.031297
10,simd-v0,930,0.005328
10,ours-406478,931,0.001863
10,KACTL,931,0.031398
10,simd-v0,931,0.005358
10,393435,931,0.002634
10,KACTL,932,0.031357
10,simd-v0,932,0.005348
10,393435,932,0.002644
10,ours-406478,932,0.001873
10,simd-v0,933,0.005348
10,393435,933,0.002634
10,ours-406478,933,0.001863
10,KACTL,933,0.031368
10,393435,934,0.002634
10,ours-406478,934,0.001882
10,KACTL,934,0.031317
10,simd-v0,934,0.005338
10,ours-406478,935,0.001863
10,KACTL,935,0.031347
10,simd-v0,935,0.005338
10,393435,935,0.002634
10,KACTL,936,0.031377
10,simd-v0,936,0.005348
10,393435,936,0.002644
10,ours-406478,936,0.001873
10,simd-v0,937,0.005338
10,393435,937,0.002654
10,ours-406478,937,0.001883
10,KACTL,937,0.037506
10,393435,938,0.002644
10,ours-406478,938,0.001873
10,KACTL,938,0.031318
10,simd-v0,938,0.005358
10,ours-406478,939,0.001872
10,KACTL,939,0.031327
10,simd-v0,939,0.005339
10,393435,939,0.002644
10,KACTL,940,0.031358
10,simd-v0,940,0.005358
10,393435,940,0.002634
10,ours-406478,940,0.001883
10,simd-v0,941,0.005348
10,393435,941,0.002634
10,ours-406478,941,0.001873
10,KACTL,941,0.031368
10,393435,942,0.002644
10,ours-406478,942,0.001863
10,KACTL,942,0.031397
10,simd-v0,942,0.005348
10,ours-406478,943,0.001853
10,KACTL,943,0.031397
10,simd-v0,943,0.005338
10,393435,943,0.002644
10,KACTL,944,0.031327
10,simd-v0,944,0.005348
10,393435,944,0.002644
10,ours-406478,944,0.001873
10,simd-v0,945,0.005359
10,393435,945,0.002624
10,ours-406478,945,0.001873
10,KACTL,945,0.031387
10,393435,946,0.002634
10,ours-406478,946,0.001873
10,KACTL,946,0.031367
10,simd-v0,946,0.005348
10,ours-406478,947,0.001863
10,KACTL,947,0.031388
10,simd-v0,947,0.005338
10,393435,947,0.002644
10,KACTL,948,0.031377
10,simd-v0,948,0.005328
10,393435,948,0.002644
10,ours-406478,948,0.001872
10,simd-v0,949,0.005338
10,393435,949,0.002644
10,ours-406478,949,0.001862
10,KACTL,949,0.031327
10,393435,950,0.002634
10,ours-406478,950,0.001883
10,KACTL,950,0.031327
10,simd-v0,950,0.005348
10,ours-406478,951,0.001873
10,KACTL,951,0.031287
10,simd-v0,951,0.005338
10,393435,951,0.002634
10,KACTL,952,0.031357
10,simd-v0,952,0.005328
10,393435,952,0.002634
10,ours-406478,952,0.001882
10,simd-v0,953,0.005358
10,393435,953,0.002624
10,ours-406478,953,0.001882
10,KACTL,953,0.031317
10,393435,954,0.002644
10,ours-406478,954,0.001873
10,KACTL,954,0.031287
10,simd-v0,954,0.005348
10,ours-406478,955,0.001863
10,KACTL,955,0.031317
10,simd-v0,955,0.005358
10,393435,955,0.002644
10,KACTL,956,0.031377
10,simd-v0,956,0.005338
10,393435,956,0.002654
10,ours-406478,956,0.001873
10,simd-v0,957,0.005348
10,393435,957,0.002634
10,ours-406478,957,0.001863
10,KACTL,957,0.031307
10,393435,958,0.002644
10,ours-406478,958,0.001873
10,KACTL,958,0.031348
10,simd-v0,958,0.005378
10,ours-406478,959,0.001872
10,KACTL,959,0.031307
10,simd-v0,959,0.005358
10,393435,959,0.002634
10,KACTL,960,0.031328
10,simd-v0,960,0.010686
10,393435,960,0.002654
10,ours-406478,960,0.001873
10,simd-v0,961,0.005368
10,393435,961,0.002644
10,ours-406478,961,0.001883
10,KACTL,961,0.031397
10,393435,962,0.002634
10,ours-406478,962,0.001863
10,KACTL,962,0.031387
10,simd-v0,962,0.005348
10,ours-406478,963,0.001863
10,KACTL,963,0.031388
10,simd-v0,963,0.005348
10,393435,963,0.002634
10,KACTL,964,0.031397
10,simd-v0,964,0.005358
10,393435,964,0.002644
10,ours-406478,964,0.001872
10,simd-v0,965,0.005368
10,393435,965,0.002644
10,ours-406478,965,0.001873
10,KACTL,965,0.031347
10,393435,966,0.002644
10,ours-406478,966,0.001863
10,KACTL,966,0.031348
10,simd-v0,966,0.005368
10,ours-406478,967,0.001872
10,KACTL,967,0.031337
10,simd-v0,967,0.005338
10,393435,967,0.002634
10,KACTL,968,0.031368
10,simd-v0,968,0.005348
10,393435,968,0.002644
10,ours-406478,968,0.001873
10,simd-v0,969,0.005348
10,393435,969,0.002644
10,ours-406478,969,0.001883
10,KACTL,969,0.031348
10,393435,970,0.002654
10,ours-406478,970,0.001883
10,KACTL,970,0.031317
10,simd-v0,970,0.005348
10,ours-406478,971,0.001883
10,KACTL,971,0.031307
10,simd-v0,971,0.005368
10,393435,971,0.002634
10,KACTL,972,0.031327
10,simd-v0,972,0.005328
10,393435,972,0.002644
10,ours-406478,972,0.001863
10,simd-v0,973,0.005368
10,393435,973,0.002644
10,ours-406478,973,0.001863
10,KACTL,973,0.031388
10,393435,974,0.002634
10,ours-406478,974,0.001883
10,KACTL,974,0.031357
10,simd-v0,974,0.005329
10,ours-406478,975,0.001883
10,KACTL,975,0.031418
10,simd-v0,975,0.005358
10,393435,975,0.002644
10,KACTL,976,0.031388
10,simd-v0,976,0.005348
10,393435,976,0.002654
10,ours-406478,976,0.001863
10,simd-v0,977,0.005328
10,393435,977,0.002644
10,ours-406478,977,0.001883
10,KACTL,977,0.031327
10,393435,978,0.002654
10,ours-406478,978,0.001883
10,KACTL,978,0.031357
10,simd-v0,978,0.005348
10,ours-406478,979,0.001863
10,KACTL,979,0.031387
10,simd-v0,979,0.005338
10,393435,979,0.002634
10,KACTL,980,0.031377
10,simd-v0,980,0.005328
10,393435,980,0.002654
10,ours-406478,980,0.001873
10,simd-v0,981,0.005338
10,393435,981,0.002634
10,ours-406478,981,0.001863
10,KACTL,981,0.031308
10,393435,982,0.002644
10,ours-406478,982,0.001873
10,KACTL,982,0.031327
10,simd-v0,982,0.005358
10,ours-406478,983,0.001863
10,KACTL,983,0.031327
10,simd-v0,983,0.005338
10,393435,983,0.002634
10,KACTL,984,0.036535
10,simd-v0,984,0.005328
10,393435,984,0.002624
10,ours-406478,984,0.001873
10,simd-v0,985,0.005348
10,393435,985,0.002634
10,ours-406478,985,0.001903
10,KACTL,985,0.031317
10,393435,986,0.002634
10,ours-406478,986,0.001872
10,KACTL,986,0.031307
10,simd-v0,986,0.005358
10,ours-406478,987,0.001863
10,KACTL,987,0.031398
10,simd-v0,987,0.005348
10,393435,987,0.002624
10,KACTL,988,0.031307
10,simd-v0,988,0.005329
10,393435,988,0.002644
10,ours-406478,988,0.001863
10,simd-v0,989,0.005338
10,393435,989,0.002654
10,ours-406478,989,0.001863
10,KACTL,989,0.031407
10,393435,990,0.002644
10,ours-406478,990,0.001863
10,KACTL,990,0.031247
10,simd-v0,990,0.005328
10,ours-406478,991,0.001863
10,KACTL,991,0.031288
10,simd-v0,991,0.005358
10,393435,991,0.002654
10,KACTL,992,0.031337
10,simd-v0,992,0.005348
10,393435,992,0.002654
10,ours-406478,992,0.001873
10,simd-v0,993,0.005338
10,393435,993,0.002634
10,ours-406478,993,0.001873
10,KACTL,993,0.031327
10,393435,994,0.002644
10,ours-406478,994,0.001873
10,KACTL,994,0.031327
10,simd-v0,994,0.005358
10,ours-406478,995,0.001863
10,KACTL,995,0.031308
10,simd-v0,995,0.005358
10,393435,995,0.002633
10,KACTL,996,0.031317
10,simd-v0,996,0.005338
10,393435,996,0.002624
10,ours-406478,996,0.001873
10,simd-v0,997,0.005338
10,393435,997,0.002644
10,ours-406478,997,0.001873
10,KACTL,997,0.031347
10,393435,998,0.002634
10,ours-406478,998,0.001873
10,KACTL,998,0.031357
10,simd-v0,998,0.005338
10,ours-406478,999,0.001883
10,KACTL,999,0.031407
10,simd-v0,999,0.005348
10,393435,999,0.002634
10,KACTL,1000,0.031337
10,simd-v0,1000,0.005358
10,393435,1000,0.002644
10,ours-406478,1000,0.001873
11,KACTL,0,0.067211
11,simd-v0,0,0.009985
11,393435,0,0.005328
11,ours-406478,0,0.003826
11,simd-v0,1,0.009935
11,393435,1,0.005248
11,ours-406478,1,0.003775
11,KACTL,1,0.067432
11,393435,2,0.005278
11,ours-406478,2,0.003786
11,KACTL,2,0.067371
11,simd-v0,2,0.009955
11,ours-406478,3,0.003775
11,KACTL,3,0.067542
11,simd-v0,3,0.009985
11,393435,3,0.005258
11,KACTL,4,0.067422
11,simd-v0,4,0.009945
11,393435,4,0.005258
11,ours-406478,4,0.003796
11,simd-v0,5,0.009955
11,393435,5,0.005248
11,ours-406478,5,0.003775
11,KACTL,5,0.067412
11,393435,6,0.005258
11,ours-406478,6,0.003776
11,KACTL,6,0.067542
11,simd-v0,6,0.009945
11,ours-406478,7,0.003785
11,KACTL,7,0.067462
11,simd-v0,7,0.009965
11,393435,7,0.006640
11,KACTL,8,0.067391
11,simd-v0,8,0.009955
11,393435,8,0.005278
11,ours-406478,8,0.003775
11,simd-v0,9,0.009955
11,393435,9,0.005258
11,ours-406478,9,0.003796
11,KACTL,9,0.067431
11,393435,10,0.005268
11,ours-406478,10,0.003765
11,KACTL,10,0.072830
11,simd-v0,10,0.009995
11,ours-406478,11,0.003776
11,KACTL,11,0.067502
11,simd-v0,11,0.009995
11,393435,11,0.005238
11,KACTL,12,0.067421
11,simd-v0,12,0.009925
11,393435,12,0.005258
11,ours-406478,12,0.003776
11,simd-v0,13,0.009945
11,393435,13,0.005258
11,ours-406478,13,0.003785
11,KACTL,13,0.067512
11,393435,14,0.005268
11,ours-406478,14,0.003776
11,KACTL,14,0.067412
11,simd-v0,14,0.009945
11,ours-406478,15,0.003776
11,KACTL,15,0.067471
11,simd-v0,15,0.009945
11,393435,15,0.005268
11,KACTL,16,0.067362
11,simd-v0,16,0.009945
11,393435,16,0.005268
11,ours-406478,16,0.003796
11,simd-v0,17,0.009996
11,393435,17,0.005238
11,ours-406478,17,0.003775
11,KACTL,17,0.067382
11,393435,18,0.005258
11,ours-406478,18,0.003766
11,KACTL,18,0.067401
11,simd-v0,18,0.009935
11,ours-406478,19,0.003786
11,KACTL,19,0.067512
11,simd-v0,19,0.009945
11,393435,19,0.005248
11,KACTL,20,0.067382
11,simd-v0,20,0.009945
11,393435,20,0.005258
11,ours-406478,20,0.003786
11,simd-v0,21,0.009935
11,393435,21,0.005248
11,ours-406478,21,0.003796
11,KACTL,21,0.072709
11,393435,22,0.005258
11,ours-406478,22,0.003765
11,KACTL,22,0.067392
11,simd-v0,22,0.009975
11,ours-406478,23,0.003776
11,KACTL,23,0.067462
11,simd-v0,23,0.009935
11,393435,23,0.005238
11,KACTL,24,0.067382
11,simd-v0,24,0.009965
11,393435,24,0.005248
11,ours-406478,24,0.003786
11,simd-v0,25,0.009965
11,393435,25,0.005247
11,ours-406478,25,0.003796
11,KACTL,25,0.067391
11,393435,26,0.005248
11,ours-406478,26,0.003776
11,KACTL,26,0.067451
11,simd-v0,26,0.009955
11,ours-406478,27,0.003765
11,KACTL,27,0.075764
11,simd-v0,27,0.010396
11,393435,27,0.006359
11,KACTL,28,0.079951
11,simd-v0,28,0.009945
11,393435,28,0.005248
11,ours-406478,28,0.003846
11,simd-v0,29,0.009955
11,393435,29,0.005258
11,ours-406478,29,0.003785
11,KACTL,29,0.067332
11,393435,30,0.005258
11,ours-406478,30,0.003786
11,KACTL,30,0.067452
11,simd-v0,30,0.009955
11,ours-406478,31,0.003786
11,KACTL,31,0.067341
11,simd-v0,31,0.009965
11,393435,31,0.005257
11,KACTL,32,0.072700
11,simd-v0,32,0.009935
11,393435,32,0.005238
11,ours-406478,32,0.003786
11,simd-v0,33,0.009975
11,393435,33,0.005268
11,ours-406478,33,0.003795
11,KACTL,33,0.067392
11,393435,34,0.005248
11,ours-406478,34,0.003776
11,KACTL,34,0.067462
11,simd-v0,34,0.009955
11,ours-406478,35,0.003776
11,KACTL,35,0.067421
11,simd-v0,35,0.009945
11,393435,35,0.005248
11,KACTL,36,0.067462
11,simd-v0,36,0.009965
11,393435,36,0.005258
11,ours-406478,36,0.003796
11,simd-v0,37,0.009965
11,393435,37,0.005258
11,ours-406478,37,0.003786
11,KACTL,37,0.067411
11,393435,38,0.005258
11,ours-406478,38,0.003775
11,KACTL,38,0.067322
11,simd-v0,38,0.009985
11,ours-406478,39,0.003776
11,KACTL,39,0.067362
11,simd-v0,39,0.009985
11,393435,39,0.005258
11,KACTL,40,0.067391
11,simd-v0,40,0.009955
11,393435,40,0.005278
11,ours-406478,40,0.003786
11,simd-v0,41,0.009965
11,393435,41,0.005258
11,ours-406478,41,0.003776
11,KACTL,41,0.067442
11,393435,42,0.005238
11,ours-406478,42,0.003766
11,KACTL,42,0.067441
11,simd-v0,42,0.009965
11,ours-406478,43,0.003795
11,KACTL,43,0.067512
11,simd-v0,43,0.009975
11,393435,43,0.010616
11,KACTL,44,0.067331
11,simd-v0,44,0.009955
11,393435,44,0.005258
11,ours-406478,44,0.003786
11,simd-v0,45,0.009955
11,393435,45,0.005258
11,ours-406478,45,0.003786
11,KACTL,45,0.067422
11,393435,46,0.005248
11,ours-406478,46,0.003766
11,KACTL,46,0.067421
11,simd-v0,46,0.009965
11,ours-406478,47,0.003775
11,KACTL,47,0.067442
11,simd-v0,47,0.009965
11,393435,47,0.005248
11,KACTL,48,0.067451
11,simd-v0,48,0.009945
11,393435,48,0.005258
11,ours-406478,48,0.003786
11,simd-v0,49,0.009965
11,393435,49,0.005268
11,ours-406478,49,0.003785
11,KACTL,49,0.067412
11,393435,50,0.005268
11,ours-406478,50,0.003786
11,KACTL,50,0.067512
11,simd-v0,50,0.009975
11,ours-406478,51,0.003775
11,KACTL,51,0.067432
11,simd-v0,51,0.009975
11,393435,51,0.005268
11,KACTL,52,0.067421
11,simd-v0,52,0.009945
11,393435,52,0.005268
11,ours-406478,52,0.003786
11,simd-v0,53,0.009955
11,393435,53,0.005238
11,ours-406478,53,0.003785
11,KACTL,53,0.067502
11,393435,54,0.005258
11,ours-406478,54,0.003776
11,KACTL,54,0.067352
11,simd-v0,54,0.009935
11,ours-406478,55,0.003786
11,KACTL,55,0.072689
11,simd-v0,55,0.009935
11,393435,55,0.005258
11,KACTL,56,0.067332
11,simd-v0,56,0.009945
11,393435,56,0.005258
11,ours-406478,56,0.003775
11,simd-v0,57,0.009945
11,393435,57,0.005257
11,ours-406478,57,0.003786
11,KACTL,57,0.067351
11,393435,58,0.005248
11,ours-406478,58,0.003776
11,KACTL,58,0.067401
11,simd-v0,58,0.009935
11,ours-406478,59,0.003785
11,KACTL,59,0.067502
11,simd-v0,59,0.009975
11,393435,59,0.005258
11,KACTL,60,0.067431
11,simd-v0,60,0.009945
11,393435,60,0.005258
11,ours-406478,60,0.003786
11,simd-v0,61,0.009945
11,393435,61,0.005258
11,ours-406478,61,0.003775
11,KACTL,61,0.067341
11,393435,62,0.005268
11,ours-406478,62,0.003776
11,KACTL,62,0.067362
11,simd-v0,62,0.009955
11,ours-406478,63,0.003786
11,KACTL,63,0.067351
11,simd-v0,63,0.009955
11,393435,63,0.005258
11,KACTL,64,0.067391
11,simd-v0,64,0.009945
11,393435,64,0.005248
11,ours-406478,64,0.003786
11,simd-v0,65,0.009965
11,393435,65,0.005248
11,ours-406478,65,0.003776
11,KACTL,65,0.067371
11,393435,66,0.005258
11,ours-406478,66,0.003776
11,KACTL,66,0.072569
11,simd-v0,66,0.009925
11,ours-406478,67,0.003775
11,KACTL,67,0.067482
11,simd-v0,67,0.009965
11,393435,67,0.005248
11,KACTL,68,0.067401
11,simd-v0,68,0.009955
11,393435,68,0.005278
11,ours-406478,68,0.003796
11,simd-v0,69,0.009955
11,393435,69,0.005238
11,ours-406478,69,0.003785
11,KACTL,69,0.067362
11,393435,70,0.005258
11,ours-406478,70,0.003776
11,KACTL,70,0.067352
11,simd-v0,70,0.009995
11,ours-406478,71,0.003786
11,KACTL,71,0.067561
11,simd-v0,71,0.009985
11,393435,71,0.005248
11,KACTL,72,0.067342
11,simd-v0,72,0.009975
11,393435,72,0.005248
11,ours-406478,72,0.003795
11,simd-v0,73,0.009945
11,393435,73,0.005258
11,ours-406478,73,0.003786
11,KACTL,73,0.067521
11,393435,74,0.005248
11,ours-406478,74,0.003765
11,KACTL,74,0.067442
11,simd-v0,74,0.009975
11,ours-406478,75,0.003786
11,KACTL,75,0.067381
11,simd-v0,75,0.009975
11,393435,75,0.005268
11,KACTL,76,0.067432
11,simd-v0,76,0.009935
11,393435,76,0.005238
11,ours-406478,76,0.003785
11,simd-v0,77,0.009965
11,393435,77,0.005258
11,ours-406478,77,0.003786
11,KACTL,77,0.074452
11,393435,78,0.005258
11,ours-406478,78,0.003786
11,KACTL,78,0.067491
11,simd-v0,78,0.009935
11,ours-406478,79,0.003775
11,KACTL,79,0.067362
11,simd-v0,79,0.009975
11,393435,79,0.005258
11,KACTL,80,0.067401
11,simd-v0,80,0.009935
11,393435,80,0.005258
11,ours-406478,80,0.003786
11,simd-v0,81,0.009935
11,393435,81,0.005248
11,ours-406478,81,0.003785
11,KACTL,81,0.067382
11,393435,82,0.005258
11,ours-406478,82,0.003775
11,KACTL,82,0.067372
11,simd-v0,82,0.009975
11,ours-406478,83,0.003796
11,KACTL,83,0.067432
11,simd-v0,83,0.009955
11,393435,83,0.005268
11,KACTL,84,0.067502
11,simd-v0,84,0.009945
11,393435,84,0.005268
11,ours-406478,84,0.003805
11,simd-v0,85,0.009925
11,393435,85,0.005258
11,ours-406478,85,0.003776
11,KACTL,85,0.067391
11,393435,86,0.005248
11,ours-406478,86,0.003766
11,KACTL,86,0.067462
11,simd-v0,86,0.009945
11,ours-406478,87,0.003786
11,KACTL,87,0.067382
11,simd-v0,87,0.009965
11,393435,87,0.005268
11,KACTL,88,0.067411
11,simd-v0,88,0.009955
11,393435,88,0.005258
11,ours-406478,88,0.003786
11,simd-v0,89,0.015072
11,393435,89,0.005258
11,ours-406478,89,0.003785
11,KACTL,89,0.067432
11,393435,90,0.005258
11,ours-406478,90,0.003776
11,KACTL,90,0.067442
11,simd-v0,90,0.009965
11,ours-406478,91,0.003786
11,KACTL,91,0.067532
11,simd-v0,91,0.009945
11,393435,91,0.005268
11,KACTL,92,0.067381
11,simd-v0,92,0.009955
11,393435,92,0.005248
11,ours-406478,92,0.003786
11,simd-v0,93,0.009985
11,393435,93,0.005268
11,ours-406478,93,0.003785
11,KACTL,93,0.067372
11,393435,94,0.005258
11,ours-406478,94,0.003776
11,KACTL,94,0.067422
11,simd-v0,94,0.009965
11,ours-406478,95,0.003776
11,KACTL,95,0.067521
11,simd-v0,95,0.009965
11,393435,95,0.005248
11,KACTL,96,0.067442
11,simd-v0,96,0.009975
11,393435,96,0.005248
11,ours-406478,96,0.003796
11,simd-v0,97,0.009945
11,393435,97,0.005248
11,ours-406478,97,0.003785
11,KACTL,97,0.067412
11,393435,98,0.005258
11,ours-406478,98,0.003775
11,KACTL,98,0.067342
11,simd-v0,98,0.009945
11,ours-406478,99,0.003776
11,KACTL,99,0.067372
11,simd-v0,99,0.009945
11,393435,99,0.005258
11,KACTL,100,0.072559
11,simd-v0,100,0.009935
11,393435,100,0.005237
11,ours-406478,100,0.003786
11,simd-v0,101,0.009925
11,393435,101,0.005248
11,ours-406478,101,0.003785
11,KACTL,101,0.067382
11,393435,102,0.005248
11,ours-406478,102,0.003776
11,KACTL,102,0.067352
11,simd-v0,102,0.009945
11,ours-406478,103,0.003776
11,KACTL,103,0.067361
11,simd-v0,103,0.009965
11,393435,103,0.005258
11,KACTL,104,0.067372
11,simd-v0,104,0.009925
11,393435,104,0.005258
11,ours-406478,104,0.003786
11,simd-v0,105,0.009965
11,393435,105,0.005248
11,ours-406478,105,0.003796
11,KACTL,105,0.067352
11,393435,106,0.005258
11,ours-406478,106,0.003775
11,KACTL,106,0.067332
11,simd-v0,106,0.009965
11,ours-406478,107,0.003786
11,KACTL,107,0.067362
11,simd-v0,107,0.009945
11,393435,107,0.005248
11,KACTL,108,0.067431
11,simd-v0,108,0.009955
11,393435,108,0.005248
11,ours-406478,108,0.003796
11,simd-v0,109,0.009975
11,393435,109,0.005248
11,ours-406478,109,0.003786
11,KACTL,109,0.067442
11,393435,110,0.005248
11,ours-406478,110,0.003766
11,KACTL,110,0.067381
11,simd-v0,110,0.009975
11,ours-406478,111,0.003785
11,KACTL,111,0.072800
11,simd-v0,111,0.009975
11,393435,111,0.005248
11,KACTL,112,0.067371
11,simd-v0,112,0.009945
11,393435,112,0.005258
11,ours-406478,112,0.003786
11,simd-v0,113,0.009945
11,393435,113,0.005248
11,ours-406478,113,0.003775
11,KACTL,113,0.067362
11,393435,114,0.005258
11,ours-406478,114,0.003786
11,KACTL,114,0.067352
11,simd-v0,114,0.009986
11,ours-406478,115,0.003776
11,KACTL,115,0.067411
11,simd-v0,115,0.009945
11,393435,115,0.005238
11,KACTL,116,0.067362
11,simd-v0,116,0.009935
11,393435,116,0.005238
11,ours-406478,116,0.003776
11,simd-v0,117,0.009925
11,393435,117,0.005258
11,ours-406478,117,0.003786
11,KACTL,117,0.067392
11,393435,118,0.005247
11,ours-406478,118,0.003776
11,KACTL,118,0.067481
11,simd-v0,118,0.009955
11,ours-406478,119,0.003765
11,KACTL,119,0.067512
11,simd-v0,119,0.009965
11,393435,119,0.005248
11,KACTL,120,0.068823
11,simd-v0,120,0.009945
11,393435,120,0.005238
11,ours-406478,120,0.003776
11,simd-v0,121,0.009955
11,393435,121,0.005258
11,ours-406478,121,0.003796
11,KACTL,121,0.067362
11,393435,122,0.005248
11,ours-406478,122,0.003776
11,KACTL,122,0.072580
11,simd-v0,122,0.009975
11,ours-406478,123,0.003776
11,KACTL,123,0.067351
11,simd-v0,123,0.009965
11,393435,123,0.005258
11,KACTL,124,0.067382
11,simd-v0,124,0.009925
11,393435,124,0.005258
11,ours-406478,124,0.003785
11,simd-v0,125,0.009965
11,393435,125,0.005248
11,ours-406478,125,0.003776
11,KACTL,125,0.067341
11,393435,126,0.005268
11,ours-406478,126,0.003776
11,KACTL,126,0.067492
11,simd-v0,126,0.009975
11,ours-406478,127,0.003776
11,KACTL,127,0.067422
11,simd-v0,127,0.009965
11,393435,127,0.005268
11,KACTL,128,0.067391
11,simd-v0,128,0.009935
11,393435,128,0.005258
11,ours-406478,128,0.003796
11,simd-v0,129,0.009924
11,393435,129,0.005248
11,ours-406478,129,0.003785
11,KACTL,129,0.067492
11,393435,130,0.005247
11,ours-406478,130,0.003776
11,KACTL,130,0.067411
11,simd-v0,130,0.009945
11,ours-406478,131,0.003776
11,KACTL,131,0.067361
11,simd-v0,131,0.009965
11,393435,131,0.005238
11,KACTL,132,0.067522
11,simd-v0,132,0.009965
11,393435,132,0.005258
11,ours-406478,132,0.003776
11,simd-v0,133,0.009955
11,393435,133,0.005258
11,ours-406478,133,0.003785
11,KACTL,133,0.067412
11,393435,134,0.005258
11,ours-406478,134,0.009184
11,KACTL,134,0.067402
11,simd-v0,134,0.009995
11,ours-406478,135,0.003786
11,KACTL,135,0.067431
11,simd-v0,135,0.009945
11,393435,135,0.005258
11,KACTL,136,0.067372
11,simd-v0,136,0.009965
11,393435,136,0.005258
11,ours-406478,136,0.003785
11,simd-v0,137,0.009955
11,393435,137,0.005248
11,ours-406478,137,0.003816
11,KACTL,137,0.067521
11,393435,138,0.005248
11,ours-406478,138,0.003785
11,KACTL,138,0.067482
11,simd-v0,138,0.009955
11,ours-406478,139,0.003776
11,KACTL,139,0.067381
11,simd-v0,139,0.009965
11,393435,139,0.005258
11,KACTL,140,0.067392
11,simd-v0,140,0.009955
11,393435,140,0.005258
11,ours-406478,140,0.003786
11,simd-v0,141,0.009955
11,393435,141,0.005248
11,ours-406478,141,0.003776
11,KACTL,141,0.067462
11,393435,142,0.005248
11,ours-406478,142,0.003776
11,KACTL,142,0.067421
11,simd-v0,142,0.009985
11,ours-406478,143,0.003785
11,KACTL,143,0.067382
11,simd-v0,143,0.009995
11,393435,143,0.005258
11,KACTL,144,0.067421
11,simd-v0,144,0.009935
11,393435,144,0.005268
11,ours-406478,144,0.003796
11,simd-v0,145,0.009955
11,393435,145,0.005258
11,ours-406478,145,0.003785
11,KACTL,145,0.072499
11,393435,146,0.005248
11,ours-406478,146,0.003775
11,KACTL,146,0.067442
11,simd-v0,146,0.009955
11,ours-406478,147,0.003786
11,KACTL,147,0.067432
11,simd-v0,147,0.009975
11,393435,147,0.005248
11,KACTL,148,0.067482
11,simd-v0,148,0.009985
11,393435,148,0.005247
11,ours-406478,148,0.003786
11,simd-v0,149,0.009955
11,393435,149,0.005258
11,ours-406478,149,0.003785
11,KACTL,149,0.067452
11,393435,150,0.005238
11,ours-406478,150,0.003776
11,KACTL,150,0.067402
11,simd-v0,150,0.009955
11,ours-406478,151,0.003786
11,KACTL,151,0.067381
11,simd-v0,151,0.009965
11,393435,151,0.005247
11,KACTL,152,0.067382
11,simd-v0,152,0.009975
11,393435,152,0.005258
11,ours-406478,152,0.003775
11,simd-v0,153,0.009965
11,393435,153,0.005268
11,ours-406478,153,0.003776
11,KACTL,153,0.067371
11,393435,154,0.005248
11,ours-406478,154,0.003766
11,KACTL,154,0.067351
11,simd-v0,154,0.009965
11,ours-406478,155,0.003785
11,KACTL,155,0.067392
11,simd-v0,155,0.009945
11,393435,155,0.005268
11,KACTL,156,0.072629
11,simd-v0,156,0.009925
11,393435,156,0.005257
11,ours-406478,156,0.003796
11,simd-v0,157,0.009955
11,393435,157,0.005238
11,ours-406478,157,0.003785
11,KACTL,157,0.067542
11,393435,158,0.005247
11,ours-406478,158,0.003776
11,KACTL,158,0.067531
11,simd-v0,158,0.009935
11,ours-406478,159,0.003785
11,KACTL,159,0.067482
11,simd-v0,159,0.009985
11,393435,159,0.005258
11,KACTL,160,0.067341
11,simd-v0,160,0.009975
11,393435,160,0.005268
11,ours-406478,160,0.003796
11,simd-v0,161,0.009985
11,393435,161,0.005258
11,ours-406478,161,0.003785
11,KACTL,161,0.067362
11,393435,162,0.005268
11,ours-406478,162,0.003775
11,KACTL,162,0.067402
11,simd-v0,162,0.009955
11,ours-406478,163,0.003786
11,KACTL,163,0.067491
11,simd-v0,163,0.009945
11,393435,163,0.005258
11,KACTL,164,0.067402
11,simd-v0,164,0.009945
11,393435,164,0.005258
11,ours-406478,164,0.003785
11,simd-v0,165,0.009975
11,393435,165,0.005248
11,ours-406478,165,0.003786
11,KACTL,165,0.067431
11,393435,166,0.005258
11,ours-406478,166,0.003776
11,KACTL,166,0.067411
11,simd-v0,166,0.009955
11,ours-406478,167,0.003795
11,KACTL,167,0.067392
11,simd-v0,167,0.015474
11,393435,167,0.005258
11,KACTL,168,0.082945
11,simd-v0,168,0.015173
11,393435,168,0.006549
11,ours-406478,168,0.005128
11,simd-v0,169,0.013630
11,393435,169,0.007772
11,ours-406478,169,0.005048
11,KACTL,169,0.073470
11,393435,170,0.005268
11,ours-406478,170,0.003765
11,KACTL,170,0.067382
11,simd-v0,170,0.009955
11,ours-406478,171,0.003786
11,KACTL,171,0.067372
11,simd-v0,171,0.009975
11,393435,171,0.005258
11,KACTL,172,0.067522
11,simd-v0,172,0.009945
11,393435,172,0.005258
11,ours-406478,172,0.003796
11,simd-v0,173,0.009975
11,393435,173,0.005238
11,ours-406478,173,0.003806
11,KACTL,173,0.069926
11,393435,174,0.005257
11,ours-406478,174,0.005899
11,KACTL,174,0.067401
11,simd-v0,174,0.009975
11,ours-406478,175,0.003775
11,KACTL,175,0.067412
11,simd-v0,175,0.009945
11,393435,175,0.005268
11,KACTL,176,0.067461
11,simd-v0,176,0.009965
11,393435,176,0.005258
11,ours-406478,176,0.003796
11,simd-v0,177,0.009995
11,393435,177,0.005268
11,ours-406478,177,0.003796
11,KACTL,177,0.067402
11,393435,178,0.005248
11,ours-406478,178,0.003766
11,KACTL,178,0.072669
11,simd-v0,178,0.009975
11,ours-406478,179,0.003775
11,KACTL,179,0.067401
11,simd-v0,179,0.009955
11,393435,179,0.005268
11,KACTL,180,0.067382
11,simd-v0,180,0.009925
11,393435,180,0.005248
11,ours-406478,180,0.003776
11,simd-v0,181,0.009985
11,393435,181,0.005248
11,ours-406478,181,0.003786
11,KACTL,181,0.067371
11,393435,182,0.005258
11,ours-406478,182,0.003765
11,KACTL,182,0.067331
11,simd-v0,182,0.009925
11,ours-406478,183,0.003765
11,KACTL,183,0.067402
11,simd-v0,183,0.009945
11,393435,183,0.005248
11,KACTL,184,0.067411
11,simd-v0,184,0.009955
11,393435,184,0.005257
11,ours-406478,184,0.003796
11,simd-v0,185,0.009986
11,393435,185,0.005258
11,ours-406478,185,0.003785
11,KACTL,185,0.067382
11,393435,186,0.005268
11,ours-406478,186,0.003776
11,KACTL,186,0.067502
11,simd-v0,186,0.009955
11,ours-406478,187,0.003786
11,KACTL,187,0.067391
11,simd-v0,187,0.009985
11,393435,187,0.005248
11,KACTL,188,0.067412
11,simd-v0,188,0.009945
11,393435,188,0.005258
11,ours-406478,188,0.003785
11,simd-v0,189,0.009975
11,393435,189,0.005238
11,ours-406478,189,0.003796
11,KACTL,189,0.072609
11,393435,190,0.005238
11,ours-406478,190,0.003796
11,KACTL,190,0.067311
11,simd-v0,190,0.009955
11,ours-406478,191,0.003776
11,KACTL,191,0.067341
11,simd-v0,191,0.009905
11,393435,191,0.005238
11,KACTL,192,0.067412
11,simd-v0,192,0.009935
11,393435,192,0.005258
11,ours-406478,192,0.003786
11,simd-v0,193,0.009975
11,393435,193,0.005258
11,ours-406478,193,0.003796
11,KACTL,193,0.067332
11,393435,194,0.005247
11,ours-406478,194,0.003776
11,KACTL,194,0.067522
11,simd-v0,194,0.009945
11,ours-406478,195,0.003775
11,KACTL,195,0.067422
11,simd-v0,195,0.009925
11,393435,195,0.005258
11,KACTL,196,0.067382
11,simd-v0,196,0.009905
11,393435,196,0.005258
11,ours-406478,196,0.003785
11,simd-v0,197,0.009945
11,393435,197,0.005248
11,ours-406478,197,0.003776
11,KACTL,197,0.067421
11,393435,198,0.005258
11,ours-406478,198,0.003776
11,KACTL,198,0.067492
11,simd-v0,198,0.009935
11,ours-406478,199,0.003786
11,KACTL,199,0.067372
11,simd-v0,199,0.009966
11,393435,199,0.005258
11,KACTL,200,0.067361
11,simd-v0,200,0.009935
11,393435,200,0.005247
11,ours-406478,200,0.003776
11,simd-v0,201,0.009945
11,393435,201,0.010386
11,ours-406478,201,0.003786
11,KACTL,201,0.067361
11,393435,202,0.005258
11,ours-406478,202,0.003785
11,KACTL,202,0.067502
11,simd-v0,202,0.009955
11,ours-406478,203,0.003786
11,KACTL,203,0.067422
11,simd-v0,203,0.009935
11,393435,203,0.005238
11,KACTL,204,0.067361
11,simd-v0,204,0.009965
11,393435,204,0.005258
11,ours-406478,204,0.003786
11,simd-v0,205,0.009955
11,393435,205,0.005258
11,ours-406478,205,0.003786
11,KACTL,205,0.067362
11,393435,206,0.005238
11,ours-406478,206,0.003766
11,KACTL,206,0.067402
11,simd-v0,206,0.009935
11,ours-406478,207,0.003776
11,KACTL,207,0.067411
11,simd-v0,207,0.009955
11,393435,207,0.005248
11,KACTL,208,0.067402
11,simd-v0,208,0.009965
11,393435,208,0.005258
11,ours-406478,208,0.003785
11,simd-v0,209,0.009965
11,393435,209,0.005247
11,ours-406478,209,0.003786
11,KACTL,209,0.067361
11,393435,210,0.005248
11,ours-406478,210,0.003776
11,KACTL,210,0.067381
11,simd-v0,210,0.009945
11,ours-406478,211,0.003785
11,KACTL,211,0.067351
11,simd-v0,211,0.009965
11,393435,211,0.005248
11,KACTL,212,0.072630
11,simd-v0,212,0.009935
11,393435,212,0.005258
11,ours-406478,212,0.003775
11,simd-v0,213,0.009975
11,393435,213,0.005248
11,ours-406478,213,0.003786
11,KACTL,213,0.067451
11,393435,214,0.005248
11,ours-406478,214,0.003775
11,KACTL,214,0.067452
11,simd-v0,214,0.009955
11,ours-406478,215,0.003786
11,KACTL,215,0.067342
11,simd-v0,215,0.009955
11,393435,215,0.005258
11,KACTL,216,0.067401
11,simd-v0,216,0.009935
11,393435,216,0.005258
11,ours-406478,216,0.003776
11,simd-v0,217,0.009935
11,393435,217,0.005248
11,ours-406478,217,0.003786
11,KACTL,217,0.067412
11,393435,218,0.005278
11,ours-406478,218,0.003776
11,KACTL,218,0.067462
11,simd-v0,218,0.009975
11,ours-406478,219,0.003796
11,KACTL,219,0.067411
11,simd-v0,219,0.009995
11,393435,219,0.005238
11,KACTL,220,0.067372
11,simd-v0,220,0.009965
11,393435,220,0.005258
11,ours-406478,220,0.003796
11,simd-v0,221,0.009955
11,393435,221,0.005248
11,ours-406478,221,0.003786
11,KACTL,221,0.067371
11,393435,222,0.005258
11,ours-406478,222,0.003775
11,KACTL,222,0.067392
11,simd-v0,222,0.009955
11,ours-406478,223,0.003786
11,KACTL,223,0.072500
11,simd-v0,223,0.009955
11,393435,223,0.005248
11,KACTL,224,0.067501
11,simd-v0,224,0.009955
11,393435,224,0.005268
11,ours-406478,224,0.003786
11,simd-v0,225,0.009965
11,393435,225,0.005278
11,ours-406478,225,0.003796
11,KACTL,225,0.067432
11,393435,226,0.005237
11,ours-406478,226,0.003766
11,KACTL,226,0.067362
11,simd-v0,226,0.009995
11,ours-406478,227,0.003776
11,KACTL,227,0.067371
11,simd-v0,227,0.009985
11,393435,227,0.005278
11,KACTL,228,0.067372
11,simd-v0,228,0.009955
11,393435,228,0.005258
11,ours-406478,228,0.003795
11,simd-v0,229,0.009985
11,393435,229,0.005258
11,ours-406478,229,0.003786
11,KACTL,229,0.067391
11,393435,230,0.005248
11,ours-406478,230,0.003786
11,KACTL,230,0.067381
11,simd-v0,230,0.009955
11,ours-406478,231,0.003775
11,KACTL,231,0.067382
11,simd-v0,231,0.009975
11,393435,231,0.005258
11,KACTL,232,0.068654
11,simd-v0,232,0.009915
11,393435,232,0.005278
11,ours-406478,232,0.003806
11,simd-v0,233,0.009955
11,393435,233,0.005258
11,ours-406478,233,0.003776
11,KACTL,233,0.067482
11,393435,234,0.005268
11,ours-406478,234,0.003766
11,KACTL,234,0.067331
11,simd-v0,234,0.015273
11,ours-406478,235,0.003785
11,KACTL,235,0.067422
11,simd-v0,235,0.009955
11,393435,235,0.005248
11,KACTL,236,0.067311
11,simd-v0,236,0.009955
11,393435,236,0.005228
11,ours-406478,236,0.003786
11,simd-v0,237,0.009985
11,393435,237,0.005238
11,ours-406478,237,0.003785
11,KACTL,237,0.067271
11,393435,238,0.005248
11,ours-406478,238,0.003765
11,KACTL,238,0.067412
11,simd-v0,238,0.009965
11,ours-406478,239,0.003786
11,KACTL,239,0.067362
11,simd-v0,239,0.009955
11,393435,239,0.005258
11,KACTL,240,0.067301
11,simd-v0,240,0.009935
11,393435,240,0.005248
11,ours-406478,240,0.003786
11,simd-v0,241,0.009985
11,393435,241,0.005258
11,ours-406478,241,0.003785
11,KACTL,241,0.067382
11,393435,242,0.005258
11,ours-406478,242,0.003786
11,KACTL,242,0.067322
11,simd-v0,242,0.009955
11,ours-406478,243,0.003786
11,KACTL,243,0.067342
11,simd-v0,243,0.009975
11,393435,243,0.005248
11,KACTL,244,0.067391
11,simd-v0,244,0.009935
11,393435,244,0.005248
11,ours-406478,244,0.003796
11,simd-v0,245,0.009955
11,393435,245,0.005258
11,ours-406478,245,0.003786
11,KACTL,245,0.067382
11,393435,246,0.005247
11,ours-406478,246,0.003776
11,KACTL,246,0.072679
11,simd-v0,246,0.009965
11,ours-406478,247,0.003776
11,KACTL,247,0.067331
11,simd-v0,247,0.009955
11,393435,247,0.005248
11,KACTL,248,0.067332
11,simd-v0,248,0.009905
11,393435,248,0.005268
11,ours-406478,248,0.003786
11,simd-v0,249,0.009955
11,393435,249,0.005247
11,ours-406478,249,0.003796
11,KACTL,249,0.067342
11,393435,250,0.005258
11,ours-406478,250,0.003776
11,KACTL,250,0.067351
11,simd-v0,250,0.009935
11,ours-406478,251,0.003786
11,KACTL,251,0.067351
11,simd-v0,251,0.009965
11,393435,251,0.005238
11,KACTL,252,0.067392
11,simd-v0,252,0.009935
11,393435,252,0.005248
11,ours-406478,252,0.003785
11,simd-v0,253,0.009965
11,393435,253,0.005258
11,ours-406478,253,0.003786
11,KACTL,253,0.067321
11,393435,254,0.005248
11,ours-406478,254,0.003766
11,KACTL,254,0.067311
11,simd-v0,254,0.009975
11,ours-406478,255,0.003786
11,KACTL,255,0.067411
11,simd-v0,255,0.009955
11,393435,255,0.005268
11,KACTL,256,0.067362
11,simd-v0,256,0.009925
11,393435,256,0.005248
11,ours-406478,256,0.003786
11,simd-v0,257,0.009965
11,393435,257,0.005277
11,ours-406478,257,0.003786
11,KACTL,257,0.073170
11,393435,258,0.005248
11,ours-406478,258,0.003766
11,KACTL,258,0.067331
11,simd-v0,258,0.009955
11,ours-406478,259,0.003776
11,KACTL,259,0.067311
11,simd-v0,259,0.009975
11,393435,259,0.005267
11,KACTL,260,0.067432
11,simd-v0,260,0.009935
11,393435,260,0.005248
11,ours-406478,260,0.003785
11,simd-v0,261,0.009955
11,393435,261,0.005248
11,ours-406478,261,0.003786
11,KACTL,261,0.067331
11,393435,262,0.005238
11,ours-406478,262,0.003776
11,KACTL,262,0.067381
11,simd-v0,262,0.009935
11,ours-406478,263,0.003775
11,KACTL,263,0.067452
11,simd-v0,263,0.009995
11,393435,263,0.005268
11,KACTL,264,0.067351
11,simd-v0,264,0.009935
11,393435,264,0.005248
11,ours-406478,264,0.003786
11,simd-v0,265,0.009925
11,393435,265,0.005248
11,ours-406478,265,0.003786
11,KACTL,265,0.067371
11,393435,266,0.005268
11,ours-406478,266,0.003755
11,KACTL,266,0.067322
11,simd-v0,266,0.009945
11,ours-406478,267,0.003766
11,KACTL,267,0.067442
11,simd-v0,267,0.009965
11,393435,267,0.005248
11,KACTL,268,0.067311
11,simd-v0,268,0.016825
11,393435,268,0.005258
11,ours-406478,268,0.003785
11,simd-v0,269,0.009955
11,393435,269,0.005248
11,ours-406478,269,0.003786
11,KACTL,269,0.067461
11,393435,270,0.005238
11,ours-406478,270,0.003775
11,KACTL,270,0.067432
11,simd-v0,270,0.009965
11,ours-406478,271,0.003786
11,KACTL,271,0.067472
11,simd-v0,271,0.009955
11,393435,271,0.005248
11,KACTL,272,0.067462
11,simd-v0,272,0.009935
11,393435,272,0.005248
11,ours-406478,272,0.003796
11,simd-v0,273,0.009975
11,393435,273,0.005268
11,ours-406478,273,0.003796
11,KACTL,273,0.067452
11,393435,274,0.005268
11,ours-406478,274,0.003776
11,KACTL,274,0.067552
11,simd-v0,274,0.009955
11,ours-406478,275,0.003776
11,KACTL,275,0.067442
11,simd-v0,275,0.009965
11,393435,275,0.005278
11,KACTL,276,0.067561
11,simd-v0,276,0.009935
11,393435,276,0.005248
11,ours-406478,276,0.003796
11,simd-v0,277,0.009995
11,393435,277,0.005248
11,ours-406478,277,0.003796
11,KACTL,277,0.067492
11,393435,278,0.005248
11,ours-406478,278,0.003786
11,KACTL,278,0.067451
11,simd-v0,278,0.009965
11,ours-406478,279,0.003785
11,KACTL,279,0.067512
11,simd-v0,279,0.009945
11,393435,279,0.005268
11,KACTL,280,0.072789
11,simd-v0,280,0.009995
11,393435,280,0.005258
11,ours-406478,280,0.003785
11,simd-v0,281,0.009935
11,393435,281,0.005288
11,ours-406478,281,0.003786
11,KACTL,281,0.067561
11,393435,282,0.005268
11,ours-406478,282,0.003755
11,KACTL,282,0.067652
11,simd-v0,282,0.009985
11,ours-406478,283,0.003796
11,KACTL,283,0.067532
11,simd-v0,283,0.009955
11,393435,283,0.005268
11,KACTL,284,0.067501
11,simd-v0,284,0.009955
11,393435,284,0.005258
11,ours-406478,284,0.003796
11,simd-v0,285,0.009965
11,393435,285,0.005278
11,ours-406478,285,0.003796
11,KACTL,285,0.067622
11,393435,286,0.005238
11,ours-406478,286,0.003776
11,KACTL,286,0.067472
11,simd-v0,286,0.009975
11,ours-406478,287,0.003796
11,KACTL,287,0.067512
11,simd-v0,287,0.009975
11,393435,287,0.005278
11,KACTL,288,0.067492
11,simd-v0,288,0.010006
11,393435,288,0.005278
11,ours-406478,288,0.003796
11,simd-v0,289,0.009965
11,393435,289,0.005258
11,ours-406478,289,0.003786
11,KACTL,289,0.067502
11,393435,290,0.005248
11,ours-406478,290,0.003766
11,KACTL,290,0.067622
11,simd-v0,290,0.010015
11,ours-406478,291,0.003765
11,KACTL,291,0.072990
11,simd-v0,291,0.009965
11,393435,291,0.005257
11,KACTL,292,0.067452
11,simd-v0,292,0.009935
11,393435,292,0.005258
11,ours-406478,292,0.003805
11,simd-v0,293,0.009955
11,393435,293,0.005268
11,ours-406478,293,0.003786
11,KACTL,293,0.067441
11,393435,294,0.005268
11,ours-406478,294,0.003775
11,KACTL,294,0.067312
11,simd-v0,294,0.009935
11,ours-406478,295,0.003776
11,KACTL,295,0.067562
11,simd-v0,295,0.009955
11,393435,295,0.005248
11,KACTL,296,0.067532
11,simd-v0,296,0.009955
11,393435,296,0.005258
11,ours-406478,296,0.003785
11,simd-v0,297,0.009975
11,393435,297,0.005258
11,ours-406478,297,0.003806
11,KACTL,297,0.067481
11,393435,298,0.005268
11,ours-406478,298,0.003765
11,KACTL,298,0.067432
11,simd-v0,298,0.009975
11,ours-406478,299,0.003776
11,KACTL,299,0.067392
11,simd-v0,299,0.009945
11,393435,299,0.005248
11,KACTL,300,0.067442
11,simd-v0,300,0.009935
11,393435,300,0.005258
11,ours-406478,300,0.003776
11,simd-v0,301,0.009965
11,393435,301,0.005248
11,ours-406478,301,0.003796
11,KACTL,301,0.067472
11,393435,302,0.005258
11,ours-406478,302,0.003776
11,KACTL,302,0.072609
11,simd-v0,302,0.009975
11,ours-406478,303,0.003775
11,KACTL,303,0.067462
11,simd-v0,303,0.009976
11,393435,303,0.005268
11,KACTL,304,0.067361
11,simd-v0,304,0.009955
11,393435,304,0.005248
11,ours-406478,304,0.003776
11,simd-v0,305,0.009965
11,393435,305,0.005268
11,ours-406478,305,0.003776
11,KACTL,305,0.067432
11,393435,306,0.005237
11,ours-406478,306,0.003776
11,KACTL,306,0.067431
11,simd-v0,306,0.009955
11,ours-406478,307,0.003776
11,KACTL,307,0.067472
11,simd-v0,307,0.009955
11,393435,307,0.005258
11,KACTL,308,0.067471
11,simd-v0,308,0.009965
11,393435,308,0.005258
11,ours-406478,308,0.003786
11,simd-v0,309,0.009945
11,393435,309,0.005258
11,ours-406478,309,0.003795
11,KACTL,309,0.067552
11,393435,310,0.005267
11,ours-406478,310,0.003786
11,KACTL,310,0.067481
11,simd-v0,310,0.009965
11,ours-406478,311,0.003795
11,KACTL,311,0.067552
11,simd-v0,311,0.009996
11,393435,311,0.005248
11,KACTL,312,0.067552
11,simd-v0,312,0.009955
11,393435,312,0.005238
11,ours-406478,312,0.003796
11,simd-v0,313,0.009955
11,393435,313,0.005257
11,ours-406478,313,0.003786
11,KACTL,313,0.072729
11,393435,314,0.005248
11,ours-406478,314,0.003775
11,KACTL,314,0.067442
11,simd-v0,314,0.010005
11,ours-406478,315,0.003786
11,KACTL,315,0.067432
11,simd-v0,315,0.009945
11,393435,315,0.005258
11,KACTL,316,0.067442
11,simd-v0,316,0.009935
11,393435,316,0.005238
11,ours-406478,316,0.003796
11,simd-v0,317,0.009975
11,393435,317,0.005248
11,ours-406478,317,0.003785
11,KACTL,317,0.067482
11,393435,318,0.005257
11,ours-406478,318,0.003776
11,KACTL,318,0.067411
11,simd-v0,318,0.009965
11,ours-406478,319,0.003776
11,KACTL,319,0.067421
11,simd-v0,319,0.009985
11,393435,319,0.005268
11,KACTL,320,0.067422
11,simd-v0,320,0.009955
11,393435,320,0.005258
11,ours-406478,320,0.003786
11,simd-v0,321,0.009985
11,393435,321,0.005258
11,ours-406478,321,0.003796
11,KACTL,321,0.067432
11,393435,322,0.005258
11,ours-406478,322,0.003795
11,KACTL,322,0.067512
11,simd-v0,322,0.009995
11,ours-406478,323,0.003786
11,KACTL,323,0.067441
11,simd-v0,323,0.009995
11,393435,323,0.005248
11,KACTL,324,0.067472
11,simd-v0,324,0.009935
11,393435,324,0.005268
11,ours-406478,324,0.003786
11,simd-v0,325,0.016555
11,393435,325,0.005258
11,ours-406478,325,0.003795
11,KACTL,325,0.067572
11,393435,326,0.005258
11,ours-406478,326,0.003786
11,KACTL,326,0.067481
11,simd-v0,326,0.009995
11,ours-406478,327,0.003795
11,KACTL,327,0.067482
11,simd-v0,327,0.009985
11,393435,327,0.005258
11,KACTL,328,0.067381
11,simd-v0,328,0.009925
11,393435,328,0.005248
11,ours-406478,328,0.003786
11,simd-v0,329,0.009955
11,393435,329,0.005268
11,ours-406478,329,0.003796
11,KACTL,329,0.067362
11,393435,330,0.005248
11,ours-406478,330,0.003776
11,KACTL,330,0.067432
11,simd-v0,330,0.009965
11,ours-406478,331,0.003776
11,KACTL,331,0.067502
11,simd-v0,331,0.009955
11,393435,331,0.005258
11,KACTL,332,0.067501
11,simd-v0,332,0.009925
11,393435,332,0.005237
11,ours-406478,332,0.003786
11,simd-v0,333,0.009965
11,393435,333,0.005258
11,ours-406478,333,0.003765
11,KACTL,333,0.067452
11,393435,334,0.005258
11,ours-406478,334,0.003776
11,KACTL,334,0.067402
11,simd-v0,334,0.009945
11,ours-406478,335,0.003786
11,KACTL,335,0.067361
11,simd-v0,335,0.009975
11,393435,335,0.005247
11,KACTL,336,0.072580
11,simd-v0,336,0.009945
11,393435,336,0.005258
11,ours-406478,336,0.003805
11,simd-v0,337,0.009985
11,393435,337,0.005258
11,ours-406478,337,0.003776
11,KACTL,337,0.067491
11,393435,338,0.005248
11,ours-406478,338,0.003785
11,KACTL,338,0.067402
11,simd-v0,338,0.009925
11,ours-406478,339,0.003785
11,KACTL,339,0.067442
11,simd-v0,339,0.009985
11,393435,339,0.005248
11,KACTL,340,0.067451
11,simd-v0,340,0.009985
11,393435,340,0.005258
11,ours-406478,340,0.003796
11,simd-v0,341,0.009945
11,393435,341,0.005248
11,ours-406478,341,0.003786
11,KACTL,341,0.067352
11,393435,342,0.005248
11,ours-406478,342,0.003756
11,KACTL,342,0.067462
11,simd-v0,342,0.009975
11,ours-406478,343,0.003796
11,KACTL,343,0.067542
11,simd-v0,343,0.009935
11,393435,343,0.005258
11,KACTL,344,0.067421
11,simd-v0,344,0.009955
11,393435,344,0.005248
11,ours-406478,344,0.003776
11,simd-v0,345,0.011528
11,393435,345,0.005268
11,ours-406478,345,0.003796
11,KACTL,345,0.067522
11,393435,346,0.005258
11,ours-406478,346,0.003776
11,KACTL,346,0.067421
11,simd-v0,346,0.009985
11,ours-406478,347,0.003785
11,KACTL,347,0.072600
11,simd-v0,347,0.009985
11,393435,347,0.005278
11,KACTL,348,0.067812
11,simd-v0,348,0.009975
11,393435,348,0.005288
11,ours-406478,348,0.003796
11,simd-v0,349,0.009975
11,393435,349,0.005268
11,ours-406478,349,0.003795
11,KACTL,349,0.067522
11,393435,350,0.005258
11,ours-406478,350,0.003776
11,KACTL,350,0.067552
11,simd-v0,350,0.009985
11,ours-406478,351,0.003785
11,KACTL,351,0.067672
11,simd-v0,351,0.009975
11,393435,351,0.005258
11,KACTL,352,0.067492
11,simd-v0,352,0.009955
11,393435,352,0.005278
11,ours-406478,352,0.003805
11,simd-v0,353,0.009945
11,393435,353,0.005248
11,ours-406478,353,0.003786
11,KACTL,353,0.067531
11,393435,354,0.005268
11,ours-406478,354,0.003765
11,KACTL,354,0.067572
11,simd-v0,354,0.010005
11,ours-406478,355,0.003786
11,KACTL,355,0.067491
11,simd-v0,355,0.009975
11,393435,355,0.005258
11,KACTL,356,0.067642
11,simd-v0,356,0.009975
11,393435,356,0.005258
11,ours-406478,356,0.003806
11,simd-v0,357,0.009985
11,393435,357,0.005268
11,ours-406478,357,0.003786
11,KACTL,357,0.067552
11,393435,358,0.005268
11,ours-406478,358,0.003776
11,KACTL,358,0.078568
11,simd-v0,358,0.009995
11,ours-406478,359,0.003786
11,KACTL,359,0.067522
11,simd-v0,359,0.009965
11,393435,359,0.005258
11,KACTL,360,0.067502
11,simd-v0,360,0.009975
11,393435,360,0.005278
11,ours-406478,360,0.003795
11,simd-v0,361,0.009995
11,393435,361,0.005258
11,ours-406478,361,0.003796
11,KACTL,361,0.067532
11,393435,362,0.005268
11,ours-406478,362,0.003796
11,KACTL,362,0.067572
11,simd-v0,362,0.009955
11,ours-406478,363,0.003786
11,KACTL,363,0.067522
11,simd-v0,363,0.009955
11,393435,363,0.005258
11,KACTL,364,0.067501
11,simd-v0,364,0.009955
11,393435,364,0.005278
11,ours-406478,364,0.003786
11,simd-v0,365,0.009975
11,393435,365,0.005258
11,ours-406478,365,0.003796
11,KACTL,365,0.067532
11,393435,366,0.005268
11,ours-406478,366,0.003766
11,KACTL,366,0.067552
11,simd-v0,366,0.009975
11,ours-406478,367,0.003786
11,KACTL,367,0.067622
11,simd-v0,367,0.009995
11,393435,367,0.005257
11,KACTL,368,0.067522
11,simd-v0,368,0.009965
11,393435,368,0.005268
11,ours-406478,368,0.003806
11,simd-v0,369,0.009995
11,393435,369,0.005278
11,ours-406478,369,0.003785
11,KACTL,369,0.072940
11,393435,370,0.005258
11,ours-406478,370,0.003796
11,KACTL,370,0.067481
11,simd-v0,370,0.010035
11,ours-406478,371,0.003776
11,KACTL,371,0.067582
11,simd-v0,371,0.009995
11,393435,371,0.005278
11,KACTL,372,0.067562
11,simd-v0,372,0.009955
11,393435,372,0.005268
11,ours-406478,372,0.003796
11,simd-v0,373,0.010005
11,393435,373,0.005278
11,ours-406478,373,0.003785
11,KACTL,373,0.067582
11,393435,374,0.005268
11,ours-406478,374,0.003786
11,KACTL,374,0.067612
11,simd-v0,374,0.009975
11,ours-406478,375,0.003806
11,KACTL,375,0.067652
11,simd-v0,375,0.009995
11,393435,375,0.005278
11,KACTL,376,0.067602
11,simd-v0,376,0.009985
11,393435,376,0.005288
11,ours-406478,376,0.003806
11,simd-v0,377,0.009975
11,393435,377,0.005258
11,ours-406478,377,0.003796
11,KACTL,377,0.067662
11,393435,378,0.005268
11,ours-406478,378,0.003785
11,KACTL,378,0.067672
11,simd-v0,378,0.009985
11,ours-406478,379,0.003786
11,KACTL,379,0.067612
11,simd-v0,379,0.010015
11,393435,379,0.005268
11,KACTL,380,0.067672
11,simd-v0,380,0.010015
11,393435,380,0.005268
11,ours-406478,380,0.003795
11,simd-v0,381,0.009955
11,393435,381,0.005278
11,ours-406478,381,0.009094
11,KACTL,381,0.067742
11,393435,382,0.005278
11,ours-406478,382,0.003796
11,KACTL,382,0.067712
11,simd-v0,382,0.010015
11,ours-406478,383,0.003796
11,KACTL,383,0.067692
11,simd-v0,383,0.009995
11,393435,383,0.005288
11,KACTL,384,0.067712
11,simd-v0,384,0.009965
11,393435,384,0.005278
11,ours-406478,384,0.003796
11,simd-v0,385,0.010025
11,393435,385,0.005278
11,ours-406478,385,0.003806
11,KACTL,385,0.067772
11,393435,386,0.005268
11,ours-406478,386,0.003796
11,KACTL,386,0.067722
11,simd-v0,386,0.010015
11,ours-406478,387,0.003796
11,KACTL,387,0.067632
11,simd-v0,387,0.010005
11,393435,387,0.005298
11,KACTL,388,0.067823
11,simd-v0,388,0.009975
11,393435,388,0.005278
11,ours-406478,388,0.003815
11,simd-v0,389,0.009995
11,393435,389,0.005278
11,ours-406478,389,0.003806
11,KACTL,389,0.067662
11,393435,390,0.005278
11,ours-406478,390,0.003806
11,KACTL,390,0.067611
11,simd-v0,390,0.010005
11,ours-406478,391,0.003795
11,KACTL,391,0.067702
11,simd-v0,391,0.010015
11,393435,391,0.005288
11,KACTL,392,0.073120
11,simd-v0,392,0.009995
11,393435,392,0.005298
11,ours-406478,392,0.003825
11,simd-v0,393,0.010015
11,393435,393,0.005278
11,ours-406478,393,0.003806
11,KACTL,393,0.067912
11,393435,394,0.005288
11,ours-406478,394,0.003796
11,KACTL,394,0.067822
11,simd-v0,394,0.010025
11,ours-406478,395,0.003815
11,KACTL,395,0.067812
11,simd-v0,395,0.010005
11,393435,395,0.005297
11,KACTL,396,0.067852
11,simd-v0,396,0.010015
11,393435,396,0.005278
11,ours-406478,396,0.003816
11,simd-v0,397,0.010005
11,393435,397,0.005288
11,ours-406478,397,0.003816
11,KACTL,397,0.067892
11,393435,398,0.005268
11,ours-406478,398,0.003806
11,KACTL,398,0.067842
11,simd-v0,398,0.010035
11,ours-406478,399,0.003796
11,KACTL,399,0.067822
11,simd-v0,399,0.010035
11,393435,399,0.005298
11,KACTL,400,0.067852
11,simd-v0,400,0.010015
11,393435,400,0.005298
11,ours-406478,400,0.003806
11,simd-v0,401,0.010015
11,393435,401,0.005278
11,ours-406478,401,0.003816
11,KACTL,401,0.067893
11,393435,402,0.005288
11,ours-406478,402,0.003816
11,KACTL,402,0.067813
11,simd-v0,402,0.010055
11,ours-406478,403,0.003816
11,KACTL,403,0.073040
11,simd-v0,403,0.010016
11,393435,403,0.005298
11,KACTL,404,0.067792
11,simd-v0,404,0.010025
11,393435,404,0.005288
11,ours-406478,404,0.003816
11,simd-v0,405,0.010046
11,393435,405,0.005288
11,ours-406478,405,0.003816
11,KACTL,405,0.067822
11,393435,406,0.005308
11,ours-406478,406,0.003796
11,KACTL,406,0.067893
11,simd-v0,406,0.010055
11,ours-406478,407,0.003806
11,KACTL,407,0.067943
11,simd-v0,407,0.010016
11,393435,407,0.005288
11,KACTL,408,0.067852
11,simd-v0,408,0.010005
11,393435,408,0.005288
11,ours-406478,408,0.003806
11,simd-v0,409,0.010015
11,393435,409,0.005288
11,ours-406478,409,0.003806
11,KACTL,409,0.067793
11,393435,410,0.005288
11,ours-406478,410,0.003806
11,KACTL,410,0.067863
11,simd-v0,410,0.010035
11,ours-406478,411,0.003796
11,KACTL,411,0.067913
11,simd-v0,411,0.010016
11,393435,411,0.005288
11,KACTL,412,0.067822
11,simd-v0,412,0.010005
11,393435,412,0.005298
11,ours-406478,412,0.003806
11,simd-v0,413,0.010036
11,393435,413,0.005288
11,ours-406478,413,0.003796
11,KACTL,413,0.067943
11,393435,414,0.005288
11,ours-406478,414,0.003806
11,KACTL,414,0.072950
11,simd-v0,414,0.010035
11,ours-406478,415,0.003816
11,KACTL,415,0.067843
11,simd-v0,415,0.010025
11,393435,415,0.005288
11,KACTL,416,0.067752
11,simd-v0,416,0.009995
11,393435,416,0.005278
11,ours-406478,416,0.003806
11,simd-v0,417,0.010025
11,393435,417,0.005278
11,ours-406478,417,0.003815
11,KACTL,417,0.067792
11,393435,418,0.005278
11,ours-406478,418,0.003785
11,KACTL,418,0.067802
11,simd-v0,418,0.010025
11,ours-406478,419,0.003795
11,KACTL,419,0.067832
11,simd-v0,419,0.009995
11,393435,419,0.005278
11,KACTL,420,0.067782
11,simd-v0,420,0.010015
11,393435,420,0.005288
11,ours-406478,420,0.003806
11,simd-v0,421,0.010015
11,393435,421,0.005288
11,ours-406478,421,0.003806
11,KACTL,421,0.067782
11,393435,422,0.005278
11,ours-406478,422,0.003796
11,KACTL,422,0.067802
11,simd-v0,422,0.010026
11,ours-406478,423,0.003796
11,KACTL,423,0.067912
11,simd-v0,423,0.010005
11,393435,423,0.005288
11,KACTL,424,0.067722
11,simd-v0,424,0.010025
11,393435,424,0.005278
11,ours-406478,424,0.003816
11,simd-v0,425,0.010045
11,393435,425,0.005278
11,ours-406478,425,0.003806
11,KACTL,425,0.067763
11,393435,426,0.010546
11,ours-406478,426,0.003816
11,KACTL,426,0.067843
11,simd-v0,426,0.009995
11,ours-406478,427,0.003786
11,KACTL,427,0.067823
11,simd-v0,427,0.010035
11,393435,427,0.005278
11,KACTL,428,0.067772
11,simd-v0,428,0.010015
11,393435,428,0.005298
11,ours-406478,428,0.003816
11,simd-v0,429,0.010025
11,393435,429,0.005278
11,ours-406478,429,0.003805
11,KACTL,429,0.067772
11,393435,430,0.005288
11,ours-406478,430,0.003795
11,KACTL,430,0.067952
11,simd-v0,430,0.010025
11,ours-406478,431,0.003816
11,KACTL,431,0.067813
11,simd-v0,431,0.009995
11,393435,431,0.005278
11,KACTL,432,0.067842
11,simd-v0,432,0.009986
11,393435,432,0.005288
11,ours-406478,432,0.003806
11,simd-v0,433,0.010025
11,393435,433,0.005278
11,ours-406478,433,0.003825
11,KACTL,433,0.067862
11,393435,434,0.005288
11,ours-406478,434,0.003785
11,KACTL,434,0.067983
11,simd-v0,434,0.010045
11,ours-406478,435,0.003806
11,KACTL,435,0.067812
11,simd-v0,435,0.010035
11,393435,435,0.005298
11,KACTL,436,0.067802
11,simd-v0,436,0.010025
11,393435,436,0.005278
11,ours-406478,436,0.003816
11,simd-v0,437,0.010056
11,393435,437,0.005298
11,ours-406478,437,0.009013
11,KACTL,437,0.067953
11,393435,438,0.005298
11,ours-406478,438,0.003796
11,KACTL,438,0.067973
11,simd-v0,438,0.010016
11,ours-406478,439,0.003806
11,KACTL,439,0.067972
11,simd-v0,439,0.010055
11,393435,439,0.005318
11,KACTL,440,0.067993
11,simd-v0,440,0.010045
11,393435,440,0.005308
11,ours-406478,440,0.003826
11,simd-v0,441,0.010046
11,393435,441,0.005298
11,ours-406478,441,0.003816
11,KACTL,441,0.067983
11,393435,442,0.005308
11,ours-406478,442,0.003806
11,KACTL,442,0.067933
11,simd-v0,442,0.010056
11,ours-406478,443,0.003816
11,KACTL,443,0.068002
11,simd-v0,443,0.010045
11,393435,443,0.005298
11,KACTL,444,0.068133
11,simd-v0,444,0.010026
11,393435,444,0.005308
11,ours-406478,444,0.003816
11,simd-v0,445,0.010065
11,393435,445,0.005308
11,ours-406478,445,0.003825
11,KACTL,445,0.067973
11,393435,446,0.005308
11,ours-406478,446,0.003806
11,KACTL,446,0.068002
11,simd-v0,446,0.010095
11,ours-406478,447,0.003815
11,KACTL,447,0.067982
11,simd-v0,447,0.010075
11,393435,447,0.005298
11,KACTL,448,0.073240
11,simd-v0,448,0.010065
11,393435,448,0.005328
11,ours-406478,448,0.003836
11,simd-v0,449,0.010105
11,393435,449,0.005318
11,ours-406478,449,0.003826
11,KACTL,449,0.068283
11,393435,450,0.005339
11,ours-406478,450,0.003816
11,KACTL,450,0.068162
11,simd-v0,450,0.010065
11,ours-406478,451,0.003846
11,KACTL,451,0.068183
11,simd-v0,451,0.010085
11,393435,451,0.005318
11,KACTL,452,0.068173
11,simd-v0,452,0.010055
11,393435,452,0.005308
11,ours-406478,452,0.003816
11,simd-v0,453,0.010085
11,393435,453,0.005318
11,ours-406478,453,0.003826
11,KACTL,453,0.068252
11,393435,454,0.005318
11,ours-406478,454,0.003816
11,KACTL,454,0.068133
11,simd-v0,454,0.010095
11,ours-406478,455,0.003825
11,KACTL,455,0.079650
11,simd-v0,455,0.010636
11,393435,455,0.006490
11,KACTL,456,0.073090
11,simd-v0,456,0.011307
11,393435,456,0.005338
11,ours-406478,456,0.003866
11,simd-v0,457,0.010095
11,393435,457,0.005318
11,ours-406478,457,0.003826
11,KACTL,457,0.068263
11,393435,458,0.005318
11,ours-406478,458,0.003826
11,KACTL,458,0.068153
11,simd-v0,458,0.010115
11,ours-406478,459,0.003816
11,KACTL,459,0.073852
11,simd-v0,459,0.010076
11,393435,459,0.005348
11,KACTL,460,0.068673
11,simd-v0,460,0.010105
11,393435,460,0.005338
11,ours-406478,460,0.003845
11,simd-v0,461,0.010125
11,393435,461,0.005328
11,ours-406478,461,0.003836
11,KACTL,461,0.068473
11,393435,462,0.005338
11,ours-406478,462,0.003846
11,KACTL,462,0.068423
11,simd-v0,462,0.010105
11,ours-406478,463,0.003836
11,KACTL,463,0.068453
11,simd-v0,463,0.010106
11,393435,463,0.005338
11,KACTL,464,0.068393
11,simd-v0,464,0.010115
11,393435,464,0.005328
11,ours-406478,464,0.003836
11,simd-v0,465,0.010095
11,393435,465,0.005338
11,ours-406478,465,0.003856
11,KACTL,465,0.068493
11,393435,466,0.005348
11,ours-406478,466,0.003835
11,KACTL,466,0.068473
11,simd-v0,466,0.010115
11,ours-406478,467,0.003846
11,KACTL,467,0.068554
11,simd-v0,467,0.010116
11,393435,467,0.005338
11,KACTL,468,0.068473
11,simd-v0,468,0.010085
11,393435,468,0.005328
11,ours-406478,468,0.003846
11,simd-v0,469,0.010115
11,393435,469,0.005338
11,ours-406478,469,0.003855
11,KACTL,469,0.068503
11,393435,470,0.005338
11,ours-406478,470,0.003815
11,KACTL,470,0.074032
11,simd-v0,470,0.010135
11,ours-406478,471,0.003835
11,KACTL,471,0.068493
11,simd-v0,471,0.010125
11,393435,471,0.005328
11,KACTL,472,0.068573
11,simd-v0,472,0.010075
11,393435,472,0.005338
11,ours-406478,472,0.003856
11,simd-v0,473,0.010135
11,393435,473,0.005349
11,ours-406478,473,0.003856
11,KACTL,473,0.068643
11,393435,474,0.005348
11,ours-406478,474,0.003835
11,KACTL,474,0.068423
11,simd-v0,474,0.010085
11,ours-406478,475,0.003846
11,KACTL,475,0.068473
11,simd-v0,475,0.010105
11,393435,475,0.005328
11,KACTL,476,0.068403
11,simd-v0,476,0.010115
11,393435,476,0.005328
11,ours-406478,476,0.003846
11,simd-v0,477,0.010105
11,393435,477,0.005328
11,ours-406478,477,0.003856
11,KACTL,477,0.068583
11,393435,478,0.005348
11,ours-406478,478,0.003826
11,KACTL,478,0.068503
11,simd-v0,478,0.010135
11,ours-406478,479,0.003836
11,KACTL,479,0.068463
11,simd-v0,479,0.010125
11,393435,479,0.005348
11,KACTL,480,0.068433
11,simd-v0,480,0.010115
11,393435,480,0.005329
11,ours-406478,480,0.003836
11,simd-v0,481,0.010125
11,393435,481,0.005338
11,ours-406478,481,0.003846
11,KACTL,481,0.073791
11,393435,482,0.005358
11,ours-406478,482,0.003856
11,KACTL,482,0.068734
11,simd-v0,482,0.010156
11,ours-406478,483,0.003856
11,KACTL,483,0.068683
11,simd-v0,483,0.010135
11,393435,483,0.005348
11,KACTL,484,0.068693
11,simd-v0,484,0.010175
11,393435,484,0.005348
11,ours-406478,484,0.003855
11,simd-v0,485,0.010115
11,393435,485,0.005368
11,ours-406478,485,0.003866
11,KACTL,485,0.068654
11,393435,486,0.005349
11,ours-406478,486,0.003846
11,KACTL,486,0.068643
11,simd-v0,486,0.010155
11,ours-406478,487,0.003846
11,KACTL,487,0.068634
11,simd-v0,487,0.010165
11,393435,487,0.005369
11,KACTL,488,0.068704
11,simd-v0,488,0.010125
11,393435,488,0.005359
11,ours-406478,488,0.003856
11,simd-v0,489,0.010155
11,393435,489,0.005358
11,ours-406478,489,0.003856
11,KACTL,489,0.068593
11,393435,490,0.005358
11,ours-406478,490,0.003865
11,KACTL,490,0.068714
11,simd-v0,490,0.010116
11,ours-406478,491,0.003856
11,KACTL,491,0.068734
11,simd-v0,491,0.010155
11,393435,491,0.005348
11,KACTL,492,0.074031
11,simd-v0,492,0.010176
11,393435,492,0.005388
11,ours-406478,492,0.003866
11,simd-v0,493,0.010165
11,393435,493,0.005368
11,ours-406478,493,0.003876
11,KACTL,493,0.068784
11,393435,494,0.005358
11,ours-406478,494,0.003846
11,KACTL,494,0.068804
11,simd-v0,494,0.010165
11,ours-406478,495,0.003866
11,KACTL,495,0.068704
11,simd-v0,495,0.010155
11,393435,495,0.005358
11,KACTL,496,0.068664
11,simd-v0,496,0.010136
11,393435,496,0.005359
11,ours-406478,496,0.003856
11,simd-v0,497,0.010195
11,393435,497,0.005358
11,ours-406478,497,0.003866
11,KACTL,497,0.068673
11,393435,498,0.005358
11,ours-406478,498,0.003856
11,KACTL,498,0.068684
11,simd-v0,498,0.010125
11,ours-406478,499,0.003865
11,KACTL,499,0.068644
11,simd-v0,499,0.010165
11,393435,499,0.005358
11,KACTL,500,0.068683
11,simd-v0,500,0.010135
11,393435,500,0.005368
11,ours-406478,500,0.003876
11,simd-v0,501,0.010156
11,393435,501,0.005358
11,ours-406478,501,0.003866
11,KACTL,501,0.068873
11,393435,502,0.005348
11,ours-406478,502,0.003846
11,KACTL,502,0.068654
11,simd-v0,502,0.010156
11,ours-406478,503,0.003856
11,KACTL,503,0.074052
11,simd-v0,503,0.010166
11,393435,503,0.005358
11,KACTL,504,0.068884
11,simd-v0,504,0.010165
11,393435,504,0.005378
11,ours-406478,504,0.003876
11,simd-v0,505,0.010225
11,393435,505,0.005358
11,ours-406478,505,0.003865
11,KACTL,505,0.068884
11,393435,506,0.005368
11,ours-406478,506,0.003855
11,KACTL,506,0.068894
11,simd-v0,506,0.010155
11,ours-406478,507,0.003855
11,KACTL,507,0.068864
11,simd-v0,507,0.010175
11,393435,507,0.005388
11,KACTL,508,0.068814
11,simd-v0,508,0.010145
11,393435,508,0.005378
11,ours-406478,508,0.003886
11,simd-v0,509,0.010175
11,393435,509,0.005368
11,ours-406478,509,0.003876
11,KACTL,509,0.068894
11,393435,510,0.005368
11,ours-406478,510,0.003855
11,KACTL,510,0.068844
11,simd-v0,510,0.010175
11,ours-406478,511,0.003875
11,KACTL,511,0.068824
11,simd-v0,511,0.010145
11,393435,511,0.005369
11,KACTL,512,0.068934
11,simd-v0,512,0.010145
11,393435,512,0.005378
11,ours-406478,512,0.003866
11,simd-v0,513,0.010165
11,393435,513,0.005358
11,ours-406478,513,0.003876
11,KACTL,513,0.069285
11,393435,514,0.005378
11,ours-406478,514,0.003866
11,KACTL,514,0.074502
11,simd-v0,514,0.010165
11,ours-406478,515,0.003866
11,KACTL,515,0.069004
11,simd-v0,515,0.010175
11,393435,515,0.005368
11,KACTL,516,0.068844
11,simd-v0,516,0.010166
11,393435,516,0.005388
11,ours-406478,516,0.003886
11,simd-v0,517,0.010205
11,393435,517,0.005368
11,ours-406478,517,0.003876
11,KACTL,517,0.068964
11,393435,518,0.005369
11,ours-406478,518,0.003846
11,KACTL,518,0.068894
11,simd-v0,518,0.010186
11,ours-406478,519,0.003866
11,KACTL,519,0.068904
11,simd-v0,519,0.010186
11,393435,519,0.005389
11,KACTL,520,0.068894
11,simd-v0,520,0.010175
11,393435,520,0.005358
11,ours-406478,520,0.003865
11,simd-v0,521,0.010165
11,393435,521,0.005358
11,ours-406478,521,0.003866
11,KACTL,521,0.068934
11,393435,522,0.005378
11,ours-406478,522,0.003855
11,KACTL,522,0.068914
11,simd-v0,522,0.010185
11,ours-406478,523,0.003866
11,KACTL,523,0.069014
11,simd-v0,523,0.010175
11,393435,523,0.005358
11,KACTL,524,0.068954
11,simd-v0,524,0.010176
11,393435,524,0.005379
11,ours-406478,524,0.003866
11,simd-v0,525,0.010135
11,393435,525,0.005348
11,ours-406478,525,0.003876
11,KACTL,525,0.087632
11,393435,526,0.006440
11,ours-406478,526,0.004436
11,KACTL,526,0.087692
11,simd-v0,526,0.010797
11,ours-406478,527,0.004466
11,KACTL,527,0.077858
11,simd-v0,527,0.010166
11,393435,527,0.005379
11,KACTL,528,0.068994
11,simd-v0,528,0.010165
11,393435,528,0.005378
11,ours-406478,528,0.003886
11,simd-v0,529,0.010165
11,393435,529,0.005378
11,ours-406478,529,0.003876
11,KACTL,529,0.068904
11,393435,530,0.005368
11,ours-406478,530,0.003855
11,KACTL,530,0.068914
11,simd-v0,530,0.010185
11,ours-406478,531,0.003866
11,KACTL,531,0.068994
11,simd-v0,531,0.011918
11,393435,531,0.006179
11,KACTL,532,0.071317
11,simd-v0,532,0.010145
11,393435,532,0.005368
11,ours-406478,532,0.003866
11,simd-v0,533,0.010186
11,393435,533,0.005379
11,ours-406478,533,0.003886
11,KACTL,533,0.068814
11,393435,534,0.005368
11,ours-406478,534,0.003846
11,KACTL,534,0.068923
11,simd-v0,534,0.010206
11,ours-406478,535,0.003866
11,KACTL,535,0.068944
11,simd-v0,535,0.010176
11,393435,535,0.005358
11,KACTL,536,0.074923
11,simd-v0,536,0.010185
11,393435,536,0.005368
11,ours-406478,536,0.003886
11,simd-v0,537,0.010216
11,393435,537,0.005408
11,ours-406478,537,0.003886
11,KACTL,537,0.068924
11,393435,538,0.005398
11,ours-406478,538,0.003856
11,KACTL,538,0.068843
11,simd-v0,538,0.010195
11,ours-406478,539,0.003876
11,KACTL,539,0.068823
11,simd-v0,539,0.010235
11,393435,539,0.005378
11,KACTL,540,0.068944
11,simd-v0,540,0.010175
11,393435,540,0.005398
11,ours-406478,540,0.003876
11,simd-v0,541,0.010205
11,393435,541,0.005368
11,ours-406478,541,0.003886
11,KACTL,541,0.068874
11,393435,542,0.005378
11,ours-406478,542,0.003865
11,KACTL,542,0.068864
11,simd-v0,542,0.010175
11,ours-406478,543,0.003875
11,KACTL,543,0.069054
11,simd-v0,543,0.010195
11,393435,543,0.005358
11,KACTL,544,0.069064
11,simd-v0,544,0.010185
11,393435,544,0.005388
11,ours-406478,544,0.003876
11,simd-v0,545,0.010215
11,393435,545,0.005388
11,ours-406478,545,0.003866
11,KACTL,545,0.068894
11,393435,546,0.005378
11,ours-406478,546,0.003875
11,KACTL,546,0.069044
11,simd-v0,546,0.010215
11,ours-406478,547,0.009224
11,KACTL,547,0.068994
11,simd-v0,547,0.010206
11,393435,547,0.005379
11,KACTL,548,0.077848
11,simd-v0,548,0.010216
11,393435,548,0.005379
11,ours-406478,548,0.003886
11,simd-v0,549,0.010195
11,393435,549,0.005398
11,ours-406478,549,0.003886
11,KACTL,549,0.069034
11,393435,550,0.005368
11,ours-406478,550,0.003856
11,KACTL,550,0.069044
11,simd-v0,550,0.010195
11,ours-406478,551,0.003866
11,KACTL,551,0.069114
11,simd-v0,551,0.010216
11,393435,551,0.005388
11,KACTL,552,0.068954
11,simd-v0,552,0.010175
11,393435,552,0.005378
11,ours-406478,552,0.003886
11,simd-v0,553,0.010186
11,393435,553,0.005368
11,ours-406478,553,0.003876
11,KACTL,553,0.068974
11,393435,554,0.005378
11,ours-406478,554,0.003856
11,KACTL,554,0.068873
11,simd-v0,554,0.010195
11,ours-406478,555,0.003876
11,KACTL,555,0.068924
11,simd-v0,555,0.010236
11,393435,555,0.005388
11,KACTL,556,0.069074
11,simd-v0,556,0.010215
11,393435,556,0.005378
11,ours-406478,556,0.003876
11,simd-v0,557,0.010226
11,393435,557,0.005399
11,ours-406478,557,0.003886
11,KACTL,557,0.074422
11,393435,558,0.005378
11,ours-406478,558,0.003865
11,KACTL,558,0.069034
11,simd-v0,558,0.010235
11,ours-406478,559,0.003876
11,KACTL,559,0.068923
11,simd-v0,559,0.010246
11,393435,559,0.005388
11,KACTL,560,0.068854
11,simd-v0,560,0.010196
11,393435,560,0.005389
11,ours-406478,560,0.003886
11,simd-v0,561,0.010215
11,393435,561,0.005378
11,ours-406478,561,0.003875
11,KACTL,561,0.068834
11,393435,562,0.005388
11,ours-406478,562,0.003856
11,KACTL,562,0.068844
11,simd-v0,562,0.010206
11,ours-406478,563,0.003885
11,KACTL,563,0.068994
11,simd-v0,563,0.010185
11,393435,563,0.005368
11,KACTL,564,0.068893
11,simd-v0,564,0.010195
11,393435,564,0.005388
11,ours-406478,564,0.003886
11,simd-v0,565,0.010206
11,393435,565,0.005379
11,ours-406478,565,0.003886
11,KACTL,565,0.068984
11,393435,566,0.005379
11,ours-406478,566,0.003846
11,KACTL,566,0.070426
11,simd-v0,566,0.010225
11,ours-406478,567,0.003876
11,KACTL,567,0.069085
11,simd-v0,567,0.010176
11,393435,567,0.005388
11,KACTL,568,0.069034
11,simd-v0,568,0.010195
11,393435,568,0.010686
11,ours-406478,568,0.003886
11,simd-v0,569,0.010186
11,393435,569,0.005368
11,ours-406478,569,0.003886
11,KACTL,569,0.068873
11,393435,570,0.005398
11,ours-406478,570,0.003876
11,KACTL,570,0.068974
11,simd-v0,570,0.010216
11,ours-406478,571,0.003886
11,KACTL,571,0.068904
11,simd-v0,571,0.010186
11,393435,571,0.005389
11,KACTL,572,0.068944
11,simd-v0,572,0.010215
11,393435,572,0.005378
11,ours-406478,572,0.003876
11,simd-v0,573,0.010226
11,393435,573,0.005388
11,ours-406478,573,0.003866
11,KACTL,573,0.069064
11,393435,574,0.005388
11,ours-406478,574,0.003866
11,KACTL,574,0.068964
11,simd-v0,574,0.010185
11,ours-406478,575,0.003855
11,KACTL,575,0.069084
11,simd-v0,575,0.010205
11,393435,575,0.005378
11,KACTL,576,0.068914
11,simd-v0,576,0.010186
11,393435,576,0.005388
11,ours-406478,576,0.003876
11,simd-v0,577,0.012779
11,393435,577,0.007121
11,ours-406478,577,0.004166
11,KACTL,577,0.069124
11,393435,578,0.005388
11,ours-406478,578,0.003866
11,KACTL,578,0.069154
11,simd-v0,578,0.010185
11,ours-406478,579,0.003866
11,KACTL,579,0.068984
11,simd-v0,579,0.015493
11,393435,579,0.005388
11,KACTL,580,0.069014
11,simd-v0,580,0.010175
11,393435,580,0.005388
11,ours-406478,580,0.003906
11,simd-v0,581,0.010216
11,393435,581,0.005378
11,ours-406478,581,0.003876
11,KACTL,581,0.068994
11,393435,582,0.005388
11,ours-406478,582,0.003876
11,KACTL,582,0.068964
11,simd-v0,582,0.010166
11,ours-406478,583,0.003876
11,KACTL,583,0.068974
11,simd-v0,583,0.010206
11,393435,583,0.005389
11,KACTL,584,0.068914
11,simd-v0,584,0.010195
11,393435,584,0.005388
11,ours-406478,584,0.003876
11,simd-v0,585,0.010236
11,393435,585,0.005378
11,ours-406478,585,0.003886
11,KACTL,585,0.069004
11,393435,586,0.005378
11,ours-406478,586,0.003866
11,KACTL,586,0.068924
11,simd-v0,586,0.010206
11,ours-406478,587,0.003866
11,KACTL,587,0.068854
11,simd-v0,587,0.010186
11,393435,587,0.005378
11,KACTL,588,0.068874
11,simd-v0,588,0.010195
11,393435,588,0.005368
11,ours-406478,588,0.003886
11,simd-v0,589,0.010235
11,393435,589,0.005368
11,ours-406478,589,0.003876
11,KACTL,589,0.069064
11,393435,590,0.005388
11,ours-406478,590,0.003876
11,KACTL,590,0.074182
11,simd-v0,590,0.010205
11,ours-406478,591,0.003876
11,KACTL,591,0.068994
11,simd-v0,591,0.010196
11,393435,591,0.005388
11,KACTL,592,0.068864
11,simd-v0,592,0.010195
11,393435,592,0.005378
11,ours-406478,592,0.003886
11,simd-v0,593,0.010225
11,393435,593,0.005378
11,ours-406478,593,0.003886
11,KACTL,593,0.068904
11,393435,594,0.005378
11,ours-406478,594,0.003865
11,KACTL,594,0.069144
11,simd-v0,594,0.010205
11,ours-406478,595,0.003876
11,KACTL,595,0.069004
11,simd-v0,595,0.010196
11,393435,595,0.005399
11,KACTL,596,0.068894
11,simd-v0,596,0.010205
11,393435,596,0.005388
11,ours-406478,596,0.003886
11,simd-v0,597,0.010216
11,393435,597,0.005378
11,ours-406478,597,0.003876
11,KACTL,597,0.068823
11,393435,598,0.005388
11,ours-406478,598,0.003866
11,KACTL,598,0.069085
11,simd-v0,598,0.010216
11,ours-406478,599,0.003876
11,KACTL,599,0.068974
11,simd-v0,599,0.010216
11,393435,599,0.005388
11,KACTL,600,0.068934
11,simd-v0,600,0.010185
11,393435,600,0.005378
11,ours-406478,600,0.003876
11,simd-v0,601,0.010226
11,393435,601,0.005378
11,ours-406478,601,0.003886
11,KACTL,601,0.074322
11,393435,602,0.005369
11,ours-406478,602,0.003866
11,KACTL,602,0.068864
11,simd-v0,602,0.010206
11,ours-406478,603,0.003876
11,KACTL,603,0.068944
11,simd-v0,603,0.010186
11,393435,603,0.005388
11,KACTL,604,0.068944
11,simd-v0,604,0.010165
11,393435,604,0.005358
11,ours-406478,604,0.003896
11,simd-v0,605,0.010225
11,393435,605,0.005378
11,ours-406478,605,0.003886
11,KACTL,605,0.069014
11,393435,606,0.005378
11,ours-406478,606,0.003876
11,KACTL,606,0.068903
11,simd-v0,606,0.010195
11,ours-406478,607,0.003876
11,KACTL,607,0.069044
11,simd-v0,607,0.010206
11,393435,607,0.005389
11,KACTL,608,0.068974
11,simd-v0,608,0.010175
11,393435,608,0.005388
11,ours-406478,608,0.003875
11,simd-v0,609,0.010196
11,393435,609,0.005398
11,ours-406478,609,0.003876
11,KACTL,609,0.068923
11,393435,610,0.005378
11,ours-406478,610,0.003866
11,KACTL,610,0.068864
11,simd-v0,610,0.010185
11,ours-406478,611,0.003876
11,KACTL,611,0.068944
11,simd-v0,611,0.010205
11,393435,611,0.005398
11,KACTL,612,0.068874
11,simd-v0,612,0.010176
11,393435,612,0.010606
11,ours-406478,612,0.003876
11,simd-v0,613,0.010206
11,393435,613,0.005358
11,ours-406478,613,0.003876
11,KACTL,613,0.068924
11,393435,614,0.005388
11,ours-406478,614,0.003866
11,KACTL,614,0.068803
11,simd-v0,614,0.010185
11,ours-406478,615,0.003866
11,KACTL,615,0.068773
11,simd-v0,615,0.010205
11,393435,615,0.005378
11,KACTL,616,0.068793
11,simd-v0,616,0.010175
11,393435,616,0.005378
11,ours-406478,616,0.003866
11,simd-v0,617,0.010186
11,393435,617,0.005378
11,ours-406478,617,0.003866
11,KACTL,617,0.068833
11,393435,618,0.005368
11,ours-406478,618,0.003856
11,KACTL,618,0.068774
11,simd-v0,618,0.010175
11,ours-406478,619,0.003866
11,KACTL,619,0.068984
11,simd-v0,619,0.010205
11,393435,619,0.005388
11,KACTL,620,0.068914
11,simd-v0,620,0.010176
11,393435,620,0.005388
11,ours-406478,620,0.003886
11,simd-v0,621,0.010185
11,393435,621,0.005378
11,ours-406478,621,0.003876
11,KACTL,621,0.068814
11,393435,622,0.005379
11,ours-406478,622,0.003876
11,KACTL,622,0.068804
11,simd-v0,622,0.010196
11,ours-406478,623,0.003876
11,KACTL,623,0.068954
11,simd-v0,623,0.016004
11,393435,623,0.005358
11,KACTL,624,0.068754
11,simd-v0,624,0.010156
11,393435,624,0.005368
11,ours-406478,624,0.003886
11,simd-v0,625,0.010195
11,393435,625,0.005368
11,ours-406478,625,0.003886
11,KACTL,625,0.068894
11,393435,626,0.005369
11,ours-406478,626,0.003836
11,KACTL,626,0.068854
11,simd-v0,626,0.010176
11,ours-406478,627,0.003856
11,KACTL,627,0.068823
11,simd-v0,627,0.010165
11,393435,627,0.005358
11,KACTL,628,0.068623
11,simd-v0,628,0.010165
11,393435,628,0.005378
11,ours-406478,628,0.003876
11,simd-v0,629,0.010206
11,393435,629,0.005358
11,ours-406478,629,0.003856
11,KACTL,629,0.068733
11,393435,630,0.005378
11,ours-406478,630,0.003865
11,KACTL,630,0.068804
11,simd-v0,630,0.010165
11,ours-406478,631,0.003875
11,KACTL,631,0.068844
11,simd-v0,631,0.010216
11,393435,631,0.005379
11,KACTL,632,0.068754
11,simd-v0,632,0.010165
11,393435,632,0.005358
11,ours-406478,632,0.003866
11,simd-v0,633,0.010155
11,393435,633,0.005378
11,ours-406478,633,0.003865
11,KACTL,633,0.068824
11,393435,634,0.005389
11,ours-406478,634,0.003856
11,KACTL,634,0.068723
11,simd-v0,634,0.015363
11,ours-406478,635,0.003866
11,KACTL,635,0.068643
11,simd-v0,635,0.010155
11,393435,635,0.005398
11,KACTL,636,0.068793
11,simd-v0,636,0.010155
11,393435,636,0.005358
11,ours-406478,636,0.003875
11,simd-v0,637,0.010145
11,393435,637,0.005358
11,ours-406478,637,0.003866
11,KACTL,637,0.068764
11,393435,638,0.005368
11,ours-406478,638,0.003866
11,KACTL,638,0.068663
11,simd-v0,638,0.010165
11,ours-406478,639,0.003876
11,KACTL,639,0.068843
11,simd-v0,639,0.010165
11,393435,639,0.005368
11,KACTL,640,0.068723
11,simd-v0,640,0.010175
11,393435,640,0.005368
11,ours-406478,640,0.003866
11,simd-v0,641,0.010166
11,393435,641,0.005358
11,ours-406478,641,0.003866
11,KACTL,641,0.068793
11,393435,642,0.005358
11,ours-406478,642,0.003856
11,KACTL,642,0.068654
11,simd-v0,642,0.010176
11,ours-406478,643,0.003866
11,KACTL,643,0.068864
11,simd-v0,643,0.010176
11,393435,643,0.005369
11,KACTL,644,0.068744
11,simd-v0,644,0.010155
11,393435,644,0.005369
11,ours-406478,644,0.003856
11,simd-v0,645,0.010185
11,393435,645,0.005368
11,ours-406478,645,0.003866
11,KACTL,645,0.068824
11,393435,646,0.010737
11,ours-406478,646,0.003876
11,KACTL,646,0.068944
11,simd-v0,646,0.010175
11,ours-406478,647,0.003865
11,KACTL,647,0.068894
11,simd-v0,647,0.010205
11,393435,647,0.005348
11,KACTL,648,0.068664
11,simd-v0,648,0.010155
11,393435,648,0.005378
11,ours-406478,648,0.003876
11,simd-v0,649,0.010165
11,393435,649,0.005368
11,ours-406478,649,0.003865
11,KACTL,649,0.068784
11,393435,650,0.005368
11,ours-406478,650,0.003836
11,KACTL,650,0.068603
11,simd-v0,650,0.010175
11,ours-406478,651,0.003855
11,KACTL,651,0.068814
11,simd-v0,651,0.010135
11,393435,651,0.005368
11,KACTL,652,0.068584
11,simd-v0,652,0.010176
11,393435,652,0.005358
11,ours-406478,652,0.003866
11,simd-v0,653,0.010175
11,393435,653,0.005368
11,ours-406478,653,0.003876
11,KACTL,653,0.068723
11,393435,654,0.005368
11,ours-406478,654,0.003846
11,KACTL,654,0.068614
11,simd-v0,654,0.010196
11,ours-406478,655,0.003846
11,KACTL,655,0.068593
11,simd-v0,655,0.010165
11,393435,655,0.005348
11,KACTL,656,0.068683
11,simd-v0,656,0.010145
11,393435,656,0.005378
11,ours-406478,656,0.003866
11,simd-v0,657,0.015393
11,393435,657,0.005378
11,ours-406478,657,0.003876
11,KACTL,657,0.068704
11,393435,658,0.005348
11,ours-406478,658,0.003846
11,KACTL,658,0.068663
11,simd-v0,658,0.010155
11,ours-406478,659,0.003846
11,KACTL,659,0.068593
11,simd-v0,659,0.010165
11,393435,659,0.005348
11,KACTL,660,0.068754
11,simd-v0,660,0.010135
11,393435,660,0.005358
11,ours-406478,660,0.003866
11,simd-v0,661,0.010145
11,393435,661,0.005368
11,ours-406478,661,0.003856
11,KACTL,661,0.068583
11,393435,662,0.005358
11,ours-406478,662,0.003836
11,KACTL,662,0.068624
11,simd-v0,662,0.010136
11,ours-406478,663,0.003856
11,KACTL,663,0.068784
11,simd-v0,663,0.010166
11,393435,663,0.005368
11,KACTL,664,0.068603
11,simd-v0,664,0.010165
11,393435,664,0.005358
11,ours-406478,664,0.003876
11,simd-v0,665,0.010136
11,393435,665,0.005358
11,ours-406478,665,0.003846
11,KACTL,665,0.068683
11,393435,666,0.005358
11,ours-406478,666,0.003846
11,KACTL,666,0.068463
11,simd-v0,666,0.010155
11,ours-406478,667,0.003856
11,KACTL,667,0.068724
11,simd-v0,667,0.010135
11,393435,667,0.005378
11,KACTL,668,0.073982
11,simd-v0,668,0.010115
11,393435,668,0.005348
11,ours-406478,668,0.003876
11,simd-v0,669,0.010165
11,393435,669,0.005368
11,ours-406478,669,0.003865
11,KACTL,669,0.068644
11,393435,670,0.005368
11,ours-406478,670,0.003856
11,KACTL,670,0.068514
11,simd-v0,670,0.010136
11,ours-406478,671,0.003846
11,KACTL,671,0.068663
11,simd-v0,671,0.010175
11,393435,671,0.005348
11,KACTL,672,0.068653
11,simd-v0,672,0.010105
11,393435,672,0.005358
11,ours-406478,672,0.003856
11,simd-v0,673,0.010145
11,393435,673,0.005328
11,ours-406478,673,0.003855
11,KACTL,673,0.068664
11,393435,674,0.005348
11,ours-406478,674,0.003866
11,KACTL,674,0.068483
11,simd-v0,674,0.010175
11,ours-406478,675,0.003865
11,KACTL,675,0.068573
11,simd-v0,675,0.010145
11,393435,675,0.005348
11,KACTL,676,0.069835
11,simd-v0,676,0.010145
11,393435,676,0.005338
11,ours-406478,676,0.003856
11,simd-v0,677,0.010175
11,393435,677,0.005368
11,ours-406478,677,0.003855
11,KACTL,677,0.068614
11,393435,678,0.005358
11,ours-406478,678,0.003856
11,KACTL,678,0.068553
11,simd-v0,678,0.010145
11,ours-406478,679,0.003846
11,KACTL,679,0.074202
11,simd-v0,679,0.010185
11,393435,679,0.005338
11,KACTL,680,0.068474
11,simd-v0,680,0.010125
11,393435,680,0.005348
11,ours-406478,680,0.003856
11,simd-v0,681,0.010176
11,393435,681,0.005338
11,ours-406478,681,0.003856
11,KACTL,681,0.068543
11,393435,682,0.005338
11,ours-406478,682,0.003846
11,KACTL,682,0.068623
11,simd-v0,682,0.010155
11,ours-406478,683,0.003856
11,KACTL,683,0.068694
11,simd-v0,683,0.010135
11,393435,683,0.005338
11,KACTL,684,0.068443
11,simd-v0,684,0.010115
11,393435,684,0.005368
11,ours-406478,684,0.003846
11,simd-v0,685,0.010146
11,393435,685,0.005358
11,ours-406478,685,0.003866
11,KACTL,685,0.068524
11,393435,686,0.005338
11,ours-406478,686,0.003846
11,KACTL,686,0.068443
11,simd-v0,686,0.010165
11,ours-406478,687,0.003835
11,KACTL,687,0.068523
11,simd-v0,687,0.010145
11,393435,687,0.005358
11,KACTL,688,0.068523
11,simd-v0,688,0.010115
11,393435,688,0.005359
11,ours-406478,688,0.003846
11,simd-v0,689,0.010125
11,393435,689,0.005348
11,ours-406478,689,0.003856
11,KACTL,689,0.068533
11,393435,690,0.005348
11,ours-406478,690,0.003845
11,KACTL,690,0.073811
11,simd-v0,690,0.010125
11,ours-406478,691,0.003846
11,KACTL,691,0.068543
11,simd-v0,691,0.010125
11,393435,691,0.005348
11,KACTL,692,0.068393
11,simd-v0,692,0.010135
11,393435,692,0.005368
11,ours-406478,692,0.003855
11,simd-v0,693,0.010125
11,393435,693,0.005348
11,ours-406478,693,0.003846
11,KACTL,693,0.068614
11,393435,694,0.005359
11,ours-406478,694,0.003846
11,KACTL,694,0.068613
11,simd-v0,694,0.010145
11,ours-406478,695,0.003846
11,KACTL,695,0.068544
11,simd-v0,695,0.010155
11,393435,695,0.005358
11,KACTL,696,0.068503
11,simd-v0,696,0.010115
11,393435,696,0.005328
11,ours-406478,696,0.003866
11,simd-v0,697,0.010135
11,393435,697,0.005358
11,ours-406478,697,0.003856
11,KACTL,697,0.068513
11,393435,698,0.005358
11,ours-406478,698,0.003835
11,KACTL,698,0.068423
11,simd-v0,698,0.010145
11,ours-406478,699,0.003846
11,KACTL,699,0.068433
11,simd-v0,699,0.010125
11,393435,699,0.005348
11,KACTL,700,0.068513
11,simd-v0,700,0.010155
11,393435,700,0.005338
11,ours-406478,700,0.003866
11,simd-v0,701,0.010135
11,393435,701,0.005338
11,ours-406478,701,0.003855
11,KACTL,701,0.073681
11,393435,702,0.005338
11,ours-406478,702,0.003835
11,KACTL,702,0.068473
11,simd-v0,702,0.010165
11,ours-406478,703,0.003856
11,KACTL,703,0.068493
11,simd-v0,703,0.010136
11,393435,703,0.005358
11,KACTL,704,0.068413
11,simd-v0,704,0.010095
11,393435,704,0.005338
11,ours-406478,704,0.003846
11,simd-v0,705,0.010155
11,393435,705,0.005328
11,ours-406478,705,0.003855
11,KACTL,705,0.068443
11,393435,706,0.005348
11,ours-406478,706,0.003845
11,KACTL,706,0.068483
11,simd-v0,706,0.010145
11,ours-406478,707,0.003836
11,KACTL,707,0.068403
11,simd-v0,707,0.010146
11,393435,707,0.005348
11,KACTL,708,0.068483
11,simd-v0,708,0.010105
11,393435,708,0.005358
11,ours-406478,708,0.003835
11,simd-v0,709,0.010115
11,393435,709,0.005358
11,ours-406478,709,0.003845
11,KACTL,709,0.068433
11,393435,710,0.005358
11,ours-406478,710,0.003835
11,KACTL,710,0.068323
11,simd-v0,710,0.010125
11,ours-406478,711,0.003846
11,KACTL,711,0.068474
11,simd-v0,711,0.010155
11,393435,711,0.005338
11,KACTL,712,0.073811
11,simd-v0,712,0.010075
11,393435,712,0.005348
11,ours-406478,712,0.003846
11,simd-v0,713,0.010145
11,393435,713,0.005358
11,ours-406478,713,0.003855
11,KACTL,713,0.068614
11,393435,714,0.005358
11,ours-406478,714,0.003846
11,KACTL,714,0.068433
11,simd-v0,714,0.010106
11,ours-406478,715,0.003846
11,KACTL,715,0.068473
11,simd-v0,715,0.010145
11,393435,715,0.005348
11,KACTL,716,0.068353
11,simd-v0,716,0.010115
11,393435,716,0.005358
11,ours-406478,716,0.003855
11,simd-v0,717,0.010145
11,393435,717,0.005338
11,ours-406478,717,0.003856
11,KACTL,717,0.068584
11,393435,718,0.005358
11,ours-406478,718,0.003836
11,KACTL,718,0.070766
11,simd-v0,718,0.012209
11,ours-406478,719,0.005859
11,KACTL,719,0.073020
11,simd-v0,719,0.010856
11,393435,719,0.006961
11,KACTL,720,0.075924
11,simd-v0,720,0.010105
11,393435,720,0.005338
11,ours-406478,720,0.003865
11,simd-v0,721,0.010085
11,393435,721,0.005328
11,ours-406478,721,0.003856
11,KACTL,721,0.068564
11,393435,722,0.005338
11,ours-406478,722,0.003826
11,KACTL,722,0.068513
11,simd-v0,722,0.010116
11,ours-406478,723,0.003846
11,KACTL,723,0.074192
11,simd-v0,723,0.010136
11,393435,723,0.005328
11,KACTL,724,0.068443
11,simd-v0,724,0.010095
11,393435,724,0.005328
11,ours-406478,724,0.003855
11,simd-v0,725,0.010135
11,393435,725,0.005318
11,ours-406478,725,0.003845
11,KACTL,725,0.068433
11,393435,726,0.005338
11,ours-406478,726,0.003845
11,KACTL,726,0.068463
11,simd-v0,726,0.010135
11,ours-406478,727,0.003836
11,KACTL,727,0.068483
11,simd-v0,727,0.010156
11,393435,727,0.005318
11,KACTL,728,0.068473
11,simd-v0,728,0.010105
11,393435,728,0.005338
11,ours-406478,728,0.003855
11,simd-v0,729,0.010095
11,393435,729,0.005328
11,ours-406478,729,0.003845
11,KACTL,729,0.068594
11,393435,730,0.005338
11,ours-406478,730,0.003836
11,KACTL,730,0.068343
11,simd-v0,730,0.010095
11,ours-406478,731,0.003846
11,KACTL,731,0.068513
11,simd-v0,731,0.010095
11,393435,731,0.005328
11,KACTL,732,0.068383
11,simd-v0,732,0.010135
11,393435,732,0.005328
11,ours-406478,732,0.003845
11,simd-v0,733,0.010095
11,393435,733,0.005328
11,ours-406478,733,0.003855
11,KACTL,733,0.068453
11,393435,734,0.005318
11,ours-406478,734,0.003835
11,KACTL,734,0.073821
11,simd-v0,734,0.010135
11,ours-406478,735,0.003836
11,KACTL,735,0.068473
11,simd-v0,735,0.010136
11,393435,735,0.005328
11,KACTL,736,0.068473
11,simd-v0,736,0.010105
11,393435,736,0.005338
11,ours-406478,736,0.003855
11,simd-v0,737,0.010115
11,393435,737,0.005308
11,ours-406478,737,0.003845
11,KACTL,737,0.068453
11,393435,738,0.005328
11,ours-406478,738,0.003835
11,KACTL,738,0.068443
11,simd-v0,738,0.010135
11,ours-406478,739,0.003856
11,KACTL,739,0.068413
11,simd-v0,739,0.010145
11,393435,739,0.005328
11,KACTL,740,0.068493
11,simd-v0,740,0.010115
11,393435,740,0.005308
11,ours-406478,740,0.003846
11,simd-v0,741,0.010085
11,393435,741,0.005338
11,ours-406478,741,0.003846
11,KACTL,741,0.068393
11,393435,742,0.005328
11,ours-406478,742,0.003836
11,KACTL,742,0.068533
11,simd-v0,742,0.010175
11,ours-406478,743,0.003836
11,KACTL,743,0.068484
11,simd-v0,743,0.010115
11,393435,743,0.005328
11,KACTL,744,0.068303
11,simd-v0,744,0.010076
11,393435,744,0.005318
11,ours-406478,744,0.003856
11,simd-v0,745,0.010145
11,393435,745,0.005338
11,ours-406478,745,0.003846
11,KACTL,745,0.073831
11,393435,746,0.005338
11,ours-406478,746,0.003846
11,KACTL,746,0.068483
11,simd-v0,746,0.010115
11,ours-406478,747,0.003846
11,KACTL,747,0.068544
11,simd-v0,747,0.010156
11,393435,747,0.005318
11,KACTL,748,0.068373
11,simd-v0,748,0.010105
11,393435,748,0.005348
11,ours-406478,748,0.003856
11,simd-v0,749,0.010135
11,393435,749,0.005318
11,ours-406478,749,0.003856
11,KACTL,749,0.068433
11,393435,750,0.005328
11,ours-406478,750,0.003826
11,KACTL,750,0.068553
11,simd-v0,750,0.010155
11,ours-406478,751,0.003846
11,KACTL,751,0.068474
11,simd-v0,751,0.010166
11,393435,751,0.005338
11,KACTL,752,0.068463
11,simd-v0,752,0.010095
11,393435,752,0.005338
11,ours-406478,752,0.003846
11,simd-v0,753,0.010085
11,393435,753,0.005338
11,ours-406478,753,0.003836
11,KACTL,753,0.068523
11,393435,754,0.005318
11,ours-406478,754,0.003846
11,KACTL,754,0.068343
11,simd-v0,754,0.010125
11,ours-406478,755,0.003835
11,KACTL,755,0.068594
11,simd-v0,755,0.010165
11,393435,755,0.005338
11,KACTL,756,0.074001
11,simd-v0,756,0.010126
11,393435,756,0.005328
11,ours-406478,756,0.003846
11,simd-v0,757,0.010106
11,393435,757,0.005318
11,ours-406478,757,0.003856
11,KACTL,757,0.068434
11,393435,758,0.005318
11,ours-406478,758,0.003826
11,KACTL,758,0.068464
11,simd-v0,758,0.010156
11,ours-406478,759,0.003846
11,KACTL,759,0.068443
11,simd-v0,759,0.010145
11,393435,759,0.005328
11,KACTL,760,0.068333
11,simd-v0,760,0.010125
11,393435,760,0.005318
11,ours-406478,760,0.003845
11,simd-v0,761,0.010145
11,393435,761,0.005328
11,ours-406478,761,0.003865
11,KACTL,761,0.068634
11,393435,762,0.005328
11,ours-406478,762,0.003836
11,KACTL,762,0.068514
11,simd-v0,762,0.010126
11,ours-406478,763,0.003846
11,KACTL,763,0.068543
11,simd-v0,763,0.010145
11,393435,763,0.005328
11,KACTL,764,0.068564
11,simd-v0,764,0.010136
11,393435,764,0.005358
11,ours-406478,764,0.003856
11,simd-v0,765,0.010125
11,393435,765,0.005329
11,ours-406478,765,0.003846
11,KACTL,765,0.068423
11,393435,766,0.005328
11,ours-406478,766,0.003846
11,KACTL,766,0.068433
11,simd-v0,766,0.010126
11,ours-406478,767,0.003836
11,KACTL,767,0.073681
11,simd-v0,767,0.010145
11,393435,767,0.005318
11,KACTL,768,0.068363
11,simd-v0,768,0.010105
11,393435,768,0.005338
11,ours-406478,768,0.003855
11,simd-v0,769,0.010095
11,393435,769,0.005348
11,ours-406478,769,0.003866
11,KACTL,769,0.068353
11,393435,770,0.005318
11,ours-406478,770,0.003845
11,KACTL,770,0.068343
11,simd-v0,770,0.010135
11,ours-406478,771,0.003846
11,KACTL,771,0.068423
11,simd-v0,771,0.010125
11,393435,771,0.005328
11,KACTL,772,0.068403
11,simd-v0,772,0.010075
11,393435,772,0.005318
11,ours-406478,772,0.003856
11,simd-v0,773,0.010105
11,393435,773,0.005318
11,ours-406478,773,0.003836
11,KACTL,773,0.068403
11,393435,774,0.005318
11,ours-406478,774,0.003846
11,KACTL,774,0.068373
11,simd-v0,774,0.010096
11,ours-406478,775,0.003846
11,KACTL,775,0.068513
11,simd-v0,775,0.010145
11,393435,775,0.005328
11,KACTL,776,0.068463
11,simd-v0,776,0.010105
11,393435,776,0.005328
11,ours-406478,776,0.003835
11,simd-v0,777,0.010105
11,393435,777,0.005318
11,ours-406478,777,0.003846
11,KACTL,777,0.068473
11,393435,778,0.005318
11,ours-406478,778,0.003836
11,KACTL,778,0.073511
11,simd-v0,778,0.010175
11,ours-406478,779,0.003836
11,KACTL,779,0.068283
11,simd-v0,779,0.010095
11,393435,779,0.005318
11,KACTL,780,0.068172
11,simd-v0,780,0.010085
11,393435,780,0.005318
11,ours-406478,780,0.003846
11,simd-v0,781,0.010095
11,393435,781,0.005308
11,ours-406478,781,0.003836
11,KACTL,781,0.068172
11,393435,782,0.005308
11,ours-406478,782,0.003826
11,KACTL,782,0.068203
11,simd-v0,782,0.010105
11,ours-406478,783,0.003835
11,KACTL,783,0.068213
11,simd-v0,783,0.010085
11,393435,783,0.005308
11,KACTL,784,0.068243
11,simd-v0,784,0.010075
11,393435,784,0.005308
11,ours-406478,784,0.003836
11,simd-v0,785,0.010085
11,393435,785,0.005308
11,ours-406478,785,0.003836
11,KACTL,785,0.068263
11,393435,786,0.005308
11,ours-406478,786,0.003826
11,KACTL,786,0.068143
11,simd-v0,786,0.010115
11,ours-406478,787,0.003825
11,KACTL,787,0.069896
11,simd-v0,787,0.010116
11,393435,787,0.005318
11,KACTL,788,0.068223
11,simd-v0,788,0.010076
11,393435,788,0.005318
11,ours-406478,788,0.003836
11,simd-v0,789,0.010046
11,393435,789,0.005308
11,ours-406478,789,0.003836
11,KACTL,789,0.073561
11,393435,790,0.005318
11,ours-406478,790,0.003825
11,KACTL,790,0.068143
11,simd-v0,790,0.010105
11,ours-406478,791,0.003826
11,KACTL,791,0.068073
11,simd-v0,791,0.010095
11,393435,791,0.005318
11,KACTL,792,0.068122
11,simd-v0,792,0.010055
11,393435,792,0.005308
11,ours-406478,792,0.003835
11,simd-v0,793,0.010055
11,393435,793,0.005298
11,ours-406478,793,0.003835
11,KACTL,793,0.068083
11,393435,794,0.005308
11,ours-406478,794,0.003826
11,KACTL,794,0.068132
11,simd-v0,794,0.010065
11,ours-406478,795,0.003816
11,KACTL,795,0.068313
11,simd-v0,795,0.010075
11,393435,795,0.005298
11,KACTL,796,0.068173
11,simd-v0,796,0.010055
11,393435,796,0.005318
11,ours-406478,796,0.003826
11,simd-v0,797,0.010055
11,393435,797,0.005298
11,ours-406478,797,0.003836
11,KACTL,797,0.068262
11,393435,798,0.005308
11,ours-406478,798,0.003826
11,KACTL,798,0.068123
11,simd-v0,798,0.010065
11,ours-406478,799,0.003836
11,KACTL,799,0.068163
11,simd-v0,799,0.010066
11,393435,799,0.005298
11,KACTL,800,0.068093
11,simd-v0,800,0.010075
11,393435,800,0.010786
11,ours-406478,800,0.003836
11,simd-v0,801,0.010085
11,393435,801,0.005298
11,ours-406478,801,0.003826
11,KACTL,801,0.068202
11,393435,802,0.005308
11,ours-406478,802,0.003825
11,KACTL,802,0.068153
11,simd-v0,802,0.010085
11,ours-406478,803,0.003836
11,KACTL,803,0.068203
11,simd-v0,803,0.010086
11,393435,803,0.005298
11,KACTL,804,0.068273
11,simd-v0,804,0.010096
11,393435,804,0.005308
11,ours-406478,804,0.003836
11,simd-v0,805,0.010076
11,393435,805,0.005308
11,ours-406478,805,0.003836
11,KACTL,805,0.068183
11,393435,806,0.005308
11,ours-406478,806,0.003816
11,KACTL,806,0.068153
11,simd-v0,806,0.010086
11,ours-406478,807,0.003826
11,KACTL,807,0.068182
11,simd-v0,807,0.010075
11,393435,807,0.005318
11,KACTL,808,0.068222
11,simd-v0,808,0.010065
11,393435,808,0.005298
11,ours-406478,808,0.003835
11,simd-v0,809,0.010045
11,393435,809,0.005298
11,ours-406478,809,0.003836
11,KACTL,809,0.068073
11,393435,810,0.005308
11,ours-406478,810,0.003836
11,KACTL,810,0.068143
11,simd-v0,810,0.010065
11,ours-406478,811,0.003836
11,KACTL,811,0.068143
11,simd-v0,811,0.010075
11,393435,811,0.005308
11,KACTL,812,0.073350
11,simd-v0,812,0.010065
11,393435,812,0.005298
11,ours-406478,812,0.003825
11,simd-v0,813,0.010075
11,393435,813,0.005298
11,ours-406478,813,0.003835
11,KACTL,813,0.068093
11,393435,814,0.005298
11,ours-406478,814,0.003816
11,KACTL,814,0.068003
11,simd-v0,814,0.010095
11,ours-406478,815,0.003815
11,KACTL,815,0.067962
11,simd-v0,815,0.010095
11,393435,815,0.005298
11,KACTL,816,0.068233
11,simd-v0,816,0.010055
11,393435,816,0.005288
11,ours-406478,816,0.003835
11,simd-v0,817,0.010045
11,393435,817,0.005308
11,ours-406478,817,0.003815
11,KACTL,817,0.068123
11,393435,818,0.005288
11,ours-406478,818,0.003826
11,KACTL,818,0.068173
11,simd-v0,818,0.010105
11,ours-406478,819,0.003815
11,KACTL,819,0.068083
11,simd-v0,819,0.010046
11,393435,819,0.005298
11,KACTL,820,0.068133
11,simd-v0,820,0.010086
11,393435,820,0.005298
11,ours-406478,820,0.003836
11,simd-v0,821,0.010065
11,393435,821,0.005308
11,ours-406478,821,0.003825
11,KACTL,821,0.068123
11,393435,822,0.005308
11,ours-406478,822,0.003816
11,KACTL,822,0.068162
11,simd-v0,822,0.010085
11,ours-406478,823,0.003826
11,KACTL,823,0.073271
11,simd-v0,823,0.010085
11,393435,823,0.005308
11,KACTL,824,0.068002
11,simd-v0,824,0.010075
11,393435,824,0.005298
11,ours-406478,824,0.003826
11,simd-v0,825,0.010055
11,393435,825,0.005288
11,ours-406478,825,0.003836
11,KACTL,825,0.067982
11,393435,826,0.005308
11,ours-406478,826,0.003825
11,KACTL,826,0.068053
11,simd-v0,826,0.010076
11,ours-406478,827,0.003826
11,KACTL,827,0.068042
11,simd-v0,827,0.010055
11,393435,827,0.005288
11,KACTL,828,0.067923
11,simd-v0,828,0.010086
11,393435,828,0.005298
11,ours-406478,828,0.003816
11,simd-v0,829,0.010076
11,393435,829,0.005288
11,ours-406478,829,0.003846
11,KACTL,829,0.067993
11,393435,830,0.005298
11,ours-406478,830,0.003816
11,KACTL,830,0.068022
11,simd-v0,830,0.010065
11,ours-406478,831,0.003815
11,KACTL,831,0.068043
11,simd-v0,831,0.010065
11,393435,831,0.005308
11,KACTL,832,0.067942
11,simd-v0,832,0.010095
11,393435,832,0.005288
11,ours-406478,832,0.003826
11,simd-v0,833,0.010065
11,393435,833,0.005318
11,ours-406478,833,0.003826
11,KACTL,833,0.068032
11,393435,834,0.005298
11,ours-406478,834,0.003825
11,KACTL,834,0.073631
11,simd-v0,834,0.010025
11,ours-406478,835,0.003815
11,KACTL,835,0.068143
11,simd-v0,835,0.010116
11,393435,835,0.005288
11,KACTL,836,0.068013
11,simd-v0,836,0.010075
11,393435,836,0.005278
11,ours-406478,836,0.003826
11,simd-v0,837,0.010035
11,393435,837,0.005288
11,ours-406478,837,0.003825
11,KACTL,837,0.068083
11,393435,838,0.005298
11,ours-406478,838,0.003806
11,KACTL,838,0.067972
11,simd-v0,838,0.010045
11,ours-406478,839,0.003825
11,KACTL,839,0.067902
11,simd-v0,839,0.010035
11,393435,839,0.005278
11,KACTL,840,0.067913
11,simd-v0,840,0.010036
11,393435,840,0.005298
11,ours-406478,840,0.003836
11,simd-v0,841,0.010035
11,393435,841,0.005298
11,ours-406478,841,0.003825
11,KACTL,841,0.067923
11,393435,842,0.005288
11,ours-406478,842,0.003806
11,KACTL,842,0.067983
11,simd-v0,842,0.010046
11,ours-406478,843,0.003816
11,KACTL,843,0.068173
11,simd-v0,843,0.010055
11,393435,843,0.005308
11,KACTL,844,0.067922
11,simd-v0,844,0.010055
11,393435,844,0.005288
11,ours-406478,844,0.003836
11,simd-v0,845,0.010055
11,393435,845,0.005298
11,ours-406478,845,0.003826
11,KACTL,845,0.073630
11,393435,846,0.005298
11,ours-406478,846,0.003806
11,KACTL,846,0.067893
11,simd-v0,846,0.010035
11,ours-406478,847,0.003826
11,KACTL,847,0.067862
11,simd-v0,847,0.010055
11,393435,847,0.005288
11,KACTL,848,0.067882
11,simd-v0,848,0.010045
11,393435,848,0.005288
11,ours-406478,848,0.003826
11,simd-v0,849,0.010025
11,393435,849,0.005298
11,ours-406478,849,0.003826
11,KACTL,849,0.067972
11,393435,850,0.005288
11,ours-406478,850,0.003795
11,KACTL,850,0.067832
11,simd-v0,850,0.010035
11,ours-406478,851,0.003815
11,KACTL,851,0.067922
11,simd-v0,851,0.010055
11,393435,851,0.005288
11,KACTL,852,0.067822
11,simd-v0,852,0.010015
11,393435,852,0.005278
11,ours-406478,852,0.003805
11,simd-v0,853,0.010015
11,393435,853,0.005288
11,ours-406478,853,0.003816
11,KACTL,853,0.068012
11,393435,854,0.005288
11,ours-406478,854,0.003796
11,KACTL,854,0.067973
11,simd-v0,854,0.010056
11,ours-406478,855,0.003806
11,KACTL,855,0.068062
11,simd-v0,855,0.010035
11,393435,855,0.005278
11,KACTL,856,0.072920
11,simd-v0,856,0.010015
11,393435,856,0.005278
11,ours-406478,856,0.003836
11,simd-v0,857,0.010055
11,393435,857,0.005288
11,ours-406478,857,0.003836
11,KACTL,857,0.067992
11,393435,858,0.005288
11,ours-406478,858,0.003815
11,KACTL,858,0.067792
11,simd-v0,858,0.010065
11,ours-406478,859,0.003825
11,KACTL,859,0.067892
11,simd-v0,859,0.010065
11,393435,859,0.005298
11,KACTL,860,0.067922
11,simd-v0,860,0.010045
11,393435,860,0.005278
11,ours-406478,860,0.003826
11,simd-v0,861,0.010045
11,393435,861,0.005288
11,ours-406478,861,0.003826
11,KACTL,861,0.067923
11,393435,862,0.005277
11,ours-406478,862,0.003806
11,KACTL,862,0.067852
11,simd-v0,862,0.010055
11,ours-406478,863,0.003816
11,KACTL,863,0.067902
11,simd-v0,863,0.010065
11,393435,863,0.005288
11,KACTL,864,0.067843
11,simd-v0,864,0.010025
11,393435,864,0.005298
11,ours-406478,864,0.003825
11,simd-v0,865,0.010035
11,393435,865,0.005268
11,ours-406478,865,0.003806
11,KACTL,865,0.067962
11,393435,866,0.005298
11,ours-406478,866,0.003796
11,KACTL,866,0.067902
11,simd-v0,866,0.010055
11,ours-406478,867,0.003816
11,KACTL,867,0.067853
11,simd-v0,867,0.015233
11,393435,867,0.005288
11,KACTL,868,0.067832
11,simd-v0,868,0.010045
11,393435,868,0.005278
11,ours-406478,868,0.003816
11,simd-v0,869,0.010045
11,393435,869,0.005288
11,ours-406478,869,0.003805
11,KACTL,869,0.067913
11,393435,870,0.005278
11,ours-406478,870,0.003806
11,KACTL,870,0.067692
11,simd-v0,870,0.010045
11,ours-406478,871,0.003795
11,KACTL,871,0.067953
11,simd-v0,871,0.010035
11,393435,871,0.005288
11,KACTL,872,0.067772
11,simd-v0,872,0.010036
11,393435,872,0.005278
11,ours-406478,872,0.003806
11,simd-v0,873,0.010015
11,393435,873,0.005278
11,ours-406478,873,0.003825
11,KACTL,873,0.067812
11,393435,874,0.005288
11,ours-406478,874,0.003805
11,KACTL,874,0.067712
11,simd-v0,874,0.010025
11,ours-406478,875,0.003805
11,KACTL,875,0.067782
11,simd-v0,875,0.010025
11,393435,875,0.005288
11,KACTL,876,0.067842
11,simd-v0,876,0.010045
11,393435,876,0.005268
11,ours-406478,876,0.003806
11,simd-v0,877,0.010015
11,393435,877,0.005278
11,ours-406478,877,0.003816
11,KACTL,877,0.067732
11,393435,878,0.005278
11,ours-406478,878,0.003796
11,KACTL,878,0.067682
11,simd-v0,878,0.010035
11,ours-406478,879,0.003816
11,KACTL,879,0.073161
11,simd-v0,879,0.010026
11,393435,879,0.005298
11,KACTL,880,0.067982
11,simd-v0,880,0.010035
11,393435,880,0.005278
11,ours-406478,880,0.003816
11,simd-v0,881,0.009995
11,393435,881,0.005258
11,ours-406478,881,0.003816
11,KACTL,881,0.067802
11,393435,882,0.005268
11,ours-406478,882,0.003796
11,KACTL,882,0.067641
11,simd-v0,882,0.009995
11,ours-406478,883,0.003806
11,KACTL,883,0.067883
11,simd-v0,883,0.010025
11,393435,883,0.005268
11,KACTL,884,0.067752
11,simd-v0,884,0.009985
11,393435,884,0.005278
11,ours-406478,884,0.003806
11,simd-v0,885,0.010005
11,393435,885,0.005288
11,ours-406478,885,0.003825
11,KACTL,885,0.067782
11,393435,886,0.005248
11,ours-406478,886,0.003795
11,KACTL,886,0.067962
11,simd-v0,886,0.010025
11,ours-406478,887,0.003786
11,KACTL,887,0.067732
11,simd-v0,887,0.010015
11,393435,887,0.005268
11,KACTL,888,0.067742
11,simd-v0,888,0.010025
11,393435,888,0.005288
11,ours-406478,888,0.003806
11,simd-v0,889,0.010005
11,393435,889,0.005288
11,ours-406478,889,0.003826
11,KACTL,889,0.067662
11,393435,890,0.005278
11,ours-406478,890,0.003796
11,KACTL,890,0.073041
11,simd-v0,890,0.010035
11,ours-406478,891,0.003816
11,KACTL,891,0.067862
11,simd-v0,891,0.010036
11,393435,891,0.005268
11,KACTL,892,0.067672
11,simd-v0,892,0.009975
11,393435,892,0.005258
11,ours-406478,892,0.003816
11,simd-v0,893,0.010005
11,393435,893,0.005268
11,ours-406478,893,0.003815
11,KACTL,893,0.067602
11,393435,894,0.005287
11,ours-406478,894,0.003806
11,KACTL,894,0.067752
11,simd-v0,894,0.010015
11,ours-406478,895,0.003796
11,KACTL,895,0.067662
11,simd-v0,895,0.010015
11,393435,895,0.005268
11,KACTL,896,0.067631
11,simd-v0,896,0.009995
11,393435,896,0.005288
11,ours-406478,896,0.003806
11,simd-v0,897,0.009985
11,393435,897,0.005278
11,ours-406478,897,0.003796
11,KACTL,897,0.067722
11,393435,898,0.005268
11,ours-406478,898,0.003796
11,KACTL,898,0.067752
11,simd-v0,898,0.010015
11,ours-406478,899,0.003806
11,KACTL,899,0.069195
11,simd-v0,899,0.010015
11,393435,899,0.005278
11,KACTL,900,0.067702
11,simd-v0,900,0.009996
11,393435,900,0.005268
11,ours-406478,900,0.003806
11,simd-v0,901,0.010005
11,393435,901,0.005268
11,ours-406478,901,0.003805
11,KACTL,901,0.073130
11,393435,902,0.005248
11,ours-406478,902,0.003795
11,KACTL,902,0.067712
11,simd-v0,902,0.010015
11,ours-406478,903,0.003806
11,KACTL,903,0.067572
11,simd-v0,903,0.010025
11,393435,903,0.005268
11,KACTL,904,0.067672
11,simd-v0,904,0.010006
11,393435,904,0.005268
11,ours-406478,904,0.003816
11,simd-v0,905,0.010015
11,393435,905,0.005268
11,ours-406478,905,0.003805
11,KACTL,905,0.067642
11,393435,906,0.005278
11,ours-406478,906,0.003796
11,KACTL,906,0.067692
11,simd-v0,906,0.010036
11,ours-406478,907,0.003806
11,KACTL,907,0.067692
11,simd-v0,907,0.010035
11,393435,907,0.005278
11,KACTL,908,0.067742
11,simd-v0,908,0.009985
11,393435,908,0.005278
11,ours-406478,908,0.003816
11,simd-v0,909,0.010005
11,393435,909,0.005267
11,ours-406478,909,0.003816
11,KACTL,909,0.067682
11,393435,910,0.005268
11,ours-406478,910,0.003785
11,KACTL,910,0.067732
11,simd-v0,910,0.010015
11,ours-406478,911,0.003816
11,KACTL,911,0.067572
11,simd-v0,911,0.010025
11,393435,911,0.005278
11,KACTL,912,0.073050
11,simd-v0,912,0.010005
11,393435,912,0.005258
11,ours-406478,912,0.003786
11,simd-v0,913,0.010005
11,393435,913,0.005258
11,ours-406478,913,0.003816
11,KACTL,913,0.067612
11,393435,914,0.005258
11,ours-406478,914,0.003785
11,KACTL,914,0.067542
11,simd-v0,914,0.009995
11,ours-406478,915,0.003796
11,KACTL,915,0.067481
11,simd-v0,915,0.009985
11,393435,915,0.005278
11,KACTL,916,0.067532
11,simd-v0,916,0.009995
11,393435,916,0.005258
11,ours-406478,916,0.003816
11,simd-v0,917,0.010006
11,393435,917,0.005258
11,ours-406478,917,0.003806
11,KACTL,917,0.067512
11,393435,918,0.005268
11,ours-406478,918,0.003796
11,KACTL,918,0.067541
11,simd-v0,918,0.010015
11,ours-406478,919,0.003795
11,KACTL,919,0.067742
11,simd-v0,919,0.010025
11,393435,919,0.005278
11,KACTL,920,0.067552
11,simd-v0,920,0.009985
11,393435,920,0.005247
11,ours-406478,920,0.003806
11,simd-v0,921,0.009986
11,393435,921,0.005248
11,ours-406478,921,0.003785
11,KACTL,921,0.067552
11,393435,922,0.005278
11,ours-406478,922,0.003796
11,KACTL,922,0.067692
11,simd-v0,922,0.009975
11,ours-406478,923,0.003806
11,KACTL,923,0.067662
11,simd-v0,923,0.010025
11,393435,923,0.010416
11,KACTL,924,0.067512
11,simd-v0,924,0.010005
11,393435,924,0.005277
11,ours-406478,924,0.003806
11,simd-v0,925,0.009975
11,393435,925,0.005258
11,ours-406478,925,0.003806
11,KACTL,925,0.067552
11,393435,926,0.005238
11,ours-406478,926,0.003786
11,KACTL,926,0.067572
11,simd-v0,926,0.009985
11,ours-406478,927,0.003796
11,KACTL,927,0.067542
11,simd-v0,927,0.009985
11,393435,927,0.005258
11,KACTL,928,0.067452
11,simd-v0,928,0.009975
11,393435,928,0.005268
11,ours-406478,928,0.003796
11,simd-v0,929,0.009965
11,393435,929,0.005268
11,ours-406478,929,0.003805
11,KACTL,929,0.067402
11,393435,930,0.005258
11,ours-406478,930,0.003775
11,KACTL,930,0.067662
11,simd-v0,930,0.009985
11,ours-406478,931,0.003785
11,KACTL,931,0.067442
11,simd-v0,931,0.010015
11,393435,931,0.005258
11,KACTL,932,0.067501
11,simd-v0,932,0.009945
11,393435,932,0.005268
11,ours-406478,932,0.003796
11,simd-v0,933,0.009965
11,393435,933,0.005248
11,ours-406478,933,0.003806
11,KACTL,933,0.067432
11,393435,934,0.005248
11,ours-406478,934,0.003786
11,KACTL,934,0.067532
11,simd-v0,934,0.009985
11,ours-406478,935,0.003786
11,KACTL,935,0.072610
11,simd-v0,935,0.009975
11,393435,935,0.005238
11,KACTL,936,0.067481
11,simd-v0,936,0.009995
11,393435,936,0.005268
11,ours-406478,936,0.003806
11,simd-v0,937,0.009965
11,393435,937,0.005268
11,ours-406478,937,0.003796
11,KACTL,937,0.067471
11,393435,938,0.005238
11,ours-406478,938,0.003776
11,KACTL,938,0.067331
11,simd-v0,938,0.009985
11,ours-406478,939,0.003795
11,KACTL,939,0.067542
11,simd-v0,939,0.010006
11,393435,939,0.005248
11,KACTL,940,0.067391
11,simd-v0,940,0.009945
11,393435,940,0.005258
11,ours-406478,940,0.003786
11,simd-v0,941,0.009925
11,393435,941,0.005238
11,ours-406478,941,0.003796
11,KACTL,941,0.067432
11,393435,942,0.005258
11,ours-406478,942,0.003786
11,KACTL,942,0.067541
11,simd-v0,942,0.009965
11,ours-406478,943,0.003785
11,KACTL,943,0.067362
11,simd-v0,943,0.009995
11,393435,943,0.005258
11,KACTL,944,0.067451
11,simd-v0,944,0.009955
11,393435,944,0.005258
11,ours-406478,944,0.003786
11,simd-v0,945,0.009945
11,393435,945,0.005248
11,ours-406478,945,0.003815
11,KACTL,945,0.067502
11,393435,946,0.005247
11,ours-406478,946,0.003776
11,KACTL,946,0.072500
11,simd-v0,946,0.009965
11,ours-406478,947,0.003776
11,KACTL,947,0.067381
11,simd-v0,947,0.009985
11,393435,947,0.005257
11,KACTL,948,0.067422
11,simd-v0,948,0.009995
11,393435,948,0.005258
11,ours-406478,948,0.003805
11,simd-v0,949,0.009985
11,393435,949,0.005258
11,ours-406478,949,0.003786
11,KACTL,949,0.067441
11,393435,950,0.005238
11,ours-406478,950,0.003775
11,KACTL,950,0.067401
11,simd-v0,950,0.009965
11,ours-406478,951,0.003775
11,KACTL,951,0.067332
11,simd-v0,951,0.010005
11,393435,951,0.005248
11,KACTL,952,0.067322
11,simd-v0,952,0.009945
11,393435,952,0.005268
11,ours-406478,952,0.003796
11,simd-v0,953,0.009965
11,393435,953,0.005248
11,ours-406478,953,0.003796
11,KACTL,953,0.067301
11,393435,954,0.005258
11,ours-406478,954,0.003775
11,KACTL,954,0.067412
11,simd-v0,954,0.009965
11,ours-406478,955,0.003786
11,KACTL,955,0.067352
11,simd-v0,955,0.009955
11,393435,955,0.005238
11,KACTL,956,0.067401
11,simd-v0,956,0.009985
11,393435,956,0.005258
11,ours-406478,956,0.003776
11,simd-v0,957,0.009965
11,393435,957,0.005258
11,ours-406478,957,0.003796
11,KACTL,957,0.072810
11,393435,958,0.005248
11,ours-406478,958,0.003776
11,KACTL,958,0.067411
11,simd-v0,958,0.009995
11,ours-406478,959,0.003776
11,KACTL,959,0.067322
11,simd-v0,959,0.009955
11,393435,959,0.005238
11,KACTL,960,0.067221
11,simd-v0,960,0.009955
11,393435,960,0.005248
11,ours-406478,960,0.003775
11,simd-v0,961,0.009935
11,393435,961,0.005238
11,ours-406478,961,0.003786
11,KACTL,961,0.067251
11,393435,962,0.005248
11,ours-406478,962,0.003776
11,KACTL,962,0.067231
11,simd-v0,962,0.010005
11,ours-406478,963,0.003786
11,KACTL,963,0.067371
11,simd-v0,963,0.009985
11,393435,963,0.005258
11,KACTL,964,0.067362
11,simd-v0,964,0.009934
11,393435,964,0.005228
11,ours-406478,964,0.003785
11,simd-v0,965,0.009945
11,393435,965,0.005228
11,ours-406478,965,0.003776
11,KACTL,965,0.067271
11,393435,966,0.005238
11,ours-406478,966,0.003776
11,KACTL,966,0.067331
11,simd-v0,966,0.009955
11,ours-406478,967,0.003776
11,KACTL,967,0.067461
11,simd-v0,967,0.009965
11,393435,967,0.005248
11,KACTL,968,0.067322
11,simd-v0,968,0.009945
11,393435,968,0.005228
11,ours-406478,968,0.003785
11,simd-v0,969,0.016285
11,393435,969,0.005248
11,ours-406478,969,0.003796
11,KACTL,969,0.067302
11,393435,970,0.005258
11,ours-406478,970,0.003776
11,KACTL,970,0.067352
11,simd-v0,970,0.009955
11,ours-406478,971,0.003796
11,KACTL,971,0.067471
11,simd-v0,971,0.009975
11,393435,971,0.005248
11,KACTL,972,0.067332
11,simd-v0,972,0.009925
11,393435,972,0.005238
11,ours-406478,972,0.003775
11,simd-v0,973,0.009945
11,393435,973,0.005228
11,ours-406478,973,0.003786
11,KACTL,973,0.067351
11,393435,974,0.005248
11,ours-406478,974,0.003766
11,KACTL,974,0.067271
11,simd-v0,974,0.009945
11,ours-406478,975,0.003775
11,KACTL,975,0.067412
11,simd-v0,975,0.009945
11,393435,975,0.005238
11,KACTL,976,0.067181
11,simd-v0,976,0.009935
11,393435,976,0.005238
11,ours-406478,976,0.003785
11,simd-v0,977,0.009935
11,393435,977,0.005248
11,ours-406478,977,0.003796
11,KACTL,977,0.067291
11,393435,978,0.005248
11,ours-406478,978,0.003766
11,KACTL,978,0.067221
11,simd-v0,978,0.009965
11,ours-406478,979,0.003776
11,KACTL,979,0.067311
11,simd-v0,979,0.009975
11,393435,979,0.005237
11,KACTL,980,0.072580
11,simd-v0,980,0.009945
11,393435,980,0.005248
11,ours-406478,980,0.003785
11,simd-v0,981,0.009935
11,393435,981,0.005247
11,ours-406478,981,0.003786
11,KACTL,981,0.067401
11,393435,982,0.005238
11,ours-406478,982,0.003776
11,KACTL,982,0.067251
11,simd-v0,982,0.009965
11,ours-406478,983,0.003776
11,KACTL,983,0.067281
11,simd-v0,983,0.009975
11,393435,983,0.005237
11,KACTL,984,0.067191
11,simd-v0,984,0.009905
11,393435,984,0.005238
11,ours-406478,984,0.003796
11,simd-v0,985,0.009955
11,393435,985,0.005248
11,ours-406478,985,0.003786
11,KACTL,985,0.067171
11,393435,986,0.005248
11,ours-406478,986,0.003775
11,KACTL,986,0.067181
11,simd-v0,986,0.009945
11,ours-406478,987,0.003785
11,KACTL,987,0.067362
11,simd-v0,987,0.009945
11,393435,987,0.005248
11,KACTL,988,0.067342
11,simd-v0,988,0.009965
11,393435,988,0.005248
11,ours-406478,988,0.003785
11,simd-v0,989,0.009935
11,393435,989,0.005238
11,ours-406478,989,0.003786
11,KACTL,989,0.067361
11,393435,990,0.005238
11,ours-406478,990,0.003776
11,KACTL,990,0.067221
11,simd-v0,990,0.009935
11,ours-406478,991,0.003776
11,KACTL,991,0.072549
11,simd-v0,991,0.009945
11,393435,991,0.005227
11,KACTL,992,0.067422
11,simd-v0,992,0.009925
11,393435,992,0.005238
11,ours-406478,992,0.003786
11,simd-v0,993,0.009925
11,393435,993,0.005258
11,ours-406478,993,0.003785
11,KACTL,993,0.067312
11,393435,994,0.005238
11,ours-406478,994,0.003755
11,KACTL,994,0.067262
11,simd-v0,994,0.009945
11,ours-406478,995,0.003786
11,KACTL,995,0.067272
11,simd-v0,995,0.009965
11,393435,995,0.005258
11,KACTL,996,0.067301
11,simd-v0,996,0.009935
11,393435,996,0.005228
11,ours-406478,996,0.003776
11,simd-v0,997,0.009935
11,393435,997,0.005218
11,ours-406478,997,0.003776
11,KACTL,997,0.067231
11,393435,998,0.005238
11,ours-406478,998,0.003766
11,KACTL,998,0.067141
11,simd-v0,998,0.009945
11,ours-406478,999,0.003766
11,KACTL,999,0.067281
11,simd-v0,999,0.009965
11,393435,999,0.005238
11,KACTL,1000,0.067121
11,simd-v0,1000,0.009935
11,393435,1000,0.005228
11,ours-406478,1000,0.003795
12,KACTL,0,0.144438
12,simd-v0,0,0.019349
12,393435,0,0.011978
12,ours-406478,0,0.008072
12,simd-v0,1,0.019369
12,393435,1,0.011969
12,ours-406478,1,0.008032
12,KACTL,1,0.146050
12,393435,2,0.011978
12,ours-406478,2,0.008022
12,KACTL,2,0.149315
12,simd-v0,2,0.022414
12,ours-406478,3,0.008773
12,KACTL,3,0.146651
12,simd-v0,3,0.019379
12,393435,3,0.012038
12,KACTL,4,0.144448
12,simd-v0,4,0.019359
12,393435,4,0.011948
12,ours-406478,4,0.008062
12,simd-v0,5,0.019349
12,393435,5,0.011978
12,ours-406478,5,0.008022
12,KACTL,5,0.144397
12,393435,6,0.011958
12,ours-406478,6,0.008032
12,KACTL,6,0.144188
12,simd-v0,6,0.019349
12,ours-406478,7,0.008052
12,KACTL,7,0.150988
12,simd-v0,7,0.019339
12,393435,7,0.011978
12,KACTL,8,0.159521
12,simd-v0,8,0.019349
12,393435,8,0.011978
12,ours-406478,8,0.008684
12,simd-v0,9,0.019369
12,393435,9,0.011948
12,ours-406478,9,0.008042
12,KACTL,9,0.144688
12,393435,10,0.011968
12,ours-406478,10,0.008033
12,KACTL,10,0.144327
12,simd-v0,10,0.019380
12,ours-406478,11,0.008012
12,KACTL,11,0.144327
12,simd-v0,11,0.019359
12,393435,11,0.011959
12,KACTL,12,0.144177
12,simd-v0,12,0.019369
12,393435,12,0.011958
12,ours-406478,12,0.008042
12,simd-v0,13,0.019340
12,393435,13,0.011958
12,ours-406478,13,0.008032
12,KACTL,13,0.150026
12,393435,14,0.011968
12,ours-406478,14,0.008062
12,KACTL,14,0.144637
12,simd-v0,14,0.019389
12,ours-406478,15,0.008012
12,KACTL,15,0.144448
12,simd-v0,15,0.019349
12,393435,15,0.011938
12,KACTL,16,0.144387
12,simd-v0,16,0.019350
12,393435,16,0.011948
12,ours-406478,16,0.008042
12,simd-v0,17,0.019369
12,393435,17,0.011968
12,ours-406478,17,0.008043
12,KACTL,17,0.144367
12,393435,18,0.011968
12,ours-406478,18,0.008022
12,KACTL,18,0.149575
12,simd-v0,18,0.019369
12,ours-406478,19,0.008022
12,KACTL,19,0.144438
12,simd-v0,19,0.019369
12,393435,19,0.011968
12,KACTL,20,0.144308
12,simd-v0,20,0.019359
12,393435,20,0.011948
12,ours-406478,20,0.008062
12,simd-v0,21,0.019340
12,393435,21,0.011978
12,ours-406478,21,0.008052
12,KACTL,21,0.144788
12,393435,22,0.011968
12,ours-406478,22,0.008012
12,KACTL,22,0.144438
12,simd-v0,22,0.019349
12,ours-406478,23,0.008022
12,KACTL,23,0.144408
12,simd-v0,23,0.019399
12,393435,23,0.011998
12,KACTL,24,0.153851
12,simd-v0,24,0.019379
12,393435,24,0.011968
12,ours-406478,24,0.008072
12,simd-v0,25,0.019369
12,393435,25,0.011968
12,ours-406478,25,0.008063
12,KACTL,25,0.144497
12,393435,26,0.011979
12,ours-406478,26,0.008032
12,KACTL,26,0.144488
12,simd-v0,26,0.019359
12,ours-406478,27,0.008032
12,KACTL,27,0.144428
12,simd-v0,27,0.019379
12,393435,27,0.011958
12,KACTL,28,0.144358
12,simd-v0,28,0.019359
12,393435,28,0.011978
12,ours-406478,28,0.008042
12,simd-v0,29,0.019389
12,393435,29,0.011968
12,ours-406478,29,0.008043
12,KACTL,29,0.150156
12,393435,30,0.011948
12,ours-406478,30,0.008022
12,KACTL,30,0.144488
12,simd-v0,30,0.019369
12,ours-406478,31,0.008032
12,KACTL,31,0.144647
12,simd-v0,31,0.019330
12,393435,31,0.011958
12,KACTL,32,0.144437
12,simd-v0,32,0.019360
12,393435,32,0.011958
12,ours-406478,32,0.008032
12,simd-v0,33,0.019349
12,393435,33,0.011999
12,ours-406478,33,0.008012
12,KACTL,33,0.144538
12,393435,34,0.012008
12,ours-406478,34,0.008022
12,KACTL,34,0.154383
12,simd-v0,34,0.019329
12,ours-406478,35,0.008072
12,KACTL,35,0.144528
12,simd-v0,35,0.019369
12,393435,35,0.011998
12,KACTL,36,0.144738
12,simd-v0,36,0.019379
12,393435,36,0.011968
12,ours-406478,36,0.008062
12,simd-v0,37,0.019369
12,393435,37,0.011938
12,ours-406478,37,0.008022
12,KACTL,37,0.144758
12,393435,38,0.011958
12,ours-406478,38,0.008032
12,KACTL,38,0.144277
12,simd-v0,38,0.019399
12,ours-406478,39,0.008042
12,KACTL,39,0.144448
12,simd-v0,39,0.024838
12,393435,39,0.011948
12,KACTL,40,0.144548
12,simd-v0,40,0.019379
12,393435,40,0.011948
12,ours-406478,40,0.008042
12,simd-v0,41,0.019369
12,393435,41,0.011978
12,ours-406478,41,0.008043
12,KACTL,41,0.144407
12,393435,42,0.011968
12,ours-406478,42,0.008033
12,KACTL,42,0.144557
12,simd-v0,42,0.019339
12,ours-406478,43,0.008012
12,KACTL,43,0.144578
12,simd-v0,43,0.019369
12,393435,43,0.011968
12,KACTL,44,0.144458
12,simd-v0,44,0.019369
12,393435,44,0.011998
12,ours-406478,44,0.008032
12,simd-v0,45,0.019350
12,393435,45,0.011978
12,ours-406478,45,0.008052
12,KACTL,45,0.149896
12,393435,46,0.011928
12,ours-406478,46,0.008062
12,KACTL,46,0.144548
12,simd-v0,46,0.019369
12,ours-406478,47,0.008032
12,KACTL,47,0.144567
12,simd-v0,47,0.019370
12,393435,47,0.012008
12,KACTL,48,0.144347
12,simd-v0,48,0.019390
12,393435,48,0.011978
12,ours-406478,48,0.008052
12,simd-v0,49,0.019389
12,393435,49,0.011988
12,ours-406478,49,0.008043
12,KACTL,49,0.144537
12,393435,50,0.011948
12,ours-406478,50,0.008032
12,KACTL,50,0.149926
12,simd-v0,50,0.019349
12,ours-406478,51,0.008022
12,KACTL,51,0.144598
12,simd-v0,51,0.019389
12,393435,51,0.011938
12,KACTL,52,0.144338
12,simd-v0,52,0.019339
12,393435,52,0.011958
12,ours-406478,52,0.008042
12,simd-v0,53,0.019340
12,393435,53,0.011958
12,ours-406478,53,0.008052
12,KACTL,53,0.144167
12,393435,54,0.011978
12,ours-406478,54,0.008012
12,KACTL,54,0.146041
12,simd-v0,54,0.019379
12,ours-406478,55,0.008012
12,KACTL,55,0.144438
12,simd-v0,55,0.024737
12,393435,55,0.011988
12,KACTL,56,0.144378
12,simd-v0,56,0.019389
12,393435,56,0.011968
12,ours-406478,56,0.008042
12,simd-v0,57,0.019350
12,393435,57,0.011988
12,ours-406478,57,0.008032
12,KACTL,57,0.144428
12,393435,58,0.011978
12,ours-406478,58,0.008032
12,KACTL,58,0.144297
12,simd-v0,58,0.019380
12,ours-406478,59,0.007992
12,KACTL,59,0.144307
12,simd-v0,59,0.019349
12,393435,59,0.011948
12,KACTL,60,0.150377
12,simd-v0,60,0.019359
12,393435,60,0.011998
12,ours-406478,60,0.008122
12,simd-v0,61,0.019359
12,393435,61,0.011958
12,ours-406478,61,0.013611
12,KACTL,61,0.144678
12,393435,62,0.011998
12,ours-406478,62,0.008022
12,KACTL,62,0.144538
12,simd-v0,62,0.019409
12,ours-406478,63,0.008042
12,KACTL,63,0.144838
12,simd-v0,63,0.019369
12,393435,63,0.011988
12,KACTL,64,0.144498
12,simd-v0,64,0.019369
12,393435,64,0.011968
12,ours-406478,64,0.008033
12,simd-v0,65,0.019359
12,393435,65,0.011938
12,ours-406478,65,0.008062
12,KACTL,65,0.144688
12,393435,66,0.012008
12,ours-406478,66,0.008033
12,KACTL,66,0.149926
12,simd-v0,66,0.019359
12,ours-406478,67,0.008032
12,KACTL,67,0.144448
12,simd-v0,67,0.019359
12,393435,67,0.011988
12,KACTL,68,0.144338
12,simd-v0,68,0.019369
12,393435,68,0.011988
12,ours-406478,68,0.008052
12,simd-v0,69,0.019349
12,393435,69,0.011998
12,ours-406478,69,0.008022
12,KACTL,69,0.144528
12,393435,70,0.011948
12,ours-406478,70,0.008012
12,KACTL,70,0.144227
12,simd-v0,70,0.019359
12,ours-406478,71,0.008022
12,KACTL,71,0.144317
12,simd-v0,71,0.024627
12,393435,71,0.011968
12,KACTL,72,0.144398
12,simd-v0,72,0.019329
12,393435,72,0.011948
12,ours-406478,72,0.008042
12,simd-v0,73,0.019330
12,393435,73,0.011978
12,ours-406478,73,0.008022
12,KACTL,73,0.144377
12,393435,74,0.011978
12,ours-406478,74,0.008023
12,KACTL,74,0.144237
12,simd-v0,74,0.019339
12,ours-406478,75,0.008022
12,KACTL,75,0.144328
12,simd-v0,75,0.019359
12,393435,75,0.011918
12,KACTL,76,0.144558
12,simd-v0,76,0.019369
12,393435,76,0.011968
12,ours-406478,76,0.008033
12,simd-v0,77,0.019359
12,393435,77,0.011948
12,ours-406478,77,0.008052
12,KACTL,77,0.144417
12,393435,78,0.011958
12,ours-406478,78,0.008002
12,KACTL,78,0.144377
12,simd-v0,78,0.019360
12,ours-406478,79,0.008002
12,KACTL,79,0.144628
12,simd-v0,79,0.019359
12,393435,79,0.011948
12,KACTL,80,0.144518
12,simd-v0,80,0.019389
12,393435,80,0.011968
12,ours-406478,80,0.008063
12,simd-v0,81,0.019379
12,393435,81,0.011958
12,ours-406478,81,0.008052
12,KACTL,81,0.144258
12,393435,82,0.011998
12,ours-406478,82,0.008022
12,KACTL,82,0.149585
12,simd-v0,82,0.019369
12,ours-406478,83,0.008052
12,KACTL,83,0.144237
12,simd-v0,83,0.019359
12,393435,83,0.011998
12,KACTL,84,0.144407
12,simd-v0,84,0.019339
12,393435,84,0.011968
12,ours-406478,84,0.008002
12,simd-v0,85,0.019359
12,393435,85,0.011958
12,ours-406478,85,0.008022
12,KACTL,85,0.144248
12,393435,86,0.011968
12,ours-406478,86,0.008002
12,KACTL,86,0.144207
12,simd-v0,86,0.019359
12,ours-406478,87,0.008043
12,KACTL,87,0.149585
12,simd-v0,87,0.019339
12,393435,87,0.011958
12,KACTL,88,0.144358
12,simd-v0,88,0.019329
12,393435,88,0.011968
12,ours-406478,88,0.008012
12,simd-v0,89,0.019370
12,393435,89,0.011958
12,ours-406478,89,0.008042
12,KACTL,89,0.144498
12,393435,90,0.011948
12,ours-406478,90,0.008022
12,KACTL,90,0.144488
12,simd-v0,90,0.019379
12,ours-406478,91,0.007982
12,KACTL,91,0.144438
12,simd-v0,91,0.019379
12,393435,91,0.011988
12,KACTL,92,0.144698
12,simd-v0,92,0.019340
12,393435,92,0.011968
12,ours-406478,92,0.008052
12,simd-v0,93,0.019349
12,393435,93,0.017186
12,ours-406478,93,0.008052
12,KACTL,93,0.145109
12,393435,94,0.011968
12,ours-406478,94,0.008052
12,KACTL,94,0.144558
12,simd-v0,94,0.019389
12,ours-406478,95,0.008033
12,KACTL,95,0.144698
12,simd-v0,95,0.019319
12,393435,95,0.011978
12,KACTL,96,0.144398
12,simd-v0,96,0.019339
12,393435,96,0.011958
12,ours-406478,96,0.008032
12,simd-v0,97,0.019389
12,393435,97,0.011968
12,ours-406478,97,0.008073
12,KACTL,97,0.144517
12,393435,98,0.011998
12,ours-406478,98,0.008012
12,KACTL,98,0.149815
12,simd-v0,98,0.019379
12,ours-406478,99,0.008032
12,KACTL,99,0.144548
12,simd-v0,99,0.019379
12,393435,99,0.011988
12,KACTL,100,0.144628
12,simd-v0,100,0.019379
12,393435,100,0.011968
12,ours-406478,100,0.008032
12,simd-v0,101,0.019359
12,393435,101,0.011938
12,ours-406478,101,0.008042
12,KACTL,101,0.144508
12,393435,102,0.011978
12,ours-406478,102,0.008012
12,KACTL,102,0.144408
12,simd-v0,102,0.019389
12,ours-406478,103,0.008012
12,KACTL,103,0.149556
12,simd-v0,103,0.019399
12,393435,103,0.012008
12,KACTL,104,0.144318
12,simd-v0,104,0.019369
12,393435,104,0.011958
12,ours-406478,104,0.008052
12,simd-v0,105,0.019360
12,393435,105,0.011948
12,ours-406478,105,0.008032
12,KACTL,105,0.144678
12,393435,106,0.011958
12,ours-406478,106,0.008002
12,KACTL,106,0.144388
12,simd-v0,106,0.019329
12,ours-406478,107,0.008022
12,KACTL,107,0.144488
12,simd-v0,107,0.019379
12,393435,107,0.013751
12,KACTL,108,0.144217
12,simd-v0,108,0.019370
12,393435,108,0.011968
12,ours-406478,108,0.008032
12,simd-v0,109,0.019359
12,393435,109,0.018748
12,ours-406478,109,0.008062
12,KACTL,109,0.144528
12,393435,110,0.011978
12,ours-406478,110,0.008032
12,KACTL,110,0.144658
12,simd-v0,110,0.019349
12,ours-406478,111,0.008022
12,KACTL,111,0.144408
12,simd-v0,111,0.019379
12,393435,111,0.012008
12,KACTL,112,0.144428
12,simd-v0,112,0.019329
12,393435,112,0.011968
12,ours-406478,112,0.008022
12,simd-v0,113,0.019319
12,393435,113,0.011958
12,ours-406478,113,0.008042
12,KACTL,113,0.144257
12,393435,114,0.011948
12,ours-406478,114,0.008013
12,KACTL,114,0.149635
12,simd-v0,114,0.019390
12,ours-406478,115,0.008022
12,KACTL,115,0.144367
12,simd-v0,115,0.019370
12,393435,115,0.011978
12,KACTL,116,0.144267
12,simd-v0,116,0.019359
12,393435,116,0.011998
12,ours-406478,116,0.008053
12,simd-v0,117,0.019399
12,393435,117,0.011958
12,ours-406478,117,0.008042
12,KACTL,117,0.144498
12,393435,118,0.011968
12,ours-406478,118,0.008042
12,KACTL,118,0.144468
12,simd-v0,118,0.019389
12,ours-406478,119,0.008042
12,KACTL,119,0.149555
12,simd-v0,119,0.019359
12,393435,119,0.011948
12,KACTL,120,0.144608
12,simd-v0,120,0.019349
12,393435,120,0.011928
12,ours-406478,120,0.008063
12,simd-v0,121,0.019359
12,393435,121,0.011958
12,ours-406478,121,0.008042
12,KACTL,121,0.144428
12,393435,122,0.011958
12,ours-406478,122,0.008012
12,KACTL,122,0.144358
12,simd-v0,122,0.019329
12,ours-406478,123,0.008002
12,KACTL,123,0.144287
12,simd-v0,123,0.019400
12,393435,123,0.011958
12,KACTL,124,0.144628
12,simd-v0,124,0.019369
12,393435,124,0.011968
12,ours-406478,124,0.008022
12,simd-v0,125,0.024527
12,393435,125,0.011948
12,ours-406478,125,0.008042
12,KACTL,125,0.144257
12,393435,126,0.011988
12,ours-406478,126,0.008022
12,KACTL,126,0.144638
12,simd-v0,126,0.019339
12,ours-406478,127,0.008002
12,KACTL,127,0.144658
12,simd-v0,127,0.019369
12,393435,127,0.011978
12,KACTL,128,0.144408
12,simd-v0,128,0.019319
12,393435,128,0.011958
12,ours-406478,128,0.008033
12,simd-v0,129,0.019369
12,393435,129,0.011948
12,ours-406478,129,0.008042
12,KACTL,129,0.144548
12,393435,130,0.011968
12,ours-406478,130,0.008022
12,KACTL,130,0.149746
12,simd-v0,130,0.019359
12,ours-406478,131,0.008033
12,KACTL,131,0.144688
12,simd-v0,131,0.019359
12,393435,131,0.012008
12,KACTL,132,0.144358
12,simd-v0,132,0.019349
12,393435,132,0.011968
12,ours-406478,132,0.008032
12,simd-v0,133,0.019339
12,393435,133,0.011978
12,ours-406478,133,0.008023
12,KACTL,133,0.144397
12,393435,134,0.011988
12,ours-406478,134,0.008022
12,KACTL,134,0.144307
12,simd-v0,134,0.019399
12,ours-406478,135,0.008042
12,KACTL,135,0.149425
12,simd-v0,135,0.019359
12,393435,135,0.012008
12,KACTL,136,0.144558
12,simd-v0,136,0.019359
12,393435,136,0.011948
12,ours-406478,136,0.008073
12,simd-v0,137,0.019349
12,393435,137,0.011958
12,ours-406478,137,0.008032
12,KACTL,137,0.144588
12,393435,138,0.011988
12,ours-406478,138,0.008002
12,KACTL,138,0.144198
12,simd-v0,138,0.019349
12,ours-406478,139,0.008022
12,KACTL,139,0.144408
12,simd-v0,139,0.019379
12,393435,139,0.011968
12,KACTL,140,0.144067
12,simd-v0,140,0.019369
12,393435,140,0.011968
12,ours-406478,140,0.008043
12,simd-v0,141,0.024477
12,393435,141,0.011958
12,ours-406478,141,0.008052
12,KACTL,141,0.144428
12,393435,142,0.011988
12,ours-406478,142,0.008032
12,KACTL,142,0.144398
12,simd-v0,142,0.019349
12,ours-406478,143,0.008042
12,KACTL,143,0.144508
12,simd-v0,143,0.019359
12,393435,143,0.011958
12,KACTL,144,0.144688
12,simd-v0,144,0.019339
12,393435,144,0.011968
12,ours-406478,144,0.008023
12,simd-v0,145,0.019369
12,393435,145,0.011938
12,ours-406478,145,0.008032
12,KACTL,145,0.144288
12,393435,146,0.011998
12,ours-406478,146,0.008032
12,KACTL,146,0.149836
12,simd-v0,146,0.019369
12,ours-406478,147,0.008032
12,KACTL,147,0.144618
12,simd-v0,147,0.019359
12,393435,147,0.011998
12,KACTL,148,0.144297
12,simd-v0,148,0.019379
12,393435,148,0.012018
12,ours-406478,148,0.008052
12,simd-v0,149,0.019389
12,393435,149,0.011978
12,ours-406478,149,0.008042
12,KACTL,149,0.144438
12,393435,150,0.011968
12,ours-406478,150,0.008032
12,KACTL,150,0.144468
12,simd-v0,150,0.019349
12,ours-406478,151,0.008012
12,KACTL,151,0.149916
12,simd-v0,151,0.019370
12,393435,151,0.011998
12,KACTL,152,0.144397
12,simd-v0,152,0.019330
12,393435,152,0.012028
12,ours-406478,152,0.008032
12,simd-v0,153,0.019359
12,393435,153,0.011998
12,ours-406478,153,0.008012
12,KACTL,153,0.144417
12,393435,154,0.011958
12,ours-406478,154,0.008022
12,KACTL,154,0.144368
12,simd-v0,154,0.019359
12,ours-406478,155,0.008022
12,KACTL,155,0.144418
12,simd-v0,155,0.019359
12,393435,155,0.011958
12,KACTL,156,0.144238
12,simd-v0,156,0.019349
12,393435,156,0.011948
12,ours-406478,156,0.008042
12,simd-v0,157,0.024507
12,393435,157,0.011978
12,ours-406478,157,0.008073
12,KACTL,157,0.144487
12,393435,158,0.011968
12,ours-406478,158,0.008042
12,KACTL,158,0.144317
12,simd-v0,158,0.019369
12,ours-406478,159,0.008033
12,KACTL,159,0.144327
12,simd-v0,159,0.019339
12,393435,159,0.011978
12,KACTL,160,0.144477
12,simd-v0,160,0.019359
12,393435,160,0.011989
12,ours-406478,160,0.008022
12,simd-v0,161,0.019419
12,393435,161,0.011968
12,ours-406478,161,0.008032
12,KACTL,161,0.145770
12,393435,162,0.012028
12,ours-406478,162,0.008022
12,KACTL,162,0.150808
12,simd-v0,162,0.019379
12,ours-406478,163,0.008062
12,KACTL,163,0.144507
12,simd-v0,163,0.019379
12,393435,163,0.011978
12,KACTL,164,0.144628
12,simd-v0,164,0.019369
12,393435,164,0.011968
12,ours-406478,164,0.008032
12,simd-v0,165,0.019399
12,393435,165,0.011978
12,ours-406478,165,0.008052
12,KACTL,165,0.144587
12,393435,166,0.011969
12,ours-406478,166,0.008032
12,KACTL,166,0.144227
12,simd-v0,166,0.019379
12,ours-406478,167,0.008022
12,KACTL,167,0.149815
12,simd-v0,167,0.019380
12,393435,167,0.011968
12,KACTL,168,0.144357
12,simd-v0,168,0.019360
12,393435,168,0.011978
12,ours-406478,168,0.008032
12,simd-v0,169,0.019349
12,393435,169,0.011958
12,ours-406478,169,0.008002
12,KACTL,169,0.144568
12,393435,170,0.011998
12,ours-406478,170,0.008022
12,KACTL,170,0.144297
12,simd-v0,170,0.019399
12,ours-406478,171,0.008032
12,KACTL,171,0.144497
12,simd-v0,171,0.019390
12,393435,171,0.011978
12,KACTL,172,0.144618
12,simd-v0,172,0.019349
12,393435,172,0.011958
12,ours-406478,172,0.008052
12,simd-v0,173,0.024497
12,393435,173,0.011998
12,ours-406478,173,0.008042
12,KACTL,173,0.144417
12,393435,174,0.011968
12,ours-406478,174,0.007992
12,KACTL,174,0.144528
12,simd-v0,174,0.019400
12,ours-406478,175,0.007972
12,KACTL,175,0.144437
12,simd-v0,175,0.019339
12,393435,175,0.011978
12,KACTL,176,0.144547
12,simd-v0,176,0.019319
12,393435,176,0.011988
12,ours-406478,176,0.008042
12,simd-v0,177,0.019329
12,393435,177,0.011988
12,ours-406478,177,0.008012
12,KACTL,177,0.144498
12,393435,178,0.011948
12,ours-406478,178,0.008032
12,KACTL,178,0.149795
12,simd-v0,178,0.019350
12,ours-406478,179,0.008022
12,KACTL,179,0.144508
12,simd-v0,179,0.019400
12,393435,179,0.012008
12,KACTL,180,0.144307
12,simd-v0,180,0.019360
12,393435,180,0.011998
12,ours-406478,180,0.008052
12,simd-v0,181,0.019349
12,393435,181,0.011968
12,ours-406478,181,0.008022
12,KACTL,181,0.144688
12,393435,182,0.011958
12,ours-406478,182,0.008022
12,KACTL,182,0.144457
12,simd-v0,182,0.019370
12,ours-406478,183,0.008002
12,KACTL,183,0.149695
12,simd-v0,183,0.019390
12,393435,183,0.011958
12,KACTL,184,0.144488
12,simd-v0,184,0.019389
12,393435,184,0.011968
12,ours-406478,184,0.008042
12,simd-v0,185,0.019369
12,393435,185,0.011968
12,ours-406478,185,0.008033
12,KACTL,185,0.144297
12,393435,186,0.011968
12,ours-406478,186,0.008022
12,KACTL,186,0.144498
12,simd-v0,186,0.019329
12,ours-406478,187,0.008032
12,KACTL,187,0.144508
12,simd-v0,187,0.019369
12,393435,187,0.011998
12,KACTL,188,0.144377
12,simd-v0,188,0.019359
12,393435,188,0.012018
12,ours-406478,188,0.008043
12,simd-v0,189,0.024967
12,393435,189,0.011969
12,ours-406478,189,0.008042
12,KACTL,189,0.144528
12,393435,190,0.011968
12,ours-406478,190,0.008042
12,KACTL,190,0.144478
12,simd-v0,190,0.019369
12,ours-406478,191,0.008012
12,KACTL,191,0.144338
12,simd-v0,191,0.019389
12,393435,191,0.011968
12,KACTL,192,0.144708
12,simd-v0,192,0.019369
12,393435,192,0.011988
12,ours-406478,192,0.008053
12,simd-v0,193,0.019369
12,393435,193,0.012008
12,ours-406478,193,0.008032
12,KACTL,193,0.144468
12,393435,194,0.011978
12,ours-406478,194,0.008032
12,KACTL,194,0.149916
12,simd-v0,194,0.019370
12,ours-406478,195,0.008022
12,KACTL,195,0.144598
12,simd-v0,195,0.019369
12,393435,195,0.011978
12,KACTL,196,0.144247
12,simd-v0,196,0.019380
12,393435,196,0.011968
12,ours-406478,196,0.008052
12,simd-v0,197,0.019339
12,393435,197,0.011968
12,ours-406478,197,0.008022
12,KACTL,197,0.144578
12,393435,198,0.011938
12,ours-406478,198,0.008012
12,KACTL,198,0.144538
12,simd-v0,198,0.019369
12,ours-406478,199,0.008033
12,KACTL,199,0.149825
12,simd-v0,199,0.019339
12,393435,199,0.011968
12,KACTL,200,0.144417
12,simd-v0,200,0.019339
12,393435,200,0.011948
12,ours-406478,200,0.008032
12,simd-v0,201,0.019339
12,393435,201,0.011978
12,ours-406478,201,0.008032
12,KACTL,201,0.144407
12,393435,202,0.011978
12,ours-406478,202,0.008032
12,KACTL,202,0.144348
12,simd-v0,202,0.019359
12,ours-406478,203,0.008032
12,KACTL,203,0.144528
12,simd-v0,203,0.019399
12,393435,203,0.011978
12,KACTL,204,0.144407
12,simd-v0,204,0.019369
12,393435,204,0.012008
12,ours-406478,204,0.013890
12,simd-v0,205,0.019369
12,393435,205,0.011998
12,ours-406478,205,0.008042
12,KACTL,205,0.144308
12,393435,206,0.011968
12,ours-406478,206,0.008022
12,KACTL,206,0.144618
12,simd-v0,206,0.019359
12,ours-406478,207,0.008022
12,KACTL,207,0.144478
12,simd-v0,207,0.019349
12,393435,207,0.011988
12,KACTL,208,0.144678
12,simd-v0,208,0.019369
12,393435,208,0.011978
12,ours-406478,208,0.008093
12,simd-v0,209,0.019359
12,393435,209,0.011968
12,ours-406478,209,0.008052
12,KACTL,209,0.144548
12,393435,210,0.012008
12,ours-406478,210,0.008012
12,KACTL,210,0.154043
12,simd-v0,210,0.019379
12,ours-406478,211,0.008082
12,KACTL,211,0.144358
12,simd-v0,211,0.019399
12,393435,211,0.011978
12,KACTL,212,0.144368
12,simd-v0,212,0.019399
12,393435,212,0.011978
12,ours-406478,212,0.008032
12,simd-v0,213,0.019379
12,393435,213,0.011968
12,ours-406478,213,0.008052
12,KACTL,213,0.144318
12,393435,214,0.012018
12,ours-406478,214,0.008032
12,KACTL,214,0.146090
12,simd-v0,214,0.019350
12,ours-406478,215,0.008032
12,KACTL,215,0.149715
12,simd-v0,215,0.019390
12,393435,215,0.011988
12,KACTL,216,0.144447
12,simd-v0,216,0.019319
12,393435,216,0.011948
12,ours-406478,216,0.008032
12,simd-v0,217,0.019359
12,393435,217,0.011958
12,ours-406478,217,0.008022
12,KACTL,217,0.144438
12,393435,218,0.012008
12,ours-406478,218,0.008012
12,KACTL,218,0.144527
12,simd-v0,218,0.019370
12,ours-406478,219,0.008012
12,KACTL,219,0.144848
12,simd-v0,219,0.019379
12,393435,219,0.011978
12,KACTL,220,0.144428
12,simd-v0,220,0.019369
12,393435,220,0.017156
12,ours-406478,220,0.008042
12,simd-v0,221,0.019330
12,393435,221,0.011948
12,ours-406478,221,0.008042
12,KACTL,221,0.144267
12,393435,222,0.011968
12,ours-406478,222,0.008043
12,KACTL,222,0.144457
12,simd-v0,222,0.019390
12,ours-406478,223,0.008022
12,KACTL,223,0.144367
12,simd-v0,223,0.019370
12,393435,223,0.011968
12,KACTL,224,0.144267
12,simd-v0,224,0.019369
12,393435,224,0.011989
12,ours-406478,224,0.008012
12,simd-v0,225,0.019349
12,393435,225,0.012018
12,ours-406478,225,0.008042
12,KACTL,225,0.144358
12,393435,226,0.012008
12,ours-406478,226,0.008022
12,KACTL,226,0.149836
12,simd-v0,226,0.019349
12,ours-406478,227,0.008012
12,KACTL,227,0.144388
12,simd-v0,227,0.019379
12,393435,227,0.011958
12,KACTL,228,0.144258
12,simd-v0,228,0.019399
12,393435,228,0.011988
12,ours-406478,228,0.008042
12,simd-v0,229,0.019369
12,393435,229,0.011989
12,ours-406478,229,0.008042
12,KACTL,229,0.144518
12,393435,230,0.011958
12,ours-406478,230,0.008012
12,KACTL,230,0.144508
12,simd-v0,230,0.019369
12,ours-406478,231,0.008022
12,KACTL,231,0.150066
12,simd-v0,231,0.019369
12,393435,231,0.011968
12,KACTL,232,0.144257
12,simd-v0,232,0.019389
12,393435,232,0.011998
12,ours-406478,232,0.008083
12,simd-v0,233,0.019389
12,393435,233,0.011988
12,ours-406478,233,0.008042
12,KACTL,233,0.144748
12,393435,234,0.012008
12,ours-406478,234,0.008023
12,KACTL,234,0.144608
12,simd-v0,234,0.019359
12,ours-406478,235,0.008042
12,KACTL,235,0.144498
12,simd-v0,235,0.019349
12,393435,235,0.011998
12,KACTL,236,0.144268
12,simd-v0,236,0.019369
12,393435,236,0.017346
12,ours-406478,236,0.008032
12,simd-v0,237,0.019390
12,393435,237,0.011988
12,ours-406478,237,0.008042
12,KACTL,237,0.144327
12,393435,238,0.011988
12,ours-406478,238,0.008033
12,KACTL,238,0.152690
12,simd-v0,238,0.019369
12,ours-406478,239,0.008103
12,KACTL,239,0.144398
12,simd-v0,239,0.019389
12,393435,239,0.011968
12,KACTL,240,0.144478
12,simd-v0,240,0.019359
12,393435,240,0.012008
12,ours-406478,240,0.008032
12,simd-v0,241,0.019380
12,393435,241,0.011958
12,ours-406478,241,0.008032
12,KACTL,241,0.144708
12,393435,242,0.011978
12,ours-406478,242,0.008022
12,KACTL,242,0.149796
12,simd-v0,242,0.019359
12,ours-406478,243,0.008032
12,KACTL,243,0.144608
12,simd-v0,243,0.019390
12,393435,243,0.011968
12,KACTL,244,0.144397
12,simd-v0,244,0.019360
12,393435,244,0.011978
12,ours-406478,244,0.008032
12,simd-v0,245,0.019379
12,393435,245,0.011968
12,ours-406478,245,0.008022
12,KACTL,245,0.144688
12,393435,246,0.011958
12,ours-406478,246,0.008022
12,KACTL,246,0.144277
12,simd-v0,246,0.019359
12,ours-406478,247,0.008022
12,KACTL,247,0.150006
12,simd-v0,247,0.019349
12,393435,247,0.011978
12,KACTL,248,0.144137
12,simd-v0,248,0.019359
12,393435,248,0.011968
12,ours-406478,248,0.008072
12,simd-v0,249,0.019339
12,393435,249,0.011978
12,ours-406478,249,0.008072
12,KACTL,249,0.144798
12,393435,250,0.011968
12,ours-406478,250,0.008012
12,KACTL,250,0.144087
12,simd-v0,250,0.019369
12,ours-406478,251,0.008002
12,KACTL,251,0.144357
12,simd-v0,251,0.019369
12,393435,251,0.011978
12,KACTL,252,0.144337
12,simd-v0,252,0.024497
12,393435,252,0.011978
12,ours-406478,252,0.008052
12,simd-v0,253,0.019349
12,393435,253,0.011928
12,ours-406478,253,0.007992
12,KACTL,253,0.144528
12,393435,254,0.012008
12,ours-406478,254,0.008012
12,KACTL,254,0.144538
12,simd-v0,254,0.019379
12,ours-406478,255,0.008042
12,KACTL,255,0.144478
12,simd-v0,255,0.019339
12,393435,255,0.011958
12,KACTL,256,0.144428
12,simd-v0,256,0.019400
12,393435,256,0.011948
12,ours-406478,256,0.008042
12,simd-v0,257,0.019350
12,393435,257,0.011988
12,ours-406478,257,0.008052
12,KACTL,257,0.144949
12,393435,258,0.011968
12,ours-406478,258,0.008022
12,KACTL,258,0.149926
12,simd-v0,258,0.019359
12,ours-406478,259,0.008032
12,KACTL,259,0.144258
12,simd-v0,259,0.019389
12,393435,259,0.011958
12,KACTL,260,0.144388
12,simd-v0,260,0.019369
12,393435,260,0.011968
12,ours-406478,260,0.008042
12,simd-v0,261,0.019330
12,393435,261,0.011968
12,ours-406478,261,0.008042
12,KACTL,261,0.144297
12,393435,262,0.011968
12,ours-406478,262,0.008023
12,KACTL,262,0.144337
12,simd-v0,262,0.019389
12,ours-406478,263,0.008012
12,KACTL,263,0.150196
12,simd-v0,263,0.019349
12,393435,263,0.011978
12,KACTL,264,0.144438
12,simd-v0,264,0.019379
12,393435,264,0.011998
12,ours-406478,264,0.008033
12,simd-v0,265,0.019379
12,393435,265,0.011988
12,ours-406478,265,0.008052
12,KACTL,265,0.144368
12,393435,266,0.011978
12,ours-406478,266,0.008032
12,KACTL,266,0.144398
12,simd-v0,266,0.019369
12,ours-406478,267,0.008042
12,KACTL,267,0.146201
12,simd-v0,267,0.019389
12,393435,267,0.011968
12,KACTL,268,0.144438
12,simd-v0,268,0.024677
12,393435,268,0.011958
12,ours-406478,268,0.008042
12,simd-v0,269,0.019350
12,393435,269,0.011988
12,ours-406478,269,0.008032
12,KACTL,269,0.144247
12,393435,270,0.011988
12,ours-406478,270,0.008023
12,KACTL,270,0.144457
12,simd-v0,270,0.019390
12,ours-406478,271,0.008012
12,KACTL,271,0.144468
12,simd-v0,271,0.019309
12,393435,271,0.011968
12,KACTL,272,0.144618
12,simd-v0,272,0.019359
12,393435,272,0.011948
12,ours-406478,272,0.008052
12,simd-v0,273,0.019369
12,393435,273,0.011968
12,ours-406478,273,0.008033
12,KACTL,273,0.144287
12,393435,274,0.011968
12,ours-406478,274,0.007992
12,KACTL,274,0.149426
12,simd-v0,274,0.019369
12,ours-406478,275,0.008032
12,KACTL,275,0.144458
12,simd-v0,275,0.019359
12,393435,275,0.011958
12,KACTL,276,0.144268
12,simd-v0,276,0.019379
12,393435,276,0.011968
12,ours-406478,276,0.008042
12,simd-v0,277,0.019329
12,393435,277,0.011958
12,ours-406478,277,0.008022
12,KACTL,277,0.144558
12,393435,278,0.011988
12,ours-406478,278,0.007992
12,KACTL,278,0.144327
12,simd-v0,278,0.019349
12,ours-406478,279,0.008022
12,KACTL,279,0.149695
12,simd-v0,279,0.019389
12,393435,279,0.011958
12,KACTL,280,0.144207
12,simd-v0,280,0.019359
12,393435,280,0.011958
12,ours-406478,280,0.008022
12,simd-v0,281,0.019380
12,393435,281,0.011968
12,ours-406478,281,0.008042
12,KACTL,281,0.144357
12,393435,282,0.011958
12,ours-406478,282,0.008012
12,KACTL,282,0.144377
12,simd-v0,282,0.019369
12,ours-406478,283,0.008032
12,KACTL,283,0.144437
12,simd-v0,283,0.019349
12,393435,283,0.011958
12,KACTL,284,0.144277
12,simd-v0,284,0.024427
12,393435,284,0.011958
12,ours-406478,284,0.008042
12,simd-v0,285,0.019349
12,393435,285,0.011999
12,ours-406478,285,0.008042
12,KACTL,285,0.144277
12,393435,286,0.011978
12,ours-406478,286,0.008022
12,KACTL,286,0.144447
12,simd-v0,286,0.019359
12,ours-406478,287,0.008002
12,KACTL,287,0.144878
12,simd-v0,287,0.019389
12,393435,287,0.011978
12,KACTL,288,0.144218
12,simd-v0,288,0.019399
12,393435,288,0.011978
12,ours-406478,288,0.008062
12,simd-v0,289,0.019309
12,393435,289,0.011979
12,ours-406478,289,0.008042
12,KACTL,289,0.144488
12,393435,290,0.011949
12,ours-406478,290,0.008022
12,KACTL,290,0.149665
12,simd-v0,290,0.019370
12,ours-406478,291,0.008012
12,KACTL,291,0.144497
12,simd-v0,291,0.019360
12,393435,291,0.011978
12,KACTL,292,0.144498
12,simd-v0,292,0.019369
12,393435,292,0.012008
12,ours-406478,292,0.008062
12,simd-v0,293,0.019379
12,393435,293,0.011989
12,ours-406478,293,0.008042
12,KACTL,293,0.144698
12,393435,294,0.011988
12,ours-406478,294,0.008032
12,KACTL,294,0.144388
12,simd-v0,294,0.019379
12,ours-406478,295,0.008032
12,KACTL,295,0.149556
12,simd-v0,295,0.019359
12,393435,295,0.011998
12,KACTL,296,0.144328
12,simd-v0,296,0.019379
12,393435,296,0.011958
12,ours-406478,296,0.008052
12,simd-v0,297,0.019339
12,393435,297,0.011988
12,ours-406478,297,0.008043
12,KACTL,297,0.144297
12,393435,298,0.012008
12,ours-406478,298,0.008032
12,KACTL,298,0.144548
12,simd-v0,298,0.019359
12,ours-406478,299,0.008042
12,KACTL,299,0.144678
12,simd-v0,299,0.019379
12,393435,299,0.011998
12,KACTL,300,0.149786
12,simd-v0,300,0.019369
12,393435,300,0.011988
12,ours-406478,300,0.008042
12,simd-v0,301,0.019369
12,393435,301,0.011968
12,ours-406478,301,0.008042
12,KACTL,301,0.144297
12,393435,302,0.011979
12,ours-406478,302,0.008002
12,KACTL,302,0.144387
12,simd-v0,302,0.019370
12,ours-406478,303,0.008022
12,KACTL,303,0.144538
12,simd-v0,303,0.019379
12,393435,303,0.011958
12,KACTL,304,0.144548
12,simd-v0,304,0.019379
12,393435,304,0.011998
12,ours-406478,304,0.008032
12,simd-v0,305,0.019349
12,393435,305,0.011958
12,ours-406478,305,0.008062
12,KACTL,305,0.144718
12,393435,306,0.012008
12,ours-406478,306,0.013090
12,KACTL,306,0.144337
12,simd-v0,306,0.019339
12,ours-406478,307,0.008042
12,KACTL,307,0.144488
12,simd-v0,307,0.019369
12,393435,307,0.011978
12,KACTL,308,0.144588
12,simd-v0,308,0.019329
12,393435,308,0.011978
12,ours-406478,308,0.008042
12,simd-v0,309,0.019359
12,393435,309,0.011998
12,ours-406478,309,0.008032
12,KACTL,309,0.144688
12,393435,310,0.011998
12,ours-406478,310,0.008012
12,KACTL,310,0.144538
12,simd-v0,310,0.019389
12,ours-406478,311,0.008033
12,KACTL,311,0.149705
12,simd-v0,311,0.019380
12,393435,311,0.011958
12,KACTL,312,0.144207
12,simd-v0,312,0.019339
12,393435,312,0.011978
12,ours-406478,312,0.008042
12,simd-v0,313,0.019329
12,393435,313,0.011978
12,ours-406478,313,0.008032
12,KACTL,313,0.144498
12,393435,314,0.011968
12,ours-406478,314,0.008012
12,KACTL,314,0.144338
12,simd-v0,314,0.019379
12,ours-406478,315,0.008012
12,KACTL,315,0.144608
12,simd-v0,315,0.019369
12,393435,315,0.011968
12,KACTL,316,0.150587
12,simd-v0,316,0.019379
12,393435,316,0.011968
12,ours-406478,316,0.008032
12,simd-v0,317,0.019309
12,393435,317,0.012008
12,ours-406478,317,0.008032
12,KACTL,317,0.144478
12,393435,318,0.011938
12,ours-406478,318,0.008022
12,KACTL,318,0.144438
12,simd-v0,318,0.019379
12,ours-406478,319,0.008012
12,KACTL,319,0.144368
12,simd-v0,319,0.019379
12,393435,319,0.011968
12,KACTL,320,0.146080
12,simd-v0,320,0.019379
12,393435,320,0.011948
12,ours-406478,320,0.008042
12,simd-v0,321,0.019359
12,393435,321,0.011968
12,ours-406478,321,0.008053
12,KACTL,321,0.144758
12,393435,322,0.017166
12,ours-406478,322,0.008022
12,KACTL,322,0.144538
12,simd-v0,322,0.019339
12,ours-406478,323,0.008032
12,KACTL,323,0.144278
12,simd-v0,323,0.019329
12,393435,323,0.011958
12,KACTL,324,0.144327
12,simd-v0,324,0.019390
12,393435,324,0.011948
12,ours-406478,324,0.008022
12,simd-v0,325,0.019369
12,393435,325,0.011968
12,ours-406478,325,0.008072
12,KACTL,325,0.144517
12,393435,326,0.012018
12,ours-406478,326,0.008033
12,KACTL,326,0.144477
12,simd-v0,326,0.019340
12,ours-406478,327,0.008012
12,KACTL,327,0.149996
12,simd-v0,327,0.019399
12,393435,327,0.011958
12,KACTL,328,0.144728
12,simd-v0,328,0.019370
12,393435,328,0.012008
12,ours-406478,328,0.008022
12,simd-v0,329,0.019359
12,393435,329,0.012008
12,ours-406478,329,0.008062
12,KACTL,329,0.144507
12,393435,330,0.011938
12,ours-406478,330,0.008013
12,KACTL,330,0.144467
12,simd-v0,330,0.019350
12,ours-406478,331,0.008032
12,KACTL,331,0.144287
12,simd-v0,331,0.019349
12,393435,331,0.011968
12,KACTL,332,0.149885
12,simd-v0,332,0.019359
12,393435,332,0.011988
12,ours-406478,332,0.008042
12,simd-v0,333,0.019349
12,393435,333,0.011968
12,ours-406478,333,0.008042
12,KACTL,333,0.144457
12,393435,334,0.012008
12,ours-406478,334,0.008042
12,KACTL,334,0.144287
12,simd-v0,334,0.019369
12,ours-406478,335,0.007982
12,KACTL,335,0.144578
12,simd-v0,335,0.019379
12,393435,335,0.011998
12,KACTL,336,0.144357
12,simd-v0,336,0.019379
12,393435,336,0.011998
12,ours-406478,336,0.008032
12,simd-v0,337,0.019359
12,393435,337,0.011958
12,ours-406478,337,0.008042
12,KACTL,337,0.144608
12,393435,338,0.017136
12,ours-406478,338,0.008042
12,KACTL,338,0.144458
12,simd-v0,338,0.019369
12,ours-406478,339,0.008022
12,KACTL,339,0.144317
12,simd-v0,339,0.019359
12,393435,339,0.011968
12,KACTL,340,0.144608
12,simd-v0,340,0.019379
12,393435,340,0.012019
12,ours-406478,340,0.008042
12,simd-v0,341,0.019359
12,393435,341,0.011988
12,ours-406478,341,0.008032
12,KACTL,341,0.144288
12,393435,342,0.011998
12,ours-406478,342,0.008002
12,KACTL,342,0.144258
12,simd-v0,342,0.019349
12,ours-406478,343,0.008002
12,KACTL,343,0.149716
12,simd-v0,343,0.019339
12,393435,343,0.011998
12,KACTL,344,0.144438
12,simd-v0,344,0.019379
12,393435,344,0.011938
12,ours-406478,344,0.008022
12,simd-v0,345,0.019359
12,393435,345,0.011968
12,ours-406478,345,0.008032
12,KACTL,345,0.144307
12,393435,346,0.011988
12,ours-406478,346,0.008012
12,KACTL,346,0.144348
12,simd-v0,346,0.019369
12,ours-406478,347,0.008052
12,KACTL,347,0.144518
12,simd-v0,347,0.019379
12,393435,347,0.011958
12,KACTL,348,0.149436
12,simd-v0,348,0.019379
12,393435,348,0.011938
12,ours-406478,348,0.008032
12,simd-v0,349,0.019389
12,393435,349,0.011969
12,ours-406478,349,0.008052
12,KACTL,349,0.144267
12,393435,350,0.011998
12,ours-406478,350,0.008032
12,KACTL,350,0.144567
12,simd-v0,350,0.019350
12,ours-406478,351,0.007992
12,KACTL,351,0.144898
12,simd-v0,351,0.019359
12,393435,351,0.011998
12,KACTL,352,0.144488
12,simd-v0,352,0.019329
12,393435,352,0.011988
12,ours-406478,352,0.008012
12,simd-v0,353,0.019359
12,393435,353,0.012008
12,ours-406478,353,0.008012
12,KACTL,353,0.144548
12,393435,354,0.017036
12,ours-406478,354,0.008022
12,KACTL,354,0.144438
12,simd-v0,354,0.019349
12,ours-406478,355,0.008022
12,KACTL,355,0.144638
12,simd-v0,355,0.019369
12,393435,355,0.011998
12,KACTL,356,0.144328
12,simd-v0,356,0.019349
12,393435,356,0.011988
12,ours-406478,356,0.008042
12,simd-v0,357,0.019370
12,393435,357,0.011988
12,ours-406478,357,0.008032
12,KACTL,357,0.144598
12,393435,358,0.011968
12,ours-406478,358,0.008032
12,KACTL,358,0.144488
12,simd-v0,358,0.019359
12,ours-406478,359,0.008022
12,KACTL,359,0.149966
12,simd-v0,359,0.019380
12,393435,359,0.011968
12,KACTL,360,0.144438
12,simd-v0,360,0.019339
12,393435,360,0.011988
12,ours-406478,360,0.008052
12,simd-v0,361,0.019379
12,393435,361,0.011998
12,ours-406478,361,0.008033
12,KACTL,361,0.144497
12,393435,362,0.011968
12,ours-406478,362,0.008023
12,KACTL,362,0.144668
12,simd-v0,362,0.019349
12,ours-406478,363,0.008022
12,KACTL,363,0.144468
12,simd-v0,363,0.019399
12,393435,363,0.011988
12,KACTL,364,0.149646
12,simd-v0,364,0.019409
12,393435,364,0.011948
12,ours-406478,364,0.008062
12,simd-v0,365,0.019379
12,393435,365,0.011968
12,ours-406478,365,0.008062
12,KACTL,365,0.144558
12,393435,366,0.011988
12,ours-406478,366,0.008022
12,KACTL,366,0.144508
12,simd-v0,366,0.019329
12,ours-406478,367,0.008022
12,KACTL,367,0.144428
12,simd-v0,367,0.019369
12,393435,367,0.011998
12,KACTL,368,0.144228
12,simd-v0,368,0.019339
12,393435,368,0.011988
12,ours-406478,368,0.008032
12,simd-v0,369,0.019389
12,393435,369,0.011948
12,ours-406478,369,0.008042
12,KACTL,369,0.149325
12,393435,370,0.011968
12,ours-406478,370,0.008012
12,KACTL,370,0.144588
12,simd-v0,370,0.019359
12,ours-406478,371,0.008032
12,KACTL,371,0.144568
12,simd-v0,371,0.019390
12,393435,371,0.011968
12,KACTL,372,0.144648
12,simd-v0,372,0.019369
12,393435,372,0.011968
12,ours-406478,372,0.008022
12,simd-v0,373,0.019349
12,393435,373,0.011979
12,ours-406478,373,0.008052
12,KACTL,373,0.145629
12,393435,374,0.011948
12,ours-406478,374,0.008043
12,KACTL,374,0.144237
12,simd-v0,374,0.019389
12,ours-406478,375,0.008022
12,KACTL,375,0.149986
12,simd-v0,375,0.019369
12,393435,375,0.011978
12,KACTL,376,0.144277
12,simd-v0,376,0.019369
12,393435,376,0.012008
12,ours-406478,376,0.008072
12,simd-v0,377,0.019349
12,393435,377,0.011958
12,ours-406478,377,0.008052
12,KACTL,377,0.144378
12,393435,378,0.011928
12,ours-406478,378,0.008022
12,KACTL,378,0.144478
12,simd-v0,378,0.019359
12,ours-406478,379,0.008032
12,KACTL,379,0.144478
12,simd-v0,379,0.019369
12,393435,379,0.011958
12,KACTL,380,0.149556
12,simd-v0,380,0.019359
12,393435,380,0.012018
12,ours-406478,380,0.008032
12,simd-v0,381,0.019380
12,393435,381,0.011988
12,ours-406478,381,0.008022
12,KACTL,381,0.144728
12,393435,382,0.011938
12,ours-406478,382,0.008022
12,KACTL,382,0.144448
12,simd-v0,382,0.019349
12,ours-406478,383,0.008012
12,KACTL,383,0.144418
12,simd-v0,383,0.019369
12,393435,383,0.011968
12,KACTL,384,0.144388
12,simd-v0,384,0.019359
12,393435,384,0.011958
12,ours-406478,384,0.008032
12,simd-v0,385,0.019329
12,393435,385,0.011979
12,ours-406478,385,0.008052
12,KACTL,385,0.153802
12,393435,386,0.011978
12,ours-406478,386,0.008092
12,KACTL,386,0.144628
12,simd-v0,386,0.019389
12,ours-406478,387,0.007993
12,KACTL,387,0.144357
12,simd-v0,387,0.019369
12,393435,387,0.011978
12,KACTL,388,0.144809
12,simd-v0,388,0.019389
12,393435,388,0.011948
12,ours-406478,388,0.008012
12,simd-v0,389,0.019369
12,393435,389,0.011948
12,ours-406478,389,0.008033
12,KACTL,389,0.144297
12,393435,390,0.011988
12,ours-406478,390,0.008022
12,KACTL,390,0.144227
12,simd-v0,390,0.019369
12,ours-406478,391,0.008002
12,KACTL,391,0.150567
12,simd-v0,391,0.019379
12,393435,391,0.011978
12,KACTL,392,0.144307
12,simd-v0,392,0.019369
12,393435,392,0.011978
12,ours-406478,392,0.008053
12,simd-v0,393,0.019359
12,393435,393,0.011998
12,ours-406478,393,0.008032
12,KACTL,393,0.144408
12,393435,394,0.012018
12,ours-406478,394,0.008022
12,KACTL,394,0.144278
12,simd-v0,394,0.019399
12,ours-406478,395,0.008052
12,KACTL,395,0.144488
12,simd-v0,395,0.019339
12,393435,395,0.011968
12,KACTL,396,0.149746
12,simd-v0,396,0.019379
12,393435,396,0.011978
12,ours-406478,396,0.008032
12,simd-v0,397,0.019380
12,393435,397,0.011948
12,ours-406478,397,0.008022
12,KACTL,397,0.144347
12,393435,398,0.011978
12,ours-406478,398,0.008032
12,KACTL,398,0.144668
12,simd-v0,398,0.019389
12,ours-406478,399,0.008012
12,KACTL,399,0.144558
12,simd-v0,399,0.019359
12,393435,399,0.011978
12,KACTL,400,0.144218
12,simd-v0,400,0.019339
12,393435,400,0.011988
12,ours-406478,400,0.008032
12,simd-v0,401,0.019370
12,393435,401,0.011968
12,ours-406478,401,0.008042
12,KACTL,401,0.149615
12,393435,402,0.011988
12,ours-406478,402,0.008003
12,KACTL,402,0.144698
12,simd-v0,402,0.019399
12,ours-406478,403,0.008022
12,KACTL,403,0.144538
12,simd-v0,403,0.019349
12,393435,403,0.012018
12,KACTL,404,0.144268
12,simd-v0,404,0.019359
12,393435,404,0.011958
12,ours-406478,404,0.008042
12,simd-v0,405,0.019380
12,393435,405,0.011968
12,ours-406478,405,0.008042
12,KACTL,405,0.144297
12,393435,406,0.011968
12,ours-406478,406,0.008023
12,KACTL,406,0.144417
12,simd-v0,406,0.019350
12,ours-406478,407,0.008042
12,KACTL,407,0.149976
12,simd-v0,407,0.019359
12,393435,407,0.011978
12,KACTL,408,0.144358
12,simd-v0,408,0.019359
12,393435,408,0.011978
12,ours-406478,408,0.008052
12,simd-v0,409,0.019349
12,393435,409,0.011948
12,ours-406478,409,0.008023
12,KACTL,409,0.144507
12,393435,410,0.012019
12,ours-406478,410,0.008022
12,KACTL,410,0.144718
12,simd-v0,410,0.019399
12,ours-406478,411,0.008042
12,KACTL,411,0.144458
12,simd-v0,411,0.019369
12,393435,411,0.012018
12,KACTL,412,0.149666
12,simd-v0,412,0.019379
12,393435,412,0.011958
12,ours-406478,412,0.007992
12,simd-v0,413,0.019359
12,393435,413,0.011978
12,ours-406478,413,0.008022
12,KACTL,413,0.144418
12,393435,414,0.011968
12,ours-406478,414,0.008032
12,KACTL,414,0.144418
12,simd-v0,414,0.019349
12,ours-406478,415,0.008022
12,KACTL,415,0.144418
12,simd-v0,415,0.019349
12,393435,415,0.011948
12,KACTL,416,0.144458
12,simd-v0,416,0.019359
12,393435,416,0.011958
12,ours-406478,416,0.008022
12,simd-v0,417,0.019359
12,393435,417,0.011968
12,ours-406478,417,0.008043
12,KACTL,417,0.149445
12,393435,418,0.011978
12,ours-406478,418,0.008032
12,KACTL,418,0.144678
12,simd-v0,418,0.019369
12,ours-406478,419,0.008022
12,KACTL,419,0.144417
12,simd-v0,419,0.019359
12,393435,419,0.011958
12,KACTL,420,0.144198
12,simd-v0,420,0.019339
12,393435,420,0.011978
12,ours-406478,420,0.008022
12,simd-v0,421,0.019339
12,393435,421,0.011928
12,ours-406478,421,0.008023
12,KACTL,421,0.144287
12,393435,422,0.011958
12,ours-406478,422,0.008022
12,KACTL,422,0.144438
12,simd-v0,422,0.019319
12,ours-406478,423,0.008012
12,KACTL,423,0.149566
12,simd-v0,423,0.019379
12,393435,423,0.011978
12,KACTL,424,0.144448
12,simd-v0,424,0.019339
12,393435,424,0.011998
12,ours-406478,424,0.008042
12,simd-v0,425,0.019340
12,393435,425,0.011978
12,ours-406478,425,0.008042
12,KACTL,425,0.144748
12,393435,426,0.011988
12,ours-406478,426,0.008012
12,KACTL,426,0.145770
12,simd-v0,426,0.019379
12,ours-406478,427,0.007992
12,KACTL,427,0.144507
12,simd-v0,427,0.019369
12,393435,427,0.011969
12,KACTL,428,0.149745
12,simd-v0,428,0.019370
12,393435,428,0.011998
12,ours-406478,428,0.008052
12,simd-v0,429,0.019359
12,393435,429,0.011988
12,ours-406478,429,0.008052
12,KACTL,429,0.144397
12,393435,430,0.011958
12,ours-406478,430,0.008012
12,KACTL,430,0.144418
12,simd-v0,430,0.019359
12,ours-406478,431,0.008012
12,KACTL,431,0.144637
12,simd-v0,431,0.019360
12,393435,431,0.011958
12,KACTL,432,0.144377
12,simd-v0,432,0.019380
12,393435,432,0.011968
12,ours-406478,432,0.008062
12,simd-v0,433,0.019359
12,393435,433,0.011968
12,ours-406478,433,0.008032
12,KACTL,433,0.149506
12,393435,434,0.011978
12,ours-406478,434,0.008012
12,KACTL,434,0.144548
12,simd-v0,434,0.019359
12,ours-406478,435,0.008032
12,KACTL,435,0.144708
12,simd-v0,435,0.019390
12,393435,435,0.011968
12,KACTL,436,0.144277
12,simd-v0,436,0.019359
12,393435,436,0.011958
12,ours-406478,436,0.008052
12,simd-v0,437,0.019419
12,393435,437,0.011988
12,ours-406478,437,0.008052
12,KACTL,437,0.144488
12,393435,438,0.011988
12,ours-406478,438,0.008032
12,KACTL,438,0.144457
12,simd-v0,438,0.019369
12,ours-406478,439,0.008053
12,KACTL,439,0.149866
12,simd-v0,439,0.019389
12,393435,439,0.011948
12,KACTL,440,0.144488
12,simd-v0,440,0.019319
12,393435,440,0.011988
12,ours-406478,440,0.008042
12,simd-v0,441,0.019359
12,393435,441,0.011978
12,ours-406478,441,0.008002
12,KACTL,441,0.144558
12,393435,442,0.011989
12,ours-406478,442,0.008042
12,KACTL,442,0.144488
12,simd-v0,442,0.019369
12,ours-406478,443,0.008012
12,KACTL,443,0.144307
12,simd-v0,443,0.019370
12,393435,443,0.011988
12,KACTL,444,0.149415
12,simd-v0,444,0.019349
12,393435,444,0.011938
12,ours-406478,444,0.008032
12,simd-v0,445,0.019390
12,393435,445,0.012008
12,ours-406478,445,0.008032
12,KACTL,445,0.144328
12,393435,446,0.011958
12,ours-406478,446,0.008032
12,KACTL,446,0.144387
12,simd-v0,446,0.019370
12,ours-406478,447,0.008032
12,KACTL,447,0.144548
12,simd-v0,447,0.019339
12,393435,447,0.011978
12,KACTL,448,0.144287
12,simd-v0,448,0.019360
12,393435,448,0.011998
12,ours-406478,448,0.008042
12,simd-v0,449,0.019379
12,393435,449,0.011978
12,ours-406478,449,0.008043
12,KACTL,449,0.188574
12,393435,450,0.012028
12,ours-406478,450,0.008202
12,KACTL,450,0.144468
12,simd-v0,450,0.019389
12,ours-406478,451,0.008022
12,KACTL,451,0.144277
12,simd-v0,451,0.019379
12,393435,451,0.011998
12,KACTL,452,0.144457
12,simd-v0,452,0.019399
12,393435,452,0.011968
12,ours-406478,452,0.008032
12,simd-v0,453,0.019379
12,393435,453,0.011958
12,ours-406478,453,0.008072
12,KACTL,453,0.144248
12,393435,454,0.011938
12,ours-406478,454,0.008012
12,KACTL,454,0.144598
12,simd-v0,454,0.079329
12,ours-406478,455,0.008232
12,KACTL,455,0.144958
12,simd-v0,455,0.019399
12,393435,455,0.012088
12,KACTL,456,0.144458
12,simd-v0,456,0.019379
12,393435,456,0.011978
12,ours-406478,456,0.008052
12,simd-v0,457,0.019370
12,393435,457,0.011958
12,ours-406478,457,0.008022
12,KACTL,457,0.144818
12,393435,458,0.011968
12,ours-406478,458,0.008012
12,KACTL,458,0.144528
12,simd-v0,458,0.019380
12,ours-406478,459,0.008032
12,KACTL,459,0.144538
12,simd-v0,459,0.019379
12,393435,459,0.011968
12,KACTL,460,0.144708
12,simd-v0,460,0.019380
12,393435,460,0.011968
12,ours-406478,460,0.008042
12,simd-v0,461,0.019369
12,393435,461,0.011958
12,ours-406478,461,0.008052
12,KACTL,461,0.144938
12,393435,462,0.011988
12,ours-406478,462,0.008012
12,KACTL,462,0.144849
12,simd-v0,462,0.019349
12,ours-406478,463,0.008022
12,KACTL,463,0.144367
12,simd-v0,463,0.019390
12,393435,463,0.011958
12,KACTL,464,0.144237
12,simd-v0,464,0.019369
12,393435,464,0.011969
12,ours-406478,464,0.008012
12,simd-v0,465,0.019349
12,393435,465,0.011968
12,ours-406478,465,0.008052
12,KACTL,465,0.149886
12,393435,466,0.012008
12,ours-406478,466,0.008013
12,KACTL,466,0.144377
12,simd-v0,466,0.019390
12,ours-406478,467,0.008042
12,KACTL,467,0.144608
12,simd-v0,467,0.019369
12,393435,467,0.011958
12,KACTL,468,0.144408
12,simd-v0,468,0.019349
12,393435,468,0.011998
12,ours-406478,468,0.008022
12,simd-v0,469,0.019369
12,393435,469,0.011978
12,ours-406478,469,0.008012
12,KACTL,469,0.144698
12,393435,470,0.011968
12,ours-406478,470,0.008012
12,KACTL,470,0.150196
12,simd-v0,470,0.019400
12,ours-406478,471,0.008022
12,KACTL,471,0.144698
12,simd-v0,471,0.019379
12,393435,471,0.011998
12,KACTL,472,0.144268
12,simd-v0,472,0.019349
12,393435,472,0.012018
12,ours-406478,472,0.008042
12,simd-v0,473,0.019360
12,393435,473,0.011978
12,ours-406478,473,0.008002
12,KACTL,473,0.144758
12,393435,474,0.011998
12,ours-406478,474,0.008012
12,KACTL,474,0.144698
12,simd-v0,474,0.019380
12,ours-406478,475,0.008032
12,KACTL,475,0.144498
12,simd-v0,475,0.019359
12,393435,475,0.017046
12,KACTL,476,0.144497
12,simd-v0,476,0.019389
12,393435,476,0.011978
12,ours-406478,476,0.008052
12,simd-v0,477,0.019369
12,393435,477,0.011968
12,ours-406478,477,0.008042
12,KACTL,477,0.144287
12,393435,478,0.011998
12,ours-406478,478,0.008022
12,KACTL,478,0.145930
12,simd-v0,478,0.019340
12,ours-406478,479,0.008022
12,KACTL,479,0.144467
12,simd-v0,479,0.019350
12,393435,479,0.011978
12,KACTL,480,0.144628
12,simd-v0,480,0.019349
12,393435,480,0.011978
12,ours-406478,480,0.008032
12,simd-v0,481,0.019360
12,393435,481,0.011958
12,ours-406478,481,0.008042
12,KACTL,481,0.149766
12,393435,482,0.011988
12,ours-406478,482,0.008022
12,KACTL,482,0.144488
12,simd-v0,482,0.019389
12,ours-406478,483,0.008022
12,KACTL,483,0.144798
12,simd-v0,483,0.019339
12,393435,483,0.011958
12,KACTL,484,0.144708
12,simd-v0,484,0.019359
12,393435,484,0.011988
12,ours-406478,484,0.008042
12,simd-v0,485,0.019369
12,393435,485,0.011958
12,ours-406478,485,0.008063
12,KACTL,485,0.144718
12,393435,486,0.011988
12,ours-406478,486,0.008032
12,KACTL,486,0.149786
12,simd-v0,486,0.019399
12,ours-406478,487,0.008012
12,KACTL,487,0.144467
12,simd-v0,487,0.019379
12,393435,487,0.011999
12,KACTL,488,0.144447
12,simd-v0,488,0.019370
12,393435,488,0.011988
12,ours-406478,488,0.008032
12,simd-v0,489,0.019379
12,393435,489,0.011968
12,ours-406478,489,0.008042
12,KACTL,489,0.144598
12,393435,490,0.011978
12,ours-406478,490,0.008033
12,KACTL,490,0.144548
12,simd-v0,490,0.019389
12,ours-406478,491,0.008022
12,KACTL,491,0.144318
12,simd-v0,491,0.024477
12,393435,491,0.011978
12,KACTL,492,0.144257
12,simd-v0,492,0.019379
12,393435,492,0.012018
12,ours-406478,492,0.008043
12,simd-v0,493,0.019379
12,393435,493,0.011988
12,ours-406478,493,0.008052
12,KACTL,493,0.144578
12,393435,494,0.011948
12,ours-406478,494,0.008032
12,KACTL,494,0.144458
12,simd-v0,494,0.019399
12,ours-406478,495,0.008022
12,KACTL,495,0.144387
12,simd-v0,495,0.019359
12,393435,495,0.011998
12,KACTL,496,0.144287
12,simd-v0,496,0.019369
12,393435,496,0.014272
12,ours-406478,496,0.009695
12,simd-v0,497,0.020361
12,393435,497,0.013851
12,ours-406478,497,0.017757
12,KACTL,497,0.148624
12,393435,498,0.011988
12,ours-406478,498,0.008102
12,KACTL,498,0.144648
12,simd-v0,498,0.019379
12,ours-406478,499,0.008003
12,KACTL,499,0.144557
12,simd-v0,499,0.019340
12,393435,499,0.012018
12,KACTL,500,0.144558
12,simd-v0,500,0.019399
12,393435,500,0.012008
12,ours-406478,500,0.008052
12,simd-v0,501,0.019370
12,393435,501,0.011978
12,ours-406478,501,0.008032
12,KACTL,501,0.144828
12,393435,502,0.011958
12,ours-406478,502,0.008032
12,KACTL,502,0.153622
12,simd-v0,502,0.019369
12,ours-406478,503,0.008052
12,KACTL,503,0.144317
12,simd-v0,503,0.019369
12,393435,503,0.011968
12,KACTL,504,0.144317
12,simd-v0,504,0.019379
12,393435,504,0.011978
12,ours-406478,504,0.008032
12,simd-v0,505,0.019379
12,393435,505,0.011968
12,ours-406478,505,0.008042
12,KACTL,505,0.144578
12,393435,506,0.011948
12,ours-406478,506,0.008032
12,KACTL,506,0.144718
12,simd-v0,506,0.019400
12,ours-406478,507,0.008012
12,KACTL,507,0.150066
12,simd-v0,507,0.019339
12,393435,507,0.011968
12,KACTL,508,0.144398
12,simd-v0,508,0.019339
12,393435,508,0.011988
12,ours-406478,508,0.008053
12,simd-v0,509,0.019379
12,393435,509,0.011978
12,ours-406478,509,0.008042
12,KACTL,509,0.144578
12,393435,510,0.011948
12,ours-406478,510,0.008042
12,KACTL,510,0.144638
12,simd-v0,510,0.019360
12,ours-406478,511,0.008032
12,KACTL,511,0.144377
12,simd-v0,511,0.019360
12,393435,511,0.012008
12,KACTL,512,0.144618
12,simd-v0,512,0.019399
12,393435,512,0.011958
12,ours-406478,512,0.008052
12,simd-v0,513,0.024717
12,393435,513,0.011988
12,ours-406478,513,0.008062
12,KACTL,513,0.145289
12,393435,514,0.011978
12,ours-406478,514,0.008023
12,KACTL,514,0.144528
12,simd-v0,514,0.019349
12,ours-406478,515,0.008032
12,KACTL,515,0.144708
12,simd-v0,515,0.019349
12,393435,515,0.011978
12,KACTL,516,0.144477
12,simd-v0,516,0.019339
12,393435,516,0.011958
12,ours-406478,516,0.008042
12,simd-v0,517,0.019359
12,393435,517,0.011988
12,ours-406478,517,0.008062
12,KACTL,517,0.144388
12,393435,518,0.012018
12,ours-406478,518,0.008002
12,KACTL,518,0.150507
12,simd-v0,518,0.019349
12,ours-406478,519,0.008022
12,KACTL,519,0.144428
12,simd-v0,519,0.019389
12,393435,519,0.011958
12,KACTL,520,0.144518
12,simd-v0,520,0.019369
12,393435,520,0.012008
12,ours-406478,520,0.008012
12,simd-v0,521,0.019399
12,393435,521,0.011978
12,ours-406478,521,0.008052
12,KACTL,521,0.144528
12,393435,522,0.012008
12,ours-406478,522,0.008042
12,KACTL,522,0.144858
12,simd-v0,522,0.019369
12,ours-406478,523,0.008052
12,KACTL,523,0.150527
12,simd-v0,523,0.019389
12,393435,523,0.011988
12,KACTL,524,0.144898
12,simd-v0,524,0.019359
12,393435,524,0.011998
12,ours-406478,524,0.008052
12,simd-v0,525,0.019380
12,393435,525,0.011998
12,ours-406478,525,0.008042
12,KACTL,525,0.144708
12,393435,526,0.011978
12,ours-406478,526,0.008052
12,KACTL,526,0.144728
12,simd-v0,526,0.019369
12,ours-406478,527,0.008032
12,KACTL,527,0.144628
12,simd-v0,527,0.019369
12,393435,527,0.011978
12,KACTL,528,0.144518
12,simd-v0,528,0.019409
12,393435,528,0.011998
12,ours-406478,528,0.008062
12,simd-v0,529,0.024497
12,393435,529,0.011998
12,ours-406478,529,0.008022
12,KACTL,529,0.144788
12,393435,530,0.011979
12,ours-406478,530,0.008042
12,KACTL,530,0.144648
12,simd-v0,530,0.019389
12,ours-406478,531,0.008022
12,KACTL,531,0.146111
12,simd-v0,531,0.019369
12,393435,531,0.012008
12,KACTL,532,0.144548
12,simd-v0,532,0.019339
12,393435,532,0.011968
12,ours-406478,532,0.008052
12,simd-v0,533,0.019340
12,393435,533,0.011988
12,ours-406478,533,0.008032
12,KACTL,533,0.144598
12,393435,534,0.011958
12,ours-406478,534,0.008022
12,KACTL,534,0.149966
12,simd-v0,534,0.019389
12,ours-406478,535,0.008002
12,KACTL,535,0.144848
12,simd-v0,535,0.019379
12,393435,535,0.011958
12,KACTL,536,0.144538
12,simd-v0,536,0.019369
12,393435,536,0.011998
12,ours-406478,536,0.008032
12,simd-v0,537,0.019369
12,393435,537,0.011958
12,ours-406478,537,0.008022
12,KACTL,537,0.144928
12,393435,538,0.011978
12,ours-406478,538,0.008023
12,KACTL,538,0.144778
12,simd-v0,538,0.019359
12,ours-406478,539,0.008022
12,KACTL,539,0.149696
12,simd-v0,539,0.019349
12,393435,539,0.011988
12,KACTL,540,0.144418
12,simd-v0,540,0.019369
12,393435,540,0.011978
12,ours-406478,540,0.008042
12,simd-v0,541,0.019350
12,393435,541,0.011958
12,ours-406478,541,0.008052
12,KACTL,541,0.144518
12,393435,542,0.011978
12,ours-406478,542,0.008002
12,KACTL,542,0.144317
12,simd-v0,542,0.019370
12,ours-406478,543,0.008032
12,KACTL,543,0.144428
12,simd-v0,543,0.019360
12,393435,543,0.011968
12,KACTL,544,0.144357
12,simd-v0,544,0.019369
12,393435,544,0.011979
12,ours-406478,544,0.008042
12,simd-v0,545,0.019349
12,393435,545,0.011948
12,ours-406478,545,0.008062
12,KACTL,545,0.144328
12,393435,546,0.012008
12,ours-406478,546,0.007982
12,KACTL,546,0.144498
12,simd-v0,546,0.019329
12,ours-406478,547,0.008002
12,KACTL,547,0.144508
12,simd-v0,547,0.019359
12,393435,547,0.011958
12,KACTL,548,0.144468
12,simd-v0,548,0.019359
12,393435,548,0.011978
12,ours-406478,548,0.008012
12,simd-v0,549,0.019319
12,393435,549,0.011948
12,ours-406478,549,0.008022
12,KACTL,549,0.144347
12,393435,550,0.011948
12,ours-406478,550,0.008032
12,KACTL,550,0.150057
12,simd-v0,550,0.019349
12,ours-406478,551,0.008052
12,KACTL,551,0.144488
12,simd-v0,551,0.019369
12,393435,551,0.011978
12,KACTL,552,0.144548
12,simd-v0,552,0.019379
12,393435,552,0.011968
12,ours-406478,552,0.008032
12,simd-v0,553,0.019380
12,393435,553,0.011978
12,ours-406478,553,0.008032
12,KACTL,553,0.144658
12,393435,554,0.011968
12,ours-406478,554,0.008032
12,KACTL,554,0.144408
12,simd-v0,554,0.019409
12,ours-406478,555,0.008062
12,KACTL,555,0.150177
12,simd-v0,555,0.019369
12,393435,555,0.011978
12,KACTL,556,0.144418
12,simd-v0,556,0.019379
12,393435,556,0.012018
12,ours-406478,556,0.008022
12,simd-v0,557,0.019329
12,393435,557,0.011968
12,ours-406478,557,0.008042
12,KACTL,557,0.144858
12,393435,558,0.011998
12,ours-406478,558,0.008052
12,KACTL,558,0.144458
12,simd-v0,558,0.019359
12,ours-406478,559,0.008012
12,KACTL,559,0.144658
12,simd-v0,559,0.019349
12,393435,559,0.011989
12,KACTL,560,0.144367
12,simd-v0,560,0.019389
12,393435,560,0.011958
12,ours-406478,560,0.013301
12,simd-v0,561,0.019349
12,393435,561,0.011978
12,ours-406478,561,0.008042
12,KACTL,561,0.144328
12,393435,562,0.011968
12,ours-406478,562,0.008012
12,KACTL,562,0.144688
12,simd-v0,562,0.019369
12,ours-406478,563,0.008002
12,KACTL,563,0.144288
12,simd-v0,563,0.019379
12,393435,563,0.011948
12,KACTL,564,0.144538
12,simd-v0,564,0.019319
12,393435,564,0.011938
12,ours-406478,564,0.008042
12,simd-v0,565,0.019379
12,393435,565,0.011948
12,ours-406478,565,0.008032
12,KACTL,565,0.144588
12,393435,566,0.011968
12,ours-406478,566,0.008022
12,KACTL,566,0.149966
12,simd-v0,566,0.019369
12,ours-406478,567,0.008033
12,KACTL,567,0.144517
12,simd-v0,567,0.019360
12,393435,567,0.011968
12,KACTL,568,0.144668
12,simd-v0,568,0.019349
12,393435,568,0.011978
12,ours-406478,568,0.008052
12,simd-v0,569,0.019389
12,393435,569,0.011959
12,ours-406478,569,0.008022
12,KACTL,569,0.144698
12,393435,570,0.011968
12,ours-406478,570,0.008042
12,KACTL,570,0.144518
12,simd-v0,570,0.019379
12,ours-406478,571,0.008022
12,KACTL,571,0.149626
12,simd-v0,571,0.019369
12,393435,571,0.011968
12,KACTL,572,0.144478
12,simd-v0,572,0.019349
12,393435,572,0.011988
12,ours-406478,572,0.008022
12,simd-v0,573,0.019339
12,393435,573,0.011968
12,ours-406478,573,0.008042
12,KACTL,573,0.144477
12,393435,574,0.011999
12,ours-406478,574,0.008052
12,KACTL,574,0.144508
12,simd-v0,574,0.019379
12,ours-406478,575,0.008012
12,KACTL,575,0.144628
12,simd-v0,575,0.019389
12,393435,575,0.011988
12,KACTL,576,0.144408
12,simd-v0,576,0.019369
12,393435,576,0.011958
12,ours-406478,576,0.013330
12,simd-v0,577,0.019399
12,393435,577,0.011968
12,ours-406478,577,0.008022
12,KACTL,577,0.144588
12,393435,578,0.011958
12,ours-406478,578,0.008032
12,KACTL,578,0.144228
12,simd-v0,578,0.019349
12,ours-406478,579,0.008022
12,KACTL,579,0.144428
12,simd-v0,579,0.019349
12,393435,579,0.011948
12,KACTL,580,0.144678
12,simd-v0,580,0.019359
12,393435,580,0.011978
12,ours-406478,580,0.008012
12,simd-v0,581,0.019350
12,393435,581,0.011968
12,ours-406478,581,0.008032
12,KACTL,581,0.144297
12,393435,582,0.011978
12,ours-406478,582,0.008002
12,KACTL,582,0.149635
12,simd-v0,582,0.019369
12,ours-406478,583,0.008042
12,KACTL,583,0.144507
12,simd-v0,583,0.019359
12,393435,583,0.011958
12,KACTL,584,0.146240
12,simd-v0,584,0.019369
12,393435,584,0.011978
12,ours-406478,584,0.008033
12,simd-v0,585,0.019389
12,393435,585,0.011988
12,ours-406478,585,0.008042
12,KACTL,585,0.144718
12,393435,586,0.011968
12,ours-406478,586,0.008012
12,KACTL,586,0.144537
12,simd-v0,586,0.019319
12,ours-406478,587,0.008043
12,KACTL,587,0.149616
12,simd-v0,587,0.019339
12,393435,587,0.011958
12,KACTL,588,0.144568
12,simd-v0,588,0.019349
12,393435,588,0.011938
12,ours-406478,588,0.008093
12,simd-v0,589,0.019369
12,393435,589,0.011948
12,ours-406478,589,0.008042
12,KACTL,589,0.144908
12,393435,590,0.011978
12,ours-406478,590,0.008023
12,KACTL,590,0.144608
12,simd-v0,590,0.019349
12,ours-406478,591,0.008032
12,KACTL,591,0.144478
12,simd-v0,591,0.019359
12,393435,591,0.011988
12,KACTL,592,0.144528
12,simd-v0,592,0.019369
12,393435,592,0.017196
12,ours-406478,592,0.008022
12,simd-v0,593,0.019369
12,393435,593,0.011958
12,ours-406478,593,0.008043
12,KACTL,593,0.144307
12,393435,594,0.011948
12,ours-406478,594,0.008002
12,KACTL,594,0.144829
12,simd-v0,594,0.019349
12,ours-406478,595,0.008012
12,KACTL,595,0.144408
12,simd-v0,595,0.019379
12,393435,595,0.011958
12,KACTL,596,0.144618
12,simd-v0,596,0.019379
12,393435,596,0.011968
12,ours-406478,596,0.008042
12,simd-v0,597,0.019350
12,393435,597,0.011988
12,ours-406478,597,0.008052
12,KACTL,597,0.144488
12,393435,598,0.012008
12,ours-406478,598,0.008022
12,KACTL,598,0.150016
12,simd-v0,598,0.019369
12,ours-406478,599,0.008002
12,KACTL,599,0.144387
12,simd-v0,599,0.019369
12,393435,599,0.012019
12,KACTL,600,0.144457
12,simd-v0,600,0.019390
12,393435,600,0.011998
12,ours-406478,600,0.008042
12,simd-v0,601,0.019369
12,393435,601,0.011988
12,ours-406478,601,0.008022
12,KACTL,601,0.144648
12,393435,602,0.011948
12,ours-406478,602,0.008032
12,KACTL,602,0.144637
12,simd-v0,602,0.019380
12,ours-406478,603,0.008032
12,KACTL,603,0.149685
12,simd-v0,603,0.019369
12,393435,603,0.011988
12,KACTL,604,0.144608
12,simd-v0,604,0.019369
12,393435,604,0.011988
12,ours-406478,604,0.008032
12,simd-v0,605,0.019340
12,393435,605,0.011988
12,ours-406478,605,0.008022
12,KACTL,605,0.144478
12,393435,606,0.011948
12,ours-406478,606,0.008012
12,KACTL,606,0.144457
12,simd-v0,606,0.019360
12,ours-406478,607,0.008022
12,KACTL,607,0.144778
12,simd-v0,607,0.019359
12,393435,607,0.011958
12,KACTL,608,0.144518
12,simd-v0,608,0.019369
12,393435,608,0.017126
12,ours-406478,608,0.007992
12,simd-v0,609,0.019330
12,393435,609,0.011968
12,ours-406478,609,0.008052
12,KACTL,609,0.144538
12,393435,610,0.011988
12,ours-406478,610,0.008032
12,KACTL,610,0.144648
12,simd-v0,610,0.019359
12,ours-406478,611,0.008012
12,KACTL,611,0.144638
12,simd-v0,611,0.019380
12,393435,611,0.011988
12,KACTL,612,0.144277
12,simd-v0,612,0.019329
12,393435,612,0.011968
12,ours-406478,612,0.008022
12,simd-v0,613,0.019369
12,393435,613,0.011958
12,ours-406478,613,0.008032
12,KACTL,613,0.144568
12,393435,614,0.011978
12,ours-406478,614,0.008022
12,KACTL,614,0.149866
12,simd-v0,614,0.019369
12,ours-406478,615,0.008022
12,KACTL,615,0.144487
12,simd-v0,615,0.019389
12,393435,615,0.011988
12,KACTL,616,0.144658
12,simd-v0,616,0.019339
12,393435,616,0.011988
12,ours-406478,616,0.008042
12,simd-v0,617,0.019369
12,393435,617,0.011988
12,ours-406478,617,0.008033
12,KACTL,617,0.144618
12,393435,618,0.011998
12,ours-406478,618,0.008032
12,KACTL,618,0.166381
12,simd-v0,618,0.019389
12,ours-406478,619,0.008163
12,KACTL,619,0.150507
12,simd-v0,619,0.019339
12,393435,619,0.012058
12,KACTL,620,0.144408
12,simd-v0,620,0.019379
12,393435,620,0.011978
12,ours-406478,620,0.008093
12,simd-v0,621,0.019389
12,393435,621,0.011988
12,ours-406478,621,0.008032
12,KACTL,621,0.144608
12,393435,622,0.011958
12,ours-406478,622,0.008022
12,KACTL,622,0.144608
12,simd-v0,622,0.019380
12,ours-406478,623,0.008052
12,KACTL,623,0.144788
12,simd-v0,623,0.019379
12,393435,623,0.011988
12,KACTL,624,0.149786
12,simd-v0,624,0.019389
12,393435,624,0.011978
12,ours-406478,624,0.008042
12,simd-v0,625,0.019359
12,393435,625,0.011978
12,ours-406478,625,0.008052
12,KACTL,625,0.144498
12,393435,626,0.011988
12,ours-406478,626,0.008022
12,KACTL,626,0.144438
12,simd-v0,626,0.019369
12,ours-406478,627,0.008052
12,KACTL,627,0.144398
12,simd-v0,627,0.019369
12,393435,627,0.011988
12,KACTL,628,0.144789
12,simd-v0,628,0.019339
12,393435,628,0.011998
12,ours-406478,628,0.008032
12,simd-v0,629,0.019379
12,393435,629,0.011969
12,ours-406478,629,0.008042
12,KACTL,629,0.144398
12,393435,630,0.011978
12,ours-406478,630,0.008022
12,KACTL,630,0.144598
12,simd-v0,630,0.019339
12,ours-406478,631,0.008032
12,KACTL,631,0.144398
12,simd-v0,631,0.019419
12,393435,631,0.011968
12,KACTL,632,0.144588
12,simd-v0,632,0.019379
12,393435,632,0.011999
12,ours-406478,632,0.008032
12,simd-v0,633,0.019389
12,393435,633,0.011958
12,ours-406478,633,0.008012
12,KACTL,633,0.144428
12,393435,634,0.011988
12,ours-406478,634,0.008032
12,KACTL,634,0.144598
12,simd-v0,634,0.019359
12,ours-406478,635,0.008012
12,KACTL,635,0.149726
12,simd-v0,635,0.019379
12,393435,635,0.011968
12,KACTL,636,0.144517
12,simd-v0,636,0.019380
12,393435,636,0.011968
12,ours-406478,636,0.008062
12,simd-v0,637,0.019409
12,393435,637,0.011978
12,ours-406478,637,0.008042
12,KACTL,637,0.146351
12,393435,638,0.011998
12,ours-406478,638,0.008032
12,KACTL,638,0.144789
12,simd-v0,638,0.019409
12,ours-406478,639,0.008012
12,KACTL,639,0.144758
12,simd-v0,639,0.019349
12,393435,639,0.011988
12,KACTL,640,0.149815
12,simd-v0,640,0.019350
12,393435,640,0.011978
12,ours-406478,640,0.008072
12,simd-v0,641,0.019359
12,393435,641,0.011968
12,ours-406478,641,0.008022
12,KACTL,641,0.144698
12,393435,642,0.011948
12,ours-406478,642,0.008022
12,KACTL,642,0.144457
12,simd-v0,642,0.019320
12,ours-406478,643,0.008022
12,KACTL,643,0.144307
12,simd-v0,643,0.019349
12,393435,643,0.011998
12,KACTL,644,0.144437
12,simd-v0,644,0.019359
12,393435,644,0.011938
12,ours-406478,644,0.008033
12,simd-v0,645,0.019339
12,393435,645,0.011978
12,ours-406478,645,0.008042
12,KACTL,645,0.144518
12,393435,646,0.017226
12,ours-406478,646,0.008052
12,KACTL,646,0.144288
12,simd-v0,646,0.019349
12,ours-406478,647,0.008002
12,KACTL,647,0.144498
12,simd-v0,647,0.019379
12,393435,647,0.011978
12,KACTL,648,0.144919
12,simd-v0,648,0.019379
12,393435,648,0.011978
12,ours-406478,648,0.008032
12,simd-v0,649,0.019369
12,393435,649,0.011958
12,ours-406478,649,0.008032
12,KACTL,649,0.144628
12,393435,650,0.011968
12,ours-406478,650,0.008032
12,KACTL,650,0.144598
12,simd-v0,650,0.019379
12,ours-406478,651,0.008022
12,KACTL,651,0.152180
12,simd-v0,651,0.019379
12,393435,651,0.011988
12,KACTL,652,0.144418
12,simd-v0,652,0.019339
12,393435,652,0.011988
12,ours-406478,652,0.008012
12,simd-v0,653,0.019369
12,393435,653,0.011938
12,ours-406478,653,0.008042
12,KACTL,653,0.144638
12,393435,654,0.011958
12,ours-406478,654,0.007992
12,KACTL,654,0.144307
12,simd-v0,654,0.019390
12,ours-406478,655,0.008022
12,KACTL,655,0.144357
12,simd-v0,655,0.019359
12,393435,655,0.011968
12,KACTL,656,0.149645
12,simd-v0,656,0.019349
12,393435,656,0.011998
12,ours-406478,656,0.008033
12,simd-v0,657,0.019389
12,393435,657,0.011998
12,ours-406478,657,0.008042
12,KACTL,657,0.144698
12,393435,658,0.011978
12,ours-406478,658,0.008033
12,KACTL,658,0.144537
12,simd-v0,658,0.019380
12,ours-406478,659,0.008032
12,KACTL,659,0.144468
12,simd-v0,659,0.019349
12,393435,659,0.011978
12,KACTL,660,0.144578
12,simd-v0,660,0.019379
12,393435,660,0.011988
12,ours-406478,660,0.008042
12,simd-v0,661,0.019360
12,393435,661,0.011978
12,ours-406478,661,0.008022
12,KACTL,661,0.144838
12,393435,662,0.018258
12,ours-406478,662,0.008032
12,KACTL,662,0.144878
12,simd-v0,662,0.019380
12,ours-406478,663,0.008032
12,KACTL,663,0.144638
12,simd-v0,663,0.019359
12,393435,663,0.012008
12,KACTL,664,0.144568
12,simd-v0,664,0.019359
12,393435,664,0.011988
12,ours-406478,664,0.008032
12,simd-v0,665,0.019359
12,393435,665,0.011978
12,ours-406478,665,0.008012
12,KACTL,665,0.144528
12,393435,666,0.011998
12,ours-406478,666,0.008042
12,KACTL,666,0.144348
12,simd-v0,666,0.019359
12,ours-406478,667,0.008012
12,KACTL,667,0.149886
12,simd-v0,667,0.019349
12,393435,667,0.011958
12,KACTL,668,0.144729
12,simd-v0,668,0.019379
12,393435,668,0.011958
12,ours-406478,668,0.008062
12,simd-v0,669,0.019389
12,393435,669,0.011958
12,ours-406478,669,0.008023
12,KACTL,669,0.144397
12,393435,670,0.011958
12,ours-406478,670,0.008022
12,KACTL,670,0.144457
12,simd-v0,670,0.019380
12,ours-406478,671,0.008012
12,KACTL,671,0.144467
12,simd-v0,671,0.019390
12,393435,671,0.011978
12,KACTL,672,0.154382
12,simd-v0,672,0.019350
12,393435,672,0.011978
12,ours-406478,672,0.008082
12,simd-v0,673,0.019379
12,393435,673,0.011968
12,ours-406478,673,0.008043
12,KACTL,673,0.144477
12,393435,674,0.011978
12,ours-406478,674,0.008023
12,KACTL,674,0.144678
12,simd-v0,674,0.019379
12,ours-406478,675,0.008042
12,KACTL,675,0.144428
12,simd-v0,675,0.019389
12,393435,675,0.011968
12,KACTL,676,0.144618
12,simd-v0,676,0.019389
12,393435,676,0.012008
12,ours-406478,676,0.008043
12,simd-v0,677,0.019339
12,393435,677,0.011948
12,ours-406478,677,0.008052
12,KACTL,677,0.149896
12,393435,678,0.011978
12,ours-406478,678,0.008002
12,KACTL,678,0.144538
12,simd-v0,678,0.019389
12,ours-406478,679,0.008022
12,KACTL,679,0.144537
12,simd-v0,679,0.019360
12,393435,679,0.011938
12,KACTL,680,0.144548
12,simd-v0,680,0.019369
12,393435,680,0.011968
12,ours-406478,680,0.008042
12,simd-v0,681,0.019399
12,393435,681,0.011978
12,ours-406478,681,0.008053
12,KACTL,681,0.145018
12,393435,682,0.011978
12,ours-406478,682,0.008032
12,KACTL,682,0.144537
12,simd-v0,682,0.019360
12,ours-406478,683,0.008032
12,KACTL,683,0.149816
12,simd-v0,683,0.019389
12,393435,683,0.011958
12,KACTL,684,0.144728
12,simd-v0,684,0.019329
12,393435,684,0.011968
12,ours-406478,684,0.008043
12,simd-v0,685,0.019349
12,393435,685,0.011968
12,ours-406478,685,0.008042
12,KACTL,685,0.144868
12,393435,686,0.011998
12,ours-406478,686,0.008013
12,KACTL,686,0.144688
12,simd-v0,686,0.019359
12,ours-406478,687,0.008002
12,KACTL,687,0.144658
12,simd-v0,687,0.019349
12,393435,687,0.011968
12,KACTL,688,0.149516
12,simd-v0,688,0.019359
12,393435,688,0.011958
12,ours-406478,688,0.008042
12,simd-v0,689,0.019329
12,393435,689,0.011978
12,ours-406478,689,0.008022
12,KACTL,689,0.144678
12,393435,690,0.011978
12,ours-406478,690,0.008012
12,KACTL,690,0.145920
12,simd-v0,690,0.019359
12,ours-406478,691,0.008022
12,KACTL,691,0.144698
12,simd-v0,691,0.019379
12,393435,691,0.011988
12,KACTL,692,0.144628
12,simd-v0,692,0.019339
12,393435,692,0.011978
12,ours-406478,692,0.008052
12,simd-v0,693,0.019349
12,393435,693,0.011988
12,ours-406478,693,0.008043
12,KACTL,693,0.150126
12,393435,694,0.011968
12,ours-406478,694,0.008032
12,KACTL,694,0.144608
12,simd-v0,694,0.019409
12,ours-406478,695,0.008043
12,KACTL,695,0.144467
12,simd-v0,695,0.019350
12,393435,695,0.011968
12,KACTL,696,0.144427
12,simd-v0,696,0.019350
12,393435,696,0.011998
12,ours-406478,696,0.008032
12,simd-v0,697,0.019389
12,393435,697,0.011968
12,ours-406478,697,0.008022
12,KACTL,697,0.144448
12,393435,698,0.011958
12,ours-406478,698,0.008012
12,KACTL,698,0.144749
12,simd-v0,698,0.019379
12,ours-406478,699,0.008042
12,KACTL,699,0.149665
12,simd-v0,699,0.019379
12,393435,699,0.011988
12,KACTL,700,0.144768
12,simd-v0,700,0.019359
12,393435,700,0.011988
12,ours-406478,700,0.008042
12,simd-v0,701,0.019369
12,393435,701,0.011968
12,ours-406478,701,0.008032
12,KACTL,701,0.144738
12,393435,702,0.011968
12,ours-406478,702,0.008022
12,KACTL,702,0.144538
12,simd-v0,702,0.019359
12,ours-406478,703,0.008013
12,KACTL,703,0.144237
12,simd-v0,703,0.019379
12,393435,703,0.011958
12,KACTL,704,0.149626
12,simd-v0,704,0.019369
12,393435,704,0.012008
12,ours-406478,704,0.008042
12,simd-v0,705,0.019370
12,393435,705,0.011978
12,ours-406478,705,0.008052
12,KACTL,705,0.144438
12,393435,706,0.011968
12,ours-406478,706,0.008032
12,KACTL,706,0.144347
12,simd-v0,706,0.019370
12,ours-406478,707,0.008022
12,KACTL,707,0.144758
12,simd-v0,707,0.019359
12,393435,707,0.011968
12,KACTL,708,0.144468
12,simd-v0,708,0.019329
12,393435,708,0.011958
12,ours-406478,708,0.008042
12,simd-v0,709,0.022224
12,393435,709,0.013400
12,ours-406478,709,0.009074
12,KACTL,709,0.161033
12,393435,710,0.011978
12,ours-406478,710,0.008042
12,KACTL,710,0.144698
12,simd-v0,710,0.019379
12,ours-406478,711,0.008032
12,KACTL,711,0.144308
12,simd-v0,711,0.019399
12,393435,711,0.011958
12,KACTL,712,0.144618
12,simd-v0,712,0.019349
12,393435,712,0.011998
12,ours-406478,712,0.008062
12,simd-v0,713,0.019380
12,393435,713,0.012008
12,ours-406478,713,0.008042
12,KACTL,713,0.144568
12,393435,714,0.011978
12,ours-406478,714,0.008022
12,KACTL,714,0.144458
12,simd-v0,714,0.019359
12,ours-406478,715,0.008022
12,KACTL,715,0.149876
12,simd-v0,715,0.019379
12,393435,715,0.011958
12,KACTL,716,0.144859
12,simd-v0,716,0.019399
12,393435,716,0.011968
12,ours-406478,716,0.008072
12,simd-v0,717,0.019400
12,393435,717,0.011928
12,ours-406478,717,0.008042
12,KACTL,717,0.144638
12,393435,718,0.012018
12,ours-406478,718,0.008042
12,KACTL,718,0.144738
12,simd-v0,718,0.019389
12,ours-406478,719,0.008023
12,KACTL,719,0.144628
12,simd-v0,719,0.019329
12,393435,719,0.011948
12,KACTL,720,0.149906
12,simd-v0,720,0.019379
12,393435,720,0.011968
12,ours-406478,720,0.008042
12,simd-v0,721,0.019390
12,393435,721,0.011968
12,ours-406478,721,0.008042
12,KACTL,721,0.144628
12,393435,722,0.011948
12,ours-406478,722,0.008052
12,KACTL,722,0.144758
12,simd-v0,722,0.019369
12,ours-406478,723,0.008032
12,KACTL,723,0.144538
12,simd-v0,723,0.019369
12,393435,723,0.011968
12,KACTL,724,0.144438
12,simd-v0,724,0.019349
12,393435,724,0.011988
12,ours-406478,724,0.008042
12,simd-v0,725,0.019339
12,393435,725,0.011978
12,ours-406478,725,0.008032
12,KACTL,725,0.150546
12,393435,726,0.011989
12,ours-406478,726,0.008032
12,KACTL,726,0.144558
12,simd-v0,726,0.019369
12,ours-406478,727,0.008022
12,KACTL,727,0.144758
12,simd-v0,727,0.019359
12,393435,727,0.012008
12,KACTL,728,0.152670
12,simd-v0,728,0.019379
12,393435,728,0.012008
12,ours-406478,728,0.008082
12,simd-v0,729,0.019349
12,393435,729,0.011968
12,ours-406478,729,0.008042
12,KACTL,729,0.144588
12,393435,730,0.011978
12,ours-406478,730,0.008042
12,KACTL,730,0.144498
12,simd-v0,730,0.019379
12,ours-406478,731,0.013360
12,KACTL,731,0.144387
12,simd-v0,731,0.019349
12,393435,731,0.011968
12,KACTL,732,0.144307
12,simd-v0,732,0.019359
12,393435,732,0.011978
12,ours-406478,732,0.008043
12,simd-v0,733,0.019399
12,393435,733,0.011978
12,ours-406478,733,0.008052
12,KACTL,733,0.151979
12,393435,734,0.013340
12,ours-406478,734,0.008943
12,KACTL,734,0.163637
12,simd-v0,734,0.019419
12,ours-406478,735,0.008122
12,KACTL,735,0.144948
12,simd-v0,735,0.019389
12,393435,735,0.012028
12,KACTL,736,0.151698
12,simd-v0,736,0.019360
12,393435,736,0.011948
12,ours-406478,736,0.008092
12,simd-v0,737,0.019379
12,393435,737,0.011988
12,ours-406478,737,0.008052
12,KACTL,737,0.144668
12,393435,738,0.011978
12,ours-406478,738,0.008042
12,KACTL,738,0.144488
12,simd-v0,738,0.019399
12,ours-406478,739,0.008052
12,KACTL,739,0.144598
12,simd-v0,739,0.019359
12,393435,739,0.011968
12,KACTL,740,0.144598
12,simd-v0,740,0.019379
12,393435,740,0.011978
12,ours-406478,740,0.008042
12,simd-v0,741,0.019369
12,393435,741,0.011968
12,ours-406478,741,0.008042
12,KACTL,741,0.149896
12,393435,742,0.011968
12,ours-406478,742,0.008022
12,KACTL,742,0.144648
12,simd-v0,742,0.019359
12,ours-406478,743,0.008032
12,KACTL,743,0.146200
12,simd-v0,743,0.019380
12,393435,743,0.011958
12,KACTL,744,0.144588
12,simd-v0,744,0.019369
12,393435,744,0.011978
12,ours-406478,744,0.008032
12,simd-v0,745,0.019369
12,393435,745,0.011978
12,ours-406478,745,0.008042
12,KACTL,745,0.144598
12,393435,746,0.011988
12,ours-406478,746,0.008002
12,KACTL,746,0.149706
12,simd-v0,746,0.019369
12,ours-406478,747,0.008032
12,KACTL,747,0.144488
12,simd-v0,747,0.019359
12,393435,747,0.011968
12,KACTL,748,0.144688
12,simd-v0,748,0.019359
12,393435,748,0.011968
12,ours-406478,748,0.008013
12,simd-v0,749,0.019349
12,393435,749,0.011988
12,ours-406478,749,0.008052
12,KACTL,749,0.144468
12,393435,750,0.011958
12,ours-406478,750,0.008012
12,KACTL,750,0.144368
12,simd-v0,750,0.019369
12,ours-406478,751,0.008002
12,KACTL,751,0.144327
12,simd-v0,751,0.019370
12,393435,751,0.011958
12,KACTL,752,0.149896
12,simd-v0,752,0.019359
12,393435,752,0.011988
12,ours-406478,752,0.008012
12,simd-v0,753,0.019359
12,393435,753,0.011968
12,ours-406478,753,0.008023
12,KACTL,753,0.144467
12,393435,754,0.011958
12,ours-406478,754,0.008023
12,KACTL,754,0.144247
12,simd-v0,754,0.019349
12,ours-406478,755,0.008022
12,KACTL,755,0.144839
12,simd-v0,755,0.019339
12,393435,755,0.011978
12,KACTL,756,0.144418
12,simd-v0,756,0.019319
12,393435,756,0.011968
12,ours-406478,756,0.008052
12,simd-v0,757,0.019379
12,393435,757,0.011998
12,ours-406478,757,0.008012
12,KACTL,757,0.149756
12,393435,758,0.011968
12,ours-406478,758,0.008012
12,KACTL,758,0.144527
12,simd-v0,758,0.019359
12,ours-406478,759,0.008012
12,KACTL,759,0.144728
12,simd-v0,759,0.019359
12,393435,759,0.012008
12,KACTL,760,0.144538
12,simd-v0,760,0.019359
12,393435,760,0.011978
12,ours-406478,760,0.008042
12,simd-v0,761,0.019359
12,393435,761,0.011978
12,ours-406478,761,0.008032
12,KACTL,761,0.144558
12,393435,762,0.011948
12,ours-406478,762,0.008032
12,KACTL,762,0.149906
12,simd-v0,762,0.019379
12,ours-406478,763,0.008032
12,KACTL,763,0.144548
12,simd-v0,763,0.019389
12,393435,763,0.011978
12,KACTL,764,0.144508
12,simd-v0,764,0.019390
12,393435,764,0.011989
12,ours-406478,764,0.008063
12,simd-v0,765,0.019339
12,393435,765,0.011998
12,ours-406478,765,0.008022
12,KACTL,765,0.144387
12,393435,766,0.011968
12,ours-406478,766,0.008012
12,KACTL,766,0.144548
12,simd-v0,766,0.019349
12,ours-406478,767,0.008042
12,KACTL,767,0.144668
12,simd-v0,767,0.019389
12,393435,767,0.011999
12,KACTL,768,0.149926
12,simd-v0,768,0.019379
12,393435,768,0.011998
12,ours-406478,768,0.008052
12,simd-v0,769,0.019410
12,393435,769,0.011998
12,ours-406478,769,0.008052
12,KACTL,769,0.144748
12,393435,770,0.011988
12,ours-406478,770,0.008032
12,KACTL,770,0.144468
12,simd-v0,770,0.019399
12,ours-406478,771,0.008032
12,KACTL,771,0.144337
12,simd-v0,771,0.019369
12,393435,771,0.011988
12,KACTL,772,0.144498
12,simd-v0,772,0.019369
12,393435,772,0.011988
12,ours-406478,772,0.008023
12,simd-v0,773,0.019379
12,393435,773,0.011938
12,ours-406478,773,0.008022
12,KACTL,773,0.149726
12,393435,774,0.012008
12,ours-406478,774,0.008022
12,KACTL,774,0.144298
12,simd-v0,774,0.019379
12,ours-406478,775,0.007982
12,KACTL,775,0.144518
12,simd-v0,775,0.019329
12,393435,775,0.011928
12,KACTL,776,0.144288
12,simd-v0,776,0.019339
12,393435,776,0.011978
12,ours-406478,776,0.008032
12,simd-v0,777,0.019349
12,393435,777,0.011958
12,ours-406478,777,0.008022
12,KACTL,777,0.144607
12,393435,778,0.011958
12,ours-406478,778,0.008012
12,KACTL,778,0.149775
12,simd-v0,778,0.019379
12,ours-406478,779,0.008042
12,KACTL,779,0.144317
12,simd-v0,779,0.019330
12,393435,779,0.011958
12,KACTL,780,0.144507
12,simd-v0,780,0.019350
12,393435,780,0.011978
12,ours-406478,780,0.008042
12,simd-v0,781,0.019329
12,393435,781,0.011998
12,ours-406478,781,0.008022
12,KACTL,781,0.144688
12,393435,782,0.011958
12,ours-406478,782,0.008022
12,KACTL,782,0.144538
12,simd-v0,782,0.019339
12,ours-406478,783,0.008042
12,KACTL,783,0.144428
12,simd-v0,783,0.019389
12,393435,783,0.011958
12,KACTL,784,0.150226
12,simd-v0,784,0.019350
12,393435,784,0.011968
12,ours-406478,784,0.008032
12,simd-v0,785,0.019389
12,393435,785,0.011988
12,ours-406478,785,0.008042
12,KACTL,785,0.144378
12,393435,786,0.011998
12,ours-406478,786,0.008022
12,KACTL,786,0.144618
12,simd-v0,786,0.019339
12,ours-406478,787,0.008043
12,KACTL,787,0.144578
12,simd-v0,787,0.019390
12,393435,787,0.011958
12,KACTL,788,0.144498
12,simd-v0,788,0.019339
12,393435,788,0.011998
12,ours-406478,788,0.008012
12,simd-v0,789,0.019379
12,393435,789,0.012008
12,ours-406478,789,0.008033
12,KACTL,789,0.149865
12,393435,790,0.011968
12,ours-406478,790,0.008002
12,KACTL,790,0.144778
12,simd-v0,790,0.019359
12,ours-406478,791,0.008032
12,KACTL,791,0.144288
12,simd-v0,791,0.019369
12,393435,791,0.011958
12,KACTL,792,0.144468
12,simd-v0,792,0.019339
12,393435,792,0.011978
12,ours-406478,792,0.008032
12,simd-v0,793,0.019380
12,393435,793,0.011958
12,ours-406478,793,0.008032
12,KACTL,793,0.144528
12,393435,794,0.011988
12,ours-406478,794,0.008042
12,KACTL,794,0.149425
12,simd-v0,794,0.019369
12,ours-406478,795,0.008023
12,KACTL,795,0.144527
12,simd-v0,795,0.019330
12,393435,795,0.011968
12,KACTL,796,0.145799
12,simd-v0,796,0.019329
12,393435,796,0.011978
12,ours-406478,796,0.008042
12,simd-v0,797,0.019409
12,393435,797,0.011968
12,ours-406478,797,0.008052
12,KACTL,797,0.144367
12,393435,798,0.011968
12,ours-406478,798,0.008052
12,KACTL,798,0.144328
12,simd-v0,798,0.019409
12,ours-406478,799,0.008022
12,KACTL,799,0.144358
12,simd-v0,799,0.019359
12,393435,799,0.011978
12,KACTL,800,0.149625
12,simd-v0,800,0.019339
12,393435,800,0.011978
12,ours-406478,800,0.008052
12,simd-v0,801,0.019349
12,393435,801,0.011958
12,ours-406478,801,0.008022
12,KACTL,801,0.144538
12,393435,802,0.011998
12,ours-406478,802,0.008042
12,KACTL,802,0.144668
12,simd-v0,802,0.019369
12,ours-406478,803,0.008012
12,KACTL,803,0.144578
12,simd-v0,803,0.019379
12,393435,803,0.011968
12,KACTL,804,0.144648
12,simd-v0,804,0.019379
12,393435,804,0.011998
12,ours-406478,804,0.008032
12,simd-v0,805,0.019369
12,393435,805,0.011978
12,ours-406478,805,0.008052
12,KACTL,805,0.149555
12,393435,806,0.011998
12,ours-406478,806,0.008022
12,KACTL,806,0.144718
12,simd-v0,806,0.019389
12,ours-406478,807,0.008032
12,KACTL,807,0.144537
12,simd-v0,807,0.019369
12,393435,807,0.011989
12,KACTL,808,0.144427
12,simd-v0,808,0.019349
12,393435,808,0.011998
12,ours-406478,808,0.008052
12,simd-v0,809,0.019369
12,393435,809,0.012018
12,ours-406478,809,0.008022
12,KACTL,809,0.144608
12,393435,810,0.012028
12,ours-406478,810,0.008022
12,KACTL,810,0.149885
12,simd-v0,810,0.019359
12,ours-406478,811,0.008032
12,KACTL,811,0.144598
12,simd-v0,811,0.019399
12,393435,811,0.011938
12,KACTL,812,0.144618
12,simd-v0,812,0.019329
12,393435,812,0.012008
12,ours-406478,812,0.008032
12,simd-v0,813,0.019369
12,393435,813,0.011968
12,ours-406478,813,0.008042
12,KACTL,813,0.144888
12,393435,814,0.011988
12,ours-406478,814,0.008002
12,KACTL,814,0.144538
12,simd-v0,814,0.019359
12,ours-406478,815,0.008022
12,KACTL,815,0.144558
12,simd-v0,815,0.019379
12,393435,815,0.011988
12,KACTL,816,0.149806
12,simd-v0,816,0.019369
12,393435,816,0.011948
12,ours-406478,816,0.008022
12,simd-v0,817,0.019380
12,393435,817,0.011968
12,ours-406478,817,0.008062
12,KACTL,817,0.144488
12,393435,818,0.011998
12,ours-406478,818,0.008042
12,KACTL,818,0.144548
12,simd-v0,818,0.019379
12,ours-406478,819,0.008042
12,KACTL,819,0.144818
12,simd-v0,819,0.019340
12,393435,819,0.011968
12,KACTL,820,0.144457
12,simd-v0,820,0.019359
12,393435,820,0.011989
12,ours-406478,820,0.008052
12,simd-v0,821,0.019359
12,393435,821,0.011968
12,ours-406478,821,0.008032
12,KACTL,821,0.150117
12,393435,822,0.011968
12,ours-406478,822,0.008032
12,KACTL,822,0.144738
12,simd-v0,822,0.019389
12,ours-406478,823,0.008042
12,KACTL,823,0.144577
12,simd-v0,823,0.019350
12,393435,823,0.011968
12,KACTL,824,0.144838
12,simd-v0,824,0.019379
12,393435,824,0.011958
12,ours-406478,824,0.008032
12,simd-v0,825,0.019390
12,393435,825,0.011968
12,ours-406478,825,0.008052
12,KACTL,825,0.144578
12,393435,826,0.011988
12,ours-406478,826,0.008002
12,KACTL,826,0.149966
12,simd-v0,826,0.019349
12,ours-406478,827,0.008023
12,KACTL,827,0.144517
12,simd-v0,827,0.019360
12,393435,827,0.011988
12,KACTL,828,0.144618
12,simd-v0,828,0.019359
12,393435,828,0.011958
12,ours-406478,828,0.008042
12,simd-v0,829,0.019369
12,393435,829,0.011978
12,ours-406478,829,0.008043
12,KACTL,829,0.144437
12,393435,830,0.012008
12,ours-406478,830,0.008033
12,KACTL,830,0.144618
12,simd-v0,830,0.019389
12,ours-406478,831,0.008042
12,KACTL,831,0.144478
12,simd-v0,831,0.019379
12,393435,831,0.011968
12,KACTL,832,0.149906
12,simd-v0,832,0.019329
12,393435,832,0.011978
12,ours-406478,832,0.008023
12,simd-v0,833,0.019409
12,393435,833,0.011948
12,ours-406478,833,0.008002
12,KACTL,833,0.144678
12,393435,834,0.011998
12,ours-406478,834,0.008042
12,KACTL,834,0.144617
12,simd-v0,834,0.019360
12,ours-406478,835,0.008032
12,KACTL,835,0.144638
12,simd-v0,835,0.019349
12,393435,835,0.011978
12,KACTL,836,0.144558
12,simd-v0,836,0.019329
12,393435,836,0.011968
12,ours-406478,836,0.008052
12,simd-v0,837,0.019359
12,393435,837,0.011958
12,ours-406478,837,0.008022
12,KACTL,837,0.150897
12,393435,838,0.011968
12,ours-406478,838,0.008022
12,KACTL,838,0.144648
12,simd-v0,838,0.019349
12,ours-406478,839,0.008012
12,KACTL,839,0.144738
12,simd-v0,839,0.019399
12,393435,839,0.011988
12,KACTL,840,0.144608
12,simd-v0,840,0.019369
12,393435,840,0.011978
12,ours-406478,840,0.008042
12,simd-v0,841,0.019319
12,393435,841,0.011958
12,ours-406478,841,0.008042
12,KACTL,841,0.144608
12,393435,842,0.011948
12,ours-406478,842,0.008022
12,KACTL,842,0.149905
12,simd-v0,842,0.019360
12,ours-406478,843,0.008012
12,KACTL,843,0.144598
12,simd-v0,843,0.019359
12,393435,843,0.011968
12,KACTL,844,0.144468
12,simd-v0,844,0.019349
12,393435,844,0.011948
12,ours-406478,844,0.008032
12,simd-v0,845,0.019369
12,393435,845,0.011958
12,ours-406478,845,0.008043
12,KACTL,845,0.144908
12,393435,846,0.011968
12,ours-406478,846,0.008022
12,KACTL,846,0.144388
12,simd-v0,846,0.019339
12,ours-406478,847,0.008022
12,KACTL,847,0.144438
12,simd-v0,847,0.019349
12,393435,847,0.020701
12,KACTL,848,0.145099
12,simd-v0,848,0.019379
12,393435,848,0.011978
12,ours-406478,848,0.008062
12,simd-v0,849,0.019359
12,393435,849,0.011978
12,ours-406478,849,0.008052
12,KACTL,849,0.145800
12,393435,850,0.011948
12,ours-406478,850,0.008022
12,KACTL,850,0.144498
12,simd-v0,850,0.019349
12,ours-406478,851,0.008012
12,KACTL,851,0.144378
12,simd-v0,851,0.019349
12,393435,851,0.011978
12,KACTL,852,0.144528
12,simd-v0,852,0.019349
12,393435,852,0.011968
12,ours-406478,852,0.008042
12,simd-v0,853,0.019339
12,393435,853,0.011968
12,ours-406478,853,0.008063
12,KACTL,853,0.151017
12,393435,854,0.011958
12,ours-406478,854,0.008043
12,KACTL,854,0.144397
12,simd-v0,854,0.019339
12,ours-406478,855,0.008013
12,KACTL,855,0.144447
12,simd-v0,855,0.019359
12,393435,855,0.011968
12,KACTL,856,0.144518
12,simd-v0,856,0.019370
12,393435,856,0.011968
12,ours-406478,856,0.008052
12,simd-v0,857,0.019359
12,393435,857,0.011938
12,ours-406478,857,0.008052
12,KACTL,857,0.144497
12,393435,858,0.011968
12,ours-406478,858,0.008022
12,KACTL,858,0.150026
12,simd-v0,858,0.019329
12,ours-406478,859,0.008052
12,KACTL,859,0.144598
12,simd-v0,859,0.019399
12,393435,859,0.011988
12,KACTL,860,0.144528
12,simd-v0,860,0.019379
12,393435,860,0.011978
12,ours-406478,860,0.008043
12,simd-v0,861,0.019349
12,393435,861,0.011948
12,ours-406478,861,0.008022
12,KACTL,861,0.144618
12,393435,862,0.011958
12,ours-406478,862,0.008032
12,KACTL,862,0.144248
12,simd-v0,862,0.019369
12,ours-406478,863,0.007992
12,KACTL,863,0.156366
12,simd-v0,863,0.028162
12,393435,863,0.013610
12,KACTL,864,0.146140
12,simd-v0,864,0.019359
12,393435,864,0.011978
12,ours-406478,864,0.008142
12,simd-v0,865,0.019369
12,393435,865,0.011938
12,ours-406478,865,0.008002
12,KACTL,865,0.144779
12,393435,866,0.011999
12,ours-406478,866,0.008022
12,KACTL,866,0.144668
12,simd-v0,866,0.019409
12,ours-406478,867,0.008042
12,KACTL,867,0.144488
12,simd-v0,867,0.019369
12,393435,867,0.011988
12,KACTL,868,0.144668
12,simd-v0,868,0.019340
12,393435,868,0.011968
12,ours-406478,868,0.008032
12,simd-v0,869,0.019389
12,393435,869,0.020932
12,ours-406478,869,0.008032
12,KACTL,869,0.144728
12,393435,870,0.011968
12,ours-406478,870,0.008052
12,KACTL,870,0.144497
12,simd-v0,870,0.019390
12,ours-406478,871,0.008042
12,KACTL,871,0.144397
12,simd-v0,871,0.019369
12,393435,871,0.011958
12,KACTL,872,0.144387
12,simd-v0,872,0.019379
12,393435,872,0.011989
12,ours-406478,872,0.008052
12,simd-v0,873,0.019369
12,393435,873,0.011968
12,ours-406478,873,0.008042
12,KACTL,873,0.144598
12,393435,874,0.011988
12,ours-406478,874,0.008022
12,KACTL,874,0.150006
12,simd-v0,874,0.019369
12,ours-406478,875,0.008032
12,KACTL,875,0.144388
12,simd-v0,875,0.019409
12,393435,875,0.011978
12,KACTL,876,0.144508
12,simd-v0,876,0.019369
12,393435,876,0.011958
12,ours-406478,876,0.008022
12,simd-v0,877,0.019360
12,393435,877,0.011978
12,ours-406478,877,0.008002
12,KACTL,877,0.144448
12,393435,878,0.011978
12,ours-406478,878,0.008042
12,KACTL,878,0.144418
12,simd-v0,878,0.019349
12,ours-406478,879,0.008022
12,KACTL,879,0.149335
12,simd-v0,879,0.019359
12,393435,879,0.011968
12,KACTL,880,0.144338
12,simd-v0,880,0.019319
12,393435,880,0.011978
12,ours-406478,880,0.008022
12,simd-v0,881,0.019369
12,393435,881,0.011968
12,ours-406478,881,0.008033
12,KACTL,881,0.144568
12,393435,882,0.011969
12,ours-406478,882,0.008042
12,KACTL,882,0.144808
12,simd-v0,882,0.019369
12,ours-406478,883,0.008032
12,KACTL,883,0.144488
12,simd-v0,883,0.019359
12,393435,883,0.011968
12,KACTL,884,0.144939
12,simd-v0,884,0.019359
12,393435,884,0.012018
12,ours-406478,884,0.008062
12,simd-v0,885,0.024537
12,393435,885,0.011968
12,ours-406478,885,0.008022
12,KACTL,885,0.144828
12,393435,886,0.012008
12,ours-406478,886,0.008042
12,KACTL,886,0.144588
12,simd-v0,886,0.019339
12,ours-406478,887,0.008033
12,KACTL,887,0.144738
12,simd-v0,887,0.019349
12,393435,887,0.011968
12,KACTL,888,0.144458
12,simd-v0,888,0.019349
12,393435,888,0.011978
12,ours-406478,888,0.008032
12,simd-v0,889,0.019319
12,393435,889,0.011958
12,ours-406478,889,0.008013
12,KACTL,889,0.144487
12,393435,890,0.011958
12,ours-406478,890,0.008023
12,KACTL,890,0.149625
12,simd-v0,890,0.019369
12,ours-406478,891,0.008002
12,KACTL,891,0.144587
12,simd-v0,891,0.019370
12,393435,891,0.011988
12,KACTL,892,0.144367
12,simd-v0,892,0.019369
12,393435,892,0.011958
12,ours-406478,892,0.008042
12,simd-v0,893,0.019349
12,393435,893,0.011978
12,ours-406478,893,0.008052
12,KACTL,893,0.144578
12,393435,894,0.012008
12,ours-406478,894,0.008022
12,KACTL,894,0.144468
12,simd-v0,894,0.019359
12,ours-406478,895,0.008052
12,KACTL,895,0.150066
12,simd-v0,895,0.019389
12,393435,895,0.011998
12,KACTL,896,0.144558
12,simd-v0,896,0.019339
12,393435,896,0.011968
12,ours-406478,896,0.008052
12,simd-v0,897,0.019339
12,393435,897,0.012018
12,ours-406478,897,0.008052
12,KACTL,897,0.144348
12,393435,898,0.011998
12,ours-406478,898,0.007992
12,KACTL,898,0.144548
12,simd-v0,898,0.019389
12,ours-406478,899,0.008032
12,KACTL,899,0.144738
12,simd-v0,899,0.019370
12,393435,899,0.011938
12,KACTL,900,0.144608
12,simd-v0,900,0.019379
12,393435,900,0.012018
12,ours-406478,900,0.008012
12,simd-v0,901,0.024507
12,393435,901,0.011968
12,ours-406478,901,0.008033
12,KACTL,901,0.144527
12,393435,902,0.011979
12,ours-406478,902,0.008032
12,KACTL,902,0.145769
12,simd-v0,902,0.019359
12,ours-406478,903,0.008032
12,KACTL,903,0.144448
12,simd-v0,903,0.019379
12,393435,903,0.011978
12,KACTL,904,0.144598
12,simd-v0,904,0.019379
12,393435,904,0.011988
12,ours-406478,904,0.008042
12,simd-v0,905,0.019410
12,393435,905,0.012008
12,ours-406478,905,0.008022
12,KACTL,905,0.144508
12,393435,906,0.011988
12,ours-406478,906,0.008012
12,KACTL,906,0.149996
12,simd-v0,906,0.019399
12,ours-406478,907,0.008012
12,KACTL,907,0.144507
12,simd-v0,907,0.019340
12,393435,907,0.011978
12,KACTL,908,0.144658
12,simd-v0,908,0.019379
12,393435,908,0.011968
12,ours-406478,908,0.008032
12,simd-v0,909,0.019379
12,393435,909,0.011968
12,ours-406478,909,0.008032
12,KACTL,909,0.144678
12,393435,910,0.011998
12,ours-406478,910,0.008032
12,KACTL,910,0.144648
12,simd-v0,910,0.019389
12,ours-406478,911,0.008023
12,KACTL,911,0.149715
12,simd-v0,911,0.019379
12,393435,911,0.011968
12,KACTL,912,0.144628
12,simd-v0,912,0.019369
12,393435,912,0.011958
12,ours-406478,912,0.008042
12,simd-v0,913,0.019349
12,393435,913,0.012008
12,ours-406478,913,0.007992
12,KACTL,913,0.144608
12,393435,914,0.011969
12,ours-406478,914,0.008032
12,KACTL,914,0.144428
12,simd-v0,914,0.019350
12,ours-406478,915,0.008032
12,KACTL,915,0.144568
12,simd-v0,915,0.019379
12,393435,915,0.011978
12,KACTL,916,0.144598
12,simd-v0,916,0.019389
12,393435,916,0.012008
12,ours-406478,916,0.008032
12,simd-v0,917,0.024678
12,393435,917,0.011968
12,ours-406478,917,0.008032
12,KACTL,917,0.144358
12,393435,918,0.011988
12,ours-406478,918,0.008032
12,KACTL,918,0.144408
12,simd-v0,918,0.019359
12,ours-406478,919,0.008032
12,KACTL,919,0.144828
12,simd-v0,919,0.019379
12,393435,919,0.011958
12,KACTL,920,0.144828
12,simd-v0,920,0.019349
12,393435,920,0.012018
12,ours-406478,920,0.008022
12,simd-v0,921,0.019370
12,393435,921,0.011958
12,ours-406478,921,0.008022
12,KACTL,921,0.144498
12,393435,922,0.011978
12,ours-406478,922,0.008032
12,KACTL,922,0.149786
12,simd-v0,922,0.019369
12,ours-406478,923,0.008022
12,KACTL,923,0.144608
12,simd-v0,923,0.019359
12,393435,923,0.012019
12,KACTL,924,0.144528
12,simd-v0,924,0.019380
12,393435,924,0.011978
12,ours-406478,924,0.008032
12,simd-v0,925,0.019359
12,393435,925,0.011978
12,ours-406478,925,0.008052
12,KACTL,925,0.144819
12,393435,926,0.011968
12,ours-406478,926,0.008042
12,KACTL,926,0.144377
12,simd-v0,926,0.019380
12,ours-406478,927,0.008032
12,KACTL,927,0.149766
12,simd-v0,927,0.019379
12,393435,927,0.011988
12,KACTL,928,0.144378
12,simd-v0,928,0.019349
12,393435,928,0.011968
12,ours-406478,928,0.008022
12,simd-v0,929,0.019349
12,393435,929,0.011968
12,ours-406478,929,0.008032
12,KACTL,929,0.144557
12,393435,930,0.011968
12,ours-406478,930,0.008002
12,KACTL,930,0.144658
12,simd-v0,930,0.019369
12,ours-406478,931,0.008022
12,KACTL,931,0.144668
12,simd-v0,931,0.019339
12,393435,931,0.011998
12,KACTL,932,0.144347
12,simd-v0,932,0.019349
12,393435,932,0.011968
12,ours-406478,932,0.008012
12,simd-v0,933,0.019369
12,393435,933,0.011989
12,ours-406478,933,0.008002
12,KACTL,933,0.144488
12,393435,934,0.011959
12,ours-406478,934,0.008012
12,KACTL,934,0.144558
12,simd-v0,934,0.019369
12,ours-406478,935,0.008022
12,KACTL,935,0.144458
12,simd-v0,935,0.019329
12,393435,935,0.011958
12,KACTL,936,0.144458
12,simd-v0,936,0.019390
12,393435,936,0.011948
12,ours-406478,936,0.008032
12,simd-v0,937,0.019329
12,393435,937,0.011988
12,ours-406478,937,0.008042
12,KACTL,937,0.144488
12,393435,938,0.011998
12,ours-406478,938,0.008032
12,KACTL,938,0.149675
12,simd-v0,938,0.019329
12,ours-406478,939,0.008002
12,KACTL,939,0.144328
12,simd-v0,939,0.019339
12,393435,939,0.011958
12,KACTL,940,0.144468
12,simd-v0,940,0.019329
12,393435,940,0.011958
12,ours-406478,940,0.008032
12,simd-v0,941,0.019360
12,393435,941,0.011948
12,ours-406478,941,0.008032
12,KACTL,941,0.144798
12,393435,942,0.011968
12,ours-406478,942,0.008032
12,KACTL,942,0.144218
12,simd-v0,942,0.019379
12,ours-406478,943,0.008032
12,KACTL,943,0.150687
12,simd-v0,943,0.019400
12,393435,943,0.011958
12,KACTL,944,0.144668
12,simd-v0,944,0.019349
12,393435,944,0.011958
12,ours-406478,944,0.008032
12,simd-v0,945,0.019379
12,393435,945,0.011968
12,ours-406478,945,0.008043
12,KACTL,945,0.144487
12,393435,946,0.012008
12,ours-406478,946,0.008013
12,KACTL,946,0.144537
12,simd-v0,946,0.019380
12,ours-406478,947,0.008012
12,KACTL,947,0.144538
12,simd-v0,947,0.019379
12,393435,947,0.011978
12,KACTL,948,0.144438
12,simd-v0,948,0.019359
12,393435,948,0.012008
12,ours-406478,948,0.013280
12,simd-v0,949,0.019389
12,393435,949,0.011958
12,ours-406478,949,0.008042
12,KACTL,949,0.144537
12,393435,950,0.011958
12,ours-406478,950,0.008023
12,KACTL,950,0.144427
12,simd-v0,950,0.019369
12,ours-406478,951,0.007992
12,KACTL,951,0.144648
12,simd-v0,951,0.019379
12,393435,951,0.011978
12,KACTL,952,0.144648
12,simd-v0,952,0.019409
12,393435,952,0.011978
12,ours-406478,952,0.008052
12,simd-v0,953,0.019369
12,393435,953,0.011988
12,ours-406478,953,0.008032
12,KACTL,953,0.144608
12,393435,954,0.011978
12,ours-406478,954,0.008032
12,KACTL,954,0.149636
12,simd-v0,954,0.019369
12,ours-406478,955,0.008042
12,KACTL,955,0.146100
12,simd-v0,955,0.019379
12,393435,955,0.011998
12,KACTL,956,0.144588
12,simd-v0,956,0.019389
12,393435,956,0.011978
12,ours-406478,956,0.008052
12,simd-v0,957,0.019350
12,393435,957,0.011968
12,ours-406478,957,0.008052
12,KACTL,957,0.144778
12,393435,958,0.011938
12,ours-406478,958,0.008022
12,KACTL,958,0.144608
12,simd-v0,958,0.019369
12,ours-406478,959,0.008032
12,KACTL,959,0.151848
12,simd-v0,959,0.021572
12,393435,959,0.013630
12,KACTL,960,0.154863
12,simd-v0,960,0.019389
12,393435,960,0.011978
12,ours-406478,960,0.008172
12,simd-v0,961,0.019369
12,393435,961,0.011968
12,ours-406478,961,0.008062
12,KACTL,961,0.144527
12,393435,962,0.011968
12,ours-406478,962,0.008022
12,KACTL,962,0.144537
12,simd-v0,962,0.019360
12,ours-406478,963,0.008032
12,KACTL,963,0.144578
12,simd-v0,963,0.019349
12,393435,963,0.011978
12,KACTL,964,0.144788
12,simd-v0,964,0.024677
12,393435,964,0.012008
12,ours-406478,964,0.008052
12,simd-v0,965,0.019359
12,393435,965,0.011968
12,ours-406478,965,0.008052
12,KACTL,965,0.144608
12,393435,966,0.011968
12,ours-406478,966,0.008023
12,KACTL,966,0.144988
12,simd-v0,966,0.019369
12,ours-406478,967,0.008032
12,KACTL,967,0.144848
12,simd-v0,967,0.019359
12,393435,967,0.011989
12,KACTL,968,0.144467
12,simd-v0,968,0.019349
12,393435,968,0.011978
12,ours-406478,968,0.008042
12,simd-v0,969,0.019339
12,393435,969,0.011978
12,ours-406478,969,0.008032
12,KACTL,969,0.144558
12,393435,970,0.011978
12,ours-406478,970,0.008012
12,KACTL,970,0.149996
12,simd-v0,970,0.019399
12,ours-406478,971,0.008032
12,KACTL,971,0.144808
12,simd-v0,971,0.019389
12,393435,971,0.011978
12,KACTL,972,0.144568
12,simd-v0,972,0.019349
12,393435,972,0.011978
12,ours-406478,972,0.008032
12,simd-v0,973,0.019339
12,393435,973,0.011958
12,ours-406478,973,0.008022
12,KACTL,973,0.144268
12,393435,974,0.011948
12,ours-406478,974,0.007982
12,KACTL,974,0.144758
12,simd-v0,974,0.019329
12,ours-406478,975,0.008042
12,KACTL,975,0.149725
12,simd-v0,975,0.019359
12,393435,975,0.011968
12,KACTL,976,0.144477
12,simd-v0,976,0.019369
12,393435,976,0.011958
12,ours-406478,976,0.008033
12,simd-v0,977,0.019339
12,393435,977,0.012008
12,ours-406478,977,0.008022
12,KACTL,977,0.144318
12,393435,978,0.012008
12,ours-406478,978,0.008022
12,KACTL,978,0.144418
12,simd-v0,978,0.019369
12,ours-406478,979,0.008012
12,KACTL,979,0.144548
12,simd-v0,979,0.019349
12,393435,979,0.011968
12,KACTL,980,0.144618
12,simd-v0,980,0.024827
12,393435,980,0.011958
12,ours-406478,980,0.008042
12,simd-v0,981,0.019349
12,393435,981,0.011958
12,ours-406478,981,0.008012
12,KACTL,981,0.144388
12,393435,982,0.011988
12,ours-406478,982,0.008022
12,KACTL,982,0.144458
12,simd-v0,982,0.019379
12,ours-406478,983,0.008002
12,KACTL,983,0.144358
12,simd-v0,983,0.019369
12,393435,983,0.011968
12,KACTL,984,0.144608
12,simd-v0,984,0.019389
12,393435,984,0.011968
12,ours-406478,984,0.008033
12,simd-v0,985,0.019379
12,393435,985,0.012008
12,ours-406478,985,0.008032
12,KACTL,985,0.144538
12,393435,986,0.011948
12,ours-406478,986,0.008032
12,KACTL,986,0.151248
12,simd-v0,986,0.019390
12,ours-406478,987,0.008022
12,KACTL,987,0.144488
12,simd-v0,987,0.019349
12,393435,987,0.011978
12,KACTL,988,0.144568
12,simd-v0,988,0.019379
12,393435,988,0.011988
12,ours-406478,988,0.008032
12,simd-v0,989,0.019370
12,393435,989,0.012008
12,ours-406478,989,0.008032
12,KACTL,989,0.144347
12,393435,990,0.011968
12,ours-406478,990,0.008022
12,KACTL,990,0.144337
12,simd-v0,990,0.019390
12,ours-406478,991,0.008022
12,KACTL,991,0.150016
12,simd-v0,991,0.019339
12,393435,991,0.011978
12,KACTL,992,0.144498
12,simd-v0,992,0.019389
12,393435,992,0.012018
12,ours-406478,992,0.008043
12,simd-v0,993,0.019339
12,393435,993,0.011968
12,ours-406478,993,0.008032
12,KACTL,993,0.144778
12,393435,994,0.011998
12,ours-406478,994,0.008022
12,KACTL,994,0.144287
12,simd-v0,994,0.019379
12,ours-406478,995,0.008033
12,KACTL,995,0.144618
12,simd-v0,995,0.019349
12,393435,995,0.011978
12,KACTL,996,0.144307
12,simd-v0,996,0.024788
12,393435,996,0.011988
12,ours-406478,996,0.008022
12,simd-v0,997,0.019339
12,393435,997,0.011978
12,ours-406478,997,0.008013
12,KACTL,997,0.145068
12,393435,998,0.011998
12,ours-406478,998,0.008033
12,KACTL,998,0.144638
12,simd-v0,998,0.019349
12,ours-406478,999,0.008022
12,KACTL,999,0.144458
12,simd-v0,999,0.019369
12,393435,999,0.011978
12,KACTL,1000,0.144768
12,simd-v0,1000,0.019329
12,393435,1000,0.012008
12,ours-406478,1000,0.008053
13,KACTL,0,0.311519
13,simd-v0,0,0.039460
13,393435,0,0.024136
13,ours-406478,0,0.017206
13,simd-v0,1,0.039359
13,393435,1,0.024086
13,ours-406478,1,0.017106
13,KACTL,1,0.310377
13,393435,2,0.024107
13,ours-406478,2,0.017226
13,KACTL,2,0.315165
13,simd-v0,2,0.039439
13,ours-406478,3,0.017216
13,KACTL,3,0.310698
13,simd-v0,3,0.039369
13,393435,3,0.024076
13,KACTL,4,0.309837
13,simd-v0,4,0.044668
13,393435,4,0.024087
13,ours-406478,4,0.017246
13,simd-v0,5,0.039379
13,393435,5,0.024066
13,ours-406478,5,0.017156
13,KACTL,5,0.310768
13,393435,6,0.024106
13,ours-406478,6,0.017185
13,KACTL,6,0.310177
13,simd-v0,6,0.039389
13,ours-406478,7,0.017246
13,KACTL,7,0.315776
13,simd-v0,7,0.039359
13,393435,7,0.024086
13,KACTL,8,0.309977
13,simd-v0,8,0.039300
13,393435,8,0.024086
13,ours-406478,8,0.017256
13,simd-v0,9,0.039359
13,393435,9,0.024116
13,ours-406478,9,0.017185
13,KACTL,9,0.316217
13,393435,10,0.024117
13,ours-406478,10,0.017146
13,KACTL,10,0.310487
13,simd-v0,10,0.039429
13,ours-406478,11,0.017186
13,KACTL,11,0.311079
13,simd-v0,11,0.039439
13,393435,11,0.024046
13,KACTL,12,0.315255
13,simd-v0,12,0.039340
13,393435,12,0.024076
13,ours-406478,12,0.017256
13,simd-v0,13,0.039339
13,393435,13,0.024087
13,ours-406478,13,0.017146
13,KACTL,13,0.310658
13,393435,14,0.024056
13,ours-406478,14,0.017156
13,KACTL,14,0.309656
13,simd-v0,14,0.047892
13,ours-406478,15,0.017266
13,KACTL,15,0.310949
13,simd-v0,15,0.039350
13,393435,15,0.024096
13,KACTL,16,0.310528
13,simd-v0,16,0.039409
13,393435,16,0.024086
13,ours-406478,16,0.017216
13,simd-v0,17,0.039369
13,393435,17,0.024066
13,ours-406478,17,0.017136
13,KACTL,17,0.316276
13,393435,18,0.024067
13,ours-406478,18,0.017166
13,KACTL,18,0.310058
13,simd-v0,18,0.039290
13,ours-406478,19,0.017166
13,KACTL,19,0.310068
13,simd-v0,19,0.039370
13,393435,19,0.029304
13,KACTL,20,0.309927
13,simd-v0,20,0.039360
13,393435,20,0.024066
13,ours-406478,20,0.017266
13,simd-v0,21,0.039399
13,393435,21,0.024096
13,ours-406478,21,0.017126
13,KACTL,21,0.310648
13,393435,22,0.024107
13,ours-406478,22,0.017186
13,KACTL,22,0.315045
13,simd-v0,22,0.039319
13,ours-406478,23,0.017216
13,KACTL,23,0.310578
13,simd-v0,23,0.039379
13,393435,23,0.024116
13,KACTL,24,0.309727
13,simd-v0,24,0.039369
13,393435,24,0.024066
13,ours-406478,24,0.022524
13,simd-v0,25,0.039319
13,393435,25,0.024106
13,ours-406478,25,0.017226
13,KACTL,25,0.312431
13,393435,26,0.024066
13,ours-406478,26,0.017296
13,KACTL,26,0.309737
13,simd-v0,26,0.039389
13,ours-406478,27,0.017226
13,KACTL,27,0.316166
13,simd-v0,27,0.039349
13,393435,27,0.024066
13,KACTL,28,0.310197
13,simd-v0,28,0.039419
13,393435,28,0.024086
13,ours-406478,28,0.017206
13,simd-v0,29,0.039409
13,393435,29,0.024096
13,ours-406478,29,0.017216
13,KACTL,29,0.310438
13,393435,30,0.029314
13,ours-406478,30,0.017236
13,KACTL,30,0.310137
13,simd-v0,30,0.039409
13,ours-406478,31,0.017216
13,KACTL,31,0.310869
13,simd-v0,31,0.039340
13,393435,31,0.024087
13,KACTL,32,0.314574
13,simd-v0,32,0.039309
13,393435,32,0.024076
13,ours-406478,32,0.017216
13,simd-v0,33,0.039400
13,393435,33,0.024056
13,ours-406478,33,0.017136
13,KACTL,33,0.310538
13,393435,34,0.024096
13,ours-406478,34,0.017186
13,KACTL,34,0.310258
13,simd-v0,34,0.039360
13,ours-406478,35,0.017176
13,KACTL,35,0.309957
13,simd-v0,35,0.039399
13,393435,35,0.024066
13,KACTL,36,0.310227
13,simd-v0,36,0.039399
13,393435,36,0.024107
13,ours-406478,36,0.017226
13,simd-v0,37,0.039369
13,393435,37,0.024096
13,ours-406478,37,0.017125
13,KACTL,37,0.315886
13,393435,38,0.024116
13,ours-406478,38,0.017286
13,KACTL,38,0.310088
13,simd-v0,38,0.039409
13,ours-406478,39,0.017196
13,KACTL,39,0.310368
13,simd-v0,39,0.039399
13,393435,39,0.024106
13,KACTL,40,0.315505
13,simd-v0,40,0.039439
13,393435,40,0.024067
13,ours-406478,40,0.017276
13,simd-v0,41,0.039419
13,393435,41,0.024096
13,ours-406478,41,0.017135
13,KACTL,41,0.310658
13,393435,42,0.024106
13,ours-406478,42,0.017185
13,KACTL,42,0.314724
13,simd-v0,42,0.039369
13,ours-406478,43,0.017226
13,KACTL,43,0.310598
13,simd-v0,43,0.039359
13,393435,43,0.024056
13,KACTL,44,0.310177
13,simd-v0,44,0.039260
13,393435,44,0.024066
13,ours-406478,44,0.017156
13,simd-v0,45,0.039410
13,393435,45,0.029545
13,ours-406478,45,0.017146
13,KACTL,45,0.310287
13,393435,46,0.024096
13,ours-406478,46,0.017176
13,KACTL,46,0.310127
13,simd-v0,46,0.039319
13,ours-406478,47,0.017156
13,KACTL,47,0.315936
13,simd-v0,47,0.039349
13,393435,47,0.024126
13,KACTL,48,0.310267
13,simd-v0,48,0.039309
13,393435,48,0.024086
13,ours-406478,48,0.017235
13,simd-v0,49,0.039419
13,393435,49,0.024116
13,ours-406478,49,0.017166
13,KACTL,49,0.310408
13,393435,50,0.024066
13,ours-406478,50,0.017196
13,KACTL,50,0.316216
13,simd-v0,50,0.039359
13,ours-406478,51,0.017206
13,KACTL,51,0.310899
13,simd-v0,51,0.039430
13,393435,51,0.024087
13,KACTL,52,0.315616
13,simd-v0,52,0.039359
13,393435,52,0.024107
13,ours-406478,52,0.017286
13,simd-v0,53,0.039349
13,393435,53,0.024046
13,ours-406478,53,0.017186
13,KACTL,53,0.310719
13,393435,54,0.024086
13,ours-406478,54,0.017145
13,KACTL,54,0.309727
13,simd-v0,54,0.039439
13,ours-406478,55,0.017206
13,KACTL,55,0.316306
13,simd-v0,55,0.039350
13,393435,55,0.024106
13,KACTL,56,0.310247
13,simd-v0,56,0.039319
13,393435,56,0.024077
13,ours-406478,56,0.017226
13,simd-v0,57,0.039359
13,393435,57,0.024066
13,ours-406478,57,0.017156
13,KACTL,57,0.339872
13,393435,58,0.024276
13,ours-406478,58,0.017517
13,KACTL,58,0.310318
13,simd-v0,58,0.039500
13,ours-406478,59,0.017136
13,KACTL,59,0.310518
13,simd-v0,59,0.039329
13,393435,59,0.024106
13,KACTL,60,0.316467
13,simd-v0,60,0.039380
13,393435,60,0.024116
13,ours-406478,60,0.017256
13,simd-v0,61,0.039369
13,393435,61,0.024077
13,ours-406478,61,0.017176
13,KACTL,61,0.310427
13,393435,62,0.024106
13,ours-406478,62,0.017206
13,KACTL,62,0.315416
13,simd-v0,62,0.039450
13,ours-406478,63,0.017206
13,KACTL,63,0.310407
13,simd-v0,63,0.039440
13,393435,63,0.024076
13,KACTL,64,0.309647
13,simd-v0,64,0.039499
13,393435,64,0.024106
13,ours-406478,64,0.017236
13,simd-v0,65,0.039390
13,393435,65,0.024096
13,ours-406478,65,0.017156
13,KACTL,65,0.310458
13,393435,66,0.024116
13,ours-406478,66,0.017226
13,KACTL,66,0.309597
13,simd-v0,66,0.039450
13,ours-406478,67,0.017166
13,KACTL,67,0.315485
13,simd-v0,67,0.039409
13,393435,67,0.024076
13,KACTL,68,0.309957
13,simd-v0,68,0.039340
13,393435,68,0.024086
13,ours-406478,68,0.017276
13,simd-v0,69,0.039359
13,393435,69,0.024117
13,ours-406478,69,0.017096
13,KACTL,69,0.310538
13,393435,70,0.024077
13,ours-406478,70,0.017166
13,KACTL,70,0.315946
13,simd-v0,70,0.039430
13,ours-406478,71,0.017256
13,KACTL,71,0.310648
13,simd-v0,71,0.039419
13,393435,71,0.024096
13,KACTL,72,0.315174
13,simd-v0,72,0.039319
13,393435,72,0.024086
13,ours-406478,72,0.017236
13,simd-v0,73,0.039380
13,393435,73,0.024097
13,ours-406478,73,0.017136
13,KACTL,73,0.310388
13,393435,74,0.024136
13,ours-406478,74,0.017166
13,KACTL,74,0.310218
13,simd-v0,74,0.039430
13,ours-406478,75,0.017126
13,KACTL,75,0.315865
13,simd-v0,75,0.040872
13,393435,75,0.024117
13,KACTL,76,0.310398
13,simd-v0,76,0.039409
13,393435,76,0.024117
13,ours-406478,76,0.017236
13,simd-v0,77,0.039379
13,393435,77,0.024106
13,ours-406478,77,0.017165
13,KACTL,77,0.315786
13,393435,78,0.024107
13,ours-406478,78,0.017246
13,KACTL,78,0.310127
13,simd-v0,78,0.039379
13,ours-406478,79,0.017216
13,KACTL,79,0.310318
13,simd-v0,79,0.039360
13,393435,79,0.024076
13,KACTL,80,0.315576
13,simd-v0,80,0.039329
13,393435,80,0.024106
13,ours-406478,80,0.017246
13,simd-v0,81,0.039320
13,393435,81,0.024086
13,ours-406478,81,0.017166
13,KACTL,81,0.310458
13,393435,82,0.024056
13,ours-406478,82,0.017196
13,KACTL,82,0.315375
13,simd-v0,82,0.039449
13,ours-406478,83,0.017166
13,KACTL,83,0.310458
13,simd-v0,83,0.039339
13,393435,83,0.024136
13,KACTL,84,0.310548
13,simd-v0,84,0.039349
13,393435,84,0.024086
13,ours-406478,84,0.017236
13,simd-v0,85,0.039319
13,393435,85,0.024086
13,ours-406478,85,0.017186
13,KACTL,85,0.315696
13,393435,86,0.024076
13,ours-406478,86,0.017206
13,KACTL,86,0.310598
13,simd-v0,86,0.039360
13,ours-406478,87,0.017176
13,KACTL,87,0.315615
13,simd-v0,87,0.039359
13,393435,87,0.024096
13,KACTL,88,0.310207
13,simd-v0,88,0.039349
13,393435,88,0.024067
13,ours-406478,88,0.017276
13,simd-v0,89,0.039299
13,393435,89,0.024096
13,ours-406478,89,0.017146
13,KACTL,89,0.310408
13,393435,90,0.024106
13,ours-406478,90,0.017196
13,KACTL,90,0.314554
13,simd-v0,90,0.039380
13,ours-406478,91,0.017226
13,KACTL,91,0.310458
13,simd-v0,91,0.039369
13,393435,91,0.024076
13,KACTL,92,0.309716
13,simd-v0,92,0.044677
13,393435,92,0.024106
13,ours-406478,92,0.017266
13,simd-v0,93,0.039309
13,393435,93,0.024106
13,ours-406478,93,0.017146
13,KACTL,93,0.310228
13,393435,94,0.024077
13,ours-406478,94,0.017196
13,KACTL,94,0.309406
13,simd-v0,94,0.039380
13,ours-406478,95,0.017206
13,KACTL,95,0.315756
13,simd-v0,95,0.039400
13,393435,95,0.024097
13,KACTL,96,0.309917
13,simd-v0,96,0.039379
13,393435,96,0.024087
13,ours-406478,96,0.017256
13,simd-v0,97,0.039309
13,393435,97,0.024106
13,ours-406478,97,0.017146
13,KACTL,97,0.321094
13,393435,98,0.024146
13,ours-406478,98,0.017336
13,KACTL,98,0.310497
13,simd-v0,98,0.039430
13,ours-406478,99,0.017186
13,KACTL,99,0.310858
13,simd-v0,99,0.039429
13,393435,99,0.024076
13,KACTL,100,0.315695
13,simd-v0,100,0.039359
13,393435,100,0.024086
13,ours-406478,100,0.017256
13,simd-v0,101,0.040641
13,393435,101,0.024106
13,ours-406478,101,0.017146
13,KACTL,101,0.310468
13,393435,102,0.024066
13,ours-406478,102,0.017115
13,KACTL,102,0.315225
13,simd-v0,102,0.039329
13,ours-406478,103,0.017156
13,KACTL,103,0.309947
13,simd-v0,103,0.039350
13,393435,103,0.024047
13,KACTL,104,0.310168
13,simd-v0,104,0.039279
13,393435,104,0.024086
13,ours-406478,104,0.017196
13,simd-v0,105,0.039319
13,393435,105,0.024106
13,ours-406478,105,0.017115
13,KACTL,105,0.315786
13,393435,106,0.024096
13,ours-406478,106,0.017226
13,KACTL,106,0.310197
13,simd-v0,106,0.039339
13,ours-406478,107,0.017175
13,KACTL,107,0.310398
13,simd-v0,107,0.044577
13,393435,107,0.024086
13,KACTL,108,0.309797
13,simd-v0,108,0.039370
13,393435,108,0.024127
13,ours-406478,108,0.017266
13,simd-v0,109,0.039419
13,393435,109,0.024076
13,ours-406478,109,0.017165
13,KACTL,109,0.310648
13,393435,110,0.024106
13,ours-406478,110,0.017226
13,KACTL,110,0.315626
13,simd-v0,110,0.039390
13,ours-406478,111,0.017216
13,KACTL,111,0.310878
13,simd-v0,111,0.039339
13,393435,111,0.024097
13,KACTL,112,0.310198
13,simd-v0,112,0.039319
13,393435,112,0.024086
13,ours-406478,112,0.022474
13,simd-v0,113,0.039320
13,393435,113,0.024126
13,ours-406478,113,0.017126
13,KACTL,113,0.310779
13,393435,114,0.024087
13,ours-406478,114,0.017206
13,KACTL,114,0.310187
13,simd-v0,114,0.039329
13,ours-406478,115,0.017156
13,KACTL,115,0.315345
13,simd-v0,115,0.039309
13,393435,115,0.024056
13,KACTL,116,0.309467
13,simd-v0,116,0.039369
13,393435,116,0.024076
13,ours-406478,116,0.017236
13,simd-v0,117,0.039310
13,393435,117,0.024086
13,ours-406478,117,0.017166
13,KACTL,117,0.310739
13,393435,118,0.029254
13,ours-406478,118,0.017236
13,KACTL,118,0.310068
13,simd-v0,118,0.039420
13,ours-406478,119,0.017256
13,KACTL,119,0.310137
13,simd-v0,119,0.039339
13,393435,119,0.024137
13,KACTL,120,0.315055
13,simd-v0,120,0.039409
13,393435,120,0.024086
13,ours-406478,120,0.017276
13,simd-v0,121,0.039339
13,393435,121,0.024076
13,ours-406478,121,0.017135
13,KACTL,121,0.310237
13,393435,122,0.024046
13,ours-406478,122,0.017166
13,KACTL,122,0.310077
13,simd-v0,122,0.039349
13,ours-406478,123,0.023455
13,KACTL,123,0.310167
13,simd-v0,123,0.039369
13,393435,123,0.024076
13,KACTL,124,0.310518
13,simd-v0,124,0.039409
13,393435,124,0.024086
13,ours-406478,124,0.017266
13,simd-v0,125,0.039370
13,393435,125,0.024096
13,ours-406478,125,0.017136
13,KACTL,125,0.315596
13,393435,126,0.024086
13,ours-406478,126,0.017236
13,KACTL,126,0.311870
13,simd-v0,126,0.039429
13,ours-406478,127,0.017205
13,KACTL,127,0.311029
13,simd-v0,127,0.039310
13,393435,127,0.024107
13,KACTL,128,0.314955
13,simd-v0,128,0.039339
13,393435,128,0.024096
13,ours-406478,128,0.017216
13,simd-v0,129,0.039400
13,393435,129,0.024067
13,ours-406478,129,0.017186
13,KACTL,129,0.311099
13,393435,130,0.024116
13,ours-406478,130,0.017196
13,KACTL,130,0.315425
13,simd-v0,130,0.039359
13,ours-406478,131,0.017246
13,KACTL,131,0.310618
13,simd-v0,131,0.039429
13,393435,131,0.024116
13,KACTL,132,0.309816
13,simd-v0,132,0.039399
13,393435,132,0.024066
13,ours-406478,132,0.017216
13,simd-v0,133,0.044687
13,393435,133,0.024096
13,ours-406478,133,0.017156
13,KACTL,133,0.310168
13,393435,134,0.024096
13,ours-406478,134,0.017116
13,KACTL,134,0.309937
13,simd-v0,134,0.039320
13,ours-406478,135,0.017206
13,KACTL,135,0.315085
13,simd-v0,135,0.039429
13,393435,135,0.024076
13,KACTL,136,0.309997
13,simd-v0,136,0.039320
13,393435,136,0.024086
13,ours-406478,136,0.017196
13,simd-v0,137,0.039370
13,393435,137,0.024046
13,ours-406478,137,0.017106
13,KACTL,137,0.310388
13,393435,138,0.024066
13,ours-406478,138,0.017176
13,KACTL,138,0.315415
13,simd-v0,138,0.039349
13,ours-406478,139,0.017186
13,KACTL,139,0.310328
13,simd-v0,139,0.039390
13,393435,139,0.024126
13,KACTL,140,0.315585
13,simd-v0,140,0.039339
13,393435,140,0.024067
13,ours-406478,140,0.017296
13,simd-v0,141,0.039289
13,393435,141,0.024096
13,ours-406478,141,0.017105
13,KACTL,141,0.318049
13,393435,142,0.024127
13,ours-406478,142,0.017387
13,KACTL,142,0.310598
13,simd-v0,142,0.039349
13,ours-406478,143,0.017196
13,KACTL,143,0.324099
13,simd-v0,143,0.039349
13,393435,143,0.024156
13,KACTL,144,0.318510
13,simd-v0,144,0.039439
13,393435,144,0.024116
13,ours-406478,144,0.017536
13,simd-v0,145,0.039329
13,393435,145,0.024057
13,ours-406478,145,0.017136
13,KACTL,145,0.316497
13,393435,146,0.024057
13,ours-406478,146,0.017206
13,KACTL,146,0.309957
13,simd-v0,146,0.039370
13,ours-406478,147,0.017126
13,KACTL,147,0.321915
13,simd-v0,147,0.044396
13,393435,147,0.029725
13,KACTL,148,0.357289
13,simd-v0,148,0.039440
13,393435,148,0.024097
13,ours-406478,148,0.017466
13,simd-v0,149,0.039369
13,393435,149,0.024116
13,ours-406478,149,0.017166
13,KACTL,149,0.310829
13,393435,150,0.024076
13,ours-406478,150,0.017136
13,KACTL,150,0.319993
13,simd-v0,150,0.039410
13,ours-406478,151,0.017286
13,KACTL,151,0.312341
13,simd-v0,151,0.039340
13,393435,151,0.024117
13,KACTL,152,0.309857
13,simd-v0,152,0.039359
13,393435,152,0.024087
13,ours-406478,152,0.022815
13,simd-v0,153,0.039390
13,393435,153,0.024117
13,ours-406478,153,0.017176
13,KACTL,153,0.310477
13,393435,154,0.024066
13,ours-406478,154,0.017196
13,KACTL,154,0.310228
13,simd-v0,154,0.039420
13,ours-406478,155,0.017176
13,KACTL,155,0.315555
13,simd-v0,155,0.039369
13,393435,155,0.024106
13,KACTL,156,0.309897
13,simd-v0,156,0.039400
13,393435,156,0.024056
13,ours-406478,156,0.017216
13,simd-v0,157,0.039430
13,393435,157,0.024077
13,ours-406478,157,0.017166
13,KACTL,157,0.309516
13,393435,158,0.029304
13,ours-406478,158,0.017236
13,KACTL,158,0.309867
13,simd-v0,158,0.039339
13,ours-406478,159,0.017226
13,KACTL,159,0.309967
13,simd-v0,159,0.039309
13,393435,159,0.024087
13,KACTL,160,0.315275
13,simd-v0,160,0.039379
13,393435,160,0.024106
13,ours-406478,160,0.017226
13,simd-v0,161,0.039329
13,393435,161,0.024096
13,ours-406478,161,0.017096
13,KACTL,161,0.310638
13,393435,162,0.024076
13,ours-406478,162,0.017185
13,KACTL,162,0.310097
13,simd-v0,162,0.039349
13,ours-406478,163,0.017196
13,KACTL,163,0.316026
13,simd-v0,163,0.039319
13,393435,163,0.024066
13,KACTL,164,0.310478
13,simd-v0,164,0.039419
13,393435,164,0.024106
13,ours-406478,164,0.017226
13,simd-v0,165,0.039419
13,393435,165,0.024146
13,ours-406478,165,0.017126
13,KACTL,165,0.316067
13,393435,166,0.024106
13,ours-406478,166,0.017236
13,KACTL,166,0.310098
13,simd-v0,166,0.039480
13,ours-406478,167,0.017266
13,KACTL,167,0.311159
13,simd-v0,167,0.039480
13,393435,167,0.024087
13,KACTL,168,0.321635
13,simd-v0,168,0.039359
13,393435,168,0.024136
13,ours-406478,168,0.017366
13,simd-v0,169,0.039320
13,393435,169,0.024107
13,ours-406478,169,0.017126
13,KACTL,169,0.310668
13,393435,170,0.024047
13,ours-406478,170,0.017196
13,KACTL,170,0.315565
13,simd-v0,170,0.039329
13,ours-406478,171,0.017165
13,KACTL,171,0.310949
13,simd-v0,171,0.039410
13,393435,171,0.024137
13,KACTL,172,0.310388
13,simd-v0,172,0.039400
13,393435,172,0.024106
13,ours-406478,172,0.017306
13,simd-v0,173,0.044687
13,393435,173,0.024096
13,ours-406478,173,0.017195
13,KACTL,173,0.310478
13,393435,174,0.024116
13,ours-406478,174,0.017176
13,KACTL,174,0.310047
13,simd-v0,174,0.039379
13,ours-406478,175,0.017096
13,KACTL,175,0.315115
13,simd-v0,175,0.039340
13,393435,175,0.024117
13,KACTL,176,0.311329
13,simd-v0,176,0.039369
13,393435,176,0.024096
13,ours-406478,176,0.017246
13,simd-v0,177,0.039309
13,393435,177,0.024086
13,ours-406478,177,0.017105
13,KACTL,177,0.310708
13,393435,178,0.024086
13,ours-406478,178,0.017166
13,KACTL,178,0.315686
13,simd-v0,178,0.039360
13,ours-406478,179,0.017236
13,KACTL,179,0.310518
13,simd-v0,179,0.039309
13,393435,179,0.024106
13,KACTL,180,0.320383
13,simd-v0,180,0.039370
13,393435,180,0.024097
13,ours-406478,180,0.017346
13,simd-v0,181,0.039379
13,393435,181,0.024076
13,ours-406478,181,0.017176
13,KACTL,181,0.310478
13,393435,182,0.024056
13,ours-406478,182,0.017226
13,KACTL,182,0.310217
13,simd-v0,182,0.039429
13,ours-406478,183,0.017236
13,KACTL,183,0.316868
13,simd-v0,183,0.039420
13,393435,183,0.024087
13,KACTL,184,0.310097
13,simd-v0,184,0.039429
13,393435,184,0.024106
13,ours-406478,184,0.017256
13,simd-v0,185,0.039370
13,393435,185,0.024066
13,ours-406478,185,0.017156
13,KACTL,185,0.315576
13,393435,186,0.024097
13,ours-406478,186,0.017196
13,KACTL,186,0.310157
13,simd-v0,186,0.039349
13,ours-406478,187,0.017216
13,KACTL,187,0.310057
13,simd-v0,187,0.039389
13,393435,187,0.024046
13,KACTL,188,0.354264
13,simd-v0,188,0.039479
13,393435,188,0.024257
13,ours-406478,188,0.017556
13,simd-v0,189,0.039409
13,393435,189,0.024066
13,ours-406478,189,0.017126
13,KACTL,189,0.310548
13,393435,190,0.024126
13,ours-406478,190,0.017146
13,KACTL,190,0.316036
13,simd-v0,190,0.039430
13,ours-406478,191,0.019860
13,KACTL,191,0.312021
13,simd-v0,191,0.039440
13,393435,191,0.024107
13,KACTL,192,0.310548
13,simd-v0,192,0.039349
13,393435,192,0.024046
13,ours-406478,192,0.017366
13,simd-v0,193,0.045199
13,393435,193,0.024056
13,ours-406478,193,0.017186
13,KACTL,193,0.310498
13,393435,194,0.024036
13,ours-406478,194,0.017145
13,KACTL,194,0.310107
13,simd-v0,194,0.039309
13,ours-406478,195,0.017185
13,KACTL,195,0.315465
13,simd-v0,195,0.039400
13,393435,195,0.024076
13,KACTL,196,0.309937
13,simd-v0,196,0.039309
13,393435,196,0.024087
13,ours-406478,196,0.017226
13,simd-v0,197,0.039429
13,393435,197,0.024066
13,ours-406478,197,0.017115
13,KACTL,197,0.310107
13,393435,198,0.024056
13,ours-406478,198,0.017226
13,KACTL,198,0.315015
13,simd-v0,198,0.039420
13,ours-406478,199,0.017246
13,KACTL,199,0.310528
13,simd-v0,199,0.039350
13,393435,199,0.024067
13,KACTL,200,0.315506
13,simd-v0,200,0.039379
13,393435,200,0.024026
13,ours-406478,200,0.017246
13,simd-v0,201,0.039420
13,393435,201,0.024016
13,ours-406478,201,0.017126
13,KACTL,201,0.311830
13,393435,202,0.024066
13,ours-406478,202,0.017226
13,KACTL,202,0.310288
13,simd-v0,202,0.039329
13,ours-406478,203,0.017156
13,KACTL,203,0.315575
13,simd-v0,203,0.039349
13,393435,203,0.024056
13,KACTL,204,0.309807
13,simd-v0,204,0.039410
13,393435,204,0.024046
13,ours-406478,204,0.017216
13,simd-v0,205,0.039360
13,393435,205,0.024056
13,ours-406478,205,0.017156
13,KACTL,205,0.316567
13,393435,206,0.024076
13,ours-406478,206,0.017216
13,KACTL,206,0.310248
13,simd-v0,206,0.039310
13,ours-406478,207,0.017196
13,KACTL,207,0.310658
13,simd-v0,207,0.039330
13,393435,207,0.024056
13,KACTL,208,0.315415
13,simd-v0,208,0.039439
13,393435,208,0.024036
13,ours-406478,208,0.017246
13,simd-v0,209,0.039390
13,393435,209,0.024046
13,ours-406478,209,0.017176
13,KACTL,209,0.310588
13,393435,210,0.023996
13,ours-406478,210,0.017196
13,KACTL,210,0.315115
13,simd-v0,210,0.039300
13,ours-406478,211,0.017226
13,KACTL,211,0.310067
13,simd-v0,211,0.039429
13,393435,211,0.024037
13,KACTL,212,0.310088
13,simd-v0,212,0.039359
13,393435,212,0.024046
13,ours-406478,212,0.017226
13,simd-v0,213,0.039430
13,393435,213,0.024036
13,ours-406478,213,0.017136
13,KACTL,213,0.333463
13,393435,214,0.024126
13,ours-406478,214,0.017366
13,KACTL,214,0.310468
13,simd-v0,214,0.039340
13,ours-406478,215,0.017176
13,KACTL,215,0.315946
13,simd-v0,215,0.039370
13,393435,215,0.024127
13,KACTL,216,0.310238
13,simd-v0,216,0.039380
13,393435,216,0.024026
13,ours-406478,216,0.017296
13,simd-v0,217,0.039319
13,393435,217,0.024057
13,ours-406478,217,0.017086
13,KACTL,217,0.310027
13,393435,218,0.024037
13,ours-406478,218,0.017166
13,KACTL,218,0.428866
13,simd-v0,218,0.039520
13,ours-406478,219,0.017496
13,KACTL,219,0.309877
13,simd-v0,219,0.039360
13,393435,219,0.024296
13,KACTL,220,0.316617
13,simd-v0,220,0.039339
13,393435,220,0.024057
13,ours-406478,220,0.017236
13,simd-v0,221,0.039339
13,393435,221,0.024016
13,ours-406478,221,0.017166
13,KACTL,221,0.310678
13,393435,222,0.024076
13,ours-406478,222,0.017236
13,KACTL,222,0.309827
13,simd-v0,222,0.044638
13,ours-406478,223,0.017246
13,KACTL,223,0.310057
13,simd-v0,223,0.039329
13,393435,223,0.024037
13,KACTL,224,0.310318
13,simd-v0,224,0.039319
13,393435,224,0.024006
13,ours-406478,224,0.017296
13,simd-v0,225,0.039339
13,393435,225,0.024066
13,ours-406478,225,0.017176
13,KACTL,225,0.315926
13,393435,226,0.024056
13,ours-406478,226,0.019049
13,KACTL,226,0.310027
13,simd-v0,226,0.039419
13,ours-406478,227,0.017196
13,KACTL,227,0.309897
13,simd-v0,227,0.039419
13,393435,227,0.029374
13,KACTL,228,0.309667
13,simd-v0,228,0.039450
13,393435,228,0.024096
13,ours-406478,228,0.017306
13,simd-v0,229,0.039379
13,393435,229,0.024027
13,ours-406478,229,0.017116
13,KACTL,229,0.310448
13,393435,230,0.024066
13,ours-406478,230,0.017205
13,KACTL,230,0.315626
13,simd-v0,230,0.039400
13,ours-406478,231,0.017226
13,KACTL,231,0.310287
13,simd-v0,231,0.039419
13,393435,231,0.024076
13,KACTL,232,0.309426
13,simd-v0,232,0.039429
13,393435,232,0.024037
13,ours-406478,232,0.017256
13,simd-v0,233,0.044637
13,393435,233,0.024076
13,ours-406478,233,0.017216
13,KACTL,233,0.309937
13,393435,234,0.024066
13,ours-406478,234,0.017186
13,KACTL,234,0.309636
13,simd-v0,234,0.039399
13,ours-406478,235,0.017216
13,KACTL,235,0.315516
13,simd-v0,235,0.043356
13,393435,235,0.028643
13,KACTL,236,0.316958
13,simd-v0,236,0.039409
13,393435,236,0.024027
13,ours-406478,236,0.017506
13,simd-v0,237,0.039409
13,393435,237,0.024037
13,ours-406478,237,0.017136
13,KACTL,237,0.310227
13,393435,238,0.024076
13,ours-406478,238,0.017176
13,KACTL,238,0.327554
13,simd-v0,238,0.039339
13,ours-406478,239,0.017266
13,KACTL,239,0.309927
13,simd-v0,239,0.039370
13,393435,239,0.024137
13,KACTL,240,0.316057
13,simd-v0,240,0.039470
13,393435,240,0.024026
13,ours-406478,240,0.017286
13,simd-v0,241,0.039369
13,393435,241,0.024046
13,ours-406478,241,0.017166
13,KACTL,241,0.310117
13,393435,242,0.024046
13,ours-406478,242,0.017246
13,KACTL,242,0.309236
13,simd-v0,242,0.044767
13,ours-406478,243,0.017206
13,KACTL,243,0.310067
13,simd-v0,243,0.039419
13,393435,243,0.024036
13,KACTL,244,0.309646
13,simd-v0,244,0.039329
13,393435,244,0.024026
13,ours-406478,244,0.017216
13,simd-v0,245,0.039319
13,393435,245,0.024026
13,ours-406478,245,0.017136
13,KACTL,245,0.316146
13,393435,246,0.024066
13,ours-406478,246,0.017206
13,KACTL,246,0.309707
13,simd-v0,246,0.039320
13,ours-406478,247,0.017216
13,KACTL,247,0.310127
13,simd-v0,247,0.039349
13,393435,247,0.024077
13,KACTL,248,0.315396
13,simd-v0,248,0.039370
13,393435,248,0.024047
13,ours-406478,248,0.017297
13,simd-v0,249,0.039410
13,393435,249,0.024066
13,ours-406478,249,0.017156
13,KACTL,249,0.310358
13,393435,250,0.024086
13,ours-406478,250,0.017166
13,KACTL,250,0.316126
13,simd-v0,250,0.039319
13,ours-406478,251,0.017286
13,KACTL,251,0.311639
13,simd-v0,251,0.039349
13,393435,251,0.024036
13,KACTL,252,0.309747
13,simd-v0,252,0.039379
13,393435,252,0.024046
13,ours-406478,252,0.017266
13,simd-v0,253,0.044657
13,393435,253,0.024027
13,ours-406478,253,0.017196
13,KACTL,253,0.310337
13,393435,254,0.024036
13,ours-406478,254,0.017186
13,KACTL,254,0.309617
13,simd-v0,254,0.039349
13,ours-406478,255,0.017166
13,KACTL,255,0.315235
13,simd-v0,255,0.039299
13,393435,255,0.024086
13,KACTL,256,0.309186
13,simd-v0,256,0.039309
13,393435,256,0.024086
13,ours-406478,256,0.017196
13,simd-v0,257,0.039329
13,393435,257,0.024017
13,ours-406478,257,0.017116
13,KACTL,257,0.318700
13,393435,258,0.024016
13,ours-406478,258,0.022534
13,KACTL,258,0.309406
13,simd-v0,258,0.039389
13,ours-406478,259,0.017216
13,KACTL,259,0.309907
13,simd-v0,259,0.039419
13,393435,259,0.024056
13,KACTL,260,0.314834
13,simd-v0,260,0.039409
13,393435,260,0.024076
13,ours-406478,260,0.017246
13,simd-v0,261,0.039459
13,393435,261,0.024036
13,ours-406478,261,0.017146
13,KACTL,261,0.310308
13,393435,262,0.024047
13,ours-406478,262,0.017206
13,KACTL,262,0.309145
13,simd-v0,262,0.039379
13,ours-406478,263,0.017196
13,KACTL,263,0.320293
13,simd-v0,263,0.039379
13,393435,263,0.024116
13,KACTL,264,0.309466
13,simd-v0,264,0.039339
13,393435,264,0.024117
13,ours-406478,264,0.017367
13,simd-v0,265,0.039460
13,393435,265,0.024096
13,ours-406478,265,0.017156
13,KACTL,265,0.315325
13,393435,266,0.024107
13,ours-406478,266,0.017176
13,KACTL,266,0.309827
13,simd-v0,266,0.039349
13,ours-406478,267,0.017276
13,KACTL,267,0.309707
13,simd-v0,267,0.039440
13,393435,267,0.024077
13,KACTL,268,0.314755
13,simd-v0,268,0.039379
13,393435,268,0.024066
13,ours-406478,268,0.017276
13,simd-v0,269,0.039420
13,393435,269,0.024117
13,ours-406478,269,0.017116
13,KACTL,269,0.309957
13,393435,270,0.024077
13,ours-406478,270,0.017176
13,KACTL,270,0.314715
13,simd-v0,270,0.039410
13,ours-406478,271,0.017196
13,KACTL,271,0.309196
13,simd-v0,271,0.039400
13,393435,271,0.024076
13,KACTL,272,0.309506
13,simd-v0,272,0.039339
13,393435,272,0.024076
13,ours-406478,272,0.017175
13,simd-v0,273,0.039409
13,393435,273,0.024096
13,ours-406478,273,0.022444
13,KACTL,273,0.310027
13,393435,274,0.024116
13,ours-406478,274,0.017186
13,KACTL,274,0.309447
13,simd-v0,274,0.039329
13,ours-406478,275,0.017226
13,KACTL,275,0.314855
13,simd-v0,275,0.039389
13,393435,275,0.024056
13,KACTL,276,0.311019
13,simd-v0,276,0.039299
13,393435,276,0.024097
13,ours-406478,276,0.017266
13,simd-v0,277,0.039409
13,393435,277,0.024086
13,ours-406478,277,0.017165
13,KACTL,277,0.310197
13,393435,278,0.024116
13,ours-406478,278,0.017186
13,KACTL,278,0.314955
13,simd-v0,278,0.039349
13,ours-406478,279,0.017196
13,KACTL,279,0.309817
13,simd-v0,279,0.039390
13,393435,279,0.024096
13,KACTL,280,0.314864
13,simd-v0,280,0.039380
13,393435,280,0.024076
13,ours-406478,280,0.017256
13,simd-v0,281,0.039340
13,393435,281,0.024067
13,ours-406478,281,0.017156
13,KACTL,281,0.309897
13,393435,282,0.024046
13,ours-406478,282,0.017216
13,KACTL,282,0.309597
13,simd-v0,282,0.039440
13,ours-406478,283,0.017146
13,KACTL,283,0.315565
13,simd-v0,283,0.039389
13,393435,283,0.024076
13,KACTL,284,0.309566
13,simd-v0,284,0.039350
13,393435,284,0.024076
13,ours-406478,284,0.017226
13,simd-v0,285,0.039349
13,393435,285,0.024087
13,ours-406478,285,0.017166
13,KACTL,285,0.315225
13,393435,286,0.024077
13,ours-406478,286,0.017216
13,KACTL,286,0.309546
13,simd-v0,286,0.039369
13,ours-406478,287,0.017246
13,KACTL,287,0.309607
13,simd-v0,287,0.039329
13,393435,287,0.024096
13,KACTL,288,0.314985
13,simd-v0,288,0.039379
13,393435,288,0.024096
13,ours-406478,288,0.017246
13,simd-v0,289,0.039330
13,393435,289,0.024056
13,ours-406478,289,0.017106
13,KACTL,289,0.310338
13,393435,290,0.024056
13,ours-406478,290,0.017166
13,KACTL,290,0.314554
13,simd-v0,290,0.039330
13,ours-406478,291,0.017226
13,KACTL,291,0.309346
13,simd-v0,291,0.039360
13,393435,291,0.024077
13,KACTL,292,0.309617
13,simd-v0,292,0.039329
13,393435,292,0.024086
13,ours-406478,292,0.017166
13,simd-v0,293,0.039379
13,393435,293,0.024086
13,ours-406478,293,0.017125
13,KACTL,293,0.315155
13,393435,294,0.024126
13,ours-406478,294,0.017176
13,KACTL,294,0.309136
13,simd-v0,294,0.039329
13,ours-406478,295,0.017215
13,KACTL,295,0.309226
13,simd-v0,295,0.044557
13,393435,295,0.024087
13,KACTL,296,0.309477
13,simd-v0,296,0.039400
13,393435,296,0.024046
13,ours-406478,296,0.017226
13,simd-v0,297,0.039300
13,393435,297,0.024076
13,ours-406478,297,0.017146
13,KACTL,297,0.310008
13,393435,298,0.024087
13,ours-406478,298,0.017216
13,KACTL,298,0.315205
13,simd-v0,298,0.039319
13,ours-406478,299,0.017206
13,KACTL,299,0.309927
13,simd-v0,299,0.039329
13,393435,299,0.024096
13,KACTL,300,0.309576
13,simd-v0,300,0.039329
13,393435,300,0.029265
13,ours-406478,300,0.017196
13,simd-v0,301,0.039309
13,393435,301,0.024087
13,ours-406478,301,0.017096
13,KACTL,301,0.311810
13,393435,302,0.024046
13,ours-406478,302,0.017246
13,KACTL,302,0.309587
13,simd-v0,302,0.039429
13,ours-406478,303,0.017226
13,KACTL,303,0.315135
13,simd-v0,303,0.039380
13,393435,303,0.024107
13,KACTL,304,0.309777
13,simd-v0,304,0.039359
13,393435,304,0.024087
13,ours-406478,304,0.017266
13,simd-v0,305,0.039299
13,393435,305,0.024056
13,ours-406478,305,0.017126
13,KACTL,305,0.316657
13,393435,306,0.024116
13,ours-406478,306,0.017246
13,KACTL,306,0.309727
13,simd-v0,306,0.039360
13,ours-406478,307,0.017226
13,KACTL,307,0.309766
13,simd-v0,307,0.039349
13,393435,307,0.024116
13,KACTL,308,0.314844
13,simd-v0,308,0.039409
13,393435,308,0.024106
13,ours-406478,308,0.017266
13,simd-v0,309,0.039439
13,393435,309,0.024096
13,ours-406478,309,0.017156
13,KACTL,309,0.309827
13,393435,310,0.024076
13,ours-406478,310,0.017216
13,KACTL,310,0.309096
13,simd-v0,310,0.044718
13,ours-406478,311,0.017216
13,KACTL,311,0.310007
13,simd-v0,311,0.039359
13,393435,311,0.024067
13,KACTL,312,0.309607
13,simd-v0,312,0.039350
13,393435,312,0.024096
13,ours-406478,312,0.017226
13,simd-v0,313,0.039399
13,393435,313,0.024097
13,ours-406478,313,0.017156
13,KACTL,313,0.315365
13,393435,314,0.024106
13,ours-406478,314,0.017246
13,KACTL,314,0.309416
13,simd-v0,314,0.039349
13,ours-406478,315,0.017226
13,KACTL,315,0.309807
13,simd-v0,315,0.039399
13,393435,315,0.024077
13,KACTL,316,0.314114
13,simd-v0,316,0.039350
13,393435,316,0.024056
13,ours-406478,316,0.017276
13,simd-v0,317,0.039329
13,393435,317,0.024067
13,ours-406478,317,0.017156
13,KACTL,317,0.309987
13,393435,318,0.024087
13,ours-406478,318,0.017206
13,KACTL,318,0.314734
13,simd-v0,318,0.039429
13,ours-406478,319,0.017236
13,KACTL,319,0.309757
13,simd-v0,319,0.039330
13,393435,319,0.024066
13,KACTL,320,0.309727
13,simd-v0,320,0.039350
13,393435,320,0.024086
13,ours-406478,320,0.017206
13,simd-v0,321,0.044527
13,393435,321,0.024096
13,ours-406478,321,0.017156
13,KACTL,321,0.309467
13,393435,322,0.024066
13,ours-406478,322,0.017146
13,KACTL,322,0.309156
13,simd-v0,322,0.039319
13,ours-406478,323,0.017145
13,KACTL,323,0.314524
13,simd-v0,323,0.039399
13,393435,323,0.024086
13,KACTL,324,0.309066
13,simd-v0,324,0.039339
13,393435,324,0.024107
13,ours-406478,324,0.017196
13,simd-v0,325,0.039379
13,393435,325,0.024097
13,ours-406478,325,0.017186
13,KACTL,325,0.309877
13,393435,326,0.024087
13,ours-406478,326,0.022825
13,KACTL,326,0.310969
13,simd-v0,326,0.039400
13,ours-406478,327,0.017196
13,KACTL,327,0.309566
13,simd-v0,327,0.039389
13,393435,327,0.024116
13,KACTL,328,0.314724
13,simd-v0,328,0.039419
13,393435,328,0.024087
13,ours-406478,328,0.017276
13,simd-v0,329,0.039279
13,393435,329,0.024066
13,ours-406478,329,0.017125
13,KACTL,329,0.309777
13,393435,330,0.024097
13,ours-406478,330,0.017156
13,KACTL,330,0.309195
13,simd-v0,330,0.039329
13,ours-406478,331,0.017166
13,KACTL,331,0.315085
13,simd-v0,331,0.039339
13,393435,331,0.024097
13,KACTL,332,0.309617
13,simd-v0,332,0.039350
13,393435,332,0.024117
13,ours-406478,332,0.017226
13,simd-v0,333,0.039459
13,393435,333,0.024106
13,ours-406478,333,0.017135
13,KACTL,333,0.315756
13,393435,334,0.024097
13,ours-406478,334,0.017216
13,KACTL,334,0.309316
13,simd-v0,334,0.039460
13,ours-406478,335,0.017236
13,KACTL,335,0.309236
13,simd-v0,335,0.039330
13,393435,335,0.024076
13,KACTL,336,0.314864
13,simd-v0,336,0.039429
13,393435,336,0.024096
13,ours-406478,336,0.017196
13,simd-v0,337,0.039320
13,393435,337,0.024107
13,ours-406478,337,0.017156
13,KACTL,337,0.309717
13,393435,338,0.024076
13,ours-406478,338,0.017175
13,KACTL,338,0.315045
13,simd-v0,338,0.039310
13,ours-406478,339,0.017206
13,KACTL,339,0.309456
13,simd-v0,339,0.039310
13,393435,339,0.024086
13,KACTL,340,0.309146
13,simd-v0,340,0.039320
13,393435,340,0.024136
13,ours-406478,340,0.017186
13,simd-v0,341,0.039400
13,393435,341,0.024067
13,ours-406478,341,0.017166
13,KACTL,341,0.315305
13,393435,342,0.024117
13,ours-406478,342,0.017256
13,KACTL,342,0.309096
13,simd-v0,342,0.039410
13,ours-406478,343,0.017216
13,KACTL,343,0.314605
13,simd-v0,343,0.039350
13,393435,343,0.024116
13,KACTL,344,0.309176
13,simd-v0,344,0.039320
13,393435,344,0.024056
13,ours-406478,344,0.017236
13,simd-v0,345,0.039310
13,393435,345,0.024106
13,ours-406478,345,0.017126
13,KACTL,345,0.309927
13,393435,346,0.024076
13,ours-406478,346,0.017186
13,KACTL,346,0.320653
13,simd-v0,346,0.039399
13,ours-406478,347,0.017356
13,KACTL,347,0.309987
13,simd-v0,347,0.039329
13,393435,347,0.024146
13,KACTL,348,0.314934
13,simd-v0,348,0.039349
13,393435,348,0.024097
13,ours-406478,348,0.017206
13,simd-v0,349,0.039389
13,393435,349,0.024066
13,ours-406478,349,0.017125
13,KACTL,349,0.310287
13,393435,350,0.024116
13,ours-406478,350,0.017196
13,KACTL,350,0.309156
13,simd-v0,350,0.039349
13,ours-406478,351,0.017196
13,KACTL,351,0.314644
13,simd-v0,351,0.039389
13,393435,351,0.025628
13,KACTL,352,0.309606
13,simd-v0,352,0.039299
13,393435,352,0.024086
13,ours-406478,352,0.017216
13,simd-v0,353,0.039379
13,393435,353,0.024086
13,ours-406478,353,0.017125
13,KACTL,353,0.315856
13,393435,354,0.024096
13,ours-406478,354,0.017176
13,KACTL,354,0.309005
13,simd-v0,354,0.039399
13,ours-406478,355,0.017126
13,KACTL,355,0.309467
13,simd-v0,355,0.039400
13,393435,355,0.024106
13,KACTL,356,0.315065
13,simd-v0,356,0.039330
13,393435,356,0.024086
13,ours-406478,356,0.017266
13,simd-v0,357,0.039429
13,393435,357,0.024097
13,ours-406478,357,0.017166
13,KACTL,357,0.310097
13,393435,358,0.024086
13,ours-406478,358,0.017175
13,KACTL,358,0.315836
13,simd-v0,358,0.039379
13,ours-406478,359,0.017226
13,KACTL,359,0.309346
13,simd-v0,359,0.039399
13,393435,359,0.024116
13,KACTL,360,0.309316
13,simd-v0,360,0.039419
13,393435,360,0.024126
13,ours-406478,360,0.017216
13,simd-v0,361,0.039410
13,393435,361,0.024096
13,ours-406478,361,0.017166
13,KACTL,361,0.315045
13,393435,362,0.024086
13,ours-406478,362,0.017206
13,KACTL,362,0.309697
13,simd-v0,362,0.039390
13,ours-406478,363,0.017246
13,KACTL,363,0.309286
13,simd-v0,363,0.044608
13,393435,363,0.024097
13,KACTL,364,0.309506
13,simd-v0,364,0.039319
13,393435,364,0.024086
13,ours-406478,364,0.017276
13,simd-v0,365,0.039369
13,393435,365,0.024066
13,ours-406478,365,0.017115
13,KACTL,365,0.310037
13,393435,366,0.024086
13,ours-406478,366,0.017186
13,KACTL,366,0.315085
13,simd-v0,366,0.039460
13,ours-406478,367,0.017226
13,KACTL,367,0.309526
13,simd-v0,367,0.039409
13,393435,367,0.024116
13,KACTL,368,0.309426
13,simd-v0,368,0.039429
13,393435,368,0.029395
13,ours-406478,368,0.017206
13,simd-v0,369,0.039429
13,393435,369,0.024096
13,ours-406478,369,0.017165
13,KACTL,369,0.325020
13,393435,370,0.024116
13,ours-406478,370,0.017245
13,KACTL,370,0.309887
13,simd-v0,370,0.039389
13,ours-406478,371,0.017156
13,KACTL,371,0.315415
13,simd-v0,371,0.039419
13,393435,371,0.024106
13,KACTL,372,0.309977
13,simd-v0,372,0.039410
13,393435,372,0.024086
13,ours-406478,372,0.017246
13,simd-v0,373,0.039319
13,393435,373,0.024097
13,ours-406478,373,0.017086
13,KACTL,373,0.315496
13,393435,374,0.024086
13,ours-406478,374,0.017236
13,KACTL,374,0.309186
13,simd-v0,374,0.039359
13,ours-406478,375,0.017166
13,KACTL,375,0.309786
13,simd-v0,375,0.039319
13,393435,375,0.024076
13,KACTL,376,0.314854
13,simd-v0,376,0.039399
13,393435,376,0.024056
13,ours-406478,376,0.017246
13,simd-v0,377,0.039389
13,393435,377,0.025749
13,ours-406478,377,0.017166
13,KACTL,377,0.309867
13,393435,378,0.024046
13,ours-406478,378,0.017186
13,KACTL,378,0.309467
13,simd-v0,378,0.045058
13,ours-406478,379,0.017216
13,KACTL,379,0.309977
13,simd-v0,379,0.039329
13,393435,379,0.024126
13,KACTL,380,0.309606
13,simd-v0,380,0.039359
13,393435,380,0.024097
13,ours-406478,380,0.017196
13,simd-v0,381,0.039379
13,393435,381,0.024076
13,ours-406478,381,0.017126
13,KACTL,381,0.315385
13,393435,382,0.024126
13,ours-406478,382,0.017206
13,KACTL,382,0.309616
13,simd-v0,382,0.039389
13,ours-406478,383,0.017216
13,KACTL,383,0.309566
13,simd-v0,383,0.039400
13,393435,383,0.024107
13,KACTL,384,0.315426
13,simd-v0,384,0.039400
13,393435,384,0.024107
13,ours-406478,384,0.017246
13,simd-v0,385,0.039359
13,393435,385,0.024096
13,ours-406478,385,0.017106
13,KACTL,385,0.309736
13,393435,386,0.024076
13,ours-406478,386,0.017156
13,KACTL,386,0.314734
13,simd-v0,386,0.039309
13,ours-406478,387,0.017186
13,KACTL,387,0.320764
13,simd-v0,387,0.039409
13,393435,387,0.024156
13,KACTL,388,0.309667
13,simd-v0,388,0.039380
13,393435,388,0.024086
13,ours-406478,388,0.017407
13,simd-v0,389,0.050717
13,393435,389,0.024146
13,ours-406478,389,0.017296
13,KACTL,389,0.310278
13,393435,390,0.024136
13,ours-406478,390,0.017205
13,KACTL,390,0.309466
13,simd-v0,390,0.039419
13,ours-406478,391,0.017176
13,KACTL,391,0.315365
13,simd-v0,391,0.039369
13,393435,391,0.024066
13,KACTL,392,0.309196
13,simd-v0,392,0.039389
13,393435,392,0.024046
13,ours-406478,392,0.017236
13,simd-v0,393,0.039399
13,393435,393,0.024127
13,ours-406478,393,0.017276
13,KACTL,393,0.310198
13,393435,394,0.029634
13,ours-406478,394,0.017106
13,KACTL,394,0.309537
13,simd-v0,394,0.039309
13,ours-406478,395,0.017236
13,KACTL,395,0.309236
13,simd-v0,395,0.039400
13,393435,395,0.024067
13,KACTL,396,0.314394
13,simd-v0,396,0.039340
13,393435,396,0.024127
13,ours-406478,396,0.017196
13,simd-v0,397,0.039419
13,393435,397,0.024117
13,ours-406478,397,0.017156
13,KACTL,397,0.310097
13,393435,398,0.024096
13,ours-406478,398,0.017155
13,KACTL,398,0.309066
13,simd-v0,398,0.039320
13,ours-406478,399,0.017206
13,KACTL,399,0.314935
13,simd-v0,399,0.039339
13,393435,399,0.024106
13,KACTL,400,0.309677
13,simd-v0,400,0.039380
13,393435,400,0.024067
13,ours-406478,400,0.017215
13,simd-v0,401,0.039410
13,393435,401,0.024087
13,ours-406478,401,0.017146
13,KACTL,401,0.315005
13,393435,402,0.024136
13,ours-406478,402,0.017256
13,KACTL,402,0.311289
13,simd-v0,402,0.039339
13,ours-406478,403,0.017236
13,KACTL,403,0.309436
13,simd-v0,403,0.039279
13,393435,403,0.024096
13,KACTL,404,0.314964
13,simd-v0,404,0.039329
13,393435,404,0.024086
13,ours-406478,404,0.017246
13,simd-v0,405,0.039469
13,393435,405,0.024136
13,ours-406478,405,0.017126
13,KACTL,405,0.310098
13,393435,406,0.024086
13,ours-406478,406,0.017166
13,KACTL,406,0.315195
13,simd-v0,406,0.039469
13,ours-406478,407,0.017246
13,KACTL,407,0.309307
13,simd-v0,407,0.039289
13,393435,407,0.024126
13,KACTL,408,0.309506
13,simd-v0,408,0.039329
13,393435,408,0.024097
13,ours-406478,408,0.017146
13,simd-v0,409,0.039339
13,393435,409,0.030145
13,ours-406478,409,0.017165
13,KACTL,409,0.309977
13,393435,410,0.024116
13,ours-406478,410,0.017135
13,KACTL,410,0.309496
13,simd-v0,410,0.039379
13,ours-406478,411,0.017196
13,KACTL,411,0.315105
13,simd-v0,411,0.039339
13,393435,411,0.024106
13,KACTL,412,0.309516
13,simd-v0,412,0.039330
13,393435,412,0.024096
13,ours-406478,412,0.017206
13,simd-v0,413,0.039419
13,393435,413,0.024057
13,ours-406478,413,0.017126
13,KACTL,413,0.310037
13,393435,414,0.024077
13,ours-406478,414,0.017176
13,KACTL,414,0.315355
13,simd-v0,414,0.039340
13,ours-406478,415,0.017246
13,KACTL,415,0.309336
13,simd-v0,415,0.039380
13,393435,415,0.024097
13,KACTL,416,0.314735
13,simd-v0,416,0.039309
13,393435,416,0.024086
13,ours-406478,416,0.017256
13,simd-v0,417,0.039440
13,393435,417,0.024047
13,ours-406478,417,0.017156
13,KACTL,417,0.310197
13,393435,418,0.024086
13,ours-406478,418,0.017166
13,KACTL,418,0.309566
13,simd-v0,418,0.039389
13,ours-406478,419,0.017166
13,KACTL,419,0.315175
13,simd-v0,419,0.039329
13,393435,419,0.024156
13,KACTL,420,0.309316
13,simd-v0,420,0.039389
13,393435,420,0.024106
13,ours-406478,420,0.017226
13,simd-v0,421,0.039380
13,393435,421,0.024136
13,ours-406478,421,0.017166
13,KACTL,421,0.315035
13,393435,422,0.024096
13,ours-406478,422,0.017266
13,KACTL,422,0.309477
13,simd-v0,422,0.039359
13,ours-406478,423,0.017246
13,KACTL,423,0.309536
13,simd-v0,423,0.039329
13,393435,423,0.024087
13,KACTL,424,0.314775
13,simd-v0,424,0.039440
13,393435,424,0.024126
13,ours-406478,424,0.017216
13,simd-v0,425,0.039399
13,393435,425,0.024127
13,ours-406478,425,0.017196
13,KACTL,425,0.310067
13,393435,426,0.024096
13,ours-406478,426,0.017196
13,KACTL,426,0.314584
13,simd-v0,426,0.039400
13,ours-406478,427,0.017256
13,KACTL,427,0.311740
13,simd-v0,427,0.039420
13,393435,427,0.024096
13,KACTL,428,0.309656
13,simd-v0,428,0.039440
13,393435,428,0.024067
13,ours-406478,428,0.017226
13,simd-v0,429,0.039339
13,393435,429,0.024066
13,ours-406478,429,0.017126
13,KACTL,429,0.321264
13,393435,430,0.024136
13,ours-406478,430,0.017326
13,KACTL,430,0.309587
13,simd-v0,430,0.039439
13,ours-406478,431,0.017146
13,KACTL,431,0.315125
13,simd-v0,431,0.039369
13,393435,431,0.024127
13,KACTL,432,0.309556
13,simd-v0,432,0.039319
13,393435,432,0.024087
13,ours-406478,432,0.017246
13,simd-v0,433,0.039329
13,393435,433,0.024096
13,ours-406478,433,0.017186
13,KACTL,433,0.310247
13,393435,434,0.024086
13,ours-406478,434,0.017166
13,KACTL,434,0.315045
13,simd-v0,434,0.039399
13,ours-406478,435,0.017236
13,KACTL,435,0.309406
13,simd-v0,435,0.039409
13,393435,435,0.024116
13,KACTL,436,0.309666
13,simd-v0,436,0.044717
13,393435,436,0.024096
13,ours-406478,436,0.017286
13,simd-v0,437,0.039340
13,393435,437,0.024106
13,ours-406478,437,0.017176
13,KACTL,437,0.309948
13,393435,438,0.024117
13,ours-406478,438,0.017196
13,KACTL,438,0.309626
13,simd-v0,438,0.039349
13,ours-406478,439,0.017216
13,KACTL,439,0.315345
13,simd-v0,439,0.039369
13,393435,439,0.024126
13,KACTL,440,0.309306
13,simd-v0,440,0.039360
13,393435,440,0.024076
13,ours-406478,440,0.017276
13,simd-v0,441,0.039340
13,393435,441,0.024107
13,ours-406478,441,0.017146
13,KACTL,441,0.315015
13,393435,442,0.024076
13,ours-406478,442,0.017166
13,KACTL,442,0.309637
13,simd-v0,442,0.039400
13,ours-406478,443,0.017176
13,KACTL,443,0.309516
13,simd-v0,443,0.039420
13,393435,443,0.024087
13,KACTL,444,0.314815
13,simd-v0,444,0.039340
13,393435,444,0.024106
13,ours-406478,444,0.017306
13,simd-v0,445,0.039349
13,393435,445,0.024117
13,ours-406478,445,0.017096
13,KACTL,445,0.309896
13,393435,446,0.024086
13,ours-406478,446,0.017166
13,KACTL,446,0.309437
13,simd-v0,446,0.044627
13,ours-406478,447,0.017266
13,KACTL,447,0.310507
13,simd-v0,447,0.039309
13,393435,447,0.024126
13,KACTL,448,0.309637
13,simd-v0,448,0.039379
13,393435,448,0.024106
13,ours-406478,448,0.017226
13,simd-v0,449,0.039410
13,393435,449,0.024086
13,ours-406478,449,0.017176
13,KACTL,449,0.315235
13,393435,450,0.024117
13,ours-406478,450,0.017236
13,KACTL,450,0.309276
13,simd-v0,450,0.039370
13,ours-406478,451,0.017196
13,KACTL,451,0.309416
13,simd-v0,451,0.039440
13,393435,451,0.029234
13,KACTL,452,0.310708
13,simd-v0,452,0.039419
13,393435,452,0.024086
13,ours-406478,452,0.017276
13,simd-v0,453,0.039349
13,393435,453,0.024106
13,ours-406478,453,0.017116
13,KACTL,453,0.310368
13,393435,454,0.024086
13,ours-406478,454,0.017236
13,KACTL,454,0.314384
13,simd-v0,454,0.039370
13,ours-406478,455,0.017186
13,KACTL,455,0.309336
13,simd-v0,455,0.039360
13,393435,455,0.024116
13,KACTL,456,0.309226
13,simd-v0,456,0.039310
13,393435,456,0.024106
13,ours-406478,456,0.017236
13,simd-v0,457,0.044528
13,393435,457,0.024077
13,ours-406478,457,0.017166
13,KACTL,457,0.310038
13,393435,458,0.024087
13,ours-406478,458,0.017166
13,KACTL,458,0.309256
13,simd-v0,458,0.039369
13,ours-406478,459,0.017176
13,KACTL,459,0.315676
13,simd-v0,459,0.039379
13,393435,459,0.024076
13,KACTL,460,0.309276
13,simd-v0,460,0.039339
13,393435,460,0.024086
13,ours-406478,460,0.017266
13,simd-v0,461,0.039359
13,393435,461,0.024086
13,ours-406478,461,0.017126
13,KACTL,461,0.309807
13,393435,462,0.029314
13,ours-406478,462,0.017256
13,KACTL,462,0.309556
13,simd-v0,462,0.039329
13,ours-406478,463,0.017175
13,KACTL,463,0.309717
13,simd-v0,463,0.039400
13,393435,463,0.024106
13,KACTL,464,0.315996
13,simd-v0,464,0.039359
13,393435,464,0.024086
13,ours-406478,464,0.017215
13,simd-v0,465,0.039379
13,393435,465,0.024076
13,ours-406478,465,0.017196
13,KACTL,465,0.310057
13,393435,466,0.024086
13,ours-406478,466,0.017206
13,KACTL,466,0.309136
13,simd-v0,466,0.039329
13,ours-406478,467,0.017195
13,KACTL,467,0.314995
13,simd-v0,467,0.039310
13,393435,467,0.024136
13,KACTL,468,0.309827
13,simd-v0,468,0.039310
13,393435,468,0.024126
13,ours-406478,468,0.017176
13,simd-v0,469,0.039400
13,393435,469,0.024087
13,ours-406478,469,0.017126
13,KACTL,469,0.315065
13,393435,470,0.024106
13,ours-406478,470,0.017226
13,KACTL,470,0.309397
13,simd-v0,470,0.039299
13,ours-406478,471,0.017156
13,KACTL,471,0.309667
13,simd-v0,471,0.039390
13,393435,471,0.024067
13,KACTL,472,0.314915
13,simd-v0,472,0.039360
13,393435,472,0.024126
13,ours-406478,472,0.017206
13,simd-v0,473,0.039389
13,393435,473,0.024107
13,ours-406478,473,0.017156
13,KACTL,473,0.310097
13,393435,474,0.024096
13,ours-406478,474,0.017176
13,KACTL,474,0.314404
13,simd-v0,474,0.039380
13,ours-406478,475,0.017196
13,KACTL,475,0.309696
13,simd-v0,475,0.039399
13,393435,475,0.024126
13,KACTL,476,0.309426
13,simd-v0,476,0.039349
13,393435,476,0.024097
13,ours-406478,476,0.017216
13,simd-v0,477,0.039329
13,393435,477,0.024097
13,ours-406478,477,0.022443
13,KACTL,477,0.310418
13,393435,478,0.024086
13,ours-406478,478,0.017125
13,KACTL,478,0.309356
13,simd-v0,478,0.039439
13,ours-406478,479,0.017296
13,KACTL,479,0.314684
13,simd-v0,479,0.039269
13,393435,479,0.024126
13,KACTL,480,0.309386
13,simd-v0,480,0.039419
13,393435,480,0.024107
13,ours-406478,480,0.017196
13,simd-v0,481,0.039319
13,393435,481,0.024116
13,ours-406478,481,0.017166
13,KACTL,481,0.309977
13,393435,482,0.024096
13,ours-406478,482,0.017216
13,KACTL,482,0.314824
13,simd-v0,482,0.039399
13,ours-406478,483,0.017276
13,KACTL,483,0.309697
13,simd-v0,483,0.039329
13,393435,483,0.024136
13,KACTL,484,0.315165
13,simd-v0,484,0.039319
13,393435,484,0.024116
13,ours-406478,484,0.017276
13,simd-v0,485,0.039360
13,393435,485,0.024116
13,ours-406478,485,0.017096
13,KACTL,485,0.309927
13,393435,486,0.024096
13,ours-406478,486,0.017246
13,KACTL,486,0.309497
13,simd-v0,486,0.039430
13,ours-406478,487,0.017166
13,KACTL,487,0.314744
13,simd-v0,487,0.039380
13,393435,487,0.024107
13,KACTL,488,0.309467
13,simd-v0,488,0.039319
13,393435,488,0.024096
13,ours-406478,488,0.017276
13,simd-v0,489,0.039330
13,393435,489,0.024106
13,ours-406478,489,0.017126
13,KACTL,489,0.315325
13,393435,490,0.024116
13,ours-406478,490,0.017236
13,KACTL,490,0.309977
13,simd-v0,490,0.039389
13,ours-406478,491,0.017246
13,KACTL,491,0.309586
13,simd-v0,491,0.039339
13,393435,491,0.024117
13,KACTL,492,0.314594
13,simd-v0,492,0.039339
13,393435,492,0.024106
13,ours-406478,492,0.017276
13,simd-v0,493,0.039410
13,393435,493,0.024086
13,ours-406478,493,0.017146
13,KACTL,493,0.310007
13,393435,494,0.024046
13,ours-406478,494,0.017226
13,KACTL,494,0.314334
13,simd-v0,494,0.039359
13,ours-406478,495,0.017226
13,KACTL,495,0.309767
13,simd-v0,495,0.039380
13,393435,495,0.024107
13,KACTL,496,0.309747
13,simd-v0,496,0.039390
13,393435,496,0.024086
13,ours-406478,496,0.017226
13,simd-v0,497,0.039419
13,393435,497,0.024097
13,ours-406478,497,0.017156
13,KACTL,497,0.315115
13,393435,498,0.024147
13,ours-406478,498,0.017196
13,KACTL,498,0.309636
13,simd-v0,498,0.039439
13,ours-406478,499,0.017175
13,KACTL,499,0.309336
13,simd-v0,499,0.044517
13,393435,499,0.024067
13,KACTL,500,0.309296
13,simd-v0,500,0.039409
13,393435,500,0.024036
13,ours-406478,500,0.017256
13,simd-v0,501,0.039299
13,393435,501,0.024056
13,ours-406478,501,0.017095
13,KACTL,501,0.309727
13,393435,502,0.024046
13,ours-406478,502,0.017235
13,KACTL,502,0.315255
13,simd-v0,502,0.039309
13,ours-406478,503,0.017206
13,KACTL,503,0.312000
13,simd-v0,503,0.039419
13,393435,503,0.024056
13,KACTL,504,0.309176
13,simd-v0,504,0.039359
13,393435,504,0.029395
13,ours-406478,504,0.017276
13,simd-v0,505,0.039389
13,393435,505,0.024096
13,ours-406478,505,0.017175
13,KACTL,505,0.310057
13,393435,506,0.024076
13,ours-406478,506,0.017236
13,KACTL,506,0.309066
13,simd-v0,506,0.039290
13,ours-406478,507,0.017236
13,KACTL,507,0.315475
13,simd-v0,507,0.039399
13,393435,507,0.024116
13,KACTL,508,0.308985
13,simd-v0,508,0.039269
13,393435,508,0.024117
13,ours-406478,508,0.017226
13,simd-v0,509,0.039409
13,393435,509,0.024076
13,ours-406478,509,0.017146
13,KACTL,509,0.315365
13,393435,510,0.024096
13,ours-406478,510,0.017216
13,KACTL,510,0.309106
13,simd-v0,510,0.039299
13,ours-406478,511,0.017206
13,KACTL,511,0.309777
13,simd-v0,511,0.039319
13,393435,511,0.024046
13,KACTL,512,0.319432
13,simd-v0,512,0.039359
13,393435,512,0.024116
13,ours-406478,512,0.017296
13,simd-v0,513,0.039420
13,393435,513,0.024076
13,ours-406478,513,0.017126
13,KACTL,513,0.309597
13,393435,514,0.024076
13,ours-406478,514,0.017186
13,KACTL,514,0.309516
13,simd-v0,514,0.045248
13,ours-406478,515,0.017256
13,KACTL,515,0.310158
13,simd-v0,515,0.039450
13,393435,515,0.024117
13,KACTL,516,0.309677
13,simd-v0,516,0.039319
13,393435,516,0.024107
13,ours-406478,516,0.017196
13,simd-v0,517,0.039389
13,393435,517,0.024086
13,ours-406478,517,0.017156
13,KACTL,517,0.315075
13,393435,518,0.024076
13,ours-406478,518,0.017266
13,KACTL,518,0.310077
13,simd-v0,518,0.039339
13,ours-406478,519,0.017246
13,KACTL,519,0.309407
13,simd-v0,519,0.039360
13,393435,519,0.024167
13,KACTL,520,0.314905
13,simd-v0,520,0.039349
13,393435,520,0.024077
13,ours-406478,520,0.017317
13,simd-v0,521,0.039379
13,393435,521,0.024126
13,ours-406478,521,0.017136
13,KACTL,521,0.310067
13,393435,522,0.024056
13,ours-406478,522,0.017206
13,KACTL,522,0.315105
13,simd-v0,522,0.039409
13,ours-406478,523,0.017266
13,KACTL,523,0.309196
13,simd-v0,523,0.039349
13,393435,523,0.024086
13,KACTL,524,0.309496
13,simd-v0,524,0.039349
13,393435,524,0.024107
13,ours-406478,524,0.017206
13,simd-v0,525,0.044487
13,393435,525,0.024107
13,ours-406478,525,0.017156
13,KACTL,525,0.309476
13,393435,526,0.024086
13,ours-406478,526,0.017185
13,KACTL,526,0.309797
13,simd-v0,526,0.039369
13,ours-406478,527,0.017146
13,KACTL,527,0.314924
13,simd-v0,527,0.039379
13,393435,527,0.024106
13,KACTL,528,0.311479
13,simd-v0,528,0.039449
13,393435,528,0.024116
13,ours-406478,528,0.017256
13,simd-v0,529,0.039320
13,393435,529,0.024106
13,ours-406478,529,0.017166
13,KACTL,529,0.309977
13,393435,530,0.024066
13,ours-406478,530,0.022544
13,KACTL,530,0.310047
13,simd-v0,530,0.039330
13,ours-406478,531,0.017156
13,KACTL,531,0.309917
13,simd-v0,531,0.039379
13,393435,531,0.024126
13,KACTL,532,0.315255
13,simd-v0,532,0.039430
13,393435,532,0.024096
13,ours-406478,532,0.017226
13,simd-v0,533,0.039350
13,393435,533,0.024086
13,ours-406478,533,0.017156
13,KACTL,533,0.309717
13,393435,534,0.024116
13,ours-406478,534,0.017206
13,KACTL,534,0.310218
13,simd-v0,534,0.039410
13,ours-406478,535,0.017156
13,KACTL,535,0.315736
13,simd-v0,535,0.039339
13,393435,535,0.024116
13,KACTL,536,0.309707
13,simd-v0,536,0.039339
13,393435,536,0.024066
13,ours-406478,536,0.017246
13,simd-v0,537,0.039390
13,393435,537,0.024096
13,ours-406478,537,0.017156
13,KACTL,537,0.315816
13,393435,538,0.024056
13,ours-406478,538,0.017226
13,KACTL,538,0.309517
13,simd-v0,538,0.039350
13,ours-406478,539,0.017136
13,KACTL,539,0.309776
13,simd-v0,539,0.039329
13,393435,539,0.024086
13,KACTL,540,0.323908
13,simd-v0,540,0.039419
13,393435,540,0.024076
13,ours-406478,540,0.017327
13,simd-v0,541,0.039440
13,393435,541,0.024116
13,ours-406478,541,0.017166
13,KACTL,541,0.310138
13,393435,542,0.024087
13,ours-406478,542,0.017216
13,KACTL,542,0.315315
13,simd-v0,542,0.039409
13,ours-406478,543,0.017246
13,KACTL,543,0.309286
13,simd-v0,543,0.039399
13,393435,543,0.024136
13,KACTL,544,0.309536
13,simd-v0,544,0.039359
13,393435,544,0.024116
13,ours-406478,544,0.017195
13,simd-v0,545,0.039359
13,393435,545,0.024076
13,ours-406478,545,0.022423
13,KACTL,545,0.310218
13,393435,546,0.024086
13,ours-406478,546,0.017226
13,KACTL,546,0.310477
13,simd-v0,546,0.039480
13,ours-406478,547,0.017146
13,KACTL,547,0.314734
13,simd-v0,547,0.039389
13,393435,547,0.024136
13,KACTL,548,0.309836
13,simd-v0,548,0.039319
13,393435,548,0.024136
13,ours-406478,548,0.017246
13,simd-v0,549,0.039450
13,393435,549,0.024066
13,ours-406478,549,0.017156
13,KACTL,549,0.310068
13,393435,550,0.024107
13,ours-406478,550,0.017186
13,KACTL,550,0.315235
13,simd-v0,550,0.039370
13,ours-406478,551,0.017216
13,KACTL,551,0.309857
13,simd-v0,551,0.039429
13,393435,551,0.024106
13,KACTL,552,0.314885
13,simd-v0,552,0.039329
13,393435,552,0.024066
13,ours-406478,552,0.017226
13,simd-v0,553,0.039350
13,393435,553,0.024136
13,ours-406478,553,0.017125
13,KACTL,553,0.311389
13,393435,554,0.024116
13,ours-406478,554,0.017206
13,KACTL,554,0.309527
13,simd-v0,554,0.039370
13,ours-406478,555,0.017186
13,KACTL,555,0.316016
13,simd-v0,555,0.039429
13,393435,555,0.024146
13,KACTL,556,0.309977
13,simd-v0,556,0.039420
13,393435,556,0.024107
13,ours-406478,556,0.017276
13,simd-v0,557,0.039419
13,393435,557,0.024106
13,ours-406478,557,0.017126
13,KACTL,557,0.315936
13,393435,558,0.024116
13,ours-406478,558,0.017216
13,KACTL,558,0.331189
13,simd-v0,558,0.039470
13,ours-406478,559,0.017406
13,KACTL,559,0.309747
13,simd-v0,559,0.039370
13,393435,559,0.024246
13,KACTL,560,0.316467
13,simd-v0,560,0.039330
13,393435,560,0.024086
13,ours-406478,560,0.017296
13,simd-v0,561,0.039359
13,393435,561,0.024086
13,ours-406478,561,0.017136
13,KACTL,561,0.309837
13,393435,562,0.024147
13,ours-406478,562,0.017186
13,KACTL,562,0.314674
13,simd-v0,562,0.039439
13,ours-406478,563,0.017166
13,KACTL,563,0.309917
13,simd-v0,563,0.039349
13,393435,563,0.024106
13,KACTL,564,0.309566
13,simd-v0,564,0.039329
13,393435,564,0.024077
13,ours-406478,564,0.017206
13,simd-v0,565,0.039309
13,393435,565,0.024087
13,ours-406478,565,0.017146
13,KACTL,565,0.315235
13,393435,566,0.024116
13,ours-406478,566,0.017205
13,KACTL,566,0.310037
13,simd-v0,566,0.039329
13,ours-406478,567,0.017186
13,KACTL,567,0.314654
13,simd-v0,567,0.039389
13,393435,567,0.024136
13,KACTL,568,0.309627
13,simd-v0,568,0.039369
13,393435,568,0.024096
13,ours-406478,568,0.017256
13,simd-v0,569,0.039340
13,393435,569,0.024066
13,ours-406478,569,0.017216
13,KACTL,569,0.309367
13,393435,570,0.024066
13,ours-406478,570,0.017206
13,KACTL,570,0.315395
13,simd-v0,570,0.039329
13,ours-406478,571,0.017246
13,KACTL,571,0.309236
13,simd-v0,571,0.039379
13,393435,571,0.024056
13,KACTL,572,0.310498
13,simd-v0,572,0.044517
13,393435,572,0.024086
13,ours-406478,572,0.017246
13,simd-v0,573,0.039359
13,393435,573,0.024076
13,ours-406478,573,0.017085
13,KACTL,573,0.310097
13,393435,574,0.024066
13,ours-406478,574,0.017156
13,KACTL,574,0.310127
13,simd-v0,574,0.039389
13,ours-406478,575,0.017156
13,KACTL,575,0.314855
13,simd-v0,575,0.039319
13,393435,575,0.024107
13,KACTL,576,0.309597
13,simd-v0,576,0.039370
13,393435,576,0.024127
13,ours-406478,576,0.017256
13,simd-v0,577,0.039339
13,393435,577,0.024117
13,ours-406478,577,0.017136
13,KACTL,577,0.315265
13,393435,578,0.024106
13,ours-406478,578,0.017216
13,KACTL,578,0.311279
13,simd-v0,578,0.039389
13,ours-406478,579,0.017196
13,KACTL,579,0.309697
13,simd-v0,579,0.039440
13,393435,579,0.024116
13,KACTL,580,0.326262
13,simd-v0,580,0.039390
13,393435,580,0.024296
13,ours-406478,580,0.017436
13,simd-v0,581,0.039419
13,393435,581,0.024106
13,ours-406478,581,0.017115
13,KACTL,581,0.309797
13,393435,582,0.024076
13,ours-406478,582,0.017206
13,KACTL,582,0.316076
13,simd-v0,582,0.039370
13,ours-406478,583,0.017226
13,KACTL,583,0.309556
13,simd-v0,583,0.039339
13,393435,583,0.024086
13,KACTL,584,0.309477
13,simd-v0,584,0.039330
13,393435,584,0.024056
13,ours-406478,584,0.017226
13,simd-v0,585,0.039290
13,393435,585,0.024136
13,ours-406478,585,0.017186
13,KACTL,585,0.315025
13,393435,586,0.024086
13,ours-406478,586,0.017246
13,KACTL,586,0.310949
13,simd-v0,586,0.039439
13,ours-406478,587,0.017225
13,KACTL,587,0.309607
13,simd-v0,587,0.044637
13,393435,587,0.024106
13,KACTL,588,0.309917
13,simd-v0,588,0.039359
13,393435,588,0.024117
13,ours-406478,588,0.017236
13,simd-v0,589,0.039319
13,393435,589,0.024096
13,ours-406478,589,0.017126
13,KACTL,589,0.309747
13,393435,590,0.024107
13,ours-406478,590,0.017136
13,KACTL,590,0.316256
13,simd-v0,590,0.039359
13,ours-406478,591,0.017216
13,KACTL,591,0.309837
13,simd-v0,591,0.039369
13,393435,591,0.024076
13,KACTL,592,0.309306
13,simd-v0,592,0.039350
13,393435,592,0.029354
13,ours-406478,592,0.017226
13,simd-v0,593,0.039389
13,393435,593,0.024067
13,ours-406478,593,0.017106
13,KACTL,593,0.309866
13,393435,594,0.024096
13,ours-406478,594,0.017146
13,KACTL,594,0.309827
13,simd-v0,594,0.039379
13,ours-406478,595,0.017186
13,KACTL,595,0.320513
13,simd-v0,595,0.039439
13,393435,595,0.024116
13,KACTL,596,0.309827
13,simd-v0,596,0.039310
13,393435,596,0.024106
13,ours-406478,596,0.017366
13,simd-v0,597,0.039339
13,393435,597,0.024096
13,ours-406478,597,0.017135
13,KACTL,597,0.315255
13,393435,598,0.024056
13,ours-406478,598,0.017216
13,KACTL,598,0.309867
13,simd-v0,598,0.039329
13,ours-406478,599,0.017166
13,KACTL,599,0.309787
13,simd-v0,599,0.039309
13,393435,599,0.024096
13,KACTL,600,0.316026
13,simd-v0,600,0.039380
13,393435,600,0.024096
13,ours-406478,600,0.017246
13,simd-v0,601,0.039350
13,393435,601,0.024067
13,ours-406478,601,0.017176
13,KACTL,601,0.309436
13,393435,602,0.024116
13,ours-406478,602,0.017166
13,KACTL,602,0.310328
13,simd-v0,602,0.044547
13,ours-406478,603,0.017216
13,KACTL,603,0.311149
13,simd-v0,603,0.039369
13,393435,603,0.024086
13,KACTL,604,0.309747
13,simd-v0,604,0.039419
13,393435,604,0.024106
13,ours-406478,604,0.017326
13,simd-v0,605,0.039420
13,393435,605,0.024087
13,ours-406478,605,0.017166
13,KACTL,605,0.315836
13,393435,606,0.024137
13,ours-406478,606,0.017296
13,KACTL,606,0.309937
13,simd-v0,606,0.039439
13,ours-406478,607,0.017206
13,KACTL,607,0.309386
13,simd-v0,607,0.039399
13,393435,607,0.024046
13,KACTL,608,0.315315
13,simd-v0,608,0.039459
13,393435,608,0.024116
13,ours-406478,608,0.017185
13,simd-v0,609,0.039449
13,393435,609,0.024076
13,ours-406478,609,0.017105
13,KACTL,609,0.310328
13,393435,610,0.024087
13,ours-406478,610,0.017166
13,KACTL,610,0.314994
13,simd-v0,610,0.039349
13,ours-406478,611,0.017176
13,KACTL,611,0.309636
13,simd-v0,611,0.039350
13,393435,611,0.024097
13,KACTL,612,0.309626
13,simd-v0,612,0.039349
13,393435,612,0.024126
13,ours-406478,612,0.017216
13,simd-v0,613,0.044727
13,393435,613,0.024096
13,ours-406478,613,0.017226
13,KACTL,613,0.310648
13,393435,614,0.024096
13,ours-406478,614,0.017216
13,KACTL,614,0.309968
13,simd-v0,614,0.039339
13,ours-406478,615,0.017156
13,KACTL,615,0.315666
13,simd-v0,615,0.039369
13,393435,615,0.024066
13,KACTL,616,0.309998
13,simd-v0,616,0.039319
13,393435,616,0.024086
13,ours-406478,616,0.017276
13,simd-v0,617,0.039290
13,393435,617,0.024096
13,ours-406478,617,0.017146
13,KACTL,617,0.310038
13,393435,618,0.024066
13,ours-406478,618,0.022484
13,KACTL,618,0.309917
13,simd-v0,618,0.039329
13,ours-406478,619,0.017156
13,KACTL,619,0.309156
13,simd-v0,619,0.039269
13,393435,619,0.024087
13,KACTL,620,0.315676
13,simd-v0,620,0.039389
13,393435,620,0.024106
13,ours-406478,620,0.017216
13,simd-v0,621,0.039369
13,393435,621,0.024086
13,ours-406478,621,0.017126
13,KACTL,621,0.310288
13,393435,622,0.024077
13,ours-406478,622,0.017156
13,KACTL,622,0.309907
13,simd-v0,622,0.039360
13,ours-406478,623,0.017196
13,KACTL,623,0.316737
13,simd-v0,623,0.039349
13,393435,623,0.024077
13,KACTL,624,0.309917
13,simd-v0,624,0.039339
13,393435,624,0.024046
13,ours-406478,624,0.017246
13,simd-v0,625,0.039309
13,393435,625,0.024046
13,ours-406478,625,0.017175
13,KACTL,625,0.316036
13,393435,626,0.024116
13,ours-406478,626,0.017236
13,KACTL,626,0.309507
13,simd-v0,626,0.039339
13,ours-406478,627,0.017216
13,KACTL,627,0.309376
13,simd-v0,627,0.039339
13,393435,627,0.024087
13,KACTL,628,0.315215
13,simd-v0,628,0.040922
13,393435,628,0.024127
13,ours-406478,628,0.017256
13,simd-v0,629,0.039399
13,393435,629,0.024106
13,ours-406478,629,0.017165
13,KACTL,629,0.310398
13,393435,630,0.024087
13,ours-406478,630,0.017146
13,KACTL,630,0.315225
13,simd-v0,630,0.039350
13,ours-406478,631,0.017246
13,KACTL,631,0.309496
13,simd-v0,631,0.039289
13,393435,631,0.024076
13,KACTL,632,0.309796
13,simd-v0,632,0.039349
13,393435,632,0.024096
13,ours-406478,632,0.017276
13,simd-v0,633,0.039329
13,393435,633,0.024076
13,ours-406478,633,0.022444
13,KACTL,633,0.309527
13,393435,634,0.024057
13,ours-406478,634,0.017146
13,KACTL,634,0.310178
13,simd-v0,634,0.039300
13,ours-406478,635,0.017156
13,KACTL,635,0.315094
13,simd-v0,635,0.039369
13,393435,635,0.024076
13,KACTL,636,0.309236
13,simd-v0,636,0.039309
13,393435,636,0.024036
13,ours-406478,636,0.017306
13,simd-v0,637,0.039299
13,393435,637,0.024087
13,ours-406478,637,0.017096
13,KACTL,637,0.309656
13,393435,638,0.024076
13,ours-406478,638,0.017176
13,KACTL,638,0.315976
13,simd-v0,638,0.039389
13,ours-406478,639,0.017206
13,KACTL,639,0.309727
13,simd-v0,639,0.039419
13,393435,639,0.024066
13,KACTL,640,0.315435
13,simd-v0,640,0.039419
13,393435,640,0.024086
13,ours-406478,640,0.017236
13,simd-v0,641,0.039309
13,393435,641,0.024046
13,ours-406478,641,0.017196
13,KACTL,641,0.309697
13,393435,642,0.024076
13,ours-406478,642,0.017186
13,KACTL,642,0.309988
13,simd-v0,642,0.039319
13,ours-406478,643,0.017176
13,KACTL,643,0.314785
13,simd-v0,643,0.039330
13,393435,643,0.024086
13,KACTL,644,0.309957
13,simd-v0,644,0.039379
13,393435,644,0.024046
13,ours-406478,644,0.017266
13,simd-v0,645,0.039359
13,393435,645,0.024076
13,ours-406478,645,0.017126
13,KACTL,645,0.314974
13,393435,646,0.024086
13,ours-406478,646,0.017206
13,KACTL,646,0.309867
13,simd-v0,646,0.039380
13,ours-406478,647,0.017216
13,KACTL,647,0.310007
13,simd-v0,647,0.039429
13,393435,647,0.024096
13,KACTL,648,0.315476
13,simd-v0,648,0.039409
13,393435,648,0.024047
13,ours-406478,648,0.017256
13,simd-v0,649,0.039369
13,393435,649,0.024096
13,ours-406478,649,0.017186
13,KACTL,649,0.309787
13,393435,650,0.024147
13,ours-406478,650,0.017216
13,KACTL,650,0.315325
13,simd-v0,650,0.039369
13,ours-406478,651,0.017215
13,KACTL,651,0.309366
13,simd-v0,651,0.039319
13,393435,651,0.024146
13,KACTL,652,0.309616
13,simd-v0,652,0.039299
13,393435,652,0.024086
13,ours-406478,652,0.017176
13,simd-v0,653,0.039369
13,393435,653,0.024086
13,ours-406478,653,0.017095
13,KACTL,653,0.314925
13,393435,654,0.025328
13,ours-406478,654,0.017186
13,KACTL,654,0.309917
13,simd-v0,654,0.039400
13,ours-406478,655,0.017226
13,KACTL,655,0.309706
13,simd-v0,655,0.044667
13,393435,655,0.024086
13,KACTL,656,0.309777
13,simd-v0,656,0.039430
13,393435,656,0.024086
13,ours-406478,656,0.017166
13,simd-v0,657,0.039310
13,393435,657,0.024076
13,ours-406478,657,0.017136
13,KACTL,657,0.309767
13,393435,658,0.024056
13,ours-406478,658,0.017135
13,KACTL,658,0.315285
13,simd-v0,658,0.039439
13,ours-406478,659,0.017216
13,KACTL,659,0.309767
13,simd-v0,659,0.039349
13,393435,659,0.024117
13,KACTL,660,0.309877
13,simd-v0,660,0.039389
13,393435,660,0.029294
13,ours-406478,660,0.017215
13,simd-v0,661,0.039359
13,393435,661,0.024116
13,ours-406478,661,0.017146
13,KACTL,661,0.309647
13,393435,662,0.024086
13,ours-406478,662,0.017186
13,KACTL,662,0.309967
13,simd-v0,662,0.039319
13,ours-406478,663,0.017196
13,KACTL,663,0.314694
13,simd-v0,663,0.039379
13,393435,663,0.024096
13,KACTL,664,0.309386
13,simd-v0,664,0.039400
13,393435,664,0.024076
13,ours-406478,664,0.017236
13,simd-v0,665,0.039379
13,393435,665,0.024097
13,ours-406478,665,0.017156
13,KACTL,665,0.314684
13,393435,666,0.024096
13,ours-406478,666,0.017245
13,KACTL,666,0.309787
13,simd-v0,666,0.039349
13,ours-406478,667,0.017196
13,KACTL,667,0.309236
13,simd-v0,667,0.039430
13,393435,667,0.024067
13,KACTL,668,0.315676
13,simd-v0,668,0.039389
13,393435,668,0.024117
13,ours-406478,668,0.017166
13,simd-v0,669,0.039379
13,393435,669,0.024096
13,ours-406478,669,0.017176
13,KACTL,669,0.310287
13,393435,670,0.024086
13,ours-406478,670,0.017186
13,KACTL,670,0.309837
13,simd-v0,670,0.044587
13,ours-406478,671,0.017156
13,KACTL,671,0.309907
13,simd-v0,671,0.039329
13,393435,671,0.024076
13,KACTL,672,0.309486
13,simd-v0,672,0.039309
13,393435,672,0.024077
13,ours-406478,672,0.017236
13,simd-v0,673,0.039389
13,393435,673,0.024077
13,ours-406478,673,0.017146
13,KACTL,673,0.315305
13,393435,674,0.024076
13,ours-406478,674,0.017226
13,KACTL,674,0.309737
13,simd-v0,674,0.039320
13,ours-406478,675,0.017166
13,KACTL,675,0.309266
13,simd-v0,675,0.039329
13,393435,675,0.024066
13,KACTL,676,0.315535
13,simd-v0,676,0.039449
13,393435,676,0.024086
13,ours-406478,676,0.017216
13,simd-v0,677,0.039300
13,393435,677,0.024056
13,ours-406478,677,0.017156
13,KACTL,677,0.309156
13,393435,678,0.024036
13,ours-406478,678,0.017185
13,KACTL,678,0.319812
13,simd-v0,678,0.039439
13,ours-406478,679,0.017356
13,KACTL,679,0.310287
13,simd-v0,679,0.039399
13,393435,679,0.024126
13,KACTL,680,0.310037
13,simd-v0,680,0.039409
13,393435,680,0.024126
13,ours-406478,680,0.017236
13,simd-v0,681,0.044988
13,393435,681,0.024106
13,ours-406478,681,0.017175
13,KACTL,681,0.310218
13,393435,682,0.024096
13,ours-406478,682,0.017136
13,KACTL,682,0.309687
13,simd-v0,682,0.039369
13,ours-406478,683,0.017175
13,KACTL,683,0.314344
13,simd-v0,683,0.039360
13,393435,683,0.024056
13,KACTL,684,0.310007
13,simd-v0,684,0.039369
13,393435,684,0.024106
13,ours-406478,684,0.017276
13,simd-v0,685,0.039430
13,393435,685,0.024106
13,ours-406478,685,0.017156
13,KACTL,685,0.309707
13,393435,686,0.024036
13,ours-406478,686,0.022514
13,KACTL,686,0.309947
13,simd-v0,686,0.039359
13,ours-406478,687,0.017176
13,KACTL,687,0.309306
13,simd-v0,687,0.039389
13,393435,687,0.024136
13,KACTL,688,0.315475
13,simd-v0,688,0.039339
13,393435,688,0.024086
13,ours-406478,688,0.017367
13,simd-v0,689,0.039369
13,393435,689,0.024076
13,ours-406478,689,0.017146
13,KACTL,689,0.310198
13,393435,690,0.024127
13,ours-406478,690,0.017186
13,KACTL,690,0.309616
13,simd-v0,690,0.039369
13,ours-406478,691,0.017186
13,KACTL,691,0.315235
13,simd-v0,691,0.039369
13,393435,691,0.024066
13,KACTL,692,0.309827
13,simd-v0,692,0.039310
13,393435,692,0.024066
13,ours-406478,692,0.017236
13,simd-v0,693,0.039350
13,393435,693,0.024067
13,ours-406478,693,0.017166
13,KACTL,693,0.316066
13,393435,694,0.024076
13,ours-406478,694,0.017226
13,KACTL,694,0.310107
13,simd-v0,694,0.039379
13,ours-406478,695,0.017176
13,KACTL,695,0.309196
13,simd-v0,695,0.039379
13,393435,695,0.024087
13,KACTL,696,0.315366
13,simd-v0,696,0.039360
13,393435,696,0.024096
13,ours-406478,696,0.017216
13,simd-v0,697,0.039339
13,393435,697,0.024117
13,ours-406478,697,0.017146
13,KACTL,697,0.309666
13,393435,698,0.024066
13,ours-406478,698,0.017196
13,KACTL,698,0.315015
13,simd-v0,698,0.039319
13,ours-406478,699,0.017226
13,KACTL,699,0.309706
13,simd-v0,699,0.039359
13,393435,699,0.024116
13,KACTL,700,0.309636
13,simd-v0,700,0.039359
13,393435,700,0.024086
13,ours-406478,700,0.017206
13,simd-v0,701,0.039430
13,393435,701,0.024106
13,ours-406478,701,0.034532
13,KACTL,701,0.309787
13,393435,702,0.024127
13,ours-406478,702,0.017286
13,KACTL,702,0.310137
13,simd-v0,702,0.039439
13,ours-406478,703,0.017156
13,KACTL,703,0.314564
13,simd-v0,703,0.039329
13,393435,703,0.024096
13,KACTL,704,0.311850
13,simd-v0,704,0.039289
13,393435,704,0.024046
13,ours-406478,704,0.017226
13,simd-v0,705,0.039319
13,393435,705,0.024047
13,ours-406478,705,0.017156
13,KACTL,705,0.309827
13,393435,706,0.024076
13,ours-406478,706,0.017196
13,KACTL,706,0.315506
13,simd-v0,706,0.039399
13,ours-406478,707,0.017175
13,KACTL,707,0.309917
13,simd-v0,707,0.039429
13,393435,707,0.024086
13,KACTL,708,0.315225
13,simd-v0,708,0.039409
13,393435,708,0.024067
13,ours-406478,708,0.017206
13,simd-v0,709,0.039349
13,393435,709,0.024116
13,ours-406478,709,0.017176
13,KACTL,709,0.309887
13,393435,710,0.024107
13,ours-406478,710,0.017196
13,KACTL,710,0.309536
13,simd-v0,710,0.039389
13,ours-406478,711,0.017185
13,KACTL,711,0.315966
13,simd-v0,711,0.039389
13,393435,711,0.024086
13,KACTL,712,0.309486
13,simd-v0,712,0.039399
13,393435,712,0.024097
13,ours-406478,712,0.017206
13,simd-v0,713,0.039389
13,393435,713,0.024086
13,ours-406478,713,0.017126
13,KACTL,713,0.314924
13,393435,714,0.024116
13,ours-406478,714,0.017216
13,KACTL,714,0.309587
13,simd-v0,714,0.039429
13,ours-406478,715,0.017145
13,KACTL,715,0.309416
13,simd-v0,715,0.039319
13,393435,715,0.024046
13,KACTL,716,0.315245
13,simd-v0,716,0.039350
13,393435,716,0.024096
13,ours-406478,716,0.017246
13,simd-v0,717,0.039419
13,393435,717,0.024087
13,ours-406478,717,0.017116
13,KACTL,717,0.309947
13,393435,718,0.024087
13,ours-406478,718,0.017166
13,KACTL,718,0.314764
13,simd-v0,718,0.039459
13,ours-406478,719,0.017206
13,KACTL,719,0.309567
13,simd-v0,719,0.039360
13,393435,719,0.024127
13,KACTL,720,0.310058
13,simd-v0,720,0.039400
13,393435,720,0.024106
13,ours-406478,720,0.017216
13,simd-v0,721,0.039350
13,393435,721,0.024106
13,ours-406478,721,0.017156
13,KACTL,721,0.314935
13,393435,722,0.024106
13,ours-406478,722,0.017206
13,KACTL,722,0.309907
13,simd-v0,722,0.039349
13,ours-406478,723,0.017226
13,KACTL,723,0.309857
13,simd-v0,723,0.044487
13,393435,723,0.024076
13,KACTL,724,0.310008
13,simd-v0,724,0.039350
13,393435,724,0.024076
13,ours-406478,724,0.017206
13,simd-v0,725,0.039420
13,393435,725,0.024086
13,ours-406478,725,0.017176
13,KACTL,725,0.309777
13,393435,726,0.024056
13,ours-406478,726,0.017185
13,KACTL,726,0.315085
13,simd-v0,726,0.039339
13,ours-406478,727,0.017246
13,KACTL,727,0.309687
13,simd-v0,727,0.039399
13,393435,727,0.024106
13,KACTL,728,0.309997
13,simd-v0,728,0.039399
13,393435,728,0.029174
13,ours-406478,728,0.017266
13,simd-v0,729,0.039349
13,393435,729,0.024086
13,ours-406478,729,0.017106
13,KACTL,729,0.311760
13,393435,730,0.024077
13,ours-406478,730,0.017236
13,KACTL,730,0.310047
13,simd-v0,730,0.039359
13,ours-406478,731,0.017206
13,KACTL,731,0.316016
13,simd-v0,731,0.039349
13,393435,731,0.024146
13,KACTL,732,0.309666
13,simd-v0,732,0.039299
13,393435,732,0.024066
13,ours-406478,732,0.017266
13,simd-v0,733,0.039379
13,393435,733,0.024046
13,ours-406478,733,0.017156
13,KACTL,733,0.314915
13,393435,734,0.024117
13,ours-406478,734,0.017246
13,KACTL,734,0.310067
13,simd-v0,734,0.039380
13,ours-406478,735,0.017146
13,KACTL,735,0.309967
13,simd-v0,735,0.039369
13,393435,735,0.024046
13,KACTL,736,0.315075
13,simd-v0,736,0.039329
13,393435,736,0.024076
13,ours-406478,736,0.017266
13,simd-v0,737,0.039350
13,393435,737,0.024107
13,ours-406478,737,0.017136
13,KACTL,737,0.309617
13,393435,738,0.024086
13,ours-406478,738,0.017195
13,KACTL,738,0.309867
13,simd-v0,738,0.044547
13,ours-406478,739,0.017226
13,KACTL,739,0.309857
13,simd-v0,739,0.039420
13,393435,739,0.024107
13,KACTL,740,0.309737
13,simd-v0,740,0.039349
13,393435,740,0.024087
13,ours-406478,740,0.017166
13,simd-v0,741,0.039399
13,393435,741,0.024077
13,ours-406478,741,0.017176
13,KACTL,741,0.314714
13,393435,742,0.024086
13,ours-406478,742,0.017176
13,KACTL,742,0.309807
13,simd-v0,742,0.039350
13,ours-406478,743,0.017136
13,KACTL,743,0.309356
13,simd-v0,743,0.039410
13,393435,743,0.029194
13,KACTL,744,0.310017
13,simd-v0,744,0.039329
13,393435,744,0.024117
13,ours-406478,744,0.017236
13,simd-v0,745,0.039319
13,393435,745,0.024086
13,ours-406478,745,0.017136
13,KACTL,745,0.309686
13,393435,746,0.024096
13,ours-406478,746,0.017126
13,KACTL,746,0.315506
13,simd-v0,746,0.039380
13,ours-406478,747,0.017176
13,KACTL,747,0.309516
13,simd-v0,747,0.039289
13,393435,747,0.024076
13,KACTL,748,0.309846
13,simd-v0,748,0.039309
13,393435,748,0.024076
13,ours-406478,748,0.017185
13,simd-v0,749,0.044537
13,393435,749,0.024086
13,ours-406478,749,0.017206
13,KACTL,749,0.309547
13,393435,750,0.024057
13,ours-406478,750,0.017136
13,KACTL,750,0.309726
13,simd-v0,750,0.039309
13,ours-406478,751,0.017166
13,KACTL,751,0.314975
13,simd-v0,751,0.039340
13,393435,751,0.024107
13,KACTL,752,0.310208
13,simd-v0,752,0.039360
13,393435,752,0.024096
13,ours-406478,752,0.017226
13,simd-v0,753,0.039409
13,393435,753,0.024067
13,ours-406478,753,0.017136
13,KACTL,753,0.310027
13,393435,754,0.024087
13,ours-406478,754,0.022354
13,KACTL,754,0.311219
13,simd-v0,754,0.039380
13,ours-406478,755,0.017216
13,KACTL,755,0.309406
13,simd-v0,755,0.039430
13,393435,755,0.024077
13,KACTL,756,0.315436
13,simd-v0,756,0.039360
13,393435,756,0.024107
13,ours-406478,756,0.017276
13,simd-v0,757,0.039349
13,393435,757,0.024107
13,ours-406478,757,0.017146
13,KACTL,757,0.310307
13,393435,758,0.024106
13,ours-406478,758,0.017166
13,KACTL,758,0.318270
13,simd-v0,758,0.039329
13,ours-406478,759,0.017256
13,KACTL,759,0.315595
13,simd-v0,759,0.039319
13,393435,759,0.024157
13,KACTL,760,0.315135
13,simd-v0,760,0.039269
13,393435,760,0.024096
13,ours-406478,760,0.017336
13,simd-v0,761,0.043266
13,393435,761,0.024196
13,ours-406478,761,0.017316
13,KACTL,761,0.315916
13,393435,762,0.024086
13,ours-406478,762,0.017146
13,KACTL,762,0.309747
13,simd-v0,762,0.039340
13,ours-406478,763,0.017165
13,KACTL,763,0.309376
13,simd-v0,763,0.039420
13,393435,763,0.024077
13,KACTL,764,0.316527
13,simd-v0,764,0.039350
13,393435,764,0.024127
13,ours-406478,764,0.017266
13,simd-v0,765,0.039390
13,393435,765,0.024087
13,ours-406478,765,0.017176
13,KACTL,765,0.309296
13,393435,766,0.024086
13,ours-406478,766,0.017166
13,KACTL,766,0.315776
13,simd-v0,766,0.039289
13,ours-406478,767,0.017216
13,KACTL,767,0.309807
13,simd-v0,767,0.039299
13,393435,767,0.024076
13,KACTL,768,0.309817
13,simd-v0,768,0.039340
13,393435,768,0.024106
13,ours-406478,768,0.017186
13,simd-v0,769,0.039450
13,393435,769,0.029314
13,ours-406478,769,0.017156
13,KACTL,769,0.309737
13,393435,770,0.024066
13,ours-406478,770,0.017165
13,KACTL,770,0.309867
13,simd-v0,770,0.039359
13,ours-406478,771,0.017146
13,KACTL,771,0.314614
13,simd-v0,771,0.039329
13,393435,771,0.024107
13,KACTL,772,0.309617
13,simd-v0,772,0.039339
13,393435,772,0.024087
13,ours-406478,772,0.017236
13,simd-v0,773,0.039399
13,393435,773,0.024136
13,ours-406478,773,0.017185
13,KACTL,773,0.309947
13,393435,774,0.024106
13,ours-406478,774,0.017175
13,KACTL,774,0.315876
13,simd-v0,774,0.039319
13,ours-406478,775,0.017206
13,KACTL,775,0.309637
13,simd-v0,775,0.039330
13,393435,775,0.024127
13,KACTL,776,0.315295
13,simd-v0,776,0.039309
13,393435,776,0.024076
13,ours-406478,776,0.017196
13,simd-v0,777,0.039369
13,393435,777,0.024106
13,ours-406478,777,0.017166
13,KACTL,777,0.309276
13,393435,778,0.024076
13,ours-406478,778,0.017176
13,KACTL,778,0.310097
13,simd-v0,778,0.039349
13,ours-406478,779,0.017156
13,KACTL,779,0.315375
13,simd-v0,779,0.040742
13,393435,779,0.024107
13,KACTL,780,0.309827
13,simd-v0,780,0.039279
13,393435,780,0.024097
13,ours-406478,780,0.017206
13,simd-v0,781,0.039359
13,393435,781,0.024106
13,ours-406478,781,0.017136
13,KACTL,781,0.316437
13,393435,782,0.024087
13,ours-406478,782,0.017196
13,KACTL,782,0.309977
13,simd-v0,782,0.039459
13,ours-406478,783,0.017165
13,KACTL,783,0.309807
13,simd-v0,783,0.039330
13,393435,783,0.024107
13,KACTL,784,0.315716
13,simd-v0,784,0.039389
13,393435,784,0.024096
13,ours-406478,784,0.017216
13,simd-v0,785,0.039309
13,393435,785,0.024136
13,ours-406478,785,0.017165
13,KACTL,785,0.316006
13,393435,786,0.024107
13,ours-406478,786,0.017296
13,KACTL,786,0.316156
13,simd-v0,786,0.039380
13,ours-406478,787,0.017266
13,KACTL,787,0.309857
13,simd-v0,787,0.039370
13,393435,787,0.024086
13,KACTL,788,0.310378
13,simd-v0,788,0.039350
13,393435,788,0.024106
13,ours-406478,788,0.017206
13,simd-v0,789,0.039320
13,393435,789,0.024096
13,ours-406478,789,0.017196
13,KACTL,789,0.314825
13,393435,790,0.024096
13,ours-406478,790,0.017196
13,KACTL,790,0.309997
13,simd-v0,790,0.039369
13,ours-406478,791,0.017166
13,KACTL,791,0.314484
13,simd-v0,791,0.039319
13,393435,791,0.024117
13,KACTL,792,0.309587
13,simd-v0,792,0.039339
13,393435,792,0.024097
13,ours-406478,792,0.017206
13,simd-v0,793,0.039359
13,393435,793,0.024077
13,ours-406478,793,0.017146
13,KACTL,793,0.309826
13,393435,794,0.024086
13,ours-406478,794,0.017196
13,KACTL,794,0.315605
13,simd-v0,794,0.039349
13,ours-406478,795,0.017196
13,KACTL,795,0.309627
13,simd-v0,795,0.039430
13,393435,795,0.024087
13,KACTL,796,0.309957
13,simd-v0,796,0.044687
13,393435,796,0.024056
13,ours-406478,796,0.017236
13,simd-v0,797,0.039289
13,393435,797,0.024116
13,ours-406478,797,0.017146
13,KACTL,797,0.309907
13,393435,798,0.024116
13,ours-406478,798,0.017196
13,KACTL,798,0.309957
13,simd-v0,798,0.039449
13,ours-406478,799,0.017146
13,KACTL,799,0.314935
13,simd-v0,799,0.039409
13,393435,799,0.024067
13,KACTL,800,0.309417
13,simd-v0,800,0.039360
13,393435,800,0.024116
13,ours-406478,800,0.017226
13,simd-v0,801,0.039400
13,393435,801,0.024057
13,ours-406478,801,0.017166
13,KACTL,801,0.315034
13,393435,802,0.024096
13,ours-406478,802,0.017236
13,KACTL,802,0.309616
13,simd-v0,802,0.039339
13,ours-406478,803,0.017156
13,KACTL,803,0.309757
13,simd-v0,803,0.039299
13,393435,803,0.024106
13,KACTL,804,0.315225
13,simd-v0,804,0.039469
13,393435,804,0.024076
13,ours-406478,804,0.017246
13,simd-v0,805,0.040701
13,393435,805,0.024076
13,ours-406478,805,0.017135
13,KACTL,805,0.309386
13,393435,806,0.024116
13,ours-406478,806,0.017186
13,KACTL,806,0.309977
13,simd-v0,806,0.039369
13,ours-406478,807,0.017176
13,KACTL,807,0.309677
13,simd-v0,807,0.039370
13,393435,807,0.024087
13,KACTL,808,0.309597
13,simd-v0,808,0.039289
13,393435,808,0.024086
13,ours-406478,808,0.017176
13,simd-v0,809,0.039360
13,393435,809,0.024107
13,ours-406478,809,0.017176
13,KACTL,809,0.315024
13,393435,810,0.024106
13,ours-406478,810,0.017206
13,KACTL,810,0.309978
13,simd-v0,810,0.039330
13,ours-406478,811,0.017226
13,KACTL,811,0.309667
13,simd-v0,811,0.039289
13,393435,811,0.029254
13,KACTL,812,0.309997
13,simd-v0,812,0.039359
13,393435,812,0.024066
13,ours-406478,812,0.017236
13,simd-v0,813,0.039389
13,393435,813,0.024096
13,ours-406478,813,0.017135
13,KACTL,813,0.309827
13,393435,814,0.024076
13,ours-406478,814,0.017206
13,KACTL,814,0.315225
13,simd-v0,814,0.039349
13,ours-406478,815,0.017226
13,KACTL,815,0.309787
13,simd-v0,815,0.039419
13,393435,815,0.024126
13,KACTL,816,0.310868
13,simd-v0,816,0.039419
13,393435,816,0.024026
13,ours-406478,816,0.022665
13,simd-v0,817,0.039360
13,393435,817,0.024076
13,ours-406478,817,0.017136
13,KACTL,817,0.309867
13,393435,818,0.024066
13,ours-406478,818,0.017216
13,KACTL,818,0.310017
13,simd-v0,818,0.039349
13,ours-406478,819,0.017226
13,KACTL,819,0.314985
13,simd-v0,819,0.039319
13,393435,819,0.024116
13,KACTL,820,0.309877
13,simd-v0,820,0.039339
13,393435,820,0.024066
13,ours-406478,820,0.017246
13,simd-v0,821,0.039299
13,393435,821,0.024086
13,ours-406478,821,0.017146
13,KACTL,821,0.310067
13,393435,822,0.029224
13,ours-406478,822,0.017216
13,KACTL,822,0.309877
13,simd-v0,822,0.039349
13,ours-406478,823,0.017176
13,KACTL,823,0.309236
13,simd-v0,823,0.039319
13,393435,823,0.024097
13,KACTL,824,0.314795
13,simd-v0,824,0.039410
13,393435,824,0.024067
13,ours-406478,824,0.017186
13,simd-v0,825,0.039339
13,393435,825,0.024087
13,ours-406478,825,0.017096
13,KACTL,825,0.309366
13,393435,826,0.024097
13,ours-406478,826,0.017156
13,KACTL,826,0.309726
13,simd-v0,826,0.039369
13,ours-406478,827,0.017116
13,KACTL,827,0.315125
13,simd-v0,827,0.039399
13,393435,827,0.024086
13,KACTL,828,0.309616
13,simd-v0,828,0.039309
13,393435,828,0.024097
13,ours-406478,828,0.017246
13,simd-v0,829,0.039379
13,393435,829,0.024096
13,ours-406478,829,0.017105
13,KACTL,829,0.315365
13,393435,830,0.024056
13,ours-406478,830,0.017226
13,KACTL,830,0.311169
13,simd-v0,830,0.039349
13,ours-406478,831,0.017165
13,KACTL,831,0.309947
13,simd-v0,831,0.039439
13,393435,831,0.024126
13,KACTL,832,0.315345
13,simd-v0,832,0.039420
13,393435,832,0.024057
13,ours-406478,832,0.017206
13,simd-v0,833,0.039339
13,393435,833,0.024087
13,ours-406478,833,0.017166
13,KACTL,833,0.309266
13,393435,834,0.024087
13,ours-406478,834,0.017206
13,KACTL,834,0.315185
13,simd-v0,834,0.039300
13,ours-406478,835,0.017236
13,KACTL,835,0.309426
13,simd-v0,835,0.039329
13,393435,835,0.024077
13,KACTL,836,0.309457
13,simd-v0,836,0.039410
13,393435,836,0.024076
13,ours-406478,836,0.017196
13,simd-v0,837,0.039330
13,393435,837,0.029344
13,ours-406478,837,0.017186
13,KACTL,837,0.309667
13,393435,838,0.024066
13,ours-406478,838,0.017156
13,KACTL,838,0.310047
13,simd-v0,838,0.039329
13,ours-406478,839,0.017246
13,KACTL,839,0.315545
13,simd-v0,839,0.039369
13,393435,839,0.024066
13,KACTL,840,0.310047
13,simd-v0,840,0.039399
13,393435,840,0.024086
13,ours-406478,840,0.017226
13,simd-v0,841,0.039389
13,393435,841,0.024086
13,ours-406478,841,0.017135
13,KACTL,841,0.309406
13,393435,842,0.024096
13,ours-406478,842,0.017196
13,KACTL,842,0.319882
13,simd-v0,842,0.039460
13,ours-406478,843,0.017336
13,KACTL,843,0.309837
13,simd-v0,843,0.039330
13,393435,843,0.024137
13,KACTL,844,0.315736
13,simd-v0,844,0.039389
13,393435,844,0.024086
13,ours-406478,844,0.017236
13,simd-v0,845,0.039389
13,393435,845,0.024076
13,ours-406478,845,0.017095
13,KACTL,845,0.309847
13,393435,846,0.024086
13,ours-406478,846,0.017216
13,KACTL,846,0.309847
13,simd-v0,846,0.039349
13,ours-406478,847,0.017216
13,KACTL,847,0.315375
13,simd-v0,847,0.039269
13,393435,847,0.024097
13,KACTL,848,0.309696
13,simd-v0,848,0.039339
13,393435,848,0.024067
13,ours-406478,848,0.017226
13,simd-v0,849,0.039319
13,393435,849,0.024096
13,ours-406478,849,0.017156
13,KACTL,849,0.315375
13,393435,850,0.024086
13,ours-406478,850,0.017276
13,KACTL,850,0.309857
13,simd-v0,850,0.039319
13,ours-406478,851,0.017195
13,KACTL,851,0.309787
13,simd-v0,851,0.039410
13,393435,851,0.024107
13,KACTL,852,0.314894
13,simd-v0,852,0.039369
13,393435,852,0.024096
13,ours-406478,852,0.017256
13,simd-v0,853,0.039379
13,393435,853,0.024096
13,ours-406478,853,0.017145
13,KACTL,853,0.309967
13,393435,854,0.024096
13,ours-406478,854,0.017226
13,KACTL,854,0.314975
13,simd-v0,854,0.039320
13,ours-406478,855,0.017216
13,KACTL,855,0.310447
13,simd-v0,855,0.039299
13,393435,855,0.024076
13,KACTL,856,0.309837
13,simd-v0,856,0.039310
13,393435,856,0.024066
13,ours-406478,856,0.017226
13,simd-v0,857,0.039409
13,393435,857,0.024137
13,ours-406478,857,0.017136
13,KACTL,857,0.315485
13,393435,858,0.024126
13,ours-406478,858,0.017266
13,KACTL,858,0.309988
13,simd-v0,858,0.039420
13,ours-406478,859,0.017196
13,KACTL,859,0.314383
13,simd-v0,859,0.039329
13,393435,859,0.024076
13,KACTL,860,0.309827
13,simd-v0,860,0.039330
13,393435,860,0.024127
13,ours-406478,860,0.017266
13,simd-v0,861,0.039389
13,393435,861,0.024076
13,ours-406478,861,0.017146
13,KACTL,861,0.310047
13,393435,862,0.024086
13,ours-406478,862,0.017196
13,KACTL,862,0.362496
13,simd-v0,862,0.039439
13,ours-406478,863,0.017476
13,KACTL,863,0.314494
13,simd-v0,863,0.039349
13,393435,863,0.024367
13,KACTL,864,0.315906
13,simd-v0,864,0.039319
13,393435,864,0.024066
13,ours-406478,864,0.017356
13,simd-v0,865,0.039319
13,393435,865,0.024086
13,ours-406478,865,0.017146
13,KACTL,865,0.310128
13,393435,866,0.024107
13,ours-406478,866,0.017166
13,KACTL,866,0.309416
13,simd-v0,866,0.039439
13,ours-406478,867,0.017136
13,KACTL,867,0.315245
13,simd-v0,867,0.039359
13,393435,867,0.024107
13,KACTL,868,0.310248
13,simd-v0,868,0.039359
13,393435,868,0.024107
13,ours-406478,868,0.017276
13,simd-v0,869,0.039329
13,393435,869,0.024076
13,ours-406478,869,0.017106
13,KACTL,869,0.315425
13,393435,870,0.024106
13,ours-406478,870,0.017226
13,KACTL,870,0.309957
13,simd-v0,870,0.039389
13,ours-406478,871,0.017176
13,KACTL,871,0.309497
13,simd-v0,871,0.039370
13,393435,871,0.024087
13,KACTL,872,0.315295
13,simd-v0,872,0.039379
13,393435,872,0.024106
13,ours-406478,872,0.017226
13,simd-v0,873,0.039410
13,393435,873,0.024107
13,ours-406478,873,0.017126
13,KACTL,873,0.309786
13,393435,874,0.024066
13,ours-406478,874,0.017126
13,KACTL,874,0.315075
13,simd-v0,874,0.039439
13,ours-406478,875,0.017206
13,KACTL,875,0.309607
13,simd-v0,875,0.039449
13,393435,875,0.024066
13,KACTL,876,0.309547
13,simd-v0,876,0.039400
13,393435,876,0.024047
13,ours-406478,876,0.017216
13,simd-v0,877,0.039429
13,393435,877,0.024087
13,ours-406478,877,0.017076
13,KACTL,877,0.317137
13,393435,878,0.024076
13,ours-406478,878,0.017236
13,KACTL,878,0.309957
13,simd-v0,878,0.039440
13,ours-406478,879,0.017146
13,KACTL,879,0.314774
13,simd-v0,879,0.039339
13,393435,879,0.024106
13,KACTL,880,0.311349
13,simd-v0,880,0.039390
13,393435,880,0.024097
13,ours-406478,880,0.017266
13,simd-v0,881,0.039319
13,393435,881,0.024087
13,ours-406478,881,0.017136
13,KACTL,881,0.309586
13,393435,882,0.024076
13,ours-406478,882,0.017156
13,KACTL,882,0.316126
13,simd-v0,882,0.039340
13,ours-406478,883,0.017226
13,KACTL,883,0.309676
13,simd-v0,883,0.039299
13,393435,883,0.024116
13,KACTL,884,0.309756
13,simd-v0,884,0.044597
13,393435,884,0.024056
13,ours-406478,884,0.017175
13,simd-v0,885,0.039369
13,393435,885,0.024086
13,ours-406478,885,0.017135
13,KACTL,885,0.309757
13,393435,886,0.024077
13,ours-406478,886,0.017156
13,KACTL,886,0.310057
13,simd-v0,886,0.039329
13,ours-406478,887,0.017186
13,KACTL,887,0.315055
13,simd-v0,887,0.039350
13,393435,887,0.024076
13,KACTL,888,0.309526
13,simd-v0,888,0.039349
13,393435,888,0.024056
13,ours-406478,888,0.017195
13,simd-v0,889,0.039399
13,393435,889,0.024056
13,ours-406478,889,0.017075
13,KACTL,889,0.314584
13,393435,890,0.024076
13,ours-406478,890,0.017196
13,KACTL,890,0.309957
13,simd-v0,890,0.039349
13,ours-406478,891,0.017145
13,KACTL,891,0.309627
13,simd-v0,891,0.039390
13,393435,891,0.024076
13,KACTL,892,0.315535
13,simd-v0,892,0.039299
13,393435,892,0.024046
13,ours-406478,892,0.017206
13,simd-v0,893,0.039370
13,393435,893,0.024066
13,ours-406478,893,0.017126
13,KACTL,893,0.309777
13,393435,894,0.024066
13,ours-406478,894,0.017176
13,KACTL,894,0.309777
13,simd-v0,894,0.044668
13,ours-406478,895,0.017166
13,KACTL,895,0.309987
13,simd-v0,895,0.039400
13,393435,895,0.024107
13,KACTL,896,0.309437
13,simd-v0,896,0.039440
13,393435,896,0.024066
13,ours-406478,896,0.017226
13,simd-v0,897,0.039330
13,393435,897,0.024086
13,ours-406478,897,0.017106
13,KACTL,897,0.315536
13,393435,898,0.024086
13,ours-406478,898,0.017136
13,KACTL,898,0.309476
13,simd-v0,898,0.039369
13,ours-406478,899,0.017175
13,KACTL,899,0.309867
13,simd-v0,899,0.039369
13,393435,899,0.029605
13,KACTL,900,0.309756
13,simd-v0,900,0.039420
13,393435,900,0.024066
13,ours-406478,900,0.017326
13,simd-v0,901,0.039379
13,393435,901,0.024077
13,ours-406478,901,0.017126
13,KACTL,901,0.309846
13,393435,902,0.024066
13,ours-406478,902,0.017186
13,KACTL,902,0.315316
13,simd-v0,902,0.039400
13,ours-406478,903,0.017176
13,KACTL,903,0.318309
13,simd-v0,903,0.039369
13,393435,903,0.024096
13,KACTL,904,0.323658
13,simd-v0,904,0.039339
13,393435,904,0.029505
13,ours-406478,904,0.017406
13,simd-v0,905,0.039329
13,393435,905,0.024087
13,ours-406478,905,0.017116
13,KACTL,905,0.310778
13,393435,906,0.024036
13,ours-406478,906,0.017196
13,KACTL,906,0.309487
13,simd-v0,906,0.039470
13,ours-406478,907,0.017166
13,KACTL,907,0.315215
13,simd-v0,907,0.039380
13,393435,907,0.024077
13,KACTL,908,0.309677
13,simd-v0,908,0.039369
13,393435,908,0.024077
13,ours-406478,908,0.017176
13,simd-v0,909,0.039369
13,393435,909,0.024096
13,ours-406478,909,0.017126
13,KACTL,909,0.315205
13,393435,910,0.024076
13,ours-406478,910,0.017226
13,KACTL,910,0.309526
13,simd-v0,910,0.039420
13,ours-406478,911,0.017196
13,KACTL,911,0.309717
13,simd-v0,911,0.039359
13,393435,911,0.024066
13,KACTL,912,0.314794
13,simd-v0,912,0.039409
13,393435,912,0.024106
13,ours-406478,912,0.017196
13,simd-v0,913,0.039410
13,393435,913,0.024066
13,ours-406478,913,0.017075
13,KACTL,913,0.309967
13,393435,914,0.024036
13,ours-406478,914,0.017176
13,KACTL,914,0.309857
13,simd-v0,914,0.039349
13,ours-406478,915,0.022544
13,KACTL,915,0.310288
13,simd-v0,915,0.039380
13,393435,915,0.024056
13,KACTL,916,0.309306
13,simd-v0,916,0.039359
13,393435,916,0.024056
13,ours-406478,916,0.017186
13,simd-v0,917,0.039319
13,393435,917,0.024086
13,ours-406478,917,0.017096
13,KACTL,917,0.315735
13,393435,918,0.024137
13,ours-406478,918,0.017236
13,KACTL,918,0.309556
13,simd-v0,918,0.039329
13,ours-406478,919,0.017216
13,KACTL,919,0.309957
13,simd-v0,919,0.039349
13,393435,919,0.024066
13,KACTL,920,0.315586
13,simd-v0,920,0.039379
13,393435,920,0.024137
13,ours-406478,920,0.017236
13,simd-v0,921,0.039339
13,393435,921,0.024066
13,ours-406478,921,0.017126
13,KACTL,921,0.309737
13,393435,922,0.024067
13,ours-406478,922,0.017136
13,KACTL,922,0.315305
13,simd-v0,922,0.039310
13,ours-406478,923,0.017226
13,KACTL,923,0.310147
13,simd-v0,923,0.039329
13,393435,923,0.024127
13,KACTL,924,0.309607
13,simd-v0,924,0.039290
13,393435,924,0.024066
13,ours-406478,924,0.017156
13,simd-v0,925,0.048453
13,393435,925,0.024177
13,ours-406478,925,0.017185
13,KACTL,925,0.310137
13,393435,926,0.024076
13,ours-406478,926,0.017126
13,KACTL,926,0.309327
13,simd-v0,926,0.039400
13,ours-406478,927,0.017126
13,KACTL,927,0.314604
13,simd-v0,927,0.039400
13,393435,927,0.024056
13,KACTL,928,0.309607
13,simd-v0,928,0.039399
13,393435,928,0.024056
13,ours-406478,928,0.017186
13,simd-v0,929,0.039410
13,393435,929,0.024076
13,ours-406478,929,0.017076
13,KACTL,929,0.309777
13,393435,930,0.024076
13,ours-406478,930,0.017205
13,KACTL,930,0.316257
13,simd-v0,930,0.039289
13,ours-406478,931,0.017206
13,KACTL,931,0.309767
13,simd-v0,931,0.039380
13,393435,931,0.024096
13,KACTL,932,0.314845
13,simd-v0,932,0.039390
13,393435,932,0.024086
13,ours-406478,932,0.017216
13,simd-v0,933,0.039390
13,393435,933,0.024046
13,ours-406478,933,0.017106
13,KACTL,933,0.309707
13,393435,934,0.024076
13,ours-406478,934,0.017115
13,KACTL,934,0.309837
13,simd-v0,934,0.039350
13,ours-406478,935,0.017216
13,KACTL,935,0.314984
13,simd-v0,935,0.039269
13,393435,935,0.024106
13,KACTL,936,0.309857
13,simd-v0,936,0.039320
13,393435,936,0.024066
13,ours-406478,936,0.017226
13,simd-v0,937,0.039310
13,393435,937,0.024076
13,ours-406478,937,0.017096
13,KACTL,937,0.315556
13,393435,938,0.024087
13,ours-406478,938,0.017176
13,KACTL,938,0.309857
13,simd-v0,938,0.039400
13,ours-406478,939,0.017146
13,KACTL,939,0.309426
13,simd-v0,939,0.039319
13,393435,939,0.024057
13,KACTL,940,0.316577
13,simd-v0,940,0.039319
13,393435,940,0.024076
13,ours-406478,940,0.017266
13,simd-v0,941,0.039340
13,393435,941,0.024076
13,ours-406478,941,0.017146
13,KACTL,941,0.309367
13,393435,942,0.024116
13,ours-406478,942,0.017236
13,KACTL,942,0.315255
13,simd-v0,942,0.039380
13,ours-406478,943,0.017246
13,KACTL,943,0.309536
13,simd-v0,943,0.039369
13,393435,943,0.024086
13,KACTL,944,0.310017
13,simd-v0,944,0.039400
13,393435,944,0.024086
13,ours-406478,944,0.017226
13,simd-v0,945,0.039350
13,393435,945,0.024056
13,ours-406478,945,0.017136
13,KACTL,945,0.314955
13,393435,946,0.024116
13,ours-406478,946,0.017156
13,KACTL,946,0.310137
13,simd-v0,946,0.039349
13,ours-406478,947,0.017166
13,KACTL,947,0.315175
13,simd-v0,947,0.039359
13,393435,947,0.024126
13,KACTL,948,0.309917
13,simd-v0,948,0.039469
13,393435,948,0.024107
13,ours-406478,948,0.017196
13,simd-v0,949,0.039379
13,393435,949,0.024116
13,ours-406478,949,0.017125
13,KACTL,949,0.309797
13,393435,950,0.024067
13,ours-406478,950,0.017176
13,KACTL,950,0.315305
13,simd-v0,950,0.039369
13,ours-406478,951,0.017226
13,KACTL,951,0.309907
13,simd-v0,951,0.039459
13,393435,951,0.024066
13,KACTL,952,0.309646
13,simd-v0,952,0.039359
13,393435,952,0.024067
13,ours-406478,952,0.017236
13,simd-v0,953,0.039359
13,393435,953,0.024056
13,ours-406478,953,0.017086
13,KACTL,953,0.309917
13,393435,954,0.024077
13,ours-406478,954,0.017146
13,KACTL,954,0.309406
13,simd-v0,954,0.039380
13,ours-406478,955,0.017176
13,KACTL,955,0.314874
13,simd-v0,955,0.039409
13,393435,955,0.024086
13,KACTL,956,0.311549
13,simd-v0,956,0.039399
13,393435,956,0.024066
13,ours-406478,956,0.017226
13,simd-v0,957,0.039309
13,393435,957,0.024056
13,ours-406478,957,0.017095
13,KACTL,957,0.315205
13,393435,958,0.024066
13,ours-406478,958,0.017196
13,KACTL,958,0.309757
13,simd-v0,958,0.039379
13,ours-406478,959,0.017116
13,KACTL,959,0.309346
13,simd-v0,959,0.039300
13,393435,959,0.024096
13,KACTL,960,0.315566
13,simd-v0,960,0.039370
13,393435,960,0.024096
13,ours-406478,960,0.017236
13,simd-v0,961,0.039390
13,393435,961,0.024087
13,ours-406478,961,0.017106
13,KACTL,961,0.309396
13,393435,962,0.024097
13,ours-406478,962,0.017146
13,KACTL,962,0.315155
13,simd-v0,962,0.039299
13,ours-406478,963,0.017186
13,KACTL,963,0.310007
13,simd-v0,963,0.039370
13,393435,963,0.024117
13,KACTL,964,0.309587
13,simd-v0,964,0.039350
13,393435,964,0.024116
13,ours-406478,964,0.017136
13,simd-v0,965,0.039310
13,393435,965,0.024086
13,ours-406478,965,0.017106
13,KACTL,965,0.315115
13,393435,966,0.024106
13,ours-406478,966,0.017176
13,KACTL,966,0.309657
13,simd-v0,966,0.039419
13,ours-406478,967,0.017185
13,KACTL,967,0.309436
13,simd-v0,967,0.044567
13,393435,967,0.024096
13,KACTL,968,0.309656
13,simd-v0,968,0.039359
13,393435,968,0.024086
13,ours-406478,968,0.017206
13,simd-v0,969,0.039369
13,393435,969,0.024086
13,ours-406478,969,0.017116
13,KACTL,969,0.309777
13,393435,970,0.024096
13,ours-406478,970,0.017156
13,KACTL,970,0.315666
13,simd-v0,970,0.039440
13,ours-406478,971,0.017176
13,KACTL,971,0.309406
13,simd-v0,971,0.039440
13,393435,971,0.024057
13,KACTL,972,0.309537
13,simd-v0,972,0.039380
13,393435,972,0.029194
13,ours-406478,972,0.017276
13,simd-v0,973,0.039300
13,393435,973,0.024076
13,ours-406478,973,0.017116
13,KACTL,973,0.309667
13,393435,974,0.024087
13,ours-406478,974,0.017146
13,KACTL,974,0.309767
13,simd-v0,974,0.039299
13,ours-406478,975,0.017136
13,KACTL,975,0.314985
13,simd-v0,975,0.039389
13,393435,975,0.024077
13,KACTL,976,0.309547
13,simd-v0,976,0.039430
13,393435,976,0.024107
13,ours-406478,976,0.017206
13,simd-v0,977,0.039409
13,393435,977,0.024066
13,ours-406478,977,0.017136
13,KACTL,977,0.314824
13,393435,978,0.024086
13,ours-406478,978,0.017206
13,KACTL,978,0.310127
13,simd-v0,978,0.039360
13,ours-406478,979,0.017186
13,KACTL,979,0.309887
13,simd-v0,979,0.039409
13,393435,979,0.024076
13,KACTL,980,0.314754
13,simd-v0,980,0.039410
13,393435,980,0.024066
13,ours-406478,980,0.017206
13,simd-v0,981,0.039290
13,393435,981,0.024066
13,ours-406478,981,0.017136
13,KACTL,981,0.310919
13,393435,982,0.024096
13,ours-406478,982,0.017186
13,KACTL,982,0.309877
13,simd-v0,982,0.039309
13,ours-406478,983,0.022504
13,KACTL,983,0.309987
13,simd-v0,983,0.039369
13,393435,983,0.024096
13,KACTL,984,0.309987
13,simd-v0,984,0.039369
13,393435,984,0.024067
13,ours-406478,984,0.017266
13,simd-v0,985,0.039359
13,393435,985,0.024096
13,ours-406478,985,0.017115
13,KACTL,985,0.315535
13,393435,986,0.024086
13,ours-406478,986,0.017186
13,KACTL,986,0.309746
13,simd-v0,986,0.039319
13,ours-406478,987,0.017166
13,KACTL,987,0.309627
13,simd-v0,987,0.039330
13,393435,987,0.024046
13,KACTL,988,0.315175
13,simd-v0,988,0.039389
13,393435,988,0.024086
13,ours-406478,988,0.017215
13,simd-v0,989,0.039379
13,393435,989,0.024106
13,ours-406478,989,0.017105
13,KACTL,989,0.310228
13,393435,990,0.024066
13,ours-406478,990,0.017156
13,KACTL,990,0.315726
13,simd-v0,990,0.039349
13,ours-406478,991,0.017185
13,KACTL,991,0.309667
13,simd-v0,991,0.039470
13,393435,991,0.024057
13,KACTL,992,0.309867
13,simd-v0,992,0.039379
13,393435,992,0.024057
13,ours-406478,992,0.017156
13,simd-v0,993,0.044647
13,393435,993,0.024067
13,ours-406478,993,0.017176
13,KACTL,993,0.309777
13,393435,994,0.024096
13,ours-406478,994,0.017086
13,KACTL,994,0.309487
13,simd-v0,994,0.039350
13,ours-406478,995,0.017176
13,KACTL,995,0.315164
13,simd-v0,995,0.039420
13,393435,995,0.024126
13,KACTL,996,0.309967
13,simd-v0,996,0.039459
13,393435,996,0.024066
13,ours-406478,996,0.017246
13,simd-v0,997,0.039309
13,393435,997,0.024066
13,ours-406478,997,0.017146
13,KACTL,997,0.309837
13,393435,998,0.024086
13,ours-406478,998,0.017205
13,KACTL,998,0.314955
13,simd-v0,998,0.039350
13,ours-406478,999,0.017146
13,KACTL,999,0.309327
13,simd-v0,999,0.039319
13,393435,999,0.024096
13,KACTL,1000,0.314754
13,simd-v0,1000,0.039359
13,393435,1000,0.024056
13,ours-406478,1000,0.017196
14,KACTL,0,0.684231
14,simd-v0,0,0.080521
14,393435,0,0.054693
14,ours-406478,0,0.036795
14,simd-v0,1,0.080471
14,393435,1,0.054623
14,ours-406478,1,0.036635
14,KACTL,1,0.680966
14,393435,2,0.054662
14,ours-406478,2,0.036725
14,KACTL,2,0.678793
14,simd-v0,2,0.080522
14,ours-406478,3,0.036775
14,KACTL,3,0.680134
14,simd-v0,3,0.080602
14,393435,3,0.054732
14,KACTL,4,0.684852
14,simd-v0,4,0.080582
14,393435,4,0.061112
14,ours-406478,4,0.036806
14,simd-v0,5,0.080522
14,393435,5,0.054542
14,ours-406478,5,0.036605
14,KACTL,5,0.673065
14,393435,6,0.054632
14,ours-406478,6,0.036845
14,KACTL,6,0.672954
14,simd-v0,6,0.080702
14,ours-406478,7,0.036806
14,KACTL,7,0.690009
14,simd-v0,7,0.080611
14,393435,7,0.054702
14,KACTL,8,0.685002
14,simd-v0,8,0.080581
14,393435,8,0.054592
14,ours-406478,8,0.036736
14,simd-v0,9,0.080452
14,393435,9,0.054593
14,ours-406478,9,0.036655
14,KACTL,9,0.684130
14,393435,10,0.054942
14,ours-406478,10,0.036766
14,KACTL,10,0.684031
14,simd-v0,10,0.080681
14,ours-406478,11,0.038228
14,KACTL,11,0.672142
14,simd-v0,11,0.090276
14,393435,11,0.054712
14,KACTL,12,0.674146
14,simd-v0,12,0.080441
14,393435,12,0.054533
14,ours-406478,12,0.036755
14,simd-v0,13,0.081373
14,393435,13,0.054813
14,ours-406478,13,0.036726
14,KACTL,13,0.674406
14,393435,14,0.054662
14,ours-406478,14,0.036615
14,KACTL,14,0.684682
14,simd-v0,14,0.080722
14,ours-406478,15,0.036766
14,KACTL,15,0.680215
14,simd-v0,15,0.080531
14,393435,15,0.054782
14,KACTL,16,0.680345
14,simd-v0,16,0.080441
14,393435,16,0.054683
14,ours-406478,16,0.036806
14,simd-v0,17,0.080592
14,393435,17,0.054762
14,ours-406478,17,0.036695
14,KACTL,17,0.680445
14,393435,18,0.054642
14,ours-406478,18,0.036775
14,KACTL,18,0.679665
14,simd-v0,18,0.080711
14,ours-406478,19,0.036685
14,KACTL,19,0.674176
14,simd-v0,19,0.080451
14,393435,19,0.060952
14,KACTL,20,0.674416
14,simd-v0,20,0.080662
14,393435,20,0.054582
14,ours-406478,20,0.036755
14,simd-v0,21,0.080501
14,393435,21,0.060942
14,ours-406478,21,0.036696
14,KACTL,21,0.673825
14,393435,22,0.054602
14,ours-406478,22,0.036556
14,KACTL,22,0.679895
14,simd-v0,22,0.080652
14,ours-406478,23,0.036855
14,KACTL,23,0.678282
14,simd-v0,23,0.080521
14,393435,23,0.054773
14,KACTL,24,0.679084
14,simd-v0,24,0.080762
14,393435,24,0.054592
14,ours-406478,24,0.036776
14,simd-v0,25,0.080341
14,393435,25,0.054562
14,ours-406478,25,0.036665
14,KACTL,25,0.679884
14,393435,26,0.054642
14,ours-406478,26,0.036666
14,KACTL,26,0.673836
14,simd-v0,26,0.087251
14,ours-406478,27,0.036796
14,KACTL,27,0.674787
14,simd-v0,27,0.080641
14,393435,27,0.054662
14,KACTL,28,0.680365
14,simd-v0,28,0.080531
14,393435,28,0.054693
14,ours-406478,28,0.036765
14,simd-v0,29,0.080551
14,393435,29,0.054502
14,ours-406478,29,0.036675
14,KACTL,29,0.724852
14,393435,30,0.054752
14,ours-406478,30,0.036975
14,KACTL,30,0.687476
14,simd-v0,30,0.080681
14,ours-406478,31,0.036845
14,KACTL,31,0.680997
14,simd-v0,31,0.080671
14,393435,31,0.054822
14,KACTL,32,0.704993
14,simd-v0,32,0.080641
14,393435,32,0.054742
14,ours-406478,32,0.036715
14,simd-v0,33,0.080491
14,393435,33,0.054612
14,ours-406478,33,0.036655
14,KACTL,33,0.680696
14,393435,34,0.054553
14,ours-406478,34,0.038457
14,KACTL,34,0.674467
14,simd-v0,34,0.094322
14,ours-406478,35,0.036836
14,KACTL,35,0.673275
14,simd-v0,35,0.080602
14,393435,35,0.054992
14,KACTL,36,0.680396
14,simd-v0,36,0.080611
14,393435,36,0.054592
14,ours-406478,36,0.036846
14,simd-v0,37,0.080541
14,393435,37,0.054642
14,ours-406478,37,0.036695
14,KACTL,37,0.685623
14,393435,38,0.054652
14,ours-406478,38,0.036825
14,KACTL,38,0.677551
14,simd-v0,38,0.080541
14,ours-406478,39,0.036755
14,KACTL,39,0.687406
14,simd-v0,39,0.080772
14,393435,39,0.054842
14,KACTL,40,0.681336
14,simd-v0,40,0.080491
14,393435,40,0.054593
14,ours-406478,40,0.036815
14,simd-v0,41,0.080441
14,393435,41,0.054512
14,ours-406478,41,0.036655
14,KACTL,41,0.686094
14,393435,42,0.054703
14,ours-406478,42,0.036835
14,KACTL,42,0.673675
14,simd-v0,42,0.080682
14,ours-406478,43,0.043426
14,KACTL,43,0.674376
14,simd-v0,43,0.080411
14,393435,43,0.054702
14,KACTL,44,0.682729
14,simd-v0,44,0.080732
14,393435,44,0.054532
14,ours-406478,44,0.036775
14,simd-v0,45,0.080541
14,393435,45,0.054512
14,ours-406478,45,0.036705
14,KACTL,45,0.680325
14,393435,46,0.054632
14,ours-406478,46,0.036675
14,KACTL,46,0.677891
14,simd-v0,46,0.080521
14,ours-406478,47,0.036816
14,KACTL,47,0.680635
14,simd-v0,47,0.080481
14,393435,47,0.054663
14,KACTL,48,0.673405
14,simd-v0,48,0.086781
14,393435,48,0.054542
14,ours-406478,48,0.036725
14,simd-v0,49,0.080571
14,393435,49,0.054722
14,ours-406478,49,0.036665
14,KACTL,49,0.679674
14,393435,50,0.054743
14,ours-406478,50,0.036805
14,KACTL,50,0.674647
14,simd-v0,50,0.080731
14,ours-406478,51,0.036775
14,KACTL,51,0.680135
14,simd-v0,51,0.080502
14,393435,51,0.054782
14,KACTL,52,0.680024
14,simd-v0,52,0.080651
14,393435,52,0.054572
14,ours-406478,52,0.036856
14,simd-v0,53,0.080552
14,393435,53,0.054532
14,ours-406478,53,0.036666
14,KACTL,53,0.680295
14,393435,54,0.054613
14,ours-406478,54,0.036845
14,KACTL,54,0.679074
14,simd-v0,54,0.080562
14,ours-406478,55,0.036796
14,KACTL,55,0.680195
14,simd-v0,55,0.080362
14,393435,55,0.054652
14,KACTL,56,0.674266
14,simd-v0,56,0.080521
14,393435,56,0.054552
14,ours-406478,56,0.043035
14,simd-v0,57,0.080611
14,393435,57,0.054672
14,ours-406478,57,0.036675
14,KACTL,57,0.676179
14,393435,58,0.054613
14,ours-406478,58,0.036585
14,KACTL,58,0.679394
14,simd-v0,58,0.080522
14,ours-406478,59,0.036716
14,KACTL,59,0.679333
14,simd-v0,59,0.080552
14,393435,59,0.054842
14,KACTL,60,0.678883
14,simd-v0,60,0.080432
14,393435,60,0.054572
14,ours-406478,60,0.036776
14,simd-v0,61,0.080651
14,393435,61,0.054632
14,ours-406478,61,0.036606
14,KACTL,61,0.679584
14,393435,62,0.054632
14,ours-406478,62,0.036655
14,KACTL,62,0.680655
14,simd-v0,62,0.080732
14,ours-406478,63,0.036815
14,KACTL,63,0.672614
14,simd-v0,63,0.087281
14,393435,63,0.054722
14,KACTL,64,0.674256
14,simd-v0,64,0.080651
14,393435,64,0.054562
14,ours-406478,64,0.036746
14,simd-v0,65,0.087672
14,393435,65,0.054622
14,ours-406478,65,0.036655
14,KACTL,65,0.673775
14,393435,66,0.054522
14,ours-406478,66,0.036444
14,KACTL,66,0.678893
14,simd-v0,66,0.080641
14,ours-406478,67,0.036766
14,KACTL,67,0.680355
14,simd-v0,67,0.080582
14,393435,67,0.054923
14,KACTL,68,0.680435
14,simd-v0,68,0.080602
14,393435,68,0.056255
14,ours-406478,68,0.036755
14,simd-v0,69,0.080531
14,393435,69,0.054652
14,ours-406478,69,0.036625
14,KACTL,69,0.680986
14,393435,70,0.054622
14,ours-406478,70,0.036666
14,KACTL,70,0.679144
14,simd-v0,70,0.080691
14,ours-406478,71,0.036795
14,KACTL,71,0.673534
14,simd-v0,71,0.080532
14,393435,71,0.054713
14,KACTL,72,0.680936
14,simd-v0,72,0.080481
14,393435,72,0.054632
14,ours-406478,72,0.036756
14,simd-v0,73,0.080431
14,393435,73,0.054563
14,ours-406478,73,0.043055
14,KACTL,73,0.673224
14,393435,74,0.054582
14,ours-406478,74,0.036595
14,KACTL,74,0.677931
14,simd-v0,74,0.080862
14,ours-406478,75,0.036866
14,KACTL,75,0.680956
14,simd-v0,75,0.080652
14,393435,75,0.054793
14,KACTL,76,0.679665
14,simd-v0,76,0.080502
14,393435,76,0.054553
14,ours-406478,76,0.036875
14,simd-v0,77,0.080451
14,393435,77,0.054712
14,ours-406478,77,0.036695
14,KACTL,77,0.684923
14,393435,78,0.054803
14,ours-406478,78,0.036775
14,KACTL,78,0.673966
14,simd-v0,78,0.080662
14,ours-406478,79,0.043656
14,KACTL,79,0.673976
14,simd-v0,79,0.080542
14,393435,79,0.054692
14,KACTL,80,0.679935
14,simd-v0,80,0.080632
14,393435,80,0.054732
14,ours-406478,80,0.036815
14,simd-v0,81,0.080511
14,393435,81,0.054522
14,ours-406478,81,0.036685
14,KACTL,81,0.680285
14,393435,82,0.054882
14,ours-406478,82,0.036665
14,KACTL,82,0.678663
14,simd-v0,82,0.080772
14,ours-406478,83,0.036715
14,KACTL,83,0.700346
14,simd-v0,83,0.080761
14,393435,83,0.054762
14,KACTL,84,0.686885
14,simd-v0,84,0.080691
14,393435,84,0.054693
14,ours-406478,84,0.036816
14,simd-v0,85,0.084236
14,393435,85,0.054802
14,ours-406478,85,0.036806
14,KACTL,85,0.689679
14,393435,86,0.062114
14,ours-406478,86,0.038227
14,KACTL,86,0.672794
14,simd-v0,86,0.080862
14,ours-406478,87,0.036755
14,KACTL,87,0.681387
14,simd-v0,87,0.080822
14,393435,87,0.054812
14,KACTL,88,0.678593
14,simd-v0,88,0.080491
14,393435,88,0.054652
14,ours-406478,88,0.036776
14,simd-v0,89,0.080371
14,393435,89,0.054602
14,ours-406478,89,0.036726
14,KACTL,89,0.679704
14,393435,90,0.054612
14,ours-406478,90,0.036655
14,KACTL,90,0.678503
14,simd-v0,90,0.080611
14,ours-406478,91,0.036696
14,KACTL,91,0.680145
14,simd-v0,91,0.080461
14,393435,91,0.056385
14,KACTL,92,0.672674
14,simd-v0,92,0.086901
14,393435,92,0.054803
14,ours-406478,92,0.036826
14,simd-v0,93,0.080622
14,393435,93,0.054582
14,ours-406478,93,0.036666
14,KACTL,93,0.674717
14,393435,94,0.061102
14,ours-406478,94,0.036725
14,KACTL,94,0.673555
14,simd-v0,94,0.080701
14,ours-406478,95,0.036755
14,KACTL,95,0.679414
14,simd-v0,95,0.080582
14,393435,95,0.054712
14,KACTL,96,0.685924
14,simd-v0,96,0.080812
14,393435,96,0.054732
14,ours-406478,96,0.036745
14,simd-v0,97,0.080601
14,393435,97,0.054622
14,ours-406478,97,0.036655
14,KACTL,97,0.680456
14,393435,98,0.054642
14,ours-406478,98,0.036886
14,KACTL,98,0.678833
14,simd-v0,98,0.080592
14,ours-406478,99,0.036756
14,KACTL,99,0.673135
14,simd-v0,99,0.080451
14,393435,99,0.054603
14,KACTL,100,0.674216
14,simd-v0,100,0.080572
14,393435,100,0.054542
14,ours-406478,100,0.043145
14,simd-v0,101,0.080661
14,393435,101,0.054573
14,ours-406478,101,0.036655
14,KACTL,101,0.674005
14,393435,102,0.054543
14,ours-406478,102,0.036565
14,KACTL,102,0.678803
14,simd-v0,102,0.080551
14,ours-406478,103,0.036755
14,KACTL,103,0.681036
14,simd-v0,103,0.080711
14,393435,103,0.054703
14,KACTL,104,0.679364
14,simd-v0,104,0.080411
14,393435,104,0.054693
14,ours-406478,104,0.036735
14,simd-v0,105,0.080411
14,393435,105,0.054642
14,ours-406478,105,0.036635
14,KACTL,105,0.680135
14,393435,106,0.054572
14,ours-406478,106,0.036686
14,KACTL,106,0.679314
14,simd-v0,106,0.080692
14,ours-406478,107,0.036745
14,KACTL,107,0.674036
14,simd-v0,107,0.080502
14,393435,107,0.061032
14,KACTL,108,0.672633
14,simd-v0,108,0.080571
14,393435,108,0.054573
14,ours-406478,108,0.036715
14,simd-v0,109,0.080632
14,393435,109,0.060882
14,ours-406478,109,0.036656
14,KACTL,109,0.673555
14,393435,110,0.054512
14,ours-406478,110,0.036575
14,KACTL,110,0.678592
14,simd-v0,110,0.080602
14,ours-406478,111,0.036726
14,KACTL,111,0.679574
14,simd-v0,111,0.080541
14,393435,111,0.054732
14,KACTL,112,0.679684
14,simd-v0,112,0.080511
14,393435,112,0.054562
14,ours-406478,112,0.036775
14,simd-v0,113,0.080521
14,393435,113,0.054552
14,ours-406478,113,0.036696
14,KACTL,113,0.680866
14,393435,114,0.054673
14,ours-406478,114,0.036785
14,KACTL,114,0.673135
14,simd-v0,114,0.088283
14,ours-406478,115,0.036835
14,KACTL,115,0.675187
14,simd-v0,115,0.080562
14,393435,115,0.054632
14,KACTL,116,0.683620
14,simd-v0,116,0.080642
14,393435,116,0.054662
14,ours-406478,116,0.036705
14,simd-v0,117,0.080511
14,393435,117,0.054552
14,ours-406478,117,0.036595
14,KACTL,117,0.680726
14,393435,118,0.054683
14,ours-406478,118,0.036675
14,KACTL,118,0.679404
14,simd-v0,118,0.080601
14,ours-406478,119,0.036866
14,KACTL,119,0.679233
14,simd-v0,119,0.080551
14,393435,119,0.054763
14,KACTL,120,0.680265
14,simd-v0,120,0.080562
14,393435,120,0.054593
14,ours-406478,120,0.036765
14,simd-v0,121,0.080381
14,393435,121,0.054652
14,ours-406478,121,0.036595
14,KACTL,121,0.679945
14,393435,122,0.054582
14,ours-406478,122,0.036675
14,KACTL,122,0.673925
14,simd-v0,122,0.080592
14,ours-406478,123,0.036725
14,KACTL,123,0.679594
14,simd-v0,123,0.080531
14,393435,123,0.054752
14,KACTL,124,0.680576
14,simd-v0,124,0.080542
14,393435,124,0.054713
14,ours-406478,124,0.036705
14,simd-v0,125,0.080531
14,393435,125,0.054632
14,ours-406478,125,0.036645
14,KACTL,125,0.679294
14,393435,126,0.054682
14,ours-406478,126,0.036696
14,KACTL,126,0.679294
14,simd-v0,126,0.080802
14,ours-406478,127,0.036956
14,KACTL,127,0.677971
14,simd-v0,127,0.080471
14,393435,127,0.054713
14,KACTL,128,0.673645
14,simd-v0,128,0.086751
14,393435,128,0.054522
14,ours-406478,128,0.036675
14,simd-v0,129,0.080472
14,393435,129,0.054573
14,ours-406478,129,0.036686
14,KACTL,129,0.674326
14,393435,130,0.061423
14,ours-406478,130,0.036755
14,KACTL,130,0.673004
14,simd-v0,130,0.080491
14,ours-406478,131,0.036726
14,KACTL,131,0.679243
14,simd-v0,131,0.080492
14,393435,131,0.054732
14,KACTL,132,0.679484
14,simd-v0,132,0.080531
14,393435,132,0.054653
14,ours-406478,132,0.036735
14,simd-v0,133,0.080542
14,393435,133,0.054562
14,ours-406478,133,0.036625
14,KACTL,133,0.679935
14,393435,134,0.054613
14,ours-406478,134,0.036765
14,KACTL,134,0.678953
14,simd-v0,134,0.080681
14,ours-406478,135,0.036795
14,KACTL,135,0.679194
14,simd-v0,135,0.080651
14,393435,135,0.054652
14,KACTL,136,0.673955
14,simd-v0,136,0.080611
14,393435,136,0.054502
14,ours-406478,136,0.043175
14,simd-v0,137,0.080552
14,393435,137,0.054633
14,ours-406478,137,0.036695
14,KACTL,137,0.673345
14,393435,138,0.054563
14,ours-406478,138,0.036645
14,KACTL,138,0.680165
14,simd-v0,138,0.080712
14,ours-406478,139,0.036786
14,KACTL,139,0.680385
14,simd-v0,139,0.080461
14,393435,139,0.054762
14,KACTL,140,0.679804
14,simd-v0,140,0.080592
14,393435,140,0.054563
14,ours-406478,140,0.036685
14,simd-v0,141,0.080531
14,393435,141,0.054482
14,ours-406478,141,0.036695
14,KACTL,141,0.680435
14,393435,142,0.054632
14,ours-406478,142,0.036696
14,KACTL,142,0.679214
14,simd-v0,142,0.080551
14,ours-406478,143,0.036716
14,KACTL,143,0.672663
14,simd-v0,143,0.080431
14,393435,143,0.061062
14,KACTL,144,0.674196
14,simd-v0,144,0.080491
14,393435,144,0.054592
14,ours-406478,144,0.036686
14,simd-v0,145,0.080531
14,393435,145,0.061132
14,ours-406478,145,0.036655
14,KACTL,145,0.673305
14,393435,146,0.054583
14,ours-406478,146,0.036515
14,KACTL,146,0.679053
14,simd-v0,146,0.080642
14,ours-406478,147,0.036785
14,KACTL,147,0.678993
14,simd-v0,147,0.080611
14,393435,147,0.054583
14,KACTL,148,0.680546
14,simd-v0,148,0.080501
14,393435,148,0.054572
14,ours-406478,148,0.036746
14,simd-v0,149,0.080492
14,393435,149,0.054493
14,ours-406478,149,0.036595
14,KACTL,149,0.680175
14,393435,150,0.054633
14,ours-406478,150,0.036696
14,KACTL,150,0.674146
14,simd-v0,150,0.087012
14,ours-406478,151,0.036756
14,KACTL,151,0.674286
14,simd-v0,151,0.080421
14,393435,151,0.054792
14,KACTL,152,0.679234
14,simd-v0,152,0.080591
14,393435,152,0.054572
14,ours-406478,152,0.036766
14,simd-v0,153,0.080482
14,393435,153,0.054453
14,ours-406478,153,0.036655
14,KACTL,153,0.678963
14,393435,154,0.054612
14,ours-406478,154,0.036665
14,KACTL,154,0.683170
14,simd-v0,154,0.080502
14,ours-406478,155,0.036836
14,KACTL,155,0.689839
14,simd-v0,155,0.080781
14,393435,155,0.054662
14,KACTL,156,0.680766
14,simd-v0,156,0.080632
14,393435,156,0.054623
14,ours-406478,156,0.036795
14,simd-v0,157,0.080372
14,393435,157,0.054622
14,ours-406478,157,0.036636
14,KACTL,157,0.680756
14,393435,158,0.054612
14,ours-406478,158,0.036715
14,KACTL,158,0.672814
14,simd-v0,158,0.080772
14,ours-406478,159,0.043265
14,KACTL,159,0.673194
14,simd-v0,159,0.080531
14,393435,159,0.054702
14,KACTL,160,0.679744
14,simd-v0,160,0.080531
14,393435,160,0.054572
14,ours-406478,160,0.036725
14,simd-v0,161,0.080501
14,393435,161,0.054522
14,ours-406478,161,0.036595
14,KACTL,161,0.683380
14,393435,162,0.054753
14,ours-406478,162,0.036796
14,KACTL,162,0.679113
14,simd-v0,162,0.080791
14,ours-406478,163,0.036826
14,KACTL,163,0.680045
14,simd-v0,163,0.080592
14,393435,163,0.054742
14,KACTL,164,0.674086
14,simd-v0,164,0.086570
14,393435,164,0.054582
14,ours-406478,164,0.036826
14,simd-v0,165,0.080562
14,393435,165,0.054612
14,ours-406478,165,0.036615
14,KACTL,165,0.673455
14,393435,166,0.054562
14,ours-406478,166,0.036766
14,KACTL,166,0.674397
14,simd-v0,166,0.080651
14,ours-406478,167,0.036766
14,KACTL,167,0.681157
14,simd-v0,167,0.080671
14,393435,167,0.054743
14,KACTL,168,0.688487
14,simd-v0,168,0.080541
14,393435,168,0.054743
14,ours-406478,168,0.036735
14,simd-v0,169,0.080371
14,393435,169,0.054592
14,ours-406478,169,0.036665
14,KACTL,169,0.685794
14,393435,170,0.054752
14,ours-406478,170,0.036835
14,KACTL,170,0.692303
14,simd-v0,170,0.080652
14,ours-406478,171,0.036795
14,KACTL,171,0.681357
14,simd-v0,171,0.080682
14,393435,171,0.054703
14,KACTL,172,0.674937
14,simd-v0,172,0.080461
14,393435,172,0.060741
14,ours-406478,172,0.038177
14,simd-v0,173,0.080511
14,393435,173,0.054613
14,ours-406478,173,0.036645
14,KACTL,173,0.674416
14,393435,174,0.054472
14,ours-406478,174,0.043075
14,KACTL,174,0.673324
14,simd-v0,174,0.080461
14,ours-406478,175,0.036745
14,KACTL,175,0.680395
14,simd-v0,175,0.080561
14,393435,175,0.054763
14,KACTL,176,0.678802
14,simd-v0,176,0.080611
14,393435,176,0.054542
14,ours-406478,176,0.036755
14,simd-v0,177,0.080571
14,393435,177,0.054553
14,ours-406478,177,0.036685
14,KACTL,177,0.678683
14,393435,178,0.054602
14,ours-406478,178,0.036615
14,KACTL,178,0.678953
14,simd-v0,178,0.080732
14,ours-406478,179,0.036795
14,KACTL,179,0.673976
14,simd-v0,179,0.086770
14,393435,179,0.054652
14,KACTL,180,0.672874
14,simd-v0,180,0.080381
14,393435,180,0.054522
14,ours-406478,180,0.036706
14,simd-v0,181,0.087021
14,393435,181,0.054582
14,ours-406478,181,0.036745
14,KACTL,181,0.674677
14,393435,182,0.054562
14,ours-406478,182,0.036625
14,KACTL,182,0.681948
14,simd-v0,182,0.080562
14,ours-406478,183,0.036795
14,KACTL,183,0.681327
14,simd-v0,183,0.080612
14,393435,183,0.054933
14,KACTL,184,0.681907
14,simd-v0,184,0.080632
14,393435,184,0.054703
14,ours-406478,184,0.036775
14,simd-v0,185,0.080491
14,393435,185,0.054653
14,ours-406478,185,0.036635
14,KACTL,185,0.679765
14,393435,186,0.054642
14,ours-406478,186,0.036685
14,KACTL,186,0.679284
14,simd-v0,186,0.080551
14,ours-406478,187,0.036856
14,KACTL,187,0.674296
14,simd-v0,187,0.080431
14,393435,187,0.054783
14,KACTL,188,0.682759
14,simd-v0,188,0.080692
14,393435,188,0.054602
14,ours-406478,188,0.036796
14,simd-v0,189,0.080472
14,393435,189,0.054773
14,ours-406478,189,0.042995
14,KACTL,189,0.674206
14,393435,190,0.054722
14,ours-406478,190,0.036605
14,KACTL,190,0.679944
14,simd-v0,190,0.080562
14,ours-406478,191,0.036766
14,KACTL,191,0.679394
14,simd-v0,191,0.080551
14,393435,191,0.054753
14,KACTL,192,0.684442
14,simd-v0,192,0.080631
14,393435,192,0.054773
14,ours-406478,192,0.036826
14,simd-v0,193,0.080532
14,393435,193,0.054553
14,ours-406478,193,0.036645
14,KACTL,193,0.680455
14,393435,194,0.054642
14,ours-406478,194,0.036766
14,KACTL,194,0.674216
14,simd-v0,194,0.086981
14,ours-406478,195,0.036876
14,KACTL,195,0.673655
14,simd-v0,195,0.080622
14,393435,195,0.054692
14,KACTL,196,0.681828
14,simd-v0,196,0.080601
14,393435,196,0.054532
14,ours-406478,196,0.036756
14,simd-v0,197,0.080431
14,393435,197,0.054582
14,ours-406478,197,0.036676
14,KACTL,197,0.678783
14,393435,198,0.054803
14,ours-406478,198,0.036755
14,KACTL,198,0.679263
14,simd-v0,198,0.080602
14,ours-406478,199,0.036795
14,KACTL,199,0.679985
14,simd-v0,199,0.080541
14,393435,199,0.054842
14,KACTL,200,0.679745
14,simd-v0,200,0.080572
14,393435,200,0.054622
14,ours-406478,200,0.036756
14,simd-v0,201,0.080421
14,393435,201,0.054492
14,ours-406478,201,0.036655
14,KACTL,201,0.680696
14,393435,202,0.054623
14,ours-406478,202,0.036675
14,KACTL,202,0.674116
14,simd-v0,202,0.080671
14,ours-406478,203,0.036736
14,KACTL,203,0.679254
14,simd-v0,203,0.080451
14,393435,203,0.054642
14,KACTL,204,0.678202
14,simd-v0,204,0.080631
14,393435,204,0.054602
14,ours-406478,204,0.036756
14,simd-v0,205,0.080622
14,393435,205,0.054482
14,ours-406478,205,0.036646
14,KACTL,205,0.678803
14,393435,206,0.054602
14,ours-406478,206,0.036706
14,KACTL,206,0.679534
14,simd-v0,206,0.080602
14,ours-406478,207,0.036766
14,KACTL,207,0.682118
14,simd-v0,207,0.080462
14,393435,207,0.054732
14,KACTL,208,0.674386
14,simd-v0,208,0.080451
14,393435,208,0.060711
14,ours-406478,208,0.036686
14,simd-v0,209,0.080451
14,393435,209,0.054612
14,ours-406478,209,0.036586
14,KACTL,209,0.674356
14,393435,210,0.060902
14,ours-406478,210,0.036736
14,KACTL,210,0.673836
14,simd-v0,210,0.080671
14,ours-406478,211,0.036715
14,KACTL,211,0.679184
14,simd-v0,211,0.080591
14,393435,211,0.054913
14,KACTL,212,0.677962
14,simd-v0,212,0.080472
14,393435,212,0.054603
14,ours-406478,212,0.036785
14,simd-v0,213,0.080391
14,393435,213,0.054672
14,ours-406478,213,0.036675
14,KACTL,213,0.679023
14,393435,214,0.054572
14,ours-406478,214,0.036726
14,KACTL,214,0.680625
14,simd-v0,214,0.080541
14,ours-406478,215,0.036685
14,KACTL,215,0.673986
14,simd-v0,215,0.086961
14,393435,215,0.054722
14,KACTL,216,0.673876
14,simd-v0,216,0.080371
14,393435,216,0.054643
14,ours-406478,216,0.036715
14,simd-v0,217,0.087021
14,393435,217,0.054733
14,ours-406478,217,0.036746
14,KACTL,217,0.674867
14,393435,218,0.054622
14,ours-406478,218,0.036445
14,KACTL,218,0.678742
14,simd-v0,218,0.080521
14,ours-406478,219,0.036816
14,KACTL,219,0.681357
14,simd-v0,219,0.080471
14,393435,219,0.054783
14,KACTL,220,0.683400
14,simd-v0,220,0.080621
14,393435,220,0.054582
14,ours-406478,220,0.036765
14,simd-v0,221,0.080641
14,393435,221,0.054552
14,ours-406478,221,0.036635
14,KACTL,221,0.679414
14,393435,222,0.054642
14,ours-406478,222,0.036685
14,KACTL,222,0.679784
14,simd-v0,222,0.080512
14,ours-406478,223,0.036755
14,KACTL,223,0.673194
14,simd-v0,223,0.080461
14,393435,223,0.061243
14,KACTL,224,0.674596
14,simd-v0,224,0.080582
14,393435,224,0.054572
14,ours-406478,224,0.036725
14,simd-v0,225,0.080521
14,393435,225,0.061262
14,ours-406478,225,0.036745
14,KACTL,225,0.673144
14,393435,226,0.054673
14,ours-406478,226,0.036555
14,KACTL,226,0.679073
14,simd-v0,226,0.080611
14,ours-406478,227,0.036756
14,KACTL,227,0.678873
14,simd-v0,227,0.080672
14,393435,227,0.054733
14,KACTL,228,0.680927
14,simd-v0,228,0.080652
14,393435,228,0.054552
14,ours-406478,228,0.036765
14,simd-v0,229,0.080441
14,393435,229,0.054582
14,ours-406478,229,0.036575
14,KACTL,229,0.680205
14,393435,230,0.054813
14,ours-406478,230,0.036655
14,KACTL,230,0.673695
14,simd-v0,230,0.090657
14,ours-406478,231,0.036765
14,KACTL,231,0.673285
14,simd-v0,231,0.080541
14,393435,231,0.054792
14,KACTL,232,0.680626
14,simd-v0,232,0.080571
14,393435,232,0.054562
14,ours-406478,232,0.036736
14,simd-v0,233,0.080371
14,393435,233,0.054693
14,ours-406478,233,0.036705
14,KACTL,233,0.679615
14,393435,234,0.054832
14,ours-406478,234,0.036725
14,KACTL,234,0.679735
14,simd-v0,234,0.080431
14,ours-406478,235,0.036775
14,KACTL,235,0.680005
14,simd-v0,235,0.080591
14,393435,235,0.054733
14,KACTL,236,0.680386
14,simd-v0,236,0.080631
14,393435,236,0.054612
14,ours-406478,236,0.036715
14,simd-v0,237,0.080411
14,393435,237,0.054582
14,ours-406478,237,0.036685
14,KACTL,237,0.680896
14,393435,238,0.054582
14,ours-406478,238,0.036726
14,KACTL,238,0.673005
14,simd-v0,238,0.080591
14,ours-406478,239,0.036806
14,KACTL,239,0.680376
14,simd-v0,239,0.080661
14,393435,239,0.054773
14,KACTL,240,0.679644
14,simd-v0,240,0.080701
14,393435,240,0.054703
14,ours-406478,240,0.036715
14,simd-v0,241,0.080692
14,393435,241,0.054623
14,ours-406478,241,0.036645
14,KACTL,241,0.677922
14,393435,242,0.054723
14,ours-406478,242,0.036726
14,KACTL,242,0.680185
14,simd-v0,242,0.080571
14,ours-406478,243,0.036716
14,KACTL,243,0.680515
14,simd-v0,243,0.080541
14,393435,243,0.054702
14,KACTL,244,0.671342
14,simd-v0,244,0.080541
14,393435,244,0.060711
14,ours-406478,244,0.036696
14,simd-v0,245,0.080562
14,393435,245,0.054492
14,ours-406478,245,0.036676
14,KACTL,245,0.674227
14,393435,246,0.060942
14,ours-406478,246,0.036786
14,KACTL,246,0.672914
14,simd-v0,246,0.080592
14,ours-406478,247,0.036746
14,KACTL,247,0.680225
14,simd-v0,247,0.080491
14,393435,247,0.054773
14,KACTL,248,0.679694
14,simd-v0,248,0.080461
14,393435,248,0.054542
14,ours-406478,248,0.036695
14,simd-v0,249,0.080542
14,393435,249,0.054553
14,ours-406478,249,0.036665
14,KACTL,249,0.680336
14,393435,250,0.054632
14,ours-406478,250,0.036735
14,KACTL,250,0.679173
14,simd-v0,250,0.080501
14,ours-406478,251,0.036825
14,KACTL,251,0.673845
14,simd-v0,251,0.086831
14,393435,251,0.054733
14,KACTL,252,0.674596
14,simd-v0,252,0.080592
14,393435,252,0.054472
14,ours-406478,252,0.036695
14,simd-v0,253,0.086780
14,393435,253,0.054623
14,ours-406478,253,0.036736
14,KACTL,253,0.674356
14,393435,254,0.054572
14,ours-406478,254,0.036565
14,KACTL,254,0.681347
14,simd-v0,254,0.080541
14,ours-406478,255,0.036745
14,KACTL,255,0.680055
14,simd-v0,255,0.080461
14,393435,255,0.054632
14,KACTL,256,0.680265
14,simd-v0,256,0.080512
14,393435,256,0.054762
14,ours-406478,256,0.036815
14,simd-v0,257,0.080492
14,393435,257,0.054603
14,ours-406478,257,0.036616
14,KACTL,257,0.698853
14,393435,258,0.054672
14,ours-406478,258,0.036715
14,KACTL,258,0.678692
14,simd-v0,258,0.080581
14,ours-406478,259,0.036675
14,KACTL,259,0.673755
14,simd-v0,259,0.080642
14,393435,259,0.061312
14,KACTL,260,0.673415
14,simd-v0,260,0.080602
14,393435,260,0.054603
14,ours-406478,260,0.036765
14,simd-v0,261,0.080531
14,393435,261,0.062284
14,ours-406478,261,0.036655
14,KACTL,261,0.674116
14,393435,262,0.054543
14,ours-406478,262,0.036715
14,KACTL,262,0.679864
14,simd-v0,262,0.080662
14,ours-406478,263,0.036775
14,KACTL,263,0.679855
14,simd-v0,263,0.080471
14,393435,263,0.054733
14,KACTL,264,0.679904
14,simd-v0,264,0.080511
14,393435,264,0.054673
14,ours-406478,264,0.036715
14,simd-v0,265,0.080671
14,393435,265,0.054603
14,ours-406478,265,0.036615
14,KACTL,265,0.680366
14,393435,266,0.054713
14,ours-406478,266,0.036746
14,KACTL,266,0.673485
14,simd-v0,266,0.086811
14,ours-406478,267,0.036855
14,KACTL,267,0.672864
14,simd-v0,267,0.080421
14,393435,267,0.054643
14,KACTL,268,0.678653
14,simd-v0,268,0.080581
14,393435,268,0.054692
14,ours-406478,268,0.036785
14,simd-v0,269,0.080651
14,393435,269,0.054693
14,ours-406478,269,0.036715
14,KACTL,269,0.682459
14,393435,270,0.054693
14,ours-406478,270,0.036855
14,KACTL,270,0.678422
14,simd-v0,270,0.080832
14,ours-406478,271,0.036815
14,KACTL,271,0.680435
14,simd-v0,271,0.080502
14,393435,271,0.054782
14,KACTL,272,0.679254
14,simd-v0,272,0.080552
14,393435,272,0.054622
14,ours-406478,272,0.036746
14,simd-v0,273,0.080742
14,393435,273,0.054572
14,ours-406478,273,0.036706
14,KACTL,273,0.680225
14,393435,274,0.054632
14,ours-406478,274,0.036805
14,KACTL,274,0.672473
14,simd-v0,274,0.080641
14,ours-406478,275,0.036665
14,KACTL,275,0.679634
14,simd-v0,275,0.080442
14,393435,275,0.054662
14,KACTL,276,0.679424
14,simd-v0,276,0.080561
14,393435,276,0.054602
14,ours-406478,276,0.036826
14,simd-v0,277,0.080451
14,393435,277,0.054512
14,ours-406478,277,0.036666
14,KACTL,277,0.680795
14,393435,278,0.054552
14,ours-406478,278,0.036735
14,KACTL,278,0.678132
14,simd-v0,278,0.080792
14,ours-406478,279,0.036775
14,KACTL,279,0.678623
14,simd-v0,279,0.080601
14,393435,279,0.054683
14,KACTL,280,0.673204
14,simd-v0,280,0.086680
14,393435,280,0.054592
14,ours-406478,280,0.036695
14,simd-v0,281,0.080571
14,393435,281,0.054572
14,ours-406478,281,0.036695
14,KACTL,281,0.673605
14,393435,282,0.060882
14,ours-406478,282,0.036735
14,KACTL,282,0.672934
14,simd-v0,282,0.080701
14,ours-406478,283,0.036726
14,KACTL,283,0.679064
14,simd-v0,283,0.080491
14,393435,283,0.054682
14,KACTL,284,0.677932
14,simd-v0,284,0.080511
14,393435,284,0.054512
14,ours-406478,284,0.036815
14,simd-v0,285,0.080521
14,393435,285,0.054512
14,ours-406478,285,0.036645
14,KACTL,285,0.683891
14,393435,286,0.054583
14,ours-406478,286,0.036776
14,KACTL,286,0.677932
14,simd-v0,286,0.080562
14,ours-406478,287,0.036756
14,KACTL,287,0.673675
14,simd-v0,287,0.080621
14,393435,287,0.054752
14,KACTL,288,0.674276
14,simd-v0,288,0.080591
14,393435,288,0.054532
14,ours-406478,288,0.042935
14,simd-v0,289,0.082124
14,393435,289,0.054602
14,ours-406478,289,0.036745
14,KACTL,289,0.672984
14,393435,290,0.054592
14,ours-406478,290,0.036715
14,KACTL,290,0.678712
14,simd-v0,290,0.080632
14,ours-406478,291,0.036735
14,KACTL,291,0.679905
14,simd-v0,291,0.080521
14,393435,291,0.054692
14,KACTL,292,0.678362
14,simd-v0,292,0.080581
14,393435,292,0.054472
14,ours-406478,292,0.036735
14,simd-v0,293,0.080622
14,393435,293,0.054633
14,ours-406478,293,0.036635
14,KACTL,293,0.679494
14,393435,294,0.054663
14,ours-406478,294,0.036755
14,KACTL,294,0.692574
14,simd-v0,294,0.080652
14,ours-406478,295,0.036876
14,KACTL,295,0.674517
14,simd-v0,295,0.080711
14,393435,295,0.061392
14,KACTL,296,0.674016
14,simd-v0,296,0.080672
14,393435,296,0.054482
14,ours-406478,296,0.036786
14,simd-v0,297,0.080491
14,393435,297,0.060941
14,ours-406478,297,0.036655
14,KACTL,297,0.673434
14,393435,298,0.054602
14,ours-406478,298,0.036645
14,KACTL,298,0.679363
14,simd-v0,298,0.080502
14,ours-406478,299,0.036786
14,KACTL,299,0.681277
14,simd-v0,299,0.080611
14,393435,299,0.054752
14,KACTL,300,0.682008
14,simd-v0,300,0.080552
14,393435,300,0.054802
14,ours-406478,300,0.036856
14,simd-v0,301,0.080571
14,393435,301,0.054782
14,ours-406478,301,0.036685
14,KACTL,301,0.679745
14,393435,302,0.054702
14,ours-406478,302,0.036705
14,KACTL,302,0.673926
14,simd-v0,302,0.087091
14,ours-406478,303,0.036796
14,KACTL,303,0.673245
14,simd-v0,303,0.080351
14,393435,303,0.054743
14,KACTL,304,0.686345
14,simd-v0,304,0.080641
14,393435,304,0.054703
14,ours-406478,304,0.036786
14,simd-v0,305,0.080531
14,393435,305,0.054562
14,ours-406478,305,0.036636
14,KACTL,305,0.680856
14,393435,306,0.054682
14,ours-406478,306,0.036805
14,KACTL,306,0.677852
14,simd-v0,306,0.080712
14,ours-406478,307,0.036795
14,KACTL,307,0.684031
14,simd-v0,307,0.080752
14,393435,307,0.054802
14,KACTL,308,0.679304
14,simd-v0,308,0.080611
14,393435,308,0.054712
14,ours-406478,308,0.036825
14,simd-v0,309,0.080611
14,393435,309,0.054562
14,ours-406478,309,0.036665
14,KACTL,309,0.679715
14,393435,310,0.054602
14,ours-406478,310,0.036736
14,KACTL,310,0.673045
14,simd-v0,310,0.080701
14,ours-406478,311,0.043145
14,KACTL,311,0.673315
14,simd-v0,311,0.080401
14,393435,311,0.054963
14,KACTL,312,0.679394
14,simd-v0,312,0.080612
14,393435,312,0.054683
14,ours-406478,312,0.036815
14,simd-v0,313,0.080582
14,393435,313,0.054532
14,ours-406478,313,0.036676
14,KACTL,313,0.680155
14,393435,314,0.054682
14,ours-406478,314,0.036785
14,KACTL,314,0.678833
14,simd-v0,314,0.080531
14,ours-406478,315,0.036735
14,KACTL,315,0.679183
14,simd-v0,315,0.080501
14,393435,315,0.054762
14,KACTL,316,0.674206
14,simd-v0,316,0.086611
14,393435,316,0.054692
14,ours-406478,316,0.036835
14,simd-v0,317,0.080651
14,393435,317,0.054652
14,ours-406478,317,0.036685
14,KACTL,317,0.674486
14,393435,318,0.060872
14,ours-406478,318,0.036786
14,KACTL,318,0.673235
14,simd-v0,318,0.080631
14,ours-406478,319,0.036625
14,KACTL,319,0.680616
14,simd-v0,319,0.080411
14,393435,319,0.054753
14,KACTL,320,0.679734
14,simd-v0,320,0.080582
14,393435,320,0.054642
14,ours-406478,320,0.036816
14,simd-v0,321,0.080652
14,393435,321,0.054613
14,ours-406478,321,0.036665
14,KACTL,321,0.678843
14,393435,322,0.054652
14,ours-406478,322,0.036775
14,KACTL,322,0.678642
14,simd-v0,322,0.080482
14,ours-406478,323,0.036845
14,KACTL,323,0.680265
14,simd-v0,323,0.080622
14,393435,323,0.054652
14,KACTL,324,0.673265
14,simd-v0,324,0.080672
14,393435,324,0.054542
14,ours-406478,324,0.043315
14,simd-v0,325,0.080651
14,393435,325,0.054613
14,ours-406478,325,0.036706
14,KACTL,325,0.673255
14,393435,326,0.054653
14,ours-406478,326,0.036665
14,KACTL,326,0.679514
14,simd-v0,326,0.080651
14,ours-406478,327,0.036806
14,KACTL,327,0.680114
14,simd-v0,327,0.080612
14,393435,327,0.054782
14,KACTL,328,0.678332
14,simd-v0,328,0.080621
14,393435,328,0.054622
14,ours-406478,328,0.036845
14,simd-v0,329,0.080661
14,393435,329,0.054653
14,ours-406478,329,0.036665
14,KACTL,329,0.680786
14,393435,330,0.054642
14,ours-406478,330,0.036716
14,KACTL,330,0.677901
14,simd-v0,330,0.080602
14,ours-406478,331,0.036825
14,KACTL,331,0.673375
14,simd-v0,331,0.080622
14,393435,331,0.061533
14,KACTL,332,0.674116
14,simd-v0,332,0.080482
14,393435,332,0.054562
14,ours-406478,332,0.036745
14,simd-v0,333,0.080531
14,393435,333,0.060942
14,ours-406478,333,0.036646
14,KACTL,333,0.673184
14,393435,334,0.054643
14,ours-406478,334,0.036635
14,KACTL,334,0.679764
14,simd-v0,334,0.080611
14,ours-406478,335,0.036786
14,KACTL,335,0.679754
14,simd-v0,335,0.080431
14,393435,335,0.054782
14,KACTL,336,0.679474
14,simd-v0,336,0.080511
14,393435,336,0.054702
14,ours-406478,336,0.036865
14,simd-v0,337,0.080581
14,393435,337,0.054553
14,ours-406478,337,0.036705
14,KACTL,337,0.678322
14,393435,338,0.054602
14,ours-406478,338,0.036755
14,KACTL,338,0.672854
14,simd-v0,338,0.086991
14,ours-406478,339,0.036786
14,KACTL,339,0.674015
14,simd-v0,339,0.080501
14,393435,339,0.054742
14,KACTL,340,0.680195
14,simd-v0,340,0.080652
14,393435,340,0.054613
14,ours-406478,340,0.036865
14,simd-v0,341,0.080542
14,393435,341,0.054643
14,ours-406478,341,0.036746
14,KACTL,341,0.678552
14,393435,342,0.054642
14,ours-406478,342,0.036656
14,KACTL,342,0.678552
14,simd-v0,342,0.080551
14,ours-406478,343,0.036785
14,KACTL,343,0.679674
14,simd-v0,343,0.080682
14,393435,343,0.054683
14,KACTL,344,0.678783
14,simd-v0,344,0.080461
14,393435,344,0.054653
14,ours-406478,344,0.036765
14,simd-v0,345,0.080572
14,393435,345,0.054603
14,ours-406478,345,0.036706
14,KACTL,345,0.684561
14,393435,346,0.054623
14,ours-406478,346,0.036826
14,KACTL,346,0.672454
14,simd-v0,346,0.080772
14,ours-406478,347,0.043675
14,KACTL,347,0.675077
14,simd-v0,347,0.080472
14,393435,347,0.054832
14,KACTL,348,0.678552
14,simd-v0,348,0.080531
14,393435,348,0.054663
14,ours-406478,348,0.036815
14,simd-v0,349,0.080531
14,393435,349,0.054713
14,ours-406478,349,0.036746
14,KACTL,349,0.679393
14,393435,350,0.054622
14,ours-406478,350,0.036725
14,KACTL,350,0.678723
14,simd-v0,350,0.080611
14,ours-406478,351,0.036755
14,KACTL,351,0.679564
14,simd-v0,351,0.080491
14,393435,351,0.054853
14,KACTL,352,0.672213
14,simd-v0,352,0.086450
14,393435,352,0.054612
14,ours-406478,352,0.036825
14,simd-v0,353,0.080591
14,393435,353,0.054562
14,ours-406478,353,0.036675
14,KACTL,353,0.673385
14,393435,354,0.061192
14,ours-406478,354,0.036745
14,KACTL,354,0.673465
14,simd-v0,354,0.080651
14,ours-406478,355,0.036765
14,KACTL,355,0.679994
14,simd-v0,355,0.080502
14,393435,355,0.054863
14,KACTL,356,0.679243
14,simd-v0,356,0.080722
14,393435,356,0.054603
14,ours-406478,356,0.036795
14,simd-v0,357,0.080742
14,393435,357,0.054682
14,ours-406478,357,0.036715
14,KACTL,357,0.679844
14,393435,358,0.054733
14,ours-406478,358,0.036766
14,KACTL,358,0.680235
14,simd-v0,358,0.080721
14,ours-406478,359,0.036825
14,KACTL,359,0.680445
14,simd-v0,359,0.080681
14,393435,359,0.054723
14,KACTL,360,0.672663
14,simd-v0,360,0.080551
14,393435,360,0.054573
14,ours-406478,360,0.043546
14,simd-v0,361,0.080631
14,393435,361,0.054502
14,ours-406478,361,0.036685
14,KACTL,361,0.673115
14,393435,362,0.054772
14,ours-406478,362,0.036676
14,KACTL,362,0.679003
14,simd-v0,362,0.080532
14,ours-406478,363,0.036756
14,KACTL,363,0.679414
14,simd-v0,363,0.080451
14,393435,363,0.054723
14,KACTL,364,0.678502
14,simd-v0,364,0.080411
14,393435,364,0.054653
14,ours-406478,364,0.036755
14,simd-v0,365,0.080441
14,393435,365,0.054783
14,ours-406478,365,0.036635
14,KACTL,365,0.678332
14,393435,366,0.054603
14,ours-406478,366,0.036675
14,KACTL,366,0.678042
14,simd-v0,366,0.080731
14,ours-406478,367,0.036755
14,KACTL,367,0.673815
14,simd-v0,367,0.080451
14,393435,367,0.061203
14,KACTL,368,0.673615
14,simd-v0,368,0.080712
14,393435,368,0.054572
14,ours-406478,368,0.036826
14,simd-v0,369,0.080401
14,393435,369,0.060992
14,ours-406478,369,0.036705
14,KACTL,369,0.673525
14,393435,370,0.054602
14,ours-406478,370,0.036566
14,KACTL,370,0.680326
14,simd-v0,370,0.080631
14,ours-406478,371,0.036826
14,KACTL,371,0.679594
14,simd-v0,371,0.080571
14,393435,371,0.054822
14,KACTL,372,0.680005
14,simd-v0,372,0.080561
14,393435,372,0.054682
14,ours-406478,372,0.036765
14,simd-v0,373,0.080631
14,393435,373,0.054512
14,ours-406478,373,0.036665
14,KACTL,373,0.698412
14,393435,374,0.054793
14,ours-406478,374,0.036866
14,KACTL,374,0.679905
14,simd-v0,374,0.080611
14,ours-406478,375,0.036695
14,KACTL,375,0.673605
14,simd-v0,375,0.080452
14,393435,375,0.054912
14,KACTL,376,0.679284
14,simd-v0,376,0.080681
14,393435,376,0.054712
14,ours-406478,376,0.036765
14,simd-v0,377,0.080641
14,393435,377,0.054613
14,ours-406478,377,0.036675
14,KACTL,377,0.680055
14,393435,378,0.054662
14,ours-406478,378,0.036805
14,KACTL,378,0.678101
14,simd-v0,378,0.080651
14,ours-406478,379,0.036806
14,KACTL,379,0.679373
14,simd-v0,379,0.080411
14,393435,379,0.054743
14,KACTL,380,0.679985
14,simd-v0,380,0.080631
14,393435,380,0.054622
14,ours-406478,380,0.036726
14,simd-v0,381,0.080622
14,393435,381,0.054582
14,ours-406478,381,0.036705
14,KACTL,381,0.681787
14,393435,382,0.054632
14,ours-406478,382,0.036745
14,KACTL,382,0.673505
14,simd-v0,382,0.080662
14,ours-406478,383,0.043175
14,KACTL,383,0.674296
14,simd-v0,383,0.080481
14,393435,383,0.054623
14,KACTL,384,0.684251
14,simd-v0,384,0.080531
14,393435,384,0.054613
14,ours-406478,384,0.036756
14,simd-v0,385,0.080542
14,393435,385,0.054663
14,ours-406478,385,0.036716
14,KACTL,385,0.679264
14,393435,386,0.054703
14,ours-406478,386,0.036696
14,KACTL,386,0.677701
14,simd-v0,386,0.080622
14,ours-406478,387,0.036785
14,KACTL,387,0.680135
14,simd-v0,387,0.080561
14,393435,387,0.054663
14,KACTL,388,0.673364
14,simd-v0,388,0.086690
14,393435,388,0.054623
14,ours-406478,388,0.036805
14,simd-v0,389,0.080632
14,393435,389,0.054613
14,ours-406478,389,0.036705
14,KACTL,389,0.679203
14,393435,390,0.054703
14,ours-406478,390,0.036745
14,KACTL,390,0.672934
14,simd-v0,390,0.080632
14,ours-406478,391,0.036646
14,KACTL,391,0.678833
14,simd-v0,391,0.080361
14,393435,391,0.054732
14,KACTL,392,0.678963
14,simd-v0,392,0.080602
14,393435,392,0.054642
14,ours-406478,392,0.036726
14,simd-v0,393,0.080411
14,393435,393,0.054683
14,ours-406478,393,0.036685
14,KACTL,393,0.680094
14,393435,394,0.054643
14,ours-406478,394,0.036755
14,KACTL,394,0.680015
14,simd-v0,394,0.080581
14,ours-406478,395,0.036886
14,KACTL,395,0.679974
14,simd-v0,395,0.080732
14,393435,395,0.054893
14,KACTL,396,0.673735
14,simd-v0,396,0.080522
14,393435,396,0.054502
14,ours-406478,396,0.043105
14,simd-v0,397,0.080502
14,393435,397,0.054712
14,ours-406478,397,0.036645
14,KACTL,397,0.673245
14,393435,398,0.054722
14,ours-406478,398,0.036746
14,KACTL,398,0.679324
14,simd-v0,398,0.080691
14,ours-406478,399,0.036786
14,KACTL,399,0.678853
14,simd-v0,399,0.080661
14,393435,399,0.054783
14,KACTL,400,0.678863
14,simd-v0,400,0.080601
14,393435,400,0.054622
14,ours-406478,400,0.036985
14,simd-v0,401,0.080532
14,393435,401,0.054803
14,ours-406478,401,0.036665
14,KACTL,401,0.681156
14,393435,402,0.054683
14,ours-406478,402,0.036785
14,KACTL,402,0.679884
14,simd-v0,402,0.080651
14,ours-406478,403,0.036785
14,KACTL,403,0.674407
14,simd-v0,403,0.087342
14,393435,403,0.054723
14,KACTL,404,0.674596
14,simd-v0,404,0.080641
14,393435,404,0.054662
14,ours-406478,404,0.036796
14,simd-v0,405,0.086691
14,393435,405,0.056015
14,ours-406478,405,0.036776
14,KACTL,405,0.673505
14,393435,406,0.054682
14,ours-406478,406,0.036625
14,KACTL,406,0.678813
14,simd-v0,406,0.080642
14,ours-406478,407,0.036746
14,KACTL,407,0.680185
14,simd-v0,407,0.080562
14,393435,407,0.054682
14,KACTL,408,0.680215
14,simd-v0,408,0.080562
14,393435,408,0.054703
14,ours-406478,408,0.036785
14,simd-v0,409,0.080521
14,393435,409,0.054582
14,ours-406478,409,0.036725
14,KACTL,409,0.680305
14,393435,410,0.054693
14,ours-406478,410,0.036816
14,KACTL,410,0.679694
14,simd-v0,410,0.080682
14,ours-406478,411,0.036835
14,KACTL,411,0.674176
14,simd-v0,411,0.080532
14,393435,411,0.054863
14,KACTL,412,0.679484
14,simd-v0,412,0.080551
14,393435,412,0.054572
14,ours-406478,412,0.036775
14,simd-v0,413,0.080451
14,393435,413,0.054592
14,ours-406478,413,0.036595
14,KACTL,413,0.673345
14,393435,414,0.054563
14,ours-406478,414,0.036725
14,KACTL,414,0.677511
14,simd-v0,414,0.080521
14,ours-406478,415,0.036745
14,KACTL,415,0.680275
14,simd-v0,415,0.080672
14,393435,415,0.054702
14,KACTL,416,0.680145
14,simd-v0,416,0.080581
14,393435,416,0.054633
14,ours-406478,416,0.036775
14,simd-v0,417,0.080471
14,393435,417,0.054573
14,ours-406478,417,0.036625
14,KACTL,417,0.679674
14,393435,418,0.054622
14,ours-406478,418,0.036745
14,KACTL,418,0.673846
14,simd-v0,418,0.080561
14,ours-406478,419,0.043085
14,KACTL,419,0.673766
14,simd-v0,419,0.084628
14,393435,419,0.060181
14,KACTL,420,0.679774
14,simd-v0,420,0.080642
14,393435,420,0.054742
14,ours-406478,420,0.036805
14,simd-v0,421,0.080461
14,393435,421,0.054612
14,ours-406478,421,0.036675
14,KACTL,421,0.680516
14,393435,422,0.054702
14,ours-406478,422,0.036785
14,KACTL,422,0.683400
14,simd-v0,422,0.080631
14,ours-406478,423,0.036806
14,KACTL,423,0.680746
14,simd-v0,423,0.080421
14,393435,423,0.054693
14,KACTL,424,0.674086
14,simd-v0,424,0.087442
14,393435,424,0.054602
14,ours-406478,424,0.036836
14,simd-v0,425,0.080501
14,393435,425,0.054552
14,ours-406478,425,0.036705
14,KACTL,425,0.681106
14,393435,426,0.054793
14,ours-406478,426,0.036715
14,KACTL,426,0.673685
14,simd-v0,426,0.080502
14,ours-406478,427,0.036725
14,KACTL,427,0.678652
14,simd-v0,427,0.080492
14,393435,427,0.054813
14,KACTL,428,0.679775
14,simd-v0,428,0.080682
14,393435,428,0.054622
14,ours-406478,428,0.036756
14,simd-v0,429,0.080442
14,393435,429,0.054533
14,ours-406478,429,0.036666
14,KACTL,429,0.680014
14,393435,430,0.054643
14,ours-406478,430,0.036826
14,KACTL,430,0.679103
14,simd-v0,430,0.080531
14,ours-406478,431,0.036725
14,KACTL,431,0.678713
14,simd-v0,431,0.080471
14,393435,431,0.054773
14,KACTL,432,0.673134
14,simd-v0,432,0.080521
14,393435,432,0.060651
14,ours-406478,432,0.036766
14,simd-v0,433,0.080481
14,393435,433,0.054622
14,ours-406478,433,0.036655
14,KACTL,433,0.672764
14,393435,434,0.054573
14,ours-406478,434,0.043195
14,KACTL,434,0.673966
14,simd-v0,434,0.080611
14,ours-406478,435,0.036685
14,KACTL,435,0.678773
14,simd-v0,435,0.080502
14,393435,435,0.054802
14,KACTL,436,0.680456
14,simd-v0,436,0.080531
14,393435,436,0.054572
14,ours-406478,436,0.036805
14,simd-v0,437,0.080551
14,393435,437,0.054682
14,ours-406478,437,0.036745
14,KACTL,437,0.688628
14,393435,438,0.054743
14,ours-406478,438,0.036845
14,KACTL,438,0.679404
14,simd-v0,438,0.080662
14,ours-406478,439,0.036685
14,KACTL,439,0.673835
14,simd-v0,439,0.087943
14,393435,439,0.054732
14,KACTL,440,0.674617
14,simd-v0,440,0.080512
14,393435,440,0.054542
14,ours-406478,440,0.036765
14,simd-v0,441,0.087061
14,393435,441,0.054552
14,ours-406478,441,0.036756
14,KACTL,441,0.673865
14,393435,442,0.054713
14,ours-406478,442,0.036725
14,KACTL,442,0.680175
14,simd-v0,442,0.080601
14,ours-406478,443,0.036846
14,KACTL,443,0.679664
14,simd-v0,443,0.080511
14,393435,443,0.054823
14,KACTL,444,0.678202
14,simd-v0,444,0.080531
14,393435,444,0.054622
14,ours-406478,444,0.036745
14,simd-v0,445,0.080731
14,393435,445,0.054582
14,ours-406478,445,0.036605
14,KACTL,445,0.679604
14,393435,446,0.054623
14,ours-406478,446,0.036705
14,KACTL,446,0.679544
14,simd-v0,446,0.080651
14,ours-406478,447,0.036846
14,KACTL,447,0.673415
14,simd-v0,447,0.080451
14,393435,447,0.054673
14,KACTL,448,0.678893
14,simd-v0,448,0.080551
14,393435,448,0.054753
14,ours-406478,448,0.036795
14,simd-v0,449,0.080481
14,393435,449,0.054502
14,ours-406478,449,0.043235
14,KACTL,449,0.674206
14,393435,450,0.054802
14,ours-406478,450,0.036685
14,KACTL,450,0.678843
14,simd-v0,450,0.080492
14,ours-406478,451,0.036705
14,KACTL,451,0.681106
14,simd-v0,451,0.080631
14,393435,451,0.054732
14,KACTL,452,0.679494
14,simd-v0,452,0.080551
14,393435,452,0.054662
14,ours-406478,452,0.036815
14,simd-v0,453,0.080421
14,393435,453,0.054512
14,ours-406478,453,0.036695
14,KACTL,453,0.679745
14,393435,454,0.054672
14,ours-406478,454,0.036725
14,KACTL,454,0.681717
14,simd-v0,454,0.086781
14,ours-406478,455,0.036885
14,KACTL,455,0.685743
14,simd-v0,455,0.080742
14,393435,455,0.054773
14,KACTL,456,0.679444
14,simd-v0,456,0.080551
14,393435,456,0.054622
14,ours-406478,456,0.036835
14,simd-v0,457,0.080491
14,393435,457,0.054602
14,ours-406478,457,0.036646
14,KACTL,457,0.679394
14,393435,458,0.054642
14,ours-406478,458,0.036735
14,KACTL,458,0.679544
14,simd-v0,458,0.080672
14,ours-406478,459,0.036785
14,KACTL,459,0.679544
14,simd-v0,459,0.080511
14,393435,459,0.054802
14,KACTL,460,0.684682
14,simd-v0,460,0.080621
14,393435,460,0.054692
14,ours-406478,460,0.036835
14,simd-v0,461,0.080461
14,393435,461,0.054742
14,ours-406478,461,0.036665
14,KACTL,461,0.680736
14,393435,462,0.054632
14,ours-406478,462,0.036735
14,KACTL,462,0.673495
14,simd-v0,462,0.080671
14,ours-406478,463,0.036705
14,KACTL,463,0.681086
14,simd-v0,463,0.080561
14,393435,463,0.054863
14,KACTL,464,0.679274
14,simd-v0,464,0.080561
14,393435,464,0.054752
14,ours-406478,464,0.036825
14,simd-v0,465,0.080441
14,393435,465,0.054622
14,ours-406478,465,0.036665
14,KACTL,465,0.679925
14,393435,466,0.054682
14,ours-406478,466,0.036765
14,KACTL,466,0.679524
14,simd-v0,466,0.084117
14,ours-406478,467,0.036836
14,KACTL,467,0.679364
14,simd-v0,467,0.080381
14,393435,467,0.054753
14,KACTL,468,0.673095
14,simd-v0,468,0.086791
14,393435,468,0.054743
14,ours-406478,468,0.036835
14,simd-v0,469,0.080451
14,393435,469,0.054763
14,ours-406478,469,0.036665
14,KACTL,469,0.673665
14,393435,470,0.060962
14,ours-406478,470,0.036735
14,KACTL,470,0.673775
14,simd-v0,470,0.080582
14,ours-406478,471,0.036675
14,KACTL,471,0.681096
14,simd-v0,471,0.080581
14,393435,471,0.054883
14,KACTL,472,0.680145
14,simd-v0,472,0.080572
14,393435,472,0.054703
14,ours-406478,472,0.036876
14,simd-v0,473,0.080491
14,393435,473,0.054722
14,ours-406478,473,0.036646
14,KACTL,473,0.679644
14,393435,474,0.054712
14,ours-406478,474,0.036795
14,KACTL,474,0.680195
14,simd-v0,474,0.080661
14,ours-406478,475,0.036716
14,KACTL,475,0.672964
14,simd-v0,475,0.086620
14,393435,475,0.054902
14,KACTL,476,0.674296
14,simd-v0,476,0.080482
14,393435,476,0.054522
14,ours-406478,476,0.036866
14,simd-v0,477,0.086791
14,393435,477,0.054772
14,ours-406478,477,0.036705
14,KACTL,477,0.674497
14,393435,478,0.054532
14,ours-406478,478,0.036665
14,KACTL,478,0.679964
14,simd-v0,478,0.080692
14,ours-406478,479,0.036765
14,KACTL,479,0.679734
14,simd-v0,479,0.080572
14,393435,479,0.054722
14,KACTL,480,0.680696
14,simd-v0,480,0.080451
14,393435,480,0.054682
14,ours-406478,480,0.036785
14,simd-v0,481,0.080531
14,393435,481,0.054722
14,ours-406478,481,0.036705
14,KACTL,481,0.680135
14,393435,482,0.054552
14,ours-406478,482,0.036706
14,KACTL,482,0.679093
14,simd-v0,482,0.080552
14,ours-406478,483,0.036755
14,KACTL,483,0.674116
14,simd-v0,483,0.080492
14,393435,483,0.061282
14,KACTL,484,0.673936
14,simd-v0,484,0.080652
14,393435,484,0.054702
14,ours-406478,484,0.036816
14,simd-v0,485,0.080531
14,393435,485,0.060841
14,ours-406478,485,0.036615
14,KACTL,485,0.673836
14,393435,486,0.054702
14,ours-406478,486,0.036646
14,KACTL,486,0.680766
14,simd-v0,486,0.080632
14,ours-406478,487,0.036695
14,KACTL,487,0.679364
14,simd-v0,487,0.080432
14,393435,487,0.054712
14,KACTL,488,0.679434
14,simd-v0,488,0.080602
14,393435,488,0.054632
14,ours-406478,488,0.036756
14,simd-v0,489,0.080461
14,393435,489,0.054542
14,ours-406478,489,0.036705
14,KACTL,489,0.679584
14,393435,490,0.054622
14,ours-406478,490,0.036735
14,KACTL,490,0.672743
14,simd-v0,490,0.087111
14,ours-406478,491,0.036805
14,KACTL,491,0.673395
14,simd-v0,491,0.080482
14,393435,491,0.054742
14,KACTL,492,0.678803
14,simd-v0,492,0.080612
14,393435,492,0.054623
14,ours-406478,492,0.036795
14,simd-v0,493,0.080441
14,393435,493,0.054682
14,ours-406478,493,0.036675
14,KACTL,493,0.679795
14,393435,494,0.054732
14,ours-406478,494,0.036725
14,KACTL,494,0.679975
14,simd-v0,494,0.080581
14,ours-406478,495,0.036756
14,KACTL,495,0.680896
14,simd-v0,495,0.080571
14,393435,495,0.054722
14,KACTL,496,0.680015
14,simd-v0,496,0.080471
14,393435,496,0.054582
14,ours-406478,496,0.036805
14,simd-v0,497,0.080501
14,393435,497,0.054613
14,ours-406478,497,0.036705
14,KACTL,497,0.681076
14,393435,498,0.054743
14,ours-406478,498,0.036835
14,KACTL,498,0.674246
14,simd-v0,498,0.080722
14,ours-406478,499,0.036756
14,KACTL,499,0.683410
14,simd-v0,499,0.080511
14,393435,499,0.054783
14,KACTL,500,0.679764
14,simd-v0,500,0.080601
14,393435,500,0.054582
14,ours-406478,500,0.036725
14,simd-v0,501,0.080731
14,393435,501,0.054762
14,ours-406478,501,0.036695
14,KACTL,501,0.681277
14,393435,502,0.054683
14,ours-406478,502,0.036775
14,KACTL,502,0.679394
14,simd-v0,502,0.080651
14,ours-406478,503,0.036765
14,KACTL,503,0.679734
14,simd-v0,503,0.080602
14,393435,503,0.054722
14,KACTL,504,0.672674
14,simd-v0,504,0.086641
14,393435,504,0.054602
14,ours-406478,504,0.036846
14,simd-v0,505,0.080431
14,393435,505,0.054552
14,ours-406478,505,0.036655
14,KACTL,505,0.673555
14,393435,506,0.060902
14,ours-406478,506,0.036686
14,KACTL,506,0.672142
14,simd-v0,506,0.080582
14,ours-406478,507,0.036766
14,KACTL,507,0.679994
14,simd-v0,507,0.080621
14,393435,507,0.054843
14,KACTL,508,0.678151
14,simd-v0,508,0.080562
14,393435,508,0.054643
14,ours-406478,508,0.036815
14,simd-v0,509,0.080572
14,393435,509,0.054693
14,ours-406478,509,0.036656
14,KACTL,509,0.681216
14,393435,510,0.054713
14,ours-406478,510,0.036736
14,KACTL,510,0.679333
14,simd-v0,510,0.080731
14,ours-406478,511,0.036776
14,KACTL,511,0.673716
14,simd-v0,511,0.086660
14,393435,511,0.054663
14,KACTL,512,0.674066
14,simd-v0,512,0.080541
14,393435,512,0.054553
14,ours-406478,512,0.036746
14,simd-v0,513,0.086941
14,393435,513,0.054672
14,ours-406478,513,0.036735
14,KACTL,513,0.673105
14,393435,514,0.054582
14,ours-406478,514,0.036685
14,KACTL,514,0.679685
14,simd-v0,514,0.080591
14,ours-406478,515,0.036775
14,KACTL,515,0.679904
14,simd-v0,515,0.080431
14,393435,515,0.054683
14,KACTL,516,0.679044
14,simd-v0,516,0.080562
14,393435,516,0.054692
14,ours-406478,516,0.036846
14,simd-v0,517,0.080532
14,393435,517,0.054692
14,ours-406478,517,0.036685
14,KACTL,517,0.679454
14,393435,518,0.054653
14,ours-406478,518,0.036755
14,KACTL,518,0.679865
14,simd-v0,518,0.080711
14,ours-406478,519,0.036766
14,KACTL,519,0.674456
14,simd-v0,519,0.080561
14,393435,519,0.061753
14,KACTL,520,0.674707
14,simd-v0,520,0.080602
14,393435,520,0.054623
14,ours-406478,520,0.036775
14,simd-v0,521,0.080471
14,393435,521,0.062244
14,ours-406478,521,0.036705
14,KACTL,521,0.673525
14,393435,522,0.054572
14,ours-406478,522,0.036815
14,KACTL,522,0.680756
14,simd-v0,522,0.080582
14,ours-406478,523,0.036826
14,KACTL,523,0.679945
14,simd-v0,523,0.080692
14,393435,523,0.054742
14,KACTL,524,0.679234
14,simd-v0,524,0.080621
14,393435,524,0.054652
14,ours-406478,524,0.036895
14,simd-v0,525,0.080501
14,393435,525,0.054652
14,ours-406478,525,0.036645
14,KACTL,525,0.680115
14,393435,526,0.054623
14,ours-406478,526,0.036715
14,KACTL,526,0.673204
14,simd-v0,526,0.090356
14,ours-406478,527,0.037476
14,KACTL,527,0.673084
14,simd-v0,527,0.080401
14,393435,527,0.054843
14,KACTL,528,0.688788
14,simd-v0,528,0.080592
14,393435,528,0.054863
14,ours-406478,528,0.036806
14,simd-v0,529,0.080451
14,393435,529,0.054553
14,ours-406478,529,0.036706
14,KACTL,529,0.681697
14,393435,530,0.054572
14,ours-406478,530,0.036846
14,KACTL,530,0.678011
14,simd-v0,530,0.080462
14,ours-406478,531,0.036776
14,KACTL,531,0.680646
14,simd-v0,531,0.080602
14,393435,531,0.054812
14,KACTL,532,0.681898
14,simd-v0,532,0.080601
14,393435,532,0.054732
14,ours-406478,532,0.036725
14,simd-v0,533,0.080481
14,393435,533,0.054652
14,ours-406478,533,0.036675
14,KACTL,533,0.680886
14,393435,534,0.054672
14,ours-406478,534,0.036745
14,KACTL,534,0.673154
14,simd-v0,534,0.080632
14,ours-406478,535,0.043064
14,KACTL,535,0.674666
14,simd-v0,535,0.080511
14,393435,535,0.054672
14,KACTL,536,0.679494
14,simd-v0,536,0.080561
14,393435,536,0.054813
14,ours-406478,536,0.036765
14,simd-v0,537,0.080721
14,393435,537,0.054603
14,ours-406478,537,0.036716
14,KACTL,537,0.684511
14,393435,538,0.054753
14,ours-406478,538,0.036845
14,KACTL,538,0.680615
14,simd-v0,538,0.080631
14,ours-406478,539,0.036786
14,KACTL,539,0.680886
14,simd-v0,539,0.080531
14,393435,539,0.054803
14,KACTL,540,0.673926
14,simd-v0,540,0.086881
14,393435,540,0.054633
14,ours-406478,540,0.036835
14,simd-v0,541,0.080511
14,393435,541,0.054652
14,ours-406478,541,0.036685
14,KACTL,541,0.680876
14,393435,542,0.054602
14,ours-406478,542,0.036835
14,KACTL,542,0.673575
14,simd-v0,542,0.080611
14,ours-406478,543,0.036695
14,KACTL,543,0.678903
14,simd-v0,543,0.080551
14,393435,543,0.054743
14,KACTL,544,0.680735
14,simd-v0,544,0.080591
14,393435,544,0.054612
14,ours-406478,544,0.036816
14,simd-v0,545,0.080511
14,393435,545,0.054572
14,ours-406478,545,0.036646
14,KACTL,545,0.680966
14,393435,546,0.054883
14,ours-406478,546,0.036706
14,KACTL,546,0.679093
14,simd-v0,546,0.080512
14,ours-406478,547,0.036755
14,KACTL,547,0.680495
14,simd-v0,547,0.080602
14,393435,547,0.054803
14,KACTL,548,0.674176
14,simd-v0,548,0.080471
14,393435,548,0.054452
14,ours-406478,548,0.043085
14,simd-v0,549,0.080562
14,393435,549,0.054542
14,ours-406478,549,0.036695
14,KACTL,549,0.673975
14,393435,550,0.054582
14,ours-406478,550,0.036605
14,KACTL,550,0.681157
14,simd-v0,550,0.080762
14,ours-406478,551,0.036806
14,KACTL,551,0.680125
14,simd-v0,551,0.080611
14,393435,551,0.054863
14,KACTL,552,0.679804
14,simd-v0,552,0.080612
14,393435,552,0.054572
14,ours-406478,552,0.036765
14,simd-v0,553,0.080511
14,393435,553,0.054493
14,ours-406478,553,0.036655
14,KACTL,553,0.680716
14,393435,554,0.054672
14,ours-406478,554,0.036786
14,KACTL,554,0.680405
14,simd-v0,554,0.080611
14,ours-406478,555,0.036805
14,KACTL,555,0.674527
14,simd-v0,555,0.086581
14,393435,555,0.056485
14,KACTL,556,0.673925
14,simd-v0,556,0.080431
14,393435,556,0.054812
14,ours-406478,556,0.036786
14,simd-v0,557,0.086761
14,393435,557,0.054672
14,ours-406478,557,0.036756
14,KACTL,557,0.674226
14,393435,558,0.054592
14,ours-406478,558,0.036706
14,KACTL,558,0.678803
14,simd-v0,558,0.080641
14,ours-406478,559,0.036816
14,KACTL,559,0.680285
14,simd-v0,559,0.080521
14,393435,559,0.054803
14,KACTL,560,0.680705
14,simd-v0,560,0.080572
14,393435,560,0.054863
14,ours-406478,560,0.036786
14,simd-v0,561,0.080602
14,393435,561,0.054572
14,ours-406478,561,0.036726
14,KACTL,561,0.680245
14,393435,562,0.054672
14,ours-406478,562,0.036756
14,KACTL,562,0.679775
14,simd-v0,562,0.080732
14,ours-406478,563,0.036845
14,KACTL,563,0.674597
14,simd-v0,563,0.080381
14,393435,563,0.054852
14,KACTL,564,0.679144
14,simd-v0,564,0.080561
14,393435,564,0.054582
14,ours-406478,564,0.036796
14,simd-v0,565,0.080692
14,393435,565,0.054562
14,ours-406478,565,0.043044
14,KACTL,565,0.673394
14,393435,566,0.054672
14,ours-406478,566,0.036836
14,KACTL,566,0.680085
14,simd-v0,566,0.080591
14,ours-406478,567,0.036816
14,KACTL,567,0.680756
14,simd-v0,567,0.080542
14,393435,567,0.054682
14,KACTL,568,0.679263
14,simd-v0,568,0.080472
14,393435,568,0.054613
14,ours-406478,568,0.036735
14,simd-v0,569,0.080411
14,393435,569,0.054662
14,ours-406478,569,0.036736
14,KACTL,569,0.680956
14,393435,570,0.054703
14,ours-406478,570,0.036776
14,KACTL,570,0.674246
14,simd-v0,570,0.080692
14,ours-406478,571,0.043185
14,KACTL,571,0.674597
14,simd-v0,571,0.080582
14,393435,571,0.054732
14,KACTL,572,0.680465
14,simd-v0,572,0.080491
14,393435,572,0.054863
14,ours-406478,572,0.036805
14,simd-v0,573,0.080471
14,393435,573,0.054672
14,ours-406478,573,0.036685
14,KACTL,573,0.680716
14,393435,574,0.054733
14,ours-406478,574,0.036716
14,KACTL,574,0.677431
14,simd-v0,574,0.080532
14,ours-406478,575,0.036735
14,KACTL,575,0.685323
14,simd-v0,575,0.080571
14,393435,575,0.054842
14,KACTL,576,0.673806
14,simd-v0,576,0.087031
14,393435,576,0.054752
14,ours-406478,576,0.036826
14,simd-v0,577,0.080552
14,393435,577,0.054593
14,ours-406478,577,0.036716
14,KACTL,577,0.680796
14,393435,578,0.054562
14,ours-406478,578,0.036815
14,KACTL,578,0.673585
14,simd-v0,578,0.080562
14,ours-406478,579,0.036765
14,KACTL,579,0.681287
14,simd-v0,579,0.080471
14,393435,579,0.054793
14,KACTL,580,0.680696
14,simd-v0,580,0.080501
14,393435,580,0.054512
14,ours-406478,580,0.036796
14,simd-v0,581,0.080422
14,393435,581,0.054522
14,ours-406478,581,0.036715
14,KACTL,581,0.680396
14,393435,582,0.054612
14,ours-406478,582,0.036785
14,KACTL,582,0.677982
14,simd-v0,582,0.080641
14,ours-406478,583,0.036726
14,KACTL,583,0.679654
14,simd-v0,583,0.080491
14,393435,583,0.054782
14,KACTL,584,0.673645
14,simd-v0,584,0.080581
14,393435,584,0.060952
14,ours-406478,584,0.036725
14,simd-v0,585,0.084548
14,393435,585,0.056626
14,ours-406478,585,0.036835
14,KACTL,585,0.673755
14,393435,586,0.054622
14,ours-406478,586,0.043275
14,KACTL,586,0.674246
14,simd-v0,586,0.080652
14,ours-406478,587,0.036725
14,KACTL,587,0.679845
14,simd-v0,587,0.080541
14,393435,587,0.054883
14,KACTL,588,0.679514
14,simd-v0,588,0.080562
14,393435,588,0.054663
14,ours-406478,588,0.036845
14,simd-v0,589,0.080592
14,393435,589,0.054522
14,ours-406478,589,0.036675
14,KACTL,589,0.680545
14,393435,590,0.054653
14,ours-406478,590,0.036896
14,KACTL,590,0.681447
14,simd-v0,590,0.080642
14,ours-406478,591,0.036785
14,KACTL,591,0.672604
14,simd-v0,591,0.086971
14,393435,591,0.054873
14,KACTL,592,0.673885
14,simd-v0,592,0.080641
14,393435,592,0.054612
14,ours-406478,592,0.036806
14,simd-v0,593,0.086880
14,393435,593,0.054672
14,ours-406478,593,0.036735
14,KACTL,593,0.673896
14,393435,594,0.054592
14,ours-406478,594,0.036635
14,KACTL,594,0.679434
14,simd-v0,594,0.080692
14,ours-406478,595,0.036845
14,KACTL,595,0.678733
14,simd-v0,595,0.080491
14,393435,595,0.054632
14,KACTL,596,0.680185
14,simd-v0,596,0.080521
14,393435,596,0.054673
14,ours-406478,596,0.036765
14,simd-v0,597,0.080371
14,393435,597,0.054562
14,ours-406478,597,0.036675
14,KACTL,597,0.680556
14,393435,598,0.054822
14,ours-406478,598,0.036725
14,KACTL,598,0.678131
14,simd-v0,598,0.080602
14,ours-406478,599,0.036856
14,KACTL,599,0.673755
14,simd-v0,599,0.080381
14,393435,599,0.054692
14,KACTL,600,0.679343
14,simd-v0,600,0.080552
14,393435,600,0.054663
14,ours-406478,600,0.036795
14,simd-v0,601,0.080511
14,393435,601,0.054582
14,ours-406478,601,0.054392
14,KACTL,601,0.709359
14,393435,602,0.054823
14,ours-406478,602,0.036855
14,KACTL,602,0.680636
14,simd-v0,602,0.080692
14,ours-406478,603,0.036785
14,KACTL,603,0.679754
14,simd-v0,603,0.080541
14,393435,603,0.054702
14,KACTL,604,0.678382
14,simd-v0,604,0.080532
14,393435,604,0.054523
14,ours-406478,604,0.036735
14,simd-v0,605,0.080431
14,393435,605,0.054612
14,ours-406478,605,0.036685
14,KACTL,605,0.680916
14,393435,606,0.054683
14,ours-406478,606,0.036785
14,KACTL,606,0.673846
14,simd-v0,606,0.087091
14,ours-406478,607,0.036705
14,KACTL,607,0.674196
14,simd-v0,607,0.080582
14,393435,607,0.054652
14,KACTL,608,0.680105
14,simd-v0,608,0.080442
14,393435,608,0.054593
14,ours-406478,608,0.036765
14,simd-v0,609,0.080572
14,393435,609,0.054623
14,ours-406478,609,0.036665
14,KACTL,609,0.679284
14,393435,610,0.054632
14,ours-406478,610,0.036705
14,KACTL,610,0.698122
14,simd-v0,610,0.080672
14,ours-406478,611,0.036786
14,KACTL,611,0.686845
14,simd-v0,611,0.080602
14,393435,611,0.054723
14,KACTL,612,0.679694
14,simd-v0,612,0.080551
14,393435,612,0.054592
14,ours-406478,612,0.036806
14,simd-v0,613,0.080621
14,393435,613,0.054722
14,ours-406478,613,0.036646
14,KACTL,613,0.686044
14,393435,614,0.054903
14,ours-406478,614,0.036816
14,KACTL,614,0.672573
14,simd-v0,614,0.080621
14,ours-406478,615,0.043576
14,KACTL,615,0.674026
14,simd-v0,615,0.080432
14,393435,615,0.054713
14,KACTL,616,0.679704
14,simd-v0,616,0.080591
14,393435,616,0.054552
14,ours-406478,616,0.036785
14,simd-v0,617,0.080581
14,393435,617,0.054502
14,ours-406478,617,0.036635
14,KACTL,617,0.679033
14,393435,618,0.054612
14,ours-406478,618,0.036775
14,KACTL,618,0.678452
14,simd-v0,618,0.080562
14,ours-406478,619,0.036796
14,KACTL,619,0.680466
14,simd-v0,619,0.080522
14,393435,619,0.054892
14,KACTL,620,0.674236
14,simd-v0,620,0.086690
14,393435,620,0.054543
14,ours-406478,620,0.036835
14,simd-v0,621,0.080391
14,393435,621,0.054582
14,ours-406478,621,0.036715
14,KACTL,621,0.680285
14,393435,622,0.054642
14,ours-406478,622,0.036735
14,KACTL,622,0.687205
14,simd-v0,622,0.080561
14,ours-406478,623,0.036796
14,KACTL,623,0.679914
14,simd-v0,623,0.080511
14,393435,623,0.054693
14,KACTL,624,0.679203
14,simd-v0,624,0.080632
14,393435,624,0.054502
14,ours-406478,624,0.036775
14,simd-v0,625,0.080411
14,393435,625,0.054612
14,ours-406478,625,0.036746
14,KACTL,625,0.682468
14,393435,626,0.054662
14,ours-406478,626,0.036816
14,KACTL,626,0.679994
14,simd-v0,626,0.080641
14,ours-406478,627,0.036865
14,KACTL,627,0.680435
14,simd-v0,627,0.080451
14,393435,627,0.054693
14,KACTL,628,0.673575
14,simd-v0,628,0.080662
14,393435,628,0.060641
14,ours-406478,628,0.036886
14,simd-v0,629,0.080651
14,393435,629,0.054732
14,ours-406478,629,0.036625
14,KACTL,629,0.673905
14,393435,630,0.062164
14,ours-406478,630,0.050085
14,KACTL,630,0.675198
14,simd-v0,630,0.080662
14,ours-406478,631,0.036755
14,KACTL,631,0.683990
14,simd-v0,631,0.080531
14,393435,631,0.054892
14,KACTL,632,0.679945
14,simd-v0,632,0.080361
14,393435,632,0.054592
14,ours-406478,632,0.036826
14,simd-v0,633,0.080481
14,393435,633,0.054472
14,ours-406478,633,0.036696
14,KACTL,633,0.680115
14,393435,634,0.054703
14,ours-406478,634,0.036845
14,KACTL,634,0.678572
14,simd-v0,634,0.080592
14,ours-406478,635,0.036796
14,KACTL,635,0.674457
14,simd-v0,635,0.087452
14,393435,635,0.054753
14,KACTL,636,0.673885
14,simd-v0,636,0.080592
14,393435,636,0.054502
14,ours-406478,636,0.036825
14,simd-v0,637,0.088443
14,393435,637,0.054512
14,ours-406478,637,0.036745
14,KACTL,637,0.673354
14,393435,638,0.054462
14,ours-406478,638,0.036715
14,KACTL,638,0.678884
14,simd-v0,638,0.080621
14,ours-406478,639,0.036815
14,KACTL,639,0.678142
14,simd-v0,639,0.080332
14,393435,639,0.054702
14,KACTL,640,0.678652
14,simd-v0,640,0.080412
14,393435,640,0.054512
14,ours-406478,640,0.036745
14,simd-v0,641,0.080511
14,393435,641,0.054482
14,ours-406478,641,0.036675
14,KACTL,641,0.679393
14,393435,642,0.054772
14,ours-406478,642,0.036815
14,KACTL,642,0.679203
14,simd-v0,642,0.080662
14,ours-406478,643,0.036775
14,KACTL,643,0.673324
14,simd-v0,643,0.080561
14,393435,643,0.061153
14,KACTL,644,0.673905
14,simd-v0,644,0.080832
14,393435,644,0.054583
14,ours-406478,644,0.036725
14,simd-v0,645,0.080461
14,393435,645,0.061012
14,ours-406478,645,0.036745
14,KACTL,645,0.673535
14,393435,646,0.054653
14,ours-406478,646,0.036675
14,KACTL,646,0.679013
14,simd-v0,646,0.080561
14,ours-406478,647,0.036806
14,KACTL,647,0.679945
14,simd-v0,647,0.080541
14,393435,647,0.054693
14,KACTL,648,0.681336
14,simd-v0,648,0.080522
14,393435,648,0.054603
14,ours-406478,648,0.036856
14,simd-v0,649,0.080371
14,393435,649,0.054582
14,ours-406478,649,0.036665
14,KACTL,649,0.680586
14,393435,650,0.054672
14,ours-406478,650,0.036735
14,KACTL,650,0.672433
14,simd-v0,650,0.086971
14,ours-406478,651,0.036845
14,KACTL,651,0.674447
14,simd-v0,651,0.080431
14,393435,651,0.054742
14,KACTL,652,0.679995
14,simd-v0,652,0.080601
14,393435,652,0.054672
14,ours-406478,652,0.036745
14,simd-v0,653,0.080531
14,393435,653,0.054532
14,ours-406478,653,0.036665
14,KACTL,653,0.680916
14,393435,654,0.054572
14,ours-406478,654,0.036795
14,KACTL,654,0.677691
14,simd-v0,654,0.080561
14,ours-406478,655,0.036755
14,KACTL,655,0.679503
14,simd-v0,655,0.080461
14,393435,655,0.054763
14,KACTL,656,0.679474
14,simd-v0,656,0.080441
14,393435,656,0.054592
14,ours-406478,656,0.036826
14,simd-v0,657,0.080391
14,393435,657,0.054683
14,ours-406478,657,0.036655
14,KACTL,657,0.679694
14,393435,658,0.054553
14,ours-406478,658,0.036696
14,KACTL,658,0.673495
14,simd-v0,658,0.080761
14,ours-406478,659,0.036606
14,KACTL,659,0.679975
14,simd-v0,659,0.080431
14,393435,659,0.054713
14,KACTL,660,0.681547
14,simd-v0,660,0.080572
14,393435,660,0.054732
14,ours-406478,660,0.036716
14,simd-v0,661,0.080541
14,393435,661,0.054592
14,ours-406478,661,0.036675
14,KACTL,661,0.680585
14,393435,662,0.054662
14,ours-406478,662,0.036785
14,KACTL,662,0.678522
14,simd-v0,662,0.080502
14,ours-406478,663,0.036775
14,KACTL,663,0.691242
14,simd-v0,663,0.084227
14,393435,663,0.054873
14,KACTL,664,0.674416
14,simd-v0,664,0.086971
14,393435,664,0.054673
14,ours-406478,664,0.036685
14,simd-v0,665,0.080391
14,393435,665,0.054562
14,ours-406478,665,0.036645
14,KACTL,665,0.674226
14,393435,666,0.062344
14,ours-406478,666,0.036765
14,KACTL,666,0.672884
14,simd-v0,666,0.080532
14,ours-406478,667,0.036735
14,KACTL,667,0.679964
14,simd-v0,667,0.080662
14,393435,667,0.054792
14,KACTL,668,0.683700
14,simd-v0,668,0.080561
14,393435,668,0.054732
14,ours-406478,668,0.036756
14,simd-v0,669,0.080552
14,393435,669,0.054662
14,ours-406478,669,0.036656
14,KACTL,669,0.678723
14,393435,670,0.054653
14,ours-406478,670,0.036735
14,KACTL,670,0.677701
14,simd-v0,670,0.080581
14,ours-406478,671,0.036735
14,KACTL,671,0.673074
14,simd-v0,671,0.081973
14,393435,671,0.054852
14,KACTL,672,0.673895
14,simd-v0,672,0.080431
14,393435,672,0.054472
14,ours-406478,672,0.043325
14,simd-v0,673,0.080622
14,393435,673,0.054612
14,ours-406478,673,0.036685
14,KACTL,673,0.672804
14,393435,674,0.054442
14,ours-406478,674,0.036676
14,KACTL,674,0.680445
14,simd-v0,674,0.080632
14,ours-406478,675,0.036805
14,KACTL,675,0.687326
14,simd-v0,675,0.080492
14,393435,675,0.054733
14,KACTL,676,0.680225
14,simd-v0,676,0.080531
14,393435,676,0.054572
14,ours-406478,676,0.036766
14,simd-v0,677,0.080532
14,393435,677,0.054532
14,ours-406478,677,0.036666
14,KACTL,677,0.680285
14,393435,678,0.054542
14,ours-406478,678,0.036855
14,KACTL,678,0.679144
14,simd-v0,678,0.080471
14,ours-406478,679,0.036765
14,KACTL,679,0.673766
14,simd-v0,679,0.080442
14,393435,679,0.061202
14,KACTL,680,0.672403
14,simd-v0,680,0.080632
14,393435,680,0.054712
14,ours-406478,680,0.036716
14,simd-v0,681,0.080341
14,393435,681,0.061142
14,ours-406478,681,0.036735
14,KACTL,681,0.672694
14,393435,682,0.054552
14,ours-406478,682,0.036696
14,KACTL,682,0.679624
14,simd-v0,682,0.080652
14,ours-406478,683,0.036775
14,KACTL,683,0.682288
14,simd-v0,683,0.080651
14,393435,683,0.054743
14,KACTL,684,0.686605
14,simd-v0,684,0.083916
14,393435,684,0.054722
14,ours-406478,684,0.036846
14,simd-v0,685,0.080461
14,393435,685,0.054512
14,ours-406478,685,0.036595
14,KACTL,685,0.680375
14,393435,686,0.054622
14,ours-406478,686,0.036786
14,KACTL,686,0.673154
14,simd-v0,686,0.086761
14,ours-406478,687,0.036715
14,KACTL,687,0.673705
14,simd-v0,687,0.080501
14,393435,687,0.054643
14,KACTL,688,0.680285
14,simd-v0,688,0.080571
14,393435,688,0.054683
14,ours-406478,688,0.036866
14,simd-v0,689,0.080562
14,393435,689,0.054553
14,ours-406478,689,0.036675
14,KACTL,689,0.678212
14,393435,690,0.054642
14,ours-406478,690,0.036816
14,KACTL,690,0.678383
14,simd-v0,690,0.080591
14,ours-406478,691,0.036826
14,KACTL,691,0.679774
14,simd-v0,691,0.080471
14,393435,691,0.054703
14,KACTL,692,0.679644
14,simd-v0,692,0.080561
14,393435,692,0.054662
14,ours-406478,692,0.036756
14,simd-v0,693,0.080472
14,393435,693,0.054653
14,ours-406478,693,0.036686
14,KACTL,693,0.678983
14,393435,694,0.054603
14,ours-406478,694,0.036685
14,KACTL,694,0.672473
14,simd-v0,694,0.080532
14,ours-406478,695,0.044948
14,KACTL,695,0.674166
14,simd-v0,695,0.080582
14,393435,695,0.054663
14,KACTL,696,0.679434
14,simd-v0,696,0.080501
14,393435,696,0.054632
14,ours-406478,696,0.036716
14,simd-v0,697,0.080431
14,393435,697,0.054602
14,ours-406478,697,0.036655
14,KACTL,697,0.680155
14,393435,698,0.054672
14,ours-406478,698,0.036705
14,KACTL,698,0.679103
14,simd-v0,698,0.080542
14,ours-406478,699,0.036805
14,KACTL,699,0.680996
14,simd-v0,699,0.080522
14,393435,699,0.054933
14,KACTL,700,0.673314
14,simd-v0,700,0.086390
14,393435,700,0.054532
14,ours-406478,700,0.036775
14,simd-v0,701,0.080361
14,393435,701,0.054442
14,ours-406478,701,0.036615
14,KACTL,701,0.672634
14,393435,702,0.060922
14,ours-406478,702,0.036825
14,KACTL,702,0.671091
14,simd-v0,702,0.080642
14,ours-406478,703,0.036745
14,KACTL,703,0.679073
14,simd-v0,703,0.080412
14,393435,703,0.054812
14,KACTL,704,0.679124
14,simd-v0,704,0.080541
14,393435,704,0.054622
14,ours-406478,704,0.036795
14,simd-v0,705,0.080531
14,393435,705,0.054552
14,ours-406478,705,0.036695
14,KACTL,705,0.680205
14,393435,706,0.054602
14,ours-406478,706,0.036775
14,KACTL,706,0.685803
14,simd-v0,706,0.080651
14,ours-406478,707,0.036716
14,KACTL,707,0.678493
14,simd-v0,707,0.080431
14,393435,707,0.054612
14,KACTL,708,0.671352
14,simd-v0,708,0.080361
14,393435,708,0.054503
14,ours-406478,708,0.043135
14,simd-v0,709,0.080621
14,393435,709,0.054603
14,ours-406478,709,0.036725
14,KACTL,709,0.674827
14,393435,710,0.054623
14,ours-406478,710,0.036575
14,KACTL,710,0.680315
14,simd-v0,710,0.080632
14,ours-406478,711,0.036825
14,KACTL,711,0.678792
14,simd-v0,711,0.080511
14,393435,711,0.054693
14,KACTL,712,0.680135
14,simd-v0,712,0.080451
14,393435,712,0.054592
14,ours-406478,712,0.036726
14,simd-v0,713,0.080391
14,393435,713,0.054522
14,ours-406478,713,0.036695
14,KACTL,713,0.679634
14,393435,714,0.054612
14,ours-406478,714,0.036735
14,KACTL,714,0.678693
14,simd-v0,714,0.080632
14,ours-406478,715,0.036816
14,KACTL,715,0.673305
14,simd-v0,715,0.080442
14,393435,715,0.061402
14,KACTL,716,0.674166
14,simd-v0,716,0.080582
14,393435,716,0.054542
14,ours-406478,716,0.036765
14,simd-v0,717,0.080551
14,393435,717,0.054632
14,ours-406478,717,0.036735
14,KACTL,717,0.672924
14,393435,718,0.054542
14,ours-406478,718,0.036626
14,KACTL,718,0.681327
14,simd-v0,718,0.080632
14,ours-406478,719,0.036846
14,KACTL,719,0.680175
14,simd-v0,719,0.080451
14,393435,719,0.054662
14,KACTL,720,0.679775
14,simd-v0,720,0.080602
14,393435,720,0.054552
14,ours-406478,720,0.036776
14,simd-v0,721,0.080491
14,393435,721,0.054562
14,ours-406478,721,0.036615
14,KACTL,721,0.679624
14,393435,722,0.054652
14,ours-406478,722,0.036826
14,KACTL,722,0.674136
14,simd-v0,722,0.080671
14,ours-406478,723,0.036835
14,KACTL,723,0.674186
14,simd-v0,723,0.080551
14,393435,723,0.054683
14,KACTL,724,0.680595
14,simd-v0,724,0.080732
14,393435,724,0.054662
14,ours-406478,724,0.036876
14,simd-v0,725,0.080491
14,393435,725,0.054642
14,ours-406478,725,0.036655
14,KACTL,725,0.681196
14,393435,726,0.054552
14,ours-406478,726,0.036736
14,KACTL,726,0.679224
14,simd-v0,726,0.080642
14,ours-406478,727,0.036815
14,KACTL,727,0.680696
14,simd-v0,727,0.080651
14,393435,727,0.054653
14,KACTL,728,0.679745
14,simd-v0,728,0.080652
14,393435,728,0.054492
14,ours-406478,728,0.036735
14,simd-v0,729,0.080451
14,393435,729,0.054623
14,ours-406478,729,0.036655
14,KACTL,729,0.681887
14,393435,730,0.054732
14,ours-406478,730,0.036815
14,KACTL,730,0.673535
14,simd-v0,730,0.080762
14,ours-406478,731,0.043306
14,KACTL,731,0.676469
14,simd-v0,731,0.080791
14,393435,731,0.054922
14,KACTL,732,0.682688
14,simd-v0,732,0.080892
14,393435,732,0.054913
14,ours-406478,732,0.037026
14,simd-v0,733,0.080852
14,393435,733,0.054953
14,ours-406478,733,0.036856
14,KACTL,733,0.682007
14,393435,734,0.054743
14,ours-406478,734,0.036885
14,KACTL,734,0.681177
14,simd-v0,734,0.080862
14,ours-406478,735,0.036945
14,KACTL,735,0.681337
14,simd-v0,735,0.080742
14,393435,735,0.054823
14,KACTL,736,0.673985
14,simd-v0,736,0.086850
14,393435,736,0.054682
14,ours-406478,736,0.036856
14,simd-v0,737,0.080581
14,393435,737,0.054622
14,ours-406478,737,0.036675
14,KACTL,737,0.681327
14,393435,738,0.054662
14,ours-406478,738,0.036735
14,KACTL,738,0.671743
14,simd-v0,738,0.084397
14,ours-406478,739,0.036796
14,KACTL,739,0.680005
14,simd-v0,739,0.081863
14,393435,739,0.054662
14,KACTL,740,0.686364
14,simd-v0,740,0.080702
14,393435,740,0.054702
14,ours-406478,740,0.036936
14,simd-v0,741,0.080451
14,393435,741,0.054532
14,ours-406478,741,0.036666
14,KACTL,741,0.681216
14,393435,742,0.054732
14,ours-406478,742,0.036766
14,KACTL,742,0.678592
14,simd-v0,742,0.080522
14,ours-406478,743,0.047472
14,KACTL,743,0.832334
14,simd-v0,743,0.095504
14,393435,743,0.059229
14,KACTL,744,1.095842
14,simd-v0,744,0.082545
14,393435,744,0.056065
14,ours-406478,744,0.037637
14,simd-v0,745,0.082364
14,393435,745,0.055954
14,ours-406478,745,0.037506
14,KACTL,745,0.711822
14,393435,746,0.057286
14,ours-406478,746,0.038468
14,KACTL,746,0.717611
14,simd-v0,746,0.082524
14,ours-406478,747,0.037677
14,KACTL,747,0.692514
14,simd-v0,747,0.080691
14,393435,747,0.054813
14,KACTL,748,0.689819
14,simd-v0,748,0.080781
14,393435,748,0.054852
14,ours-406478,748,0.036765
14,simd-v0,749,0.080621
14,393435,749,0.054492
14,ours-406478,749,0.036695
14,KACTL,749,0.680165
14,393435,750,0.054612
14,ours-406478,750,0.036816
14,KACTL,750,0.681066
14,simd-v0,750,0.080681
14,ours-406478,751,0.043806
14,KACTL,751,0.674967
14,simd-v0,751,0.080882
14,393435,751,0.056455
14,KACTL,752,0.680866
14,simd-v0,752,0.080791
14,393435,752,0.054752
14,ours-406478,752,0.036836
14,simd-v0,753,0.080652
14,393435,753,0.054662
14,ours-406478,753,0.036745
14,KACTL,753,0.681016
14,393435,754,0.054752
14,ours-406478,754,0.036935
14,KACTL,754,0.678452
14,simd-v0,754,0.080591
14,ours-406478,755,0.036796
14,KACTL,755,0.681006
14,simd-v0,755,0.080561
14,393435,755,0.054792
14,KACTL,756,0.672083
14,simd-v0,756,0.086991
14,393435,756,0.054582
14,ours-406478,756,0.036756
14,simd-v0,757,0.080452
14,393435,757,0.054513
14,ours-406478,757,0.036665
14,KACTL,757,0.673435
14,393435,758,0.060991
14,ours-406478,758,0.036755
14,KACTL,758,0.672844
14,simd-v0,758,0.080562
14,ours-406478,759,0.036666
14,KACTL,759,0.679023
14,simd-v0,759,0.080532
14,393435,759,0.054852
14,KACTL,760,0.679444
14,simd-v0,760,0.080481
14,393435,760,0.054643
14,ours-406478,760,0.036825
14,simd-v0,761,0.080431
14,393435,761,0.054502
14,ours-406478,761,0.036675
14,KACTL,761,0.679524
14,393435,762,0.054672
14,ours-406478,762,0.036835
14,KACTL,762,0.678542
14,simd-v0,762,0.084077
14,ours-406478,763,0.044236
14,KACTL,763,0.734197
14,simd-v0,763,0.080622
14,393435,763,0.054813
14,KACTL,764,0.674296
14,simd-v0,764,0.080562
14,393435,764,0.061022
14,ours-406478,764,0.036715
14,simd-v0,765,0.080531
14,393435,765,0.054562
14,ours-406478,765,0.036595
14,KACTL,765,0.673255
14,393435,766,0.060912
14,ours-406478,766,0.036785
14,KACTL,766,0.673164
14,simd-v0,766,0.080492
14,ours-406478,767,0.036645
14,KACTL,767,0.682468
14,simd-v0,767,0.080542
14,393435,767,0.054802
14,KACTL,768,0.679324
14,simd-v0,768,0.080501
14,393435,768,0.054552
14,ours-406478,768,0.036745
14,simd-v0,769,0.080471
14,393435,769,0.054542
14,ours-406478,769,0.036635
14,KACTL,769,0.678963
14,393435,770,0.054583
14,ours-406478,770,0.036755
14,KACTL,770,0.678472
14,simd-v0,770,0.080471
14,ours-406478,771,0.036765
14,KACTL,771,0.672583
14,simd-v0,771,0.088273
14,393435,771,0.054623
14,KACTL,772,0.672834
14,simd-v0,772,0.080492
14,393435,772,0.054492
14,ours-406478,772,0.036745
14,simd-v0,773,0.086901
14,393435,773,0.054662
14,ours-406478,773,0.036715
14,KACTL,773,0.673084
14,393435,774,0.054562
14,ours-406478,774,0.036705
14,KACTL,774,0.680725
14,simd-v0,774,0.080471
14,ours-406478,775,0.038317
14,KACTL,775,0.679624
14,simd-v0,775,0.080552
14,393435,775,0.054732
14,KACTL,776,0.678182
14,simd-v0,776,0.080502
14,393435,776,0.054623
14,ours-406478,776,0.036715
14,simd-v0,777,0.080501
14,393435,777,0.054512
14,ours-406478,777,0.036655
14,KACTL,777,0.679715
14,393435,778,0.054603
14,ours-406478,778,0.036765
14,KACTL,778,0.678973
14,simd-v0,778,0.080612
14,ours-406478,779,0.036776
14,KACTL,779,0.672793
14,simd-v0,779,0.080541
14,393435,779,0.054592
14,KACTL,780,0.673314
14,simd-v0,780,0.080712
14,393435,780,0.054542
14,ours-406478,780,0.036735
14,simd-v0,781,0.080612
14,393435,781,0.061193
14,ours-406478,781,0.036676
14,KACTL,781,0.672783
14,393435,782,0.054612
14,ours-406478,782,0.036665
14,KACTL,782,0.684461
14,simd-v0,782,0.080681
14,ours-406478,783,0.036816
14,KACTL,783,0.680956
14,simd-v0,783,0.080612
14,393435,783,0.054853
14,KACTL,784,0.679684
14,simd-v0,784,0.080782
14,393435,784,0.054682
14,ours-406478,784,0.036745
14,simd-v0,785,0.080632
14,393435,785,0.054683
14,ours-406478,785,0.036756
14,KACTL,785,0.682949
14,393435,786,0.054652
14,ours-406478,786,0.036846
14,KACTL,786,0.675888
14,simd-v0,786,0.087021
14,ours-406478,787,0.036865
14,KACTL,787,0.674596
14,simd-v0,787,0.080511
14,393435,787,0.054803
14,KACTL,788,0.680105
14,simd-v0,788,0.080471
14,393435,788,0.054612
14,ours-406478,788,0.036775
14,simd-v0,789,0.080631
14,393435,789,0.054462
14,ours-406478,789,0.036625
14,KACTL,789,0.678953
14,393435,790,0.054722
14,ours-406478,790,0.036855
14,KACTL,790,0.679745
14,simd-v0,790,0.080601
14,ours-406478,791,0.036765
14,KACTL,791,0.678422
14,simd-v0,791,0.080571
14,393435,791,0.054713
14,KACTL,792,0.678282
14,simd-v0,792,0.080621
14,393435,792,0.054572
14,ours-406478,792,0.036766
14,simd-v0,793,0.080411
14,393435,793,0.054512
14,ours-406478,793,0.036685
14,KACTL,793,0.680475
14,393435,794,0.054602
14,ours-406478,794,0.036805
14,KACTL,794,0.673816
14,simd-v0,794,0.080581
14,ours-406478,795,0.036635
14,KACTL,795,0.679234
14,simd-v0,795,0.080391
14,393435,795,0.054732
14,KACTL,796,0.679054
14,simd-v0,796,0.080571
14,393435,796,0.054583
14,ours-406478,796,0.036705
14,simd-v0,797,0.080421
14,393435,797,0.054552
14,ours-406478,797,0.036646
14,KACTL,797,0.678493
14,393435,798,0.054653
14,ours-406478,798,0.036746
14,KACTL,798,0.679163
14,simd-v0,798,0.080552
14,ours-406478,799,0.036725
14,KACTL,799,0.678472
14,simd-v0,799,0.080492
14,393435,799,0.054813
14,KACTL,800,0.673985
14,simd-v0,800,0.080461
14,393435,800,0.054622
14,ours-406478,800,0.036785
14,simd-v0,801,0.080532
14,393435,801,0.054462
14,ours-406478,801,0.036616
14,KACTL,801,0.674126
14,393435,802,0.061113
14,ours-406478,802,0.036826
14,KACTL,802,0.672363
14,simd-v0,802,0.080482
14,ours-406478,803,0.036725
14,KACTL,803,0.678352
14,simd-v0,803,0.080471
14,393435,803,0.054773
14,KACTL,804,0.682279
14,simd-v0,804,0.080501
14,393435,804,0.054612
14,ours-406478,804,0.036786
14,simd-v0,805,0.080531
14,393435,805,0.054442
14,ours-406478,805,0.036676
14,KACTL,805,0.700055
14,393435,806,0.054883
14,ours-406478,806,0.036856
14,KACTL,806,0.679584
14,simd-v0,806,0.080582
14,ours-406478,807,0.036905
14,KACTL,807,0.678813
14,simd-v0,807,0.080572
14,393435,807,0.054873
14,KACTL,808,0.673915
14,simd-v0,808,0.080351
14,393435,808,0.054483
14,ours-406478,808,0.043155
14,simd-v0,809,0.080491
14,393435,809,0.054583
14,ours-406478,809,0.036666
14,KACTL,809,0.675217
14,393435,810,0.054713
14,ours-406478,810,0.036615
14,KACTL,810,0.678623
14,simd-v0,810,0.080511
14,ours-406478,811,0.036776
14,KACTL,811,0.679524
14,simd-v0,811,0.080341
14,393435,811,0.054663
14,KACTL,812,0.678482
14,simd-v0,812,0.080581
14,393435,812,0.054552
14,ours-406478,812,0.036765
14,simd-v0,813,0.080421
14,393435,813,0.054482
14,ours-406478,813,0.036656
14,KACTL,813,0.679664
14,393435,814,0.054622
14,ours-406478,814,0.036746
14,KACTL,814,0.678092
14,simd-v0,814,0.080412
14,ours-406478,815,0.036735
14,KACTL,815,0.673605
14,simd-v0,815,0.080441
14,393435,815,0.060992
14,KACTL,816,0.673855
14,simd-v0,816,0.080601
14,393435,816,0.054623
14,ours-406478,816,0.036725
14,simd-v0,817,0.080452
14,393435,817,0.060902
14,ours-406478,817,0.036705
14,KACTL,817,0.672434
14,393435,818,0.054502
14,ours-406478,818,0.036615
14,KACTL,818,0.677180
14,simd-v0,818,0.080652
14,ours-406478,819,0.036756
14,KACTL,819,0.680896
14,simd-v0,819,0.080432
14,393435,819,0.054742
14,KACTL,820,0.682558
14,simd-v0,820,0.080541
14,393435,820,0.054602
14,ours-406478,820,0.036815
14,simd-v0,821,0.080271
14,393435,821,0.054513
14,ours-406478,821,0.036746
14,KACTL,821,0.681677
14,393435,822,0.054572
14,ours-406478,822,0.036766
14,KACTL,822,0.672523
14,simd-v0,822,0.192190
14,ours-406478,823,0.036795
14,KACTL,823,0.672743
14,simd-v0,823,0.080521
14,393435,823,0.061313
14,KACTL,824,0.672984
14,simd-v0,824,0.080512
14,393435,824,0.054732
14,ours-406478,824,0.036745
14,simd-v0,825,0.080561
14,393435,825,0.061162
14,ours-406478,825,0.036655
14,KACTL,825,0.674427
14,393435,826,0.054462
14,ours-406478,826,0.036745
14,KACTL,826,0.677451
14,simd-v0,826,0.080652
14,ours-406478,827,0.036855
14,KACTL,827,0.680065
14,simd-v0,827,0.080551
14,393435,827,0.054673
14,KACTL,828,0.678572
14,simd-v0,828,0.080371
14,393435,828,0.054482
14,ours-406478,828,0.036825
14,simd-v0,829,0.080581
14,393435,829,0.054552
14,ours-406478,829,0.036665
14,KACTL,829,0.679003
14,393435,830,0.054562
14,ours-406478,830,0.036646
14,KACTL,830,0.673905
14,simd-v0,830,0.086901
14,ours-406478,831,0.036795
14,KACTL,831,0.672874
14,simd-v0,831,0.080491
14,393435,831,0.054703
14,KACTL,832,0.679864
14,simd-v0,832,0.080721
14,393435,832,0.056345
14,ours-406478,832,0.036765
14,simd-v0,833,0.080551
14,393435,833,0.054552
14,ours-406478,833,0.036666
14,KACTL,833,0.680245
14,393435,834,0.054683
14,ours-406478,834,0.036695
14,KACTL,834,0.678483
14,simd-v0,834,0.080601
14,ours-406478,835,0.036675
14,KACTL,835,0.679884
14,simd-v0,835,0.080331
14,393435,835,0.054883
14,KACTL,836,0.679984
14,simd-v0,836,0.080662
14,393435,836,0.054592
14,ours-406478,836,0.036735
14,simd-v0,837,0.080291
14,393435,837,0.054532
14,ours-406478,837,0.036645
14,KACTL,837,0.678973
14,393435,838,0.054672
14,ours-406478,838,0.036705
14,KACTL,838,0.672903
14,simd-v0,838,0.080602
14,ours-406478,839,0.036676
14,KACTL,839,0.679604
14,simd-v0,839,0.080622
14,393435,839,0.054793
14,KACTL,840,0.679203
14,simd-v0,840,0.080631
14,393435,840,0.054522
14,ours-406478,840,0.036725
14,simd-v0,841,0.080381
14,393435,841,0.054512
14,ours-406478,841,0.036616
14,KACTL,841,0.680084
14,393435,842,0.054773
14,ours-406478,842,0.036775
14,KACTL,842,0.678052
14,simd-v0,842,0.080792
14,ours-406478,843,0.036766
14,KACTL,843,0.679725
14,simd-v0,843,0.080511
14,393435,843,0.054703
14,KACTL,844,0.673645
14,simd-v0,844,0.087863
14,393435,844,0.054552
14,ours-406478,844,0.036705
14,simd-v0,845,0.080481
14,393435,845,0.054672
14,ours-406478,845,0.036595
14,KACTL,845,0.671482
14,393435,846,0.061102
14,ours-406478,846,0.036756
14,KACTL,846,0.672563
14,simd-v0,846,0.080381
14,ours-406478,847,0.036686
14,KACTL,847,0.680525
14,simd-v0,847,0.080511
14,393435,847,0.054703
14,KACTL,848,0.679914
14,simd-v0,848,0.080602
14,393435,848,0.054622
14,ours-406478,848,0.036756
14,simd-v0,849,0.080502
14,393435,849,0.054612
14,ours-406478,849,0.036656
14,KACTL,849,0.679964
14,393435,850,0.054593
14,ours-406478,850,0.036646
14,KACTL,850,0.678532
14,simd-v0,850,0.080542
14,ours-406478,851,0.036746
14,KACTL,851,0.674226
14,simd-v0,851,0.086991
14,393435,851,0.054763
14,KACTL,852,0.672533
14,simd-v0,852,0.080431
14,393435,852,0.054542
14,ours-406478,852,0.036816
14,simd-v0,853,0.086751
14,393435,853,0.054662
14,ours-406478,853,0.036635
14,KACTL,853,0.671822
14,393435,854,0.054643
14,ours-406478,854,0.036635
14,KACTL,854,0.679153
14,simd-v0,854,0.080632
14,ours-406478,855,0.036796
14,KACTL,855,0.679604
14,simd-v0,855,0.080431
14,393435,855,0.054662
14,KACTL,856,0.680045
14,simd-v0,856,0.080612
14,393435,856,0.054543
14,ours-406478,856,0.036715
14,simd-v0,857,0.080371
14,393435,857,0.054532
14,ours-406478,857,0.036615
14,KACTL,857,0.678963
14,393435,858,0.054622
14,ours-406478,858,0.036716
14,KACTL,858,0.682489
14,simd-v0,858,0.080632
14,ours-406478,859,0.036765
14,KACTL,859,0.673084
14,simd-v0,859,0.080642
14,393435,859,0.061463
14,KACTL,860,0.673204
14,simd-v0,860,0.080712
14,393435,860,0.054563
14,ours-406478,860,0.036785
14,simd-v0,861,0.080421
14,393435,861,0.060881
14,ours-406478,861,0.036615
14,KACTL,861,0.672624
14,393435,862,0.054592
14,ours-406478,862,0.036586
14,KACTL,862,0.677291
14,simd-v0,862,0.080662
14,ours-406478,863,0.036766
14,KACTL,863,0.678883
14,simd-v0,863,0.080441
14,393435,863,0.054702
14,KACTL,864,0.680325
14,simd-v0,864,0.088763
14,393435,864,0.054872
14,ours-406478,864,0.036875
14,simd-v0,865,0.080541
14,393435,865,0.054462
14,ours-406478,865,0.036616
14,KACTL,865,0.680545
14,393435,866,0.054552
14,ours-406478,866,0.036776
14,KACTL,866,0.673174
14,simd-v0,866,0.087372
14,ours-406478,867,0.036756
14,KACTL,867,0.675848
14,simd-v0,867,0.080521
14,393435,867,0.054743
14,KACTL,868,0.679013
14,simd-v0,868,0.080472
14,393435,868,0.054472
14,ours-406478,868,0.036736
14,simd-v0,869,0.080482
14,393435,869,0.054553
14,ours-406478,869,0.036635
14,KACTL,869,0.679774
14,393435,870,0.054563
14,ours-406478,870,0.036785
14,KACTL,870,0.678903
14,simd-v0,870,0.080612
14,ours-406478,871,0.036696
14,KACTL,871,0.678913
14,simd-v0,871,0.080431
14,393435,871,0.054703
14,KACTL,872,0.679004
14,simd-v0,872,0.080462
14,393435,872,0.054553
14,ours-406478,872,0.036745
14,simd-v0,873,0.080371
14,393435,873,0.054532
14,ours-406478,873,0.036625
14,KACTL,873,0.679564
14,393435,874,0.054593
14,ours-406478,874,0.036745
14,KACTL,874,0.686645
14,simd-v0,874,0.080501
14,ours-406478,875,0.036795
14,KACTL,875,0.679434
14,simd-v0,875,0.080551
14,393435,875,0.054653
14,KACTL,876,0.679453
14,simd-v0,876,0.080391
14,393435,876,0.054582
14,ours-406478,876,0.036765
14,simd-v0,877,0.080532
14,393435,877,0.054462
14,ours-406478,877,0.036566
14,KACTL,877,0.679193
14,393435,878,0.054632
14,ours-406478,878,0.036786
14,KACTL,878,0.678792
14,simd-v0,878,0.080641
14,ours-406478,879,0.036775
14,KACTL,879,0.681817
14,simd-v0,879,0.080522
14,393435,879,0.054742
14,KACTL,880,0.677571
14,simd-v0,880,0.086530
14,393435,880,0.054612
14,ours-406478,880,0.036765
14,simd-v0,881,0.080432
14,393435,881,0.054532
14,ours-406478,881,0.036696
14,KACTL,881,0.672383
14,393435,882,0.061583
14,ours-406478,882,0.036816
14,KACTL,882,0.673635
14,simd-v0,882,0.080551
14,ours-406478,883,0.036666
14,KACTL,883,0.678312
14,simd-v0,883,0.080521
14,393435,883,0.054863
14,KACTL,884,0.679774
14,simd-v0,884,0.080572
14,393435,884,0.054673
14,ours-406478,884,0.036755
14,simd-v0,885,0.080411
14,393435,885,0.054542
14,ours-406478,885,0.036665
14,KACTL,885,0.681107
14,393435,886,0.054642
14,ours-406478,886,0.036765
14,KACTL,886,0.678472
14,simd-v0,886,0.080611
14,ours-406478,887,0.036775
14,KACTL,887,0.679924
14,simd-v0,887,0.080431
14,393435,887,0.054693
14,KACTL,888,0.671733
14,simd-v0,888,0.080582
14,393435,888,0.054412
14,ours-406478,888,0.043375
14,simd-v0,889,0.080511
14,393435,889,0.054632
14,ours-406478,889,0.036656
14,KACTL,889,0.672533
14,393435,890,0.054692
14,ours-406478,890,0.036595
14,KACTL,890,0.679133
14,simd-v0,890,0.082314
14,ours-406478,891,0.036755
14,KACTL,891,0.679394
14,simd-v0,891,0.080401
14,393435,891,0.054843
14,KACTL,892,0.680686
14,simd-v0,892,0.080552
14,393435,892,0.054572
14,ours-406478,892,0.036746
14,simd-v0,893,0.080532
14,393435,893,0.054553
14,ours-406478,893,0.036695
14,KACTL,893,0.679835
14,393435,894,0.054543
14,ours-406478,894,0.036745
14,KACTL,894,0.677951
14,simd-v0,894,0.080541
14,ours-406478,895,0.036786
14,KACTL,895,0.673154
14,simd-v0,895,0.080481
14,393435,895,0.061112
14,KACTL,896,0.672714
14,simd-v0,896,0.080481
14,393435,896,0.054482
14,ours-406478,896,0.036786
14,simd-v0,897,0.080391
14,393435,897,0.065839
14,ours-406478,897,0.036725
14,KACTL,897,0.672524
14,393435,898,0.054582
14,ours-406478,898,0.036676
14,KACTL,898,0.679955
14,simd-v0,898,0.080471
14,ours-406478,899,0.036756
14,KACTL,899,0.679304
14,simd-v0,899,0.080621
14,393435,899,0.054743
14,KACTL,900,0.680125
14,simd-v0,900,0.080522
14,393435,900,0.054573
14,ours-406478,900,0.036795
14,simd-v0,901,0.080481
14,393435,901,0.054492
14,ours-406478,901,0.036685
14,KACTL,901,0.679664
14,393435,902,0.054612
14,ours-406478,902,0.036756
14,KACTL,902,0.674025
14,simd-v0,902,0.086911
14,ours-406478,903,0.036695
14,KACTL,903,0.674306
14,simd-v0,903,0.080531
14,393435,903,0.054662
14,KACTL,904,0.678943
14,simd-v0,904,0.080562
14,393435,904,0.054553
14,ours-406478,904,0.036775
14,simd-v0,905,0.080411
14,393435,905,0.054532
14,ours-406478,905,0.036615
14,KACTL,905,0.680816
14,393435,906,0.054593
14,ours-406478,906,0.036806
14,KACTL,906,0.679994
14,simd-v0,906,0.080611
14,ours-406478,907,0.036776
14,KACTL,907,0.680105
14,simd-v0,907,0.080451
14,393435,907,0.054632
14,KACTL,908,0.678442
14,simd-v0,908,0.080612
14,393435,908,0.054512
14,ours-406478,908,0.036795
14,simd-v0,909,0.080581
14,393435,909,0.054572
14,ours-406478,909,0.036685
14,KACTL,909,0.679825
14,393435,910,0.054592
14,ours-406478,910,0.036765
14,KACTL,910,0.672654
14,simd-v0,910,0.080611
14,ours-406478,911,0.036635
14,KACTL,911,0.679825
14,simd-v0,911,0.080361
14,393435,911,0.054773
14,KACTL,912,0.679023
14,simd-v0,912,0.080491
14,393435,912,0.054562
14,ours-406478,912,0.036776
14,simd-v0,913,0.080331
14,393435,913,0.054582
14,ours-406478,913,0.036615
14,KACTL,913,0.679664
14,393435,914,0.054513
14,ours-406478,914,0.036795
14,KACTL,914,0.680575
14,simd-v0,914,0.080711
14,ours-406478,915,0.036715
14,KACTL,915,0.679904
14,simd-v0,915,0.080522
14,393435,915,0.054702
14,KACTL,916,0.672814
14,simd-v0,916,0.086490
14,393435,916,0.054573
14,ours-406478,916,0.036766
14,simd-v0,917,0.080511
14,393435,917,0.054672
14,ours-406478,917,0.036605
14,KACTL,917,0.673916
14,393435,918,0.062284
14,ours-406478,918,0.036696
14,KACTL,918,0.674075
14,simd-v0,918,0.080602
14,ours-406478,919,0.036625
14,KACTL,919,0.679204
14,simd-v0,919,0.080361
14,393435,919,0.054692
14,KACTL,920,0.678422
14,simd-v0,920,0.080522
14,393435,920,0.054522
14,ours-406478,920,0.036715
14,simd-v0,921,0.080561
14,393435,921,0.054522
14,ours-406478,921,0.036615
14,KACTL,921,0.680315
14,393435,922,0.054562
14,ours-406478,922,0.036786
14,KACTL,922,0.677742
14,simd-v0,922,0.080611
14,ours-406478,923,0.036676
14,KACTL,923,0.681186
14,simd-v0,923,0.080461
14,393435,923,0.054642
14,KACTL,924,0.674286
14,simd-v0,924,0.080581
14,393435,924,0.054592
14,ours-406478,924,0.043275
14,simd-v0,925,0.080581
14,393435,925,0.054773
14,ours-406478,925,0.036705
14,KACTL,925,0.674296
14,393435,926,0.054672
14,ours-406478,926,0.036655
14,KACTL,926,0.679454
14,simd-v0,926,0.080531
14,ours-406478,927,0.036706
14,KACTL,927,0.680225
14,simd-v0,927,0.080532
14,393435,927,0.054762
14,KACTL,928,0.679864
14,simd-v0,928,0.080661
14,393435,928,0.054542
14,ours-406478,928,0.036785
14,simd-v0,929,0.080511
14,393435,929,0.054372
14,ours-406478,929,0.036655
14,KACTL,929,0.680415
14,393435,930,0.054532
14,ours-406478,930,0.036826
14,KACTL,930,0.677110
14,simd-v0,930,0.080582
14,ours-406478,931,0.036705
14,KACTL,931,0.674116
14,simd-v0,931,0.080462
14,393435,931,0.061342
14,KACTL,932,0.674286
14,simd-v0,932,0.080682
14,393435,932,0.054582
14,ours-406478,932,0.036786
14,simd-v0,933,0.080602
14,393435,933,0.060882
14,ours-406478,933,0.036685
14,KACTL,933,0.672724
14,393435,934,0.054723
14,ours-406478,934,0.036685
14,KACTL,934,0.679774
14,simd-v0,934,0.080562
14,ours-406478,935,0.036706
14,KACTL,935,0.683580
14,simd-v0,935,0.080631
14,393435,935,0.054682
14,KACTL,936,0.679254
14,simd-v0,936,0.080551
14,393435,936,0.054582
14,ours-406478,936,0.036776
14,simd-v0,937,0.080542
14,393435,937,0.054482
14,ours-406478,937,0.036636
14,KACTL,937,0.681997
14,393435,938,0.054693
14,ours-406478,938,0.036755
14,KACTL,938,0.673044
14,simd-v0,938,0.087301
14,ours-406478,939,0.036825
14,KACTL,939,0.673415
14,simd-v0,939,0.080331
14,393435,939,0.054622
14,KACTL,940,0.679695
14,simd-v0,940,0.080521
14,393435,940,0.054762
14,ours-406478,940,0.036775
14,simd-v0,941,0.080521
14,393435,941,0.054492
14,ours-406478,941,0.036626
14,KACTL,941,0.679294
14,393435,942,0.054552
14,ours-406478,942,0.036745
14,KACTL,942,0.678442
14,simd-v0,942,0.080621
14,ours-406478,943,0.036796
14,KACTL,943,0.679724
14,simd-v0,943,0.080641
14,393435,943,0.054723
14,KACTL,944,0.680225
14,simd-v0,944,0.080641
14,393435,944,0.054693
14,ours-406478,944,0.036725
14,simd-v0,945,0.080392
14,393435,945,0.054642
14,ours-406478,945,0.036685
14,KACTL,945,0.680195
14,393435,946,0.054583
14,ours-406478,946,0.036695
14,KACTL,946,0.674256
14,simd-v0,946,0.080582
14,ours-406478,947,0.036755
14,KACTL,947,0.679924
14,simd-v0,947,0.080592
14,393435,947,0.054703
14,KACTL,948,0.678222
14,simd-v0,948,0.080591
14,393435,948,0.054512
14,ours-406478,948,0.036735
14,simd-v0,949,0.081974
14,393435,949,0.054462
14,ours-406478,949,0.036675
14,KACTL,949,0.679965
14,393435,950,0.054622
14,ours-406478,950,0.036785
14,KACTL,950,0.678112
14,simd-v0,950,0.080531
14,ours-406478,951,0.036706
14,KACTL,951,0.680205
14,simd-v0,951,0.080452
14,393435,951,0.054692
14,KACTL,952,0.673194
14,simd-v0,952,0.086630
14,393435,952,0.054692
14,ours-406478,952,0.036775
14,simd-v0,953,0.080621
14,393435,953,0.054563
14,ours-406478,953,0.036655
14,KACTL,953,0.700445
14,393435,954,0.054743
14,ours-406478,954,0.036855
14,KACTL,954,0.674366
14,simd-v0,954,0.080561
14,ours-406478,955,0.036755
14,KACTL,955,0.680145
14,simd-v0,955,0.080471
14,393435,955,0.054693
14,KACTL,956,0.680335
14,simd-v0,956,0.080472
14,393435,956,0.054793
14,ours-406478,956,0.036796
14,simd-v0,957,0.080352
14,393435,957,0.054552
14,ours-406478,957,0.036646
14,KACTL,957,0.680735
14,393435,958,0.054602
14,ours-406478,958,0.036835
14,KACTL,958,0.679103
14,simd-v0,958,0.080572
14,ours-406478,959,0.036795
14,KACTL,959,0.678683
14,simd-v0,959,0.080541
14,393435,959,0.054742
14,KACTL,960,0.675248
14,simd-v0,960,0.080681
14,393435,960,0.054562
14,ours-406478,960,0.036825
14,simd-v0,961,0.080491
14,393435,961,0.054542
14,ours-406478,961,0.036665
14,KACTL,961,0.673646
14,393435,962,0.054552
14,ours-406478,962,0.036705
14,KACTL,962,0.680626
14,simd-v0,962,0.080682
14,ours-406478,963,0.036785
14,KACTL,963,0.680796
14,simd-v0,963,0.080482
14,393435,963,0.054672
14,KACTL,964,0.678863
14,simd-v0,964,0.080531
14,393435,964,0.054662
14,ours-406478,964,0.036756
14,simd-v0,965,0.080562
14,393435,965,0.054532
14,ours-406478,965,0.036715
14,KACTL,965,0.680395
14,393435,966,0.054612
14,ours-406478,966,0.036746
14,KACTL,966,0.677400
14,simd-v0,966,0.080621
14,ours-406478,967,0.036816
14,KACTL,967,0.673515
14,simd-v0,967,0.086791
14,393435,967,0.054743
14,KACTL,968,0.673915
14,simd-v0,968,0.080562
14,393435,968,0.054492
14,ours-406478,968,0.036665
14,simd-v0,969,0.086791
14,393435,969,0.054583
14,ours-406478,969,0.036615
14,KACTL,969,0.673585
14,393435,970,0.054672
14,ours-406478,970,0.036615
14,KACTL,970,0.680456
14,simd-v0,970,0.080631
14,ours-406478,971,0.036745
14,KACTL,971,0.686745
14,simd-v0,971,0.080491
14,393435,971,0.054672
14,KACTL,972,0.681657
14,simd-v0,972,0.080461
14,393435,972,0.054733
14,ours-406478,972,0.036795
14,simd-v0,973,0.080461
14,393435,973,0.054512
14,ours-406478,973,0.036595
14,KACTL,973,0.684241
14,393435,974,0.054702
14,ours-406478,974,0.036806
14,KACTL,974,0.678302
14,simd-v0,974,0.080602
14,ours-406478,975,0.036715
14,KACTL,975,0.673876
14,simd-v0,975,0.080531
14,393435,975,0.054682
14,KACTL,976,0.680105
14,simd-v0,976,0.080661
14,393435,976,0.054632
14,ours-406478,976,0.036785
14,simd-v0,977,0.080642
14,393435,977,0.054512
14,ours-406478,977,0.043255
14,KACTL,977,0.673646
14,393435,978,0.054663
14,ours-406478,978,0.036636
14,KACTL,978,0.679754
14,simd-v0,978,0.080541
14,ours-406478,979,0.036726
14,KACTL,979,0.679885
14,simd-v0,979,0.080581
14,393435,979,0.054753
14,KACTL,980,0.678582
14,simd-v0,980,0.080501
14,393435,980,0.054492
14,ours-406478,980,0.036776
14,simd-v0,981,0.080531
14,393435,981,0.054652
14,ours-406478,981,0.036665
14,KACTL,981,0.679754
14,393435,982,0.054622
14,ours-406478,982,0.036785
14,KACTL,982,0.673284
14,simd-v0,982,0.080531
14,ours-406478,983,0.043846
14,KACTL,983,0.673605
14,simd-v0,983,0.082144
14,393435,983,0.054722
14,KACTL,984,0.680425
14,simd-v0,984,0.080552
14,393435,984,0.054613
14,ours-406478,984,0.036795
14,simd-v0,985,0.080461
14,393435,985,0.054653
14,ours-406478,985,0.036665
14,KACTL,985,0.679114
14,393435,986,0.054592
14,ours-406478,986,0.036705
14,KACTL,986,0.679144
14,simd-v0,986,0.080521
14,ours-406478,987,0.036666
14,KACTL,987,0.679714
14,simd-v0,987,0.080491
14,393435,987,0.054703
14,KACTL,988,0.672854
14,simd-v0,988,0.086831
14,393435,988,0.054543
14,ours-406478,988,0.036826
14,simd-v0,989,0.080451
14,393435,989,0.054622
14,ours-406478,989,0.036585
14,KACTL,989,0.680315
14,393435,990,0.054553
14,ours-406478,990,0.036665
14,KACTL,990,0.672734
14,simd-v0,990,0.080471
14,ours-406478,991,0.036725
14,KACTL,991,0.681027
14,simd-v0,991,0.080461
14,393435,991,0.054673
14,KACTL,992,0.678482
14,simd-v0,992,0.080491
14,393435,992,0.054672
14,ours-406478,992,0.036805
14,simd-v0,993,0.080471
14,393435,993,0.054522
14,ours-406478,993,0.036625
14,KACTL,993,0.681076
14,393435,994,0.054562
14,ours-406478,994,0.036686
14,KACTL,994,0.677972
14,simd-v0,994,0.080502
14,ours-406478,995,0.036726
14,KACTL,995,0.681707
14,simd-v0,995,0.080511
14,393435,995,0.054682
14,KACTL,996,0.674096
14,simd-v0,996,0.080441
14,393435,996,0.060671
14,ours-406478,996,0.036726
14,simd-v0,997,0.080551
14,393435,997,0.054512
14,ours-406478,997,0.036675
14,KACTL,997,0.673665
14,393435,998,0.054492
14,ours-406478,998,0.043516
14,KACTL,998,0.671592
14,simd-v0,998,0.080521
14,ours-406478,999,0.036625
14,KACTL,999,0.678973
14,simd-v0,999,0.080521
14,393435,999,0.054782
14,KACTL,1000,0.679264
14,simd-v0,1000,0.080491
14,393435,1000,0.054582
14,ours-406478,1000,0.036755
15,KACTL,0,1.544818
15,simd-v0,0,0.167713
15,393435,0,0.116706
15,ours-406478,0,0.078148
15,simd-v0,1,0.167662
15,393435,1,0.109676
15,ours-406478,1,0.077947
15,KACTL,1,1.551418
15,393435,2,0.109745
15,ours-406478,2,0.077888
15,KACTL,2,1.542744
15,simd-v0,2,0.174203
15,ours-406478,3,0.077817
15,KACTL,3,1.545368
15,simd-v0,3,0.167582
15,393435,3,0.109715
15,KACTL,4,1.548744
15,simd-v0,4,0.167542
15,393435,4,0.111538
15,ours-406478,4,0.077938
15,simd-v0,5,0.174513
15,393435,5,0.109726
15,ours-406478,5,0.077867
15,KACTL,5,1.545109
15,393435,6,0.109765
15,ours-406478,6,0.084627
15,KACTL,6,1.550486
15,simd-v0,6,0.167593
15,ours-406478,7,0.077947
15,KACTL,7,1.576876
15,simd-v0,7,0.167673
15,393435,7,0.109966
15,KACTL,8,1.550396
15,simd-v0,8,0.167722
15,393435,8,0.109686
15,ours-406478,8,0.078028
15,simd-v0,9,0.167663
15,393435,9,0.109575
15,ours-406478,9,0.084717
15,KACTL,9,1.541763
15,393435,10,0.109766
15,ours-406478,10,0.079620
15,KACTL,10,1.547492
15,simd-v0,10,0.167563
15,ours-406478,11,0.077837
15,KACTL,11,1.547281
15,simd-v0,11,0.167983
15,393435,11,0.109686
15,KACTL,12,1.552279
15,simd-v0,12,0.174333
15,393435,12,0.109825
15,ours-406478,12,0.078007
15,simd-v0,13,0.167722
15,393435,13,0.109795
15,ours-406478,13,0.077968
15,KACTL,13,1.659090
15,393435,14,0.109826
15,ours-406478,14,0.078117
15,KACTL,14,1.557918
15,simd-v0,14,0.167712
15,ours-406478,15,0.077958
15,KACTL,15,1.550086
15,simd-v0,15,0.181644
15,393435,15,0.109705
15,KACTL,16,1.548934
15,simd-v0,16,0.189055
15,393435,16,0.109745
15,ours-406478,16,0.077918
15,simd-v0,17,0.167533
15,393435,17,0.109686
15,ours-406478,17,0.078017
15,KACTL,17,1.559890
15,393435,18,0.109795
15,ours-406478,18,0.078078
15,KACTL,18,1.555113
15,simd-v0,18,0.179791
15,ours-406478,19,0.077887
15,KACTL,19,1.547081
15,simd-v0,19,0.167823
15,393435,19,0.123887
15,KACTL,20,1.544497
15,simd-v0,20,0.167593
15,393435,20,0.109816
15,ours-406478,20,0.077938
15,simd-v0,21,0.177718
15,393435,21,0.110136
15,ours-406478,21,0.078168
15,KACTL,21,1.546451
15,393435,22,0.124317
15,ours-406478,22,0.078048
15,KACTL,22,1.547842
15,simd-v0,22,0.167663
15,ours-406478,23,0.077998
15,KACTL,23,1.552320
15,simd-v0,23,0.167773
15,393435,23,0.109916
15,KACTL,24,1.560081
15,simd-v0,24,0.167913
15,393435,24,0.109935
15,ours-406478,24,0.077987
15,simd-v0,25,0.167552
15,393435,25,0.121623
15,ours-406478,25,0.077968
15,KACTL,25,1.551348
15,393435,26,0.109896
15,ours-406478,26,0.078198
15,KACTL,26,1.561984
15,simd-v0,26,0.167693
15,ours-406478,27,0.078098
15,KACTL,27,1.558509
15,simd-v0,27,0.167703
15,393435,27,0.109695
15,KACTL,28,1.561663
15,simd-v0,28,0.167572
15,393435,28,0.109996
15,ours-406478,28,0.078008
15,simd-v0,29,0.167783
15,393435,29,0.109976
15,ours-406478,29,0.078038
15,KACTL,29,1.554773
15,393435,30,0.109945
15,ours-406478,30,0.078058
15,KACTL,30,1.558108
15,simd-v0,30,0.167562
15,ours-406478,31,0.077988
15,KACTL,31,1.549095
15,simd-v0,31,0.167643
15,393435,31,0.109976
15,KACTL,32,1.551608
15,simd-v0,32,0.178209
15,393435,32,0.109996
15,ours-406478,32,0.078057
15,simd-v0,33,0.167613
15,393435,33,0.109836
15,ours-406478,33,0.078018
15,KACTL,33,1.555163
15,393435,34,0.109886
15,ours-406478,34,0.077948
15,KACTL,34,1.549345
15,simd-v0,34,0.178448
15,ours-406478,35,0.078038
15,KACTL,35,1.550406
15,simd-v0,35,0.167803
15,393435,35,0.116846
15,KACTL,36,1.540121
15,simd-v0,36,0.167673
15,393435,36,0.109955
15,ours-406478,36,0.078017
15,simd-v0,37,0.174453
15,393435,37,0.109985
15,ours-406478,37,0.078077
15,KACTL,37,1.541644
15,393435,38,0.116275
15,ours-406478,38,0.078077
15,KACTL,38,1.543966
15,simd-v0,38,0.167442
15,ours-406478,39,0.077978
15,KACTL,39,1.548563
15,simd-v0,39,0.167493
15,393435,39,0.109796
15,KACTL,40,1.550637
15,simd-v0,40,0.167662
15,393435,40,0.109906
15,ours-406478,40,0.077928
15,simd-v0,41,0.169225
15,393435,41,0.110055
15,ours-406478,41,0.084627
15,KACTL,41,1.545278
15,393435,42,0.109956
15,ours-406478,42,0.077987
15,KACTL,42,1.548803
15,simd-v0,42,0.167613
15,ours-406478,43,0.077897
15,KACTL,43,1.546751
15,simd-v0,43,0.167753
15,393435,43,0.109975
15,KACTL,44,1.552409
15,simd-v0,44,0.167683
15,393435,44,0.110136
15,ours-406478,44,0.078047
15,simd-v0,45,0.168043
15,393435,45,0.110015
15,ours-406478,45,0.078047
15,KACTL,45,1.547893
15,393435,46,0.110006
15,ours-406478,46,0.078078
15,KACTL,46,1.549185
15,simd-v0,46,0.167793
15,ours-406478,47,0.077928
15,KACTL,47,1.545519
15,simd-v0,47,0.173992
15,393435,47,0.109976
15,KACTL,48,1.546079
15,simd-v0,48,0.167953
15,393435,48,0.117638
15,ours-406478,48,0.078107
15,simd-v0,49,0.167392
15,393435,49,0.110006
15,ours-406478,49,0.077938
15,KACTL,49,1.543886
15,393435,50,0.109936
15,ours-406478,50,0.078137
15,KACTL,50,1.541833
15,simd-v0,50,0.167623
15,ours-406478,51,0.084528
15,KACTL,51,1.544327
15,simd-v0,51,0.167723
15,393435,51,0.109956
15,KACTL,52,1.559100
15,simd-v0,52,0.167813
15,393435,52,0.110005
15,ours-406478,52,0.078077
15,simd-v0,53,0.174643
15,393435,53,0.110066
15,ours-406478,53,0.077937
15,KACTL,53,1.544738
15,393435,54,0.110026
15,ours-406478,54,0.078048
15,KACTL,54,1.545629
15,simd-v0,54,0.167903
15,ours-406478,55,0.078048
15,KACTL,55,1.552480
15,simd-v0,55,0.167893
15,393435,55,0.109875
15,KACTL,56,1.551267
15,simd-v0,56,0.167693
15,393435,56,0.110096
15,ours-406478,56,0.077967
15,simd-v0,57,0.167573
15,393435,57,0.110016
15,ours-406478,57,0.077878
15,KACTL,57,1.548553
15,393435,58,0.109985
15,ours-406478,58,0.078037
15,KACTL,58,1.548253
15,simd-v0,58,0.167823
15,ours-406478,59,0.078018
15,KACTL,59,1.551538
15,simd-v0,59,0.167723
15,393435,59,0.109955
15,KACTL,60,1.546510
15,simd-v0,60,0.174263
15,393435,60,0.110016
15,ours-406478,60,0.077887
15,simd-v0,61,0.167863
15,393435,61,0.110035
15,ours-406478,61,0.077947
15,KACTL,61,1.548994
15,393435,62,0.109935
15,ours-406478,62,0.077977
15,KACTL,62,1.542725
15,simd-v0,62,0.174122
15,ours-406478,63,0.077817
15,KACTL,63,1.547442
15,simd-v0,63,0.167953
15,393435,63,0.116416
15,KACTL,64,1.546000
15,simd-v0,64,0.167572
15,393435,64,0.109896
15,ours-406478,64,0.077997
15,simd-v0,65,0.174393
15,393435,65,0.110025
15,ours-406478,65,0.077958
15,KACTL,65,1.543206
15,393435,66,0.116425
15,ours-406478,66,0.077997
15,KACTL,66,1.544157
15,simd-v0,66,0.169525
15,ours-406478,67,0.077988
15,KACTL,67,1.550286
15,simd-v0,67,0.167683
15,393435,67,0.109986
15,KACTL,68,1.550977
15,simd-v0,68,0.167693
15,393435,68,0.109985
15,ours-406478,68,0.078048
15,simd-v0,69,0.167653
15,393435,69,0.110116
15,ours-406478,69,0.084517
15,KACTL,69,1.545949
15,393435,70,0.119160
15,ours-406478,70,0.077988
15,KACTL,70,1.547231
15,simd-v0,70,0.167763
15,ours-406478,71,0.078068
15,KACTL,71,1.548734
15,simd-v0,71,0.167743
15,393435,71,0.109745
15,KACTL,72,1.552339
15,simd-v0,72,0.167853
15,393435,72,0.109795
15,ours-406478,72,0.078027
15,simd-v0,73,0.167552
15,393435,73,0.109715
15,ours-406478,73,0.077968
15,KACTL,73,1.546951
15,393435,74,0.109876
15,ours-406478,74,0.078118
15,KACTL,74,1.547031
15,simd-v0,74,0.167613
15,ours-406478,75,0.078038
15,KACTL,75,1.544918
15,simd-v0,75,0.174563
15,393435,75,0.109725
15,KACTL,76,1.547752
15,simd-v0,76,0.167562
15,393435,76,0.116145
15,ours-406478,76,0.077967
15,simd-v0,77,0.167793
15,393435,77,0.109765
15,ours-406478,77,0.077967
15,KACTL,77,1.550737
15,393435,78,0.109746
15,ours-406478,78,0.078088
15,KACTL,78,1.545189
15,simd-v0,78,0.167502
15,ours-406478,79,0.077967
15,KACTL,79,1.544227
15,simd-v0,79,0.167763
15,393435,79,0.109785
15,KACTL,80,1.556255
15,simd-v0,80,0.171539
15,393435,80,0.109896
15,ours-406478,80,0.078118
15,simd-v0,81,0.174443
15,393435,81,0.109785
15,ours-406478,81,0.078097
15,KACTL,81,1.544067
15,393435,82,0.109816
15,ours-406478,82,0.078008
15,KACTL,82,1.546671
15,simd-v0,82,0.175034
15,ours-406478,83,0.078137
15,KACTL,83,1.573441
15,simd-v0,83,0.167643
15,393435,83,0.109635
15,KACTL,84,1.550426
15,simd-v0,84,0.167633
15,393435,84,0.109806
15,ours-406478,84,0.077958
15,simd-v0,85,0.167523
15,393435,85,0.109655
15,ours-406478,85,0.077947
15,KACTL,85,1.549325
15,393435,86,0.109595
15,ours-406478,86,0.077987
15,KACTL,86,1.553160
15,simd-v0,86,0.167412
15,ours-406478,87,0.077957
15,KACTL,87,1.551097
15,simd-v0,87,0.167994
15,393435,87,0.110086
15,KACTL,88,1.545930
15,simd-v0,88,0.174683
15,393435,88,0.110026
15,ours-406478,88,0.078087
15,simd-v0,89,0.167453
15,393435,89,0.109816
15,ours-406478,89,0.078017
15,KACTL,89,1.547471
15,393435,90,0.109916
15,ours-406478,90,0.077958
15,KACTL,90,1.546841
15,simd-v0,90,0.167803
15,ours-406478,91,0.077968
15,KACTL,91,1.546000
15,simd-v0,91,0.167823
15,393435,91,0.109876
15,KACTL,92,1.547622
15,simd-v0,92,0.169446
15,393435,92,0.110005
15,ours-406478,92,0.084727
15,simd-v0,93,0.167622
15,393435,93,0.109976
15,ours-406478,93,0.077957
15,KACTL,93,1.540431
15,393435,94,0.116566
15,ours-406478,94,0.077948
15,KACTL,94,1.546129
15,simd-v0,94,0.167823
15,ours-406478,95,0.077957
15,KACTL,95,1.548804
15,simd-v0,95,0.167913
15,393435,95,0.110026
15,KACTL,96,1.549324
15,simd-v0,96,0.167573
15,393435,96,0.109966
15,ours-406478,96,0.078068
15,simd-v0,97,0.167713
15,393435,97,0.116605
15,ours-406478,97,0.078027
15,KACTL,97,1.550055
15,393435,98,0.111758
15,ours-406478,98,0.077968
15,KACTL,98,1.549225
15,simd-v0,98,0.167582
15,ours-406478,99,0.077888
15,KACTL,99,1.547793
15,simd-v0,99,0.167852
15,393435,99,0.110096
15,KACTL,100,1.550867
15,simd-v0,100,0.167492
15,393435,100,0.109875
15,ours-406478,100,0.077977
15,simd-v0,101,0.167582
15,393435,101,0.109735
15,ours-406478,101,0.077968
15,KACTL,101,1.548564
15,393435,102,0.110016
15,ours-406478,102,0.078028
15,KACTL,102,1.544217
15,simd-v0,102,0.167683
15,ours-406478,103,0.077947
15,KACTL,103,1.594894
15,simd-v0,103,0.167533
15,393435,103,0.109905
15,KACTL,104,1.542765
15,simd-v0,104,0.174263
15,393435,104,0.109985
15,ours-406478,104,0.078158
15,simd-v0,105,0.167563
15,393435,105,0.116015
15,ours-406478,105,0.078137
15,KACTL,105,1.587172
15,393435,106,0.109836
15,ours-406478,106,0.077828
15,KACTL,106,1.544988
15,simd-v0,106,0.174072
15,ours-406478,107,0.078078
15,KACTL,107,1.545088
15,simd-v0,107,0.167633
15,393435,107,0.126841
15,KACTL,108,1.544507
15,simd-v0,108,0.167863
15,393435,108,0.109935
15,ours-406478,108,0.084798
15,simd-v0,109,0.167362
15,393435,109,0.110056
15,ours-406478,109,0.077907
15,KACTL,109,1.542755
15,393435,110,0.116406
15,ours-406478,110,0.078058
15,KACTL,110,1.548784
15,simd-v0,110,0.168013
15,ours-406478,111,0.077797
15,KACTL,111,1.550056
15,simd-v0,111,0.167542
15,393435,111,0.109916
15,KACTL,112,1.547642
15,simd-v0,112,0.167613
15,393435,112,0.109885
15,ours-406478,112,0.077998
15,simd-v0,113,0.167703
15,393435,113,0.116466
15,ours-406478,113,0.078148
15,KACTL,113,1.547432
15,393435,114,0.109996
15,ours-406478,114,0.078027
15,KACTL,114,1.548583
15,simd-v0,114,0.167583
15,ours-406478,115,0.077947
15,KACTL,115,1.549084
15,simd-v0,115,0.167592
15,393435,115,0.109906
15,KACTL,116,1.588714
15,simd-v0,116,0.167702
15,393435,116,0.110095
15,ours-406478,116,0.077977
15,simd-v0,117,0.167673
15,393435,117,0.109986
15,ours-406478,117,0.078027
15,KACTL,117,1.550456
15,393435,118,0.109886
15,ours-406478,118,0.077988
15,KACTL,118,1.549475
15,simd-v0,118,0.167663
15,ours-406478,119,0.077917
15,KACTL,119,1.549424
15,simd-v0,119,0.174373
15,393435,119,0.109826
15,KACTL,120,1.553731
15,simd-v0,120,0.174423
15,393435,120,0.110036
15,ours-406478,120,0.077968
15,simd-v0,121,0.167793
15,393435,121,0.109895
15,ours-406478,121,0.078008
15,KACTL,121,1.545729
15,393435,122,0.109865
15,ours-406478,122,0.078027
15,KACTL,122,1.543686
15,simd-v0,122,0.175304
15,ours-406478,123,0.078017
15,KACTL,123,1.546290
15,simd-v0,123,0.169395
15,393435,123,0.109906
15,KACTL,124,1.548864
15,simd-v0,124,0.167843
15,393435,124,0.109966
15,ours-406478,124,0.078028
15,simd-v0,125,0.174123
15,393435,125,0.109925
15,ours-406478,125,0.077908
15,KACTL,125,1.541593
15,393435,126,0.109816
15,ours-406478,126,0.084627
15,KACTL,126,1.554703
15,simd-v0,126,0.167863
15,ours-406478,127,0.077948
15,KACTL,127,1.547462
15,simd-v0,127,0.167613
15,393435,127,0.109985
15,KACTL,128,1.551117
15,simd-v0,128,0.168013
15,393435,128,0.109906
15,ours-406478,128,0.078088
15,simd-v0,129,0.169465
15,393435,129,0.110136
15,ours-406478,129,0.084597
15,KACTL,129,1.544447
15,393435,130,0.109976
15,ours-406478,130,0.077997
15,KACTL,130,1.549004
15,simd-v0,130,0.167613
15,ours-406478,131,0.077988
15,KACTL,131,1.550336
15,simd-v0,131,0.167743
15,393435,131,0.109926
15,KACTL,132,1.541754
15,simd-v0,132,0.174573
15,393435,132,0.109815
15,ours-406478,132,0.077918
15,simd-v0,133,0.167613
15,393435,133,0.109906
15,ours-406478,133,0.078007
15,KACTL,133,1.557857
15,393435,134,0.109916
15,ours-406478,134,0.078038
15,KACTL,134,1.555704
15,simd-v0,134,0.167823
15,ours-406478,135,0.078017
15,KACTL,135,1.542805
15,simd-v0,135,0.174183
15,393435,135,0.109965
15,KACTL,136,1.546871
15,simd-v0,136,0.167923
15,393435,136,0.116585
15,ours-406478,136,0.077988
15,simd-v0,137,0.167543
15,393435,137,0.110116
15,ours-406478,137,0.077988
15,KACTL,137,1.551498
15,393435,138,0.109865
15,ours-406478,138,0.077967
15,KACTL,138,1.542454
15,simd-v0,138,0.167583
15,ours-406478,139,0.084398
15,KACTL,139,1.547662
15,simd-v0,139,0.167453
15,393435,139,0.109875
15,KACTL,140,1.554823
15,simd-v0,140,0.167662
15,393435,140,0.109926
15,ours-406478,140,0.077968
15,simd-v0,141,0.167593
15,393435,141,0.116846
15,ours-406478,141,0.077947
15,KACTL,141,1.544507
15,393435,142,0.109936
15,ours-406478,142,0.078038
15,KACTL,142,1.556696
15,simd-v0,142,0.167692
15,ours-406478,143,0.077958
15,KACTL,143,1.548273
15,simd-v0,143,0.167602
15,393435,143,0.109976
15,KACTL,144,1.554743
15,simd-v0,144,0.167563
15,393435,144,0.110056
15,ours-406478,144,0.077998
15,simd-v0,145,0.167663
15,393435,145,0.109896
15,ours-406478,145,0.077907
15,KACTL,145,1.543796
15,393435,146,0.109946
15,ours-406478,146,0.077908
15,KACTL,146,1.549815
15,simd-v0,146,0.167803
15,ours-406478,147,0.077957
15,KACTL,147,1.548764
15,simd-v0,147,0.167412
15,393435,147,0.109815
15,KACTL,148,1.545438
15,simd-v0,148,0.173922
15,393435,148,0.109916
15,ours-406478,148,0.077898
15,simd-v0,149,0.167442
15,393435,149,0.110035
15,ours-406478,149,0.077927
15,KACTL,149,1.546531
15,393435,150,0.110006
15,ours-406478,150,0.078088
15,KACTL,150,1.542314
15,simd-v0,150,0.174392
15,ours-406478,151,0.078088
15,KACTL,151,1.546290
15,simd-v0,151,0.167382
15,393435,151,0.116626
15,KACTL,152,1.545508
15,simd-v0,152,0.167623
15,393435,152,0.109876
15,ours-406478,152,0.077968
15,simd-v0,153,0.174392
15,393435,153,0.110005
15,ours-406478,153,0.078007
15,KACTL,153,1.547272
15,393435,154,0.116436
15,ours-406478,154,0.078188
15,KACTL,154,1.547412
15,simd-v0,154,0.167573
15,ours-406478,155,0.077947
15,KACTL,155,1.548563
15,simd-v0,155,0.167792
15,393435,155,0.109946
15,KACTL,156,1.548955
15,simd-v0,156,0.167663
15,393435,156,0.109936
15,ours-406478,156,0.077967
15,simd-v0,157,0.167582
15,393435,157,0.109785
15,ours-406478,157,0.084908
15,KACTL,157,1.545659
15,393435,158,0.109906
15,ours-406478,158,0.077978
15,KACTL,158,1.548664
15,simd-v0,158,0.167923
15,ours-406478,159,0.077887
15,KACTL,159,1.551157
15,simd-v0,159,0.167743
15,393435,159,0.109976
15,KACTL,160,1.552710
15,simd-v0,160,0.167853
15,393435,160,0.109835
15,ours-406478,160,0.077978
15,simd-v0,161,0.167753
15,393435,161,0.109916
15,ours-406478,161,0.077948
15,KACTL,161,1.547321
15,393435,162,0.110105
15,ours-406478,162,0.077988
15,KACTL,162,1.547692
15,simd-v0,162,0.167412
15,ours-406478,163,0.078038
15,KACTL,163,1.546651
15,simd-v0,163,0.174563
15,393435,163,0.109986
15,KACTL,164,1.547282
15,simd-v0,164,0.167803
15,393435,164,0.116346
15,ours-406478,164,0.078018
15,simd-v0,165,0.167592
15,393435,165,0.109835
15,ours-406478,165,0.078037
15,KACTL,165,1.551148
15,393435,166,0.110016
15,ours-406478,166,0.077938
15,KACTL,166,1.545048
15,simd-v0,166,0.167352
15,ours-406478,167,0.084667
15,KACTL,167,1.542074
15,simd-v0,167,0.167552
15,393435,167,0.109916
15,KACTL,168,1.551168
15,simd-v0,168,0.167783
15,393435,168,0.109946
15,ours-406478,168,0.078038
15,simd-v0,169,0.174293
15,393435,169,0.110066
15,ours-406478,169,0.077968
15,KACTL,169,1.544227
15,393435,170,0.109986
15,ours-406478,170,0.077978
15,KACTL,170,1.553000
15,simd-v0,170,0.167723
15,ours-406478,171,0.077998
15,KACTL,171,1.555354
15,simd-v0,171,0.167693
15,393435,171,0.110066
15,KACTL,172,1.548603
15,simd-v0,172,0.167513
15,393435,172,0.109935
15,ours-406478,172,0.077917
15,simd-v0,173,0.167643
15,393435,173,0.109926
15,ours-406478,173,0.078017
15,KACTL,173,1.548733
15,393435,174,0.110015
15,ours-406478,174,0.078027
15,KACTL,174,1.546891
15,simd-v0,174,0.167482
15,ours-406478,175,0.077957
15,KACTL,175,1.549385
15,simd-v0,175,0.167653
15,393435,175,0.110046
15,KACTL,176,1.544637
15,simd-v0,176,0.174083
15,393435,176,0.109875
15,ours-406478,176,0.078057
15,simd-v0,177,0.167703
15,393435,177,0.109976
15,ours-406478,177,0.078027
15,KACTL,177,1.545108
15,393435,178,0.109916
15,ours-406478,178,0.078038
15,KACTL,178,1.543937
15,simd-v0,178,0.174052
15,ours-406478,179,0.077887
15,KACTL,179,1.547471
15,simd-v0,179,0.167743
15,393435,179,0.116566
15,KACTL,180,1.547332
15,simd-v0,180,0.168013
15,393435,180,0.109986
15,ours-406478,180,0.078017
15,simd-v0,181,0.174132
15,393435,181,0.109996
15,ours-406478,181,0.077927
15,KACTL,181,1.542625
15,393435,182,0.116325
15,ours-406478,182,0.078068
15,KACTL,182,1.545449
15,simd-v0,182,0.167763
15,ours-406478,183,0.078038
15,KACTL,183,1.545228
15,simd-v0,183,0.167493
15,393435,183,0.109895
15,KACTL,184,1.550276
15,simd-v0,184,0.167602
15,393435,184,0.109835
15,ours-406478,184,0.078108
15,simd-v0,185,0.167713
15,393435,185,0.109936
15,ours-406478,185,0.084638
15,KACTL,185,1.544907
15,393435,186,0.109935
15,ours-406478,186,0.078077
15,KACTL,186,1.548463
15,simd-v0,186,0.167753
15,ours-406478,187,0.077897
15,KACTL,187,1.550426
15,simd-v0,187,0.167492
15,393435,187,0.109926
15,KACTL,188,1.557056
15,simd-v0,188,0.167702
15,393435,188,0.109926
15,ours-406478,188,0.077958
15,simd-v0,189,0.167843
15,393435,189,0.109985
15,ours-406478,189,0.078007
15,KACTL,189,1.546310
15,393435,190,0.109855
15,ours-406478,190,0.077938
15,KACTL,190,1.545860
15,simd-v0,190,0.167363
15,ours-406478,191,0.077958
15,KACTL,191,1.544668
15,simd-v0,191,0.174192
15,393435,191,0.110026
15,KACTL,192,1.547372
15,simd-v0,192,0.167623
15,393435,192,0.116565
15,ours-406478,192,0.078158
15,simd-v0,193,0.167593
15,393435,193,0.109916
15,ours-406478,193,0.078028
15,KACTL,193,1.549985
15,393435,194,0.110086
15,ours-406478,194,0.078008
15,KACTL,194,1.542474
15,simd-v0,194,0.167823
15,ours-406478,195,0.084537
15,KACTL,195,1.543196
15,simd-v0,195,0.167592
15,393435,195,0.109926
15,KACTL,196,1.551828
15,simd-v0,196,0.167392
15,393435,196,0.109966
15,ours-406478,196,0.077948
15,simd-v0,197,0.174022
15,393435,197,0.110026
15,ours-406478,197,0.077957
15,KACTL,197,1.544878
15,393435,198,0.109996
15,ours-406478,198,0.078048
15,KACTL,198,1.547953
15,simd-v0,198,0.167822
15,ours-406478,199,0.077997
15,KACTL,199,1.566120
15,simd-v0,199,0.167773
15,393435,199,0.109995
15,KACTL,200,1.549935
15,simd-v0,200,0.167612
15,393435,200,0.109715
15,ours-406478,200,0.077997
15,simd-v0,201,0.167833
15,393435,201,0.109785
15,ours-406478,201,0.078098
15,KACTL,201,1.547112
15,393435,202,0.109655
15,ours-406478,202,0.078038
15,KACTL,202,1.549495
15,simd-v0,202,0.167662
15,ours-406478,203,0.078058
15,KACTL,203,1.551198
15,simd-v0,203,0.167743
15,393435,203,0.109705
15,KACTL,204,1.548023
15,simd-v0,204,0.174743
15,393435,204,0.109726
15,ours-406478,204,0.077928
15,simd-v0,205,0.167733
15,393435,205,0.109605
15,ours-406478,205,0.078047
15,KACTL,205,1.549715
15,393435,206,0.109766
15,ours-406478,206,0.078108
15,KACTL,206,1.542805
15,simd-v0,206,0.174533
15,ours-406478,207,0.078098
15,KACTL,207,1.545899
15,simd-v0,207,0.167843
15,393435,207,0.116425
15,KACTL,208,1.544998
15,simd-v0,208,0.167743
15,393435,208,0.109595
15,ours-406478,208,0.077908
15,simd-v0,209,0.167442
15,393435,209,0.109645
15,ours-406478,209,0.077907
15,KACTL,209,1.542264
15,393435,210,0.116095
15,ours-406478,210,0.078088
15,KACTL,210,1.544427
15,simd-v0,210,0.167673
15,ours-406478,211,0.077968
15,KACTL,211,1.551098
15,simd-v0,211,0.167552
15,393435,211,0.109726
15,KACTL,212,1.551008
15,simd-v0,212,0.167793
15,393435,212,0.109575
15,ours-406478,212,0.077907
15,simd-v0,213,0.167642
15,393435,213,0.116325
15,ours-406478,213,0.078058
15,KACTL,213,1.547322
15,393435,214,0.109715
15,ours-406478,214,0.077927
15,KACTL,214,1.550867
15,simd-v0,214,0.167563
15,ours-406478,215,0.077948
15,KACTL,215,1.564958
15,simd-v0,215,0.168024
15,393435,215,0.110006
15,KACTL,216,1.550737
15,simd-v0,216,0.167883
15,393435,216,0.109826
15,ours-406478,216,0.078008
15,simd-v0,217,0.167563
15,393435,217,0.109836
15,ours-406478,217,0.078068
15,KACTL,217,1.546721
15,393435,218,0.110075
15,ours-406478,218,0.078028
15,KACTL,218,1.547963
15,simd-v0,218,0.167682
15,ours-406478,219,0.077977
15,KACTL,219,1.547301
15,simd-v0,219,0.174192
15,393435,219,0.109826
15,KACTL,220,1.544888
15,simd-v0,220,0.167563
15,393435,220,0.117877
15,ours-406478,220,0.078058
15,simd-v0,221,0.167953
15,393435,221,0.109945
15,ours-406478,221,0.078007
15,KACTL,221,1.548624
15,393435,222,0.109976
15,ours-406478,222,0.078048
15,KACTL,222,1.546079
15,simd-v0,222,0.174212
15,ours-406478,223,0.077968
15,KACTL,223,1.543917
15,simd-v0,223,0.167763
15,393435,223,0.109866
15,KACTL,224,1.552540
15,simd-v0,224,0.167422
15,393435,224,0.109935
15,ours-406478,224,0.078117
15,simd-v0,225,0.174292
15,393435,225,0.109995
15,ours-406478,225,0.078077
15,KACTL,225,1.542565
15,393435,226,0.109866
15,ours-406478,226,0.084518
15,KACTL,226,1.540492
15,simd-v0,226,0.167442
15,ours-406478,227,0.077967
15,KACTL,227,1.553831
15,simd-v0,227,0.167552
15,393435,227,0.109956
15,KACTL,228,1.550727
15,simd-v0,228,0.167893
15,393435,228,0.109995
15,ours-406478,228,0.077947
15,simd-v0,229,0.167973
15,393435,229,0.109966
15,ours-406478,229,0.077968
15,KACTL,229,1.547191
15,393435,230,0.109876
15,ours-406478,230,0.078038
15,KACTL,230,1.547182
15,simd-v0,230,0.167722
15,ours-406478,231,0.078048
15,KACTL,231,1.550166
15,simd-v0,231,0.167422
15,393435,231,0.109936
15,KACTL,232,1.546230
15,simd-v0,232,0.173872
15,393435,232,0.109825
15,ours-406478,232,0.078007
15,simd-v0,233,0.167802
15,393435,233,0.109805
15,ours-406478,233,0.077978
15,KACTL,233,1.551258
15,393435,234,0.109905
15,ours-406478,234,0.077957
15,KACTL,234,1.567682
15,simd-v0,234,0.167813
15,ours-406478,235,0.077857
15,KACTL,235,1.543856
15,simd-v0,235,0.167452
15,393435,235,0.116445
15,KACTL,236,1.542455
15,simd-v0,236,0.167773
15,393435,236,0.109745
15,ours-406478,236,0.084547
15,simd-v0,237,0.167613
15,393435,237,0.109996
15,ours-406478,237,0.077967
15,KACTL,237,1.543346
15,393435,238,0.116246
15,ours-406478,238,0.078068
15,KACTL,238,1.544437
15,simd-v0,238,0.167773
15,ours-406478,239,0.078078
15,KACTL,239,1.547572
15,simd-v0,239,0.167763
15,393435,239,0.109815
15,KACTL,240,1.549585
15,simd-v0,240,0.167532
15,393435,240,0.110006
15,ours-406478,240,0.077877
15,simd-v0,241,0.167463
15,393435,241,0.116336
15,ours-406478,241,0.077918
15,KACTL,241,1.544137
15,393435,242,0.109936
15,ours-406478,242,0.077888
15,KACTL,242,1.549986
15,simd-v0,242,0.167472
15,ours-406478,243,0.077937
15,KACTL,243,1.549154
15,simd-v0,243,0.167533
15,393435,243,0.109885
15,KACTL,244,1.551568
15,simd-v0,244,0.167492
15,393435,244,0.109845
15,ours-406478,244,0.077927
15,simd-v0,245,0.167472
15,393435,245,0.109865
15,ours-406478,245,0.077918
15,KACTL,245,1.548163
15,393435,246,0.109936
15,ours-406478,246,0.077897
15,KACTL,246,1.924309
15,simd-v0,246,0.167843
15,ours-406478,247,0.077948
15,KACTL,247,1.549586
15,simd-v0,247,0.169124
15,393435,247,0.109946
15,KACTL,248,1.550115
15,simd-v0,248,0.167693
15,393435,248,0.109885
15,ours-406478,248,0.077997
15,simd-v0,249,0.167413
15,393435,249,0.109936
15,ours-406478,249,0.078087
15,KACTL,249,1.548052
15,393435,250,0.109856
15,ours-406478,250,0.077977
15,KACTL,250,1.550947
15,simd-v0,250,0.168284
15,ours-406478,251,0.078248
15,KACTL,251,1.557677
15,simd-v0,251,0.168314
15,393435,251,0.110206
15,KACTL,252,1.551398
15,simd-v0,252,0.174593
15,393435,252,0.110096
15,ours-406478,252,0.078198
15,simd-v0,253,0.169335
15,393435,253,0.110136
15,ours-406478,253,0.078087
15,KACTL,253,1.549986
15,393435,254,0.109886
15,ours-406478,254,0.078068
15,KACTL,254,1.542244
15,simd-v0,254,0.174323
15,ours-406478,255,0.077997
15,KACTL,255,1.546290
15,simd-v0,255,0.173302
15,393435,255,0.117517
15,KACTL,256,1.542714
15,simd-v0,256,0.167813
15,393435,256,0.109916
15,ours-406478,256,0.084408
15,simd-v0,257,0.167512
15,393435,257,0.109966
15,ours-406478,257,0.077927
15,KACTL,257,1.579870
15,393435,258,0.116356
15,ours-406478,258,0.077987
15,KACTL,258,1.549425
15,simd-v0,258,0.167793
15,ours-406478,259,0.077957
15,KACTL,259,1.540481
15,simd-v0,259,0.167863
15,393435,259,0.110026
15,KACTL,260,1.559149
15,simd-v0,260,0.167332
15,393435,260,0.109825
15,ours-406478,260,0.082183
15,simd-v0,261,0.167743
15,393435,261,0.122054
15,ours-406478,261,0.078198
15,KACTL,261,1.549995
15,393435,262,0.109675
15,ours-406478,262,0.077997
15,KACTL,262,1.546190
15,simd-v0,262,0.167612
15,ours-406478,263,0.077857
15,KACTL,263,1.549705
15,simd-v0,263,0.167472
15,393435,263,0.109635
15,KACTL,264,1.553841
15,simd-v0,264,0.167612
15,393435,264,0.109736
15,ours-406478,264,0.078018
15,simd-v0,265,0.167523
15,393435,265,0.109656
15,ours-406478,265,0.077947
15,KACTL,265,1.547222
15,393435,266,0.109645
15,ours-406478,266,0.077987
15,KACTL,266,1.553781
15,simd-v0,266,0.167913
15,ours-406478,267,0.077947
15,KACTL,267,1.543926
15,simd-v0,267,0.168394
15,393435,267,0.109976
15,KACTL,268,1.542975
15,simd-v0,268,0.173982
15,393435,268,0.109906
15,ours-406478,268,0.077937
15,simd-v0,269,0.167742
15,393435,269,0.109946
15,ours-406478,269,0.077927
15,KACTL,269,1.545499
15,393435,270,0.109915
15,ours-406478,270,0.078037
15,KACTL,270,1.542674
15,simd-v0,270,0.174063
15,ours-406478,271,0.077877
15,KACTL,271,1.544708
15,simd-v0,271,0.167833
15,393435,271,0.116546
15,KACTL,272,1.543656
15,simd-v0,272,0.167693
15,393435,272,0.110005
15,ours-406478,272,0.078107
15,simd-v0,273,0.173902
15,393435,273,0.110025
15,ours-406478,273,0.078047
15,KACTL,273,1.542645
15,393435,274,0.110036
15,ours-406478,274,0.084558
15,KACTL,274,1.542434
15,simd-v0,274,0.167593
15,ours-406478,275,0.078809
15,KACTL,275,1.551007
15,simd-v0,275,0.167643
15,393435,275,0.109826
15,KACTL,276,1.551428
15,simd-v0,276,0.167873
15,393435,276,0.110086
15,ours-406478,276,0.078278
15,simd-v0,277,0.167863
15,393435,277,0.110035
15,ours-406478,277,0.084667
15,KACTL,277,1.545639
15,393435,278,0.109926
15,ours-406478,278,0.077937
15,KACTL,278,1.548403
15,simd-v0,278,0.169315
15,ours-406478,279,0.077958
15,KACTL,279,1.545979
15,simd-v0,279,0.167742
15,393435,279,0.109896
15,KACTL,280,1.546140
15,simd-v0,280,0.174012
15,393435,280,0.109876
15,ours-406478,280,0.078048
15,simd-v0,281,0.167693
15,393435,281,0.109996
15,ours-406478,281,0.078068
15,KACTL,281,1.547532
15,393435,282,0.110076
15,ours-406478,282,0.078078
15,KACTL,282,1.547422
15,simd-v0,282,0.167673
15,ours-406478,283,0.078077
15,KACTL,283,1.545419
15,simd-v0,283,0.174072
15,393435,283,0.110046
15,KACTL,284,1.546321
15,simd-v0,284,0.167672
15,393435,284,0.109946
15,ours-406478,284,0.089315
15,simd-v0,285,0.167703
15,393435,285,0.109886
15,ours-406478,285,0.078008
15,KACTL,285,1.551278
15,393435,286,0.109995
15,ours-406478,286,0.077927
15,KACTL,286,1.542815
15,simd-v0,286,0.167572
15,ours-406478,287,0.084497
15,KACTL,287,1.541884
15,simd-v0,287,0.167953
15,393435,287,0.109986
15,KACTL,288,1.550006
15,simd-v0,288,0.167883
15,393435,288,0.109936
15,ours-406478,288,0.078028
15,simd-v0,289,0.167783
15,393435,289,0.116606
15,ours-406478,289,0.077988
15,KACTL,289,1.547382
15,393435,290,0.109905
15,ours-406478,290,0.078077
15,KACTL,290,1.549175
15,simd-v0,290,0.167692
15,ours-406478,291,0.078008
15,KACTL,291,1.549355
15,simd-v0,291,0.167762
15,393435,291,0.109736
15,KACTL,292,1.550947
15,simd-v0,292,0.167462
15,393435,292,0.109896
15,ours-406478,292,0.077937
15,simd-v0,293,0.167642
15,393435,293,0.109846
15,ours-406478,293,0.077997
15,KACTL,293,1.547291
15,393435,294,0.110005
15,ours-406478,294,0.078108
15,KACTL,294,1.547522
15,simd-v0,294,0.167583
15,ours-406478,295,0.078028
15,KACTL,295,1.542845
15,simd-v0,295,0.174212
15,393435,295,0.109886
15,KACTL,296,1.544978
15,simd-v0,296,0.174413
15,393435,296,0.109926
15,ours-406478,296,0.077898
15,simd-v0,297,0.167703
15,393435,297,0.109895
15,ours-406478,297,0.077977
15,KACTL,297,1.548434
15,393435,298,0.110026
15,ours-406478,298,0.078038
15,KACTL,298,1.544077
15,simd-v0,298,0.174032
15,ours-406478,299,0.077957
15,KACTL,299,1.543666
15,simd-v0,299,0.167943
15,393435,299,0.110026
15,KACTL,300,1.546721
15,simd-v0,300,0.167683
15,393435,300,0.109926
15,ours-406478,300,0.077917
15,simd-v0,301,0.174142
15,393435,301,0.109926
15,ours-406478,301,0.078078
15,KACTL,301,1.543275
15,393435,302,0.109915
15,ours-406478,302,0.088564
15,KACTL,302,1.541392
15,simd-v0,302,0.167513
15,ours-406478,303,0.077928
15,KACTL,303,1.554353
15,simd-v0,303,0.167693
15,393435,303,0.109986
15,KACTL,304,1.549335
15,simd-v0,304,0.169114
15,393435,304,0.110026
15,ours-406478,304,0.078007
15,simd-v0,305,0.167643
15,393435,305,0.109826
15,ours-406478,305,0.084778
15,KACTL,305,1.543366
15,393435,306,0.109936
15,ours-406478,306,0.077967
15,KACTL,306,1.548133
15,simd-v0,306,0.167602
15,ours-406478,307,0.078038
15,KACTL,307,1.550176
15,simd-v0,307,0.167823
15,393435,307,0.110076
15,KACTL,308,1.546010
15,simd-v0,308,0.173952
15,393435,308,0.109955
15,ours-406478,308,0.077967
15,simd-v0,309,0.167323
15,393435,309,0.109866
15,ours-406478,309,0.077867
15,KACTL,309,1.545699
15,393435,310,0.111719
15,ours-406478,310,0.078058
15,KACTL,310,1.546140
15,simd-v0,310,0.167422
15,ours-406478,311,0.077857
15,KACTL,311,1.546230
15,simd-v0,311,0.175104
15,393435,311,0.110015
15,KACTL,312,1.543535
15,simd-v0,312,0.167382
15,393435,312,0.109915
15,ours-406478,312,0.084377
15,simd-v0,313,0.167733
15,393435,313,0.110036
15,ours-406478,313,0.078098
15,KACTL,313,1.549865
15,393435,314,0.110015
15,ours-406478,314,0.077997
15,KACTL,314,1.540772
15,simd-v0,314,0.167582
15,ours-406478,315,0.084768
15,KACTL,315,1.540822
15,simd-v0,315,0.167602
15,393435,315,0.110026
15,KACTL,316,1.548433
15,simd-v0,316,0.167783
15,393435,316,0.109976
15,ours-406478,316,0.078067
15,simd-v0,317,0.167954
15,393435,317,0.116856
15,ours-406478,317,0.078128
15,KACTL,317,1.547632
15,393435,318,0.110026
15,ours-406478,318,0.078037
15,KACTL,318,1.546570
15,simd-v0,318,0.167593
15,ours-406478,319,0.077998
15,KACTL,319,1.554382
15,simd-v0,319,0.167663
15,393435,319,0.109976
15,KACTL,320,1.551898
15,simd-v0,320,0.167833
15,393435,320,0.110036
15,ours-406478,320,0.077967
15,simd-v0,321,0.167373
15,393435,321,0.109876
15,ours-406478,321,0.078077
15,KACTL,321,1.548764
15,393435,322,0.110096
15,ours-406478,322,0.077997
15,KACTL,322,1.549124
15,simd-v0,322,0.167763
15,ours-406478,323,0.077868
15,KACTL,323,1.562004
15,simd-v0,323,0.167843
15,393435,323,0.110075
15,KACTL,324,1.546981
15,simd-v0,324,0.174443
15,393435,324,0.109906
15,ours-406478,324,0.078248
15,simd-v0,325,0.167813
15,393435,325,0.109905
15,ours-406478,325,0.078028
15,KACTL,325,1.549615
15,393435,326,0.110066
15,ours-406478,326,0.077907
15,KACTL,326,1.542455
15,simd-v0,326,0.174433
15,ours-406478,327,0.077937
15,KACTL,327,1.545900
15,simd-v0,327,0.167903
15,393435,327,0.116526
15,KACTL,328,1.543416
15,simd-v0,328,0.167622
15,393435,328,0.109936
15,ours-406478,328,0.077998
15,simd-v0,329,0.174463
15,393435,329,0.110086
15,ours-406478,329,0.085589
15,KACTL,329,1.542405
15,393435,330,0.109786
15,ours-406478,330,0.077907
15,KACTL,330,1.542184
15,simd-v0,330,0.167443
15,ours-406478,331,0.077988
15,KACTL,331,1.548493
15,simd-v0,331,0.167743
15,393435,331,0.109916
15,KACTL,332,1.551999
15,simd-v0,332,0.167683
15,393435,332,0.109906
15,ours-406478,332,0.077988
15,simd-v0,333,0.167522
15,393435,333,0.109865
15,ours-406478,333,0.084778
15,KACTL,333,1.542234
15,393435,334,0.109956
15,ours-406478,334,0.077887
15,KACTL,334,1.551338
15,simd-v0,334,0.167702
15,ours-406478,335,0.077918
15,KACTL,335,1.550527
15,simd-v0,335,0.167663
15,393435,335,0.111749
15,KACTL,336,1.555964
15,simd-v0,336,0.167873
15,393435,336,0.109855
15,ours-406478,336,0.077888
15,simd-v0,337,0.167543
15,393435,337,0.110036
15,ours-406478,337,0.078148
15,KACTL,337,1.547212
15,393435,338,0.110036
15,ours-406478,338,0.078058
15,KACTL,338,1.545609
15,simd-v0,338,0.167753
15,ours-406478,339,0.078037
15,KACTL,339,1.544267
15,simd-v0,339,0.181383
15,393435,339,0.112710
15,KACTL,340,1.542935
15,simd-v0,340,0.167873
15,393435,340,0.116696
15,ours-406478,340,0.078147
15,simd-v0,341,0.167783
15,393435,341,0.111638
15,ours-406478,341,0.077898
15,KACTL,341,1.548724
15,393435,342,0.109955
15,ours-406478,342,0.077907
15,KACTL,342,1.544147
15,simd-v0,342,0.167823
15,ours-406478,343,0.084528
15,KACTL,343,1.543666
15,simd-v0,343,0.167613
15,393435,343,0.109905
15,KACTL,344,1.551648
15,simd-v0,344,0.167693
15,393435,344,0.109966
15,ours-406478,344,0.077927
15,simd-v0,345,0.174222
15,393435,345,0.109956
15,ours-406478,345,0.077907
15,KACTL,345,1.542033
15,393435,346,0.109935
15,ours-406478,346,0.077898
15,KACTL,346,1.544337
15,simd-v0,346,0.167683
15,ours-406478,347,0.077817
15,KACTL,347,1.549265
15,simd-v0,347,0.167472
15,393435,347,0.109976
15,KACTL,348,1.575565
15,simd-v0,348,0.167823
15,393435,348,0.110116
15,ours-406478,348,0.077937
15,simd-v0,349,0.167453
15,393435,349,0.109896
15,ours-406478,349,0.077868
15,KACTL,349,1.546260
15,393435,350,0.110026
15,ours-406478,350,0.077918
15,KACTL,350,1.546521
15,simd-v0,350,0.167622
15,ours-406478,351,0.077827
15,KACTL,351,1.549565
15,simd-v0,351,0.167653
15,393435,351,0.109895
15,KACTL,352,1.547362
15,simd-v0,352,0.174513
15,393435,352,0.110136
15,ours-406478,352,0.077847
15,simd-v0,353,0.167462
15,393435,353,0.109915
15,ours-406478,353,0.077817
15,KACTL,353,1.546641
15,393435,354,0.109995
15,ours-406478,354,0.077897
15,KACTL,354,1.543536
15,simd-v0,354,0.174112
15,ours-406478,355,0.077958
15,KACTL,355,1.544548
15,simd-v0,355,0.167933
15,393435,355,0.116615
15,KACTL,356,1.545840
15,simd-v0,356,0.167742
15,393435,356,0.109886
15,ours-406478,356,0.077877
15,simd-v0,357,0.178308
15,393435,357,0.109936
15,ours-406478,357,0.077887
15,KACTL,357,1.544337
15,393435,358,0.116335
15,ours-406478,358,0.078028
15,KACTL,358,1.544428
15,simd-v0,358,0.167672
15,ours-406478,359,0.077898
15,KACTL,359,1.545018
15,simd-v0,359,0.167803
15,393435,359,0.109856
15,KACTL,360,1.549414
15,simd-v0,360,0.167653
15,393435,360,0.109905
15,ours-406478,360,0.077947
15,simd-v0,361,0.167442
15,393435,361,0.109886
15,ours-406478,361,0.084577
15,KACTL,361,1.545649
15,393435,362,0.109865
15,ours-406478,362,0.077907
15,KACTL,362,1.549815
15,simd-v0,362,0.167563
15,ours-406478,363,0.077898
15,KACTL,363,1.550136
15,simd-v0,363,0.172800
15,393435,363,0.109936
15,KACTL,364,1.547302
15,simd-v0,364,0.167643
15,393435,364,0.109905
15,ours-406478,364,0.077937
15,simd-v0,365,0.167502
15,393435,365,0.110006
15,ours-406478,365,0.077897
15,KACTL,365,1.548924
15,393435,366,0.110055
15,ours-406478,366,0.077857
15,KACTL,366,1.548163
15,simd-v0,366,0.167582
15,ours-406478,367,0.077847
15,KACTL,367,1.543045
15,simd-v0,367,0.174332
15,393435,367,0.109985
15,KACTL,368,1.547742
15,simd-v0,368,0.167683
15,393435,368,0.116566
15,ours-406478,368,0.078027
15,simd-v0,369,0.167623
15,393435,369,0.109886
15,ours-406478,369,0.077847
15,KACTL,369,1.552038
15,393435,370,0.109975
15,ours-406478,370,0.077877
15,KACTL,370,1.544127
15,simd-v0,370,0.167693
15,ours-406478,371,0.084627
15,KACTL,371,1.543285
15,simd-v0,371,0.167642
15,393435,371,0.109966
15,KACTL,372,1.550206
15,simd-v0,372,0.167532
15,393435,372,0.109975
15,ours-406478,372,0.077967
15,simd-v0,373,0.174223
15,393435,373,0.109985
15,ours-406478,373,0.077918
15,KACTL,373,1.562975
15,393435,374,0.110136
15,ours-406478,374,0.078007
15,KACTL,374,1.551228
15,simd-v0,374,0.167713
15,ours-406478,375,0.077867
15,KACTL,375,1.549445
15,simd-v0,375,0.167903
15,393435,375,0.109935
15,KACTL,376,1.550326
15,simd-v0,376,0.167793
15,393435,376,0.109935
15,ours-406478,376,0.077918
15,simd-v0,377,0.167783
15,393435,377,0.109996
15,ours-406478,377,0.077757
15,KACTL,377,1.549194
15,393435,378,0.109986
15,ours-406478,378,0.077907
15,KACTL,378,1.547291
15,simd-v0,378,0.167533
15,ours-406478,379,0.077907
15,KACTL,379,1.549394
15,simd-v0,379,0.167913
15,393435,379,0.109926
15,KACTL,380,1.548333
15,simd-v0,380,0.174092
15,393435,380,0.109976
15,ours-406478,380,0.077938
15,simd-v0,381,0.167823
15,393435,381,0.109906
15,ours-406478,381,0.077817
15,KACTL,381,1.551548
15,393435,382,0.110056
15,ours-406478,382,0.077968
15,KACTL,382,1.541583
15,simd-v0,382,0.178319
15,ours-406478,383,0.077938
15,KACTL,383,1.548103
15,simd-v0,383,0.167622
15,393435,383,0.117878
15,KACTL,384,1.544998
15,simd-v0,384,0.167653
15,393435,384,0.109855
15,ours-406478,384,0.084608
15,simd-v0,385,0.167642
15,393435,385,0.109946
15,ours-406478,385,0.078047
15,KACTL,385,1.543806
15,393435,386,0.116366
15,ours-406478,386,0.077938
15,KACTL,386,1.542965
15,simd-v0,386,0.167642
15,ours-406478,387,0.077957
15,KACTL,387,1.558158
15,simd-v0,387,0.167632
15,393435,387,0.110036
15,KACTL,388,1.561423
15,simd-v0,388,0.167462
15,393435,388,0.109626
15,ours-406478,388,0.077877
15,simd-v0,389,0.167542
15,393435,389,0.116386
15,ours-406478,389,0.077897
15,KACTL,389,1.545098
15,393435,390,0.109866
15,ours-406478,390,0.077898
15,KACTL,390,1.545198
15,simd-v0,390,0.167643
15,ours-406478,391,0.077847
15,KACTL,391,1.551789
15,simd-v0,391,0.167623
15,393435,391,0.109906
15,KACTL,392,1.551688
15,simd-v0,392,0.167763
15,393435,392,0.109926
15,ours-406478,392,0.079640
15,simd-v0,393,0.167532
15,393435,393,0.109905
15,ours-406478,393,0.077897
15,KACTL,393,1.557537
15,393435,394,0.109916
15,ours-406478,394,0.078028
15,KACTL,394,1.547322
15,simd-v0,394,0.167843
15,ours-406478,395,0.078048
15,KACTL,395,1.544508
15,simd-v0,395,0.174453
15,393435,395,0.110096
15,KACTL,396,1.545279
15,simd-v0,396,0.167532
15,393435,396,0.117066
15,ours-406478,396,0.077937
15,simd-v0,397,0.167502
15,393435,397,0.109975
15,ours-406478,397,0.077968
15,KACTL,397,1.550917
15,393435,398,0.110026
15,ours-406478,398,0.077947
15,KACTL,398,1.544908
15,simd-v0,398,0.174232
15,ours-406478,399,0.077907
15,KACTL,399,1.544958
15,simd-v0,399,0.167643
15,393435,399,0.110106
15,KACTL,400,1.552379
15,simd-v0,400,0.167673
15,393435,400,0.110005
15,ours-406478,400,0.077877
15,simd-v0,401,0.174263
15,393435,401,0.109965
15,ours-406478,401,0.078047
15,KACTL,401,1.544197
15,393435,402,0.110095
15,ours-406478,402,0.084507
15,KACTL,402,1.542795
15,simd-v0,402,0.167813
15,ours-406478,403,0.077897
15,KACTL,403,1.552599
15,simd-v0,403,0.167652
15,393435,403,0.109976
15,KACTL,404,1.553291
15,simd-v0,404,0.167672
15,393435,404,0.109856
15,ours-406478,404,0.077837
15,simd-v0,405,0.167472
15,393435,405,0.110025
15,ours-406478,405,0.084558
15,KACTL,405,1.544948
15,393435,406,0.110207
15,ours-406478,406,0.077957
15,KACTL,406,1.549325
15,simd-v0,406,0.167752
15,ours-406478,407,0.077947
15,KACTL,407,1.550717
15,simd-v0,407,0.167833
15,393435,407,0.109885
15,KACTL,408,1.632470
15,simd-v0,408,0.167752
15,393435,408,0.109706
15,ours-406478,408,0.078068
15,simd-v0,409,0.167863
15,393435,409,0.109715
15,ours-406478,409,0.078057
15,KACTL,409,1.554973
15,393435,410,0.109715
15,ours-406478,410,0.077978
15,KACTL,410,1.544417
15,simd-v0,410,0.167733
15,ours-406478,411,0.077887
15,KACTL,411,1.542334
15,simd-v0,411,0.174453
15,393435,411,0.109735
15,KACTL,412,1.544687
15,simd-v0,412,0.167533
15,393435,412,0.116796
15,ours-406478,412,0.077998
15,simd-v0,413,0.167833
15,393435,413,0.109756
15,ours-406478,413,0.077958
15,KACTL,413,1.552840
15,393435,414,0.110186
15,ours-406478,414,0.078268
15,KACTL,414,1.593452
15,simd-v0,414,0.174953
15,ours-406478,415,0.078058
15,KACTL,415,1.544037
15,simd-v0,415,0.167793
15,393435,415,0.109785
15,KACTL,416,1.568002
15,simd-v0,416,0.167883
15,393435,416,0.109946
15,ours-406478,416,0.077967
15,simd-v0,417,0.174683
15,393435,417,0.110006
15,ours-406478,417,0.077887
15,KACTL,417,1.546060
15,393435,418,0.109866
15,ours-406478,418,0.084718
15,KACTL,418,1.542955
15,simd-v0,418,0.168353
15,ours-406478,419,0.078228
15,KACTL,419,1.553611
15,simd-v0,419,0.168313
15,393435,419,0.110126
15,KACTL,420,1.553891
15,simd-v0,420,0.167653
15,393435,420,0.110166
15,ours-406478,420,0.078028
15,simd-v0,421,0.167873
15,393435,421,0.110116
15,ours-406478,421,0.084758
15,KACTL,421,1.548193
15,393435,422,0.109946
15,ours-406478,422,0.077998
15,KACTL,422,1.549194
15,simd-v0,422,0.167643
15,ours-406478,423,0.078048
15,KACTL,423,1.552940
15,simd-v0,423,0.168224
15,393435,423,0.112399
15,KACTL,424,1.556065
15,simd-v0,424,0.167973
15,393435,424,0.110106
15,ours-406478,424,0.078117
15,simd-v0,425,0.168053
15,393435,425,0.109986
15,ours-406478,425,0.078058
15,KACTL,425,1.552840
15,393435,426,0.110086
15,ours-406478,426,0.077897
15,KACTL,426,1.546740
15,simd-v0,426,0.167563
15,ours-406478,427,0.077987
15,KACTL,427,1.542124
15,simd-v0,427,0.174543
15,393435,427,0.109986
15,KACTL,428,1.569144
15,simd-v0,428,0.168253
15,393435,428,0.117006
15,ours-406478,428,0.078117
15,simd-v0,429,0.168173
15,393435,429,0.111979
15,ours-406478,429,0.078268
15,KACTL,429,1.553301
15,393435,430,0.110046
15,ours-406478,430,0.078017
15,KACTL,430,1.544367
15,simd-v0,430,0.168314
15,ours-406478,431,0.095965
15,KACTL,431,1.548403
15,simd-v0,431,0.167602
15,393435,431,0.110106
15,KACTL,432,1.551298
15,simd-v0,432,0.167623
15,393435,432,0.109816
15,ours-406478,432,0.077897
15,simd-v0,433,0.174212
15,393435,433,0.110066
15,ours-406478,433,0.077938
15,KACTL,433,1.550426
15,393435,434,0.110287
15,ours-406478,434,0.084948
15,KACTL,434,1.544978
15,simd-v0,434,0.167963
15,ours-406478,435,0.077998
15,KACTL,435,1.550907
15,simd-v0,435,0.167583
15,393435,435,0.110006
15,KACTL,436,1.550856
15,simd-v0,436,0.167633
15,393435,436,0.110016
15,ours-406478,436,0.077917
15,simd-v0,437,0.167672
15,393435,437,0.109936
15,ours-406478,437,0.077897
15,KACTL,437,1.549385
15,393435,438,0.110136
15,ours-406478,438,0.078098
15,KACTL,438,1.553301
15,simd-v0,438,0.168644
15,ours-406478,439,0.078158
15,KACTL,439,1.556656
15,simd-v0,439,0.168123
15,393435,439,0.110076
15,KACTL,440,1.549435
15,simd-v0,440,0.174383
15,393435,440,0.110146
15,ours-406478,440,0.078048
15,simd-v0,441,0.167904
15,393435,441,0.110136
15,ours-406478,441,0.078077
15,KACTL,441,1.547081
15,393435,442,0.109976
15,ours-406478,442,0.077887
15,KACTL,442,1.551798
15,simd-v0,442,0.167963
15,ours-406478,443,0.077917
15,KACTL,443,1.544958
15,simd-v0,443,0.168675
15,393435,443,0.110496
15,KACTL,444,1.549966
15,simd-v0,444,0.167983
15,393435,444,0.110156
15,ours-406478,444,0.084858
15,simd-v0,445,0.168133
15,393435,445,0.110336
15,ours-406478,445,0.077998
15,KACTL,445,1.545158
15,393435,446,0.116556
15,ours-406478,446,0.078017
15,KACTL,446,1.544678
15,simd-v0,446,0.167683
15,ours-406478,447,0.077897
15,KACTL,447,1.641133
15,simd-v0,447,0.167823
15,393435,447,0.110016
15,KACTL,448,1.560562
15,simd-v0,448,0.168754
15,393435,448,0.110496
15,ours-406478,448,0.078258
15,simd-v0,449,0.176196
15,393435,449,0.110296
15,ours-406478,449,0.078218
15,KACTL,449,1.550196
15,393435,450,0.110176
15,ours-406478,450,0.084778
15,KACTL,450,1.543717
15,simd-v0,450,0.167592
15,ours-406478,451,0.077877
15,KACTL,451,1.548473
15,simd-v0,451,0.167863
15,393435,451,0.109806
15,KACTL,452,1.552900
15,simd-v0,452,0.167573
15,393435,452,0.109915
15,ours-406478,452,0.077948
15,simd-v0,453,0.167753
15,393435,453,0.109886
15,ours-406478,453,0.077968
15,KACTL,453,1.554743
15,393435,454,0.109956
15,ours-406478,454,0.077968
15,KACTL,454,1.544698
15,simd-v0,454,0.169215
15,ours-406478,455,0.078008
15,KACTL,455,1.548814
15,simd-v0,455,0.167753
15,393435,455,0.109986
15,KACTL,456,1.546190
15,simd-v0,456,0.174183
15,393435,456,0.109905
15,ours-406478,456,0.077857
15,simd-v0,457,0.167763
15,393435,457,0.110036
15,ours-406478,457,0.077867
15,KACTL,457,1.549354
15,393435,458,0.110006
15,ours-406478,458,0.077957
15,KACTL,458,1.559720
15,simd-v0,458,0.167923
15,ours-406478,459,0.077938
15,KACTL,459,1.542945
15,simd-v0,459,0.167433
15,393435,459,0.116385
15,KACTL,460,1.542214
15,simd-v0,460,0.167843
15,393435,460,0.109995
15,ours-406478,460,0.084597
15,simd-v0,461,0.167933
15,393435,461,0.110036
15,ours-406478,461,0.078028
15,KACTL,461,1.544077
15,393435,462,0.116425
15,ours-406478,462,0.077797
15,KACTL,462,1.541002
15,simd-v0,462,0.167542
15,ours-406478,463,0.077887
15,KACTL,463,1.549144
15,simd-v0,463,0.167383
15,393435,463,0.109836
15,KACTL,464,1.552079
15,simd-v0,464,0.167582
15,393435,464,0.109825
15,ours-406478,464,0.077907
15,simd-v0,465,0.167622
15,393435,465,0.121493
15,ours-406478,465,0.077867
15,KACTL,465,1.548403
15,393435,466,0.109906
15,ours-406478,466,0.077857
15,KACTL,466,1.545268
15,simd-v0,466,0.167853
15,ours-406478,467,0.077907
15,KACTL,467,1.549975
15,simd-v0,467,0.167803
15,393435,467,0.109976
15,KACTL,468,1.550957
15,simd-v0,468,0.167633
15,393435,468,0.109855
15,ours-406478,468,0.077897
15,simd-v0,469,0.167642
15,393435,469,0.109896
15,ours-406478,469,0.077837
15,KACTL,469,1.547702
15,393435,470,0.109985
15,ours-406478,470,0.078037
15,KACTL,470,1.547922
15,simd-v0,470,0.167502
15,ours-406478,471,0.077908
15,KACTL,471,1.542685
15,simd-v0,471,0.174483
15,393435,471,0.109946
15,KACTL,472,1.545519
15,simd-v0,472,0.167893
15,393435,472,0.116526
15,ours-406478,472,0.078038
15,simd-v0,473,0.167483
15,393435,473,0.109946
15,ours-406478,473,0.077927
15,KACTL,473,1.549384
15,393435,474,0.109956
15,ours-406478,474,0.077897
15,KACTL,474,1.543515
15,simd-v0,474,0.174033
15,ours-406478,475,0.077967
15,KACTL,475,1.543566
15,simd-v0,475,0.167813
15,393435,475,0.109846
15,KACTL,476,1.549876
15,simd-v0,476,0.167652
15,393435,476,0.109936
15,ours-406478,476,0.077847
15,simd-v0,477,0.174233
15,393435,477,0.110186
15,ours-406478,477,0.077807
15,KACTL,477,1.542144
15,393435,478,0.109846
15,ours-406478,478,0.084487
15,KACTL,478,1.542264
15,simd-v0,478,0.167412
15,ours-406478,479,0.077858
15,KACTL,479,1.548774
15,simd-v0,479,0.167813
15,393435,479,0.109925
15,KACTL,480,1.553210
15,simd-v0,480,0.169286
15,393435,480,0.109925
15,ours-406478,480,0.077897
15,simd-v0,481,0.167783
15,393435,481,0.109855
15,ours-406478,481,0.077888
15,KACTL,481,1.556696
15,393435,482,0.109776
15,ours-406478,482,0.077927
15,KACTL,482,1.546901
15,simd-v0,482,0.167392
15,ours-406478,483,0.077797
15,KACTL,483,1.548263
15,simd-v0,483,0.167612
15,393435,483,0.109866
15,KACTL,484,1.548754
15,simd-v0,484,0.174703
15,393435,484,0.109886
15,ours-406478,484,0.077908
15,simd-v0,485,0.167783
15,393435,485,0.110036
15,ours-406478,485,0.078057
15,KACTL,485,1.548153
15,393435,486,0.109865
15,ours-406478,486,0.077937
15,KACTL,486,1.540541
15,simd-v0,486,0.167873
15,ours-406478,487,0.077867
15,KACTL,487,1.544277
15,simd-v0,487,0.167672
15,393435,487,0.116255
15,KACTL,488,1.543105
15,simd-v0,488,0.167563
15,393435,488,0.109886
15,ours-406478,488,0.084478
15,simd-v0,489,0.167472
15,393435,489,0.109806
15,ours-406478,489,0.077887
15,KACTL,489,1.544247
15,393435,490,0.116746
15,ours-406478,490,0.077957
15,KACTL,490,1.545249
15,simd-v0,490,0.167643
15,ours-406478,491,0.077908
15,KACTL,491,1.551078
15,simd-v0,491,0.167662
15,393435,491,0.109996
15,KACTL,492,1.551338
15,simd-v0,492,0.167562
15,393435,492,0.109926
15,ours-406478,492,0.077857
15,simd-v0,493,0.167683
15,393435,493,0.117578
15,ours-406478,493,0.078028
15,KACTL,493,1.569174
15,393435,494,0.110236
15,ours-406478,494,0.078038
15,KACTL,494,1.651719
15,simd-v0,494,0.168144
15,ours-406478,495,0.078108
15,KACTL,495,1.552259
15,simd-v0,495,0.167883
15,393435,495,0.110115
15,KACTL,496,1.553891
15,simd-v0,496,0.167553
15,393435,496,0.109905
15,ours-406478,496,0.077897
15,simd-v0,497,0.167702
15,393435,497,0.109856
15,ours-406478,497,0.077897
15,KACTL,497,1.559791
15,393435,498,0.109836
15,ours-406478,498,0.077988
15,KACTL,498,1.553191
15,simd-v0,498,0.167393
15,ours-406478,499,0.077797
15,KACTL,499,1.549836
15,simd-v0,499,0.167432
15,393435,499,0.110036
15,KACTL,500,1.547572
15,simd-v0,500,0.174202
15,393435,500,0.109896
15,ours-406478,500,0.077907
15,simd-v0,501,0.167843
15,393435,501,0.109966
15,ours-406478,501,0.077948
15,KACTL,501,1.551267
15,393435,502,0.110025
15,ours-406478,502,0.077927
15,KACTL,502,1.544848
15,simd-v0,502,0.167493
15,ours-406478,503,0.077827
15,KACTL,503,1.540993
15,simd-v0,503,0.167863
15,393435,503,0.116556
15,KACTL,504,1.543376
15,simd-v0,504,0.167712
15,393435,504,0.109836
15,ours-406478,504,0.084567
15,simd-v0,505,0.167512
15,393435,505,0.109825
15,ours-406478,505,0.077817
15,KACTL,505,1.543796
15,393435,506,0.116295
15,ours-406478,506,0.077918
15,KACTL,506,1.545779
15,simd-v0,506,0.168023
15,ours-406478,507,0.077817
15,KACTL,507,1.546850
15,simd-v0,507,0.167672
15,393435,507,0.109915
15,KACTL,508,1.553130
15,simd-v0,508,0.167643
15,393435,508,0.109766
15,ours-406478,508,0.077918
15,simd-v0,509,0.167432
15,393435,509,0.117437
15,ours-406478,509,0.077887
15,KACTL,509,1.549245
15,393435,510,0.109896
15,ours-406478,510,0.077957
15,KACTL,510,1.545769
15,simd-v0,510,0.167633
15,ours-406478,511,0.077928
15,KACTL,511,1.547422
15,simd-v0,511,0.167743
15,393435,511,0.109905
15,KACTL,512,1.549485
15,simd-v0,512,0.167613
15,393435,512,0.109895
15,ours-406478,512,0.077937
15,simd-v0,513,0.167623
15,393435,513,0.109855
15,ours-406478,513,0.077837
15,KACTL,513,1.560071
15,393435,514,0.109865
15,ours-406478,514,0.077737
15,KACTL,514,1.558889
15,simd-v0,514,0.167702
15,ours-406478,515,0.082335
15,KACTL,515,1.552760
15,simd-v0,515,0.173862
15,393435,515,0.109976
15,KACTL,516,1.549274
15,simd-v0,516,0.174292
15,393435,516,0.110065
15,ours-406478,516,0.078007
15,simd-v0,517,0.167582
15,393435,517,0.110046
15,ours-406478,517,0.077877
15,KACTL,517,1.551358
15,393435,518,0.109976
15,ours-406478,518,0.077837
15,KACTL,518,1.547022
15,simd-v0,518,0.174242
15,ours-406478,519,0.077907
15,KACTL,519,1.547562
15,simd-v0,519,0.167682
15,393435,519,0.116526
15,KACTL,520,1.551108
15,simd-v0,520,0.167423
15,393435,520,0.109975
15,ours-406478,520,0.077917
15,simd-v0,521,0.173822
15,393435,521,0.109936
15,ours-406478,521,0.077967
15,KACTL,521,1.549195
15,393435,522,0.116275
15,ours-406478,522,0.078018
15,KACTL,522,1.547112
15,simd-v0,522,0.167673
15,ours-406478,523,0.077978
15,KACTL,523,1.552630
15,simd-v0,523,0.167853
15,393435,523,0.109935
15,KACTL,524,1.555474
15,simd-v0,524,0.167602
15,393435,524,0.109916
15,ours-406478,524,0.077917
15,simd-v0,525,0.167673
15,393435,525,0.109886
15,ours-406478,525,0.084367
15,KACTL,525,1.546911
15,393435,526,0.109946
15,ours-406478,526,0.077898
15,KACTL,526,1.549796
15,simd-v0,526,0.167682
15,ours-406478,527,0.077907
15,KACTL,527,1.555604
15,simd-v0,527,0.167622
15,393435,527,0.109885
15,KACTL,528,1.551998
15,simd-v0,528,0.167513
15,393435,528,0.109775
15,ours-406478,528,0.077907
15,simd-v0,529,0.167682
15,393435,529,0.110016
15,ours-406478,529,0.077807
15,KACTL,529,1.553001
15,393435,530,0.109936
15,ours-406478,530,0.077907
15,KACTL,530,1.547672
15,simd-v0,530,0.167533
15,ours-406478,531,0.077857
15,KACTL,531,1.550056
15,simd-v0,531,0.177497
15,393435,531,0.110096
15,KACTL,532,1.551959
15,simd-v0,532,0.167733
15,393435,532,0.116626
15,ours-406478,532,0.077867
15,simd-v0,533,0.167442
15,393435,533,0.109865
15,ours-406478,533,0.077898
15,KACTL,533,1.553110
15,393435,534,0.109876
15,ours-406478,534,0.077917
15,KACTL,534,1.546120
15,simd-v0,534,0.167673
15,ours-406478,535,0.077907
15,KACTL,535,1.546390
15,simd-v0,535,0.167643
15,393435,535,0.109865
15,KACTL,536,1.552289
15,simd-v0,536,0.167693
15,393435,536,0.109965
15,ours-406478,536,0.077957
15,simd-v0,537,0.174183
15,393435,537,0.109875
15,ours-406478,537,0.077937
15,KACTL,537,1.548183
15,393435,538,0.109876
15,ours-406478,538,0.077828
15,KACTL,538,1.562965
15,simd-v0,538,0.167934
15,ours-406478,539,0.077807
15,KACTL,539,1.551427
15,simd-v0,539,0.167262
15,393435,539,0.109846
15,KACTL,540,1.603807
15,simd-v0,540,0.167773
15,393435,540,0.110026
15,ours-406478,540,0.078108
15,simd-v0,541,0.167693
15,393435,541,0.109925
15,ours-406478,541,0.084918
15,KACTL,541,1.549094
15,393435,542,0.109966
15,ours-406478,542,0.077877
15,KACTL,542,1.551197
15,simd-v0,542,0.167222
15,ours-406478,543,0.077877
15,KACTL,543,1.551718
15,simd-v0,543,0.167482
15,393435,543,0.109925
15,KACTL,544,1.554222
15,simd-v0,544,0.167673
15,393435,544,0.109795
15,ours-406478,544,0.077917
15,simd-v0,545,0.167623
15,393435,545,0.109905
15,ours-406478,545,0.077948
15,KACTL,545,1.574603
15,393435,546,0.110005
15,ours-406478,546,0.077948
15,KACTL,546,1.563817
15,simd-v0,546,0.167582
15,ours-406478,547,0.077847
15,KACTL,547,1.550156
15,simd-v0,547,0.174253
15,393435,547,0.109976
15,KACTL,548,1.551728
15,simd-v0,548,0.167593
15,393435,548,0.120342
15,ours-406478,548,0.078027
15,simd-v0,549,0.167473
15,393435,549,0.109796
15,ours-406478,549,0.077817
15,KACTL,549,1.551798
15,393435,550,0.110046
15,ours-406478,550,0.077918
15,KACTL,550,1.549936
15,simd-v0,550,0.174012
15,ours-406478,551,0.077878
15,KACTL,551,1.559280
15,simd-v0,551,0.167592
15,393435,551,0.109825
15,KACTL,552,1.552509
15,simd-v0,552,0.167532
15,393435,552,0.111688
15,ours-406478,552,0.078037
15,simd-v0,553,0.174162
15,393435,553,0.109916
15,ours-406478,553,0.077868
15,KACTL,553,1.550556
15,393435,554,0.110026
15,ours-406478,554,0.084567
15,KACTL,554,1.546991
15,simd-v0,554,0.167613
15,ours-406478,555,0.077857
15,KACTL,555,1.552649
15,simd-v0,555,0.167873
15,393435,555,0.110026
15,KACTL,556,1.572359
15,simd-v0,556,0.167943
15,393435,556,0.109906
15,ours-406478,556,0.077857
15,simd-v0,557,0.167732
15,393435,557,0.109615
15,ours-406478,557,0.084558
15,KACTL,557,1.549194
15,393435,558,0.109815
15,ours-406478,558,0.079580
15,KACTL,558,1.550547
15,simd-v0,558,0.167873
15,ours-406478,559,0.077957
15,KACTL,559,1.555594
15,simd-v0,559,0.167673
15,393435,559,0.109675
15,KACTL,560,1.553361
15,simd-v0,560,0.167402
15,393435,560,0.109786
15,ours-406478,560,0.077827
15,simd-v0,561,0.167643
15,393435,561,0.109695
15,ours-406478,561,0.077917
15,KACTL,561,1.567863
15,393435,562,0.109755
15,ours-406478,562,0.077887
15,KACTL,562,1.551238
15,simd-v0,562,0.167693
15,ours-406478,563,0.077767
15,KACTL,563,1.555644
15,simd-v0,563,0.178158
15,393435,563,0.109745
15,KACTL,564,1.544147
15,simd-v0,564,0.167583
15,393435,564,0.116195
15,ours-406478,564,0.077998
15,simd-v0,565,0.167673
15,393435,565,0.109665
15,ours-406478,565,0.077807
15,KACTL,565,1.557447
15,393435,566,0.109785
15,ours-406478,566,0.078037
15,KACTL,566,1.566060
15,simd-v0,566,0.174032
15,ours-406478,567,0.077987
15,KACTL,567,1.545539
15,simd-v0,567,0.167823
15,393435,567,0.109825
15,KACTL,568,1.554282
15,simd-v0,568,0.171459
15,393435,568,0.110045
15,ours-406478,568,0.077977
15,simd-v0,569,0.174252
15,393435,569,0.109896
15,ours-406478,569,0.077977
15,KACTL,569,1.544918
15,393435,570,0.109896
15,ours-406478,570,0.084758
15,KACTL,570,1.545799
15,simd-v0,570,0.167843
15,ours-406478,571,0.077867
15,KACTL,571,1.565930
15,simd-v0,571,0.167792
15,393435,571,0.110015
15,KACTL,572,1.550396
15,simd-v0,572,0.167683
15,393435,572,0.109976
15,ours-406478,572,0.077898
15,simd-v0,573,0.167693
15,393435,573,0.109976
15,ours-406478,573,0.077968
15,KACTL,573,1.553130
15,393435,574,0.109966
15,ours-406478,574,0.077907
15,KACTL,574,1.555814
15,simd-v0,574,0.171037
15,ours-406478,575,0.080221
15,KACTL,575,1.572370
15,simd-v0,575,0.196656
15,393435,575,0.110026
15,KACTL,576,1.550206
15,simd-v0,576,0.167693
15,393435,576,0.120842
15,ours-406478,576,0.078038
15,simd-v0,577,0.167482
15,393435,577,0.109876
15,ours-406478,577,0.077847
15,KACTL,577,1.580872
15,393435,578,0.110537
15,ours-406478,578,0.078358
15,KACTL,578,1.567522
15,simd-v0,578,0.168484
15,ours-406478,579,0.078228
15,KACTL,579,1.552129
15,simd-v0,579,0.177337
15,393435,579,0.110036
15,KACTL,580,1.550436
15,simd-v0,580,0.167983
15,393435,580,0.110016
15,ours-406478,580,0.078068
15,simd-v0,581,0.186822
15,393435,581,0.116496
15,ours-406478,581,0.078088
15,KACTL,581,1.584698
15,393435,582,0.123436
15,ours-406478,582,0.078067
15,KACTL,582,1.548684
15,simd-v0,582,0.174262
15,ours-406478,583,0.077877
15,KACTL,583,1.554512
15,simd-v0,583,0.167733
15,393435,583,0.116495
15,KACTL,584,1.549665
15,simd-v0,584,0.167822
15,393435,584,0.109606
15,ours-406478,584,0.084878
15,simd-v0,585,0.167823
15,393435,585,0.109615
15,ours-406478,585,0.077967
15,KACTL,585,1.555564
15,393435,586,0.116225
15,ours-406478,586,0.078058
15,KACTL,586,1.549826
15,simd-v0,586,0.167903
15,ours-406478,587,0.078008
15,KACTL,587,1.572910
15,simd-v0,587,0.167542
15,393435,587,0.120021
15,KACTL,588,1.552650
15,simd-v0,588,0.167493
15,393435,588,0.109846
15,ours-406478,588,0.079690
15,simd-v0,589,0.167543
15,393435,589,0.117056
15,ours-406478,589,0.078088
15,KACTL,589,1.553822
15,393435,590,0.109755
15,ours-406478,590,0.077907
15,KACTL,590,1.551017
15,simd-v0,590,0.167503
15,ours-406478,591,0.078028
15,KACTL,591,1.599561
15,simd-v0,591,0.167402
15,393435,591,0.109766
15,KACTL,592,1.571960
15,simd-v0,592,0.167542
15,393435,592,0.109705
15,ours-406478,592,0.077967
15,simd-v0,593,0.167933
15,393435,593,0.109666
15,ours-406478,593,0.078047
15,KACTL,593,1.549515
15,393435,594,0.109866
15,ours-406478,594,0.078028
15,KACTL,594,1.554012
15,simd-v0,594,0.167652
15,ours-406478,595,0.078098
15,KACTL,595,1.552881
15,simd-v0,595,0.167773
15,393435,595,0.109805
15,KACTL,596,1.544908
15,simd-v0,596,0.174142
15,393435,596,0.109785
15,ours-406478,596,0.077877
15,simd-v0,597,0.167473
15,393435,597,0.109676
15,ours-406478,597,0.077927
15,KACTL,597,1.551909
15,393435,598,0.109775
15,ours-406478,598,0.078057
15,KACTL,598,1.572409
15,simd-v0,598,0.167973
15,ours-406478,599,0.077987
15,KACTL,599,1.547483
15,simd-v0,599,0.173932
15,393435,599,0.109705
15,KACTL,600,1.550306
15,simd-v0,600,0.167432
15,393435,600,0.109775
15,ours-406478,600,0.084738
15,simd-v0,601,0.167672
15,393435,601,0.109715
15,ours-406478,601,0.078038
15,KACTL,601,1.570457
15,393435,602,0.109675
15,ours-406478,602,0.077887
15,KACTL,602,1.545109
15,simd-v0,602,0.167703
15,ours-406478,603,0.084647
15,KACTL,603,1.546481
15,simd-v0,603,0.167653
15,393435,603,0.109775
15,KACTL,604,1.562334
15,simd-v0,604,0.167693
15,393435,604,0.109775
15,ours-406478,604,0.078018
15,simd-v0,605,0.167493
15,393435,605,0.116846
15,ours-406478,605,0.078018
15,KACTL,605,1.551108
15,393435,606,0.109976
15,ours-406478,606,0.077997
15,KACTL,606,1.549565
15,simd-v0,606,0.167823
15,ours-406478,607,0.077898
15,KACTL,607,1.553932
15,simd-v0,607,0.167393
15,393435,607,0.109856
15,KACTL,608,1.555474
15,simd-v0,608,0.167452
15,393435,608,0.109926
15,ours-406478,608,0.077898
15,simd-v0,609,0.167733
15,393435,609,0.109895
15,ours-406478,609,0.077998
15,KACTL,609,1.552991
15,393435,610,0.109966
15,ours-406478,610,0.078138
15,KACTL,610,1.552129
15,simd-v0,610,0.167693
15,ours-406478,611,0.077917
15,KACTL,611,1.555905
15,simd-v0,611,0.167693
15,393435,611,0.110015
15,KACTL,612,1.547913
15,simd-v0,612,0.174443
15,393435,612,0.109926
15,ours-406478,612,0.077928
15,simd-v0,613,0.167533
15,393435,613,0.109806
15,ours-406478,613,0.077967
15,KACTL,613,1.553210
15,393435,614,0.110005
15,ours-406478,614,0.077937
15,KACTL,614,1.547913
15,simd-v0,614,0.173972
15,ours-406478,615,0.077987
15,KACTL,615,1.549846
15,simd-v0,615,0.167803
15,393435,615,0.116666
15,KACTL,616,1.548775
15,simd-v0,616,0.167632
15,393435,616,0.109876
15,ours-406478,616,0.084618
15,simd-v0,617,0.167493
15,393435,617,0.110056
15,ours-406478,617,0.078058
15,KACTL,617,1.552219
15,393435,618,0.116576
15,ours-406478,618,0.078068
15,KACTL,618,1.547232
15,simd-v0,618,0.167853
15,ours-406478,619,0.077937
15,KACTL,619,1.550928
15,simd-v0,619,0.167612
15,393435,619,0.111658
15,KACTL,620,1.554173
15,simd-v0,620,0.167913
15,393435,620,0.109865
15,ours-406478,620,0.078128
15,simd-v0,621,0.167653
15,393435,621,0.116546
15,ours-406478,621,0.078118
15,KACTL,621,1.558259
15,393435,622,0.109876
15,ours-406478,622,0.078027
15,KACTL,622,1.579901
15,simd-v0,622,0.167903
15,ours-406478,623,0.078058
15,KACTL,623,1.566541
15,simd-v0,623,0.167583
15,393435,623,0.110126
15,KACTL,624,1.552941
15,simd-v0,624,0.167553
15,393435,624,0.110056
15,ours-406478,624,0.077907
15,simd-v0,625,0.167512
15,393435,625,0.111779
15,ours-406478,625,0.077987
15,KACTL,625,1.553761
15,393435,626,0.109965
15,ours-406478,626,0.077917
15,KACTL,626,1.550767
15,simd-v0,626,0.167573
15,ours-406478,627,0.077898
15,KACTL,627,1.552560
15,simd-v0,627,0.167563
15,393435,627,0.113251
15,KACTL,628,1.545178
15,simd-v0,628,0.174122
15,393435,628,0.109946
15,ours-406478,628,0.077978
15,simd-v0,629,0.167733
15,393435,629,0.109905
15,ours-406478,629,0.077998
15,KACTL,629,1.552400
15,393435,630,0.110006
15,ours-406478,630,0.077928
15,KACTL,630,1.549836
15,simd-v0,630,0.173952
15,ours-406478,631,0.078018
15,KACTL,631,1.547442
15,simd-v0,631,0.167633
15,393435,631,0.116616
15,KACTL,632,1.546010
15,simd-v0,632,0.167673
15,393435,632,0.109855
15,ours-406478,632,0.077957
15,simd-v0,633,0.174242
15,393435,633,0.109896
15,ours-406478,633,0.077877
15,KACTL,633,1.549406
15,393435,634,0.116235
15,ours-406478,634,0.077977
15,KACTL,634,1.546411
15,simd-v0,634,0.167562
15,ours-406478,635,0.077988
15,KACTL,635,1.551999
15,simd-v0,635,0.167712
15,393435,635,0.109876
15,KACTL,636,1.555284
15,simd-v0,636,0.167793
15,393435,636,0.109876
15,ours-406478,636,0.078138
15,simd-v0,637,0.167532
15,393435,637,0.109875
15,ours-406478,637,0.078027
15,KACTL,637,1.550677
15,393435,638,0.109896
15,ours-406478,638,0.077947
15,KACTL,638,1.558499
15,simd-v0,638,0.167482
15,ours-406478,639,0.077868
15,KACTL,639,1.552019
15,simd-v0,639,0.167613
15,393435,639,0.109825
15,KACTL,640,1.557117
15,simd-v0,640,0.167553
15,393435,640,0.109856
15,ours-406478,640,0.078038
15,simd-v0,641,0.167663
15,393435,641,0.109996
15,ours-406478,641,0.078028
15,KACTL,641,1.571739
15,393435,642,0.109915
15,ours-406478,642,0.077857
15,KACTL,642,1.551038
15,simd-v0,642,0.167603
15,ours-406478,643,0.077877
15,KACTL,643,1.545869
15,simd-v0,643,0.174493
15,393435,643,0.109855
15,KACTL,644,1.548955
15,simd-v0,644,0.167603
15,393435,644,0.109966
15,ours-406478,644,0.077948
15,simd-v0,645,0.167673
15,393435,645,0.110807
15,ours-406478,645,0.077938
15,KACTL,645,1.571349
15,393435,646,0.109986
15,ours-406478,646,0.078068
15,KACTL,646,1.549896
15,simd-v0,646,0.174093
15,ours-406478,647,0.077898
15,KACTL,647,1.548224
15,simd-v0,647,0.167813
15,393435,647,0.116345
15,KACTL,648,1.548203
15,simd-v0,648,0.167923
15,393435,648,0.109856
15,ours-406478,648,0.078098
15,simd-v0,649,0.174312
15,393435,649,0.109965
15,ours-406478,649,0.077997
15,KACTL,649,1.549725
15,393435,650,0.116305
15,ours-406478,650,0.078027
15,KACTL,650,1.549615
15,simd-v0,650,0.167522
15,ours-406478,651,0.077908
15,KACTL,651,1.552079
15,simd-v0,651,0.167592
15,393435,651,0.109766
15,KACTL,652,1.555134
15,simd-v0,652,0.167442
15,393435,652,0.109946
15,ours-406478,652,0.078038
15,simd-v0,653,0.167823
15,393435,653,0.109896
15,ours-406478,653,0.084697
15,KACTL,653,1.545679
15,393435,654,0.109965
15,ours-406478,654,0.078017
15,KACTL,654,1.552220
15,simd-v0,654,0.167903
15,ours-406478,655,0.077977
15,KACTL,655,1.559110
15,simd-v0,655,0.167793
15,393435,655,0.109936
15,KACTL,656,1.553001
15,simd-v0,656,0.167413
15,393435,656,0.109885
15,ours-406478,656,0.078008
15,simd-v0,657,0.167533
15,393435,657,0.109926
15,ours-406478,657,0.077998
15,KACTL,657,1.552259
15,393435,658,0.109865
15,ours-406478,658,0.077917
15,KACTL,658,1.550096
15,simd-v0,658,0.167462
15,ours-406478,659,0.077928
15,KACTL,659,1.549285
15,simd-v0,659,0.174724
15,393435,659,0.109895
15,KACTL,660,1.557618
15,simd-v0,660,0.167713
15,393435,660,0.116526
15,ours-406478,660,0.078008
15,simd-v0,661,0.167752
15,393435,661,0.109966
15,ours-406478,661,0.079460
15,KACTL,661,1.552871
15,393435,662,0.109976
15,ours-406478,662,0.078068
15,KACTL,662,1.543396
15,simd-v0,662,0.174182
15,ours-406478,663,0.078078
15,KACTL,663,1.547342
15,simd-v0,663,0.167542
15,393435,663,0.109855
15,KACTL,664,1.553371
15,simd-v0,664,0.167482
15,393435,664,0.110016
15,ours-406478,664,0.078178
15,simd-v0,665,0.173842
15,393435,665,0.110046
15,ours-406478,665,0.077987
15,KACTL,665,1.550657
15,393435,666,0.109966
15,ours-406478,666,0.084577
15,KACTL,666,1.547422
15,simd-v0,666,0.167582
15,ours-406478,667,0.077898
15,KACTL,667,1.553882
15,simd-v0,667,0.167553
15,393435,667,0.109875
15,KACTL,668,1.555174
15,simd-v0,668,0.167493
15,393435,668,0.109776
15,ours-406478,668,0.077998
15,simd-v0,669,0.167613
15,393435,669,0.109816
15,ours-406478,669,0.077977
15,KACTL,669,1.553381
15,393435,670,0.109926
15,ours-406478,670,0.077947
15,KACTL,670,1.553130
15,simd-v0,670,0.167633
15,ours-406478,671,0.077837
15,KACTL,671,1.555414
15,simd-v0,671,0.167823
15,393435,671,0.109936
15,KACTL,672,1.561133
15,simd-v0,672,0.174342
15,393435,672,0.109956
15,ours-406478,672,0.077998
15,simd-v0,673,0.167683
15,393435,673,0.109825
15,ours-406478,673,0.077927
15,KACTL,673,1.549926
15,393435,674,0.109876
15,ours-406478,674,0.078058
15,KACTL,674,1.550476
15,simd-v0,674,0.167713
15,ours-406478,675,0.077988
15,KACTL,675,1.546771
15,simd-v0,675,0.173982
15,393435,675,0.109936
15,KACTL,676,1.552990
15,simd-v0,676,0.167552
15,393435,676,0.109786
15,ours-406478,676,0.086010
15,simd-v0,677,0.167522
15,393435,677,0.109966
15,ours-406478,677,0.077937
15,KACTL,677,1.551479
15,393435,678,0.110016
15,ours-406478,678,0.078008
15,KACTL,678,1.547362
15,simd-v0,678,0.167883
15,ours-406478,679,0.090747
15,KACTL,679,1.547742
15,simd-v0,679,0.167562
15,393435,679,0.109906
15,KACTL,680,1.553261
15,simd-v0,680,0.167512
15,393435,680,0.109995
15,ours-406478,680,0.078128
15,simd-v0,681,0.167853
15,393435,681,0.116326
15,ours-406478,681,0.077988
15,KACTL,681,1.548454
15,393435,682,0.110016
15,ours-406478,682,0.077887
15,KACTL,682,1.551428
15,simd-v0,682,0.167563
15,ours-406478,683,0.078017
15,KACTL,683,1.552400
15,simd-v0,683,0.167853
15,393435,683,0.109976
15,KACTL,684,1.555885
15,simd-v0,684,0.167602
15,393435,684,0.109886
15,ours-406478,684,0.077988
15,simd-v0,685,0.167763
15,393435,685,0.109966
15,ours-406478,685,0.077917
15,KACTL,685,1.551689
15,393435,686,0.109846
15,ours-406478,686,0.078098
15,KACTL,686,1.552340
15,simd-v0,686,0.169205
15,ours-406478,687,0.078008
15,KACTL,687,1.563176
15,simd-v0,687,0.167372
15,393435,687,0.109956
15,KACTL,688,1.550887
15,simd-v0,688,0.174193
15,393435,688,0.109936
15,ours-406478,688,0.077908
15,simd-v0,689,0.167633
15,393435,689,0.109946
15,ours-406478,689,0.078068
15,KACTL,689,1.555084
15,393435,690,0.109966
15,ours-406478,690,0.078057
15,KACTL,690,1.545189
15,simd-v0,690,0.174273
15,ours-406478,691,0.078078
15,KACTL,691,1.552900
15,simd-v0,691,0.167723
15,393435,691,0.116496
15,KACTL,692,1.547853
15,simd-v0,692,0.167583
15,393435,692,0.109846
15,ours-406478,692,0.084517
15,simd-v0,693,0.167472
15,393435,693,0.109926
15,ours-406478,693,0.077977
15,KACTL,693,1.550086
15,393435,694,0.116405
15,ours-406478,694,0.078018
15,KACTL,694,1.550116
15,simd-v0,694,0.167212
15,ours-406478,695,0.077727
15,KACTL,695,1.552500
15,simd-v0,695,0.167462
15,393435,695,0.109846
15,KACTL,696,1.554143
15,simd-v0,696,0.167562
15,393435,696,0.109976
15,ours-406478,696,0.078018
15,simd-v0,697,0.167783
15,393435,697,0.116416
15,ours-406478,697,0.078098
15,KACTL,697,1.555815
15,393435,698,0.109945
15,ours-406478,698,0.078148
15,KACTL,698,1.548314
15,simd-v0,698,0.167672
15,ours-406478,699,0.078158
15,KACTL,699,1.553771
15,simd-v0,699,0.167593
15,393435,699,0.109895
15,KACTL,700,1.553702
15,simd-v0,700,0.167713
15,393435,700,0.110036
15,ours-406478,700,0.078067
15,simd-v0,701,0.167823
15,393435,701,0.109885
15,ours-406478,701,0.078128
15,KACTL,701,1.554363
15,393435,702,0.109956
15,ours-406478,702,0.078138
15,KACTL,702,1.552510
15,simd-v0,702,0.167672
15,ours-406478,703,0.077958
15,KACTL,703,1.548905
15,simd-v0,703,0.174353
15,393435,703,0.109996
15,KACTL,704,1.546812
15,simd-v0,704,0.174032
15,393435,704,0.109876
15,ours-406478,704,0.078108
15,simd-v0,705,0.167432
15,393435,705,0.110096
15,ours-406478,705,0.078127
15,KACTL,705,1.553521
15,393435,706,0.110116
15,ours-406478,706,0.077957
15,KACTL,706,1.554062
15,simd-v0,706,0.174152
15,ours-406478,707,0.078078
15,KACTL,707,1.550176
15,simd-v0,707,0.167753
15,393435,707,0.117637
15,KACTL,708,1.547222
15,simd-v0,708,0.167733
15,393435,708,0.110006
15,ours-406478,708,0.078028
15,simd-v0,709,0.174483
15,393435,709,0.110086
15,ours-406478,709,0.078068
15,KACTL,709,1.551849
15,393435,710,0.116546
15,ours-406478,710,0.078097
15,KACTL,710,1.547893
15,simd-v0,710,0.167803
15,ours-406478,711,0.077877
15,KACTL,711,1.551338
15,simd-v0,711,0.167993
15,393435,711,0.109886
15,KACTL,712,1.608955
15,simd-v0,712,0.167853
15,393435,712,0.109915
15,ours-406478,712,0.078017
15,simd-v0,713,0.167673
15,393435,713,0.117147
15,ours-406478,713,0.078018
15,KACTL,713,1.545820
15,393435,714,0.109916
15,ours-406478,714,0.078017
15,KACTL,714,1.551608
15,simd-v0,714,0.167533
15,ours-406478,715,0.077967
15,KACTL,715,1.553431
15,simd-v0,715,0.167733
15,393435,715,0.110066
15,KACTL,716,1.582686
15,simd-v0,716,0.168063
15,393435,716,0.109956
15,ours-406478,716,0.078048
15,simd-v0,717,0.167813
15,393435,717,0.110046
15,ours-406478,717,0.078078
15,KACTL,717,1.561343
15,393435,718,0.109976
15,ours-406478,718,0.078178
15,KACTL,718,1.552760
15,simd-v0,718,0.167813
15,ours-406478,719,0.077978
15,KACTL,719,1.553261
15,simd-v0,719,0.167954
15,393435,719,0.109975
15,KACTL,720,1.547773
15,simd-v0,720,0.174273
15,393435,720,0.110016
15,ours-406478,720,0.078168
15,simd-v0,721,0.167964
15,393435,721,0.109896
15,ours-406478,721,0.078028
15,KACTL,721,1.553141
15,393435,722,0.110046
15,ours-406478,722,0.078007
15,KACTL,722,1.550477
15,simd-v0,722,0.173983
15,ours-406478,723,0.078088
15,KACTL,723,1.553041
15,simd-v0,723,0.167653
15,393435,723,0.116846
15,KACTL,724,1.544077
15,simd-v0,724,0.167843
15,393435,724,0.110006
15,ours-406478,724,0.078027
15,simd-v0,725,0.174333
15,393435,725,0.109955
15,ours-406478,725,0.078098
15,KACTL,725,1.549375
15,393435,726,0.116516
15,ours-406478,726,0.078017
15,KACTL,726,1.550527
15,simd-v0,726,0.167613
15,ours-406478,727,0.077927
15,KACTL,727,1.552610
15,simd-v0,727,0.167723
15,393435,727,0.109945
15,KACTL,728,1.556025
15,simd-v0,728,0.167623
15,393435,728,0.109835
15,ours-406478,728,0.077917
15,simd-v0,729,0.167672
15,393435,729,0.116456
15,ours-406478,729,0.078118
15,KACTL,729,1.549175
15,393435,730,0.109886
15,ours-406478,730,0.078008
15,KACTL,730,1.551078
15,simd-v0,730,0.167692
15,ours-406478,731,0.077998
15,KACTL,731,1.554763
15,simd-v0,731,0.167592
15,393435,731,0.110016
15,KACTL,732,1.555804
15,simd-v0,732,0.167683
15,393435,732,0.109976
15,ours-406478,732,0.078068
15,simd-v0,733,0.167533
15,393435,733,0.109896
15,ours-406478,733,0.077928
15,KACTL,733,1.556395
15,393435,734,0.109955
15,ours-406478,734,0.077938
15,KACTL,734,1.550267
15,simd-v0,734,0.167823
15,ours-406478,735,0.077937
15,KACTL,735,1.548503
15,simd-v0,735,0.173912
15,393435,735,0.109866
15,KACTL,736,1.550477
15,simd-v0,736,0.167803
15,393435,736,0.116445
15,ours-406478,736,0.078148
15,simd-v0,737,0.167793
15,393435,737,0.109935
15,ours-406478,737,0.077977
15,KACTL,737,1.552681
15,393435,738,0.110036
15,ours-406478,738,0.078138
15,KACTL,738,1.549606
15,simd-v0,738,0.173942
15,ours-406478,739,0.077998
15,KACTL,739,1.547682
15,simd-v0,739,0.167913
15,393435,739,0.109886
15,KACTL,740,1.557598
15,simd-v0,740,0.167783
15,393435,740,0.109956
15,ours-406478,740,0.078018
15,simd-v0,741,0.174162
15,393435,741,0.110056
15,ours-406478,741,0.078028
15,KACTL,741,1.549185
15,393435,742,0.109936
15,ours-406478,742,0.085929
15,KACTL,742,1.546361
15,simd-v0,742,0.167713
15,ours-406478,743,0.077887
15,KACTL,743,1.554743
15,simd-v0,743,0.167993
15,393435,743,0.109916
15,KACTL,744,1.555004
15,simd-v0,744,0.167863
15,393435,744,0.109926
15,ours-406478,744,0.078058
15,simd-v0,745,0.167583
15,393435,745,0.109946
15,ours-406478,745,0.084617
15,KACTL,745,1.549786
15,393435,746,0.109856
15,ours-406478,746,0.077957
15,KACTL,746,1.552490
15,simd-v0,746,0.167442
15,ours-406478,747,0.077968
15,KACTL,747,1.586251
15,simd-v0,747,0.167653
15,393435,747,0.109976
15,KACTL,748,1.550427
15,simd-v0,748,0.167853
15,393435,748,0.110066
15,ours-406478,748,0.078138
15,simd-v0,749,0.167633
15,393435,749,0.110046
15,ours-406478,749,0.078008
15,KACTL,749,1.553361
15,393435,750,0.110006
15,ours-406478,750,0.078037
15,KACTL,750,1.549014
15,simd-v0,750,0.167713
15,ours-406478,751,0.077998
15,KACTL,751,1.548324
15,simd-v0,751,0.178178
15,393435,751,0.110096
15,KACTL,752,1.553241
15,simd-v0,752,0.167863
15,393435,752,0.116526
15,ours-406478,752,0.077887
15,simd-v0,753,0.167543
15,393435,753,0.109936
15,ours-406478,753,0.078038
15,KACTL,753,1.563877
15,393435,754,0.109956
15,ours-406478,754,0.083596
15,KACTL,754,1.548133
15,simd-v0,754,0.174243
15,ours-406478,755,0.077957
15,KACTL,755,1.544127
15,simd-v0,755,0.167703
15,393435,755,0.109935
15,KACTL,756,1.555384
15,simd-v0,756,0.167713
15,393435,756,0.109955
15,ours-406478,756,0.077967
15,simd-v0,757,0.174473
15,393435,757,0.109916
15,ours-406478,757,0.077977
15,KACTL,757,1.555935
15,393435,758,0.109996
15,ours-406478,758,0.084928
15,KACTL,758,1.546611
15,simd-v0,758,0.167793
15,ours-406478,759,0.078048
15,KACTL,759,1.555044
15,simd-v0,759,0.167663
15,393435,759,0.109986
15,KACTL,760,1.555815
15,simd-v0,760,0.167512
15,393435,760,0.109916
15,ours-406478,760,0.078088
15,simd-v0,761,0.167652
15,393435,761,0.109905
15,ours-406478,761,0.084488
15,KACTL,761,1.550477
15,393435,762,0.109985
15,ours-406478,762,0.077997
15,KACTL,762,1.551989
15,simd-v0,762,0.167543
15,ours-406478,763,0.077898
15,KACTL,763,1.555665
15,simd-v0,763,0.167583
15,393435,763,0.109925
15,KACTL,764,1.551108
15,simd-v0,764,0.175464
15,393435,764,0.110036
15,ours-406478,764,0.078228
15,simd-v0,765,0.167772
15,393435,765,0.109996
15,ours-406478,765,0.077958
15,KACTL,765,1.554643
15,393435,766,0.109986
15,ours-406478,766,0.077957
15,KACTL,766,1.552459
15,simd-v0,766,0.167763
15,ours-406478,767,0.078018
15,KACTL,767,1.548544
15,simd-v0,767,0.174453
15,393435,767,0.109966
15,KACTL,768,1.567393
15,simd-v0,768,0.167793
15,393435,768,0.116465
15,ours-406478,768,0.077997
15,simd-v0,769,0.167723
15,393435,769,0.109926
15,ours-406478,769,0.078028
15,KACTL,769,1.552209
15,393435,770,0.109915
15,ours-406478,770,0.077967
15,KACTL,770,1.545379
15,simd-v0,770,0.167603
15,ours-406478,771,0.084397
15,KACTL,771,1.544558
15,simd-v0,771,0.167643
15,393435,771,0.109916
15,KACTL,772,1.553662
15,simd-v0,772,0.167743
15,393435,772,0.109996
15,ours-406478,772,0.078088
15,simd-v0,773,0.174503
15,393435,773,0.110096
15,ours-406478,773,0.078068
15,KACTL,773,1.555174
15,393435,774,0.109905
15,ours-406478,774,0.078027
15,KACTL,774,1.574843
15,simd-v0,774,0.167773
15,ours-406478,775,0.078008
15,KACTL,775,1.551318
15,simd-v0,775,0.167893
15,393435,775,0.109915
15,KACTL,776,1.550617
15,simd-v0,776,0.167383
15,393435,776,0.109835
15,ours-406478,776,0.078047
15,simd-v0,777,0.167693
15,393435,777,0.109926
15,ours-406478,777,0.077908
15,KACTL,777,1.552009
15,393435,778,0.109956
15,ours-406478,778,0.077998
15,KACTL,778,1.548284
15,simd-v0,778,0.167783
15,ours-406478,779,0.077937
15,KACTL,779,1.554292
15,simd-v0,779,0.167652
15,393435,779,0.109906
15,KACTL,780,1.547823
15,simd-v0,780,0.173962
15,393435,780,0.109965
15,ours-406478,780,0.078118
15,simd-v0,781,0.167803
15,393435,781,0.109886
15,ours-406478,781,0.078098
15,KACTL,781,1.553111
15,393435,782,0.109895
15,ours-406478,782,0.077957
15,KACTL,782,1.553231
15,simd-v0,782,0.167693
15,ours-406478,783,0.077867
15,KACTL,783,1.548383
15,simd-v0,783,0.174332
15,393435,783,0.110016
15,KACTL,784,1.549986
15,simd-v0,784,0.167703
15,393435,784,0.110036
15,ours-406478,784,0.084868
15,simd-v0,785,0.167753
15,393435,785,0.110036
15,ours-406478,785,0.078038
15,KACTL,785,1.548063
16,KACTL,0,3.534267
16,simd-v0,0,0.346642
16,393435,0,0.245831
16,ours-406478,0,0.171749
16,simd-v0,1,0.346572
16,393435,1,0.247233
16,ours-406478,1,0.165209
16,KACTL,1,3.538794
16,393435,2,0.245350
16,ours-406478,2,0.165079
16,KACTL,2,3.533315
16,simd-v0,2,0.346913
16,ours-406478,3,0.171939
16,KACTL,3,3.532905
16,simd-v0,3,0.347293
16,393435,3,0.252260
16,KACTL,4,3.536080
16,simd-v0,4,0.353382
16,393435,4,0.244919
16,ours-406478,4,0.164929
16,simd-v0,5,0.346712
16,393435,5,0.252100
16,ours-406478,5,0.164999
16,KACTL,5,3.537321
16,393435,6,0.252250
16,ours-406478,6,0.165279
16,KACTL,6,3.532514
16,simd-v0,6,0.355896
16,ours-406478,7,0.164838
16,KACTL,7,3.535128
16,simd-v0,7,0.353743
16,393435,7,0.246181
16,KACTL,8,3.539775
16,simd-v0,8,0.347023
16,393435,8,0.245821
16,ours-406478,8,0.165149
16,simd-v0,9,0.353623
16,393435,9,0.245560
16,ours-406478,9,0.165149
16,KACTL,9,3.542238
16,393435,10,0.245590
16,ours-406478,10,0.165149
16,KACTL,10,3.538803
16,simd-v0,10,0.346873
16,ours-406478,11,0.164899
16,KACTL,11,3.544341
16,simd-v0,11,0.347083
16,393435,11,0.245681
16,KACTL,12,3.547005
16,simd-v0,12,0.346433
16,393435,12,0.252401
16,ours-406478,12,0.164939
16,simd-v0,13,0.347084
16,393435,13,0.245921
16,ours-406478,13,0.171649
16,KACTL,13,3.537512
16,393435,14,0.245500
16,ours-406478,14,0.171979
16,KACTL,14,3.538062
16,simd-v0,14,0.353203
16,ours-406478,15,0.165059
16,KACTL,15,3.535008
16,simd-v0,15,0.353763
16,393435,15,0.245450
16,KACTL,16,3.535779
16,simd-v0,16,0.352892
16,393435,16,0.245610
16,ours-406478,16,0.165439
16,simd-v0,17,0.353643
16,393435,17,0.245410
16,ours-406478,17,0.165239
16,KACTL,17,3.549380
16,393435,18,0.245310
16,ours-406478,18,0.165209
16,KACTL,18,3.535058
16,simd-v0,18,0.346622
16,ours-406478,19,0.165009
16,KACTL,19,3.547917
16,simd-v0,19,0.347003
16,393435,19,0.245340
16,KACTL,20,3.538863
16,simd-v0,20,0.346973
16,393435,20,0.245450
16,ours-406478,20,0.173010
16,simd-v0,21,0.346572
16,393435,21,0.245430
16,ours-406478,21,0.165089
16,KACTL,21,3.544422
16,393435,22,0.245550
16,ours-406478,22,0.165249
16,KACTL,22,3.547336
16,simd-v0,22,0.346362
16,ours-406478,23,0.172030
16,KACTL,23,3.536691
16,simd-v0,23,0.346562
16,393435,23,0.251900
16,KACTL,24,3.540556
16,simd-v0,24,0.353342
16,393435,24,0.245570
16,ours-406478,24,0.165019
16,simd-v0,25,0.346622
16,393435,25,0.252260
16,ours-406478,25,0.165249
16,KACTL,25,3.534977
16,393435,26,0.252080
16,ours-406478,26,0.165139
16,KACTL,26,3.531362
16,simd-v0,26,0.353643
16,ours-406478,27,0.165149
16,KACTL,27,3.536851
16,simd-v0,27,0.346923
16,393435,27,0.245379
16,KACTL,28,3.540276
16,simd-v0,28,0.347033
16,393435,28,0.245520
16,ours-406478,28,0.164988
16,simd-v0,29,0.353383
16,393435,29,0.245620
16,ours-406478,29,0.165049
16,KACTL,29,3.550872
16,393435,30,0.245590
16,ours-406478,30,0.165259
16,KACTL,30,3.538894
16,simd-v0,30,0.348706
16,ours-406478,31,0.165059
16,KACTL,31,3.543070
16,simd-v0,31,0.347003
16,393435,31,0.251999
16,KACTL,32,3.531142
16,simd-v0,32,0.346723
16,393435,32,0.252390
16,ours-406478,32,0.165339
16,simd-v0,33,0.347073
16,393435,33,0.245169
16,ours-406478,33,0.171709
16,KACTL,33,3.537081
16,393435,34,0.245270
16,ours-406478,34,0.172780
16,KACTL,34,3.532233
16,simd-v0,34,0.353472
16,ours-406478,35,0.165149
16,KACTL,35,3.539625
16,simd-v0,35,0.353323
16,393435,35,0.245320
16,KACTL,36,3.529679
16,simd-v0,36,0.353954
16,393435,36,0.245941
16,ours-406478,36,0.165048
16,simd-v0,37,0.353573
16,393435,37,0.245310
16,ours-406478,37,0.165109
16,KACTL,37,3.558723
16,393435,38,0.245340
16,ours-406478,38,0.165009
16,KACTL,38,3.534728
16,simd-v0,38,0.348004
16,ours-406478,39,0.165109
16,KACTL,39,3.577221
16,simd-v0,39,0.346883
16,393435,39,0.245730
16,KACTL,40,3.542660
16,simd-v0,40,0.346512
16,393435,40,0.252310
16,ours-406478,40,0.165229
16,simd-v0,41,0.347114
16,393435,41,0.245210
16,ours-406478,41,0.171648
16,KACTL,41,3.535699
16,393435,42,0.245580
16,ours-406478,42,0.164989
16,KACTL,42,3.532083
16,simd-v0,42,0.347043
16,ours-406478,43,0.171759
16,KACTL,43,3.544842
16,simd-v0,43,0.354003
16,393435,43,0.245270
16,KACTL,44,3.542749
16,simd-v0,44,0.356587
16,393435,44,0.245780
16,ours-406478,44,0.164918
16,simd-v0,45,0.347113
16,393435,45,0.245400
16,ours-406478,45,0.165099
16,KACTL,45,3.555348
16,393435,46,0.245460
16,ours-406478,46,0.165048
16,KACTL,46,3.531823
16,simd-v0,46,0.352712
16,ours-406478,47,0.164929
16,KACTL,47,3.542779
16,simd-v0,47,0.346563
16,393435,47,0.250768
16,KACTL,48,3.535679
16,simd-v0,48,0.347684
16,393435,48,0.245600
16,ours-406478,48,0.172791
16,simd-v0,49,0.347063
16,393435,49,0.245540
16,ours-406478,49,0.165118
16,KACTL,49,3.544051
16,393435,50,0.245701
16,ours-406478,50,0.165058
16,KACTL,50,3.535749
16,simd-v0,50,0.347244
16,ours-406478,51,0.165229
16,KACTL,51,3.543009
16,simd-v0,51,0.347043
16,393435,51,0.252510
16,KACTL,52,3.545964
16,simd-v0,52,0.353703
16,393435,52,0.245861
16,ours-406478,52,0.165019
16,simd-v0,53,0.347193
16,393435,53,0.252020
16,ours-406478,53,0.165309
16,KACTL,53,3.545504
16,393435,54,0.251920
16,ours-406478,54,0.165089
16,KACTL,54,3.530792
16,simd-v0,54,0.352741
16,ours-406478,55,0.165289
16,KACTL,55,3.538583
16,simd-v0,55,0.353232
16,393435,55,0.245500
16,KACTL,56,3.547517
16,simd-v0,56,0.346563
16,393435,56,0.245470
16,ours-406478,56,0.165029
16,simd-v0,57,0.353393
16,393435,57,0.245069
16,ours-406478,57,0.165179
16,KACTL,57,3.543380
16,393435,58,0.245891
16,ours-406478,58,0.165169
16,KACTL,58,3.549509
16,simd-v0,58,0.346622
16,ours-406478,59,0.165019
16,KACTL,59,3.639575
16,simd-v0,59,0.346232
16,393435,59,0.255906
16,KACTL,60,3.531302
16,simd-v0,60,0.348726
16,393435,60,0.252281
16,ours-406478,60,0.165139
16,simd-v0,61,0.346963
16,393435,61,0.244779
16,ours-406478,61,0.165179
16,KACTL,61,3.540306
16,393435,62,0.245640
16,ours-406478,62,0.164989
16,KACTL,62,3.528368
16,simd-v0,62,0.354024
16,ours-406478,63,0.165009
16,KACTL,63,3.534647
16,simd-v0,63,0.353182
16,393435,63,0.245450
16,KACTL,64,3.534998
16,simd-v0,64,0.353403
16,393435,64,0.245560
16,ours-406478,64,0.165219
16,simd-v0,65,0.354204
16,393435,65,0.245600
16,ours-406478,65,0.165039
16,KACTL,65,3.545163
16,393435,66,0.245210
16,ours-406478,66,0.165048
16,KACTL,66,3.541077
16,simd-v0,66,0.346963
16,ours-406478,67,0.165039
16,KACTL,67,3.625254
16,simd-v0,67,0.346502
16,393435,67,0.245380
16,KACTL,68,3.554236
16,simd-v0,68,0.346723
16,393435,68,0.251949
16,ours-406478,68,0.165249
16,simd-v0,69,0.347093
16,393435,69,0.245600
16,ours-406478,69,0.172009
16,KACTL,69,3.533105
16,393435,70,0.247272
16,ours-406478,70,0.171588
16,KACTL,70,3.533625
16,simd-v0,70,0.346863
16,ours-406478,71,0.172360
16,KACTL,71,3.532564
16,simd-v0,71,0.353473
16,393435,71,0.244769
16,KACTL,72,3.534106
16,simd-v0,72,0.353203
16,393435,72,0.245440
16,ours-406478,72,0.165018
16,simd-v0,73,0.353443
16,393435,73,0.244879
16,ours-406478,73,0.164778
16,KACTL,73,3.544271
16,393435,74,0.245199
16,ours-406478,74,0.165109
16,KACTL,74,3.538853
16,simd-v0,74,0.347734
16,ours-406478,75,0.165259
16,KACTL,75,3.552434
16,simd-v0,75,0.346693
16,393435,75,0.245951
16,KACTL,76,3.542870
16,simd-v0,76,0.346772
16,393435,76,0.247063
16,ours-406478,76,0.171608
16,simd-v0,77,0.347093
16,393435,77,0.245319
16,ours-406478,77,0.165109
16,KACTL,77,3.541888
16,393435,78,0.245400
16,ours-406478,78,0.165159
16,KACTL,78,3.545033
16,simd-v0,78,0.348626
16,ours-406478,79,0.165750
16,KACTL,79,3.560786
16,simd-v0,79,0.347003
16,393435,79,0.251950
16,KACTL,80,3.533326
16,simd-v0,80,0.353232
16,393435,80,0.245109
16,ours-406478,80,0.165279
16,simd-v0,81,0.346622
16,393435,81,0.251780
16,ours-406478,81,0.165089
16,KACTL,81,3.549690
16,393435,82,0.252331
16,ours-406478,82,0.165199
16,KACTL,82,3.535328
16,simd-v0,82,0.353562
16,ours-406478,83,0.165059
16,KACTL,83,3.533235
16,simd-v0,83,0.353693
16,393435,83,0.245770
16,KACTL,84,3.539695
16,simd-v0,84,0.347013
16,393435,84,0.246131
16,ours-406478,84,0.165119
16,simd-v0,85,0.354163
16,393435,85,0.245591
16,ours-406478,85,0.165249
16,KACTL,85,3.539194
16,393435,86,0.245610
16,ours-406478,86,0.166821
16,KACTL,86,3.538924
16,simd-v0,86,0.347163
16,ours-406478,87,0.165379
16,KACTL,87,3.541587
16,simd-v0,87,0.346973
16,393435,87,0.245280
16,KACTL,88,3.539073
16,simd-v0,88,0.346512
16,393435,88,0.251900
16,ours-406478,88,0.165259
16,simd-v0,89,0.347133
16,393435,89,0.245941
16,ours-406478,89,0.171849
16,KACTL,89,3.539415
16,393435,90,0.245460
16,ours-406478,90,0.171768
16,KACTL,90,3.537451
16,simd-v0,90,0.354534
16,ours-406478,91,0.165299
16,KACTL,91,3.536721
16,simd-v0,91,0.352962
16,393435,91,0.246021
16,KACTL,92,3.533795
16,simd-v0,92,0.353983
16,393435,92,0.245781
16,ours-406478,92,0.167803
16,simd-v0,93,0.354594
16,393435,93,0.246001
16,ours-406478,93,0.165189
16,KACTL,93,3.550481
16,393435,94,0.245079
16,ours-406478,94,0.165149
16,KACTL,94,3.539575
16,simd-v0,94,0.346202
16,ours-406478,95,0.165209
16,KACTL,95,3.556250
16,simd-v0,95,0.350298
16,393435,95,0.247353
16,KACTL,96,3.642941
16,simd-v0,96,0.351781
16,393435,96,0.255565
16,ours-406478,96,0.167383
16,simd-v0,97,0.351369
16,393435,97,0.248335
16,ours-406478,97,0.173812
16,KACTL,97,3.580256
16,393435,98,0.247543
16,ours-406478,98,0.173662
16,KACTL,98,3.576560
16,simd-v0,98,0.355395
16,ours-406478,99,0.166070
16,KACTL,99,3.549029
16,simd-v0,99,0.354635
16,393435,99,0.245750
16,KACTL,100,3.534517
16,simd-v0,100,0.353783
16,393435,100,0.245280
16,ours-406478,100,0.165099
16,simd-v0,101,0.352912
16,393435,101,0.245540
16,ours-406478,101,0.165279
16,KACTL,101,3.558433
16,393435,102,0.246051
16,ours-406478,102,0.165289
16,KACTL,102,3.529209
16,simd-v0,102,0.346793
16,ours-406478,103,0.165049
16,KACTL,103,3.539043
16,simd-v0,103,0.347033
16,393435,103,0.245320
16,KACTL,104,3.546165
16,simd-v0,104,0.346893
16,393435,104,0.251879
16,ours-406478,104,0.165178
16,simd-v0,105,0.346583
16,393435,105,0.245620
16,ours-406478,105,0.165179
16,KACTL,105,3.546525
16,393435,106,0.245159
16,ours-406478,106,0.165089
16,KACTL,106,3.537702
16,simd-v0,106,0.346853
16,ours-406478,107,0.171979
16,KACTL,107,3.534267
16,simd-v0,107,0.346983
16,393435,107,0.251960
16,KACTL,108,3.536931
16,simd-v0,108,0.353212
16,393435,108,0.245019
16,ours-406478,108,0.165349
16,simd-v0,109,0.348735
16,393435,109,0.252521
16,ours-406478,109,0.165109
16,KACTL,109,3.534978
16,393435,110,0.252891
16,ours-406478,110,0.164878
16,KACTL,110,3.532214
16,simd-v0,110,0.353833
16,ours-406478,111,0.165149
16,KACTL,111,3.549360
16,simd-v0,111,0.346642
16,393435,111,0.245250
16,KACTL,112,3.538793
16,simd-v0,112,0.346893
16,393435,112,0.245279
16,ours-406478,112,0.164999
16,simd-v0,113,0.347845
16,393435,113,0.245109
16,ours-406478,113,0.164908
16,KACTL,113,3.541717
16,393435,114,0.245319
16,ours-406478,114,0.165279
16,KACTL,114,3.536240
16,simd-v0,114,0.346372
16,ours-406478,115,0.165109
16,KACTL,115,3.545143
16,simd-v0,115,0.348716
16,393435,115,0.251879
16,KACTL,116,3.529719
16,simd-v0,116,0.346382
16,393435,116,0.252461
16,ours-406478,116,0.165109
16,simd-v0,117,0.346502
16,393435,117,0.251659
16,ours-406478,117,0.165038
16,KACTL,117,3.533356
16,393435,118,0.246111
16,ours-406478,118,0.165169
16,KACTL,118,3.535027
16,simd-v0,118,0.353192
16,ours-406478,119,0.164929
16,KACTL,119,3.537612
16,simd-v0,119,0.352912
16,393435,119,0.245310
16,KACTL,120,3.539845
16,simd-v0,120,0.353513
16,393435,120,0.246101
16,ours-406478,120,0.165088
16,simd-v0,121,0.354044
16,393435,121,0.246081
16,ours-406478,121,0.165219
16,KACTL,121,3.545213
16,393435,122,0.245150
16,ours-406478,122,0.165019
16,KACTL,122,3.533135
16,simd-v0,122,0.346822
16,ours-406478,123,0.165139
16,KACTL,123,3.545794
16,simd-v0,123,0.346823
16,393435,123,0.245540
16,KACTL,124,3.537321
16,simd-v0,124,0.346853
16,393435,124,0.252000
16,ours-406478,124,0.164969
16,simd-v0,125,0.348926
16,393435,125,0.245981
16,ours-406478,125,0.165029
16,KACTL,125,3.564332
16,393435,126,0.245921
16,ours-406478,126,0.165249
16,KACTL,126,3.525003
16,simd-v0,126,0.346242
16,ours-406478,127,0.171639
16,KACTL,127,3.537672
16,simd-v0,127,0.346623
16,393435,127,0.252070
16,KACTL,128,3.549699
16,simd-v0,128,0.353273
16,393435,128,0.245570
16,ours-406478,128,0.165209
16,simd-v0,129,0.346643
16,393435,129,0.252180
16,ours-406478,129,0.165119
16,KACTL,129,3.543360
16,393435,130,0.252080
16,ours-406478,130,0.165018
16,KACTL,130,3.533806
16,simd-v0,130,0.353223
16,ours-406478,131,0.164998
16,KACTL,131,3.544633
16,simd-v0,131,0.349096
16,393435,131,0.245129
16,KACTL,132,3.538323
16,simd-v0,132,0.346973
16,393435,132,0.245299
16,ours-406478,132,0.171499
16,simd-v0,133,0.346673
16,393435,133,0.245149
16,ours-406478,133,0.165119
16,KACTL,133,3.553436
16,393435,134,0.245530
16,ours-406478,134,0.164998
16,KACTL,134,3.542418
16,simd-v0,134,0.347283
16,ours-406478,135,0.165049
16,KACTL,135,3.550961
16,simd-v0,135,0.346702
16,393435,135,0.252130
16,KACTL,136,3.545323
16,simd-v0,136,0.352872
16,393435,136,0.245390
16,ours-406478,136,0.165169
16,simd-v0,137,0.346502
16,393435,137,0.252390
16,ours-406478,137,0.164979
16,KACTL,137,3.538663
16,393435,138,0.252200
16,ours-406478,138,0.165319
16,KACTL,138,3.529699
16,simd-v0,138,0.359942
16,ours-406478,139,0.165009
16,KACTL,139,3.546175
16,simd-v0,139,0.353823
16,393435,139,0.245270
16,KACTL,140,3.541778
16,simd-v0,140,0.347494
16,393435,140,0.245530
16,ours-406478,140,0.164948
16,simd-v0,141,0.352932
16,393435,141,0.246722
16,ours-406478,141,0.165029
16,KACTL,141,3.535759
16,393435,142,0.245219
16,ours-406478,142,0.165139
16,KACTL,142,3.542279
16,simd-v0,142,0.346763
16,ours-406478,143,0.165129
16,KACTL,143,3.560316
16,simd-v0,143,0.346442
16,393435,143,0.245260
16,KACTL,144,3.540466
16,simd-v0,144,0.347274
16,393435,144,0.252040
16,ours-406478,144,0.165179
16,simd-v0,145,0.346272
16,393435,145,0.245470
16,ours-406478,145,0.171628
16,KACTL,145,3.557051
16,393435,146,0.245610
16,ours-406478,146,0.171799
16,KACTL,146,3.539975
16,simd-v0,146,0.347233
16,ours-406478,147,0.165119
16,KACTL,147,3.535418
16,simd-v0,147,0.353012
16,393435,147,0.245039
16,KACTL,148,3.541157
16,simd-v0,148,0.352752
16,393435,148,0.245460
16,ours-406478,148,0.165078
16,simd-v0,149,0.353603
16,393435,149,0.245590
16,ours-406478,149,0.165320
16,KACTL,149,3.547436
16,393435,150,0.245300
16,ours-406478,150,0.164959
16,KACTL,150,3.539704
16,simd-v0,150,0.346642
16,ours-406478,151,0.165008
16,KACTL,151,3.547276
16,simd-v0,151,0.346052
16,393435,151,0.245350
16,KACTL,152,3.538884
16,simd-v0,152,0.346833
16,393435,152,0.245279
16,ours-406478,152,0.172070
16,simd-v0,153,0.347364
16,393435,153,0.245400
16,ours-406478,153,0.165009
16,KACTL,153,3.546475
16,393435,154,0.245130
16,ours-406478,154,0.165219
16,KACTL,154,3.546375
16,simd-v0,154,0.346722
16,ours-406478,155,0.165229
16,KACTL,155,3.570661
16,simd-v0,155,0.346312
16,393435,155,0.257198
16,KACTL,156,3.553035
16,simd-v0,156,0.356397
16,393435,156,0.245310
16,ours-406478,156,0.165309
16,simd-v0,157,0.346752
16,393435,157,0.255195
16,ours-406478,157,0.166551
16,KACTL,157,3.551663
16,393435,158,0.252120
16,ours-406478,158,0.164989
16,KACTL,158,3.533836
16,simd-v0,158,0.354034
16,ours-406478,159,0.165119
16,KACTL,159,3.541728
16,simd-v0,159,0.346943
16,393435,159,0.245440
16,KACTL,160,3.544783
16,simd-v0,160,0.346633
16,393435,160,0.245500
16,ours-406478,160,0.171799
16,simd-v0,161,0.346512
16,393435,161,0.245540
16,ours-406478,161,0.164948
16,KACTL,161,3.557933
16,393435,162,0.245380
16,ours-406478,162,0.164998
16,KACTL,162,3.536951
16,simd-v0,162,0.347063
16,ours-406478,163,0.165209
16,KACTL,163,3.538032
16,simd-v0,163,0.347433
16,393435,163,0.252210
16,KACTL,164,3.534237
16,simd-v0,164,0.347023
16,393435,164,0.277668
16,ours-406478,164,0.171108
16,simd-v0,165,0.347454
16,393435,165,0.253022
16,ours-406478,165,0.165049
16,KACTL,165,3.539314
16,393435,166,0.252320
16,ours-406478,166,0.165279
16,KACTL,166,3.539224
16,simd-v0,166,0.352901
16,ours-406478,167,0.165409
16,KACTL,167,3.533596
16,simd-v0,167,0.353653
16,393435,167,0.245860
16,KACTL,168,3.545143
16,simd-v0,168,0.346943
16,393435,168,0.245120
16,ours-406478,168,0.165229
16,simd-v0,169,0.353854
16,393435,169,0.245530
16,ours-406478,169,0.165169
16,KACTL,169,3.550651
16,393435,170,0.244910
16,ours-406478,170,0.165389
16,KACTL,170,3.541267
16,simd-v0,170,0.349426
16,ours-406478,171,0.165199
16,KACTL,171,3.550541
16,simd-v0,171,0.346222
16,393435,171,0.245780
16,KACTL,172,3.538182
16,simd-v0,172,0.346532
16,393435,172,0.252110
16,ours-406478,172,0.164968
16,simd-v0,173,0.346983
16,393435,173,0.246031
16,ours-406478,173,0.171798
16,KACTL,173,3.543581
16,393435,174,0.245480
16,ours-406478,174,0.171519
16,KACTL,174,3.528207
16,simd-v0,174,0.346692
16,ours-406478,175,0.172950
16,KACTL,175,3.535609
16,simd-v0,175,0.353372
16,393435,175,0.245620
16,KACTL,176,3.530971
16,simd-v0,176,0.356607
16,393435,176,0.245460
16,ours-406478,176,0.165089
16,simd-v0,177,0.353833
16,393435,177,0.245069
16,ours-406478,177,0.165029
16,KACTL,177,3.545974
16,393435,178,0.245229
16,ours-406478,178,0.165069
16,KACTL,178,3.543551
16,simd-v0,178,0.346672
16,ours-406478,179,0.165269
16,KACTL,179,3.535849
16,simd-v0,179,0.346633
16,393435,179,0.245430
16,KACTL,180,3.546285
16,simd-v0,180,0.347624
16,393435,180,0.245670
16,ours-406478,180,0.172049
16,simd-v0,181,0.346573
16,393435,181,0.245550
16,ours-406478,181,0.165209
16,KACTL,181,3.537171
16,393435,182,0.245621
16,ours-406478,182,0.165279
16,KACTL,182,3.535117
16,simd-v0,182,0.346832
16,ours-406478,183,0.165179
16,KACTL,183,3.541308
16,simd-v0,183,0.346472
16,393435,183,0.252140
16,KACTL,184,3.541758
16,simd-v0,184,0.353453
16,393435,184,0.245390
16,ours-406478,184,0.165199
16,simd-v0,185,0.346583
16,393435,185,0.252410
16,ours-406478,185,0.165099
16,KACTL,185,3.539545
16,393435,186,0.252050
16,ours-406478,186,0.165259
16,KACTL,186,3.538012
16,simd-v0,186,0.353062
16,ours-406478,187,0.165029
16,KACTL,187,3.541037
16,simd-v0,187,0.353353
16,393435,187,0.245570
16,KACTL,188,3.544352
16,simd-v0,188,0.346592
16,393435,188,0.245951
16,ours-406478,188,0.165380
16,simd-v0,189,0.353373
16,393435,189,0.245380
16,ours-406478,189,0.165048
16,KACTL,189,3.545613
16,393435,190,0.245531
16,ours-406478,190,0.165148
16,KACTL,190,3.537312
16,simd-v0,190,0.346903
16,ours-406478,191,0.164919
16,KACTL,191,3.546495
16,simd-v0,191,0.346933
16,393435,191,0.245520
16,KACTL,192,3.541297
16,simd-v0,192,0.347164
16,393435,192,0.251589
16,ours-406478,192,0.165089
16,simd-v0,193,0.346912
16,393435,193,0.245991
16,ours-406478,193,0.171728
16,KACTL,193,3.537101
16,393435,194,0.245450
16,ours-406478,194,0.172190
16,KACTL,194,3.922551
16,simd-v0,194,0.347403
16,ours-406478,195,0.165379
16,KACTL,195,3.545213
16,simd-v0,195,0.347424
16,393435,195,0.245590
16,KACTL,196,3.554888
16,simd-v0,196,0.346132
16,393435,196,0.244979
16,ours-406478,196,0.171789
16,simd-v0,197,0.346843
16,393435,197,0.245349
16,ours-406478,197,0.165029
16,KACTL,197,3.544933
16,393435,198,0.245450
16,ours-406478,198,0.165169
16,KACTL,198,3.540356
16,simd-v0,198,0.346793
16,ours-406478,199,0.165099
16,KACTL,199,3.551232
16,simd-v0,199,0.346372
16,393435,199,0.252601
16,KACTL,200,3.535088
16,simd-v0,200,0.353492
16,393435,200,0.245660
16,ours-406478,200,0.165058
16,simd-v0,201,0.346783
16,393435,201,0.253031
16,ours-406478,201,0.165149
16,KACTL,201,3.538413
16,393435,202,0.251860
16,ours-406478,202,0.165219
16,KACTL,202,3.529209
16,simd-v0,202,0.353884
16,ours-406478,203,0.165089
16,KACTL,203,3.538944
16,simd-v0,203,0.353983
16,393435,203,0.245610
16,KACTL,204,3.542900
16,simd-v0,204,0.358340
16,393435,204,0.245300
16,ours-406478,204,0.165149
16,simd-v0,205,0.353123
16,393435,205,0.245189
16,ours-406478,205,0.165239
16,KACTL,205,3.544613
16,393435,206,0.245089
16,ours-406478,206,0.165009
16,KACTL,206,3.532283
16,simd-v0,206,0.346522
16,ours-406478,207,0.164798
16,KACTL,207,3.544843
16,simd-v0,207,0.346472
16,393435,207,0.245189
16,KACTL,208,3.540166
16,simd-v0,208,0.346262
16,393435,208,0.253221
16,ours-406478,208,0.165089
16,simd-v0,209,0.346813
16,393435,209,0.246051
16,ours-406478,209,0.172100
16,KACTL,209,3.537271
16,393435,210,0.245350
16,ours-406478,210,0.172019
16,KACTL,210,3.533986
16,simd-v0,210,0.346863
16,ours-406478,211,0.165139
16,KACTL,211,3.556581
16,simd-v0,211,0.353293
16,393435,211,0.245590
16,KACTL,212,3.534577
16,simd-v0,212,0.353032
16,393435,212,0.245570
16,ours-406478,212,0.165139
16,simd-v0,213,0.354013
16,393435,213,0.245420
16,ours-406478,213,0.164998
16,KACTL,213,3.548168
16,393435,214,0.245450
16,ours-406478,214,0.164969
16,KACTL,214,3.546395
16,simd-v0,214,0.346342
16,ours-406478,215,0.165199
16,KACTL,215,3.544452
16,simd-v0,215,0.346532
16,393435,215,0.245710
16,KACTL,216,3.543400
16,simd-v0,216,0.352601
16,393435,216,0.245670
16,ours-406478,216,0.171799
16,simd-v0,217,0.346883
16,393435,217,0.245450
16,ours-406478,217,0.165139
16,KACTL,217,3.540436
16,393435,218,0.246131
16,ours-406478,218,0.165139
16,KACTL,218,3.539825
16,simd-v0,218,0.346843
16,ours-406478,219,0.171448
16,KACTL,219,3.551152
16,simd-v0,219,0.349897
16,393435,219,0.254874
16,KACTL,220,3.568548
16,simd-v0,220,0.356677
16,393435,220,0.248064
16,ours-406478,220,0.166321
16,simd-v0,221,0.350238
16,393435,221,0.254223
16,ours-406478,221,0.165829
16,KACTL,221,3.597071
16,393435,222,0.246802
16,ours-406478,222,0.165690
16,KACTL,222,3.558333
16,simd-v0,222,0.347885
16,ours-406478,223,0.165730
16,KACTL,223,3.550592
16,simd-v0,223,0.347374
16,393435,223,0.245470
16,KACTL,224,3.546956
16,simd-v0,224,0.346802
16,393435,224,0.245450
16,ours-406478,224,0.173081
16,simd-v0,225,0.346202
16,393435,225,0.245531
16,ours-406478,225,0.164918
16,KACTL,225,3.543190
16,393435,226,0.245440
16,ours-406478,226,0.165259
16,KACTL,226,3.535788
16,simd-v0,226,0.346432
16,ours-406478,227,0.165068
16,KACTL,227,3.536460
16,simd-v0,227,0.346433
16,393435,227,0.251790
16,KACTL,228,3.578904
16,simd-v0,228,0.353183
16,393435,228,0.245850
16,ours-406478,228,0.165059
16,simd-v0,229,0.346732
16,393435,229,0.252321
16,ours-406478,229,0.165009
16,KACTL,229,3.541608
16,393435,230,0.251950
16,ours-406478,230,0.165019
16,KACTL,230,3.561197
16,simd-v0,230,0.353062
16,ours-406478,231,0.165089
16,KACTL,231,3.536169
16,simd-v0,231,0.352751
16,393435,231,0.245911
16,KACTL,232,3.541177
16,simd-v0,232,0.348205
16,393435,232,0.245720
16,ours-406478,232,0.165269
16,simd-v0,233,0.353753
16,393435,233,0.245440
16,ours-406478,233,0.165239
16,KACTL,233,3.534036
16,393435,234,0.245400
16,ours-406478,234,0.165129
16,KACTL,234,3.539324
16,simd-v0,234,0.347293
16,ours-406478,235,0.165229
16,KACTL,235,3.546725
16,simd-v0,235,0.346542
16,393435,235,0.245650
16,KACTL,236,3.529359
16,simd-v0,236,0.346312
16,393435,236,0.255355
16,ours-406478,236,0.164878
16,simd-v0,237,0.346553
16,393435,237,0.246001
16,ours-406478,237,0.172240
16,KACTL,237,3.536670
16,393435,238,0.245389
16,ours-406478,238,0.171799
16,KACTL,238,3.532183
16,simd-v0,238,0.353443
16,ours-406478,239,0.165129
16,KACTL,239,3.535378
16,simd-v0,239,0.354304
16,393435,239,0.245329
16,KACTL,240,3.539685
16,simd-v0,240,0.353002
16,393435,240,0.245240
16,ours-406478,240,0.165169
16,simd-v0,241,0.353522
16,393435,241,0.245379
16,ours-406478,241,0.164979
16,KACTL,241,3.542960
16,393435,242,0.245971
16,ours-406478,242,0.167222
16,KACTL,242,3.549159
16,simd-v0,242,0.346913
16,ours-406478,243,0.165109
16,KACTL,243,3.547046
16,simd-v0,243,0.347003
16,393435,243,0.245320
16,KACTL,244,3.542089
16,simd-v0,244,0.347133
16,393435,244,0.245680
16,ours-406478,244,0.165189
16,simd-v0,245,0.347123
16,393435,245,0.245199
16,ours-406478,245,0.165259
16,KACTL,245,3.539725
16,393435,246,0.245540
16,ours-406478,246,0.165128
16,KACTL,246,3.538684
16,simd-v0,246,0.346232
16,ours-406478,247,0.172801
16,KACTL,247,3.535779
16,simd-v0,247,0.346522
16,393435,247,0.252391
16,KACTL,248,3.537011
16,simd-v0,248,0.354254
16,393435,248,0.245149
16,ours-406478,248,0.167282
16,simd-v0,249,0.346663
16,393435,249,0.251880
16,ours-406478,249,0.165169
16,KACTL,249,3.541177
16,393435,250,0.252180
16,ours-406478,250,0.165229
16,KACTL,250,3.529830
16,simd-v0,250,0.353142
16,ours-406478,251,0.165409
16,KACTL,251,3.549199
16,simd-v0,251,0.346722
16,393435,251,0.245310
16,KACTL,252,3.550431
16,simd-v0,252,0.346973
16,393435,252,0.246010
16,ours-406478,252,0.165079
16,simd-v0,253,0.354574
16,393435,253,0.245690
16,ours-406478,253,0.165319
16,KACTL,253,3.560116
16,393435,254,0.245450
16,ours-406478,254,0.165169
16,KACTL,254,3.541397
16,simd-v0,254,0.346271
16,ours-406478,255,0.164859
16,KACTL,255,3.541688
16,simd-v0,255,0.347193
16,393435,255,0.252180
16,KACTL,256,3.539465
16,simd-v0,256,0.346372
16,393435,256,0.252531
16,ours-406478,256,0.165269
16,simd-v0,257,0.346392
16,393435,257,0.252420
16,ours-406478,257,0.165068
16,KACTL,257,3.541377
16,393435,258,0.252220
16,ours-406478,258,0.165159
16,KACTL,258,3.534707
16,simd-v0,258,0.353863
16,ours-406478,259,0.164989
16,KACTL,259,3.544001
16,simd-v0,259,0.354003
16,393435,259,0.245641
16,KACTL,260,3.539474
16,simd-v0,260,0.346913
16,393435,260,0.245680
16,ours-406478,260,0.165169
16,simd-v0,261,0.353422
16,393435,261,0.245490
16,ours-406478,261,0.165330
16,KACTL,261,3.569569
16,393435,262,0.245661
16,ours-406478,262,0.165149
16,KACTL,262,3.536801
16,simd-v0,262,0.346643
16,ours-406478,263,0.165129
16,KACTL,263,3.555518
16,simd-v0,263,0.347143
16,393435,263,0.246161
16,KACTL,264,3.533406
16,simd-v0,264,0.346843
16,393435,264,0.252421
16,ours-406478,264,0.166771
16,simd-v0,265,0.347033
16,393435,265,0.245641
16,ours-406478,265,0.172320
16,KACTL,265,3.539094
16,393435,266,0.245249
16,ours-406478,266,0.172080
16,KACTL,266,3.537261
16,simd-v0,266,0.347224
16,ours-406478,267,0.172140
16,KACTL,267,3.547497
16,simd-v0,267,0.353203
16,393435,267,0.246111
16,KACTL,268,3.561698
16,simd-v0,268,0.353633
16,393435,268,0.245930
16,ours-406478,268,0.165099
16,simd-v0,269,0.360063
16,393435,269,0.245690
16,ours-406478,269,0.165069
16,KACTL,269,3.550131
16,393435,270,0.245861
16,ours-406478,270,0.165559
16,KACTL,270,3.555188
16,simd-v0,270,0.347103
16,ours-406478,271,0.165259
16,KACTL,271,3.546054
16,simd-v0,271,0.346692
16,393435,271,0.245400
16,KACTL,272,3.563000
16,simd-v0,272,0.351409
16,393435,272,0.248965
16,ours-406478,272,0.172079
16,simd-v0,273,0.346633
16,393435,273,0.245600
16,ours-406478,273,0.170547
16,KACTL,273,3.548478
16,393435,274,0.245700
16,ours-406478,274,0.165119
16,KACTL,274,3.543781
16,simd-v0,274,0.346282
16,ours-406478,275,0.171999
16,KACTL,275,3.533124
16,simd-v0,275,0.347153
16,393435,275,0.252852
16,KACTL,276,3.530951
16,simd-v0,276,0.352781
16,393435,276,0.245399
16,ours-406478,276,0.165009
16,simd-v0,277,0.346963
16,393435,277,0.252420
16,ours-406478,277,0.165079
16,KACTL,277,3.538644
16,393435,278,0.252751
16,ours-406478,278,0.165019
16,KACTL,278,3.541697
16,simd-v0,278,0.354635
16,ours-406478,279,0.165059
16,KACTL,279,3.540726
16,simd-v0,279,0.347224
16,393435,279,0.245911
16,KACTL,280,3.538533
16,simd-v0,280,0.346482
16,393435,280,0.246331
16,ours-406478,280,0.164918
16,simd-v0,281,0.354745
16,393435,281,0.245199
16,ours-406478,281,0.165209
16,KACTL,281,3.550390
16,393435,282,0.245510
16,ours-406478,282,0.165259
16,KACTL,282,3.536930
16,simd-v0,282,0.347213
16,ours-406478,283,0.165339
16,KACTL,283,3.546926
16,simd-v0,283,0.346733
16,393435,283,0.252261
16,KACTL,284,3.528658
16,simd-v0,284,0.346302
16,393435,284,0.252460
16,ours-406478,284,0.165259
16,simd-v0,285,0.347164
16,393435,285,0.245641
16,ours-406478,285,0.165369
16,KACTL,285,3.538674
16,393435,286,0.245460
16,ours-406478,286,0.165039
16,KACTL,286,3.533075
16,simd-v0,286,0.353433
16,ours-406478,287,0.165069
16,KACTL,287,3.541037
16,simd-v0,287,0.355856
16,393435,287,0.245540
16,KACTL,288,3.624974
16,simd-v0,288,0.347363
16,393435,288,0.246321
16,ours-406478,288,0.165489
16,simd-v0,289,0.353323
16,393435,289,0.246161
16,ours-406478,289,0.164999
16,KACTL,289,3.557441
16,393435,290,0.245570
16,ours-406478,290,0.164838
16,KACTL,290,3.539465
16,simd-v0,290,0.347403
16,ours-406478,291,0.164768
16,KACTL,291,3.551423
16,simd-v0,291,0.347053
16,393435,291,0.245470
16,KACTL,292,3.537431
16,simd-v0,292,0.347003
16,393435,292,0.252210
16,ours-406478,292,0.164698
16,simd-v0,293,0.346903
16,393435,293,0.245670
16,ours-406478,293,0.171578
16,KACTL,293,3.540756
16,393435,294,0.245750
16,ours-406478,294,0.171989
16,KACTL,294,3.529920
16,simd-v0,294,0.347103
16,ours-406478,295,0.164979
16,KACTL,295,3.543180
16,simd-v0,295,0.353423
16,393435,295,0.245550
16,KACTL,296,3.531443
16,simd-v0,296,0.354073
16,393435,296,0.245490
16,ours-406478,296,0.164618
16,simd-v0,297,0.354765
16,393435,297,0.245640
16,ours-406478,297,0.165029
16,KACTL,297,3.545744
16,393435,298,0.245320
16,ours-406478,298,0.164999
16,KACTL,298,3.562739
16,simd-v0,298,0.347263
16,ours-406478,299,0.164909
16,KACTL,299,3.542769
16,simd-v0,299,0.346292
16,393435,299,0.246021
16,KACTL,300,3.541427
16,simd-v0,300,0.346473
16,393435,300,0.245450
16,ours-406478,300,0.171439
16,simd-v0,301,0.346562
16,393435,301,0.245620
16,ours-406478,301,0.164929
16,KACTL,301,3.548708
16,393435,302,0.245450
16,ours-406478,302,0.164768
16,KACTL,302,3.584502
16,simd-v0,302,0.346422
16,ours-406478,303,0.171449
16,KACTL,303,3.533566
16,simd-v0,303,0.346833
16,393435,303,0.253442
16,KACTL,304,3.530941
16,simd-v0,304,0.353313
16,393435,304,0.245650
16,ours-406478,304,0.164798
16,simd-v0,305,0.346763
16,393435,305,0.257117
16,ours-406478,305,0.164768
16,KACTL,305,3.534768
16,393435,306,0.252480
16,ours-406478,306,0.164928
16,KACTL,306,3.532774
16,simd-v0,306,0.353062
16,ours-406478,307,0.164548
16,KACTL,307,3.534697
16,simd-v0,307,0.346643
16,393435,307,0.245430
16,KACTL,308,3.549269
16,simd-v0,308,0.346833
16,393435,308,0.245510
16,ours-406478,308,0.164758
16,simd-v0,309,0.353963
16,393435,309,0.245850
16,ours-406478,309,0.164889
16,KACTL,309,3.555508
16,393435,310,0.246321
16,ours-406478,310,0.165189
16,KACTL,310,3.550000
16,simd-v0,310,0.347023
16,ours-406478,311,0.165239
16,KACTL,311,3.565354
16,simd-v0,311,0.347624
16,393435,311,0.252490
16,KACTL,312,3.532294
16,simd-v0,312,0.346833
16,393435,312,0.252181
16,ours-406478,312,0.164818
16,simd-v0,313,0.347123
16,393435,313,0.252030
16,ours-406478,313,0.164798
16,KACTL,313,3.541228
16,393435,314,0.252000
16,ours-406478,314,0.164738
16,KACTL,314,3.529570
16,simd-v0,314,0.353513
16,ours-406478,315,0.164668
16,KACTL,315,3.545294
16,simd-v0,315,0.353523
16,393435,315,0.245480
16,KACTL,316,3.555308
16,simd-v0,316,0.346822
16,393435,316,0.245700
16,ours-406478,316,0.164789
16,simd-v0,317,0.353643
16,393435,317,0.245710
16,ours-406478,317,0.164748
16,KACTL,317,3.543361
16,393435,318,0.245350
16,ours-406478,318,0.164768
16,KACTL,318,3.538974
16,simd-v0,318,0.346823
16,ours-406478,319,0.164838
16,KACTL,319,3.545814
16,simd-v0,319,0.347304
16,393435,319,0.245380
16,KACTL,320,3.535909
16,simd-v0,320,0.346872
16,393435,320,0.252781
16,ours-406478,320,0.164838
16,simd-v0,321,0.346592
16,393435,321,0.245560
16,ours-406478,321,0.171839
16,KACTL,321,3.539695
16,393435,322,0.245430
16,ours-406478,322,0.171458
16,KACTL,322,3.532384
16,simd-v0,322,0.346943
16,ours-406478,323,0.171469
16,KACTL,323,3.538043
16,simd-v0,323,0.353463
16,393435,323,0.245860
16,KACTL,324,3.535579
16,simd-v0,324,0.353393
16,393435,324,0.246071
16,ours-406478,324,0.164738
16,simd-v0,325,0.353222
16,393435,325,0.245410
16,ours-406478,325,0.164628
16,KACTL,325,3.538713
16,393435,326,0.245349
16,ours-406478,326,0.164709
16,KACTL,326,3.559034
16,simd-v0,326,0.348255
16,ours-406478,327,0.164818
16,KACTL,327,3.555649
16,simd-v0,327,0.346522
16,393435,327,0.245480
16,KACTL,328,3.533425
16,simd-v0,328,0.346712
16,393435,328,0.245490
16,ours-406478,328,0.171649
16,simd-v0,329,0.346953
16,393435,329,0.245610
16,ours-406478,329,0.164808
16,KACTL,329,3.548478
16,393435,330,0.245009
16,ours-406478,330,0.164758
16,KACTL,330,3.531963
16,simd-v0,330,0.346892
16,ours-406478,331,0.164849
16,KACTL,331,3.551783
16,simd-v0,331,0.346893
16,393435,331,0.253172
16,KACTL,332,3.532314
16,simd-v0,332,0.353072
16,393435,332,0.245330
16,ours-406478,332,0.164799
16,simd-v0,333,0.347013
16,393435,333,0.252651
16,ours-406478,333,0.164698
16,KACTL,333,3.542099
16,393435,334,0.252330
16,ours-406478,334,0.164748
16,KACTL,334,3.533816
16,simd-v0,334,0.353694
16,ours-406478,335,0.164718
16,KACTL,335,3.549950
16,simd-v0,335,0.353843
16,393435,335,0.245510
16,KACTL,336,3.539374
16,simd-v0,336,0.346592
16,393435,336,0.245239
16,ours-406478,336,0.164638
16,simd-v0,337,0.354074
16,393435,337,0.245801
16,ours-406478,337,0.164798
16,KACTL,337,3.541277
16,393435,338,0.245270
16,ours-406478,338,0.164879
16,KACTL,338,3.541578
16,simd-v0,338,0.346922
16,ours-406478,339,0.164949
16,KACTL,339,3.544832
16,simd-v0,339,0.347023
16,393435,339,0.245350
16,KACTL,340,3.540726
16,simd-v0,340,0.347023
16,393435,340,0.252210
16,ours-406478,340,0.164868
16,simd-v0,341,0.347124
16,393435,341,0.245270
16,ours-406478,341,0.171699
16,KACTL,341,3.538503
16,393435,342,0.245600
16,ours-406478,342,0.171859
16,KACTL,342,3.531192
16,simd-v0,342,0.346792
16,ours-406478,343,0.176987
16,KACTL,343,3.534377
16,simd-v0,343,0.353533
16,393435,343,0.245510
16,KACTL,344,3.533315
16,simd-v0,344,0.353232
16,393435,344,0.245751
16,ours-406478,344,0.164768
16,simd-v0,345,0.353493
16,393435,345,0.245640
16,ours-406478,345,0.164778
16,KACTL,345,3.547136
16,393435,346,0.245320
16,ours-406478,346,0.164909
16,KACTL,346,3.543390
16,simd-v0,346,0.347193
16,ours-406478,347,0.164939
16,KACTL,347,3.544452
16,simd-v0,347,0.346683
16,393435,347,0.245600
17,KACTL,0,7.743510
17,simd-v0,0,0.727306
17,393435,0,0.501636
17,ours-406478,0,0.348505
17,simd-v0,1,0.733405
17,393435,1,0.501336
17,ours-406478,1,0.351059
17,KACTL,1,7.741958
17,393435,2,0.495377
17,ours-406478,2,0.355366
17,KACTL,2,7.742158
17,simd-v0,2,0.733255
17,ours-406478,3,0.348646
17,KACTL,3,7.768569
17,simd-v0,3,0.733475
17,393435,3,0.501606
17,KACTL,4,7.767266
17,simd-v0,4,0.733957
17,393435,4,0.501516
17,ours-406478,4,0.349517
17,simd-v0,5,0.732935
17,393435,5,0.502888
17,ours-406478,5,0.361365
17,KACTL,5,7.742108
17,393435,6,0.501536
17,ours-406478,6,0.349016
17,KACTL,6,7.761127
17,simd-v0,6,0.733987
17,ours-406478,7,0.349096
17,KACTL,7,7.760246
17,simd-v0,7,0.732544
17,393435,7,0.495026
17,KACTL,8,7.780997
17,simd-v0,8,0.733215
17,393435,8,0.495186
17,ours-406478,8,0.355646
17,simd-v0,9,0.726024
17,393435,9,0.495336
17,ours-406478,9,0.349106
17,KACTL,9,7.775038
17,393435,10,0.501596
17,ours-406478,10,0.348736
17,KACTL,10,7.765674
17,simd-v0,10,0.733425
17,ours-406478,11,0.348705
17,KACTL,11,7.744923
17,simd-v0,11,0.732294
17,393435,11,0.494976
17,KACTL,12,7.769770
17,simd-v0,12,0.732805
17,393435,12,0.495196
17,ours-406478,12,0.348715
17,simd-v0,13,0.725733
17,393435,13,0.501937
17,ours-406478,13,0.348996
17,KACTL,13,7.754898
17,393435,14,0.495427
17,ours-406478,14,0.355416
17,KACTL,14,7.762249
17,simd-v0,14,0.726555
17,ours-406478,15,0.355717
17,KACTL,15,7.757592
17,simd-v0,15,0.726325
17,393435,15,0.503449
17,KACTL,16,7.778043
17,simd-v0,16,0.726915
17,393435,16,0.501305
17,ours-406478,16,0.348795
17,simd-v0,17,0.735989
17,393435,17,0.501526
17,ours-406478,17,0.348716
17,KACTL,17,7.750511
17,393435,18,0.494725
17,ours-406478,18,0.357469
17,KACTL,18,7.756530
17,simd-v0,18,0.731492
17,ours-406478,19,0.348905
17,KACTL,19,7.760276
17,simd-v0,19,0.734948
17,393435,19,0.501516
17,KACTL,20,7.750200
17,simd-v0,20,0.732033
17,393435,20,0.502267
17,ours-406478,20,0.348956
17,simd-v0,21,0.734898
17,393435,21,0.495556
17,ours-406478,21,0.355656
17,KACTL,21,7.739094
17,393435,22,0.501766
17,ours-406478,22,0.348295
17,KACTL,22,7.764342
17,simd-v0,22,0.732424
17,ours-406478,23,0.348575
17,KACTL,23,7.751002
17,simd-v0,23,0.733506
17,393435,23,0.494946
17,KACTL,24,7.755919
17,simd-v0,24,0.732173
17,393435,24,0.495417
17,ours-406478,24,0.355426
17,simd-v0,25,0.725383
17,393435,25,0.501866
17,ours-406478,25,0.349377
17,KACTL,25,7.762580
17,393435,26,0.501856
17,ours-406478,26,0.348666
17,KACTL,26,7.779085
17,simd-v0,26,0.733396
17,ours-406478,27,0.348616
17,KACTL,27,7.748168
17,simd-v0,27,0.725624
17,393435,27,0.501546
17,KACTL,28,7.751533
17,simd-v0,28,0.732404
17,393435,28,0.495126
17,ours-406478,28,0.348515
17,simd-v0,29,0.732834
17,393435,29,0.501826
17,ours-406478,29,0.349006
17,KACTL,29,7.764813
17,393435,30,0.494275
17,ours-406478,30,0.354995
17,KACTL,30,7.752845
17,simd-v0,30,0.726215
17,ours-406478,31,0.355346
17,KACTL,31,7.736119
17,simd-v0,31,0.733095
17,393435,31,0.501536
17,KACTL,32,7.746304
17,simd-v0,32,0.732765
17,393435,32,0.503198
17,ours-406478,32,0.348576
17,simd-v0,33,0.733516
17,393435,33,0.495768
17,ours-406478,33,0.356007
17,KACTL,33,7.747647
17,393435,34,0.494785
17,ours-406478,34,0.348886
17,KACTL,34,7.781678
17,simd-v0,34,0.732264
17,ours-406478,35,0.350769
17,KACTL,35,7.748187
17,simd-v0,35,0.733205
17,393435,35,0.495247
17,KACTL,36,7.745153
17,simd-v0,36,0.733145
17,393435,36,0.494936
17,ours-406478,36,0.361886
17,simd-v0,37,0.733676
17,393435,37,0.495287
17,ours-406478,37,0.351210
17,KACTL,37,7.737041
17,393435,38,0.502297
17,ours-406478,38,0.348896
17,KACTL,38,7.775699
17,simd-v0,38,0.733615
17,ours-406478,39,0.348936
17,KACTL,39,7.758714
17,simd-v0,39,0.732544
17,393435,39,0.511020
17,KACTL,40,7.756910
17,simd-v0,40,0.732204
17,393435,40,0.495657
17,ours-406478,40,0.355946
17,simd-v0,41,0.726435
17,393435,41,0.501405
17,ours-406478,41,0.348896
17,KACTL,41,7.745744
17,393435,42,0.501606
17,ours-406478,42,0.349147
17,KACTL,42,7.772133
17,simd-v0,42,0.725343
17,ours-406478,43,0.355836
17,KACTL,43,7.739064
17,simd-v0,43,0.727637
17,393435,43,0.501686
17,KACTL,44,7.751552
17,simd-v0,44,0.729850
17,393435,44,0.501946
17,ours-406478,44,0.348866
17,simd-v0,45,0.738193
17,393435,45,0.502597
17,ours-406478,45,0.348896
17,KACTL,45,7.748047
17,393435,46,0.494705
17,ours-406478,46,0.355776
17,KACTL,46,7.754768
17,simd-v0,46,0.734647
17,ours-406478,47,0.355466
17,KACTL,47,7.732214
17,simd-v0,47,0.733034
17,393435,47,0.501556
17,KACTL,48,7.749019
17,simd-v0,48,0.741097
17,393435,48,0.502137
17,ours-406478,48,0.349236
17,simd-v0,49,0.733095
17,393435,49,0.495506
17,ours-406478,49,0.355977
17,KACTL,49,7.752835
17,393435,50,0.502677
17,ours-406478,50,0.348946
17,KACTL,50,7.759034
17,simd-v0,50,0.735258
17,ours-406478,51,0.349146
17,KACTL,51,7.737892
17,simd-v0,51,0.734347
17,393435,51,0.494996
17,KACTL,52,7.759445
17,simd-v0,52,0.732814
17,393435,52,0.495026
17,ours-406478,52,0.355305
17,simd-v0,53,0.728438
17,393435,53,0.503439
17,ours-406478,53,0.348976
17,KACTL,53,7.757061
17,393435,54,0.501516
17,ours-406478,54,0.348475
17,KACTL,54,7.774928
17,simd-v0,54,0.733085
17,ours-406478,55,0.348716
17,KACTL,55,7.736160
17,simd-v0,55,0.725323
17,393435,55,0.501425
17,KACTL,56,7.752064
17,simd-v0,56,0.737020
17,393435,56,0.495026
17,ours-406478,56,0.348836
17,simd-v0,57,0.733185
17,393435,57,0.501777
17,ours-406478,57,0.349476
17,KACTL,57,7.752655
17,393435,58,0.495006
17,ours-406478,58,0.355415
17,KACTL,58,7.762950
17,simd-v0,58,0.726445
17,ours-406478,59,0.355606
17,KACTL,59,7.760286
17,simd-v0,59,0.732614
17,393435,59,0.501406
17,KACTL,60,7.754437
17,simd-v0,60,0.727456
17,393435,60,0.502437
17,ours-406478,60,0.348876
17,simd-v0,61,0.733215
17,393435,61,0.495467
17,ours-406478,61,0.356187
17,KACTL,61,7.745714
17,393435,62,0.495167
17,ours-406478,62,0.348695
17,KACTL,62,7.756460
17,simd-v0,62,0.734908
17,ours-406478,63,0.349176
17,KACTL,63,7.754447
17,simd-v0,63,0.735128
17,393435,63,0.495527
17,KACTL,64,7.813416
17,simd-v0,64,0.733636
17,393435,64,0.501796
17,ours-406478,64,0.349106
17,simd-v0,65,0.733034
17,393435,65,0.495406
17,ours-406478,65,0.355686
17,KACTL,65,7.777081
17,393435,66,0.500965
17,ours-406478,66,0.349297
17,KACTL,66,7.782669
17,simd-v0,66,0.732955
17,ours-406478,67,0.349286
17,KACTL,67,7.756270
17,simd-v0,67,0.735559
17,393435,67,0.495427
17,KACTL,68,7.776571
17,simd-v0,68,0.733095
17,393435,68,0.497550
17,ours-406478,68,0.355786
17,simd-v0,69,0.727566
17,393435,69,0.495236
17,ours-406478,69,0.349266
17,KACTL,69,7.743230
17,393435,70,0.503639
17,ours-406478,70,0.348906
17,KACTL,70,7.785564
17,simd-v0,70,0.731412
17,ours-406478,71,0.348916
17,KACTL,71,7.762709
17,simd-v0,71,0.733546
17,393435,71,0.495346
17,KACTL,72,7.761948
17,simd-v0,72,0.732334
17,393435,72,0.495016
17,ours-406478,72,0.348695
17,simd-v0,73,0.726655
17,393435,73,0.503148
17,ours-406478,73,0.349156
17,KACTL,73,7.743250
17,393435,74,0.495487
17,ours-406478,74,0.355957
17,KACTL,74,7.764172
17,simd-v0,74,0.728227
17,ours-406478,75,0.355946
17,KACTL,75,7.820406
17,simd-v0,75,0.725644
17,393435,75,0.501376
17,KACTL,76,7.757061
17,simd-v0,76,0.726746
17,393435,76,0.500485
17,ours-406478,76,0.349026
17,simd-v0,77,0.732184
17,393435,77,0.501506
17,ours-406478,77,0.349637
17,KACTL,77,7.757171
17,393435,78,0.494214
17,ours-406478,78,0.355276
17,KACTL,78,7.747006
17,simd-v0,78,0.732163
17,ours-406478,79,0.348936
17,KACTL,79,7.755739
17,simd-v0,79,0.731883
17,393435,79,0.501255
17,KACTL,80,7.778954
17,simd-v0,80,0.733916
17,393435,80,0.501065
17,ours-406478,80,0.349637
17,simd-v0,81,0.732785
17,393435,81,0.494145
17,ours-406478,81,0.355505
17,KACTL,81,7.774507
17,393435,82,0.501606
17,ours-406478,82,0.349487
17,KACTL,82,7.779645
17,simd-v0,82,0.734677
17,ours-406478,83,0.348976
17,KACTL,83,7.749219
17,simd-v0,83,0.732574
17,393435,83,0.493825
17,KACTL,84,7.806765
17,simd-v0,84,0.739715
17,393435,84,0.494185
17,ours-406478,84,0.355736
17,simd-v0,85,0.734006
17,393435,85,0.494545
17,ours-406478,85,0.348996
17,KACTL,85,7.751913
17,393435,86,0.501275
17,ours-406478,86,0.349237
17,KACTL,86,7.772944
17,simd-v0,86,0.733685
17,ours-406478,87,0.349096
17,KACTL,87,7.750891
17,simd-v0,87,0.732444
17,393435,87,0.495667
17,KACTL,88,7.749660
17,simd-v0,88,0.732003
17,393435,88,0.494535
17,ours-406478,88,0.355636
17,simd-v0,89,0.727065
17,393435,89,0.500865
17,ours-406478,89,0.349046
17,KACTL,89,7.759845
17,393435,90,0.500434
17,ours-406478,90,0.348515
17,KACTL,90,7.762279
17,simd-v0,90,0.726605
17,ours-406478,91,0.356146
17,KACTL,91,7.752575
17,simd-v0,91,0.728077
17,393435,91,0.501115
17,KACTL,92,7.753846
17,simd-v0,92,0.726925
17,393435,92,0.504310
17,ours-406478,92,0.349146
17,simd-v0,93,0.738813
17,393435,93,0.502457
17,ours-406478,93,0.349366
17,KACTL,93,7.750101
17,393435,94,0.494095
17,ours-406478,94,0.355546
17,KACTL,94,7.744982
17,simd-v0,94,0.734417
17,ours-406478,95,0.355506
17,KACTL,95,7.736430
17,simd-v0,95,0.734647
17,393435,95,0.500685
17,KACTL,96,7.755248
17,simd-v0,96,0.733455
17,393435,96,0.500875
17,ours-406478,96,0.348716
17,simd-v0,97,0.733375
17,393435,97,0.494745
17,ours-406478,97,0.355756
17,KACTL,97,7.749489
17,393435,98,0.509358
17,ours-406478,98,0.348946
17,KACTL,98,7.754066
17,simd-v0,98,0.732274
17,ours-406478,99,0.348615
17,KACTL,99,7.753445
17,simd-v0,99,0.733436
17,393435,99,0.494515
17,KACTL,100,7.757051
17,simd-v0,100,0.733856
17,393435,100,0.493924
17,ours-406478,100,0.356097
17,simd-v0,101,0.725513
17,393435,101,0.500624
17,ours-406478,101,0.349357
17,KACTL,101,7.749509
17,393435,102,0.500755
17,ours-406478,102,0.348916
17,KACTL,102,7.787817
17,simd-v0,102,0.732624
17,ours-406478,103,0.348826
17,KACTL,103,7.729910
17,simd-v0,103,0.728758
17,393435,103,0.500164
17,KACTL,104,7.763831
17,simd-v0,104,0.733585
17,393435,104,0.495957
17,ours-406478,104,0.348846
17,simd-v0,105,0.732494
17,393435,105,0.500514
17,ours-406478,105,0.348966
17,KACTL,105,7.750912
17,393435,106,0.496148
17,ours-406478,106,0.355386
17,KACTL,106,7.758443
17,simd-v0,106,0.727607
17,ours-406478,107,0.355616
17,KACTL,107,7.743630
17,simd-v0,107,0.732654
17,393435,107,0.500534
17,KACTL,108,7.768207
17,simd-v0,108,0.726505
17,393435,108,0.500565
17,ours-406478,108,0.348585
17,simd-v0,109,0.733766
17,393435,109,0.494896
17,ours-406478,109,0.356076
17,KACTL,109,7.748118
17,393435,110,0.493764
17,ours-406478,110,0.348936
17,KACTL,110,7.746715
17,simd-v0,110,0.732263
17,ours-406478,111,0.349096
17,KACTL,111,7.752644
17,simd-v0,111,0.732444
17,393435,111,0.494265
17,KACTL,112,7.766135
17,simd-v0,112,0.738944
17,393435,112,0.500644
17,ours-406478,112,0.349276
17,simd-v0,113,0.732023
17,393435,113,0.493854
17,ours-406478,113,0.357188
17,KACTL,113,7.738322
17,393435,114,0.501686
17,ours-406478,114,0.348856
17,KACTL,114,7.745994
17,simd-v0,114,0.735949
17,ours-406478,115,0.348786
17,KACTL,115,7.779105
17,simd-v0,115,0.732964
17,393435,115,0.493825
17,KACTL,116,7.766766
17,simd-v0,116,0.733766
17,393435,116,0.494085
17,ours-406478,116,0.355816
17,simd-v0,117,0.726655
17,393435,117,0.501766
17,ours-406478,117,0.348996
17,KACTL,117,7.757291
17,393435,118,0.500934
17,ours-406478,118,0.349096
17,KACTL,118,7.769900
17,simd-v0,118,0.726886
17,ours-406478,119,0.348886
17,KACTL,119,7.769550
17,simd-v0,119,0.727326
17,393435,119,0.500915
17,KACTL,120,7.769009
17,simd-v0,120,0.728578
17,393435,120,0.494104
17,ours-406478,120,0.349016
17,simd-v0,121,0.733306
17,393435,121,0.501726
17,ours-406478,121,0.349396
17,KACTL,121,7.741448
17,393435,122,0.493654
17,ours-406478,122,0.359392
17,KACTL,122,7.740786
17,simd-v0,122,0.735007
17,ours-406478,123,0.355656
17,KACTL,123,7.749570
17,simd-v0,123,0.732624
17,393435,123,0.500574
17,KACTL,124,7.748708
17,simd-v0,124,0.732784
17,393435,124,0.500684
17,ours-406478,124,0.349066
17,simd-v0,125,0.733776
17,393435,125,0.495947
17,ours-406478,125,0.393413
17,KACTL,125,7.754847
17,393435,126,0.494535
17,ours-406478,126,0.348765
17,KACTL,126,7.762740
17,simd-v0,126,0.743270
17,ours-406478,127,0.349187
17,KACTL,127,7.761638
17,simd-v0,127,0.732634
17,393435,127,0.494235
17,KACTL,128,7.764252
17,simd-v0,128,0.732074
17,393435,128,0.493954
17,ours-406478,128,0.355276
17,simd-v0,129,0.736189
17,393435,129,0.493504
17,ours-406478,129,0.355566
17,KACTL,129,7.736260
17,393435,130,0.501596
17,ours-406478,130,0.349087
17,KACTL,130,7.754668
17,simd-v0,130,0.732685
17,ours-406478,131,0.349136
17,KACTL,131,7.747006
17,simd-v0,131,0.732815
17,393435,131,0.494095
17,KACTL,132,7.762188
17,simd-v0,132,0.733406
17,393435,132,0.494585
17,ours-406478,132,0.355415
17,simd-v0,133,0.725274
17,393435,133,0.500184
17,ours-406478,133,0.348756
17,KACTL,133,7.768328
17,393435,134,0.500384
17,ours-406478,134,0.348866
17,KACTL,134,7.757271
17,simd-v0,134,0.726005
17,ours-406478,135,0.355506
17,KACTL,135,7.757231
17,simd-v0,135,0.725293
17,393435,135,0.500905
17,KACTL,136,7.754868
17,simd-v0,136,0.726775
17,393435,136,0.500645
17,ours-406478,136,0.349036
17,simd-v0,137,0.735850
17,393435,137,0.500935
17,ours-406478,137,0.349226
17,KACTL,137,7.749780
17,393435,138,0.494205
17,ours-406478,138,0.355957
17,KACTL,138,7.762289
17,simd-v0,138,0.732363
17,ours-406478,139,0.355205
17,KACTL,139,7.749039
17,simd-v0,139,0.735068
17,393435,139,0.500995
17,KACTL,140,7.748368
17,simd-v0,140,0.732093
17,393435,140,0.500644
17,ours-406478,140,0.350748
17,simd-v0,141,0.733015
17,393435,141,0.494025
17,ours-406478,141,0.355576
17,KACTL,141,7.746255
17,393435,142,0.502017
17,ours-406478,142,0.348766
17,KACTL,142,7.754146
17,simd-v0,142,0.733426
17,ours-406478,143,0.348996
17,KACTL,143,7.755489
17,simd-v0,143,0.732073
17,393435,143,0.494265
17,KACTL,144,7.752795
17,simd-v0,144,0.733625
17,393435,144,0.494005
17,ours-406478,144,0.355726
17,simd-v0,145,0.726294
17,393435,145,0.501256
17,ours-406478,145,0.349547
17,KACTL,145,7.756921
17,393435,146,0.500394
17,ours-406478,146,0.355105
17,KACTL,146,7.774267
17,simd-v0,146,0.731482
17,ours-406478,147,0.348976
17,KACTL,147,7.745043
17,simd-v0,147,0.725764
17,393435,147,0.493664
17,KACTL,148,7.765734
17,simd-v0,148,0.731663
17,393435,148,0.493994
17,ours-406478,148,0.348736
17,simd-v0,149,0.733005
17,393435,149,0.501235
17,ours-406478,149,0.349206
17,KACTL,149,7.744973
17,393435,150,0.493824
17,ours-406478,150,0.359872
17,KACTL,150,7.760166
17,simd-v0,150,0.726205
17,ours-406478,151,0.355475
17,KACTL,151,7.762990
17,simd-v0,151,0.732244
17,393435,151,0.500334
17,KACTL,152,7.768839
17,simd-v0,152,0.727597
17,393435,152,0.500444
17,ours-406478,152,0.348886
17,simd-v0,153,0.731582
17,393435,153,0.494145
17,ours-406478,153,0.356106
17,KACTL,153,7.763151
17,393435,154,0.494235
17,ours-406478,154,0.355376
17,KACTL,154,7.749009
17,simd-v0,154,0.732665
17,ours-406478,155,0.348736
17,KACTL,155,7.744883
17,simd-v0,155,0.732755
17,393435,155,0.493904
17,KACTL,156,7.760977
17,simd-v0,156,0.736219
17,393435,156,0.500805
17,ours-406478,156,0.348736
17,simd-v0,157,0.735138
17,393435,157,0.494816
17,ours-406478,157,0.356016
17,KACTL,157,7.749760
17,393435,158,0.500825
17,ours-406478,158,0.348836
17,KACTL,158,7.740345
17,simd-v0,158,0.733245
17,ours-406478,159,0.349076
17,KACTL,159,7.746014
17,simd-v0,159,0.734287
17,393435,159,0.494005
18,KACTL,0,16.491765
18,simd-v0,0,1.520842
18,393435,0,1.102982
18,ours-406478,0,0.744342
18,simd-v0,1,1.517197
18,393435,1,1.105566
18,ours-406478,1,0.738012
18,KACTL,1,16.480238
18,393435,2,1.102742
18,ours-406478,2,0.748899
18,KACTL,2,16.483964
18,simd-v0,2,1.529745
18,ours-406478,3,0.757442
18,KACTL,3,16.490294
18,simd-v0,3,1.529635
18,393435,3,1.104715
18,KACTL,4,16.486999
18,simd-v0,4,1.515455
18,393435,4,1.101881
18,ours-406478,4,0.744892
18,simd-v0,5,1.525499
18,393435,5,1.103303
18,ours-406478,5,0.743621
18,KACTL,5,16.455180
18,393435,6,1.101990
18,ours-406478,6,0.744843
18,KACTL,6,16.501520
18,simd-v0,6,1.515694
18,ours-406478,7,0.746976
18,KACTL,7,16.495722
18,simd-v0,7,1.515994
18,393435,7,1.110684
18,KACTL,8,16.478145
18,simd-v0,8,1.512830
18,393435,8,1.102702
18,ours-406478,8,0.739925
18,simd-v0,9,1.522975
18,393435,9,1.103823
18,ours-406478,9,0.744011
18,KACTL,9,16.619287
18,393435,10,1.108971
18,ours-406478,10,0.737812
18,KACTL,10,16.502191
18,simd-v0,10,1.531909
18,ours-406478,11,0.736560
18,KACTL,11,16.515291
18,simd-v0,11,1.513220
18,393435,11,1.110333
18,KACTL,12,16.476082
18,simd-v0,12,1.524998
18,393435,12,1.101250
18,ours-406478,12,0.746545
18,simd-v0,13,1.517758
18,393435,13,1.103814
18,ours-406478,13,0.744381
18,KACTL,13,16.485345
18,393435,14,1.104104
18,ours-406478,14,0.742820
18,KACTL,14,16.485045
18,simd-v0,14,1.522745
18,ours-406478,15,0.737091
18,KACTL,15,16.512908
18,simd-v0,15,1.520932
18,393435,15,1.104695
18,KACTL,16,16.494259
18,simd-v0,16,1.522625
18,393435,16,1.101490
18,ours-406478,16,0.744762
18,simd-v0,17,1.519570
18,393435,17,1.109672
18,ours-406478,17,0.737271
18,KACTL,17,16.501210
18,393435,18,1.103473
18,ours-406478,18,0.744021
18,KACTL,18,16.478035
18,simd-v0,18,1.532670
18,ours-406478,19,0.746335
18,KACTL,19,16.482661
18,simd-v0,19,1.521923
18,393435,19,1.103644
18,KACTL,20,16.508581
18,simd-v0,20,1.514051
18,393435,20,1.101380
18,ours-406478,20,0.744902
18,simd-v0,21,1.527862
18,393435,21,1.103163
18,ours-406478,21,0.744152
18,KACTL,21,16.477313
18,393435,22,1.103063
18,ours-406478,22,0.743060
18,KACTL,22,16.507228
18,simd-v0,22,1.517687
18,ours-406478,23,0.745003
18,KACTL,23,16.474749
18,simd-v0,23,1.523496
18,393435,23,1.103353
18,KACTL,24,16.505536
18,simd-v0,24,1.515855
18,393435,24,1.101911
18,ours-406478,24,0.745934
18,simd-v0,25,1.524928
18,393435,25,1.102842
18,ours-406478,25,0.744452
18,KACTL,25,16.498015
18,393435,26,1.108621
18,ours-406478,26,0.751372
18,KACTL,26,16.515862
18,simd-v0,26,1.517136
18,ours-406478,27,0.744903
18,KACTL,27,16.481781
18,simd-v0,27,1.524839
18,393435,27,1.106698
18,KACTL,28,16.520359
18,simd-v0,28,1.525740
18,393435,28,1.110664
18,ours-406478,28,0.741227
18,simd-v0,29,1.521424
18,393435,29,1.103423
18,ours-406478,29,0.744833
18,KACTL,29,16.495681
18,393435,30,1.101931
18,ours-406478,30,0.736991
18,KACTL,30,16.471334
18,simd-v0,30,1.527733
18,ours-406478,31,0.764482
18,KACTL,31,16.501470
18,simd-v0,31,1.524117
18,393435,31,1.108070
18,KACTL,32,16.473077
18,simd-v0,32,1.527142
18,393435,32,1.103162
18,ours-406478,32,0.745724
18,simd-v0,33,1.519740
18,393435,33,1.103724
18,ours-406478,33,0.744242
18,KACTL,33,16.492206
18,393435,34,1.102942
18,ours-406478,34,0.743491
18,KACTL,34,16.588761
18,simd-v0,34,1.538258
18,ours-406478,35,0.748818
18,KACTL,35,16.759269
18,simd-v0,35,1.535044
18,393435,35,1.113158
18,KACTL,36,16.546157
18,simd-v0,36,1.545540
18,393435,36,1.116503
18,ours-406478,36,0.760566
18,simd-v0,37,1.531147
18,393435,37,1.110894
18,ours-406478,37,0.746665
18,KACTL,37,16.771578
18,393435,38,1.113418
18,ours-406478,38,0.792284
18,KACTL,38,16.667270
18,simd-v0,38,1.539540
18,ours-406478,39,0.764582
18,KACTL,39,16.577705
18,simd-v0,39,1.526270
18,393435,39,1.109282
18,KACTL,40,16.595451
18,simd-v0,40,1.531498
18,393435,40,1.111174
18,ours-406478,40,0.751392
18,simd-v0,41,1.526591
18,393435,41,1.110824
18,ours-406478,41,0.748869
18,KACTL,41,16.533999
18,393435,42,1.102471
18,ours-406478,42,0.743170
18,KACTL,42,16.494780
18,simd-v0,42,1.524939
18,ours-406478,43,0.744012
18,KACTL,43,16.492166
18,simd-v0,43,1.520621
18,393435,43,1.105706
18,KACTL,44,16.473848
18,simd-v0,44,1.528123
18,393435,44,1.103373
18,ours-406478,44,0.745153
18,simd-v0,45,1.526160
18,393435,45,1.104315
18,ours-406478,45,0.737752
18,KACTL,45,16.487018
18,393435,46,1.102551
18,ours-406478,46,0.743601
18,KACTL,46,16.490914
18,simd-v0,46,1.517457
18,ours-406478,47,0.743861
18,KACTL,47,16.479246
18,simd-v0,47,1.523947
18,393435,47,1.106829
18,KACTL,48,16.486697
18,simd-v0,48,1.518989
18,393435,48,1.103413
18,ours-406478,48,0.745724
18,simd-v0,49,1.522735
18,393435,49,1.105366
18,ours-406478,49,0.743991
18,KACTL,49,16.493078
18,393435,50,1.103733
18,ours-406478,50,0.744051
18,KACTL,50,16.514760
18,simd-v0,50,1.520301
18,ours-406478,51,0.744392
18,KACTL,51,16.507269
18,simd-v0,51,1.514923
18,393435,51,1.107500
18,KACTL,52,16.496813
18,simd-v0,52,1.515144
18,393435,52,1.110744
18,ours-406478,52,0.740045
18,simd-v0,53,1.529335
18,393435,53,1.105466
18,ours-406478,53,0.745624
18,KACTL,53,16.548180
18,393435,54,1.109021
18,ours-406478,54,0.737902
18,KACTL,54,16.501440
18,simd-v0,54,1.526441
18,ours-406478,55,0.738443
18,KACTL,55,16.488831
18,simd-v0,55,1.517086
18,393435,55,1.112978
18,KACTL,56,16.516262
18,simd-v0,56,1.521864
18,393435,56,1.103773
18,ours-406478,56,0.746265
18,simd-v0,57,1.513651
18,393435,57,1.103473
18,ours-406478,57,0.800456
18,KACTL,57,16.547149
18,393435,58,1.103883
18,ours-406478,58,0.744722
18,KACTL,58,16.484024
18,simd-v0,58,1.525068
18,ours-406478,59,0.748748
18,KACTL,59,16.507950
18,simd-v0,59,1.521664
18,393435,59,1.104595
18,KACTL,60,16.679729
18,simd-v0,60,1.514323
18,393435,60,1.104114
18,ours-406478,60,0.747056
18,simd-v0,61,1.521353
18,393435,61,1.103303
18,ours-406478,61,0.749670
18,KACTL,61,16.474069
18,393435,62,1.102041
18,ours-406478,62,0.744743
18,KACTL,62,16.485366
18,simd-v0,62,1.518268
18,ours-406478,63,0.744432
18,KACTL,63,16.497805
18,simd-v0,63,1.515504
18,393435,63,1.108591
18,KACTL,64,16.501520
18,simd-v0,64,1.513881
18,393435,64,1.110133
18,ours-406478,64,0.738593
18,simd-v0,65,1.523927
18,393435,65,1.104735
18,ours-406478,65,0.744882
18,KACTL,65,16.494039
18,393435,66,1.110825
18,ours-406478,66,0.738182
18,KACTL,66,16.537425
18,simd-v0,66,1.523876
18,ours-406478,67,0.739004
18,KACTL,67,16.495150
18,simd-v0,67,1.513941
18,393435,67,1.111425
18,KACTL,68,16.463422
18,simd-v0,68,1.527162
18,393435,68,1.101621
18,ours-406478,68,0.746115
18,simd-v0,69,1.517948
18,393435,69,1.103954
18,ours-406478,69,0.749430
18,KACTL,69,16.495601
18,393435,70,1.102592
18,ours-406478,70,0.744332
18,KACTL,70,16.482021
18,simd-v0,70,1.522675
18,ours-406478,71,0.738213
18,KACTL,71,16.536933
18,simd-v0,71,1.520081
18,393435,71,1.112627
18,KACTL,72,16.544886
18,simd-v0,72,1.519169
18,393435,72,1.103123
18,ours-406478,72,0.747818
18,simd-v0,73,1.517947
18,393435,73,1.108661
18,ours-406478,73,0.737802
18,KACTL,73,16.495311
18,393435,74,1.103804
18,ours-406478,74,0.744643
18,KACTL,74,16.497925
18,simd-v0,74,1.523676
19,KACTL,0,36.625369
19,simd-v0,0,3.265091
19,393435,0,2.256611
19,ours-406478,0,1.601404
19,simd-v0,1,3.225691
19,393435,1,2.256301
19,ours-406478,1,1.575314
19,KACTL,1,35.868669
19,393435,2,2.310322
19,ours-406478,2,1.578939
19,KACTL,2,35.603940
19,simd-v0,2,3.249007
19,ours-406478,3,1.584599
19,KACTL,3,35.620295
19,simd-v0,3,3.228486
19,393435,3,2.241669
19,KACTL,4,35.622288
19,simd-v0,4,3.215236
19,393435,4,2.247578
19,ours-406478,4,1.593512
19,simd-v0,5,3.240333
19,393435,5,2.238464
19,ours-406478,5,1.586681
19,KACTL,5,35.719043
19,393435,6,2.233536
19,ours-406478,6,1.582766
19,KACTL,6,35.538601
19,simd-v0,6,3.228105
19,ours-406478,7,1.584528
19,KACTL,7,35.665784
19,simd-v0,7,3.218150
19,393435,7,2.250411
19,KACTL,8,35.618102
19,simd-v0,8,3.212722
19,393435,8,2.245063
19,ours-406478,8,1.595885
19,simd-v0,9,3.210058
19,393435,9,2.236772
19,ours-406478,9,1.590307
19,KACTL,9,35.729820
19,393435,10,2.251884
19,ours-406478,10,1.590688
19,KACTL,10,35.674576
19,simd-v0,10,3.245531
19,ours-406478,11,1.586111
19,KACTL,11,35.567025
19,simd-v0,11,3.270229
19,393435,11,2.256301
19,KACTL,12,35.570380
19,simd-v0,12,3.225291
19,393435,12,2.232665
19,ours-406478,12,1.596176
19,simd-v0,13,3.231360
19,393435,13,2.237562
19,ours-406478,13,1.567432
19,KACTL,13,35.728487
19,393435,14,2.245394
19,ours-406478,14,1.574764
19,KACTL,14,35.621596
19,simd-v0,14,3.233854
19,ours-406478,15,1.583997
19,KACTL,15,35.620856
19,simd-v0,15,3.212592
19,393435,15,2.261298
19,KACTL,16,35.877482
19,simd-v0,16,3.244499
19,393435,16,2.246716
19,ours-406478,16,1.591889
19,simd-v0,17,3.214044
19,393435,17,2.228789
19,ours-406478,17,1.575514
19,KACTL,17,35.678833
19,393435,18,2.231192
19,ours-406478,18,1.579350
19,KACTL,18,35.511661
19,simd-v0,18,3.240554
19,ours-406478,19,1.584107
19,KACTL,19,35.795309
19,simd-v0,19,3.228395
19,393435,19,2.276070
19,KACTL,20,35.673866
19,simd-v0,20,3.225641
19,393435,20,2.239045
19,ours-406478,20,1.592880
19,simd-v0,21,3.214044
19,393435,21,2.236270
19,ours-406478,21,1.579040
19,KACTL,21,35.858053
19,393435,22,2.243201
19,ours-406478,22,1.574954
19,KACTL,22,35.572884
19,simd-v0,22,3.235486
19,ours-406478,23,1.577027
19,KACTL,23,35.606494
19,simd-v0,23,3.219633
19,393435,23,2.249901
19,KACTL,24,35.559353
19,simd-v0,24,3.211360
19,393435,24,2.231804
19,ours-406478,24,1.604768
19,simd-v0,25,3.213934
19,393435,25,2.233717
19,ours-406478,25,1.566441
19,KACTL,25,35.755438
19,393435,26,2.252244
19,ours-406478,26,1.585269
19,KACTL,26,35.574085
19,simd-v0,26,3.230449
19,ours-406478,27,1.585600
19,KACTL,27,35.622728
19,simd-v0,27,3.206854
19,393435,27,2.244623
19,KACTL,28,35.622879
19,simd-v0,28,3.217189
19,393435,28,2.233226
19,ours-406478,28,1.597297
19,simd-v0,29,3.206352
19,393435,29,2.227067
19,ours-406478,29,1.567232
19,KACTL,29,35.629098
19,393435,30,2.247968
19,ours-406478,30,1.574042
19,KACTL,30,35.559322
19,simd-v0,30,3.230098
19,ours-406478,31,1.587302
19,KACTL,31,35.659244
19,simd-v0,31,3.210960
19,393435,31,2.247337
19,KACTL,32,35.594776
19,simd-v0,32,3.220383
19,393435,32,2.265444
19,ours-406478,32,1.586722
19,simd-v0,33,3.204520
19,393435,33,2.285455
19,ours-406478,33,1.587062
19,KACTL,33,35.681417
19,393435,34,2.231904
19,ours-406478,34,1.580032
19,KACTL,34,35.570279
19,simd-v0,34,3.272973
20,KACTL,0,83.926278
20,simd-v0,0,6.732517
20,393435,0,4.921848
20,ours-406478,0,3.381146
20,simd-v0,1,6.717464
20,393435,1,4.928549
20,ours-406478,1,3.383470
20,KACTL,1,80.102676
20,393435,2,4.921427
20,ours-406478,2,3.376008
20,KACTL,2,83.998508
20,simd-v0,2,6.732667
20,ours-406478,3,3.386203
20,KACTL,3,79.997238
20,simd-v0,3,6.701711
20,393435,3,4.939003
20,KACTL,4,83.715531
20,simd-v0,4,6.700278
20,393435,4,4.919514
20,ours-406478,4,3.368256
20,simd-v0,5,6.696302
20,393435,5,4.929078
20,ours-406478,5,3.375888
20,KACTL,5,79.982465
20,393435,6,4.953345
20,ours-406478,6,3.368567
20,KACTL,6,83.909704
20,simd-v0,6,6.716563
20,ours-406478,7,3.398032
20,KACTL,7,80.120202
20,simd-v0,7,6.733629
20,393435,7,4.980837
20,KACTL,8,83.727018
20,simd-v0,8,6.695231
20,393435,8,4.925823
20,ours-406478,8,3.374096
20,simd-v0,9,6.720779
20,393435,9,4.928378
20,ours-406478,9,3.374366
20,KACTL,9,79.741292
20,393435,10,4.904241
20,ours-406478,10,3.347134
20,KACTL,10,83.780708
20,simd-v0,10,6.743242
20,ours-406478,11,3.403088
20,KACTL,11,80.028238
20,simd-v0,11,6.712687
20,393435,11,4.919454
20,KACTL,12,83.869286
20,simd-v0,12,6.718856
20,393435,12,4.899434
20,ours-406478,12,3.387485
20,simd-v0,13,6.706647
20,393435,13,4.924932
20,ours-406478,13,3.423069
20,KACTL,13,79.944973
20,393435,14,4.933856
20,ours-406478,14,3.354085
20,KACTL,14,83.763107
20,simd-v0,14,6.728490
21,KACTL,0,171.896859
21,simd-v0,0,13.926888
21,393435,0,9.853940
21,ours-406478,0,7.042623
21,simd-v0,1,13.874339
21,393435,1,9.846279
21,ours-406478,1,7.036375
21,KACTL,1,171.529466
21,393435,2,9.878678
21,ours-406478,2,7.022013
21,KACTL,2,172.515743
21,simd-v0,2,13.937685
21,ours-406478,3,7.088603
21,KACTL,3,171.172639
21,simd-v0,3,13.864654
21,393435,3,9.860600
21,KACTL,4,172.243322
21,simd-v0,4,13.880879
21,393435,4,9.850425
21,ours-406478,4,7.010656
21,simd-v0,5,13.978567
21,393435,5,9.849394
21,ours-406478,5,7.001622
21,KACTL,5,171.819162
21,393435,6,9.905649
21,ours-406478,6,7.012438
21,KACTL,6,172.502773
21,simd-v0,6,13.919458
21,ours-406478,7,7.008733
21,KACTL,7,171.320251
21,simd-v0,7,14.122964
21,393435,7,9.894051
21,KACTL,8,172.065534
21,simd-v0,8,13.858335
21,393435,8,9.878577
21,ours-406478,8,7.068292
21,simd-v0,9,13.913999
21,393435,9,9.873991
21,ours-406478,9,7.006219
21,KACTL,9,171.569476
21,393435,10,9.961964
21,ours-406478,10,7.114993
21,KACTL,10,172.319777
21,simd-v0,10,13.962052
22,KACTL,0,358.013880
22,simd-v0,0,29.252045
22,393435,0,21.453823
22,ours-406478,0,15.119936
22,simd-v0,1,29.247739
22,393435,1,21.543717
22,ours-406478,1,15.104283
22,KACTL,1,356.815093
22,393435,2,21.566813
22,ours-406478,2,15.073787
22,KACTL,2,358.213040
22,simd-v0,2,29.367969
22,ours-406478,3,15.154058
22,KACTL,3,357.595981
22,simd-v0,3,29.395361
22,393435,3,21.615737
22,KACTL,4,359.445127
22,simd-v0,4,29.417274
22,393435,4,21.633873
22,ours-406478,4,15.150833
22,simd-v0,5,29.272786
22,393435,5,21.539742
22,ours-406478,5,15.144794
22,KACTL,5,357.191781
22,393435,6,21.564880
22,ours-406478,6,15.086416
22,KACTL,6,358.558161
22,simd-v0,6,29.312676
22,ours-406478,7,15.179336
22,KACTL,7,361.370528
22,simd-v0,7,42.417096
22,393435,7,36.291135
22,KACTL,8,357.660558
22,simd-v0,8,29.319528
22,393435,8,21.456557
22,ours-406478,8,15.131906
22,simd-v0,9,29.264245
22,393435,9,21.535447
22,ours-406478,9,15.174330
22,KACTL,9,355.938863
22,393435,10,21.717771
22,ours-406478,10,15.135631
22,KACTL,10,358.802409
22,simd-v0,10,29.338136
